RootKind	RootId	RootCommanders	RootCompleteness	RootManualFallback	FromKind	FromId	RefKind	RefId	Field	Resolution	Source	Depth	Via
ability	AbathurDeepTunnel	Abathur	ability-with-chain	no	ability	AbathurDeepTunnel	requirement	HaveAbathurImpalerDeepTunnel	Requirements	official-reference	游戏数据/官方SC2原始文本镜像/mods/starcoop/starcoop.sc2mod/base.sc2data/gamedata/requirementdata.xml	1	ability:AbathurDeepTunnel
ability	AbathurDeepTunnel	Abathur	ability-with-chain	no	ability	AbathurDeepTunnel	effect	AbathurDeepTunnelCU	Effect	official-reference	游戏数据/官方SC2原始文本镜像/mods/starcoop/starcoop.sc2mod/base.sc2data/gamedata/effectdata.xml	1	ability:AbathurDeepTunnel
ability	AbathurDeepTunnelImproved	Abathur	ability-with-chain	no	ability	AbathurDeepTunnelImproved	requirement	HaveAbathurImpalerDeepTunnelImproved	Requirements	official-reference	游戏数据/官方SC2原始文本镜像/mods/starcoop/starcoop.sc2mod/base.sc2data/gamedata/requirementdata.xml	1	ability:AbathurDeepTunnelImproved
ability	AbathurDeepTunnelImproved	Abathur	ability-with-chain	no	ability	AbathurDeepTunnelImproved	effect	AbathurDeepTunnelCU	Effect	official-reference	游戏数据/官方SC2原始文本镜像/mods/starcoop/starcoop.sc2mod/base.sc2data/gamedata/effectdata.xml	1	ability:AbathurDeepTunnelImproved
ability	AdvancedConstructionAuto	Swann	ability-minimal	no	ability	AdvancedConstructionAuto	requirement	HaveAdvancedConstruction	Requirements	official-reference	游戏数据/官方SC2原始文本镜像/mods/starcoop/starcoop.sc2mod/base.sc2data/gamedata/requirementdata.xml	1	ability:AdvancedConstructionAuto
ability	AlarakACSummonDeathfleetTarget	Alarak	ability-with-chain	no	effect	AlarakACSummonDeathFleetInitialSet	validator	HasVision	Validator	official-reference	游戏数据/官方SC2原始文本镜像/mods/liberty.sc2mod/base.sc2data/gamedata/validatordata.xml	2	ability:AlarakACSummonDeathfleetTarget -> effect:AlarakACSummonDeathFleetInitialSet
ability	AlarakACSummonDeathfleetTarget	Alarak	ability-with-chain	no	effect	AlarakACSummonDeathFleetInitialSet	effect	DeathFleetClearOldUnits	Effect	official-reference	游戏数据/官方SC2原始文本镜像/mods/starcoop/starcoop.sc2mod/base.sc2data/gamedata/effectdata.xml	2	ability:AlarakACSummonDeathfleetTarget -> effect:AlarakACSummonDeathFleetInitialSet
ability	AlarakACSummonDeathfleetTarget	Alarak	ability-with-chain	no	unit	SOAMothershipv4	ability	AlarakMothershipMassRecall	AbilArray.Link	official-reference	游戏数据/官方SC2原始文本镜像/mods/starcoop/starcoop.sc2mod/base.sc2data/gamedata/abildata.xml	2	ability:AlarakACSummonDeathfleetTarget -> unit:SOAMothershipv4
ability	AlarakACSummonDeathfleetTarget	Alarak	ability-with-chain	no	unit	SOAMothershipv4	ability	AlarakACSoAMothershipV4BlackHole	AbilArray.Link	official-reference	游戏数据/官方SC2原始文本镜像/mods/starcoop/starcoop.sc2mod/base.sc2data/gamedata/abildata.xml	2	ability:AlarakACSummonDeathfleetTarget -> unit:SOAMothershipv4
ability	AlarakACSummonDeathfleetTarget	Alarak	ability-with-chain	no	unit	SOAMothershipv4	ability	AlarakMothershipWarpTrain	AbilArray.Link	official-reference	游戏数据/官方SC2原始文本镜像/mods/starcoop/starcoop.sc2mod/base.sc2data/gamedata/abildata.xml	2	ability:AlarakACSummonDeathfleetTarget -> unit:SOAMothershipv4
ability	AlarakACSummonDeathfleetTarget	Alarak	ability-with-chain	no	unit	SOAMothershipv4	behavior	CommanderPrestigeAlarakDeathFleetPowerSource	BehaviorArray	official-reference	游戏数据/官方SC2原始文本镜像/mods/starcoop/starcoop.sc2mod/base.sc2data/gamedata/behaviordata.xml	2	ability:AlarakACSummonDeathfleetTarget -> unit:SOAMothershipv4
ability	AlarakACSummonDeathfleetTarget	Alarak	ability-with-chain	no	unit	SOAMothershipv4	weapon	SOAMothershipLineAttack	WeaponArray.Link	official-reference	游戏数据/官方SC2原始文本镜像/mods/starcoop/starcoop.sc2mod/base.sc2data/gamedata/weapondata.xml	2	ability:AlarakACSummonDeathfleetTarget -> unit:SOAMothershipv4
ability	AlarakACSummonDeathfleetTarget	Alarak	ability-with-chain	no	unit	SOAMothershipv4	ability	SOAMothershipLineAttack	AbilCmd	official-reference	游戏数据/官方SC2原始文本镜像/mods/starcoop/starcoop.sc2mod/base.sc2data/gamedata/abildata.xml	2	ability:AlarakACSummonDeathfleetTarget -> unit:SOAMothershipv4
ability	AlarakACSummonDeathfleetTarget	Alarak	ability-with-chain	no	unit	SOAMothershipv4	ability	AlarakMothershipMassRecall	AbilCmd	official-reference	游戏数据/官方SC2原始文本镜像/mods/starcoop/starcoop.sc2mod/base.sc2data/gamedata/abildata.xml	2	ability:AlarakACSummonDeathfleetTarget -> unit:SOAMothershipv4
ability	AlarakACSummonDeathfleetTarget	Alarak	ability-with-chain	no	unit	SOAMothershipv4	ability	AlarakMothershipWarpTrain	AbilCmd	official-reference	游戏数据/官方SC2原始文本镜像/mods/starcoop/starcoop.sc2mod/base.sc2data/gamedata/abildata.xml	2	ability:AlarakACSummonDeathfleetTarget -> unit:SOAMothershipv4
ability	AlarakACSummonDeathfleetTarget	Alarak	ability-with-chain	no	unit	SOAMothershipv4	button	SOAMothershipLineAttack	Face	official-reference	游戏数据/官方SC2原始文本镜像/campaigns/void.sc2campaign/base.sc2data/gamedata/buttondata.xml	2	ability:AlarakACSummonDeathfleetTarget -> unit:SOAMothershipv4
ability	AlarakACSummonDeathfleetTarget	Alarak	ability-with-chain	no	unit	SOAMothershipv4	button	AlarakMothershipMassTeleport	Face	xm-dependency	原始mod/Mods/XM/XMAlarak.SC2Mod/Base.SC2Data/GameData/ButtonData.xml	2	ability:AlarakACSummonDeathfleetTarget -> unit:SOAMothershipv4
ability	AlarakACSummonDeathfleetTarget	Alarak	ability-with-chain	no	unit	SOAMothershipv4	button	AlarakSOAMothershipLineAttackLocked	Face	official-reference	游戏数据/官方SC2原始文本镜像/mods/starcoop/starcoop.sc2mod/base.sc2data/gamedata/buttondata.xml	2	ability:AlarakACSummonDeathfleetTarget -> unit:SOAMothershipv4
ability	AlarakACSummonDeathfleetTarget	Alarak	ability-with-chain	no	unit	SOAMothershipv4	button	VoidRayTaldarim	Face	official-reference	游戏数据/官方SC2原始文本镜像/campaigns/void.sc2campaign/base.sc2data/gamedata/buttondata.xml	2	ability:AlarakACSummonDeathfleetTarget -> unit:SOAMothershipv4
ability	AlarakACSummonDeathfleetTarget	Alarak	ability-with-chain	no	unit	SOAMothershipv4	requirement	HaveAlarakCommander	Requirements	official-reference	游戏数据/官方SC2原始文本镜像/mods/starcoop/starcoop.sc2mod/base.sc2data/gamedata/requirementdata.xml	2	ability:AlarakACSummonDeathfleetTarget -> unit:SOAMothershipv4
ability	AlarakACSummonDeathfleetTarget	Alarak	ability-with-chain	no	effect	AlarakACSummonDeathfleet	validator	HasVision	Validator	official-reference	游戏数据/官方SC2原始文本镜像/mods/liberty.sc2mod/base.sc2data/gamedata/validatordata.xml	3	ability:AlarakACSummonDeathfleetTarget -> effect:AlarakACSummonDeathFleetInitialSet -> effect:AlarakACSummonDeathfleet
ability	AlarakACSummonDeathfleetTarget	Alarak	ability-with-chain	no	behavior	AllUnitBehaviorController	effect	AllUnitBehaviorControllerSet	Effect	official-reference	游戏数据/官方SC2原始文本镜像/mods/starcoop/starcoop.sc2mod/base.sc2data/gamedata/effectdata.xml	3	ability:AlarakACSummonDeathfleetTarget -> unit:SOAMothershipv4 -> behavior:AllUnitBehaviorController
ability	AlarakStructureOvercharge	Alarak	ability-with-chain	no	effect	AlarakStructureOverchargeSet	validator	NotCreepTumor	Validator	official-reference	游戏数据/官方SC2原始文本镜像/mods/starcoop/starcoop.sc2mod/base.sc2data/gamedata/validatordata.xml	2	ability:AlarakStructureOvercharge -> effect:AlarakStructureOverchargeSet
ability	AlarakStructureOvercharge	Alarak	ability-with-chain	no	effect	AlarakStructureOverchargeSet	validator	NotCreepTumorBurrowed	Validator	official-reference	游戏数据/官方SC2原始文本镜像/mods/starcoop/starcoop.sc2mod/base.sc2data/gamedata/validatordata.xml	2	ability:AlarakStructureOvercharge -> effect:AlarakStructureOverchargeSet
ability	AlarakStructureOvercharge	Alarak	ability-with-chain	no	effect	AlarakStructureOverchargeSet	validator	NotCreepTumorUsed	Validator	official-reference	游戏数据/官方SC2原始文本镜像/mods/starcoop/starcoop.sc2mod/base.sc2data/gamedata/validatordata.xml	2	ability:AlarakStructureOvercharge -> effect:AlarakStructureOverchargeSet
ability	AlarakStructureOvercharge	Alarak	ability-with-chain	no	effect	AlarakStructureOverchargeSet	validator	NotToxicNest	Validator	official-reference	游戏数据/官方SC2原始文本镜像/mods/starcoop/starcoop.sc2mod/base.sc2data/gamedata/validatordata.xml	2	ability:AlarakStructureOvercharge -> effect:AlarakStructureOverchargeSet
ability	AlarakStructureOvercharge	Alarak	ability-with-chain	no	effect	AlarakStructureOverchargeSet	validator	NotToxicNestBurrowed	Validator	official-reference	游戏数据/官方SC2原始文本镜像/mods/starcoop/starcoop.sc2mod/base.sc2data/gamedata/validatordata.xml	2	ability:AlarakStructureOvercharge -> effect:AlarakStructureOverchargeSet
ability	AlarakStructureOvercharge	Alarak	ability-with-chain	no	effect	AlarakStructureOverchargeSet	validator	TargetNotSummonedUnit	Validator	official-reference	游戏数据/官方SC2原始文本镜像/mods/starcoop/starcoop.sc2mod/base.sc2data/gamedata/validatordata.xml	2	ability:AlarakStructureOvercharge -> effect:AlarakStructureOverchargeSet
ability	AlarakStructureOvercharge	Alarak	ability-with-chain	no	effect	AlarakStructureOverchargeSet	validator	NotSpiderMineBurrowed	Validator	official-reference	游戏数据/官方SC2原始文本镜像/campaigns/liberty.sc2campaign/base.sc2data/gamedata/validatordata.xml	2	ability:AlarakStructureOvercharge -> effect:AlarakStructureOverchargeSet
ability	AlarakStructureOvercharge	Alarak	ability-with-chain	no	effect	AlarakStructureOverchargeSet	effect	AlarakStructureOverchargeAB	Effect	official-reference	游戏数据/官方SC2原始文本镜像/mods/starcoop/starcoop.sc2mod/base.sc2data/gamedata/effectdata.xml	2	ability:AlarakStructureOvercharge -> effect:AlarakStructureOverchargeSet
ability	AlarakStructureOvercharge	Alarak	ability-with-chain	no	effect	AlarakStructureOverchargeSet	effect	AlarakStructureOverchargeShieldAB	Effect	official-reference	游戏数据/官方SC2原始文本镜像/mods/starcoop/starcoop.sc2mod/base.sc2data/gamedata/effectdata.xml	2	ability:AlarakStructureOvercharge -> effect:AlarakStructureOverchargeSet
ability	ArchonWarp	Artanis	ability-minimal	no	ability	ArchonWarp	requirement	NotHaveDarkArchonMindControl	Requirements	official-reference	游戏数据/官方SC2原始文本镜像/mods/starcoop/starcoop.sc2mod/base.sc2data/gamedata/requirementdata.xml	1	ability:ArchonWarp
ability	AscendantSacrificeInstant	Alarak	ability-with-chain	no	ability	AscendantSacrificeInstant	button	AscendantSacrifice	DefaultButtonFace	official-reference	游戏数据/官方SC2原始文本镜像/campaigns/void.sc2campaign/base.sc2data/gamedata/buttondata.xml	1	ability:AscendantSacrificeInstant
ability	AscendantSacrificeInstant	Alarak	ability-with-chain	no	ability	AscendantSacrificeInstant	validator	AscendantSacrificeCasterEnergyLE100	Validator	official-reference	游戏数据/官方SC2原始文本镜像/mods/starcoop/starcoop.sc2mod/base.sc2data/gamedata/validatordata.xml	1	ability:AscendantSacrificeInstant
ability	AscendantSacrificeInstant	Alarak	ability-with-chain	no	ability	AscendantSacrificeInstant	effect	AscendantSacrificeSearch	Effect	official-reference	游戏数据/官方SC2原始文本镜像/mods/starcoop/starcoop.sc2mod/base.sc2data/gamedata/effectdata.xml	1	ability:AscendantSacrificeInstant
ability	AssaultModeMengsk	Mengsk	ability-with-chain	no	ability	AssaultModeMengsk	effect	VikingMengskGroundAttackDamage	Effect	xm-dependency	原始mod/Mods/XM/XMMengsk.SC2Mod/Base.SC2Data/GameData/EffectData.xml	1	ability:AssaultModeMengsk
ability	AssaultModeMengsk	Mengsk	ability-with-chain	no	ability	AssaultModeMengsk	effect	VikingMengskWeaponChange	Effect	xm-dependency	原始mod/Mods/XM/XMMengsk.SC2Mod/Base.SC2Data/GameData/EffectData.xml	1	ability:AssaultModeMengsk
ability	AssaultModeMengsk	Mengsk	ability-with-chain	no	ability	AssaultModeMengsk	unit	VikingMengskAssault	UnitAttr	xm-dependency	原始mod/Mods/XM/XMMengsk.SC2Mod/Base.SC2Data/GameData/UnitData.xml	1	ability:AssaultModeMengsk
ability	BanelingStetmannExplode	Stetmann	ability-with-chain	no	ability	BanelingStetmannExplode	effect	BanelingStetmannExplodeAbilitySwitch	Effect	official-reference	游戏数据/官方SC2原始文本镜像/mods/starcoop/commanders/egonstetmann.sc2mod/base.sc2data/gamedata/effectdata.xml	1	ability:BanelingStetmannExplode
ability	BanelingStetmannExplode	Stetmann	ability-with-chain	no	ability	BanelingStetmannExplode	effect	Explode	Effect	cross-kind-reference	原始mod/Mods/XM/XMFinal.SC2Mod/Base.SC2Data/GameData/AbilData.xml	1	ability:BanelingStetmannExplode
ability	BanelingStetmannJump	Stetmann	ability-minimal	no	ability	BanelingStetmannJump	requirement	HaveBanelingStetmannMovementSpeed	Requirements	xm-dependency	原始mod/Mods/XM/XMStetmann.SC2Mod/Base.SC2Data/GameData/requirementdata.xml	1	ability:BanelingStetmannJump
ability	BanelingStetmannJump	Stetmann	ability-minimal	no	ability	BanelingStetmannJump	validator	CasterNotHoldingPosition	Validator	official-reference	游戏数据/官方SC2原始文本镜像/mods/liberty.sc2mod/base.sc2data/gamedata/validatordata.xml	1	ability:BanelingStetmannJump
ability	Banshee_BlackOpsAirstrike	Nova	ability-with-chain	no	ability	Banshee_BlackOpsAirstrike	requirement	HaveBansheeAirstrike	Requirements	official-reference	游戏数据/官方SC2原始文本镜像/mods/starcoop/starcoop.sc2mod/base.sc2data/gamedata/requirementdata.xml	1	ability:Banshee_BlackOpsAirstrike
ability	Banshee_BlackOpsAirstrike	Nova	ability-with-chain	no	ability	Banshee_BlackOpsAirstrike	validator	BlackOpsAirstrikeMinimum3EnemyTargets	Validator	xm-dependency	原始mod/Mods/XM/XMNova.SC2Mod/Base.SC2Data/GameData/ValidatorData.xml	1	ability:Banshee_BlackOpsAirstrike
ability	Banshee_BlackOpsAirstrike	Nova	ability-with-chain	no	ability	Banshee_BlackOpsAirstrike	effect	Banshee_BlackOpsAirstrikeSet	Effect	xm-dependency	原始mod/Mods/XM/XMNova.SC2Mod/Base.SC2Data/GameData/EffectData.xml	1	ability:Banshee_BlackOpsAirstrike
ability	Banshee_BlackOpsAirstrike	Nova	ability-with-chain	no	ability	Banshee_BlackOpsAirstrike	effect	Banshee_BlackOpsAirstrikeSearch	Effect	xm-dependency	原始mod/Mods/XM/XMNova.SC2Mod/Base.SC2Data/GameData/EffectData.xml	1	ability:Banshee_BlackOpsAirstrike
ability	BansheeAirstrike	Raynor	ability-minimal	no	effect	BansheeAirstrikeSearch	effect	BansheeAirstrikeDamage	EffectAttr	official-reference	游戏数据/官方SC2原始文本镜像/mods/starcoop/starcoop.sc2mod/base.sc2data/gamedata/effectdata.xml	2	ability:BansheeAirstrike -> effect:BansheeAirstrikeSearch
ability	BattlecruiserMengskHyperjump	Mengsk	ability-with-chain	no	ability	BattlecruiserMengskHyperjump	requirement	HaveMengskVeterancyBattlecruiserMengskLevel1	Requirements	xm-dependency	原始mod/Mods/XM/XMMengsk.SC2Mod/Base.SC2Data/GameData/RequirementData.xml	1	ability:BattlecruiserMengskHyperjump
ability	BattlecruiserMengskHyperjump	Mengsk	ability-with-chain	no	ability	BattlecruiserMengskHyperjump	effect	HyperjumpMengskCreatePrecursor	Effect	xm-dependency	原始mod/Mods/XM/XMMengsk.SC2Mod/Base.SC2Data/GameData/EffectData.xml	1	ability:BattlecruiserMengskHyperjump
ability	BattlecruiserMengskYamato	Mengsk	ability-with-chain	no	ability	BattlecruiserMengskYamato	requirement	HaveMengskVeterancyBattlecruiserMengskLevel1	Requirements	xm-dependency	原始mod/Mods/XM/XMMengsk.SC2Mod/Base.SC2Data/GameData/RequirementData.xml	1	ability:BattlecruiserMengskYamato
ability	BattlecruiserMengskYamato	Mengsk	ability-with-chain	no	ability	BattlecruiserMengskYamato	effect	BattlecruiserMengskYamatoLevelSwitch	Effect	xm-dependency	原始mod/Mods/XM/XMMengsk.SC2Mod/Base.SC2Data/GameData/EffectData.xml	1	ability:BattlecruiserMengskYamato
ability	BattlecruiserMengskYamato	Mengsk	ability-with-chain	no	ability	BattlecruiserMengskYamato	effect	Yamato	Effect	official-reference	游戏数据/官方SC2原始文本镜像/mods/liberty.sc2mod/base.sc2data/gamedata/effectdata.xml	1	ability:BattlecruiserMengskYamato
ability	Blink	Alarak,Vorazun	ability-minimal	no	ability	Blink	requirement	UseBlink	Requirements	official-reference	游戏数据/官方SC2原始文本镜像/mods/liberty.sc2mod/base.sc2data/gamedata/requirementdata.xml	1	ability:Blink
ability	BlinkSlayer	Alarak,Vorazun	ability-with-chain	no	ability	BlinkSlayer	requirement	UseBlinkSlayer	Requirements	official-reference	游戏数据/官方SC2原始文本镜像/mods/starcoop/starcoop.sc2mod/base.sc2data/gamedata/requirementdata.xml	1	ability:BlinkSlayer
ability	BlinkSlayer	Alarak,Vorazun	ability-with-chain	no	ability	BlinkSlayer	effect	PhaseBlinkSet	Effect	official-reference	游戏数据/官方SC2原始文本镜像/mods/starcoop/starcoop.sc2mod/base.sc2data/gamedata/effectdata.xml	1	ability:BlinkSlayer
ability	BroodLordStetmannBomberMagazine	Stetmann	ability-with-chain	no	ability	BroodLordStetmannBomberMagazine	requirement	BroodLordStetmannBuildBomber	Requirements	xm-dependency	原始mod/Mods/XM/XMStetmann.SC2Mod/Base.SC2Data/GameData/requirementdata.xml	1	ability:BroodLordStetmannBomberMagazine
ability	BroodLordStetmannBomberMagazine	Stetmann	ability-with-chain	no	ability	BroodLordStetmannBomberMagazine	effect	BroodLordStetmannInterceptorCreate	Effect	xm-dependency	原始mod/Mods/XM/XMStetmann.SC2Mod/Base.SC2Data/GameData/effectdata.xml	1	ability:BroodLordStetmannBomberMagazine
ability	BroodLordStetmannBomberMagazine	Stetmann	ability-with-chain	no	ability	BroodLordStetmannBomberMagazine	effect	InterceptorFate	Effect	missing		1	ability:BroodLordStetmannBomberMagazine
ability	BroodLordStetmannBomberMagazine	Stetmann	ability-with-chain	no	ability	BroodLordStetmannBomberMagazine	unit	InterceptorStetmann	UnitAttr	xm-dependency	原始mod/Mods/XM/XMStetmann.SC2Mod/Base.SC2Data/GameData/unitdata.xml	1	ability:BroodLordStetmannBomberMagazine
ability	BroodLordStetmannBroodlingEscortArmAugment	Stetmann	ability-with-chain	no	ability	BroodLordStetmannBroodlingEscortArmAugment	requirement	ArmBroodlingEscortStetmann	Requirements	xm-dependency	原始mod/Mods/XM/XMStetmann.SC2Mod/Base.SC2Data/GameData/requirementdata.xml	1	ability:BroodLordStetmannBroodlingEscortArmAugment
ability	BroodLordStetmannBroodlingEscortArmAugment	Stetmann	ability-with-chain	no	ability	BroodLordStetmannBroodlingEscortArmAugment	validator	BroodLordStetmannBroodlingArmAutoCastOn	Validator	xm-dependency	原始mod/Mods/XM/XMStetmann.SC2Mod/Base.SC2Data/GameData/validatordata.xml	1	ability:BroodLordStetmannBroodlingEscortArmAugment
ability	BroodLordStetmannBroodlingEscortArmAugment	Stetmann	ability-with-chain	no	ability	BroodLordStetmannBroodlingEscortArmAugment	effect	BroodLordStetmannBroodlingEscortArmDelay	Effect	official-reference	游戏数据/官方SC2原始文本镜像/mods/starcoop/commanders/egonstetmann.sc2mod/base.sc2data/gamedata/effectdata.xml	1	ability:BroodLordStetmannBroodlingEscortArmAugment
ability	BroodLordStetmannYamatoGun	Stetmann	ability-with-chain	no	ability	BroodLordStetmannYamatoGun	requirement	BroodLordStetmannYamato	Requirements	xm-dependency	原始mod/Mods/XM/XMStetmann.SC2Mod/Base.SC2Data/GameData/requirementdata.xml	1	ability:BroodLordStetmannYamatoGun
ability	BroodLordStetmannYamatoGun	Stetmann	ability-with-chain	no	ability	BroodLordStetmannYamatoGun	effect	BroodLordStetmannYamatoMissile	Effect	xm-dependency	原始mod/Mods/XM/XMStetmann.SC2Mod/Base.SC2Data/GameData/effectdata.xml	1	ability:BroodLordStetmannYamatoGun
ability	BroodLordStetmannYamatoGun	Stetmann	ability-with-chain	no	ability	BroodLordStetmannYamatoGun	effect	Yamato	Effect	official-reference	游戏数据/官方SC2原始文本镜像/mods/liberty.sc2mod/base.sc2data/gamedata/effectdata.xml	1	ability:BroodLordStetmannYamatoGun
ability	BrutaliskDeepTunnel	Abathur	ability-with-chain	no	ability	BrutaliskDeepTunnel	effect	BrutaliskDeepTunnelCU	Effect	official-reference	游戏数据/官方SC2原始文本镜像/mods/starcoop/starcoop.sc2mod/base.sc2data/gamedata/effectdata.xml	1	ability:BrutaliskDeepTunnel
ability	BuildAutoTurret_BlackOps	Nova	ability-with-chain	no	ability	BuildAutoTurret_BlackOps	button	AutoTurret_BlackOps	DefaultButtonFace	xm-dependency	原始mod/Mods/XM/XMNova.SC2Mod/Base.SC2Data/GameData/ButtonData.xml	1	ability:BuildAutoTurret_BlackOps
ability	BuildAutoTurret_BlackOps	Nova	ability-with-chain	no	ability	BuildAutoTurret_BlackOps	effect	AutoTurret_BlackOpsRelease	Effect	xm-dependency	原始mod/Mods/XM/XMNova.SC2Mod/Base.SC2Data/GameData/EffectData.xml	1	ability:BuildAutoTurret_BlackOps
ability	BuildAutoTurret_BlackOps	Nova	ability-with-chain	no	ability	BuildAutoTurret_BlackOps	effect	AutoTurret_BlackOps	Effect	xm-dependency	原始mod/Mods/XM/XMNova.SC2Mod/Base.SC2Data/GameData/EffectData.xml	1	ability:BuildAutoTurret_BlackOps
ability	BuildAutoTurret_BlackOps	Nova	ability-with-chain	no	ability	BuildAutoTurret_BlackOps	unit	NovaACLaserTurret	Unit	xm-dependency	原始mod/Mods/XM/XMNova.SC2Mod/Base.SC2Data/GameData/UnitData.xml	1	ability:BuildAutoTurret_BlackOps
ability	BurrowBanelingDownStetmann	Stetmann	ability-with-chain	no	ability	BurrowBanelingDownStetmann	unit	BanelingStetmannBurrowed	UnitAttr	xm-dependency	原始mod/Mods/XM/XMStetmann.SC2Mod/Base.SC2Data/GameData/unitdata.xml	1	ability:BurrowBanelingDownStetmann
ability	BurrowBrutaliskDown	Abathur	ability-with-chain	no	ability	BurrowBrutaliskDown	unit	BrutaliskBurrowed	UnitAttr	official-reference	游戏数据/官方SC2原始文本镜像/mods/starcoop/starcoop.sc2mod/base.sc2data/gamedata/unitdata.xml	1	ability:BurrowBrutaliskDown
ability	BurrowDehakaHydraliskLevel2Down	Dehaka	ability-with-chain	no	ability	BurrowDehakaHydraliskLevel2Down	unit	DehakaHydraliskLevel2Burrowed	UnitAttr	xm-dependency	原始mod/Mods/XM/XMDehaka.SC2Mod/Base.SC2Data/GameData/UnitData.xml	1	ability:BurrowDehakaHydraliskLevel2Down
ability	BurrowDehakaRavasaurDown	Dehaka	ability-with-chain	no	ability	BurrowDehakaRavasaurDown	unit	DehakaRavasaurBurrowed	UnitAttr	xm-dependency	原始mod/Mods/XM/XMDehaka.SC2Mod/Base.SC2Data/GameData/UnitData.xml	1	ability:BurrowDehakaRavasaurDown
ability	BurrowDehakaRoachLevel2Down	Dehaka	ability-with-chain	no	ability	BurrowDehakaRoachLevel2Down	unit	DehakaRoachLevel2Burrowed	UnitAttr	xm-dependency	原始mod/Mods/XM/XMDehaka.SC2Mod/Base.SC2Data/GameData/UnitData.xml	1	ability:BurrowDehakaRoachLevel2Down
ability	BurrowDehakaRoachLevel3Down	Dehaka	ability-with-chain	no	ability	BurrowDehakaRoachLevel3Down	unit	DehakaRoachLevel3Burrowed	UnitAttr	xm-dependency	原始mod/Mods/XM/XMDehaka.SC2Mod/Base.SC2Data/GameData/UnitData.xml	1	ability:BurrowDehakaRoachLevel3Down
ability	BurrowDehakaUltraliskLevel2Down	Dehaka	ability-with-chain	no	ability	BurrowDehakaUltraliskLevel2Down	unit	DehakaUltraliskLevel2Burrowed	UnitAttr	xm-dependency	原始mod/Mods/XM/XMDehaka.SC2Mod/Base.SC2Data/GameData/UnitData.xml	1	ability:BurrowDehakaUltraliskLevel2Down
ability	BurrowDehakaUltraliskLevel3Down	Dehaka	ability-with-chain	no	ability	BurrowDehakaUltraliskLevel3Down	unit	DehakaUltraliskLevel3Burrowed	UnitAttr	xm-dependency	原始mod/Mods/XM/XMDehaka.SC2Mod/Base.SC2Data/GameData/UnitData.xml	1	ability:BurrowDehakaUltraliskLevel3Down
ability	BurrowDehakaZerglingLevel2Down	Dehaka	ability-with-chain	no	ability	BurrowDehakaZerglingLevel2Down	unit	DehakaZerglingLevel2Burrowed	UnitAttr	xm-dependency	原始mod/Mods/XM/XMDehaka.SC2Mod/Base.SC2Data/GameData/UnitData.xml	1	ability:BurrowDehakaZerglingLevel2Down
ability	BurrowHydraliskDownStetmann	Stetmann	ability-with-chain	no	ability	BurrowHydraliskDownStetmann	unit	HydraliskStetmannBurrowed	UnitAttr	xm-dependency	原始mod/Mods/XM/XMStetmann.SC2Mod/Base.SC2Data/GameData/unitdata.xml	1	ability:BurrowHydraliskDownStetmann
ability	BurrowImpalerDehakaDown	Dehaka	ability-with-chain	no	ability	BurrowImpalerDehakaDown	unit	ImpalerDehakaBurrowed	UnitAttr	xm-dependency	原始mod/Mods/XM/XMDehaka.SC2Mod/Base.SC2Data/GameData/UnitData.xml	1	ability:BurrowImpalerDehakaDown
ability	BurrowInfestorDownStetmann	Stetmann	ability-with-chain	no	ability	BurrowInfestorDownStetmann	unit	InfestorStetmannBurrowed	UnitAttr	xm-dependency	原始mod/Mods/XM/XMStetmann.SC2Mod/Base.SC2Data/GameData/unitdata.xml	1	ability:BurrowInfestorDownStetmann
ability	BurrowLurkerDownStetmann	Stetmann	ability-with-chain	no	ability	BurrowLurkerDownStetmann	unit	LurkerStetmannBurrowed	UnitAttr	xm-dependency	原始mod/Mods/XM/XMStetmann.SC2Mod/Base.SC2Data/GameData/unitdata.xml	1	ability:BurrowLurkerDownStetmann
ability	BurrowLurkerUpStetmann	Stetmann	ability-with-chain	no	ability	BurrowLurkerUpStetmann	unit	LurkerStetmann	UnitAttr	xm-dependency	原始mod/Mods/XM/XMStetmann.SC2Mod/Base.SC2Data/GameData/unitdata.xml	1	ability:BurrowLurkerUpStetmann
ability	BurrowRavagerAbathurDown	Abathur	ability-with-chain	no	ability	BurrowRavagerAbathurDown	unit	RavagerAbathurBurrowed	UnitAttr	official-reference	游戏数据/官方SC2原始文本镜像/mods/starcoop/starcoop.sc2mod/base.sc2data/gamedata/unitdata.xml	1	ability:BurrowRavagerAbathurDown
ability	BurrowRavagerDownStetmann	Stetmann	ability-with-chain	no	ability	BurrowRavagerDownStetmann	unit	RavagerStetmannBurrowed	UnitAttr	xm-dependency	原始mod/Mods/XM/XMStetmann.SC2Mod/Base.SC2Data/GameData/unitdata.xml	1	ability:BurrowRavagerDownStetmann
ability	BurrowRoachDownStetmann	Stetmann	ability-with-chain	no	ability	BurrowRoachDownStetmann	unit	RoachStetmannBurrowed	UnitAttr	xm-dependency	原始mod/Mods/XM/XMStetmann.SC2Mod/Base.SC2Data/GameData/unitdata.xml	1	ability:BurrowRoachDownStetmann
ability	BurrowSIInfestedCivilianDown	Stukov	ability-with-chain	no	ability	BurrowSIInfestedCivilianDown	unit	SIInfestedCivilianBurrowed	UnitAttr	xm-dependency	原始mod/Mods/XM/XMStukov.SC2Mod/Base.SC2Data/GameData/UnitData.xml	1	ability:BurrowSIInfestedCivilianDown
ability	BurrowSIInfestedMarineDown	Stukov	ability-with-chain	no	ability	BurrowSIInfestedMarineDown	unit	SIInfestedMarineBurrowed	UnitAttr	xm-dependency	原始mod/Mods/XM/XMStukov.SC2Mod/Base.SC2Data/GameData/UnitData.xml	1	ability:BurrowSIInfestedMarineDown
ability	BurrowStukovInfestedBansheeDown	Stukov	external-xm-dependency-node	no			ability	BurrowStukovInfestedBansheeDown	profile-root	xm-dependency	原始mod/Mods/XM/XMStukov.SC2Mod/Base.SC2Data/GameData/AbilData.xml	0	ability:BurrowStukovInfestedBansheeDown
ability	BurrowUltraliskDownStetmann	Stetmann	ability-with-chain	no	ability	BurrowUltraliskDownStetmann	unit	UltraliskStetmannBurrowed	UnitAttr	xm-dependency	原始mod/Mods/XM/XMStetmann.SC2Mod/Base.SC2Data/GameData/unitdata.xml	1	ability:BurrowUltraliskDownStetmann
ability	BurrowZerglingDownStetmann	Stetmann	ability-with-chain	no	ability	BurrowZerglingDownStetmann	unit	ZerglingStetmannBurrowed	UnitAttr	xm-dependency	原始mod/Mods/XM/XMStetmann.SC2Mod/Base.SC2Data/GameData/unitdata.xml	1	ability:BurrowZerglingDownStetmann
ability	CausticSpray	Zagara	ability-minimal	no	ability	CausticSpray	requirement	HaveCausticSpray	Requirements	official-reference	游戏数据/官方SC2原始文本镜像/mods/starcoop/starcoop.sc2mod/base.sc2data/gamedata/requirementdata.xml	1	ability:CausticSpray
ability	Charge	Artanis,Vorazun	ability-minimal	no	ability	Charge	requirement	UseCharge	Requirements	official-reference	游戏数据/官方SC2原始文本镜像/mods/liberty.sc2mod/base.sc2data/gamedata/requirementdata.xml	1	ability:Charge
ability	CommanderPrestigeDehakaPackLeadersRetreat	Dehaka	ability-with-chain	no	ability	CommanderPrestigeDehakaPackLeadersRetreat	requirement	CommanderPrestigeDehakaPackLeaders	Requirements	xm-dependency	原始mod/Mods/XM/XMDehaka.SC2Mod/Base.SC2Data/GameData/RequirementData.xml	1	ability:CommanderPrestigeDehakaPackLeadersRetreat
ability	CommanderPrestigeDehakaPackLeadersRetreat	Dehaka	ability-with-chain	no	ability	CommanderPrestigeDehakaPackLeadersRetreat	effect	TimedLifeFate	Effect	official-reference	游戏数据/官方SC2原始文本镜像/mods/core.sc2mod/base.sc2data/gamedata/effectdata.xml	1	ability:CommanderPrestigeDehakaPackLeadersRetreat
ability	CommanderPrestigeStukovBansheesDeploy	Stukov	external-official-reference-node	no			ability	CommanderPrestigeStukovBansheesDeploy	profile-root	official-reference	游戏数据/官方SC2原始文本镜像/mods/starcoop/starcoop.sc2mod/base.sc2data/gamedata/abildata.xml	0	ability:CommanderPrestigeStukovBansheesDeploy
ability	CommanderPrestigeStukovBansheeTransport	Stukov	external-official-reference-node	no			ability	CommanderPrestigeStukovBansheeTransport	profile-root	official-reference	游戏数据/官方SC2原始文本镜像/mods/starcoop/starcoop.sc2mod/base.sc2data/gamedata/abildata.xml	0	ability:CommanderPrestigeStukovBansheeTransport
ability	CommanderPrestigeSwannHerculesScienceVesselTacticalJump	Swann	ability-with-chain	no	ability	CommanderPrestigeSwannHerculesScienceVesselTacticalJump	requirement	CommanderPrestigeSwannHercules	Requirements	official-reference	游戏数据/官方SC2原始文本镜像/mods/starcoop/starcoop.sc2mod/base.sc2data/gamedata/requirementdata.xml	1	ability:CommanderPrestigeSwannHerculesScienceVesselTacticalJump
ability	CommanderPrestigeSwannHerculesScienceVesselTacticalJump	Swann	ability-with-chain	no	ability	CommanderPrestigeSwannHerculesScienceVesselTacticalJump	effect	FleetwideJumpCreatePrecursor	Effect	official-reference	游戏数据/官方SC2原始文本镜像/mods/starcoop/starcoop.sc2mod/base.sc2data/gamedata/effectdata.xml	1	ability:CommanderPrestigeSwannHerculesScienceVesselTacticalJump
ability	CommanderPrestigeVorazunTimeStop	Vorazun	ability-minimal	no	ability	CommanderPrestigeVorazunTimeStop	requirement	HaveSOATimeFreeze	Requirements	official-reference	游戏数据/官方SC2原始文本镜像/campaigns/void.sc2campaign/base.sc2data/gamedata/requirementdata.xml	1	ability:CommanderPrestigeVorazunTimeStop
ability	CommanderPrestigeZagaraZagaraDeepTunnel	Zagara	ability-with-chain	no	ability	CommanderPrestigeZagaraZagaraDeepTunnel	effect	AbathurDeepTunnelCU	Effect	official-reference	游戏数据/官方SC2原始文本镜像/mods/starcoop/starcoop.sc2mod/base.sc2data/gamedata/effectdata.xml	1	ability:CommanderPrestigeZagaraZagaraDeepTunnel
ability	CoopMurvarSpawnCreepers	Dehaka	ability-minimal	no	ability	CoopMurvarSpawnCreepers	validator	EnemiesWithin12	Validator	xm-dependency	原始mod/Mods/XM/XMCore.SC2Mod/Base.SC2Data/GameData/ValidatorData.xml	1	ability:CoopMurvarSpawnCreepers
ability	CorruptorStetmannCausticSpray	Stetmann	ability-with-chain	no	ability	CorruptorStetmannCausticSpray	requirement	HaveCorruptorStetmannCausticSpray	Requirements	xm-dependency	原始mod/Mods/XM/XMStetmann.SC2Mod/Base.SC2Data/GameData/requirementdata.xml	1	ability:CorruptorStetmannCausticSpray
ability	CorruptorStetmannCausticSpray	Stetmann	ability-with-chain	no	ability	CorruptorStetmannCausticSpray	effect	CorruptorStetmannCausticSprayBasePersistent	Effect	xm-dependency	原始mod/Mods/XM/XMStetmann.SC2Mod/Base.SC2Data/GameData/effectdata.xml	1	ability:CorruptorStetmannCausticSpray
ability	CorruptorStetmannMissilePods	Stetmann	ability-with-chain	no	ability	CorruptorStetmannMissilePods	effect	HurricaneMissileStetmann	Effect	xm-dependency	原始mod/Mods/XM/XMStetmann.SC2Mod/Base.SC2Data/GameData/effectdata.xml	1	ability:CorruptorStetmannMissilePods
ability	CorruptorStetmannMissilePods	Stetmann	ability-with-chain	no	ability	CorruptorStetmannMissilePods	effect	HurricaneMissileDamageStetmann	Effect	xm-dependency	原始mod/Mods/XM/XMStetmann.SC2Mod/Base.SC2Data/GameData/effectdata.xml	1	ability:CorruptorStetmannMissilePods
ability	CorruptorStetmannMissilePods	Stetmann	ability-with-chain	no	ability	CorruptorStetmannMissilePods	effect	MissilePods	Effect	cross-kind-reference	游戏数据/官方SC2原始文本镜像/mods/voidprologue.sc2mod/base.sc2data/gamedata/abildata.xml	1	ability:CorruptorStetmannMissilePods
ability	CorsairMPDisruptionWeb	Vorazun	ability-minimal	no	ability	CorsairMPDisruptionWeb	requirement	HaveCorsairDisruptionWeb	Requirements	official-reference	游戏数据/官方SC2原始文本镜像/mods/starcoop/starcoop.sc2mod/base.sc2data/gamedata/requirementdata.xml	1	ability:CorsairMPDisruptionWeb
ability	DarkTemplarShadowDash	Vorazun	ability-minimal	no	ability	DarkTemplarShadowDash	requirement	HaveResearchShadowDash	Requirements	official-reference	游戏数据/官方SC2原始文本镜像/mods/starcoop/starcoop.sc2mod/base.sc2data/gamedata/requirementdata.xml	1	ability:DarkTemplarShadowDash
ability	DarkTemplarShadowFury	Vorazun	ability-minimal	no	ability	DarkTemplarShadowFury	requirement	HaveResearchShadowFury	Requirements	official-reference	游戏数据/官方SC2原始文本镜像/mods/starcoop/starcoop.sc2mod/base.sc2data/gamedata/requirementdata.xml	1	ability:DarkTemplarShadowFury
ability	DefensiveMatrixTarget	Swann	ability-with-chain	no	ability	DefensiveMatrixTarget	requirement	UseDefensiveMatrixTarget	Requirements	official-reference	游戏数据/官方SC2原始文本镜像/mods/starcoop/starcoop.sc2mod/base.sc2data/gamedata/requirementdata.xml	1	ability:DefensiveMatrixTarget
ability	DefensiveMatrixTarget	Swann	ability-with-chain	no	ability	DefensiveMatrixTarget	effect	DefensiveMatrixSet	Effect	official-reference	游戏数据/官方SC2原始文本镜像/mods/starcoop/starcoop.sc2mod/base.sc2data/gamedata/effectdata.xml	1	ability:DefensiveMatrixTarget
ability	DehakaAirAttackUpgrade	Dehaka	ability-with-chain	no	ability	DehakaAirAttackUpgrade	behavior	DehakaAirAttackUpgrade	BehaviorArray	xm-dependency	原始mod/Mods/XM/XMDehaka.SC2Mod/Base.SC2Data/GameData/BehaviorData.xml	1	ability:DehakaAirAttackUpgrade
ability	DehakaAirAttackUpgrade	Dehaka	ability-with-chain	no	ability	DehakaAirAttackUpgrade	button	DehakaAirAttackUpgrade	DefaultButtonFace	xm-dependency	原始mod/Mods/XM/XMDehaka.SC2Mod/Base.SC2Data/GameData/ButtonData.xml	1	ability:DehakaAirAttackUpgrade
ability	DehakaAirAttackUpgrade	Dehaka	ability-with-chain	no	ability	DehakaAirAttackUpgrade	behavior	DehakaAirAttackUpgrade	Behavior	xm-dependency	原始mod/Mods/XM/XMDehaka.SC2Mod/Base.SC2Data/GameData/BehaviorData.xml	1	ability:DehakaAirAttackUpgrade
ability	DehakaArmorUpgrade	Dehaka	ability-with-chain	no	ability	DehakaArmorUpgrade	behavior	DehakaArmorUpgrade1	BehaviorArray	xm-dependency	原始mod/Mods/XM/XMDehaka.SC2Mod/Base.SC2Data/GameData/BehaviorData.xml	1	ability:DehakaArmorUpgrade
ability	DehakaArmorUpgrade	Dehaka	ability-with-chain	no	ability	DehakaArmorUpgrade	button	LearnDehakaArmorUpgrade	DefaultButtonFace	xm-dependency	原始mod/Mods/XM/XMDehaka.SC2Mod/Base.SC2Data/GameData/ButtonData.xml	1	ability:DehakaArmorUpgrade
ability	DehakaArmorUpgrade	Dehaka	ability-with-chain	no	ability	DehakaArmorUpgrade	behavior	DehakaArmorUpgrade1	Behavior	xm-dependency	原始mod/Mods/XM/XMDehaka.SC2Mod/Base.SC2Data/GameData/BehaviorData.xml	1	ability:DehakaArmorUpgrade
ability	DehakaConsume	Dehaka	ability-with-chain	no	ability	DehakaConsume	effect	DehakaConsumeLaunchMissile	Effect	xm-dependency	原始mod/Mods/XM/XMDehaka.SC2Mod/Base.SC2Data/GameData/EffectData.xml	1	ability:DehakaConsume
ability	DehakaConsume	Dehaka	ability-with-chain	no	ability	DehakaConsume	effect	FaceEmbrace	Effect	cross-kind-reference	原始mod/Mods/XM/XMFinal.SC2Mod/Base.SC2Data/GameData/ButtonData.xml	1	ability:DehakaConsume
ability	DehakaDakrunTopBar	Dehaka	external-xm-dependency-node	no			ability	DehakaDakrunTopBar	profile-root	xm-dependency	原始mod/Mods/XM/XMDehaka.SC2Mod/Base.SC2Data/GameData/AbilData.xml	0	ability:DehakaDakrunTopBar
ability	DehakaDetector	Dehaka	ability-with-chain	no	ability	DehakaDetector	behavior	DehakaDetectorPassive	BehaviorArray	xm-dependency	原始mod/Mods/XM/XMDehaka.SC2Mod/Base.SC2Data/GameData/BehaviorData.xml	1	ability:DehakaDetector
ability	DehakaDetector	Dehaka	ability-with-chain	no	ability	DehakaDetector	behavior	DehakaDetectorPassive	Behavior	xm-dependency	原始mod/Mods/XM/XMDehaka.SC2Mod/Base.SC2Data/GameData/BehaviorData.xml	1	ability:DehakaDetector
ability	DehakaDroneMorph	Dehaka	ability-with-chain	no	ability	DehakaDroneMorph	requirement	DehakaGlevigBuild	Requirements	xm-dependency	原始mod/Mods/XM/XMDehaka.SC2Mod/Base.SC2Data/GameData/RequirementData.xml	1	ability:DehakaDroneMorph
ability	DehakaDroneMorph	Dehaka	ability-with-chain	no	ability	DehakaDroneMorph	requirement	DehakaMurvarBuild	Requirements	xm-dependency	原始mod/Mods/XM/XMDehaka.SC2Mod/Base.SC2Data/GameData/RequirementData.xml	1	ability:DehakaDroneMorph
ability	DehakaDroneMorph	Dehaka	ability-with-chain	no	ability	DehakaDroneMorph	requirement	DehakaDakrunBuild	Requirements	xm-dependency	原始mod/Mods/XM/XMDehaka.SC2Mod/Base.SC2Data/GameData/RequirementData.xml	1	ability:DehakaDroneMorph
ability	DehakaDroneMorph	Dehaka	ability-with-chain	no	ability	DehakaDroneMorph	requirement	HaveDehakaGlevigStructure	Requirements	xm-dependency	原始mod/Mods/XM/XMDehaka.SC2Mod/Base.SC2Data/GameData/RequirementData.xml	1	ability:DehakaDroneMorph
ability	DehakaDroneMorph	Dehaka	ability-with-chain	no	ability	DehakaDroneMorph	unit	DehakaHatchery	UnitAttr	xm-dependency	原始mod/Mods/XM/XMDehaka.SC2Mod/Base.SC2Data/GameData/UnitData.xml	1	ability:DehakaDroneMorph
ability	DehakaDroneMorph	Dehaka	ability-with-chain	no	ability	DehakaDroneMorph	unit	DehakaBarracks	UnitAttr	xm-dependency	原始mod/Mods/XM/XMDehaka.SC2Mod/Base.SC2Data/GameData/UnitData.xml	1	ability:DehakaDroneMorph
ability	DehakaDroneMorph	Dehaka	ability-with-chain	no	ability	DehakaDroneMorph	unit	DehakaGlevigStructure	UnitAttr	xm-dependency	原始mod/Mods/XM/XMDehaka.SC2Mod/Base.SC2Data/GameData/UnitData.xml	1	ability:DehakaDroneMorph
ability	DehakaDroneMorph	Dehaka	ability-with-chain	no	ability	DehakaDroneMorph	unit	DehakaMurvarStructure	UnitAttr	xm-dependency	原始mod/Mods/XM/XMDehaka.SC2Mod/Base.SC2Data/GameData/UnitData.xml	1	ability:DehakaDroneMorph
ability	DehakaDroneMorph	Dehaka	ability-with-chain	no	ability	DehakaDroneMorph	unit	DehakaDakrunStructure	UnitAttr	xm-dependency	原始mod/Mods/XM/XMDehaka.SC2Mod/Base.SC2Data/GameData/UnitData.xml	1	ability:DehakaDroneMorph
ability	DehakaDroneMorph	Dehaka	ability-with-chain	no	ability	DehakaDroneMorph	unit	DehakaNydusDestroyer	UnitAttr	xm-dependency	原始mod/Mods/XM/XMDehaka.SC2Mod/Base.SC2Data/GameData/UnitData.xml	1	ability:DehakaDroneMorph
ability	DehakaGlevigTopBar	Dehaka	external-xm-dependency-node	no			ability	DehakaGlevigTopBar	profile-root	xm-dependency	原始mod/Mods/XM/XMDehaka.SC2Mod/Base.SC2Data/GameData/AbilData.xml	0	ability:DehakaGlevigTopBar
ability	DehakaIntimidatingRoar	Dehaka	ability-with-chain	no	ability	DehakaIntimidatingRoar	effect	DehakaIntimidatingRoarSearch	Effect	xm-dependency	原始mod/Mods/XM/XMDehaka.SC2Mod/Base.SC2Data/GameData/EffectData.xml	1	ability:DehakaIntimidatingRoar
ability	DehakaIntimidatingRoar	Dehaka	ability-with-chain	no	ability	DehakaIntimidatingRoar	effect	DehakaIntimidatingRoarSearchLv2	Effect	xm-dependency	原始mod/Mods/XM/XMDehaka.SC2Mod/Base.SC2Data/GameData/EffectData.xml	1	ability:DehakaIntimidatingRoar
ability	DehakaIntimidatingRoar	Dehaka	ability-with-chain	no	ability	DehakaIntimidatingRoar	effect	DehakaIntimidatingRoarSearchLv3	Effect	xm-dependency	原始mod/Mods/XM/XMDehaka.SC2Mod/Base.SC2Data/GameData/EffectData.xml	1	ability:DehakaIntimidatingRoar
ability	DehakaIntimidatingRoar	Dehaka	ability-with-chain	no	ability	DehakaIntimidatingRoar	effect	DehakaIntimidatingRoar	Effect	xm-dependency	原始mod/Mods/XM/XMDehaka.SC2Mod/Base.SC2Data/GameData/EffectData.xml	1	ability:DehakaIntimidatingRoar
ability	DehakaIntimidatingRoar	Dehaka	ability-with-chain	no	ability	DehakaIntimidatingRoar	effect	DehakaIntimidatingRoarLv2	Effect	xm-dependency	原始mod/Mods/XM/XMDehaka.SC2Mod/Base.SC2Data/GameData/EffectData.xml	1	ability:DehakaIntimidatingRoar
ability	DehakaIntimidatingRoar	Dehaka	ability-with-chain	no	ability	DehakaIntimidatingRoar	effect	DehakaIntimidatingRoarLv3	Effect	xm-dependency	原始mod/Mods/XM/XMDehaka.SC2Mod/Base.SC2Data/GameData/EffectData.xml	1	ability:DehakaIntimidatingRoar
ability	DehakaLeapStomp	Dehaka	ability-with-chain	no	ability	DehakaLeapStomp	effect	DehakaLeapStompPlacementCU	Effect	official-reference	游戏数据/官方SC2原始文本镜像/mods/starcoop/starcoop.sc2mod/base.sc2data/gamedata/effectdata.xml	1	ability:DehakaLeapStomp
ability	DehakaLeapStomp	Dehaka	ability-with-chain	no	ability	DehakaLeapStomp	effect	DehakaStompSearchC	Effect	xm-dependency	原始mod/Mods/XM/XMDehaka.SC2Mod/Base.SC2Data/GameData/EffectData.xml	1	ability:DehakaLeapStomp
ability	DehakaLearn	Dehaka	ability-with-chain	no	ability	DehakaLearn	button	LearnDehakaGiveEssence	DefaultButtonFace	missing		1	ability:DehakaLearn
ability	DehakaLearn	Dehaka	ability-with-chain	no	ability	DehakaLearn	button	LearnDehakaMendingAura	DefaultButtonFace	xm-dependency	原始mod/Mods/XM/XMDehaka.SC2Mod/Base.SC2Data/GameData/ButtonData.xml	1	ability:DehakaLearn
ability	DehakaLearn	Dehaka	ability-with-chain	no	ability	DehakaLearn	button	LearnDehakaArmorUpgrade	DefaultButtonFace	xm-dependency	原始mod/Mods/XM/XMDehaka.SC2Mod/Base.SC2Data/GameData/ButtonData.xml	1	ability:DehakaLearn
ability	DehakaLearn	Dehaka	ability-with-chain	no	ability	DehakaLearn	button	LearnDehakaDetector	DefaultButtonFace	xm-dependency	原始mod/Mods/XM/XMDehaka.SC2Mod/Base.SC2Data/GameData/ButtonData.xml	1	ability:DehakaLearn
ability	DehakaLearn	Dehaka	ability-with-chain	no	ability	DehakaLearn	button	DehakaAirAttackUpgrade	DefaultButtonFace	xm-dependency	原始mod/Mods/XM/XMDehaka.SC2Mod/Base.SC2Data/GameData/ButtonData.xml	1	ability:DehakaLearn
ability	DehakaLocustFlyingSwoopAttack	Dehaka	ability-with-chain	no	ability	DehakaLocustFlyingSwoopAttack	effect	DehakaLocustFlyingSwoopCreatePrecursorOffset	Effect	xm-dependency	原始mod/Mods/XM/XMDehaka.SC2Mod/Base.SC2Data/GameData/EffectData.xml	1	ability:DehakaLocustFlyingSwoopAttack
ability	DehakaMendingAura	Dehaka	ability-with-chain	no	ability	DehakaMendingAura	behavior	DehakaMendingAuraCaster	BehaviorArray	xm-dependency	原始mod/Mods/XM/XMDehaka.SC2Mod/Base.SC2Data/GameData/BehaviorData.xml	1	ability:DehakaMendingAura
ability	DehakaMendingAura	Dehaka	ability-with-chain	no	ability	DehakaMendingAura	behavior	DehakaMendingAuraCaster	Behavior	xm-dependency	原始mod/Mods/XM/XMDehaka.SC2Mod/Base.SC2Data/GameData/BehaviorData.xml	1	ability:DehakaMendingAura
ability	DehakaMorphToPrimalSwarmHostBurrowed	Dehaka	ability-with-chain	no	ability	DehakaMorphToPrimalSwarmHostBurrowed	button	MorphToSwarmHostBurrowedMP	DefaultButtonFace	official-reference	游戏数据/官方SC2原始文本镜像/mods/swarm.sc2mod/base.sc2data/gamedata/buttondata.xml	1	ability:DehakaMorphToPrimalSwarmHostBurrowed
ability	DehakaMorphToPrimalSwarmHostBurrowed	Dehaka	ability-with-chain	no	ability	DehakaMorphToPrimalSwarmHostBurrowed	unit	DehakaPrimalSwarmHostBurrowed	UnitAttr	xm-dependency	原始mod/Mods/XM/XMDehaka.SC2Mod/Base.SC2Data/GameData/UnitData.xml	1	ability:DehakaMorphToPrimalSwarmHostBurrowed
ability	DehakaMorphToSwarmHostBurrowed	Dehaka	ability-with-chain	no	ability	DehakaMorphToSwarmHostBurrowed	button	MorphToSwarmHostBurrowedMP	DefaultButtonFace	official-reference	游戏数据/官方SC2原始文本镜像/mods/swarm.sc2mod/base.sc2data/gamedata/buttondata.xml	1	ability:DehakaMorphToSwarmHostBurrowed
ability	DehakaMorphToSwarmHostBurrowed	Dehaka	ability-with-chain	no	ability	DehakaMorphToSwarmHostBurrowed	unit	DehakaSwarmHostBurrowed	UnitAttr	xm-dependency	原始mod/Mods/XM/XMDehaka.SC2Mod/Base.SC2Data/GameData/UnitData.xml	1	ability:DehakaMorphToSwarmHostBurrowed
ability	DehakaMurvarTopBar	Dehaka	external-xm-dependency-node	no			ability	DehakaMurvarTopBar	profile-root	xm-dependency	原始mod/Mods/XM/XMDehaka.SC2Mod/Base.SC2Data/GameData/AbilData.xml	0	ability:DehakaMurvarTopBar
ability	DehakaNydusDestroyerTopBar	Dehaka	external-xm-dependency-node	no			ability	DehakaNydusDestroyerTopBar	profile-root	xm-dependency	原始mod/Mods/XM/XMDehaka.SC2Mod/Base.SC2Data/GameData/AbilData.xml	0	ability:DehakaNydusDestroyerTopBar
ability	DehakaSpawnCreeperTargeted	Dehaka	ability-with-chain	no	ability	DehakaSpawnCreeperTargeted	validator	EnemiesWithin12	Validator	xm-dependency	原始mod/Mods/XM/XMCore.SC2Mod/Base.SC2Data/GameData/ValidatorData.xml	1	ability:DehakaSpawnCreeperTargeted
ability	DehakaSpawnCreeperTargeted	Dehaka	ability-with-chain	no	ability	DehakaSpawnCreeperTargeted	effect	DehakaCreeperCreateSwitch	Effect	xm-dependency	原始mod/Mods/XM/XMDehaka.SC2Mod/Base.SC2Data/GameData/EffectData.xml	1	ability:DehakaSpawnCreeperTargeted
ability	DehakaSpawnLocustsTargeted	Dehaka	ability-with-chain	no	ability	DehakaSpawnLocustsTargeted	validator	EnemiesWithin14	Validator	xm-dependency	原始mod/Mods/XM/XMCore.SC2Mod/Base.SC2Data/GameData/ValidatorData.xml	1	ability:DehakaSpawnLocustsTargeted
ability	DehakaSpawnLocustsTargeted	Dehaka	ability-with-chain	no	ability	DehakaSpawnLocustsTargeted	effect	DehakaLocustCreateSet	Effect	xm-dependency	原始mod/Mods/XM/XMDehaka.SC2Mod/Base.SC2Data/GameData/EffectData.xml	1	ability:DehakaSpawnLocustsTargeted
ability	DehakaUltraliskCrashingCharge	Dehaka	ability-with-chain	no	ability	DehakaUltraliskCrashingCharge	requirement	HaveDehakaUltraliskCrashingCharge	Requirements	xm-dependency	原始mod/Mods/XM/XMDehaka.SC2Mod/Base.SC2Data/GameData/RequirementData.xml	1	ability:DehakaUltraliskCrashingCharge
ability	DehakaUltraliskCrashingCharge	Dehaka	ability-with-chain	no	ability	DehakaUltraliskCrashingCharge	validator	CasterNotHoldingPosition	Validator	official-reference	游戏数据/官方SC2原始文本镜像/mods/liberty.sc2mod/base.sc2data/gamedata/validatordata.xml	1	ability:DehakaUltraliskCrashingCharge
ability	DehakaUltraliskCrashingCharge	Dehaka	ability-with-chain	no	ability	DehakaUltraliskCrashingCharge	validator	CasterIsAttacking	Validator	official-reference	游戏数据/官方SC2原始文本镜像/mods/core.sc2mod/base.sc2data/gamedata/validatordata.xml	1	ability:DehakaUltraliskCrashingCharge
ability	DehakaUltraliskCrashingCharge	Dehaka	ability-with-chain	no	ability	DehakaUltraliskCrashingCharge	validator	TargetNotHarmless	Validator	official-reference	游戏数据/官方SC2原始文本镜像/campaigns/swarm.sc2campaign/base.sc2data/gamedata/validatordata.xml	1	ability:DehakaUltraliskCrashingCharge
ability	DehakaUltraliskCrashingCharge	Dehaka	ability-with-chain	no	ability	DehakaUltraliskCrashingCharge	validator	BurrowChargeMinimumRange	Validator	official-reference	游戏数据/官方SC2原始文本镜像/mods/swarm.sc2mod/base.sc2data/gamedata/validatordata.xml	1	ability:DehakaUltraliskCrashingCharge
ability	DehakaUltraliskCrashingCharge	Dehaka	ability-with-chain	no	ability	DehakaUltraliskCrashingCharge	effect	DehakaUltraliskCrashingChargePlacementCU	Effect	xm-dependency	原始mod/Mods/XM/XMDehaka.SC2Mod/Base.SC2Data/GameData/EffectData.xml	1	ability:DehakaUltraliskCrashingCharge
ability	DehakaUltraliskCrashingCharge	Dehaka	ability-with-chain	no	ability	DehakaUltraliskCrashingCharge	effect	DehakaUltraliskCrashingChargeTargetSearch	Effect	xm-dependency	原始mod/Mods/XM/XMDehaka.SC2Mod/Base.SC2Data/GameData/EffectData.xml	1	ability:DehakaUltraliskCrashingCharge
ability	DeploySpiderMines	Nova	ability-with-chain	no	ability	DeploySpiderMines	requirement	HaveDeploySpiderMines	Requirements	official-reference	游戏数据/官方SC2原始文本镜像/mods/starcoop/starcoop.sc2mod/base.sc2data/gamedata/requirementdata.xml	1	ability:DeploySpiderMines
ability	DeploySpiderMines	Nova	ability-with-chain	no	ability	DeploySpiderMines	effect	DeploySpiderMinesPersistent	Effect	official-reference	游戏数据/官方SC2原始文本镜像/mods/novastoryassets.sc2mod/base.sc2data/gamedata/effectdata.xml	1	ability:DeploySpiderMines
ability	DeploySpiderMines	Nova	ability-with-chain	no	ability	DeploySpiderMines	unit	SpiderMine	Unit	official-reference	游戏数据/官方SC2原始文本镜像/mods/novastoryassets.sc2mod/base.sc2data/gamedata/unitdata.xml	1	ability:DeploySpiderMines
ability	EMPBlackOps	Nova	ability-with-chain	no	ability	EMPBlackOps	requirement	HaveGhostBlackOpsEMP	Requirements	official-reference	游戏数据/官方SC2原始文本镜像/mods/starcoop/starcoop.sc2mod/base.sc2data/gamedata/requirementdata.xml	1	ability:EMPBlackOps
ability	EMPBlackOps	Nova	ability-with-chain	no	ability	EMPBlackOps	effect	EMPBlackOpsLaunchMissile	Effect	xm-dependency	原始mod/Mods/XM/XMNova.SC2Mod/Base.SC2Data/GameData/EffectData.xml	1	ability:EMPBlackOps
ability	EMPBlackOps	Nova	ability-with-chain	no	ability	EMPBlackOps	effect	EMPBlackOpsSearch	Effect	xm-dependency	原始mod/Mods/XM/XMNova.SC2Mod/Base.SC2Data/GameData/EffectData.xml	1	ability:EMPBlackOps
ability	EMPBlackOps	Nova	ability-with-chain	no	ability	EMPBlackOps	effect	EMPLaunchMissile	Effect	official-reference	游戏数据/官方SC2原始文本镜像/mods/liberty.sc2mod/base.sc2data/gamedata/effectdata.xml	1	ability:EMPBlackOps
ability	FenixSentryGuardianZone	Fenix	ability-with-chain	no	ability	FenixSentryGuardianZone	effect	FenixSentryGuardianZoneCP	Effect	official-reference	游戏数据/官方SC2原始文本镜像/mods/starcoop/starcoop.sc2mod/base.sc2data/gamedata/effectdata.xml	1	ability:FenixSentryGuardianZone
ability	FenixSentryGuardianZone	Fenix	ability-with-chain	no	ability	FenixSentryGuardianZone	effect	FenixSentryGuardianZoneSearch	Effect	official-reference	游戏数据/官方SC2原始文本镜像/mods/starcoop/starcoop.sc2mod/base.sc2data/gamedata/effectdata.xml	1	ability:FenixSentryGuardianZone
ability	FighterModeMengsk	Mengsk	ability-with-chain	no	ability	FighterModeMengsk	effect	VikingMengskAirAttackDamage	Effect	xm-dependency	原始mod/Mods/XM/XMMengsk.SC2Mod/Base.SC2Data/GameData/EffectData.xml	1	ability:FighterModeMengsk
ability	FighterModeMengsk	Mengsk	ability-with-chain	no	ability	FighterModeMengsk	effect	VikingMengskWeaponChange	Effect	xm-dependency	原始mod/Mods/XM/XMMengsk.SC2Mod/Base.SC2Data/GameData/EffectData.xml	1	ability:FighterModeMengsk
ability	FighterModeMengsk	Mengsk	ability-with-chain	no	ability	FighterModeMengsk	unit	VikingMengskFighter	UnitAttr	xm-dependency	原始mod/Mods/XM/XMMengsk.SC2Mod/Base.SC2Data/GameData/UnitData.xml	1	ability:FighterModeMengsk
ability	FleetwideJump	Horner	ability-with-chain	no	ability	FleetwideJump	requirement	HaveHHTacticalJump	Requirements	official-reference	游戏数据/官方SC2原始文本镜像/mods/starcoop/starcoop.sc2mod/base.sc2data/gamedata/requirementdata.xml	1	ability:FleetwideJump
ability	FleetwideJump	Horner	ability-with-chain	no	ability	FleetwideJump	effect	FleetwideJumpCreatePrecursor	Effect	official-reference	游戏数据/官方SC2原始文本镜像/mods/starcoop/starcoop.sc2mod/base.sc2data/gamedata/effectdata.xml	1	ability:FleetwideJump
ability	GaryStetmannOrb	Stetmann	ability-with-chain	no	ability	GaryStetmannOrb	effect	GaryStetmannOrbInitialSwitch	Effect	xm-dependency	原始mod/Mods/XM/XMStetmann.SC2Mod/Base.SC2Data/GameData/effectdata.xml	1	ability:GaryStetmannOrb
ability	GaryStetmannPowerTowerOverchargeEnergy	Stetmann	ability-with-chain	no	ability	GaryStetmannPowerTowerOverchargeEnergy	requirement	HavePowerFieldEnergyRegenerationUpgrade	Requirements	xm-dependency	原始mod/Mods/XM/XMStetmann.SC2Mod/Base.SC2Data/GameData/requirementdata.xml	1	ability:GaryStetmannPowerTowerOverchargeEnergy
ability	GaryStetmannPowerTowerOverchargeEnergy	Stetmann	ability-with-chain	no	ability	GaryStetmannPowerTowerOverchargeEnergy	effect	PowerTowerOverchargeFindTarget	Effect	xm-dependency	原始mod/Mods/XM/XMStetmann.SC2Mod/Base.SC2Data/GameData/effectdata.xml	1	ability:GaryStetmannPowerTowerOverchargeEnergy
ability	GaryStetmannRecall	Stetmann	ability-with-chain	no	ability	GaryStetmannRecall	effect	GaryStetmannRecallFindTarget	Effect	xm-dependency	原始mod/Mods/XM/XMStetmann.SC2Mod/Base.SC2Data/GameData/effectdata.xml	1	ability:GaryStetmannRecall
ability	GaryStetmannRecall	Stetmann	ability-with-chain	no	ability	GaryStetmannRecall	effect	MassRecall	Effect	cross-kind-reference	游戏数据/官方SC2原始文本镜像/mods/balancemulti.sc2mod/base.sc2data/gamedata/abildata.xml	1	ability:GaryStetmannRecall
ability	GenerateCreepStukov	Stukov	external-xm-dependency-node	no			ability	GenerateCreepStukov	profile-root	xm-dependency	原始mod/Mods/XM/XMStukov.SC2Mod/Base.SC2Data/GameData/AbilData.xml	0	ability:GenerateCreepStukov
ability	GhostCloak	Nova	ability-minimal	no	ability	GhostCloak	requirement	GhostPermanentCloakUpgrade	Requirements	official-reference	游戏数据/官方SC2原始文本镜像/mods/starcoop/starcoop.sc2mod/base.sc2data/gamedata/requirementdata.xml	1	ability:GhostCloak
ability	GhostMengskEMPShortStun	Mengsk	ability-with-chain	no	ability	GhostMengskEMPShortStun	requirement	UseMengskVeterancyGhostMengskLTLevel3	Requirements	xm-dependency	原始mod/Mods/XM/XMMengsk.SC2Mod/Base.SC2Data/GameData/RequirementData.xml	1	ability:GhostMengskEMPShortStun
ability	GhostMengskEMPShortStun	Mengsk	ability-with-chain	no	ability	GhostMengskEMPShortStun	validator	GhostMengskEMPSmallMinimum3EnemyTargets	Validator	xm-dependency	原始mod/Mods/XM/XMMengsk.SC2Mod/Base.SC2Data/GameData/ValidatorData.xml	1	ability:GhostMengskEMPShortStun
ability	GhostMengskEMPShortStun	Mengsk	ability-with-chain	no	ability	GhostMengskEMPShortStun	effect	GhostMengskEMPSmallLM	Effect	xm-dependency	原始mod/Mods/XM/XMMengsk.SC2Mod/Base.SC2Data/GameData/EffectData.xml	1	ability:GhostMengskEMPShortStun
ability	GhostMengskEMPShortStun	Mengsk	ability-with-chain	no	ability	GhostMengskEMPShortStun	effect	GhostMengskEMPSmallSearch	Effect	xm-dependency	原始mod/Mods/XM/XMMengsk.SC2Mod/Base.SC2Data/GameData/EffectData.xml	1	ability:GhostMengskEMPShortStun
ability	GhostMengskHoldFire	Mengsk	ability-minimal	no	ability	GhostMengskHoldFire	button	HoldFireMengsk	DefaultButtonFace	missing		1	ability:GhostMengskHoldFire
ability	GhostMengskHoldFire	Mengsk	ability-minimal	no	ability	GhostMengskHoldFire	requirement	GhostMengskNotHoldingFire	Requirements	xm-dependency	原始mod/Mods/XM/XMMengsk.SC2Mod/Base.SC2Data/GameData/RequirementData.xml	1	ability:GhostMengskHoldFire
ability	GhostMengskIrradiateSmallDamage	Mengsk	ability-with-chain	no	ability	GhostMengskIrradiateSmallDamage	requirement	UseMengskVeterancyGhostMengskLTLevel3	Requirements	xm-dependency	原始mod/Mods/XM/XMMengsk.SC2Mod/Base.SC2Data/GameData/RequirementData.xml	1	ability:GhostMengskIrradiateSmallDamage
ability	GhostMengskIrradiateSmallDamage	Mengsk	ability-with-chain	no	ability	GhostMengskIrradiateSmallDamage	validator	NotHaveGhostMengskIrradiate	Validator	xm-dependency	原始mod/Mods/XM/XMMengsk.SC2Mod/Base.SC2Data/GameData/ValidatorData.xml	1	ability:GhostMengskIrradiateSmallDamage
ability	GhostMengskIrradiateSmallDamage	Mengsk	ability-with-chain	no	ability	GhostMengskIrradiateSmallDamage	validator	NotHaveGhostMengskIrradiatePreMarker	Validator	xm-dependency	原始mod/Mods/XM/XMMengsk.SC2Mod/Base.SC2Data/GameData/ValidatorData.xml	1	ability:GhostMengskIrradiateSmallDamage
ability	GhostMengskIrradiateSmallDamage	Mengsk	ability-with-chain	no	ability	GhostMengskIrradiateSmallDamage	validator	GhostMengskIrradiateMinimum3EnemyTargets	Validator	xm-dependency	原始mod/Mods/XM/XMMengsk.SC2Mod/Base.SC2Data/GameData/ValidatorData.xml	1	ability:GhostMengskIrradiateSmallDamage
ability	GhostMengskIrradiateSmallDamage	Mengsk	ability-with-chain	no	ability	GhostMengskIrradiateSmallDamage	effect	GhostMengskIrradiateLM	Effect	xm-dependency	原始mod/Mods/XM/XMMengsk.SC2Mod/Base.SC2Data/GameData/EffectData.xml	1	ability:GhostMengskIrradiateSmallDamage
ability	GhostMengskNuke	Mengsk	ability-with-chain	no	ability	GhostMengskNuke	requirement	HaveNukeMengsk	Requirements	xm-dependency	原始mod/Mods/XM/XMMengsk.SC2Mod/Base.SC2Data/GameData/RequirementData.xml	1	ability:GhostMengskNuke
ability	GhostMengskNuke	Mengsk	ability-with-chain	no	ability	GhostMengskNuke	effect	GhostMengskNukeCalldown	Effect	xm-dependency	原始mod/Mods/XM/XMMengsk.SC2Mod/Base.SC2Data/GameData/EffectData.xml	1	ability:GhostMengskNuke
ability	GhostMengskNuke	Mengsk	ability-with-chain	no	ability	GhostMengskNuke	effect	GhostMengskNukeDamage	Effect	xm-dependency	原始mod/Mods/XM/XMMengsk.SC2Mod/Base.SC2Data/GameData/EffectData.xml	1	ability:GhostMengskNuke
ability	GhostMengskSuperCloak	Mengsk	ability-with-chain	no	ability	GhostMengskSuperCloak	requirement	GhostMengskSuperCloakUse	Requirements	xm-dependency	原始mod/Mods/XM/XMMengsk.SC2Mod/Base.SC2Data/GameData/RequirementData.xml	1	ability:GhostMengskSuperCloak
ability	GhostMengskSuperCloak	Mengsk	ability-with-chain	no	ability	GhostMengskSuperCloak	validator	CasterInCombat	Validator	official-reference	游戏数据/官方SC2原始文本镜像/mods/core.sc2mod/base.sc2data/gamedata/validatordata.xml	1	ability:GhostMengskSuperCloak
ability	GhostMengskSuperCloak	Mengsk	ability-with-chain	no	ability	GhostMengskSuperCloak	effect	GhostMengskSuperCloakAB	Effect	xm-dependency	原始mod/Mods/XM/XMMengsk.SC2Mod/Base.SC2Data/GameData/EffectData.xml	1	ability:GhostMengskSuperCloak
ability	GhostMengskWeaponsFree	Mengsk	ability-minimal	no	ability	GhostMengskWeaponsFree	requirement	GhostMengskHoldingFire	Requirements	xm-dependency	原始mod/Mods/XM/XMMengsk.SC2Mod/Base.SC2Data/GameData/RequirementData.xml	1	ability:GhostMengskWeaponsFree
ability	GlevigDeepTunnel	Dehaka	ability-with-chain	no	ability	GlevigDeepTunnel	effect	GlevigDeepTunnelCU	Effect	xm-dependency	原始mod/Mods/XM/XMDehaka.SC2Mod/Base.SC2Data/GameData/EffectData.xml	1	ability:GlevigDeepTunnel
ability	GlevigDeepTunnel	Dehaka	ability-with-chain	no	ability	GlevigDeepTunnel	unit	DehakaGlevigDeepTunnelPlacement	Unit	xm-dependency	原始mod/Mods/XM/XMDehaka.SC2Mod/Base.SC2Data/GameData/UnitData.xml	1	ability:GlevigDeepTunnel
ability	HealPlusMech	Raynor	ability-minimal	no	ability	HealPlusMech	requirement	HaveStabilizerMedPacks	Requirements	official-reference	游戏数据/官方SC2原始文本镜像/mods/starcoop/starcoop.sc2mod/base.sc2data/gamedata/requirementdata.xml	1	ability:HealPlusMech
ability	HellbatCharge	Nova	ability-with-chain	no	ability	HellbatCharge	requirement	HaveHellbatJumpJetAssault	Requirements	xm-dependency	原始mod/Mods/XM/XMNova.SC2Mod/Base.SC2Data/GameData/RequirementData.xml	1	ability:HellbatCharge
ability	HellbatCharge	Nova	ability-with-chain	no	ability	HellbatCharge	validator	CasterNotHoldingPosition	Validator	official-reference	游戏数据/官方SC2原始文本镜像/mods/liberty.sc2mod/base.sc2data/gamedata/validatordata.xml	1	ability:HellbatCharge
ability	HellbatCharge	Nova	ability-with-chain	no	ability	HellbatCharge	effect	HellbatLeap	Effect	official-reference	游戏数据/官方SC2原始文本镜像/mods/novastoryassets.sc2mod/base.sc2data/gamedata/effectdata.xml	1	ability:HellbatCharge
ability	HHAssaultMode	Horner	ability-with-chain	no	ability	HHAssaultMode	unit	HHVikingAssault	UnitAttr	official-reference	游戏数据/官方SC2原始文本镜像/mods/starcoop/starcoop.sc2mod/base.sc2data/gamedata/unitdata.xml	1	ability:HHAssaultMode
ability	HHBattlecruiserHyperjump	Horner	ability-with-chain	no	ability	HHBattlecruiserHyperjump	effect	FleetwideJumpCreatePrecursor	Effect	official-reference	游戏数据/官方SC2原始文本镜像/mods/starcoop/starcoop.sc2mod/base.sc2data/gamedata/effectdata.xml	1	ability:HHBattlecruiserHyperjump
ability	HHBattlecruiserHyperjump	Horner	ability-with-chain	no	ability	HHBattlecruiserHyperjump	effect	FleetwideJump	Effect	cross-kind-reference	原始mod/Mods/XM/XMFinal.SC2Mod/Base.SC2Data/GameData/AbilData.xml	1	ability:HHBattlecruiserHyperjump
ability	HHD8SingleCharge	Horner	ability-with-chain	no	ability	HHD8SingleCharge	effect	HHD8SingleCluster	Effect	official-reference	游戏数据/官方SC2原始文本镜像/mods/starcoop/starcoop.sc2mod/base.sc2data/gamedata/effectdata.xml	1	ability:HHD8SingleCharge
ability	HHHellionBomb	Horner	ability-with-chain	no	ability	HHHellionBomb	requirement	HaveHHHellionRocket	Requirements	official-reference	游戏数据/官方SC2原始文本镜像/mods/starcoop/starcoop.sc2mod/base.sc2data/gamedata/requirementdata.xml	1	ability:HHHellionBomb
ability	HHHellionBomb	Horner	ability-with-chain	no	ability	HHHellionBomb	validator	RangeCheckLE6	Validator	official-reference	游戏数据/官方SC2原始文本镜像/mods/liberty.sc2mod/base.sc2data/gamedata/validatordata.xml	1	ability:HHHellionBomb
ability	HHHellionBomb	Horner	ability-with-chain	no	ability	HHHellionBomb	effect	HHHellionBombLM	Effect	official-reference	游戏数据/官方SC2原始文本镜像/mods/starcoop/starcoop.sc2mod/base.sc2data/gamedata/effectdata.xml	1	ability:HHHellionBomb
ability	HHRavenMorphtoHHRavenSiege	Horner	ability-with-chain	no	ability	HHRavenMorphtoHHRavenSiege	effect	HHRavenCloakAB	Effect	official-reference	游戏数据/官方SC2原始文本镜像/mods/starcoop/starcoop.sc2mod/base.sc2data/gamedata/effectdata.xml	1	ability:HHRavenMorphtoHHRavenSiege
ability	HHRavenMorphtoHHRavenSiege	Horner	ability-with-chain	no	ability	HHRavenMorphtoHHRavenSiege	unit	HHRavenSiegeMode	UnitAttr	official-reference	游戏数据/官方SC2原始文本镜像/mods/starcoop/starcoop.sc2mod/base.sc2data/gamedata/unitdata.xml	1	ability:HHRavenMorphtoHHRavenSiege
ability	HHReaperFly	Horner	ability-with-chain	no	ability	HHReaperFly	requirement	HaveHHReaperFlight	Requirements	official-reference	游戏数据/官方SC2原始文本镜像/mods/starcoop/starcoop.sc2mod/base.sc2data/gamedata/requirementdata.xml	1	ability:HHReaperFly
ability	HHReaperFly	Horner	ability-with-chain	no	ability	HHReaperFly	effect	HHReaperFlyCreatePrecursor	Effect	official-reference	游戏数据/官方SC2原始文本镜像/mods/starcoop/starcoop.sc2mod/base.sc2data/gamedata/effectdata.xml	1	ability:HHReaperFly
ability	HHVikingRockets	Horner	ability-with-chain	no	ability	HHVikingRockets	requirement	HaveHHVikingRockets	Requirements	official-reference	游戏数据/官方SC2原始文本镜像/mods/starcoop/starcoop.sc2mod/base.sc2data/gamedata/requirementdata.xml	1	ability:HHVikingRockets
ability	HHVikingRockets	Horner	ability-with-chain	no	ability	HHVikingRockets	validator	HHVikingRocketsSmartTarget	Validator	official-reference	游戏数据/官方SC2原始文本镜像/mods/starcoop/starcoop.sc2mod/base.sc2data/gamedata/validatordata.xml	1	ability:HHVikingRockets
ability	HHVikingRockets	Horner	ability-with-chain	no	ability	HHVikingRockets	effect	HHVikingRocketsBurstPersistent	Effect	official-reference	游戏数据/官方SC2原始文本镜像/mods/starcoop/starcoop.sc2mod/base.sc2data/gamedata/effectdata.xml	1	ability:HHVikingRockets
ability	HHVikingRockets	Horner	ability-with-chain	no	ability	HHVikingRockets	effect	HHVikingRocketsDamage	Effect	official-reference	游戏数据/官方SC2原始文本镜像/mods/starcoop/starcoop.sc2mod/base.sc2data/gamedata/effectdata.xml	1	ability:HHVikingRockets
ability	HHWidowMineAttack	Horner	ability-minimal	no	ability	HHWidowMineAttack	requirement	HHWidowMineArmed	Requirements	official-reference	游戏数据/官方SC2原始文本镜像/mods/starcoop/starcoop.sc2mod/base.sc2data/gamedata/requirementdata.xml	1	ability:HHWidowMineAttack
ability	HHWidowMineAttack	Horner	ability-minimal	no	ability	HHWidowMineAttack	validator	HHWidowMineAttackRangeUpgraded	Validator	official-reference	游戏数据/官方SC2原始文本镜像/mods/starcoop/starcoop.sc2mod/base.sc2data/gamedata/validatordata.xml	1	ability:HHWidowMineAttack
ability	HHWidowMineAttack	Horner	ability-minimal	no	ability	HHWidowMineAttack	validator	IsNotDisguisedChangeling	Validator	official-reference	游戏数据/官方SC2原始文本镜像/mods/swarm.sc2mod/base.sc2data/gamedata/validatordata.xml	1	ability:HHWidowMineAttack
ability	HHWidowMineAttack	Horner	ability-minimal	no	ability	HHWidowMineAttack	validator	NotHallucinationOrNotDetected	Validator	official-reference	游戏数据/官方SC2原始文本镜像/mods/swarm.sc2mod/base.sc2data/gamedata/validatordata.xml	1	ability:HHWidowMineAttack
ability	HHWidowMineAttack	Horner	ability-minimal	no	ability	HHWidowMineAttack	validator	noMarkers	Validator	official-reference	游戏数据/官方SC2原始文本镜像/mods/liberty.sc2mod/base.sc2data/gamedata/validatordata.xml	1	ability:HHWidowMineAttack
ability	HHWidowMineBurrow	Horner	ability-with-chain	no	ability	HHWidowMineBurrow	unit	HHWidowMineBurrowed	UnitAttr	official-reference	游戏数据/官方SC2原始文本镜像/mods/starcoop/starcoop.sc2mod/base.sc2data/gamedata/unitdata.xml	1	ability:HHWidowMineBurrow
ability	HHWraithCloak	Horner	ability-with-chain	no	ability	HHWraithCloak	behavior	WraithCloak	BehaviorArray	official-reference	游戏数据/官方SC2原始文本镜像/campaigns/liberty.sc2campaign/base.sc2data/gamedata/behaviordata.xml	1	ability:HHWraithCloak
ability	HHWraithCloak	Horner	ability-with-chain	no	ability	HHWraithCloak	button	CloakOn	DefaultButtonFace	missing		1	ability:HHWraithCloak
ability	HHWraithCloak	Horner	ability-with-chain	no	ability	HHWraithCloak	requirement	NotHaveHHWraithPermaCloak	Requirements	official-reference	游戏数据/官方SC2原始文本镜像/mods/starcoop/starcoop.sc2mod/base.sc2data/gamedata/requirementdata.xml	1	ability:HHWraithCloak
ability	HHWraithCloak	Horner	ability-with-chain	no	ability	HHWraithCloak	behavior	WraithCloak	Behavior	official-reference	游戏数据/官方SC2原始文本镜像/campaigns/liberty.sc2campaign/base.sc2data/gamedata/behaviordata.xml	1	ability:HHWraithCloak
ability	HHYamatoShots	Horner	ability-with-chain	no	ability	HHYamatoShots	behavior	HHYamatoShots	BehaviorArray	official-reference	游戏数据/官方SC2原始文本镜像/mods/starcoop/starcoop.sc2mod/base.sc2data/gamedata/behaviordata.xml	1	ability:HHYamatoShots
ability	HHYamatoShots	Horner	ability-with-chain	no	ability	HHYamatoShots	requirement	HaveHHBattlecruiserYamatoAttacks	Requirements	official-reference	游戏数据/官方SC2原始文本镜像/mods/starcoop/starcoop.sc2mod/base.sc2data/gamedata/requirementdata.xml	1	ability:HHYamatoShots
ability	HHYamatoShots	Horner	ability-with-chain	no	ability	HHYamatoShots	behavior	HHYamatoShots	Behavior	official-reference	游戏数据/官方SC2原始文本镜像/mods/starcoop/starcoop.sc2mod/base.sc2data/gamedata/behaviordata.xml	1	ability:HHYamatoShots
ability	HydraliskFrenzy	Kerrigan	ability-minimal	no	ability	HydraliskFrenzy	requirement	HaveFrenzyHydralisk	Requirements	official-reference	游戏数据/官方SC2原始文本镜像/mods/starcoop/starcoop.sc2mod/base.sc2data/gamedata/requirementdata.xml	1	ability:HydraliskFrenzy
ability	HydraliskFrenzy	Kerrigan	ability-minimal	no	ability	HydraliskFrenzy	validator	CasterIsFiringWeapon	Validator	official-reference	游戏数据/官方SC2原始文本镜像/mods/balancemulti.sc2mod/base.sc2data/gamedata/validatordata.xml	1	ability:HydraliskFrenzy
ability	HydraliskStetmannMissilePowerOff	Stetmann	ability-minimal	no	ability	HydraliskStetmannMissilePowerOff	requirement	HydraliskStetmannMissilePowerOn	Requirements	official-reference	游戏数据/官方SC2原始文本镜像/mods/starcoop/commanders/egonstetmann.sc2mod/base.sc2data/gamedata/requirementdata.xml	1	ability:HydraliskStetmannMissilePowerOff
ability	HydraliskStetmannMissilePowerOn	Stetmann	ability-minimal	no	ability	HydraliskStetmannMissilePowerOn	requirement	HydraliskStetmannMissilePowerOff	Requirements	official-reference	游戏数据/官方SC2原始文本镜像/mods/starcoop/commanders/egonstetmann.sc2mod/base.sc2data/gamedata/requirementdata.xml	1	ability:HydraliskStetmannMissilePowerOn
ability	ImmortalShakurasShadowCannon	Karax	ability-minimal	no	ability	ImmortalShakurasShadowCannon	requirement	HaveShadowCannon	Requirements	official-reference	游戏数据/官方SC2原始文本镜像/mods/starcoop/starcoop.sc2mod/base.sc2data/gamedata/requirementdata.xml	1	ability:ImmortalShakurasShadowCannon
ability	InfestedBansheeCloakingField	Stukov	external-xm-dependency-node	no			ability	InfestedBansheeCloakingField	profile-root	xm-dependency	原始mod/Mods/XM/XMStukov.SC2Mod/Base.SC2Data/GameData/AbilData.xml	0	ability:InfestedBansheeCloakingField
ability	InfestorStetmannEggLaunch	Stetmann	ability-with-chain	no	ability	InfestorStetmannEggLaunch	effect	InfestorStetmannEggLaunchDistanceSwitch	Effect	xm-dependency	原始mod/Mods/XM/XMStetmann.SC2Mod/Base.SC2Data/GameData/effectdata.xml	1	ability:InfestorStetmannEggLaunch
ability	InfestorStetmannEggLaunch	Stetmann	ability-with-chain	no	ability	InfestorStetmannEggLaunch	unit	InfestedTerran	Unit	official-reference	游戏数据/官方SC2原始文本镜像/mods/starcoop/starcoop.sc2mod/base.sc2data/gamedata/unitdata.xml	1	ability:InfestorStetmannEggLaunch
ability	InfestorStetmannHealingTentacle	Stetmann	ability-with-chain	no	ability	InfestorStetmannHealingTentacle	requirement	InfestorStetmannRecharge	Requirements	xm-dependency	原始mod/Mods/XM/XMStetmann.SC2Mod/Base.SC2Data/GameData/requirementdata.xml	1	ability:InfestorStetmannHealingTentacle
ability	InfestorStetmannHealingTentacle	Stetmann	ability-with-chain	no	ability	InfestorStetmannHealingTentacle	effect	InfestorStetmannHealingTentacleLM	Effect	xm-dependency	原始mod/Mods/XM/XMStetmann.SC2Mod/Base.SC2Data/GameData/effectdata.xml	1	ability:InfestorStetmannHealingTentacle
ability	InfestorStetmannInfestBuilding	Stetmann	ability-with-chain	no	ability	InfestorStetmannInfestBuilding	effect	InfestorStetmannInfestBuildingCP	Effect	xm-dependency	原始mod/Mods/XM/XMStetmann.SC2Mod/Base.SC2Data/GameData/effectdata.xml	1	ability:InfestorStetmannInfestBuilding
ability	InstantSeekerMissile_BlackOps	Nova	ability-with-chain	no	ability	InstantSeekerMissile_BlackOps	effect	InstantSeekerMissileLaunchMissile	Effect	official-reference	游戏数据/官方SC2原始文本镜像/mods/starcoop/starcoop.sc2mod/base.sc2data/gamedata/effectdata.xml	1	ability:InstantSeekerMissile_BlackOps
ability	KerriganMaelstrom	Kerrigan	ability-with-chain	no	effect	KerriganMaelstromInitialSet	effect	KerriganMaelstromAB	Effect	official-reference	游戏数据/官方SC2原始文本镜像/mods/starcoop/starcoop.sc2mod/base.sc2data/gamedata/effectdata.xml	2	ability:KerriganMaelstrom -> effect:KerriganMaelstromInitialSet
ability	KerriganVoidCoopCrushingGripWave	Kerrigan	ability-with-chain	no	effect	KerriganVoidCoopCrushingGripWaveDelayCP	effect	KerriganVoidCoopCrushingGripWaveStunAB	Effect	official-reference	游戏数据/官方SC2原始文本镜像/mods/starcoop/starcoop.sc2mod/base.sc2data/gamedata/effectdata.xml	2	ability:KerriganVoidCoopCrushingGripWave -> effect:KerriganVoidCoopCrushingGripWaveDelayCP
ability	KerriganVoidCoopCrushingGripWave	Kerrigan	ability-with-chain	no	effect	KerriganVoidCoopCrushingGripWaveDelayCP	effect	KerriganVoidCoopCrushingGripWaveCP	Effect	official-reference	游戏数据/官方SC2原始文本镜像/mods/starcoop/starcoop.sc2mod/base.sc2data/gamedata/effectdata.xml	2	ability:KerriganVoidCoopCrushingGripWave -> effect:KerriganVoidCoopCrushingGripWaveDelayCP
ability	KerriganVoidCoopEconDrop	Kerrigan	ability-with-chain	no	effect	KerriganVoidCoopEconDropCasterAB	behavior	KerriganVoidCoopEconDropCaster	Behavior	official-reference	游戏数据/官方SC2原始文本镜像/mods/starcoop/starcoop.sc2mod/base.sc2data/gamedata/behaviordata.xml	2	ability:KerriganVoidCoopEconDrop -> effect:KerriganVoidCoopEconDropCasterAB
ability	KraithCrashingCharge	Dehaka	ability-with-chain	no	ability	KraithCrashingCharge	effect	DehakaDakrunCrashingChargePlacementCU	Effect	official-reference	游戏数据/官方SC2原始文本镜像/mods/starcoop/starcoop.sc2mod/base.sc2data/gamedata/effectdata.xml	1	ability:KraithCrashingCharge
ability	KraithCrashingCharge	Dehaka	ability-with-chain	no	ability	KraithCrashingCharge	effect	DehakaDakrunCrashingChargeTargetSearch	Effect	official-reference	游戏数据/官方SC2原始文本镜像/mods/starcoop/starcoop.sc2mod/base.sc2data/gamedata/effectdata.xml	1	ability:KraithCrashingCharge
ability	LiberatorAG_BlackOpsTarget	Nova	ability-with-chain	no	ability	LiberatorAG_BlackOpsTarget	effect	Liberator_BlackOpsTargetMorphOrderInitialSet	Effect	official-reference	游戏数据/官方SC2原始文本镜像/mods/starcoop/starcoop.sc2mod/base.sc2data/gamedata/effectdata.xml	1	ability:LiberatorAG_BlackOpsTarget
ability	LockOn	Swann	ability-with-chain	no	ability	LockOn	effect	LockOnInitialSet	Effect	official-reference	游戏数据/官方SC2原始文本镜像/mods/starcoop/starcoop.sc2mod/base.sc2data/gamedata/effectdata.xml	1	ability:LockOn
ability	LurkerStetmannChannelingSpines	Stetmann	ability-with-chain	no	ability	LurkerStetmannChannelingSpines	requirement	HaveLurkerStetmannChannelingSpines	Requirements	xm-dependency	原始mod/Mods/XM/XMStetmann.SC2Mod/Base.SC2Data/GameData/requirementdata.xml	1	ability:LurkerStetmannChannelingSpines
ability	LurkerStetmannChannelingSpines	Stetmann	ability-with-chain	no	ability	LurkerStetmannChannelingSpines	effect	LurkerStetmannChannelingSpinesBurrowSwitch	Effect	xm-dependency	原始mod/Mods/XM/XMStetmann.SC2Mod/Base.SC2Data/GameData/effectdata.xml	1	ability:LurkerStetmannChannelingSpines
ability	LurkerStetmannTunnelingBurst	Stetmann	ability-with-chain	no	ability	LurkerStetmannTunnelingBurst	effect	LurkerStetmannTunnelingBurstMaxRangeSwitch	Effect	xm-dependency	原始mod/Mods/XM/XMStetmann.SC2Mod/Base.SC2Data/GameData/effectdata.xml	1	ability:LurkerStetmannTunnelingBurst
ability	MagrailMunitionsNova	Nova	external-xm-dependency-node	no			ability	MagrailMunitionsNova	profile-root	xm-dependency	原始mod/Mods/XM/XMNova.SC2Mod/Base.SC2Data/GameData/AbilData.xml	0	ability:MagrailMunitionsNova
ability	MammothBreath	Dehaka	ability-with-chain	no	ability	MammothBreath	effect	MammothBreathStartSet	Effect	xm-dependency	原始mod/Mods/XM/XMDehaka.SC2Mod/Base.SC2Data/GameData/EffectData.xml	1	ability:MammothBreath
ability	MammothBreath	Dehaka	ability-with-chain	no	ability	MammothBreath	effect	ChargedBusterSearch	Effect	official-reference	游戏数据/官方SC2原始文本镜像/mods/starcoop/starcoop.sc2mod/base.sc2data/gamedata/effectdata.xml	1	ability:MammothBreath
ability	MarauderMengskAttackSpeedBoost	Mengsk	ability-with-chain	no	ability	MarauderMengskAttackSpeedBoost	requirement	HaveMarauderMengskVeterancyLevel4	Requirements	xm-dependency	原始mod/Mods/XM/XMMengsk.SC2Mod/Base.SC2Data/GameData/RequirementData.xml	1	ability:MarauderMengskAttackSpeedBoost
ability	MarauderMengskAttackSpeedBoost	Mengsk	ability-with-chain	no	ability	MarauderMengskAttackSpeedBoost	validator	CasterIsFiringWeapon	Validator	official-reference	游戏数据/官方SC2原始文本镜像/mods/balancemulti.sc2mod/base.sc2data/gamedata/validatordata.xml	1	ability:MarauderMengskAttackSpeedBoost
ability	MarauderMengskAttackSpeedBoost	Mengsk	ability-with-chain	no	ability	MarauderMengskAttackSpeedBoost	effect	MarauderMengskAttackSpeedBoostAB	Effect	xm-dependency	原始mod/Mods/XM/XMMengsk.SC2Mod/Base.SC2Data/GameData/EffectData.xml	1	ability:MarauderMengskAttackSpeedBoost
ability	MedivacMengskDoubleBeamHeal	Mengsk	ability-with-chain	no	ability	MedivacMengskDoubleBeamHeal	validator	healSmartTargetFilters	Validator	official-reference	游戏数据/官方SC2原始文本镜像/mods/liberty.sc2mod/base.sc2data/gamedata/validatordata.xml	1	ability:MedivacMengskDoubleBeamHeal
ability	MedivacMengskDoubleBeamHeal	Mengsk	ability-with-chain	no	ability	MedivacMengskDoubleBeamHeal	validator	NotWarpingIn	Validator	official-reference	游戏数据/官方SC2原始文本镜像/mods/liberty.sc2mod/base.sc2data/gamedata/validatordata.xml	1	ability:MedivacMengskDoubleBeamHeal
ability	MedivacMengskDoubleBeamHeal	Mengsk	ability-with-chain	no	ability	MedivacMengskDoubleBeamHeal	validator	healCasterMinEnergy	Validator	official-reference	游戏数据/官方SC2原始文本镜像/mods/liberty.sc2mod/base.sc2data/gamedata/validatordata.xml	1	ability:MedivacMengskDoubleBeamHeal
ability	MedivacMengskDoubleBeamHeal	Mengsk	ability-with-chain	no	ability	MedivacMengskDoubleBeamHeal	validator	NotStopping	Validator	official-reference	游戏数据/官方SC2原始文本镜像/campaigns/liberty.sc2campaign/base.sc2data/gamedata/validatordata.xml	1	ability:MedivacMengskDoubleBeamHeal
ability	MedivacMengskDoubleBeamHeal	Mengsk	ability-with-chain	no	ability	MedivacMengskDoubleBeamHeal	effect	MedivacMengskHealInitialSwitch	Effect	official-reference	游戏数据/官方SC2原始文本镜像/mods/starcoop/commanders/arcturusmengsk.sc2mod/base.sc2data/gamedata/effectdata.xml	1	ability:MedivacMengskDoubleBeamHeal
ability	MedivacMengskDoubleBeamHeal	Mengsk	ability-with-chain	no	ability	MedivacMengskDoubleBeamHeal	effect	MedivacMengskHealLevel1	Effect	xm-dependency	原始mod/Mods/XM/XMMengsk.SC2Mod/Base.SC2Data/GameData/EffectData.xml	1	ability:MedivacMengskDoubleBeamHeal
ability	MedivacMengskTransport	Mengsk	ability-minimal	no	ability	MedivacMengskTransport	validator	NotWidowMineTarget	Validator	official-reference	游戏数据/官方SC2原始文本镜像/mods/swarm.sc2mod/base.sc2data/gamedata/validatordata.xml	1	ability:MedivacMengskTransport
ability	MedivacMengskTransport	Mengsk	ability-minimal	no	ability	MedivacMengskTransport	effect	MedivacMengskLoadSet	Effect	xm-dependency	原始mod/Mods/XM/XMMengsk.SC2Mod/Base.SC2Data/GameData/EffectData.xml	1	ability:MedivacMengskTransport
ability	MedivacMengskTransport	Mengsk	ability-minimal	no	ability	MedivacMengskTransport	effect	MedivacMengskUnloadSet	Effect	official-reference	游戏数据/官方SC2原始文本镜像/mods/starcoop/commanders/arcturusmengsk.sc2mod/base.sc2data/gamedata/effectdata.xml	1	ability:MedivacMengskTransport
ability	MedivacMengskTransport	Mengsk	ability-minimal	no	ability	MedivacMengskTransport	effect	CoopCargoDeathDummy	Effect	official-reference	游戏数据/官方SC2原始文本镜像/mods/starcoop/starcoop.sc2mod/base.sc2data/gamedata/effectdata.xml	1	ability:MedivacMengskTransport
ability	MirageGravitonBeamVoidCampaign	Karax	ability-with-chain	no	ability	MirageGravitonBeamVoidCampaign	validator	IsNotEgg	Validator	official-reference	游戏数据/官方SC2原始文本镜像/mods/liberty.sc2mod/base.sc2data/gamedata/validatordata.xml	1	ability:MirageGravitonBeamVoidCampaign
ability	MirageGravitonBeamVoidCampaign	Karax	ability-with-chain	no	ability	MirageGravitonBeamVoidCampaign	validator	IsNotLarva	Validator	official-reference	游戏数据/官方SC2原始文本镜像/mods/swarm.sc2mod/base.sc2data/gamedata/validatordata.xml	1	ability:MirageGravitonBeamVoidCampaign
ability	MirageGravitonBeamVoidCampaign	Karax	ability-with-chain	no	ability	MirageGravitonBeamVoidCampaign	effect	GravitonBeamVoidCampaign	Effect	official-reference	游戏数据/官方SC2原始文本镜像/mods/starcoop/starcoop.sc2mod/base.sc2data/gamedata/effectdata.xml	1	ability:MirageGravitonBeamVoidCampaign
ability	MorphRoachToRavager	Abathur	ability-with-chain	no	ability	MorphRoachToRavager	requirement	HaveLair	Requirements	official-reference	游戏数据/官方SC2原始文本镜像/mods/liberty.sc2mod/base.sc2data/gamedata/requirementdata.xml	1	ability:MorphRoachToRavager
ability	MorphRoachToRavager	Abathur	ability-with-chain	no	ability	MorphRoachToRavager	effect	CopyOrdersRavagerMorph	EffectAttr	official-reference	游戏数据/官方SC2原始文本镜像/mods/starcoop/starcoop.sc2mod/base.sc2data/gamedata/effectdata.xml	1	ability:MorphRoachToRavager
ability	MorphRoachToRavager	Abathur	ability-with-chain	no	ability	MorphRoachToRavager	unit	RavagerAbathurCocoon	Unit	official-reference	游戏数据/官方SC2原始文本镜像/mods/starcoop/starcoop.sc2mod/base.sc2data/gamedata/unitdata.xml	1	ability:MorphRoachToRavager
ability	MorphRoachToRavager	Abathur	ability-with-chain	no	unit	RavagerAbathur	ability	EvolveToBrutaliskRavager	AbilArray.Link	official-reference	游戏数据/官方SC2原始文本镜像/mods/starcoop/starcoop.sc2mod/base.sc2data/gamedata/abildata.xml	2	ability:MorphRoachToRavager -> unit:RavagerAbathur
ability	MorphRoachToRavager	Abathur	ability-with-chain	no	unit	RavagerAbathur	weapon	RavagerWeapon	WeaponArray.Link	official-reference	游戏数据/官方SC2原始文本镜像/mods/balancemulti.sc2mod/base.sc2data/gamedata/weapondata.xml	2	ability:MorphRoachToRavager -> unit:RavagerAbathur
ability	MorphRoachToRavager	Abathur	ability-with-chain	no	unit	RavagerAbathur	ability	EvolveToBrutaliskRavager	AbilCmd	official-reference	游戏数据/官方SC2原始文本镜像/mods/starcoop/starcoop.sc2mod/base.sc2data/gamedata/abildata.xml	2	ability:MorphRoachToRavager -> unit:RavagerAbathur
ability	MorphRoachToRavager	Abathur	ability-with-chain	no	unit	RavagerAbathur	button	CommanderPrestigeAbathurBrutaliskLocked	Face	official-reference	游戏数据/官方SC2原始文本镜像/mods/starcoop/starcoop.sc2mod/base.sc2data/gamedata/buttondata.xml	2	ability:MorphRoachToRavager -> unit:RavagerAbathur
ability	MorphRoachToRavager	Abathur	ability-with-chain	no	unit	RavagerAbathur	button	EvolveToBrutalisk	Face	official-reference	游戏数据/官方SC2原始文本镜像/mods/starcoop/starcoop.sc2mod/base.sc2data/gamedata/buttondata.xml	2	ability:MorphRoachToRavager -> unit:RavagerAbathur
ability	MorphRoachToRavager	Abathur	ability-with-chain	no	unit	RavagerAbathur	button	BiomassPassive	Face	official-reference	游戏数据/官方SC2原始文本镜像/mods/starcoop/starcoop.sc2mod/base.sc2data/gamedata/buttondata.xml	2	ability:MorphRoachToRavager -> unit:RavagerAbathur
ability	MorphRoachToRavager	Abathur	ability-with-chain	no	unit	RavagerAbathur	requirement	BiomassBuffVisible	Requirements	official-reference	游戏数据/官方SC2原始文本镜像/mods/starcoop/starcoop.sc2mod/base.sc2data/gamedata/requirementdata.xml	2	ability:MorphRoachToRavager -> unit:RavagerAbathur
ability	MorphRoachToRavager	Abathur	ability-with-chain	no	ability	BurrowRavagerAbathurDown	unit	RavagerAbathurBurrowed	UnitAttr	official-reference	游戏数据/官方SC2原始文本镜像/mods/starcoop/starcoop.sc2mod/base.sc2data/gamedata/unitdata.xml	3	ability:MorphRoachToRavager -> unit:RavagerAbathur -> ability:BurrowRavagerAbathurDown
ability	MorphRoachToRavager	Abathur	ability-with-chain	no	ability	RavagerAbathurCorrosiveBile	effect	RavagerCorrosiveBileAoeLaunchSet	Effect	official-reference	游戏数据/官方SC2原始文本镜像/mods/starcoop/starcoop.sc2mod/base.sc2data/gamedata/effectdata.xml	3	ability:MorphRoachToRavager -> unit:RavagerAbathur -> ability:RavagerAbathurCorrosiveBile
ability	MorphRoachToRavager	Abathur	ability-with-chain	no	ability	RavagerAbathurCorrosiveBile	effect	RavagerCorrosiveBileAoeCursorDummy	Effect	official-reference	游戏数据/官方SC2原始文本镜像/mods/starcoop/starcoop.sc2mod/base.sc2data/gamedata/effectdata.xml	3	ability:MorphRoachToRavager -> unit:RavagerAbathur -> ability:RavagerAbathurCorrosiveBile
ability	MorphRoachToRavager	Abathur	ability-with-chain	no	ability	AbathurDeepTunnelImproved	requirement	HaveAbathurImpalerDeepTunnelImproved	Requirements	official-reference	游戏数据/官方SC2原始文本镜像/mods/starcoop/starcoop.sc2mod/base.sc2data/gamedata/requirementdata.xml	3	ability:MorphRoachToRavager -> unit:RavagerAbathur -> ability:AbathurDeepTunnelImproved
ability	MorphRoachToRavager	Abathur	ability-with-chain	no	ability	AbathurDeepTunnelImproved	effect	AbathurDeepTunnelCU	Effect	official-reference	游戏数据/官方SC2原始文本镜像/mods/starcoop/starcoop.sc2mod/base.sc2data/gamedata/effectdata.xml	3	ability:MorphRoachToRavager -> unit:RavagerAbathur -> ability:AbathurDeepTunnelImproved
ability	MorphRoachToRavager	Abathur	ability-with-chain	no	behavior	AllUnitBehaviorController	effect	AllUnitBehaviorControllerSet	Effect	official-reference	游戏数据/官方SC2原始文本镜像/mods/starcoop/starcoop.sc2mod/base.sc2data/gamedata/effectdata.xml	3	ability:MorphRoachToRavager -> unit:RavagerAbathur -> behavior:AllUnitBehaviorController
ability	MorphRoachVileToRavager	Abathur	ability-with-chain	no	ability	MorphRoachVileToRavager	requirement	HaveLair	Requirements	official-reference	游戏数据/官方SC2原始文本镜像/mods/liberty.sc2mod/base.sc2data/gamedata/requirementdata.xml	1	ability:MorphRoachVileToRavager
ability	MorphRoachVileToRavager	Abathur	ability-with-chain	no	ability	MorphRoachVileToRavager	effect	CopyOrdersRavagerMorph	EffectAttr	official-reference	游戏数据/官方SC2原始文本镜像/mods/starcoop/starcoop.sc2mod/base.sc2data/gamedata/effectdata.xml	1	ability:MorphRoachVileToRavager
ability	MorphRoachVileToRavager	Abathur	ability-with-chain	no	ability	MorphRoachVileToRavager	unit	RavagerVileAbathurCocoon	Unit	official-reference	游戏数据/官方SC2原始文本镜像/mods/starcoop/starcoop.sc2mod/base.sc2data/gamedata/unitdata.xml	1	ability:MorphRoachVileToRavager
ability	MorphRoachVileToRavager	Abathur	ability-with-chain	no	unit	RavagerAbathur	ability	EvolveToBrutaliskRavager	AbilArray.Link	official-reference	游戏数据/官方SC2原始文本镜像/mods/starcoop/starcoop.sc2mod/base.sc2data/gamedata/abildata.xml	2	ability:MorphRoachVileToRavager -> unit:RavagerAbathur
ability	MorphRoachVileToRavager	Abathur	ability-with-chain	no	unit	RavagerAbathur	weapon	RavagerWeapon	WeaponArray.Link	official-reference	游戏数据/官方SC2原始文本镜像/mods/balancemulti.sc2mod/base.sc2data/gamedata/weapondata.xml	2	ability:MorphRoachVileToRavager -> unit:RavagerAbathur
ability	MorphRoachVileToRavager	Abathur	ability-with-chain	no	unit	RavagerAbathur	ability	EvolveToBrutaliskRavager	AbilCmd	official-reference	游戏数据/官方SC2原始文本镜像/mods/starcoop/starcoop.sc2mod/base.sc2data/gamedata/abildata.xml	2	ability:MorphRoachVileToRavager -> unit:RavagerAbathur
ability	MorphRoachVileToRavager	Abathur	ability-with-chain	no	unit	RavagerAbathur	button	CommanderPrestigeAbathurBrutaliskLocked	Face	official-reference	游戏数据/官方SC2原始文本镜像/mods/starcoop/starcoop.sc2mod/base.sc2data/gamedata/buttondata.xml	2	ability:MorphRoachVileToRavager -> unit:RavagerAbathur
ability	MorphRoachVileToRavager	Abathur	ability-with-chain	no	unit	RavagerAbathur	button	EvolveToBrutalisk	Face	official-reference	游戏数据/官方SC2原始文本镜像/mods/starcoop/starcoop.sc2mod/base.sc2data/gamedata/buttondata.xml	2	ability:MorphRoachVileToRavager -> unit:RavagerAbathur
ability	MorphRoachVileToRavager	Abathur	ability-with-chain	no	unit	RavagerAbathur	button	BiomassPassive	Face	official-reference	游戏数据/官方SC2原始文本镜像/mods/starcoop/starcoop.sc2mod/base.sc2data/gamedata/buttondata.xml	2	ability:MorphRoachVileToRavager -> unit:RavagerAbathur
ability	MorphRoachVileToRavager	Abathur	ability-with-chain	no	unit	RavagerAbathur	requirement	BiomassBuffVisible	Requirements	official-reference	游戏数据/官方SC2原始文本镜像/mods/starcoop/starcoop.sc2mod/base.sc2data/gamedata/requirementdata.xml	2	ability:MorphRoachVileToRavager -> unit:RavagerAbathur
ability	MorphRoachVileToRavager	Abathur	ability-with-chain	no	ability	BurrowRavagerAbathurDown	unit	RavagerAbathurBurrowed	UnitAttr	official-reference	游戏数据/官方SC2原始文本镜像/mods/starcoop/starcoop.sc2mod/base.sc2data/gamedata/unitdata.xml	3	ability:MorphRoachVileToRavager -> unit:RavagerAbathur -> ability:BurrowRavagerAbathurDown
ability	MorphRoachVileToRavager	Abathur	ability-with-chain	no	ability	RavagerAbathurCorrosiveBile	effect	RavagerCorrosiveBileAoeLaunchSet	Effect	official-reference	游戏数据/官方SC2原始文本镜像/mods/starcoop/starcoop.sc2mod/base.sc2data/gamedata/effectdata.xml	3	ability:MorphRoachVileToRavager -> unit:RavagerAbathur -> ability:RavagerAbathurCorrosiveBile
ability	MorphRoachVileToRavager	Abathur	ability-with-chain	no	ability	RavagerAbathurCorrosiveBile	effect	RavagerCorrosiveBileAoeCursorDummy	Effect	official-reference	游戏数据/官方SC2原始文本镜像/mods/starcoop/starcoop.sc2mod/base.sc2data/gamedata/effectdata.xml	3	ability:MorphRoachVileToRavager -> unit:RavagerAbathur -> ability:RavagerAbathurCorrosiveBile
ability	MorphRoachVileToRavager	Abathur	ability-with-chain	no	ability	AbathurDeepTunnelImproved	requirement	HaveAbathurImpalerDeepTunnelImproved	Requirements	official-reference	游戏数据/官方SC2原始文本镜像/mods/starcoop/starcoop.sc2mod/base.sc2data/gamedata/requirementdata.xml	3	ability:MorphRoachVileToRavager -> unit:RavagerAbathur -> ability:AbathurDeepTunnelImproved
ability	MorphRoachVileToRavager	Abathur	ability-with-chain	no	ability	AbathurDeepTunnelImproved	effect	AbathurDeepTunnelCU	Effect	official-reference	游戏数据/官方SC2原始文本镜像/mods/starcoop/starcoop.sc2mod/base.sc2data/gamedata/effectdata.xml	3	ability:MorphRoachVileToRavager -> unit:RavagerAbathur -> ability:AbathurDeepTunnelImproved
ability	MorphRoachVileToRavager	Abathur	ability-with-chain	no	behavior	AllUnitBehaviorController	effect	AllUnitBehaviorControllerSet	Effect	official-reference	游戏数据/官方SC2原始文本镜像/mods/starcoop/starcoop.sc2mod/base.sc2data/gamedata/effectdata.xml	3	ability:MorphRoachVileToRavager -> unit:RavagerAbathur -> behavior:AllUnitBehaviorController
ability	MorphToBanelingStetmann	Stetmann	ability-with-chain	no	ability	MorphToBanelingStetmann	requirement	HaveBanelingNestStetmann	Requirements	xm-dependency	原始mod/Mods/XM/XMStetmann.SC2Mod/Base.SC2Data/GameData/requirementdata.xml	1	ability:MorphToBanelingStetmann
ability	MorphToBanelingStetmann	Stetmann	ability-with-chain	no	ability	MorphToBanelingStetmann	effect	PostMorphHeal	Effect	official-reference	游戏数据/官方SC2原始文本镜像/mods/liberty.sc2mod/base.sc2data/gamedata/effectdata.xml	1	ability:MorphToBanelingStetmann
ability	MorphToBanelingStetmann	Stetmann	ability-with-chain	no	ability	MorphToBanelingStetmann	unit	BanelingStetmannCocoon	UnitAttr	xm-dependency	原始mod/Mods/XM/XMStetmann.SC2Mod/Base.SC2Data/GameData/unitdata.xml	1	ability:MorphToBanelingStetmann
ability	MorphToBanelingStetmann	Stetmann	ability-with-chain	no	ability	MorphToBanelingStetmann	unit	BanelingStetmann	UnitAttr	xm-dependency	原始mod/Mods/XM/XMStetmann.SC2Mod/Base.SC2Data/GameData/unitdata.xml	1	ability:MorphToBanelingStetmann
ability	MorphToCBroodLordStetmann	Stetmann	ability-with-chain	no	ability	MorphToCBroodLordStetmann	requirement	HaveGreaterSpireStetmann	Requirements	xm-dependency	原始mod/Mods/XM/XMStetmann.SC2Mod/Base.SC2Data/GameData/requirementdata.xml	1	ability:MorphToCBroodLordStetmann
ability	MorphToCBroodLordStetmann	Stetmann	ability-with-chain	no	ability	MorphToCBroodLordStetmann	effect	PostMorphHeal	Effect	official-reference	游戏数据/官方SC2原始文本镜像/mods/liberty.sc2mod/base.sc2data/gamedata/effectdata.xml	1	ability:MorphToCBroodLordStetmann
ability	MorphToCBroodLordStetmann	Stetmann	ability-with-chain	no	ability	MorphToCBroodLordStetmann	unit	BroodLordStetmannCocoon	UnitAttr	xm-dependency	原始mod/Mods/XM/XMStetmann.SC2Mod/Base.SC2Data/GameData/unitdata.xml	1	ability:MorphToCBroodLordStetmann
ability	MorphToCBroodLordStetmann	Stetmann	ability-with-chain	no	ability	MorphToCBroodLordStetmann	unit	BroodLordStetmann	UnitAttr	xm-dependency	原始mod/Mods/XM/XMStetmann.SC2Mod/Base.SC2Data/GameData/unitdata.xml	1	ability:MorphToCBroodLordStetmann
ability	MorphToHellionBlackOps	Nova	ability-with-chain	no	ability	MorphToHellionBlackOps	unit	HellionBlackOps	UnitAttr	xm-dependency	原始mod/Mods/XM/XMNova.SC2Mod/Base.SC2Data/GameData/UnitData.xml	1	ability:MorphToHellionBlackOps
ability	MorphToHHHellion	Horner	ability-with-chain	no	ability	MorphToHHHellion	unit	HHHellion	UnitAttr	official-reference	游戏数据/官方SC2原始文本镜像/mods/starcoop/starcoop.sc2mod/base.sc2data/gamedata/unitdata.xml	1	ability:MorphToHHHellion
ability	MorphToHHHellionTank	Horner	ability-with-chain	no	ability	MorphToHHHellionTank	unit	HHHellionTank	UnitAttr	official-reference	游戏数据/官方SC2原始文本镜像/mods/starcoop/starcoop.sc2mod/base.sc2data/gamedata/unitdata.xml	1	ability:MorphToHHHellionTank
ability	MorphToLurkerStetmann	Stetmann	ability-with-chain	no	ability	MorphToLurkerStetmann	requirement	HaveLurkerDenStetmann	Requirements	xm-dependency	原始mod/Mods/XM/XMStetmann.SC2Mod/Base.SC2Data/GameData/requirementdata.xml	1	ability:MorphToLurkerStetmann
ability	MorphToLurkerStetmann	Stetmann	ability-with-chain	no	ability	MorphToLurkerStetmann	effect	PostMorphHeal	Effect	official-reference	游戏数据/官方SC2原始文本镜像/mods/liberty.sc2mod/base.sc2data/gamedata/effectdata.xml	1	ability:MorphToLurkerStetmann
ability	MorphToLurkerStetmann	Stetmann	ability-with-chain	no	ability	MorphToLurkerStetmann	unit	LurkerStetmannCocoon	UnitAttr	xm-dependency	原始mod/Mods/XM/XMStetmann.SC2Mod/Base.SC2Data/GameData/unitdata.xml	1	ability:MorphToLurkerStetmann
ability	MorphToLurkerStetmann	Stetmann	ability-with-chain	no	ability	MorphToLurkerStetmann	unit	LurkerStetmann	UnitAttr	xm-dependency	原始mod/Mods/XM/XMStetmann.SC2Mod/Base.SC2Data/GameData/unitdata.xml	1	ability:MorphToLurkerStetmann
ability	MorphToRavagerStetmann	Stetmann	ability-with-chain	no	ability	MorphToRavagerStetmann	requirement	HaveRoachWarrenStetmann	Requirements	xm-dependency	原始mod/Mods/XM/XMStetmann.SC2Mod/Base.SC2Data/GameData/requirementdata.xml	1	ability:MorphToRavagerStetmann
ability	MorphToRavagerStetmann	Stetmann	ability-with-chain	no	ability	MorphToRavagerStetmann	effect	PostMorphHeal	Effect	official-reference	游戏数据/官方SC2原始文本镜像/mods/liberty.sc2mod/base.sc2data/gamedata/effectdata.xml	1	ability:MorphToRavagerStetmann
ability	MorphToRavagerStetmann	Stetmann	ability-with-chain	no	ability	MorphToRavagerStetmann	unit	RavagerStetmannCocoon	UnitAttr	xm-dependency	原始mod/Mods/XM/XMStetmann.SC2Mod/Base.SC2Data/GameData/unitdata.xml	1	ability:MorphToRavagerStetmann
ability	MorphToRavagerStetmann	Stetmann	ability-with-chain	no	ability	MorphToRavagerStetmann	unit	RavagerStetmann	UnitAttr	xm-dependency	原始mod/Mods/XM/XMStetmann.SC2Mod/Base.SC2Data/GameData/unitdata.xml	1	ability:MorphToRavagerStetmann
ability	MorphToSuperGaryStetmann	Stetmann	ability-with-chain	no	ability	MorphToSuperGaryStetmann	requirement	SuperGaryStetmannRequirements	Requirements	xm-dependency	原始mod/Mods/XM/XMStetmann.SC2Mod/Base.SC2Data/GameData/requirementdata.xml	1	ability:MorphToSuperGaryStetmann
ability	MorphToSuperGaryStetmann	Stetmann	ability-with-chain	no	ability	MorphToSuperGaryStetmann	effect	SuperGaryStetmannAbilities	Effect	xm-dependency	原始mod/Mods/XM/XMStetmann.SC2Mod/Base.SC2Data/GameData/effectdata.xml	1	ability:MorphToSuperGaryStetmann
ability	MorphToSuperGaryStetmann	Stetmann	ability-with-chain	no	ability	MorphToSuperGaryStetmann	unit	SuperGaryStetmann	UnitAttr	xm-dependency	原始mod/Mods/XM/XMStetmann.SC2Mod/Base.SC2Data/GameData/unitdata.xml	1	ability:MorphToSuperGaryStetmann
ability	MorphZerglingToBaneling	Zagara	ability-with-chain	no	ability	MorphZerglingToBaneling	requirement	CoopBasicBaneling	Requirements	official-reference	游戏数据/官方SC2原始文本镜像/mods/starcoop/starcoop.sc2mod/base.sc2data/gamedata/requirementdata.xml	1	ability:MorphZerglingToBaneling
ability	MurvarCoopPuke	Dehaka	ability-with-chain	no	ability	MurvarCoopPuke	validator	UnitOrAttackingStructure	Validator	official-reference	游戏数据/官方SC2原始文本镜像/mods/balancemulti.sc2mod/base.sc2data/gamedata/validatordata.xml	1	ability:MurvarCoopPuke
ability	MurvarCoopPuke	Dehaka	ability-with-chain	no	ability	MurvarCoopPuke	effect	CoopMurvarPukeInitialSet	Effect	xm-dependency	原始mod/Mods/XM/XMDehaka.SC2Mod/Base.SC2Data/GameData/EffectData.xml	1	ability:MurvarCoopPuke
ability	MurvarCoopPuke	Dehaka	ability-with-chain	no	ability	MurvarCoopPuke	effect	CoopMurvarPukePuddleSearch	Effect	xm-dependency	原始mod/Mods/XM/XMDehaka.SC2Mod/Base.SC2Data/GameData/EffectData.xml	1	ability:MurvarCoopPuke
ability	MutaliskMorphToDevourer	Abathur	ability-with-chain	no	ability	MutaliskMorphToDevourer	requirement	HaveGreaterSpire	Requirements	official-reference	游戏数据/官方SC2原始文本镜像/mods/liberty.sc2mod/base.sc2data/gamedata/requirementdata.xml	1	ability:MutaliskMorphToDevourer
ability	MutaliskMorphToDevourer	Abathur	ability-with-chain	no	ability	MutaliskMorphToDevourer	unit	DevourerCocoonMP	Unit	official-reference	游戏数据/官方SC2原始文本镜像/mods/starcoop/starcoop.sc2mod/base.sc2data/gamedata/unitdata.xml	1	ability:MutaliskMorphToDevourer
ability	MutaliskMorphToDevourer	Abathur	ability-with-chain	no	ability	MutaliskMorphToDevourer	unit	Devourer	Unit	official-reference	游戏数据/官方SC2原始文本镜像/mods/starcoop/starcoop.sc2mod/base.sc2data/gamedata/unitdata.xml	1	ability:MutaliskMorphToDevourer
ability	NanoRepair	Swann	ability-minimal	no	ability	NanoRepair	requirement	ScienceVesselNotHaveNanoRepairDoubleUse	Requirements	official-reference	游戏数据/官方SC2原始文本镜像/mods/starcoop/starcoop.sc2mod/base.sc2data/gamedata/requirementdata.xml	1	ability:NanoRepair
ability	NanoRepair	Swann	ability-minimal	no	ability	NanoRepair	validator	NotUnrepairable	Validator	official-reference	游戏数据/官方SC2原始文本镜像/mods/starcoop/starcoop.sc2mod/base.sc2data/gamedata/validatordata.xml	1	ability:NanoRepair
ability	NovaCoopCasterNuke	Nova	external-xm-dependency-node	no			ability	NovaCoopCasterNuke	profile-root	xm-dependency	原始mod/Mods/XM/XMNova.SC2Mod/Base.SC2Data/GameData/AbilData.xml	0	ability:NovaCoopCasterNuke
ability	NovaCoopDecoyTarget	Nova	external-xm-dependency-node	no			ability	NovaCoopDecoyTarget	profile-root	xm-dependency	原始mod/Mods/XM/XMNova.SC2Mod/Base.SC2Data/GameData/AbilData.xml	0	ability:NovaCoopDecoyTarget
ability	NovaGriffinBombingRunExecute	Nova	external-xm-dependency-node	no			ability	NovaGriffinBombingRunExecute	profile-root	xm-dependency	原始mod/Mods/XM/XMNova.SC2Mod/Base.SC2Data/GameData/AbilData.xml	0	ability:NovaGriffinBombingRunExecute
ability	NovaGriffinTransportLoad	Nova	external-xm-dependency-node	no			ability	NovaGriffinTransportLoad	profile-root	xm-dependency	原始mod/Mods/XM/XMNova.SC2Mod/Base.SC2Data/GameData/AbilData.xml	0	ability:NovaGriffinTransportLoad
ability	ObserverMorphtoObserverSiege	Artanis,Fenix,Karax,Zeratul	ability-with-chain	no	ability	ObserverMorphtoObserverSiege	unit	ObserverSiegeMode	UnitAttr	official-reference	游戏数据/官方SC2原始文本镜像/mods/balancemulti.sc2mod/base.sc2data/gamedata/unitdata.xml	1	ability:ObserverMorphtoObserverSiege
ability	OverseerMorphtoOverseerSiegeStetmann	Stetmann	ability-with-chain	no	ability	OverseerMorphtoOverseerSiegeStetmann	unit	OverseerStetmannSiegeMode	UnitAttr	xm-dependency	原始mod/Mods/XM/XMStetmann.SC2Mod/Base.SC2Data/GameData/unitdata.xml	1	ability:OverseerMorphtoOverseerSiegeStetmann
ability	OverseerSiegeMorphtoOverseerStetmann	Stetmann	ability-with-chain	no	ability	OverseerSiegeMorphtoOverseerStetmann	unit	OverseerStetmann	UnitAttr	xm-dependency	原始mod/Mods/XM/XMStetmann.SC2Mod/Base.SC2Data/GameData/unitdata.xml	1	ability:OverseerSiegeMorphtoOverseerStetmann
ability	PhasingModeTaldarim	Alarak	ability-with-chain	no	ability	PhasingModeTaldarim	unit	WarpPrismPhasingTaldarim	UnitAttr	official-reference	游戏数据/官方SC2原始文本镜像/mods/starcoop/starcoop.sc2mod/base.sc2data/gamedata/unitdata.xml	1	ability:PhasingModeTaldarim
ability	PlaceHealingDrone	Nova	ability-with-chain	no	ability	PlaceHealingDrone	validator	RavenHealDroneAutoCast	Validator	official-reference	游戏数据/官方SC2原始文本镜像/mods/starcoop/starcoop.sc2mod/base.sc2data/gamedata/validatordata.xml	1	ability:PlaceHealingDrone
ability	PlaceHealingDrone	Nova	ability-with-chain	no	ability	PlaceHealingDrone	effect	HealingDroneReleaseCreateUnit	Effect	xm-dependency	原始mod/Mods/XM/XMNova.SC2Mod/Base.SC2Data/GameData/EffectData.xml	1	ability:PlaceHealingDrone
ability	PlaceHealingDrone	Nova	ability-with-chain	no	ability	PlaceHealingDrone	unit	HealingDrone	Unit	xm-dependency	原始mod/Mods/XM/XMNova.SC2Mod/Base.SC2Data/GameData/UnitData.xml	1	ability:PlaceHealingDrone
ability	PowerFieldSuperGaryStetmannEnergy	Stetmann	ability-with-chain	no	ability	PowerFieldSuperGaryStetmannEnergy	requirement	HavePowerFieldEnergyRegenerationUpgrade	Requirements	xm-dependency	原始mod/Mods/XM/XMStetmann.SC2Mod/Base.SC2Data/GameData/requirementdata.xml	1	ability:PowerFieldSuperGaryStetmannEnergy
ability	PowerFieldSuperGaryStetmannEnergy	Stetmann	ability-with-chain	no	ability	PowerFieldSuperGaryStetmannEnergy	effect	PowerFieldSuperGaryStetmannCP	Effect	official-reference	游戏数据/官方SC2原始文本镜像/mods/starcoop/commanders/egonstetmann.sc2mod/base.sc2data/gamedata/effectdata.xml	1	ability:PowerFieldSuperGaryStetmannEnergy
ability	PowerFieldSuperGaryStetmannEnergy	Stetmann	ability-with-chain	no	ability	PowerFieldSuperGaryStetmannEnergy	effect	PowerFieldSuperGaryStetmann	Effect	cross-kind-reference	原始mod/Mods/XM/XMStetmann.SC2Mod/Base.SC2Data/GameData/upgradedata.xml	1	ability:PowerFieldSuperGaryStetmannEnergy
ability	PrimalSlash	Kerrigan	ability-with-chain	no	ability	PrimalSlash	effect	PrimalSlashInitialSet	Effect	official-reference	游戏数据/官方SC2原始文本镜像/mods/starcoop/starcoop.sc2mod/base.sc2data/gamedata/effectdata.xml	1	ability:PrimalSlash
ability	PsionicLift	Kerrigan	ability-with-chain	no	ability	PsionicLift	effect	PsionicLiftRaiseSearch	Effect	official-reference	游戏数据/官方SC2原始文本镜像/mods/starcoop/starcoop.sc2mod/base.sc2data/gamedata/effectdata.xml	1	ability:PsionicLift
ability	PsiStorm	Artanis	ability-minimal	no	ability	PsiStorm	requirement	UsePsiStorm	Requirements	official-reference	游戏数据/官方SC2原始文本镜像/mods/liberty.sc2mod/base.sc2data/gamedata/requirementdata.xml	1	ability:PsiStorm
ability	RavagerAbathurCorrosiveBile	Abathur	ability-with-chain	no	ability	RavagerAbathurCorrosiveBile	effect	RavagerCorrosiveBileAoeLaunchSet	Effect	official-reference	游戏数据/官方SC2原始文本镜像/mods/starcoop/starcoop.sc2mod/base.sc2data/gamedata/effectdata.xml	1	ability:RavagerAbathurCorrosiveBile
ability	RavagerAbathurCorrosiveBile	Abathur	ability-with-chain	no	ability	RavagerAbathurCorrosiveBile	effect	RavagerCorrosiveBileAoeCursorDummy	Effect	official-reference	游戏数据/官方SC2原始文本镜像/mods/starcoop/starcoop.sc2mod/base.sc2data/gamedata/effectdata.xml	1	ability:RavagerAbathurCorrosiveBile
ability	RavagerStetmannCorrosiveBile	Stetmann	ability-with-chain	no	ability	RavagerStetmannCorrosiveBile	validator	RavagerStetmannCorrosiveBileNoNearbyMarker	Validator	xm-dependency	原始mod/Mods/XM/XMStetmann.SC2Mod/Base.SC2Data/GameData/validatordata.xml	1	ability:RavagerStetmannCorrosiveBile
ability	RavagerStetmannCorrosiveBile	Stetmann	ability-with-chain	no	ability	RavagerStetmannCorrosiveBile	effect	RavagerStetmannCorrosiveBileAoELaunchSet	Effect	xm-dependency	原始mod/Mods/XM/XMStetmann.SC2Mod/Base.SC2Data/GameData/effectdata.xml	1	ability:RavagerStetmannCorrosiveBile
ability	RavagerStetmannCorrosiveBile	Stetmann	ability-with-chain	no	ability	RavagerStetmannCorrosiveBile	effect	RavagerCorrosiveBileAoeCursorDummy	Effect	official-reference	游戏数据/官方SC2原始文本镜像/mods/starcoop/starcoop.sc2mod/base.sc2data/gamedata/effectdata.xml	1	ability:RavagerStetmannCorrosiveBile
ability	RavenMengskMorphtoRavenMengskSieged	Mengsk	ability-with-chain	no	ability	RavenMengskMorphtoRavenMengskSieged	unit	RavenMengskSieged	UnitAttr	xm-dependency	原始mod/Mods/XM/XMMengsk.SC2Mod/Base.SC2Data/GameData/UnitData.xml	1	ability:RavenMengskMorphtoRavenMengskSieged
ability	RavenMengskSiegedMorphtoRavenMengsk	Mengsk	ability-with-chain	no	ability	RavenMengskSiegedMorphtoRavenMengsk	unit	RavenMengsk	UnitAttr	xm-dependency	原始mod/Mods/XM/XMMengsk.SC2Mod/Base.SC2Data/GameData/UnitData.xml	1	ability:RavenMengskSiegedMorphtoRavenMengsk
ability	RavenTargetLock	Horner	ability-with-chain	no	ability	RavenTargetLock	validator	NotHaveTargetLock	Validator	official-reference	游戏数据/官方SC2原始文本镜像/campaigns/void.sc2campaign/base.sc2data/gamedata/validatordata.xml	1	ability:RavenTargetLock
ability	RavenTargetLock	Horner	ability-with-chain	no	ability	RavenTargetLock	validator	NotInterceptor	Validator	official-reference	游戏数据/官方SC2原始文本镜像/mods/liberty.sc2mod/base.sc2data/gamedata/validatordata.xml	1	ability:RavenTargetLock
ability	RavenTargetLock	Horner	ability-with-chain	no	ability	RavenTargetLock	effect	RavenAnalyzeCP	Effect	official-reference	游戏数据/官方SC2原始文本镜像/mods/starcoop/starcoop.sc2mod/base.sc2data/gamedata/effectdata.xml	1	ability:RavenTargetLock
ability	ScienceVesselNanoRepairDouble	Swann	ability-with-chain	no	ability	ScienceVesselNanoRepairDouble	requirement	ScienceVesselNanoRepairDoubleUse	Requirements	official-reference	游戏数据/官方SC2原始文本镜像/mods/starcoop/starcoop.sc2mod/base.sc2data/gamedata/requirementdata.xml	1	ability:ScienceVesselNanoRepairDouble
ability	ScienceVesselNanoRepairDouble	Swann	ability-with-chain	no	ability	ScienceVesselNanoRepairDouble	validator	NotWarpingIn	Validator	official-reference	游戏数据/官方SC2原始文本镜像/mods/liberty.sc2mod/base.sc2data/gamedata/validatordata.xml	1	ability:ScienceVesselNanoRepairDouble
ability	ScienceVesselNanoRepairDouble	Swann	ability-with-chain	no	ability	ScienceVesselNanoRepairDouble	validator	CasterHas10Energy	Validator	official-reference	游戏数据/官方SC2原始文本镜像/mods/liberty.sc2mod/base.sc2data/gamedata/validatordata.xml	1	ability:ScienceVesselNanoRepairDouble
ability	ScienceVesselNanoRepairDouble	Swann	ability-with-chain	no	ability	ScienceVesselNanoRepairDouble	effect	ScienceVesselNanoRepairDoublePersistent	Effect	official-reference	游戏数据/官方SC2原始文本镜像/mods/starcoop/starcoop.sc2mod/base.sc2data/gamedata/effectdata.xml	1	ability:ScienceVesselNanoRepairDouble
ability	ScourgeDetonate	Zagara	ability-with-chain	no	ability	ScourgeDetonate	effect	SuicideSet	Effect	official-reference	游戏数据/官方SC2原始文本镜像/campaigns/liberty.sc2campaign/base.sc2data/gamedata/effectdata.xml	1	ability:ScourgeDetonate
ability	SCVMengskEnlist	Mengsk	ability-with-chain	no	ability	SCVMengskEnlist	effect	TrooperMengskMorphSet	Effect	xm-dependency	原始mod/Mods/XM/XMMengsk.SC2Mod/Base.SC2Data/GameData/EffectData.xml	1	ability:SCVMengskEnlist
ability	SentryFenixPhasingMode	Fenix	ability-with-chain	no	ability	SentryFenixPhasingMode	unit	SentryFenixPhasing	UnitAttr	official-reference	游戏数据/官方SC2原始文本镜像/mods/starcoop/starcoop.sc2mod/base.sc2data/gamedata/unitdata.xml	1	ability:SentryFenixPhasingMode
ability	SiegeModeMengsk	Mengsk	ability-with-chain	no	ability	SiegeModeMengsk	unit	SiegeTankMengskSieged	UnitAttr	xm-dependency	原始mod/Mods/XM/XMMengsk.SC2Mod/Base.SC2Data/GameData/UnitData.xml	1	ability:SiegeModeMengsk
ability	SiegeTank_BlackOpsSiege	Nova	ability-with-chain	no	ability	SiegeTank_BlackOpsSiege	effect	SiegeTankSiegeModeProgressiveRangeInceaseAB	Effect	official-reference	游戏数据/官方SC2原始文本镜像/mods/starcoop/starcoop.sc2mod/base.sc2data/gamedata/effectdata.xml	1	ability:SiegeTank_BlackOpsSiege
ability	SiegeTank_BlackOpsSiege	Nova	ability-with-chain	no	ability	SiegeTank_BlackOpsSiege	unit	SiegeTankSieged_BlackOps	UnitAttr	xm-dependency	原始mod/Mods/XM/XMNova.SC2Mod/Base.SC2Data/GameData/UnitData.xml	1	ability:SiegeTank_BlackOpsSiege
ability	SIMorphToOverseer	Stukov	external-xm-dependency-node	no			ability	SIMorphToOverseer	profile-root	xm-dependency	原始mod/Mods/XM/XMStukov.SC2Mod/Base.SC2Data/GameData/AbilData.xml	0	ability:SIMorphToOverseer
ability	Snipe_BlackOps	Nova	ability-with-chain	no	ability	Snipe_BlackOps	effect	Snipe_BlackOpsSet	Effect	xm-dependency	原始mod/Mods/XM/XMNova.SC2Mod/Base.SC2Data/GameData/EffectData.xml	1	ability:Snipe_BlackOps
ability	Snipe_BlackOps	Nova	ability-with-chain	no	ability	Snipe_BlackOps	effect	Snipe	Effect	cross-kind-reference	游戏数据/官方SC2原始文本镜像/mods/liberty.sc2mod/base.sc2data/gamedata/abildata.xml	1	ability:Snipe_BlackOps
ability	SOADarkPylon	Vorazun	ability-with-chain	no	ability	SOADarkPylon	validator	HasVisionOfTarget	Validator	official-reference	游戏数据/官方SC2原始文本镜像/mods/core.sc2mod/base.sc2data/gamedata/validatordata.xml	1	ability:SOADarkPylon
ability	SOADarkPylon	Vorazun	ability-with-chain	no	ability	SOADarkPylon	effect	SOAProxyPylonVisualAB	Effect	official-reference	游戏数据/官方SC2原始文本镜像/campaigns/void.sc2campaign/base.sc2data/gamedata/effectdata.xml	1	ability:SOADarkPylon
ability	SOAMapWideChrono	Karax	ability-with-chain	no	ability	SOAMapWideChrono	effect	ChronoBoost	Effect	official-reference	游戏数据/官方SC2原始文本镜像/mods/liberty.sc2mod/base.sc2data/gamedata/effectdata.xml	1	ability:SOAMapWideChrono
ability	SOAMapWideChrono	Karax	ability-with-chain	no	effect	SOAMapWideChronoSearch	effect	SOAMapWideChronoAB	EffectAttr	official-reference	游戏数据/官方SC2原始文本镜像/mods/starcoop/starcoop.sc2mod/base.sc2data/gamedata/effectdata.xml	2	ability:SOAMapWideChrono -> effect:SOAMapWideChronoSearch
ability	SOAOrbitalStrikeActivate	Artanis	external-official-reference-node	no			ability	SOAOrbitalStrikeActivate	profile-root	official-reference	游戏数据/官方SC2原始文本镜像/campaigns/void.sc2campaign/base.sc2data/gamedata/abildata.xml	0	ability:SOAOrbitalStrikeActivate
ability	SOAOrbitalStrikeExecute	Artanis	external-official-reference-node	no			ability	SOAOrbitalStrikeExecute	profile-root	official-reference	游戏数据/官方SC2原始文本镜像/campaigns/void.sc2campaign/base.sc2data/gamedata/abildata.xml	0	ability:SOAOrbitalStrikeExecute
ability	SOAOrbitalStrikeKarax	Karax	ability-with-chain	no	ability	SOAOrbitalStrikeKarax	requirement	HaveSOAOrbitalStrike	Requirements	official-reference	游戏数据/官方SC2原始文本镜像/campaigns/void.sc2campaign/base.sc2data/gamedata/requirementdata.xml	1	ability:SOAOrbitalStrikeKarax
ability	SOAOrbitalStrikeKarax	Karax	ability-with-chain	no	effect	SOAOrbitalStrikeCP	effect	SOAOrbitalStrikeImpactSet	Effect	official-reference	游戏数据/官方SC2原始文本镜像/mods/starcoop/starcoop.sc2mod/base.sc2data/gamedata/effectdata.xml	2	ability:SOAOrbitalStrikeKarax -> effect:SOAOrbitalStrikeCP
ability	SOAOrbitalStrikeKarax	Karax	ability-with-chain	no	effect	SOAOrbitalStrikeImpactSearch	effect	SOAOrbitalStrikeDamageSet	EffectAttr	official-reference	游戏数据/官方SC2原始文本镜像/mods/starcoop/starcoop.sc2mod/base.sc2data/gamedata/effectdata.xml	2	ability:SOAOrbitalStrikeKarax -> effect:SOAOrbitalStrikeImpactSearch
ability	SOAPylonPower	Artanis	ability-with-chain	no	ability	SOAPylonPower	effect	SOAPylonPowerCoop	Effect	official-reference	游戏数据/官方SC2原始文本镜像/mods/starcoop/starcoop.sc2mod/base.sc2data/gamedata/effectdata.xml	1	ability:SOAPylonPower
ability	SOAShadowGuardCalldown	Vorazun	ability-with-chain	no	effect	ShadowGuardCU	validator	Pathable	Validator	official-reference	游戏数据/官方SC2原始文本镜像/mods/core.sc2mod/base.sc2data/gamedata/validatordata.xml	2	ability:SOAShadowGuardCalldown -> effect:ShadowGuardCU
ability	SOAShadowGuardCalldown	Vorazun	ability-with-chain	no	effect	ShadowGuardCU	effect	ShadowGuardSpawnSet	Effect	official-reference	游戏数据/官方SC2原始文本镜像/mods/starcoop/starcoop.sc2mod/base.sc2data/gamedata/effectdata.xml	2	ability:SOAShadowGuardCalldown -> effect:ShadowGuardCU
ability	SOAShadowGuardCalldown	Vorazun	ability-with-chain	no	effect	ShadowGuardCU	unit	VorazunShadowGuard	Unit	official-reference	游戏数据/官方SC2原始文本镜像/mods/starcoop/starcoop.sc2mod/base.sc2data/gamedata/unitdata.xml	2	ability:SOAShadowGuardCalldown -> effect:ShadowGuardCU
ability	SOAStrafeAttack	Artanis	external-official-reference-node	no			ability	SOAStrafeAttack	profile-root	official-reference	游戏数据/官方SC2原始文本镜像/campaigns/void.sc2campaign/base.sc2data/gamedata/abildata.xml	0	ability:SOAStrafeAttack
ability	SOAStrafeAttackExecute	Artanis	external-official-reference-node	no			ability	SOAStrafeAttackExecute	profile-root	official-reference	游戏数据/官方SC2原始文本镜像/campaigns/void.sc2campaign/base.sc2data/gamedata/abildata.xml	0	ability:SOAStrafeAttackExecute
ability	SOASummonFenix	Fenix	ability-with-chain	no	effect	SOASummonFenixInitialSet	effect	SOASummonFenixHeroSummonCleanupDummy	Effect	official-reference	游戏数据/官方SC2原始文本镜像/mods/starcoop/starcoop.sc2mod/base.sc2data/gamedata/effectdata.xml	2	ability:SOASummonFenix -> effect:SOASummonFenixInitialSet
ability	SOASummonFenix	Fenix	ability-with-chain	no	effect	SOASummonFenixInitialSet	effect	SOASummonFenixHeroSummonCasterBehaviorCleanup	Effect	official-reference	游戏数据/官方SC2原始文本镜像/mods/starcoop/starcoop.sc2mod/base.sc2data/gamedata/effectdata.xml	2	ability:SOASummonFenix -> effect:SOASummonFenixInitialSet
ability	SOASummonFenix	Fenix	ability-with-chain	no	effect	SOASummonFenixInitialSet	effect	SOASummonFenixCU	Effect	official-reference	游戏数据/官方SC2原始文本镜像/mods/starcoop/starcoop.sc2mod/base.sc2data/gamedata/effectdata.xml	2	ability:SOASummonFenix -> effect:SOASummonFenixInitialSet
ability	SOASummonFenix	Fenix	ability-with-chain	no	effect	SOASummonFenixInitialSet	effect	SOASummonFenixActiveAB	Effect	official-reference	游戏数据/官方SC2原始文本镜像/mods/starcoop/starcoop.sc2mod/base.sc2data/gamedata/effectdata.xml	2	ability:SOASummonFenix -> effect:SOASummonFenixInitialSet
ability	SOASummonFenixArbiter	Fenix	ability-with-chain	no	effect	SOASummonFenixArbiterInitialSet	effect	SOASummonFenixHeroSummonCleanupDummy	Effect	official-reference	游戏数据/官方SC2原始文本镜像/mods/starcoop/starcoop.sc2mod/base.sc2data/gamedata/effectdata.xml	2	ability:SOASummonFenixArbiter -> effect:SOASummonFenixArbiterInitialSet
ability	SOASummonFenixArbiter	Fenix	ability-with-chain	no	effect	SOASummonFenixArbiterInitialSet	effect	SOASummonFenixHeroSummonCasterBehaviorCleanup	Effect	official-reference	游戏数据/官方SC2原始文本镜像/mods/starcoop/starcoop.sc2mod/base.sc2data/gamedata/effectdata.xml	2	ability:SOASummonFenixArbiter -> effect:SOASummonFenixArbiterInitialSet
ability	SOASummonFenixArbiter	Fenix	ability-with-chain	no	effect	SOASummonFenixArbiterInitialSet	effect	SOASummonFenixArbiterCU	Effect	official-reference	游戏数据/官方SC2原始文本镜像/mods/starcoop/starcoop.sc2mod/base.sc2data/gamedata/effectdata.xml	2	ability:SOASummonFenixArbiter -> effect:SOASummonFenixArbiterInitialSet
ability	SOASummonFenixArbiter	Fenix	ability-with-chain	no	effect	SOASummonFenixArbiterInitialSet	effect	SOASummonFenixArbiterActiveAB	Effect	official-reference	游戏数据/官方SC2原始文本镜像/mods/starcoop/starcoop.sc2mod/base.sc2data/gamedata/effectdata.xml	2	ability:SOASummonFenixArbiter -> effect:SOASummonFenixArbiterInitialSet
ability	SOASummonFenixDragoon	Fenix	ability-with-chain	no	effect	SOASummonFenixDragoonInitialSet	effect	SOASummonFenixHeroSummonCleanupDummy	Effect	official-reference	游戏数据/官方SC2原始文本镜像/mods/starcoop/starcoop.sc2mod/base.sc2data/gamedata/effectdata.xml	2	ability:SOASummonFenixDragoon -> effect:SOASummonFenixDragoonInitialSet
ability	SOASummonFenixDragoon	Fenix	ability-with-chain	no	effect	SOASummonFenixDragoonInitialSet	effect	SOASummonFenixHeroSummonCasterBehaviorCleanup	Effect	official-reference	游戏数据/官方SC2原始文本镜像/mods/starcoop/starcoop.sc2mod/base.sc2data/gamedata/effectdata.xml	2	ability:SOASummonFenixDragoon -> effect:SOASummonFenixDragoonInitialSet
ability	SOASummonFenixDragoon	Fenix	ability-with-chain	no	effect	SOASummonFenixDragoonInitialSet	effect	SOASummonFenixDragoonCU	Effect	official-reference	游戏数据/官方SC2原始文本镜像/mods/starcoop/starcoop.sc2mod/base.sc2data/gamedata/effectdata.xml	2	ability:SOASummonFenixDragoon -> effect:SOASummonFenixDragoonInitialSet
ability	SOASummonFenixDragoon	Fenix	ability-with-chain	no	effect	SOASummonFenixDragoonInitialSet	effect	SOASummonFenixDragoonActiveAB	Effect	official-reference	游戏数据/官方SC2原始文本镜像/mods/starcoop/starcoop.sc2mod/base.sc2data/gamedata/effectdata.xml	2	ability:SOASummonFenixDragoon -> effect:SOASummonFenixDragoonInitialSet
ability	SoASuperShield	Artanis	external-official-reference-node	no			ability	SoASuperShield	profile-root	official-reference	游戏数据/官方SC2原始文本镜像/campaigns/void.sc2campaign/base.sc2data/gamedata/abildata.xml	0	ability:SoASuperShield
ability	SOAThermalLanceExecute	Karax	ability-with-chain	no	effect	SOAThermalLanceSet	effect	SOAThermalLanceCP	Effect	official-reference	游戏数据/官方SC2原始文本镜像/mods/starcoop/starcoop.sc2mod/base.sc2data/gamedata/effectdata.xml	2	ability:SOAThermalLanceExecute -> effect:SOAThermalLanceSet
ability	SOAThermalLanceExecute	Karax	ability-with-chain	no	effect	SOAThermalLanceSet	effect	SOASolarLanceFireBeamInitialCP	Effect	official-reference	游戏数据/官方SC2原始文本镜像/mods/starcoop/starcoop.sc2mod/base.sc2data/gamedata/effectdata.xml	2	ability:SOAThermalLanceExecute -> effect:SOAThermalLanceSet
ability	SOATimeFreeze	Vorazun	external-official-reference-node	no			ability	SOATimeFreeze	profile-root	official-reference	游戏数据/官方SC2原始文本镜像/campaigns/void.sc2campaign/base.sc2data/gamedata/abildata.xml	0	ability:SOATimeFreeze
ability	StukovInfestedSiegeTankDeepTunnel	Stukov	ability-with-chain	no	ability	StukovInfestedSiegeTankDeepTunnel	effect	StukovInfestedSiegeTankDeepTunnelCU	Effect	xm-dependency	原始mod/Mods/XM/XMStukov.SC2Mod/Base.SC2Data/GameData/EffectData.xml	1	ability:StukovInfestedSiegeTankDeepTunnel
ability	StukovInfestedSiegeTankDeepTunnel	Stukov	ability-with-chain	no	ability	StukovInfestedSiegeTankDeepTunnel	effect	AbathurDeepTunnelCU	Effect	official-reference	游戏数据/官方SC2原始文本镜像/mods/starcoop/starcoop.sc2mod/base.sc2data/gamedata/effectdata.xml	1	ability:StukovInfestedSiegeTankDeepTunnel
ability	StukovInfestedSiegeTankDeepTunnel	Stukov	ability-with-chain	no	ability	StukovInfestedSiegeTankDeepTunnel	effect	SISiegeTankSiegedTentacleDisable	Effect	official-reference	游戏数据/官方SC2原始文本镜像/mods/starcoop/starcoop.sc2mod/base.sc2data/gamedata/effectdata.xml	1	ability:StukovInfestedSiegeTankDeepTunnel
ability	StukovInfestedSiegeTankUproot	Stukov	ability-with-chain	no	ability	StukovInfestedSiegeTankUproot	unit	StukovInfestedSiegeTankUprooted	UnitAttr	xm-dependency	原始mod/Mods/XM/XMStukov.SC2Mod/Base.SC2Data/GameData/UnitData.xml	1	ability:StukovInfestedSiegeTankUproot
ability	SuicideBuilding	Zagara	ability-with-chain	no	ability	SuicideBuilding	behavior	SuicideBuilding	BehaviorArray	official-reference	游戏数据/官方SC2原始文本镜像/mods/starcoop/starcoop.sc2mod/base.sc2data/gamedata/behaviordata.xml	1	ability:SuicideBuilding
ability	SuicideBuilding	Zagara	ability-with-chain	no	ability	SuicideBuilding	behavior	SuicideBuilding	Behavior	official-reference	游戏数据/官方SC2原始文本镜像/mods/starcoop/starcoop.sc2mod/base.sc2data/gamedata/behaviordata.xml	1	ability:SuicideBuilding
ability	SuperGaryStetmannOrb	Stetmann	ability-with-chain	no	ability	SuperGaryStetmannOrb	effect	GaryStetmannOrbInitialSwitch	Effect	xm-dependency	原始mod/Mods/XM/XMStetmann.SC2Mod/Base.SC2Data/GameData/effectdata.xml	1	ability:SuperGaryStetmannOrb
ability	SuperGaryStetmannPowerTowerOverchargeEnergy	Stetmann	ability-with-chain	no	ability	SuperGaryStetmannPowerTowerOverchargeEnergy	requirement	HavePowerFieldEnergyRegenerationUpgrade	Requirements	xm-dependency	原始mod/Mods/XM/XMStetmann.SC2Mod/Base.SC2Data/GameData/requirementdata.xml	1	ability:SuperGaryStetmannPowerTowerOverchargeEnergy
ability	SuperGaryStetmannPowerTowerOverchargeEnergy	Stetmann	ability-with-chain	no	ability	SuperGaryStetmannPowerTowerOverchargeEnergy	effect	PowerTowerOverchargeFindTarget	Effect	xm-dependency	原始mod/Mods/XM/XMStetmann.SC2Mod/Base.SC2Data/GameData/effectdata.xml	1	ability:SuperGaryStetmannPowerTowerOverchargeEnergy
ability	SuperGaryStetmannRecall	Stetmann	ability-with-chain	no	ability	SuperGaryStetmannRecall	effect	GaryStetmannRecallFindTarget	Effect	xm-dependency	原始mod/Mods/XM/XMStetmann.SC2Mod/Base.SC2Data/GameData/effectdata.xml	1	ability:SuperGaryStetmannRecall
ability	SuperGaryStetmannRecall	Stetmann	ability-with-chain	no	ability	SuperGaryStetmannRecall	effect	MassRecall	Effect	cross-kind-reference	游戏数据/官方SC2原始文本镜像/mods/balancemulti.sc2mod/base.sc2data/gamedata/abildata.xml	1	ability:SuperGaryStetmannRecall
ability	SuperStimpackMarine	Nova	ability-minimal	no	ability	SuperStimpackMarine	requirement	HaveMarineSuperStim	Requirements	official-reference	游戏数据/官方SC2原始文本镜像/mods/starcoop/starcoop.sc2mod/base.sc2data/gamedata/requirementdata.xml	1	ability:SuperStimpackMarine
ability	SuperStimpackMarine	Nova	ability-minimal	no	ability	SuperStimpackMarine	validator	CasterLifeNotFullOrCasterFiringWeapon	Validator	xm-dependency	原始mod/Mods/XM/XMTychus.SC2Mod/Base.SC2Data/GameData/ValidatorData.xml	1	ability:SuperStimpackMarine
ability	SymbioteCarapace	Abathur	ability-with-chain	no	ability	SymbioteCarapace	button	CommanderKerriganMutatingCarapace	DefaultButtonFace	official-reference	游戏数据/官方SC2原始文本镜像/mods/liberty.sc2mod/base.sc2data/gamedata/buttondata.xml	1	ability:SymbioteCarapace
ability	SymbioteCarapace	Abathur	ability-with-chain	no	ability	SymbioteCarapace	validator	HasCarapaceTakenDamageBehaviorCheck	Validator	official-reference	游戏数据/官方SC2原始文本镜像/mods/starcoop/starcoop.sc2mod/base.sc2data/gamedata/validatordata.xml	1	ability:SymbioteCarapace
ability	SymbioteCarapace	Abathur	ability-with-chain	no	ability	SymbioteCarapace	validator	IsNotBuried	Validator	official-reference	游戏数据/官方SC2原始文本镜像/mods/liberty.sc2mod/base.sc2data/gamedata/validatordata.xml	1	ability:SymbioteCarapace
ability	SymbioteCarapace	Abathur	ability-with-chain	no	ability	SymbioteCarapace	effect	SymbioteCarapaceSet	Effect	official-reference	游戏数据/官方SC2原始文本镜像/mods/starcoop/starcoop.sc2mod/base.sc2data/gamedata/effectdata.xml	1	ability:SymbioteCarapace
ability	TerranBuildMengsk	Mengsk	ability-with-chain	no	ability	TerranBuildMengsk	requirement	HaveCommandCenterMengsk	Requirements	xm-dependency	原始mod/Mods/XM/XMMengsk.SC2Mod/Base.SC2Data/GameData/RequirementData.xml	1	ability:TerranBuildMengsk
ability	TerranBuildMengsk	Mengsk	ability-with-chain	no	ability	TerranBuildMengsk	requirement	HaveBarracksMengsk	Requirements	xm-dependency	原始mod/Mods/XM/XMMengsk.SC2Mod/Base.SC2Data/GameData/RequirementData.xml	1	ability:TerranBuildMengsk
ability	TerranBuildMengsk	Mengsk	ability-with-chain	no	ability	TerranBuildMengsk	requirement	HaveFactoryMengsk	Requirements	xm-dependency	原始mod/Mods/XM/XMMengsk.SC2Mod/Base.SC2Data/GameData/RequirementData.xml	1	ability:TerranBuildMengsk
ability	TerranBuildMengsk	Mengsk	ability-with-chain	no	ability	TerranBuildMengsk	requirement	HaveStarportMengsk	Requirements	xm-dependency	原始mod/Mods/XM/XMMengsk.SC2Mod/Base.SC2Data/GameData/RequirementData.xml	1	ability:TerranBuildMengsk
ability	TerranBuildMengsk	Mengsk	ability-with-chain	no	ability	TerranBuildMengsk	validator	HasVespene	Validator	official-reference	游戏数据/官方SC2原始文本镜像/mods/liberty.sc2mod/base.sc2data/gamedata/validatordata.xml	1	ability:TerranBuildMengsk
ability	TerranBuildMengsk	Mengsk	ability-with-chain	no	ability	TerranBuildMengsk	unit	CommandCenterMengsk	UnitAttr	xm-dependency	原始mod/Mods/XM/XMMengsk.SC2Mod/Base.SC2Data/GameData/UnitData.xml	1	ability:TerranBuildMengsk
ability	TerranBuildMengsk	Mengsk	ability-with-chain	no	ability	TerranBuildMengsk	unit	RefineryMengsk	UnitAttr	xm-dependency	原始mod/Mods/XM/XMMengsk.SC2Mod/Base.SC2Data/GameData/UnitData.xml	1	ability:TerranBuildMengsk
ability	TerranBuildMengsk	Mengsk	ability-with-chain	no	ability	TerranBuildMengsk	unit	BarracksMengsk	UnitAttr	xm-dependency	原始mod/Mods/XM/XMMengsk.SC2Mod/Base.SC2Data/GameData/UnitData.xml	1	ability:TerranBuildMengsk
ability	TerranBuildMengsk	Mengsk	ability-with-chain	no	ability	TerranBuildMengsk	unit	EngineeringBayMengsk	UnitAttr	xm-dependency	原始mod/Mods/XM/XMMengsk.SC2Mod/Base.SC2Data/GameData/UnitData.xml	1	ability:TerranBuildMengsk
ability	TerranBuildMengsk	Mengsk	ability-with-chain	no	ability	TerranBuildMengsk	unit	GhostAcademyMengsk	UnitAttr	xm-dependency	原始mod/Mods/XM/XMMengsk.SC2Mod/Base.SC2Data/GameData/UnitData.xml	1	ability:TerranBuildMengsk
ability	TerranBuildMengsk	Mengsk	ability-with-chain	no	ability	TerranBuildMengsk	unit	FactoryMengsk	UnitAttr	xm-dependency	原始mod/Mods/XM/XMMengsk.SC2Mod/Base.SC2Data/GameData/UnitData.xml	1	ability:TerranBuildMengsk
ability	TerranBuildMengsk	Mengsk	ability-with-chain	no	ability	TerranBuildMengsk	unit	StarportMengsk	UnitAttr	xm-dependency	原始mod/Mods/XM/XMMengsk.SC2Mod/Base.SC2Data/GameData/UnitData.xml	1	ability:TerranBuildMengsk
ability	TerranBuildMengsk	Mengsk	ability-with-chain	no	ability	TerranBuildMengsk	unit	ArmoryMengsk	UnitAttr	xm-dependency	原始mod/Mods/XM/XMMengsk.SC2Mod/Base.SC2Data/GameData/UnitData.xml	1	ability:TerranBuildMengsk
ability	TerranBuildMengsk	Mengsk	ability-with-chain	no	ability	TerranBuildMengsk	unit	FusionCoreMengsk	UnitAttr	xm-dependency	原始mod/Mods/XM/XMMengsk.SC2Mod/Base.SC2Data/GameData/UnitData.xml	1	ability:TerranBuildMengsk
ability	ThorMengskSiegeTargeted	Mengsk	ability-with-chain	no	ability	ThorMengskSiegeTargeted	effect	ThorMengskSiegeTargetDelayCP	Effect	official-reference	游戏数据/官方SC2原始文本镜像/mods/starcoop/commanders/arcturusmengsk.sc2mod/base.sc2data/gamedata/effectdata.xml	1	ability:ThorMengskSiegeTargeted
ability	TrooperMengskBuild	Mengsk	ability-with-chain	no	ability	TrooperMengskBuild	requirement	HaveCommandCenterMengsk	Requirements	xm-dependency	原始mod/Mods/XM/XMMengsk.SC2Mod/Base.SC2Data/GameData/RequirementData.xml	1	ability:TrooperMengskBuild
ability	TrooperMengskBuild	Mengsk	ability-with-chain	no	ability	TrooperMengskBuild	requirement	HaveEngineeringBayMengsk	Requirements	xm-dependency	原始mod/Mods/XM/XMMengsk.SC2Mod/Base.SC2Data/GameData/RequirementData.xml	1	ability:TrooperMengskBuild
ability	TrooperMengskBuild	Mengsk	ability-with-chain	no	ability	TrooperMengskBuild	unit	BunkerDepotMengsk	UnitAttr	xm-dependency	原始mod/Mods/XM/XMMengsk.SC2Mod/Base.SC2Data/GameData/UnitData.xml	1	ability:TrooperMengskBuild
ability	TrooperMengskBuild	Mengsk	ability-with-chain	no	ability	TrooperMengskBuild	unit	ArtilleryMengsk	UnitAttr	xm-dependency	原始mod/Mods/XM/XMMengsk.SC2Mod/Base.SC2Data/GameData/UnitData.xml	1	ability:TrooperMengskBuild
ability	TrooperMengskBuild	Mengsk	ability-with-chain	no	ability	TrooperMengskBuild	unit	MissileTurretMengsk	UnitAttr	xm-dependency	原始mod/Mods/XM/XMMengsk.SC2Mod/Base.SC2Data/GameData/UnitData.xml	1	ability:TrooperMengskBuild
ability	TrooperMengskEnlist	Mengsk	ability-with-chain	no	ability	TrooperMengskEnlist	effect	TrooperMengskMorphSCVSet	Effect	xm-dependency	原始mod/Mods/XM/XMMengsk.SC2Mod/Base.SC2Data/GameData/EffectData.xml	1	ability:TrooperMengskEnlist
ability	TrooperMengskSpecializeAA	Mengsk	ability-with-chain	no	ability	TrooperMengskSpecializeAA	effect	TrooperMengskWeaponEquipSet	Effect	official-reference	游戏数据/官方SC2原始文本镜像/mods/starcoop/commanders/arcturusmengsk.sc2mod/base.sc2data/gamedata/effectdata.xml	1	ability:TrooperMengskSpecializeAA
ability	TrooperMengskSpecializeAA	Mengsk	ability-with-chain	no	ability	TrooperMengskSpecializeAA	unit	TrooperMengskAA	UnitAttr	xm-dependency	原始mod/Mods/XM/XMMengsk.SC2Mod/Base.SC2Data/GameData/UnitData.xml	1	ability:TrooperMengskSpecializeAA
ability	TrooperMengskSpecializeFlamethrower	Mengsk	ability-with-chain	no	ability	TrooperMengskSpecializeFlamethrower	effect	TrooperMengskWeaponEquipSet	Effect	official-reference	游戏数据/官方SC2原始文本镜像/mods/starcoop/commanders/arcturusmengsk.sc2mod/base.sc2data/gamedata/effectdata.xml	1	ability:TrooperMengskSpecializeFlamethrower
ability	TrooperMengskSpecializeFlamethrower	Mengsk	ability-with-chain	no	ability	TrooperMengskSpecializeFlamethrower	unit	TrooperMengskFlamethrower	UnitAttr	xm-dependency	原始mod/Mods/XM/XMMengsk.SC2Mod/Base.SC2Data/GameData/UnitData.xml	1	ability:TrooperMengskSpecializeFlamethrower
ability	TrooperMengskSpecializeImproved	Mengsk	ability-with-chain	no	ability	TrooperMengskSpecializeImproved	effect	TrooperMengskWeaponEquipSet	Effect	official-reference	游戏数据/官方SC2原始文本镜像/mods/starcoop/commanders/arcturusmengsk.sc2mod/base.sc2data/gamedata/effectdata.xml	1	ability:TrooperMengskSpecializeImproved
ability	TrooperMengskSpecializeImproved	Mengsk	ability-with-chain	no	ability	TrooperMengskSpecializeImproved	unit	TrooperMengskImproved	UnitAttr	xm-dependency	原始mod/Mods/XM/XMMengsk.SC2Mod/Base.SC2Data/GameData/UnitData.xml	1	ability:TrooperMengskSpecializeImproved
ability	TychusFirebatOilBomb	Tychus	ability-with-chain	no	ability	TychusFirebatOilBomb	effect	TychusFirebatOilBombLM	Effect	xm-dependency	原始mod/Mods/XM/XMTychus.SC2Mod/Base.SC2Data/GameData/EffectData.xml	1	ability:TychusFirebatOilBomb
ability	TychusFirebatOilBomb	Tychus	ability-with-chain	no	ability	TychusFirebatOilBomb	effect	TychusFirebatOilBombSearch	Effect	xm-dependency	原始mod/Mods/XM/XMTychus.SC2Mod/Base.SC2Data/GameData/EffectData.xml	1	ability:TychusFirebatOilBomb
ability	TychusGhostDominate	Tychus	ability-with-chain	no	ability	TychusGhostDominate	effect	TychusGhostDominateSet	Effect	xm-dependency	原始mod/Mods/XM/XMTychus.SC2Mod/Base.SC2Data/GameData/EffectData.xml	1	ability:TychusGhostDominate
ability	TychusGhostPsychicSnare	Tychus	ability-with-chain	no	ability	TychusGhostPsychicSnare	validator	noMarkers	Validator	official-reference	游戏数据/官方SC2原始文本镜像/mods/liberty.sc2mod/base.sc2data/gamedata/validatordata.xml	1	ability:TychusGhostPsychicSnare
ability	TychusGhostPsychicSnare	Tychus	ability-with-chain	no	ability	TychusGhostPsychicSnare	validator	NoTychusGhostPsychicSnareTargeted	Validator	official-reference	游戏数据/官方SC2原始文本镜像/mods/starcoop/starcoop.sc2mod/base.sc2data/gamedata/commanders/commandertychus.xml	1	ability:TychusGhostPsychicSnare
ability	TychusGhostPsychicSnare	Tychus	ability-with-chain	no	ability	TychusGhostPsychicSnare	effect	TychusGhostPsychicSnareLM	Effect	xm-dependency	原始mod/Mods/XM/XMTychus.SC2Mod/Base.SC2Data/GameData/EffectData.xml	1	ability:TychusGhostPsychicSnare
ability	TychusHercGrapple	Tychus	ability-with-chain	no	ability	TychusHercGrapple	effect	TychusHercGrappleCreatePlaceholder	Effect	xm-dependency	原始mod/Mods/XM/XMTychus.SC2Mod/Base.SC2Data/GameData/EffectData.xml	1	ability:TychusHercGrapple
ability	TychusHercGrapple	Tychus	ability-with-chain	no	ability	TychusHercGrapple	effect	TychusHercGrappleLaunchCasterImpactSearch	Effect	xm-dependency	原始mod/Mods/XM/XMTychus.SC2Mod/Base.SC2Data/GameData/EffectData.xml	1	ability:TychusHercGrapple
ability	TychusMarauderBuildHealingWard	Tychus	ability-with-chain	no	ability	TychusMarauderBuildHealingWard	effect	TychusMarauderHealingWardRelease	Effect	xm-dependency	原始mod/Mods/XM/XMTychus.SC2Mod/Base.SC2Data/GameData/EffectData.xml	1	ability:TychusMarauderBuildHealingWard
ability	TychusMarauderSuperStimpack	Tychus	ability-with-chain	no	ability	TychusMarauderSuperStimpack	requirement	HaveTychusMarauderSuperStimUpgrade	Requirements	xm-dependency	原始mod/Mods/XM/XMTychus.SC2Mod/Base.SC2Data/GameData/RequirementData.xml	1	ability:TychusMarauderSuperStimpack
ability	TychusMarauderSuperStimpack	Tychus	ability-with-chain	no	ability	TychusMarauderSuperStimpack	validator	CasterLifeNotFullOrCasterFiringWeapon	Validator	xm-dependency	原始mod/Mods/XM/XMTychus.SC2Mod/Base.SC2Data/GameData/ValidatorData.xml	1	ability:TychusMarauderSuperStimpack
ability	TychusMarauderSuperStimpack	Tychus	ability-with-chain	no	ability	TychusMarauderSuperStimpack	effect	TychusMarauderSuperStim	Effect	xm-dependency	原始mod/Mods/XM/XMTychus.SC2Mod/Base.SC2Data/GameData/EffectData.xml	1	ability:TychusMarauderSuperStimpack
ability	TychusMedicAoE	Tychus	ability-with-chain	no	ability	TychusMedicAoE	effect	TychusMedicAoESearch	Effect	xm-dependency	原始mod/Mods/XM/XMTychus.SC2Mod/Base.SC2Data/GameData/EffectData.xml	1	ability:TychusMedicAoE
ability	TychusMedicDefensiveMatrix	Tychus	ability-with-chain	no	ability	TychusMedicDefensiveMatrix	requirement	HaveTychusMedicDefensiveMatrix	Requirements	xm-dependency	原始mod/Mods/XM/XMTychus.SC2Mod/Base.SC2Data/GameData/RequirementData.xml	1	ability:TychusMedicDefensiveMatrix
ability	TychusMedicDefensiveMatrix	Tychus	ability-with-chain	no	ability	TychusMedicDefensiveMatrix	validator	TargetInCombat	Validator	official-reference	游戏数据/官方SC2原始文本镜像/mods/core.sc2mod/base.sc2data/gamedata/validatordata.xml	1	ability:TychusMedicDefensiveMatrix
ability	TychusMedicDefensiveMatrix	Tychus	ability-with-chain	no	ability	TychusMedicDefensiveMatrix	validator	TargetNotHaveNewDefensiveMatrix	Validator	xm-dependency	原始mod/Mods/XM/XMTychus.SC2Mod/Base.SC2Data/GameData/ValidatorData.xml	1	ability:TychusMedicDefensiveMatrix
ability	TychusMedicDefensiveMatrix	Tychus	ability-with-chain	no	ability	TychusMedicDefensiveMatrix	effect	TychusMedicDefensiveMatrixSet	Effect	xm-dependency	原始mod/Mods/XM/XMTychus.SC2Mod/Base.SC2Data/GameData/EffectData.xml	1	ability:TychusMedicDefensiveMatrix
ability	TychusMedivacDoubleHealPlusMech	Tychus	ability-with-chain	no	ability	TychusMedivacDoubleHealPlusMech	validator	healSmartTargetFilters	Validator	official-reference	游戏数据/官方SC2原始文本镜像/mods/liberty.sc2mod/base.sc2data/gamedata/validatordata.xml	1	ability:TychusMedivacDoubleHealPlusMech
ability	TychusMedivacDoubleHealPlusMech	Tychus	ability-with-chain	no	ability	TychusMedivacDoubleHealPlusMech	validator	NotWarpingIn	Validator	official-reference	游戏数据/官方SC2原始文本镜像/mods/liberty.sc2mod/base.sc2data/gamedata/validatordata.xml	1	ability:TychusMedivacDoubleHealPlusMech
ability	TychusMedivacDoubleHealPlusMech	Tychus	ability-with-chain	no	ability	TychusMedivacDoubleHealPlusMech	validator	NotMaxHP	Validator	official-reference	游戏数据/官方SC2原始文本镜像/campaigns/liberty.sc2campaign/base.sc2data/gamedata/validatordata.xml	1	ability:TychusMedivacDoubleHealPlusMech
ability	TychusMedivacDoubleHealPlusMech	Tychus	ability-with-chain	no	ability	TychusMedivacDoubleHealPlusMech	validator	NotTimedLifeUnitAndNotLarva	Validator	official-reference	游戏数据/官方SC2原始文本镜像/mods/starcoop/starcoop.sc2mod/base.sc2data/gamedata/validatordata.xml	1	ability:TychusMedivacDoubleHealPlusMech
ability	TychusMedivacDoubleHealPlusMech	Tychus	ability-with-chain	no	ability	TychusMedivacDoubleHealPlusMech	validator	NotUnrepairable	Validator	official-reference	游戏数据/官方SC2原始文本镜像/mods/starcoop/starcoop.sc2mod/base.sc2data/gamedata/validatordata.xml	1	ability:TychusMedivacDoubleHealPlusMech
ability	TychusMedivacDoubleHealPlusMech	Tychus	ability-with-chain	no	ability	TychusMedivacDoubleHealPlusMech	validator	NotStopping	Validator	official-reference	游戏数据/官方SC2原始文本镜像/campaigns/liberty.sc2campaign/base.sc2data/gamedata/validatordata.xml	1	ability:TychusMedivacDoubleHealPlusMech
ability	TychusMedivacDoubleHealPlusMech	Tychus	ability-with-chain	no	ability	TychusMedivacDoubleHealPlusMech	effect	TychusMedivacHealInitialSwitch	Effect	xm-dependency	原始mod/Mods/XM/XMTychus.SC2Mod/Base.SC2Data/GameData/EffectData.xml	1	ability:TychusMedivacDoubleHealPlusMech
ability	TychusOdinNuclearStrike	Tychus	ability-with-chain	no	ability	TychusOdinNuclearStrike	requirement	TychusResearchedOdinRedButton	Requirements	xm-dependency	原始mod/Mods/XM/XMTychus.SC2Mod/Base.SC2Data/GameData/RequirementData.xml	1	ability:TychusOdinNuclearStrike
ability	TychusOdinNuclearStrike	Tychus	ability-with-chain	no	ability	TychusOdinNuclearStrike	effect	OdinNukePersistent	Effect	xm-dependency	原始mod/Mods/XM/XMTychus.SC2Mod/Base.SC2Data/GameData/EffectData.xml	1	ability:TychusOdinNuclearStrike
ability	TychusOdinNuclearStrike	Tychus	ability-with-chain	no	ability	TychusOdinNuclearStrike	effect	OdinNukeDamage	Effect	xm-dependency	原始mod/Mods/XM/XMTychus.SC2Mod/Base.SC2Data/GameData/EffectData.xml	1	ability:TychusOdinNuclearStrike
ability	TychusReaperBomb	Tychus	ability-with-chain	no	ability	TychusReaperBomb	effect	TychusReaperBombDamageLM	Effect	xm-dependency	原始mod/Mods/XM/XMTychus.SC2Mod/Base.SC2Data/GameData/EffectData.xml	1	ability:TychusReaperBomb
ability	TychusReaperSuperCloak	Tychus	ability-with-chain	no	ability	TychusReaperSuperCloak	effect	TychusReaperSuperCloakAB	Effect	xm-dependency	原始mod/Mods/XM/XMTychus.SC2Mod/Base.SC2Data/GameData/EffectData.xml	1	ability:TychusReaperSuperCloak
ability	TychusShredderGrenade	Tychus	ability-with-chain	no	ability	TychusShredderGrenade	effect	TychusShredderGrenadeDelay	Effect	xm-dependency	原始mod/Mods/XM/XMTychus.SC2Mod/Base.SC2Data/GameData/EffectData.xml	1	ability:TychusShredderGrenade
ability	TychusShredderGrenade	Tychus	ability-with-chain	no	ability	TychusShredderGrenade	effect	TychusShredderGrenadeSearch	Effect	xm-dependency	原始mod/Mods/XM/XMTychus.SC2Mod/Base.SC2Data/GameData/EffectData.xml	1	ability:TychusShredderGrenade
ability	TychusShredderGrenade	Tychus	ability-with-chain	no	ability	TychusShredderGrenade	effect	TossGrenade	Effect	cross-kind-reference	游戏数据/官方SC2原始文本镜像/mods/voidprologue.sc2mod/base.sc2data/gamedata/abildata.xml	1	ability:TychusShredderGrenade
ability	TychusSpectreUltrasonicPulse	Tychus	ability-with-chain	no	ability	TychusSpectreUltrasonicPulse	effect	TychusSpectreUltrasonicPulseCPLv1	Effect	xm-dependency	原始mod/Mods/XM/XMTychus.SC2Mod/Base.SC2Data/GameData/EffectData.xml	1	ability:TychusSpectreUltrasonicPulse
ability	TychusSpectreUltrasonicPulse	Tychus	ability-with-chain	no	ability	TychusSpectreUltrasonicPulse	effect	TychusSpectreUltrasonicSearchLv1	Effect	xm-dependency	原始mod/Mods/XM/XMTychus.SC2Mod/Base.SC2Data/GameData/EffectData.xml	1	ability:TychusSpectreUltrasonicPulse
ability	TychusTerranBuild	Tychus	ability-with-chain	no	ability	TychusTerranBuild	button	Refinery	DefaultButtonFace	official-reference	游戏数据/官方SC2原始文本镜像/mods/liberty.sc2mod/base.sc2data/gamedata/buttondata.xml	1	ability:TychusTerranBuild
ability	TychusTerranBuild	Tychus	ability-with-chain	no	ability	TychusTerranBuild	button	Bunker	DefaultButtonFace	official-reference	游戏数据/官方SC2原始文本镜像/mods/liberty.sc2mod/base.sc2data/gamedata/buttondata.xml	1	ability:TychusTerranBuild
ability	TychusTerranBuild	Tychus	ability-with-chain	no	ability	TychusTerranBuild	button	EngineeringBay	DefaultButtonFace	official-reference	游戏数据/官方SC2原始文本镜像/mods/liberty.sc2mod/base.sc2data/gamedata/buttondata.xml	1	ability:TychusTerranBuild
ability	TychusTerranBuild	Tychus	ability-with-chain	no	ability	TychusTerranBuild	requirement	HaveEngineeringBay	Requirements	xm-dependency	原始mod/Mods/XM/XMCore.SC2Mod/Base.SC2Data/GameData/RequirementData.xml	1	ability:TychusTerranBuild
ability	TychusTerranBuild	Tychus	ability-with-chain	no	ability	TychusTerranBuild	requirement	TychusResearchCenter	Requirements	xm-dependency	原始mod/Mods/XM/XMTychus.SC2Mod/Base.SC2Data/GameData/RequirementData.xml	1	ability:TychusTerranBuild
ability	TychusTerranBuild	Tychus	ability-with-chain	no	ability	TychusTerranBuild	requirement	TychusMedivacPlatformSingle	Requirements	xm-dependency	原始mod/Mods/XM/XMTychus.SC2Mod/Base.SC2Data/GameData/RequirementData.xml	1	ability:TychusTerranBuild
ability	TychusTerranBuild	Tychus	ability-with-chain	no	ability	TychusTerranBuild	requirement	TychusTankDepot	Requirements	xm-dependency	原始mod/Mods/XM/XMTychus.SC2Mod/Base.SC2Data/GameData/RequirementData.xml	1	ability:TychusTerranBuild
ability	TychusTerranBuild	Tychus	ability-with-chain	no	ability	TychusTerranBuild	requirement	TychusSpecialistDepot	Requirements	xm-dependency	原始mod/Mods/XM/XMTychus.SC2Mod/Base.SC2Data/GameData/RequirementData.xml	1	ability:TychusTerranBuild
ability	TychusTerranBuild	Tychus	ability-with-chain	no	ability	TychusTerranBuild	requirement	TychusAssaultDepot	Requirements	xm-dependency	原始mod/Mods/XM/XMTychus.SC2Mod/Base.SC2Data/GameData/RequirementData.xml	1	ability:TychusTerranBuild
ability	TychusTerranBuild	Tychus	ability-with-chain	no	ability	TychusTerranBuild	validator	HasVespene	Validator	official-reference	游戏数据/官方SC2原始文本镜像/mods/liberty.sc2mod/base.sc2data/gamedata/validatordata.xml	1	ability:TychusTerranBuild
ability	TychusTerranBuild	Tychus	ability-with-chain	no	ability	TychusTerranBuild	unit	Refinery	UnitAttr	official-reference	游戏数据/官方SC2原始文本镜像/mods/balancemulti.sc2mod/base.sc2data/gamedata/unitdata.xml	1	ability:TychusTerranBuild
ability	TychusTerranBuild	Tychus	ability-with-chain	no	ability	TychusTerranBuild	unit	TychusSCVAutoTurret	UnitAttr	xm-dependency	原始mod/Mods/XM/XMTychus.SC2Mod/Base.SC2Data/GameData/UnitData.xml	1	ability:TychusTerranBuild
ability	TychusTerranBuild	Tychus	ability-with-chain	no	ability	TychusTerranBuild	unit	TychusCommandCenter	UnitAttr	xm-dependency	原始mod/Mods/XM/XMTychus.SC2Mod/Base.SC2Data/GameData/UnitData.xml	1	ability:TychusTerranBuild
ability	TychusTerranBuild	Tychus	ability-with-chain	no	ability	TychusTerranBuild	unit	TychusEngineeringBay	UnitAttr	xm-dependency	原始mod/Mods/XM/XMTychus.SC2Mod/Base.SC2Data/GameData/UnitData.xml	1	ability:TychusTerranBuild
ability	TychusTerranBuild	Tychus	ability-with-chain	no	ability	TychusTerranBuild	unit	TychusResearchCenter	UnitAttr	xm-dependency	原始mod/Mods/XM/XMTychus.SC2Mod/Base.SC2Data/GameData/UnitData.xml	1	ability:TychusTerranBuild
ability	TychusTerranBuild	Tychus	ability-with-chain	no	ability	TychusTerranBuild	unit	TychusMedivacPlatform	UnitAttr	xm-dependency	原始mod/Mods/XM/XMTychus.SC2Mod/Base.SC2Data/GameData/UnitData.xml	1	ability:TychusTerranBuild
ability	TychusTerranBuild	Tychus	ability-with-chain	no	ability	TychusTerranBuild	unit	TychusArmory	UnitAttr	xm-dependency	原始mod/Mods/XM/XMTychus.SC2Mod/Base.SC2Data/GameData/UnitData.xml	1	ability:TychusTerranBuild
ability	TychusTerranBuild	Tychus	ability-with-chain	no	ability	TychusTerranBuild	unit	TychusGhostAcademy	UnitAttr	xm-dependency	原始mod/Mods/XM/XMTychus.SC2Mod/Base.SC2Data/GameData/UnitData.xml	1	ability:TychusTerranBuild
ability	TychusTerranBuild	Tychus	ability-with-chain	no	ability	TychusTerranBuild	unit	TychusMercCompound	UnitAttr	xm-dependency	原始mod/Mods/XM/XMTychus.SC2Mod/Base.SC2Data/GameData/UnitData.xml	1	ability:TychusTerranBuild
ability	TychusTerranBuild	Tychus	ability-with-chain	no	unit	Bunker	button	FortifiedBunker	Face	official-reference	游戏数据/官方SC2原始文本镜像/mods/starcoop/starcoop.sc2mod/base.sc2data/gamedata/buttondata.xml	2	ability:TychusTerranBuild -> unit:Bunker
ability	TychusTerranBuild	Tychus	ability-with-chain	no	unit	Bunker	button	NeoSteelFrame	Face	official-reference	游戏数据/官方SC2原始文本镜像/mods/starcoop/starcoop.sc2mod/base.sc2data/gamedata/buttondata.xml	2	ability:TychusTerranBuild -> unit:Bunker
ability	TychusTerranBuild	Tychus	ability-with-chain	no	unit	Bunker	requirement	HaveFortifiedBunkerCarapace	Requirements	official-reference	游戏数据/官方SC2原始文本镜像/mods/starcoop/starcoop.sc2mod/base.sc2data/gamedata/requirementdata.xml	2	ability:TychusTerranBuild -> unit:Bunker
ability	TychusTerranBuild	Tychus	ability-with-chain	no	unit	Bunker	requirement	UseNeoSteelFrame	Requirements	official-reference	游戏数据/官方SC2原始文本镜像/mods/starcoop/starcoop.sc2mod/base.sc2data/gamedata/requirementdata.xml	2	ability:TychusTerranBuild -> unit:Bunker
ability	TychusWarhoundBuildAutoTurret	Tychus	ability-with-chain	no	ability	TychusWarhoundBuildAutoTurret	effect	TychusWarhoundAutoTurretRelease	Effect	xm-dependency	原始mod/Mods/XM/XMTychus.SC2Mod/Base.SC2Data/GameData/EffectData.xml	1	ability:TychusWarhoundBuildAutoTurret
ability	TychusWarhoundBuildAutoTurret	Tychus	ability-with-chain	no	ability	TychusWarhoundBuildAutoTurret	unit	TychusWarhoundAutoTurret	Unit	xm-dependency	原始mod/Mods/XM/XMTychus.SC2Mod/Base.SC2Data/GameData/UnitData.xml	1	ability:TychusWarhoundBuildAutoTurret
ability	TychusWarhoundTornadoSprayMissile	Tychus	ability-with-chain	no	ability	TychusWarhoundTornadoSprayMissile	requirement	HaveTychusWarhoundHaywireMissiles	Requirements	xm-dependency	原始mod/Mods/XM/XMTychus.SC2Mod/Base.SC2Data/GameData/RequirementData.xml	1	ability:TychusWarhoundTornadoSprayMissile
ability	TychusWarhoundTornadoSprayMissile	Tychus	ability-with-chain	no	ability	TychusWarhoundTornadoSprayMissile	validator	TychusTornadoMissileEnemyCheck	Validator	xm-dependency	原始mod/Mods/XM/XMTychus.SC2Mod/Base.SC2Data/GameData/ValidatorData.xml	1	ability:TychusWarhoundTornadoSprayMissile
ability	TychusWarhoundTornadoSprayMissile	Tychus	ability-with-chain	no	ability	TychusWarhoundTornadoSprayMissile	effect	TychusWarhoundTornadoMissileCP	Effect	xm-dependency	原始mod/Mods/XM/XMTychus.SC2Mod/Base.SC2Data/GameData/EffectData.xml	1	ability:TychusWarhoundTornadoSprayMissile
ability	UltraliskStetmannBurrowCharge	Stetmann	ability-with-chain	no	ability	UltraliskStetmannBurrowCharge	effect	UltraliskStetmannBurrowChargeSwitch	Effect	xm-dependency	原始mod/Mods/XM/XMStetmann.SC2Mod/Base.SC2Data/GameData/effectdata.xml	1	ability:UltraliskStetmannBurrowCharge
ability	UltraliskStetmannBurrowCharge	Stetmann	ability-with-chain	no	ability	UltraliskStetmannBurrowCharge	effect	UltraliskStetmannBurrowChargeTargetSearch	Effect	xm-dependency	原始mod/Mods/XM/XMStetmann.SC2Mod/Base.SC2Data/GameData/effectdata.xml	1	ability:UltraliskStetmannBurrowCharge
ability	UltraliskStetmannMechanicalLifeLeech	Stetmann	ability-with-chain	no	ability	UltraliskStetmannMechanicalLifeLeech	requirement	HaveUltraliskStetmannMechanicalLifeLeech	Requirements	xm-dependency	原始mod/Mods/XM/XMStetmann.SC2Mod/Base.SC2Data/GameData/requirementdata.xml	1	ability:UltraliskStetmannMechanicalLifeLeech
ability	UltraliskStetmannMechanicalLifeLeech	Stetmann	ability-with-chain	no	ability	UltraliskStetmannMechanicalLifeLeech	validator	CasterLifeNotFullandTargetisEnemyorIsAllyandLifeGreaterThan25andNotUltraliskStetmann	Validator	xm-dependency	原始mod/Mods/XM/XMStetmann.SC2Mod/Base.SC2Data/GameData/validatordata.xml	1	ability:UltraliskStetmannMechanicalLifeLeech
ability	UltraliskStetmannMechanicalLifeLeech	Stetmann	ability-with-chain	no	ability	UltraliskStetmannMechanicalLifeLeech	effect	UltraliskMechanicalLifeLeechStetmannSwitch	Effect	xm-dependency	原始mod/Mods/XM/XMStetmann.SC2Mod/Base.SC2Data/GameData/effectdata.xml	1	ability:UltraliskStetmannMechanicalLifeLeech
ability	UnsiegeMengsk	Mengsk	ability-with-chain	no	ability	UnsiegeMengsk	unit	SiegeTankMengsk	UnitAttr	xm-dependency	原始mod/Mods/XM/XMMengsk.SC2Mod/Base.SC2Data/GameData/UnitData.xml	1	ability:UnsiegeMengsk
ability	VehicleAfterburners	Horner	ability-with-chain	no	ability	VehicleAfterburners	requirement	HaveVehicleAfterburners	Requirements	official-reference	游戏数据/官方SC2原始文本镜像/mods/starcoop/starcoop.sc2mod/base.sc2data/gamedata/requirementdata.xml	1	ability:VehicleAfterburners
ability	VehicleAfterburners	Horner	ability-with-chain	no	ability	VehicleAfterburners	effect	VehicleAfterburnersAB	Effect	official-reference	游戏数据/官方SC2原始文本镜像/mods/starcoop/starcoop.sc2mod/base.sc2data/gamedata/effectdata.xml	1	ability:VehicleAfterburners
ability	VoidCoopSummonHyperion	Raynor	ability-with-chain	no	ability	VoidCoopSummonHyperion	button	SummonHyperion	DefaultButtonFace	official-reference	游戏数据/官方SC2原始文本镜像/campaigns/void.sc2campaign/base.sc2data/gamedata/buttondata.xml	1	ability:VoidCoopSummonHyperion
ability	VoidCoopSummonHyperion	Raynor	ability-with-chain	no	effect	SummonHyperionCreateUnit	effect	HyperionVoidCoopSpawnSet	Effect	official-reference	游戏数据/官方SC2原始文本镜像/mods/starcoop/starcoop.sc2mod/base.sc2data/gamedata/effectdata.xml	2	ability:VoidCoopSummonHyperion -> effect:SummonHyperionCreateUnit
ability	VoidCoopSummonHyperion	Raynor	ability-with-chain	no	effect	SummonHyperionCreateUnit	unit	HyperionVoidCoop	Unit	official-reference	游戏数据/官方SC2原始文本镜像/mods/starcoop/starcoop.sc2mod/base.sc2data/gamedata/unitdata.xml	2	ability:VoidCoopSummonHyperion -> effect:SummonHyperionCreateUnit
ability	WarpPrismTransport	Alarak	ability-minimal	no	ability	WarpPrismTransport	effect	CoopCargoDeathDummy	Effect	official-reference	游戏数据/官方SC2原始文本镜像/mods/starcoop/starcoop.sc2mod/base.sc2data/gamedata/effectdata.xml	1	ability:WarpPrismTransport
ability	WarpPrismTransport	Alarak	ability-minimal	no	ability	WarpPrismTransport	behavior	TransportDummy	Behavior	official-reference	游戏数据/官方SC2原始文本镜像/mods/liberty.sc2mod/base.sc2data/gamedata/behaviordata.xml	1	ability:WarpPrismTransport
ability	ZagaraVoidCoopBanelingBarrage	Zagara	ability-with-chain	no	ability	ZagaraVoidCoopBanelingBarrage	effect	ZagaraVoidCoopBanelingBarrageCP	Effect	official-reference	游戏数据/官方SC2原始文本镜像/campaigns/void.sc2campaign/base.sc2data/gamedata/effectdata.xml	1	ability:ZagaraVoidCoopBanelingBarrage
ability	ZagaraVoidCoopBurrow	Zagara	ability-with-chain	no	ability	ZagaraVoidCoopBurrow	unit	ZagaraVoidCoopBurrowed	UnitAttr	official-reference	游戏数据/官方SC2原始文本镜像/mods/starcoop/starcoop.sc2mod/base.sc2data/gamedata/unitdata.xml	1	ability:ZagaraVoidCoopBurrow
ability	ZagaraVoidCoopMassFrenzy	Zagara	ability-with-chain	no	ability	ZagaraVoidCoopMassFrenzy	effect	ZagaraVoidCoopMassFrenzySwitch	Effect	official-reference	游戏数据/官方SC2原始文本镜像/mods/starcoop/starcoop.sc2mod/base.sc2data/gamedata/effectdata.xml	1	ability:ZagaraVoidCoopMassFrenzy
ability	ZagaraVoidCoopSpawnHunterKillers	Zagara	ability-with-chain	no	ability	ZagaraVoidCoopSpawnHunterKillers	effect	ZagaraVoidCoopSpawnHunterKillersInitialSet	Effect	official-reference	游戏数据/官方SC2原始文本镜像/campaigns/void.sc2campaign/base.sc2data/gamedata/effectdata.xml	1	ability:ZagaraVoidCoopSpawnHunterKillers
ability	ZeratulCharge	Zeratul	ability-with-chain	no	ability	ZeratulCharge	requirement	HaveLegendaryLegionAbilities	Requirements	official-reference	游戏数据/官方SC2原始文本镜像/mods/starcoop/starcoop.sc2mod/base.sc2data/gamedata/commanders/futurecommanders.xml	1	ability:ZeratulCharge
ability	ZeratulCharge	Zeratul	ability-with-chain	no	ability	ZeratulCharge	validator	CasterNotHoldingPosition	Validator	official-reference	游戏数据/官方SC2原始文本镜像/mods/liberty.sc2mod/base.sc2data/gamedata/validatordata.xml	1	ability:ZeratulCharge
ability	ZeratulCharge	Zeratul	ability-with-chain	no	ability	ZeratulCharge	effect	Charge	Effect	official-reference	游戏数据/官方SC2原始文本镜像/mods/liberty.sc2mod/base.sc2data/gamedata/effectdata.xml	1	ability:ZeratulCharge
ability	ZeratulImmortalBarrierBase	Zeratul	ability-with-chain	no	ability	ZeratulImmortalBarrierBase	validator	CasterShieldsLT1	Validator	official-reference	游戏数据/官方SC2原始文本镜像/mods/liberty.sc2mod/base.sc2data/gamedata/validatordata.xml	1	ability:ZeratulImmortalBarrierBase
ability	ZeratulImmortalBarrierBase	Zeratul	ability-with-chain	no	ability	ZeratulImmortalBarrierBase	effect	ZeratulImmortalBarrierSet	Effect	official-reference	游戏数据/官方SC2原始文本镜像/mods/starcoop/starcoop.sc2mod/base.sc2data/gamedata/commanders/futurecommanders.xml	1	ability:ZeratulImmortalBarrierBase
ability	ZeratulObserverMorphtoZeratulObserverSiege	Zeratul	ability-with-chain	no	ability	ZeratulObserverMorphtoZeratulObserverSiege	unit	ZeratulObserverSiegeMode	UnitAttr	official-reference	游戏数据/官方SC2原始文本镜像/mods/starcoop/starcoop.sc2mod/base.sc2data/gamedata/commanders/futurecommanders.xml	1	ability:ZeratulObserverMorphtoZeratulObserverSiege
ability	ZeratulPhasingMode	Zeratul	ability-with-chain	no	ability	ZeratulPhasingMode	button	PhasingMode	DefaultButtonFace	official-reference	游戏数据/官方SC2原始文本镜像/mods/liberty.sc2mod/base.sc2data/gamedata/buttondata.xml	1	ability:ZeratulPhasingMode
ability	ZeratulPhasingMode	Zeratul	ability-with-chain	no	ability	ZeratulPhasingMode	unit	ZeratulWarpPrismPhasing	UnitAttr	official-reference	游戏数据/官方SC2原始文本镜像/mods/starcoop/starcoop.sc2mod/base.sc2data/gamedata/commanders/futurecommanders.xml	1	ability:ZeratulPhasingMode
ability	ZeratulReflectionShield	Zeratul	ability-with-chain	no	ability	ZeratulReflectionShield	validator	VoidSentryNearbyFriendlyUnitInCombat	Validator	official-reference	游戏数据/官方SC2原始文本镜像/campaigns/void.sc2campaign/base.sc2data/gamedata/validatordata.xml	1	ability:ZeratulReflectionShield
ability	ZeratulReflectionShield	Zeratul	ability-with-chain	no	ability	ZeratulReflectionShield	effect	ZeratulReflectionShieldCP	Effect	official-reference	游戏数据/官方SC2原始文本镜像/mods/starcoop/starcoop.sc2mod/base.sc2data/gamedata/commanders/futurecommanders.xml	1	ability:ZeratulReflectionShield
ability	ZeratulSentryShieldRepair	Zeratul	ability-with-chain	no	ability	ZeratulSentryShieldRepair	validator	NotWarpingIn	Validator	official-reference	游戏数据/官方SC2原始文本镜像/mods/liberty.sc2mod/base.sc2data/gamedata/validatordata.xml	1	ability:ZeratulSentryShieldRepair
ability	ZeratulSentryShieldRepair	Zeratul	ability-with-chain	no	ability	ZeratulSentryShieldRepair	validator	UnitOrAttackingStructure	Validator	official-reference	游戏数据/官方SC2原始文本镜像/mods/balancemulti.sc2mod/base.sc2data/gamedata/validatordata.xml	1	ability:ZeratulSentryShieldRepair
ability	ZeratulSentryShieldRepair	Zeratul	ability-with-chain	no	ability	ZeratulSentryShieldRepair	validator	CasterHas10Energy	Validator	official-reference	游戏数据/官方SC2原始文本镜像/mods/liberty.sc2mod/base.sc2data/gamedata/validatordata.xml	1	ability:ZeratulSentryShieldRepair
ability	ZeratulSentryShieldRepair	Zeratul	ability-with-chain	no	ability	ZeratulSentryShieldRepair	effect	VoidSentryShieldRepair	Effect	official-reference	游戏数据/官方SC2原始文本镜像/mods/starcoop/starcoop.sc2mod/base.sc2data/gamedata/effectdata.xml	1	ability:ZeratulSentryShieldRepair
ability	ZeratulWarpPrismSelectVoidRift	Zeratul	ability-minimal	no	ability	ZeratulWarpPrismSelectVoidRift	requirement	ZeratulWarpPrismSelectVoidRift	Requirements	official-reference	游戏数据/官方SC2原始文本镜像/mods/starcoop/starcoop.sc2mod/base.sc2data/gamedata/requirementdata.xml	1	ability:ZeratulWarpPrismSelectVoidRift
ability	ZeratulZealotWhirlwind	Zeratul	ability-with-chain	no	ability	ZeratulZealotWhirlwind	validator	VoidZealotWhirlwindCheck	Validator	official-reference	游戏数据/官方SC2原始文本镜像/campaigns/void.sc2campaign/base.sc2data/gamedata/validatordata.xml	1	ability:ZeratulZealotWhirlwind
ability	ZeratulZealotWhirlwind	Zeratul	ability-with-chain	no	ability	ZeratulZealotWhirlwind	effect	VoidZealotWhirlwindSet	Effect	official-reference	游戏数据/官方SC2原始文本镜像/campaigns/void.sc2campaign/base.sc2data/gamedata/effectdata.xml	1	ability:ZeratulZealotWhirlwind
ability	ZeratulZealotWhirlwind	Zeratul	ability-with-chain	no	ability	ZeratulZealotWhirlwind	effect	VoidZealotWhirlwind	Effect	cross-kind-reference	游戏数据/官方SC2原始文本镜像/mods/starcoop/starcoop.sc2mod/base.sc2data/gamedata/abildata.xml	1	ability:ZeratulZealotWhirlwind
ability	ZergBuildStetmann	Stetmann	ability-with-chain	no	ability	ZergBuildStetmann	requirement	HideExtractor	Requirements	official-reference	游戏数据/官方SC2原始文本镜像/campaigns/swarm.sc2campaign/base.sc2data/gamedata/requirementdata.xml	1	ability:ZergBuildStetmann
ability	ZergBuildStetmann	Stetmann	ability-with-chain	no	ability	ZergBuildStetmann	requirement	SpawningPoolStetmannRequirements	Requirements	xm-dependency	原始mod/Mods/XM/XMStetmann.SC2Mod/Base.SC2Data/GameData/requirementdata.xml	1	ability:ZergBuildStetmann
ability	ZergBuildStetmann	Stetmann	ability-with-chain	no	ability	ZergBuildStetmann	requirement	HaveHatcheryStetmann	Requirements	xm-dependency	原始mod/Mods/XM/XMStetmann.SC2Mod/Base.SC2Data/GameData/requirementdata.xml	1	ability:ZergBuildStetmann
ability	ZergBuildStetmann	Stetmann	ability-with-chain	no	ability	ZergBuildStetmann	requirement	HydraliskDenStetmannRequirements	Requirements	xm-dependency	原始mod/Mods/XM/XMStetmann.SC2Mod/Base.SC2Data/GameData/requirementdata.xml	1	ability:ZergBuildStetmann
ability	ZergBuildStetmann	Stetmann	ability-with-chain	no	ability	ZergBuildStetmann	requirement	SpireStetmannRequirements	Requirements	xm-dependency	原始mod/Mods/XM/XMStetmann.SC2Mod/Base.SC2Data/GameData/requirementdata.xml	1	ability:ZergBuildStetmann
ability	ZergBuildStetmann	Stetmann	ability-with-chain	no	ability	ZergBuildStetmann	requirement	UltraliskCavernStetmannRequirements	Requirements	xm-dependency	原始mod/Mods/XM/XMStetmann.SC2Mod/Base.SC2Data/GameData/requirementdata.xml	1	ability:ZergBuildStetmann
ability	ZergBuildStetmann	Stetmann	ability-with-chain	no	ability	ZergBuildStetmann	requirement	InfestationPitStetmannRequirements	Requirements	xm-dependency	原始mod/Mods/XM/XMStetmann.SC2Mod/Base.SC2Data/GameData/requirementdata.xml	1	ability:ZergBuildStetmann
ability	ZergBuildStetmann	Stetmann	ability-with-chain	no	ability	ZergBuildStetmann	requirement	BanelingNestStetmannRequirements	Requirements	xm-dependency	原始mod/Mods/XM/XMStetmann.SC2Mod/Base.SC2Data/GameData/requirementdata.xml	1	ability:ZergBuildStetmann
ability	ZergBuildStetmann	Stetmann	ability-with-chain	no	ability	ZergBuildStetmann	requirement	HaveSpawningPoolStetmann	Requirements	xm-dependency	原始mod/Mods/XM/XMStetmann.SC2Mod/Base.SC2Data/GameData/requirementdata.xml	1	ability:ZergBuildStetmann
ability	ZergBuildStetmann	Stetmann	ability-with-chain	no	ability	ZergBuildStetmann	validator	HasVespene	Validator	official-reference	游戏数据/官方SC2原始文本镜像/mods/liberty.sc2mod/base.sc2data/gamedata/validatordata.xml	1	ability:ZergBuildStetmann
ability	ZergBuildStetmann	Stetmann	ability-with-chain	no	ability	ZergBuildStetmann	unit	HatcheryStetmann	UnitAttr	xm-dependency	原始mod/Mods/XM/XMStetmann.SC2Mod/Base.SC2Data/GameData/unitdata.xml	1	ability:ZergBuildStetmann
ability	ZergBuildStetmann	Stetmann	ability-with-chain	no	ability	ZergBuildStetmann	unit	ExtractorStetmann	UnitAttr	xm-dependency	原始mod/Mods/XM/XMStetmann.SC2Mod/Base.SC2Data/GameData/unitdata.xml	1	ability:ZergBuildStetmann
ability	ZergBuildStetmann	Stetmann	ability-with-chain	no	ability	ZergBuildStetmann	unit	SpawningPoolStetmann	UnitAttr	xm-dependency	原始mod/Mods/XM/XMStetmann.SC2Mod/Base.SC2Data/GameData/unitdata.xml	1	ability:ZergBuildStetmann
ability	ZergBuildStetmann	Stetmann	ability-with-chain	no	ability	ZergBuildStetmann	unit	EvolutionChamberStetmann	UnitAttr	xm-dependency	原始mod/Mods/XM/XMStetmann.SC2Mod/Base.SC2Data/GameData/unitdata.xml	1	ability:ZergBuildStetmann
ability	ZergBuildStetmann	Stetmann	ability-with-chain	no	ability	ZergBuildStetmann	unit	HydraliskDenStetmann	UnitAttr	xm-dependency	原始mod/Mods/XM/XMStetmann.SC2Mod/Base.SC2Data/GameData/unitdata.xml	1	ability:ZergBuildStetmann
ability	ZergBuildStetmann	Stetmann	ability-with-chain	no	ability	ZergBuildStetmann	unit	SpireStetmann	UnitAttr	xm-dependency	原始mod/Mods/XM/XMStetmann.SC2Mod/Base.SC2Data/GameData/unitdata.xml	1	ability:ZergBuildStetmann
ability	ZergBuildStetmann	Stetmann	ability-with-chain	no	ability	ZergBuildStetmann	unit	UltraliskCavernStetmann	UnitAttr	xm-dependency	原始mod/Mods/XM/XMStetmann.SC2Mod/Base.SC2Data/GameData/unitdata.xml	1	ability:ZergBuildStetmann
ability	ZergBuildStetmann	Stetmann	ability-with-chain	no	ability	ZergBuildStetmann	unit	InfestationPitStetmann	UnitAttr	xm-dependency	原始mod/Mods/XM/XMStetmann.SC2Mod/Base.SC2Data/GameData/unitdata.xml	1	ability:ZergBuildStetmann
ability	ZergBuildStetmann	Stetmann	ability-with-chain	no	ability	ZergBuildStetmann	unit	BanelingNestStetmann	UnitAttr	xm-dependency	原始mod/Mods/XM/XMStetmann.SC2Mod/Base.SC2Data/GameData/unitdata.xml	1	ability:ZergBuildStetmann
ability	ZergBuildStetmann	Stetmann	ability-with-chain	no	ability	ZergBuildStetmann	unit	SpineCrawlerStetmann	UnitAttr	xm-dependency	原始mod/Mods/XM/XMStetmann.SC2Mod/Base.SC2Data/GameData/unitdata.xml	1	ability:ZergBuildStetmann
ability	ZergBuildStetmann	Stetmann	ability-with-chain	no	ability	ZergBuildStetmann	unit	SporeCrawlerStetmann	UnitAttr	xm-dependency	原始mod/Mods/XM/XMStetmann.SC2Mod/Base.SC2Data/GameData/unitdata.xml	1	ability:ZergBuildStetmann
button	CloakOnBanshee_Stukov	Stukov	external-xm-dependency-node	no			button	CloakOnBanshee_Stukov	profile-root	xm-dependency	原始mod/Mods/XM/XMStukov.SC2Mod/Base.SC2Data/GameData/ButtonData.xml	0	button:CloakOnBanshee_Stukov
button	CommanderPrestigeStukovBansheesDeploy	Stukov	external-official-reference-node	no			button	CommanderPrestigeStukovBansheesDeploy	profile-root	official-reference	游戏数据/官方SC2原始文本镜像/mods/starcoop/starcoop.sc2mod/base.sc2data/gamedata/buttondata.xml	0	button:CommanderPrestigeStukovBansheesDeploy
button	CommanderPrestigeStukovBansheeTransportLoad	Stukov	external-official-reference-node	no			button	CommanderPrestigeStukovBansheeTransportLoad	profile-root	official-reference	游戏数据/官方SC2原始文本镜像/mods/starcoop/starcoop.sc2mod/base.sc2data/gamedata/buttondata.xml	0	button:CommanderPrestigeStukovBansheeTransportLoad
button	DehakaDakrunTopBar	Dehaka	external-xm-dependency-node	no			button	DehakaDakrunTopBar	profile-root	xm-dependency	原始mod/Mods/XM/XMDehaka.SC2Mod/Base.SC2Data/GameData/ButtonData.xml	0	button:DehakaDakrunTopBar
button	DehakaGlevigTopBar	Dehaka	external-xm-dependency-node	no			button	DehakaGlevigTopBar	profile-root	xm-dependency	原始mod/Mods/XM/XMDehaka.SC2Mod/Base.SC2Data/GameData/ButtonData.xml	0	button:DehakaGlevigTopBar
button	DehakaMurvarTopBar	Dehaka	external-xm-dependency-node	no			button	DehakaMurvarTopBar	profile-root	xm-dependency	原始mod/Mods/XM/XMDehaka.SC2Mod/Base.SC2Data/GameData/ButtonData.xml	0	button:DehakaMurvarTopBar
button	DehakaNydusDestroyerTopBar	Dehaka	external-xm-dependency-node	no			button	DehakaNydusDestroyerTopBar	profile-root	xm-dependency	原始mod/Mods/XM/XMDehaka.SC2Mod/Base.SC2Data/GameData/ButtonData.xml	0	button:DehakaNydusDestroyerTopBar
button	HaveOverlordSpeed	Stukov	external-official-reference-node	no			button	HaveOverlordSpeed	profile-root	official-reference	游戏数据/官方SC2原始文本镜像/mods/starcoop/starcoop.sc2mod/base.sc2data/gamedata/buttondata.xml	0	button:HaveOverlordSpeed
button	MagrailMunitionsNova	Nova	external-xm-dependency-node	no			button	MagrailMunitionsNova	profile-root	xm-dependency	原始mod/Mods/XM/XMNova.SC2Mod/Base.SC2Data/GameData/ButtonData.xml	0	button:MagrailMunitionsNova
button	MorphToOverseer	Stukov	external-official-reference-node	no			button	MorphToOverseer	profile-root	official-reference	游戏数据/官方SC2原始文本镜像/mods/liberty.sc2mod/base.sc2data/gamedata/buttondata.xml	0	button:MorphToOverseer
button	NovaCoopCasterNuke	Nova	external-xm-dependency-node	no			button	NovaCoopCasterNuke	profile-root	xm-dependency	原始mod/Mods/XM/XMNova.SC2Mod/Base.SC2Data/GameData/ButtonData.xml	0	button:NovaCoopCasterNuke
button	NovaCoopDecoy	Nova	external-xm-dependency-node	no			button	NovaCoopDecoy	profile-root	xm-dependency	原始mod/Mods/XM/XMNova.SC2Mod/Base.SC2Data/GameData/ButtonData.xml	0	button:NovaCoopDecoy
button	NovaGriffinBombingRun	Nova	external-xm-dependency-node	no			button	NovaGriffinBombingRun	profile-root	xm-dependency	原始mod/Mods/XM/XMNova.SC2Mod/Base.SC2Data/GameData/ButtonData.xml	0	button:NovaGriffinBombingRun
button	NovaGriffinTransportUnits	Nova	external-xm-dependency-node	no			button	NovaGriffinTransportUnits	profile-root	xm-dependency	原始mod/Mods/XM/XMNova.SC2Mod/Base.SC2Data/GameData/ButtonData.xml	0	button:NovaGriffinTransportUnits
button	SIBansheeUnloadAll	Stukov	external-official-reference-node	no			button	SIBansheeUnloadAll	profile-root	official-reference	游戏数据/官方SC2原始文本镜像/mods/starcoop/starcoop.sc2mod/base.sc2data/gamedata/buttondata.xml	0	button:SIBansheeUnloadAll
button	SILiberatorBecometheSwarm	Stukov	external-xm-dependency-node	no			button	SILiberatorBecometheSwarm	profile-root	xm-dependency	原始mod/Mods/XM/XMStukov.SC2Mod/Base.SC2Data/GameData/ButtonData.xml	0	button:SILiberatorBecometheSwarm
button	SILiberatorImprovedAoeAttack	Stukov	external-xm-dependency-node	no			button	SILiberatorImprovedAoeAttack	profile-root	xm-dependency	原始mod/Mods/XM/XMStukov.SC2Mod/Base.SC2Data/GameData/ButtonData.xml	0	button:SILiberatorImprovedAoeAttack
button	SOAPurifierBeam	Karax	external-official-reference-node	no			button	SOAPurifierBeam	profile-root	official-reference	游戏数据/官方SC2原始文本镜像/campaigns/void.sc2campaign/base.sc2data/gamedata/buttondata.xml	0	button:SOAPurifierBeam
button	SOAThermalLance	Karax	external-official-reference-node	no			button	SOAThermalLance	profile-root	official-reference	游戏数据/官方SC2原始文本镜像/campaigns/void.sc2campaign/base.sc2data/gamedata/buttondata.xml	0	button:SOAThermalLance
button	StopGenerateCreep	Stukov	external-official-reference-node	no			button	StopGenerateCreep	profile-root	official-reference	游戏数据/官方SC2原始文本镜像/mods/liberty.sc2mod/base.sc2data/gamedata/buttondata.xml	0	button:StopGenerateCreep
button	StukovInfestedBansheeBurrowRegeneration	Stukov	external-xm-dependency-node	no			button	StukovInfestedBansheeBurrowRegeneration	profile-root	xm-dependency	原始mod/Mods/XM/XMStukov.SC2Mod/Base.SC2Data/GameData/ButtonData.xml	0	button:StukovInfestedBansheeBurrowRegeneration
button	StukovInfestedBansheeInfestedLife	Stukov	external-xm-dependency-node	no			button	StukovInfestedBansheeInfestedLife	profile-root	xm-dependency	原始mod/Mods/XM/XMStukov.SC2Mod/Base.SC2Data/GameData/ButtonData.xml	0	button:StukovInfestedBansheeInfestedLife
requirement	DehakaSummonDakrun	Dehaka	external-xm-dependency-node	no			requirement	DehakaSummonDakrun	profile-root	xm-dependency	原始mod/Mods/XM/XMDehaka.SC2Mod/Base.SC2Data/GameData/RequirementData.xml	0	requirement:DehakaSummonDakrun
requirement	DehakaSummonGlevig	Dehaka	external-xm-dependency-node	no			requirement	DehakaSummonGlevig	profile-root	xm-dependency	原始mod/Mods/XM/XMDehaka.SC2Mod/Base.SC2Data/GameData/RequirementData.xml	0	requirement:DehakaSummonGlevig
requirement	DehakaSummonMurvar	Dehaka	external-xm-dependency-node	no			requirement	DehakaSummonMurvar	profile-root	xm-dependency	原始mod/Mods/XM/XMDehaka.SC2Mod/Base.SC2Data/GameData/RequirementData.xml	0	requirement:DehakaSummonMurvar
requirement	HaveDehakaGlevigStructure	Dehaka	external-xm-dependency-node	no			requirement	HaveDehakaGlevigStructure	profile-root	xm-dependency	原始mod/Mods/XM/XMDehaka.SC2Mod/Base.SC2Data/GameData/RequirementData.xml	0	requirement:HaveDehakaGlevigStructure
requirement	HaveNovaCombatSuit	Nova	external-xm-dependency-node	no			requirement	HaveNovaCombatSuit	profile-root	xm-dependency	原始mod/Mods/XM/XMNova.SC2Mod/Base.SC2Data/GameData/RequirementData.xml	0	requirement:HaveNovaCombatSuit
requirement	HavePneumatizedCarapaceStukov	Stukov	external-official-reference-node	no			requirement	HavePneumatizedCarapaceStukov	profile-root	official-reference	游戏数据/官方SC2原始文本镜像/mods/starcoop/starcoop.sc2mod/base.sc2data/gamedata/requirementdata.xml	0	requirement:HavePneumatizedCarapaceStukov
requirement	HaveShadowOpsandNovaStealthSuit	Nova	external-official-reference-node	no			requirement	HaveShadowOpsandNovaStealthSuit	profile-root	official-reference	游戏数据/官方SC2原始文本镜像/mods/starcoop/starcoop.sc2mod/base.sc2data/gamedata/requirementdata.xml	0	requirement:HaveShadowOpsandNovaStealthSuit
requirement	HaveSILiberatorAoeAttack	Stukov	external-xm-dependency-node	no			requirement	HaveSILiberatorAoeAttack	profile-root	xm-dependency	原始mod/Mods/XM/XMStukov.SC2Mod/Base.SC2Data/GameData/requirementdata.xml	0	requirement:HaveSILiberatorAoeAttack
requirement	HaveSILiberatorInfestedBees	Stukov	external-xm-dependency-node	no			requirement	HaveSILiberatorInfestedBees	profile-root	xm-dependency	原始mod/Mods/XM/XMStukov.SC2Mod/Base.SC2Data/GameData/requirementdata.xml	0	requirement:HaveSILiberatorInfestedBees
requirement	HaveSOAOrbitalStrike	Artanis,Karax	external-official-reference-node	no			requirement	HaveSOAOrbitalStrike	profile-root	official-reference	游戏数据/官方SC2原始文本镜像/campaigns/void.sc2campaign/base.sc2data/gamedata/requirementdata.xml	0	requirement:HaveSOAOrbitalStrike
requirement	HaveSOAPylonPower	Artanis	external-official-reference-node	no			requirement	HaveSOAPylonPower	profile-root	official-reference	游戏数据/官方SC2原始文本镜像/campaigns/void.sc2campaign/base.sc2data/gamedata/requirementdata.xml	0	requirement:HaveSOAPylonPower
requirement	HaveSOAStrafeAttack	Artanis	external-official-reference-node	no			requirement	HaveSOAStrafeAttack	profile-root	official-reference	游戏数据/官方SC2原始文本镜像/campaigns/void.sc2campaign/base.sc2data/gamedata/requirementdata.xml	0	requirement:HaveSOAStrafeAttack
requirement	HaveSOASuperShield	Artanis	external-official-reference-node	no			requirement	HaveSOASuperShield	profile-root	official-reference	游戏数据/官方SC2原始文本镜像/mods/starcoop/starcoop.sc2mod/base.sc2data/gamedata/requirementdata.xml	0	requirement:HaveSOASuperShield
requirement	HaveSOATimeFreeze	Vorazun	external-official-reference-node	no			requirement	HaveSOATimeFreeze	profile-root	official-reference	游戏数据/官方SC2原始文本镜像/campaigns/void.sc2campaign/base.sc2data/gamedata/requirementdata.xml	0	requirement:HaveSOATimeFreeze
requirement	HaveStukovInfestedBansheeInfestedLife	Stukov	external-xm-dependency-node	no			requirement	HaveStukovInfestedBansheeInfestedLife	profile-root	xm-dependency	原始mod/Mods/XM/XMStukov.SC2Mod/Base.SC2Data/GameData/requirementdata.xml	0	requirement:HaveStukovInfestedBansheeInfestedLife
unit	CoopCasterAlarak	Alarak	catalog-node	no	effect	AlarakStructureOverchargeSet	validator	NotCreepTumor	Validator	official-reference	游戏数据/官方SC2原始文本镜像/mods/starcoop/starcoop.sc2mod/base.sc2data/gamedata/validatordata.xml	3	unit:CoopCasterAlarak -> ability:AlarakStructureOvercharge -> effect:AlarakStructureOverchargeSet
unit	CoopCasterAlarak	Alarak	catalog-node	no	effect	AlarakStructureOverchargeSet	validator	NotCreepTumorBurrowed	Validator	official-reference	游戏数据/官方SC2原始文本镜像/mods/starcoop/starcoop.sc2mod/base.sc2data/gamedata/validatordata.xml	3	unit:CoopCasterAlarak -> ability:AlarakStructureOvercharge -> effect:AlarakStructureOverchargeSet
unit	CoopCasterAlarak	Alarak	catalog-node	no	effect	AlarakStructureOverchargeSet	validator	NotCreepTumorUsed	Validator	official-reference	游戏数据/官方SC2原始文本镜像/mods/starcoop/starcoop.sc2mod/base.sc2data/gamedata/validatordata.xml	3	unit:CoopCasterAlarak -> ability:AlarakStructureOvercharge -> effect:AlarakStructureOverchargeSet
unit	CoopCasterAlarak	Alarak	catalog-node	no	effect	AlarakStructureOverchargeSet	validator	NotToxicNest	Validator	official-reference	游戏数据/官方SC2原始文本镜像/mods/starcoop/starcoop.sc2mod/base.sc2data/gamedata/validatordata.xml	3	unit:CoopCasterAlarak -> ability:AlarakStructureOvercharge -> effect:AlarakStructureOverchargeSet
unit	CoopCasterAlarak	Alarak	catalog-node	no	effect	AlarakStructureOverchargeSet	validator	NotToxicNestBurrowed	Validator	official-reference	游戏数据/官方SC2原始文本镜像/mods/starcoop/starcoop.sc2mod/base.sc2data/gamedata/validatordata.xml	3	unit:CoopCasterAlarak -> ability:AlarakStructureOvercharge -> effect:AlarakStructureOverchargeSet
unit	CoopCasterAlarak	Alarak	catalog-node	no	effect	AlarakStructureOverchargeSet	validator	TargetNotSummonedUnit	Validator	official-reference	游戏数据/官方SC2原始文本镜像/mods/starcoop/starcoop.sc2mod/base.sc2data/gamedata/validatordata.xml	3	unit:CoopCasterAlarak -> ability:AlarakStructureOvercharge -> effect:AlarakStructureOverchargeSet
unit	CoopCasterAlarak	Alarak	catalog-node	no	effect	AlarakStructureOverchargeSet	validator	NotSpiderMineBurrowed	Validator	official-reference	游戏数据/官方SC2原始文本镜像/campaigns/liberty.sc2campaign/base.sc2data/gamedata/validatordata.xml	3	unit:CoopCasterAlarak -> ability:AlarakStructureOvercharge -> effect:AlarakStructureOverchargeSet
unit	CoopCasterAlarak	Alarak	catalog-node	no	effect	AlarakStructureOverchargeSet	effect	AlarakStructureOverchargeAB	Effect	official-reference	游戏数据/官方SC2原始文本镜像/mods/starcoop/starcoop.sc2mod/base.sc2data/gamedata/effectdata.xml	3	unit:CoopCasterAlarak -> ability:AlarakStructureOvercharge -> effect:AlarakStructureOverchargeSet
unit	CoopCasterAlarak	Alarak	catalog-node	no	effect	AlarakStructureOverchargeSet	effect	AlarakStructureOverchargeShieldAB	Effect	official-reference	游戏数据/官方SC2原始文本镜像/mods/starcoop/starcoop.sc2mod/base.sc2data/gamedata/effectdata.xml	3	unit:CoopCasterAlarak -> ability:AlarakStructureOvercharge -> effect:AlarakStructureOverchargeSet
unit	CoopCasterAlarak	Alarak	catalog-node	no	effect	AlarakACSummonDeathFleetInitialSet	validator	HasVision	Validator	official-reference	游戏数据/官方SC2原始文本镜像/mods/liberty.sc2mod/base.sc2data/gamedata/validatordata.xml	3	unit:CoopCasterAlarak -> ability:AlarakACSummonDeathfleetTarget -> effect:AlarakACSummonDeathFleetInitialSet
unit	CoopCasterAlarak	Alarak	catalog-node	no	effect	AlarakACSummonDeathFleetInitialSet	effect	DeathFleetClearOldUnits	Effect	official-reference	游戏数据/官方SC2原始文本镜像/mods/starcoop/starcoop.sc2mod/base.sc2data/gamedata/effectdata.xml	3	unit:CoopCasterAlarak -> ability:AlarakACSummonDeathfleetTarget -> effect:AlarakACSummonDeathFleetInitialSet
unit	CoopCasterAlarak	Alarak	catalog-node	no	unit	SOAMothershipv4	ability	AlarakMothershipMassRecall	AbilArray.Link	official-reference	游戏数据/官方SC2原始文本镜像/mods/starcoop/starcoop.sc2mod/base.sc2data/gamedata/abildata.xml	3	unit:CoopCasterAlarak -> ability:AlarakACSummonDeathfleetTarget -> unit:SOAMothershipv4
unit	CoopCasterAlarak	Alarak	catalog-node	no	unit	SOAMothershipv4	ability	AlarakACSoAMothershipV4BlackHole	AbilArray.Link	official-reference	游戏数据/官方SC2原始文本镜像/mods/starcoop/starcoop.sc2mod/base.sc2data/gamedata/abildata.xml	3	unit:CoopCasterAlarak -> ability:AlarakACSummonDeathfleetTarget -> unit:SOAMothershipv4
unit	CoopCasterAlarak	Alarak	catalog-node	no	unit	SOAMothershipv4	ability	AlarakMothershipWarpTrain	AbilArray.Link	official-reference	游戏数据/官方SC2原始文本镜像/mods/starcoop/starcoop.sc2mod/base.sc2data/gamedata/abildata.xml	3	unit:CoopCasterAlarak -> ability:AlarakACSummonDeathfleetTarget -> unit:SOAMothershipv4
unit	CoopCasterAlarak	Alarak	catalog-node	no	unit	SOAMothershipv4	behavior	CommanderPrestigeAlarakDeathFleetPowerSource	BehaviorArray	official-reference	游戏数据/官方SC2原始文本镜像/mods/starcoop/starcoop.sc2mod/base.sc2data/gamedata/behaviordata.xml	3	unit:CoopCasterAlarak -> ability:AlarakACSummonDeathfleetTarget -> unit:SOAMothershipv4
unit	CoopCasterAlarak	Alarak	catalog-node	no	unit	SOAMothershipv4	weapon	SOAMothershipLineAttack	WeaponArray.Link	official-reference	游戏数据/官方SC2原始文本镜像/mods/starcoop/starcoop.sc2mod/base.sc2data/gamedata/weapondata.xml	3	unit:CoopCasterAlarak -> ability:AlarakACSummonDeathfleetTarget -> unit:SOAMothershipv4
unit	CoopCasterAlarak	Alarak	catalog-node	no	unit	SOAMothershipv4	ability	SOAMothershipLineAttack	AbilCmd	official-reference	游戏数据/官方SC2原始文本镜像/mods/starcoop/starcoop.sc2mod/base.sc2data/gamedata/abildata.xml	3	unit:CoopCasterAlarak -> ability:AlarakACSummonDeathfleetTarget -> unit:SOAMothershipv4
unit	CoopCasterAlarak	Alarak	catalog-node	no	unit	SOAMothershipv4	ability	AlarakMothershipMassRecall	AbilCmd	official-reference	游戏数据/官方SC2原始文本镜像/mods/starcoop/starcoop.sc2mod/base.sc2data/gamedata/abildata.xml	3	unit:CoopCasterAlarak -> ability:AlarakACSummonDeathfleetTarget -> unit:SOAMothershipv4
unit	CoopCasterAlarak	Alarak	catalog-node	no	unit	SOAMothershipv4	ability	AlarakMothershipWarpTrain	AbilCmd	official-reference	游戏数据/官方SC2原始文本镜像/mods/starcoop/starcoop.sc2mod/base.sc2data/gamedata/abildata.xml	3	unit:CoopCasterAlarak -> ability:AlarakACSummonDeathfleetTarget -> unit:SOAMothershipv4
unit	CoopCasterAlarak	Alarak	catalog-node	no	unit	SOAMothershipv4	button	SOAMothershipLineAttack	Face	official-reference	游戏数据/官方SC2原始文本镜像/campaigns/void.sc2campaign/base.sc2data/gamedata/buttondata.xml	3	unit:CoopCasterAlarak -> ability:AlarakACSummonDeathfleetTarget -> unit:SOAMothershipv4
unit	CoopCasterAlarak	Alarak	catalog-node	no	unit	SOAMothershipv4	button	AlarakMothershipMassTeleport	Face	xm-dependency	原始mod/Mods/XM/XMAlarak.SC2Mod/Base.SC2Data/GameData/ButtonData.xml	3	unit:CoopCasterAlarak -> ability:AlarakACSummonDeathfleetTarget -> unit:SOAMothershipv4
unit	CoopCasterAlarak	Alarak	catalog-node	no	unit	SOAMothershipv4	button	AlarakSOAMothershipLineAttackLocked	Face	official-reference	游戏数据/官方SC2原始文本镜像/mods/starcoop/starcoop.sc2mod/base.sc2data/gamedata/buttondata.xml	3	unit:CoopCasterAlarak -> ability:AlarakACSummonDeathfleetTarget -> unit:SOAMothershipv4
unit	CoopCasterAlarak	Alarak	catalog-node	no	unit	SOAMothershipv4	button	VoidRayTaldarim	Face	official-reference	游戏数据/官方SC2原始文本镜像/campaigns/void.sc2campaign/base.sc2data/gamedata/buttondata.xml	3	unit:CoopCasterAlarak -> ability:AlarakACSummonDeathfleetTarget -> unit:SOAMothershipv4
unit	CoopCasterAlarak	Alarak	catalog-node	no	unit	SOAMothershipv4	requirement	HaveAlarakCommander	Requirements	official-reference	游戏数据/官方SC2原始文本镜像/mods/starcoop/starcoop.sc2mod/base.sc2data/gamedata/requirementdata.xml	3	unit:CoopCasterAlarak -> ability:AlarakACSummonDeathfleetTarget -> unit:SOAMothershipv4
unit	CoopCasterDehaka	Dehaka	external-official-reference-node	no			unit	CoopCasterDehaka	profile-root	official-reference	游戏数据/官方SC2原始文本镜像/mods/starcoop/starcoop.sc2mod/base.sc2data/gamedata/unitdata.xml	0	unit:CoopCasterDehaka
unit	CoopCasterNova	Nova	external-xm-dependency-node	no			unit	CoopCasterNova	profile-root	xm-dependency	原始mod/Mods/XM/XMNova.SC2Mod/Base.SC2Data/GameData/UnitData.xml	0	unit:CoopCasterNova
unit	CoopCasterRaynor	Raynor	catalog-node	no	ability	VoidCoopSummonHyperion	button	SummonHyperion	DefaultButtonFace	official-reference	游戏数据/官方SC2原始文本镜像/campaigns/void.sc2campaign/base.sc2data/gamedata/buttondata.xml	2	unit:CoopCasterRaynor -> ability:VoidCoopSummonHyperion
unit	CoopCasterRaynor	Raynor	catalog-node	no	effect	SummonHyperionCreateUnit	effect	HyperionVoidCoopSpawnSet	Effect	official-reference	游戏数据/官方SC2原始文本镜像/mods/starcoop/starcoop.sc2mod/base.sc2data/gamedata/effectdata.xml	3	unit:CoopCasterRaynor -> ability:VoidCoopSummonHyperion -> effect:SummonHyperionCreateUnit
unit	CoopCasterRaynor	Raynor	catalog-node	no	effect	SummonHyperionCreateUnit	unit	HyperionVoidCoop	Unit	official-reference	游戏数据/官方SC2原始文本镜像/mods/starcoop/starcoop.sc2mod/base.sc2data/gamedata/unitdata.xml	3	unit:CoopCasterRaynor -> ability:VoidCoopSummonHyperion -> effect:SummonHyperionCreateUnit
unit	CoopCasterRaynor	Raynor	catalog-node	no	effect	BansheeAirstrikeSearch	effect	BansheeAirstrikeDamage	EffectAttr	official-reference	游戏数据/官方SC2原始文本镜像/mods/starcoop/starcoop.sc2mod/base.sc2data/gamedata/effectdata.xml	3	unit:CoopCasterRaynor -> ability:BansheeAirstrike -> effect:BansheeAirstrikeSearch
unit	K5Kerrigan	Kerrigan	catalog-node	no	unit	K5Kerrigan	behavior	KerriganUnburrowedDummy	BehaviorArray	official-reference	游戏数据/官方SC2原始文本镜像/campaigns/swarm.sc2campaign/base.sc2data/gamedata/behaviordata.xml	1	unit:K5Kerrigan
unit	K5Kerrigan	Kerrigan	catalog-node	no	unit	K5Kerrigan	button	Apocalypse	Face	official-reference	游戏数据/官方SC2原始文本镜像/campaigns/swarm.sc2campaign/base.sc2data/gamedata/buttondata.xml	1	unit:K5Kerrigan
unit	K5Kerrigan	Kerrigan	catalog-node	no	behavior	AllUnitBehaviorController	effect	AllUnitBehaviorControllerSet	Effect	official-reference	游戏数据/官方SC2原始文本镜像/mods/starcoop/starcoop.sc2mod/base.sc2data/gamedata/effectdata.xml	2	unit:K5Kerrigan -> behavior:AllUnitBehaviorController
unit	K5Kerrigan	Kerrigan	catalog-node	no	behavior	HeroicFortitude	validator	HaveHeroicFortitude	Validator	official-reference	游戏数据/官方SC2原始文本镜像/mods/starcoop/starcoop.sc2mod/base.sc2data/gamedata/validatordata.xml	2	unit:K5Kerrigan -> behavior:HeroicFortitude
unit	K5Kerrigan	Kerrigan	catalog-node	no	ability	PrimalSlash	effect	PrimalSlashInitialSet	Effect	official-reference	游戏数据/官方SC2原始文本镜像/mods/starcoop/starcoop.sc2mod/base.sc2data/gamedata/effectdata.xml	2	unit:K5Kerrigan -> ability:PrimalSlash
unit	K5Kerrigan	Kerrigan	catalog-node	no	ability	PsionicLift	effect	PsionicLiftRaiseSearch	Effect	official-reference	游戏数据/官方SC2原始文本镜像/mods/starcoop/starcoop.sc2mod/base.sc2data/gamedata/effectdata.xml	2	unit:K5Kerrigan -> ability:PsionicLift
unit	K5Kerrigan	Kerrigan	catalog-node	no	effect	KerriganMaelstromInitialSet	effect	KerriganMaelstromAB	Effect	official-reference	游戏数据/官方SC2原始文本镜像/mods/starcoop/starcoop.sc2mod/base.sc2data/gamedata/effectdata.xml	3	unit:K5Kerrigan -> ability:KerriganMaelstrom -> effect:KerriganMaelstromInitialSet
unit	K5Kerrigan	Kerrigan	catalog-node	no	effect	KerriganVoidCoopEconDropCasterAB	behavior	KerriganVoidCoopEconDropCaster	Behavior	official-reference	游戏数据/官方SC2原始文本镜像/mods/starcoop/starcoop.sc2mod/base.sc2data/gamedata/behaviordata.xml	3	unit:K5Kerrigan -> ability:KerriganVoidCoopEconDrop -> effect:KerriganVoidCoopEconDropCasterAB
unit	K5Kerrigan	Kerrigan	catalog-node	no	effect	KerriganVoidCoopCrushingGripWaveDelayCP	effect	KerriganVoidCoopCrushingGripWaveStunAB	Effect	official-reference	游戏数据/官方SC2原始文本镜像/mods/starcoop/starcoop.sc2mod/base.sc2data/gamedata/effectdata.xml	3	unit:K5Kerrigan -> ability:KerriganVoidCoopCrushingGripWave -> effect:KerriganVoidCoopCrushingGripWaveDelayCP
unit	K5Kerrigan	Kerrigan	catalog-node	no	effect	KerriganVoidCoopCrushingGripWaveDelayCP	effect	KerriganVoidCoopCrushingGripWaveCP	Effect	official-reference	游戏数据/官方SC2原始文本镜像/mods/starcoop/starcoop.sc2mod/base.sc2data/gamedata/effectdata.xml	3	unit:K5Kerrigan -> ability:KerriganVoidCoopCrushingGripWave -> effect:KerriganVoidCoopCrushingGripWaveDelayCP
unit	SoACasterArtanis	Artanis	catalog-node	no	unit	SoACasterArtanis	ability	SOAOrbitalStrikeActivate	AbilArray.Link	official-reference	游戏数据/官方SC2原始文本镜像/campaigns/void.sc2campaign/base.sc2data/gamedata/abildata.xml	1	unit:SoACasterArtanis
unit	SoACasterArtanis	Artanis	catalog-node	no	unit	SoACasterArtanis	ability	SOAOrbitalStrikeExecute	AbilArray.Link	official-reference	游戏数据/官方SC2原始文本镜像/campaigns/void.sc2campaign/base.sc2data/gamedata/abildata.xml	1	unit:SoACasterArtanis
unit	SoACasterArtanis	Artanis	catalog-node	no	unit	SoACasterArtanis	ability	SOAOrbitalStrikeTargetingDummy	AbilArray.Link	official-reference	游戏数据/官方SC2原始文本镜像/campaigns/void.sc2campaign/base.sc2data/gamedata/abildata.xml	1	unit:SoACasterArtanis
unit	SoACasterArtanis	Artanis	catalog-node	no	unit	SoACasterArtanis	ability	SoASuperShield	AbilArray.Link	official-reference	游戏数据/官方SC2原始文本镜像/campaigns/void.sc2campaign/base.sc2data/gamedata/abildata.xml	1	unit:SoACasterArtanis
unit	SoACasterArtanis	Artanis	catalog-node	no	unit	SoACasterArtanis	ability	SOAStrafeAttack	AbilArray.Link	official-reference	游戏数据/官方SC2原始文本镜像/campaigns/void.sc2campaign/base.sc2data/gamedata/abildata.xml	1	unit:SoACasterArtanis
unit	SoACasterArtanis	Artanis	catalog-node	no	unit	SoACasterArtanis	ability	SOAStrafeAttackExecute	AbilArray.Link	official-reference	游戏数据/官方SC2原始文本镜像/campaigns/void.sc2campaign/base.sc2data/gamedata/abildata.xml	1	unit:SoACasterArtanis
unit	SoACasterArtanis	Artanis	catalog-node	no	unit	SoACasterArtanis	ability	SOAOrbitalStrikeActivate	AbilCmd	official-reference	游戏数据/官方SC2原始文本镜像/campaigns/void.sc2campaign/base.sc2data/gamedata/abildata.xml	1	unit:SoACasterArtanis
unit	SoACasterArtanis	Artanis	catalog-node	no	unit	SoACasterArtanis	ability	SoASuperShield	AbilCmd	official-reference	游戏数据/官方SC2原始文本镜像/campaigns/void.sc2campaign/base.sc2data/gamedata/abildata.xml	1	unit:SoACasterArtanis
unit	SoACasterArtanis	Artanis	catalog-node	no	unit	SoACasterArtanis	ability	SOAStrafeAttack	AbilCmd	official-reference	游戏数据/官方SC2原始文本镜像/campaigns/void.sc2campaign/base.sc2data/gamedata/abildata.xml	1	unit:SoACasterArtanis
unit	SoACasterArtanis	Artanis	catalog-node	no	unit	SoACasterArtanis	ability	SOAOrbitalStrikeTargetingDummy	AbilCmd	official-reference	游戏数据/官方SC2原始文本镜像/campaigns/void.sc2campaign/base.sc2data/gamedata/abildata.xml	1	unit:SoACasterArtanis
unit	SoACasterArtanis	Artanis	catalog-node	no	unit	SoACasterArtanis	ability	SOAOrbitalStrikeExecute	AbilCmd	official-reference	游戏数据/官方SC2原始文本镜像/campaigns/void.sc2campaign/base.sc2data/gamedata/abildata.xml	1	unit:SoACasterArtanis
unit	SoACasterArtanis	Artanis	catalog-node	no	unit	SoACasterArtanis	button	SOAWarpTech	Face	official-reference	游戏数据/官方SC2原始文本镜像/campaigns/void.sc2campaign/base.sc2data/gamedata/buttondata.xml	1	unit:SoACasterArtanis
unit	SoACasterArtanis	Artanis	catalog-node	no	unit	SoACasterArtanis	requirement	HaveSOAHeroicShield	Requirements	official-reference	游戏数据/官方SC2原始文本镜像/campaigns/void.sc2campaign/base.sc2data/gamedata/requirementdata.xml	1	unit:SoACasterArtanis
unit	SoACasterArtanis	Artanis	catalog-node	no	unit	SoACasterArtanis	requirement	HaveSOAWarpTech	Requirements	official-reference	游戏数据/官方SC2原始文本镜像/campaigns/void.sc2campaign/base.sc2data/gamedata/requirementdata.xml	1	unit:SoACasterArtanis
unit	SoACasterArtanis	Artanis	catalog-node	no	ability	SOAPylonPower	effect	SOAPylonPowerCoop	Effect	official-reference	游戏数据/官方SC2原始文本镜像/mods/starcoop/starcoop.sc2mod/base.sc2data/gamedata/effectdata.xml	2	unit:SoACasterArtanis -> ability:SOAPylonPower
unit	SoACasterArtanis	Artanis	catalog-node	no	ability	CommanderPrestigeArtanisOrbitalStrikeShieldOverchargeTargeted	effect	CommanderPrestigeArtanisOrbitalStrikeShieldOverchargeTargetedSearch	Effect	official-reference	游戏数据/官方SC2原始文本镜像/mods/starcoop/starcoop.sc2mod/base.sc2data/gamedata/effectdata.xml	2	unit:SoACasterArtanis -> ability:CommanderPrestigeArtanisOrbitalStrikeShieldOverchargeTargeted
unit	SoACasterFenix	Fenix	catalog-node	no	effect	SOASummonFenixInitialSet	effect	SOASummonFenixHeroSummonCleanupDummy	Effect	official-reference	游戏数据/官方SC2原始文本镜像/mods/starcoop/starcoop.sc2mod/base.sc2data/gamedata/effectdata.xml	3	unit:SoACasterFenix -> ability:SOASummonFenix -> effect:SOASummonFenixInitialSet
unit	SoACasterFenix	Fenix	catalog-node	no	effect	SOASummonFenixInitialSet	effect	SOASummonFenixHeroSummonCasterBehaviorCleanup	Effect	official-reference	游戏数据/官方SC2原始文本镜像/mods/starcoop/starcoop.sc2mod/base.sc2data/gamedata/effectdata.xml	3	unit:SoACasterFenix -> ability:SOASummonFenix -> effect:SOASummonFenixInitialSet
unit	SoACasterFenix	Fenix	catalog-node	no	effect	SOASummonFenixInitialSet	effect	SOASummonFenixCU	Effect	official-reference	游戏数据/官方SC2原始文本镜像/mods/starcoop/starcoop.sc2mod/base.sc2data/gamedata/effectdata.xml	3	unit:SoACasterFenix -> ability:SOASummonFenix -> effect:SOASummonFenixInitialSet
unit	SoACasterFenix	Fenix	catalog-node	no	effect	SOASummonFenixInitialSet	effect	SOASummonFenixActiveAB	Effect	official-reference	游戏数据/官方SC2原始文本镜像/mods/starcoop/starcoop.sc2mod/base.sc2data/gamedata/effectdata.xml	3	unit:SoACasterFenix -> ability:SOASummonFenix -> effect:SOASummonFenixInitialSet
unit	SoACasterFenix	Fenix	catalog-node	no	effect	SOASummonFenixDragoonInitialSet	effect	SOASummonFenixHeroSummonCleanupDummy	Effect	official-reference	游戏数据/官方SC2原始文本镜像/mods/starcoop/starcoop.sc2mod/base.sc2data/gamedata/effectdata.xml	3	unit:SoACasterFenix -> ability:SOASummonFenixDragoon -> effect:SOASummonFenixDragoonInitialSet
unit	SoACasterFenix	Fenix	catalog-node	no	effect	SOASummonFenixDragoonInitialSet	effect	SOASummonFenixHeroSummonCasterBehaviorCleanup	Effect	official-reference	游戏数据/官方SC2原始文本镜像/mods/starcoop/starcoop.sc2mod/base.sc2data/gamedata/effectdata.xml	3	unit:SoACasterFenix -> ability:SOASummonFenixDragoon -> effect:SOASummonFenixDragoonInitialSet
unit	SoACasterFenix	Fenix	catalog-node	no	effect	SOASummonFenixDragoonInitialSet	effect	SOASummonFenixDragoonCU	Effect	official-reference	游戏数据/官方SC2原始文本镜像/mods/starcoop/starcoop.sc2mod/base.sc2data/gamedata/effectdata.xml	3	unit:SoACasterFenix -> ability:SOASummonFenixDragoon -> effect:SOASummonFenixDragoonInitialSet
unit	SoACasterFenix	Fenix	catalog-node	no	effect	SOASummonFenixDragoonInitialSet	effect	SOASummonFenixDragoonActiveAB	Effect	official-reference	游戏数据/官方SC2原始文本镜像/mods/starcoop/starcoop.sc2mod/base.sc2data/gamedata/effectdata.xml	3	unit:SoACasterFenix -> ability:SOASummonFenixDragoon -> effect:SOASummonFenixDragoonInitialSet
unit	SoACasterFenix	Fenix	catalog-node	no	effect	SOASummonFenixArbiterInitialSet	effect	SOASummonFenixHeroSummonCleanupDummy	Effect	official-reference	游戏数据/官方SC2原始文本镜像/mods/starcoop/starcoop.sc2mod/base.sc2data/gamedata/effectdata.xml	3	unit:SoACasterFenix -> ability:SOASummonFenixArbiter -> effect:SOASummonFenixArbiterInitialSet
unit	SoACasterFenix	Fenix	catalog-node	no	effect	SOASummonFenixArbiterInitialSet	effect	SOASummonFenixHeroSummonCasterBehaviorCleanup	Effect	official-reference	游戏数据/官方SC2原始文本镜像/mods/starcoop/starcoop.sc2mod/base.sc2data/gamedata/effectdata.xml	3	unit:SoACasterFenix -> ability:SOASummonFenixArbiter -> effect:SOASummonFenixArbiterInitialSet
unit	SoACasterFenix	Fenix	catalog-node	no	effect	SOASummonFenixArbiterInitialSet	effect	SOASummonFenixArbiterCU	Effect	official-reference	游戏数据/官方SC2原始文本镜像/mods/starcoop/starcoop.sc2mod/base.sc2data/gamedata/effectdata.xml	3	unit:SoACasterFenix -> ability:SOASummonFenixArbiter -> effect:SOASummonFenixArbiterInitialSet
unit	SoACasterFenix	Fenix	catalog-node	no	effect	SOASummonFenixArbiterInitialSet	effect	SOASummonFenixArbiterActiveAB	Effect	official-reference	游戏数据/官方SC2原始文本镜像/mods/starcoop/starcoop.sc2mod/base.sc2data/gamedata/effectdata.xml	3	unit:SoACasterFenix -> ability:SOASummonFenixArbiter -> effect:SOASummonFenixArbiterInitialSet
unit	SoACasterKarax	Karax	catalog-node	no	unit	SoACasterKarax	ability	SOAThermalLanceTargetingDummy	AbilArray.Link	official-reference	游戏数据/官方SC2原始文本镜像/campaigns/void.sc2campaign/base.sc2data/gamedata/abildata.xml	1	unit:SoACasterKarax
unit	SoACasterKarax	Karax	catalog-node	no	unit	SoACasterKarax	ability	SOAThermalLanceTargetingDummy	AbilCmd	official-reference	游戏数据/官方SC2原始文本镜像/campaigns/void.sc2campaign/base.sc2data/gamedata/abildata.xml	1	unit:SoACasterKarax
unit	SoACasterKarax	Karax	catalog-node	no	unit	SoACasterKarax	button	SOAThermalLance	Face	official-reference	游戏数据/官方SC2原始文本镜像/campaigns/void.sc2campaign/base.sc2data/gamedata/buttondata.xml	1	unit:SoACasterKarax
unit	SoACasterKarax	Karax	catalog-node	no	unit	SoACasterKarax	button	SOAPurifierBeam	Face	official-reference	游戏数据/官方SC2原始文本镜像/campaigns/void.sc2campaign/base.sc2data/gamedata/buttondata.xml	1	unit:SoACasterKarax
unit	SoACasterKarax	Karax	catalog-node	no	unit	SoACasterKarax	requirement	HaveSOARepairBeam	Requirements	official-reference	游戏数据/官方SC2原始文本镜像/campaigns/void.sc2campaign/base.sc2data/gamedata/requirementdata.xml	1	unit:SoACasterKarax
unit	SoACasterKarax	Karax	catalog-node	no	ability	SOAOrbitalStrikeKarax	requirement	HaveSOAOrbitalStrike	Requirements	official-reference	游戏数据/官方SC2原始文本镜像/campaigns/void.sc2campaign/base.sc2data/gamedata/requirementdata.xml	2	unit:SoACasterKarax -> ability:SOAOrbitalStrikeKarax
unit	SoACasterKarax	Karax	catalog-node	no	ability	SOASuperChronoMapwide	requirement	HaveSOASuperChrono	Requirements	official-reference	游戏数据/官方SC2原始文本镜像/campaigns/void.sc2campaign/base.sc2data/gamedata/requirementdata.xml	2	unit:SoACasterKarax -> ability:SOASuperChronoMapwide
unit	SoACasterKarax	Karax	catalog-node	no	ability	SOASuperChronoMapwide	effect	ChronoBoost	Effect	official-reference	游戏数据/官方SC2原始文本镜像/mods/liberty.sc2mod/base.sc2data/gamedata/effectdata.xml	2	unit:SoACasterKarax -> ability:SOASuperChronoMapwide
unit	SoACasterKarax	Karax	catalog-node	no	ability	SOAMapWideChrono	effect	ChronoBoost	Effect	official-reference	游戏数据/官方SC2原始文本镜像/mods/liberty.sc2mod/base.sc2data/gamedata/effectdata.xml	2	unit:SoACasterKarax -> ability:SOAMapWideChrono
unit	SoACasterKarax	Karax	catalog-node	no	ability	SOARepairBeam	validator	NotUnrepairable	Validator	official-reference	游戏数据/官方SC2原始文本镜像/mods/starcoop/starcoop.sc2mod/base.sc2data/gamedata/validatordata.xml	2	unit:SoACasterKarax -> ability:SOARepairBeam
unit	SoACasterKarax	Karax	catalog-node	no	effect	SOAOrbitalStrikeCP	effect	SOAOrbitalStrikeImpactSet	Effect	official-reference	游戏数据/官方SC2原始文本镜像/mods/starcoop/starcoop.sc2mod/base.sc2data/gamedata/effectdata.xml	3	unit:SoACasterKarax -> ability:SOAOrbitalStrikeKarax -> effect:SOAOrbitalStrikeCP
unit	SoACasterKarax	Karax	catalog-node	no	effect	SOAOrbitalStrikeImpactSearch	effect	SOAOrbitalStrikeDamageSet	EffectAttr	official-reference	游戏数据/官方SC2原始文本镜像/mods/starcoop/starcoop.sc2mod/base.sc2data/gamedata/effectdata.xml	3	unit:SoACasterKarax -> ability:SOAOrbitalStrikeKarax -> effect:SOAOrbitalStrikeImpactSearch
unit	SoACasterKarax	Karax	catalog-node	no	effect	SOASuperChronoMapWideSearch	effect	SOASuperChrono	EffectAttr	official-reference	游戏数据/官方SC2原始文本镜像/campaigns/void.sc2campaign/base.sc2data/gamedata/effectdata.xml	3	unit:SoACasterKarax -> ability:SOASuperChronoMapwide -> effect:SOASuperChronoMapWideSearch
unit	SoACasterKarax	Karax	catalog-node	no	effect	SOAMapWideChronoSearch	effect	SOAMapWideChronoAB	EffectAttr	official-reference	游戏数据/官方SC2原始文本镜像/mods/starcoop/starcoop.sc2mod/base.sc2data/gamedata/effectdata.xml	3	unit:SoACasterKarax -> ability:SOAMapWideChrono -> effect:SOAMapWideChronoSearch
unit	SoACasterVorazun	Vorazun	catalog-node	no	unit	SoACasterVorazun	ability	SOATimeFreeze	AbilArray.Link	official-reference	游戏数据/官方SC2原始文本镜像/campaigns/void.sc2campaign/base.sc2data/gamedata/abildata.xml	1	unit:SoACasterVorazun
unit	SoACasterVorazun	Vorazun	catalog-node	no	unit	SoACasterVorazun	ability	SOATimeFreeze	AbilCmd	official-reference	游戏数据/官方SC2原始文本镜像/campaigns/void.sc2campaign/base.sc2data/gamedata/abildata.xml	1	unit:SoACasterVorazun
unit	SoACasterVorazun	Vorazun	catalog-node	no	ability	SOADarkPylon	validator	HasVisionOfTarget	Validator	official-reference	游戏数据/官方SC2原始文本镜像/mods/core.sc2mod/base.sc2data/gamedata/validatordata.xml	2	unit:SoACasterVorazun -> ability:SOADarkPylon
unit	SoACasterVorazun	Vorazun	catalog-node	no	ability	SOADarkPylon	effect	SOAProxyPylonVisualAB	Effect	official-reference	游戏数据/官方SC2原始文本镜像/campaigns/void.sc2campaign/base.sc2data/gamedata/effectdata.xml	2	unit:SoACasterVorazun -> ability:SOADarkPylon
unit	SoACasterVorazun	Vorazun	catalog-node	no	ability	CommanderPrestigeVorazunTimeStop	requirement	HaveSOATimeFreeze	Requirements	official-reference	游戏数据/官方SC2原始文本镜像/campaigns/void.sc2campaign/base.sc2data/gamedata/requirementdata.xml	2	unit:SoACasterVorazun -> ability:CommanderPrestigeVorazunTimeStop
unit	SoACasterVorazun	Vorazun	catalog-node	no	effect	ShadowGuardCU	validator	Pathable	Validator	official-reference	游戏数据/官方SC2原始文本镜像/mods/core.sc2mod/base.sc2data/gamedata/validatordata.xml	3	unit:SoACasterVorazun -> ability:SOAShadowGuardCalldown -> effect:ShadowGuardCU
unit	SoACasterVorazun	Vorazun	catalog-node	no	effect	ShadowGuardCU	effect	ShadowGuardSpawnSet	Effect	official-reference	游戏数据/官方SC2原始文本镜像/mods/starcoop/starcoop.sc2mod/base.sc2data/gamedata/effectdata.xml	3	unit:SoACasterVorazun -> ability:SOAShadowGuardCalldown -> effect:ShadowGuardCU
unit	SoACasterVorazun	Vorazun	catalog-node	no	effect	ShadowGuardCU	unit	VorazunShadowGuard	Unit	official-reference	游戏数据/官方SC2原始文本镜像/mods/starcoop/starcoop.sc2mod/base.sc2data/gamedata/unitdata.xml	3	unit:SoACasterVorazun -> ability:SOAShadowGuardCalldown -> effect:ShadowGuardCU
