File	Size	MatchedBy	Snippet
mods\novastoryassets.sc2mod\base.sc2maps\maps\campaign\nova\nova02.sc2map\ai8baf88e7.galaxy	54612	Brutalisk	reateCount = 1; }      if (createCount > 0) {          UnitCreate(createCount, "Brutalisk", 0, p, createPoint, PointGetFacing(createPoint));          AIAttackWaveUseGrou
campaigns\swarm.sc2campaign\base.sc2maps\maps\campaign\swarm\zhybrid02.sc2map\aiffa30158.galaxy	97072	Brutalisk	ypoints(p);        Wait(ts, c_timeAI);      TriggerExecute(TriggerFind("gt_IntroBrutaliskObjective_Func"), true, false);      tf = 0;      if (tf > 0) {          Wait(tf
mods\core.sc2mod\zhcn.sc2data\localizeddata\editor\editorcatalogstrings.txt	1739408	Abathur	m=中型 /// Medium  EDSTR_ENUMVAL_e_glUltra=过激 /// Ultra  EDSTR_ENUMVAL_e_glueThemeAbathur=阿巴瑟  EDSTR_ENUMVAL_e_glueThemeAlarak=阿拉纳克  EDSTR_ENUMVAL_e_glueThemeAnniversary
mods\missionpacks\novacampaign.sc2mod\dede.sc2data\localizeddata\triggerstrings.txt	441919	Mend	cified unit ability.  Due to the smart lookup done by this function, it is recommended to avoid using this function with a high frequency. ///Auto - Copied from enU
mods\missionpacks\novacampaign.sc2mod\enus.sc2data\localizeddata\triggerstrings.txt	277257	Mend	cified unit ability.  Due to the smart lookup done by this function, it is recommended to avoid using this function with a high frequency.  FunctionDef/Hint/lib_NCM
mods\missionpacks\novacampaign.sc2mod\eses.sc2data\localizeddata\triggerstrings.txt	441919	Mend	cified unit ability.  Due to the smart lookup done by this function, it is recommended to avoid using this function with a high frequency. ///Auto - Copied from enU
mods\missionpacks\novacampaign.sc2mod\esmx.sc2data\localizeddata\triggerstrings.txt	441919	Mend	cified unit ability.  Due to the smart lookup done by this function, it is recommended to avoid using this function with a high frequency. ///Auto - Copied from enU
mods\missionpacks\novacampaign.sc2mod\frfr.sc2data\localizeddata\triggerstrings.txt	441919	Mend	cified unit ability.  Due to the smart lookup done by this function, it is recommended to avoid using this function with a high frequency. ///Auto - Copied from enU
mods\missionpacks\novacampaign.sc2mod\itit.sc2data\localizeddata\triggerstrings.txt	441919	Mend	cified unit ability.  Due to the smart lookup done by this function, it is recommended to avoid using this function with a high frequency. ///Auto - Copied from enU
mods\missionpacks\novacampaign.sc2mod\kokr.sc2data\localizeddata\triggerstrings.txt	441919	Mend	cified unit ability.  Due to the smart lookup done by this function, it is recommended to avoid using this function with a high frequency. ///Auto - Copied from enU
mods\missionpacks\novacampaign.sc2mod\plpl.sc2data\localizeddata\triggerstrings.txt	441919	Mend	cified unit ability.  Due to the smart lookup done by this function, it is recommended to avoid using this function with a high frequency. ///Auto - Copied from enU
mods\missionpacks\novacampaign.sc2mod\ptbr.sc2data\localizeddata\triggerstrings.txt	441919	Mend	cified unit ability.  Due to the smart lookup done by this function, it is recommended to avoid using this function with a high frequency. ///Auto - Copied from enU
mods\missionpacks\novacampaign.sc2mod\ruru.sc2data\localizeddata\triggerstrings.txt	441919	Mend	cified unit ability.  Due to the smart lookup done by this function, it is recommended to avoid using this function with a high frequency. ///Auto - Copied from enU
mods\missionpacks\novacampaign.sc2mod\zhcn.sc2data\localizeddata\triggerstrings.txt	441919	Mend	cified unit ability.  Due to the smart lookup done by this function, it is recommended to avoid using this function with a high frequency. ///Auto - Copied from enU
mods\missionpacks\novacampaign.sc2mod\zhtw.sc2data\localizeddata\triggerstrings.txt	441919	Mend	cified unit ability.  Due to the smart lookup done by this function, it is recommended to avoid using this function with a high frequency. ///Auto - Copied from enU
campaigns\liberty.sc2campaign\base.sc2maps\maps\campaign\tarcade.sc2map\enus.sc2data\localizeddata\triggerstrings.txt	40452	Leviathan	A2C7=Tip  Category/Name/8080A31D=Support  Category/Name/87483555=Level 2 Boss - Leviathan  Category/Name/8FA00E90=Mob Behavior  Category/Name/9AC6A329=Fade In/Out  Categ
campaigns\liberty.sc2campaign\base.sc2maps\maps\campaign\thorner05s.sc2map\enus.sc2data\localizeddata\triggerstrings.txt	29459	Brutalisk	43350E=Objective Primary - Fusion Reactor  Category/Name/009549CC=Computer 06 - Brutalisk  Category/Name/0298AE6C=Briefing Cinematic  Category/Name/0A7CAF5C=ExplosionsAs
campaigns\liberty.sc2campaign\base.sc2maps\maps\campaign\ttosh01.sc2map\enus.sc2data\localizeddata\triggerstrings.txt	9917	Brutalisk	Category/Name/1211EDE2=Critters  Category/Name/5386B5CC=Lab Research - Kill the Brutalisk  Category/Name/540A74A8=Variables  Category/Name/55D1CC10=Scripted Events  Cate
campaigns\liberty.sc2campaign\base.sc2maps\maps\campaign\ttychus03.sc2map\enus.sc2data\localizeddata\triggerstrings.txt	16878	Brutalisk	/069F74CB=Scripted Base Attacks  Category/Name/0741AE1C=Lab Research - Kill the Brutalisk  Category/Name/0F3D8DB3========OBJECTIVES======  Category/Name/157625D9=Site 3 
campaigns\liberty.sc2campaign\base.sc2maps\maps\campaign\tvalerian02b.sc2map\enus.sc2data\localizeddata\triggerstrings.txt	14552	Leviathan	289C9=AI  Category/Name/036FC2A2=Victory/Defeat  Category/Name/19ACF57A=Midgame Leviathan Cinematic  Category/Name/1D219AF4=Stats & Achievements  Category/Name/2A82763F=
campaigns\liberty.sc2campaign\base.sc2maps\maps\campaign\tvalerian03.sc2map\enus.sc2data\localizeddata\triggerstrings.txt	13659	Leviathan	ain G (29 - 30 mins)  Trigger/Name/0A2A3519=Debug WavesB  Trigger/Name/0B3E29E4=Leviathan Spawns Muta/BLord  Trigger/Name/0EE5C54A=Zerg Left Extra D  Trigger/Name/0F317F
campaigns\swarm.sc2campaign\base.sc2maps\maps\campaign\swarm\zchar01.sc2map\enus.sc2data\localizeddata\triggerstrings.txt	12673	Abathur	H  Trigger/Name/889EBF76=Defeat Primary Objective Failed  Trigger/Name/89B166A0=Abathur Teaches Banelings Q  Trigger/Name/8A389DB5=CHEAT - 100 Eggs  Trigger/Name/8CBAE
campaigns\swarm.sc2campaign\base.sc2maps\maps\campaign\swarm\zchar02.sc2map\enus.sc2data\localizeddata\triggerstrings.txt	13058	Biomass	/859380BC=Starting Sequence  Category/Name/9647B2FE=Bonus Objective - Find Zerg Biomass  Category/Name/B120EFF4=Scripted Events  Category/Name/BB5BB6AB=Main Objective 
campaigns\swarm.sc2campaign\base.sc2maps\maps\campaign\swarm\zchar03.sc2map\enus.sc2data\localizeddata\triggerstrings.txt	13726	Biomass	tack  Trigger/Name/7EF66E4A=Victory Cinematic End  Trigger/Name/808C2949=Terran Biomass Reaction  Trigger/Name/843DA4E5=Expansion - Drop Pod Defense  Trigger/Name/87C8
campaigns\swarm.sc2campaign\base.sc2maps\maps\campaign\swarm\zexpedition03.sc2map\enus.sc2data\localizeddata\triggerstrings.txt	18931	Biomass	/Name/8E0CA784=Scripted Events  Category/Name/913DF68D=Primary Objective - Gain Biomass  Category/Name/966BD48E=All Sections  Category/Name/9C5CA5FB=Part 2 (Resource C
campaigns\swarm.sc2campaign\base.sc2maps\maps\campaign\swarm\zhybrid02.sc2map\enus.sc2data\localizeddata\triggerstrings.txt	12095	Brutalisk	CD3FA======== MAIN =======  Category/Name/22FA950C=Bonus Objective - Rescue the Brutalisks  Category/Name/29AAA230=AI  Category/Name/29B0B346======== CINEMATIC =======  
campaigns\swarm.sc2campaign\base.sc2maps\maps\campaign\swarm\zkorhal01.sc2map\enus.sc2data\localizeddata\triggerstrings.txt	13675	Leviathan	Destroy Gates Complete  Trigger/Name/7C42156E=Intro Zerg  Trigger/Name/7D0C7F28=Leviathan Safety  Trigger/Name/7FE51437=Show Next Landing  Trigger/Name/80299E9A=Bile Lau
campaigns\swarm.sc2campaign\base.sc2maps\maps\campaign\swarm\zkorhal02.sc2map\dede.sc2data\localizeddata\triggerstrings.txt	19977	Mend	ger/Name/4565212A=Handle Kerrigan Death  Trigger/Name/4810BBF1=Teach - Dehaka - Mend Used  Trigger/Name/490A3A00=Start P04 Teal Attack Waves  Trigger/Name/490A8BB9=
campaigns\swarm.sc2campaign\base.sc2maps\maps\campaign\swarm\zkorhal02.sc2map\enus.sc2data\localizeddata\triggerstrings.txt	17555	Mend	gger/Name/47079DF9=Grant Drag Alternate  Trigger/Name/4810BBF1=Teach - Dehaka - Mend Used  Trigger/Name/490A8BB9=Start Game Q  Trigger/Name/4B09E6C0=Intro Cleanup  
campaigns\swarm.sc2campaign\base.sc2maps\maps\campaign\swarm\zkorhal02.sc2map\eses.sc2data\localizeddata\triggerstrings.txt	19977	Mend	ger/Name/4565212A=Handle Kerrigan Death  Trigger/Name/4810BBF1=Teach - Dehaka - Mend Used  Trigger/Name/490A3A00=Start P04 Teal Attack Waves  Trigger/Name/490A8BB9=
campaigns\swarm.sc2campaign\base.sc2maps\maps\campaign\swarm\zkorhal02.sc2map\esmx.sc2data\localizeddata\triggerstrings.txt	19977	Mend	ger/Name/4565212A=Handle Kerrigan Death  Trigger/Name/4810BBF1=Teach - Dehaka - Mend Used  Trigger/Name/490A3A00=Start P04 Teal Attack Waves  Trigger/Name/490A8BB9=
campaigns\swarm.sc2campaign\base.sc2maps\maps\campaign\swarm\zkorhal02.sc2map\frfr.sc2data\localizeddata\triggerstrings.txt	19977	Mend	ger/Name/4565212A=Handle Kerrigan Death  Trigger/Name/4810BBF1=Teach - Dehaka - Mend Used  Trigger/Name/490A3A00=Start P04 Teal Attack Waves  Trigger/Name/490A8BB9=
campaigns\swarm.sc2campaign\base.sc2maps\maps\campaign\swarm\zkorhal02.sc2map\itit.sc2data\localizeddata\triggerstrings.txt	19977	Mend	ger/Name/4565212A=Handle Kerrigan Death  Trigger/Name/4810BBF1=Teach - Dehaka - Mend Used  Trigger/Name/490A3A00=Start P04 Teal Attack Waves  Trigger/Name/490A8BB9=
campaigns\swarm.sc2campaign\base.sc2maps\maps\campaign\swarm\zkorhal02.sc2map\kokr.sc2data\localizeddata\triggerstrings.txt	19977	Mend	ger/Name/4565212A=Handle Kerrigan Death  Trigger/Name/4810BBF1=Teach - Dehaka - Mend Used  Trigger/Name/490A3A00=Start P04 Teal Attack Waves  Trigger/Name/490A8BB9=
campaigns\swarm.sc2campaign\base.sc2maps\maps\campaign\swarm\zkorhal02.sc2map\plpl.sc2data\localizeddata\triggerstrings.txt	19977	Mend	ger/Name/4565212A=Handle Kerrigan Death  Trigger/Name/4810BBF1=Teach - Dehaka - Mend Used  Trigger/Name/490A3A00=Start P04 Teal Attack Waves  Trigger/Name/490A8BB9=
campaigns\swarm.sc2campaign\base.sc2maps\maps\campaign\swarm\zkorhal02.sc2map\ptbr.sc2data\localizeddata\triggerstrings.txt	19977	Mend	ger/Name/4565212A=Handle Kerrigan Death  Trigger/Name/4810BBF1=Teach - Dehaka - Mend Used  Trigger/Name/490A3A00=Start P04 Teal Attack Waves  Trigger/Name/490A8BB9=
campaigns\swarm.sc2campaign\base.sc2maps\maps\campaign\swarm\zkorhal02.sc2map\ruru.sc2data\localizeddata\triggerstrings.txt	19977	Mend	ger/Name/4565212A=Handle Kerrigan Death  Trigger/Name/4810BBF1=Teach - Dehaka - Mend Used  Trigger/Name/490A3A00=Start P04 Teal Attack Waves  Trigger/Name/490A8BB9=
campaigns\swarm.sc2campaign\base.sc2maps\maps\campaign\swarm\zkorhal02.sc2map\zhcn.sc2data\localizeddata\triggerstrings.txt	19977	Mend	ger/Name/4565212A=Handle Kerrigan Death  Trigger/Name/4810BBF1=Teach - Dehaka - Mend Used  Trigger/Name/490A3A00=Start P04 Teal Attack Waves  Trigger/Name/490A8BB9=
campaigns\swarm.sc2campaign\base.sc2maps\maps\campaign\swarm\zkorhal02.sc2map\zhtw.sc2data\localizeddata\triggerstrings.txt	19977	Mend	ger/Name/4565212A=Handle Kerrigan Death  Trigger/Name/4810BBF1=Teach - Dehaka - Mend Used  Trigger/Name/490A3A00=Start P04 Teal Attack Waves  Trigger/Name/490A8BB9=
campaigns\swarm.sc2campaign\base.sc2maps\maps\campaign\swarm\zstorychar.sc2map\enus.sc2data\localizeddata\triggerstrings.txt	1987	Leviathan	ArcAfter  Trigger/Name/41A1F406=Convo Zagara Line Handle  Trigger/Name/4232DCD4=Leviathan Birth  Trigger/Name/454213F1=Initialization  Trigger/Name/539A2927=View Char Se
campaigns\swarm.sc2campaign\base.sc2maps\maps\campaign\swarm\zstoryexpedition.sc2map\enus.sc2data\localizeddata\triggerstrings.txt	1975	Leviathan	Expedition01  Trigger/Name/26F3F3CB=Kaldr Init 05 Scenes  Trigger/Name/2CB4FFAF=Leviathan Birth - Leviathan Anim  Trigger/Name/3048CFCE=Kaldr Init 01 Units  Trigger/Name
campaigns\swarm.sc2campaign\base.sc2maps\maps\campaign\swarm\zstoryhybrid.sc2map\enus.sc2data\localizeddata\triggerstrings.txt	1740	Leviathan	0  Variable/Name/254FDB5C=UNIT SET - Dusk 03  Variable/Name/36744BFE=UNIT SET - Leviathan 02  Variable/Name/43A143E3=Ambient Scenes Initialized  Variable/Name/742E6907=U
campaigns\swarm.sc2campaign\base.sc2maps\maps\campaign\swarm\zstorykorhal.sc2map\enus.sc2data\localizeddata\triggerstrings.txt	2157	Leviathan	4=Planet Arrival  Trigger/Name/4D16FCFB=Planet Departure  Trigger/Name/4D2C367F=Leviathan Birth - Leviathan Anim  Trigger/Name/582A52C1=Convo Stukov Pre  Trigger/Name/5D
campaigns\swarm.sc2campaign\base.sc2maps\maps\campaign\swarm\zstoryspace.sc2map\enus.sc2data\localizeddata\triggerstrings.txt	1985	Leviathan	01 Units  Trigger/Name/3233E046=Convo Dehaka Line Handle  Trigger/Name/40AF7258=Leviathan Birth  Trigger/Name/454213F1=Initialization  Trigger/Name/6161EBD0=Convo Dehaka
campaigns\swarm.sc2campaign\base.sc2maps\maps\campaign\swarm\zstoryzerus.sc2map\enus.sc2data\localizeddata\triggerstrings.txt	1748	Leviathan	Variable/Name/43F9C7BD=Ambient Scenes Played  Variable/Name/9DB3140B=UNIT SET - Leviathan 02  Variable/Name/B14DD96A=UNIT SET - Leviathan 01  Variable/Name/BCAF2D7E=UNIT
campaigns\swarm.sc2campaign\base.sc2maps\maps\campaign\swarm\zzerus03.sc2map\enus.sc2data\localizeddata\triggerstrings.txt	24610	Mend	 Tunnel Q  Trigger/Name/B5D04C0A=Zurvan Banter Phase 1 Q  Trigger/Name/B8949944=Mend Tip Q  Trigger/Name/BC40DD32=Slivan Intro Cleanup Not Skipped  Trigger/Name/BFD
campaigns\void.sc2campaign\base.sc2maps\maps\campaign\void\paiur06.sc2map\enus.sc2data\localizeddata\triggerstrings.txt	13896	Brutalisk	/Name/333B7AEF=Armada Attack 10 (Mid)  Trigger/Name/35283A9C=Mastery - Kill the Brutalisk  Trigger/Name/37059BC0=Armada Attack 2 (Top Mid)  Trigger/Name/37FAA2A5=Buildin
mods\novastoryassets.sc2mod\base.sc2maps\maps\campaign\nova\nova02.sc2map\enus.sc2data\localizeddata\triggerstrings.txt	13013	Brutalisk	/FEA2499E=Victory  Variable/Name/0331716E=waveGroupPing  Variable/Name/037076D8=Brutalisk Life  Variable/Name/0B87D803=FadeDuration  Variable/Name/0F908F21=Achievement_S
campaigns\liberty.sc2campaign\zhcn.sc2data\localizeddata\triggerstrings.txt	266168	Brutalisk	  PresetValue/Name/lib_Camp_2F37B52E=研究目标 - 杀死莽兽 /// Research Object - Kill the Brutalisk  PresetValue/Name/lib_Camp_2F5738BD=人类泽拉图04 - 消灭敌方部队 /// TZeratul04 - Kill Enem
mods\core.sc2mod\zhcn.sc2data\localizeddata\triggerstrings.txt	1390663	Mend	int/lib_Ntve_55BC29B4=Returns the ideal harvester count for this unit. The recommended number of workers that should be harvesting to/from the given unit.   Functio
mods\starcoop\starcoop.sc2mod\dede.sc2data\localizeddata\triggerstrings.txt	711216	Abathur	Category/Name/lib_COMI_00F1EEA1=Abathur ///Auto - Copied from enUS Locale  Category/Name/lib_COMI_01736D88=Strafe Attack ///Auto - Copied from enUS Locale  Category/Na
mods\starcoop\starcoop.sc2mod\eses.sc2data\localizeddata\triggerstrings.txt	711216	Abathur	Category/Name/lib_COMI_00F1EEA1=Abathur ///Auto - Copied from enUS Locale  Category/Name/lib_COMI_01736D88=Strafe Attack ///Auto - Copied from enUS Locale  Category/Na
mods\starcoop\starcoop.sc2mod\esmx.sc2data\localizeddata\triggerstrings.txt	711216	Abathur	Category/Name/lib_COMI_00F1EEA1=Abathur ///Auto - Copied from enUS Locale  Category/Name/lib_COMI_01736D88=Strafe Attack ///Auto - Copied from enUS Locale  Category/Na
mods\starcoop\starcoop.sc2mod\frfr.sc2data\localizeddata\triggerstrings.txt	711216	Abathur	Category/Name/lib_COMI_00F1EEA1=Abathur ///Auto - Copied from enUS Locale  Category/Name/lib_COMI_01736D88=Strafe Attack ///Auto - Copied from enUS Locale  Category/Na
mods\starcoop\starcoop.sc2mod\itit.sc2data\localizeddata\triggerstrings.txt	711216	Abathur	Category/Name/lib_COMI_00F1EEA1=Abathur ///Auto - Copied from enUS Locale  Category/Name/lib_COMI_01736D88=Strafe Attack ///Auto - Copied from enUS Locale  Category/Na
mods\starcoop\starcoop.sc2mod\kokr.sc2data\localizeddata\triggerstrings.txt	711216	Abathur	Category/Name/lib_COMI_00F1EEA1=Abathur ///Auto - Copied from enUS Locale  Category/Name/lib_COMI_01736D88=Strafe Attack ///Auto - Copied from enUS Locale  Category/Na
mods\starcoop\starcoop.sc2mod\plpl.sc2data\localizeddata\triggerstrings.txt	711216	Abathur	Category/Name/lib_COMI_00F1EEA1=Abathur ///Auto - Copied from enUS Locale  Category/Name/lib_COMI_01736D88=Strafe Attack ///Auto - Copied from enUS Locale  Category/Na
mods\starcoop\starcoop.sc2mod\ptbr.sc2data\localizeddata\triggerstrings.txt	711216	Abathur	Category/Name/lib_COMI_00F1EEA1=Abathur ///Auto - Copied from enUS Locale  Category/Name/lib_COMI_01736D88=Strafe Attack ///Auto - Copied from enUS Locale  Category/Na
mods\starcoop\starcoop.sc2mod\ruru.sc2data\localizeddata\triggerstrings.txt	711216	Abathur	Category/Name/lib_COMI_00F1EEA1=Abathur ///Auto - Copied from enUS Locale  Category/Name/lib_COMI_01736D88=Strafe Attack ///Auto - Copied from enUS Locale  Category/Na
mods\starcoop\starcoop.sc2mod\zhcn.sc2data\localizeddata\triggerstrings.txt	711216	Abathur	Category/Name/lib_COMI_00F1EEA1=Abathur ///Auto - Copied from enUS Locale  Category/Name/lib_COMI_01736D88=Strafe Attack ///Auto - Copied from enUS Locale  Category/Na
mods\starcoop\starcoop.sc2mod\zhtw.sc2data\localizeddata\triggerstrings.txt	711216	Abathur	Category/Name/lib_COMI_00F1EEA1=Abathur ///Auto - Copied from enUS Locale  Category/Name/lib_COMI_01736D88=Strafe Attack ///Auto - Copied from enUS Locale  Category/Na
campaigns\libertystory.sc2campaign\zhcn.sc2data\localizeddata\triggerstrings.txt	288608	Brutalisk	  PresetValue/Name/lib_Camp_2F37B52E=研究目标 - 杀死莽兽 /// Research Object - Kill the Brutalisk  PresetValue/Name/lib_Camp_2F5738BD=人类泽拉图04 - 消灭敌方部队 /// TZeratul04 - Kill Enem
campaigns\voidstory.sc2campaign\dede.sc2data\localizeddata\triggerstrings.txt	580681	Mend	cified unit ability.  Due to the smart lookup done by this function, it is recommended to avoid using this function with a high frequency. ///Auto - Copied from enU
campaigns\voidstory.sc2campaign\eses.sc2data\localizeddata\triggerstrings.txt	580681	Mend	cified unit ability.  Due to the smart lookup done by this function, it is recommended to avoid using this function with a high frequency. ///Auto - Copied from enU
campaigns\voidstory.sc2campaign\esmx.sc2data\localizeddata\triggerstrings.txt	580681	Mend	cified unit ability.  Due to the smart lookup done by this function, it is recommended to avoid using this function with a high frequency. ///Auto - Copied from enU
campaigns\voidstory.sc2campaign\frfr.sc2data\localizeddata\triggerstrings.txt	580681	Mend	cified unit ability.  Due to the smart lookup done by this function, it is recommended to avoid using this function with a high frequency. ///Auto - Copied from enU
campaigns\voidstory.sc2campaign\itit.sc2data\localizeddata\triggerstrings.txt	580681	Mend	cified unit ability.  Due to the smart lookup done by this function, it is recommended to avoid using this function with a high frequency. ///Auto - Copied from enU
campaigns\voidstory.sc2campaign\kokr.sc2data\localizeddata\triggerstrings.txt	580681	Mend	cified unit ability.  Due to the smart lookup done by this function, it is recommended to avoid using this function with a high frequency. ///Auto - Copied from enU
campaigns\voidstory.sc2campaign\plpl.sc2data\localizeddata\triggerstrings.txt	580681	Mend	cified unit ability.  Due to the smart lookup done by this function, it is recommended to avoid using this function with a high frequency. ///Auto - Copied from enU
campaigns\voidstory.sc2campaign\ptbr.sc2data\localizeddata\triggerstrings.txt	580681	Mend	cified unit ability.  Due to the smart lookup done by this function, it is recommended to avoid using this function with a high frequency. ///Auto - Copied from enU
campaigns\voidstory.sc2campaign\ruru.sc2data\localizeddata\triggerstrings.txt	580681	Mend	cified unit ability.  Due to the smart lookup done by this function, it is recommended to avoid using this function with a high frequency. ///Auto - Copied from enU
campaigns\voidstory.sc2campaign\zhcn.sc2data\localizeddata\triggerstrings.txt	580681	Mend	cified unit ability.  Due to the smart lookup done by this function, it is recommended to avoid using this function with a high frequency. ///Auto - Copied from enU
campaigns\voidstory.sc2campaign\zhtw.sc2data\localizeddata\triggerstrings.txt	580681	Mend	cified unit ability.  Due to the smart lookup done by this function, it is recommended to avoid using this function with a high frequency. ///Auto - Copied from enU
campaigns\void.sc2campaign\enus.sc2data\localizeddata\conversationstrings.txt	67020	Abathur	're starting to make me reconsider that.  VoiceOver/KerriganVoid/Pissed07=I bet Abathur could mutate you into something real special.  VoiceOver/KerriganVoid/Pissed08=
campaigns\void.sc2campaign\zhcn.sc2data\localizeddata\conversationstrings.txt	102802	Abathur	reconsider that.  VoiceOver/KerriganVoid/Pissed07=我相信阿巴瑟能把你变成非常有趣的东西。 /// I bet Abathur could mutate you into something real special.  VoiceOver/KerriganVoid/Pissed08=
mods\liberty.sc2mod\enus.sc2data\localizeddata\conversationstrings.txt	405674	Abathur	=Queen  ConversationState/Characters/ModUtilityVoice=ModUtilityVoice  VoiceOver/AbathurA/AddOnComplete00=Add-on constructed.  VoiceOver/AbathurA/AddOnComplete01=Add-on
mods\liberty.sc2mod\zhcn.sc2data\localizeddata\conversationstrings.txt	447422	Abathur	 Queen  ConversationState/Characters/ModUtilityVoice=ModUtilityVoice  VoiceOver/AbathurA/AddOnComplete00=附属建筑已建造。 /// Add-on constructed.  VoiceOver/AbathurA/AddOnComp
mods\starcoop\starcoop.sc2mod\enus.sc2data\localizeddata\conversationstrings.txt	688927	Abathur	onversation/acAttackWave/Group00042=Karax  Conversation/acAttackWave/Group00043=Abathur  Conversation/acAttackWave/Group00044=Abathur  Conversation/acAttackWave/Group0
mods\starcoop\starcoop.sc2mod\zhcn.sc2data\localizeddata\conversationstrings.txt	1009319	Abathur	strategy, inferior.  Conversation/acVictory/Line00058=生物体阿巴瑟，是最强的。 /// Organism Abathur, strongest there is.  Conversation/acVictory/Line00059=任务完成，行动成功。 /// Mission c
campaigns\swarmstory.sc2campaign\enus.sc2data\localizeddata\conversationstrings.txt	749547	Abathur	 awake, Warfield's Gorgon is done for.  Conversation/zBriefing_Char02/Line00029=Abathur revived me for the battle. This is the Bone Trench, the only approach to the te
campaigns\swarmstory.sc2campaign\zhcn.sc2data\localizeddata\conversationstrings.txt	1168135	Abathur	for.  Conversation/zBriefing_Char02/Line00029=阿巴瑟复活了我。这里是亡骨壕沟，是通往人类堡垒的唯一道路。 /// Abathur revived me for the battle. This is the Bone Trench, the only approach to the te
campaigns\voidstory.sc2campaign\zhcn.sc2data\localizeddata\conversationstrings.txt	866523	Mend	00057=星界光辉会治愈我的伤口…… /// [Serious]Celestial radiance[/Serious] [Surprise 70]will mend[/Surprise] my wounds...  Conversation/Mission_Epilogue03/Line00058=情况有变化了。虚空正开始
mods\novastoryassets.sc2mod\enus.sc2data\localizeddata\conversationstrings.txt	243688	Leviathan	05/Comment00016=The lights still blink. Behind the clouds, the shadowy forms of leviathans descend upon the unsuspecting planet.   Conversation/SMX3_Cutscene_MP02_005/Co
mods\novastoryassets.sc2mod\zhcn.sc2data\localizeddata\conversationstrings.txt	287083	Leviathan	05/Comment00016=The lights still blink. Behind the clouds, the shadowy forms of leviathans descend upon the unsuspecting planet.   Conversation/SMX3_Cutscene_MP02_005/Co
campaigns\liberty.sc2campaign\enus.sc2data\localizeddata\gamehotkeys.txt	26891	Leviathan	n/Hotkey/LeadFarmer_USD=None  Button/Hotkey/LeadFarmer_USDL=None  Button/Hotkey/LeviathanSpawnMutalisk=U  Button/Hotkey/LeviathanSpawnMutalisk_USD=U  Button/Hotkey/Levia
campaigns\liberty.sc2campaign\plpl.sc2data\localizeddata\gamehotkeys.txt	31101	Leviathan	r_USD=None /// None  Button/Hotkey/LeadFarmer_USDL=None /// None  Button/Hotkey/LeviathanSpawnMutalisk=U /// U  Button/Hotkey/LeviathanSpawnMutalisk_USD=U /// U  Button/
campaigns\liberty.sc2campaign\zhcn.sc2data\localizeddata\gamehotkeys.txt	31101	Leviathan	r_USD=None /// None  Button/Hotkey/LeadFarmer_USDL=None /// None  Button/Hotkey/LeviathanSpawnMutalisk=U /// U  Button/Hotkey/LeviathanSpawnMutalisk_USD=U /// U  Button/
campaigns\swarm.sc2campaign\enus.sc2data\localizeddata\gamehotkeys.txt	29224	Leviathan	tkey/HotSBioStasis_USD=W  Button/Hotkey/HotSBioStasis_USDL=I  Button/Hotkey/HotSLeviathan=L  Button/Hotkey/HotSLeviathan_NRS=L  Button/Hotkey/HotSLeviathan_USD=L  Button
campaigns\swarm.sc2campaign\frfr.sc2data\localizeddata\gamehotkeys.txt	34218	Leviathan	Stasis_USD=W /// W  Button/Hotkey/HotSBioStasis_USDL=I /// I  Button/Hotkey/HotSLeviathan=L /// L  Button/Hotkey/HotSLeviathan_NRS=L /// L  Button/Hotkey/HotSLeviathan_U
campaigns\swarm.sc2campaign\zhcn.sc2data\localizeddata\gamehotkeys.txt	34218	Leviathan	Stasis_USD=W /// W  Button/Hotkey/HotSBioStasis_USDL=I /// I  Button/Hotkey/HotSLeviathan=L /// L  Button/Hotkey/HotSLeviathan_NRS=L /// L  Button/Hotkey/HotSLeviathan_U
campaigns\swarm.sc2campaign\zhtw.sc2data\localizeddata\gamehotkeys.txt	34218	Leviathan	Stasis_USD=W /// W  Button/Hotkey/HotSBioStasis_USDL=I /// I  Button/Hotkey/HotSLeviathan=L /// L  Button/Hotkey/HotSLeviathan_NRS=L /// L  Button/Hotkey/HotSLeviathan_U
mods\starcoop\starcoop.sc2mod\enus.sc2data\localizeddata\gamehotkeys.txt	185447	Abathur	ton/Hotkey/AStrongHeart_USD=B  Button/Hotkey/AStrongHeart_USDL=B  Button/Hotkey/AbathurDeepTunnel=D  Button/Hotkey/AbathurDeepTunnel_NRS=D  Button/Hotkey/AbathurDeepTu
mods\starcoop\starcoop.sc2mod\zhcn.sc2data\localizeddata\gamehotkeys.txt	210335	Abathur	StrongHeart_USD=B /// B  Button/Hotkey/AStrongHeart_USDL=B /// B  Button/Hotkey/AbathurDeepTunnel=D /// D  Button/Hotkey/AbathurDeepTunnel_NRS=D /// D  Button/Hotkey/A
campaigns\swarmstoryutil.sc2mod\enus.sc2data\localizeddata\gamestrings.txt	3930	Leviathan	/Value/lib_281DEC45_05ECE39E=Loading data...  Param/Value/lib_281DEC45_0861B6F7=Leviathan resource dump saved to gamelogs.  Param/Value/lib_281DEC45_0D768197=Unknown  Pa
campaigns\swarmstoryutil.sc2mod\zhcn.sc2data\localizeddata\gamestrings.txt	6491	Leviathan	据中…… /// Loading data...  Param/Value/lib_281DEC45_0861B6F7=利维坦资源转储已存至游戏日志。 /// Leviathan resource dump saved to gamelogs.  Param/Value/lib_281DEC45_0D768197=未知 /// Unkn
mods\alliedcommanders.sc2mod\enus.sc2data\localizeddata\gamestrings.txt	75	path	
mods\alliedcommanders.sc2mod\zhcn.sc2data\localizeddata\gamestrings.txt	135	path	
mods\warcoop\warmeleeai.sc2mod\enus.sc2data\localizeddata\gamestrings.txt	4814	Mend	mAck=My Horde is invincible now, who needs scouts anyway?  Alert/Text/AICommClaimEnd=What's the point of sending scouts if they can't do their job?  Alert/Text/AICo
mods\warcoop\warmeleeai.sc2mod\zhcn.sc2data\localizeddata\gamestrings.txt	4354	Mend	大，跟着我A上去。  Alert/Text/AICommClaimAck=我的部落已经天下无敌了，还要啥侦察兵啊。  Alert/Text/AICommClaimEnd=不顶事儿的侦察兵派出去不是送人头吗？  Alert/Text/AICommClaimFail=我手头没有侦察兵，何况我也用不着。  Alert/Text/AI
campaigns\liberty.sc2campaign\enus.sc2data\localizeddata\gamestrings.txt	245459	Brutalisk	ion on Normal difficulty.  Achievement/Description/Anniversary_TTosh01=Kill the Brutalisk without losing a unit to it in "The Devil's Playground" mission on Normal Diffi
campaigns\liberty.sc2campaign\zhcn.sc2data\localizeddata\gamestrings.txt	369333	Brutalisk	ength_THorner05S=在普通难度下的“揭露黑幕”任务中，使用武装机器人消灭莽兽。 /// Use the A.R.E.S. to kill the Brutalisk in the "Piercing the Shroud" mission on Normal difficulty.  Achievement/Descrip
campaigns\swarm.sc2campaign\enus.sc2data\localizeddata\gamestrings.txt	315157	Abathur	iption/ZStoryNewLook=Show off your new look to the following characters [Izsha, Abathur, Zurvan].  Achievement/Description/ZStoryRally=Speak to the following character
campaigns\swarm.sc2campaign\zhcn.sc2data\localizeddata\gamestrings.txt	483663	Abathur	造型[伊兹莎、阿巴瑟、祖尔温]。 /// Show off your new look to the following characters [Izsha, Abathur, Zurvan].  Achievement/Description/ZStoryRally=在突击蒙斯克位于克哈上的王宫之前，和以下几位角色进行对话[阿巴瑟
campaigns\void.sc2campaign\enus.sc2data\localizeddata\gamestrings.txt	605081	Abathur	AlliedCommanders=Co-op Missions  Achievement/Category/AlliedCommanders/CommanderAbathur=Abathur  Achievement/Category/AlliedCommanders/CommanderAlarak=Alarak  Achievem
campaigns\void.sc2campaign\zhcn.sc2data\localizeddata\gamestrings.txt	727421	Abathur	manders=合作任务 /// Co-op Missions  Achievement/Category/AlliedCommanders/CommanderAbathur=阿巴瑟 /// Abathur  Achievement/Category/AlliedCommanders/CommanderAlarak=阿拉纳克 ///
mods\core.sc2mod\enus.sc2data\localizeddata\gamestrings.txt	542590	Abathur	ditTextHotS/AUSTRALIAANDNEWZEALAND=AUSTRALIA AND NEW ZEALAND  UI/CreditTextHotS/Abathur=Abathur  UI/CreditTextHotS/AbathurActor=Steve Blum  UI/CreditTextHotS/Adjutant=
mods\core.sc2mod\zhcn.sc2data\localizeddata\gamestrings.txt	535890	Abathur	ERS=助理制作人  UI/CreditTextHotS/AUSTRALIAANDNEWZEALAND=澳大利亚和新西兰  UI/CreditTextHotS/Abathur=阿巴瑟  UI/CreditTextHotS/AbathurActor=Steve Blum  UI/CreditTextHotS/Adjutant=副官  
mods\liberty.sc2mod\enus.sc2data\localizeddata\gamestrings.txt	837932	Abathur	rLoad=Load  Button/Name/CommandCenterUnloadAll=Unload All  Button/Name/CommanderAbathurBaseTrait=Biomass Harvester  Button/Name/CommanderAbathurBiomassLifesteal=Biotic
mods\liberty.sc2mod\zhcn.sc2data\localizeddata\gamestrings.txt	824182	Abathur	andCenterLoad=装载  Button/Name/CommandCenterUnloadAll=全部卸载  Button/Name/CommanderAbathurBaseTrait=生物质收割者  Button/Name/CommanderAbathurBiomassLifesteal=生质汲取  Button/Name
mods\starcoop\starcoop.sc2mod\enus.sc2data\localizeddata\gamestrings.txt	1174214	Abathur	reUnitNoEnemy  Abil/Name/ACPirateCapitalShipTractorBeam=Tractor Beam  Abil/Name/AbathurCreateSymbiote=Create Symbiote  Abil/Name/AbathurCreepMend=Creep Mend  Abil/Name
mods\starcoop\starcoop.sc2mod\zhcn.sc2data\localizeddata\gamestrings.txt	1121228	Abathur	lobalShareUnitNoEnemy  Abil/Name/ACPirateCapitalShipTractorBeam=牵引光束  Abil/Name/AbathurCreateSymbiote=制造共生体  Abil/Name/AbathurCreepMend=菌毯愈合  Abil/Name/AbathurDeepTunn
campaigns\liberty.sc2campaign\base.sc2maps\maps\campaign\tarcade.sc2map\enus.sc2data\localizeddata\gamestrings.txt	4729	Leviathan	bIcon  Param/Value/8C1D1E68=  Param/Value/90F37D06=LEVEL   Param/Value/93645453=Leviathan  Param/Value/943A3760=  Param/Value/97BFB0D3=Mothership  Param/Value/988B0012=S
campaigns\liberty.sc2campaign\base.sc2maps\maps\campaign\tarcade.sc2map\zhcn.sc2data\localizeddata\gamestrings.txt	6981	Leviathan	lue/8C1D1E68=  Param/Value/90F37D06=关卡 /// LEVEL   Param/Value/93645453=利维坦 /// Leviathan  Param/Value/943A3760=  Param/Value/97BFB0D3=母舰 /// Mothership  Param/Value/988
campaigns\liberty.sc2campaign\base.sc2maps\maps\campaign\thorner05s.sc2map\enus.sc2data\localizeddata\gamestrings.txt	11815	Brutalisk	ayer09/Name=Attack-bot  MapInfo/Player10/Name=Scientists  MapInfo/Player11/Name=Brutalisk  MapInfo/Player12/Name=The Dominion  MapInfo/Player13/Name=The Dominion  Param/
campaigns\liberty.sc2campaign\base.sc2maps\maps\campaign\thorner05s.sc2map\zhcn.sc2data\localizeddata\gamestrings.txt	19246	Brutalisk	ack-bot  MapInfo/Player10/Name=科学家 /// Scientists  MapInfo/Player11/Name=莽兽 /// Brutalisk  MapInfo/Player12/Name=帝国 /// The Dominion  MapInfo/Player13/Name=帝国 /// The Do
campaigns\liberty.sc2campaign\base.sc2maps\maps\campaign\ttosh01.sc2map\enus.sc2data\localizeddata\gamestrings.txt	3893	Brutalisk	er minerals from Redstone while fending off zerg attacks.  Param/Value/07B0C8A1=Brutalisk Location  Param/Value/09A6AED9=  Param/Value/0B0A2F25=/  Param/Value/0E5F3E16=S
campaigns\liberty.sc2campaign\base.sc2maps\maps\campaign\ttosh01.sc2map\zhcn.sc2data\localizeddata\gamestrings.txt	5806	Brutalisk	 from Redstone while fending off zerg attacks.  Param/Value/07B0C8A1=莽兽出没位置 /// Brutalisk Location  Param/Value/09A6AED9=  Param/Value/0B0A2F25=/ /// /  Param/Value/0E5F
campaigns\liberty.sc2campaign\base.sc2maps\maps\campaign\ttychus03.sc2map\enus.sc2data\localizeddata\gamestrings.txt	4797	Brutalisk	troy the Data Cores (  Param/Value/0BF38237=Units Rescued  Param/Value/13155FF5=Brutalisk Killed  Param/Value/13EE5891=Yes  Param/Value/150D565D=NYDUS DEAD  Param/Value/
campaigns\liberty.sc2campaign\base.sc2maps\maps\campaign\ttychus03.sc2map\zhcn.sc2data\localizeddata\gamestrings.txt	7598	Brutalisk	s (  Param/Value/0BF38237=营救单位 /// Units Rescued  Param/Value/13155FF5=消灭莽兽 /// Brutalisk Killed  Param/Value/13EE5891=确定 /// Yes  Param/Value/150D565D=坑道虫死亡 /// NYDUS D
campaigns\liberty.sc2campaign\base.sc2maps\maps\campaign\tvalerian02b.sc2map\enus.sc2data\localizeddata\gamestrings.txt	3586	Leviathan	Infested Platform  MapInfo/Player09/Name=Orbital Command  MapInfo/Player10/Name=Leviathan  MapInfo/Player11/Name=Platform  Param/Expression/3E1FEF24=Remaining time to ki
campaigns\liberty.sc2campaign\base.sc2maps\maps\campaign\tvalerian02b.sc2map\zhcn.sc2data\localizeddata\gamestrings.txt	5146	Leviathan	MapInfo/Player09/Name=轨道控制基地 /// Orbital Command  MapInfo/Player10/Name=利维坦 /// Leviathan  MapInfo/Player11/Name=平台 /// Platform  Param/Value/054ABB9E=P8 Muta Units = //
campaigns\liberty.sc2campaign\base.sc2maps\maps\campaign\tvalerian03.sc2map\enus.sc2data\localizeddata\gamestrings.txt	2733	Leviathan	45ED=Energy Nova<n/> cooldown   Param/Value/4B589141=</s>  Param/Value/4D391C1F=Leviathan  Param/Value/6EA2B36D=BD =   Param/Value/850C034D=Mission Start  Param/Value/8F
campaigns\liberty.sc2campaign\base.sc2maps\maps\campaign\tvalerian03.sc2map\zhcn.sc2data\localizeddata\gamestrings.txt	5976	Leviathan	epare to die!  Param/Value/4B589141=</s> /// </s>  Param/Value/4D391C1F=利维坦 /// Leviathan  Param/Value/5BD8D0ED=做好准备，我将随时从天而降，结束你们的存在！ /// Prepare yourself, for I shall 
campaigns\swarm.sc2campaign\base.sc2maps\maps\campaign\swarm\zchar02.sc2map\enus.sc2data\localizeddata\gamestrings.txt	2557	Biomass	ourge Nest  MapInfo/Player07/Name=Warfield's Forces  MapInfo/Player08/Name=Zerg Biomass  MapInfo/Player09/Name=Hostile  Param/Expression/426B07F3=~A~/3  Param/Expressi
campaigns\swarm.sc2campaign\base.sc2maps\maps\campaign\swarm\zchar02.sc2map\zhcn.sc2data\localizeddata\gamestrings.txt	3981	Biomass	ayer07/Name=沃菲尔德的部队 /// Warfield's Forces  MapInfo/Player08/Name=异虫生物质 /// Zerg Biomass  MapInfo/Player09/Name=敌对的 /// Hostile  Param/Expression/426B07F3=~A~/3 /// ~A~
campaigns\swarm.sc2campaign\base.sc2maps\maps\campaign\swarm\zchar03.sc2map\enus.sc2data\localizeddata\gamestrings.txt	2482	Biomass	  Param/Value/B8F89E53=Anniversary_ZChar03 granted  Param/Value/CCC6BFEB=Terran Biomass  Param/Value/D20F854E=Time Until Nuclear Strike:  Param/Value/D741CD0B=Science 
campaigns\swarm.sc2campaign\base.sc2maps\maps\campaign\swarm\zchar03.sc2map\zhcn.sc2data\localizeddata\gamestrings.txt	3723	Biomass	nce Facility  Param/Value/B3CDD0B4=凯瑞甘消灭  Param/Value/CCC6BFEB=人类生物质 /// Terran Biomass  Param/Value/D20F854E=聚变打击倒计时： /// Time Until Nuclear Strike:  Param/Value/D741
campaigns\swarm.sc2campaign\base.sc2maps\maps\campaign\swarm\zexpedition02.sc2map\enus.sc2data\localizeddata\gamestrings.txt	3000	Biomass	ame=Shakuras Protoss  MapInfo/Player05/Name=Warp Conduit  MapInfo/Player06/Name=Biomass Storage  MapInfo/Player07/Name=Frozen Feral Zerg  MapInfo/Player08/Name=Player 
campaigns\swarm.sc2campaign\base.sc2maps\maps\campaign\swarm\zexpedition02.sc2map\zhcn.sc2data\localizeddata\gamestrings.txt	4600	Biomass	  MapInfo/Player05/Name=时空航道 /// Warp Conduit  MapInfo/Player06/Name=生物质贮藏器 /// Biomass Storage  MapInfo/Player07/Name=冰冻的野生跳虫 /// Frozen Feral Zerg  MapInfo/Player08/
campaigns\swarm.sc2campaign\base.sc2maps\maps\campaign\swarm\zexpedition03.sc2map\enus.sc2data\localizeddata\gamestrings.txt	3704	Biomass	ue/02C35B1A=Destroy this to disable a nearby Force Field.  Param/Value/0EB5D646=Biomass Collected  Param/Value/1125924E=Lowest Escape Pod Time  Param/Value/15916EF9=<s
campaigns\swarm.sc2campaign\base.sc2maps\maps\campaign\swarm\zexpedition03.sc2map\zhcn.sc2data\localizeddata\gamestrings.txt	5662	Biomass	/ Destroy this to disable a nearby Force Field.  Param/Value/0EB5D646=采集生物质 /// Biomass Collected  Param/Value/1125924E=最短的逃生舱倒计时时间 /// Lowest Escape Pod Time  Param/V
campaigns\swarm.sc2campaign\base.sc2maps\maps\campaign\swarm\zhybrid02.sc2map\enus.sc2data\localizeddata\gamestrings.txt	2428	Brutalisk	yer04/Name=Dominion Forces  MapInfo/Player05/Name=Hybrid  MapInfo/Player06/Name=Brutalisk  MapInfo/Player07/Name=Hostile  MapInfo/Player08/Name=Hostile  MapInfo/Player09
campaigns\swarm.sc2campaign\base.sc2maps\maps\campaign\swarm\zhybrid02.sc2map\zhcn.sc2data\localizeddata\gamestrings.txt	3484	Brutalisk	nion Forces  MapInfo/Player05/Name=混合体 /// Hybrid  MapInfo/Player06/Name=莽兽 /// Brutalisk  MapInfo/Player07/Name=敌对的 /// Hostile  MapInfo/Player08/Name=敌对的 /// Hostile  
campaigns\swarm.sc2campaign\base.sc2maps\maps\campaign\swarm\zspace02.sc2map\enus.sc2data\localizeddata\gamestrings.txt	3709	Leviathan	s decided to infiltrate the Moros without assistance from Raynor's Raiders. Her Leviathan will supply her with reinforcements.  LoadingScreen/TipRestart=Kerrigan can't r
campaigns\swarm.sc2campaign\base.sc2maps\maps\campaign\swarm\zspace02.sc2map\zhcn.sc2data\localizeddata\gamestrings.txt	5577	Leviathan	s decided to infiltrate the Moros without assistance from Raynor's Raiders. Her Leviathan will supply her with reinforcements.  LoadingScreen/TipRestart=凯瑞甘在摩洛斯号上不能复活，所以
campaigns\swarm.sc2campaign\base.sc2maps\maps\campaign\swarm\zzerus01.sc2map\enus.sc2data\localizeddata\gamestrings.txt	3293	Biomass	Button/Name/CarryBiomass=Carry Biomass  Button/Name/HarvestQuillgorCorpse=Harvest Quillgor Corpse  Button/Tooltip/CarryBiomass=Carry the Quillgor Biomass to the Ancien
campaigns\swarm.sc2campaign\base.sc2maps\maps\campaign\swarm\zzerus01.sc2map\zhcn.sc2data\localizeddata\gamestrings.txt	4821	Biomass	Button/Name/CarryBiomass=运送生物质 /// Carry Biomass  Button/Name/HarvestQuillgorCorpse=采集钢背兽生物质 /// Harvest Quillgor Corpse  Button/Tooltip/CarryBiomass=将钢背兽生物质运送给虫祖。 ///
campaigns\swarm.sc2campaign\base.sc2maps\maps\campaign\swarm\zzerus03.sc2map\enus.sc2data\localizeddata\gamestrings.txt	3202	Mend	="K5Kerrigan,PrimalHeal,2,2"/></c>."  LoadingScreen/TipRestart=Kerrigan can use Mend to heal herself and nearby allies. Heal your units regularly to keep them alive
campaigns\swarm.sc2campaign\base.sc2maps\maps\campaign\swarm\zzerus03.sc2map\zhcn.sc2data\localizeddata\gamestrings.txt	4672	Mend	ngScreen/TipRestart=凯瑞甘可使用愈合技能来治疗自己和附近的同伴。定期治疗你的单位，以确保其存活。 /// Kerrigan can use Mend to heal herself and nearby allies. Heal your units regularly to keep them alive
campaigns\libertystory.sc2campaign\enus.sc2data\localizeddata\gamestrings.txt	1019443	Brutalisk	tion/THorner05S/Comment00013=Use the following line if Raynor hasn't killed two Brutalisks previously.  Conversation/THorner05S/Comment00014=Confirm reinforcements  Conv
campaigns\libertystory.sc2campaign\zhcn.sc2data\localizeddata\gamestrings.txt	1583955	Brutalisk	tion/THorner05S/Comment00013=Use the following line if Raynor hasn't killed two Brutalisks previously. /// Use the following line if Raynor hasn't killed two Brutalisks 
campaigns\swarmstory.sc2campaign\enus.sc2data\localizeddata\gamestrings.txt	365498	Abathur	er Split2  Character/Name/EvoBroodmother=Kilysa  Character/Name/EvolutionMaster=Abathur  Character/Name/EvolutionMaster02=Ssassan  Character/Name/Executor=Executor  Ch
campaigns\swarmstory.sc2campaign\zhcn.sc2data\localizeddata\gamestrings.txt	552185	Abathur	cter/Name/EvoBroodmother=克里莎 /// Kilysa  Character/Name/EvolutionMaster=阿巴瑟 /// Abathur  Character/Name/EvolutionMaster02=瑟萨恩 /// Ssassan  Character/Name/Executor=执行官 
campaigns\voidstory.sc2campaign\zhcn.sc2data\localizeddata\gamestrings.txt	275142	Mend	r home. They could prove to be powerful allies... but first, Artanis must make amends for the past and convince them to set aside their age-old enmity toward their 
mods\core.sc2mod\enus.sc2data\localizeddata\gamestringsproduct.txt	367823	Abathur	Bundle/Description/AbathurBundle=  Bundle/Description/AbathurTwitchPrimeBundle=Twitch Prime members can claim these great rewards! Click the "More Info" button to lear
mods\core.sc2mod\zhcn.sc2data\localizeddata\gamestringsproduct.txt	363970	Abathur	Bundle/Description/AbathurBundle=  Bundle/Description/AbathurTwitchPrimeBundle=Twitch Prime会员可以领取这些奖励！点击“更多信息”按钮了解详情。  Bundle/Description/AlarakBundle=  Bundle/Descrip
mods\balancemultilanmethodcleanedup.sc2mod\dede.sc2data\localizeddata\objectstrings.txt	60810	Mend	eam=Thermal Beam (Beam) ///Auto - Copied from enUS Locale  Actor/Name/ThermalBeamEndSound=Thermal Beam (End Sound) ///Auto - Copied from enUS Locale  Actor/Name/The
mods\balancemultilanmethodcleanedup.sc2mod\enus.sc2data\localizeddata\objectstrings.txt	73414	Mend	 (Attack)  Actor/Name/ThermalBeamBeam=Thermal Beam (Beam)  Actor/Name/ThermalBeamEndSound=Thermal Beam (End Sound)  Actor/Name/ThermalBeamLoopSound=Thermal Beam (Lo
mods\balancemultilanmethodcleanedup.sc2mod\eses.sc2data\localizeddata\objectstrings.txt	60810	Mend	eam=Thermal Beam (Beam) ///Auto - Copied from enUS Locale  Actor/Name/ThermalBeamEndSound=Thermal Beam (End Sound) ///Auto - Copied from enUS Locale  Actor/Name/The
mods\balancemultilanmethodcleanedup.sc2mod\esmx.sc2data\localizeddata\objectstrings.txt	60810	Mend	eam=Thermal Beam (Beam) ///Auto - Copied from enUS Locale  Actor/Name/ThermalBeamEndSound=Thermal Beam (End Sound) ///Auto - Copied from enUS Locale  Actor/Name/The
mods\balancemultilanmethodcleanedup.sc2mod\frfr.sc2data\localizeddata\objectstrings.txt	60810	Mend	eam=Thermal Beam (Beam) ///Auto - Copied from enUS Locale  Actor/Name/ThermalBeamEndSound=Thermal Beam (End Sound) ///Auto - Copied from enUS Locale  Actor/Name/The
mods\balancemultilanmethodcleanedup.sc2mod\itit.sc2data\localizeddata\objectstrings.txt	60810	Mend	eam=Thermal Beam (Beam) ///Auto - Copied from enUS Locale  Actor/Name/ThermalBeamEndSound=Thermal Beam (End Sound) ///Auto - Copied from enUS Locale  Actor/Name/The
mods\balancemultilanmethodcleanedup.sc2mod\kokr.sc2data\localizeddata\objectstrings.txt	60810	Mend	eam=Thermal Beam (Beam) ///Auto - Copied from enUS Locale  Actor/Name/ThermalBeamEndSound=Thermal Beam (End Sound) ///Auto - Copied from enUS Locale  Actor/Name/The
mods\balancemultilanmethodcleanedup.sc2mod\plpl.sc2data\localizeddata\objectstrings.txt	60810	Mend	eam=Thermal Beam (Beam) ///Auto - Copied from enUS Locale  Actor/Name/ThermalBeamEndSound=Thermal Beam (End Sound) ///Auto - Copied from enUS Locale  Actor/Name/The
mods\balancemultilanmethodcleanedup.sc2mod\ptbr.sc2data\localizeddata\objectstrings.txt	60810	Mend	eam=Thermal Beam (Beam) ///Auto - Copied from enUS Locale  Actor/Name/ThermalBeamEndSound=Thermal Beam (End Sound) ///Auto - Copied from enUS Locale  Actor/Name/The
mods\balancemultilanmethodcleanedup.sc2mod\ruru.sc2data\localizeddata\objectstrings.txt	60810	Mend	eam=Thermal Beam (Beam) ///Auto - Copied from enUS Locale  Actor/Name/ThermalBeamEndSound=Thermal Beam (End Sound) ///Auto - Copied from enUS Locale  Actor/Name/The
mods\balancemultilanmethodcleanedup.sc2mod\zhcn.sc2data\localizeddata\objectstrings.txt	60810	Mend	eam=Thermal Beam (Beam) ///Auto - Copied from enUS Locale  Actor/Name/ThermalBeamEndSound=Thermal Beam (End Sound) ///Auto - Copied from enUS Locale  Actor/Name/The
mods\balancemultilanmethodcleanedup.sc2mod\zhtw.sc2data\localizeddata\objectstrings.txt	60810	Mend	eam=Thermal Beam (Beam) ///Auto - Copied from enUS Locale  Actor/Name/ThermalBeamEndSound=Thermal Beam (End Sound) ///Auto - Copied from enUS Locale  Actor/Name/The
mods\balancemultislowwarpprism.sc2mod\dede.sc2data\localizeddata\objectstrings.txt	60810	Mend	eam=Thermal Beam (Beam) ///Auto - Copied from enUS Locale  Actor/Name/ThermalBeamEndSound=Thermal Beam (End Sound) ///Auto - Copied from enUS Locale  Actor/Name/The
mods\balancemultislowwarpprism.sc2mod\enus.sc2data\localizeddata\objectstrings.txt	72060	Mend	 (Attack)  Actor/Name/ThermalBeamBeam=Thermal Beam (Beam)  Actor/Name/ThermalBeamEndSound=Thermal Beam (End Sound)  Actor/Name/ThermalBeamLoopSound=Thermal Beam (Lo
mods\balancemultislowwarpprism.sc2mod\eses.sc2data\localizeddata\objectstrings.txt	60810	Mend	eam=Thermal Beam (Beam) ///Auto - Copied from enUS Locale  Actor/Name/ThermalBeamEndSound=Thermal Beam (End Sound) ///Auto - Copied from enUS Locale  Actor/Name/The
mods\balancemultislowwarpprism.sc2mod\esmx.sc2data\localizeddata\objectstrings.txt	60810	Mend	eam=Thermal Beam (Beam) ///Auto - Copied from enUS Locale  Actor/Name/ThermalBeamEndSound=Thermal Beam (End Sound) ///Auto - Copied from enUS Locale  Actor/Name/The
mods\balancemultislowwarpprism.sc2mod\frfr.sc2data\localizeddata\objectstrings.txt	60810	Mend	eam=Thermal Beam (Beam) ///Auto - Copied from enUS Locale  Actor/Name/ThermalBeamEndSound=Thermal Beam (End Sound) ///Auto - Copied from enUS Locale  Actor/Name/The
mods\balancemultislowwarpprism.sc2mod\itit.sc2data\localizeddata\objectstrings.txt	60810	Mend	eam=Thermal Beam (Beam) ///Auto - Copied from enUS Locale  Actor/Name/ThermalBeamEndSound=Thermal Beam (End Sound) ///Auto - Copied from enUS Locale  Actor/Name/The
mods\balancemultislowwarpprism.sc2mod\kokr.sc2data\localizeddata\objectstrings.txt	60810	Mend	eam=Thermal Beam (Beam) ///Auto - Copied from enUS Locale  Actor/Name/ThermalBeamEndSound=Thermal Beam (End Sound) ///Auto - Copied from enUS Locale  Actor/Name/The
mods\balancemultislowwarpprism.sc2mod\plpl.sc2data\localizeddata\objectstrings.txt	60810	Mend	eam=Thermal Beam (Beam) ///Auto - Copied from enUS Locale  Actor/Name/ThermalBeamEndSound=Thermal Beam (End Sound) ///Auto - Copied from enUS Locale  Actor/Name/The
mods\balancemultislowwarpprism.sc2mod\ptbr.sc2data\localizeddata\objectstrings.txt	60810	Mend	eam=Thermal Beam (Beam) ///Auto - Copied from enUS Locale  Actor/Name/ThermalBeamEndSound=Thermal Beam (End Sound) ///Auto - Copied from enUS Locale  Actor/Name/The
mods\balancemultislowwarpprism.sc2mod\ruru.sc2data\localizeddata\objectstrings.txt	60810	Mend	eam=Thermal Beam (Beam) ///Auto - Copied from enUS Locale  Actor/Name/ThermalBeamEndSound=Thermal Beam (End Sound) ///Auto - Copied from enUS Locale  Actor/Name/The
mods\balancemultislowwarpprism.sc2mod\zhcn.sc2data\localizeddata\objectstrings.txt	60810	Mend	eam=Thermal Beam (Beam) ///Auto - Copied from enUS Locale  Actor/Name/ThermalBeamEndSound=Thermal Beam (End Sound) ///Auto - Copied from enUS Locale  Actor/Name/The
mods\balancemultislowwarpprism.sc2mod\zhtw.sc2data\localizeddata\objectstrings.txt	60810	Mend	eam=Thermal Beam (Beam) ///Auto - Copied from enUS Locale  Actor/Name/ThermalBeamEndSound=Thermal Beam (End Sound) ///Auto - Copied from enUS Locale  Actor/Name/The
mods\starcoop\commanders\egonstetmann.sc2mod\enus.sc2data\localizeddata\objectstrings.txt	203560	Mend	orPrefix/Lurker_Stetmann_COOP_SuperSpikeImproved=Stetmann -  Model/EditorPrefix/MendBuffStetmann=Stetmann -  Model/EditorPrefix/NeedleSpinesWeaponStetmann=Stetmann 
mods\voidprologue.sc2mod\dede.sc2data\localizeddata\objectstrings.txt	83171	Leviathan	ame/SMX1Zeratul=SMX1 Zeratul ///Auto - Copied from enUS Locale  Model/Name/SMX1_LeviathanT1=SMX1_LeviathanT1 ///Auto - Copied from enUS Locale  Model/Name/ShadowBladeCas
mods\voidprologue.sc2mod\enus.sc2data\localizeddata\objectstrings.txt	56347	Leviathan	kerT1=SMX1 Void Seeker T1  Model/Name/SMX1Zeratul=SMX1 Zeratul  Model/Name/SMX1_LeviathanT1=SMX1_LeviathanT1  Model/Name/ShadowBladeCastEffect=Shadow Blade Cast Effect  
mods\voidprologue.sc2mod\eses.sc2data\localizeddata\objectstrings.txt	83171	Leviathan	ame/SMX1Zeratul=SMX1 Zeratul ///Auto - Copied from enUS Locale  Model/Name/SMX1_LeviathanT1=SMX1_LeviathanT1 ///Auto - Copied from enUS Locale  Model/Name/ShadowBladeCas
mods\voidprologue.sc2mod\esmx.sc2data\localizeddata\objectstrings.txt	83171	Leviathan	ame/SMX1Zeratul=SMX1 Zeratul ///Auto - Copied from enUS Locale  Model/Name/SMX1_LeviathanT1=SMX1_LeviathanT1 ///Auto - Copied from enUS Locale  Model/Name/ShadowBladeCas
mods\voidprologue.sc2mod\frfr.sc2data\localizeddata\objectstrings.txt	83171	Leviathan	ame/SMX1Zeratul=SMX1 Zeratul ///Auto - Copied from enUS Locale  Model/Name/SMX1_LeviathanT1=SMX1_LeviathanT1 ///Auto - Copied from enUS Locale  Model/Name/ShadowBladeCas
mods\voidprologue.sc2mod\itit.sc2data\localizeddata\objectstrings.txt	83171	Leviathan	ame/SMX1Zeratul=SMX1 Zeratul ///Auto - Copied from enUS Locale  Model/Name/SMX1_LeviathanT1=SMX1_LeviathanT1 ///Auto - Copied from enUS Locale  Model/Name/ShadowBladeCas
mods\voidprologue.sc2mod\kokr.sc2data\localizeddata\objectstrings.txt	83171	Leviathan	ame/SMX1Zeratul=SMX1 Zeratul ///Auto - Copied from enUS Locale  Model/Name/SMX1_LeviathanT1=SMX1_LeviathanT1 ///Auto - Copied from enUS Locale  Model/Name/ShadowBladeCas
mods\voidprologue.sc2mod\plpl.sc2data\localizeddata\objectstrings.txt	83171	Leviathan	ame/SMX1Zeratul=SMX1 Zeratul ///Auto - Copied from enUS Locale  Model/Name/SMX1_LeviathanT1=SMX1_LeviathanT1 ///Auto - Copied from enUS Locale  Model/Name/ShadowBladeCas
mods\voidprologue.sc2mod\ptbr.sc2data\localizeddata\objectstrings.txt	83171	Leviathan	ame/SMX1Zeratul=SMX1 Zeratul ///Auto - Copied from enUS Locale  Model/Name/SMX1_LeviathanT1=SMX1_LeviathanT1 ///Auto - Copied from enUS Locale  Model/Name/ShadowBladeCas
mods\voidprologue.sc2mod\ruru.sc2data\localizeddata\objectstrings.txt	83171	Leviathan	ame/SMX1Zeratul=SMX1 Zeratul ///Auto - Copied from enUS Locale  Model/Name/SMX1_LeviathanT1=SMX1_LeviathanT1 ///Auto - Copied from enUS Locale  Model/Name/ShadowBladeCas
mods\voidprologue.sc2mod\zhcn.sc2data\localizeddata\objectstrings.txt	83171	Leviathan	ame/SMX1Zeratul=SMX1 Zeratul ///Auto - Copied from enUS Locale  Model/Name/SMX1_LeviathanT1=SMX1_LeviathanT1 ///Auto - Copied from enUS Locale  Model/Name/ShadowBladeCas
mods\voidprologue.sc2mod\zhtw.sc2data\localizeddata\objectstrings.txt	83171	Leviathan	ame/SMX1Zeratul=SMX1 Zeratul ///Auto - Copied from enUS Locale  Model/Name/SMX1_LeviathanT1=SMX1_LeviathanT1 ///Auto - Copied from enUS Locale  Model/Name/ShadowBladeCas
campaigns\swarm.sc2campaign\base.sc2maps\maps\campaign\swarm\zzerus01.sc2map\enus.sc2data\localizeddata\objectstrings.txt	989	Biomass	or/Name/LittleTastyCorpse=LittleTastyCorpse (Unnamed)  Button/EditorPrefix/CarryBiomass=Drone -  Button/EditorPrefix/HarvestQuillgorCorpse=Drone -  Effect/Name/SpaceCo
campaigns\liberty.sc2campaign\dede.sc2data\localizeddata\objectstrings.txt	777313	Brutalisk	  Actor/Name/Broodling=Broodling  Actor/Name/BroodlingAttack=Attack  Actor/Name/Brutalisk=Brutalisk  Actor/Name/BrutaliskAirAttack=Brutalisk Air Attack  Actor/Name/Bruta
campaigns\liberty.sc2campaign\eses.sc2data\localizeddata\objectstrings.txt	777313	Brutalisk	  Actor/Name/Broodling=Broodling  Actor/Name/BroodlingAttack=Attack  Actor/Name/Brutalisk=Brutalisk  Actor/Name/BrutaliskAirAttack=Brutalisk Air Attack  Actor/Name/Bruta
campaigns\liberty.sc2campaign\frfr.sc2data\localizeddata\objectstrings.txt	777313	Brutalisk	  Actor/Name/Broodling=Broodling  Actor/Name/BroodlingAttack=Attack  Actor/Name/Brutalisk=Brutalisk  Actor/Name/BrutaliskAirAttack=Brutalisk Air Attack  Actor/Name/Bruta
campaigns\liberty.sc2campaign\itit.sc2data\localizeddata\objectstrings.txt	777313	Brutalisk	  Actor/Name/Broodling=Broodling  Actor/Name/BroodlingAttack=Attack  Actor/Name/Brutalisk=Brutalisk  Actor/Name/BrutaliskAirAttack=Brutalisk Air Attack  Actor/Name/Bruta
campaigns\liberty.sc2campaign\plpl.sc2data\localizeddata\objectstrings.txt	777313	Brutalisk	  Actor/Name/Broodling=Broodling  Actor/Name/BroodlingAttack=Attack  Actor/Name/Brutalisk=Brutalisk  Actor/Name/BrutaliskAirAttack=Brutalisk Air Attack  Actor/Name/Bruta
campaigns\liberty.sc2campaign\ruru.sc2data\localizeddata\objectstrings.txt	777313	Brutalisk	  Actor/Name/Broodling=Broodling  Actor/Name/BroodlingAttack=Attack  Actor/Name/Brutalisk=Brutalisk  Actor/Name/BrutaliskAirAttack=Brutalisk Air Attack  Actor/Name/Bruta
campaigns\liberty.sc2campaign\zhcn.sc2data\localizeddata\objectstrings.txt	777313	Brutalisk	  Actor/Name/Broodling=Broodling  Actor/Name/BroodlingAttack=Attack  Actor/Name/Brutalisk=Brutalisk  Actor/Name/BrutaliskAirAttack=Brutalisk Air Attack  Actor/Name/Bruta
campaigns\swarm.sc2campaign\dede.sc2data\localizeddata\objectstrings.txt	580846	Abathur	ns)  Abil/EditorSuffix/YagdraFireballHard=(Hard Mode)  Achievement/EditorPrefix/AbathurFinal=Swarm Campaign (Story Mode) -  Achievement/EditorPrefix/CHARMISSIONS=Swarm
campaigns\swarm.sc2campaign\eses.sc2data\localizeddata\objectstrings.txt	580846	Abathur	ns)  Abil/EditorSuffix/YagdraFireballHard=(Hard Mode)  Achievement/EditorPrefix/AbathurFinal=Swarm Campaign (Story Mode) -  Achievement/EditorPrefix/CHARMISSIONS=Swarm
campaigns\swarm.sc2campaign\frfr.sc2data\localizeddata\objectstrings.txt	580846	Abathur	ns)  Abil/EditorSuffix/YagdraFireballHard=(Hard Mode)  Achievement/EditorPrefix/AbathurFinal=Swarm Campaign (Story Mode) -  Achievement/EditorPrefix/CHARMISSIONS=Swarm
campaigns\swarm.sc2campaign\itit.sc2data\localizeddata\objectstrings.txt	580846	Abathur	ns)  Abil/EditorSuffix/YagdraFireballHard=(Hard Mode)  Achievement/EditorPrefix/AbathurFinal=Swarm Campaign (Story Mode) -  Achievement/EditorPrefix/CHARMISSIONS=Swarm
campaigns\swarm.sc2campaign\plpl.sc2data\localizeddata\objectstrings.txt	580846	Abathur	ns)  Abil/EditorSuffix/YagdraFireballHard=(Hard Mode)  Achievement/EditorPrefix/AbathurFinal=Swarm Campaign (Story Mode) -  Achievement/EditorPrefix/CHARMISSIONS=Swarm
campaigns\swarm.sc2campaign\ruru.sc2data\localizeddata\objectstrings.txt	580846	Abathur	ns)  Abil/EditorSuffix/YagdraFireballHard=(Hard Mode)  Achievement/EditorPrefix/AbathurFinal=Swarm Campaign (Story Mode) -  Achievement/EditorPrefix/CHARMISSIONS=Swarm
campaigns\swarm.sc2campaign\zhcn.sc2data\localizeddata\objectstrings.txt	580846	Abathur	ns)  Abil/EditorSuffix/YagdraFireballHard=(Hard Mode)  Achievement/EditorPrefix/AbathurFinal=Swarm Campaign (Story Mode) -  Achievement/EditorPrefix/CHARMISSIONS=Swarm
campaigns\void.sc2campaign\dede.sc2data\localizeddata\objectstrings.txt	1283578	Abathur	Campaign - ///Auto - Copied from enUS Locale  Achievement/EditorPrefix/CommanderAbathurCommanderAbathur=Co-op Missions - Abathur - ///Auto - Copied from enUS Locale  A
campaigns\void.sc2campaign\eses.sc2data\localizeddata\objectstrings.txt	1283578	Abathur	Campaign - ///Auto - Copied from enUS Locale  Achievement/EditorPrefix/CommanderAbathurCommanderAbathur=Co-op Missions - Abathur - ///Auto - Copied from enUS Locale  A
campaigns\void.sc2campaign\esmx.sc2data\localizeddata\objectstrings.txt	1283578	Abathur	Campaign - ///Auto - Copied from enUS Locale  Achievement/EditorPrefix/CommanderAbathurCommanderAbathur=Co-op Missions - Abathur - ///Auto - Copied from enUS Locale  A
campaigns\void.sc2campaign\frfr.sc2data\localizeddata\objectstrings.txt	1283578	Abathur	Campaign - ///Auto - Copied from enUS Locale  Achievement/EditorPrefix/CommanderAbathurCommanderAbathur=Co-op Missions - Abathur - ///Auto - Copied from enUS Locale  A
campaigns\void.sc2campaign\itit.sc2data\localizeddata\objectstrings.txt	1283578	Abathur	Campaign - ///Auto - Copied from enUS Locale  Achievement/EditorPrefix/CommanderAbathurCommanderAbathur=Co-op Missions - Abathur - ///Auto - Copied from enUS Locale  A
campaigns\void.sc2campaign\kokr.sc2data\localizeddata\objectstrings.txt	1283578	Abathur	Campaign - ///Auto - Copied from enUS Locale  Achievement/EditorPrefix/CommanderAbathurCommanderAbathur=Co-op Missions - Abathur - ///Auto - Copied from enUS Locale  A
campaigns\void.sc2campaign\plpl.sc2data\localizeddata\objectstrings.txt	1283578	Abathur	Campaign - ///Auto - Copied from enUS Locale  Achievement/EditorPrefix/CommanderAbathurCommanderAbathur=Co-op Missions - Abathur - ///Auto - Copied from enUS Locale  A
campaigns\void.sc2campaign\ptbr.sc2data\localizeddata\objectstrings.txt	1283578	Abathur	Campaign - ///Auto - Copied from enUS Locale  Achievement/EditorPrefix/CommanderAbathurCommanderAbathur=Co-op Missions - Abathur - ///Auto - Copied from enUS Locale  A
campaigns\void.sc2campaign\ruru.sc2data\localizeddata\objectstrings.txt	1283578	Abathur	Campaign - ///Auto - Copied from enUS Locale  Achievement/EditorPrefix/CommanderAbathurCommanderAbathur=Co-op Missions - Abathur - ///Auto - Copied from enUS Locale  A
campaigns\void.sc2campaign\zhcn.sc2data\localizeddata\objectstrings.txt	1283578	Abathur	Campaign - ///Auto - Copied from enUS Locale  Achievement/EditorPrefix/CommanderAbathurCommanderAbathur=Co-op Missions - Abathur - ///Auto - Copied from enUS Locale  A
campaigns\void.sc2campaign\zhtw.sc2data\localizeddata\objectstrings.txt	1283578	Abathur	Campaign - ///Auto - Copied from enUS Locale  Achievement/EditorPrefix/CommanderAbathurCommanderAbathur=Co-op Missions - Abathur - ///Auto - Copied from enUS Locale  A
mods\balancemulti.sc2mod\dede.sc2data\localizeddata\objectstrings.txt	60810	Mend	eam=Thermal Beam (Beam) ///Auto - Copied from enUS Locale  Actor/Name/ThermalBeamEndSound=Thermal Beam (End Sound) ///Auto - Copied from enUS Locale  Actor/Name/The
mods\balancemulti.sc2mod\eses.sc2data\localizeddata\objectstrings.txt	60810	Mend	eam=Thermal Beam (Beam) ///Auto - Copied from enUS Locale  Actor/Name/ThermalBeamEndSound=Thermal Beam (End Sound) ///Auto - Copied from enUS Locale  Actor/Name/The
mods\balancemulti.sc2mod\esmx.sc2data\localizeddata\objectstrings.txt	60810	Mend	eam=Thermal Beam (Beam) ///Auto - Copied from enUS Locale  Actor/Name/ThermalBeamEndSound=Thermal Beam (End Sound) ///Auto - Copied from enUS Locale  Actor/Name/The
mods\balancemulti.sc2mod\frfr.sc2data\localizeddata\objectstrings.txt	60810	Mend	eam=Thermal Beam (Beam) ///Auto - Copied from enUS Locale  Actor/Name/ThermalBeamEndSound=Thermal Beam (End Sound) ///Auto - Copied from enUS Locale  Actor/Name/The
mods\balancemulti.sc2mod\itit.sc2data\localizeddata\objectstrings.txt	60810	Mend	eam=Thermal Beam (Beam) ///Auto - Copied from enUS Locale  Actor/Name/ThermalBeamEndSound=Thermal Beam (End Sound) ///Auto - Copied from enUS Locale  Actor/Name/The
mods\balancemulti.sc2mod\kokr.sc2data\localizeddata\objectstrings.txt	60810	Mend	eam=Thermal Beam (Beam) ///Auto - Copied from enUS Locale  Actor/Name/ThermalBeamEndSound=Thermal Beam (End Sound) ///Auto - Copied from enUS Locale  Actor/Name/The
mods\balancemulti.sc2mod\plpl.sc2data\localizeddata\objectstrings.txt	60810	Mend	eam=Thermal Beam (Beam) ///Auto - Copied from enUS Locale  Actor/Name/ThermalBeamEndSound=Thermal Beam (End Sound) ///Auto - Copied from enUS Locale  Actor/Name/The
mods\balancemulti.sc2mod\ptbr.sc2data\localizeddata\objectstrings.txt	60810	Mend	eam=Thermal Beam (Beam) ///Auto - Copied from enUS Locale  Actor/Name/ThermalBeamEndSound=Thermal Beam (End Sound) ///Auto - Copied from enUS Locale  Actor/Name/The
mods\balancemulti.sc2mod\ruru.sc2data\localizeddata\objectstrings.txt	60810	Mend	eam=Thermal Beam (Beam) ///Auto - Copied from enUS Locale  Actor/Name/ThermalBeamEndSound=Thermal Beam (End Sound) ///Auto - Copied from enUS Locale  Actor/Name/The
mods\balancemulti.sc2mod\zhcn.sc2data\localizeddata\objectstrings.txt	60810	Mend	eam=Thermal Beam (Beam) ///Auto - Copied from enUS Locale  Actor/Name/ThermalBeamEndSound=Thermal Beam (End Sound) ///Auto - Copied from enUS Locale  Actor/Name/The
mods\balancemulti.sc2mod\zhtw.sc2data\localizeddata\objectstrings.txt	60810	Mend	eam=Thermal Beam (Beam) ///Auto - Copied from enUS Locale  Actor/Name/ThermalBeamEndSound=Thermal Beam (End Sound) ///Auto - Copied from enUS Locale  Actor/Name/The
mods\liberty.sc2mod\zhcn.sc2data\localizeddata\objectstrings.txt	811154	Abathur	l=(Warp Prism)  Button/EditorSuffix/WeaponsFree=(Ghost)  Character/EditorPrefix/AbathurAnnouncer=(Announcer)  Character/EditorPrefix/ArtanisUI=  Character/EditorPrefix
mods\starcoop\starcoop.sc2mod\dede.sc2data\localizeddata\objectstrings.txt	1942686	Abathur	Beam=ACPirate Capital Ship ///Auto - Copied from enUS Locale  Abil/EditorPrefix/AbathurCreateSymbiote=Abathur - ///Auto - Copied from enUS Locale  Abil/EditorPrefix/Ab
mods\starcoop\starcoop.sc2mod\eses.sc2data\localizeddata\objectstrings.txt	1942686	Abathur	Beam=ACPirate Capital Ship ///Auto - Copied from enUS Locale  Abil/EditorPrefix/AbathurCreateSymbiote=Abathur - ///Auto - Copied from enUS Locale  Abil/EditorPrefix/Ab
mods\starcoop\starcoop.sc2mod\esmx.sc2data\localizeddata\objectstrings.txt	1942686	Abathur	Beam=ACPirate Capital Ship ///Auto - Copied from enUS Locale  Abil/EditorPrefix/AbathurCreateSymbiote=Abathur - ///Auto - Copied from enUS Locale  Abil/EditorPrefix/Ab
mods\starcoop\starcoop.sc2mod\frfr.sc2data\localizeddata\objectstrings.txt	1942686	Abathur	Beam=ACPirate Capital Ship ///Auto - Copied from enUS Locale  Abil/EditorPrefix/AbathurCreateSymbiote=Abathur - ///Auto - Copied from enUS Locale  Abil/EditorPrefix/Ab
mods\starcoop\starcoop.sc2mod\itit.sc2data\localizeddata\objectstrings.txt	1942686	Abathur	Beam=ACPirate Capital Ship ///Auto - Copied from enUS Locale  Abil/EditorPrefix/AbathurCreateSymbiote=Abathur - ///Auto - Copied from enUS Locale  Abil/EditorPrefix/Ab
mods\starcoop\starcoop.sc2mod\kokr.sc2data\localizeddata\objectstrings.txt	1942686	Abathur	Beam=ACPirate Capital Ship ///Auto - Copied from enUS Locale  Abil/EditorPrefix/AbathurCreateSymbiote=Abathur - ///Auto - Copied from enUS Locale  Abil/EditorPrefix/Ab
mods\starcoop\starcoop.sc2mod\plpl.sc2data\localizeddata\objectstrings.txt	1942686	Abathur	Beam=ACPirate Capital Ship ///Auto - Copied from enUS Locale  Abil/EditorPrefix/AbathurCreateSymbiote=Abathur - ///Auto - Copied from enUS Locale  Abil/EditorPrefix/Ab
mods\starcoop\starcoop.sc2mod\ptbr.sc2data\localizeddata\objectstrings.txt	1942686	Abathur	Beam=ACPirate Capital Ship ///Auto - Copied from enUS Locale  Abil/EditorPrefix/AbathurCreateSymbiote=Abathur - ///Auto - Copied from enUS Locale  Abil/EditorPrefix/Ab
mods\starcoop\starcoop.sc2mod\ruru.sc2data\localizeddata\objectstrings.txt	1942686	Abathur	Beam=ACPirate Capital Ship ///Auto - Copied from enUS Locale  Abil/EditorPrefix/AbathurCreateSymbiote=Abathur - ///Auto - Copied from enUS Locale  Abil/EditorPrefix/Ab
mods\starcoop\starcoop.sc2mod\zhcn.sc2data\localizeddata\objectstrings.txt	1942686	Abathur	Beam=ACPirate Capital Ship ///Auto - Copied from enUS Locale  Abil/EditorPrefix/AbathurCreateSymbiote=Abathur - ///Auto - Copied from enUS Locale  Abil/EditorPrefix/Ab
mods\starcoop\starcoop.sc2mod\zhtw.sc2data\localizeddata\objectstrings.txt	1942686	Abathur	Beam=ACPirate Capital Ship ///Auto - Copied from enUS Locale  Abil/EditorPrefix/AbathurCreateSymbiote=Abathur - ///Auto - Copied from enUS Locale  Abil/EditorPrefix/Ab
mods\swarm.sc2mod\dede.sc2data\localizeddata\objectstrings.txt	536555	Abathur	ment=Evolution Chamber Placement  Model/Name/EvolutionMasterPortrait=Portrait - Abathur  Model/Name/EvolutionPlanet=Evolution Planet  Model/Name/ExplosiveMineEntrance=
mods\swarm.sc2mod\eses.sc2data\localizeddata\objectstrings.txt	536555	Abathur	ment=Evolution Chamber Placement  Model/Name/EvolutionMasterPortrait=Portrait - Abathur  Model/Name/EvolutionPlanet=Evolution Planet  Model/Name/ExplosiveMineEntrance=
mods\swarm.sc2mod\frfr.sc2data\localizeddata\objectstrings.txt	536555	Abathur	ment=Evolution Chamber Placement  Model/Name/EvolutionMasterPortrait=Portrait - Abathur  Model/Name/EvolutionPlanet=Evolution Planet  Model/Name/ExplosiveMineEntrance=
mods\swarm.sc2mod\itit.sc2data\localizeddata\objectstrings.txt	536555	Abathur	ment=Evolution Chamber Placement  Model/Name/EvolutionMasterPortrait=Portrait - Abathur  Model/Name/EvolutionPlanet=Evolution Planet  Model/Name/ExplosiveMineEntrance=
mods\swarm.sc2mod\plpl.sc2data\localizeddata\objectstrings.txt	536555	Abathur	ment=Evolution Chamber Placement  Model/Name/EvolutionMasterPortrait=Portrait - Abathur  Model/Name/EvolutionPlanet=Evolution Planet  Model/Name/ExplosiveMineEntrance=
mods\swarm.sc2mod\ruru.sc2data\localizeddata\objectstrings.txt	536555	Abathur	ment=Evolution Chamber Placement  Model/Name/EvolutionMasterPortrait=Portrait - Abathur  Model/Name/EvolutionPlanet=Evolution Planet  Model/Name/ExplosiveMineEntrance=
mods\swarm.sc2mod\zhcn.sc2data\localizeddata\objectstrings.txt	536555	Abathur	ment=Evolution Chamber Placement  Model/Name/EvolutionMasterPortrait=Portrait - Abathur  Model/Name/EvolutionPlanet=Evolution Planet  Model/Name/ExplosiveMineEntrance=
mods\void.sc2mod\dede.sc2data\localizeddata\objectstrings.txt	735890	Biomass	ttlecruiser_TacticalJumpWireframe ///Auto - Copied from enUS Locale  Sound/Name/Biomass_BuffImpact=Biomass_BuffImpact ///Auto - Copied from enUS Locale  Sound/Name/Bio
mods\void.sc2mod\eses.sc2data\localizeddata\objectstrings.txt	735890	Biomass	ttlecruiser_TacticalJumpWireframe ///Auto - Copied from enUS Locale  Sound/Name/Biomass_BuffImpact=Biomass_BuffImpact ///Auto - Copied from enUS Locale  Sound/Name/Bio
mods\void.sc2mod\esmx.sc2data\localizeddata\objectstrings.txt	735890	Biomass	ttlecruiser_TacticalJumpWireframe ///Auto - Copied from enUS Locale  Sound/Name/Biomass_BuffImpact=Biomass_BuffImpact ///Auto - Copied from enUS Locale  Sound/Name/Bio
mods\void.sc2mod\frfr.sc2data\localizeddata\objectstrings.txt	735890	Biomass	ttlecruiser_TacticalJumpWireframe ///Auto - Copied from enUS Locale  Sound/Name/Biomass_BuffImpact=Biomass_BuffImpact ///Auto - Copied from enUS Locale  Sound/Name/Bio
mods\void.sc2mod\itit.sc2data\localizeddata\objectstrings.txt	735890	Biomass	ttlecruiser_TacticalJumpWireframe ///Auto - Copied from enUS Locale  Sound/Name/Biomass_BuffImpact=Biomass_BuffImpact ///Auto - Copied from enUS Locale  Sound/Name/Bio
mods\void.sc2mod\kokr.sc2data\localizeddata\objectstrings.txt	735890	Biomass	ttlecruiser_TacticalJumpWireframe ///Auto - Copied from enUS Locale  Sound/Name/Biomass_BuffImpact=Biomass_BuffImpact ///Auto - Copied from enUS Locale  Sound/Name/Bio
mods\void.sc2mod\plpl.sc2data\localizeddata\objectstrings.txt	735890	Biomass	ttlecruiser_TacticalJumpWireframe ///Auto - Copied from enUS Locale  Sound/Name/Biomass_BuffImpact=Biomass_BuffImpact ///Auto - Copied from enUS Locale  Sound/Name/Bio
mods\void.sc2mod\ptbr.sc2data\localizeddata\objectstrings.txt	735890	Biomass	ttlecruiser_TacticalJumpWireframe ///Auto - Copied from enUS Locale  Sound/Name/Biomass_BuffImpact=Biomass_BuffImpact ///Auto - Copied from enUS Locale  Sound/Name/Bio
mods\void.sc2mod\ruru.sc2data\localizeddata\objectstrings.txt	735890	Biomass	ttlecruiser_TacticalJumpWireframe ///Auto - Copied from enUS Locale  Sound/Name/Biomass_BuffImpact=Biomass_BuffImpact ///Auto - Copied from enUS Locale  Sound/Name/Bio
mods\void.sc2mod\zhcn.sc2data\localizeddata\objectstrings.txt	735890	Biomass	ttlecruiser_TacticalJumpWireframe ///Auto - Copied from enUS Locale  Sound/Name/Biomass_BuffImpact=Biomass_BuffImpact ///Auto - Copied from enUS Locale  Sound/Name/Bio
mods\void.sc2mod\zhtw.sc2data\localizeddata\objectstrings.txt	735890	Biomass	ttlecruiser_TacticalJumpWireframe ///Auto - Copied from enUS Locale  Sound/Name/Biomass_BuffImpact=Biomass_BuffImpact ///Auto - Copied from enUS Locale  Sound/Name/Bio
mods\voidmulti.sc2mod\dede.sc2data\localizeddata\objectstrings.txt	60810	Mend	eam=Thermal Beam (Beam) ///Auto - Copied from enUS Locale  Actor/Name/ThermalBeamEndSound=Thermal Beam (End Sound) ///Auto - Copied from enUS Locale  Actor/Name/The
mods\voidmulti.sc2mod\eses.sc2data\localizeddata\objectstrings.txt	60810	Mend	eam=Thermal Beam (Beam) ///Auto - Copied from enUS Locale  Actor/Name/ThermalBeamEndSound=Thermal Beam (End Sound) ///Auto - Copied from enUS Locale  Actor/Name/The
mods\voidmulti.sc2mod\esmx.sc2data\localizeddata\objectstrings.txt	60810	Mend	eam=Thermal Beam (Beam) ///Auto - Copied from enUS Locale  Actor/Name/ThermalBeamEndSound=Thermal Beam (End Sound) ///Auto - Copied from enUS Locale  Actor/Name/The
mods\voidmulti.sc2mod\frfr.sc2data\localizeddata\objectstrings.txt	60810	Mend	eam=Thermal Beam (Beam) ///Auto - Copied from enUS Locale  Actor/Name/ThermalBeamEndSound=Thermal Beam (End Sound) ///Auto - Copied from enUS Locale  Actor/Name/The
mods\voidmulti.sc2mod\itit.sc2data\localizeddata\objectstrings.txt	60810	Mend	eam=Thermal Beam (Beam) ///Auto - Copied from enUS Locale  Actor/Name/ThermalBeamEndSound=Thermal Beam (End Sound) ///Auto - Copied from enUS Locale  Actor/Name/The
mods\voidmulti.sc2mod\kokr.sc2data\localizeddata\objectstrings.txt	60810	Mend	eam=Thermal Beam (Beam) ///Auto - Copied from enUS Locale  Actor/Name/ThermalBeamEndSound=Thermal Beam (End Sound) ///Auto - Copied from enUS Locale  Actor/Name/The
mods\voidmulti.sc2mod\plpl.sc2data\localizeddata\objectstrings.txt	60810	Mend	eam=Thermal Beam (Beam) ///Auto - Copied from enUS Locale  Actor/Name/ThermalBeamEndSound=Thermal Beam (End Sound) ///Auto - Copied from enUS Locale  Actor/Name/The
mods\voidmulti.sc2mod\ptbr.sc2data\localizeddata\objectstrings.txt	60810	Mend	eam=Thermal Beam (Beam) ///Auto - Copied from enUS Locale  Actor/Name/ThermalBeamEndSound=Thermal Beam (End Sound) ///Auto - Copied from enUS Locale  Actor/Name/The
mods\voidmulti.sc2mod\ruru.sc2data\localizeddata\objectstrings.txt	60810	Mend	eam=Thermal Beam (Beam) ///Auto - Copied from enUS Locale  Actor/Name/ThermalBeamEndSound=Thermal Beam (End Sound) ///Auto - Copied from enUS Locale  Actor/Name/The
mods\voidmulti.sc2mod\zhcn.sc2data\localizeddata\objectstrings.txt	60810	Mend	eam=Thermal Beam (Beam) ///Auto - Copied from enUS Locale  Actor/Name/ThermalBeamEndSound=Thermal Beam (End Sound) ///Auto - Copied from enUS Locale  Actor/Name/The
mods\voidmulti.sc2mod\zhtw.sc2data\localizeddata\objectstrings.txt	60810	Mend	eam=Thermal Beam (Beam) ///Auto - Copied from enUS Locale  Actor/Name/ThermalBeamEndSound=Thermal Beam (End Sound) ///Auto - Copied from enUS Locale  Actor/Name/The
campaigns\swarmstory.sc2campaign\dede.sc2data\localizeddata\objectstrings.txt	767489	Abathur	aMoveLoop  Actor/Name/ZergAdjutantMoveLoop=ZergAdjutantMoveLoop  Actor/Name/set_abathur_move_loop_mid=set_abathur_move_loop_mid  Actor/Name/set_abathur_move_loop_near=
campaigns\swarmstory.sc2campaign\eses.sc2data\localizeddata\objectstrings.txt	767489	Abathur	aMoveLoop  Actor/Name/ZergAdjutantMoveLoop=ZergAdjutantMoveLoop  Actor/Name/set_abathur_move_loop_mid=set_abathur_move_loop_mid  Actor/Name/set_abathur_move_loop_near=
campaigns\swarmstory.sc2campaign\frfr.sc2data\localizeddata\objectstrings.txt	767489	Abathur	aMoveLoop  Actor/Name/ZergAdjutantMoveLoop=ZergAdjutantMoveLoop  Actor/Name/set_abathur_move_loop_mid=set_abathur_move_loop_mid  Actor/Name/set_abathur_move_loop_near=
campaigns\swarmstory.sc2campaign\itit.sc2data\localizeddata\objectstrings.txt	767489	Abathur	aMoveLoop  Actor/Name/ZergAdjutantMoveLoop=ZergAdjutantMoveLoop  Actor/Name/set_abathur_move_loop_mid=set_abathur_move_loop_mid  Actor/Name/set_abathur_move_loop_near=
campaigns\swarmstory.sc2campaign\plpl.sc2data\localizeddata\objectstrings.txt	767489	Abathur	aMoveLoop  Actor/Name/ZergAdjutantMoveLoop=ZergAdjutantMoveLoop  Actor/Name/set_abathur_move_loop_mid=set_abathur_move_loop_mid  Actor/Name/set_abathur_move_loop_near=
campaigns\swarmstory.sc2campaign\ruru.sc2data\localizeddata\objectstrings.txt	767489	Abathur	aMoveLoop  Actor/Name/ZergAdjutantMoveLoop=ZergAdjutantMoveLoop  Actor/Name/set_abathur_move_loop_mid=set_abathur_move_loop_mid  Actor/Name/set_abathur_move_loop_near=
campaigns\swarmstory.sc2campaign\zhcn.sc2data\localizeddata\objectstrings.txt	767489	Abathur	aMoveLoop  Actor/Name/ZergAdjutantMoveLoop=ZergAdjutantMoveLoop  Actor/Name/set_abathur_move_loop_mid=set_abathur_move_loop_mid  Actor/Name/set_abathur_move_loop_near=
campaigns\voidstory.sc2campaign\dede.sc2data\localizeddata\objectstrings.txt	763182	Leviathan	1ZerglingT1=SMX1 Zergling T1 ///Auto - Copied from enUS Locale  Model/Name/SMX1_LeviathanT1=SMX1_LeviathanT1 ///Auto - Copied from enUS Locale  Model/Name/SMX2CivilianPr
campaigns\voidstory.sc2campaign\eses.sc2data\localizeddata\objectstrings.txt	763182	Leviathan	1ZerglingT1=SMX1 Zergling T1 ///Auto - Copied from enUS Locale  Model/Name/SMX1_LeviathanT1=SMX1_LeviathanT1 ///Auto - Copied from enUS Locale  Model/Name/SMX2CivilianPr
campaigns\voidstory.sc2campaign\esmx.sc2data\localizeddata\objectstrings.txt	763182	Leviathan	1ZerglingT1=SMX1 Zergling T1 ///Auto - Copied from enUS Locale  Model/Name/SMX1_LeviathanT1=SMX1_LeviathanT1 ///Auto - Copied from enUS Locale  Model/Name/SMX2CivilianPr
campaigns\voidstory.sc2campaign\frfr.sc2data\localizeddata\objectstrings.txt	763182	Leviathan	1ZerglingT1=SMX1 Zergling T1 ///Auto - Copied from enUS Locale  Model/Name/SMX1_LeviathanT1=SMX1_LeviathanT1 ///Auto - Copied from enUS Locale  Model/Name/SMX2CivilianPr
campaigns\voidstory.sc2campaign\itit.sc2data\localizeddata\objectstrings.txt	763182	Leviathan	1ZerglingT1=SMX1 Zergling T1 ///Auto - Copied from enUS Locale  Model/Name/SMX1_LeviathanT1=SMX1_LeviathanT1 ///Auto - Copied from enUS Locale  Model/Name/SMX2CivilianPr
campaigns\voidstory.sc2campaign\kokr.sc2data\localizeddata\objectstrings.txt	763182	Leviathan	1ZerglingT1=SMX1 Zergling T1 ///Auto - Copied from enUS Locale  Model/Name/SMX1_LeviathanT1=SMX1_LeviathanT1 ///Auto - Copied from enUS Locale  Model/Name/SMX2CivilianPr
campaigns\voidstory.sc2campaign\plpl.sc2data\localizeddata\objectstrings.txt	763182	Leviathan	1ZerglingT1=SMX1 Zergling T1 ///Auto - Copied from enUS Locale  Model/Name/SMX1_LeviathanT1=SMX1_LeviathanT1 ///Auto - Copied from enUS Locale  Model/Name/SMX2CivilianPr
campaigns\voidstory.sc2campaign\ptbr.sc2data\localizeddata\objectstrings.txt	763182	Leviathan	1ZerglingT1=SMX1 Zergling T1 ///Auto - Copied from enUS Locale  Model/Name/SMX1_LeviathanT1=SMX1_LeviathanT1 ///Auto - Copied from enUS Locale  Model/Name/SMX2CivilianPr
campaigns\voidstory.sc2campaign\ruru.sc2data\localizeddata\objectstrings.txt	763182	Leviathan	1ZerglingT1=SMX1 Zergling T1 ///Auto - Copied from enUS Locale  Model/Name/SMX1_LeviathanT1=SMX1_LeviathanT1 ///Auto - Copied from enUS Locale  Model/Name/SMX2CivilianPr
campaigns\voidstory.sc2campaign\zhcn.sc2data\localizeddata\objectstrings.txt	763182	Leviathan	1ZerglingT1=SMX1 Zergling T1 ///Auto - Copied from enUS Locale  Model/Name/SMX1_LeviathanT1=SMX1_LeviathanT1 ///Auto - Copied from enUS Locale  Model/Name/SMX2CivilianPr
campaigns\voidstory.sc2campaign\zhtw.sc2data\localizeddata\objectstrings.txt	763182	Leviathan	1ZerglingT1=SMX1 Zergling T1 ///Auto - Copied from enUS Locale  Model/Name/SMX1_LeviathanT1=SMX1_LeviathanT1 ///Auto - Copied from enUS Locale  Model/Name/SMX2CivilianPr
mods\starcoop\starcoop.sc2mod\base.sc2data\libcomi.galaxy	1683840	Abathur	Player(lv_i, "DetectionEnemy", 1);          }        }  }    void libCOMI_gf_CM_Abathur_BiomassSetStack (unit lp_biomass, int lp_stack) {      // Automatic Variable De
mods\starcoop\starcoop.sc2mod\base.sc2data\libcomi_h.galaxy	95764	Abathur	mUpgrades + 1] lv_time;  };    // Variable Declarations  int libCOMI_gv_cM_DebugAbathurBiomassCollected;  int libCOMI_gv_cM_DebugAbathurBiomassLost;  int libCOMI_gv_cM
mods\starcoop\starcoop.sc2mod\base.sc2data\libcomu.galaxy	712681	Biomass	 (UnitGetType(lp_newUnit) == "DisruptorPhased") || (UnitGetType(lp_newUnit) == "BiomassPickup"))) {          return ;      }      else {          lv_plagueChance = lib
mods\starcoop\starcoop.sc2mod\base.sc2data\libcooc.galaxy	384870	Abathur	) {          return "char_Karax";      }      else if (autoBAA82F24_val == "ZergAbathur") {          return "char_Abathur";      }      else if (autoBAA82F24_val == "P
mods\starcoop\starcoop.sc2mod\base.sc2data\libcooc_h.galaxy	39996	Abathur	v_cC_ScoreKerriganDmg;  fixed[libCOOC_gv_cCC_MAXPLAYERS + 1] libCOOC_gv_cC_ScoreAbathurHeal;  fixed[libCOOC_gv_cCC_MAXPLAYERS + 1] libCOOC_gv_cC_ScoreAbathurMonsterDmg
mods\starcoop\starcoop.sc2mod\base.sc2data\libcoui.galaxy	513333	Abathur	_gf_CU_GPInitStetmann(lp_player);      }      else if (auto25C94ED4_val == "ZergAbathur") {          libCOUI_gf_CU_GPInitAbathur(lp_player);      }      else if (auto2
mods\starcoop\starcoop.sc2mod\base.sc2data\libcoui_h.galaxy	38777	Abathur	er);  void libCOUI_gf_CU_GPInitSwann (int lp_player);  void libCOUI_gf_CU_GPInitAbathur (int lp_player);  void libCOUI_gf_CU_GPInitStukov (int lp_player);  void libCOU
campaigns\swarmstoryutil.sc2mod\base.sc2data\lib281dec45.galaxy	638397	Abathur	ntEvo") == 1)) {              AchievementTermQuantitySet(1, "ZStoryConversation_Abathur_NewLook", 1);          }          else if ((ConversationDataStateGetValue("Gran
mods\voidprologue.sc2mod\base.sc2data\liba3ddd02b.galaxy	476582	Mend	l);      for (;; autoE66D2854_u -= 1) {          lv_indexUnit = UnitGroupUnitFromEnd(autoE66D2854_g, autoE66D2854_u);          if (lv_indexUnit == null) { break; } 
mods\warcoop\legends\jainaproudmoore.sc2mod\base.sc2data\libljai.galaxy	4024	Mend	tCountAll);      for (;; auto6856B02E_u -= 1) {          lv_u = UnitGroupUnitFromEnd(auto6856B02E_g, auto6856B02E_u);          if (lv_u == null) { break; }         
mods\warcoop\progression\equipments.sc2mod\base.sc2data\libpequ.galaxy	16550	Mend	      for (;; auto39CE8D99_u -= 1) {                  lv_unit = UnitGroupUnitFromEnd(auto39CE8D99_g, auto39CE8D99_u);                  if (lv_unit == null) { break;
campaigns\swarm.sc2campaign\base.sc2maps\maps\campaign\swarm\zstoryspace.sc2map\mapscript.galaxy	41055	Leviathan	-------------  unit gv_uNITSETSpace00;  unit gv_uNITSETSpace02;  unit gv_uNITSETLeviathan00;  unit gv_uNITSETLeviathan01;  unit gv_uNITSETLeviathan02;  unit gv_uNITSETLe
campaigns\swarm.sc2campaign\base.sc2maps\maps\campaign\swarm\zstorychar.sc2map\mapscript.galaxy	47676	Leviathan	_uNITSETChar03;  unit gv_uNITSETChar04;  unit gv_uNITSETChar05;  unit gv_uNITSETLeviathan00;  unit gv_uNITSETLeviathan01;  unit gv_uNITSETLeviathan02;  unit gv_uNITSETLe
campaigns\swarm.sc2campaign\base.sc2maps\maps\campaign\swarm\zstoryexpedition.sc2map\mapscript.galaxy	49532	Leviathan	-------------  unit gv_uNITSETKaldir;  unit gv_uNITSETKaldir02;  unit gv_uNITSETLeviathan00;  unit gv_uNITSETLeviathan01;  unit gv_uNITSETLeviathan02;  unit gv_uNITSETLe
campaigns\swarm.sc2campaign\base.sc2maps\maps\campaign\swarm\zstoryhybrid.sc2map\mapscript.galaxy	41682	Leviathan	uNITSETDusk01;  unit gv_uNITSETDusk03;  unit gv_uNITSETNight00;  unit gv_uNITSETLeviathan00;  unit gv_uNITSETLeviathan01;  unit gv_uNITSETLeviathan02;  unit gv_uNITSETLe
campaigns\swarm.sc2campaign\base.sc2maps\maps\campaign\swarm\zstorykorhal.sc2map\mapscript.galaxy	51795	Leviathan	-  unit gv_uNITSETKorhalSpace00;  unit gv_uNITSETKorhalWorld00;  unit gv_uNITSETLeviathan00;  unit gv_uNITSETLeviathan01;  unit gv_uNITSETLeviathan02;  unit gv_uNITSETLe
campaigns\swarm.sc2campaign\base.sc2maps\maps\campaign\swarm\zstoryzerus.sc2map\mapscript.galaxy	41517	Leviathan	ITSETZerus04;  unit gv_uNITSETZerus05;  unit gv_uNITSETZerus06;  unit gv_uNITSETLeviathan00;  unit gv_uNITSETLeviathan01;  unit gv_uNITSETLeviathan02;  unit gv_uNITSETLe
campaigns\swarm.sc2campaign\base.sc2maps\maps\campaign\swarm\zspace02.sc2map\base.sc2data\gamedata\sounddata.xml	1429	Leviathan	        <Mode value="2D"/>      </CSound>      <CSound id="FX_Space02Cutscene01_LeviathanWarpIn">          <Mode value="2D"/>      </CSound>      <CSound id="IntroStinge
campaigns\swarm.sc2campaign\base.sc2maps\maps\campaign\swarm\zspace02.sc2map\preload.xml	10529	Leviathan	<Unit id="Medic"/>  <Unit id="InfestationSpire" Variations="0,1,3"/>  <Unit id="Leviathan"/>  <Unit id="CleaningBot"/>  <Unit id="LabBot"/>  <Unit id="ImpalerDen"/>  <Un
campaigns\swarm.sc2campaign\base.sc2maps\maps\campaign\swarm\zspace02.sc2map\preloadassetdb.txt	9318	Leviathan	s\Sounds\Spell_HyperionJumpIn_00.wav  Actor=TerrainMgr  id=FX_Space02Cutscene01_LeviathanWarpIn  0=Assets\Sounds\##id##_00.wav  Actor=TerrainMgr  id=FinalMusic  Actor=Te
campaigns\swarm.sc2campaign\base.sc2maps\maps\campaign\swarm\zspace02.sc2map\mapscript.galaxy	424317	Leviathan	ha(0.00, 0.00, 0.00, 0.00), 0.0, true);      libNtve_gf_CreateUnitsAtPoint2(1, "Leviathan", c_unitCreateIgnorePlacement, gv_p01_USER, PointFromId(1864));      UnitGroupA
campaigns\swarm.sc2campaign\base.sc2maps\maps\campaign\swarm\zspace01.sc2map\mapscript.galaxy	317770	Mend	l);      for (;; autoAD3A42B1_u -= 1) {          lv_indexUnit = UnitGroupUnitFromEnd(autoAD3A42B1_g, autoAD3A42B1_u);          if (lv_indexUnit == null) { break; } 
campaigns\swarm.sc2campaign\base.sc2maps\maps\campaign\swarm\zkorhal03.sc2map\mapscript.galaxy	282999	Mend	     for (;; auto8E7B9356_u -= 1) {          auto8E7B9356_var = UnitGroupUnitFromEnd(auto8E7B9356_g, auto8E7B9356_u);          if (auto8E7B9356_var == null) { break
campaigns\swarm.sc2campaign\base.sc2maps\maps\campaign\swarm\zkorhal02.sc2map\mapscript.galaxy	341990	Mend	yedReinforcementLines;  bool gv_dragUsed;  bool gv_generateSpawnsUsed;  bool gv_mendUsed;  int gv_ping_PowerLink;  revealer gv_powerLinkRevealer;  unit gv_dragTarge
campaigns\swarm.sc2campaign\base.sc2maps\maps\campaign\swarm\zkorhal01.sc2map\mapscript.galaxy	296037	Leviathan	stroyPingatDominionBase01;  trigger gt_DestroyPingatDominionBase02;  trigger gt_LeviathanSafety;  trigger gt_TransmissionMengskTauntQ;  trigger gt_TransmissionBileLaunch
campaigns\swarm.sc2campaign\base.sc2maps\maps\campaign\swarm\zlab01.sc2map\mapscript.galaxy	489398	Mend	l);      for (;; auto158E3549_u -= 1) {          lv_indexUnit = UnitGroupUnitFromEnd(auto158E3549_g, auto158E3549_u);          if (lv_indexUnit == null) { break; } 
campaigns\swarm.sc2campaign\base.sc2maps\maps\campaign\swarm\zlab03.sc2map\mapscript.galaxy	411959	Mend	 for (;; auto13212788_u -= 1) {              auto13212788_var = UnitGroupUnitFromEnd(auto13212788_g, auto13212788_u);              if (auto13212788_var == null) { b
campaigns\swarm.sc2campaign\base.sc2maps\maps\campaign\swarm\zlab02.sc2map\mapscript.galaxy	636973	Mend	     for (;; autoE9ECCD06_u -= 1) {          autoE9ECCD06_var = UnitGroupUnitFromEnd(autoE9ECCD06_g, autoE9ECCD06_u);          if (autoE9ECCD06_var == null) { break
campaigns\swarm.sc2campaign\base.sc2maps\maps\campaign\swarm\zzerus02.sc2map\mapscript.galaxy	296472	Mend	 for (;; autoFBFEEC11_u -= 1) {              autoFBFEEC11_var = UnitGroupUnitFromEnd(autoFBFEEC11_g, autoFBFEEC11_u);              if (autoFBFEEC11_var == null) { b
campaigns\swarm.sc2campaign\base.sc2maps\maps\campaign\swarm\zzerus01.sc2map\base.sc2data\gamedata\buttondata.xml	418	Biomass	<?xml version="1.0" encoding="us-ascii"?>  <Catalog>      <CButton id="CarryBiomass">          <Icon value="Assets\Textures\btn-ability-zerg-carrybiomass.dds"/>       
campaigns\swarm.sc2campaign\base.sc2maps\maps\campaign\swarm\zzerus01.sc2map\base.sc2data\gamedata\unitdata.xml	1247	Biomass	   <LayoutButtons index="9" Column="2"/>              <LayoutButtons Face="CarryBiomass" Type="AbilCmd" AbilCmd="CarryCarcass,Execute" Row="1" Column="1"/>            
campaigns\swarm.sc2campaign\base.sc2maps\maps\campaign\swarm\zzerus01.sc2map\preloadassetdb.txt	8180	Biomass	t=Assets\Textures\btn-ability-zerg-harvestcorpse.dds  Actor=TerrainMgr  id=CarryBiomass  asset=Assets\Textures\btn-ability-zerg-carrybiomass.dds  Actor=TerrainMgr    [
campaigns\swarm.sc2campaign\base.sc2maps\maps\campaign\swarm\zzerus01.sc2map\mapscript.galaxy	349120	Biomass	aC_gf_AddMissionTipUserData("Quillgor");      libSwaC_gf_AddMissionTipUserData("Biomass");      libSwaC_gf_AddMissionTipUserData("Drones");      libSwaC_gf_AddMissionT
campaigns\swarm.sc2campaign\base.sc2maps\maps\campaign\swarm\zzerus03.sc2map\base.sc2data\gamedata\sounddata.xml	538	Leviathan	<?xml version="1.0" encoding="us-ascii"?>  <Catalog>      <CSound id="Leviathan_Roar">          <Category value="Dialogue"/>          <Mode value="2D"/>          <Flags 
campaigns\swarm.sc2campaign\base.sc2maps\maps\campaign\swarm\zzerus03.sc2map\mapscript.galaxy	604383	Brutalisk	  }        TriggerEnable(TriggerGetCurrent(), false);      SoundPlay(SoundLink("Brutalisk_Roar", -1), PlayerGroupAll(), 100.0, 0.0);      Wait(0.5, c_timeAI);      gf_Br
campaigns\swarm.sc2campaign\base.sc2maps\maps\campaign\swarm\zzerus03.sc2map\preload.xml	10314	Brutalisk	UI_ObjectiveDiscoveredStinger"/>  <Sound id="Artifact_EnergyNova"/>  <Sound id="Brutalisk_Roar"/>  <Sound id="UI_ResourcePickup"/>  <Sound id="Purifier_PrePlanetCrackerE
campaigns\swarm.sc2campaign\base.sc2maps\maps\campaign\swarm\zzerus03.sc2map\preloadassetdb.txt	5461	Leviathan	ltralisk_Roar  0=Assets\Sounds\Zerg\Ultralisk\##id##0.wav  Actor=TerrainMgr  id=Leviathan_Roar  0=Assets\Sounds\Zerg\Leviathan\##id##0.wav  Actor=TerrainMgr  id=ZZerus03
campaigns\swarm.sc2campaign\base.sc2maps\maps\campaign\swarm\zchar02.sc2map\preload.xml	10665	Biomass	d="InvisibleTargetDummy"/>  <Unit id="DefensiveWall45GateWest"/>  <Unit id="ZergBiomassPickup" Variations="0,1,2"/>  <Unit id="ZergTowerArtillery"/>  <Unit id="Gehenna
campaigns\swarm.sc2campaign\base.sc2maps\maps\campaign\swarm\zchar02.sc2map\mapscript.galaxy	271303	Biomass	ST = 6;  const int gv_pLAYER_07_TERRAN_YELLOW = 7;  const int gv_pLAYER_08_ZERG_BIOMASS = 8;  const fixed gv_c_ScourgeActivationRange = 5.0;  const int gv_gorgonsDestr
campaigns\swarm.sc2campaign\base.sc2maps\maps\campaign\swarm\zchar03.sc2map\preload.xml	9544	Biomass	c"/>  <Unit id="KerriganReviveCocoon"/>  <Unit id="GunTower"/>  <Unit id="TerranBiomass"/>  <Unit id="WarfieldBasePlatform"/>  <Unit id="MarineWarfield"/>  <Unit id="N
campaigns\swarm.sc2campaign\base.sc2maps\maps\campaign\swarm\zchar03.sc2map\mapscript.galaxy	313833	Biomass	smission2AberrationsQ;  trigger gt_TransmissionBoneyardZergQ;  trigger gt_TerranBiomassReaction;  trigger gt_IntroScienceFacilitiesObjectiveQ;  trigger gt_Transmission
campaigns\swarm.sc2campaign\base.sc2maps\maps\campaign\swarm\zchar01.sc2map\mapscript.galaxy	283030	Abathur	t_ZerglingBriefSelect;  trigger gt_ZerglingSelectedtoMorphBaneling;  trigger gt_AbathurTeachesBanelingsQ;  trigger gt_BanelingMorphHighlightDisable;  trigger gt_Zagara
campaigns\swarm.sc2campaign\base.sc2maps\maps\campaign\swarm\zexpedition02.sc2map\preload.xml	8164	Biomass	it id="ProtossFrigate"/>  <Unit id="ExpeditionJumpGate"/>  <Unit id="ProtossBaseBioMassStorage"/>  <Unit id="ProtossDockingBayUnit"/>  </Preload>  
campaigns\swarm.sc2campaign\base.sc2maps\maps\campaign\swarm\zexpedition02.sc2map\mapscript.galaxy	248633	Biomass	_stasisChamberGroup = UnitGroupEmpty();      gv_stasisChamberType = "ProtossBaseBioMassStorage";      for (init_i = 0; init_i <= 3; init_i += 1) {          gv_stasisCh
campaigns\swarm.sc2campaign\base.sc2maps\maps\campaign\swarm\zexpedition03.sc2map\base.sc2data\gamedata\gameuidata.xml	679	Biomass	terran.dds"/>          <ResourceArray index="Custom" Icon="Assets\Textures\icon-biomass-NoBG.dds" IconBackground="Assets\Textures\btn-icon-biomass.dds"/>      </CGameU
campaigns\swarm.sc2campaign\base.sc2maps\maps\campaign\swarm\zexpedition03.sc2map\mapscript.galaxy	447290	Biomass	 trigger gt_NumberofUnitsSpawned;  trigger gt_EnemyDies;  trigger gt_AchievementBiomassCollected;  trigger gt_AchievementEscapePodTimeNH;  trigger gt_AchievementUrsado
campaigns\swarm.sc2campaign\base.sc2maps\maps\campaign\swarm\zexpedition01.sc2map\mapscript.galaxy	366812	Mend	     for (;; autoEEB94356_u -= 1) {          autoEEB94356_var = UnitGroupUnitFromEnd(autoEEB94356_g, autoEEB94356_u);          if (autoEEB94356_var == null) { break
campaigns\swarm.sc2campaign\base.sc2maps\maps\campaign\swarm\zhybrid02.sc2map\t3terrain.xml	287556	Brutalisk	 <cliffDoodadList num="7">              <cliffDoodad name="TerrainObjectCastanarBrutaliskCage1" pos="92.000000 28.000000 0.000000 " rot="1"/>              <cliffDoodad n
campaigns\swarm.sc2campaign\base.sc2maps\maps\campaign\swarm\zhybrid02.sc2map\preload.xml	7945	Brutalisk	Actor id="SpaceShipPiping" Variations="5,7"/>  <Actor id="TerrainObjectHybridLabBrutaliskCageDoodad"/>  <Actor id="UmojanLabWallPanel1High" Variations="3"/>  <Actor id="
campaigns\swarm.sc2campaign\base.sc2maps\maps\campaign\swarm\zhybrid02.sc2map\mapscript.galaxy	260305	Brutalisk	  bool[9] gv_aIHybridLeashing;  unit[9] gv_aIHybridAttacker;  int gv_achievementBrutaliskKills;  int gv_achievementDestroyCommandCentersCount;  int gv_achievementHybridK
campaigns\swarm.sc2campaign\base.sc2maps\maps\campaign\swarm\zhybrid01.sc2map\mapscript.galaxy	358832	Mend	     for (;; autoCF2A28FA_u -= 1) {          autoCF2A28FA_var = UnitGroupUnitFromEnd(autoCF2A28FA_g, autoCF2A28FA_u);          if (autoCF2A28FA_var == null) { break
campaigns\swarm.sc2campaign\base.sc2maps\maps\campaign\swarm\zhybrid03.sc2map\mapscript.galaxy	273279	Mend	     for (;; auto0A92F2EA_u -= 1) {          auto0A92F2EA_var = UnitGroupUnitFromEnd(auto0A92F2EA_g, auto0A92F2EA_u);          if (auto0A92F2EA_var == null) { break
campaigns\swarm.sc2campaign\base.sc2maps\maps\campaign\swarm\evolution\zevolutionroach.sc2map\base.sc2data\gamedata\actordata.xml	8788	Leviathan	                                                                  -->      <!-- Leviathan ............................................................................. -
campaigns\swarm.sc2campaign\base.sc2maps\maps\campaign\swarm\evolution\zevolutionroach.sc2map\preloadassetdb.txt	10661	Leviathan	[Actor]  id=Leviathan  path=Assets\Textures\.dds  asset=Wireframe-zerg-leviathan,btn-unit-zerg-leviathan,btn-upgrade-protoss-shieldslevel0,btn-upgrade-zerg-flyercarapace
campaigns\void.sc2campaign\base.sc2maps\maps\campaign\void\paiur03.sc2map\mapscript.galaxy	226773	Mend	     for (;; autoDA3828FB_u -= 1) {          autoDA3828FB_var = UnitGroupUnitFromEnd(autoDA3828FB_g, autoDA3828FB_u);          if (autoDA3828FB_var == null) { break
campaigns\void.sc2campaign\base.sc2maps\maps\campaign\void\paiur06.sc2map\base.sc2data\gamedata\modeldata.xml	222	Brutalisk	<?xml version="1.0" encoding="us-ascii"?>  <Catalog>      <CModel id="Brutalisk">          <ScaleMax value="3.000000,3.000000,3.000000"/>          <ScaleMin value="3.000
campaigns\void.sc2campaign\base.sc2maps\maps\campaign\void\paiur06.sc2map\base.sc2data\gamedata\unitdata.xml	1108	Brutalisk	<?xml version="1.0" encoding="us-ascii"?>  <Catalog>      <CUnit id="Brutalisk">          <LifeStart value="5000"/>          <LifeMax value="5000"/>          <Radius val
campaigns\void.sc2campaign\base.sc2maps\maps\campaign\void\paiur06.sc2map\mapscript.galaxy	374026	Brutalisk	it gv_nerazimNexus;  unit gv_taldarimNexus;  unit gv_purifierNexus;  unit gv_theBrutalisk;  unitgroup gv_performanceUnitsNW;  unitgroup gv_performanceUnitsSE;  unitgroup
campaigns\void.sc2campaign\base.sc2maps\maps\campaign\void\paiur06.sc2map\preload.xml	9266	Brutalisk	0,1,2,3,4,5,7,8,9"/>  <Unit id="VespeneGeyser"/>  <Unit id="Scout"/>  <Unit id="Brutalisk"/>  <Unit id="InvisiblePylon"/>  <Unit id="SuperWarpGate"/>  <Unit id="QueenCla
campaigns\void.sc2campaign\base.sc2maps\maps\campaign\void\paiur06.sc2map\preloadassetdb.txt	9980	Brutalisk	SmallUnitDeathLow  Sound=##id##_Ambience    [Effect]  id=BrutalizeDamage  Actor=BrutaliskAttack,CommandUIHarnessAttackProtoss,CommandUIHarnessAttackTerran,CommandUIHarne
campaigns\void.sc2campaign\base.sc2maps\maps\campaign\void\paiur02.sc2map\mapscript.galaxy	368101	Mend	     for (;; auto4BA579B7_u -= 1) {          auto4BA579B7_var = UnitGroupUnitFromEnd(auto4BA579B7_g, auto4BA579B7_u);          if (auto4BA579B7_var == null) { break
campaigns\void.sc2campaign\base.sc2maps\maps\campaign\void\paiur05.sc2map\mapscript.galaxy	252802	Mend	     for (;; autoDF7AB5E9_u -= 1) {          autoDF7AB5E9_var = UnitGroupUnitFromEnd(autoDF7AB5E9_g, autoDF7AB5E9_u);          if (autoDF7AB5E9_var == null) { break
campaigns\void.sc2campaign\base.sc2maps\maps\campaign\void\paiur01.sc2map\mapscript.galaxy	329226	Mend	     for (;; auto90819052_u -= 1) {          auto90819052_var = UnitGroupUnitFromEnd(auto90819052_g, auto90819052_u);          if (auto90819052_var == null) { break
campaigns\void.sc2campaign\base.sc2maps\maps\campaign\void\paiur04.sc2map\mapscript.galaxy	505980	Mend	     for (;; auto05A664EC_u -= 1) {          auto05A664EC_var = UnitGroupUnitFromEnd(auto05A664EC_g, auto05A664EC_u);          if (auto05A664EC_var == null) { break
campaigns\void.sc2campaign\base.sc2maps\maps\campaign\void\pulnar03.sc2map\mapscript.galaxy	354405	Mend	or (;; autoD361CF6E_u -= 1) {                  lv_currentUnit = UnitGroupUnitFromEnd(autoD361CF6E_g, autoD361CF6E_u);                  if (lv_currentUnit == null) {
campaigns\void.sc2campaign\base.sc2maps\maps\campaign\void\pulnar02.sc2map\mapscript.galaxy	458023	Mend	     for (;; autoF3DA0E02_u -= 1) {          autoF3DA0E02_var = UnitGroupUnitFromEnd(autoF3DA0E02_g, autoF3DA0E02_u);          if (autoF3DA0E02_var == null) { break
campaigns\void.sc2campaign\base.sc2maps\maps\campaign\void\pulnar01.sc2map\mapscript.galaxy	192832	Mend	     for (;; auto2439952A_u -= 1) {          auto2439952A_var = UnitGroupUnitFromEnd(auto2439952A_g, auto2439952A_u);          if (auto2439952A_var == null) { break
campaigns\void.sc2campaign\base.sc2maps\maps\campaign\void\ppurifier01.sc2map\mapscript.galaxy	248618	Mend	     for (;; auto9D2DD649_u -= 1) {          auto9D2DD649_var = UnitGroupUnitFromEnd(auto9D2DD649_g, auto9D2DD649_u);          if (auto9D2DD649_var == null) { break
campaigns\void.sc2campaign\base.sc2maps\maps\campaign\void\ppurifier01.sc2map\preload.xml	7805	Biomass	ions="0,1,2,3,4,5,6"/>  <Unit id="ProtossVespeneGeyser"/>  <Unit id="ProtossBaseBioMassStorage"/>  <Unit id="ProtossReliquaryUnit"/>  <Unit id="ProtossWarpDriveUnit"/>
campaigns\void.sc2campaign\base.sc2maps\maps\campaign\void\ppurifier02.sc2map\mapscript.galaxy	304362	Mend	ll);      for (;; autoBDEE317A_u -= 1) {          lv_unitIter = UnitGroupUnitFromEnd(autoBDEE317A_g, autoBDEE317A_u);          if (lv_unitIter == null) { break; }  
campaigns\void.sc2campaign\base.sc2maps\maps\campaign\void\ppurifier03.sc2map\mapscript.galaxy	347619	Mend	 for (;; auto694A8BC6_u -= 1) {              auto694A8BC6_var = UnitGroupUnitFromEnd(auto694A8BC6_g, auto694A8BC6_u);              if (auto694A8BC6_var == null) { b
campaigns\void.sc2campaign\base.sc2maps\maps\campaign\void\pshakuras01.sc2map\mapscript.galaxy	301227	Mend	     for (;; auto0393CDE3_u -= 1) {          auto0393CDE3_var = UnitGroupUnitFromEnd(auto0393CDE3_g, auto0393CDE3_u);          if (auto0393CDE3_var == null) { break
campaigns\void.sc2campaign\base.sc2maps\maps\campaign\void\pshakuras02.sc2map\mapscript.galaxy	289875	Mend	 autoB71CE255_u -= 1) {                      autoB71CE255_var = UnitGroupUnitFromEnd(autoB71CE255_g, autoB71CE255_u);                      if (autoB71CE255_var == n
campaigns\void.sc2campaign\base.sc2maps\maps\campaign\void\ptaldarim02.sc2map\mapscript.galaxy	254012	Mend	     for (;; autoA3E30428_u -= 1) {          autoA3E30428_var = UnitGroupUnitFromEnd(autoA3E30428_g, autoA3E30428_u);          if (autoA3E30428_var == null) { break
campaigns\void.sc2campaign\base.sc2maps\maps\campaign\void\ptaldarim01.sc2map\mapscript.galaxy	261631	Mend	 for (;; auto9A9DEAFF_u -= 1) {              auto9A9DEAFF_var = UnitGroupUnitFromEnd(auto9A9DEAFF_g, auto9A9DEAFF_u);              if (auto9A9DEAFF_var == null) { b
campaigns\void.sc2campaign\base.sc2maps\maps\campaign\void\pkorhal01.sc2map\mapscript.galaxy	289364	Mend	 for (;; auto3F27B227_u -= 1) {              auto3F27B227_var = UnitGroupUnitFromEnd(auto3F27B227_g, auto3F27B227_u);              if (auto3F27B227_var == null) { b
campaigns\void.sc2campaign\base.sc2maps\maps\campaign\void\pkorhal02.sc2map\mapscript.galaxy	298480	Mend	l);      for (;; auto253CB087_u -= 1) {          lv_indexUnit = UnitGroupUnitFromEnd(auto253CB087_g, auto253CB087_u);          if (lv_indexUnit == null) { break; } 
campaigns\void.sc2campaign\base.sc2maps\maps\campaign\void\pmoebius01.sc2map\mapscript.galaxy	190754	Mend	;      for (;; auto73A0B96C_u -= 1) {          lv_indexWorker = UnitGroupUnitFromEnd(auto73A0B96C_g, auto73A0B96C_u);          if (lv_indexWorker == null) { break; 
campaigns\void.sc2campaign\base.sc2maps\maps\campaign\void\sc2epilogue02.sc2map\mapscript.galaxy	432457	Mend	   for (;; auto2B06C860_u -= 1) {              lv_currentUnit = UnitGroupUnitFromEnd(auto2B06C860_g, auto2B06C860_u);              if (lv_currentUnit == null) { bre
campaigns\void.sc2campaign\base.sc2maps\maps\campaign\void\sc2epilogue01.sc2map\mapscript.galaxy	460176	Mend	     for (;; autoAC06A8B5_u -= 1) {          autoAC06A8B5_var = UnitGroupUnitFromEnd(autoAC06A8B5_g, autoAC06A8B5_u);          if (autoAC06A8B5_var == null) { break
campaigns\void.sc2campaign\base.sc2maps\maps\campaign\void\sc2epilogue03.sc2map\mapscript.galaxy	379287	Mend	     for (;; auto6AFFE90C_u -= 1) {          auto6AFFE90C_var = UnitGroupUnitFromEnd(auto6AFFE90C_g, auto6AFFE90C_u);          if (auto6AFFE90C_var == null) { break
campaigns\swarm.sc2campaign\base.sc2maps\maps\campaign\voidprologue\voidprologue02.sc2map\mapscript.galaxy	179887	Mend	     for (;; autoE53C4488_u -= 1) {          autoE53C4488_var = UnitGroupUnitFromEnd(autoE53C4488_g, autoE53C4488_u);          if (autoE53C4488_var == null) { break
campaigns\swarm.sc2campaign\base.sc2maps\maps\campaign\voidprologue\voidprologue01.sc2map\mapscript.galaxy	324060	Mend	     for (;; auto9CA4F5B1_u -= 1) {          auto9CA4F5B1_var = UnitGroupUnitFromEnd(auto9CA4F5B1_g, auto9CA4F5B1_u);          if (auto9CA4F5B1_var == null) { break
campaigns\swarm.sc2campaign\base.sc2maps\maps\campaign\voidprologue\voidprologue03.sc2map\mapscript.galaxy	458244	Mend	     for (;; autoB55CF7E4_u -= 1) {          autoB55CF7E4_var = UnitGroupUnitFromEnd(autoB55CF7E4_g, autoB55CF7E4_u);          if (autoB55CF7E4_var == null) { break
campaigns\liberty.sc2campaign\base.sc2maps\maps\campaign\ttychus01.sc2map\mapscript.galaxy	248631	Mend	     for (;; autoB4BEC9FD_u -= 1) {          autoB4BEC9FD_var = UnitGroupUnitFromEnd(autoB4BEC9FD_g, autoB4BEC9FD_u);          if (autoB4BEC9FD_var == null) { break
campaigns\liberty.sc2campaign\base.sc2maps\maps\campaign\ttychus02.sc2map\mapscript.galaxy	283386	Mend	tCountAll);      for (;; auto689ABB5F_u -= 1) {          lv_u = UnitGroupUnitFromEnd(auto689ABB5F_g, auto689ABB5F_u);          if (lv_u == null) { break; }         
campaigns\liberty.sc2campaign\base.sc2maps\maps\campaign\ttychus05.sc2map\mapscript.galaxy	294049	Mend	     for (;; autoFFDE84A2_u -= 1) {          autoFFDE84A2_var = UnitGroupUnitFromEnd(autoFFDE84A2_g, autoFFDE84A2_u);          if (autoFFDE84A2_var == null) { break
campaigns\liberty.sc2campaign\base.sc2maps\maps\campaign\ttychus03.sc2map\preload.xml	9624	Brutalisk	rSecurity"/>  <Unit id="HunterKiller"/>  <Unit id="InfestedCocoon"/>  <Unit id="Brutalisk"/>  <Unit id="Kerrigan"/>  <Unit id="DataCore" Variations="0,1"/>  <Unit id="Ab
campaigns\liberty.sc2campaign\base.sc2maps\maps\campaign\ttychus03.sc2map\mapscript.galaxy	311141	Brutalisk	th;  unit gv_medivac01;  unit gv_medivac02;  unitgroup gv_medivacUnits;  int gv_brutaliskPing;  bool gv_nonMercCombatUnitTrained;  int gv_researchEarned;  int gv_statRes
campaigns\liberty.sc2campaign\base.sc2maps\maps\campaign\ttychus04.sc2map\mapscript.galaxy	193080	Mend	     for (;; autoF7B43037_u -= 1) {          autoF7B43037_var = UnitGroupUnitFromEnd(autoF7B43037_g, autoF7B43037_u);          if (autoF7B43037_var == null) { break
campaigns\liberty.sc2campaign\base.sc2maps\maps\campaign\ttosh03a.sc2map\mapscript.galaxy	247046	Mend	All);      for (;; auto5B9DB599_u -= 1) {          lv_vehicle = UnitGroupUnitFromEnd(auto5B9DB599_g, auto5B9DB599_u);          if (lv_vehicle == null) { break; }   
campaigns\liberty.sc2campaign\base.sc2maps\maps\campaign\ttosh03b.sc2map\mapscript.galaxy	275827	Mend	l);      for (;; auto83688F79_u -= 1) {          lv_indexUnit = UnitGroupUnitFromEnd(auto83688F79_g, auto83688F79_u);          if (lv_indexUnit == null) { break; } 
campaigns\liberty.sc2campaign\base.sc2maps\maps\campaign\ttosh01.sc2map\preload.xml	6200	Brutalisk	4,5,6,7,8,9"/>  <Unit id="VespeneGeyser"/>  <Unit id="SpaceDiablo"/>  <Unit id="Brutalisk"/>  <Unit id="SpecialOpsDropship"/>  <Unit id="NaturalGas"/>  <Unit id="Natural
campaigns\liberty.sc2campaign\base.sc2maps\maps\campaign\ttosh01.sc2map\mapscript.galaxy	238308	Brutalisk	nt gv_mineralBoard;  int gv_toshMinersPing;  bool gv_toshMinersRescued;  int gv_brutaliskPing;  actor gv_brutaliskPingActor;  timer gv_sCVLossTimer;  int gv_sCVsLost;  i
campaigns\liberty.sc2campaign\base.sc2maps\maps\campaign\ttosh02.sc2map\mapscript.galaxy	200617	Mend	 for (;; autoD682E799_u -= 1) {              autoD682E799_var = UnitGroupUnitFromEnd(autoD682E799_g, autoD682E799_u);              if (autoD682E799_var == null) { b
campaigns\liberty.sc2campaign\base.sc2maps\maps\campaign\thorner01.sc2map\mapscript.galaxy	278426	Mend	     for (;; auto582274C1_u -= 1) {          auto582274C1_var = UnitGroupUnitFromEnd(auto582274C1_g, auto582274C1_u);          if (auto582274C1_var == null) { break
campaigns\liberty.sc2campaign\base.sc2maps\maps\campaign\thorner02.sc2map\mapscript.galaxy	265909	Mend	tCountAll);      for (;; auto8FFA0729_u -= 1) {          lv_u = UnitGroupUnitFromEnd(auto8FFA0729_g, auto8FFA0729_u);          if (lv_u == null) { break; }         
campaigns\liberty.sc2campaign\base.sc2maps\maps\campaign\thorner04.sc2map\mapscript.galaxy	355813	Mend	tCountAll);      for (;; auto560015A7_u -= 1) {          lv_u = UnitGroupUnitFromEnd(auto560015A7_g, auto560015A7_u);          if (lv_u == null) { break; }         
campaigns\liberty.sc2campaign\base.sc2maps\maps\campaign\thorner05s.sc2map\t3terrain.xml	570740	Brutalisk	00000 0.000000 " rot="0"/>              <cliffDoodad name="TerrainObjectCastanarBrutaliskCage1" pos="204.000000 150.000000 0.000000 " rot="0"/>              <cliffDoodad
campaigns\liberty.sc2campaign\base.sc2maps\maps\campaign\thorner05s.sc2map\preload.xml	11598	Brutalisk	>  <Actor id="CastanarStasisTubeLarge" Variations="0,1,2"/>  <Actor id="CastanarBrutaliskCageWrecked"/>  <Actor id="FacilityPowerCoreDeathDoodad"/>  <Actor id="TerrainOb
campaigns\liberty.sc2campaign\base.sc2maps\maps\campaign\thorner05s.sc2map\mapscript.galaxy	585896	Brutalisk	gv_p09_NEUTRAL_ATTACK = 9;  const int gv_p10_SCIENTISTS = 10;  const int gv_p11_BRUTALISK = 11;  const int gv_p12_AUTOTURRET_ENEMY = 12;  const int gv_p13_DOMINION_LABS 
campaigns\liberty.sc2campaign\base.sc2maps\maps\campaign\thorner03.sc2map\mapscript.galaxy	279112	Mend	     for (;; autoD9E2A2C7_u -= 1) {          autoD9E2A2C7_var = UnitGroupUnitFromEnd(autoD9E2A2C7_g, autoD9E2A2C7_u);          if (autoD9E2A2C7_var == null) { break
campaigns\liberty.sc2campaign\base.sc2maps\maps\campaign\thanson03a.sc2map\mapscript.galaxy	320373	Mend	     for (;; auto81633956_u -= 1) {          auto81633956_var = UnitGroupUnitFromEnd(auto81633956_g, auto81633956_u);          if (auto81633956_var == null) { break
campaigns\liberty.sc2campaign\base.sc2maps\maps\campaign\thanson03b.sc2map\mapscript.galaxy	225054	Mend	tCountAll);      for (;; auto4EE00797_u -= 1) {          lv_u = UnitGroupUnitFromEnd(auto4EE00797_g, auto4EE00797_u);          if (lv_u == null) { break; }         
campaigns\liberty.sc2campaign\base.sc2maps\maps\campaign\thanson01.sc2map\mapscript.galaxy	296988	Mend	tCountAll);      for (;; autoC43E849B_u -= 1) {          lv_u = UnitGroupUnitFromEnd(autoC43E849B_g, autoC43E849B_u);          if (lv_u == null) { break; }         
campaigns\liberty.sc2campaign\base.sc2maps\maps\campaign\thanson02.sc2map\mapscript.galaxy	269663	Mend	     for (;; auto1B9E687D_u -= 1) {          auto1B9E687D_var = UnitGroupUnitFromEnd(auto1B9E687D_g, auto1B9E687D_u);          if (auto1B9E687D_var == null) { break
campaigns\liberty.sc2campaign\base.sc2maps\maps\campaign\tvalerian02a.sc2map\mapscript.galaxy	583370	Mend	 for (;; auto9098CFC6_u -= 1) {              auto9098CFC6_var = UnitGroupUnitFromEnd(auto9098CFC6_g, auto9098CFC6_u);              if (auto9098CFC6_var == null) { b
campaigns\liberty.sc2campaign\base.sc2maps\maps\campaign\tvalerian02b.sc2map\preload.xml	6019	Leviathan	="BriefingUnitSelectLargeRed"/>  <Sound id="UI_TerranKlaxonAlert"/>  <Sound id="Leviathan_Roar"/>  <Sound id="TValerian02BTychus00003"/>  <Sound id="TValerian02BRaynor00
campaigns\liberty.sc2campaign\base.sc2maps\maps\campaign\tvalerian02b.sc2map\mapscript.galaxy	335106	Leviathan	ALISK_TOWERS = 8;  const int gv_pLAYER_P09_HORNER = 9;  const int gv_pLAYER_P10_LEVIATHAN = 10;  const int gv_pLAYER_P11_PLATFORM_PIECES = 11;    //---------------------
campaigns\liberty.sc2campaign\base.sc2maps\maps\campaign\tvalerian03.sc2map\mapscript.galaxy	271086	Leviathan	roup;  unitgroup gv_airPingGroupBehind;  bool gv_firstAirTransmission;  unit gv_leviathan;  unitgroup gv_leviathanMutas;  unitgroup gv_leviathanBLords;  fixed gv_leviath
campaigns\liberty.sc2campaign\base.sc2maps\maps\campaign\tvalerian01.sc2map\mapscript.galaxy	382421	Mend	 for (;; autoA8E323EB_u -= 1) {              autoA8E323EB_var = UnitGroupUnitFromEnd(autoA8E323EB_g, autoA8E323EB_u);              if (autoA8E323EB_var == null) { b
campaigns\liberty.sc2campaign\base.sc2maps\maps\campaign\tzeratul01.sc2map\mapscript.galaxy	467450	Mend	     for (;; autoD29854AF_u -= 1) {          autoD29854AF_var = UnitGroupUnitFromEnd(autoD29854AF_g, autoD29854AF_u);          if (autoD29854AF_var == null) { break
campaigns\liberty.sc2campaign\base.sc2maps\maps\campaign\tzeratul02.sc2map\mapscript.galaxy	312090	Mend	 for (;; auto7DBFA4FA_u -= 1) {              auto7DBFA4FA_var = UnitGroupUnitFromEnd(auto7DBFA4FA_g, auto7DBFA4FA_u);              if (auto7DBFA4FA_var == null) { b
campaigns\liberty.sc2campaign\base.sc2maps\maps\campaign\tzeratul03.sc2map\mapscript.galaxy	268481	Mend	     for (;; auto5A446C5F_u -= 1) {          auto5A446C5F_var = UnitGroupUnitFromEnd(auto5A446C5F_g, auto5A446C5F_u);          if (auto5A446C5F_var == null) { break
campaigns\liberty.sc2campaign\base.sc2maps\maps\campaign\tzeratul04.sc2map\mapscript.galaxy	353390	Mend	     for (;; autoDDCF4B99_u -= 1) {          autoDDCF4B99_var = UnitGroupUnitFromEnd(autoDDCF4B99_g, autoDDCF4B99_u);          if (autoDDCF4B99_var == null) { break
campaigns\liberty.sc2campaign\base.sc2maps\maps\campaign\traynor02.sc2map\mapscript.galaxy	226248	Mend	     for (;; autoFACADB5B_u -= 1) {          autoFACADB5B_var = UnitGroupUnitFromEnd(autoFACADB5B_g, autoFACADB5B_u);          if (autoFACADB5B_var == null) { break
campaigns\liberty.sc2campaign\base.sc2maps\maps\campaign\traynor01.sc2map\mapscript.galaxy	272620	Mend	     for (;; auto4BD2192F_u -= 1) {          auto4BD2192F_var = UnitGroupUnitFromEnd(auto4BD2192F_g, auto4BD2192F_u);          if (auto4BD2192F_var == null) { break
campaigns\liberty.sc2campaign\base.sc2maps\maps\campaign\traynor03.sc2map\mapscript.galaxy	287041	Mend	     for (;; auto36831936_u -= 1) {          auto36831936_var = UnitGroupUnitFromEnd(auto36831936_g, auto36831936_u);          if (auto36831936_var == null) { break
campaigns\liberty.sc2campaign\base.sc2maps\maps\campaign\tarcade.sc2map\preload.xml	7228	Leviathan	ion_statusbox02.dds" Type="Image"/>  <Asset path="Assets\Textures\btn-unit-zerg-leviathan.dds" Type="Image"/>  <Asset path="Assets\Textures\ui_ingame_challenge_glow4text
campaigns\liberty.sc2campaign\base.sc2maps\maps\campaign\tarcade.sc2map\mapscript.galaxy	398167	Leviathan	v_c_ScoreBonus = 0.0;  const int gv_c_BonusLifeScore = 25000;  const fixed gv_c_LeviathanY = -3.5;  const fixed gv_c_TerraTronY = -1.0;  const fixed gv_terraTronArmAttac
mods\novastoryassets.sc2mod\base2.sc2maps\maps\campaign\nova\nova05.sc2map\mapscript.galaxy	588773	Mend	     for (;; auto84896655_u -= 1) {          auto84896655_var = UnitGroupUnitFromEnd(auto84896655_g, auto84896655_u);          if (auto84896655_var == null) { break
mods\novastoryassets.sc2mod\base2.sc2maps\maps\campaign\nova\nova06.sc2map\mapscript.galaxy	452122	Mend	     for (;; autoFB445248_u -= 1) {          autoFB445248_var = UnitGroupUnitFromEnd(autoFB445248_g, autoFB445248_u);          if (autoFB445248_var == null) { break
mods\novastoryassets.sc2mod\base3.sc2maps\maps\campaign\nova\nova09.sc2map\mapscript.galaxy	318779	Mend	 for (;; autoCA04CA7E_u -= 1) {              autoCA04CA7E_var = UnitGroupUnitFromEnd(autoCA04CA7E_g, autoCA04CA7E_u);              if (autoCA04CA7E_var == null) { b
mods\novastoryassets.sc2mod\base3.sc2maps\maps\campaign\nova\nova08.sc2map\mapscript.galaxy	346251	Mend	 for (;; autoA210821A_u -= 1) {              autoA210821A_var = UnitGroupUnitFromEnd(autoA210821A_g, autoA210821A_u);              if (autoA210821A_var == null) { b
mods\novastoryassets.sc2mod\base2.sc2maps\maps\campaign\nova\nova04.sc2map\mapscript.galaxy	384068	Mend	 for (;; auto90DF6E28_u -= 1) {              auto90DF6E28_var = UnitGroupUnitFromEnd(auto90DF6E28_g, auto90DF6E28_u);              if (auto90DF6E28_var == null) { b
mods\novastoryassets.sc2mod\base3.sc2maps\maps\campaign\nova\nova07.sc2map\mapscript.galaxy	549909	Mend	     for (;; auto93C5B8D6_u -= 1) {          auto93C5B8D6_var = UnitGroupUnitFromEnd(auto93C5B8D6_g, auto93C5B8D6_u);          if (auto93C5B8D6_var == null) { break
mods\novastoryassets.sc2mod\base.sc2maps\maps\campaign\nova\nova03.sc2map\mapscript.galaxy	571324	Mend	     for (;; autoC743DDFA_u -= 1) {          autoC743DDFA_var = UnitGroupUnitFromEnd(autoC743DDFA_g, autoC743DDFA_u);          if (autoC743DDFA_var == null) { break
mods\novastoryassets.sc2mod\base.sc2maps\maps\campaign\nova\nova02.sc2map\base.sc2data\gamedata\unitdata.xml	140	Brutalisk	<?xml version="1.0" encoding="us-ascii"?>  <Catalog>      <CUnit id="Brutalisk">          <LifeArmor value="0"/>      </CUnit>  </Catalog>  
mods\novastoryassets.sc2mod\base.sc2maps\maps\campaign\nova\nova02.sc2map\mapscript.galaxy	320397	Brutalisk	-----------------------------------------------------------------------  int gv_brutaliskLife;  int gv_brutaliskDamage;  int gv_bonusObjNorthZerglingCount;  int gv_bonus
mods\novastoryassets.sc2mod\base.sc2maps\maps\campaign\nova\nova02.sc2map\preloadassetdb.txt	6940	Brutalisk	x=##id##1,##id##2,##id##3,##id##4,##id##5,##id##6,##id##7,##id##8    [Unit]  id=Brutalisk  Abil=attack,move,stop  Actor=BlipVisual,##id##,CommandUIHarnessAttackProtoss,C
mods\novastoryassets.sc2mod\base.sc2maps\maps\campaign\nova\nova01.sc2map\mapscript.galaxy	474312	Mend	     for (;; auto7B31C2B8_u -= 1) {          auto7B31C2B8_var = UnitGroupUnitFromEnd(auto7B31C2B8_g, auto7B31C2B8_u);          if (auto7B31C2B8_var == null) { break
mods\core.sc2mod\base.sc2data\ui\lotvcredits.xml	315473	Mend	n McNamara, François Medaerts, Mathilde Mégé, Florian Meister, Bo Mejdahl, Juan Mendez Paredes, Matthias Michallek, Ralph Michel, Douglas Midgley, Gleb Mihhailenko,
mods\core.sc2mod\base.sc2data\ui\hotscredits.xml	369627	Abathur	ditsEntryMovieColumnTemplate_HotS"/>      <CreditEntry text="@UI/CreditTextHotS/Abathur|@UI/CreditTextHotS/AbathurActor" templatename="CreditsEntryMovieColumnTemplate_
mods\core.sc2mod\base.sc2data\ui\novacredits.xml	320028	Abathur	lle" templatename="CreditsEntrySmallLabelTemplate_Nova" />   <CreditEntry text="Abathur&#x9;&#x9;Steve Blum" templatename="CreditsEntrySmallLabelTemplate_Nova" offset=
mods\core.sc2mod\base.sc2data\ui\novacreditsingame.xml	318872	Abathur	lle" templatename="CreditsEntrySmallLabelTemplate_Nova" />   <CreditEntry text="Abathur&#x9;&#x9;Steve Blum" templatename="CreditsEntrySmallLabelTemplate_Nova" offset=
mods\core.sc2mod\base.sc2data\ui\credits.xml	238698	Mend	atename="CreditsEntrySmallHeadingTemplate"/>      <CreditEntry text="Anna Maria Mendietta, Sarah Voynow" offset="40"/>      <CreditEntry templatename="CreditsEntryB
mods\core.sc2mod\base.sc2data\ui\sc2credits.xml	375258	Abathur	Menville" templatename="CreditsEntrySmallLabelTemplate" />   <CreditEntry text="Abathur&#x9;&#x9;Steve Blum" templatename="CreditsEntrySmallLabelTemplate" offset="40" 
mods\core.sc2mod\base.sc2data\editordata\texturereduction\tileset - castanar.txt	9414	Brutalisk	ainobjectcastanarbrutacagedoodad.m3  assets/terrainobjects/terrainobjectcastanarbrutaliskcage/terrainobjectcastanarbrutaliskcage.m3  assets/doodads/castanardestructibled
mods\core.sc2mod\base.sc2data\editordata\texturereduction\story mode - liberty.txt	70099	Leviathan	_  StoryMode  Story Mode  Cinematic  ||  ||  ||  assets/storymodesets/zerg/smx1_leviathanset/smx1_leviathanset.m3  assets/storymodecharacters/zerg/smx1_kerrigandezerged/
mods\core.sc2mod\base.sc2data\editordata\texturereduction\doodads.txt	300449	Brutalisk	ight_3.m3  assets/doodads/chareggsack/chareggsack_02.m3  assets/doodads/castanarbrutaliskcagewrecked/castanarbrutaliskcagewrecked.m3  assets/doodads/animalcorpse/animalc
mods\core.sc2mod\base.sc2data\editordata\texturereduction\example multiplayer game.txt	170469	Biomass	erran/marauderportrait/marauderportrait.m3  assets/buildings/protoss/protossbasebiomassstorage/protossbasebiomassstorage.m3  assets/units/terran/targetingdroneplacemen
mods\core.sc2mod\base.sc2data\editordata\texturereduction\portraits.txt	17291	Symbiote	ts/terran/sciencevesselportrait/sciencevesselportrait.m3  assets/portraits/zerg/symbioteportrait/symbioteportrait.m3  assets/portraits/terran/ghostechoportrait/ghostech
mods\core.sc2mod\base.sc2data\editordata\texturereduction\protoss.txt	38257	Biomass	buildings/protoss/darkshrine/darkshrine.m3  assets/buildings/protoss/protossbasebiomassstorage/protossbasebiomassstorage.m3  assets/effects/protoss/feedbackimpact/feed
mods\core.sc2mod\base.sc2data\editordata\texturereduction\zerg.txt	46111	Symbiote	ex1b/lurkerex1b.m3  assets/doodads/zergspire/zergspire_02.m3  assets/units/zerg/symbiotedeathfire/symbiotedeathfire.m3  assets/doodads/zergcurbs/zergcurbs_06.m3  assets
mods\alliedcommanders.sc2mod\componentlist.sc2components	1040	path	
campaigns\swarmstory.sc2campaign\base.sc2data\gamedata\heroabildata.xml	9365	Leviathan	es\zergevolution_roach_scavenger.ogv"/>      </CHeroAbil>      <CHeroAbil id="K5Leviathan">          <Icon value="Assets\Textures\btn-unit-zerg-leviathan.dds"/>         
mods\liberty.sc2mod\base.sc2data\gamedata\talentdata.xml	36672	Abathur	derStetmannLevel15" parent="CommanderDefaultSettings"/>     <CTalent id="MasteryAbathurDoubleBiomass" parent="CommanderDefaultSettings"/>     <CTalent id="MasteryKarax
campaigns\liberty.sc2campaign\base.sc2data\gamedata\terrainobjectdata.xml	177830	Brutalisk	ue="CCCCCCC"/>      </CCliffDoodad>      <CCliffDoodad id="TerrainObjectCastanarBrutaliskCage1">          <TexSets value="Castanar"/>          <CliffSet value="CastanarC
mods\swarm.sc2mod\base.sc2data\gamedata\terrainobjectdata.xml	107233	Brutalisk	"DDDDDDDDDDD"/>     </CCliffDoodad>     <CCliffDoodad id="TerrainObjectHybridLabBrutaliskCage1">         <TexSets value="HybridLabXelNaga"/>         <CliffSet value="Hyb
mods\liberty.sc2mod\base.sc2data\gamedata\texturedata.xml	70820	Abathur	tereo value="Video_SCStory_Stereo"/>     </CTexture>     <CTexture id="video_ac_abathur">         <File value="Assets\Textures\video_ac_abathur.ogv"/>         <Slot va
campaigns\swarmstory.sc2campaign\base.sc2data\gamedata\texturedata.xml	16296	Leviathan	vieSoundSettings value="EvoVideoTemplate"/>      </CTexture>      <CTexture id="LeviathanKaldirLighting">          <File value="Assets\Textures\smx1_leviathanbakedlighti
mods\starcoop\starcoop.sc2mod\base.sc2data\gamedata\turretdata.xml	3102	Symbiote	t="FreeRotate">          <YawRate value="0"/>      </CTurret>      <CTurret id="Symbiote" parent="FreeRotate">          <Idle value="ResetIfMoving"/>          <YawRate 
campaigns\swarm.sc2campaign\base.sc2data\gamedata\achievementdata.xml	46511	Abathur	toryConversation_Izsha_NewLook"/>          <TermTable value="ZStoryConversation_Abathur_NewLook"/>          <TermTable value="ZStoryConversation_Zurvan_NewLook"/>     
campaigns\void.sc2campaign\base.sc2data\gamedata\achievementdata.xml	74398	Abathur	s" value="0"/>      </CAchievement>      <CAchievement default="1" id="COMMANDERABATHUR">          <Category value="Achievement/Category/AlliedCommanders/CommanderAbat
mods\liberty.sc2mod\base.sc2data\gamedata\achievementdata.xml	24636	AlliedCommanders	    <Flags index="Hidden" value="1"/>     </CAchievement>     <CAchievement id="AlliedCommanders_Progress">         <Category value="Achievement/Category/AlliedCommanders"/>   
campaigns\swarm.sc2campaign\base.sc2data\gamedata\achievementtermdata.xml	41647	Abathur	</CAchievementTermGeneric>      <CAchievementTermGeneric id="ZStoryConversation_Abathur_NewLook">          <Flags index="Persist" value="1"/>      </CAchievementTermGe
campaigns\void.sc2campaign\base.sc2data\gamedata\achievementtermdata.xml	146719	Abathur	</CAchievementTermAchievement>      <CAchievementTermEffectDamaged id="CommanderAbathurToxicNest">          <Quantity value="25000"/>          <Effect value="ToxicNest
mods\balancemultilanmethodcleanedup.sc2mod\base.sc2data\gamedata\actordata.xml	138285	Mend	e="Colossus_AttackLaunch"/>      </CActorSound>      <CActorSound id="ThermalBeamEndSound" parent="SoundOneShot">          <On Terms="Effect.ThermalBeamPersistent.S
mods\balancemultislowwarpprism.sc2mod\base.sc2data\gamedata\actordata.xml	134641	Mend	e="Colossus_AttackLaunch"/>      </CActorSound>      <CActorSound id="ThermalBeamEndSound" parent="SoundOneShot">          <On Terms="Effect.ThermalBeamPersistent.S
mods\starcoop\commanders\arcturusmengsk.sc2mod\base.sc2data\gamedata\actordata.xml	524114	Biomass	    <GroupIcon>              <Image value="Assets\Textures\wireframe-zerg-pickupbiomass.dds"/>          </GroupIcon>          <StatusBarFlags index="Shields" value="0"
mods\starcoop\commanders\egonstetmann.sc2mod\base.sc2data\gamedata\actordata.xml	498862	Symbiote	AnimTransition" Send="$Spell PlayForever"/>          <On Terms="Effect.BroodLordSymbioteLaunchSet.Start; At Target" Send="RefSetFromRequest ::scope.Broodlord ::Main Cas
campaigns\liberty.sc2campaign\base.sc2data\gamedata\actordata.xml	1383578	Symbiote	gSmallUnitDeath" SoundLink="Swarmling_Explode"/>          <PortraitModel value="SymbiotePortrait"/>          <WalkAnimMoveSpeed value="1.5"/>          <Remove Terms="Ac
campaigns\swarm.sc2campaign\base.sc2data\gamedata\actordata.xml	1317407	Biomass	nge value="1.000000,1.000000"/>      </CActorDoodad>      <CActorUnit id="TerranBiomass" parent="GenericUnitStandardNoAutoSoundLinks" unitName="TerranBiomass">        
campaigns\void.sc2campaign\base.sc2data\gamedata\actordata.xml	1776869	Biomass	unitName="PowerCore">          <DeathArray index="Normal" ModelLink="ProtossBaseBioMassStorageDeath"/>          <On Terms="ActorCreation" Send="Create SoundEmitter Doo
mods\balancemulti.sc2mod\base.sc2data\gamedata\actordata.xml	158658	Mend	e="Colossus_AttackLaunch"/>      </CActorSound>      <CActorSound id="ThermalBeamEndSound" parent="SoundOneShot">          <On Terms="Effect.ThermalBeamPersistent.S
mods\liberty.sc2mod\base.sc2data\gamedata\actordata.xml	1722756	Symbiote	lAddition">         <Macros value="GlobalLoopMacroMore"/>         <Model value="Symbiote_PremiumSkin_Aquatic"/>         <HostSiteOps Ops="BroodLordUnitModelFrameActorBr
mods\starcoop\starcoop.sc2mod\base.sc2data\gamedata\actordata.xml	3083821	Abathur	imBracketStop BSD"/>      </CActorBeamSimple>      <CActorModel default="1" id="AbathurCoopSelfOnlyFloatingTextActorDefault">          <?token id="effectPickup" type="
mods\swarm.sc2mod\base.sc2data\gamedata\actordata.xml	559991	Mend	gradeToMothershipEnd" parent="SoundOneShot">         <Sound value="Core_TransformEnd"/>     </CActorSound>     <CActorSound id="MothershipCore_UpgradeToMothershipEn
mods\voidmulti.sc2mod\base.sc2data\gamedata\actordata.xml	187984	Mend	e="Colossus_AttackLaunch"/>      </CActorSound>      <CActorSound id="ThermalBeamEndSound" parent="SoundOneShot">          <On Terms="Effect.ThermalBeamPersistent.S
campaigns\swarmstory.sc2campaign\base.sc2data\gamedata\actordata.xml	78730	Abathur	ventSound" Send="Destroy"/>          <On Terms="ActorCreation" Send="Create set_abathur_move_loop_near"/>          <On Terms="ActorCreation" Send="Create set_abathur_m
mods\starcoop\starcoop.sc2mod\base.sc2data\gamedata\armycategorydata.xml	80299	Abathur	MutaliskMorphToGuardian,Train1"/>      </CArmyCategory>      <CArmyCategory id="AbathurGuardian" parent="CoopArmyCategory">          <Icon value="Assets\Textures\btn-u
campaigns\swarmstory.sc2campaign\base.sc2data\gamedata\armycategorydata.xml	10426	Brutalisk	alue="AB/SwarmHostPrompt"/>          <Icon value="Assets\Textures\btn-unit-zerg-brutalisk.dds"/>          <Unit value="SwarmHost"/>          <AbilCommandArray value="Lar
mods\voidprologue.sc2mod\base.sc2data\gamedata\abildata.xml	84840	Leviathan	\WayPointConfirm_Void.m3"/>      </CAbilEffectTarget>      <!--CAbilTrain id="K5Leviathan">-->      <!--        <InfoArray index="Train1" Time="0">-->      <!--         
campaigns\liberty.sc2campaign\base.sc2data\gamedata\abildata.xml	172804	Leviathan	ex="IgnoreUnitCost" value="1"/>      </CAbilMorph>      <CAbilEffectInstant id="LeviathanSpawnBroodLord">          <EditorCategories value="Race:Zerg,AbilityorEffectType
campaigns\swarm.sc2campaign\base.sc2data\gamedata\abildata.xml	327982	Leviathan	InfoArray index="Train2" Time="90">              <Button DefaultButtonFace="HotSLeviathan" Requirements="HaveDestroyerLeviathan"/>              <Unit value="HotSLeviatha
mods\starcoop\starcoop.sc2mod\base.sc2data\gamedata\abildata.xml	898671	Abathur	value="Race:Zerg,AbilityorEffectType:Units"/>          <Effect index="0" value="AbathurDeepTunnelCU"/>          <Flags index="BestUnit" value="0"/>          <Flags ind
mods\core.sc2mod\base.sc2data\gamedata\assetsproduct.txt	298128	Abathur	x_Standard_03.dds    UI/SC2_UI_Battlenet_Glue_Campaign_Purchase_InfoDialog_Coop_Abathur=Assets\Textures\UI_Battlenet_Glue_Campaign_Purchase_Logo_Abathur.dds  UI/SC2_UI
mods\warcoop\warmeleeai.sc2mod\base.sc2data\gamedata\alertdata.xml	9149	Mend	res\Renee_war3_btnselectheroon.dds"/>      </CAlert>      <CAlert id="AICommClaimEnd_Orc" parent="AICommClaimEnd">          <Sound value=""/>          <Icon value="
mods\liberty.sc2mod\base.sc2data\gamedata\alertdata.xml	38073	Mend	   <CAlert id="AICommClaimAck" parent="AICommClaim"/>     <CAlert id="AICommClaimEnd" parent="AICommClaim"/>     <CAlert id="AICommClaimFail" parent="AICommClaim"/>
mods\starcoop\starcoop.sc2mod\base.sc2data\gamedata\alertdata.xml	1106	Abathur	Brutalisk">          <Peripheral value="MorphComplete"/>          <Sound value="AbathurCommander_Brutalisk"/>      </CAlert>      <CAlert id="MorphComplete_Leviathan">
campaigns\liberty.sc2campaign\base.sc2data\gamedata\attachmethoddata.xml	6483	Leviathan	Missile"/>      </CAttachMethodPattern>      <CAttachMethodPattern id="AMPatternLeviathanAir">          <Keyword value="Weapon"/>          <Driver value="LeviathanAirAtt
mods\liberty.sc2mod\base.sc2data\gamedata\scoreresultdata.xml	6890	Abathur	rOverload"/>         <ValueTable value="SlaynPush"/>         <ValueTable value="AbathurMonsterDamage"/>         <ValueTable value="AbathurHealingReceived"/>         <V
mods\liberty.sc2mod\base.sc2data\gamedata\scorevaluedata.xml	39069	Abathur	id="UnitsStructuresKilled" parent="BaseScoreValue"/>     <CScoreValueCustom id="AbathurMonsterDamage" parent="BaseScoreValue">         <UniqueTag value="scBS"/>     </
mods\voidprologue.sc2mod\base.sc2data\gamedata\sounddata.xml	170839	Leviathan	lue="Race:Zerg"/>          <AssetArray File="Assets\Sounds\FX_Space02Cutscene01_LeviathanWarpIn_00.wav" FacialGroup=""/>          <AssetArray File="Assets\Sounds\Zerg\Hy
campaigns\liberty.sc2campaign\base.sc2data\gamedata\sounddata.xml	573953	Brutalisk	       <EditorCategories value="Race:Neutral"/>      </CSound>      <CSound id="Brutalisk_AirAttackLaunch" parent="Combat">          <Pitch value="-4.000000,-3.000000"/>
campaigns\swarm.sc2campaign\base.sc2data\gamedata\sounddata.xml	687773	Biomass	3.000000,-3.000000"/>      </CSound>      <CSound id="Doodad_InfestedProtossBaseBiomassStorage_Birth" parent="Ambience_Object">          <EditorCategories value="Race:
campaigns\void.sc2campaign\base.sc2data\gamedata\sounddata.xml	1025445	Abathur	ightBringer_Launch_Vx" parent="Voice">          <AssetArray File="Assets\Sounds\Abathur_Belch_Vx_02.wav" FacialGroup=""/>          <AssetArray File="Assets\Sounds\Abat
mods\liberty.sc2mod\base.sc2data\gamedata\sounddata.xml	3192525	Abathur	         <Category value="Music"/>     </CSound>     <CSound id="Music_Takeover_Abathur_BG" parent="MUSIC">         <AssetArray File="Assets\Music\ZZerus02MissionIntro
mods\starcoop\starcoop.sc2mod\base.sc2data\gamedata\sounddata.xml	3249143	Abathur	 <EditorCategories value="Race:Zerg"/>          <AssetArray File="Assets\Sounds\Abathur_Relief_Vx_01.wav" FacialGroup=""/>          <AssetArray File="Assets\Sounds\Pri
mods\swarm.sc2mod\base.sc2data\gamedata\sounddata.xml	348611	Abathur	/>         <DupeDestroyCount value="5"/>     </CSound>     <CSound id="SetPiece_Abathur_Emerge" parent="HoS_Set">         <EditorCategories value="Race:Zerg"/>        
mods\void.sc2mod\base.sc2data\gamedata\sounddata.xml	694767	Biomass	Points Distance="25.000000" Volume="-96.000000"/>     </CSound>     <CSound id="Biomass_BuffImpact" parent="Movement">         <AssetArray File="Assets\Sounds\Ravager_
campaigns\swarmstory.sc2campaign\base.sc2data\gamedata\sounddata.xml	1641182	Abathur	ortraitSlivan" parent="HoS_Portrait"/>      <CSound default="1" id="HoS_PortraitAbathur" parent="HoS_Portrait">          <Volume value="1.000000,1.000000"/>      </CSo
campaigns\swarm.sc2campaign\base.sc2data\gamedata\soundtrackdata.xml	1668	Leviathan	="Ambience_Lab02_Camera" parent="Ambience_Map"/>      <CSoundtrack id="Ambience_Leviathan_Mouth_Char03" parent="Ambience_Map"/>      <CSoundtrack id="Ambience_Leviathan_
mods\liberty.sc2mod\base.sc2data\gamedata\soundtrackdata.xml	103274	Abathur	c_Takeover_ReBrand_BG"/>     </CSoundtrack>     <CSoundtrack id="Music_Takeover_Abathur">         <CueArray>             <MasterLayer Sound="Music_Takeover_Abathur"/> 
mods\starcoop\starcoop.sc2mod\base.sc2data\gamedata\soundtrackdata.xml	1442	Leviathan	ayers/>          </CueArray>      </CSoundtrack>      <CSoundtrack id="Ambience_Leviathan_Mouth_Space" parent="Ambience_Map">          <CueArray index="0">              
mods\swarm.sc2mod\base.sc2data\gamedata\soundtrackdata.xml	59302	Leviathan	ex="Continuous" value="0"/>     </CSoundtrack>     <CSoundtrack id="zLD_Korhal1_LeviathanCutscene" parent="Music">         <CueArray>             <MasterLayer Sound="zLD
campaigns\swarmstory.sc2campaign\base.sc2data\gamedata\soundtrackdata.xml	2837	Leviathan	itch"/>          </CueArray>      </CSoundtrack>      <CSoundtrack id="Ambience_Leviathan_Mouth_Char">          <CueArray index="0">              <SlaveLayers>          
mods\starcoop\starcoop.sc2mod\base.sc2data\gamedata\skindata.xml	157930	Symbiote	>          <ReplacementArray Catalog="Model" From="Broodling" To="Hologram_Skin_Symbiote"/>          <ReplacementArray Catalog="Model" From="BroodlingEscort" To="Hologr
mods\liberty.sc2mod\base.sc2data\gamedata\spraypackdata.xml	7438	Abathur	alue="Decal_Spray_0010_01"/>     </CSprayPack>     <CSprayPack id="WarChestZerg_Abathur">         <SprayArray value="Decal_Spray_0011_01"/>     </CSprayPack>     <CSpr
mods\core.sc2mod\base.sc2data\gamedata\stableid.json	829868	Brutalisk	reenDummy"          },          {              "id": 210,              "name": "BrutaliskACGluescreenDummy"          },          {              "id": 211,              "
mods\starcoop\starcoop.sc2mod\base.sc2data\gamedata\conversationdata.xml	4600126	Abathur	             <FacialBlend value="100"/>              <Sound value="acAttackWave_Abathur_185"/>              <OverlapPrevious value="500"/>              <AnimProps valu
campaigns\swarmstory.sc2campaign\base.sc2data\gamedata\conversationdata.xml	5475746	Abathur	ne00115"/>              <Comment value="She is reading the &apos;plans&apos; in Abathur&apos;s head."/>              <FacialBlend value="100"/>              <Sound val
campaigns\libertystory.sc2campaign\base.sc2data\gamedata\conversationstatedata.xml	324458	Brutalisk	 Id="RewardZerg" Value="3"/>          </Indices>          <Indices Id="KillYoungBrutalisk" Name="ConversationState/LabResearchObject/KillYoungBrutalisk">              <I
campaigns\swarmstory.sc2campaign\base.sc2data\gamedata\conversationstatedata.xml	15976	Abathur	yAchievement/RallyTroopsZagara/EditorSuffix"/>          <Indices Id="RallyTroopsAbathur" Name="ConversationState/GrantStoryAchievement/RallyTroopsAbathur" EditorSuffix
mods\liberty.sc2mod\base.sc2data\gamedata\configdata.xml	38529	Abathur	ntentArray value="Commander,Karax"/>         <GameContentArray value="Commander,Abathur"/>         <GameContentArray value="Commander,Alarak"/>         <GameContentArr
mods\liberty.sc2mod\base.sc2data\gamedata\consoleskindata.xml	24561	Abathur	ProductId value="38198"/>     </CConsoleSkin>     <CConsoleSkin id="ConsoleZerg_Abathur" parent="ConsoleBase" assetname="Abathur_ConsoleZerg" race="Zerg">         <Rel
mods\starcoop\starcoop.sc2mod\base.sc2data\gamedata\commanders\futurecommanders.xml	1035793	Abathur	kEnableArray value="BroodLordHangar"/>              <AbilLinkEnableArray value="AbathurSymbioteHangerBrutalisk"/>              <AbilLinkEnableArray value="AbathurSymbi
mods\liberty.sc2mod\base.sc2data\gamedata\commanderdata.xml	88283	Abathur	igeAchievementId value="91475337001654"/>     </CCommander>     <CCommander id="Abathur">         <StoreName value="Commander/StoreName/Abathur"/>         <AttributeId
mods\starcoop\starcoop.sc2mod\base.sc2data\gamedata\commanderdata.xml	1923	Abathur	<?xml version="1.0" encoding="utf-8"?>  <Catalog>      <CCommander id="Abathur">          <UserReference value="PlayerCommanders;ZergAbathur"/>      </CCommander>     
mods\liberty.sc2mod\base.sc2data\gamedata\characterdata.xml	11817	Abathur	<?xml version="1.0" encoding="utf-8"?> <Catalog>     <CCharacter id="AbathurAnnouncer">         <Race value="Zerg"/>         <Voice value="NaturalSoft Graham"/>       
mods\liberty.sc2mod\base.sc2data\gamedata\bundledata.xml	118564	Abathur	alue="SprayPack,iNcontroLTribute_SprayPack"/>      </CBundle>      <CBundle id="AbathurBundle">          <ProductId value="22042"/>          <Flags index="IsFeatured" 
mods\starcoop\commanders\egonstetmann.sc2mod\base.sc2data\gamedata\buttondata.xml	62105	Symbiote	dStetmannBroodlings">          <Icon value="Assets\Textures\btn-unit-collection-symbiote-mecha.dds"/>          <AlertIcon value="Assets\Textures\btn-unit-collection-sym
campaigns\liberty.sc2campaign\base.sc2data\gamedata\buttondata.xml	80445	Leviathan	  <EditorCategories value="Race:Protoss"/>      </CButton>      <CButton id="SS_LeviathanSpawnBombs">          <Icon value="Assets\Textures\btn-unit-zerg-baneling.dds"/>
campaigns\swarm.sc2campaign\base.sc2data\gamedata\buttondata.xml	131990	Biomass	 id="CarryCarcass">          <Icon value="Assets\Textures\btn-ability-zerg-carrybiomass.dds"/>          <EditorCategories value="Race:Zerg"/>      </CButton>      <CBu
mods\liberty.sc2mod\base.sc2data\gamedata\buttondata.xml	204072	Abathur	xtures\btn-missing-kaeo.dds"/>     </CButton>     <CButton id="CommanderPrestigeAbathurBiomass">         <Icon value="Assets\Textures\btn-upgrade-zerg-abathur-biomass.
mods\starcoop\starcoop.sc2mod\base.sc2data\gamedata\buttondata.xml	482032	Abathur	utton id="BiomassPassiveArmor">          <TooltipAppender Validator="HaveMasteryAbathurBiomassRefund" Text="Button/Tooltip/MasteryAbathurBiomassRefundAppend"/>        
campaigns\liberty.sc2campaign\base.sc2data\gamedata\behaviordata.xml	122448	Leviathan	  <ExpireEffect value="Kill"/>      </CBehaviorBuff>      <CBehaviorBuff id="SS_LeviathanBombCollisionCheck">          <EditorCategories value="Race:Zerg,AbilityorEffect
campaigns\swarm.sc2campaign\base.sc2data\gamedata\behaviordata.xml	197367	Biomass	idden" value="1"/>      </CBehaviorBuff>      <CBehaviorBuff id="InfestedProtossBiomass">          <InfoFlags index="Hidden" value="1"/>      </CBehaviorBuff>      <CB
mods\starcoop\starcoop.sc2mod\base.sc2data\gamedata\behaviordata.xml	605896	Abathur	es index="User7" value="1"/>      </CBehaviorBuff>      <CBehaviorAttribute id="AbathurPropArmor">          <InfoFlags index="Hidden" value="1"/>          <EditorCateg
campaigns\swarmstory.sc2campaign\base.sc2data\gamedata\preloaddata.xml	194586	Leviathan	index="Instantiate" value="0"/>      </CPreloadUnit>      <CPreloadUnit id="SMX1LeviathanSet" parent="ZCampaignPreloadUnit">          <NormalConditions value="ZC_InStory
mods\liberty.sc2mod\base.sc2data\gamedata\portraitpackdata.xml	8435	Abathur	BiscuitTribute_TopHat"/>     </CPortraitPack>     <CPortraitPack id="TwitchPrimeAbathur_PortraitPack">         <PortraitArray value="Portrait_TwitchPrime2019_Abathur"/
campaigns\swarm.sc2campaign\base.sc2data\gamedata\requirementdata.xml	88637	Leviathan	UpgradeInCinematicCompleteOnly"/>      </CRequirement>      <CRequirement id="K5LeviathanIsActive">          <NodeArray index="Show" Link="AndCountUpgradeK5LeviathanComp
mods\starcoop\starcoop.sc2mod\base.sc2data\gamedata\requirementdata.xml	345230	Abathur	AirCompleteOnly"/>      </CRequirement>      <CRequirement id="CommanderPrestigeAbathurBiomass">          <NodeArray index="Show" Link="CountUpgradeCommanderPrestigeAb
campaigns\swarm.sc2campaign\base.sc2data\gamedata\requirementnodedata.xml	47035	Leviathan	pleteOnly"/>      </CRequirementAnd>      <CRequirementAnd id="AndCountUpgradeK5LeviathanCompleteOnlyEqCountUnitHotSLeviathanQueuedOrBetter8488000030">          <Tooltip
mods\starcoop\starcoop.sc2mod\base.sc2data\gamedata\requirementnodedata.xml	621447	Abathur	ompleteOnly"/>      </CRequirementAnd>      <CRequirementAnd id="AndCountUpgradeAbathurCommanderCompleteOnlyCountUpgradeCommanderPrestigeAbathurDeepTunnelCompleteOnlyG
mods\swarm.sc2mod\base.sc2data\gamedata\requirementnodedata.xml	86073	Leviathan	uirementCountUpgrade>     <CRequirementCountUpgrade id="CountUpgradeHotSMutaliskLeviathanCompleteOnlyTechTreeCheat">         <Count Link="HotSMutaliskLeviathan" State="C
campaigns\swarmstory.sc2campaign\base.sc2data\gamedata\reverbdata.xml	8144	Leviathan	="SideRight" value="0.25000"/>      </CReverb> -->      <CReverb id="Reverb_Cut_LeviathanMouth_Char">          <Room value="-300"/>          <RoomHF value="-1700"/>     
mods\liberty.sc2mod\base.sc2data\gamedata\rewarddata.xml	655787	Abathur	Zerg.dds"/>      </CRewardVoicePack>      <CRewardVoicePack id="VoicePackProtossAbathur" parent="VoicePackProtossBase" thumbnail="Abathur" voicepack="Abathur" license=
mods\liberty.sc2mod\base.sc2data\gamedata\racebannerpackdata.xml	3113	Abathur	rsion="1.0" encoding="us-ascii"?> <Catalog>     <CRaceBannerPack id="TwitchPrimeAbathur_RaceBannerPack">         <RaceBannerArray value="RaceBanner_Zerg_TwitchPrime201
campaigns\liberty.sc2campaign\base.sc2data\gamedata\weapondata.xml	61531	Leviathan	xtures\btn-upgrade-zerg-airattacks-level0.dds"/>          <DisplayEffect value="LeviathanGroundAttackDamage"/>          <DisplayAttackCount value="4"/>          <TargetF
campaigns\swarm.sc2campaign\base.sc2data\gamedata\weapondata.xml	113466	Leviathan	estedArcliteShockCannonSet"/>      </CWeaponLegacy>      <CWeaponLegacy id="HotSLeviathanAir">          <EditorCategories value="Race:Zerg"/>          <Icon value="Asset
mods\starcoop\starcoop.sc2mod\base.sc2data\gamedata\weapondata.xml	183939	Abathur	     <Period value="1.5"/>      </CWeaponLegacy>      <CWeaponLegacy id="ImpalerAbathur">          <EditorCategories value="Race:Zerg"/>          <Icon value="Assets\T
mods\liberty.sc2mod\base.sc2data\gamedata\emoticondata.xml	36482	Symbiote	on id="pheart">         <Image Index="39"/>     </CEmoticon>     <CEmoticon id="symbiote">         <Image Index="40"/>     </CEmoticon>     <CEmoticon id="locust">     
mods\liberty.sc2mod\base.sc2data\gamedata\emoticonpackdata.xml	63883	Abathur	iconArray value="pheart"/>     </CEmoticonPack>     <CEmoticonPack id="CommanderAbathur">         <ReleaseDate value="6/1/2016"/>         <Image Index="5"/>         <R
campaigns\liberty.sc2campaign\base.sc2data\gamedata\effectdata.xml	303811	Brutalisk	          <ImpactEffect value="FerociousSpewDamage"/>          <AmmoUnit value="BrutaliskWeapon"/>      </CEffectLaunchMissile>      <CEffectCreatePersistent id="GatherS
campaigns\swarm.sc2campaign\base.sc2data\gamedata\effectdata.xml	526073	Leviathan	erglingGas"/>      </CEffectModifyPlayer>      <CEffectCreatePersistent id="HotSLeviathanAirAttackCreatePersistent">          <EditorCategories value="Race:Zerg"/>      
campaigns\void.sc2campaign\base.sc2data\gamedata\effectdata.xml	1019958	Symbiote	  <CEffectSet id="BroodlingEscortImpact">          <EffectArray value="BroodLordSymbioteLaunchVoidShadeAB"/>          <EffectArray value="BroodLordSymbioteLaunchTerrazi
mods\starcoop\starcoop.sc2mod\base.sc2data\gamedata\effectdata.xml	1511222	Abathur	stigeKerriganAbilitiesConvertRage"/>      </CEffectSet>      <CEffectDamage id="AbathurBiomassRefundDummy">          <EditorCategories value=""/>      </CEffectDamage>
mods\liberty.sc2mod\base.sc2data\gamedata\gameuidata.xml	73009	Abathur	.SC2Cutscene" Theme="Nova"/>         <CutsceneAssetPath Path="Cutscenes/MainMenuAbathur.SC2Cutscene" Theme="Abathur"/>         <CutsceneAssetPath Path="Cutscenes/MainM
mods\core.sc2mod\base.sc2data\gamedata\guids\achievement.txt	29106	Abathur	eepSpaceMissions  360=HeartOfTheSwarm  361=ZStoryConversation  362=KerriganHatesAbathur  363=IzshaHidingKerrigan  364=Swarm5Brutal  365=Swarm20Brutal  366=Swarm10Bruta
mods\core.sc2mod\base.sc2data\gamedata\guids\achievementterm.txt	67118	Abathur	ions  757=HeartOfTheSwarm  758=ZStoryConversation_Izsha  759=ZStoryConversation_Abathur  760=ZStoryConversation_Zagara  761=ZStoryConversation_Dehaka  762=ZStoryConver
campaigns\liberty.sc2campaign\base.sc2data\gamedata\lightdata.xml	374374	Brutalisk	orCategories value="LightGroup:Miscellaneous"/>      </CLight>      <CLight id="BrutaliskPortrait" parent="default">          <ToDInfoArray index="0" AmbientColor="0.568
mods\liberty.sc2mod\base.sc2data\gamedata\lightdata.xml	562079	Abathur	rent="default">         <ToDInfoArray index="0">             <Id value="MainMenuAbathur"/>             <AmbientColor value="0.078431,0.156863,0.235294"/>             <
campaigns\swarmstory.sc2campaign\base.sc2data\gamedata\lightdata.xml	105041	Leviathan	ghtGroup:StoryModeCutScenesZerg"/>      </CLight>      <CLight id="SMX1_Korhal1_LeviathanCutscene" parent="default">          <ToDInfoArray index="0" AmbientColor="0.090
mods\balancemultilanmethodcleanedup.sc2mod\base.sc2data\gamedata\modeldata.xml	46506	Mend	ick" parent="RacePersistentSpellFX">          <Model value="Assets\Effects\Zerg\MendBuff\MendBuff.m3"/>          <EditorCategories value="Race:Zerg"/>      </CModel
mods\balancemultislowwarpprism.sc2mod\base.sc2data\gamedata\modeldata.xml	33070	Mend	ick" parent="RacePersistentSpellFX">          <Model value="Assets\Effects\Zerg\MendBuff\MendBuff.m3"/>          <EditorCategories value="Race:Zerg"/>      </CModel
mods\starcoop\commanders\arcturusmengsk.sc2mod\base.sc2data\gamedata\modeldata.xml	104725	Symbiote	ngskAttack" parent="OneShotSpellFX">          <Model value="Assets\Effects\Zerg\SymbioteImpact\SymbioteImpact.m3"/>          <EditorCategories value="Race:Zerg"/>      
mods\starcoop\commanders\egonstetmann.sc2mod\base.sc2data\gamedata\modeldata.xml	67815	Symbiote	X_COOP" COOP="Stetmann" Race="Zerg">          <Model value="Assets\Effects\Zerg\SymbioteImpact\SymbioteImpact.m3"/>      </CModel>      <CModel id="BroodLordStetmann" p
mods\voidprologue.sc2mod\base.sc2data\gamedata\modeldata.xml	63218	Leviathan	ets\Textures\zeratulportrait_static.dds"/>      </CModel>      <CModel id="SMX1_LeviathanT1" parent="SMSET">          <Model value="Assets\StoryModeSets\Zerg\SMX1_Leviat
campaigns\liberty.sc2campaign\base.sc2data\gamedata\modeldata.xml	733145	Brutalisk	       <EditorCategories value="Race:Protoss"/>      </CModel>      <CModel id="BrutaliskWeapon" parent="MissileFX">          <Model value="Assets\Effects\Zerg\RoachMiss
campaigns\swarm.sc2campaign\base.sc2data\gamedata\modeldata.xml	686913	Biomass	      <EditorCategories value="Race:Zerg"/>      </CModel>      <CModel id="ZergBiomassPickup" parent="Unit" Race="Zerg">          <Model value="Assets\Doodads\Defiler
campaigns\void.sc2campaign\base.sc2data\gamedata\modeldata.xml	1270663	Biomass	ing" Race="Protoss">          <Model value="Assets\Buildings\Protoss\ProtossBaseBioMassStorage\ProtossBaseBioMassStorage.m3"/>          <SelectionRadius value="2.00000
mods\balancemulti.sc2mod\base.sc2data\gamedata\modeldata.xml	57965	Mend	ick" parent="RacePersistentSpellFX">          <Model value="Assets\Effects\Zerg\MendBuff\MendBuff.m3"/>          <EditorCategories value="Race:Zerg"/>      </CModel
mods\liberty.sc2mod\base.sc2data\gamedata\modeldata.xml	2163663	Abathur	yRoom_Decorations_Minigun" parent="UIGlue"/>      <CModel id="UI_Screen_MainMenuAbathurLow" parent="UIGlue"/>      <CModel id="UI_Screen_MainMenuAlarakLow" parent="UIG
mods\starcoop\starcoop.sc2mod\base.sc2data\gamedata\modeldata.xml	1681430	Abathur	 <ScaleMin value="0.400000,0.400000,0.400000"/>      </CModel>      <CModel id="AbathurCollectBiomassTarget" parent="PersistentSpellFX">          <Model value="Assets\
mods\voidmulti.sc2mod\base.sc2data\gamedata\modeldata.xml	60117	Mend	ick" parent="RacePersistentSpellFX">          <Model value="Assets\Effects\Zerg\MendBuff\MendBuff.m3"/>          <EditorCategories value="Race:Zerg"/>      </CModel
campaigns\swarmstory.sc2campaign\base.sc2data\gamedata\modeldata.xml	210509	Abathur	ue="Sound"/>              <Time value="4.668000"/>              <Payload value="Abathur_Clicks_Short"/>          </Events>          <Events>              <Anim value="
campaigns\voidstory.sc2campaign\base.sc2data\gamedata\modeldata.xml	255506	Leviathan	Textures\SMX1_ZagaraPortrait_Static.dds"/>      </CModel>      <CModel id="SMX1_LeviathanT1" parent="SMSET">          <Model value="Assets\StoryModeSets\Zerg\SMX1_Leviat
mods\novastoryassets.sc2mod\base.sc2data\gamedata\modeldata.xml	407055	Leviathan	         <SquibTypeDefault value="Flesh"/>      </CModel>      <CModel id="SMX3_Leviathan" parent="SMSET">          <Model value="Assets\StoryModeSets\Zerg\SMX1_Leviatha
campaigns\liberty.sc2campaign\base.sc2data\gamedata\moverdata.xml	45318	Leviathan	AX"/>          </MotionPhases>      </CMoverMissile>      <CMoverMissile id="SS_LeviathanSpawnBombMissile">          <MotionPhases>              <Driver value="Guidance"
mods\starcoop\starcoop.sc2mod\base.sc2data\gamedata\moverdata.xml	90254	Abathur	.2968"/>          </MotionPhases>      </CMoverMissile>      <CMoverMissile id="AbathurLocustEggMissile">          <MotionPhases>              <Driver value="Ballistic
campaigns\liberty.sc2campaign\base.sc2data\gamedata\unitdata.xml	787142	Brutalisk	entFootprint value="Footprint4x4PathingBlocker"/>      </CUnit>      <CUnit id="BrutaliskWeapon" parent="MISSILE">          <Race value="Zerg"/>          <Mover value="M
campaigns\swarm.sc2campaign\base.sc2data\gamedata\unitdata.xml	940102	Biomass	:Destructible,ObjectFamily:Campaign"/>      </CUnit>      <CUnit id="ProtossBaseBioMassStorage">          <DeathRevealRadius value="3"/>          <Race value="Prot"/> 
campaigns\void.sc2campaign\base.sc2data\gamedata\unitdata.xml	947854	Biomass	jectType:Unit,ObjectFamily:Campaign"/>      </CUnit>      <CUnit id="ProtossBaseBioMassStorage">          <MinimapRadius value="0"/>      </CUnit>      <CUnit id="Prot
mods\liberty.sc2mod\base.sc2data\gamedata\unitdata.xml	616838	Brutalisk	       <EditorFlags index="NoPlacement" value="1"/>     </CUnit>     <CUnit id="BrutaliskACGluescreenDummy">         <EditorFlags index="NoPlacement" value="1"/>     </C
mods\starcoop\starcoop.sc2mod\base.sc2data\gamedata\unitdata.xml	1795094	Abathur	xecute" Row="2" Column="1"/>              <LayoutButtons Face="CommanderPrestigeAbathurBrutaliskLocked" Type="Passive" Requirements="CommanderPrestigeAbathurBiomass" R
campaigns\swarmstory.sc2campaign\base.sc2data\gamedata\unitdata.xml	34509	Leviathan	lue="ObjectType:Set,ObjectFamily:Storymode"/>      </CUnit>      <CUnit id="SMX1LeviathanSet" parent="SMSET">          <FlagArray index="Unclickable" value="1"/>        
mods\novastoryassets.sc2mod\base.sc2data\gamedata\unitdata.xml	292322	Brutalisk	in4" Row="2" Column="3"/>          </CardLayouts>      </CUnit>      <CUnit id="Brutalisk">          <FlagArray index="Unstoppable" value="1"/>      </CUnit>      <CUnit
campaigns\swarm.sc2campaign\base.sc2data\gamedata\upgradedata.xml	372831	Brutalisk	<AffectedUnitArray value="PrimalUltralisk"/>          <AffectedUnitArray value="Brutalisk"/>          <AffectedUnitArray value="InfestedAbomination"/>          <Affected
campaigns\void.sc2campaign\base.sc2data\gamedata\upgradedata.xml	415699	Brutalisk	AttackSpeedMultiplierCreep" Value="0.3"/>          <EffectArray Reference="Unit,Brutalisk,AttackSpeedMultiplierCreep" Value="0.3"/>          <EffectArray Reference="Unit
mods\starcoop\starcoop.sc2mod\base.sc2data\gamedata\upgradedata.xml	1299783	Abathur	rrierLaunchSpeedUpgrade"/>      </CUpgrade>      <CUpgrade id="CommanderPrestigeAbathurBiomass" parent="CommanderPrestige">          <EffectArray Reference="Effect,Aba
campaigns\libertystory.sc2campaign\base.sc2data\gamedata\upgradedata.xml	135017	Leviathan	    <CUpgrade id="ZergFlyerArmorsLevel1">          <EffectArray Reference="Unit,Leviathan,LifeArmor" Value="1.000000"/>          <EffectArray Reference="Unit,Leviathan,L
campaigns\swarmstoryutil.sc2mod\base.sc2data\gamedata\userdata.xml	63712	Abathur	         <Field Id="Type"/>              </String>              <String String="Abathur">                  <Field Id="ConversationToken"/>              </String>      
mods\missionpacks\novacampaign.sc2mod\base.sc2data\gamedata\userdata.xml	129319	Leviathan	    <Field Id="Attachment"/>              </Image>              <Unit Unit="SMX1LeviathanSetCalloutPositions">                  <Field Id="Attach Unit"/>              </
mods\starcoop\starcoop.sc2mod\base.sc2data\gamedata\userdata.xml	1637362	Abathur	d Id="Commander"/>              </User>          </Instances-->          <!--   Abathur   -->          <Instances Id="Abathur">              <GameLink GameLink="Comman
campaigns\swarmstory.sc2campaign\base.sc2data\gamedata\userdata.xml	305202	Abathur	        <Field Id="Alias"/>              </String>              <String String="Abathur">                  <Field Id="SceneToken"/>              </String>             
campaigns\voidstory.sc2campaign\base.sc2data\gamedata\userdata.xml	506274	Leviathan	    <Field Id="Attachment"/>              </Image>              <Unit Unit="SMX1LeviathanSetCalloutPositions">                  <Field Id="Attach Unit"/>              </
mods\liberty.sc2mod\base.sc2data\gamedata\voiceoverdata.xml	333055	Abathur	  <Lines Group="Evac" FacialBlend="100"/>     </CVoiceOver>     <CVoiceOver id="AbathurA" parent="GenericZerg">         <Character value="Abathur"/>         <Lines Gro
mods\starcoop\starcoop.sc2mod\base.sc2data\gamedata\voiceoverdata.xml	144644	Abathur	    <Groups Id="LockFirst" SoundParent="ACVO_Pings"/>          <Groups Id="Lock2Abathur" SoundParent="ACVO_Pings"/>          <Groups Id="Lock2Alarak" SoundParent="ACVO
mods\liberty.sc2mod\base.sc2data\gamedata\voicepackdata.xml	32568	Abathur	Line4" Sound="Alert_GamePaused_Preview"/>     </CVoicePack>     <CVoicePack id="Abathur">         <ReleaseDate value="10/17/2016"/>         <ImageTexture value="Assets
campaigns\liberty.sc2campaign\base.sc2data\gamedata\validatordata.xml	38238	Leviathan	lBeamBusy"/>      </CValidatorCombine>      <CValidatorLocationCompareRange id="LeviathanTargetInRange">          <WhichLocation Value="TargetUnit"/>          <Compare v
campaigns\swarm.sc2campaign\base.sc2data\gamedata\validatordata.xml	98105	Brutalisk	ValidatorUnitCompareBehaviorCount>      <CValidatorCombine id="IsNotFlyingAndNotBrutalisk">          <Type value="And"/>          <CombineArray value="IsNotFlying"/>    
mods\starcoop\starcoop.sc2mod\base.sc2data\gamedata\validatordata.xml	325024	Abathur	    </CValidatorCombine>      <CValidatorPlayerRequirement id="CommanderPrestigeAbathurBiomass">          <Find value="1"/>          <Value value="CommanderPrestigeAba
campaigns\swarmstory.sc2campaign\base.sc2data\gamedata\objectivedata.xml	24242	Abathur	 Objective 1"/>          <RequiredCount value="1"/>      </CObjective>      <!--Abathur would like more DNA from the creaturs of Zerus. Much can be learned from them.-
campaigns\liberty.sc2campaign\base.sc2data\triggerlibs\tactical\tactcampai.galaxy	26247	Leviathan	----------------------------------------------------------------------  //  *** Leviathan ***  //------------------------------------------------------------------------
campaigns\swarm.sc2campaign\base.sc2data\triggerlibs\tactical\tactcampai.galaxy	26247	Leviathan	----------------------------------------------------------------------  //  *** Leviathan ***  //------------------------------------------------------------------------
campaigns\void.sc2campaign\base.sc2data\triggerlibs\tactical\tactcampai.galaxy	34788	Leviathan	----------------------------------------------------------------------  //  *** Leviathan ***  //------------------------------------------------------------------------
mods\starcoop\starcoop.sc2mod\base.sc2data\triggerlibs\tactical\tactcampai.galaxy	58044	Leviathan	----------------------------------------------------------------------  //  *** Leviathan ***  //------------------------------------------------------------------------
campaigns\voidstory.sc2campaign\base.sc2data\triggerlibs\voidcampaignmissionlib.galaxy	393849	Mend	   for (;; auto07EB9AE6_u -= 1) {              lv_currentUnit = UnitGroupUnitFromEnd(auto07EB9AE6_g, auto07EB9AE6_u);              if (lv_currentUnit == null) { bre
campaigns\voidstory.sc2campaign\base.sc2data\triggerlibs\voidcampaignstorylib.galaxy	298485	Mend	l);      for (;; auto4254474A_u -= 1) {          lv_indexUnit = UnitGroupUnitFromEnd(auto4254474A_g, auto4254474A_u);          if (lv_indexUnit == null) { break; } 
campaigns\voidstory.sc2campaign\base.sc2data\triggerlibs\voidcampaignuilib.galaxy	575705	Mend	     for (;; autoF6E18BBD_u -= 1) {          autoF6E18BBD_var = UnitGroupUnitFromEnd(autoF6E18BBD_g, autoF6E18BBD_u);          if (autoF6E18BBD_var == null) { break
campaigns\swarmstory.sc2campaign\base.sc2data\triggerlibs\swarmcampaignlib.galaxy	1178519	Abathur	animNameDefault, "Birth", 0, 0.0);          SoundPlayOnUnit(SoundLink("SetPiece_Abathur_Emerge", -1), PlayerGroupAll(), libSwaC_gv_zS_ArmyCustomEggRoomEvolutionMaster,
mods\warcoop\warclassicsystem.sc2mod\base.sc2data\triggerlibs\warclassicsystem.galaxy	75570	Mend	 for (;; autoF9B19856_u -= 1) {              autoF9B19856_var = UnitGroupUnitFromEnd(autoF9B19856_g, autoF9B19856_u);              if (autoF9B19856_var == null) { b
mods\warcoop\warclassicsystem.sc2mod\base.sc2data\triggerlibs\warclassictactical.galaxy	26220	Mend	tAll);      for (;; auto2822F891_u -= 1) {          lv_itUnit = UnitGroupUnitFromEnd(auto2822F891_g, auto2822F891_u);          if (lv_itUnit == null) { break; }    
mods\warcoop\warcoopdata.sc2mod\base.sc2data\triggerlibs\warcoopdata.galaxy	188746	Mend	 for (;; auto38C35668_u -= 1) {              auto38C35668_var = UnitGroupUnitFromEnd(auto38C35668_g, auto38C35668_u);              if (auto38C35668_var == null) { b
mods\liberty.sc2mod\base.sc2data\triggerlibs\libertylib.galaxy	51307	Mend	;      for (;; autoD0401743_u -= 1) {          lv_indexWorker = UnitGroupUnitFromEnd(autoD0401743_g, autoD0401743_u);          if (lv_indexWorker == null) { break; 
campaigns\libertystory.sc2campaign\base.sc2data\triggerlibs\campaignlib.galaxy	807042	Brutalisk	_ge_MapID_MapTTosh01)][1] = libCamp_ge_StoryResearchObject_ResearchObjectKilltheBrutalisk;      libCamp_gv_tS_ResearchMissionObjectCount[(libCamp_ge_MapID_MapTTosh01)][1
campaigns\libertystory.sc2campaign\base.sc2data\triggerlibs\campaignlib_h.galaxy	89112	Brutalisk	ll1500Zerg = 17;  const int libCamp_ge_StoryResearchObject_ResearchObjectKilltheBrutalisk = 18;  const int libCamp_ge_StoryResearchState_ResearchStateLocked = 0;  const 
mods\core.sc2mod\base.sc2data\triggerlibs\nativelib.galaxy	260208	Mend	l);      for (;; auto338A0609_u -= 1) {          lv_indexUnit = UnitGroupUnitFromEnd(auto338A0609_g, auto338A0609_u);          if (lv_indexUnit == null) { break; } 
mods\core.sc2mod\base.sc2data\triggerlibs\natives.galaxy	266965	Mend	group inGroup, int inIndex); // index is one-based  native unit UnitGroupUnitFromEnd (unitgroup inGroup, int inIndex);  native unit UnitGroupRandomUnit (unitgroup i
mods\core.sc2mod\base.sc2data\triggerlibs\requirementsai.galaxy	48788	Leviathan	st string c_AB_LeechResources            = "LeechResources";  const string c_AB_LeviathanCharge           = "LeviathanCharge";  const string c_AB_LiberatorDefenderMode  
mods\starcoop\starcoop.sc2mod\base.sc2data\triggerlibs\requirementsai.galaxy	51388	Leviathan	st string c_AB_LeechResources            = "LeechResources";  const string c_AB_LeviathanCharge           = "LeviathanCharge";  const string c_AB_LiberatorDefenderMode  
campaigns\swarm.sc2campaign\base.sc2data\texturereduction\texturereductionvalues.txt	38159	Leviathan	dds:5:6:7:8:5:  levi_abbase_diff.dds:9:9:9:9:6:  levi_abbase_nm.dds:9:9:9:9:6:  leviathan_ao-lightmap.dds:9:10:10:11:6:  leviathan_bubble2_emiss.dds:9:10:10:11:6:  levia
mods\liberty.sc2mod\base.sc2data\texturereduction\texturereductionvalues.txt	1038379	Abathur	ff_em.dds:6:7:7:8:6:  _base_extrastuff_nrm.dds:7:8:8:10:6:  075.dds:6:7:8:8:6:  abathur_ui_diff.dds:8:9:9:10:6:  abathur_ui_emiss.dds:7:8:9:10:6:  abathur_ui_norm.dds:
mods\swarm.sc2mod\base.sc2data\texturereduction\texturereductionvalues.txt	234964	Biomass	intestine_normal.dds:6:7:8:8:6:  bilelauncherintestine_specular.dds:6:7:8:8:6:  biomass_diff.dds:8:9:9:10:6:  biomass_emiss.dds:6:7:8:9:6:  biomass_norm.dds:8:9:9:10:6
mods\void.sc2mod\base.sc2data\texturereduction\texturereductionvalues.txt	335325	Abathur	2  abathurpi_brutalisk_gains_symbiote.dds:8:8:8:8:8:  abathurpi_brutalisk_unlocked.dds:8:8:8:8:8:  abathurpi_defiler_infestation_pit_unlock.dds:8:8:8:8:8:  abathurpi_r
mods\liberty.sc2mod\base.sc2data\standardinfo.xml	32087	Abathur	_AC_Mutator_BG_SmallVirus_Explo</Value>          <Value>GameLink:Sound;MainMenu_Abathur_Idle_Pulse</Value>          <Value>GameLink:Actor;CommandUIHarness</Value>     
mods\liberty.sc2mod\base.sc2data\preload.xml	30446	Abathur	s\ltarcmac_emissive.lvl0" Type="Image"/>  <Asset path="assets\textures\video_ac_abathur_low.ogv" Type="Movie"/>  <Asset path="assets\sounds\terran\sharedeffects\explos
mods\balancemultilanmethodcleanedup.sc2mod\base.sc2data\preloadassetdb.txt	879559	Mend	CommandUIHarnessRallyZerg,TerrainMgr  Sound=Colossus_AttackLaunch  id=ThermalBeamEndSound  Actor=CommandUIHarnessAttackProtoss,CommandUIHarnessAttackTerran,CommandU
mods\balancemultislowwarpprism.sc2mod\base.sc2data\preloadassetdb.txt	875247	Mend	CommandUIHarnessRallyZerg,TerrainMgr  Sound=Colossus_AttackLaunch  id=ThermalBeamEndSound  Actor=CommandUIHarnessAttackProtoss,CommandUIHarnessAttackTerran,CommandU
mods\mutators\mutatorcombodeliveryguaranteed.sc2mod\preloadassetdb.txt	2224	Abathur	faidofthedark,btn-upgrade-nova-equipment-ui-monomolecularblade,btn-upgrade-zerg-abathur-biomass,coop_mutators_ wemoveunseen,coop_mutators_concussiveattacks,coop_mutato
mods\mutators\mutatorcombowatchtheskies.sc2mod\preloadassetdb.txt	2224	Abathur	faidofthedark,btn-upgrade-nova-equipment-ui-monomolecularblade,btn-upgrade-zerg-abathur-biomass,coop_mutators_ wemoveunseen,coop_mutators_concussiveattacks,coop_mutato
mods\starcoop\commanders\arcturusmengsk.sc2mod\preloadassetdb.txt	916701	Biomass	btn-upgrade-protoss-shieldslevel0,ui_ingame_workercount_bg,wireframe-zerg-pickupbiomass,decal_terran_0089_01  Actor=CliffLocalSelection,CliffLocalSelectionObserver,Cli
mods\starcoop\commanders\egonstetmann.sc2mod\preloadassetdb.txt	984397	Abathur	    [User]  id=PlayerCommanders  path=Assets\Textures\.dds  asset=btn-commander-abathur,btn-commander-alarak,btn-commander-artanis,btn-commander-dehaka,btn-commander-f
mods\voidprologue.sc2mod\preloadassetdb.txt	733376	Leviathan	yTerran,CommandUIHarnessRallyZerg,TerrainMgr  Effect=##id##LaunchMissile  id=SS_LeviathanTentacleAttackL1NoDelay  asset=Assets\Textures\WayPointLine.dds  asset=Assets\UI
mods\warcoop\warmeleeai.sc2mod\preloadassetdb.txt	49365	Mend	ainMgr,War3_AbilCursor,War3_CritAttackAnim  Model=BeaconScoutPing  id=AICommClaimEnd_Orc  asset=Assets\Textures\Renee_war3_btnselectheroon.dds  Actor=AHbh,CommandUI
campaigns\liberty.sc2campaign\base.sc2data\preloadassetdb.txt	5141058	Symbiote	ts\Textures\.dds  asset=Wireframe-Zerg-broodling,btn-missing-kaeo,btn-unit-zerg-symbiote,btn-upgrade-protoss-shieldslevel0,btn-upgrade-zerg-groundcarapace-level0,ui_ing
campaigns\swarm.sc2campaign\base.sc2data\preloadassetdb.txt	4884623	Abathur	nessRallyTerran,CommandUIHarnessRallyZerg,TerrainMgr  Reward=Evolution_Portrait_Abathur,##id##  id=ZStoryRally  Actor=CommandUIHarnessAttackProtoss,CommandUIHarnessAtt
campaigns\void.sc2campaign\base.sc2data\preloadassetdb.txt	7153443	Abathur	mandUIHarnessRallyTerran,CommandUIHarnessRallyZerg,TerrainMgr  default=COMMANDERABATHUR  Actor=CommandUIHarnessAttackProtoss,CommandUIHarnessAttackTerran,CommandUIHarn
mods\balancemulti.sc2mod\base.sc2data\preloadassetdb.txt	957763	Mend	CommandUIHarnessRallyZerg,TerrainMgr  Sound=Colossus_AttackLaunch  id=ThermalBeamEndSound  Actor=CommandUIHarnessAttackProtoss,CommandUIHarnessAttackTerran,CommandU
mods\liberty.sc2mod\base.sc2data\preloadassetdb.txt	10060771	Abathur	llyProtoss,CommandUIHarnessRallyTerran,CommandUIHarnessRallyZerg,TerrainMgr  id=AbathurBundle  asset=Assets\Textures\SC2_UI_Collection_Featured_TileItem_Small_Abathur_
mods\swarm.sc2mod\base.sc2data\preloadassetdb.txt	1960859	Abathur	s,CommandUIHarnessRallyTerran,CommandUIHarnessRallyZerg,TerrainMgr  id=SetPiece_Abathur_Emerge  0=Assets\Sounds\##id##_00.wav  Actor=CommandUIHarnessAttackProtoss,Comm
mods\void.sc2mod\base.sc2data\preloadassetdb.txt	2350807	Biomass	llyProtoss,CommandUIHarnessRallyTerran,CommandUIHarnessRallyZerg,TerrainMgr  id=Biomass_BuffImpact  Actor=CommandUIHarnessAttackProtoss,CommandUIHarnessAttackTerran,Co
mods\voidmulti.sc2mod\base.sc2data\preloadassetdb.txt	1213488	Mend	CommandUIHarnessRallyZerg,TerrainMgr  Sound=Colossus_AttackLaunch  id=ThermalBeamEndSound  Actor=CommandUIHarnessAttackProtoss,CommandUIHarnessAttackTerran,CommandU
campaigns\swarmstory.sc2campaign\base.sc2data\preloadassetdb.txt	4027980	Abathur	,UnitDeathSound,UnitDeathVoice,UnitFootprint,UnitSound,UnitSoundHiddenCheck,set_abathur_move_loop_mid,set_abathur_move_loop_near  Model=Invisible,ProtossSmallUnitDeath
campaigns\voidstory.sc2campaign\base.sc2data\preloadassetdb.txt	2794484	Leviathan	ture_half_volume,set_fol_mov_wings_kerrigan_primal_v2_turn_half_volume  id=SMX1_LeviathanT1  asset=Assets\StoryModeSets\Zerg\##id##\##id##.m3  Actor=CommandUIHarnessAtta
mods\novastoryassets.sc2mod\base.sc2data\preloadassetdb.txt	2939577	Brutalisk	er,InfestedTerranCampaign,Rally,TrainInfestedBanshee,TrainInfestedSiegeTank  id=Brutalisk  Abil=attack,move,stop  Actor=BlipVisual,##id##,CommandUIHarnessAttackProtoss,C
