ObjectId	CatalogType	OfficialSource	TargetFile
AlarakACDeadlyCharge	CAbilEffectTarget	mods/starcoop/starcoop.sc2mod/base.sc2data/gamedata/abildata.xml	C:\Users\22448\Downloads\重生虫心0.71汉化版（新）\reborn_workrepo\合作指挥官版起义狂潮\Mods\XM\XMAlarak.SC2Mod\Base.SC2Data\GameData\AbilData.xml
AlarakACMothershipVoidrayHangar	CAbilArmMagazine	mods/starcoop/starcoop.sc2mod/base.sc2data/gamedata/abildata.xml	C:\Users\22448\Downloads\重生虫心0.71汉化版（新）\reborn_workrepo\合作指挥官版起义狂潮\Mods\XM\XMAlarak.SC2Mod\Base.SC2Data\GameData\AbilData.xml
AlarakACSoAMothershipV4BlackHole	CAbilEffectTarget	mods/starcoop/starcoop.sc2mod/base.sc2data/gamedata/abildata.xml	C:\Users\22448\Downloads\重生虫心0.71汉化版（新）\reborn_workrepo\合作指挥官版起义狂潮\Mods\XM\XMAlarak.SC2Mod\Base.SC2Data\GameData\AbilData.xml
AlarakACSummonDeathfleet	CAbilEffectInstant	mods/starcoop/starcoop.sc2mod/base.sc2data/gamedata/abildata.xml	C:\Users\22448\Downloads\重生虫心0.71汉化版（新）\reborn_workrepo\合作指挥官版起义狂潮\Mods\XM\XMAlarak.SC2Mod\Base.SC2Data\GameData\AbilData.xml
AlarakACSummonDeathfleetTarget	CAbilEffectTarget	mods/starcoop/starcoop.sc2mod/base.sc2data/gamedata/abildata.xml	C:\Users\22448\Downloads\重生虫心0.71汉化版（新）\reborn_workrepo\合作指挥官版起义狂潮\Mods\XM\XMAlarak.SC2Mod\Base.SC2Data\GameData\AbilData.xml
AlarakEmpower	CAbilEffectInstant	mods/starcoop/starcoop.sc2mod/base.sc2data/gamedata/abildata.xml	C:\Users\22448\Downloads\重生虫心0.71汉化版（新）\reborn_workrepo\合作指挥官版起义狂潮\Mods\XM\XMAlarak.SC2Mod\Base.SC2Data\GameData\AbilData.xml
AlarakKnockback	CAbilEffectTarget	mods/starcoop/starcoop.sc2mod/base.sc2data/gamedata/abildata.xml	C:\Users\22448\Downloads\重生虫心0.71汉化版（新）\reborn_workrepo\合作指挥官版起义狂潮\Mods\XM\XMAlarak.SC2Mod\Base.SC2Data\GameData\AbilData.xml
AlarakMothershipMassRecall	CAbilEffectTarget	mods/starcoop/starcoop.sc2mod/base.sc2data/gamedata/abildata.xml	C:\Users\22448\Downloads\重生虫心0.71汉化版（新）\reborn_workrepo\合作指挥官版起义狂潮\Mods\XM\XMAlarak.SC2Mod\Base.SC2Data\GameData\AbilData.xml
AlarakMothershipWarpTrain	CAbilWarpTrain	mods/starcoop/starcoop.sc2mod/base.sc2data/gamedata/abildata.xml	C:\Users\22448\Downloads\重生虫心0.71汉化版（新）\reborn_workrepo\合作指挥官版起义狂潮\Mods\XM\XMAlarak.SC2Mod\Base.SC2Data\GameData\AbilData.xml
AlarakRevive	CAbilRevive	mods/starcoop/starcoop.sc2mod/base.sc2data/gamedata/abildata.xml	C:\Users\22448\Downloads\重生虫心0.71汉化版（新）\reborn_workrepo\合作指挥官版起义狂潮\Mods\XM\XMAlarak.SC2Mod\Base.SC2Data\GameData\AbilData.xml
AlarakStructureOvercharge	CAbilEffectTarget	mods/starcoop/starcoop.sc2mod/base.sc2data/gamedata/abildata.xml	C:\Users\22448\Downloads\重生虫心0.71汉化版（新）\reborn_workrepo\合作指挥官版起义狂潮\Mods\XM\XMAlarak.SC2Mod\Base.SC2Data\GameData\AbilData.xml
AlarakZealotFrenziedOverload	CAbilEffectInstant	mods/starcoop/starcoop.sc2mod/base.sc2data/gamedata/abildata.xml	C:\Users\22448\Downloads\重生虫心0.71汉化版（新）\reborn_workrepo\合作指挥官版起义狂潮\Mods\XM\XMAlarak.SC2Mod\Base.SC2Data\GameData\AbilData.xml
ArchonWarp	CAbilMerge	mods/starcoop/starcoop.sc2mod/base.sc2data/gamedata/abildata.xml	C:\Users\22448\Downloads\重生虫心0.71汉化版（新）\reborn_workrepo\合作指挥官版起义狂潮\Mods\XM\XMAlarak.SC2Mod\Base.SC2Data\GameData\AbilData.xml
ArmoryResearchVoidCoop	CAbilResearch	mods/starcoop/starcoop.sc2mod/base.sc2data/gamedata/abildata.xml	C:\Users\22448\Downloads\重生虫心0.71汉化版（新）\reborn_workrepo\合作指挥官版起义狂潮\Mods\XM\XMAlarak.SC2Mod\Base.SC2Data\GameData\AbilData.xml
AscendantSacrifice	CAbilEffectTarget	mods/starcoop/starcoop.sc2mod/base.sc2data/gamedata/abildata.xml	C:\Users\22448\Downloads\重生虫心0.71汉化版（新）\reborn_workrepo\合作指挥官版起义狂潮\Mods\XM\XMAlarak.SC2Mod\Base.SC2Data\GameData\AbilData.xml
AscendantSacrificeInstant	CAbilEffectInstant	mods/starcoop/starcoop.sc2mod/base.sc2data/gamedata/abildata.xml	C:\Users\22448\Downloads\重生虫心0.71汉化版（新）\reborn_workrepo\合作指挥官版起义狂潮\Mods\XM\XMAlarak.SC2Mod\Base.SC2Data\GameData\AbilData.xml
Blink	CAbilEffectTarget	mods/starcoop/starcoop.sc2mod/base.sc2data/gamedata/abildata.xml	C:\Users\22448\Downloads\重生虫心0.71汉化版（新）\reborn_workrepo\合作指挥官版起义狂潮\Mods\XM\XMAlarak.SC2Mod\Base.SC2Data\GameData\AbilData.xml
BlinkSlayer	CAbilEffectTarget	mods/starcoop/starcoop.sc2mod/base.sc2data/gamedata/abildata.xml	C:\Users\22448\Downloads\重生虫心0.71汉化版（新）\reborn_workrepo\合作指挥官版起义狂潮\Mods\XM\XMAlarak.SC2Mod\Base.SC2Data\GameData\AbilData.xml
BrokenSolarForge	CAbilMorph	mods/starcoop/starcoop.sc2mod/base.sc2data/gamedata/abildata.xml	C:\Users\22448\Downloads\重生虫心0.71汉化版（新）\reborn_workrepo\合作指挥官版起义狂潮\Mods\XM\XMAlarak.SC2Mod\Base.SC2Data\GameData\AbilData.xml
BurrowToxicNestDown	CAbilMorph	mods/starcoop/starcoop.sc2mod/base.sc2data/gamedata/abildata.xml	C:\Users\22448\Downloads\重生虫心0.71汉化版（新）\reborn_workrepo\合作指挥官版起义狂潮\Mods\XM\XMAlarak.SC2Mod\Base.SC2Data\GameData\AbilData.xml
CalldownMULE	CAbilEffectTarget	mods/starcoop/starcoop.sc2mod/base.sc2data/gamedata/abildata.xml	C:\Users\22448\Downloads\重生虫心0.71汉化版（新）\reborn_workrepo\合作指挥官版起义狂潮\Mods\XM\XMAlarak.SC2Mod\Base.SC2Data\GameData\AbilData.xml
CarrierRepairDroneHanger	CAbilArmMagazine	mods/starcoop/starcoop.sc2mod/base.sc2data/gamedata/abildata.xml	C:\Users\22448\Downloads\重生虫心0.71汉化版（新）\reborn_workrepo\合作指挥官版起义狂潮\Mods\XM\XMAlarak.SC2Mod\Base.SC2Data\GameData\AbilData.xml
Charge	CAbilAugment	mods/starcoop/starcoop.sc2mod/base.sc2data/gamedata/abildata.xml	C:\Users\22448\Downloads\重生虫心0.71汉化版（新）\reborn_workrepo\合作指挥官版起义狂潮\Mods\XM\XMAlarak.SC2Mod\Base.SC2Data\GameData\AbilData.xml
ChargeBuster	CAbilBehavior	mods/starcoop/starcoop.sc2mod/base.sc2data/gamedata/abildata.xml	C:\Users\22448\Downloads\重生虫心0.71汉化版（新）\reborn_workrepo\合作指挥官版起义狂潮\Mods\XM\XMAlarak.SC2Mod\Base.SC2Data\GameData\AbilData.xml
ChargedBuster	CAbilEffectTarget	mods/starcoop/starcoop.sc2mod/base.sc2data/gamedata/abildata.xml	C:\Users\22448\Downloads\重生虫心0.71汉化版（新）\reborn_workrepo\合作指挥官版起义狂潮\Mods\XM\XMAlarak.SC2Mod\Base.SC2Data\GameData\AbilData.xml
CommanderPrestigeAlarakDeathFleetWarpable	CAbilWarpable	mods/starcoop/starcoop.sc2mod/base.sc2data/gamedata/abildata.xml	C:\Users\22448\Downloads\重生虫心0.71汉化版（新）\reborn_workrepo\合作指挥官版起义狂潮\Mods\XM\XMAlarak.SC2Mod\Base.SC2Data\GameData\AbilData.xml
CommanderPrestigeVorazunTimeStop	CAbilEffectTarget	mods/starcoop/starcoop.sc2mod/base.sc2data/gamedata/abildata.xml	C:\Users\22448\Downloads\重生虫心0.71汉化版（新）\reborn_workrepo\合作指挥官版起义狂潮\Mods\XM\XMAlarak.SC2Mod\Base.SC2Data\GameData\AbilData.xml
CreepTumorBuild	CAbilBuild	mods/starcoop/starcoop.sc2mod/base.sc2data/gamedata/abildata.xml	C:\Users\22448\Downloads\重生虫心0.71汉化版（新）\reborn_workrepo\合作指挥官版起义狂潮\Mods\XM\XMAlarak.SC2Mod\Base.SC2Data\GameData\AbilData.xml
CyberneticsCoreResearch	CAbilResearch	mods/starcoop/starcoop.sc2mod/base.sc2data/gamedata/abildata.xml	C:\Users\22448\Downloads\重生虫心0.71汉化版（新）\reborn_workrepo\合作指挥官版起义狂潮\Mods\XM\XMAlarak.SC2Mod\Base.SC2Data\GameData\AbilData.xml
DarkArchonMerge	CAbilMerge	mods/starcoop/starcoop.sc2mod/base.sc2data/gamedata/abildata.xml	C:\Users\22448\Downloads\重生虫心0.71汉化版（新）\reborn_workrepo\合作指挥官版起义狂潮\Mods\XM\XMAlarak.SC2Mod\Base.SC2Data\GameData\AbilData.xml
DarkPylonMorph	CAbilMorph	mods/starcoop/starcoop.sc2mod/base.sc2data/gamedata/abildata.xml	C:\Users\22448\Downloads\重生虫心0.71汉化版（新）\reborn_workrepo\合作指挥官版起义狂潮\Mods\XM\XMAlarak.SC2Mod\Base.SC2Data\GameData\AbilData.xml
DehakaConsume	CAbilEffectTarget	mods/starcoop/starcoop.sc2mod/base.sc2data/gamedata/abildata.xml	C:\Users\22448\Downloads\重生虫心0.71汉化版（新）\reborn_workrepo\合作指挥官版起义狂潮\Mods\XM\XMAlarak.SC2Mod\Base.SC2Data\GameData\AbilData.xml
DehakaRevive	CAbilRevive	mods/starcoop/starcoop.sc2mod/base.sc2data/gamedata/abildata.xml	C:\Users\22448\Downloads\重生虫心0.71汉化版（新）\reborn_workrepo\合作指挥官版起义狂潮\Mods\XM\XMAlarak.SC2Mod\Base.SC2Data\GameData\AbilData.xml
EngineeringBayResearch	CAbilResearch	mods/starcoop/starcoop.sc2mod/base.sc2data/gamedata/abildata.xml	C:\Users\22448\Downloads\重生虫心0.71汉化版（新）\reborn_workrepo\合作指挥官版起义狂潮\Mods\XM\XMAlarak.SC2Mod\Base.SC2Data\GameData\AbilData.xml
evolutionchamberresearch	CAbilResearch	mods/starcoop/starcoop.sc2mod/base.sc2data/gamedata/abildata.xml	C:\Users\22448\Downloads\重生虫心0.71汉化版（新）\reborn_workrepo\合作指挥官版起义狂潮\Mods\XM\XMAlarak.SC2Mod\Base.SC2Data\GameData\AbilData.xml
FactoryTechLabResearch	CAbilResearch	mods/starcoop/starcoop.sc2mod/base.sc2data/gamedata/abildata.xml	C:\Users\22448\Downloads\重生虫心0.71汉化版（新）\reborn_workrepo\合作指挥官版起义狂潮\Mods\XM\XMAlarak.SC2Mod\Base.SC2Data\GameData\AbilData.xml
FenixArbiterStasisField	CAbilEffectTarget	mods/starcoop/starcoop.sc2mod/base.sc2data/gamedata/abildata.xml	C:\Users\22448\Downloads\重生虫心0.71汉化版（新）\reborn_workrepo\合作指挥官版起义狂潮\Mods\XM\XMAlarak.SC2Mod\Base.SC2Data\GameData\AbilData.xml
FenixClolarionCarrierHangar	CAbilArmMagazine	mods/starcoop/starcoop.sc2mod/base.sc2data/gamedata/abildata.xml	C:\Users\22448\Downloads\重生虫心0.71汉化版（新）\reborn_workrepo\合作指挥官版起义狂潮\Mods\XM\XMAlarak.SC2Mod\Base.SC2Data\GameData\AbilData.xml
FenixKaldalisZealotCharge	CAbilAugment	mods/starcoop/starcoop.sc2mod/base.sc2data/gamedata/abildata.xml	C:\Users\22448\Downloads\重生虫心0.71汉化版（新）\reborn_workrepo\合作指挥官版起义狂潮\Mods\XM\XMAlarak.SC2Mod\Base.SC2Data\GameData\AbilData.xml
FenixMojoMissiles	CAbilAugment	mods/starcoop/starcoop.sc2mod/base.sc2data/gamedata/abildata.xml	C:\Users\22448\Downloads\重生虫心0.71汉化版（新）\reborn_workrepo\合作指挥官版起义狂潮\Mods\XM\XMAlarak.SC2Mod\Base.SC2Data\GameData\AbilData.xml
FenixSentryGuardianZone	CAbilEffectTarget	mods/starcoop/starcoop.sc2mod/base.sc2data/gamedata/abildata.xml	C:\Users\22448\Downloads\重生虫心0.71汉化版（新）\reborn_workrepo\合作指挥官版起义狂潮\Mods\XM\XMAlarak.SC2Mod\Base.SC2Data\GameData\AbilData.xml
FenixTalisAdeptBounceShot	CAbilAugment	mods/starcoop/starcoop.sc2mod/base.sc2data/gamedata/abildata.xml	C:\Users\22448\Downloads\重生虫心0.71汉化版（新）\reborn_workrepo\合作指挥官版起义狂潮\Mods\XM\XMAlarak.SC2Mod\Base.SC2Data\GameData\AbilData.xml
FenixTalisAdeptPhaseShift	CAbilEffectTarget	mods/starcoop/starcoop.sc2mod/base.sc2data/gamedata/abildata.xml	C:\Users\22448\Downloads\重生虫心0.71汉化版（新）\reborn_workrepo\合作指挥官版起义狂潮\Mods\XM\XMAlarak.SC2Mod\Base.SC2Data\GameData\AbilData.xml
FenixThunderousChargeCoop	CAbilEffectTarget	mods/starcoop/starcoop.sc2mod/base.sc2data/gamedata/abildata.xml	C:\Users\22448\Downloads\重生虫心0.71汉化版（新）\reborn_workrepo\合作指挥官版起义狂潮\Mods\XM\XMAlarak.SC2Mod\Base.SC2Data\GameData\AbilData.xml
FenixWarbringerColossusPowerShot	CAbilEffectTarget	mods/starcoop/starcoop.sc2mod/base.sc2data/gamedata/abildata.xml	C:\Users\22448\Downloads\重生虫心0.71汉化版（新）\reborn_workrepo\合作指挥官版起义狂潮\Mods\XM\XMAlarak.SC2Mod\Base.SC2Data\GameData\AbilData.xml
FleetBeaconResearch	CAbilResearch	mods/starcoop/starcoop.sc2mod/base.sc2data/gamedata/abildata.xml	C:\Users\22448\Downloads\重生虫心0.71汉化版（新）\reborn_workrepo\合作指挥官版起义狂潮\Mods\XM\XMAlarak.SC2Mod\Base.SC2Data\GameData\AbilData.xml
ForgeResearch	CAbilResearch	mods/starcoop/starcoop.sc2mod/base.sc2data/gamedata/abildata.xml	C:\Users\22448\Downloads\重生虫心0.71汉化版（新）\reborn_workrepo\合作指挥官版起义狂潮\Mods\XM\XMAlarak.SC2Mod\Base.SC2Data\GameData\AbilData.xml
FusionCoreResearch	CAbilResearch	mods/starcoop/starcoop.sc2mod/base.sc2data/gamedata/abildata.xml	C:\Users\22448\Downloads\重生虫心0.71汉化版（新）\reborn_workrepo\合作指挥官版起义狂潮\Mods\XM\XMAlarak.SC2Mod\Base.SC2Data\GameData\AbilData.xml
GatewayTrain	CAbilTrain	mods/starcoop/starcoop.sc2mod/base.sc2data/gamedata/abildata.xml	C:\Users\22448\Downloads\重生虫心0.71汉化版（新）\reborn_workrepo\合作指挥官版起义狂潮\Mods\XM\XMAlarak.SC2Mod\Base.SC2Data\GameData\AbilData.xml
GravitonBeam	CAbilEffectTarget	mods/starcoop/starcoop.sc2mod/base.sc2data/gamedata/abildata.xml	C:\Users\22448\Downloads\重生虫心0.71汉化版（新）\reborn_workrepo\合作指挥官版起义狂潮\Mods\XM\XMAlarak.SC2Mod\Base.SC2Data\GameData\AbilData.xml
MapObjectInteract	CAbilEffectTarget	mods/starcoop/starcoop.sc2mod/base.sc2data/gamedata/abildata.xml	C:\Users\22448\Downloads\重生虫心0.71汉化版（新）\reborn_workrepo\合作指挥官版起义狂潮\Mods\XM\XMAlarak.SC2Mod\Base.SC2Data\GameData\AbilData.xml
MorphRoachToRavager	CAbilTrain	mods/starcoop/starcoop.sc2mod/base.sc2data/gamedata/abildata.xml	C:\Users\22448\Downloads\重生虫心0.71汉化版（新）\reborn_workrepo\合作指挥官版起义狂潮\Mods\XM\XMAlarak.SC2Mod\Base.SC2Data\GameData\AbilData.xml
MorphRoachVileToRavager	CAbilTrain	mods/starcoop/starcoop.sc2mod/base.sc2data/gamedata/abildata.xml	C:\Users\22448\Downloads\重生虫心0.71汉化版（新）\reborn_workrepo\合作指挥官版起义狂潮\Mods\XM\XMAlarak.SC2Mod\Base.SC2Data\GameData\AbilData.xml
MutaliskMorphToDevourer	CAbilTrain	mods/starcoop/starcoop.sc2mod/base.sc2data/gamedata/abildata.xml	C:\Users\22448\Downloads\重生虫心0.71汉化版（新）\reborn_workrepo\合作指挥官版起义狂潮\Mods\XM\XMAlarak.SC2Mod\Base.SC2Data\GameData\AbilData.xml
MutaliskMorphToGuardian	CAbilTrain	mods/starcoop/starcoop.sc2mod/base.sc2data/gamedata/abildata.xml	C:\Users\22448\Downloads\重生虫心0.71汉化版（新）\reborn_workrepo\合作指挥官版起义狂潮\Mods\XM\XMAlarak.SC2Mod\Base.SC2Data\GameData\AbilData.xml
MutatorRemoveWorkerSleep	CAbilEffectInstant	mods/starcoop/starcoop.sc2mod/base.sc2data/gamedata/abildata.xml	C:\Users\22448\Downloads\重生虫心0.71汉化版（新）\reborn_workrepo\合作指挥官版起义狂潮\Mods\XM\XMAlarak.SC2Mod\Base.SC2Data\GameData\AbilData.xml
NexusBuild	CAbilBuild	mods/starcoop/starcoop.sc2mod/base.sc2data/gamedata/abildata.xml	C:\Users\22448\Downloads\重生虫心0.71汉化版（新）\reborn_workrepo\合作指挥官版起义狂潮\Mods\XM\XMAlarak.SC2Mod\Base.SC2Data\GameData\AbilData.xml
NovaGadgetPulseGrenades	CAbilEffectTarget	mods/starcoop/starcoop.sc2mod/base.sc2data/gamedata/abildata.xml	C:\Users\22448\Downloads\重生虫心0.71汉化版（新）\reborn_workrepo\合作指挥官版起义狂潮\Mods\XM\XMAlarak.SC2Mod\Base.SC2Data\GameData\AbilData.xml
NovaGadgetSuperStim	CAbilEffectInstant	mods/starcoop/starcoop.sc2mod/base.sc2data/gamedata/abildata.xml	C:\Users\22448\Downloads\重生虫心0.71汉化版（新）\reborn_workrepo\合作指挥官版起义狂潮\Mods\XM\XMAlarak.SC2Mod\Base.SC2Data\GameData\AbilData.xml
NovaRevive	CAbilRevive	mods/starcoop/starcoop.sc2mod/base.sc2data/gamedata/abildata.xml	C:\Users\22448\Downloads\重生虫心0.71汉化版（新）\reborn_workrepo\合作指挥官版起义狂潮\Mods\XM\XMAlarak.SC2Mod\Base.SC2Data\GameData\AbilData.xml
ObserverTargetLock	CAbilEffectTarget	mods/starcoop/starcoop.sc2mod/base.sc2data/gamedata/abildata.xml	C:\Users\22448\Downloads\重生虫心0.71汉化版（新）\reborn_workrepo\合作指挥官版起义狂潮\Mods\XM\XMAlarak.SC2Mod\Base.SC2Data\GameData\AbilData.xml
PhasingModeTaldarim	CAbilMorph	mods/starcoop/starcoop.sc2mod/base.sc2data/gamedata/abildata.xml	C:\Users\22448\Downloads\重生虫心0.71汉化版（新）\reborn_workrepo\合作指挥官版起义狂潮\Mods\XM\XMAlarak.SC2Mod\Base.SC2Data\GameData\AbilData.xml
PhotonOverchargeMorphPylonBack	CAbilMorph	mods/starcoop/starcoop.sc2mod/base.sc2data/gamedata/abildata.xml	C:\Users\22448\Downloads\重生虫心0.71汉化版（新）\reborn_workrepo\合作指挥官版起义狂潮\Mods\XM\XMAlarak.SC2Mod\Base.SC2Data\GameData\AbilData.xml
PrimalSlash	CAbilEffectTarget	mods/starcoop/starcoop.sc2mod/base.sc2data/gamedata/abildata.xml	C:\Users\22448\Downloads\重生虫心0.71汉化版（新）\reborn_workrepo\合作指挥官版起义狂潮\Mods\XM\XMAlarak.SC2Mod\Base.SC2Data\GameData\AbilData.xml
ProtossBuild	CAbilBuild	mods/starcoop/starcoop.sc2mod/base.sc2data/gamedata/abildata.xml	C:\Users\22448\Downloads\重生虫心0.71汉化版（新）\reborn_workrepo\合作指挥官版起义狂潮\Mods\XM\XMAlarak.SC2Mod\Base.SC2Data\GameData\AbilData.xml
que5	CAbilQueue	mods/starcoop/starcoop.sc2mod/base.sc2data/gamedata/abildata.xml	C:\Users\22448\Downloads\重生虫心0.71汉化版（新）\reborn_workrepo\合作指挥官版起义狂潮\Mods\XM\XMAlarak.SC2Mod\Base.SC2Data\GameData\AbilData.xml
que5notPassive	CAbilQueue	mods/starcoop/starcoop.sc2mod/base.sc2data/gamedata/abildata.xml	C:\Users\22448\Downloads\重生虫心0.71汉化版（新）\reborn_workrepo\合作指挥官版起义狂潮\Mods\XM\XMAlarak.SC2Mod\Base.SC2Data\GameData\AbilData.xml
Queue1Passive	CAbilQueue	mods/starcoop/starcoop.sc2mod/base.sc2data/gamedata/abildata.xml	C:\Users\22448\Downloads\重生虫心0.71汉化版（新）\reborn_workrepo\合作指挥官版起义狂潮\Mods\XM\XMAlarak.SC2Mod\Base.SC2Data\GameData\AbilData.xml
RepairFenixAltarOfPsiStormsStage2	CAbilMorph	mods/starcoop/starcoop.sc2mod/base.sc2data/gamedata/abildata.xml	C:\Users\22448\Downloads\重生虫心0.71汉化版（新）\reborn_workrepo\合作指挥官版起义狂潮\Mods\XM\XMAlarak.SC2Mod\Base.SC2Data\GameData\AbilData.xml
RepairSolarForge	CAbilMorph	mods/starcoop/starcoop.sc2mod/base.sc2data/gamedata/abildata.xml	C:\Users\22448\Downloads\重生虫心0.71汉化版（新）\reborn_workrepo\合作指挥官版起义狂潮\Mods\XM\XMAlarak.SC2Mod\Base.SC2Data\GameData\AbilData.xml
RoboticsBayResearch	CAbilResearch	mods/starcoop/starcoop.sc2mod/base.sc2data/gamedata/abildata.xml	C:\Users\22448\Downloads\重生虫心0.71汉化版（新）\reborn_workrepo\合作指挥官版起义狂潮\Mods\XM\XMAlarak.SC2Mod\Base.SC2Data\GameData\AbilData.xml
RoboticsFacilityTrain	CAbilTrain	mods/starcoop/starcoop.sc2mod/base.sc2data/gamedata/abildata.xml	C:\Users\22448\Downloads\重生虫心0.71汉化版（新）\reborn_workrepo\合作指挥官版起义狂潮\Mods\XM\XMAlarak.SC2Mod\Base.SC2Data\GameData\AbilData.xml
RoboticsFacilityWarpTrain	CAbilWarpTrain	mods/starcoop/starcoop.sc2mod/base.sc2data/gamedata/abildata.xml	C:\Users\22448\Downloads\重生虫心0.71汉化版（新）\reborn_workrepo\合作指挥官版起义狂潮\Mods\XM\XMAlarak.SC2Mod\Base.SC2Data\GameData\AbilData.xml
ShieldBatteryStructureBarrier	CAbilEffectTarget	mods/starcoop/starcoop.sc2mod/base.sc2data/gamedata/abildata.xml	C:\Users\22448\Downloads\重生虫心0.71汉化版（新）\reborn_workrepo\合作指挥官版起义狂潮\Mods\XM\XMAlarak.SC2Mod\Base.SC2Data\GameData\AbilData.xml
SOADarkPylon	CAbilBuild	mods/starcoop/starcoop.sc2mod/base.sc2data/gamedata/abildata.xml	C:\Users\22448\Downloads\重生虫心0.71汉化版（新）\reborn_workrepo\合作指挥官版起义狂潮\Mods\XM\XMAlarak.SC2Mod\Base.SC2Data\GameData\AbilData.xml
SOAMapWideChrono	CAbilEffectInstant	mods/starcoop/starcoop.sc2mod/base.sc2data/gamedata/abildata.xml	C:\Users\22448\Downloads\重生虫心0.71汉化版（新）\reborn_workrepo\合作指挥官版起义狂潮\Mods\XM\XMAlarak.SC2Mod\Base.SC2Data\GameData\AbilData.xml
SOAMothership	CAbilEffectTarget	mods/starcoop/starcoop.sc2mod/base.sc2data/gamedata/abildata.xml	C:\Users\22448\Downloads\重生虫心0.71汉化版（新）\reborn_workrepo\合作指挥官版起义狂潮\Mods\XM\XMAlarak.SC2Mod\Base.SC2Data\GameData\AbilData.xml
SOAPylonPower	CAbilEffectTarget	mods/starcoop/starcoop.sc2mod/base.sc2data/gamedata/abildata.xml	C:\Users\22448\Downloads\重生虫心0.71汉化版（新）\reborn_workrepo\合作指挥官版起义狂潮\Mods\XM\XMAlarak.SC2Mod\Base.SC2Data\GameData\AbilData.xml
SOARecall	CAbilEffectTarget	mods/starcoop/starcoop.sc2mod/base.sc2data/gamedata/abildata.xml	C:\Users\22448\Downloads\重生虫心0.71汉化版（新）\reborn_workrepo\合作指挥官版起义狂潮\Mods\XM\XMAlarak.SC2Mod\Base.SC2Data\GameData\AbilData.xml
SOARepairBeam	CAbilEffectTarget	mods/starcoop/starcoop.sc2mod/base.sc2data/gamedata/abildata.xml	C:\Users\22448\Downloads\重生虫心0.71汉化版（新）\reborn_workrepo\合作指挥官版起义狂潮\Mods\XM\XMAlarak.SC2Mod\Base.SC2Data\GameData\AbilData.xml
SOAThermalLanceActivate	CAbilBehavior	mods/starcoop/starcoop.sc2mod/base.sc2data/gamedata/abildata.xml	C:\Users\22448\Downloads\重生虫心0.71汉化版（新）\reborn_workrepo\合作指挥官版起义狂潮\Mods\XM\XMAlarak.SC2Mod\Base.SC2Data\GameData\AbilData.xml
SOAThermalLanceExecute	CAbilEffectTarget	mods/starcoop/starcoop.sc2mod/base.sc2data/gamedata/abildata.xml	C:\Users\22448\Downloads\重生虫心0.71汉化版（新）\reborn_workrepo\合作指挥官版起义狂潮\Mods\XM\XMAlarak.SC2Mod\Base.SC2Data\GameData\AbilData.xml
SpireResearch	CAbilResearch	mods/starcoop/starcoop.sc2mod/base.sc2data/gamedata/abildata.xml	C:\Users\22448\Downloads\重生虫心0.71汉化版（新）\reborn_workrepo\合作指挥官版起义狂潮\Mods\XM\XMAlarak.SC2Mod\Base.SC2Data\GameData\AbilData.xml
StargateTrain	CAbilTrain	mods/starcoop/starcoop.sc2mod/base.sc2data/gamedata/abildata.xml	C:\Users\22448\Downloads\重生虫心0.71汉化版（新）\reborn_workrepo\合作指挥官版起义狂潮\Mods\XM\XMAlarak.SC2Mod\Base.SC2Data\GameData\AbilData.xml
StargateWarpTrain	CAbilWarpTrain	mods/starcoop/starcoop.sc2mod/base.sc2data/gamedata/abildata.xml	C:\Users\22448\Downloads\重生虫心0.71汉化版（新）\reborn_workrepo\合作指挥官版起义狂潮\Mods\XM\XMAlarak.SC2Mod\Base.SC2Data\GameData\AbilData.xml
TerrazineHarvesterExtract	CAbilEffectTarget	mods/starcoop/starcoop.sc2mod/base.sc2data/gamedata/abildata.xml	C:\Users\22448\Downloads\重生虫心0.71汉化版（新）\reborn_workrepo\合作指挥官版起义狂潮\Mods\XM\XMAlarak.SC2Mod\Base.SC2Data\GameData\AbilData.xml
ToxicNestExplode	CAbilEffectInstant	mods/starcoop/starcoop.sc2mod/base.sc2data/gamedata/abildata.xml	C:\Users\22448\Downloads\重生虫心0.71汉化版（新）\reborn_workrepo\合作指挥官版起义狂潮\Mods\XM\XMAlarak.SC2Mod\Base.SC2Data\GameData\AbilData.xml
TrainQueen	CAbilTrain	mods/starcoop/starcoop.sc2mod/base.sc2data/gamedata/abildata.xml	C:\Users\22448\Downloads\重生虫心0.71汉化版（新）\reborn_workrepo\合作指挥官版起义狂潮\Mods\XM\XMAlarak.SC2Mod\Base.SC2Data\GameData\AbilData.xml
TransportModeTaldarim	CAbilMorph	mods/starcoop/starcoop.sc2mod/base.sc2data/gamedata/abildata.xml	C:\Users\22448\Downloads\重生虫心0.71汉化版（新）\reborn_workrepo\合作指挥官版起义狂潮\Mods\XM\XMAlarak.SC2Mod\Base.SC2Data\GameData\AbilData.xml
TwilightCouncilResearch	CAbilResearch	mods/starcoop/starcoop.sc2mod/base.sc2data/gamedata/abildata.xml	C:\Users\22448\Downloads\重生虫心0.71汉化版（新）\reborn_workrepo\合作指挥官版起义狂潮\Mods\XM\XMAlarak.SC2Mod\Base.SC2Data\GameData\AbilData.xml
UpgradeToWarpGate	CAbilMorph	mods/starcoop/starcoop.sc2mod/base.sc2data/gamedata/abildata.xml	C:\Users\22448\Downloads\重生虫心0.71汉化版（新）\reborn_workrepo\合作指挥官版起义狂潮\Mods\XM\XMAlarak.SC2Mod\Base.SC2Data\GameData\AbilData.xml
VoidHighTemplarMindBlast	CAbilEffectTarget	mods/starcoop/starcoop.sc2mod/base.sc2data/gamedata/abildata.xml	C:\Users\22448\Downloads\重生虫心0.71汉化版（新）\reborn_workrepo\合作指挥官版起义狂潮\Mods\XM\XMAlarak.SC2Mod\Base.SC2Data\GameData\AbilData.xml
VoidHighTemplarPsiOrb	CAbilEffectTarget	mods/starcoop/starcoop.sc2mod/base.sc2data/gamedata/abildata.xml	C:\Users\22448\Downloads\重生虫心0.71汉化版（新）\reborn_workrepo\合作指挥官版起义狂潮\Mods\XM\XMAlarak.SC2Mod\Base.SC2Data\GameData\AbilData.xml
VoidSentryBlackHole	CAbilEffectTarget	mods/starcoop/starcoop.sc2mod/base.sc2data/gamedata/abildata.xml	C:\Users\22448\Downloads\重生虫心0.71汉化版（新）\reborn_workrepo\合作指挥官版起义狂潮\Mods\XM\XMAlarak.SC2Mod\Base.SC2Data\GameData\AbilData.xml
WarpableAnywhere	CAbilWarpable	mods/starcoop/starcoop.sc2mod/base.sc2data/gamedata/abildata.xml	C:\Users\22448\Downloads\重生虫心0.71汉化版（新）\reborn_workrepo\合作指挥官版起义狂潮\Mods\XM\XMAlarak.SC2Mod\Base.SC2Data\GameData\AbilData.xml
WarpGateTrain	CAbilWarpTrain	mods/starcoop/starcoop.sc2mod/base.sc2data/gamedata/abildata.xml	C:\Users\22448\Downloads\重生虫心0.71汉化版（新）\reborn_workrepo\合作指挥官版起义狂潮\Mods\XM\XMAlarak.SC2Mod\Base.SC2Data\GameData\AbilData.xml
WarpGateTrainSupplicantTrue	CAbilWarpTrain	mods/starcoop/starcoop.sc2mod/base.sc2data/gamedata/abildata.xml	C:\Users\22448\Downloads\重生虫心0.71汉化版（新）\reborn_workrepo\合作指挥官版起义狂潮\Mods\XM\XMAlarak.SC2Mod\Base.SC2Data\GameData\AbilData.xml
WarpPrismTransport	CAbilTransport	mods/starcoop/starcoop.sc2mod/base.sc2data/gamedata/abildata.xml	C:\Users\22448\Downloads\重生虫心0.71汉化版（新）\reborn_workrepo\合作指挥官版起义狂潮\Mods\XM\XMAlarak.SC2Mod\Base.SC2Data\GameData\AbilData.xml
ZagaraVoidCoopBanelingBarrage	CAbilEffectTarget	mods/starcoop/starcoop.sc2mod/base.sc2data/gamedata/abildata.xml	C:\Users\22448\Downloads\重生虫心0.71汉化版（新）\reborn_workrepo\合作指挥官版起义狂潮\Mods\XM\XMAlarak.SC2Mod\Base.SC2Data\GameData\AbilData.xml
ZagaraVoidCoopCreepMaster	CAbilBuild	mods/starcoop/starcoop.sc2mod/base.sc2data/gamedata/abildata.xml	C:\Users\22448\Downloads\重生虫心0.71汉化版（新）\reborn_workrepo\合作指挥官版起义狂潮\Mods\XM\XMAlarak.SC2Mod\Base.SC2Data\GameData\AbilData.xml
ZagaraVoidCoopMassFrenzy	CAbilEffectInstant	mods/starcoop/starcoop.sc2mod/base.sc2data/gamedata/abildata.xml	C:\Users\22448\Downloads\重生虫心0.71汉化版（新）\reborn_workrepo\合作指挥官版起义狂潮\Mods\XM\XMAlarak.SC2Mod\Base.SC2Data\GameData\AbilData.xml
ZagaraVoidCoopSpawnHunterKillers	CAbilEffectTarget	mods/starcoop/starcoop.sc2mod/base.sc2data/gamedata/abildata.xml	C:\Users\22448\Downloads\重生虫心0.71汉化版（新）\reborn_workrepo\合作指挥官版起义狂潮\Mods\XM\XMAlarak.SC2Mod\Base.SC2Data\GameData\AbilData.xml
ZergBuild	CAbilBuild	mods/starcoop/starcoop.sc2mod/base.sc2data/gamedata/abildata.xml	C:\Users\22448\Downloads\重生虫心0.71汉化版（新）\reborn_workrepo\合作指挥官版起义狂潮\Mods\XM\XMAlarak.SC2Mod\Base.SC2Data\GameData\AbilData.xml
DehakaLeapStompDamage	CAccumulatorArithmetic	mods/starcoop/starcoop.sc2mod/base.sc2data/gamedata/accumulatordata.xml	C:\Users\22448\Downloads\重生虫心0.71汉化版（新）\reborn_workrepo\合作指挥官版起义狂潮\Mods\XM\XMAlarak.SC2Mod\Base.SC2Data\GameData\AccumulatorData.xml
DehakaLeapStompDamageBonus	CAccumulatorConstant	mods/starcoop/starcoop.sc2mod/base.sc2data/gamedata/accumulatordata.xml	C:\Users\22448\Downloads\重生虫心0.71汉化版（新）\reborn_workrepo\合作指挥官版起义狂潮\Mods\XM\XMAlarak.SC2Mod\Base.SC2Data\GameData\AccumulatorData.xml
DehakaLeapStompLevelDamageFactor	CAccumulatorAbilLevel	mods/starcoop/starcoop.sc2mod/base.sc2data/gamedata/accumulatordata.xml	C:\Users\22448\Downloads\重生虫心0.71汉化版（新）\reborn_workrepo\合作指挥官版起义狂潮\Mods\XM\XMAlarak.SC2Mod\Base.SC2Data\GameData\AccumulatorData.xml
DehakaLevelAttackDamageScaling	CAccumulatorVeterancyLevel	mods/starcoop/starcoop.sc2mod/base.sc2data/gamedata/accumulatordata.xml	C:\Users\22448\Downloads\重生虫心0.71汉化版（新）\reborn_workrepo\合作指挥官版起义狂潮\Mods\XM\XMAlarak.SC2Mod\Base.SC2Data\GameData\AccumulatorData.xml
Adept	CActorUnit	mods/starcoop/starcoop.sc2mod/base.sc2data/gamedata/actordata.xml	C:\Users\22448\Downloads\重生虫心0.71汉化版（新）\reborn_workrepo\合作指挥官版起义狂潮\Mods\XM\XMAlarak.SC2Mod\Base.SC2Data\GameData\ActorData.xml
AdeptFenix	CActorUnit	mods/starcoop/starcoop.sc2mod/base.sc2data/gamedata/actordata.xml	C:\Users\22448\Downloads\重生虫心0.71汉化版（新）\reborn_workrepo\合作指挥官版起义狂潮\Mods\XM\XMAlarak.SC2Mod\Base.SC2Data\GameData\ActorData.xml
Alarak_EmpowerBeam_Loop_AS	CActorSound	mods/starcoop/starcoop.sc2mod/base.sc2data/gamedata/actordata.xml	C:\Users\22448\Downloads\重生虫心0.71汉化版（新）\reborn_workrepo\合作指挥官版起义狂潮\Mods\XM\XMAlarak.SC2Mod\Base.SC2Data\GameData\ActorData.xml
Alarak_LightningStrike_AS	CActorSound	mods/starcoop/starcoop.sc2mod/base.sc2data/gamedata/actordata.xml	C:\Users\22448\Downloads\重生虫心0.71汉化版（新）\reborn_workrepo\合作指挥官版起义狂潮\Mods\XM\XMAlarak.SC2Mod\Base.SC2Data\GameData\ActorData.xml
Alarak_StructureOvercharge_Loop_AS	CActorSound	mods/starcoop/starcoop.sc2mod/base.sc2data/gamedata/actordata.xml	C:\Users\22448\Downloads\重生虫心0.71汉化版（新）\reborn_workrepo\合作指挥官版起义狂潮\Mods\XM\XMAlarak.SC2Mod\Base.SC2Data\GameData\ActorData.xml
AlarakAAAttack	CActorAction	mods/starcoop/starcoop.sc2mod/base.sc2data/gamedata/actordata.xml	C:\Users\22448\Downloads\重生虫心0.71汉化版（新）\reborn_workrepo\合作指挥官版起义狂潮\Mods\XM\XMAlarak.SC2Mod\Base.SC2Data\GameData\ActorData.xml
AlarakAAAttackBeam	CActorBeamSimple	mods/starcoop/starcoop.sc2mod/base.sc2data/gamedata/actordata.xml	C:\Users\22448\Downloads\重生虫心0.71汉化版（新）\reborn_workrepo\合作指挥官版起义狂潮\Mods\XM\XMAlarak.SC2Mod\Base.SC2Data\GameData\ActorData.xml
AlarakACDeadlyChargeAttackForce	CActorForceSphere	mods/starcoop/starcoop.sc2mod/base.sc2data/gamedata/actordata.xml	C:\Users\22448\Downloads\重生虫心0.71汉化版（新）\reborn_workrepo\合作指挥官版起义狂潮\Mods\XM\XMAlarak.SC2Mod\Base.SC2Data\GameData\ActorData.xml
AlarakACDeadlyChargeImpactSound	CActorSound	mods/starcoop/starcoop.sc2mod/base.sc2data/gamedata/actordata.xml	C:\Users\22448\Downloads\重生虫心0.71汉化版（新）\reborn_workrepo\合作指挥官版起义狂潮\Mods\XM\XMAlarak.SC2Mod\Base.SC2Data\GameData\ActorData.xml
AlarakACDeadlyChargeModel	CActorModel	mods/starcoop/starcoop.sc2mod/base.sc2data/gamedata/actordata.xml	C:\Users\22448\Downloads\重生虫心0.71汉化版（新）\reborn_workrepo\合作指挥官版起义狂潮\Mods\XM\XMAlarak.SC2Mod\Base.SC2Data\GameData\ActorData.xml
AlarakACDeadlyChargeRange	CActorRange	mods/starcoop/starcoop.sc2mod/base.sc2data/gamedata/actordata.xml	C:\Users\22448\Downloads\重生虫心0.71汉化版（新）\reborn_workrepo\合作指挥官版起义狂潮\Mods\XM\XMAlarak.SC2Mod\Base.SC2Data\GameData\ActorData.xml
AlarakACDeadlyChargeRushSound	CActorSound	mods/starcoop/starcoop.sc2mod/base.sc2data/gamedata/actordata.xml	C:\Users\22448\Downloads\重生虫心0.71汉化版（新）\reborn_workrepo\合作指挥官版起义狂潮\Mods\XM\XMAlarak.SC2Mod\Base.SC2Data\GameData\ActorData.xml
AlarakACTeleportIn	CActorModel	mods/starcoop/starcoop.sc2mod/base.sc2data/gamedata/actordata.xml	C:\Users\22448\Downloads\重生虫心0.71汉化版（新）\reborn_workrepo\合作指挥官版起义狂潮\Mods\XM\XMAlarak.SC2Mod\Base.SC2Data\GameData\ActorData.xml
AlarakAoEAttack	CActorAction	mods/starcoop/starcoop.sc2mod/base.sc2data/gamedata/actordata.xml	C:\Users\22448\Downloads\重生虫心0.71汉化版（新）\reborn_workrepo\合作指挥官版起义狂潮\Mods\XM\XMAlarak.SC2Mod\Base.SC2Data\GameData\ActorData.xml
AlarakAttack	CActorAction	mods/starcoop/starcoop.sc2mod/base.sc2data/gamedata/actordata.xml	C:\Users\22448\Downloads\重生虫心0.71汉化版（新）\reborn_workrepo\合作指挥官版起义狂潮\Mods\XM\XMAlarak.SC2Mod\Base.SC2Data\GameData\ActorData.xml
AlarakAttackSlowDebuff	CActorModel	mods/starcoop/starcoop.sc2mod/base.sc2data/gamedata/actordata.xml	C:\Users\22448\Downloads\重生虫心0.71汉化版（新）\reborn_workrepo\合作指挥官版起义狂潮\Mods\XM\XMAlarak.SC2Mod\Base.SC2Data\GameData\ActorData.xml
AlarakAttackStunDebuff	CActorModel	mods/starcoop/starcoop.sc2mod/base.sc2data/gamedata/actordata.xml	C:\Users\22448\Downloads\重生虫心0.71汉化版（新）\reborn_workrepo\合作指挥官版起义狂潮\Mods\XM\XMAlarak.SC2Mod\Base.SC2Data\GameData\ActorData.xml
AlarakCommander_Revive	CActorSound	mods/starcoop/starcoop.sc2mod/base.sc2data/gamedata/actordata.xml	C:\Users\22448\Downloads\重生虫心0.71汉化版（新）\reborn_workrepo\合作指挥官版起义狂潮\Mods\XM\XMAlarak.SC2Mod\Base.SC2Data\GameData\ActorData.xml
AlarakCoop	CActorUnit	mods/starcoop/starcoop.sc2mod/base.sc2data/gamedata/actordata.xml	C:\Users\22448\Downloads\重生虫心0.71汉化版（新）\reborn_workrepo\合作指挥官版起义狂潮\Mods\XM\XMAlarak.SC2Mod\Base.SC2Data\GameData\ActorData.xml
AlarakDeadlyCharge	CActorModel	mods/starcoop/starcoop.sc2mod/base.sc2data/gamedata/actordata.xml	C:\Users\22448\Downloads\重生虫心0.71汉化版（新）\reborn_workrepo\合作指挥官版起义狂潮\Mods\XM\XMAlarak.SC2Mod\Base.SC2Data\GameData\ActorData.xml
AlarakDeadlyChargeCastSound	CActorSound	mods/starcoop/starcoop.sc2mod/base.sc2data/gamedata/actordata.xml	C:\Users\22448\Downloads\重生虫心0.71汉化版（新）\reborn_workrepo\合作指挥官版起义狂潮\Mods\XM\XMAlarak.SC2Mod\Base.SC2Data\GameData\ActorData.xml
AlarakDeadlyChargeImpact	CActorModel	mods/starcoop/starcoop.sc2mod/base.sc2data/gamedata/actordata.xml	C:\Users\22448\Downloads\重生虫心0.71汉化版（新）\reborn_workrepo\合作指挥官版起义狂潮\Mods\XM\XMAlarak.SC2Mod\Base.SC2Data\GameData\ActorData.xml
AlarakDestructionRange	CActorRange	mods/starcoop/starcoop.sc2mod/base.sc2data/gamedata/actordata.xml	C:\Users\22448\Downloads\重生虫心0.71汉化版（新）\reborn_workrepo\合作指挥官版起义狂潮\Mods\XM\XMAlarak.SC2Mod\Base.SC2Data\GameData\ActorData.xml
AlarakDestructionWaveGuide	CActorQuad	mods/starcoop/starcoop.sc2mod/base.sc2data/gamedata/actordata.xml	C:\Users\22448\Downloads\重生虫心0.71汉化版（新）\reborn_workrepo\合作指挥官版起义狂潮\Mods\XM\XMAlarak.SC2Mod\Base.SC2Data\GameData\ActorData.xml
AlarakEmpowerBeam	CActorBeamSimple	mods/starcoop/starcoop.sc2mod/base.sc2data/gamedata/actordata.xml	C:\Users\22448\Downloads\重生虫心0.71汉化版（新）\reborn_workrepo\合作指挥官版起义狂潮\Mods\XM\XMAlarak.SC2Mod\Base.SC2Data\GameData\ActorData.xml
AlarakEmpowerBubble	CActorModel	mods/starcoop/starcoop.sc2mod/base.sc2data/gamedata/actordata.xml	C:\Users\22448\Downloads\重生虫心0.71汉化版（新）\reborn_workrepo\合作指挥官版起义狂潮\Mods\XM\XMAlarak.SC2Mod\Base.SC2Data\GameData\ActorData.xml
AlarakEmpowerRange	CActorRange	mods/starcoop/starcoop.sc2mod/base.sc2data/gamedata/actordata.xml	C:\Users\22448\Downloads\重生虫心0.71汉化版（新）\reborn_workrepo\合作指挥官版起义狂潮\Mods\XM\XMAlarak.SC2Mod\Base.SC2Data\GameData\ActorData.xml
AlarakForkedLightningAttackBeamImpactSound	CActorSound	mods/starcoop/starcoop.sc2mod/base.sc2data/gamedata/actordata.xml	C:\Users\22448\Downloads\重生虫心0.71汉化版（新）\reborn_workrepo\合作指挥官版起义狂潮\Mods\XM\XMAlarak.SC2Mod\Base.SC2Data\GameData\ActorData.xml
AlarakLightningStrike	CActorModel	mods/starcoop/starcoop.sc2mod/base.sc2data/gamedata/actordata.xml	C:\Users\22448\Downloads\重生虫心0.71汉化版（新）\reborn_workrepo\合作指挥官版起义狂潮\Mods\XM\XMAlarak.SC2Mod\Base.SC2Data\GameData\ActorData.xml
AlarakLightningStrikesAttack	CActorAction	mods/starcoop/starcoop.sc2mod/base.sc2data/gamedata/actordata.xml	C:\Users\22448\Downloads\重生虫心0.71汉化版（新）\reborn_workrepo\合作指挥官版起义狂潮\Mods\XM\XMAlarak.SC2Mod\Base.SC2Data\GameData\ActorData.xml
AlarakLightningStrikesAttackBeam	CActorBeamSimple	mods/starcoop/starcoop.sc2mod/base.sc2data/gamedata/actordata.xml	C:\Users\22448\Downloads\重生虫心0.71汉化版（新）\reborn_workrepo\合作指挥官版起义狂潮\Mods\XM\XMAlarak.SC2Mod\Base.SC2Data\GameData\ActorData.xml
AlarakMothershipMassRecallRange	CActorRange	mods/starcoop/starcoop.sc2mod/base.sc2data/gamedata/actordata.xml	C:\Users\22448\Downloads\重生虫心0.71汉化版（新）\reborn_workrepo\合作指挥官版起义狂潮\Mods\XM\XMAlarak.SC2Mod\Base.SC2Data\GameData\ActorData.xml
AlarakReviveBeacon	CActorUnit	mods/starcoop/starcoop.sc2mod/base.sc2data/gamedata/actordata.xml	C:\Users\22448\Downloads\重生虫心0.71汉化版（新）\reborn_workrepo\合作指挥官版起义狂潮\Mods\XM\XMAlarak.SC2Mod\Base.SC2Data\GameData\ActorData.xml
AlarakReviveBeacon_BirthSound	CActorSound	mods/starcoop/starcoop.sc2mod/base.sc2data/gamedata/actordata.xml	C:\Users\22448\Downloads\重生虫心0.71汉化版（新）\reborn_workrepo\合作指挥官版起义狂潮\Mods\XM\XMAlarak.SC2Mod\Base.SC2Data\GameData\ActorData.xml
AlarakRushPlaceholder	CActorUnit	mods/starcoop/starcoop.sc2mod/base.sc2data/gamedata/actordata.xml	C:\Users\22448\Downloads\重生虫心0.71汉化版（新）\reborn_workrepo\合作指挥官版起义狂潮\Mods\XM\XMAlarak.SC2Mod\Base.SC2Data\GameData\ActorData.xml
AlarakSoulAbsorptionDummyAttack	CActorAction	mods/starcoop/starcoop.sc2mod/base.sc2data/gamedata/actordata.xml	C:\Users\22448\Downloads\重生虫心0.71汉化版（新）\reborn_workrepo\合作指挥官版起义狂潮\Mods\XM\XMAlarak.SC2Mod\Base.SC2Data\GameData\ActorData.xml
AlarakSoulAbsorptionDummyAttackMissile	CActorMissile	mods/starcoop/starcoop.sc2mod/base.sc2data/gamedata/actordata.xml	C:\Users\22448\Downloads\重生虫心0.71汉化版（新）\reborn_workrepo\合作指挥官版起义狂潮\Mods\XM\XMAlarak.SC2Mod\Base.SC2Data\GameData\ActorData.xml
AlarakSoulAbsorptionRange	CActorRange	mods/starcoop/starcoop.sc2mod/base.sc2data/gamedata/actordata.xml	C:\Users\22448\Downloads\重生虫心0.71汉化版（新）\reborn_workrepo\合作指挥官版起义狂潮\Mods\XM\XMAlarak.SC2Mod\Base.SC2Data\GameData\ActorData.xml
AlarakSoulStealGlaze	CActorModelMaterial	mods/starcoop/starcoop.sc2mod/base.sc2data/gamedata/actordata.xml	C:\Users\22448\Downloads\重生虫心0.71汉化版（新）\reborn_workrepo\合作指挥官版起义狂潮\Mods\XM\XMAlarak.SC2Mod\Base.SC2Data\GameData\ActorData.xml
AlarakStalkerForceBlast	CActorModel	mods/starcoop/starcoop.sc2mod/base.sc2data/gamedata/actordata.xml	C:\Users\22448\Downloads\重生虫心0.71汉化版（新）\reborn_workrepo\合作指挥官版起义狂潮\Mods\XM\XMAlarak.SC2Mod\Base.SC2Data\GameData\ActorData.xml
AlarakStalkerForceBlast_CreationSound	CActorSound	mods/starcoop/starcoop.sc2mod/base.sc2data/gamedata/actordata.xml	C:\Users\22448\Downloads\重生虫心0.71汉化版（新）\reborn_workrepo\合作指挥官版起义狂潮\Mods\XM\XMAlarak.SC2Mod\Base.SC2Data\GameData\ActorData.xml
AlarakStructureOvercharge	CActorModel	mods/starcoop/starcoop.sc2mod/base.sc2data/gamedata/actordata.xml	C:\Users\22448\Downloads\重生虫心0.71汉化版（新）\reborn_workrepo\合作指挥官版起义狂潮\Mods\XM\XMAlarak.SC2Mod\Base.SC2Data\GameData\ActorData.xml
AlarakStructureOverchargeAttack	CActorAction	mods/starcoop/starcoop.sc2mod/base.sc2data/gamedata/actordata.xml	C:\Users\22448\Downloads\重生虫心0.71汉化版（新）\reborn_workrepo\合作指挥官版起义狂潮\Mods\XM\XMAlarak.SC2Mod\Base.SC2Data\GameData\ActorData.xml
AlarakStructureOverchargeAttackMissile	CActorMissile	mods/starcoop/starcoop.sc2mod/base.sc2data/gamedata/actordata.xml	C:\Users\22448\Downloads\重生虫心0.71汉化版（新）\reborn_workrepo\合作指挥官版起义狂潮\Mods\XM\XMAlarak.SC2Mod\Base.SC2Data\GameData\ActorData.xml
AlarakStructureOverchargeCastSound	CActorSound	mods/starcoop/starcoop.sc2mod/base.sc2data/gamedata/actordata.xml	C:\Users\22448\Downloads\重生虫心0.71汉化版（新）\reborn_workrepo\合作指挥官版起义狂潮\Mods\XM\XMAlarak.SC2Mod\Base.SC2Data\GameData\ActorData.xml
AlarakStructureOverchargeOff_AS	CActorSound	mods/starcoop/starcoop.sc2mod/base.sc2data/gamedata/actordata.xml	C:\Users\22448\Downloads\重生虫心0.71汉化版（新）\reborn_workrepo\合作指挥官版起义狂潮\Mods\XM\XMAlarak.SC2Mod\Base.SC2Data\GameData\ActorData.xml
AlarakStructureOverchargeRange	CActorRange	mods/starcoop/starcoop.sc2mod/base.sc2data/gamedata/actordata.xml	C:\Users\22448\Downloads\重生虫心0.71汉化版（新）\reborn_workrepo\合作指挥官版起义狂潮\Mods\XM\XMAlarak.SC2Mod\Base.SC2Data\GameData\ActorData.xml
AlarakStructureOverchargeShieldGlaze	CActorModelMaterial	mods/starcoop/starcoop.sc2mod/base.sc2data/gamedata/actordata.xml	C:\Users\22448\Downloads\重生虫心0.71汉化版（新）\reborn_workrepo\合作指挥官版起义狂潮\Mods\XM\XMAlarak.SC2Mod\Base.SC2Data\GameData\ActorData.xml
AlarakSummonDeathFleetCursor	CActorModel	mods/starcoop/starcoop.sc2mod/base.sc2data/gamedata/actordata.xml	C:\Users\22448\Downloads\重生虫心0.71汉化版（新）\reborn_workrepo\合作指挥官版起义狂潮\Mods\XM\XMAlarak.SC2Mod\Base.SC2Data\GameData\ActorData.xml
AlarakTheStrongestSurviveDummyAttack	CActorAction	mods/starcoop/starcoop.sc2mod/base.sc2data/gamedata/actordata.xml	C:\Users\22448\Downloads\重生虫心0.71汉化版（新）\reborn_workrepo\合作指挥官版起义狂潮\Mods\XM\XMAlarak.SC2Mod\Base.SC2Data\GameData\ActorData.xml
AlarakTheStrongestSurviveDummyAttackMissile	CActorMissile	mods/starcoop/starcoop.sc2mod/base.sc2data/gamedata/actordata.xml	C:\Users\22448\Downloads\重生虫心0.71汉化版（新）\reborn_workrepo\合作指挥官版起义狂潮\Mods\XM\XMAlarak.SC2Mod\Base.SC2Data\GameData\ActorData.xml
AlarakTheStrongestSurviveDummySecondaryAttack	CActorAction	mods/starcoop/starcoop.sc2mod/base.sc2data/gamedata/actordata.xml	C:\Users\22448\Downloads\重生虫心0.71汉化版（新）\reborn_workrepo\合作指挥官版起义狂潮\Mods\XM\XMAlarak.SC2Mod\Base.SC2Data\GameData\ActorData.xml
AlarakTheStrongestSurviveDummySecondaryAttackMissile	CActorMissile	mods/starcoop/starcoop.sc2mod/base.sc2data/gamedata/actordata.xml	C:\Users\22448\Downloads\重生虫心0.71汉化版（新）\reborn_workrepo\合作指挥官版起义狂潮\Mods\XM\XMAlarak.SC2Mod\Base.SC2Data\GameData\ActorData.xml
AlarakTheStrongestSurviveSearchImpact	CActorModel	mods/starcoop/starcoop.sc2mod/base.sc2data/gamedata/actordata.xml	C:\Users\22448\Downloads\重生虫心0.71汉化版（新）\reborn_workrepo\合作指挥官版起义狂潮\Mods\XM\XMAlarak.SC2Mod\Base.SC2Data\GameData\ActorData.xml
AlarakTheStrongestSurviveSupplicantSacrificeCDR	CActorModel	mods/starcoop/starcoop.sc2mod/base.sc2data/gamedata/actordata.xml	C:\Users\22448\Downloads\重生虫心0.71汉化版（新）\reborn_workrepo\合作指挥官版起义狂潮\Mods\XM\XMAlarak.SC2Mod\Base.SC2Data\GameData\ActorData.xml
AlarakTheStrongestSurviveSupplicantSacrificeCDR_CreationSound	CActorSound	mods/starcoop/starcoop.sc2mod/base.sc2data/gamedata/actordata.xml	C:\Users\22448\Downloads\重生虫心0.71汉化版（新）\reborn_workrepo\合作指挥官版起义狂潮\Mods\XM\XMAlarak.SC2Mod\Base.SC2Data\GameData\ActorData.xml
AlarakTheStrongestSurviveSupplicantSacrificeDamage_CreationSound	CActorSound	mods/starcoop/starcoop.sc2mod/base.sc2data/gamedata/actordata.xml	C:\Users\22448\Downloads\重生虫心0.71汉化版（新）\reborn_workrepo\合作指挥官版起义狂潮\Mods\XM\XMAlarak.SC2Mod\Base.SC2Data\GameData\ActorData.xml
AlarakWorshipAlarakBeam	CActorBeamSimple	mods/starcoop/starcoop.sc2mod/base.sc2data/gamedata/actordata.xml	C:\Users\22448\Downloads\重生虫心0.71汉化版（新）\reborn_workrepo\合作指挥官版起义狂潮\Mods\XM\XMAlarak.SC2Mod\Base.SC2Data\GameData\ActorData.xml
AscendantSacrificeEffect	CActorModel	mods/starcoop/starcoop.sc2mod/base.sc2data/gamedata/actordata.xml	C:\Users\22448\Downloads\重生虫心0.71汉化版（新）\reborn_workrepo\合作指挥官版起义狂潮\Mods\XM\XMAlarak.SC2Mod\Base.SC2Data\GameData\ActorData.xml
AscendantSacrificeImpactSound	CActorSound	mods/starcoop/starcoop.sc2mod/base.sc2data/gamedata/actordata.xml	C:\Users\22448\Downloads\重生虫心0.71汉化版（新）\reborn_workrepo\合作指挥官版起义狂潮\Mods\XM\XMAlarak.SC2Mod\Base.SC2Data\GameData\ActorData.xml
AscendantSacrificeInstantRange	CActorRange	mods/starcoop/starcoop.sc2mod/base.sc2data/gamedata/actordata.xml	C:\Users\22448\Downloads\重生虫心0.71汉化版（新）\reborn_workrepo\合作指挥官版起义狂潮\Mods\XM\XMAlarak.SC2Mod\Base.SC2Data\GameData\ActorData.xml
AscendantSacrificeLaunchSound	CActorSound	mods/starcoop/starcoop.sc2mod/base.sc2data/gamedata/actordata.xml	C:\Users\22448\Downloads\重生虫心0.71汉化版（新）\reborn_workrepo\合作指挥官版起义狂潮\Mods\XM\XMAlarak.SC2Mod\Base.SC2Data\GameData\ActorData.xml
AscendantSacrificeRange	CActorRange	mods/starcoop/starcoop.sc2mod/base.sc2data/gamedata/actordata.xml	C:\Users\22448\Downloads\重生虫心0.71汉化版（新）\reborn_workrepo\合作指挥官版起义狂潮\Mods\XM\XMAlarak.SC2Mod\Base.SC2Data\GameData\ActorData.xml
BileLauncherZagara	CActorUnit	mods/starcoop/starcoop.sc2mod/base.sc2data/gamedata/actordata.xml	C:\Users\22448\Downloads\重生虫心0.71汉化版（新）\reborn_workrepo\合作指挥官版起义狂潮\Mods\XM\XMAlarak.SC2Mod\Base.SC2Data\GameData\ActorData.xml
Carrier	CActorUnit	mods/starcoop/starcoop.sc2mod/base.sc2data/gamedata/actordata.xml	C:\Users\22448\Downloads\重生虫心0.71汉化版（新）\reborn_workrepo\合作指挥官版起义狂潮\Mods\XM\XMAlarak.SC2Mod\Base.SC2Data\GameData\ActorData.xml
Colossus	CActorUnit	mods/starcoop/starcoop.sc2mod/base.sc2data/gamedata/actordata.xml	C:\Users\22448\Downloads\重生虫心0.71汉化版（新）\reborn_workrepo\合作指挥官版起义狂潮\Mods\XM\XMAlarak.SC2Mod\Base.SC2Data\GameData\ActorData.xml
ColossusPurifier	CActorUnit	mods/starcoop/starcoop.sc2mod/base.sc2data/gamedata/actordata.xml	C:\Users\22448\Downloads\重生虫心0.71汉化版（新）\reborn_workrepo\合作指挥官版起义狂潮\Mods\XM\XMAlarak.SC2Mod\Base.SC2Data\GameData\ActorData.xml
ColossusTaldarim	CActorUnit	mods/starcoop/starcoop.sc2mod/base.sc2data/gamedata/actordata.xml	C:\Users\22448\Downloads\重生虫心0.71汉化版（新）\reborn_workrepo\合作指挥官版起义狂潮\Mods\XM\XMAlarak.SC2Mod\Base.SC2Data\GameData\ActorData.xml
ColossusTaldarimChargedMissilePowerUpSound	CActorSound	mods/starcoop/starcoop.sc2mod/base.sc2data/gamedata/actordata.xml	C:\Users\22448\Downloads\重生虫心0.71汉化版（新）\reborn_workrepo\合作指挥官版起义狂潮\Mods\XM\XMAlarak.SC2Mod\Base.SC2Data\GameData\ActorData.xml
CommanderPrestigeAlarakDeathFleetPowerVisual	CActorSplat	mods/starcoop/starcoop.sc2mod/base.sc2data/gamedata/actordata.xml	C:\Users\22448\Downloads\重生虫心0.71汉化版（新）\reborn_workrepo\合作指挥官版起义狂潮\Mods\XM\XMAlarak.SC2Mod\Base.SC2Data\GameData\ActorData.xml
CommanderPrestigeNovaSuperCloak	CActorModel	mods/starcoop/starcoop.sc2mod/base.sc2data/gamedata/actordata.xml	C:\Users\22448\Downloads\重生虫心0.71汉化版（新）\reborn_workrepo\合作指挥官版起义狂潮\Mods\XM\XMAlarak.SC2Mod\Base.SC2Data\GameData\ActorData.xml
CommanderPrestigeZeratulVoidSeeker	CActorModel	mods/starcoop/starcoop.sc2mod/base.sc2data/gamedata/actordata.xml	C:\Users\22448\Downloads\重生虫心0.71汉化版（新）\reborn_workrepo\合作指挥官版起义狂潮\Mods\XM\XMAlarak.SC2Mod\Base.SC2Data\GameData\ActorData.xml
Conservator_ProtectiveFieldRangedVO_ActorSound	CActorSound	mods/starcoop/starcoop.sc2mod/base.sc2data/gamedata/actordata.xml	C:\Users\22448\Downloads\重生虫心0.71汉化版（新）\reborn_workrepo\合作指挥官版起义狂潮\Mods\XM\XMAlarak.SC2Mod\Base.SC2Data\GameData\ActorData.xml
CoopCasterAbathur	CActorUnit	mods/starcoop/starcoop.sc2mod/base.sc2data/gamedata/actordata.xml	C:\Users\22448\Downloads\重生虫心0.71汉化版（新）\reborn_workrepo\合作指挥官版起义狂潮\Mods\XM\XMAlarak.SC2Mod\Base.SC2Data\GameData\ActorData.xml
CoopCasterAlarak	CActorUnit	mods/starcoop/starcoop.sc2mod/base.sc2data/gamedata/actordata.xml	C:\Users\22448\Downloads\重生虫心0.71汉化版（新）\reborn_workrepo\合作指挥官版起义狂潮\Mods\XM\XMAlarak.SC2Mod\Base.SC2Data\GameData\ActorData.xml
CoopCasterDehaka	CActorUnit	mods/starcoop/starcoop.sc2mod/base.sc2data/gamedata/actordata.xml	C:\Users\22448\Downloads\重生虫心0.71汉化版（新）\reborn_workrepo\合作指挥官版起义狂潮\Mods\XM\XMAlarak.SC2Mod\Base.SC2Data\GameData\ActorData.xml
CoopCasterHorner	CActorUnit	mods/starcoop/starcoop.sc2mod/base.sc2data/gamedata/actordata.xml	C:\Users\22448\Downloads\重生虫心0.71汉化版（新）\reborn_workrepo\合作指挥官版起义狂潮\Mods\XM\XMAlarak.SC2Mod\Base.SC2Data\GameData\ActorData.xml
CoopCasterRaynor	CActorUnit	mods/starcoop/starcoop.sc2mod/base.sc2data/gamedata/actordata.xml	C:\Users\22448\Downloads\重生虫心0.71汉化版（新）\reborn_workrepo\合作指挥官版起义狂潮\Mods\XM\XMAlarak.SC2Mod\Base.SC2Data\GameData\ActorData.xml
CoopCasterSwann	CActorUnit	mods/starcoop/starcoop.sc2mod/base.sc2data/gamedata/actordata.xml	C:\Users\22448\Downloads\重生虫心0.71汉化版（新）\reborn_workrepo\合作指挥官版起义狂潮\Mods\XM\XMAlarak.SC2Mod\Base.SC2Data\GameData\ActorData.xml
COOPTerrazineTank	CActorUnit	mods/starcoop/starcoop.sc2mod/base.sc2data/gamedata/actordata.xml	C:\Users\22448\Downloads\重生虫心0.71汉化版（新）\reborn_workrepo\合作指挥官版起义狂潮\Mods\XM\XMAlarak.SC2Mod\Base.SC2Data\GameData\ActorData.xml
COOPTerrazineTankDeathActor	CActorModel	mods/starcoop/starcoop.sc2mod/base.sc2data/gamedata/actordata.xml	C:\Users\22448\Downloads\重生虫心0.71汉化版（新）\reborn_workrepo\合作指挥官版起义狂潮\Mods\XM\XMAlarak.SC2Mod\Base.SC2Data\GameData\ActorData.xml
CreepColony	CActorUnit	mods/starcoop/starcoop.sc2mod/base.sc2data/gamedata/actordata.xml	C:\Users\22448\Downloads\重生虫心0.71汉化版（新）\reborn_workrepo\合作指挥官版起义狂潮\Mods\XM\XMAlarak.SC2Mod\Base.SC2Data\GameData\ActorData.xml
DarkArchon	CActorUnit	mods/starcoop/starcoop.sc2mod/base.sc2data/gamedata/actordata.xml	C:\Users\22448\Downloads\重生虫心0.71汉化版（新）\reborn_workrepo\合作指挥官版起义狂潮\Mods\XM\XMAlarak.SC2Mod\Base.SC2Data\GameData\ActorData.xml
DarkPylon	CActorUnit	mods/starcoop/starcoop.sc2mod/base.sc2data/gamedata/actordata.xml	C:\Users\22448\Downloads\重生虫心0.71汉化版（新）\reborn_workrepo\合作指挥官版起义狂潮\Mods\XM\XMAlarak.SC2Mod\Base.SC2Data\GameData\ActorData.xml
DarkPylonWarpInSplat	CActorModel	mods/starcoop/starcoop.sc2mod/base.sc2data/gamedata/actordata.xml	C:\Users\22448\Downloads\重生虫心0.71汉化版（新）\reborn_workrepo\合作指挥官版起义狂潮\Mods\XM\XMAlarak.SC2Mod\Base.SC2Data\GameData\ActorData.xml
DarkTemplarShakuras	CActorUnit	mods/starcoop/starcoop.sc2mod/base.sc2data/gamedata/actordata.xml	C:\Users\22448\Downloads\重生虫心0.71汉化版（新）\reborn_workrepo\合作指挥官版起义狂潮\Mods\XM\XMAlarak.SC2Mod\Base.SC2Data\GameData\ActorData.xml
DehakaConsume	CActorAction	mods/starcoop/starcoop.sc2mod/base.sc2data/gamedata/actordata.xml	C:\Users\22448\Downloads\重生虫心0.71汉化版（新）\reborn_workrepo\合作指挥官版起义狂潮\Mods\XM\XMAlarak.SC2Mod\Base.SC2Data\GameData\ActorData.xml
DehakaCoop	CActorMissile	mods/starcoop/starcoop.sc2mod/base.sc2data/gamedata/actordata.xml	C:\Users\22448\Downloads\重生虫心0.71汉化版（新）\reborn_workrepo\合作指挥官版起义狂潮\Mods\XM\XMAlarak.SC2Mod\Base.SC2Data\GameData\ActorData.xml
DehakaCoopPortrait	CActorPortrait	mods/starcoop/starcoop.sc2mod/base.sc2data/gamedata/actordata.xml	C:\Users\22448\Downloads\重生虫心0.71汉化版（新）\reborn_workrepo\合作指挥官版起义狂潮\Mods\XM\XMAlarak.SC2Mod\Base.SC2Data\GameData\ActorData.xml
DehakaCoopReviveCocoon	CActorUnit	mods/starcoop/starcoop.sc2mod/base.sc2data/gamedata/actordata.xml	C:\Users\22448\Downloads\重生虫心0.71汉化版（新）\reborn_workrepo\合作指挥官版起义狂潮\Mods\XM\XMAlarak.SC2Mod\Base.SC2Data\GameData\ActorData.xml
Disruptor	CActorUnit	mods/starcoop/starcoop.sc2mod/base.sc2data/gamedata/actordata.xml	C:\Users\22448\Downloads\重生虫心0.71汉化版（新）\reborn_workrepo\合作指挥官版起义狂潮\Mods\XM\XMAlarak.SC2Mod\Base.SC2Data\GameData\ActorData.xml
Fenix_ChargingBuster_Model	CActorModel	mods/starcoop/starcoop.sc2mod/base.sc2data/gamedata/actordata.xml	C:\Users\22448\Downloads\重生虫心0.71汉化版（新）\reborn_workrepo\合作指挥官版起义狂潮\Mods\XM\XMAlarak.SC2Mod\Base.SC2Data\GameData\ActorData.xml
Fenix_ThunderousChargeRangedVO_ActorSound	CActorSound	mods/starcoop/starcoop.sc2mod/base.sc2data/gamedata/actordata.xml	C:\Users\22448\Downloads\重生虫心0.71汉化版（新）\reborn_workrepo\合作指挥官版起义狂潮\Mods\XM\XMAlarak.SC2Mod\Base.SC2Data\GameData\ActorData.xml
FenixAltarOfPsiStorms	CActorUnit	mods/starcoop/starcoop.sc2mod/base.sc2data/gamedata/actordata.xml	C:\Users\22448\Downloads\重生虫心0.71汉化版（新）\reborn_workrepo\合作指挥官版起义狂潮\Mods\XM\XMAlarak.SC2Mod\Base.SC2Data\GameData\ActorData.xml
FenixAltarOfPsiStormsResearchAdept	CActorModel	mods/starcoop/starcoop.sc2mod/base.sc2data/gamedata/actordata.xml	C:\Users\22448\Downloads\重生虫心0.71汉化版（新）\reborn_workrepo\合作指挥官版起义狂潮\Mods\XM\XMAlarak.SC2Mod\Base.SC2Data\GameData\ActorData.xml
FenixAltarOfPsiStormsResearchCarrier	CActorModel	mods/starcoop/starcoop.sc2mod/base.sc2data/gamedata/actordata.xml	C:\Users\22448\Downloads\重生虫心0.71汉化版（新）\reborn_workrepo\合作指挥官版起义狂潮\Mods\XM\XMAlarak.SC2Mod\Base.SC2Data\GameData\ActorData.xml
FenixAltarOfPsiStormsResearchColossus	CActorModel	mods/starcoop/starcoop.sc2mod/base.sc2data/gamedata/actordata.xml	C:\Users\22448\Downloads\重生虫心0.71汉化版（新）\reborn_workrepo\合作指挥官版起义狂潮\Mods\XM\XMAlarak.SC2Mod\Base.SC2Data\GameData\ActorData.xml
FenixAltarOfPsiStormsResearchImmortal	CActorModel	mods/starcoop/starcoop.sc2mod/base.sc2data/gamedata/actordata.xml	C:\Users\22448\Downloads\重生虫心0.71汉化版（新）\reborn_workrepo\合作指挥官版起义狂潮\Mods\XM\XMAlarak.SC2Mod\Base.SC2Data\GameData\ActorData.xml
FenixAltarOfPsiStormsResearchModelBase	CActorModel	mods/starcoop/starcoop.sc2mod/base.sc2data/gamedata/actordata.xml	C:\Users\22448\Downloads\重生虫心0.71汉化版（新）\reborn_workrepo\合作指挥官版起义狂潮\Mods\XM\XMAlarak.SC2Mod\Base.SC2Data\GameData\ActorData.xml
FenixAltarOfPsiStormsResearchScout	CActorModel	mods/starcoop/starcoop.sc2mod/base.sc2data/gamedata/actordata.xml	C:\Users\22448\Downloads\重生虫心0.71汉化版（新）\reborn_workrepo\合作指挥官版起义狂潮\Mods\XM\XMAlarak.SC2Mod\Base.SC2Data\GameData\ActorData.xml
FenixAltarOfPsiStormsResearchZealot	CActorModel	mods/starcoop/starcoop.sc2mod/base.sc2data/gamedata/actordata.xml	C:\Users\22448\Downloads\重生虫心0.71汉化版（新）\reborn_workrepo\合作指挥官版起义狂潮\Mods\XM\XMAlarak.SC2Mod\Base.SC2Data\GameData\ActorData.xml
FenixArbiter	CActorUnit	mods/starcoop/starcoop.sc2mod/base.sc2data/gamedata/actordata.xml	C:\Users\22448\Downloads\重生虫心0.71汉化版（新）\reborn_workrepo\合作指挥官版起义狂潮\Mods\XM\XMAlarak.SC2Mod\Base.SC2Data\GameData\ActorData.xml
FenixChampionSwapImpactAdept	CActorModel	mods/starcoop/starcoop.sc2mod/base.sc2data/gamedata/actordata.xml	C:\Users\22448\Downloads\重生虫心0.71汉化版（新）\reborn_workrepo\合作指挥官版起义狂潮\Mods\XM\XMAlarak.SC2Mod\Base.SC2Data\GameData\ActorData.xml
FenixChampionSwapImpactBase	CActorModel	mods/starcoop/starcoop.sc2mod/base.sc2data/gamedata/actordata.xml	C:\Users\22448\Downloads\重生虫心0.71汉化版（新）\reborn_workrepo\合作指挥官版起义狂潮\Mods\XM\XMAlarak.SC2Mod\Base.SC2Data\GameData\ActorData.xml
FenixChampionSwapImpactCarrier	CActorModel	mods/starcoop/starcoop.sc2mod/base.sc2data/gamedata/actordata.xml	C:\Users\22448\Downloads\重生虫心0.71汉化版（新）\reborn_workrepo\合作指挥官版起义狂潮\Mods\XM\XMAlarak.SC2Mod\Base.SC2Data\GameData\ActorData.xml
FenixChampionSwapImpactColossus	CActorModel	mods/starcoop/starcoop.sc2mod/base.sc2data/gamedata/actordata.xml	C:\Users\22448\Downloads\重生虫心0.71汉化版（新）\reborn_workrepo\合作指挥官版起义狂潮\Mods\XM\XMAlarak.SC2Mod\Base.SC2Data\GameData\ActorData.xml
FenixChampionSwapImpactImmortal	CActorModel	mods/starcoop/starcoop.sc2mod/base.sc2data/gamedata/actordata.xml	C:\Users\22448\Downloads\重生虫心0.71汉化版（新）\reborn_workrepo\合作指挥官版起义狂潮\Mods\XM\XMAlarak.SC2Mod\Base.SC2Data\GameData\ActorData.xml
FenixChampionSwapImpactScout	CActorModel	mods/starcoop/starcoop.sc2mod/base.sc2data/gamedata/actordata.xml	C:\Users\22448\Downloads\重生虫心0.71汉化版（新）\reborn_workrepo\合作指挥官版起义狂潮\Mods\XM\XMAlarak.SC2Mod\Base.SC2Data\GameData\ActorData.xml
FenixChampionSwapImpactZealot	CActorModel	mods/starcoop/starcoop.sc2mod/base.sc2data/gamedata/actordata.xml	C:\Users\22448\Downloads\重生虫心0.71汉化版（新）\reborn_workrepo\合作指挥官版起义狂潮\Mods\XM\XMAlarak.SC2Mod\Base.SC2Data\GameData\ActorData.xml
FenixClolarionBomber	CActorUnit	mods/starcoop/starcoop.sc2mod/base.sc2data/gamedata/actordata.xml	C:\Users\22448\Downloads\重生虫心0.71汉化版（新）\reborn_workrepo\合作指挥官版起义狂潮\Mods\XM\XMAlarak.SC2Mod\Base.SC2Data\GameData\ActorData.xml
FenixClolarionBomberCarryWeapon	CActorModel	mods/starcoop/starcoop.sc2mod/base.sc2data/gamedata/actordata.xml	C:\Users\22448\Downloads\重生虫心0.71汉化版（新）\reborn_workrepo\合作指挥官版起义狂潮\Mods\XM\XMAlarak.SC2Mod\Base.SC2Data\GameData\ActorData.xml
FenixClolarionCarrier	CActorUnit	mods/starcoop/starcoop.sc2mod/base.sc2data/gamedata/actordata.xml	C:\Users\22448\Downloads\重生虫心0.71汉化版（新）\reborn_workrepo\合作指挥官版起义狂潮\Mods\XM\XMAlarak.SC2Mod\Base.SC2Data\GameData\ActorData.xml
FenixClolarionInterceptor	CActorUnit	mods/starcoop/starcoop.sc2mod/base.sc2data/gamedata/actordata.xml	C:\Users\22448\Downloads\重生虫心0.71汉化版（新）\reborn_workrepo\合作指挥官版起义狂潮\Mods\XM\XMAlarak.SC2Mod\Base.SC2Data\GameData\ActorData.xml
FenixClolarionLoopSound1	CActorSound	mods/starcoop/starcoop.sc2mod/base.sc2data/gamedata/actordata.xml	C:\Users\22448\Downloads\重生虫心0.71汉化版（新）\reborn_workrepo\合作指挥官版起义狂潮\Mods\XM\XMAlarak.SC2Mod\Base.SC2Data\GameData\ActorData.xml
FenixClolarionLoopSound2	CActorSound	mods/starcoop/starcoop.sc2mod/base.sc2data/gamedata/actordata.xml	C:\Users\22448\Downloads\重生虫心0.71汉化版（新）\reborn_workrepo\合作指挥官版起义狂潮\Mods\XM\XMAlarak.SC2Mod\Base.SC2Data\GameData\ActorData.xml
FenixClolarionLoopSound3	CActorSound	mods/starcoop/starcoop.sc2mod/base.sc2data/gamedata/actordata.xml	C:\Users\22448\Downloads\重生虫心0.71汉化版（新）\reborn_workrepo\合作指挥官版起义狂潮\Mods\XM\XMAlarak.SC2Mod\Base.SC2Data\GameData\ActorData.xml
FenixCoop	CActorUnit	mods/starcoop/starcoop.sc2mod/base.sc2data/gamedata/actordata.xml	C:\Users\22448\Downloads\重生虫心0.71汉化版（新）\reborn_workrepo\合作指挥官版起义狂潮\Mods\XM\XMAlarak.SC2Mod\Base.SC2Data\GameData\ActorData.xml
FenixDragoon	CActorUnit	mods/starcoop/starcoop.sc2mod/base.sc2data/gamedata/actordata.xml	C:\Users\22448\Downloads\重生虫心0.71汉化版（新）\reborn_workrepo\合作指挥官版起义狂潮\Mods\XM\XMAlarak.SC2Mod\Base.SC2Data\GameData\ActorData.xml
FenixKaldalisZealot	CActorUnit	mods/starcoop/starcoop.sc2mod/base.sc2data/gamedata/actordata.xml	C:\Users\22448\Downloads\重生虫心0.71汉化版（新）\reborn_workrepo\合作指挥官版起义狂潮\Mods\XM\XMAlarak.SC2Mod\Base.SC2Data\GameData\ActorData.xml
FenixKaldalisZealotChargeThrust	CActorModel	mods/starcoop/starcoop.sc2mod/base.sc2data/gamedata/actordata.xml	C:\Users\22448\Downloads\重生虫心0.71汉化版（新）\reborn_workrepo\合作指挥官版起义狂潮\Mods\XM\XMAlarak.SC2Mod\Base.SC2Data\GameData\ActorData.xml
FenixKaldalisZealotCleaveModel	CActorModel	mods/starcoop/starcoop.sc2mod/base.sc2data/gamedata/actordata.xml	C:\Users\22448\Downloads\重生虫心0.71汉化版（新）\reborn_workrepo\合作指挥官版起义狂潮\Mods\XM\XMAlarak.SC2Mod\Base.SC2Data\GameData\ActorData.xml
FenixKaldalisZealotCleaveSwipeModel	CActorModel	mods/starcoop/starcoop.sc2mod/base.sc2data/gamedata/actordata.xml	C:\Users\22448\Downloads\重生虫心0.71汉化版（新）\reborn_workrepo\合作指挥官版起义狂潮\Mods\XM\XMAlarak.SC2Mod\Base.SC2Data\GameData\ActorData.xml
FenixKaldalisZealotReviveCorpse	CActorUnit	mods/starcoop/starcoop.sc2mod/base.sc2data/gamedata/actordata.xml	C:\Users\22448\Downloads\重生虫心0.71汉化版（新）\reborn_workrepo\合作指挥官版起义狂潮\Mods\XM\XMAlarak.SC2Mod\Base.SC2Data\GameData\ActorData.xml
FenixMojoScout	CActorUnit	mods/starcoop/starcoop.sc2mod/base.sc2data/gamedata/actordata.xml	C:\Users\22448\Downloads\重生虫心0.71汉化版（新）\reborn_workrepo\合作指挥官版起义狂潮\Mods\XM\XMAlarak.SC2Mod\Base.SC2Data\GameData\ActorData.xml
FenixProbiusProbe	CActorUnit	mods/starcoop/starcoop.sc2mod/base.sc2data/gamedata/actordata.xml	C:\Users\22448\Downloads\重生虫心0.71汉化版（新）\reborn_workrepo\合作指挥官版起义狂潮\Mods\XM\XMAlarak.SC2Mod\Base.SC2Data\GameData\ActorData.xml
FenixTaldarinImmortal	CActorUnit	mods/starcoop/starcoop.sc2mod/base.sc2data/gamedata/actordata.xml	C:\Users\22448\Downloads\重生虫心0.71汉化版（新）\reborn_workrepo\合作指挥官版起义狂潮\Mods\XM\XMAlarak.SC2Mod\Base.SC2Data\GameData\ActorData.xml
FenixTalisAdept	CActorUnit	mods/starcoop/starcoop.sc2mod/base.sc2data/gamedata/actordata.xml	C:\Users\22448\Downloads\重生虫心0.71汉化版（新）\reborn_workrepo\合作指挥官版起义狂潮\Mods\XM\XMAlarak.SC2Mod\Base.SC2Data\GameData\ActorData.xml
FenixTalisAdept_Land	CActorSound	mods/starcoop/starcoop.sc2mod/base.sc2data/gamedata/actordata.xml	C:\Users\22448\Downloads\重生虫心0.71汉化版（新）\reborn_workrepo\合作指挥官版起义狂潮\Mods\XM\XMAlarak.SC2Mod\Base.SC2Data\GameData\ActorData.xml
FenixTalisAdeptDeathRagdoll	CActorModel	mods/starcoop/starcoop.sc2mod/base.sc2data/gamedata/actordata.xml	C:\Users\22448\Downloads\重生虫心0.71汉化版（新）\reborn_workrepo\合作指挥官版起义狂潮\Mods\XM\XMAlarak.SC2Mod\Base.SC2Data\GameData\ActorData.xml
FenixTalisAdeptPhaseShift	CActorUnit	mods/starcoop/starcoop.sc2mod/base.sc2data/gamedata/actordata.xml	C:\Users\22448\Downloads\重生虫心0.71汉化版（新）\reborn_workrepo\合作指挥官版起义狂潮\Mods\XM\XMAlarak.SC2Mod\Base.SC2Data\GameData\ActorData.xml
FenixTalisAdeptProtossSpiritDeathModel	CActorModel	mods/starcoop/starcoop.sc2mod/base.sc2data/gamedata/actordata.xml	C:\Users\22448\Downloads\重生虫心0.71汉化版（新）\reborn_workrepo\合作指挥官版起义狂潮\Mods\XM\XMAlarak.SC2Mod\Base.SC2Data\GameData\ActorData.xml
FenixTalisAdeptSpiritIn	CActorModel	mods/starcoop/starcoop.sc2mod/base.sc2data/gamedata/actordata.xml	C:\Users\22448\Downloads\重生虫心0.71汉化版（新）\reborn_workrepo\合作指挥官版起义狂潮\Mods\XM\XMAlarak.SC2Mod\Base.SC2Data\GameData\ActorData.xml
FenixTalisAdeptSpiritInSound	CActorSound	mods/starcoop/starcoop.sc2mod/base.sc2data/gamedata/actordata.xml	C:\Users\22448\Downloads\重生虫心0.71汉化版（新）\reborn_workrepo\合作指挥官版起义狂潮\Mods\XM\XMAlarak.SC2Mod\Base.SC2Data\GameData\ActorData.xml
FenixTalisAdeptSpiritSpawn	CActorModel	mods/starcoop/starcoop.sc2mod/base.sc2data/gamedata/actordata.xml	C:\Users\22448\Downloads\重生虫心0.71汉化版（新）\reborn_workrepo\合作指挥官版起义狂潮\Mods\XM\XMAlarak.SC2Mod\Base.SC2Data\GameData\ActorData.xml
FenixWarbringerColossus	CActorUnit	mods/starcoop/starcoop.sc2mod/base.sc2data/gamedata/actordata.xml	C:\Users\22448\Downloads\重生虫心0.71汉化版（新）\reborn_workrepo\合作指挥官版起义狂潮\Mods\XM\XMAlarak.SC2Mod\Base.SC2Data\GameData\ActorData.xml
FenixWarbringerColossusAttackBeam	CActorBeamSimple	mods/starcoop/starcoop.sc2mod/base.sc2data/gamedata/actordata.xml	C:\Users\22448\Downloads\重生虫心0.71汉化版（新）\reborn_workrepo\合作指挥官版起义狂潮\Mods\XM\XMAlarak.SC2Mod\Base.SC2Data\GameData\ActorData.xml
FenixWarbringerColossusAttackBeamImpact	CActorModel	mods/starcoop/starcoop.sc2mod/base.sc2data/gamedata/actordata.xml	C:\Users\22448\Downloads\重生虫心0.71汉化版（新）\reborn_workrepo\合作指挥官版起义狂潮\Mods\XM\XMAlarak.SC2Mod\Base.SC2Data\GameData\ActorData.xml
FenixWarbringerColossusAttackBeamImpactReverse	CActorModel	mods/starcoop/starcoop.sc2mod/base.sc2data/gamedata/actordata.xml	C:\Users\22448\Downloads\重生虫心0.71汉化版（新）\reborn_workrepo\合作指挥官版起义狂潮\Mods\XM\XMAlarak.SC2Mod\Base.SC2Data\GameData\ActorData.xml
FenixWarbringerColossusAttackBeamReverse	CActorBeamSimple	mods/starcoop/starcoop.sc2mod/base.sc2data/gamedata/actordata.xml	C:\Users\22448\Downloads\重生虫心0.71汉化版（新）\reborn_workrepo\合作指挥官版起义狂潮\Mods\XM\XMAlarak.SC2Mod\Base.SC2Data\GameData\ActorData.xml
FenixWarbringerColossusAttackImpactSite	CActorSiteMover	mods/starcoop/starcoop.sc2mod/base.sc2data/gamedata/actordata.xml	C:\Users\22448\Downloads\重生虫心0.71汉化版（新）\reborn_workrepo\合作指挥官版起义狂潮\Mods\XM\XMAlarak.SC2Mod\Base.SC2Data\GameData\ActorData.xml
FenixWarbringerColossusAttackImpactSiteReverse	CActorSiteMover	mods/starcoop/starcoop.sc2mod/base.sc2data/gamedata/actordata.xml	C:\Users\22448\Downloads\重生虫心0.71汉化版（新）\reborn_workrepo\合作指挥官版起义狂潮\Mods\XM\XMAlarak.SC2Mod\Base.SC2Data\GameData\ActorData.xml
FenixWarbringerColossusAttackLaunchSite	CActorSite	mods/starcoop/starcoop.sc2mod/base.sc2data/gamedata/actordata.xml	C:\Users\22448\Downloads\重生虫心0.71汉化版（新）\reborn_workrepo\合作指挥官版起义狂潮\Mods\XM\XMAlarak.SC2Mod\Base.SC2Data\GameData\ActorData.xml
FenixWarbringerColossusAttackLaunchSiteReverse	CActorSite	mods/starcoop/starcoop.sc2mod/base.sc2data/gamedata/actordata.xml	C:\Users\22448\Downloads\重生虫心0.71汉化版（新）\reborn_workrepo\合作指挥官版起义狂潮\Mods\XM\XMAlarak.SC2Mod\Base.SC2Data\GameData\ActorData.xml
FenixWarbringerColossusPowerShotPowerUpModel	CActorModel	mods/starcoop/starcoop.sc2mod/base.sc2data/gamedata/actordata.xml	C:\Users\22448\Downloads\重生虫心0.71汉化版（新）\reborn_workrepo\合作指挥官版起义狂潮\Mods\XM\XMAlarak.SC2Mod\Base.SC2Data\GameData\ActorData.xml
ForceField	CActorUnit	mods/starcoop/starcoop.sc2mod/base.sc2data/gamedata/actordata.xml	C:\Users\22448\Downloads\重生虫心0.71汉化版（新）\reborn_workrepo\合作指挥官版起义狂潮\Mods\XM\XMAlarak.SC2Mod\Base.SC2Data\GameData\ActorData.xml
Gateway	CActorUnit	mods/starcoop/starcoop.sc2mod/base.sc2data/gamedata/actordata.xml	C:\Users\22448\Downloads\重生虫心0.71汉化版（新）\reborn_workrepo\合作指挥官版起义狂潮\Mods\XM\XMAlarak.SC2Mod\Base.SC2Data\GameData\ActorData.xml
GhostAcademyNova	CActorUnit	mods/starcoop/starcoop.sc2mod/base.sc2data/gamedata/actordata.xml	C:\Users\22448\Downloads\重生虫心0.71汉化版（新）\reborn_workrepo\合作指挥官版起义狂潮\Mods\XM\XMAlarak.SC2Mod\Base.SC2Data\GameData\ActorData.xml
GlazeFenixChampionUnit	CActorModelMaterial	mods/starcoop/starcoop.sc2mod/base.sc2data/gamedata/actordata.xml	C:\Users\22448\Downloads\重生虫心0.71汉化版（新）\reborn_workrepo\合作指挥官版起义狂潮\Mods\XM\XMAlarak.SC2Mod\Base.SC2Data\GameData\ActorData.xml
HHStarport	CActorUnit	mods/starcoop/starcoop.sc2mod/base.sc2data/gamedata/actordata.xml	C:\Users\22448\Downloads\重生虫心0.71汉化版（新）\reborn_workrepo\合作指挥官版起义狂潮\Mods\XM\XMAlarak.SC2Mod\Base.SC2Data\GameData\ActorData.xml
HighTemplar	CActorUnit	mods/starcoop/starcoop.sc2mod/base.sc2data/gamedata/actordata.xml	C:\Users\22448\Downloads\重生虫心0.71汉化版（新）\reborn_workrepo\合作指挥官版起义狂潮\Mods\XM\XMAlarak.SC2Mod\Base.SC2Data\GameData\ActorData.xml
HighTemplarTaldarim	CActorUnit	mods/starcoop/starcoop.sc2mod/base.sc2data/gamedata/actordata.xml	C:\Users\22448\Downloads\重生虫心0.71汉化版（新）\reborn_workrepo\合作指挥官版起义狂潮\Mods\XM\XMAlarak.SC2Mod\Base.SC2Data\GameData\ActorData.xml
Immortal	CActorUnit	mods/starcoop/starcoop.sc2mod/base.sc2data/gamedata/actordata.xml	C:\Users\22448\Downloads\重生虫心0.71汉化版（新）\reborn_workrepo\合作指挥官版起义狂潮\Mods\XM\XMAlarak.SC2Mod\Base.SC2Data\GameData\ActorData.xml
ImmortalTaldarim	CActorUnit	mods/starcoop/starcoop.sc2mod/base.sc2data/gamedata/actordata.xml	C:\Users\22448\Downloads\重生虫心0.71汉化版（新）\reborn_workrepo\合作指挥官版起义狂潮\Mods\XM\XMAlarak.SC2Mod\Base.SC2Data\GameData\ActorData.xml
K5Kerrigan	CActorMissile	mods/starcoop/starcoop.sc2mod/base.sc2data/gamedata/actordata.xml	C:\Users\22448\Downloads\重生虫心0.71汉化版（新）\reborn_workrepo\合作指挥官版起义狂潮\Mods\XM\XMAlarak.SC2Mod\Base.SC2Data\GameData\ActorData.xml
KerriganReviveCocoon	CActorUnit	mods/starcoop/starcoop.sc2mod/base.sc2data/gamedata/actordata.xml	C:\Users\22448\Downloads\重生虫心0.71汉化版（新）\reborn_workrepo\合作指挥官版起义狂潮\Mods\XM\XMAlarak.SC2Mod\Base.SC2Data\GameData\ActorData.xml
KhaydarinMonolith	CActorUnit	mods/starcoop/starcoop.sc2mod/base.sc2data/gamedata/actordata.xml	C:\Users\22448\Downloads\重生虫心0.71汉化版（新）\reborn_workrepo\合作指挥官版起义狂潮\Mods\XM\XMAlarak.SC2Mod\Base.SC2Data\GameData\ActorData.xml
Monitor	CActorUnit	mods/starcoop/starcoop.sc2mod/base.sc2data/gamedata/actordata.xml	C:\Users\22448\Downloads\重生虫心0.71汉化版（新）\reborn_workrepo\合作指挥官版起义狂潮\Mods\XM\XMAlarak.SC2Mod\Base.SC2Data\GameData\ActorData.xml
MutatorImmunetoPlayer1	CActorModel	mods/starcoop/starcoop.sc2mod/base.sc2data/gamedata/actordata.xml	C:\Users\22448\Downloads\重生虫心0.71汉化版（新）\reborn_workrepo\合作指挥官版起义狂潮\Mods\XM\XMAlarak.SC2Mod\Base.SC2Data\GameData\ActorData.xml
MutatorImmunetoPlayer2	CActorModel	mods/starcoop/starcoop.sc2mod/base.sc2data/gamedata/actordata.xml	C:\Users\22448\Downloads\重生虫心0.71汉化版（新）\reborn_workrepo\合作指挥官版起义狂潮\Mods\XM\XMAlarak.SC2Mod\Base.SC2Data\GameData\ActorData.xml
MutatorWorkerSleep	CActorModel	mods/starcoop/starcoop.sc2mod/base.sc2data/gamedata/actordata.xml	C:\Users\22448\Downloads\重生虫心0.71汉化版（新）\reborn_workrepo\合作指挥官版起义狂潮\Mods\XM\XMAlarak.SC2Mod\Base.SC2Data\GameData\ActorData.xml
Nexus	CActorUnit	mods/starcoop/starcoop.sc2mod/base.sc2data/gamedata/actordata.xml	C:\Users\22448\Downloads\重生虫心0.71汉化版（新）\reborn_workrepo\合作指挥官版起义狂潮\Mods\XM\XMAlarak.SC2Mod\Base.SC2Data\GameData\ActorData.xml
NovaCoop	CActorMissile	mods/starcoop/starcoop.sc2mod/base.sc2data/gamedata/actordata.xml	C:\Users\22448\Downloads\重生虫心0.71汉化版（新）\reborn_workrepo\合作指挥官版起义狂潮\Mods\XM\XMAlarak.SC2Mod\Base.SC2Data\GameData\ActorData.xml
Observer	CActorUnit	mods/starcoop/starcoop.sc2mod/base.sc2data/gamedata/actordata.xml	C:\Users\22448\Downloads\重生虫心0.71汉化版（新）\reborn_workrepo\合作指挥官版起义狂潮\Mods\XM\XMAlarak.SC2Mod\Base.SC2Data\GameData\ActorData.xml
PhysicsDeathsVoidGround	CActorEventMacro	mods/starcoop/starcoop.sc2mod/base.sc2data/gamedata/actordata.xml	C:\Users\22448\Downloads\重生虫心0.71汉化版（新）\reborn_workrepo\合作指挥官版起义狂潮\Mods\XM\XMAlarak.SC2Mod\Base.SC2Data\GameData\ActorData.xml
PitAlarak	CActorUnit	mods/starcoop/starcoop.sc2mod/base.sc2data/gamedata/actordata.xml	C:\Users\22448\Downloads\重生虫心0.71汉化版（新）\reborn_workrepo\合作指挥官版起义狂潮\Mods\XM\XMAlarak.SC2Mod\Base.SC2Data\GameData\ActorData.xml
PlacementModel	CActorModel	mods/starcoop/starcoop.sc2mod/base.sc2data/gamedata/actordata.xml	C:\Users\22448\Downloads\重生虫心0.71汉化版（新）\reborn_workrepo\合作指挥官版起义狂潮\Mods\XM\XMAlarak.SC2Mod\Base.SC2Data\GameData\ActorData.xml
ProtossGenericWarpInOut	CActorModel	mods/starcoop/starcoop.sc2mod/base.sc2data/gamedata/actordata.xml	C:\Users\22448\Downloads\重生虫心0.71汉化版（新）\reborn_workrepo\合作指挥官版起义狂潮\Mods\XM\XMAlarak.SC2Mod\Base.SC2Data\GameData\ActorData.xml
PurifierConclave_TrainFinish	CActorSound	mods/starcoop/starcoop.sc2mod/base.sc2data/gamedata/actordata.xml	C:\Users\22448\Downloads\重生虫心0.71汉化版（新）\reborn_workrepo\合作指挥官版起义狂潮\Mods\XM\XMAlarak.SC2Mod\Base.SC2Data\GameData\ActorData.xml
PurifierConclave_TrainLoop	CActorSound	mods/starcoop/starcoop.sc2mod/base.sc2data/gamedata/actordata.xml	C:\Users\22448\Downloads\重生虫心0.71汉化版（新）\reborn_workrepo\合作指挥官版起义狂潮\Mods\XM\XMAlarak.SC2Mod\Base.SC2Data\GameData\ActorData.xml
PurifierConclave_TrainStart	CActorSound	mods/starcoop/starcoop.sc2mod/base.sc2data/gamedata/actordata.xml	C:\Users\22448\Downloads\重生虫心0.71汉化版（新）\reborn_workrepo\合作指挥官版起义狂潮\Mods\XM\XMAlarak.SC2Mod\Base.SC2Data\GameData\ActorData.xml
Pylon	CActorUnit	mods/starcoop/starcoop.sc2mod/base.sc2data/gamedata/actordata.xml	C:\Users\22448\Downloads\重生虫心0.71汉化版（新）\reborn_workrepo\合作指挥官版起义狂潮\Mods\XM\XMAlarak.SC2Mod\Base.SC2Data\GameData\ActorData.xml
QueueAnim	CActorEventMacro	mods/starcoop/starcoop.sc2mod/base.sc2data/gamedata/actordata.xml	C:\Users\22448\Downloads\重生虫心0.71汉化版（新）\reborn_workrepo\合作指挥官版起义狂潮\Mods\XM\XMAlarak.SC2Mod\Base.SC2Data\GameData\ActorData.xml
RoboticsFacilityWarp	CActorUnit	mods/starcoop/starcoop.sc2mod/base.sc2data/gamedata/actordata.xml	C:\Users\22448\Downloads\重生虫心0.71汉化版（新）\reborn_workrepo\合作指挥官版起义狂潮\Mods\XM\XMAlarak.SC2Mod\Base.SC2Data\GameData\ActorData.xml
ScienceVessel	CActorUnit	mods/starcoop/starcoop.sc2mod/base.sc2data/gamedata/actordata.xml	C:\Users\22448\Downloads\重生虫心0.71汉化版（新）\reborn_workrepo\合作指挥官版起义狂潮\Mods\XM\XMAlarak.SC2Mod\Base.SC2Data\GameData\ActorData.xml
ScourgeNest	CActorUnit	mods/starcoop/starcoop.sc2mod/base.sc2data/gamedata/actordata.xml	C:\Users\22448\Downloads\重生虫心0.71汉化版（新）\reborn_workrepo\合作指挥官版起义狂潮\Mods\XM\XMAlarak.SC2Mod\Base.SC2Data\GameData\ActorData.xml
Scout	CActorUnit	mods/starcoop/starcoop.sc2mod/base.sc2data/gamedata/actordata.xml	C:\Users\22448\Downloads\重生虫心0.71汉化版（新）\reborn_workrepo\合作指挥官版起义狂潮\Mods\XM\XMAlarak.SC2Mod\Base.SC2Data\GameData\ActorData.xml
Scout_Land	CActorSound	mods/starcoop/starcoop.sc2mod/base.sc2data/gamedata/actordata.xml	C:\Users\22448\Downloads\重生虫心0.71汉化版（新）\reborn_workrepo\合作指挥官版起义狂潮\Mods\XM\XMAlarak.SC2Mod\Base.SC2Data\GameData\ActorData.xml
SentryFenix	CActorUnit	mods/starcoop/starcoop.sc2mod/base.sc2data/gamedata/actordata.xml	C:\Users\22448\Downloads\重生虫心0.71汉化版（新）\reborn_workrepo\合作指挥官版起义狂潮\Mods\XM\XMAlarak.SC2Mod\Base.SC2Data\GameData\ActorData.xml
SentryFenixPhasing	CActorUnit	mods/starcoop/starcoop.sc2mod/base.sc2data/gamedata/actordata.xml	C:\Users\22448\Downloads\重生虫心0.71汉化版（新）\reborn_workrepo\合作指挥官版起义狂潮\Mods\XM\XMAlarak.SC2Mod\Base.SC2Data\GameData\ActorData.xml
ShieldBattery	CActorUnit	mods/starcoop/starcoop.sc2mod/base.sc2data/gamedata/actordata.xml	C:\Users\22448\Downloads\重生虫心0.71汉化版（新）\reborn_workrepo\合作指挥官版起义狂潮\Mods\XM\XMAlarak.SC2Mod\Base.SC2Data\GameData\ActorData.xml
ShieldBatteryStructureBarrier	CActorModelMaterial	mods/starcoop/starcoop.sc2mod/base.sc2data/gamedata/actordata.xml	C:\Users\22448\Downloads\重生虫心0.71汉化版（新）\reborn_workrepo\合作指挥官版起义狂潮\Mods\XM\XMAlarak.SC2Mod\Base.SC2Data\GameData\ActorData.xml
SICivilianStructure	CActorUnit	mods/starcoop/starcoop.sc2mod/base.sc2data/gamedata/actordata.xml	C:\Users\22448\Downloads\重生虫心0.71汉化版（新）\reborn_workrepo\合作指挥官版起义狂潮\Mods\XM\XMAlarak.SC2Mod\Base.SC2Data\GameData\ActorData.xml
Snapshot	CActorSnapshot	mods/starcoop/starcoop.sc2mod/base.sc2data/gamedata/actordata.xml	C:\Users\22448\Downloads\重生虫心0.71汉化版（新）\reborn_workrepo\合作指挥官版起义狂潮\Mods\XM\XMAlarak.SC2Mod\Base.SC2Data\GameData\ActorData.xml
SnapshotZenithStone	CActorSnapshot	mods/starcoop/starcoop.sc2mod/base.sc2data/gamedata/actordata.xml	C:\Users\22448\Downloads\重生虫心0.71汉化版（新）\reborn_workrepo\合作指挥官版起义狂潮\Mods\XM\XMAlarak.SC2Mod\Base.SC2Data\GameData\ActorData.xml
SoACasterArtanis	CActorUnit	mods/starcoop/starcoop.sc2mod/base.sc2data/gamedata/actordata.xml	C:\Users\22448\Downloads\重生虫心0.71汉化版（新）\reborn_workrepo\合作指挥官版起义狂潮\Mods\XM\XMAlarak.SC2Mod\Base.SC2Data\GameData\ActorData.xml
SoACasterFenix	CActorUnit	mods/starcoop/starcoop.sc2mod/base.sc2data/gamedata/actordata.xml	C:\Users\22448\Downloads\重生虫心0.71汉化版（新）\reborn_workrepo\合作指挥官版起义狂潮\Mods\XM\XMAlarak.SC2Mod\Base.SC2Data\GameData\ActorData.xml
SoACasterKarax	CActorUnit	mods/starcoop/starcoop.sc2mod/base.sc2data/gamedata/actordata.xml	C:\Users\22448\Downloads\重生虫心0.71汉化版（新）\reborn_workrepo\合作指挥官版起义狂潮\Mods\XM\XMAlarak.SC2Mod\Base.SC2Data\GameData\ActorData.xml
SoACasterVorazun	CActorUnit	mods/starcoop/starcoop.sc2mod/base.sc2data/gamedata/actordata.xml	C:\Users\22448\Downloads\重生虫心0.71汉化版（新）\reborn_workrepo\合作指挥官版起义狂潮\Mods\XM\XMAlarak.SC2Mod\Base.SC2Data\GameData\ActorData.xml
SOAMapWideChrono	CActorModel	mods/starcoop/starcoop.sc2mod/base.sc2data/gamedata/actordata.xml	C:\Users\22448\Downloads\重生虫心0.71汉化版（新）\reborn_workrepo\合作指挥官版起义狂潮\Mods\XM\XMAlarak.SC2Mod\Base.SC2Data\GameData\ActorData.xml
SOAMothershipv4	CActorUnit	mods/starcoop/starcoop.sc2mod/base.sc2data/gamedata/actordata.xml	C:\Users\22448\Downloads\重生虫心0.71汉化版（新）\reborn_workrepo\合作指挥官版起义狂潮\Mods\XM\XMAlarak.SC2Mod\Base.SC2Data\GameData\ActorData.xml
SOARepairBeam	CActorModel	mods/starcoop/starcoop.sc2mod/base.sc2data/gamedata/actordata.xml	C:\Users\22448\Downloads\重生虫心0.71汉化版（新）\reborn_workrepo\合作指挥官版起义狂潮\Mods\XM\XMAlarak.SC2Mod\Base.SC2Data\GameData\ActorData.xml
SOARepairBeamImpact	CActorModel	mods/starcoop/starcoop.sc2mod/base.sc2data/gamedata/actordata.xml	C:\Users\22448\Downloads\重生虫心0.71汉化版（新）\reborn_workrepo\合作指挥官版起义狂潮\Mods\XM\XMAlarak.SC2Mod\Base.SC2Data\GameData\ActorData.xml
SOARepairBeamImpact_AS	CActorSound	mods/starcoop/starcoop.sc2mod/base.sc2data/gamedata/actordata.xml	C:\Users\22448\Downloads\重生虫心0.71汉化版（新）\reborn_workrepo\合作指挥官版起义狂潮\Mods\XM\XMAlarak.SC2Mod\Base.SC2Data\GameData\ActorData.xml
SOASummonFenixWarpIn	CActorModel	mods/starcoop/starcoop.sc2mod/base.sc2data/gamedata/actordata.xml	C:\Users\22448\Downloads\重生虫心0.71汉化版（新）\reborn_workrepo\合作指挥官版起义狂潮\Mods\XM\XMAlarak.SC2Mod\Base.SC2Data\GameData\ActorData.xml
SolarForge	CActorUnit	mods/starcoop/starcoop.sc2mod/base.sc2data/gamedata/actordata.xml	C:\Users\22448\Downloads\重生虫心0.71汉化版（新）\reborn_workrepo\合作指挥官版起义狂潮\Mods\XM\XMAlarak.SC2Mod\Base.SC2Data\GameData\ActorData.xml
SolarForgeBeam	CActorModel	mods/starcoop/starcoop.sc2mod/base.sc2data/gamedata/actordata.xml	C:\Users\22448\Downloads\重生虫心0.71汉化版（新）\reborn_workrepo\合作指挥官版起义狂潮\Mods\XM\XMAlarak.SC2Mod\Base.SC2Data\GameData\ActorData.xml
SolarForgeBeamPickupText	CActorText	mods/starcoop/starcoop.sc2mod/base.sc2data/gamedata/actordata.xml	C:\Users\22448\Downloads\重生虫心0.71汉化版（新）\reborn_workrepo\合作指挥官版起义狂潮\Mods\XM\XMAlarak.SC2Mod\Base.SC2Data\GameData\ActorData.xml
SolarForgeDeath	CActorModel	mods/starcoop/starcoop.sc2mod/base.sc2data/gamedata/actordata.xml	C:\Users\22448\Downloads\重生虫心0.71汉化版（新）\reborn_workrepo\合作指挥官版起义狂潮\Mods\XM\XMAlarak.SC2Mod\Base.SC2Data\GameData\ActorData.xml
SOpBankerFenixClolarionCarrier	CActorSiteOpBankerUnit	mods/starcoop/starcoop.sc2mod/base.sc2data/gamedata/actordata.xml	C:\Users\22448\Downloads\重生虫心0.71汉化版（新）\reborn_workrepo\合作指挥官版起义狂潮\Mods\XM\XMAlarak.SC2Mod\Base.SC2Data\GameData\ActorData.xml
SOpDeathFleetPlacement	CActorSiteOpLocalOffset	mods/starcoop/starcoop.sc2mod/base.sc2data/gamedata/actordata.xml	C:\Users\22448\Downloads\重生虫心0.71汉化版（新）\reborn_workrepo\合作指挥官版起义狂潮\Mods\XM\XMAlarak.SC2Mod\Base.SC2Data\GameData\ActorData.xml
SOpSupplicantPlacementLeft	CActorSiteOpLocalOffset	mods/starcoop/starcoop.sc2mod/base.sc2data/gamedata/actordata.xml	C:\Users\22448\Downloads\重生虫心0.71汉化版（新）\reborn_workrepo\合作指挥官版起义狂潮\Mods\XM\XMAlarak.SC2Mod\Base.SC2Data\GameData\ActorData.xml
SOpSupplicantPlacementRight	CActorSiteOpLocalOffset	mods/starcoop/starcoop.sc2mod/base.sc2data/gamedata/actordata.xml	C:\Users\22448\Downloads\重生虫心0.71汉化版（新）\reborn_workrepo\合作指挥官版起义狂潮\Mods\XM\XMAlarak.SC2Mod\Base.SC2Data\GameData\ActorData.xml
SOpTerrazineHarvesterDeath	CActorSiteOpForward	mods/starcoop/starcoop.sc2mod/base.sc2data/gamedata/actordata.xml	C:\Users\22448\Downloads\重生虫心0.71汉化版（新）\reborn_workrepo\合作指挥官版起义狂潮\Mods\XM\XMAlarak.SC2Mod\Base.SC2Data\GameData\ActorData.xml
SquadSightAttachment	CActorModel	mods/starcoop/starcoop.sc2mod/base.sc2data/gamedata/actordata.xml	C:\Users\22448\Downloads\重生虫心0.71汉化版（新）\reborn_workrepo\合作指挥官版起义狂潮\Mods\XM\XMAlarak.SC2Mod\Base.SC2Data\GameData\ActorData.xml
Supplicant	CActorUnit	mods/starcoop/starcoop.sc2mod/base.sc2data/gamedata/actordata.xml	C:\Users\22448\Downloads\重生虫心0.71汉化版（新）\reborn_workrepo\合作指挥官版起义狂潮\Mods\XM\XMAlarak.SC2Mod\Base.SC2Data\GameData\ActorData.xml
Supplicant_Death	CActorSound	mods/starcoop/starcoop.sc2mod/base.sc2data/gamedata/actordata.xml	C:\Users\22448\Downloads\重生虫心0.71汉化版（新）\reborn_workrepo\合作指挥官版起义狂潮\Mods\XM\XMAlarak.SC2Mod\Base.SC2Data\GameData\ActorData.xml
SupplicantAttack	CActorAction	mods/starcoop/starcoop.sc2mod/base.sc2data/gamedata/actordata.xml	C:\Users\22448\Downloads\重生虫心0.71汉化版（新）\reborn_workrepo\合作指挥官版起义狂潮\Mods\XM\XMAlarak.SC2Mod\Base.SC2Data\GameData\ActorData.xml
SupplicantAttackMissile	CActorMissile	mods/starcoop/starcoop.sc2mod/base.sc2data/gamedata/actordata.xml	C:\Users\22448\Downloads\重生虫心0.71汉化版（新）\reborn_workrepo\合作指挥官版起义狂潮\Mods\XM\XMAlarak.SC2Mod\Base.SC2Data\GameData\ActorData.xml
SupplicantPlacementLeft	CActorModel	mods/starcoop/starcoop.sc2mod/base.sc2data/gamedata/actordata.xml	C:\Users\22448\Downloads\重生虫心0.71汉化版（新）\reborn_workrepo\合作指挥官版起义狂潮\Mods\XM\XMAlarak.SC2Mod\Base.SC2Data\GameData\ActorData.xml
SupplicantPlacementRight	CActorModel	mods/starcoop/starcoop.sc2mod/base.sc2data/gamedata/actordata.xml	C:\Users\22448\Downloads\重生虫心0.71汉化版（新）\reborn_workrepo\合作指挥官版起义狂潮\Mods\XM\XMAlarak.SC2Mod\Base.SC2Data\GameData\ActorData.xml
SupplicantSacrificeBeam	CActorBeamSimple	mods/starcoop/starcoop.sc2mod/base.sc2data/gamedata/actordata.xml	C:\Users\22448\Downloads\重生虫心0.71汉化版（新）\reborn_workrepo\合作指挥官版起义狂潮\Mods\XM\XMAlarak.SC2Mod\Base.SC2Data\GameData\ActorData.xml
SupplicantSacrificeBeamImpact	CActorModel	mods/starcoop/starcoop.sc2mod/base.sc2data/gamedata/actordata.xml	C:\Users\22448\Downloads\重生虫心0.71汉化版（新）\reborn_workrepo\合作指挥官版起义狂潮\Mods\XM\XMAlarak.SC2Mod\Base.SC2Data\GameData\ActorData.xml
SupplicantWarpTrainCreator	CActorUnit	mods/starcoop/starcoop.sc2mod/base.sc2data/gamedata/actordata.xml	C:\Users\22448\Downloads\重生虫心0.71汉化版（新）\reborn_workrepo\合作指挥官版起义狂潮\Mods\XM\XMAlarak.SC2Mod\Base.SC2Data\GameData\ActorData.xml
SupplicantWarpTrainDummy	CActorUnit	mods/starcoop/starcoop.sc2mod/base.sc2data/gamedata/actordata.xml	C:\Users\22448\Downloads\重生虫心0.71汉化版（新）\reborn_workrepo\合作指挥官版起义狂潮\Mods\XM\XMAlarak.SC2Mod\Base.SC2Data\GameData\ActorData.xml
Taldarin_BarrierOnSound	CActorSound	mods/starcoop/starcoop.sc2mod/base.sc2data/gamedata/actordata.xml	C:\Users\22448\Downloads\重生虫心0.71汉化版（新）\reborn_workrepo\合作指挥官版起义狂潮\Mods\XM\XMAlarak.SC2Mod\Base.SC2Data\GameData\ActorData.xml
Tempest	CActorUnit	mods/starcoop/starcoop.sc2mod/base.sc2data/gamedata/actordata.xml	C:\Users\22448\Downloads\重生虫心0.71汉化版（新）\reborn_workrepo\合作指挥官版起义狂潮\Mods\XM\XMAlarak.SC2Mod\Base.SC2Data\GameData\ActorData.xml
TemplarArchive	CActorUnit	mods/starcoop/starcoop.sc2mod/base.sc2data/gamedata/actordata.xml	C:\Users\22448\Downloads\重生虫心0.71汉化版（新）\reborn_workrepo\合作指挥官版起义狂潮\Mods\XM\XMAlarak.SC2Mod\Base.SC2Data\GameData\ActorData.xml
TerrazineHarvester	CActorUnit	mods/starcoop/starcoop.sc2mod/base.sc2data/gamedata/actordata.xml	C:\Users\22448\Downloads\重生虫心0.71汉化版（新）\reborn_workrepo\合作指挥官版起义狂潮\Mods\XM\XMAlarak.SC2Mod\Base.SC2Data\GameData\ActorData.xml
TerrazineHarvesterDeathModel	CActorModel	mods/starcoop/starcoop.sc2mod/base.sc2data/gamedata/actordata.xml	C:\Users\22448\Downloads\重生虫心0.71汉化版（新）\reborn_workrepo\合作指挥官版起义狂潮\Mods\XM\XMAlarak.SC2Mod\Base.SC2Data\GameData\ActorData.xml
ToxicNest	CActorUnit	mods/starcoop/starcoop.sc2mod/base.sc2data/gamedata/actordata.xml	C:\Users\22448\Downloads\重生虫心0.71汉化版（新）\reborn_workrepo\合作指挥官版起义狂潮\Mods\XM\XMAlarak.SC2Mod\Base.SC2Data\GameData\ActorData.xml
ToxicNestHitTest	CActorModel	mods/starcoop/starcoop.sc2mod/base.sc2data/gamedata/actordata.xml	C:\Users\22448\Downloads\重生虫心0.71汉化版（新）\reborn_workrepo\合作指挥官版起义狂潮\Mods\XM\XMAlarak.SC2Mod\Base.SC2Data\GameData\ActorData.xml
ToxicNestRangeSplat	CActorSplat	mods/starcoop/starcoop.sc2mod/base.sc2data/gamedata/actordata.xml	C:\Users\22448\Downloads\重生虫心0.71汉化版（新）\reborn_workrepo\合作指挥官版起义狂潮\Mods\XM\XMAlarak.SC2Mod\Base.SC2Data\GameData\ActorData.xml
VoidHighTemplarPsiOrbAttackGuide	CActorQuad	mods/starcoop/starcoop.sc2mod/base.sc2data/gamedata/actordata.xml	C:\Users\22448\Downloads\重生虫心0.71汉化版（新）\reborn_workrepo\合作指挥官版起义狂潮\Mods\XM\XMAlarak.SC2Mod\Base.SC2Data\GameData\ActorData.xml
VoidRayTaldarim	CActorUnit	mods/starcoop/starcoop.sc2mod/base.sc2data/gamedata/actordata.xml	C:\Users\22448\Downloads\重生虫心0.71汉化版（新）\reborn_workrepo\合作指挥官版起义狂潮\Mods\XM\XMAlarak.SC2Mod\Base.SC2Data\GameData\ActorData.xml
VoidRayTaldarimTimeoutDeath	CActorModel	mods/starcoop/starcoop.sc2mod/base.sc2data/gamedata/actordata.xml	C:\Users\22448\Downloads\重生虫心0.71汉化版（新）\reborn_workrepo\合作指挥官版起义狂潮\Mods\XM\XMAlarak.SC2Mod\Base.SC2Data\GameData\ActorData.xml
VoidSentryBlackHole	CActorModel	mods/starcoop/starcoop.sc2mod/base.sc2data/gamedata/actordata.xml	C:\Users\22448\Downloads\重生虫心0.71汉化版（新）\reborn_workrepo\合作指挥官版起义狂潮\Mods\XM\XMAlarak.SC2Mod\Base.SC2Data\GameData\ActorData.xml
VorazunShadowGuard	CActorUnit	mods/starcoop/starcoop.sc2mod/base.sc2data/gamedata/actordata.xml	C:\Users\22448\Downloads\重生虫心0.71汉化版（新）\reborn_workrepo\合作指挥官版起义狂潮\Mods\XM\XMAlarak.SC2Mod\Base.SC2Data\GameData\ActorData.xml
WarpGate	CActorUnit	mods/starcoop/starcoop.sc2mod/base.sc2data/gamedata/actordata.xml	C:\Users\22448\Downloads\重生虫心0.71汉化版（新）\reborn_workrepo\合作指挥官版起义狂潮\Mods\XM\XMAlarak.SC2Mod\Base.SC2Data\GameData\ActorData.xml
WarpPrismPhasingTaldarim	CActorUnit	mods/starcoop/starcoop.sc2mod/base.sc2data/gamedata/actordata.xml	C:\Users\22448\Downloads\重生虫心0.71汉化版（新）\reborn_workrepo\合作指挥官版起义狂潮\Mods\XM\XMAlarak.SC2Mod\Base.SC2Data\GameData\ActorData.xml
WarpPrismPowerLowTaldarim	CActorPower	mods/starcoop/starcoop.sc2mod/base.sc2data/gamedata/actordata.xml	C:\Users\22448\Downloads\重生虫心0.71汉化版（新）\reborn_workrepo\合作指挥官版起义狂潮\Mods\XM\XMAlarak.SC2Mod\Base.SC2Data\GameData\ActorData.xml
WarpPrismPowerTaldarim	CActorPower	mods/starcoop/starcoop.sc2mod/base.sc2data/gamedata/actordata.xml	C:\Users\22448\Downloads\重生虫心0.71汉化版（新）\reborn_workrepo\合作指挥官版起义狂潮\Mods\XM\XMAlarak.SC2Mod\Base.SC2Data\GameData\ActorData.xml
WarpPrismPowerVisualLowTaldarim	CActorRange	mods/starcoop/starcoop.sc2mod/base.sc2data/gamedata/actordata.xml	C:\Users\22448\Downloads\重生虫心0.71汉化版（新）\reborn_workrepo\合作指挥官版起义狂潮\Mods\XM\XMAlarak.SC2Mod\Base.SC2Data\GameData\ActorData.xml
WarpPrismPowerVisualTaldarim	CActorSplat	mods/starcoop/starcoop.sc2mod/base.sc2data/gamedata/actordata.xml	C:\Users\22448\Downloads\重生虫心0.71汉化版（新）\reborn_workrepo\合作指挥官版起义狂潮\Mods\XM\XMAlarak.SC2Mod\Base.SC2Data\GameData\ActorData.xml
WarpPrismTaldarim	CActorUnit	mods/starcoop/starcoop.sc2mod/base.sc2data/gamedata/actordata.xml	C:\Users\22448\Downloads\重生虫心0.71汉化版（新）\reborn_workrepo\合作指挥官版起义狂潮\Mods\XM\XMAlarak.SC2Mod\Base.SC2Data\GameData\ActorData.xml
WarpPrismTaldarim_AttackLaunchSound	CActorSound	mods/starcoop/starcoop.sc2mod/base.sc2data/gamedata/actordata.xml	C:\Users\22448\Downloads\重生虫心0.71汉化版（新）\reborn_workrepo\合作指挥官版起义狂潮\Mods\XM\XMAlarak.SC2Mod\Base.SC2Data\GameData\ActorData.xml
WarpPrismTaldarimWeaponMissile	CActorMissile	mods/starcoop/starcoop.sc2mod/base.sc2data/gamedata/actordata.xml	C:\Users\22448\Downloads\重生虫心0.71汉化版（新）\reborn_workrepo\合作指挥官版起义狂潮\Mods\XM\XMAlarak.SC2Mod\Base.SC2Data\GameData\ActorData.xml
WarpPrismUnpoweredVisualLowTaldarim	CActorRange	mods/starcoop/starcoop.sc2mod/base.sc2data/gamedata/actordata.xml	C:\Users\22448\Downloads\重生虫心0.71汉化版（新）\reborn_workrepo\合作指挥官版起义狂潮\Mods\XM\XMAlarak.SC2Mod\Base.SC2Data\GameData\ActorData.xml
WarpPrismUnpoweredVisualTaldarim	CActorSplat	mods/starcoop/starcoop.sc2mod/base.sc2data/gamedata/actordata.xml	C:\Users\22448\Downloads\重生虫心0.71汉化版（新）\reborn_workrepo\合作指挥官版起义狂潮\Mods\XM\XMAlarak.SC2Mod\Base.SC2Data\GameData\ActorData.xml
ZagaraReviveCocoon	CActorUnit	mods/starcoop/starcoop.sc2mod/base.sc2data/gamedata/actordata.xml	C:\Users\22448\Downloads\重生虫心0.71汉化版（新）\reborn_workrepo\合作指挥官版起义狂潮\Mods\XM\XMAlarak.SC2Mod\Base.SC2Data\GameData\ActorData.xml
ZagaraVoidCoop	CActorMissile	mods/starcoop/starcoop.sc2mod/base.sc2data/gamedata/actordata.xml	C:\Users\22448\Downloads\重生虫心0.71汉化版（新）\reborn_workrepo\合作指挥官版起义狂潮\Mods\XM\XMAlarak.SC2Mod\Base.SC2Data\GameData\ActorData.xml
Zealot	CActorUnit	mods/starcoop/starcoop.sc2mod/base.sc2data/gamedata/actordata.xml	C:\Users\22448\Downloads\重生虫心0.71汉化版（新）\reborn_workrepo\合作指挥官版起义狂潮\Mods\XM\XMAlarak.SC2Mod\Base.SC2Data\GameData\ActorData.xml
ZealotPurifier	CActorUnit	mods/starcoop/starcoop.sc2mod/base.sc2data/gamedata/actordata.xml	C:\Users\22448\Downloads\重生虫心0.71汉化版（新）\reborn_workrepo\合作指挥官版起义狂潮\Mods\XM\XMAlarak.SC2Mod\Base.SC2Data\GameData\ActorData.xml
ZealotPurifierFenix	CActorUnit	mods/starcoop/starcoop.sc2mod/base.sc2data/gamedata/actordata.xml	C:\Users\22448\Downloads\重生虫心0.71汉化版（新）\reborn_workrepo\合作指挥官版起义狂潮\Mods\XM\XMAlarak.SC2Mod\Base.SC2Data\GameData\ActorData.xml
ZealotPurifierFenixPlacementModel	CActorModel	mods/starcoop/starcoop.sc2mod/base.sc2data/gamedata/actordata.xml	C:\Users\22448\Downloads\重生虫心0.71汉化版（新）\reborn_workrepo\合作指挥官版起义狂潮\Mods\XM\XMAlarak.SC2Mod\Base.SC2Data\GameData\ActorData.xml
ZenithStone	CActorUnit	mods/starcoop/starcoop.sc2mod/base.sc2data/gamedata/actordata.xml	C:\Users\22448\Downloads\重生虫心0.71汉化版（新）\reborn_workrepo\合作指挥官版起义狂潮\Mods\XM\XMAlarak.SC2Mod\Base.SC2Data\GameData\ActorData.xml
ZenithStoneDeath	CActorModel	mods/starcoop/starcoop.sc2mod/base.sc2data/gamedata/actordata.xml	C:\Users\22448\Downloads\重生虫心0.71汉化版（新）\reborn_workrepo\合作指挥官版起义狂潮\Mods\XM\XMAlarak.SC2Mod\Base.SC2Data\GameData\ActorData.xml
ZergTowerArtillery	CActorUnit	mods/starcoop/starcoop.sc2mod/base.sc2data/gamedata/actordata.xml	C:\Users\22448\Downloads\重生虫心0.71汉化版（新）\reborn_workrepo\合作指挥官版起义狂潮\Mods\XM\XMAlarak.SC2Mod\Base.SC2Data\GameData\ActorData.xml
AbathurHiddenToxicNest	CBehaviorBuff	mods/starcoop/starcoop.sc2mod/base.sc2data/gamedata/behaviordata.xml	C:\Users\22448\Downloads\重生虫心0.71汉化版（新）\reborn_workrepo\合作指挥官版起义狂潮\Mods\XM\XMAlarak.SC2Mod\Base.SC2Data\GameData\BehaviorData.xml
AlarakAADisable	CBehaviorBuff	mods/starcoop/starcoop.sc2mod/base.sc2data/gamedata/behaviordata.xml	C:\Users\22448\Downloads\重生虫心0.71汉化版（新）\reborn_workrepo\合作指挥官版起义狂潮\Mods\XM\XMAlarak.SC2Mod\Base.SC2Data\GameData\BehaviorData.xml
AlarakACHavocDetection	CBehaviorBuff	mods/starcoop/starcoop.sc2mod/base.sc2data/gamedata/behaviordata.xml	C:\Users\22448\Downloads\重生虫心0.71汉化版（新）\reborn_workrepo\合作指挥官版起义狂潮\Mods\XM\XMAlarak.SC2Mod\Base.SC2Data\GameData\BehaviorData.xml
AlarakACTeleportOut	CBehaviorBuff	mods/starcoop/starcoop.sc2mod/base.sc2data/gamedata/behaviordata.xml	C:\Users\22448\Downloads\重生虫心0.71汉化版（新）\reborn_workrepo\合作指挥官版起义狂潮\Mods\XM\XMAlarak.SC2Mod\Base.SC2Data\GameData\BehaviorData.xml
AlarakBaneBladesSlow	CBehaviorBuff	mods/starcoop/starcoop.sc2mod/base.sc2data/gamedata/behaviordata.xml	C:\Users\22448\Downloads\重生虫心0.71汉化版（新）\reborn_workrepo\合作指挥官版起义狂潮\Mods\XM\XMAlarak.SC2Mod\Base.SC2Data\GameData\BehaviorData.xml
AlarakBaneBladesStun	CBehaviorBuff	mods/starcoop/starcoop.sc2mod/base.sc2data/gamedata/behaviordata.xml	C:\Users\22448\Downloads\重生虫心0.71汉化版（新）\reborn_workrepo\合作指挥官版起义狂潮\Mods\XM\XMAlarak.SC2Mod\Base.SC2Data\GameData\BehaviorData.xml
AlarakDestroyerEnableMove2s	CBehaviorBuff	mods/starcoop/starcoop.sc2mod/base.sc2data/gamedata/behaviordata.xml	C:\Users\22448\Downloads\重生虫心0.71汉化版（新）\reborn_workrepo\合作指挥官版起义狂潮\Mods\XM\XMAlarak.SC2Mod\Base.SC2Data\GameData\BehaviorData.xml
AlarakDestroyerTimedLife	CBehaviorBuff	mods/starcoop/starcoop.sc2mod/base.sc2data/gamedata/behaviordata.xml	C:\Users\22448\Downloads\重生虫心0.71汉化版（新）\reborn_workrepo\合作指挥官版起义狂潮\Mods\XM\XMAlarak.SC2Mod\Base.SC2Data\GameData\BehaviorData.xml
AlarakEmpowerCaster	CBehaviorBuff	mods/starcoop/starcoop.sc2mod/base.sc2data/gamedata/behaviordata.xml	C:\Users\22448\Downloads\重生虫心0.71汉化版（新）\reborn_workrepo\合作指挥官版起义狂潮\Mods\XM\XMAlarak.SC2Mod\Base.SC2Data\GameData\BehaviorData.xml
AlarakEmpowerDisplay	CBehaviorBuff	mods/starcoop/starcoop.sc2mod/base.sc2data/gamedata/behaviordata.xml	C:\Users\22448\Downloads\重生虫心0.71汉化版（新）\reborn_workrepo\合作指挥官版起义狂潮\Mods\XM\XMAlarak.SC2Mod\Base.SC2Data\GameData\BehaviorData.xml
AlarakEmpowerTarget	CBehaviorBuff	mods/starcoop/starcoop.sc2mod/base.sc2data/gamedata/behaviordata.xml	C:\Users\22448\Downloads\重生虫心0.71汉化版（新）\reborn_workrepo\合作指挥官版起义狂潮\Mods\XM\XMAlarak.SC2Mod\Base.SC2Data\GameData\BehaviorData.xml
AlarakInitialReviveTimer	CBehaviorBuff	mods/starcoop/starcoop.sc2mod/base.sc2data/gamedata/behaviordata.xml	C:\Users\22448\Downloads\重生虫心0.71汉化版（新）\reborn_workrepo\合作指挥官版起义狂潮\Mods\XM\XMAlarak.SC2Mod\Base.SC2Data\GameData\BehaviorData.xml
AlarakJustReviveCheck	CBehaviorBuff	mods/starcoop/starcoop.sc2mod/base.sc2data/gamedata/behaviordata.xml	C:\Users\22448\Downloads\重生虫心0.71汉化版（新）\reborn_workrepo\合作指挥官版起义狂潮\Mods\XM\XMAlarak.SC2Mod\Base.SC2Data\GameData\BehaviorData.xml
AlarakLightningStrikes	CBehaviorBuff	mods/starcoop/starcoop.sc2mod/base.sc2data/gamedata/behaviordata.xml	C:\Users\22448\Downloads\重生虫心0.71汉化版（新）\reborn_workrepo\合作指挥官版起义狂潮\Mods\XM\XMAlarak.SC2Mod\Base.SC2Data\GameData\BehaviorData.xml
AlarakReviveDisable	CBehaviorBuff	mods/starcoop/starcoop.sc2mod/base.sc2data/gamedata/behaviordata.xml	C:\Users\22448\Downloads\重生虫心0.71汉化版（新）\reborn_workrepo\合作指挥官版起义狂潮\Mods\XM\XMAlarak.SC2Mod\Base.SC2Data\GameData\BehaviorData.xml
AlarakReviveTimer	CBehaviorBuff	mods/starcoop/starcoop.sc2mod/base.sc2data/gamedata/behaviordata.xml	C:\Users\22448\Downloads\重生虫心0.71汉化版（新）\reborn_workrepo\合作指挥官版起义狂潮\Mods\XM\XMAlarak.SC2Mod\Base.SC2Data\GameData\BehaviorData.xml
AlarakReviveWarpIn	CBehaviorBuff	mods/starcoop/starcoop.sc2mod/base.sc2data/gamedata/behaviordata.xml	C:\Users\22448\Downloads\重生虫心0.71汉化版（新）\reborn_workrepo\合作指挥官版起义狂潮\Mods\XM\XMAlarak.SC2Mod\Base.SC2Data\GameData\BehaviorData.xml
AlarakReviveWarpInIntro	CBehaviorBuff	mods/starcoop/starcoop.sc2mod/base.sc2data/gamedata/behaviordata.xml	C:\Users\22448\Downloads\重生虫心0.71汉化版（新）\reborn_workrepo\合作指挥官版起义狂潮\Mods\XM\XMAlarak.SC2Mod\Base.SC2Data\GameData\BehaviorData.xml
AlarakStalkerPhasingArmor	CBehaviorBuff	mods/starcoop/starcoop.sc2mod/base.sc2data/gamedata/behaviordata.xml	C:\Users\22448\Downloads\重生虫心0.71汉化版（新）\reborn_workrepo\合作指挥官版起义狂潮\Mods\XM\XMAlarak.SC2Mod\Base.SC2Data\GameData\BehaviorData.xml
AlarakStalkerPhasingArmorBuff	CBehaviorBuff	mods/starcoop/starcoop.sc2mod/base.sc2data/gamedata/behaviordata.xml	C:\Users\22448\Downloads\重生虫心0.71汉化版（新）\reborn_workrepo\合作指挥官版起义狂潮\Mods\XM\XMAlarak.SC2Mod\Base.SC2Data\GameData\BehaviorData.xml
AlarakStructureOvercharge	CBehaviorBuff	mods/starcoop/starcoop.sc2mod/base.sc2data/gamedata/behaviordata.xml	C:\Users\22448\Downloads\重生虫心0.71汉化版（新）\reborn_workrepo\合作指挥官版起义狂潮\Mods\XM\XMAlarak.SC2Mod\Base.SC2Data\GameData\BehaviorData.xml
AlarakStructureOverchargeShield	CBehaviorBuff	mods/starcoop/starcoop.sc2mod/base.sc2data/gamedata/behaviordata.xml	C:\Users\22448\Downloads\重生虫心0.71汉化版（新）\reborn_workrepo\合作指挥官版起义狂潮\Mods\XM\XMAlarak.SC2Mod\Base.SC2Data\GameData\BehaviorData.xml
AlarakTheStrongestSurvive	CBehaviorBuff	mods/starcoop/starcoop.sc2mod/base.sc2data/gamedata/behaviordata.xml	C:\Users\22448\Downloads\重生虫心0.71汉化版（新）\reborn_workrepo\合作指挥官版起义狂潮\Mods\XM\XMAlarak.SC2Mod\Base.SC2Data\GameData\BehaviorData.xml
AlarakTheStrongestSurviveDeathPrevent	CBehaviorBuff	mods/starcoop/starcoop.sc2mod/base.sc2data/gamedata/behaviordata.xml	C:\Users\22448\Downloads\重生虫心0.71汉化版（新）\reborn_workrepo\合作指挥官版起义狂潮\Mods\XM\XMAlarak.SC2Mod\Base.SC2Data\GameData\BehaviorData.xml
AlarakTheStrongestSurviveSupplicantSacrificeDamage	CBehaviorBuff	mods/starcoop/starcoop.sc2mod/base.sc2data/gamedata/behaviordata.xml	C:\Users\22448\Downloads\重生虫心0.71汉化版（新）\reborn_workrepo\合作指挥官版起义狂潮\Mods\XM\XMAlarak.SC2Mod\Base.SC2Data\GameData\BehaviorData.xml
AlarakZealotFrenziedOverload	CBehaviorBuff	mods/starcoop/starcoop.sc2mod/base.sc2data/gamedata/behaviordata.xml	C:\Users\22448\Downloads\重生虫心0.71汉化版（新）\reborn_workrepo\合作指挥官版起义狂潮\Mods\XM\XMAlarak.SC2Mod\Base.SC2Data\GameData\BehaviorData.xml
AllUnitBehaviorController	CBehaviorBuff	mods/starcoop/starcoop.sc2mod/base.sc2data/gamedata/behaviordata.xml	C:\Users\22448\Downloads\重生虫心0.71汉化版（新）\reborn_workrepo\合作指挥官版起义狂潮\Mods\XM\XMAlarak.SC2Mod\Base.SC2Data\GameData\BehaviorData.xml
AscendantSacrificeSelfBuff	CBehaviorBuff	mods/starcoop/starcoop.sc2mod/base.sc2data/gamedata/behaviordata.xml	C:\Users\22448\Downloads\重生虫心0.71汉化版（新）\reborn_workrepo\合作指挥官版起义狂潮\Mods\XM\XMAlarak.SC2Mod\Base.SC2Data\GameData\BehaviorData.xml
ButtonDisablerDummy	CBehaviorBuff	mods/starcoop/starcoop.sc2mod/base.sc2data/gamedata/behaviordata.xml	C:\Users\22448\Downloads\重生虫心0.71汉化版（新）\reborn_workrepo\合作指挥官版起义狂潮\Mods\XM\XMAlarak.SC2Mod\Base.SC2Data\GameData\BehaviorData.xml
CarryHarvestableVespeneGeyserGasProtoss	CBehaviorBuff	mods/starcoop/starcoop.sc2mod/base.sc2data/gamedata/behaviordata.xml	C:\Users\22448\Downloads\重生虫心0.71汉化版（新）\reborn_workrepo\合作指挥官版起义狂潮\Mods\XM\XMAlarak.SC2Mod\Base.SC2Data\GameData\BehaviorData.xml
ChargeBuster	CBehaviorBuff	mods/starcoop/starcoop.sc2mod/base.sc2data/gamedata/behaviordata.xml	C:\Users\22448\Downloads\重生虫心0.71汉化版（新）\reborn_workrepo\合作指挥官版起义狂潮\Mods\XM\XMAlarak.SC2Mod\Base.SC2Data\GameData\BehaviorData.xml
ChargeBusterExpiring	CBehaviorBuff	mods/starcoop/starcoop.sc2mod/base.sc2data/gamedata/behaviordata.xml	C:\Users\22448\Downloads\重生虫心0.71汉化版（新）\reborn_workrepo\合作指挥官版起义狂潮\Mods\XM\XMAlarak.SC2Mod\Base.SC2Data\GameData\BehaviorData.xml
ChronoBoostTarget	CBehaviorBuff	mods/starcoop/starcoop.sc2mod/base.sc2data/gamedata/behaviordata.xml	C:\Users\22448\Downloads\重生虫心0.71汉化版（新）\reborn_workrepo\合作指挥官版起义狂潮\Mods\XM\XMAlarak.SC2Mod\Base.SC2Data\GameData\BehaviorData.xml
CommanderPrestigeAlarakDeathFleetDamage	CBehaviorBuff	mods/starcoop/starcoop.sc2mod/base.sc2data/gamedata/behaviordata.xml	C:\Users\22448\Downloads\重生虫心0.71汉化版（新）\reborn_workrepo\合作指挥官版起义狂潮\Mods\XM\XMAlarak.SC2Mod\Base.SC2Data\GameData\BehaviorData.xml
CommanderPrestigeAlarakDeathFleetPowerSource	CBehaviorPowerSource	mods/starcoop/starcoop.sc2mod/base.sc2data/gamedata/behaviordata.xml	C:\Users\22448\Downloads\重生虫心0.71汉化版（新）\reborn_workrepo\合作指挥官版起义狂潮\Mods\XM\XMAlarak.SC2Mod\Base.SC2Data\GameData\BehaviorData.xml
CommanderPrestigeAlarakDeathFleetWarpingIn	System.Xml.XmlElement	mods/starcoop/starcoop.sc2mod/base.sc2data/gamedata/behaviordata.xml	C:\Users\22448\Downloads\重生虫心0.71汉化版（新）\reborn_workrepo\合作指挥官版起义狂潮\Mods\XM\XMAlarak.SC2Mod\Base.SC2Data\GameData\BehaviorData.xml
CommanderPrestigeAlarakMechBuff	CBehaviorAttribute	mods/starcoop/starcoop.sc2mod/base.sc2data/gamedata/behaviordata.xml	C:\Users\22448\Downloads\重生虫心0.71汉化版（新）\reborn_workrepo\合作指挥官版起义狂潮\Mods\XM\XMAlarak.SC2Mod\Base.SC2Data\GameData\BehaviorData.xml
CommanderPrestigeAlarakMechDisplay	CBehaviorBuff	mods/starcoop/starcoop.sc2mod/base.sc2data/gamedata/behaviordata.xml	C:\Users\22448\Downloads\重生虫心0.71汉化版（新）\reborn_workrepo\合作指挥官版起义狂潮\Mods\XM\XMAlarak.SC2Mod\Base.SC2Data\GameData\BehaviorData.xml
CommanderPrestigeArtanisPowerField	CBehaviorBuff	mods/starcoop/starcoop.sc2mod/base.sc2data/gamedata/behaviordata.xml	C:\Users\22448\Downloads\重生虫心0.71汉化版（新）\reborn_workrepo\合作指挥官版起义狂潮\Mods\XM\XMAlarak.SC2Mod\Base.SC2Data\GameData\BehaviorData.xml
CommanderPrestigeDehakaPackLeaders	CBehaviorBuff	mods/starcoop/starcoop.sc2mod/base.sc2data/gamedata/behaviordata.xml	C:\Users\22448\Downloads\重生虫心0.71汉化版（新）\reborn_workrepo\合作指挥官版起义狂潮\Mods\XM\XMAlarak.SC2Mod\Base.SC2Data\GameData\BehaviorData.xml
CommanderPrestigeKerriganAbilitiesFuryExpend	CBehaviorBuff	mods/starcoop/starcoop.sc2mod/base.sc2data/gamedata/behaviordata.xml	C:\Users\22448\Downloads\重生虫心0.71汉化版（新）\reborn_workrepo\合作指挥官版起义狂潮\Mods\XM\XMAlarak.SC2Mod\Base.SC2Data\GameData\BehaviorData.xml
CommanderPrestigeKerriganCreepGrowth	CBehaviorCreepSource	mods/starcoop/starcoop.sc2mod/base.sc2data/gamedata/behaviordata.xml	C:\Users\22448\Downloads\重生虫心0.71汉化版（新）\reborn_workrepo\合作指挥官版起义狂潮\Mods\XM\XMAlarak.SC2Mod\Base.SC2Data\GameData\BehaviorData.xml
CommanderPrestigeNovaSuperCloak	CBehaviorBuff	mods/starcoop/starcoop.sc2mod/base.sc2data/gamedata/behaviordata.xml	C:\Users\22448\Downloads\重生虫心0.71汉化版（新）\reborn_workrepo\合作指挥官版起义狂潮\Mods\XM\XMAlarak.SC2Mod\Base.SC2Data\GameData\BehaviorData.xml
CommanderPrestigeRaynorAir	CBehaviorBuff	mods/starcoop/starcoop.sc2mod/base.sc2data/gamedata/behaviordata.xml	C:\Users\22448\Downloads\重生虫心0.71汉化版（新）\reborn_workrepo\合作指挥官版起义狂潮\Mods\XM\XMAlarak.SC2Mod\Base.SC2Data\GameData\BehaviorData.xml
CommanderPrestigeTychusLoneWolf	CBehaviorBuff	mods/starcoop/starcoop.sc2mod/base.sc2data/gamedata/behaviordata.xml	C:\Users\22448\Downloads\重生虫心0.71汉化版（新）\reborn_workrepo\合作指挥官版起义狂潮\Mods\XM\XMAlarak.SC2Mod\Base.SC2Data\GameData\BehaviorData.xml
CommanderPrestigeVorazunStasisDoT	CBehaviorBuff	mods/starcoop/starcoop.sc2mod/base.sc2data/gamedata/behaviordata.xml	C:\Users\22448\Downloads\重生虫心0.71汉化版（新）\reborn_workrepo\合作指挥官版起义狂潮\Mods\XM\XMAlarak.SC2Mod\Base.SC2Data\GameData\BehaviorData.xml
CommanderPrestigeZeratulTornadoes	CBehaviorBuff	mods/starcoop/starcoop.sc2mod/base.sc2data/gamedata/behaviordata.xml	C:\Users\22448\Downloads\重生虫心0.71汉化版（新）\reborn_workrepo\合作指挥官版起义狂潮\Mods\XM\XMAlarak.SC2Mod\Base.SC2Data\GameData\BehaviorData.xml
ConjoinedTrainCar	CBehaviorConjoined	mods/starcoop/starcoop.sc2mod/base.sc2data/gamedata/behaviordata.xml	C:\Users\22448\Downloads\重生虫心0.71汉化版（新）\reborn_workrepo\合作指挥官版起义狂潮\Mods\XM\XMAlarak.SC2Mod\Base.SC2Data\GameData\BehaviorData.xml
COOPHeroJustRevive	CBehaviorBuff	mods/starcoop/starcoop.sc2mod/base.sc2data/gamedata/behaviordata.xml	C:\Users\22448\Downloads\重生虫心0.71汉化版（新）\reborn_workrepo\合作指挥官版起义狂潮\Mods\XM\XMAlarak.SC2Mod\Base.SC2Data\GameData\BehaviorData.xml
CorsairPermanentCloak	CBehaviorBuff	mods/starcoop/starcoop.sc2mod/base.sc2data/gamedata/behaviordata.xml	C:\Users\22448\Downloads\重生虫心0.71汉化版（新）\reborn_workrepo\合作指挥官版起义狂潮\Mods\XM\XMAlarak.SC2Mod\Base.SC2Data\GameData\BehaviorData.xml
CreepTumorVisible	CBehaviorBuff	mods/starcoop/starcoop.sc2mod/base.sc2data/gamedata/behaviordata.xml	C:\Users\22448\Downloads\重生虫心0.71汉化版（新）\reborn_workrepo\合作指挥官版起义狂潮\Mods\XM\XMAlarak.SC2Mod\Base.SC2Data\GameData\BehaviorData.xml
DehakaConsume	CBehaviorBuff	mods/starcoop/starcoop.sc2mod/base.sc2data/gamedata/behaviordata.xml	C:\Users\22448\Downloads\重生虫心0.71汉化版（新）\reborn_workrepo\合作指挥官版起义狂潮\Mods\XM\XMAlarak.SC2Mod\Base.SC2Data\GameData\BehaviorData.xml
DehakaFirstReviveTimer	CBehaviorBuff	mods/starcoop/starcoop.sc2mod/base.sc2data/gamedata/behaviordata.xml	C:\Users\22448\Downloads\重生虫心0.71汉化版（新）\reborn_workrepo\合作指挥官版起义狂潮\Mods\XM\XMAlarak.SC2Mod\Base.SC2Data\GameData\BehaviorData.xml
DehakaNormalReviveTimer	CBehaviorBuff	mods/starcoop/starcoop.sc2mod/base.sc2data/gamedata/behaviordata.xml	C:\Users\22448\Downloads\重生虫心0.71汉化版（新）\reborn_workrepo\合作指挥官版起义狂潮\Mods\XM\XMAlarak.SC2Mod\Base.SC2Data\GameData\BehaviorData.xml
FenixAltarOfPsiStormsPreventDestroy	CBehaviorBuff	mods/starcoop/starcoop.sc2mod/base.sc2data/gamedata/behaviordata.xml	C:\Users\22448\Downloads\重生虫心0.71汉化版（新）\reborn_workrepo\合作指挥官版起义狂潮\Mods\XM\XMAlarak.SC2Mod\Base.SC2Data\GameData\BehaviorData.xml
FenixArbiterStasisField	CBehaviorBuff	mods/starcoop/starcoop.sc2mod/base.sc2data/gamedata/behaviordata.xml	C:\Users\22448\Downloads\重生虫心0.71汉化版（新）\reborn_workrepo\合作指挥官版起义狂潮\Mods\XM\XMAlarak.SC2Mod\Base.SC2Data\GameData\BehaviorData.xml
FenixClolarionChargeBeamPhase2	CBehaviorBuff	mods/starcoop/starcoop.sc2mod/base.sc2data/gamedata/behaviordata.xml	C:\Users\22448\Downloads\重生虫心0.71汉化版（新）\reborn_workrepo\合作指挥官版起义狂潮\Mods\XM\XMAlarak.SC2Mod\Base.SC2Data\GameData\BehaviorData.xml
FenixClolarionChargeBeamPhase3	CBehaviorBuff	mods/starcoop/starcoop.sc2mod/base.sc2data/gamedata/behaviordata.xml	C:\Users\22448\Downloads\重生虫心0.71汉化版（新）\reborn_workrepo\合作指挥官版起义狂潮\Mods\XM\XMAlarak.SC2Mod\Base.SC2Data\GameData\BehaviorData.xml
FenixProbiusProbe	CBehaviorBuff	mods/starcoop/starcoop.sc2mod/base.sc2data/gamedata/behaviordata.xml	C:\Users\22448\Downloads\重生虫心0.71汉化版（新）\reborn_workrepo\合作指挥官版起义狂潮\Mods\XM\XMAlarak.SC2Mod\Base.SC2Data\GameData\BehaviorData.xml
FenixSentryGuardianZone	CBehaviorBuff	mods/starcoop/starcoop.sc2mod/base.sc2data/gamedata/behaviordata.xml	C:\Users\22448\Downloads\重生虫心0.71汉化版（新）\reborn_workrepo\合作指挥官版起义狂潮\Mods\XM\XMAlarak.SC2Mod\Base.SC2Data\GameData\BehaviorData.xml
FenixSOAWhirlwind	CBehaviorBuff	mods/starcoop/starcoop.sc2mod/base.sc2data/gamedata/behaviordata.xml	C:\Users\22448\Downloads\重生虫心0.71汉化版（新）\reborn_workrepo\合作指挥官版起义狂潮\Mods\XM\XMAlarak.SC2Mod\Base.SC2Data\GameData\BehaviorData.xml
FenixTalisAdeptPhaseShift	CBehaviorBuff	mods/starcoop/starcoop.sc2mod/base.sc2data/gamedata/behaviordata.xml	C:\Users\22448\Downloads\重生虫心0.71汉化版（新）\reborn_workrepo\合作指挥官版起义狂潮\Mods\XM\XMAlarak.SC2Mod\Base.SC2Data\GameData\BehaviorData.xml
FenixTalisAdeptPhaseShiftCaster	CBehaviorBuff	mods/starcoop/starcoop.sc2mod/base.sc2data/gamedata/behaviordata.xml	C:\Users\22448\Downloads\重生虫心0.71汉化版（新）\reborn_workrepo\合作指挥官版起义狂潮\Mods\XM\XMAlarak.SC2Mod\Base.SC2Data\GameData\BehaviorData.xml
FenixThunderousChargeCoopCharging	CBehaviorBuff	mods/starcoop/starcoop.sc2mod/base.sc2data/gamedata/behaviordata.xml	C:\Users\22448\Downloads\重生虫心0.71汉化版（新）\reborn_workrepo\合作指挥官版起义狂潮\Mods\XM\XMAlarak.SC2Mod\Base.SC2Data\GameData\BehaviorData.xml
HavocPermanentCloak	CBehaviorBuff	mods/starcoop/starcoop.sc2mod/base.sc2data/gamedata/behaviordata.xml	C:\Users\22448\Downloads\重生虫心0.71汉化版（新）\reborn_workrepo\合作指挥官版起义狂潮\Mods\XM\XMAlarak.SC2Mod\Base.SC2Data\GameData\BehaviorData.xml
HHMercStarportCargoInstalled	CBehaviorBuff	mods/starcoop/starcoop.sc2mod/base.sc2data/gamedata/behaviordata.xml	C:\Users\22448\Downloads\重生虫心0.71汉化版（新）\reborn_workrepo\合作指挥官版起义狂潮\Mods\XM\XMAlarak.SC2Mod\Base.SC2Data\GameData\BehaviorData.xml
HornerStunResistance	CBehaviorBuff	mods/starcoop/starcoop.sc2mod/base.sc2data/gamedata/behaviordata.xml	C:\Users\22448\Downloads\重生虫心0.71汉化版（新）\reborn_workrepo\合作指挥官版起义狂潮\Mods\XM\XMAlarak.SC2Mod\Base.SC2Data\GameData\BehaviorData.xml
Irradiate	CBehaviorBuff	mods/starcoop/starcoop.sc2mod/base.sc2data/gamedata/behaviordata.xml	C:\Users\22448\Downloads\重生虫心0.71汉化版（新）\reborn_workrepo\合作指挥官版起义狂潮\Mods\XM\XMAlarak.SC2Mod\Base.SC2Data\GameData\BehaviorData.xml
KerriganFirstReviveTimer	CBehaviorBuff	mods/starcoop/starcoop.sc2mod/base.sc2data/gamedata/behaviordata.xml	C:\Users\22448\Downloads\重生虫心0.71汉化版（新）\reborn_workrepo\合作指挥官版起义狂潮\Mods\XM\XMAlarak.SC2Mod\Base.SC2Data\GameData\BehaviorData.xml
KerriganNormalReviveTimer	CBehaviorBuff	mods/starcoop/starcoop.sc2mod/base.sc2data/gamedata/behaviordata.xml	C:\Users\22448\Downloads\重生虫心0.71汉化版（新）\reborn_workrepo\合作指挥官版起义狂潮\Mods\XM\XMAlarak.SC2Mod\Base.SC2Data\GameData\BehaviorData.xml
makeCreep4x4	CBehaviorCreepSource	mods/starcoop/starcoop.sc2mod/base.sc2data/gamedata/behaviordata.xml	C:\Users\22448\Downloads\重生虫心0.71汉化版（新）\reborn_workrepo\合作指挥官版起义狂潮\Mods\XM\XMAlarak.SC2Mod\Base.SC2Data\GameData\BehaviorData.xml
MasteryAbathurToxicNestRespawn	CBehaviorBuff	mods/starcoop/starcoop.sc2mod/base.sc2data/gamedata/behaviordata.xml	C:\Users\22448\Downloads\重生虫心0.71汉化版（新）\reborn_workrepo\合作指挥官版起义狂潮\Mods\XM\XMAlarak.SC2Mod\Base.SC2Data\GameData\BehaviorData.xml
MasteryNovaArmyOOCRegenSpeed	CBehaviorBuff	mods/starcoop/starcoop.sc2mod/base.sc2data/gamedata/behaviordata.xml	C:\Users\22448\Downloads\重生虫心0.71汉化版（新）\reborn_workrepo\合作指挥官版起义狂潮\Mods\XM\XMAlarak.SC2Mod\Base.SC2Data\GameData\BehaviorData.xml
MutatorImmunetoPlayer1	CBehaviorBuff	mods/starcoop/starcoop.sc2mod/base.sc2data/gamedata/behaviordata.xml	C:\Users\22448\Downloads\重生虫心0.71汉化版（新）\reborn_workrepo\合作指挥官版起义狂潮\Mods\XM\XMAlarak.SC2Mod\Base.SC2Data\GameData\BehaviorData.xml
MutatorImmunetoPlayer2	CBehaviorBuff	mods/starcoop/starcoop.sc2mod/base.sc2data/gamedata/behaviordata.xml	C:\Users\22448\Downloads\重生虫心0.71汉化版（新）\reborn_workrepo\合作指挥官版起义狂潮\Mods\XM\XMAlarak.SC2Mod\Base.SC2Data\GameData\BehaviorData.xml
MutatorWorkerSleep	CBehaviorBuff	mods/starcoop/starcoop.sc2mod/base.sc2data/gamedata/behaviordata.xml	C:\Users\22448\Downloads\重生虫心0.71汉化版（新）\reborn_workrepo\合作指挥官版起义狂潮\Mods\XM\XMAlarak.SC2Mod\Base.SC2Data\GameData\BehaviorData.xml
NoScrapDrop	CBehaviorBuff	mods/starcoop/starcoop.sc2mod/base.sc2data/gamedata/behaviordata.xml	C:\Users\22448\Downloads\重生虫心0.71汉化版（新）\reborn_workrepo\合作指挥官版起义狂潮\Mods\XM\XMAlarak.SC2Mod\Base.SC2Data\GameData\BehaviorData.xml
NovaGadgetFlashbangGrenades	CBehaviorBuff	mods/starcoop/starcoop.sc2mod/base.sc2data/gamedata/behaviordata.xml	C:\Users\22448\Downloads\重生虫心0.71汉化版（新）\reborn_workrepo\合作指挥官版起义狂潮\Mods\XM\XMAlarak.SC2Mod\Base.SC2Data\GameData\BehaviorData.xml
NovaGadgetPulseGrenades	CBehaviorBuff	mods/starcoop/starcoop.sc2mod/base.sc2data/gamedata/behaviordata.xml	C:\Users\22448\Downloads\重生虫心0.71汉化版（新）\reborn_workrepo\合作指挥官版起义狂潮\Mods\XM\XMAlarak.SC2Mod\Base.SC2Data\GameData\BehaviorData.xml
NovaGadgetSuperStim	CBehaviorBuff	mods/starcoop/starcoop.sc2mod/base.sc2data/gamedata/behaviordata.xml	C:\Users\22448\Downloads\重生虫心0.71汉化版（新）\reborn_workrepo\合作指挥官版起义狂潮\Mods\XM\XMAlarak.SC2Mod\Base.SC2Data\GameData\BehaviorData.xml
NovaHelmetGhostVisor	CBehaviorBuff	mods/starcoop/starcoop.sc2mod/base.sc2data/gamedata/behaviordata.xml	C:\Users\22448\Downloads\重生虫心0.71汉化版（新）\reborn_workrepo\合作指挥官版起义狂潮\Mods\XM\XMAlarak.SC2Mod\Base.SC2Data\GameData\BehaviorData.xml
NovaReviveTimer	CBehaviorBuff	mods/starcoop/starcoop.sc2mod/base.sc2data/gamedata/behaviordata.xml	C:\Users\22448\Downloads\重生虫心0.71汉化版（新）\reborn_workrepo\合作指挥官版起义狂潮\Mods\XM\XMAlarak.SC2Mod\Base.SC2Data\GameData\BehaviorData.xml
NovaReviveTimerInitial	CBehaviorBuff	mods/starcoop/starcoop.sc2mod/base.sc2data/gamedata/behaviordata.xml	C:\Users\22448\Downloads\重生虫心0.71汉化版（新）\reborn_workrepo\合作指挥官版起义狂潮\Mods\XM\XMAlarak.SC2Mod\Base.SC2Data\GameData\BehaviorData.xml
NovaStunResistance	CBehaviorBuff	mods/starcoop/starcoop.sc2mod/base.sc2data/gamedata/behaviordata.xml	C:\Users\22448\Downloads\重生虫心0.71汉化版（新）\reborn_workrepo\合作指挥官版起义狂潮\Mods\XM\XMAlarak.SC2Mod\Base.SC2Data\GameData\BehaviorData.xml
NovaWeaponCanisterRifle	CBehaviorBuff	mods/starcoop/starcoop.sc2mod/base.sc2data/gamedata/behaviordata.xml	C:\Users\22448\Downloads\重生虫心0.71汉化版（新）\reborn_workrepo\合作指挥官版起义狂潮\Mods\XM\XMAlarak.SC2Mod\Base.SC2Data\GameData\BehaviorData.xml
NovaWeaponHellfireShotgun	CBehaviorBuff	mods/starcoop/starcoop.sc2mod/base.sc2data/gamedata/behaviordata.xml	C:\Users\22448\Downloads\重生虫心0.71汉化版（新）\reborn_workrepo\合作指挥官版起义狂潮\Mods\XM\XMAlarak.SC2Mod\Base.SC2Data\GameData\BehaviorData.xml
NovaWeaponImprovedCanisterRifle	CBehaviorBuff	mods/starcoop/starcoop.sc2mod/base.sc2data/gamedata/behaviordata.xml	C:\Users\22448\Downloads\重生虫心0.71汉化版（新）\reborn_workrepo\合作指挥官版起义狂潮\Mods\XM\XMAlarak.SC2Mod\Base.SC2Data\GameData\BehaviorData.xml
NovaWeaponPsiBlade	CBehaviorBuff	mods/starcoop/starcoop.sc2mod/base.sc2data/gamedata/behaviordata.xml	C:\Users\22448\Downloads\重生虫心0.71汉化版（新）\reborn_workrepo\合作指挥官版起义狂潮\Mods\XM\XMAlarak.SC2Mod\Base.SC2Data\GameData\BehaviorData.xml
ObserverTargetLock	CBehaviorBuff	mods/starcoop/starcoop.sc2mod/base.sc2data/gamedata/behaviordata.xml	C:\Users\22448\Downloads\重生虫心0.71汉化版（新）\reborn_workrepo\合作指挥官版起义狂潮\Mods\XM\XMAlarak.SC2Mod\Base.SC2Data\GameData\BehaviorData.xml
OnDeathControllerDeathPrevent	CBehaviorBuff	mods/starcoop/starcoop.sc2mod/base.sc2data/gamedata/behaviordata.xml	C:\Users\22448\Downloads\重生虫心0.71汉化版（新）\reborn_workrepo\合作指挥官版起义狂潮\Mods\XM\XMAlarak.SC2Mod\Base.SC2Data\GameData\BehaviorData.xml
OracleStasisTrapStunTarget	CBehaviorBuff	mods/starcoop/starcoop.sc2mod/base.sc2data/gamedata/behaviordata.xml	C:\Users\22448\Downloads\重生虫心0.71汉化版（新）\reborn_workrepo\合作指挥官版起义狂潮\Mods\XM\XMAlarak.SC2Mod\Base.SC2Data\GameData\BehaviorData.xml
PhaseBlinkDamage	CBehaviorBuff	mods/starcoop/starcoop.sc2mod/base.sc2data/gamedata/behaviordata.xml	C:\Users\22448\Downloads\重生虫心0.71汉化版（新）\reborn_workrepo\合作指挥官版起义狂潮\Mods\XM\XMAlarak.SC2Mod\Base.SC2Data\GameData\BehaviorData.xml
PowerUserWarpable	CBehaviorPowerUser	mods/starcoop/starcoop.sc2mod/base.sc2data/gamedata/behaviordata.xml	C:\Users\22448\Downloads\重生虫心0.71汉化版（新）\reborn_workrepo\合作指挥官版起义狂潮\Mods\XM\XMAlarak.SC2Mod\Base.SC2Data\GameData\BehaviorData.xml
PowerUserWarpableAnywhere	CBehaviorPowerUser	mods/starcoop/starcoop.sc2mod/base.sc2data/gamedata/behaviordata.xml	C:\Users\22448\Downloads\重生虫心0.71汉化版（新）\reborn_workrepo\合作指挥官版起义狂潮\Mods\XM\XMAlarak.SC2Mod\Base.SC2Data\GameData\BehaviorData.xml
PreventKnockback	CBehaviorBuff	mods/starcoop/starcoop.sc2mod/base.sc2data/gamedata/behaviordata.xml	C:\Users\22448\Downloads\重生虫心0.71汉化版（新）\reborn_workrepo\合作指挥官版起义狂潮\Mods\XM\XMAlarak.SC2Mod\Base.SC2Data\GameData\BehaviorData.xml
ShadowGuardTimedLife	CBehaviorBuff	mods/starcoop/starcoop.sc2mod/base.sc2data/gamedata/behaviordata.xml	C:\Users\22448\Downloads\重生虫心0.71汉化版（新）\reborn_workrepo\合作指挥官版起义狂潮\Mods\XM\XMAlarak.SC2Mod\Base.SC2Data\GameData\BehaviorData.xml
ShadowGuardTimedLifeExpire	CBehaviorBuff	mods/starcoop/starcoop.sc2mod/base.sc2data/gamedata/behaviordata.xml	C:\Users\22448\Downloads\重生虫心0.71汉化版（新）\reborn_workrepo\合作指挥官版起义狂潮\Mods\XM\XMAlarak.SC2Mod\Base.SC2Data\GameData\BehaviorData.xml
ShieldBatteryStructureBarrier	CBehaviorBuff	mods/starcoop/starcoop.sc2mod/base.sc2data/gamedata/behaviordata.xml	C:\Users\22448\Downloads\重生虫心0.71汉化版（新）\reborn_workrepo\合作指挥官版起义狂潮\Mods\XM\XMAlarak.SC2Mod\Base.SC2Data\GameData\BehaviorData.xml
SOAMapWideChrono	CBehaviorBuff	mods/starcoop/starcoop.sc2mod/base.sc2data/gamedata/behaviordata.xml	C:\Users\22448\Downloads\重生虫心0.71汉化版（新）\reborn_workrepo\合作指挥官版起义狂潮\Mods\XM\XMAlarak.SC2Mod\Base.SC2Data\GameData\BehaviorData.xml
SOAMapWideChronoPassiveTarget	CBehaviorBuff	mods/starcoop/starcoop.sc2mod/base.sc2data/gamedata/behaviordata.xml	C:\Users\22448\Downloads\重生虫心0.71汉化版（新）\reborn_workrepo\合作指挥官版起义狂潮\Mods\XM\XMAlarak.SC2Mod\Base.SC2Data\GameData\BehaviorData.xml
SOARepairBeam	CBehaviorBuff	mods/starcoop/starcoop.sc2mod/base.sc2data/gamedata/behaviordata.xml	C:\Users\22448\Downloads\重生虫心0.71汉化版（新）\reborn_workrepo\合作指挥官版起义狂潮\Mods\XM\XMAlarak.SC2Mod\Base.SC2Data\GameData\BehaviorData.xml
SOASummonFenixWarpIn	CBehaviorBuff	mods/starcoop/starcoop.sc2mod/base.sc2data/gamedata/behaviordata.xml	C:\Users\22448\Downloads\重生虫心0.71汉化版（新）\reborn_workrepo\合作指挥官版起义狂潮\Mods\XM\XMAlarak.SC2Mod\Base.SC2Data\GameData\BehaviorData.xml
SOASummonFenixWarpOutAnimation	CBehaviorBuff	mods/starcoop/starcoop.sc2mod/base.sc2data/gamedata/behaviordata.xml	C:\Users\22448\Downloads\重生虫心0.71汉化版（新）\reborn_workrepo\合作指挥官版起义狂潮\Mods\XM\XMAlarak.SC2Mod\Base.SC2Data\GameData\BehaviorData.xml
SOASuperShield	CBehaviorBuff	mods/starcoop/starcoop.sc2mod/base.sc2data/gamedata/behaviordata.xml	C:\Users\22448\Downloads\重生虫心0.71汉化版（新）\reborn_workrepo\合作指挥官版起义狂潮\Mods\XM\XMAlarak.SC2Mod\Base.SC2Data\GameData\BehaviorData.xml
SOAThermalLanceActivate	CBehaviorBuff	mods/starcoop/starcoop.sc2mod/base.sc2data/gamedata/behaviordata.xml	C:\Users\22448\Downloads\重生虫心0.71汉化版（新）\reborn_workrepo\合作指挥官版起义狂潮\Mods\XM\XMAlarak.SC2Mod\Base.SC2Data\GameData\BehaviorData.xml
SolarForgeBeam	CBehaviorBuff	mods/starcoop/starcoop.sc2mod/base.sc2data/gamedata/behaviordata.xml	C:\Users\22448\Downloads\重生虫心0.71汉化版（新）\reborn_workrepo\合作指挥官版起义狂潮\Mods\XM\XMAlarak.SC2Mod\Base.SC2Data\GameData\BehaviorData.xml
SolarForgePreventDestroy	CBehaviorBuff	mods/starcoop/starcoop.sc2mod/base.sc2data/gamedata/behaviordata.xml	C:\Users\22448\Downloads\重生虫心0.71汉化版（新）\reborn_workrepo\合作指挥官版起义狂潮\Mods\XM\XMAlarak.SC2Mod\Base.SC2Data\GameData\BehaviorData.xml
SoulAbsorption	CBehaviorBuff	mods/starcoop/starcoop.sc2mod/base.sc2data/gamedata/behaviordata.xml	C:\Users\22448\Downloads\重生虫心0.71汉化版（新）\reborn_workrepo\合作指挥官版起义狂潮\Mods\XM\XMAlarak.SC2Mod\Base.SC2Data\GameData\BehaviorData.xml
SquadSightPersistentBehavior	CBehaviorBuff	mods/starcoop/starcoop.sc2mod/base.sc2data/gamedata/behaviordata.xml	C:\Users\22448\Downloads\重生虫心0.71汉化版（新）\reborn_workrepo\合作指挥官版起义狂潮\Mods\XM\XMAlarak.SC2Mod\Base.SC2Data\GameData\BehaviorData.xml
StukovFirstReviveTimer	CBehaviorBuff	mods/starcoop/starcoop.sc2mod/base.sc2data/gamedata/behaviordata.xml	C:\Users\22448\Downloads\重生虫心0.71汉化版（新）\reborn_workrepo\合作指挥官版起义狂潮\Mods\XM\XMAlarak.SC2Mod\Base.SC2Data\GameData\BehaviorData.xml
StukovNormalReviveTimer	CBehaviorBuff	mods/starcoop/starcoop.sc2mod/base.sc2data/gamedata/behaviordata.xml	C:\Users\22448\Downloads\重生虫心0.71汉化版（新）\reborn_workrepo\合作指挥官版起义狂潮\Mods\XM\XMAlarak.SC2Mod\Base.SC2Data\GameData\BehaviorData.xml
SupplicantCancelCheck	CBehaviorBuff	mods/starcoop/starcoop.sc2mod/base.sc2data/gamedata/behaviordata.xml	C:\Users\22448\Downloads\重生虫心0.71汉化版（新）\reborn_workrepo\合作指挥官版起义狂潮\Mods\XM\XMAlarak.SC2Mod\Base.SC2Data\GameData\BehaviorData.xml
SupplicantCreatorCheck	CBehaviorBuff	mods/starcoop/starcoop.sc2mod/base.sc2data/gamedata/behaviordata.xml	C:\Users\22448\Downloads\重生虫心0.71汉化版（新）\reborn_workrepo\合作指挥官版起义狂潮\Mods\XM\XMAlarak.SC2Mod\Base.SC2Data\GameData\BehaviorData.xml
SupplicantCreatorWarpGateCheck	CBehaviorBuff	mods/starcoop/starcoop.sc2mod/base.sc2data/gamedata/behaviordata.xml	C:\Users\22448\Downloads\重生虫心0.71汉化版（新）\reborn_workrepo\合作指挥官版起义狂潮\Mods\XM\XMAlarak.SC2Mod\Base.SC2Data\GameData\BehaviorData.xml
SupplicantWarpPowerCheck	CBehaviorBuff	mods/starcoop/starcoop.sc2mod/base.sc2data/gamedata/behaviordata.xml	C:\Users\22448\Downloads\重生虫心0.71汉化版（新）\reborn_workrepo\合作指挥官版起义狂潮\Mods\XM\XMAlarak.SC2Mod\Base.SC2Data\GameData\BehaviorData.xml
SuppressEnergyRegen	CBehaviorBuff	mods/starcoop/starcoop.sc2mod/base.sc2data/gamedata/behaviordata.xml	C:\Users\22448\Downloads\重生虫心0.71汉化版（新）\reborn_workrepo\合作指挥官版起义狂潮\Mods\XM\XMAlarak.SC2Mod\Base.SC2Data\GameData\BehaviorData.xml
TimeStopHaste	CBehaviorBuff	mods/starcoop/starcoop.sc2mod/base.sc2data/gamedata/behaviordata.xml	C:\Users\22448\Downloads\重生虫心0.71汉化版（新）\reborn_workrepo\合作指挥官版起义狂潮\Mods\XM\XMAlarak.SC2Mod\Base.SC2Data\GameData\BehaviorData.xml
TimeWarpProduction	CBehaviorBuff	mods/starcoop/starcoop.sc2mod/base.sc2data/gamedata/behaviordata.xml	C:\Users\22448\Downloads\重生虫心0.71汉化版（新）\reborn_workrepo\合作指挥官版起义狂潮\Mods\XM\XMAlarak.SC2Mod\Base.SC2Data\GameData\BehaviorData.xml
TriggerInheritsParentBuffs	CBehaviorBuff	mods/starcoop/starcoop.sc2mod/base.sc2data/gamedata/behaviordata.xml	C:\Users\22448\Downloads\重生虫心0.71汉化版（新）\reborn_workrepo\合作指挥官版起义狂潮\Mods\XM\XMAlarak.SC2Mod\Base.SC2Data\GameData\BehaviorData.xml
UnderConstructionOrDeadTracker	CBehaviorBuff	mods/starcoop/starcoop.sc2mod/base.sc2data/gamedata/behaviordata.xml	C:\Users\22448\Downloads\重生虫心0.71汉化版（新）\reborn_workrepo\合作指挥官版起义狂潮\Mods\XM\XMAlarak.SC2Mod\Base.SC2Data\GameData\BehaviorData.xml
VoidSentryBlackHole	CBehaviorBuff	mods/starcoop/starcoop.sc2mod/base.sc2data/gamedata/behaviordata.xml	C:\Users\22448\Downloads\重生虫心0.71汉化版（新）\reborn_workrepo\合作指挥官版起义狂潮\Mods\XM\XMAlarak.SC2Mod\Base.SC2Data\GameData\BehaviorData.xml
VorazunCloakDamageBoostPermanent	System.Xml.XmlElement	mods/starcoop/starcoop.sc2mod/base.sc2data/gamedata/behaviordata.xml	C:\Users\22448\Downloads\重生虫心0.71汉化版（新）\reborn_workrepo\合作指挥官版起义狂潮\Mods\XM\XMAlarak.SC2Mod\Base.SC2Data\GameData\BehaviorData.xml
VorazunCloakedShieldRegen	CBehaviorBuff	mods/starcoop/starcoop.sc2mod/base.sc2data/gamedata/behaviordata.xml	C:\Users\22448\Downloads\重生虫心0.71汉化版（新）\reborn_workrepo\合作指挥官版起义狂潮\Mods\XM\XMAlarak.SC2Mod\Base.SC2Data\GameData\BehaviorData.xml
VorazunCloakedShieldRegenPermanent	System.Xml.XmlElement	mods/starcoop/starcoop.sc2mod/base.sc2data/gamedata/behaviordata.xml	C:\Users\22448\Downloads\重生虫心0.71汉化版（新）\reborn_workrepo\合作指挥官版起义狂潮\Mods\XM\XMAlarak.SC2Mod\Base.SC2Data\GameData\BehaviorData.xml
WarpGateAutoCastDisabler	CBehaviorBuff	mods/starcoop/starcoop.sc2mod/base.sc2data/gamedata/behaviordata.xml	C:\Users\22448\Downloads\重生虫心0.71汉化版（新）\reborn_workrepo\合作指挥官版起义狂潮\Mods\XM\XMAlarak.SC2Mod\Base.SC2Data\GameData\BehaviorData.xml
WarpPrismTaldarimPowerSource	CBehaviorPowerSource	mods/starcoop/starcoop.sc2mod/base.sc2data/gamedata/behaviordata.xml	C:\Users\22448\Downloads\重生虫心0.71汉化版（新）\reborn_workrepo\合作指挥官版起义狂潮\Mods\XM\XMAlarak.SC2Mod\Base.SC2Data\GameData\BehaviorData.xml
WorshipAlarak	CBehaviorBuff	mods/starcoop/starcoop.sc2mod/base.sc2data/gamedata/behaviordata.xml	C:\Users\22448\Downloads\重生虫心0.71汉化版（新）\reborn_workrepo\合作指挥官版起义狂潮\Mods\XM\XMAlarak.SC2Mod\Base.SC2Data\GameData\BehaviorData.xml
ZagaraFirstReviveTimer	CBehaviorBuff	mods/starcoop/starcoop.sc2mod/base.sc2data/gamedata/behaviordata.xml	C:\Users\22448\Downloads\重生虫心0.71汉化版（新）\reborn_workrepo\合作指挥官版起义狂潮\Mods\XM\XMAlarak.SC2Mod\Base.SC2Data\GameData\BehaviorData.xml
ZagaraNormalReviveTimer	CBehaviorBuff	mods/starcoop/starcoop.sc2mod/base.sc2data/gamedata/behaviordata.xml	C:\Users\22448\Downloads\重生虫心0.71汉化版（新）\reborn_workrepo\合作指挥官版起义狂潮\Mods\XM\XMAlarak.SC2Mod\Base.SC2Data\GameData\BehaviorData.xml
AbathurSpawningPool	CButton	mods/starcoop/starcoop.sc2mod/base.sc2data/gamedata/buttondata.xml	C:\Users\22448\Downloads\重生虫心0.71汉化版（新）\reborn_workrepo\合作指挥官版起义狂潮\Mods\XM\XMAlarak.SC2Mod\Base.SC2Data\GameData\ButtonData.xml
ACAlarakPhasingMode	CButton	mods/starcoop/starcoop.sc2mod/base.sc2data/gamedata/buttondata.xml	C:\Users\22448\Downloads\重生虫心0.71汉化版（新）\reborn_workrepo\合作指挥官版起义狂潮\Mods\XM\XMAlarak.SC2Mod\Base.SC2Data\GameData\ButtonData.xml
ACAlarakTransportMode	CButton	mods/starcoop/starcoop.sc2mod/base.sc2data/gamedata/buttondata.xml	C:\Users\22448\Downloads\重生虫心0.71汉化版（新）\reborn_workrepo\合作指挥官版起义狂潮\Mods\XM\XMAlarak.SC2Mod\Base.SC2Data\GameData\ButtonData.xml
AdeptPassive	CButton	mods/starcoop/starcoop.sc2mod/base.sc2data/gamedata/buttondata.xml	C:\Users\22448\Downloads\重生虫心0.71汉化版（新）\reborn_workrepo\合作指挥官版起义狂潮\Mods\XM\XMAlarak.SC2Mod\Base.SC2Data\GameData\ButtonData.xml
AlarackACHavocDetection	CButton	mods/starcoop/starcoop.sc2mod/base.sc2data/gamedata/buttondata.xml	C:\Users\22448\Downloads\重生虫心0.71汉化版（新）\reborn_workrepo\合作指挥官版起义狂潮\Mods\XM\XMAlarak.SC2Mod\Base.SC2Data\GameData\ButtonData.xml
AlarackACResearchHavocDetection	CButton	mods/starcoop/starcoop.sc2mod/base.sc2data/gamedata/buttondata.xml	C:\Users\22448\Downloads\重生虫心0.71汉化版（新）\reborn_workrepo\合作指挥官版起义狂潮\Mods\XM\XMAlarak.SC2Mod\Base.SC2Data\GameData\ButtonData.xml
AlarakACMyLifefortheHighlord	CButton	mods/starcoop/starcoop.sc2mod/base.sc2data/gamedata/buttondata.xml	C:\Users\22448\Downloads\重生虫心0.71汉化版（新）\reborn_workrepo\合作指挥官版起义狂潮\Mods\XM\XMAlarak.SC2Mod\Base.SC2Data\GameData\ButtonData.xml
AlarakACSummonDeathfleet	CButton	mods/starcoop/starcoop.sc2mod/base.sc2data/gamedata/buttondata.xml	C:\Users\22448\Downloads\重生虫心0.71汉化版（新）\reborn_workrepo\合作指挥官版起义狂潮\Mods\XM\XMAlarak.SC2Mod\Base.SC2Data\GameData\ButtonData.xml
AlarakAreaDamageUpgrade	CButton	mods/starcoop/starcoop.sc2mod/base.sc2data/gamedata/buttondata.xml	C:\Users\22448\Downloads\重生虫心0.71汉化版（新）\reborn_workrepo\合作指挥官版起义狂潮\Mods\XM\XMAlarak.SC2Mod\Base.SC2Data\GameData\ButtonData.xml
AlarakAreaDamageUpgradeLocked	CButton	mods/starcoop/starcoop.sc2mod/base.sc2data/gamedata/buttondata.xml	C:\Users\22448\Downloads\重生虫心0.71汉化版（新）\reborn_workrepo\合作指挥官版起义狂潮\Mods\XM\XMAlarak.SC2Mod\Base.SC2Data\GameData\ButtonData.xml
AlarakAttackStun	CButton	mods/starcoop/starcoop.sc2mod/base.sc2data/gamedata/buttondata.xml	C:\Users\22448\Downloads\重生虫心0.71汉化版（新）\reborn_workrepo\合作指挥官版起义狂潮\Mods\XM\XMAlarak.SC2Mod\Base.SC2Data\GameData\ButtonData.xml
AlarakAttackStunLocked	CButton	mods/starcoop/starcoop.sc2mod/base.sc2data/gamedata/buttondata.xml	C:\Users\22448\Downloads\重生虫心0.71汉化版（新）\reborn_workrepo\合作指挥官版起义狂潮\Mods\XM\XMAlarak.SC2Mod\Base.SC2Data\GameData\ButtonData.xml
AlarakColossusAerialTracking	CButton	mods/starcoop/starcoop.sc2mod/base.sc2data/gamedata/buttondata.xml	C:\Users\22448\Downloads\重生虫心0.71汉化版（新）\reborn_workrepo\合作指挥官版起义狂潮\Mods\XM\XMAlarak.SC2Mod\Base.SC2Data\GameData\ButtonData.xml
AlarakColossusChargedBlastChargeTime	CButton	mods/starcoop/starcoop.sc2mod/base.sc2data/gamedata/buttondata.xml	C:\Users\22448\Downloads\重生虫心0.71汉化版（新）\reborn_workrepo\合作指挥官版起义狂潮\Mods\XM\XMAlarak.SC2Mod\Base.SC2Data\GameData\ButtonData.xml
AlarakDeadlyCharge	CButton	mods/starcoop/starcoop.sc2mod/base.sc2data/gamedata/buttondata.xml	C:\Users\22448\Downloads\重生虫心0.71汉化版（新）\reborn_workrepo\合作指挥官版起义狂潮\Mods\XM\XMAlarak.SC2Mod\Base.SC2Data\GameData\ButtonData.xml
AlarakDeathFleetLocked	CButton	mods/starcoop/starcoop.sc2mod/base.sc2data/gamedata/buttondata.xml	C:\Users\22448\Downloads\重生虫心0.71汉化版（新）\reborn_workrepo\合作指挥官版起义狂潮\Mods\XM\XMAlarak.SC2Mod\Base.SC2Data\GameData\ButtonData.xml
AlarakDestructionWaveDistance	CButton	mods/starcoop/starcoop.sc2mod/base.sc2data/gamedata/buttondata.xml	C:\Users\22448\Downloads\重生虫心0.71汉化版（新）\reborn_workrepo\合作指挥官版起义狂潮\Mods\XM\XMAlarak.SC2Mod\Base.SC2Data\GameData\ButtonData.xml
AlarakDestructionWaveDistanceLocked	CButton	mods/starcoop/starcoop.sc2mod/base.sc2data/gamedata/buttondata.xml	C:\Users\22448\Downloads\重生虫心0.71汉化版（新）\reborn_workrepo\合作指挥官版起义狂潮\Mods\XM\XMAlarak.SC2Mod\Base.SC2Data\GameData\ButtonData.xml
AlarakEmpower	CButton	mods/starcoop/starcoop.sc2mod/base.sc2data/gamedata/buttondata.xml	C:\Users\22448\Downloads\重生虫心0.71汉化版（新）\reborn_workrepo\合作指挥官版起义狂潮\Mods\XM\XMAlarak.SC2Mod\Base.SC2Data\GameData\ButtonData.xml
AlarakEmpowerLocked	CButton	mods/starcoop/starcoop.sc2mod/base.sc2data/gamedata/buttondata.xml	C:\Users\22448\Downloads\重生虫心0.71汉化版（新）\reborn_workrepo\合作指挥官版起义狂潮\Mods\XM\XMAlarak.SC2Mod\Base.SC2Data\GameData\ButtonData.xml
AlarakHavocAbilityRange	CButton	mods/starcoop/starcoop.sc2mod/base.sc2data/gamedata/buttondata.xml	C:\Users\22448\Downloads\重生虫心0.71汉化版（新）\reborn_workrepo\合作指挥官版起义狂潮\Mods\XM\XMAlarak.SC2Mod\Base.SC2Data\GameData\ButtonData.xml
AlarakHighTemplarImprovedSacrifice	CButton	mods/starcoop/starcoop.sc2mod/base.sc2data/gamedata/buttondata.xml	C:\Users\22448\Downloads\重生虫心0.71汉化版（新）\reborn_workrepo\合作指挥官版起义狂潮\Mods\XM\XMAlarak.SC2Mod\Base.SC2Data\GameData\ButtonData.xml
AlarakKnockback	CButton	mods/starcoop/starcoop.sc2mod/base.sc2data/gamedata/buttondata.xml	C:\Users\22448\Downloads\重生虫心0.71汉化版（新）\reborn_workrepo\合作指挥官版起义狂潮\Mods\XM\XMAlarak.SC2Mod\Base.SC2Data\GameData\ButtonData.xml
AlarakLightningStrikes	CButton	mods/starcoop/starcoop.sc2mod/base.sc2data/gamedata/buttondata.xml	C:\Users\22448\Downloads\重生虫心0.71汉化版（新）\reborn_workrepo\合作指挥官版起义狂潮\Mods\XM\XMAlarak.SC2Mod\Base.SC2Data\GameData\ButtonData.xml
AlarakLightningStrikesLocked	CButton	mods/starcoop/starcoop.sc2mod/base.sc2data/gamedata/buttondata.xml	C:\Users\22448\Downloads\重生虫心0.71汉化版（新）\reborn_workrepo\合作指挥官版起义狂潮\Mods\XM\XMAlarak.SC2Mod\Base.SC2Data\GameData\ButtonData.xml
AlarakMasteryUnitAttackSpeed	CButton	mods/starcoop/starcoop.sc2mod/base.sc2data/gamedata/buttondata.xml	C:\Users\22448\Downloads\重生虫心0.71汉化版（新）\reborn_workrepo\合作指挥官版起义狂潮\Mods\XM\XMAlarak.SC2Mod\Base.SC2Data\GameData\ButtonData.xml
AlarakMothershipMassTeleport	CButton	mods/starcoop/starcoop.sc2mod/base.sc2data/gamedata/buttondata.xml	C:\Users\22448\Downloads\重生虫心0.71汉化版（新）\reborn_workrepo\合作指挥官版起义狂潮\Mods\XM\XMAlarak.SC2Mod\Base.SC2Data\GameData\ButtonData.xml
AlarakResearchStalkerPhasingArmor	CButton	mods/starcoop/starcoop.sc2mod/base.sc2data/gamedata/buttondata.xml	C:\Users\22448\Downloads\重生虫心0.71汉化版（新）\reborn_workrepo\合作指挥官版起义狂潮\Mods\XM\XMAlarak.SC2Mod\Base.SC2Data\GameData\ButtonData.xml
AlarakSOAMothershipLineAttackLocked	CButton	mods/starcoop/starcoop.sc2mod/base.sc2data/gamedata/buttondata.xml	C:\Users\22448\Downloads\重生虫心0.71汉化版（新）\reborn_workrepo\合作指挥官版起义狂潮\Mods\XM\XMAlarak.SC2Mod\Base.SC2Data\GameData\ButtonData.xml
AlarakStalkerForceBlast	CButton	mods/starcoop/starcoop.sc2mod/base.sc2data/gamedata/buttondata.xml	C:\Users\22448\Downloads\重生虫心0.71汉化版（新）\reborn_workrepo\合作指挥官版起义狂潮\Mods\XM\XMAlarak.SC2Mod\Base.SC2Data\GameData\ButtonData.xml
AlarakStalkerPhasingArmor	CButton	mods/starcoop/starcoop.sc2mod/base.sc2data/gamedata/buttondata.xml	C:\Users\22448\Downloads\重生虫心0.71汉化版（新）\reborn_workrepo\合作指挥官版起义狂潮\Mods\XM\XMAlarak.SC2Mod\Base.SC2Data\GameData\ButtonData.xml
AlarakStructureOvercharge	CButton	mods/starcoop/starcoop.sc2mod/base.sc2data/gamedata/buttondata.xml	C:\Users\22448\Downloads\重生虫心0.71汉化版（新）\reborn_workrepo\合作指挥官版起义狂潮\Mods\XM\XMAlarak.SC2Mod\Base.SC2Data\GameData\ButtonData.xml
AlarakSupplicantMaxShields	CButton	mods/starcoop/starcoop.sc2mod/base.sc2data/gamedata/buttondata.xml	C:\Users\22448\Downloads\重生虫心0.71汉化版（新）\reborn_workrepo\合作指挥官版起义狂潮\Mods\XM\XMAlarak.SC2Mod\Base.SC2Data\GameData\ButtonData.xml
AlarakSupplicantSacrificeCDR	CButton	mods/starcoop/starcoop.sc2mod/base.sc2data/gamedata/buttondata.xml	C:\Users\22448\Downloads\重生虫心0.71汉化版（新）\reborn_workrepo\合作指挥官版起义狂潮\Mods\XM\XMAlarak.SC2Mod\Base.SC2Data\GameData\ButtonData.xml
AlarakTargetLockBuff	CButton	mods/starcoop/starcoop.sc2mod/base.sc2data/gamedata/buttondata.xml	C:\Users\22448\Downloads\重生虫心0.71汉化版（新）\reborn_workrepo\合作指挥官版起义狂潮\Mods\XM\XMAlarak.SC2Mod\Base.SC2Data\GameData\ButtonData.xml
AlarakTheStrongestSurvive	CButton	mods/starcoop/starcoop.sc2mod/base.sc2data/gamedata/buttondata.xml	C:\Users\22448\Downloads\重生虫心0.71汉化版（新）\reborn_workrepo\合作指挥官版起义狂潮\Mods\XM\XMAlarak.SC2Mod\Base.SC2Data\GameData\ButtonData.xml
AlarakVanguardIncreaseSplashArea	CButton	mods/starcoop/starcoop.sc2mod/base.sc2data/gamedata/buttondata.xml	C:\Users\22448\Downloads\重生虫心0.71汉化版（新）\reborn_workrepo\合作指挥官版起义狂潮\Mods\XM\XMAlarak.SC2Mod\Base.SC2Data\GameData\ButtonData.xml
AlarakZealotFrenziedOverload	CButton	mods/starcoop/starcoop.sc2mod/base.sc2data/gamedata/buttondata.xml	C:\Users\22448\Downloads\重生虫心0.71汉化版（新）\reborn_workrepo\合作指挥官版起义狂潮\Mods\XM\XMAlarak.SC2Mod\Base.SC2Data\GameData\ButtonData.xml
AscendantPassive	CButton	mods/starcoop/starcoop.sc2mod/base.sc2data/gamedata/buttondata.xml	C:\Users\22448\Downloads\重生虫心0.71汉化版（新）\reborn_workrepo\合作指挥官版起义狂潮\Mods\XM\XMAlarak.SC2Mod\Base.SC2Data\GameData\ButtonData.xml
AStrongHeart	CButton	mods/starcoop/starcoop.sc2mod/base.sc2data/gamedata/buttondata.xml	C:\Users\22448\Downloads\重生虫心0.71汉化版（新）\reborn_workrepo\合作指挥官版起义狂潮\Mods\XM\XMAlarak.SC2Mod\Base.SC2Data\GameData\ButtonData.xml
BrokenSolarForge	CButton	mods/starcoop/starcoop.sc2mod/base.sc2data/gamedata/buttondata.xml	C:\Users\22448\Downloads\重生虫心0.71汉化版（新）\reborn_workrepo\合作指挥官版起义狂潮\Mods\XM\XMAlarak.SC2Mod\Base.SC2Data\GameData\ButtonData.xml
BuildBileLauncherLocked	CButton	mods/starcoop/starcoop.sc2mod/base.sc2data/gamedata/buttondata.xml	C:\Users\22448\Downloads\重生虫心0.71汉化版（新）\reborn_workrepo\合作指挥官版起义狂潮\Mods\XM\XMAlarak.SC2Mod\Base.SC2Data\GameData\ButtonData.xml
BuildKhaydarinMonolithLocked	CButton	mods/starcoop/starcoop.sc2mod/base.sc2data/gamedata/buttondata.xml	C:\Users\22448\Downloads\重生虫心0.71汉化版（新）\reborn_workrepo\合作指挥官版起义狂潮\Mods\XM\XMAlarak.SC2Mod\Base.SC2Data\GameData\ButtonData.xml
BuildReaverLocked	CButton	mods/starcoop/starcoop.sc2mod/base.sc2data/gamedata/buttondata.xml	C:\Users\22448\Downloads\重生虫心0.71汉化版（新）\reborn_workrepo\合作指挥官版起义狂潮\Mods\XM\XMAlarak.SC2Mod\Base.SC2Data\GameData\ButtonData.xml
Carrier	CButton	mods/starcoop/starcoop.sc2mod/base.sc2data/gamedata/buttondata.xml	C:\Users\22448\Downloads\重生虫心0.71汉化版（新）\reborn_workrepo\合作指挥官版起义狂潮\Mods\XM\XMAlarak.SC2Mod\Base.SC2Data\GameData\ButtonData.xml
CarrierTaldarimMothership	CButton	mods/starcoop/starcoop.sc2mod/base.sc2data/gamedata/buttondata.xml	C:\Users\22448\Downloads\重生虫心0.71汉化版（新）\reborn_workrepo\合作指挥官版起义狂潮\Mods\XM\XMAlarak.SC2Mod\Base.SC2Data\GameData\ButtonData.xml
Charge	CButton	mods/starcoop/starcoop.sc2mod/base.sc2data/gamedata/buttondata.xml	C:\Users\22448\Downloads\重生虫心0.71汉化版（新）\reborn_workrepo\合作指挥官版起义狂潮\Mods\XM\XMAlarak.SC2Mod\Base.SC2Data\GameData\ButtonData.xml
ColossusTaldarim	CButton	mods/starcoop/starcoop.sc2mod/base.sc2data/gamedata/buttondata.xml	C:\Users\22448\Downloads\重生虫心0.71汉化版（新）\reborn_workrepo\合作指挥官版起义狂潮\Mods\XM\XMAlarak.SC2Mod\Base.SC2Data\GameData\ButtonData.xml
CommanderPrestigeAlarakDeathFleetLocked	CButton	mods/starcoop/starcoop.sc2mod/base.sc2data/gamedata/buttondata.xml	C:\Users\22448\Downloads\重生虫心0.71汉化版（新）\reborn_workrepo\合作指挥官版起义狂潮\Mods\XM\XMAlarak.SC2Mod\Base.SC2Data\GameData\ButtonData.xml
CommanderPrestigeAlarakMechBuff	CButton	mods/starcoop/starcoop.sc2mod/base.sc2data/gamedata/buttondata.xml	C:\Users\22448\Downloads\重生虫心0.71汉化版（新）\reborn_workrepo\合作指挥官版起义狂潮\Mods\XM\XMAlarak.SC2Mod\Base.SC2Data\GameData\ButtonData.xml
CommanderPrestigeKaraxKhaydarinMonolithBuildLocked	CButton	mods/starcoop/starcoop.sc2mod/base.sc2data/gamedata/buttondata.xml	C:\Users\22448\Downloads\重生虫心0.71汉化版（新）\reborn_workrepo\合作指挥官版起义狂潮\Mods\XM\XMAlarak.SC2Mod\Base.SC2Data\GameData\ButtonData.xml
CommanderPrestigeKaraxKhaydarinMonolithLocked	CButton	mods/starcoop/starcoop.sc2mod/base.sc2data/gamedata/buttondata.xml	C:\Users\22448\Downloads\重生虫心0.71汉化版（新）\reborn_workrepo\合作指挥官版起义狂潮\Mods\XM\XMAlarak.SC2Mod\Base.SC2Data\GameData\ButtonData.xml
CommanderPrestigeKaraxOptimizedAttackSpeedResearchLocked	CButton	mods/starcoop/starcoop.sc2mod/base.sc2data/gamedata/buttondata.xml	C:\Users\22448\Downloads\重生虫心0.71汉化版（新）\reborn_workrepo\合作指挥官版起义狂潮\Mods\XM\XMAlarak.SC2Mod\Base.SC2Data\GameData\ButtonData.xml
CommanderPrestigeKaraxPhotonCannonBuildLocked	CButton	mods/starcoop/starcoop.sc2mod/base.sc2data/gamedata/buttondata.xml	C:\Users\22448\Downloads\重生虫心0.71汉化版（新）\reborn_workrepo\合作指挥官版起义狂潮\Mods\XM\XMAlarak.SC2Mod\Base.SC2Data\GameData\ButtonData.xml
CommanderPrestigeKaraxPhotonCannonLocked	CButton	mods/starcoop/starcoop.sc2mod/base.sc2data/gamedata/buttondata.xml	C:\Users\22448\Downloads\重生虫心0.71汉化版（新）\reborn_workrepo\合作指挥官版起义狂潮\Mods\XM\XMAlarak.SC2Mod\Base.SC2Data\GameData\ButtonData.xml
CommanderPrestigeKerriganNydusWormBuildLocked	CButton	mods/starcoop/starcoop.sc2mod/base.sc2data/gamedata/buttondata.xml	C:\Users\22448\Downloads\重生虫心0.71汉化版（新）\reborn_workrepo\合作指挥官版起义狂潮\Mods\XM\XMAlarak.SC2Mod\Base.SC2Data\GameData\ButtonData.xml
CreepColony	CButton	mods/starcoop/starcoop.sc2mod/base.sc2data/gamedata/buttondata.xml	C:\Users\22448\Downloads\重生虫心0.71汉化版（新）\reborn_workrepo\合作指挥官版起义狂潮\Mods\XM\XMAlarak.SC2Mod\Base.SC2Data\GameData\ButtonData.xml
DarkArchon	CButton	mods/starcoop/starcoop.sc2mod/base.sc2data/gamedata/buttondata.xml	C:\Users\22448\Downloads\重生虫心0.71汉化版（新）\reborn_workrepo\合作指挥官版起义狂潮\Mods\XM\XMAlarak.SC2Mod\Base.SC2Data\GameData\ButtonData.xml
DehakaConsume	CButton	mods/starcoop/starcoop.sc2mod/base.sc2data/gamedata/buttondata.xml	C:\Users\22448\Downloads\重生虫心0.71汉化版（新）\reborn_workrepo\合作指挥官版起义狂潮\Mods\XM\XMAlarak.SC2Mod\Base.SC2Data\GameData\ButtonData.xml
FenixAltarOfPsiStorms	CButton	mods/starcoop/starcoop.sc2mod/base.sc2data/gamedata/buttondata.xml	C:\Users\22448\Downloads\重生虫心0.71汉化版（新）\reborn_workrepo\合作指挥官版起义狂潮\Mods\XM\XMAlarak.SC2Mod\Base.SC2Data\GameData\ButtonData.xml
FenixArbiterStasisField	CButton	mods/starcoop/starcoop.sc2mod/base.sc2data/gamedata/buttondata.xml	C:\Users\22448\Downloads\重生虫心0.71汉化版（新）\reborn_workrepo\合作指挥官版起义狂潮\Mods\XM\XMAlarak.SC2Mod\Base.SC2Data\GameData\ButtonData.xml
FenixClolarionBomber	CButton	mods/starcoop/starcoop.sc2mod/base.sc2data/gamedata/buttondata.xml	C:\Users\22448\Downloads\重生虫心0.71汉化版（新）\reborn_workrepo\合作指挥官版起义狂潮\Mods\XM\XMAlarak.SC2Mod\Base.SC2Data\GameData\ButtonData.xml
FenixClolarionCarrier	CButton	mods/starcoop/starcoop.sc2mod/base.sc2data/gamedata/buttondata.xml	C:\Users\22448\Downloads\重生虫心0.71汉化版（新）\reborn_workrepo\合作指挥官版起义狂潮\Mods\XM\XMAlarak.SC2Mod\Base.SC2Data\GameData\ButtonData.xml
FenixClolarionInterceptor	CButton	mods/starcoop/starcoop.sc2mod/base.sc2data/gamedata/buttondata.xml	C:\Users\22448\Downloads\重生虫心0.71汉化版（新）\reborn_workrepo\合作指挥官版起义狂潮\Mods\XM\XMAlarak.SC2Mod\Base.SC2Data\GameData\ButtonData.xml
FenixKaldalisZealot	CButton	mods/starcoop/starcoop.sc2mod/base.sc2data/gamedata/buttondata.xml	C:\Users\22448\Downloads\重生虫心0.71汉化版（新）\reborn_workrepo\合作指挥官版起义狂潮\Mods\XM\XMAlarak.SC2Mod\Base.SC2Data\GameData\ButtonData.xml
FenixKaldalisZealotCharge	CButton	mods/starcoop/starcoop.sc2mod/base.sc2data/gamedata/buttondata.xml	C:\Users\22448\Downloads\重生虫心0.71汉化版（新）\reborn_workrepo\合作指挥官版起义狂潮\Mods\XM\XMAlarak.SC2Mod\Base.SC2Data\GameData\ButtonData.xml
FenixMojoMissiles	CButton	mods/starcoop/starcoop.sc2mod/base.sc2data/gamedata/buttondata.xml	C:\Users\22448\Downloads\重生虫心0.71汉化版（新）\reborn_workrepo\合作指挥官版起义狂潮\Mods\XM\XMAlarak.SC2Mod\Base.SC2Data\GameData\ButtonData.xml
FenixMojoScout	CButton	mods/starcoop/starcoop.sc2mod/base.sc2data/gamedata/buttondata.xml	C:\Users\22448\Downloads\重生虫心0.71汉化版（新）\reborn_workrepo\合作指挥官版起义狂潮\Mods\XM\XMAlarak.SC2Mod\Base.SC2Data\GameData\ButtonData.xml
FenixSentryGuardianZone	CButton	mods/starcoop/starcoop.sc2mod/base.sc2data/gamedata/buttondata.xml	C:\Users\22448\Downloads\重生虫心0.71汉化版（新）\reborn_workrepo\合作指挥官版起义狂潮\Mods\XM\XMAlarak.SC2Mod\Base.SC2Data\GameData\ButtonData.xml
FenixTaldarinImmortal	CButton	mods/starcoop/starcoop.sc2mod/base.sc2data/gamedata/buttondata.xml	C:\Users\22448\Downloads\重生虫心0.71汉化版（新）\reborn_workrepo\合作指挥官版起义狂潮\Mods\XM\XMAlarak.SC2Mod\Base.SC2Data\GameData\ButtonData.xml
FenixTalisAdept	CButton	mods/starcoop/starcoop.sc2mod/base.sc2data/gamedata/buttondata.xml	C:\Users\22448\Downloads\重生虫心0.71汉化版（新）\reborn_workrepo\合作指挥官版起义狂潮\Mods\XM\XMAlarak.SC2Mod\Base.SC2Data\GameData\ButtonData.xml
FenixTalisAdeptBounceShot	CButton	mods/starcoop/starcoop.sc2mod/base.sc2data/gamedata/buttondata.xml	C:\Users\22448\Downloads\重生虫心0.71汉化版（新）\reborn_workrepo\合作指挥官版起义狂潮\Mods\XM\XMAlarak.SC2Mod\Base.SC2Data\GameData\ButtonData.xml
FenixTalisAdeptPhaseShift	CButton	mods/starcoop/starcoop.sc2mod/base.sc2data/gamedata/buttondata.xml	C:\Users\22448\Downloads\重生虫心0.71汉化版（新）\reborn_workrepo\合作指挥官版起义狂潮\Mods\XM\XMAlarak.SC2Mod\Base.SC2Data\GameData\ButtonData.xml
FenixThunderousChargeCoop	CButton	mods/starcoop/starcoop.sc2mod/base.sc2data/gamedata/buttondata.xml	C:\Users\22448\Downloads\重生虫心0.71汉化版（新）\reborn_workrepo\合作指挥官版起义狂潮\Mods\XM\XMAlarak.SC2Mod\Base.SC2Data\GameData\ButtonData.xml
FenixWarbringerColossus	CButton	mods/starcoop/starcoop.sc2mod/base.sc2data/gamedata/buttondata.xml	C:\Users\22448\Downloads\重生虫心0.71汉化版（新）\reborn_workrepo\合作指挥官版起义狂潮\Mods\XM\XMAlarak.SC2Mod\Base.SC2Data\GameData\ButtonData.xml
FenixWarbringerColossusPowerShot	CButton	mods/starcoop/starcoop.sc2mod/base.sc2data/gamedata/buttondata.xml	C:\Users\22448\Downloads\重生虫心0.71汉化版（新）\reborn_workrepo\合作指挥官版起义狂潮\Mods\XM\XMAlarak.SC2Mod\Base.SC2Data\GameData\ButtonData.xml
FenixWarpinDisruptorLocked	CButton	mods/starcoop/starcoop.sc2mod/base.sc2data/gamedata/buttondata.xml	C:\Users\22448\Downloads\重生虫心0.71汉化版（新）\reborn_workrepo\合作指挥官版起义狂潮\Mods\XM\XMAlarak.SC2Mod\Base.SC2Data\GameData\ButtonData.xml
Gateway	CButton	mods/starcoop/starcoop.sc2mod/base.sc2data/gamedata/buttondata.xml	C:\Users\22448\Downloads\重生虫心0.71汉化版（新）\reborn_workrepo\合作指挥官版起义狂潮\Mods\XM\XMAlarak.SC2Mod\Base.SC2Data\GameData\ButtonData.xml
GhostAcademyNova	CButton	mods/starcoop/starcoop.sc2mod/base.sc2data/gamedata/buttondata.xml	C:\Users\22448\Downloads\重生虫心0.71汉化版（新）\reborn_workrepo\合作指挥官版起义狂潮\Mods\XM\XMAlarak.SC2Mod\Base.SC2Data\GameData\ButtonData.xml
GraviticThrusters	CButton	mods/starcoop/starcoop.sc2mod/base.sc2data/gamedata/buttondata.xml	C:\Users\22448\Downloads\重生虫心0.71汉化版（新）\reborn_workrepo\合作指挥官版起义狂潮\Mods\XM\XMAlarak.SC2Mod\Base.SC2Data\GameData\ButtonData.xml
GravitonBeam	CButton	mods/starcoop/starcoop.sc2mod/base.sc2data/gamedata/buttondata.xml	C:\Users\22448\Downloads\重生虫心0.71汉化版（新）\reborn_workrepo\合作指挥官版起义狂潮\Mods\XM\XMAlarak.SC2Mod\Base.SC2Data\GameData\ButtonData.xml
HavocPermanentCloak	CButton	mods/starcoop/starcoop.sc2mod/base.sc2data/gamedata/buttondata.xml	C:\Users\22448\Downloads\重生虫心0.71汉化版（新）\reborn_workrepo\合作指挥官版起义狂潮\Mods\XM\XMAlarak.SC2Mod\Base.SC2Data\GameData\ButtonData.xml
HHStarport	CButton	mods/starcoop/starcoop.sc2mod/base.sc2data/gamedata/buttondata.xml	C:\Users\22448\Downloads\重生虫心0.71汉化版（新）\reborn_workrepo\合作指挥官版起义狂潮\Mods\XM\XMAlarak.SC2Mod\Base.SC2Data\GameData\ButtonData.xml
HHSuperRadar	CButton	mods/starcoop/starcoop.sc2mod/base.sc2data/gamedata/buttondata.xml	C:\Users\22448\Downloads\重生虫心0.71汉化版（新）\reborn_workrepo\合作指挥官版起义狂潮\Mods\XM\XMAlarak.SC2Mod\Base.SC2Data\GameData\ButtonData.xml
HighTemplarTaldarim	CButton	mods/starcoop/starcoop.sc2mod/base.sc2data/gamedata/buttondata.xml	C:\Users\22448\Downloads\重生虫心0.71汉化版（新）\reborn_workrepo\合作指挥官版起义狂潮\Mods\XM\XMAlarak.SC2Mod\Base.SC2Data\GameData\ButtonData.xml
ImmortalBarrierBase	CButton	mods/starcoop/starcoop.sc2mod/base.sc2data/gamedata/buttondata.xml	C:\Users\22448\Downloads\重生虫心0.71汉化版（新）\reborn_workrepo\合作指挥官版起义狂潮\Mods\XM\XMAlarak.SC2Mod\Base.SC2Data\GameData\ButtonData.xml
ImmortalTaldarim	CButton	mods/starcoop/starcoop.sc2mod/base.sc2data/gamedata/buttondata.xml	C:\Users\22448\Downloads\重生虫心0.71汉化版（新）\reborn_workrepo\合作指挥官版起义狂潮\Mods\XM\XMAlarak.SC2Mod\Base.SC2Data\GameData\ButtonData.xml
Irradiate	CButton	mods/starcoop/starcoop.sc2mod/base.sc2data/gamedata/buttondata.xml	C:\Users\22448\Downloads\重生虫心0.71汉化版（新）\reborn_workrepo\合作指挥官版起义狂潮\Mods\XM\XMAlarak.SC2Mod\Base.SC2Data\GameData\ButtonData.xml
KaraxTurretAttackSpeed	CButton	mods/starcoop/starcoop.sc2mod/base.sc2data/gamedata/buttondata.xml	C:\Users\22448\Downloads\重生虫心0.71汉化版（新）\reborn_workrepo\合作指挥官版起义狂潮\Mods\XM\XMAlarak.SC2Mod\Base.SC2Data\GameData\ButtonData.xml
KaraxTurretRange	CButton	mods/starcoop/starcoop.sc2mod/base.sc2data/gamedata/buttondata.xml	C:\Users\22448\Downloads\重生虫心0.71汉化版（新）\reborn_workrepo\合作指挥官版起义狂潮\Mods\XM\XMAlarak.SC2Mod\Base.SC2Data\GameData\ButtonData.xml
KhaydarinMonolith	CButton	mods/starcoop/starcoop.sc2mod/base.sc2data/gamedata/buttondata.xml	C:\Users\22448\Downloads\重生虫心0.71汉化版（新）\reborn_workrepo\合作指挥官版起义狂潮\Mods\XM\XMAlarak.SC2Mod\Base.SC2Data\GameData\ButtonData.xml
LockOnRangeUpgrade	CButton	mods/starcoop/starcoop.sc2mod/base.sc2data/gamedata/buttondata.xml	C:\Users\22448\Downloads\重生虫心0.71汉化版（新）\reborn_workrepo\合作指挥官版起义狂潮\Mods\XM\XMAlarak.SC2Mod\Base.SC2Data\GameData\ButtonData.xml
MapObjectInteract	CButton	mods/starcoop/starcoop.sc2mod/base.sc2data/gamedata/buttondata.xml	C:\Users\22448\Downloads\重生虫心0.71汉化版（新）\reborn_workrepo\合作指挥官版起义狂潮\Mods\XM\XMAlarak.SC2Mod\Base.SC2Data\GameData\ButtonData.xml
Monitor	CButton	mods/starcoop/starcoop.sc2mod/base.sc2data/gamedata/buttondata.xml	C:\Users\22448\Downloads\重生虫心0.71汉化版（新）\reborn_workrepo\合作指挥官版起义狂潮\Mods\XM\XMAlarak.SC2Mod\Base.SC2Data\GameData\ButtonData.xml
MonitorPassive	CButton	mods/starcoop/starcoop.sc2mod/base.sc2data/gamedata/buttondata.xml	C:\Users\22448\Downloads\重生虫心0.71汉化版（新）\reborn_workrepo\合作指挥官版起义狂潮\Mods\XM\XMAlarak.SC2Mod\Base.SC2Data\GameData\ButtonData.xml
MutatorWorkerSleep	CButton	mods/starcoop/starcoop.sc2mod/base.sc2data/gamedata/buttondata.xml	C:\Users\22448\Downloads\重生虫心0.71汉化版（新）\reborn_workrepo\合作指挥官版起义狂潮\Mods\XM\XMAlarak.SC2Mod\Base.SC2Data\GameData\ButtonData.xml
NovaGadgetPulseGrenades	CButton	mods/starcoop/starcoop.sc2mod/base.sc2data/gamedata/buttondata.xml	C:\Users\22448\Downloads\重生虫心0.71汉化版（新）\reborn_workrepo\合作指挥官版起义狂潮\Mods\XM\XMAlarak.SC2Mod\Base.SC2Data\GameData\ButtonData.xml
NovaGadgetSuperStim	CButton	mods/starcoop/starcoop.sc2mod/base.sc2data/gamedata/buttondata.xml	C:\Users\22448\Downloads\重生虫心0.71汉化版（新）\reborn_workrepo\合作指挥官版起义狂潮\Mods\XM\XMAlarak.SC2Mod\Base.SC2Data\GameData\ButtonData.xml
NovaHelmetGhostVisor	CButton	mods/starcoop/starcoop.sc2mod/base.sc2data/gamedata/buttondata.xml	C:\Users\22448\Downloads\重生虫心0.71汉化版（新）\reborn_workrepo\合作指挥官版起义狂潮\Mods\XM\XMAlarak.SC2Mod\Base.SC2Data\GameData\ButtonData.xml
OracleBuildStasisTrap	CButton	mods/starcoop/starcoop.sc2mod/base.sc2data/gamedata/buttondata.xml	C:\Users\22448\Downloads\重生虫心0.71汉化版（新）\reborn_workrepo\合作指挥官版起义狂潮\Mods\XM\XMAlarak.SC2Mod\Base.SC2Data\GameData\ButtonData.xml
PermanentlyCloakedCorsair	CButton	mods/starcoop/starcoop.sc2mod/base.sc2data/gamedata/buttondata.xml	C:\Users\22448\Downloads\重生虫心0.71汉化版（新）\reborn_workrepo\合作指挥官版起义狂潮\Mods\XM\XMAlarak.SC2Mod\Base.SC2Data\GameData\ButtonData.xml
PhoenixAiurGravitonBeam	CButton	mods/starcoop/starcoop.sc2mod/base.sc2data/gamedata/buttondata.xml	C:\Users\22448\Downloads\重生虫心0.71汉化版（新）\reborn_workrepo\合作指挥官版起义狂潮\Mods\XM\XMAlarak.SC2Mod\Base.SC2Data\GameData\ButtonData.xml
PrestigeAbilLocked	CButton	mods/starcoop/starcoop.sc2mod/base.sc2data/gamedata/buttondata.xml	C:\Users\22448\Downloads\重生虫心0.71汉化版（新）\reborn_workrepo\合作指挥官版起义狂潮\Mods\XM\XMAlarak.SC2Mod\Base.SC2Data\GameData\ButtonData.xml
PrestigeBuildUnitLocked	CButton	mods/starcoop/starcoop.sc2mod/base.sc2data/gamedata/buttondata.xml	C:\Users\22448\Downloads\重生虫心0.71汉化版（新）\reborn_workrepo\合作指挥官版起义狂潮\Mods\XM\XMAlarak.SC2Mod\Base.SC2Data\GameData\ButtonData.xml
PrestigeResearchLocked	CButton	mods/starcoop/starcoop.sc2mod/base.sc2data/gamedata/buttondata.xml	C:\Users\22448\Downloads\重生虫心0.71汉化版（新）\reborn_workrepo\合作指挥官版起义狂潮\Mods\XM\XMAlarak.SC2Mod\Base.SC2Data\GameData\ButtonData.xml
PrimalSlash	CButton	mods/starcoop/starcoop.sc2mod/base.sc2data/gamedata/buttondata.xml	C:\Users\22448\Downloads\重生虫心0.71汉化版（新）\reborn_workrepo\合作指挥官版起义狂潮\Mods\XM\XMAlarak.SC2Mod\Base.SC2Data\GameData\ButtonData.xml
ProtossAlarakArmorLevel1	CButton	mods/starcoop/starcoop.sc2mod/base.sc2data/gamedata/buttondata.xml	C:\Users\22448\Downloads\重生虫心0.71汉化版（新）\reborn_workrepo\合作指挥官版起义狂潮\Mods\XM\XMAlarak.SC2Mod\Base.SC2Data\GameData\ButtonData.xml
ProtossAlarakArmorLevel2	CButton	mods/starcoop/starcoop.sc2mod/base.sc2data/gamedata/buttondata.xml	C:\Users\22448\Downloads\重生虫心0.71汉化版（新）\reborn_workrepo\合作指挥官版起义狂潮\Mods\XM\XMAlarak.SC2Mod\Base.SC2Data\GameData\ButtonData.xml
ProtossAlarakArmorLevel3	CButton	mods/starcoop/starcoop.sc2mod/base.sc2data/gamedata/buttondata.xml	C:\Users\22448\Downloads\重生虫心0.71汉化版（新）\reborn_workrepo\合作指挥官版起义狂潮\Mods\XM\XMAlarak.SC2Mod\Base.SC2Data\GameData\ButtonData.xml
ProtossAlarakWeaponsLevel1	CButton	mods/starcoop/starcoop.sc2mod/base.sc2data/gamedata/buttondata.xml	C:\Users\22448\Downloads\重生虫心0.71汉化版（新）\reborn_workrepo\合作指挥官版起义狂潮\Mods\XM\XMAlarak.SC2Mod\Base.SC2Data\GameData\ButtonData.xml
ProtossAlarakWeaponsLevel2	CButton	mods/starcoop/starcoop.sc2mod/base.sc2data/gamedata/buttondata.xml	C:\Users\22448\Downloads\重生虫心0.71汉化版（新）\reborn_workrepo\合作指挥官版起义狂潮\Mods\XM\XMAlarak.SC2Mod\Base.SC2Data\GameData\ButtonData.xml
ProtossAlarakWeaponsLevel3	CButton	mods/starcoop/starcoop.sc2mod/base.sc2data/gamedata/buttondata.xml	C:\Users\22448\Downloads\重生虫心0.71汉化版（新）\reborn_workrepo\合作指挥官版起义狂潮\Mods\XM\XMAlarak.SC2Mod\Base.SC2Data\GameData\ButtonData.xml
ProtossBuild	CButton	mods/starcoop/starcoop.sc2mod/base.sc2data/gamedata/buttondata.xml	C:\Users\22448\Downloads\重生虫心0.71汉化版（新）\reborn_workrepo\合作指挥官版起义狂潮\Mods\XM\XMAlarak.SC2Mod\Base.SC2Data\GameData\ButtonData.xml
RepairSolarForge	CButton	mods/starcoop/starcoop.sc2mod/base.sc2data/gamedata/buttondata.xml	C:\Users\22448\Downloads\重生虫心0.71汉化版（新）\reborn_workrepo\合作指挥官版起义狂潮\Mods\XM\XMAlarak.SC2Mod\Base.SC2Data\GameData\ButtonData.xml
ResearchAlarakAttackStun	CButton	mods/starcoop/starcoop.sc2mod/base.sc2data/gamedata/buttondata.xml	C:\Users\22448\Downloads\重生虫心0.71汉化版（新）\reborn_workrepo\合作指挥官版起义狂潮\Mods\XM\XMAlarak.SC2Mod\Base.SC2Data\GameData\ButtonData.xml
ResearchAlarakAttackStunLocked	CButton	mods/starcoop/starcoop.sc2mod/base.sc2data/gamedata/buttondata.xml	C:\Users\22448\Downloads\重生虫心0.71汉化版（新）\reborn_workrepo\合作指挥官版起义狂潮\Mods\XM\XMAlarak.SC2Mod\Base.SC2Data\GameData\ButtonData.xml
ResearchAlarakDestructionWaveDistance	CButton	mods/starcoop/starcoop.sc2mod/base.sc2data/gamedata/buttondata.xml	C:\Users\22448\Downloads\重生虫心0.71汉化版（新）\reborn_workrepo\合作指挥官版起义狂潮\Mods\XM\XMAlarak.SC2Mod\Base.SC2Data\GameData\ButtonData.xml
ResearchAlarakDestructionWaveDistanceLocked	CButton	mods/starcoop/starcoop.sc2mod/base.sc2data/gamedata/buttondata.xml	C:\Users\22448\Downloads\重生虫心0.71汉化版（新）\reborn_workrepo\合作指挥官版起义狂潮\Mods\XM\XMAlarak.SC2Mod\Base.SC2Data\GameData\ButtonData.xml
ResearchAlarakHavocAbilityRange	CButton	mods/starcoop/starcoop.sc2mod/base.sc2data/gamedata/buttondata.xml	C:\Users\22448\Downloads\重生虫心0.71汉化版（新）\reborn_workrepo\合作指挥官版起义狂潮\Mods\XM\XMAlarak.SC2Mod\Base.SC2Data\GameData\ButtonData.xml
ResearchAlarakHavocAbilityRangeLocked	System.Xml.XmlElement	mods/starcoop/starcoop.sc2mod/base.sc2data/gamedata/buttondata.xml	C:\Users\22448\Downloads\重生虫心0.71汉化版（新）\reborn_workrepo\合作指挥官版起义狂潮\Mods\XM\XMAlarak.SC2Mod\Base.SC2Data\GameData\ButtonData.xml
ResearchAlarakTargetLockBuff	CButton	mods/starcoop/starcoop.sc2mod/base.sc2data/gamedata/buttondata.xml	C:\Users\22448\Downloads\重生虫心0.71汉化版（新）\reborn_workrepo\合作指挥官版起义狂潮\Mods\XM\XMAlarak.SC2Mod\Base.SC2Data\GameData\ButtonData.xml
ResearchBeamBounce	CButton	mods/starcoop/starcoop.sc2mod/base.sc2data/gamedata/buttondata.xml	C:\Users\22448\Downloads\重生虫心0.71汉化版（新）\reborn_workrepo\合作指挥官版起义狂潮\Mods\XM\XMAlarak.SC2Mod\Base.SC2Data\GameData\ButtonData.xml
ResearchCarrierRepairDrones	CButton	mods/starcoop/starcoop.sc2mod/base.sc2data/gamedata/buttondata.xml	C:\Users\22448\Downloads\重生虫心0.71汉化版（新）\reborn_workrepo\合作指挥官版起义狂潮\Mods\XM\XMAlarak.SC2Mod\Base.SC2Data\GameData\ButtonData.xml
ResearchChronoBeam	CButton	mods/starcoop/starcoop.sc2mod/base.sc2data/gamedata/buttondata.xml	C:\Users\22448\Downloads\重生虫心0.71汉化版（新）\reborn_workrepo\合作指挥官版起义狂潮\Mods\XM\XMAlarak.SC2Mod\Base.SC2Data\GameData\ButtonData.xml
ResearchCorsairDisruptionWeb	CButton	mods/starcoop/starcoop.sc2mod/base.sc2data/gamedata/buttondata.xml	C:\Users\22448\Downloads\重生虫心0.71汉化版（新）\reborn_workrepo\合作指挥官版起义狂潮\Mods\XM\XMAlarak.SC2Mod\Base.SC2Data\GameData\ButtonData.xml
ResearchCorsairPermanentCloak	CButton	mods/starcoop/starcoop.sc2mod/base.sc2data/gamedata/buttondata.xml	C:\Users\22448\Downloads\重生虫心0.71汉化版（新）\reborn_workrepo\合作指挥官版起义狂潮\Mods\XM\XMAlarak.SC2Mod\Base.SC2Data\GameData\ButtonData.xml
ResearchCorsairPermanentCloakLocked	CButton	mods/starcoop/starcoop.sc2mod/base.sc2data/gamedata/buttondata.xml	C:\Users\22448\Downloads\重生虫心0.71汉化版（新）\reborn_workrepo\合作指挥官版起义狂潮\Mods\XM\XMAlarak.SC2Mod\Base.SC2Data\GameData\ButtonData.xml
ResearchDestructionBeam	CButton	mods/starcoop/starcoop.sc2mod/base.sc2data/gamedata/buttondata.xml	C:\Users\22448\Downloads\重生虫心0.71汉化版（新）\reborn_workrepo\合作指挥官版起义狂潮\Mods\XM\XMAlarak.SC2Mod\Base.SC2Data\GameData\ButtonData.xml
ResearchDisintegrationLocked	CButton	mods/starcoop/starcoop.sc2mod/base.sc2data/gamedata/buttondata.xml	C:\Users\22448\Downloads\重生虫心0.71汉化版（新）\reborn_workrepo\合作指挥官版起义狂潮\Mods\XM\XMAlarak.SC2Mod\Base.SC2Data\GameData\ButtonData.xml
ResearchDoubleGravitonBeam	CButton	mods/starcoop/starcoop.sc2mod/base.sc2data/gamedata/buttondata.xml	C:\Users\22448\Downloads\重生虫心0.71汉化版（新）\reborn_workrepo\合作指挥官版起义狂潮\Mods\XM\XMAlarak.SC2Mod\Base.SC2Data\GameData\ButtonData.xml
ResearchDoubleGravitonBeamLocked	CButton	mods/starcoop/starcoop.sc2mod/base.sc2data/gamedata/buttondata.xml	C:\Users\22448\Downloads\重生虫心0.71汉化版（新）\reborn_workrepo\合作指挥官版起义狂潮\Mods\XM\XMAlarak.SC2Mod\Base.SC2Data\GameData\ButtonData.xml
ResearchDragoonChassis	CButton	mods/starcoop/starcoop.sc2mod/base.sc2data/gamedata/buttondata.xml	C:\Users\22448\Downloads\重生虫心0.71汉化版（新）\reborn_workrepo\合作指挥官版起义狂潮\Mods\XM\XMAlarak.SC2Mod\Base.SC2Data\GameData\ButtonData.xml
ResearchDragoonRange	CButton	mods/starcoop/starcoop.sc2mod/base.sc2data/gamedata/buttondata.xml	C:\Users\22448\Downloads\重生虫心0.71汉化版（新）\reborn_workrepo\合作指挥官版起义狂潮\Mods\XM\XMAlarak.SC2Mod\Base.SC2Data\GameData\ButtonData.xml
ResearchFenixArbiterDetection	CButton	mods/starcoop/starcoop.sc2mod/base.sc2data/gamedata/buttondata.xml	C:\Users\22448\Downloads\重生虫心0.71汉化版（新）\reborn_workrepo\合作指挥官版起义狂潮\Mods\XM\XMAlarak.SC2Mod\Base.SC2Data\GameData\ButtonData.xml
ResearchFenixArbiterDetectionLocked	CButton	mods/starcoop/starcoop.sc2mod/base.sc2data/gamedata/buttondata.xml	C:\Users\22448\Downloads\重生虫心0.71汉化版（新）\reborn_workrepo\合作指挥官版起义狂潮\Mods\XM\XMAlarak.SC2Mod\Base.SC2Data\GameData\ButtonData.xml
ResearchFenixChampionCarrierBombers	CButton	mods/starcoop/starcoop.sc2mod/base.sc2data/gamedata/buttondata.xml	C:\Users\22448\Downloads\重生虫心0.71汉化版（新）\reborn_workrepo\合作指挥官版起义狂潮\Mods\XM\XMAlarak.SC2Mod\Base.SC2Data\GameData\ButtonData.xml
ResearchFenixChampionCarrierBombersLocked	CButton	mods/starcoop/starcoop.sc2mod/base.sc2data/gamedata/buttondata.xml	C:\Users\22448\Downloads\重生虫心0.71汉化版（新）\reborn_workrepo\合作指挥官版起义狂潮\Mods\XM\XMAlarak.SC2Mod\Base.SC2Data\GameData\ButtonData.xml
ResearchFenixChampionScoutAOEMissiles	CButton	mods/starcoop/starcoop.sc2mod/base.sc2data/gamedata/buttondata.xml	C:\Users\22448\Downloads\重生虫心0.71汉化版（新）\reborn_workrepo\合作指挥官版起义狂潮\Mods\XM\XMAlarak.SC2Mod\Base.SC2Data\GameData\ButtonData.xml
ResearchFenixChampionScoutAOEMissilesLocked	CButton	mods/starcoop/starcoop.sc2mod/base.sc2data/gamedata/buttondata.xml	C:\Users\22448\Downloads\重生虫心0.71汉化版（新）\reborn_workrepo\合作指挥官版起义狂潮\Mods\XM\XMAlarak.SC2Mod\Base.SC2Data\GameData\ButtonData.xml
ResearchFenixScoutWeaponRange	CButton	mods/starcoop/starcoop.sc2mod/base.sc2data/gamedata/buttondata.xml	C:\Users\22448\Downloads\重生虫心0.71汉化版（新）\reborn_workrepo\合作指挥官版起义狂潮\Mods\XM\XMAlarak.SC2Mod\Base.SC2Data\GameData\ButtonData.xml
ResearchFenixSentryGuardianZoneUpgrade	CButton	mods/starcoop/starcoop.sc2mod/base.sc2data/gamedata/buttondata.xml	C:\Users\22448\Downloads\重生虫心0.71汉化版（新）\reborn_workrepo\合作指挥官版起义狂潮\Mods\XM\XMAlarak.SC2Mod\Base.SC2Data\GameData\ButtonData.xml
ResearchFenixSentryGuardianZoneUpgradeLocked	CButton	mods/starcoop/starcoop.sc2mod/base.sc2data/gamedata/buttondata.xml	C:\Users\22448\Downloads\重生虫心0.71汉化版（新）\reborn_workrepo\合作指挥官版起义狂潮\Mods\XM\XMAlarak.SC2Mod\Base.SC2Data\GameData\ButtonData.xml
ResearchFenixSuitAttackDamage	CButton	mods/starcoop/starcoop.sc2mod/base.sc2data/gamedata/buttondata.xml	C:\Users\22448\Downloads\重生虫心0.71汉化版（新）\reborn_workrepo\合作指挥官版起义狂潮\Mods\XM\XMAlarak.SC2Mod\Base.SC2Data\GameData\ButtonData.xml
ResearchFenixSuitAttackDamageLocked	CButton	mods/starcoop/starcoop.sc2mod/base.sc2data/gamedata/buttondata.xml	C:\Users\22448\Downloads\重生虫心0.71汉化版（新）\reborn_workrepo\合作指挥官版起义狂潮\Mods\XM\XMAlarak.SC2Mod\Base.SC2Data\GameData\ButtonData.xml
ResearchGraviticThrusters	CButton	mods/starcoop/starcoop.sc2mod/base.sc2data/gamedata/buttondata.xml	C:\Users\22448\Downloads\重生虫心0.71汉化版（新）\reborn_workrepo\合作指挥官版起义狂潮\Mods\XM\XMAlarak.SC2Mod\Base.SC2Data\GameData\ButtonData.xml
ResearchHavocPermanentCloak	CButton	mods/starcoop/starcoop.sc2mod/base.sc2data/gamedata/buttondata.xml	C:\Users\22448\Downloads\重生虫心0.71汉化版（新）\reborn_workrepo\合作指挥官版起义狂潮\Mods\XM\XMAlarak.SC2Mod\Base.SC2Data\GameData\ButtonData.xml
ResearchHealingPsionicStorm	CButton	mods/starcoop/starcoop.sc2mod/base.sc2data/gamedata/buttondata.xml	C:\Users\22448\Downloads\重生虫心0.71汉化版（新）\reborn_workrepo\合作指挥官版起义狂潮\Mods\XM\XMAlarak.SC2Mod\Base.SC2Data\GameData\ButtonData.xml
ResearchInterceptorLaunchSpeedUpgrade	CButton	mods/starcoop/starcoop.sc2mod/base.sc2data/gamedata/buttondata.xml	C:\Users\22448\Downloads\重生虫心0.71汉化版（新）\reborn_workrepo\合作指挥官版起义狂潮\Mods\XM\XMAlarak.SC2Mod\Base.SC2Data\GameData\ButtonData.xml
ResearchKaraxCarrerInterceptorLaunchSpeed	CButton	mods/starcoop/starcoop.sc2mod/base.sc2data/gamedata/buttondata.xml	C:\Users\22448\Downloads\重生虫心0.71汉化版（新）\reborn_workrepo\合作指挥官版起义狂潮\Mods\XM\XMAlarak.SC2Mod\Base.SC2Data\GameData\ButtonData.xml
ResearchKaraxTurretAttackSpeed	CButton	mods/starcoop/starcoop.sc2mod/base.sc2data/gamedata/buttondata.xml	C:\Users\22448\Downloads\重生虫心0.71汉化版（新）\reborn_workrepo\合作指挥官版起义狂潮\Mods\XM\XMAlarak.SC2Mod\Base.SC2Data\GameData\ButtonData.xml
ResearchKaraxTurretRange	CButton	mods/starcoop/starcoop.sc2mod/base.sc2data/gamedata/buttondata.xml	C:\Users\22448\Downloads\重生虫心0.71汉化版（新）\reborn_workrepo\合作指挥官版起义狂潮\Mods\XM\XMAlarak.SC2Mod\Base.SC2Data\GameData\ButtonData.xml
ResearchOracleStasisWardUpgrade	CButton	mods/starcoop/starcoop.sc2mod/base.sc2data/gamedata/buttondata.xml	C:\Users\22448\Downloads\重生虫心0.71汉化版（新）\reborn_workrepo\合作指挥官版起义狂潮\Mods\XM\XMAlarak.SC2Mod\Base.SC2Data\GameData\ButtonData.xml
ResearchOracleStasisWardUpgradeLocked	CButton	mods/starcoop/starcoop.sc2mod/base.sc2data/gamedata/buttondata.xml	C:\Users\22448\Downloads\重生虫心0.71汉化版（新）\reborn_workrepo\合作指挥官版起义狂潮\Mods\XM\XMAlarak.SC2Mod\Base.SC2Data\GameData\ButtonData.xml
ResearchOracleWormhole	CButton	mods/starcoop/starcoop.sc2mod/base.sc2data/gamedata/buttondata.xml	C:\Users\22448\Downloads\重生虫心0.71汉化版（新）\reborn_workrepo\合作指挥官版起义狂潮\Mods\XM\XMAlarak.SC2Mod\Base.SC2Data\GameData\ButtonData.xml
ResearchPhaseArmor	CButton	mods/starcoop/starcoop.sc2mod/base.sc2data/gamedata/buttondata.xml	C:\Users\22448\Downloads\重生虫心0.71汉化版（新）\reborn_workrepo\合作指挥官版起义狂潮\Mods\XM\XMAlarak.SC2Mod\Base.SC2Data\GameData\ButtonData.xml
ResearchPhaseArmorLocked	CButton	mods/starcoop/starcoop.sc2mod/base.sc2data/gamedata/buttondata.xml	C:\Users\22448\Downloads\重生虫心0.71汉化版（新）\reborn_workrepo\合作指挥官版起义狂潮\Mods\XM\XMAlarak.SC2Mod\Base.SC2Data\GameData\ButtonData.xml
ResearchPrismaticAlignment	CButton	mods/starcoop/starcoop.sc2mod/base.sc2data/gamedata/buttondata.xml	C:\Users\22448\Downloads\重生虫心0.71汉化版（新）\reborn_workrepo\合作指挥官版起义狂潮\Mods\XM\XMAlarak.SC2Mod\Base.SC2Data\GameData\ButtonData.xml
ResearchPrismaticRangeLocked	CButton	mods/starcoop/starcoop.sc2mod/base.sc2data/gamedata/buttondata.xml	C:\Users\22448\Downloads\重生虫心0.71汉化版（新）\reborn_workrepo\合作指挥官版起义狂潮\Mods\XM\XMAlarak.SC2Mod\Base.SC2Data\GameData\ButtonData.xml
ResearchReaverIncreasedScarabCount	CButton	mods/starcoop/starcoop.sc2mod/base.sc2data/gamedata/buttondata.xml	C:\Users\22448\Downloads\重生虫心0.71汉化版（新）\reborn_workrepo\合作指挥官版起义狂潮\Mods\XM\XMAlarak.SC2Mod\Base.SC2Data\GameData\ButtonData.xml
ResearchReaverIncreasedScarabSplashRadius	CButton	mods/starcoop/starcoop.sc2mod/base.sc2data/gamedata/buttondata.xml	C:\Users\22448\Downloads\重生虫心0.71汉化版（新）\reborn_workrepo\合作指挥官版起义狂潮\Mods\XM\XMAlarak.SC2Mod\Base.SC2Data\GameData\ButtonData.xml
ResearchRepairDronesLocked	CButton	mods/starcoop/starcoop.sc2mod/base.sc2data/gamedata/buttondata.xml	C:\Users\22448\Downloads\重生虫心0.71汉化版（新）\reborn_workrepo\合作指挥官版起义狂潮\Mods\XM\XMAlarak.SC2Mod\Base.SC2Data\GameData\ButtonData.xml
ResearchShieldRepairDouble	CButton	mods/starcoop/starcoop.sc2mod/base.sc2data/gamedata/buttondata.xml	C:\Users\22448\Downloads\重生虫心0.71汉化版（新）\reborn_workrepo\合作指挥官版起义狂潮\Mods\XM\XMAlarak.SC2Mod\Base.SC2Data\GameData\ButtonData.xml
ResearchStalkerTeleport	CButton	mods/starcoop/starcoop.sc2mod/base.sc2data/gamedata/buttondata.xml	C:\Users\22448\Downloads\重生虫心0.71汉化版（新）\reborn_workrepo\合作指挥官版起义狂潮\Mods\XM\XMAlarak.SC2Mod\Base.SC2Data\GameData\ButtonData.xml
ResearchStructureBarrier	CButton	mods/starcoop/starcoop.sc2mod/base.sc2data/gamedata/buttondata.xml	C:\Users\22448\Downloads\重生虫心0.71汉化版（新）\reborn_workrepo\合作指挥官版起义狂潮\Mods\XM\XMAlarak.SC2Mod\Base.SC2Data\GameData\ButtonData.xml
ResearchStructureBarrierLocked	CButton	mods/starcoop/starcoop.sc2mod/base.sc2data/gamedata/buttondata.xml	C:\Users\22448\Downloads\重生虫心0.71汉化版（新）\reborn_workrepo\合作指挥官版起义狂潮\Mods\XM\XMAlarak.SC2Mod\Base.SC2Data\GameData\ButtonData.xml
ResearchTargetLockBuffLocked	CButton	mods/starcoop/starcoop.sc2mod/base.sc2data/gamedata/buttondata.xml	C:\Users\22448\Downloads\重生虫心0.71汉化版（新）\reborn_workrepo\合作指挥官版起义狂潮\Mods\XM\XMAlarak.SC2Mod\Base.SC2Data\GameData\ButtonData.xml
ResearchTempestDisintegration	CButton	mods/starcoop/starcoop.sc2mod/base.sc2data/gamedata/buttondata.xml	C:\Users\22448\Downloads\重生虫心0.71汉化版（新）\reborn_workrepo\合作指挥官版起义狂潮\Mods\XM\XMAlarak.SC2Mod\Base.SC2Data\GameData\ButtonData.xml
ResearchTurretAttackSpeed	CButton	mods/starcoop/starcoop.sc2mod/base.sc2data/gamedata/buttondata.xml	C:\Users\22448\Downloads\重生虫心0.71汉化版（新）\reborn_workrepo\合作指挥官版起义狂潮\Mods\XM\XMAlarak.SC2Mod\Base.SC2Data\GameData\ButtonData.xml
ResearchTurretRange	CButton	mods/starcoop/starcoop.sc2mod/base.sc2data/gamedata/buttondata.xml	C:\Users\22448\Downloads\重生虫心0.71汉化版（新）\reborn_workrepo\合作指挥官版起义狂潮\Mods\XM\XMAlarak.SC2Mod\Base.SC2Data\GameData\ButtonData.xml
ResearchVoidRayVoidPrismaticRange	CButton	mods/starcoop/starcoop.sc2mod/base.sc2data/gamedata/buttondata.xml	C:\Users\22448\Downloads\重生虫心0.71汉化版（新）\reborn_workrepo\合作指挥官版起义狂潮\Mods\XM\XMAlarak.SC2Mod\Base.SC2Data\GameData\ButtonData.xml
ResearchWarpGateCharges	CButton	mods/starcoop/starcoop.sc2mod/base.sc2data/gamedata/buttondata.xml	C:\Users\22448\Downloads\重生虫心0.71汉化版（新）\reborn_workrepo\合作指挥官版起义狂潮\Mods\XM\XMAlarak.SC2Mod\Base.SC2Data\GameData\ButtonData.xml
ScourgeNest	CButton	mods/starcoop/starcoop.sc2mod/base.sc2data/gamedata/buttondata.xml	C:\Users\22448\Downloads\重生虫心0.71汉化版（新）\reborn_workrepo\合作指挥官版起义狂潮\Mods\XM\XMAlarak.SC2Mod\Base.SC2Data\GameData\ButtonData.xml
SentryFenix	CButton	mods/starcoop/starcoop.sc2mod/base.sc2data/gamedata/buttondata.xml	C:\Users\22448\Downloads\重生虫心0.71汉化版（新）\reborn_workrepo\合作指挥官版起义狂潮\Mods\XM\XMAlarak.SC2Mod\Base.SC2Data\GameData\ButtonData.xml
ShieldBatteryStructureBarrier	CButton	mods/starcoop/starcoop.sc2mod/base.sc2data/gamedata/buttondata.xml	C:\Users\22448\Downloads\重生虫心0.71汉化版（新）\reborn_workrepo\合作指挥官版起义狂潮\Mods\XM\XMAlarak.SC2Mod\Base.SC2Data\GameData\ButtonData.xml
SICivilianStructure	CButton	mods/starcoop/starcoop.sc2mod/base.sc2data/gamedata/buttondata.xml	C:\Users\22448\Downloads\重生虫心0.71汉化版（新）\reborn_workrepo\合作指挥官版起义狂潮\Mods\XM\XMAlarak.SC2Mod\Base.SC2Data\GameData\ButtonData.xml
SlayerPassive	CButton	mods/starcoop/starcoop.sc2mod/base.sc2data/gamedata/buttondata.xml	C:\Users\22448\Downloads\重生虫心0.71汉化版（新）\reborn_workrepo\合作指挥官版起义狂潮\Mods\XM\XMAlarak.SC2Mod\Base.SC2Data\GameData\ButtonData.xml
SOADarkPylon	CButton	mods/starcoop/starcoop.sc2mod/base.sc2data/gamedata/buttondata.xml	C:\Users\22448\Downloads\重生虫心0.71汉化版（新）\reborn_workrepo\合作指挥官版起义狂潮\Mods\XM\XMAlarak.SC2Mod\Base.SC2Data\GameData\ButtonData.xml
SOAMapWideChrono	CButton	mods/starcoop/starcoop.sc2mod/base.sc2data/gamedata/buttondata.xml	C:\Users\22448\Downloads\重生虫心0.71汉化版（新）\reborn_workrepo\合作指挥官版起义狂潮\Mods\XM\XMAlarak.SC2Mod\Base.SC2Data\GameData\ButtonData.xml
SOAOrbitalStrike	CButton	mods/starcoop/starcoop.sc2mod/base.sc2data/gamedata/buttondata.xml	C:\Users\22448\Downloads\重生虫心0.71汉化版（新）\reborn_workrepo\合作指挥官版起义狂潮\Mods\XM\XMAlarak.SC2Mod\Base.SC2Data\GameData\ButtonData.xml
SOAPylonPower	CButton	mods/starcoop/starcoop.sc2mod/base.sc2data/gamedata/buttondata.xml	C:\Users\22448\Downloads\重生虫心0.71汉化版（新）\reborn_workrepo\合作指挥官版起义狂潮\Mods\XM\XMAlarak.SC2Mod\Base.SC2Data\GameData\ButtonData.xml
SOARepairBeam	CButton	mods/starcoop/starcoop.sc2mod/base.sc2data/gamedata/buttondata.xml	C:\Users\22448\Downloads\重生虫心0.71汉化版（新）\reborn_workrepo\合作指挥官版起义狂潮\Mods\XM\XMAlarak.SC2Mod\Base.SC2Data\GameData\ButtonData.xml
SOASuperShield	CButton	mods/starcoop/starcoop.sc2mod/base.sc2data/gamedata/buttondata.xml	C:\Users\22448\Downloads\重生虫心0.71汉化版（新）\reborn_workrepo\合作指挥官版起义狂潮\Mods\XM\XMAlarak.SC2Mod\Base.SC2Data\GameData\ButtonData.xml
SolarForge	CButton	mods/starcoop/starcoop.sc2mod/base.sc2data/gamedata/buttondata.xml	C:\Users\22448\Downloads\重生虫心0.71汉化版（新）\reborn_workrepo\合作指挥官版起义狂潮\Mods\XM\XMAlarak.SC2Mod\Base.SC2Data\GameData\ButtonData.xml
SoulAbsorption	CButton	mods/starcoop/starcoop.sc2mod/base.sc2data/gamedata/buttondata.xml	C:\Users\22448\Downloads\重生虫心0.71汉化版（新）\reborn_workrepo\合作指挥官版起义狂潮\Mods\XM\XMAlarak.SC2Mod\Base.SC2Data\GameData\ButtonData.xml
Spray	CButton	mods/starcoop/starcoop.sc2mod/base.sc2data/gamedata/buttondata.xml	C:\Users\22448\Downloads\重生虫心0.71汉化版（新）\reborn_workrepo\合作指挥官版起义狂潮\Mods\XM\XMAlarak.SC2Mod\Base.SC2Data\GameData\ButtonData.xml
Stargate	CButton	mods/starcoop/starcoop.sc2mod/base.sc2data/gamedata/buttondata.xml	C:\Users\22448\Downloads\重生虫心0.71汉化版（新）\reborn_workrepo\合作指挥官版起义狂潮\Mods\XM\XMAlarak.SC2Mod\Base.SC2Data\GameData\ButtonData.xml
SupplicantSacrificeCDRLocked	CButton	mods/starcoop/starcoop.sc2mod/base.sc2data/gamedata/buttondata.xml	C:\Users\22448\Downloads\重生虫心0.71汉化版（新）\reborn_workrepo\合作指挥官版起义狂潮\Mods\XM\XMAlarak.SC2Mod\Base.SC2Data\GameData\ButtonData.xml
Tempest	CButton	mods/starcoop/starcoop.sc2mod/base.sc2data/gamedata/buttondata.xml	C:\Users\22448\Downloads\重生虫心0.71汉化版（新）\reborn_workrepo\合作指挥官版起义狂潮\Mods\XM\XMAlarak.SC2Mod\Base.SC2Data\GameData\ButtonData.xml
TempestPassive	CButton	mods/starcoop/starcoop.sc2mod/base.sc2data/gamedata/buttondata.xml	C:\Users\22448\Downloads\重生虫心0.71汉化版（新）\reborn_workrepo\合作指挥官版起义狂潮\Mods\XM\XMAlarak.SC2Mod\Base.SC2Data\GameData\ButtonData.xml
TerrazineHarvest	CButton	mods/starcoop/starcoop.sc2mod/base.sc2data/gamedata/buttondata.xml	C:\Users\22448\Downloads\重生虫心0.71汉化版（新）\reborn_workrepo\合作指挥官版起义狂潮\Mods\XM\XMAlarak.SC2Mod\Base.SC2Data\GameData\ButtonData.xml
ToxicNestExplode	CButton	mods/starcoop/starcoop.sc2mod/base.sc2data/gamedata/buttondata.xml	C:\Users\22448\Downloads\重生虫心0.71汉化版（新）\reborn_workrepo\合作指挥官版起义狂潮\Mods\XM\XMAlarak.SC2Mod\Base.SC2Data\GameData\ButtonData.xml
TransformToRoboticsWarpFacilityLocked	CButton	mods/starcoop/starcoop.sc2mod/base.sc2data/gamedata/buttondata.xml	C:\Users\22448\Downloads\重生虫心0.71汉化版（新）\reborn_workrepo\合作指挥官版起义狂潮\Mods\XM\XMAlarak.SC2Mod\Base.SC2Data\GameData\ButtonData.xml
VanguardArmoredDamage	CButton	mods/starcoop/starcoop.sc2mod/base.sc2data/gamedata/buttondata.xml	C:\Users\22448\Downloads\重生虫心0.71汉化版（新）\reborn_workrepo\合作指挥官版起义狂潮\Mods\XM\XMAlarak.SC2Mod\Base.SC2Data\GameData\ButtonData.xml
VanguardMovingShot	CButton	mods/starcoop/starcoop.sc2mod/base.sc2data/gamedata/buttondata.xml	C:\Users\22448\Downloads\重生虫心0.71汉化版（新）\reborn_workrepo\合作指挥官版起义狂潮\Mods\XM\XMAlarak.SC2Mod\Base.SC2Data\GameData\ButtonData.xml
VoidSentryBlackHole	CButton	mods/starcoop/starcoop.sc2mod/base.sc2data/gamedata/buttondata.xml	C:\Users\22448\Downloads\重生虫心0.71汉化版（新）\reborn_workrepo\合作指挥官版起义狂潮\Mods\XM\XMAlarak.SC2Mod\Base.SC2Data\GameData\ButtonData.xml
VorazunRobo	CButton	mods/starcoop/starcoop.sc2mod/base.sc2data/gamedata/buttondata.xml	C:\Users\22448\Downloads\重生虫心0.71汉化版（新）\reborn_workrepo\合作指挥官版起义狂潮\Mods\XM\XMAlarak.SC2Mod\Base.SC2Data\GameData\ButtonData.xml
WarpInAdept	CButton	mods/starcoop/starcoop.sc2mod/base.sc2data/gamedata/buttondata.xml	C:\Users\22448\Downloads\重生虫心0.71汉化版（新）\reborn_workrepo\合作指挥官版起义狂潮\Mods\XM\XMAlarak.SC2Mod\Base.SC2Data\GameData\ButtonData.xml
WarpinDisruptor	CButton	mods/starcoop/starcoop.sc2mod/base.sc2data/gamedata/buttondata.xml	C:\Users\22448\Downloads\重生虫心0.71汉化版（新）\reborn_workrepo\合作指挥官版起义狂潮\Mods\XM\XMAlarak.SC2Mod\Base.SC2Data\GameData\ButtonData.xml
WarpInSupplicant	CButton	mods/starcoop/starcoop.sc2mod/base.sc2data/gamedata/buttondata.xml	C:\Users\22448\Downloads\重生虫心0.71汉化版（新）\reborn_workrepo\合作指挥官版起义狂潮\Mods\XM\XMAlarak.SC2Mod\Base.SC2Data\GameData\ButtonData.xml
WarpInSupplicantHidden	System.Xml.XmlElement	mods/starcoop/starcoop.sc2mod/base.sc2data/gamedata/buttondata.xml	C:\Users\22448\Downloads\重生虫心0.71汉化版（新）\reborn_workrepo\合作指挥官版起义狂潮\Mods\XM\XMAlarak.SC2Mod\Base.SC2Data\GameData\ButtonData.xml
WarpInWarPrism	CButton	mods/starcoop/starcoop.sc2mod/base.sc2data/gamedata/buttondata.xml	C:\Users\22448\Downloads\重生虫心0.71汉化版（新）\reborn_workrepo\合作指挥官版起义狂潮\Mods\XM\XMAlarak.SC2Mod\Base.SC2Data\GameData\ButtonData.xml
WarpPrism	CButton	mods/starcoop/starcoop.sc2mod/base.sc2data/gamedata/buttondata.xml	C:\Users\22448\Downloads\重生虫心0.71汉化版（新）\reborn_workrepo\合作指挥官版起义狂潮\Mods\XM\XMAlarak.SC2Mod\Base.SC2Data\GameData\ButtonData.xml
WrathwalkerPassive	CButton	mods/starcoop/starcoop.sc2mod/base.sc2data/gamedata/buttondata.xml	C:\Users\22448\Downloads\重生虫心0.71汉化版（新）\reborn_workrepo\合作指挥官版起义狂潮\Mods\XM\XMAlarak.SC2Mod\Base.SC2Data\GameData\ButtonData.xml
ZagaraBileLauncher	CButton	mods/starcoop/starcoop.sc2mod/base.sc2data/gamedata/buttondata.xml	C:\Users\22448\Downloads\重生虫心0.71汉化版（新）\reborn_workrepo\合作指挥官版起义狂潮\Mods\XM\XMAlarak.SC2Mod\Base.SC2Data\GameData\ButtonData.xml
ZagaraVoidCoopBanelingBarrage	CButton	mods/starcoop/starcoop.sc2mod/base.sc2data/gamedata/buttondata.xml	C:\Users\22448\Downloads\重生虫心0.71汉化版（新）\reborn_workrepo\合作指挥官版起义狂潮\Mods\XM\XMAlarak.SC2Mod\Base.SC2Data\GameData\ButtonData.xml
ZagaraVoidCoopCreepMaster	CButton	mods/starcoop/starcoop.sc2mod/base.sc2data/gamedata/buttondata.xml	C:\Users\22448\Downloads\重生虫心0.71汉化版（新）\reborn_workrepo\合作指挥官版起义狂潮\Mods\XM\XMAlarak.SC2Mod\Base.SC2Data\GameData\ButtonData.xml
ZagaraVoidCoopMassFrenzy	CButton	mods/starcoop/starcoop.sc2mod/base.sc2data/gamedata/buttondata.xml	C:\Users\22448\Downloads\重生虫心0.71汉化版（新）\reborn_workrepo\合作指挥官版起义狂潮\Mods\XM\XMAlarak.SC2Mod\Base.SC2Data\GameData\ButtonData.xml
ZergBuild	CButton	mods/starcoop/starcoop.sc2mod/base.sc2data/gamedata/buttondata.xml	C:\Users\22448\Downloads\重生虫心0.71汉化版（新）\reborn_workrepo\合作指挥官版起义狂潮\Mods\XM\XMAlarak.SC2Mod\Base.SC2Data\GameData\ButtonData.xml
Alarak	CCharacter	mods/starcoop/starcoop.sc2mod/base.sc2data/gamedata/characterdata.xml	C:\Users\22448\Downloads\重生虫心0.71汉化版（新）\reborn_workrepo\合作指挥官版起义狂潮\Mods\XM\XMAlarak.SC2Mod\Base.SC2Data\GameData\characterdata.xml
Tychus	CCharacter	mods/starcoop/starcoop.sc2mod/base.sc2data/gamedata/characterdata.xml	C:\Users\22448\Downloads\重生虫心0.71汉化版（新）\reborn_workrepo\合作指挥官版起义狂潮\Mods\XM\XMAlarak.SC2Mod\Base.SC2Data\GameData\characterdata.xml
Alarak	CCommander	mods/starcoop/starcoop.sc2mod/base.sc2data/gamedata/commanderdata.xml	C:\Users\22448\Downloads\重生虫心0.71汉化版（新）\reborn_workrepo\合作指挥官版起义狂潮\Mods\XM\XMAlarak.SC2Mod\Base.SC2Data\GameData\CommanderData.xml
AlarakAADamage	CEffectDamage	mods/starcoop/starcoop.sc2mod/base.sc2data/gamedata/effectdata.xml	C:\Users\22448\Downloads\重生虫心0.71汉化版（新）\reborn_workrepo\合作指挥官版起义狂潮\Mods\XM\XMAlarak.SC2Mod\Base.SC2Data\GameData\EffectData.xml
AlarakAADisableAB	CEffectApplyBehavior	mods/starcoop/starcoop.sc2mod/base.sc2data/gamedata/effectdata.xml	C:\Users\22448\Downloads\重生虫心0.71汉化版（新）\reborn_workrepo\合作指挥官版起义狂潮\Mods\XM\XMAlarak.SC2Mod\Base.SC2Data\GameData\EffectData.xml
AlarakACDeadlyCharge	CEffectSwitch	mods/starcoop/starcoop.sc2mod/base.sc2data/gamedata/effectdata.xml	C:\Users\22448\Downloads\重生虫心0.71汉化版（新）\reborn_workrepo\合作指挥官版起义狂潮\Mods\XM\XMAlarak.SC2Mod\Base.SC2Data\GameData\EffectData.xml
AlarakACDeadlyChargeDamage	CEffectDamage	mods/starcoop/starcoop.sc2mod/base.sc2data/gamedata/effectdata.xml	C:\Users\22448\Downloads\重生虫心0.71汉化版（新）\reborn_workrepo\合作指挥官版起义狂潮\Mods\XM\XMAlarak.SC2Mod\Base.SC2Data\GameData\EffectData.xml
AlarakACDeadlyChargeImpactSet	CEffectSet	mods/starcoop/starcoop.sc2mod/base.sc2data/gamedata/effectdata.xml	C:\Users\22448\Downloads\重生虫心0.71汉化版（新）\reborn_workrepo\合作指挥官版起义狂潮\Mods\XM\XMAlarak.SC2Mod\Base.SC2Data\GameData\EffectData.xml
AlarakACDeadlyChargeLMTarget	CEffectLaunchMissile	mods/starcoop/starcoop.sc2mod/base.sc2data/gamedata/effectdata.xml	C:\Users\22448\Downloads\重生虫心0.71汉化版（新）\reborn_workrepo\合作指挥官版起义狂潮\Mods\XM\XMAlarak.SC2Mod\Base.SC2Data\GameData\EffectData.xml
AlarakACDeadlyChargePointSearch	CEffectEnumArea	mods/starcoop/starcoop.sc2mod/base.sc2data/gamedata/effectdata.xml	C:\Users\22448\Downloads\重生虫心0.71汉化版（新）\reborn_workrepo\合作指挥官版起义狂潮\Mods\XM\XMAlarak.SC2Mod\Base.SC2Data\GameData\EffectData.xml
AlarakACDeadlyChargePointSearchImpactSet	CEffectSet	mods/starcoop/starcoop.sc2mod/base.sc2data/gamedata/effectdata.xml	C:\Users\22448\Downloads\重生虫心0.71汉化版（新）\reborn_workrepo\合作指挥官版起义狂潮\Mods\XM\XMAlarak.SC2Mod\Base.SC2Data\GameData\EffectData.xml
AlarakACDeadlyChargePointSearchSet	CEffectSet	mods/starcoop/starcoop.sc2mod/base.sc2data/gamedata/effectdata.xml	C:\Users\22448\Downloads\重生虫心0.71汉化版（新）\reborn_workrepo\合作指挥官版起义狂潮\Mods\XM\XMAlarak.SC2Mod\Base.SC2Data\GameData\EffectData.xml
AlarakACDeadlyChargeResetCD	CEffectModifyUnit	mods/starcoop/starcoop.sc2mod/base.sc2data/gamedata/effectdata.xml	C:\Users\22448\Downloads\重生虫心0.71汉化版（新）\reborn_workrepo\合作指挥官版起义狂潮\Mods\XM\XMAlarak.SC2Mod\Base.SC2Data\GameData\EffectData.xml
AlarakACDeadlyChargeRushOnly	CEffectLaunchMissile	mods/starcoop/starcoop.sc2mod/base.sc2data/gamedata/effectdata.xml	C:\Users\22448\Downloads\重生虫心0.71汉化版（新）\reborn_workrepo\合作指挥官版起义狂潮\Mods\XM\XMAlarak.SC2Mod\Base.SC2Data\GameData\EffectData.xml
AlarakACDeadlyChargeRushOnlyUnit	CEffectLaunchMissile	mods/starcoop/starcoop.sc2mod/base.sc2data/gamedata/effectdata.xml	C:\Users\22448\Downloads\重生虫心0.71汉化版（新）\reborn_workrepo\合作指挥官版起义狂潮\Mods\XM\XMAlarak.SC2Mod\Base.SC2Data\GameData\EffectData.xml
AlarakACDestructionWaveResetCD	CEffectModifyUnit	mods/starcoop/starcoop.sc2mod/base.sc2data/gamedata/effectdata.xml	C:\Users\22448\Downloads\重生虫心0.71汉化版（新）\reborn_workrepo\合作指挥官版起义狂潮\Mods\XM\XMAlarak.SC2Mod\Base.SC2Data\GameData\EffectData.xml
AlarakACMoveToMotherShip	CEffectTeleport	mods/starcoop/starcoop.sc2mod/base.sc2data/gamedata/effectdata.xml	C:\Users\22448\Downloads\重生虫心0.71汉化版（新）\reborn_workrepo\合作指挥官版起义狂潮\Mods\XM\XMAlarak.SC2Mod\Base.SC2Data\GameData\EffectData.xml
AlarakACSelect	CEffectModifyUnit	mods/starcoop/starcoop.sc2mod/base.sc2data/gamedata/effectdata.xml	C:\Users\22448\Downloads\重生虫心0.71汉化版（新）\reborn_workrepo\合作指挥官版起义狂潮\Mods\XM\XMAlarak.SC2Mod\Base.SC2Data\GameData\EffectData.xml
AlarakACSummonDeathfleet	CEffectCreateUnit	mods/starcoop/starcoop.sc2mod/base.sc2data/gamedata/effectdata.xml	C:\Users\22448\Downloads\重生虫心0.71汉化版（新）\reborn_workrepo\合作指挥官版起义狂潮\Mods\XM\XMAlarak.SC2Mod\Base.SC2Data\GameData\EffectData.xml
AlarakACSummonDeathFleetInitialSet	CEffectSet	mods/starcoop/starcoop.sc2mod/base.sc2data/gamedata/effectdata.xml	C:\Users\22448\Downloads\重生虫心0.71汉化版（新）\reborn_workrepo\合作指挥官版起义狂潮\Mods\XM\XMAlarak.SC2Mod\Base.SC2Data\GameData\EffectData.xml
AlarakACTeleportOut	CEffectApplyBehavior	mods/starcoop/starcoop.sc2mod/base.sc2data/gamedata/effectdata.xml	C:\Users\22448\Downloads\重生虫心0.71汉化版（新）\reborn_workrepo\合作指挥官版起义狂潮\Mods\XM\XMAlarak.SC2Mod\Base.SC2Data\GameData\EffectData.xml
AlarakACTeleportOutRB	CEffectRemoveBehavior	mods/starcoop/starcoop.sc2mod/base.sc2data/gamedata/effectdata.xml	C:\Users\22448\Downloads\重生虫心0.71汉化版（新）\reborn_workrepo\合作指挥官版起义狂潮\Mods\XM\XMAlarak.SC2Mod\Base.SC2Data\GameData\EffectData.xml
AlarakBaneBlades	CEffectCreatePersistent	mods/starcoop/starcoop.sc2mod/base.sc2data/gamedata/effectdata.xml	C:\Users\22448\Downloads\重生虫心0.71汉化版（新）\reborn_workrepo\合作指挥官版起义狂潮\Mods\XM\XMAlarak.SC2Mod\Base.SC2Data\GameData\EffectData.xml
AlarakBaneBladesAoEDamage	CEffectDamage	mods/starcoop/starcoop.sc2mod/base.sc2data/gamedata/effectdata.xml	C:\Users\22448\Downloads\重生虫心0.71汉化版（新）\reborn_workrepo\合作指挥官版起义狂潮\Mods\XM\XMAlarak.SC2Mod\Base.SC2Data\GameData\EffectData.xml
AlarakBaneBladesAoeSearch	CEffectEnumArea	mods/starcoop/starcoop.sc2mod/base.sc2data/gamedata/effectdata.xml	C:\Users\22448\Downloads\重生虫心0.71汉化版（新）\reborn_workrepo\合作指挥官版起义狂潮\Mods\XM\XMAlarak.SC2Mod\Base.SC2Data\GameData\EffectData.xml
AlarakBaneBladesAoeSlowAB	CEffectApplyBehavior	mods/starcoop/starcoop.sc2mod/base.sc2data/gamedata/effectdata.xml	C:\Users\22448\Downloads\重生虫心0.71汉化版（新）\reborn_workrepo\合作指挥官版起义狂潮\Mods\XM\XMAlarak.SC2Mod\Base.SC2Data\GameData\EffectData.xml
AlarakBaneBladesAoeStunAB	CEffectApplyBehavior	mods/starcoop/starcoop.sc2mod/base.sc2data/gamedata/effectdata.xml	C:\Users\22448\Downloads\重生虫心0.71汉化版（新）\reborn_workrepo\合作指挥官版起义狂潮\Mods\XM\XMAlarak.SC2Mod\Base.SC2Data\GameData\EffectData.xml
AlarakBaneBladesAoeStunSlowSearch	CEffectEnumArea	mods/starcoop/starcoop.sc2mod/base.sc2data/gamedata/effectdata.xml	C:\Users\22448\Downloads\重生虫心0.71汉化版（新）\reborn_workrepo\合作指挥官版起义狂潮\Mods\XM\XMAlarak.SC2Mod\Base.SC2Data\GameData\EffectData.xml
AlarakBaneBladesDamage	CEffectDamage	mods/starcoop/starcoop.sc2mod/base.sc2data/gamedata/effectdata.xml	C:\Users\22448\Downloads\重生虫心0.71汉化版（新）\reborn_workrepo\合作指挥官版起义狂潮\Mods\XM\XMAlarak.SC2Mod\Base.SC2Data\GameData\EffectData.xml
AlarakBaneBladesDamageSlow	CEffectApplyBehavior	mods/starcoop/starcoop.sc2mod/base.sc2data/gamedata/effectdata.xml	C:\Users\22448\Downloads\重生虫心0.71汉化版（新）\reborn_workrepo\合作指挥官版起义狂潮\Mods\XM\XMAlarak.SC2Mod\Base.SC2Data\GameData\EffectData.xml
AlarakBaneBladesDamageStun	CEffectApplyBehavior	mods/starcoop/starcoop.sc2mod/base.sc2data/gamedata/effectdata.xml	C:\Users\22448\Downloads\重生虫心0.71汉化版（新）\reborn_workrepo\合作指挥官版起义狂潮\Mods\XM\XMAlarak.SC2Mod\Base.SC2Data\GameData\EffectData.xml
AlarakBaneBladesHoldPosition	CEffectCreatePersistent	mods/starcoop/starcoop.sc2mod/base.sc2data/gamedata/effectdata.xml	C:\Users\22448\Downloads\重生虫心0.71汉化版（新）\reborn_workrepo\合作指挥官版起义狂潮\Mods\XM\XMAlarak.SC2Mod\Base.SC2Data\GameData\EffectData.xml
AlarakBaneBladesLM	CEffectLaunchMissile	mods/starcoop/starcoop.sc2mod/base.sc2data/gamedata/effectdata.xml	C:\Users\22448\Downloads\重生虫心0.71汉化版（新）\reborn_workrepo\合作指挥官版起义狂潮\Mods\XM\XMAlarak.SC2Mod\Base.SC2Data\GameData\EffectData.xml
AlarakBaneBladesRanged	CEffectCreatePersistent	mods/starcoop/starcoop.sc2mod/base.sc2data/gamedata/effectdata.xml	C:\Users\22448\Downloads\重生虫心0.71汉化版（新）\reborn_workrepo\合作指挥官版起义狂潮\Mods\XM\XMAlarak.SC2Mod\Base.SC2Data\GameData\EffectData.xml
AlarakBaneBladesSet	CEffectSet	mods/starcoop/starcoop.sc2mod/base.sc2data/gamedata/effectdata.xml	C:\Users\22448\Downloads\重生虫心0.71汉化版（新）\reborn_workrepo\合作指挥官版起义狂潮\Mods\XM\XMAlarak.SC2Mod\Base.SC2Data\GameData\EffectData.xml
AlarakBaneBladesSwitch	CEffectSwitch	mods/starcoop/starcoop.sc2mod/base.sc2data/gamedata/effectdata.xml	C:\Users\22448\Downloads\重生虫心0.71汉化版（新）\reborn_workrepo\合作指挥官版起义狂潮\Mods\XM\XMAlarak.SC2Mod\Base.SC2Data\GameData\EffectData.xml
AlarakBeaconReviveSet	CEffectSet	mods/starcoop/starcoop.sc2mod/base.sc2data/gamedata/effectdata.xml	C:\Users\22448\Downloads\重生虫心0.71汉化版（新）\reborn_workrepo\合作指挥官版起义狂潮\Mods\XM\XMAlarak.SC2Mod\Base.SC2Data\GameData\EffectData.xml
AlarakDestroyerCreationCP	CEffectCreatePersistent	mods/starcoop/starcoop.sc2mod/base.sc2data/gamedata/effectdata.xml	C:\Users\22448\Downloads\重生虫心0.71汉化版（新）\reborn_workrepo\合作指挥官版起义狂潮\Mods\XM\XMAlarak.SC2Mod\Base.SC2Data\GameData\EffectData.xml
AlarakDestroyerCreationSet	CEffectSet	mods/starcoop/starcoop.sc2mod/base.sc2data/gamedata/effectdata.xml	C:\Users\22448\Downloads\重生虫心0.71汉化版（新）\reborn_workrepo\合作指挥官版起义狂潮\Mods\XM\XMAlarak.SC2Mod\Base.SC2Data\GameData\EffectData.xml
AlarakDestroyerCU	CEffectCreateUnit	mods/starcoop/starcoop.sc2mod/base.sc2data/gamedata/effectdata.xml	C:\Users\22448\Downloads\重生虫心0.71汉化版（新）\reborn_workrepo\合作指挥官版起义狂潮\Mods\XM\XMAlarak.SC2Mod\Base.SC2Data\GameData\EffectData.xml
AlarakDestroyerEnableMove2s	CEffectApplyBehavior	mods/starcoop/starcoop.sc2mod/base.sc2data/gamedata/effectdata.xml	C:\Users\22448\Downloads\重生虫心0.71汉化版（新）\reborn_workrepo\合作指挥官版起义狂潮\Mods\XM\XMAlarak.SC2Mod\Base.SC2Data\GameData\EffectData.xml
AlarakDestroyerTimedLife	CEffectApplyBehavior	mods/starcoop/starcoop.sc2mod/base.sc2data/gamedata/effectdata.xml	C:\Users\22448\Downloads\重生虫心0.71汉化版（新）\reborn_workrepo\合作指挥官版起义狂潮\Mods\XM\XMAlarak.SC2Mod\Base.SC2Data\GameData\EffectData.xml
AlarakEmpowerCaster	CEffectApplyBehavior	mods/starcoop/starcoop.sc2mod/base.sc2data/gamedata/effectdata.xml	C:\Users\22448\Downloads\重生虫心0.71汉化版（新）\reborn_workrepo\合作指挥官版起义狂潮\Mods\XM\XMAlarak.SC2Mod\Base.SC2Data\GameData\EffectData.xml
AlarakEmpowerCasterSearch	CEffectEnumArea	mods/starcoop/starcoop.sc2mod/base.sc2data/gamedata/effectdata.xml	C:\Users\22448\Downloads\重生虫心0.71汉化版（新）\reborn_workrepo\合作指挥官版起义狂潮\Mods\XM\XMAlarak.SC2Mod\Base.SC2Data\GameData\EffectData.xml
AlarakEmpowerMe	CEffectSet	mods/starcoop/starcoop.sc2mod/base.sc2data/gamedata/effectdata.xml	C:\Users\22448\Downloads\重生虫心0.71汉化版（新）\reborn_workrepo\合作指挥官版起义狂潮\Mods\XM\XMAlarak.SC2Mod\Base.SC2Data\GameData\EffectData.xml
AlarakEmpowerTarget	CEffectApplyBehavior	mods/starcoop/starcoop.sc2mod/base.sc2data/gamedata/effectdata.xml	C:\Users\22448\Downloads\重生虫心0.71汉化版（新）\reborn_workrepo\合作指挥官版起义狂潮\Mods\XM\XMAlarak.SC2Mod\Base.SC2Data\GameData\EffectData.xml
AlarakEmpowerTargetApplySet	CEffectSet	mods/starcoop/starcoop.sc2mod/base.sc2data/gamedata/effectdata.xml	C:\Users\22448\Downloads\重生虫心0.71汉化版（新）\reborn_workrepo\合作指挥官版起义狂潮\Mods\XM\XMAlarak.SC2Mod\Base.SC2Data\GameData\EffectData.xml
AlarakEmpowerTargetPlayerFinal	CEffectSet	mods/starcoop/starcoop.sc2mod/base.sc2data/gamedata/effectdata.xml	C:\Users\22448\Downloads\重生虫心0.71汉化版（新）\reborn_workrepo\合作指挥官版起义狂潮\Mods\XM\XMAlarak.SC2Mod\Base.SC2Data\GameData\EffectData.xml
AlarakEmpowerTargetPlayerStart	CEffectSet	mods/starcoop/starcoop.sc2mod/base.sc2data/gamedata/effectdata.xml	C:\Users\22448\Downloads\重生虫心0.71汉化版（新）\reborn_workrepo\合作指挥官版起义狂潮\Mods\XM\XMAlarak.SC2Mod\Base.SC2Data\GameData\EffectData.xml
AlarakJustReviveCheck	CEffectApplyBehavior	mods/starcoop/starcoop.sc2mod/base.sc2data/gamedata/effectdata.xml	C:\Users\22448\Downloads\重生虫心0.71汉化版（新）\reborn_workrepo\合作指挥官版起义狂潮\Mods\XM\XMAlarak.SC2Mod\Base.SC2Data\GameData\EffectData.xml
AlarakKnockback	CEffectSet	mods/starcoop/starcoop.sc2mod/base.sc2data/gamedata/effectdata.xml	C:\Users\22448\Downloads\重生虫心0.71汉化版（新）\reborn_workrepo\合作指挥官版起义狂潮\Mods\XM\XMAlarak.SC2Mod\Base.SC2Data\GameData\EffectData.xml
AlarakKnockbackBy2	CEffectCreatePersistent	mods/starcoop/starcoop.sc2mod/base.sc2data/gamedata/effectdata.xml	C:\Users\22448\Downloads\重生虫心0.71汉化版（新）\reborn_workrepo\合作指挥官版起义狂潮\Mods\XM\XMAlarak.SC2Mod\Base.SC2Data\GameData\EffectData.xml
AlarakKnockbackBy2AB	CEffectApplyBehavior	mods/starcoop/starcoop.sc2mod/base.sc2data/gamedata/effectdata.xml	C:\Users\22448\Downloads\重生虫心0.71汉化版（新）\reborn_workrepo\合作指挥官版起义狂潮\Mods\XM\XMAlarak.SC2Mod\Base.SC2Data\GameData\EffectData.xml
AlarakKnockbackBy2CPOffset	CEffectCreatePersistent	mods/starcoop/starcoop.sc2mod/base.sc2data/gamedata/effectdata.xml	C:\Users\22448\Downloads\重生虫心0.71汉化版（新）\reborn_workrepo\合作指挥官版起义狂潮\Mods\XM\XMAlarak.SC2Mod\Base.SC2Data\GameData\EffectData.xml
AlarakKnockbackBy2CreatePHSet	CEffectSet	mods/starcoop/starcoop.sc2mod/base.sc2data/gamedata/effectdata.xml	C:\Users\22448\Downloads\重生虫心0.71汉化版（新）\reborn_workrepo\合作指挥官版起义狂潮\Mods\XM\XMAlarak.SC2Mod\Base.SC2Data\GameData\EffectData.xml
AlarakKnockbackBy2CU	CEffectCreateUnit	mods/starcoop/starcoop.sc2mod/base.sc2data/gamedata/effectdata.xml	C:\Users\22448\Downloads\重生虫心0.71汉化版（新）\reborn_workrepo\合作指挥官版起义狂潮\Mods\XM\XMAlarak.SC2Mod\Base.SC2Data\GameData\EffectData.xml
AlarakKnockbackBy2ImpactCP	CEffectCreatePersistent	mods/starcoop/starcoop.sc2mod/base.sc2data/gamedata/effectdata.xml	C:\Users\22448\Downloads\重生虫心0.71汉化版（新）\reborn_workrepo\合作指挥官版起义狂潮\Mods\XM\XMAlarak.SC2Mod\Base.SC2Data\GameData\EffectData.xml
AlarakKnockbackBy2PHLM	CEffectLaunchMissile	mods/starcoop/starcoop.sc2mod/base.sc2data/gamedata/effectdata.xml	C:\Users\22448\Downloads\重生虫心0.71汉化版（新）\reborn_workrepo\合作指挥官版起义狂潮\Mods\XM\XMAlarak.SC2Mod\Base.SC2Data\GameData\EffectData.xml
AlarakKnockbackBy2RB	CEffectRemoveBehavior	mods/starcoop/starcoop.sc2mod/base.sc2data/gamedata/effectdata.xml	C:\Users\22448\Downloads\重生虫心0.71汉化版（新）\reborn_workrepo\合作指挥官版起义狂潮\Mods\XM\XMAlarak.SC2Mod\Base.SC2Data\GameData\EffectData.xml
AlarakKnockbackBy3	CEffectCreatePersistent	mods/starcoop/starcoop.sc2mod/base.sc2data/gamedata/effectdata.xml	C:\Users\22448\Downloads\重生虫心0.71汉化版（新）\reborn_workrepo\合作指挥官版起义狂潮\Mods\XM\XMAlarak.SC2Mod\Base.SC2Data\GameData\EffectData.xml
AlarakKnockbackBy3AB	CEffectApplyBehavior	mods/starcoop/starcoop.sc2mod/base.sc2data/gamedata/effectdata.xml	C:\Users\22448\Downloads\重生虫心0.71汉化版（新）\reborn_workrepo\合作指挥官版起义狂潮\Mods\XM\XMAlarak.SC2Mod\Base.SC2Data\GameData\EffectData.xml
AlarakKnockbackBy3CPOffset	CEffectCreatePersistent	mods/starcoop/starcoop.sc2mod/base.sc2data/gamedata/effectdata.xml	C:\Users\22448\Downloads\重生虫心0.71汉化版（新）\reborn_workrepo\合作指挥官版起义狂潮\Mods\XM\XMAlarak.SC2Mod\Base.SC2Data\GameData\EffectData.xml
AlarakKnockbackBy3CreatePHSet	CEffectSet	mods/starcoop/starcoop.sc2mod/base.sc2data/gamedata/effectdata.xml	C:\Users\22448\Downloads\重生虫心0.71汉化版（新）\reborn_workrepo\合作指挥官版起义狂潮\Mods\XM\XMAlarak.SC2Mod\Base.SC2Data\GameData\EffectData.xml
AlarakKnockbackBy3CU	CEffectCreateUnit	mods/starcoop/starcoop.sc2mod/base.sc2data/gamedata/effectdata.xml	C:\Users\22448\Downloads\重生虫心0.71汉化版（新）\reborn_workrepo\合作指挥官版起义狂潮\Mods\XM\XMAlarak.SC2Mod\Base.SC2Data\GameData\EffectData.xml
AlarakKnockbackBy3ImpactCP	CEffectCreatePersistent	mods/starcoop/starcoop.sc2mod/base.sc2data/gamedata/effectdata.xml	C:\Users\22448\Downloads\重生虫心0.71汉化版（新）\reborn_workrepo\合作指挥官版起义狂潮\Mods\XM\XMAlarak.SC2Mod\Base.SC2Data\GameData\EffectData.xml
AlarakKnockbackBy3PHLM	CEffectLaunchMissile	mods/starcoop/starcoop.sc2mod/base.sc2data/gamedata/effectdata.xml	C:\Users\22448\Downloads\重生虫心0.71汉化版（新）\reborn_workrepo\合作指挥官版起义狂潮\Mods\XM\XMAlarak.SC2Mod\Base.SC2Data\GameData\EffectData.xml
AlarakKnockbackBy3RB	CEffectRemoveBehavior	mods/starcoop/starcoop.sc2mod/base.sc2data/gamedata/effectdata.xml	C:\Users\22448\Downloads\重生虫心0.71汉化版（新）\reborn_workrepo\合作指挥官版起义狂潮\Mods\XM\XMAlarak.SC2Mod\Base.SC2Data\GameData\EffectData.xml
AlarakKnockbackConjoinedUnitSearch	CEffectEnumArea	mods/starcoop/starcoop.sc2mod/base.sc2data/gamedata/effectdata.xml	C:\Users\22448\Downloads\重生虫心0.71汉化版（新）\reborn_workrepo\合作指挥官版起义狂潮\Mods\XM\XMAlarak.SC2Mod\Base.SC2Data\GameData\EffectData.xml
AlarakKnockbackSearchN1	CEffectEnumArea	mods/starcoop/starcoop.sc2mod/base.sc2data/gamedata/effectdata.xml	C:\Users\22448\Downloads\重生虫心0.71汉化版（新）\reborn_workrepo\合作指挥官版起义狂潮\Mods\XM\XMAlarak.SC2Mod\Base.SC2Data\GameData\EffectData.xml
AlarakKnockbackSearchN1Switch	CEffectSwitch	mods/starcoop/starcoop.sc2mod/base.sc2data/gamedata/effectdata.xml	C:\Users\22448\Downloads\重生虫心0.71汉化版（新）\reborn_workrepo\合作指挥官版起义狂潮\Mods\XM\XMAlarak.SC2Mod\Base.SC2Data\GameData\EffectData.xml
AlarakKnockbackSearchN2	CEffectEnumArea	mods/starcoop/starcoop.sc2mod/base.sc2data/gamedata/effectdata.xml	C:\Users\22448\Downloads\重生虫心0.71汉化版（新）\reborn_workrepo\合作指挥官版起义狂潮\Mods\XM\XMAlarak.SC2Mod\Base.SC2Data\GameData\EffectData.xml
AlarakKnockbackSearchN2Switch	CEffectSwitch	mods/starcoop/starcoop.sc2mod/base.sc2data/gamedata/effectdata.xml	C:\Users\22448\Downloads\重生虫心0.71汉化版（新）\reborn_workrepo\合作指挥官版起义狂潮\Mods\XM\XMAlarak.SC2Mod\Base.SC2Data\GameData\EffectData.xml
AlarakKnockbackSearchN3	CEffectEnumArea	mods/starcoop/starcoop.sc2mod/base.sc2data/gamedata/effectdata.xml	C:\Users\22448\Downloads\重生虫心0.71汉化版（新）\reborn_workrepo\合作指挥官版起义狂潮\Mods\XM\XMAlarak.SC2Mod\Base.SC2Data\GameData\EffectData.xml
AlarakKnockbackSearchN3Switch	CEffectSwitch	mods/starcoop/starcoop.sc2mod/base.sc2data/gamedata/effectdata.xml	C:\Users\22448\Downloads\重生虫心0.71汉化版（新）\reborn_workrepo\合作指挥官版起义狂潮\Mods\XM\XMAlarak.SC2Mod\Base.SC2Data\GameData\EffectData.xml
AlarakKnockbackSearchN4	CEffectEnumArea	mods/starcoop/starcoop.sc2mod/base.sc2data/gamedata/effectdata.xml	C:\Users\22448\Downloads\重生虫心0.71汉化版（新）\reborn_workrepo\合作指挥官版起义狂潮\Mods\XM\XMAlarak.SC2Mod\Base.SC2Data\GameData\EffectData.xml
AlarakKnockbackSearchN4Switch	CEffectSwitch	mods/starcoop/starcoop.sc2mod/base.sc2data/gamedata/effectdata.xml	C:\Users\22448\Downloads\重生虫心0.71汉化版（新）\reborn_workrepo\合作指挥官版起义狂潮\Mods\XM\XMAlarak.SC2Mod\Base.SC2Data\GameData\EffectData.xml
AlarakKnockbackSearchP	CEffectEnumArea	mods/starcoop/starcoop.sc2mod/base.sc2data/gamedata/effectdata.xml	C:\Users\22448\Downloads\重生虫心0.71汉化版（新）\reborn_workrepo\合作指挥官版起义狂潮\Mods\XM\XMAlarak.SC2Mod\Base.SC2Data\GameData\EffectData.xml
AlarakKnockbackSearchPSwitch	CEffectSwitch	mods/starcoop/starcoop.sc2mod/base.sc2data/gamedata/effectdata.xml	C:\Users\22448\Downloads\重生虫心0.71汉化版（新）\reborn_workrepo\合作指挥官版起义狂潮\Mods\XM\XMAlarak.SC2Mod\Base.SC2Data\GameData\EffectData.xml
AlarakKnockbackSecondCP	CEffectCreatePersistent	mods/starcoop/starcoop.sc2mod/base.sc2data/gamedata/effectdata.xml	C:\Users\22448\Downloads\重生虫心0.71汉化版（新）\reborn_workrepo\合作指挥官版起义狂潮\Mods\XM\XMAlarak.SC2Mod\Base.SC2Data\GameData\EffectData.xml
AlarakLightningStrikesAB	CEffectApplyBehavior	mods/starcoop/starcoop.sc2mod/base.sc2data/gamedata/effectdata.xml	C:\Users\22448\Downloads\重生虫心0.71汉化版（新）\reborn_workrepo\合作指挥官版起义狂潮\Mods\XM\XMAlarak.SC2Mod\Base.SC2Data\GameData\EffectData.xml
AlarakLightningStrikesDamage	CEffectDamage	mods/starcoop/starcoop.sc2mod/base.sc2data/gamedata/effectdata.xml	C:\Users\22448\Downloads\重生虫心0.71汉化版（新）\reborn_workrepo\合作指挥官版起义狂潮\Mods\XM\XMAlarak.SC2Mod\Base.SC2Data\GameData\EffectData.xml
AlarakLightningStrikesInitialCP	CEffectCreatePersistent	mods/starcoop/starcoop.sc2mod/base.sc2data/gamedata/effectdata.xml	C:\Users\22448\Downloads\重生虫心0.71汉化版（新）\reborn_workrepo\合作指挥官版起义狂潮\Mods\XM\XMAlarak.SC2Mod\Base.SC2Data\GameData\EffectData.xml
AlarakLightningStrikesRB	CEffectRemoveBehavior	mods/starcoop/starcoop.sc2mod/base.sc2data/gamedata/effectdata.xml	C:\Users\22448\Downloads\重生虫心0.71汉化版（新）\reborn_workrepo\合作指挥官版起义狂潮\Mods\XM\XMAlarak.SC2Mod\Base.SC2Data\GameData\EffectData.xml
AlarakLightningStrikesSearch	CEffectEnumArea	mods/starcoop/starcoop.sc2mod/base.sc2data/gamedata/effectdata.xml	C:\Users\22448\Downloads\重生虫心0.71汉化版（新）\reborn_workrepo\合作指挥官版起义狂潮\Mods\XM\XMAlarak.SC2Mod\Base.SC2Data\GameData\EffectData.xml
AlarakLightningStrikesSet	CEffectSet	mods/starcoop/starcoop.sc2mod/base.sc2data/gamedata/effectdata.xml	C:\Users\22448\Downloads\重生虫心0.71汉化版（新）\reborn_workrepo\合作指挥官版起义狂潮\Mods\XM\XMAlarak.SC2Mod\Base.SC2Data\GameData\EffectData.xml
AlarakMothershipMassRecallPrepare	CEffectSet	mods/starcoop/starcoop.sc2mod/base.sc2data/gamedata/effectdata.xml	C:\Users\22448\Downloads\重生虫心0.71汉化版（新）\reborn_workrepo\合作指挥官版起义狂潮\Mods\XM\XMAlarak.SC2Mod\Base.SC2Data\GameData\EffectData.xml
AlarakParticleDisruptorsU	CEffectDamage	mods/starcoop/starcoop.sc2mod/base.sc2data/gamedata/effectdata.xml	C:\Users\22448\Downloads\重生虫心0.71汉化版（新）\reborn_workrepo\合作指挥官版起义狂潮\Mods\XM\XMAlarak.SC2Mod\Base.SC2Data\GameData\EffectData.xml
AlarakPsionicLightningSet	CEffectSet	mods/starcoop/starcoop.sc2mod/base.sc2data/gamedata/effectdata.xml	C:\Users\22448\Downloads\重生虫心0.71汉化版（新）\reborn_workrepo\合作指挥官版起义狂潮\Mods\XM\XMAlarak.SC2Mod\Base.SC2Data\GameData\EffectData.xml
AlarakReviveWarpIn	CEffectApplyBehavior	mods/starcoop/starcoop.sc2mod/base.sc2data/gamedata/effectdata.xml	C:\Users\22448\Downloads\重生虫心0.71汉化版（新）\reborn_workrepo\合作指挥官版起义狂潮\Mods\XM\XMAlarak.SC2Mod\Base.SC2Data\GameData\EffectData.xml
AlarakReviveWarpInIntro	CEffectApplyBehavior	mods/starcoop/starcoop.sc2mod/base.sc2data/gamedata/effectdata.xml	C:\Users\22448\Downloads\重生虫心0.71汉化版（新）\reborn_workrepo\合作指挥官版起义狂潮\Mods\XM\XMAlarak.SC2Mod\Base.SC2Data\GameData\EffectData.xml
AlarakSoulAbsorptionImpactDummy	CEffectSet	mods/starcoop/starcoop.sc2mod/base.sc2data/gamedata/effectdata.xml	C:\Users\22448\Downloads\重生虫心0.71汉化版（新）\reborn_workrepo\合作指挥官版起义狂潮\Mods\XM\XMAlarak.SC2Mod\Base.SC2Data\GameData\EffectData.xml
AlarakSoulAbsorptionLaunchDummy	CEffectSet	mods/starcoop/starcoop.sc2mod/base.sc2data/gamedata/effectdata.xml	C:\Users\22448\Downloads\重生虫心0.71汉化版（新）\reborn_workrepo\合作指挥官版起义狂潮\Mods\XM\XMAlarak.SC2Mod\Base.SC2Data\GameData\EffectData.xml
AlarakStalkerForceBlastCP	CEffectCreatePersistent	mods/starcoop/starcoop.sc2mod/base.sc2data/gamedata/effectdata.xml	C:\Users\22448\Downloads\重生虫心0.71汉化版（新）\reborn_workrepo\合作指挥官版起义狂潮\Mods\XM\XMAlarak.SC2Mod\Base.SC2Data\GameData\EffectData.xml
AlarakStalkerForceBlastDamage	CEffectDamage	mods/starcoop/starcoop.sc2mod/base.sc2data/gamedata/effectdata.xml	C:\Users\22448\Downloads\重生虫心0.71汉化版（新）\reborn_workrepo\合作指挥官版起义狂潮\Mods\XM\XMAlarak.SC2Mod\Base.SC2Data\GameData\EffectData.xml
AlarakStalkerForceBlastSearch	CEffectEnumArea	mods/starcoop/starcoop.sc2mod/base.sc2data/gamedata/effectdata.xml	C:\Users\22448\Downloads\重生虫心0.71汉化版（新）\reborn_workrepo\合作指挥官版起义狂潮\Mods\XM\XMAlarak.SC2Mod\Base.SC2Data\GameData\EffectData.xml
AlarakStalkerForceBlastSet	CEffectSet	mods/starcoop/starcoop.sc2mod/base.sc2data/gamedata/effectdata.xml	C:\Users\22448\Downloads\重生虫心0.71汉化版（新）\reborn_workrepo\合作指挥官版起义狂潮\Mods\XM\XMAlarak.SC2Mod\Base.SC2Data\GameData\EffectData.xml
AlarakStalkerPhasingArmorBuffApply	CEffectApplyBehavior	mods/starcoop/starcoop.sc2mod/base.sc2data/gamedata/effectdata.xml	C:\Users\22448\Downloads\重生虫心0.71汉化版（新）\reborn_workrepo\合作指挥官版起义狂潮\Mods\XM\XMAlarak.SC2Mod\Base.SC2Data\GameData\EffectData.xml
AlarakStructureOverchargeAB	CEffectApplyBehavior	mods/starcoop/starcoop.sc2mod/base.sc2data/gamedata/effectdata.xml	C:\Users\22448\Downloads\重生虫心0.71汉化版（新）\reborn_workrepo\合作指挥官版起义狂潮\Mods\XM\XMAlarak.SC2Mod\Base.SC2Data\GameData\EffectData.xml
AlarakStructureOverchargeDamage	CEffectDamage	mods/starcoop/starcoop.sc2mod/base.sc2data/gamedata/effectdata.xml	C:\Users\22448\Downloads\重生虫心0.71汉化版（新）\reborn_workrepo\合作指挥官版起义狂潮\Mods\XM\XMAlarak.SC2Mod\Base.SC2Data\GameData\EffectData.xml
AlarakStructureOverchargeLM	CEffectLaunchMissile	mods/starcoop/starcoop.sc2mod/base.sc2data/gamedata/effectdata.xml	C:\Users\22448\Downloads\重生虫心0.71汉化版（新）\reborn_workrepo\合作指挥官版起义狂潮\Mods\XM\XMAlarak.SC2Mod\Base.SC2Data\GameData\EffectData.xml
AlarakStructureOverchargePriority1	CEffectSet	mods/starcoop/starcoop.sc2mod/base.sc2data/gamedata/effectdata.xml	C:\Users\22448\Downloads\重生虫心0.71汉化版（新）\reborn_workrepo\合作指挥官版起义狂潮\Mods\XM\XMAlarak.SC2Mod\Base.SC2Data\GameData\EffectData.xml
AlarakStructureOverchargePriority1Upgrade1	CEffectSet	mods/starcoop/starcoop.sc2mod/base.sc2data/gamedata/effectdata.xml	C:\Users\22448\Downloads\重生虫心0.71汉化版（新）\reborn_workrepo\合作指挥官版起义狂潮\Mods\XM\XMAlarak.SC2Mod\Base.SC2Data\GameData\EffectData.xml
AlarakStructureOverchargePriority1Upgrade2	CEffectSet	mods/starcoop/starcoop.sc2mod/base.sc2data/gamedata/effectdata.xml	C:\Users\22448\Downloads\重生虫心0.71汉化版（新）\reborn_workrepo\合作指挥官版起义狂潮\Mods\XM\XMAlarak.SC2Mod\Base.SC2Data\GameData\EffectData.xml
AlarakStructureOverchargePriority1Upgrade3	CEffectSet	mods/starcoop/starcoop.sc2mod/base.sc2data/gamedata/effectdata.xml	C:\Users\22448\Downloads\重生虫心0.71汉化版（新）\reborn_workrepo\合作指挥官版起义狂潮\Mods\XM\XMAlarak.SC2Mod\Base.SC2Data\GameData\EffectData.xml
AlarakStructureOverchargePriority2	CEffectSet	mods/starcoop/starcoop.sc2mod/base.sc2data/gamedata/effectdata.xml	C:\Users\22448\Downloads\重生虫心0.71汉化版（新）\reborn_workrepo\合作指挥官版起义狂潮\Mods\XM\XMAlarak.SC2Mod\Base.SC2Data\GameData\EffectData.xml
AlarakStructureOverchargePriority2Upgrade1	CEffectSet	mods/starcoop/starcoop.sc2mod/base.sc2data/gamedata/effectdata.xml	C:\Users\22448\Downloads\重生虫心0.71汉化版（新）\reborn_workrepo\合作指挥官版起义狂潮\Mods\XM\XMAlarak.SC2Mod\Base.SC2Data\GameData\EffectData.xml
AlarakStructureOverchargePriority2Upgrade2	CEffectSet	mods/starcoop/starcoop.sc2mod/base.sc2data/gamedata/effectdata.xml	C:\Users\22448\Downloads\重生虫心0.71汉化版（新）\reborn_workrepo\合作指挥官版起义狂潮\Mods\XM\XMAlarak.SC2Mod\Base.SC2Data\GameData\EffectData.xml
AlarakStructureOverchargePriority2Upgrade3	CEffectSet	mods/starcoop/starcoop.sc2mod/base.sc2data/gamedata/effectdata.xml	C:\Users\22448\Downloads\重生虫心0.71汉化版（新）\reborn_workrepo\合作指挥官版起义狂潮\Mods\XM\XMAlarak.SC2Mod\Base.SC2Data\GameData\EffectData.xml
AlarakStructureOverchargePriority3	CEffectSet	mods/starcoop/starcoop.sc2mod/base.sc2data/gamedata/effectdata.xml	C:\Users\22448\Downloads\重生虫心0.71汉化版（新）\reborn_workrepo\合作指挥官版起义狂潮\Mods\XM\XMAlarak.SC2Mod\Base.SC2Data\GameData\EffectData.xml
AlarakStructureOverchargePriority3Upgrade1	CEffectSet	mods/starcoop/starcoop.sc2mod/base.sc2data/gamedata/effectdata.xml	C:\Users\22448\Downloads\重生虫心0.71汉化版（新）\reborn_workrepo\合作指挥官版起义狂潮\Mods\XM\XMAlarak.SC2Mod\Base.SC2Data\GameData\EffectData.xml
AlarakStructureOverchargePriority3Upgrade2	CEffectSet	mods/starcoop/starcoop.sc2mod/base.sc2data/gamedata/effectdata.xml	C:\Users\22448\Downloads\重生虫心0.71汉化版（新）\reborn_workrepo\合作指挥官版起义狂潮\Mods\XM\XMAlarak.SC2Mod\Base.SC2Data\GameData\EffectData.xml
AlarakStructureOverchargePriority3Upgrade3	CEffectSet	mods/starcoop/starcoop.sc2mod/base.sc2data/gamedata/effectdata.xml	C:\Users\22448\Downloads\重生虫心0.71汉化版（新）\reborn_workrepo\合作指挥官版起义狂潮\Mods\XM\XMAlarak.SC2Mod\Base.SC2Data\GameData\EffectData.xml
AlarakStructureOverchargePriority4	CEffectSet	mods/starcoop/starcoop.sc2mod/base.sc2data/gamedata/effectdata.xml	C:\Users\22448\Downloads\重生虫心0.71汉化版（新）\reborn_workrepo\合作指挥官版起义狂潮\Mods\XM\XMAlarak.SC2Mod\Base.SC2Data\GameData\EffectData.xml
AlarakStructureOverchargePriority4Upgrade1	CEffectSet	mods/starcoop/starcoop.sc2mod/base.sc2data/gamedata/effectdata.xml	C:\Users\22448\Downloads\重生虫心0.71汉化版（新）\reborn_workrepo\合作指挥官版起义狂潮\Mods\XM\XMAlarak.SC2Mod\Base.SC2Data\GameData\EffectData.xml
AlarakStructureOverchargePriority4Upgrade2	CEffectSet	mods/starcoop/starcoop.sc2mod/base.sc2data/gamedata/effectdata.xml	C:\Users\22448\Downloads\重生虫心0.71汉化版（新）\reborn_workrepo\合作指挥官版起义狂潮\Mods\XM\XMAlarak.SC2Mod\Base.SC2Data\GameData\EffectData.xml
AlarakStructureOverchargePriority4Upgrade3	CEffectSet	mods/starcoop/starcoop.sc2mod/base.sc2data/gamedata/effectdata.xml	C:\Users\22448\Downloads\重生虫心0.71汉化版（新）\reborn_workrepo\合作指挥官版起义狂潮\Mods\XM\XMAlarak.SC2Mod\Base.SC2Data\GameData\EffectData.xml
AlarakStructureOverchargePriority5	CEffectSet	mods/starcoop/starcoop.sc2mod/base.sc2data/gamedata/effectdata.xml	C:\Users\22448\Downloads\重生虫心0.71汉化版（新）\reborn_workrepo\合作指挥官版起义狂潮\Mods\XM\XMAlarak.SC2Mod\Base.SC2Data\GameData\EffectData.xml
AlarakStructureOverchargePriority6	CEffectSet	mods/starcoop/starcoop.sc2mod/base.sc2data/gamedata/effectdata.xml	C:\Users\22448\Downloads\重生虫心0.71汉化版（新）\reborn_workrepo\合作指挥官版起义狂潮\Mods\XM\XMAlarak.SC2Mod\Base.SC2Data\GameData\EffectData.xml
AlarakStructureOverchargeRefresh	CEffectSet	mods/starcoop/starcoop.sc2mod/base.sc2data/gamedata/effectdata.xml	C:\Users\22448\Downloads\重生虫心0.71汉化版（新）\reborn_workrepo\合作指挥官版起义狂潮\Mods\XM\XMAlarak.SC2Mod\Base.SC2Data\GameData\EffectData.xml
AlarakStructureOverchargeSearch	CEffectEnumArea	mods/starcoop/starcoop.sc2mod/base.sc2data/gamedata/effectdata.xml	C:\Users\22448\Downloads\重生虫心0.71汉化版（新）\reborn_workrepo\合作指挥官版起义狂潮\Mods\XM\XMAlarak.SC2Mod\Base.SC2Data\GameData\EffectData.xml
AlarakStructureOverchargeSet	CEffectSet	mods/starcoop/starcoop.sc2mod/base.sc2data/gamedata/effectdata.xml	C:\Users\22448\Downloads\重生虫心0.71汉化版（新）\reborn_workrepo\合作指挥官版起义狂潮\Mods\XM\XMAlarak.SC2Mod\Base.SC2Data\GameData\EffectData.xml
AlarakStructureOverchargeShieldAB	CEffectApplyBehavior	mods/starcoop/starcoop.sc2mod/base.sc2data/gamedata/effectdata.xml	C:\Users\22448\Downloads\重生虫心0.71汉化版（新）\reborn_workrepo\合作指挥官版起义狂潮\Mods\XM\XMAlarak.SC2Mod\Base.SC2Data\GameData\EffectData.xml
AlarakSupplicantDevotionCDR	CEffectSet	mods/starcoop/starcoop.sc2mod/base.sc2data/gamedata/effectdata.xml	C:\Users\22448\Downloads\重生虫心0.71汉化版（新）\reborn_workrepo\合作指挥官版起义狂潮\Mods\XM\XMAlarak.SC2Mod\Base.SC2Data\GameData\EffectData.xml
AlarakSupplicantDevotionCDR_A	CEffectModifyPlayer	mods/starcoop/starcoop.sc2mod/base.sc2data/gamedata/effectdata.xml	C:\Users\22448\Downloads\重生虫心0.71汉化版（新）\reborn_workrepo\合作指挥官版起义狂潮\Mods\XM\XMAlarak.SC2Mod\Base.SC2Data\GameData\EffectData.xml
AlarakSupplicantDevotionCDR_B	CEffectModifyPlayer	mods/starcoop/starcoop.sc2mod/base.sc2data/gamedata/effectdata.xml	C:\Users\22448\Downloads\重生虫心0.71汉化版（新）\reborn_workrepo\合作指挥官版起义狂潮\Mods\XM\XMAlarak.SC2Mod\Base.SC2Data\GameData\EffectData.xml
AlarakSupplicantMaxShieldsDisplayDummy	CEffectDamage	mods/starcoop/starcoop.sc2mod/base.sc2data/gamedata/effectdata.xml	C:\Users\22448\Downloads\重生虫心0.71汉化版（新）\reborn_workrepo\合作指挥官版起义狂潮\Mods\XM\XMAlarak.SC2Mod\Base.SC2Data\GameData\EffectData.xml
AlarakSupplicantSacrificeCDR	CEffectSet	mods/starcoop/starcoop.sc2mod/base.sc2data/gamedata/effectdata.xml	C:\Users\22448\Downloads\重生虫心0.71汉化版（新）\reborn_workrepo\合作指挥官版起义狂潮\Mods\XM\XMAlarak.SC2Mod\Base.SC2Data\GameData\EffectData.xml
AlarakSupplicantSacrificeCDR_A	CEffectModifyPlayer	mods/starcoop/starcoop.sc2mod/base.sc2data/gamedata/effectdata.xml	C:\Users\22448\Downloads\重生虫心0.71汉化版（新）\reborn_workrepo\合作指挥官版起义狂潮\Mods\XM\XMAlarak.SC2Mod\Base.SC2Data\GameData\EffectData.xml
AlarakSupplicantSacrificeCDR_B	CEffectModifyPlayer	mods/starcoop/starcoop.sc2mod/base.sc2data/gamedata/effectdata.xml	C:\Users\22448\Downloads\重生虫心0.71汉化版（新）\reborn_workrepo\合作指挥官版起义狂潮\Mods\XM\XMAlarak.SC2Mod\Base.SC2Data\GameData\EffectData.xml
AlarakSupplicantSacrificeCDR_C	CEffectModifyPlayer	mods/starcoop/starcoop.sc2mod/base.sc2data/gamedata/effectdata.xml	C:\Users\22448\Downloads\重生虫心0.71汉化版（新）\reborn_workrepo\合作指挥官版起义狂潮\Mods\XM\XMAlarak.SC2Mod\Base.SC2Data\GameData\EffectData.xml
AlarakSupplicantSacrificeCDR_D	CEffectModifyPlayer	mods/starcoop/starcoop.sc2mod/base.sc2data/gamedata/effectdata.xml	C:\Users\22448\Downloads\重生虫心0.71汉化版（新）\reborn_workrepo\合作指挥官版起义狂潮\Mods\XM\XMAlarak.SC2Mod\Base.SC2Data\GameData\EffectData.xml
AlarakTheStrongestSurviveDummyAttackMissile	CEffectLaunchMissile	mods/starcoop/starcoop.sc2mod/base.sc2data/gamedata/effectdata.xml	C:\Users\22448\Downloads\重生虫心0.71汉化版（新）\reborn_workrepo\合作指挥官版起义狂潮\Mods\XM\XMAlarak.SC2Mod\Base.SC2Data\GameData\EffectData.xml
AlarakTheStrongestSurviveDummyAttackMissileImpact	CEffectSet	mods/starcoop/starcoop.sc2mod/base.sc2data/gamedata/effectdata.xml	C:\Users\22448\Downloads\重生虫心0.71汉化版（新）\reborn_workrepo\合作指挥官版起义狂潮\Mods\XM\XMAlarak.SC2Mod\Base.SC2Data\GameData\EffectData.xml
AlarakTheStrongestSurviveDummySecondaryAttackMissile	CEffectLaunchMissile	mods/starcoop/starcoop.sc2mod/base.sc2data/gamedata/effectdata.xml	C:\Users\22448\Downloads\重生虫心0.71汉化版（新）\reborn_workrepo\合作指挥官版起义狂潮\Mods\XM\XMAlarak.SC2Mod\Base.SC2Data\GameData\EffectData.xml
AlarakTheStrongestSurviveDummySecondaryAttackMissileImpact	CEffectSet	mods/starcoop/starcoop.sc2mod/base.sc2data/gamedata/effectdata.xml	C:\Users\22448\Downloads\重生虫心0.71汉化版（新）\reborn_workrepo\合作指挥官版起义狂潮\Mods\XM\XMAlarak.SC2Mod\Base.SC2Data\GameData\EffectData.xml
AlarakTheStrongestSurviveHeal	CEffectModifyUnit	mods/starcoop/starcoop.sc2mod/base.sc2data/gamedata/effectdata.xml	C:\Users\22448\Downloads\重生虫心0.71汉化版（新）\reborn_workrepo\合作指挥官版起义狂潮\Mods\XM\XMAlarak.SC2Mod\Base.SC2Data\GameData\EffectData.xml
AlarakTheStrongestSurvivePrestigeMechBuffDouble	CEffectCreatePersistent	mods/starcoop/starcoop.sc2mod/base.sc2data/gamedata/effectdata.xml	C:\Users\22448\Downloads\重生虫心0.71汉化版（新）\reborn_workrepo\合作指挥官版起义狂潮\Mods\XM\XMAlarak.SC2Mod\Base.SC2Data\GameData\EffectData.xml
AlarakTheStrongestSurvivePrestigeMechBuffSearch	CEffectEnumArea	mods/starcoop/starcoop.sc2mod/base.sc2data/gamedata/effectdata.xml	C:\Users\22448\Downloads\重生虫心0.71汉化版（新）\reborn_workrepo\合作指挥官版起义狂潮\Mods\XM\XMAlarak.SC2Mod\Base.SC2Data\GameData\EffectData.xml
AlarakTheStrongestSurvivePrestigeMechBuffSwitch	CEffectSwitch	mods/starcoop/starcoop.sc2mod/base.sc2data/gamedata/effectdata.xml	C:\Users\22448\Downloads\重生虫心0.71汉化版（新）\reborn_workrepo\合作指挥官版起义狂潮\Mods\XM\XMAlarak.SC2Mod\Base.SC2Data\GameData\EffectData.xml
AlarakTheStrongestSurvivePrestigeMechBuffTrigger	CEffectSet	mods/starcoop/starcoop.sc2mod/base.sc2data/gamedata/effectdata.xml	C:\Users\22448\Downloads\重生虫心0.71汉化版（新）\reborn_workrepo\合作指挥官版起义狂潮\Mods\XM\XMAlarak.SC2Mod\Base.SC2Data\GameData\EffectData.xml
AlarakTheStrongestSurviveSearch	CEffectEnumArea	mods/starcoop/starcoop.sc2mod/base.sc2data/gamedata/effectdata.xml	C:\Users\22448\Downloads\重生虫心0.71汉化版（新）\reborn_workrepo\合作指挥官版起义狂潮\Mods\XM\XMAlarak.SC2Mod\Base.SC2Data\GameData\EffectData.xml
AlarakTheStrongestSurviveSearchImpact	CEffectSet	mods/starcoop/starcoop.sc2mod/base.sc2data/gamedata/effectdata.xml	C:\Users\22448\Downloads\重生虫心0.71汉化版（新）\reborn_workrepo\合作指挥官版起义狂潮\Mods\XM\XMAlarak.SC2Mod\Base.SC2Data\GameData\EffectData.xml
AlarakTheStrongestSurviveStealLife	CEffectCreateHealer	mods/starcoop/starcoop.sc2mod/base.sc2data/gamedata/effectdata.xml	C:\Users\22448\Downloads\重生虫心0.71汉化版（新）\reborn_workrepo\合作指挥官版起义狂潮\Mods\XM\XMAlarak.SC2Mod\Base.SC2Data\GameData\EffectData.xml
AlarakTheStrongestSurviveStealShield	CEffectCreateHealer	mods/starcoop/starcoop.sc2mod/base.sc2data/gamedata/effectdata.xml	C:\Users\22448\Downloads\重生虫心0.71汉化版（新）\reborn_workrepo\合作指挥官版起义狂潮\Mods\XM\XMAlarak.SC2Mod\Base.SC2Data\GameData\EffectData.xml
AlarakTheStrongestSurviveSupplicantSacrificeDamageAB	CEffectApplyBehavior	mods/starcoop/starcoop.sc2mod/base.sc2data/gamedata/effectdata.xml	C:\Users\22448\Downloads\重生虫心0.71汉化版（新）\reborn_workrepo\合作指挥官版起义狂潮\Mods\XM\XMAlarak.SC2Mod\Base.SC2Data\GameData\EffectData.xml
AlarakTheStrongestSurviveSupplicantSacrificeDamageUD	CEffectDamage	mods/starcoop/starcoop.sc2mod/base.sc2data/gamedata/effectdata.xml	C:\Users\22448\Downloads\重生虫心0.71汉化版（新）\reborn_workrepo\合作指挥官版起义狂潮\Mods\XM\XMAlarak.SC2Mod\Base.SC2Data\GameData\EffectData.xml
AlarakZealotFrenziedOverloadAB	CEffectApplyBehavior	mods/starcoop/starcoop.sc2mod/base.sc2data/gamedata/effectdata.xml	C:\Users\22448\Downloads\重生虫心0.71汉化版（新）\reborn_workrepo\合作指挥官版起义狂潮\Mods\XM\XMAlarak.SC2Mod\Base.SC2Data\GameData\EffectData.xml
AlarakZealotFrenziedOverloadMU	CEffectModifyUnit	mods/starcoop/starcoop.sc2mod/base.sc2data/gamedata/effectdata.xml	C:\Users\22448\Downloads\重生虫心0.71汉化版（新）\reborn_workrepo\合作指挥官版起义狂潮\Mods\XM\XMAlarak.SC2Mod\Base.SC2Data\GameData\EffectData.xml
AlarakZealotFrenziedOverloadSet	CEffectSet	mods/starcoop/starcoop.sc2mod/base.sc2data/gamedata/effectdata.xml	C:\Users\22448\Downloads\重生虫心0.71汉化版（新）\reborn_workrepo\合作指挥官版起义狂潮\Mods\XM\XMAlarak.SC2Mod\Base.SC2Data\GameData\EffectData.xml
AllUnitBehaviorControllerSet	CEffectSet	mods/starcoop/starcoop.sc2mod/base.sc2data/gamedata/effectdata.xml	C:\Users\22448\Downloads\重生虫心0.71汉化版（新）\reborn_workrepo\合作指挥官版起义狂潮\Mods\XM\XMAlarak.SC2Mod\Base.SC2Data\GameData\EffectData.xml
AllUnitBehaviorControllerSubset1	CEffectSet	mods/starcoop/starcoop.sc2mod/base.sc2data/gamedata/effectdata.xml	C:\Users\22448\Downloads\重生虫心0.71汉化版（新）\reborn_workrepo\合作指挥官版起义狂潮\Mods\XM\XMAlarak.SC2Mod\Base.SC2Data\GameData\EffectData.xml
ArtanisIonCannons	CEffectCreatePersistent	mods/starcoop/starcoop.sc2mod/base.sc2data/gamedata/effectdata.xml	C:\Users\22448\Downloads\重生虫心0.71汉化版（新）\reborn_workrepo\合作指挥官版起义狂潮\Mods\XM\XMAlarak.SC2Mod\Base.SC2Data\GameData\EffectData.xml
ArtanisIonCannonsLMLeft	CEffectLaunchMissile	mods/starcoop/starcoop.sc2mod/base.sc2data/gamedata/effectdata.xml	C:\Users\22448\Downloads\重生虫心0.71汉化版（新）\reborn_workrepo\合作指挥官版起义狂潮\Mods\XM\XMAlarak.SC2Mod\Base.SC2Data\GameData\EffectData.xml
ArtanisIonCannonsLMRight	CEffectLaunchMissile	mods/starcoop/starcoop.sc2mod/base.sc2data/gamedata/effectdata.xml	C:\Users\22448\Downloads\重生虫心0.71汉化版（新）\reborn_workrepo\合作指挥官版起义狂潮\Mods\XM\XMAlarak.SC2Mod\Base.SC2Data\GameData\EffectData.xml
ArtanisIonCannonsU	CEffectDamage	mods/starcoop/starcoop.sc2mod/base.sc2data/gamedata/effectdata.xml	C:\Users\22448\Downloads\重生虫心0.71汉化版（新）\reborn_workrepo\合作指挥官版起义狂潮\Mods\XM\XMAlarak.SC2Mod\Base.SC2Data\GameData\EffectData.xml
ArtanisIonCannonsULeft	CEffectDamage	mods/starcoop/starcoop.sc2mod/base.sc2data/gamedata/effectdata.xml	C:\Users\22448\Downloads\重生虫心0.71汉化版（新）\reborn_workrepo\合作指挥官版起义狂潮\Mods\XM\XMAlarak.SC2Mod\Base.SC2Data\GameData\EffectData.xml
ArtanisIonCannonsURight	CEffectDamage	mods/starcoop/starcoop.sc2mod/base.sc2data/gamedata/effectdata.xml	C:\Users\22448\Downloads\重生虫心0.71汉化版（新）\reborn_workrepo\合作指挥官版起义狂潮\Mods\XM\XMAlarak.SC2Mod\Base.SC2Data\GameData\EffectData.xml
AscendantSacrificeKillSupplicant	CEffectDamage	mods/starcoop/starcoop.sc2mod/base.sc2data/gamedata/effectdata.xml	C:\Users\22448\Downloads\重生虫心0.71汉化版（新）\reborn_workrepo\合作指挥官版起义狂潮\Mods\XM\XMAlarak.SC2Mod\Base.SC2Data\GameData\EffectData.xml
AscendantSacrificeSearch	CEffectEnumArea	mods/starcoop/starcoop.sc2mod/base.sc2data/gamedata/effectdata.xml	C:\Users\22448\Downloads\重生虫心0.71汉化版（新）\reborn_workrepo\合作指挥官版起义狂潮\Mods\XM\XMAlarak.SC2Mod\Base.SC2Data\GameData\EffectData.xml
AscendantSacrificeSelfBuffAB	CEffectApplyBehavior	mods/starcoop/starcoop.sc2mod/base.sc2data/gamedata/effectdata.xml	C:\Users\22448\Downloads\重生虫心0.71汉化版（新）\reborn_workrepo\合作指挥官版起义狂潮\Mods\XM\XMAlarak.SC2Mod\Base.SC2Data\GameData\EffectData.xml
AscendantSacrificeSelfBuffSet	CEffectSet	mods/starcoop/starcoop.sc2mod/base.sc2data/gamedata/effectdata.xml	C:\Users\22448\Downloads\重生虫心0.71汉化版（新）\reborn_workrepo\合作指挥官版起义狂潮\Mods\XM\XMAlarak.SC2Mod\Base.SC2Data\GameData\EffectData.xml
AscendantSacrificeSupplicantRemoveShield	CEffectModifyUnit	mods/starcoop/starcoop.sc2mod/base.sc2data/gamedata/effectdata.xml	C:\Users\22448\Downloads\重生虫心0.71汉化版（新）\reborn_workrepo\合作指挥官版起义狂潮\Mods\XM\XMAlarak.SC2Mod\Base.SC2Data\GameData\EffectData.xml
Blink	CEffectTeleport	mods/starcoop/starcoop.sc2mod/base.sc2data/gamedata/effectdata.xml	C:\Users\22448\Downloads\重生虫心0.71汉化版（新）\reborn_workrepo\合作指挥官版起义狂潮\Mods\XM\XMAlarak.SC2Mod\Base.SC2Data\GameData\EffectData.xml
BrokenSolarForgeIssueOrder	CEffectIssueOrder	mods/starcoop/starcoop.sc2mod/base.sc2data/gamedata/effectdata.xml	C:\Users\22448\Downloads\重生虫心0.71汉化版（新）\reborn_workrepo\合作指挥官版起义狂潮\Mods\XM\XMAlarak.SC2Mod\Base.SC2Data\GameData\EffectData.xml
CarrierAiurInterceptor	CEffectUseMagazine	mods/starcoop/starcoop.sc2mod/base.sc2data/gamedata/effectdata.xml	C:\Users\22448\Downloads\重生虫心0.71汉化版（新）\reborn_workrepo\合作指挥官版起义狂潮\Mods\XM\XMAlarak.SC2Mod\Base.SC2Data\GameData\EffectData.xml
ChronoFieldBlackOpsBarracksAB	CEffectApplyBehavior	mods/starcoop/starcoop.sc2mod/base.sc2data/gamedata/effectdata.xml	C:\Users\22448\Downloads\重生虫心0.71汉化版（新）\reborn_workrepo\合作指挥官版起义狂潮\Mods\XM\XMAlarak.SC2Mod\Base.SC2Data\GameData\EffectData.xml
ChronoFieldBlackOpsFactoryAB	CEffectApplyBehavior	mods/starcoop/starcoop.sc2mod/base.sc2data/gamedata/effectdata.xml	C:\Users\22448\Downloads\重生虫心0.71汉化版（新）\reborn_workrepo\合作指挥官版起义狂潮\Mods\XM\XMAlarak.SC2Mod\Base.SC2Data\GameData\EffectData.xml
ChronoFieldBlackOpsSet	CEffectSet	mods/starcoop/starcoop.sc2mod/base.sc2data/gamedata/effectdata.xml	C:\Users\22448\Downloads\重生虫心0.71汉化版（新）\reborn_workrepo\合作指挥官版起义狂潮\Mods\XM\XMAlarak.SC2Mod\Base.SC2Data\GameData\EffectData.xml
ChronoFieldBlackOpsStarportAB	CEffectApplyBehavior	mods/starcoop/starcoop.sc2mod/base.sc2data/gamedata/effectdata.xml	C:\Users\22448\Downloads\重生虫心0.71汉化版（新）\reborn_workrepo\合作指挥官版起义狂潮\Mods\XM\XMAlarak.SC2Mod\Base.SC2Data\GameData\EffectData.xml
ChronoFieldHHStarportAB	CEffectApplyBehavior	mods/starcoop/starcoop.sc2mod/base.sc2data/gamedata/effectdata.xml	C:\Users\22448\Downloads\重生虫心0.71汉化版（新）\reborn_workrepo\合作指挥官版起义狂潮\Mods\XM\XMAlarak.SC2Mod\Base.SC2Data\GameData\EffectData.xml
CommanderPrestigeAlarakDeathFleetDamage	CEffectApplyBehavior	mods/starcoop/starcoop.sc2mod/base.sc2data/gamedata/effectdata.xml	C:\Users\22448\Downloads\重生虫心0.71汉化版（新）\reborn_workrepo\合作指挥官版起义狂潮\Mods\XM\XMAlarak.SC2Mod\Base.SC2Data\GameData\EffectData.xml
CommanderPrestigeKerriganAbilitiesConvertRage	CEffectSwitch	mods/starcoop/starcoop.sc2mod/base.sc2data/gamedata/effectdata.xml	C:\Users\22448\Downloads\重生虫心0.71汉化版（新）\reborn_workrepo\合作指挥官版起义狂潮\Mods\XM\XMAlarak.SC2Mod\Base.SC2Data\GameData\EffectData.xml
CommanderPrestigeKerriganAbilitiesCP	CEffectCreatePersistent	mods/starcoop/starcoop.sc2mod/base.sc2data/gamedata/effectdata.xml	C:\Users\22448\Downloads\重生虫心0.71汉化版（新）\reborn_workrepo\合作指挥官版起义狂潮\Mods\XM\XMAlarak.SC2Mod\Base.SC2Data\GameData\EffectData.xml
CommanderPrestigeKerriganAbilitiesFuryExpend	CEffectApplyBehavior	mods/starcoop/starcoop.sc2mod/base.sc2data/gamedata/effectdata.xml	C:\Users\22448\Downloads\重生虫心0.71汉化版（新）\reborn_workrepo\合作指挥官版起义狂潮\Mods\XM\XMAlarak.SC2Mod\Base.SC2Data\GameData\EffectData.xml
CommanderPrestigeKerriganAbilitiesFuryExpendX2	CEffectApplyBehavior	mods/starcoop/starcoop.sc2mod/base.sc2data/gamedata/effectdata.xml	C:\Users\22448\Downloads\重生虫心0.71汉化版（新）\reborn_workrepo\合作指挥官版起义狂潮\Mods\XM\XMAlarak.SC2Mod\Base.SC2Data\GameData\EffectData.xml
CommanderPrestigeKerriganAbilitiesFuryExpendX3	CEffectApplyBehavior	mods/starcoop/starcoop.sc2mod/base.sc2data/gamedata/effectdata.xml	C:\Users\22448\Downloads\重生虫心0.71汉化版（新）\reborn_workrepo\合作指挥官版起义狂潮\Mods\XM\XMAlarak.SC2Mod\Base.SC2Data\GameData\EffectData.xml
CommanderPrestigeKerriganAbilitiesFuryExpendX4	CEffectApplyBehavior	mods/starcoop/starcoop.sc2mod/base.sc2data/gamedata/effectdata.xml	C:\Users\22448\Downloads\重生虫心0.71汉化版（新）\reborn_workrepo\合作指挥官版起义狂潮\Mods\XM\XMAlarak.SC2Mod\Base.SC2Data\GameData\EffectData.xml
CommanderPrestigeKerriganAbilitiesFuryExpendX5	CEffectApplyBehavior	mods/starcoop/starcoop.sc2mod/base.sc2data/gamedata/effectdata.xml	C:\Users\22448\Downloads\重生虫心0.71汉化版（新）\reborn_workrepo\合作指挥官版起义狂潮\Mods\XM\XMAlarak.SC2Mod\Base.SC2Data\GameData\EffectData.xml
CommanderPrestigeTychusLoneWolf	CEffectApplyBehavior	mods/starcoop/starcoop.sc2mod/base.sc2data/gamedata/effectdata.xml	C:\Users\22448\Downloads\重生虫心0.71汉化版（新）\reborn_workrepo\合作指挥官版起义狂潮\Mods\XM\XMAlarak.SC2Mod\Base.SC2Data\GameData\EffectData.xml
CommanderPrestigeVorazunStasisDoT	CEffectApplyBehavior	mods/starcoop/starcoop.sc2mod/base.sc2data/gamedata/effectdata.xml	C:\Users\22448\Downloads\重生虫心0.71汉化版（新）\reborn_workrepo\合作指挥官版起义狂潮\Mods\XM\XMAlarak.SC2Mod\Base.SC2Data\GameData\EffectData.xml
CommanderPrestigeVorazunTimeStop	CEffectSet	mods/starcoop/starcoop.sc2mod/base.sc2data/gamedata/effectdata.xml	C:\Users\22448\Downloads\重生虫心0.71汉化版（新）\reborn_workrepo\合作指挥官版起义狂潮\Mods\XM\XMAlarak.SC2Mod\Base.SC2Data\GameData\EffectData.xml
COOPHeroJustRevive	CEffectApplyBehavior	mods/starcoop/starcoop.sc2mod/base.sc2data/gamedata/effectdata.xml	C:\Users\22448\Downloads\重生虫心0.71汉化版（新）\reborn_workrepo\合作指挥官版起义狂潮\Mods\XM\XMAlarak.SC2Mod\Base.SC2Data\GameData\EffectData.xml
DarkTemplarChampionDamage	CEffectDamage	mods/starcoop/starcoop.sc2mod/base.sc2data/gamedata/effectdata.xml	C:\Users\22448\Downloads\重生虫心0.71汉化版（新）\reborn_workrepo\合作指挥官版起义狂潮\Mods\XM\XMAlarak.SC2Mod\Base.SC2Data\GameData\EffectData.xml
DeathFleetClearDestroyer	CEffectDamage	mods/starcoop/starcoop.sc2mod/base.sc2data/gamedata/effectdata.xml	C:\Users\22448\Downloads\重生虫心0.71汉化版（新）\reborn_workrepo\合作指挥官版起义狂潮\Mods\XM\XMAlarak.SC2Mod\Base.SC2Data\GameData\EffectData.xml
DeathFleetClearMothership	CEffectApplyBehavior	mods/starcoop/starcoop.sc2mod/base.sc2data/gamedata/effectdata.xml	C:\Users\22448\Downloads\重生虫心0.71汉化版（新）\reborn_workrepo\合作指挥官版起义狂潮\Mods\XM\XMAlarak.SC2Mod\Base.SC2Data\GameData\EffectData.xml
DeathFleetClearOldUnits	CEffectEnumArea	mods/starcoop/starcoop.sc2mod/base.sc2data/gamedata/effectdata.xml	C:\Users\22448\Downloads\重生虫心0.71汉化版（新）\reborn_workrepo\合作指挥官版起义狂潮\Mods\XM\XMAlarak.SC2Mod\Base.SC2Data\GameData\EffectData.xml
DeathFleetClearSwitch	CEffectSwitch	mods/starcoop/starcoop.sc2mod/base.sc2data/gamedata/effectdata.xml	C:\Users\22448\Downloads\重生虫心0.71汉化版（新）\reborn_workrepo\合作指挥官版起义狂潮\Mods\XM\XMAlarak.SC2Mod\Base.SC2Data\GameData\EffectData.xml
DehakaConsumeImpactEatDamageReal	CEffectDamage	mods/starcoop/starcoop.sc2mod/base.sc2data/gamedata/effectdata.xml	C:\Users\22448\Downloads\重生虫心0.71汉化版（新）\reborn_workrepo\合作指挥官版起义狂潮\Mods\XM\XMAlarak.SC2Mod\Base.SC2Data\GameData\EffectData.xml
DehakaCoop	CEffectDamage	mods/starcoop/starcoop.sc2mod/base.sc2data/gamedata/effectdata.xml	C:\Users\22448\Downloads\重生虫心0.71汉化版（新）\reborn_workrepo\合作指挥官版起义狂潮\Mods\XM\XMAlarak.SC2Mod\Base.SC2Data\GameData\EffectData.xml
DehakaStompDamageC	CEffectDamage	mods/starcoop/starcoop.sc2mod/base.sc2data/gamedata/effectdata.xml	C:\Users\22448\Downloads\重生虫心0.71汉化版（新）\reborn_workrepo\合作指挥官版起义狂潮\Mods\XM\XMAlarak.SC2Mod\Base.SC2Data\GameData\EffectData.xml
DestructionWaveConjoinedDamage	CEffectDamage	mods/starcoop/starcoop.sc2mod/base.sc2data/gamedata/effectdata.xml	C:\Users\22448\Downloads\重生虫心0.71汉化版（新）\reborn_workrepo\合作指挥官版起义狂潮\Mods\XM\XMAlarak.SC2Mod\Base.SC2Data\GameData\EffectData.xml
DisruptorWeaponLM	CEffectLaunchMissile	mods/starcoop/starcoop.sc2mod/base.sc2data/gamedata/effectdata.xml	C:\Users\22448\Downloads\重生虫心0.71汉化版（新）\reborn_workrepo\合作指挥官版起义狂潮\Mods\XM\XMAlarak.SC2Mod\Base.SC2Data\GameData\EffectData.xml
DisruptorWeaponU	CEffectDamage	mods/starcoop/starcoop.sc2mod/base.sc2data/gamedata/effectdata.xml	C:\Users\22448\Downloads\重生虫心0.71汉化版（新）\reborn_workrepo\合作指挥官版起义狂潮\Mods\XM\XMAlarak.SC2Mod\Base.SC2Data\GameData\EffectData.xml
DragoonDamage	CEffectDamage	mods/starcoop/starcoop.sc2mod/base.sc2data/gamedata/effectdata.xml	C:\Users\22448\Downloads\重生虫心0.71汉化版（新）\reborn_workrepo\合作指挥官版起义狂潮\Mods\XM\XMAlarak.SC2Mod\Base.SC2Data\GameData\EffectData.xml
FenixAdeptShadeDamage	CEffectDamage	mods/starcoop/starcoop.sc2mod/base.sc2data/gamedata/effectdata.xml	C:\Users\22448\Downloads\重生虫心0.71汉化版（新）\reborn_workrepo\合作指挥官版起义狂潮\Mods\XM\XMAlarak.SC2Mod\Base.SC2Data\GameData\EffectData.xml
FenixArbiterWeaponDamage	CEffectDamage	mods/starcoop/starcoop.sc2mod/base.sc2data/gamedata/effectdata.xml	C:\Users\22448\Downloads\重生虫心0.71汉化版（新）\reborn_workrepo\合作指挥官版起义狂潮\Mods\XM\XMAlarak.SC2Mod\Base.SC2Data\GameData\EffectData.xml
FenixChampionSwapImpactUnitCarrier	CEffectSet	mods/starcoop/starcoop.sc2mod/base.sc2data/gamedata/effectdata.xml	C:\Users\22448\Downloads\重生虫心0.71汉化版（新）\reborn_workrepo\合作指挥官版起义狂潮\Mods\XM\XMAlarak.SC2Mod\Base.SC2Data\GameData\EffectData.xml
FenixChampionSwapImpactUnitImmortal	CEffectSet	mods/starcoop/starcoop.sc2mod/base.sc2data/gamedata/effectdata.xml	C:\Users\22448\Downloads\重生虫心0.71汉化版（新）\reborn_workrepo\合作指挥官版起义狂潮\Mods\XM\XMAlarak.SC2Mod\Base.SC2Data\GameData\EffectData.xml
FenixChampionSwapImpactUnitScout	CEffectSet	mods/starcoop/starcoop.sc2mod/base.sc2data/gamedata/effectdata.xml	C:\Users\22448\Downloads\重生虫心0.71汉化版（新）\reborn_workrepo\合作指挥官版起义狂潮\Mods\XM\XMAlarak.SC2Mod\Base.SC2Data\GameData\EffectData.xml
FenixClolarionBomberCP	CEffectCreatePersistent	mods/starcoop/starcoop.sc2mod/base.sc2data/gamedata/effectdata.xml	C:\Users\22448\Downloads\重生虫心0.71汉化版（新）\reborn_workrepo\合作指挥官版起义狂潮\Mods\XM\XMAlarak.SC2Mod\Base.SC2Data\GameData\EffectData.xml
FenixClolarionBomberDamage	CEffectDamage	mods/starcoop/starcoop.sc2mod/base.sc2data/gamedata/effectdata.xml	C:\Users\22448\Downloads\重生虫心0.71汉化版（新）\reborn_workrepo\合作指挥官版起义狂潮\Mods\XM\XMAlarak.SC2Mod\Base.SC2Data\GameData\EffectData.xml
FenixClolarionBomberStructureDamage	CEffectDamage	mods/starcoop/starcoop.sc2mod/base.sc2data/gamedata/effectdata.xml	C:\Users\22448\Downloads\重生虫心0.71汉化版（新）\reborn_workrepo\合作指挥官版起义狂潮\Mods\XM\XMAlarak.SC2Mod\Base.SC2Data\GameData\EffectData.xml
FenixClolarionCarrierInterceptor	CEffectUseMagazine	mods/starcoop/starcoop.sc2mod/base.sc2data/gamedata/effectdata.xml	C:\Users\22448\Downloads\重生虫心0.71汉化版（新）\reborn_workrepo\合作指挥官版起义狂潮\Mods\XM\XMAlarak.SC2Mod\Base.SC2Data\GameData\EffectData.xml
FenixClolarionChargeBeamDamageCharge1	CEffectDamage	mods/starcoop/starcoop.sc2mod/base.sc2data/gamedata/effectdata.xml	C:\Users\22448\Downloads\重生虫心0.71汉化版（新）\reborn_workrepo\合作指挥官版起义狂潮\Mods\XM\XMAlarak.SC2Mod\Base.SC2Data\GameData\EffectData.xml
FenixClolarionChargeBeamDamageCharge2	CEffectDamage	mods/starcoop/starcoop.sc2mod/base.sc2data/gamedata/effectdata.xml	C:\Users\22448\Downloads\重生虫心0.71汉化版（新）\reborn_workrepo\合作指挥官版起义狂潮\Mods\XM\XMAlarak.SC2Mod\Base.SC2Data\GameData\EffectData.xml
FenixClolarionChargeBeamDamageCharge3	CEffectDamage	mods/starcoop/starcoop.sc2mod/base.sc2data/gamedata/effectdata.xml	C:\Users\22448\Downloads\重生虫心0.71汉化版（新）\reborn_workrepo\合作指挥官版起义狂潮\Mods\XM\XMAlarak.SC2Mod\Base.SC2Data\GameData\EffectData.xml
FenixClolarionChargeBeamImpactSet	CEffectSet	mods/starcoop/starcoop.sc2mod/base.sc2data/gamedata/effectdata.xml	C:\Users\22448\Downloads\重生虫心0.71汉化版（新）\reborn_workrepo\合作指挥官版起义狂潮\Mods\XM\XMAlarak.SC2Mod\Base.SC2Data\GameData\EffectData.xml
FenixClolarionChargeBeamLaunchAndAttackCombineSet	CEffectSet	mods/starcoop/starcoop.sc2mod/base.sc2data/gamedata/effectdata.xml	C:\Users\22448\Downloads\重生虫心0.71汉化版（新）\reborn_workrepo\合作指挥官版起义狂潮\Mods\XM\XMAlarak.SC2Mod\Base.SC2Data\GameData\EffectData.xml
FenixClolarionChargeBeamWeaponCP	CEffectCreatePersistent	mods/starcoop/starcoop.sc2mod/base.sc2data/gamedata/effectdata.xml	C:\Users\22448\Downloads\重生虫心0.71汉化版（新）\reborn_workrepo\合作指挥官版起义狂潮\Mods\XM\XMAlarak.SC2Mod\Base.SC2Data\GameData\EffectData.xml
FenixClolarionInterceptorBeamDamage	CEffectDamage	mods/starcoop/starcoop.sc2mod/base.sc2data/gamedata/effectdata.xml	C:\Users\22448\Downloads\重生虫心0.71汉化版（新）\reborn_workrepo\合作指挥官版起义狂潮\Mods\XM\XMAlarak.SC2Mod\Base.SC2Data\GameData\EffectData.xml
FenixClolarionInterceptorBeamPersistent	CEffectCreatePersistent	mods/starcoop/starcoop.sc2mod/base.sc2data/gamedata/effectdata.xml	C:\Users\22448\Downloads\重生虫心0.71汉化版（新）\reborn_workrepo\合作指挥官版起义狂潮\Mods\XM\XMAlarak.SC2Mod\Base.SC2Data\GameData\EffectData.xml
FenixClolarionPrismaticBeam	CEffectCreatePersistent	mods/starcoop/starcoop.sc2mod/base.sc2data/gamedata/effectdata.xml	C:\Users\22448\Downloads\重生虫心0.71汉化版（新）\reborn_workrepo\合作指挥官版起义狂潮\Mods\XM\XMAlarak.SC2Mod\Base.SC2Data\GameData\EffectData.xml
FenixDragoonAirBombCP	CEffectCreatePersistent	mods/starcoop/starcoop.sc2mod/base.sc2data/gamedata/effectdata.xml	C:\Users\22448\Downloads\重生虫心0.71汉化版（新）\reborn_workrepo\合作指挥官版起义狂潮\Mods\XM\XMAlarak.SC2Mod\Base.SC2Data\GameData\EffectData.xml
FenixDragoonDamage	CEffectDamage	mods/starcoop/starcoop.sc2mod/base.sc2data/gamedata/effectdata.xml	C:\Users\22448\Downloads\重生虫心0.71汉化版（新）\reborn_workrepo\合作指挥官版起义狂潮\Mods\XM\XMAlarak.SC2Mod\Base.SC2Data\GameData\EffectData.xml
FenixKaldalisZealotChargeLaunch	CEffectLaunchMissile	mods/starcoop/starcoop.sc2mod/base.sc2data/gamedata/effectdata.xml	C:\Users\22448\Downloads\重生虫心0.71汉化版（新）\reborn_workrepo\合作指挥官版起义狂潮\Mods\XM\XMAlarak.SC2Mod\Base.SC2Data\GameData\EffectData.xml
FenixKaldalisZealotPsiBlades	CEffectDamage	mods/starcoop/starcoop.sc2mod/base.sc2data/gamedata/effectdata.xml	C:\Users\22448\Downloads\重生虫心0.71汉化版（新）\reborn_workrepo\合作指挥官版起义狂潮\Mods\XM\XMAlarak.SC2Mod\Base.SC2Data\GameData\EffectData.xml
FenixKaldalisZealotPsiBladesCleave	CEffectDamage	mods/starcoop/starcoop.sc2mod/base.sc2data/gamedata/effectdata.xml	C:\Users\22448\Downloads\重生虫心0.71汉化版（新）\reborn_workrepo\合作指挥官版起义狂潮\Mods\XM\XMAlarak.SC2Mod\Base.SC2Data\GameData\EffectData.xml
FenixMojoMissiles	CEffectCreatePersistent	mods/starcoop/starcoop.sc2mod/base.sc2data/gamedata/effectdata.xml	C:\Users\22448\Downloads\重生虫心0.71汉化版（新）\reborn_workrepo\合作指挥官版起义狂潮\Mods\XM\XMAlarak.SC2Mod\Base.SC2Data\GameData\EffectData.xml
FenixMojoScoutAir	CEffectCreatePersistent	mods/starcoop/starcoop.sc2mod/base.sc2data/gamedata/effectdata.xml	C:\Users\22448\Downloads\重生虫心0.71汉化版（新）\reborn_workrepo\合作指挥官版起义狂潮\Mods\XM\XMAlarak.SC2Mod\Base.SC2Data\GameData\EffectData.xml
FenixMojoScoutAirDamage	CEffectDamage	mods/starcoop/starcoop.sc2mod/base.sc2data/gamedata/effectdata.xml	C:\Users\22448\Downloads\重生虫心0.71汉化版（新）\reborn_workrepo\合作指挥官版起义狂潮\Mods\XM\XMAlarak.SC2Mod\Base.SC2Data\GameData\EffectData.xml
FenixMojoScoutAirLMLeft	CEffectLaunchMissile	mods/starcoop/starcoop.sc2mod/base.sc2data/gamedata/effectdata.xml	C:\Users\22448\Downloads\重生虫心0.71汉化版（新）\reborn_workrepo\合作指挥官版起义狂潮\Mods\XM\XMAlarak.SC2Mod\Base.SC2Data\GameData\EffectData.xml
FenixMojoScoutAirLMRight	CEffectLaunchMissile	mods/starcoop/starcoop.sc2mod/base.sc2data/gamedata/effectdata.xml	C:\Users\22448\Downloads\重生虫心0.71汉化版（新）\reborn_workrepo\合作指挥官版起义狂潮\Mods\XM\XMAlarak.SC2Mod\Base.SC2Data\GameData\EffectData.xml
FenixMojoScoutAOEAirDamage	CEffectDamage	mods/starcoop/starcoop.sc2mod/base.sc2data/gamedata/effectdata.xml	C:\Users\22448\Downloads\重生虫心0.71汉化版（新）\reborn_workrepo\合作指挥官版起义狂潮\Mods\XM\XMAlarak.SC2Mod\Base.SC2Data\GameData\EffectData.xml
FenixMojoScoutGround	CEffectDamage	mods/starcoop/starcoop.sc2mod/base.sc2data/gamedata/effectdata.xml	C:\Users\22448\Downloads\重生虫心0.71汉化版（新）\reborn_workrepo\合作指挥官版起义狂潮\Mods\XM\XMAlarak.SC2Mod\Base.SC2Data\GameData\EffectData.xml
FenixSentryGuardianZoneCP	CEffectCreatePersistent	mods/starcoop/starcoop.sc2mod/base.sc2data/gamedata/effectdata.xml	C:\Users\22448\Downloads\重生虫心0.71汉化版（新）\reborn_workrepo\合作指挥官版起义狂潮\Mods\XM\XMAlarak.SC2Mod\Base.SC2Data\GameData\EffectData.xml
FenixSentryGuardianZoneSearch	CEffectEnumArea	mods/starcoop/starcoop.sc2mod/base.sc2data/gamedata/effectdata.xml	C:\Users\22448\Downloads\重生虫心0.71汉化版（新）\reborn_workrepo\合作指挥官版起义狂潮\Mods\XM\XMAlarak.SC2Mod\Base.SC2Data\GameData\EffectData.xml
FenixSOAWeaponDamage	CEffectDamage	mods/starcoop/starcoop.sc2mod/base.sc2data/gamedata/effectdata.xml	C:\Users\22448\Downloads\重生虫心0.71汉化版（新）\reborn_workrepo\合作指挥官版起义狂潮\Mods\XM\XMAlarak.SC2Mod\Base.SC2Data\GameData\EffectData.xml
FenixTaldarinImmortalPhaseDisruptors	CEffectDamage	mods/starcoop/starcoop.sc2mod/base.sc2data/gamedata/effectdata.xml	C:\Users\22448\Downloads\重生虫心0.71汉化版（新）\reborn_workrepo\合作指挥官版起义狂潮\Mods\XM\XMAlarak.SC2Mod\Base.SC2Data\GameData\EffectData.xml
FenixTalisAdeptBounceShotDamage1	CEffectDamage	mods/starcoop/starcoop.sc2mod/base.sc2data/gamedata/effectdata.xml	C:\Users\22448\Downloads\重生虫心0.71汉化版（新）\reborn_workrepo\合作指挥官版起义狂潮\Mods\XM\XMAlarak.SC2Mod\Base.SC2Data\GameData\EffectData.xml
FenixTalisAdeptBounceShotDamage2	CEffectDamage	mods/starcoop/starcoop.sc2mod/base.sc2data/gamedata/effectdata.xml	C:\Users\22448\Downloads\重生虫心0.71汉化版（新）\reborn_workrepo\合作指挥官版起义狂潮\Mods\XM\XMAlarak.SC2Mod\Base.SC2Data\GameData\EffectData.xml
FenixTalisAdeptBounceShotDamage3	CEffectDamage	mods/starcoop/starcoop.sc2mod/base.sc2data/gamedata/effectdata.xml	C:\Users\22448\Downloads\重生虫心0.71汉化版（新）\reborn_workrepo\合作指挥官版起义狂潮\Mods\XM\XMAlarak.SC2Mod\Base.SC2Data\GameData\EffectData.xml
FenixTalisAdeptBounceShotDamage4	CEffectDamage	mods/starcoop/starcoop.sc2mod/base.sc2data/gamedata/effectdata.xml	C:\Users\22448\Downloads\重生虫心0.71汉化版（新）\reborn_workrepo\合作指挥官版起义狂潮\Mods\XM\XMAlarak.SC2Mod\Base.SC2Data\GameData\EffectData.xml
FenixTalisAdeptBounceShotDamage5	CEffectDamage	mods/starcoop/starcoop.sc2mod/base.sc2data/gamedata/effectdata.xml	C:\Users\22448\Downloads\重生虫心0.71汉化版（新）\reborn_workrepo\合作指挥官版起义狂潮\Mods\XM\XMAlarak.SC2Mod\Base.SC2Data\GameData\EffectData.xml
FenixTalisAdeptBounceShotDamage6	CEffectDamage	mods/starcoop/starcoop.sc2mod/base.sc2data/gamedata/effectdata.xml	C:\Users\22448\Downloads\重生虫心0.71汉化版（新）\reborn_workrepo\合作指挥官版起义狂潮\Mods\XM\XMAlarak.SC2Mod\Base.SC2Data\GameData\EffectData.xml
FenixTalisAdeptBounceShotDamage7	CEffectDamage	mods/starcoop/starcoop.sc2mod/base.sc2data/gamedata/effectdata.xml	C:\Users\22448\Downloads\重生虫心0.71汉化版（新）\reborn_workrepo\合作指挥官版起义狂潮\Mods\XM\XMAlarak.SC2Mod\Base.SC2Data\GameData\EffectData.xml
FenixTalisAdeptBounceShotDamage8	CEffectDamage	mods/starcoop/starcoop.sc2mod/base.sc2data/gamedata/effectdata.xml	C:\Users\22448\Downloads\重生虫心0.71汉化版（新）\reborn_workrepo\合作指挥官版起义狂潮\Mods\XM\XMAlarak.SC2Mod\Base.SC2Data\GameData\EffectData.xml
FenixTalisAdeptBounceShotLM1	CEffectLaunchMissile	mods/starcoop/starcoop.sc2mod/base.sc2data/gamedata/effectdata.xml	C:\Users\22448\Downloads\重生虫心0.71汉化版（新）\reborn_workrepo\合作指挥官版起义狂潮\Mods\XM\XMAlarak.SC2Mod\Base.SC2Data\GameData\EffectData.xml
FenixTalisAdeptDamage	CEffectDamage	mods/starcoop/starcoop.sc2mod/base.sc2data/gamedata/effectdata.xml	C:\Users\22448\Downloads\重生虫心0.71汉化版（新）\reborn_workrepo\合作指挥官版起义狂潮\Mods\XM\XMAlarak.SC2Mod\Base.SC2Data\GameData\EffectData.xml
FenixTalisAdeptPhaseShiftTeleport	CEffectTeleport	mods/starcoop/starcoop.sc2mod/base.sc2data/gamedata/effectdata.xml	C:\Users\22448\Downloads\重生虫心0.71汉化版（新）\reborn_workrepo\合作指挥官版起义狂潮\Mods\XM\XMAlarak.SC2Mod\Base.SC2Data\GameData\EffectData.xml
FenixTalisAdeptPhaseShiftTeleportSet	CEffectSet	mods/starcoop/starcoop.sc2mod/base.sc2data/gamedata/effectdata.xml	C:\Users\22448\Downloads\重生虫心0.71汉化版（新）\reborn_workrepo\合作指挥官版起义狂潮\Mods\XM\XMAlarak.SC2Mod\Base.SC2Data\GameData\EffectData.xml
FenixTalisShadeDamage	CEffectDamage	mods/starcoop/starcoop.sc2mod/base.sc2data/gamedata/effectdata.xml	C:\Users\22448\Downloads\重生虫心0.71汉化版（新）\reborn_workrepo\合作指挥官版起义狂潮\Mods\XM\XMAlarak.SC2Mod\Base.SC2Data\GameData\EffectData.xml
FenixThunderousChargeCoopDamage	CEffectDamage	mods/starcoop/starcoop.sc2mod/base.sc2data/gamedata/effectdata.xml	C:\Users\22448\Downloads\重生虫心0.71汉化版（新）\reborn_workrepo\合作指挥官版起义狂潮\Mods\XM\XMAlarak.SC2Mod\Base.SC2Data\GameData\EffectData.xml
FenixThunderousChargeCoopDamageSearch	CEffectEnumArea	mods/starcoop/starcoop.sc2mod/base.sc2data/gamedata/effectdata.xml	C:\Users\22448\Downloads\重生虫心0.71汉化版（新）\reborn_workrepo\合作指挥官版起义狂潮\Mods\XM\XMAlarak.SC2Mod\Base.SC2Data\GameData\EffectData.xml
FenixWarbringerColossusThermalLances	CEffectSet	mods/starcoop/starcoop.sc2mod/base.sc2data/gamedata/effectdata.xml	C:\Users\22448\Downloads\重生虫心0.71汉化版（新）\reborn_workrepo\合作指挥官版起义狂潮\Mods\XM\XMAlarak.SC2Mod\Base.SC2Data\GameData\EffectData.xml
FenixWarbringerColossusThermalLancesForward	CEffectCreatePersistent	mods/starcoop/starcoop.sc2mod/base.sc2data/gamedata/effectdata.xml	C:\Users\22448\Downloads\重生虫心0.71汉化版（新）\reborn_workrepo\合作指挥官版起义狂潮\Mods\XM\XMAlarak.SC2Mod\Base.SC2Data\GameData\EffectData.xml
FenixWarbringerColossusThermalLancesFriendlyDamage	System.Xml.XmlElement	mods/starcoop/starcoop.sc2mod/base.sc2data/gamedata/effectdata.xml	C:\Users\22448\Downloads\重生虫心0.71汉化版（新）\reborn_workrepo\合作指挥官版起义狂潮\Mods\XM\XMAlarak.SC2Mod\Base.SC2Data\GameData\EffectData.xml
FenixWarbringerColossusThermalLancesMU	CEffectDamage	mods/starcoop/starcoop.sc2mod/base.sc2data/gamedata/effectdata.xml	C:\Users\22448\Downloads\重生虫心0.71汉化版（新）\reborn_workrepo\合作指挥官版起义狂潮\Mods\XM\XMAlarak.SC2Mod\Base.SC2Data\GameData\EffectData.xml
GravitonBeam	CEffectCreatePersistent	mods/starcoop/starcoop.sc2mod/base.sc2data/gamedata/effectdata.xml	C:\Users\22448\Downloads\重生虫心0.71汉化版（新）\reborn_workrepo\合作指挥官版起义狂潮\Mods\XM\XMAlarak.SC2Mod\Base.SC2Data\GameData\EffectData.xml
GravitonBeamVoidCampaign	CEffectCreatePersistent	mods/starcoop/starcoop.sc2mod/base.sc2data/gamedata/effectdata.xml	C:\Users\22448\Downloads\重生虫心0.71汉化版（新）\reborn_workrepo\合作指挥官版起义狂潮\Mods\XM\XMAlarak.SC2Mod\Base.SC2Data\GameData\EffectData.xml
HornerStunResistanceAB	CEffectApplyBehavior	mods/starcoop/starcoop.sc2mod/base.sc2data/gamedata/effectdata.xml	C:\Users\22448\Downloads\重生虫心0.71汉化版（新）\reborn_workrepo\合作指挥官版起义狂潮\Mods\XM\XMAlarak.SC2Mod\Base.SC2Data\GameData\EffectData.xml
ImmortalTaldarimWeaponDamage	CEffectDamage	mods/starcoop/starcoop.sc2mod/base.sc2data/gamedata/effectdata.xml	C:\Users\22448\Downloads\重生虫心0.71汉化版（新）\reborn_workrepo\合作指挥官版起义狂潮\Mods\XM\XMAlarak.SC2Mod\Base.SC2Data\GameData\EffectData.xml
InterceptorAiurLaunchUpgradedPersistent	CEffectCreatePersistent	mods/starcoop/starcoop.sc2mod/base.sc2data/gamedata/effectdata.xml	C:\Users\22448\Downloads\重生虫心0.71汉化版（新）\reborn_workrepo\合作指挥官版起义狂潮\Mods\XM\XMAlarak.SC2Mod\Base.SC2Data\GameData\EffectData.xml
KerriganReviveHeal	CEffectSet	mods/starcoop/starcoop.sc2mod/base.sc2data/gamedata/effectdata.xml	C:\Users\22448\Downloads\重生虫心0.71汉化版（新）\reborn_workrepo\合作指挥官版起义狂潮\Mods\XM\XMAlarak.SC2Mod\Base.SC2Data\GameData\EffectData.xml
LegionnairePsiBlades	CEffectDamage	mods/starcoop/starcoop.sc2mod/base.sc2data/gamedata/effectdata.xml	C:\Users\22448\Downloads\重生虫心0.71汉化版（新）\reborn_workrepo\合作指挥官版起义狂潮\Mods\XM\XMAlarak.SC2Mod\Base.SC2Data\GameData\EffectData.xml
LegionnairePsiBladesBurst	CEffectCreatePersistent	mods/starcoop/starcoop.sc2mod/base.sc2data/gamedata/effectdata.xml	C:\Users\22448\Downloads\重生虫心0.71汉化版（新）\reborn_workrepo\合作指挥官版起义狂潮\Mods\XM\XMAlarak.SC2Mod\Base.SC2Data\GameData\EffectData.xml
MapObjectInteract	CEffectSwitch	mods/starcoop/starcoop.sc2mod/base.sc2data/gamedata/effectdata.xml	C:\Users\22448\Downloads\重生虫心0.71汉化版（新）\reborn_workrepo\合作指挥官版起义狂潮\Mods\XM\XMAlarak.SC2Mod\Base.SC2Data\GameData\EffectData.xml
MasteryAbathurToxicNestRespawn	CEffectCreateUnit	mods/starcoop/starcoop.sc2mod/base.sc2data/gamedata/effectdata.xml	C:\Users\22448\Downloads\重生虫心0.71汉化版（新）\reborn_workrepo\合作指挥官版起义狂潮\Mods\XM\XMAlarak.SC2Mod\Base.SC2Data\GameData\EffectData.xml
MasteryAlarakAutoAttackDamageDisplayDummy	CEffectDamage	mods/starcoop/starcoop.sc2mod/base.sc2data/gamedata/effectdata.xml	C:\Users\22448\Downloads\重生虫心0.71汉化版（新）\reborn_workrepo\合作指挥官版起义狂潮\Mods\XM\XMAlarak.SC2Mod\Base.SC2Data\GameData\EffectData.xml
MasteryAlarakChronoBoostDisplayDummy	CEffectDamage	mods/starcoop/starcoop.sc2mod/base.sc2data/gamedata/effectdata.xml	C:\Users\22448\Downloads\重生虫心0.71汉化版（新）\reborn_workrepo\合作指挥官版起义狂潮\Mods\XM\XMAlarak.SC2Mod\Base.SC2Data\GameData\EffectData.xml
MasteryAlarakCocoonTimerDisplayDummy	CEffectDamage	mods/starcoop/starcoop.sc2mod/base.sc2data/gamedata/effectdata.xml	C:\Users\22448\Downloads\重生虫心0.71汉化版（新）\reborn_workrepo\合作指挥官版起义狂潮\Mods\XM\XMAlarak.SC2Mod\Base.SC2Data\GameData\EffectData.xml
MasteryAlarakDeathFleetCDRDisplayDummy	CEffectDamage	mods/starcoop/starcoop.sc2mod/base.sc2data/gamedata/effectdata.xml	C:\Users\22448\Downloads\重生虫心0.71汉化版（新）\reborn_workrepo\合作指挥官版起义狂潮\Mods\XM\XMAlarak.SC2Mod\Base.SC2Data\GameData\EffectData.xml
MasteryAlarakEmpowerMeSlavesDurationDisplayDummy	CEffectDamage	mods/starcoop/starcoop.sc2mod/base.sc2data/gamedata/effectdata.xml	C:\Users\22448\Downloads\重生虫心0.71汉化版（新）\reborn_workrepo\合作指挥官版起义狂潮\Mods\XM\XMAlarak.SC2Mod\Base.SC2Data\GameData\EffectData.xml
MasteryAlarakStructureOverchargeDamageDisplayDummy	CEffectDamage	mods/starcoop/starcoop.sc2mod/base.sc2data/gamedata/effectdata.xml	C:\Users\22448\Downloads\重生虫心0.71汉化版（新）\reborn_workrepo\合作指挥官版起义狂潮\Mods\XM\XMAlarak.SC2Mod\Base.SC2Data\GameData\EffectData.xml
MasteryAlarakStructureOverchargeDamageDisplayDummyPercent	CEffectDamage	mods/starcoop/starcoop.sc2mod/base.sc2data/gamedata/effectdata.xml	C:\Users\22448\Downloads\重生虫心0.71汉化版（新）\reborn_workrepo\合作指挥官版起义狂潮\Mods\XM\XMAlarak.SC2Mod\Base.SC2Data\GameData\EffectData.xml
MasteryAlarakUnitAttackSpeedDisplayDummy	CEffectDamage	mods/starcoop/starcoop.sc2mod/base.sc2data/gamedata/effectdata.xml	C:\Users\22448\Downloads\重生虫心0.71汉化版（新）\reborn_workrepo\合作指挥官版起义狂潮\Mods\XM\XMAlarak.SC2Mod\Base.SC2Data\GameData\EffectData.xml
MasteryNovaArmyOOCRegenSpeedAB	CEffectApplyBehavior	mods/starcoop/starcoop.sc2mod/base.sc2data/gamedata/effectdata.xml	C:\Users\22448\Downloads\重生虫心0.71汉化版（新）\reborn_workrepo\合作指挥官版起义狂潮\Mods\XM\XMAlarak.SC2Mod\Base.SC2Data\GameData\EffectData.xml
MothershipMassRecallSearch	CEffectEnumArea	mods/starcoop/starcoop.sc2mod/base.sc2data/gamedata/effectdata.xml	C:\Users\22448\Downloads\重生虫心0.71汉化版（新）\reborn_workrepo\合作指挥官版起义狂潮\Mods\XM\XMAlarak.SC2Mod\Base.SC2Data\GameData\EffectData.xml
MutatorRemoveWorkerSleep	CEffectRemoveBehavior	mods/starcoop/starcoop.sc2mod/base.sc2data/gamedata/effectdata.xml	C:\Users\22448\Downloads\重生虫心0.71汉化版（新）\reborn_workrepo\合作指挥官版起义狂潮\Mods\XM\XMAlarak.SC2Mod\Base.SC2Data\GameData\EffectData.xml
NoScrapDropAB	CEffectApplyBehavior	mods/starcoop/starcoop.sc2mod/base.sc2data/gamedata/effectdata.xml	C:\Users\22448\Downloads\重生虫心0.71汉化版（新）\reborn_workrepo\合作指挥官版起义狂潮\Mods\XM\XMAlarak.SC2Mod\Base.SC2Data\GameData\EffectData.xml
NovaStunResistanceAB	CEffectApplyBehavior	mods/starcoop/starcoop.sc2mod/base.sc2data/gamedata/effectdata.xml	C:\Users\22448\Downloads\重生虫心0.71汉化版（新）\reborn_workrepo\合作指挥官版起义狂潮\Mods\XM\XMAlarak.SC2Mod\Base.SC2Data\GameData\EffectData.xml
NovaWeaponCanisterRifle	CEffectDamage	mods/starcoop/starcoop.sc2mod/base.sc2data/gamedata/effectdata.xml	C:\Users\22448\Downloads\重生虫心0.71汉化版（新）\reborn_workrepo\合作指挥官版起义狂潮\Mods\XM\XMAlarak.SC2Mod\Base.SC2Data\GameData\EffectData.xml
NovaWeaponHellfireShotgun	CEffectDamage	mods/starcoop/starcoop.sc2mod/base.sc2data/gamedata/effectdata.xml	C:\Users\22448\Downloads\重生虫心0.71汉化版（新）\reborn_workrepo\合作指挥官版起义狂潮\Mods\XM\XMAlarak.SC2Mod\Base.SC2Data\GameData\EffectData.xml
OnDeathControllerDeathPrevent	CEffectSwitch	mods/starcoop/starcoop.sc2mod/base.sc2data/gamedata/effectdata.xml	C:\Users\22448\Downloads\重生虫心0.71汉化版（新）\reborn_workrepo\合作指挥官版起义狂潮\Mods\XM\XMAlarak.SC2Mod\Base.SC2Data\GameData\EffectData.xml
OnDeathControllerDeathPreventAB	CEffectApplyBehavior	mods/starcoop/starcoop.sc2mod/base.sc2data/gamedata/effectdata.xml	C:\Users\22448\Downloads\重生虫心0.71汉化版（新）\reborn_workrepo\合作指挥官版起义狂潮\Mods\XM\XMAlarak.SC2Mod\Base.SC2Data\GameData\EffectData.xml
ParticleDisruptors	CEffectLaunchMissile	mods/starcoop/starcoop.sc2mod/base.sc2data/gamedata/effectdata.xml	C:\Users\22448\Downloads\重生虫心0.71汉化版（新）\reborn_workrepo\合作指挥官版起义狂潮\Mods\XM\XMAlarak.SC2Mod\Base.SC2Data\GameData\EffectData.xml
ParticleDisruptorsU	CEffectDamage	mods/starcoop/starcoop.sc2mod/base.sc2data/gamedata/effectdata.xml	C:\Users\22448\Downloads\重生虫心0.71汉化版（新）\reborn_workrepo\合作指挥官版起义狂潮\Mods\XM\XMAlarak.SC2Mod\Base.SC2Data\GameData\EffectData.xml
PhaseBlinkDamageAB	CEffectApplyBehavior	mods/starcoop/starcoop.sc2mod/base.sc2data/gamedata/effectdata.xml	C:\Users\22448\Downloads\重生虫心0.71汉化版（新）\reborn_workrepo\合作指挥官版起义狂潮\Mods\XM\XMAlarak.SC2Mod\Base.SC2Data\GameData\EffectData.xml
PhaseBlinkDamageRB	CEffectRemoveBehavior	mods/starcoop/starcoop.sc2mod/base.sc2data/gamedata/effectdata.xml	C:\Users\22448\Downloads\重生虫心0.71汉化版（新）\reborn_workrepo\合作指挥官版起义狂潮\Mods\XM\XMAlarak.SC2Mod\Base.SC2Data\GameData\EffectData.xml
PhaseBlinkSet	CEffectSet	mods/starcoop/starcoop.sc2mod/base.sc2data/gamedata/effectdata.xml	C:\Users\22448\Downloads\重生虫心0.71汉化版（新）\reborn_workrepo\合作指挥官版起义狂潮\Mods\XM\XMAlarak.SC2Mod\Base.SC2Data\GameData\EffectData.xml
PortToMyCenter	CEffectSet	mods/starcoop/starcoop.sc2mod/base.sc2data/gamedata/effectdata.xml	C:\Users\22448\Downloads\重生虫心0.71汉化版（新）\reborn_workrepo\合作指挥官版起义狂潮\Mods\XM\XMAlarak.SC2Mod\Base.SC2Data\GameData\EffectData.xml
PrimalSlashInitialSet	CEffectSet	mods/starcoop/starcoop.sc2mod/base.sc2data/gamedata/effectdata.xml	C:\Users\22448\Downloads\重生虫心0.71汉化版（新）\reborn_workrepo\合作指挥官版起义狂潮\Mods\XM\XMAlarak.SC2Mod\Base.SC2Data\GameData\EffectData.xml
PsiBlades	CEffectDamage	mods/starcoop/starcoop.sc2mod/base.sc2data/gamedata/effectdata.xml	C:\Users\22448\Downloads\重生虫心0.71汉化版（新）\reborn_workrepo\合作指挥官版起义狂潮\Mods\XM\XMAlarak.SC2Mod\Base.SC2Data\GameData\EffectData.xml
QueenMPEnsnareSearch	CEffectEnumArea	mods/starcoop/starcoop.sc2mod/base.sc2data/gamedata/effectdata.xml	C:\Users\22448\Downloads\重生虫心0.71汉化版（新）\reborn_workrepo\合作指挥官版起义狂潮\Mods\XM\XMAlarak.SC2Mod\Base.SC2Data\GameData\EffectData.xml
RefundFullResource	CEffectModifyUnit	mods/starcoop/starcoop.sc2mod/base.sc2data/gamedata/effectdata.xml	C:\Users\22448\Downloads\重生虫心0.71汉化版（新）\reborn_workrepo\合作指挥官版起义狂潮\Mods\XM\XMAlarak.SC2Mod\Base.SC2Data\GameData\EffectData.xml
SamePlaceReviveSet	CEffectSet	mods/starcoop/starcoop.sc2mod/base.sc2data/gamedata/effectdata.xml	C:\Users\22448\Downloads\重生虫心0.71汉化版（新）\reborn_workrepo\合作指挥官版起义狂潮\Mods\XM\XMAlarak.SC2Mod\Base.SC2Data\GameData\EffectData.xml
ShadowGuardSpawnDelayAB	CEffectApplyBehavior	mods/starcoop/starcoop.sc2mod/base.sc2data/gamedata/effectdata.xml	C:\Users\22448\Downloads\重生虫心0.71汉化版（新）\reborn_workrepo\合作指挥官版起义狂潮\Mods\XM\XMAlarak.SC2Mod\Base.SC2Data\GameData\EffectData.xml
ShadowGuardSpawnDelayCP	CEffectCreatePersistent	mods/starcoop/starcoop.sc2mod/base.sc2data/gamedata/effectdata.xml	C:\Users\22448\Downloads\重生虫心0.71汉化版（新）\reborn_workrepo\合作指挥官版起义狂潮\Mods\XM\XMAlarak.SC2Mod\Base.SC2Data\GameData\EffectData.xml
ShieldBatteryStructureBarrierAB	CEffectApplyBehavior	mods/starcoop/starcoop.sc2mod/base.sc2data/gamedata/effectdata.xml	C:\Users\22448\Downloads\重生虫心0.71汉化版（新）\reborn_workrepo\合作指挥官版起义狂潮\Mods\XM\XMAlarak.SC2Mod\Base.SC2Data\GameData\EffectData.xml
ShieldsReviveHeal	CEffectModifyUnit	mods/starcoop/starcoop.sc2mod/base.sc2data/gamedata/effectdata.xml	C:\Users\22448\Downloads\重生虫心0.71汉化版（新）\reborn_workrepo\合作指挥官版起义狂潮\Mods\XM\XMAlarak.SC2Mod\Base.SC2Data\GameData\EffectData.xml
SlaynElementalGrabAOEImpactAirCU100	CEffectCreateUnit	mods/starcoop/starcoop.sc2mod/base.sc2data/gamedata/effectdata.xml	C:\Users\22448\Downloads\重生虫心0.71汉化版（新）\reborn_workrepo\合作指挥官版起义狂潮\Mods\XM\XMAlarak.SC2Mod\Base.SC2Data\GameData\EffectData.xml
SlaynElementalGrabAOEImpactAirCU125	CEffectCreateUnit	mods/starcoop/starcoop.sc2mod/base.sc2data/gamedata/effectdata.xml	C:\Users\22448\Downloads\重生虫心0.71汉化版（新）\reborn_workrepo\合作指挥官版起义狂潮\Mods\XM\XMAlarak.SC2Mod\Base.SC2Data\GameData\EffectData.xml
SlaynElementalGrabAOEImpactAirCU150	CEffectCreateUnit	mods/starcoop/starcoop.sc2mod/base.sc2data/gamedata/effectdata.xml	C:\Users\22448\Downloads\重生虫心0.71汉化版（新）\reborn_workrepo\合作指挥官版起义狂潮\Mods\XM\XMAlarak.SC2Mod\Base.SC2Data\GameData\EffectData.xml
SlaynElementalGrabAOEImpactAirCU175	CEffectCreateUnit	mods/starcoop/starcoop.sc2mod/base.sc2data/gamedata/effectdata.xml	C:\Users\22448\Downloads\重生虫心0.71汉化版（新）\reborn_workrepo\合作指挥官版起义狂潮\Mods\XM\XMAlarak.SC2Mod\Base.SC2Data\GameData\EffectData.xml
SlaynElementalGrabAOEImpactAirCU200	CEffectCreateUnit	mods/starcoop/starcoop.sc2mod/base.sc2data/gamedata/effectdata.xml	C:\Users\22448\Downloads\重生虫心0.71汉化版（新）\reborn_workrepo\合作指挥官版起义狂潮\Mods\XM\XMAlarak.SC2Mod\Base.SC2Data\GameData\EffectData.xml
SlaynElementalGrabAOEImpactAirCU225	CEffectCreateUnit	mods/starcoop/starcoop.sc2mod/base.sc2data/gamedata/effectdata.xml	C:\Users\22448\Downloads\重生虫心0.71汉化版（新）\reborn_workrepo\合作指挥官版起义狂潮\Mods\XM\XMAlarak.SC2Mod\Base.SC2Data\GameData\EffectData.xml
SlaynElementalGrabAOEImpactAirCU25	CEffectCreateUnit	mods/starcoop/starcoop.sc2mod/base.sc2data/gamedata/effectdata.xml	C:\Users\22448\Downloads\重生虫心0.71汉化版（新）\reborn_workrepo\合作指挥官版起义狂潮\Mods\XM\XMAlarak.SC2Mod\Base.SC2Data\GameData\EffectData.xml
SlaynElementalGrabAOEImpactAirCU250	CEffectCreateUnit	mods/starcoop/starcoop.sc2mod/base.sc2data/gamedata/effectdata.xml	C:\Users\22448\Downloads\重生虫心0.71汉化版（新）\reborn_workrepo\合作指挥官版起义狂潮\Mods\XM\XMAlarak.SC2Mod\Base.SC2Data\GameData\EffectData.xml
SlaynElementalGrabAOEImpactAirCU50	CEffectCreateUnit	mods/starcoop/starcoop.sc2mod/base.sc2data/gamedata/effectdata.xml	C:\Users\22448\Downloads\重生虫心0.71汉化版（新）\reborn_workrepo\合作指挥官版起义狂潮\Mods\XM\XMAlarak.SC2Mod\Base.SC2Data\GameData\EffectData.xml
SlaynElementalGrabAOEImpactAirCU75	CEffectCreateUnit	mods/starcoop/starcoop.sc2mod/base.sc2data/gamedata/effectdata.xml	C:\Users\22448\Downloads\重生虫心0.71汉化版（新）\reborn_workrepo\合作指挥官版起义狂潮\Mods\XM\XMAlarak.SC2Mod\Base.SC2Data\GameData\EffectData.xml
SlaynElementalGrabAOEImpactAirCUSwitch	CEffectSwitch	mods/starcoop/starcoop.sc2mod/base.sc2data/gamedata/effectdata.xml	C:\Users\22448\Downloads\重生虫心0.71汉化版（新）\reborn_workrepo\合作指挥官版起义狂潮\Mods\XM\XMAlarak.SC2Mod\Base.SC2Data\GameData\EffectData.xml
SlaynElementalGrabAOEImpactCP	CEffectCreatePersistent	mods/starcoop/starcoop.sc2mod/base.sc2data/gamedata/effectdata.xml	C:\Users\22448\Downloads\重生虫心0.71汉化版（新）\reborn_workrepo\合作指挥官版起义狂潮\Mods\XM\XMAlarak.SC2Mod\Base.SC2Data\GameData\EffectData.xml
SlaynElementalGrabAOEImpactGroundCU100	CEffectCreateUnit	mods/starcoop/starcoop.sc2mod/base.sc2data/gamedata/effectdata.xml	C:\Users\22448\Downloads\重生虫心0.71汉化版（新）\reborn_workrepo\合作指挥官版起义狂潮\Mods\XM\XMAlarak.SC2Mod\Base.SC2Data\GameData\EffectData.xml
SlaynElementalGrabAOEImpactGroundCU125	CEffectCreateUnit	mods/starcoop/starcoop.sc2mod/base.sc2data/gamedata/effectdata.xml	C:\Users\22448\Downloads\重生虫心0.71汉化版（新）\reborn_workrepo\合作指挥官版起义狂潮\Mods\XM\XMAlarak.SC2Mod\Base.SC2Data\GameData\EffectData.xml
SlaynElementalGrabAOEImpactGroundCU150	CEffectCreateUnit	mods/starcoop/starcoop.sc2mod/base.sc2data/gamedata/effectdata.xml	C:\Users\22448\Downloads\重生虫心0.71汉化版（新）\reborn_workrepo\合作指挥官版起义狂潮\Mods\XM\XMAlarak.SC2Mod\Base.SC2Data\GameData\EffectData.xml
SlaynElementalGrabAOEImpactGroundCU175	CEffectCreateUnit	mods/starcoop/starcoop.sc2mod/base.sc2data/gamedata/effectdata.xml	C:\Users\22448\Downloads\重生虫心0.71汉化版（新）\reborn_workrepo\合作指挥官版起义狂潮\Mods\XM\XMAlarak.SC2Mod\Base.SC2Data\GameData\EffectData.xml
SlaynElementalGrabAOEImpactGroundCU200	CEffectCreateUnit	mods/starcoop/starcoop.sc2mod/base.sc2data/gamedata/effectdata.xml	C:\Users\22448\Downloads\重生虫心0.71汉化版（新）\reborn_workrepo\合作指挥官版起义狂潮\Mods\XM\XMAlarak.SC2Mod\Base.SC2Data\GameData\EffectData.xml
SlaynElementalGrabAOEImpactGroundCU225	CEffectCreateUnit	mods/starcoop/starcoop.sc2mod/base.sc2data/gamedata/effectdata.xml	C:\Users\22448\Downloads\重生虫心0.71汉化版（新）\reborn_workrepo\合作指挥官版起义狂潮\Mods\XM\XMAlarak.SC2Mod\Base.SC2Data\GameData\EffectData.xml
SlaynElementalGrabAOEImpactGroundCU25	CEffectCreateUnit	mods/starcoop/starcoop.sc2mod/base.sc2data/gamedata/effectdata.xml	C:\Users\22448\Downloads\重生虫心0.71汉化版（新）\reborn_workrepo\合作指挥官版起义狂潮\Mods\XM\XMAlarak.SC2Mod\Base.SC2Data\GameData\EffectData.xml
SlaynElementalGrabAOEImpactGroundCU250	CEffectCreateUnit	mods/starcoop/starcoop.sc2mod/base.sc2data/gamedata/effectdata.xml	C:\Users\22448\Downloads\重生虫心0.71汉化版（新）\reborn_workrepo\合作指挥官版起义狂潮\Mods\XM\XMAlarak.SC2Mod\Base.SC2Data\GameData\EffectData.xml
SlaynElementalGrabAOEImpactGroundCU50	CEffectCreateUnit	mods/starcoop/starcoop.sc2mod/base.sc2data/gamedata/effectdata.xml	C:\Users\22448\Downloads\重生虫心0.71汉化版（新）\reborn_workrepo\合作指挥官版起义狂潮\Mods\XM\XMAlarak.SC2Mod\Base.SC2Data\GameData\EffectData.xml
SlaynElementalGrabAOEImpactGroundCU75	CEffectCreateUnit	mods/starcoop/starcoop.sc2mod/base.sc2data/gamedata/effectdata.xml	C:\Users\22448\Downloads\重生虫心0.71汉化版（新）\reborn_workrepo\合作指挥官版起义狂潮\Mods\XM\XMAlarak.SC2Mod\Base.SC2Data\GameData\EffectData.xml
SlaynElementalGrabAOEImpactGroundCUColossi	CEffectCreateUnit	mods/starcoop/starcoop.sc2mod/base.sc2data/gamedata/effectdata.xml	C:\Users\22448\Downloads\重生虫心0.71汉化版（新）\reborn_workrepo\合作指挥官版起义狂潮\Mods\XM\XMAlarak.SC2Mod\Base.SC2Data\GameData\EffectData.xml
SlaynElementalGrabAOEImpactGroundCUMonolith	CEffectCreateUnit	mods/starcoop/starcoop.sc2mod/base.sc2data/gamedata/effectdata.xml	C:\Users\22448\Downloads\重生虫心0.71汉化版（新）\reborn_workrepo\合作指挥官版起义狂潮\Mods\XM\XMAlarak.SC2Mod\Base.SC2Data\GameData\EffectData.xml
SlaynElementalGrabAOEImpactGroundCUSwitch	CEffectSwitch	mods/starcoop/starcoop.sc2mod/base.sc2data/gamedata/effectdata.xml	C:\Users\22448\Downloads\重生虫心0.71汉化版（新）\reborn_workrepo\合作指挥官版起义狂潮\Mods\XM\XMAlarak.SC2Mod\Base.SC2Data\GameData\EffectData.xml
SlaynElementalGrabAOELM	CEffectLaunchMissile	mods/starcoop/starcoop.sc2mod/base.sc2data/gamedata/effectdata.xml	C:\Users\22448\Downloads\重生虫心0.71汉化版（新）\reborn_workrepo\合作指挥官版起义狂潮\Mods\XM\XMAlarak.SC2Mod\Base.SC2Data\GameData\EffectData.xml
SlaynElementalGrabImpactAOESwitch	CEffectSwitch	mods/starcoop/starcoop.sc2mod/base.sc2data/gamedata/effectdata.xml	C:\Users\22448\Downloads\重生虫心0.71汉化版（新）\reborn_workrepo\合作指挥官版起义狂潮\Mods\XM\XMAlarak.SC2Mod\Base.SC2Data\GameData\EffectData.xml
SOAMapWideChronoPassiveTarget	CEffectApplyBehavior	mods/starcoop/starcoop.sc2mod/base.sc2data/gamedata/effectdata.xml	C:\Users\22448\Downloads\重生虫心0.71汉化版（新）\reborn_workrepo\合作指挥官版起义狂潮\Mods\XM\XMAlarak.SC2Mod\Base.SC2Data\GameData\EffectData.xml
SOAPylonPower	CEffectSet	mods/starcoop/starcoop.sc2mod/base.sc2data/gamedata/effectdata.xml	C:\Users\22448\Downloads\重生虫心0.71汉化版（新）\reborn_workrepo\合作指挥官版起义狂潮\Mods\XM\XMAlarak.SC2Mod\Base.SC2Data\GameData\EffectData.xml
SoulAbsorptionLM	CEffectLaunchMissile	mods/starcoop/starcoop.sc2mod/base.sc2data/gamedata/effectdata.xml	C:\Users\22448\Downloads\重生虫心0.71汉化版（新）\reborn_workrepo\合作指挥官版起义狂潮\Mods\XM\XMAlarak.SC2Mod\Base.SC2Data\GameData\EffectData.xml
SuplicantWarpCancel	CEffectIssueOrder	mods/starcoop/starcoop.sc2mod/base.sc2data/gamedata/effectdata.xml	C:\Users\22448\Downloads\重生虫心0.71汉化版（新）\reborn_workrepo\合作指挥官版起义狂潮\Mods\XM\XMAlarak.SC2Mod\Base.SC2Data\GameData\EffectData.xml
SupplicantBirth	CEffectSet	mods/starcoop/starcoop.sc2mod/base.sc2data/gamedata/effectdata.xml	C:\Users\22448\Downloads\重生虫心0.71汉化版（新）\reborn_workrepo\合作指挥官版起义狂潮\Mods\XM\XMAlarak.SC2Mod\Base.SC2Data\GameData\EffectData.xml
SupplicantDamage	CEffectDamage	mods/starcoop/starcoop.sc2mod/base.sc2data/gamedata/effectdata.xml	C:\Users\22448\Downloads\重生虫心0.71汉化版（新）\reborn_workrepo\合作指挥官版起义狂潮\Mods\XM\XMAlarak.SC2Mod\Base.SC2Data\GameData\EffectData.xml
SupplicantLM	CEffectLaunchMissile	mods/starcoop/starcoop.sc2mod/base.sc2data/gamedata/effectdata.xml	C:\Users\22448\Downloads\重生虫心0.71汉化版（新）\reborn_workrepo\合作指挥官版起义狂潮\Mods\XM\XMAlarak.SC2Mod\Base.SC2Data\GameData\EffectData.xml
SupplicantWarpPowerCheck	CEffectApplyBehavior	mods/starcoop/starcoop.sc2mod/base.sc2data/gamedata/effectdata.xml	C:\Users\22448\Downloads\重生虫心0.71汉化版（新）\reborn_workrepo\合作指挥官版起义狂潮\Mods\XM\XMAlarak.SC2Mod\Base.SC2Data\GameData\EffectData.xml
SwarmHostFakeWeapon	CEffectSet	mods/starcoop/starcoop.sc2mod/base.sc2data/gamedata/effectdata.xml	C:\Users\22448\Downloads\重生虫心0.71汉化版（新）\reborn_workrepo\合作指挥官版起义狂潮\Mods\XM\XMAlarak.SC2Mod\Base.SC2Data\GameData\EffectData.xml
TerrazineHarvesterExtract	CEffectCreatePersistent	mods/starcoop/starcoop.sc2mod/base.sc2data/gamedata/effectdata.xml	C:\Users\22448\Downloads\重生虫心0.71汉化版（新）\reborn_workrepo\合作指挥官版起义狂潮\Mods\XM\XMAlarak.SC2Mod\Base.SC2Data\GameData\EffectData.xml
TheHornersStatUpdate	CEffectSet	mods/starcoop/starcoop.sc2mod/base.sc2data/gamedata/effectdata.xml	C:\Users\22448\Downloads\重生虫心0.71汉化版（新）\reborn_workrepo\合作指挥官版起义狂潮\Mods\XM\XMAlarak.SC2Mod\Base.SC2Data\GameData\EffectData.xml
TimedLifeFate	CEffectDamage	mods/starcoop/starcoop.sc2mod/base.sc2data/gamedata/effectdata.xml	C:\Users\22448\Downloads\重生虫心0.71汉化版（新）\reborn_workrepo\合作指挥官版起义狂潮\Mods\XM\XMAlarak.SC2Mod\Base.SC2Data\GameData\EffectData.xml
TimeStopHasteAB	CEffectApplyBehavior	mods/starcoop/starcoop.sc2mod/base.sc2data/gamedata/effectdata.xml	C:\Users\22448\Downloads\重生虫心0.71汉化版（新）\reborn_workrepo\合作指挥官版起义狂潮\Mods\XM\XMAlarak.SC2Mod\Base.SC2Data\GameData\EffectData.xml
ToxicNestExplodeSet	CEffectSet	mods/starcoop/starcoop.sc2mod/base.sc2data/gamedata/effectdata.xml	C:\Users\22448\Downloads\重生虫心0.71汉化版（新）\reborn_workrepo\合作指挥官版起义狂潮\Mods\XM\XMAlarak.SC2Mod\Base.SC2Data\GameData\EffectData.xml
UnitKnockbackBy2	CEffectCreateUnit	mods/starcoop/starcoop.sc2mod/base.sc2data/gamedata/effectdata.xml	C:\Users\22448\Downloads\重生虫心0.71汉化版（新）\reborn_workrepo\合作指挥官版起义狂潮\Mods\XM\XMAlarak.SC2Mod\Base.SC2Data\GameData\EffectData.xml
UnityBarrierAB	CEffectApplyBehavior	mods/starcoop/starcoop.sc2mod/base.sc2data/gamedata/effectdata.xml	C:\Users\22448\Downloads\重生虫心0.71汉化版（新）\reborn_workrepo\合作指挥官版起义狂潮\Mods\XM\XMAlarak.SC2Mod\Base.SC2Data\GameData\EffectData.xml
UnityBarrierBootstrapper	CEffectSet	mods/starcoop/starcoop.sc2mod/base.sc2data/gamedata/effectdata.xml	C:\Users\22448\Downloads\重生虫心0.71汉化版（新）\reborn_workrepo\合作指挥官版起义狂潮\Mods\XM\XMAlarak.SC2Mod\Base.SC2Data\GameData\EffectData.xml
Upgrade	CEffectModifyPlayer	mods/starcoop/starcoop.sc2mod/base.sc2data/gamedata/effectdata.xml	C:\Users\22448\Downloads\重生虫心0.71汉化版（新）\reborn_workrepo\合作指挥官版起义狂潮\Mods\XM\XMAlarak.SC2Mod\Base.SC2Data\GameData\EffectData.xml
VoidSentryBlackHoleSearch	CEffectEnumArea	mods/starcoop/starcoop.sc2mod/base.sc2data/gamedata/effectdata.xml	C:\Users\22448\Downloads\重生虫心0.71汉化版（新）\reborn_workrepo\合作指挥官版起义狂潮\Mods\XM\XMAlarak.SC2Mod\Base.SC2Data\GameData\EffectData.xml
VorazunCloakDamageBoostPermanentAB	CEffectApplyBehavior	mods/starcoop/starcoop.sc2mod/base.sc2data/gamedata/effectdata.xml	C:\Users\22448\Downloads\重生虫心0.71汉化版（新）\reborn_workrepo\合作指挥官版起义狂潮\Mods\XM\XMAlarak.SC2Mod\Base.SC2Data\GameData\EffectData.xml
WarpGateAutoCastDisabler	CEffectApplyBehavior	mods/starcoop/starcoop.sc2mod/base.sc2data/gamedata/effectdata.xml	C:\Users\22448\Downloads\重生虫心0.71汉化版（新）\reborn_workrepo\合作指挥官版起义狂潮\Mods\XM\XMAlarak.SC2Mod\Base.SC2Data\GameData\EffectData.xml
WarpGateAutoCastOff	CEffectIssueOrder	mods/starcoop/starcoop.sc2mod/base.sc2data/gamedata/effectdata.xml	C:\Users\22448\Downloads\重生虫心0.71汉化版（新）\reborn_workrepo\合作指挥官版起义狂潮\Mods\XM\XMAlarak.SC2Mod\Base.SC2Data\GameData\EffectData.xml
WarpPrismTaldarimWeaponDamage	CEffectDamage	mods/starcoop/starcoop.sc2mod/base.sc2data/gamedata/effectdata.xml	C:\Users\22448\Downloads\重生虫心0.71汉化版（新）\reborn_workrepo\合作指挥官版起义狂潮\Mods\XM\XMAlarak.SC2Mod\Base.SC2Data\GameData\EffectData.xml
WarpPrismTaldarimWeaponLaunch	CEffectLaunchMissile	mods/starcoop/starcoop.sc2mod/base.sc2data/gamedata/effectdata.xml	C:\Users\22448\Downloads\重生虫心0.71汉化版（新）\reborn_workrepo\合作指挥官版起义狂潮\Mods\XM\XMAlarak.SC2Mod\Base.SC2Data\GameData\EffectData.xml
ZagaraSuicideDamage	CEffectDamage	mods/starcoop/starcoop.sc2mod/base.sc2data/gamedata/effectdata.xml	C:\Users\22448\Downloads\重生虫心0.71汉化版（新）\reborn_workrepo\合作指挥官版起义狂潮\Mods\XM\XMAlarak.SC2Mod\Base.SC2Data\GameData\EffectData.xml
DehakaCoopReviveCocoon	CFootprint	mods/starcoop/starcoop.sc2mod/base.sc2data/gamedata/footprintdata.xml	C:\Users\22448\Downloads\重生虫心0.71汉化版（新）\reborn_workrepo\合作指挥官版起义狂潮\Mods\XM\XMAlarak.SC2Mod\Base.SC2Data\GameData\footprintdata.xml
Footprint3x3CreepNormal	CFootprint	mods/starcoop/starcoop.sc2mod/base.sc2data/gamedata/footprintdata.xml	C:\Users\22448\Downloads\重生虫心0.71汉化版（新）\reborn_workrepo\合作指挥官版起义狂潮\Mods\XM\XMAlarak.SC2Mod\Base.SC2Data\GameData\footprintdata.xml
Footprint3x3CreepNormalContour	CFootprint	mods/starcoop/starcoop.sc2mod/base.sc2data/gamedata/footprintdata.xml	C:\Users\22448\Downloads\重生虫心0.71汉化版（新）\reborn_workrepo\合作指挥官版起义狂潮\Mods\XM\XMAlarak.SC2Mod\Base.SC2Data\GameData\footprintdata.xml
Footprint4x4ContourCreepNormalContour	CFootprint	mods/starcoop/starcoop.sc2mod/base.sc2data/gamedata/footprintdata.xml	C:\Users\22448\Downloads\重生虫心0.71汉化版（新）\reborn_workrepo\合作指挥官版起义狂潮\Mods\XM\XMAlarak.SC2Mod\Base.SC2Data\GameData\footprintdata.xml
Footprint4x4CreepNormal	CFootprint	mods/starcoop/starcoop.sc2mod/base.sc2data/gamedata/footprintdata.xml	C:\Users\22448\Downloads\重生虫心0.71汉化版（新）\reborn_workrepo\合作指挥官版起义狂潮\Mods\XM\XMAlarak.SC2Mod\Base.SC2Data\GameData\footprintdata.xml
Footprint4x4CreepSourceGrownUpgradedDouble	CFootprint	mods/starcoop/starcoop.sc2mod/base.sc2data/gamedata/footprintdata.xml	C:\Users\22448\Downloads\重生虫心0.71汉化版（新）\reborn_workrepo\合作指挥官版起义狂潮\Mods\XM\XMAlarak.SC2Mod\Base.SC2Data\GameData\footprintdata.xml
SupplicantWarptrainDualPlacement	CFootprint	mods/starcoop/starcoop.sc2mod/base.sc2data/gamedata/footprintdata.xml	C:\Users\22448\Downloads\重生虫心0.71汉化版（新）\reborn_workrepo\合作指挥官版起义狂潮\Mods\XM\XMAlarak.SC2Mod\Base.SC2Data\GameData\footprintdata.xml
UnfinishedDrakkenLaserDrillCoop	CFootprint	mods/starcoop/starcoop.sc2mod/base.sc2data/gamedata/footprintdata.xml	C:\Users\22448\Downloads\重生虫心0.71汉化版（新）\reborn_workrepo\合作指挥官版起义狂潮\Mods\XM\XMAlarak.SC2Mod\Base.SC2Data\GameData\footprintdata.xml
Carrier_Purifier_Collection_Clolarion_Portrait	CLight	mods/starcoop/starcoop.sc2mod/base.sc2data/gamedata/lightdata.xml	C:\Users\22448\Downloads\重生虫心0.71汉化版（新）\reborn_workrepo\合作指挥官版起义狂潮\Mods\XM\XMAlarak.SC2Mod\Base.SC2Data\GameData\lightdata.xml
FenixKaldalisZealotPortrait	CLight	mods/starcoop/starcoop.sc2mod/base.sc2data/gamedata/lightdata.xml	C:\Users\22448\Downloads\重生虫心0.71汉化版（新）\reborn_workrepo\合作指挥官版起义狂潮\Mods\XM\XMAlarak.SC2Mod\Base.SC2Data\GameData\lightdata.xml
FenixProbiusPortrait	CLight	mods/starcoop/starcoop.sc2mod/base.sc2data/gamedata/lightdata.xml	C:\Users\22448\Downloads\重生虫心0.71汉化版（新）\reborn_workrepo\合作指挥官版起义狂潮\Mods\XM\XMAlarak.SC2Mod\Base.SC2Data\GameData\lightdata.xml
FenixTaldarinImmortalPortrait	CLight	mods/starcoop/starcoop.sc2mod/base.sc2data/gamedata/lightdata.xml	C:\Users\22448\Downloads\重生虫心0.71汉化版（新）\reborn_workrepo\合作指挥官版起义狂潮\Mods\XM\XMAlarak.SC2Mod\Base.SC2Data\GameData\lightdata.xml
FenixTalisAdeptPortrait	CLight	mods/starcoop/starcoop.sc2mod/base.sc2data/gamedata/lightdata.xml	C:\Users\22448\Downloads\重生虫心0.71汉化版（新）\reborn_workrepo\合作指挥官版起义狂潮\Mods\XM\XMAlarak.SC2Mod\Base.SC2Data\GameData\lightdata.xml
Scout_Purifier_Collection_Mojo_Portrait	CLight	mods/starcoop/starcoop.sc2mod/base.sc2data/gamedata/lightdata.xml	C:\Users\22448\Downloads\重生虫心0.71汉化版（新）\reborn_workrepo\合作指挥官版起义狂潮\Mods\XM\XMAlarak.SC2Mod\Base.SC2Data\GameData\lightdata.xml
UnknownLight	CLight	mods/starcoop/starcoop.sc2mod/base.sc2data/gamedata/lightdata.xml	C:\Users\22448\Downloads\重生虫心0.71汉化版（新）\reborn_workrepo\合作指挥官版起义狂潮\Mods\XM\XMAlarak.SC2Mod\Base.SC2Data\GameData\lightdata.xml
AbathurPortraitEx3	CModel	mods/starcoop/starcoop.sc2mod/base.sc2data/gamedata/modeldata.xml	C:\Users\22448\Downloads\重生虫心0.71汉化版（新）\reborn_workrepo\合作指挥官版起义狂潮\Mods\XM\XMAlarak.SC2Mod\Base.SC2Data\GameData\ModelData.xml
AdeptFenix	CModel	mods/starcoop/starcoop.sc2mod/base.sc2data/gamedata/modeldata.xml	C:\Users\22448\Downloads\重生虫心0.71汉化版（新）\reborn_workrepo\合作指挥官版起义狂潮\Mods\XM\XMAlarak.SC2Mod\Base.SC2Data\GameData\ModelData.xml
Alarak_COOP	CModel	mods/starcoop/starcoop.sc2mod/base.sc2data/gamedata/modeldata.xml	C:\Users\22448\Downloads\重生虫心0.71汉化版（新）\reborn_workrepo\合作指挥官版起义狂潮\Mods\XM\XMAlarak.SC2Mod\Base.SC2Data\GameData\ModelData.xml
Alarak_COOP_AirAttack_Missile	CModel	mods/starcoop/starcoop.sc2mod/base.sc2data/gamedata/modeldata.xml	C:\Users\22448\Downloads\重生虫心0.71汉化版（新）\reborn_workrepo\合作指挥官版起义狂潮\Mods\XM\XMAlarak.SC2Mod\Base.SC2Data\GameData\ModelData.xml
Alarak_COOP_Empower_Beam	CModel	mods/starcoop/starcoop.sc2mod/base.sc2data/gamedata/modeldata.xml	C:\Users\22448\Downloads\重生虫心0.71汉化版（新）\reborn_workrepo\合作指挥官版起义狂潮\Mods\XM\XMAlarak.SC2Mod\Base.SC2Data\GameData\ModelData.xml
Alarak_COOP_Empower_Impact	CModel	mods/starcoop/starcoop.sc2mod/base.sc2data/gamedata/modeldata.xml	C:\Users\22448\Downloads\重生虫心0.71汉化版（新）\reborn_workrepo\合作指挥官版起义狂潮\Mods\XM\XMAlarak.SC2Mod\Base.SC2Data\GameData\ModelData.xml
Alarak_COOP_Empower_PowerUp	CModel	mods/starcoop/starcoop.sc2mod/base.sc2data/gamedata/modeldata.xml	C:\Users\22448\Downloads\重生虫心0.71汉化版（新）\reborn_workrepo\合作指挥官版起义狂潮\Mods\XM\XMAlarak.SC2Mod\Base.SC2Data\GameData\ModelData.xml
Alarak_COOP_LightningStrikes_Beam	CModel	mods/starcoop/starcoop.sc2mod/base.sc2data/gamedata/modeldata.xml	C:\Users\22448\Downloads\重生虫心0.71汉化版（新）\reborn_workrepo\合作指挥官版起义狂潮\Mods\XM\XMAlarak.SC2Mod\Base.SC2Data\GameData\ModelData.xml
Alarak_COOP_LightningStrikes_PowerUp	CModel	mods/starcoop/starcoop.sc2mod/base.sc2data/gamedata/modeldata.xml	C:\Users\22448\Downloads\重生虫心0.71汉化版（新）\reborn_workrepo\合作指挥官版起义狂潮\Mods\XM\XMAlarak.SC2Mod\Base.SC2Data\GameData\ModelData.xml
Alarak_COOP_RespawnBase	CModel	mods/starcoop/starcoop.sc2mod/base.sc2data/gamedata/modeldata.xml	C:\Users\22448\Downloads\重生虫心0.71汉化版（新）\reborn_workrepo\合作指挥官版起义狂潮\Mods\XM\XMAlarak.SC2Mod\Base.SC2Data\GameData\ModelData.xml
Alarak_COOP_Sacrifice_CDR	CModel	mods/starcoop/starcoop.sc2mod/base.sc2data/gamedata/modeldata.xml	C:\Users\22448\Downloads\重生虫心0.71汉化版（新）\reborn_workrepo\合作指挥官版起义狂潮\Mods\XM\XMAlarak.SC2Mod\Base.SC2Data\GameData\ModelData.xml
Alarak_COOP_Sacrifice_Impact	CModel	mods/starcoop/starcoop.sc2mod/base.sc2data/gamedata/modeldata.xml	C:\Users\22448\Downloads\重生虫心0.71汉化版（新）\reborn_workrepo\合作指挥官版起义狂潮\Mods\XM\XMAlarak.SC2Mod\Base.SC2Data\GameData\ModelData.xml
Alarak_COOP_Sacrifice_Missile	CModel	mods/starcoop/starcoop.sc2mod/base.sc2data/gamedata/modeldata.xml	C:\Users\22448\Downloads\重生虫心0.71汉化版（新）\reborn_workrepo\合作指挥官版起义狂潮\Mods\XM\XMAlarak.SC2Mod\Base.SC2Data\GameData\ModelData.xml
Alarak_COOP_Sacrifice_Missile_Impact	CModel	mods/starcoop/starcoop.sc2mod/base.sc2data/gamedata/modeldata.xml	C:\Users\22448\Downloads\重生虫心0.71汉化版（新）\reborn_workrepo\合作指挥官版起义狂潮\Mods\XM\XMAlarak.SC2Mod\Base.SC2Data\GameData\ModelData.xml
Alarak_COOP_Sacrifice_Missile_Impact_Small	CModel	mods/starcoop/starcoop.sc2mod/base.sc2data/gamedata/modeldata.xml	C:\Users\22448\Downloads\重生虫心0.71汉化版（新）\reborn_workrepo\合作指挥官版起义狂潮\Mods\XM\XMAlarak.SC2Mod\Base.SC2Data\GameData\ModelData.xml
Alarak_COOP_SoulAbsorption_Impact	CModel	mods/starcoop/starcoop.sc2mod/base.sc2data/gamedata/modeldata.xml	C:\Users\22448\Downloads\重生虫心0.71汉化版（新）\reborn_workrepo\合作指挥官版起义狂潮\Mods\XM\XMAlarak.SC2Mod\Base.SC2Data\GameData\ModelData.xml
Alarak_COOP_SoulAbsorption_Missile	CModel	mods/starcoop/starcoop.sc2mod/base.sc2data/gamedata/modeldata.xml	C:\Users\22448\Downloads\重生虫心0.71汉化版（新）\reborn_workrepo\合作指挥官版起义狂潮\Mods\XM\XMAlarak.SC2Mod\Base.SC2Data\GameData\ModelData.xml
AlarakAAAttackImpact	CModel	mods/starcoop/starcoop.sc2mod/base.sc2data/gamedata/modeldata.xml	C:\Users\22448\Downloads\重生虫心0.71汉化版（新）\reborn_workrepo\合作指挥官版起义狂潮\Mods\XM\XMAlarak.SC2Mod\Base.SC2Data\GameData\ModelData.xml
AlarakAABeam	CModel	mods/starcoop/starcoop.sc2mod/base.sc2data/gamedata/modeldata.xml	C:\Users\22448\Downloads\重生虫心0.71汉化版（新）\reborn_workrepo\合作指挥官版起义狂潮\Mods\XM\XMAlarak.SC2Mod\Base.SC2Data\GameData\ModelData.xml
AlarakAAWeapon	CModel	mods/starcoop/starcoop.sc2mod/base.sc2data/gamedata/modeldata.xml	C:\Users\22448\Downloads\重生虫心0.71汉化版（新）\reborn_workrepo\合作指挥官版起义狂潮\Mods\XM\XMAlarak.SC2Mod\Base.SC2Data\GameData\ModelData.xml
AlarakAttackSlow	CModel	mods/starcoop/starcoop.sc2mod/base.sc2data/gamedata/modeldata.xml	C:\Users\22448\Downloads\重生虫心0.71汉化版（新）\reborn_workrepo\合作指挥官版起义狂潮\Mods\XM\XMAlarak.SC2Mod\Base.SC2Data\GameData\ModelData.xml
AlarakAttackStun	CModel	mods/starcoop/starcoop.sc2mod/base.sc2data/gamedata/modeldata.xml	C:\Users\22448\Downloads\重生虫心0.71汉化版（新）\reborn_workrepo\合作指挥官版起义狂潮\Mods\XM\XMAlarak.SC2Mod\Base.SC2Data\GameData\ModelData.xml
AlarakEmpowerBubble	CModel	mods/starcoop/starcoop.sc2mod/base.sc2data/gamedata/modeldata.xml	C:\Users\22448\Downloads\重生虫心0.71汉化版（新）\reborn_workrepo\合作指挥官版起义狂潮\Mods\XM\XMAlarak.SC2Mod\Base.SC2Data\GameData\ModelData.xml
AlarakEx2PortraitAddition	CModel	mods/starcoop/starcoop.sc2mod/base.sc2data/gamedata/modeldata.xml	C:\Users\22448\Downloads\重生虫心0.71汉化版（新）\reborn_workrepo\合作指挥官版起义狂潮\Mods\XM\XMAlarak.SC2Mod\Base.SC2Data\GameData\ModelData.xml
AlarakLightningStrike	CModel	mods/starcoop/starcoop.sc2mod/base.sc2data/gamedata/modeldata.xml	C:\Users\22448\Downloads\重生虫心0.71汉化版（新）\reborn_workrepo\合作指挥官版起义狂潮\Mods\XM\XMAlarak.SC2Mod\Base.SC2Data\GameData\ModelData.xml
AlarakLightningStrikesAttackBeam	CModel	mods/starcoop/starcoop.sc2mod/base.sc2data/gamedata/modeldata.xml	C:\Users\22448\Downloads\重生虫心0.71汉化版（新）\reborn_workrepo\合作指挥官版起义狂潮\Mods\XM\XMAlarak.SC2Mod\Base.SC2Data\GameData\ModelData.xml
AlarakStalkerForceBlast	CModelFoliage	mods/starcoop/starcoop.sc2mod/base.sc2data/gamedata/modeldata.xml	C:\Users\22448\Downloads\重生虫心0.71汉化版（新）\reborn_workrepo\合作指挥官版起义狂潮\Mods\XM\XMAlarak.SC2Mod\Base.SC2Data\GameData\ModelData.xml
AlarakStructureOvercharge	CModel	mods/starcoop/starcoop.sc2mod/base.sc2data/gamedata/modeldata.xml	C:\Users\22448\Downloads\重生虫心0.71汉化版（新）\reborn_workrepo\合作指挥官版起义狂潮\Mods\XM\XMAlarak.SC2Mod\Base.SC2Data\GameData\ModelData.xml
AlarakStructureOverchargeAttackImpact	CModel	mods/starcoop/starcoop.sc2mod/base.sc2data/gamedata/modeldata.xml	C:\Users\22448\Downloads\重生虫心0.71汉化版（新）\reborn_workrepo\合作指挥官版起义狂潮\Mods\XM\XMAlarak.SC2Mod\Base.SC2Data\GameData\ModelData.xml
AlarakStructureOverchargeWeapon	CModel	mods/starcoop/starcoop.sc2mod/base.sc2data/gamedata/modeldata.xml	C:\Users\22448\Downloads\重生虫心0.71汉化版（新）\reborn_workrepo\合作指挥官版起义狂潮\Mods\XM\XMAlarak.SC2Mod\Base.SC2Data\GameData\ModelData.xml
AlarakTheStrongestSurviveSupplicantSacrificeDamage	CModel	mods/starcoop/starcoop.sc2mod/base.sc2data/gamedata/modeldata.xml	C:\Users\22448\Downloads\重生虫心0.71汉化版（新）\reborn_workrepo\合作指挥官版起义狂潮\Mods\XM\XMAlarak.SC2Mod\Base.SC2Data\GameData\ModelData.xml
AscendantSacrificeEffect	CModel	mods/starcoop/starcoop.sc2mod/base.sc2data/gamedata/modeldata.xml	C:\Users\22448\Downloads\重生虫心0.71汉化版（新）\reborn_workrepo\合作指挥官版起义狂潮\Mods\XM\XMAlarak.SC2Mod\Base.SC2Data\GameData\ModelData.xml
BileLauncherZagara	CModel	mods/starcoop/starcoop.sc2mod/base.sc2data/gamedata/modeldata.xml	C:\Users\22448\Downloads\重生虫心0.71汉化版（新）\reborn_workrepo\合作指挥官版起义狂潮\Mods\XM\XMAlarak.SC2Mod\Base.SC2Data\GameData\ModelData.xml
BlackHoleNoTaldarim	CModel	mods/starcoop/starcoop.sc2mod/base.sc2data/gamedata/modeldata.xml	C:\Users\22448\Downloads\重生虫心0.71汉化版（新）\reborn_workrepo\合作指挥官版起义狂潮\Mods\XM\XMAlarak.SC2Mod\Base.SC2Data\GameData\ModelData.xml
Carrier_Purifier_Collection_Clolarion_Portrait	CModel	mods/starcoop/starcoop.sc2mod/base.sc2data/gamedata/modeldata.xml	C:\Users\22448\Downloads\重生虫心0.71汉化版（新）\reborn_workrepo\合作指挥官版起义狂潮\Mods\XM\XMAlarak.SC2Mod\Base.SC2Data\GameData\ModelData.xml
ChargedBuster	CModel	mods/starcoop/starcoop.sc2mod/base.sc2data/gamedata/modeldata.xml	C:\Users\22448\Downloads\重生虫心0.71汉化版（新）\reborn_workrepo\合作指挥官版起义狂潮\Mods\XM\XMAlarak.SC2Mod\Base.SC2Data\GameData\ModelData.xml
Colossus_Purifier_Collection_Warbringer_Portrait	CModel	mods/starcoop/starcoop.sc2mod/base.sc2data/gamedata/modeldata.xml	C:\Users\22448\Downloads\重生虫心0.71汉化版（新）\reborn_workrepo\合作指挥官版起义狂潮\Mods\XM\XMAlarak.SC2Mod\Base.SC2Data\GameData\ModelData.xml
CommanderPrestigeTychusLoneWolf	CModel	mods/starcoop/starcoop.sc2mod/base.sc2data/gamedata/modeldata.xml	C:\Users\22448\Downloads\重生虫心0.71汉化版（新）\reborn_workrepo\合作指挥官版起义狂潮\Mods\XM\XMAlarak.SC2Mod\Base.SC2Data\GameData\ModelData.xml
CreepColony	CModel	mods/starcoop/starcoop.sc2mod/base.sc2data/gamedata/modeldata.xml	C:\Users\22448\Downloads\重生虫心0.71汉化版（新）\reborn_workrepo\合作指挥官版起义狂潮\Mods\XM\XMAlarak.SC2Mod\Base.SC2Data\GameData\ModelData.xml
DarkPylonWarpInSplat	CModel	mods/starcoop/starcoop.sc2mod/base.sc2data/gamedata/modeldata.xml	C:\Users\22448\Downloads\重生虫心0.71汉化版（新）\reborn_workrepo\合作指挥官版起义狂潮\Mods\XM\XMAlarak.SC2Mod\Base.SC2Data\GameData\ModelData.xml
DarkTemplarShakuras	CModel	mods/starcoop/starcoop.sc2mod/base.sc2data/gamedata/modeldata.xml	C:\Users\22448\Downloads\重生虫心0.71汉化版（新）\reborn_workrepo\合作指挥官版起义狂潮\Mods\XM\XMAlarak.SC2Mod\Base.SC2Data\GameData\ModelData.xml
DehakaCoopPortrait	CModel	mods/starcoop/starcoop.sc2mod/base.sc2data/gamedata/modeldata.xml	C:\Users\22448\Downloads\重生虫心0.71汉化版（新）\reborn_workrepo\合作指挥官版起义狂潮\Mods\XM\XMAlarak.SC2Mod\Base.SC2Data\GameData\ModelData.xml
FenixAltarOfPsiStorms	CModel	mods/starcoop/starcoop.sc2mod/base.sc2data/gamedata/modeldata.xml	C:\Users\22448\Downloads\重生虫心0.71汉化版（新）\reborn_workrepo\合作指挥官版起义狂潮\Mods\XM\XMAlarak.SC2Mod\Base.SC2Data\GameData\ModelData.xml
FenixAltarOfPsiStormsResearchAdept	CModel	mods/starcoop/starcoop.sc2mod/base.sc2data/gamedata/modeldata.xml	C:\Users\22448\Downloads\重生虫心0.71汉化版（新）\reborn_workrepo\合作指挥官版起义狂潮\Mods\XM\XMAlarak.SC2Mod\Base.SC2Data\GameData\ModelData.xml
FenixAltarOfPsiStormsResearchCarrier	CModel	mods/starcoop/starcoop.sc2mod/base.sc2data/gamedata/modeldata.xml	C:\Users\22448\Downloads\重生虫心0.71汉化版（新）\reborn_workrepo\合作指挥官版起义狂潮\Mods\XM\XMAlarak.SC2Mod\Base.SC2Data\GameData\ModelData.xml
FenixAltarOfPsiStormsResearchColossus	CModel	mods/starcoop/starcoop.sc2mod/base.sc2data/gamedata/modeldata.xml	C:\Users\22448\Downloads\重生虫心0.71汉化版（新）\reborn_workrepo\合作指挥官版起义狂潮\Mods\XM\XMAlarak.SC2Mod\Base.SC2Data\GameData\ModelData.xml
FenixAltarOfPsiStormsResearchImmortal	CModel	mods/starcoop/starcoop.sc2mod/base.sc2data/gamedata/modeldata.xml	C:\Users\22448\Downloads\重生虫心0.71汉化版（新）\reborn_workrepo\合作指挥官版起义狂潮\Mods\XM\XMAlarak.SC2Mod\Base.SC2Data\GameData\ModelData.xml
FenixAltarOfPsiStormsResearchScout	CModel	mods/starcoop/starcoop.sc2mod/base.sc2data/gamedata/modeldata.xml	C:\Users\22448\Downloads\重生虫心0.71汉化版（新）\reborn_workrepo\合作指挥官版起义狂潮\Mods\XM\XMAlarak.SC2Mod\Base.SC2Data\GameData\ModelData.xml
FenixAltarOfPsiStormsResearchZealot	CModel	mods/starcoop/starcoop.sc2mod/base.sc2data/gamedata/modeldata.xml	C:\Users\22448\Downloads\重生虫心0.71汉化版（新）\reborn_workrepo\合作指挥官版起义狂潮\Mods\XM\XMAlarak.SC2Mod\Base.SC2Data\GameData\ModelData.xml
FenixArbiter	CModel	mods/starcoop/starcoop.sc2mod/base.sc2data/gamedata/modeldata.xml	C:\Users\22448\Downloads\重生虫心0.71汉化版（新）\reborn_workrepo\合作指挥官版起义狂潮\Mods\XM\XMAlarak.SC2Mod\Base.SC2Data\GameData\ModelData.xml
FenixArbiterDeath	CModel	mods/starcoop/starcoop.sc2mod/base.sc2data/gamedata/modeldata.xml	C:\Users\22448\Downloads\重生虫心0.71汉化版（新）\reborn_workrepo\合作指挥官版起义狂潮\Mods\XM\XMAlarak.SC2Mod\Base.SC2Data\GameData\ModelData.xml
FenixArbiterPlacementModel	CModel	mods/starcoop/starcoop.sc2mod/base.sc2data/gamedata/modeldata.xml	C:\Users\22448\Downloads\重生虫心0.71汉化版（新）\reborn_workrepo\合作指挥官版起义狂潮\Mods\XM\XMAlarak.SC2Mod\Base.SC2Data\GameData\ModelData.xml
FenixArbiterWarpIn	CModel	mods/starcoop/starcoop.sc2mod/base.sc2data/gamedata/modeldata.xml	C:\Users\22448\Downloads\重生虫心0.71汉化版（新）\reborn_workrepo\合作指挥官版起义狂潮\Mods\XM\XMAlarak.SC2Mod\Base.SC2Data\GameData\ModelData.xml
FenixChampion	CModel	mods/starcoop/starcoop.sc2mod/base.sc2data/gamedata/modeldata.xml	C:\Users\22448\Downloads\重生虫心0.71汉化版（新）\reborn_workrepo\合作指挥官版起义狂潮\Mods\XM\XMAlarak.SC2Mod\Base.SC2Data\GameData\ModelData.xml
FenixChampionSwapImpactAdept	CModel	mods/starcoop/starcoop.sc2mod/base.sc2data/gamedata/modeldata.xml	C:\Users\22448\Downloads\重生虫心0.71汉化版（新）\reborn_workrepo\合作指挥官版起义狂潮\Mods\XM\XMAlarak.SC2Mod\Base.SC2Data\GameData\ModelData.xml
FenixChampionSwapImpactCarrier	CModel	mods/starcoop/starcoop.sc2mod/base.sc2data/gamedata/modeldata.xml	C:\Users\22448\Downloads\重生虫心0.71汉化版（新）\reborn_workrepo\合作指挥官版起义狂潮\Mods\XM\XMAlarak.SC2Mod\Base.SC2Data\GameData\ModelData.xml
FenixChampionSwapImpactColossus	CModel	mods/starcoop/starcoop.sc2mod/base.sc2data/gamedata/modeldata.xml	C:\Users\22448\Downloads\重生虫心0.71汉化版（新）\reborn_workrepo\合作指挥官版起义狂潮\Mods\XM\XMAlarak.SC2Mod\Base.SC2Data\GameData\ModelData.xml
FenixChampionSwapImpactImmortal	CModel	mods/starcoop/starcoop.sc2mod/base.sc2data/gamedata/modeldata.xml	C:\Users\22448\Downloads\重生虫心0.71汉化版（新）\reborn_workrepo\合作指挥官版起义狂潮\Mods\XM\XMAlarak.SC2Mod\Base.SC2Data\GameData\ModelData.xml
FenixChampionSwapImpactScout	CModel	mods/starcoop/starcoop.sc2mod/base.sc2data/gamedata/modeldata.xml	C:\Users\22448\Downloads\重生虫心0.71汉化版（新）\reborn_workrepo\合作指挥官版起义狂潮\Mods\XM\XMAlarak.SC2Mod\Base.SC2Data\GameData\ModelData.xml
FenixChampionSwapImpactZealot	CModel	mods/starcoop/starcoop.sc2mod/base.sc2data/gamedata/modeldata.xml	C:\Users\22448\Downloads\重生虫心0.71汉化版（新）\reborn_workrepo\合作指挥官版起义狂潮\Mods\XM\XMAlarak.SC2Mod\Base.SC2Data\GameData\ModelData.xml
FenixClolarionBomber	CModel	mods/starcoop/starcoop.sc2mod/base.sc2data/gamedata/modeldata.xml	C:\Users\22448\Downloads\重生虫心0.71汉化版（新）\reborn_workrepo\合作指挥官版起义狂潮\Mods\XM\XMAlarak.SC2Mod\Base.SC2Data\GameData\ModelData.xml
FenixClolarionBomberCarryWeapon	CModel	mods/starcoop/starcoop.sc2mod/base.sc2data/gamedata/modeldata.xml	C:\Users\22448\Downloads\重生虫心0.71汉化版（新）\reborn_workrepo\合作指挥官版起义狂潮\Mods\XM\XMAlarak.SC2Mod\Base.SC2Data\GameData\ModelData.xml
FenixClolarionBomberDeath	CModel	mods/starcoop/starcoop.sc2mod/base.sc2data/gamedata/modeldata.xml	C:\Users\22448\Downloads\重生虫心0.71汉化版（新）\reborn_workrepo\合作指挥官版起义狂潮\Mods\XM\XMAlarak.SC2Mod\Base.SC2Data\GameData\ModelData.xml
FenixClolarionBomberDeathRagdoll	CModel	mods/starcoop/starcoop.sc2mod/base.sc2data/gamedata/modeldata.xml	C:\Users\22448\Downloads\重生虫心0.71汉化版（新）\reborn_workrepo\合作指挥官版起义狂潮\Mods\XM\XMAlarak.SC2Mod\Base.SC2Data\GameData\ModelData.xml
FenixClolarionCarrier	CModel	mods/starcoop/starcoop.sc2mod/base.sc2data/gamedata/modeldata.xml	C:\Users\22448\Downloads\重生虫心0.71汉化版（新）\reborn_workrepo\合作指挥官版起义狂潮\Mods\XM\XMAlarak.SC2Mod\Base.SC2Data\GameData\ModelData.xml
FenixClolarionCarrierDeath	CModel	mods/starcoop/starcoop.sc2mod/base.sc2data/gamedata/modeldata.xml	C:\Users\22448\Downloads\重生虫心0.71汉化版（新）\reborn_workrepo\合作指挥官版起义狂潮\Mods\XM\XMAlarak.SC2Mod\Base.SC2Data\GameData\ModelData.xml
FenixClolarionCarrierDeathLow	CModel	mods/starcoop/starcoop.sc2mod/base.sc2data/gamedata/modeldata.xml	C:\Users\22448\Downloads\重生虫心0.71汉化版（新）\reborn_workrepo\合作指挥官版起义狂潮\Mods\XM\XMAlarak.SC2Mod\Base.SC2Data\GameData\ModelData.xml
FenixClolarionCarrierWarpIn	CModel	mods/starcoop/starcoop.sc2mod/base.sc2data/gamedata/modeldata.xml	C:\Users\22448\Downloads\重生虫心0.71汉化版（新）\reborn_workrepo\合作指挥官版起义狂潮\Mods\XM\XMAlarak.SC2Mod\Base.SC2Data\GameData\ModelData.xml
FenixClolarionInterceptor	CModel	mods/starcoop/starcoop.sc2mod/base.sc2data/gamedata/modeldata.xml	C:\Users\22448\Downloads\重生虫心0.71汉化版（新）\reborn_workrepo\合作指挥官版起义狂潮\Mods\XM\XMAlarak.SC2Mod\Base.SC2Data\GameData\ModelData.xml
FenixClolarionInterceptorDeath	CModel	mods/starcoop/starcoop.sc2mod/base.sc2data/gamedata/modeldata.xml	C:\Users\22448\Downloads\重生虫心0.71汉化版（新）\reborn_workrepo\合作指挥官版起义狂潮\Mods\XM\XMAlarak.SC2Mod\Base.SC2Data\GameData\ModelData.xml
FenixClolarionInterceptorDeathRagdoll	CModel	mods/starcoop/starcoop.sc2mod/base.sc2data/gamedata/modeldata.xml	C:\Users\22448\Downloads\重生虫心0.71汉化版（新）\reborn_workrepo\合作指挥官版起义狂潮\Mods\XM\XMAlarak.SC2Mod\Base.SC2Data\GameData\ModelData.xml
FenixDragoon	CModel	mods/starcoop/starcoop.sc2mod/base.sc2data/gamedata/modeldata.xml	C:\Users\22448\Downloads\重生虫心0.71汉化版（新）\reborn_workrepo\合作指挥官版起义狂潮\Mods\XM\XMAlarak.SC2Mod\Base.SC2Data\GameData\ModelData.xml
FenixDragoonDeath	CModel	mods/starcoop/starcoop.sc2mod/base.sc2data/gamedata/modeldata.xml	C:\Users\22448\Downloads\重生虫心0.71汉化版（新）\reborn_workrepo\合作指挥官版起义狂潮\Mods\XM\XMAlarak.SC2Mod\Base.SC2Data\GameData\ModelData.xml
FenixDragoonWarpIn	CModel	mods/starcoop/starcoop.sc2mod/base.sc2data/gamedata/modeldata.xml	C:\Users\22448\Downloads\重生虫心0.71汉化版（新）\reborn_workrepo\合作指挥官版起义狂潮\Mods\XM\XMAlarak.SC2Mod\Base.SC2Data\GameData\ModelData.xml
FenixKaldalisZealot	CModel	mods/starcoop/starcoop.sc2mod/base.sc2data/gamedata/modeldata.xml	C:\Users\22448\Downloads\重生虫心0.71汉化版（新）\reborn_workrepo\合作指挥官版起义狂潮\Mods\XM\XMAlarak.SC2Mod\Base.SC2Data\GameData\ModelData.xml
FenixKaldalisZealotChargeThrust	CModel	mods/starcoop/starcoop.sc2mod/base.sc2data/gamedata/modeldata.xml	C:\Users\22448\Downloads\重生虫心0.71汉化版（新）\reborn_workrepo\合作指挥官版起义狂潮\Mods\XM\XMAlarak.SC2Mod\Base.SC2Data\GameData\ModelData.xml
FenixKaldalisZealotDeath	CModel	mods/starcoop/starcoop.sc2mod/base.sc2data/gamedata/modeldata.xml	C:\Users\22448\Downloads\重生虫心0.71汉化版（新）\reborn_workrepo\合作指挥官版起义狂潮\Mods\XM\XMAlarak.SC2Mod\Base.SC2Data\GameData\ModelData.xml
FenixKaldalisZealotPlacement	CModel	mods/starcoop/starcoop.sc2mod/base.sc2data/gamedata/modeldata.xml	C:\Users\22448\Downloads\重生虫心0.71汉化版（新）\reborn_workrepo\合作指挥官版起义狂潮\Mods\XM\XMAlarak.SC2Mod\Base.SC2Data\GameData\ModelData.xml
FenixKaldalisZealotPortrait	CModel	mods/starcoop/starcoop.sc2mod/base.sc2data/gamedata/modeldata.xml	C:\Users\22448\Downloads\重生虫心0.71汉化版（新）\reborn_workrepo\合作指挥官版起义狂潮\Mods\XM\XMAlarak.SC2Mod\Base.SC2Data\GameData\ModelData.xml
FenixKaldalisZealotReviveCorpse	CModel	mods/starcoop/starcoop.sc2mod/base.sc2data/gamedata/modeldata.xml	C:\Users\22448\Downloads\重生虫心0.71汉化版（新）\reborn_workrepo\合作指挥官版起义狂潮\Mods\XM\XMAlarak.SC2Mod\Base.SC2Data\GameData\ModelData.xml
FenixKaldalisZealotWarpIn	CModel	mods/starcoop/starcoop.sc2mod/base.sc2data/gamedata/modeldata.xml	C:\Users\22448\Downloads\重生虫心0.71汉化版（新）\reborn_workrepo\合作指挥官版起义狂潮\Mods\XM\XMAlarak.SC2Mod\Base.SC2Data\GameData\ModelData.xml
FenixMojoScout	CModel	mods/starcoop/starcoop.sc2mod/base.sc2data/gamedata/modeldata.xml	C:\Users\22448\Downloads\重生虫心0.71汉化版（新）\reborn_workrepo\合作指挥官版起义狂潮\Mods\XM\XMAlarak.SC2Mod\Base.SC2Data\GameData\ModelData.xml
FenixMojoScoutDeath	CModel	mods/starcoop/starcoop.sc2mod/base.sc2data/gamedata/modeldata.xml	C:\Users\22448\Downloads\重生虫心0.71汉化版（新）\reborn_workrepo\合作指挥官版起义狂潮\Mods\XM\XMAlarak.SC2Mod\Base.SC2Data\GameData\ModelData.xml
FenixMojoScoutWarpIn	CModel	mods/starcoop/starcoop.sc2mod/base.sc2data/gamedata/modeldata.xml	C:\Users\22448\Downloads\重生虫心0.71汉化版（新）\reborn_workrepo\合作指挥官版起义狂潮\Mods\XM\XMAlarak.SC2Mod\Base.SC2Data\GameData\ModelData.xml
FenixMojoScoutWarpInStargate	CModel	mods/starcoop/starcoop.sc2mod/base.sc2data/gamedata/modeldata.xml	C:\Users\22448\Downloads\重生虫心0.71汉化版（新）\reborn_workrepo\合作指挥官版起义狂潮\Mods\XM\XMAlarak.SC2Mod\Base.SC2Data\GameData\ModelData.xml
FenixProbiusPortrait	CModel	mods/starcoop/starcoop.sc2mod/base.sc2data/gamedata/modeldata.xml	C:\Users\22448\Downloads\重生虫心0.71汉化版（新）\reborn_workrepo\合作指挥官版起义狂潮\Mods\XM\XMAlarak.SC2Mod\Base.SC2Data\GameData\ModelData.xml
FenixTaldarinImmortal	CModel	mods/starcoop/starcoop.sc2mod/base.sc2data/gamedata/modeldata.xml	C:\Users\22448\Downloads\重生虫心0.71汉化版（新）\reborn_workrepo\合作指挥官版起义狂潮\Mods\XM\XMAlarak.SC2Mod\Base.SC2Data\GameData\ModelData.xml
FenixTaldarinImmortalPlacement	CModel	mods/starcoop/starcoop.sc2mod/base.sc2data/gamedata/modeldata.xml	C:\Users\22448\Downloads\重生虫心0.71汉化版（新）\reborn_workrepo\合作指挥官版起义狂潮\Mods\XM\XMAlarak.SC2Mod\Base.SC2Data\GameData\ModelData.xml
FenixTaldarinImmortalPortrait	CModel	mods/starcoop/starcoop.sc2mod/base.sc2data/gamedata/modeldata.xml	C:\Users\22448\Downloads\重生虫心0.71汉化版（新）\reborn_workrepo\合作指挥官版起义狂潮\Mods\XM\XMAlarak.SC2Mod\Base.SC2Data\GameData\ModelData.xml
FenixTaldarinImmortalWarpIn	CModel	mods/starcoop/starcoop.sc2mod/base.sc2data/gamedata/modeldata.xml	C:\Users\22448\Downloads\重生虫心0.71汉化版（新）\reborn_workrepo\合作指挥官版起义狂潮\Mods\XM\XMAlarak.SC2Mod\Base.SC2Data\GameData\ModelData.xml
FenixTalisAdept	CModel	mods/starcoop/starcoop.sc2mod/base.sc2data/gamedata/modeldata.xml	C:\Users\22448\Downloads\重生虫心0.71汉化版（新）\reborn_workrepo\合作指挥官版起义狂潮\Mods\XM\XMAlarak.SC2Mod\Base.SC2Data\GameData\ModelData.xml
FenixTalisAdeptDeath	CModel	mods/starcoop/starcoop.sc2mod/base.sc2data/gamedata/modeldata.xml	C:\Users\22448\Downloads\重生虫心0.71汉化版（新）\reborn_workrepo\合作指挥官版起义狂潮\Mods\XM\XMAlarak.SC2Mod\Base.SC2Data\GameData\ModelData.xml
FenixTalisAdeptDeathRagdoll	CModel	mods/starcoop/starcoop.sc2mod/base.sc2data/gamedata/modeldata.xml	C:\Users\22448\Downloads\重生虫心0.71汉化版（新）\reborn_workrepo\合作指挥官版起义狂潮\Mods\XM\XMAlarak.SC2Mod\Base.SC2Data\GameData\ModelData.xml
FenixTalisAdeptPlacement	CModel	mods/starcoop/starcoop.sc2mod/base.sc2data/gamedata/modeldata.xml	C:\Users\22448\Downloads\重生虫心0.71汉化版（新）\reborn_workrepo\合作指挥官版起义狂潮\Mods\XM\XMAlarak.SC2Mod\Base.SC2Data\GameData\ModelData.xml
FenixTalisAdeptPortrait	CModel	mods/starcoop/starcoop.sc2mod/base.sc2data/gamedata/modeldata.xml	C:\Users\22448\Downloads\重生虫心0.71汉化版（新）\reborn_workrepo\合作指挥官版起义狂潮\Mods\XM\XMAlarak.SC2Mod\Base.SC2Data\GameData\ModelData.xml
FenixTalisAdeptSpiritIn	CModel	mods/starcoop/starcoop.sc2mod/base.sc2data/gamedata/modeldata.xml	C:\Users\22448\Downloads\重生虫心0.71汉化版（新）\reborn_workrepo\合作指挥官版起义狂潮\Mods\XM\XMAlarak.SC2Mod\Base.SC2Data\GameData\ModelData.xml
FenixTalisAdeptSpiritSpawn	CModel	mods/starcoop/starcoop.sc2mod/base.sc2data/gamedata/modeldata.xml	C:\Users\22448\Downloads\重生虫心0.71汉化版（新）\reborn_workrepo\合作指挥官版起义狂潮\Mods\XM\XMAlarak.SC2Mod\Base.SC2Data\GameData\ModelData.xml
FenixTalisAdeptWarpIn	CModel	mods/starcoop/starcoop.sc2mod/base.sc2data/gamedata/modeldata.xml	C:\Users\22448\Downloads\重生虫心0.71汉化版（新）\reborn_workrepo\合作指挥官版起义狂潮\Mods\XM\XMAlarak.SC2Mod\Base.SC2Data\GameData\ModelData.xml
FenixWarbringerColossus	CModel	mods/starcoop/starcoop.sc2mod/base.sc2data/gamedata/modeldata.xml	C:\Users\22448\Downloads\重生虫心0.71汉化版（新）\reborn_workrepo\合作指挥官版起义狂潮\Mods\XM\XMAlarak.SC2Mod\Base.SC2Data\GameData\ModelData.xml
FenixWarbringerColossusAttackBeam	CModel	mods/starcoop/starcoop.sc2mod/base.sc2data/gamedata/modeldata.xml	C:\Users\22448\Downloads\重生虫心0.71汉化版（新）\reborn_workrepo\合作指挥官版起义狂潮\Mods\XM\XMAlarak.SC2Mod\Base.SC2Data\GameData\ModelData.xml
FenixWarbringerColossusAttackBeamImpact	CModel	mods/starcoop/starcoop.sc2mod/base.sc2data/gamedata/modeldata.xml	C:\Users\22448\Downloads\重生虫心0.71汉化版（新）\reborn_workrepo\合作指挥官版起义狂潮\Mods\XM\XMAlarak.SC2Mod\Base.SC2Data\GameData\ModelData.xml
FenixWarpIn	CModel	mods/starcoop/starcoop.sc2mod/base.sc2data/gamedata/modeldata.xml	C:\Users\22448\Downloads\重生虫心0.71汉化版（新）\reborn_workrepo\合作指挥官版起义狂潮\Mods\XM\XMAlarak.SC2Mod\Base.SC2Data\GameData\ModelData.xml
FenixWarpOut	CModel	mods/starcoop/starcoop.sc2mod/base.sc2data/gamedata/modeldata.xml	C:\Users\22448\Downloads\重生虫心0.71汉化版（新）\reborn_workrepo\合作指挥官版起义狂潮\Mods\XM\XMAlarak.SC2Mod\Base.SC2Data\GameData\ModelData.xml
GhostAcademyNova	CModel	mods/starcoop/starcoop.sc2mod/base.sc2data/gamedata/modeldata.xml	C:\Users\22448\Downloads\重生虫心0.71汉化版（新）\reborn_workrepo\合作指挥官版起义狂潮\Mods\XM\XMAlarak.SC2Mod\Base.SC2Data\GameData\ModelData.xml
Glaze_Alarak_COOP_SoulAbsorption	CModel	mods/starcoop/starcoop.sc2mod/base.sc2data/gamedata/modeldata.xml	C:\Users\22448\Downloads\重生虫心0.71汉化版（新）\reborn_workrepo\合作指挥官版起义狂潮\Mods\XM\XMAlarak.SC2Mod\Base.SC2Data\GameData\ModelData.xml
GlazeFenixChampion	CModel	mods/starcoop/starcoop.sc2mod/base.sc2data/gamedata/modeldata.xml	C:\Users\22448\Downloads\重生虫心0.71汉化版（新）\reborn_workrepo\合作指挥官版起义狂潮\Mods\XM\XMAlarak.SC2Mod\Base.SC2Data\GameData\ModelData.xml
HHStarport	CModel	mods/starcoop/starcoop.sc2mod/base.sc2data/gamedata/modeldata.xml	C:\Users\22448\Downloads\重生虫心0.71汉化版（新）\reborn_workrepo\合作指挥官版起义狂潮\Mods\XM\XMAlarak.SC2Mod\Base.SC2Data\GameData\ModelData.xml
Immortal	CModel	mods/starcoop/starcoop.sc2mod/base.sc2data/gamedata/modeldata.xml	C:\Users\22448\Downloads\重生虫心0.71汉化版（新）\reborn_workrepo\合作指挥官版起义狂潮\Mods\XM\XMAlarak.SC2Mod\Base.SC2Data\GameData\ModelData.xml
ImmortalTaldarim	CModel	mods/starcoop/starcoop.sc2mod/base.sc2data/gamedata/modeldata.xml	C:\Users\22448\Downloads\重生虫心0.71汉化版（新）\reborn_workrepo\合作指挥官版起义狂潮\Mods\XM\XMAlarak.SC2Mod\Base.SC2Data\GameData\ModelData.xml
Kasai_Harness_Death_D	CModel	mods/starcoop/starcoop.sc2mod/base.sc2data/gamedata/modeldata.xml	C:\Users\22448\Downloads\重生虫心0.71汉化版（新）\reborn_workrepo\合作指挥官版起义狂潮\Mods\XM\XMAlarak.SC2Mod\Base.SC2Data\GameData\ModelData.xml
KerriganReviveCocoon	CModel	mods/starcoop/starcoop.sc2mod/base.sc2data/gamedata/modeldata.xml	C:\Users\22448\Downloads\重生虫心0.71汉化版（新）\reborn_workrepo\合作指挥官版起义狂潮\Mods\XM\XMAlarak.SC2Mod\Base.SC2Data\GameData\ModelData.xml
KhaydarinMonolith	CModel	mods/starcoop/starcoop.sc2mod/base.sc2data/gamedata/modeldata.xml	C:\Users\22448\Downloads\重生虫心0.71汉化版（新）\reborn_workrepo\合作指挥官版起义狂潮\Mods\XM\XMAlarak.SC2Mod\Base.SC2Data\GameData\ModelData.xml
MutatorImmunetoPlayer1	CModel	mods/starcoop/starcoop.sc2mod/base.sc2data/gamedata/modeldata.xml	C:\Users\22448\Downloads\重生虫心0.71汉化版（新）\reborn_workrepo\合作指挥官版起义狂潮\Mods\XM\XMAlarak.SC2Mod\Base.SC2Data\GameData\ModelData.xml
MutatorImmunetoPlayer2	CModel	mods/starcoop/starcoop.sc2mod/base.sc2data/gamedata/modeldata.xml	C:\Users\22448\Downloads\重生虫心0.71汉化版（新）\reborn_workrepo\合作指挥官版起义狂潮\Mods\XM\XMAlarak.SC2Mod\Base.SC2Data\GameData\ModelData.xml
Observer	CModel	mods/starcoop/starcoop.sc2mod/base.sc2data/gamedata/modeldata.xml	C:\Users\22448\Downloads\重生虫心0.71汉化版（新）\reborn_workrepo\合作指挥官版起义狂潮\Mods\XM\XMAlarak.SC2Mod\Base.SC2Data\GameData\ModelData.xml
PitAlarak	CModel	mods/starcoop/starcoop.sc2mod/base.sc2data/gamedata/modeldata.xml	C:\Users\22448\Downloads\重生虫心0.71汉化版（新）\reborn_workrepo\合作指挥官版起义狂潮\Mods\XM\XMAlarak.SC2Mod\Base.SC2Data\GameData\ModelData.xml
PitAlarakPowerConduit	CModel	mods/starcoop/starcoop.sc2mod/base.sc2data/gamedata/modeldata.xml	C:\Users\22448\Downloads\重生虫心0.71汉化版（新）\reborn_workrepo\合作指挥官版起义狂潮\Mods\XM\XMAlarak.SC2Mod\Base.SC2Data\GameData\ModelData.xml
Probe_Taldarim_Alarak	CModel	mods/starcoop/starcoop.sc2mod/base.sc2data/gamedata/modeldata.xml	C:\Users\22448\Downloads\重生虫心0.71汉化版（新）\reborn_workrepo\合作指挥官版起义狂潮\Mods\XM\XMAlarak.SC2Mod\Base.SC2Data\GameData\ModelData.xml
Probe_Taldarim_Collection_Death_Alarak	CModel	mods/starcoop/starcoop.sc2mod/base.sc2data/gamedata/modeldata.xml	C:\Users\22448\Downloads\重生虫心0.71汉化版（新）\reborn_workrepo\合作指挥官版起义狂潮\Mods\XM\XMAlarak.SC2Mod\Base.SC2Data\GameData\ModelData.xml
RoboticsSupportBay_Taldarim_Alarak	CModel	mods/starcoop/starcoop.sc2mod/base.sc2data/gamedata/modeldata.xml	C:\Users\22448\Downloads\重生虫心0.71汉化版（新）\reborn_workrepo\合作指挥官版起义狂潮\Mods\XM\XMAlarak.SC2Mod\Base.SC2Data\GameData\ModelData.xml
RoboticsSupportBay_Taldarim_Death_Alarak	CModel	mods/starcoop/starcoop.sc2mod/base.sc2data/gamedata/modeldata.xml	C:\Users\22448\Downloads\重生虫心0.71汉化版（新）\reborn_workrepo\合作指挥官版起义狂潮\Mods\XM\XMAlarak.SC2Mod\Base.SC2Data\GameData\ModelData.xml
ScourgeNest	CModel	mods/starcoop/starcoop.sc2mod/base.sc2data/gamedata/modeldata.xml	C:\Users\22448\Downloads\重生虫心0.71汉化版（新）\reborn_workrepo\合作指挥官版起义狂潮\Mods\XM\XMAlarak.SC2Mod\Base.SC2Data\GameData\ModelData.xml
ScourgeNestDeath	CModel	mods/starcoop/starcoop.sc2mod/base.sc2data/gamedata/modeldata.xml	C:\Users\22448\Downloads\重生虫心0.71汉化版（新）\reborn_workrepo\合作指挥官版起义狂潮\Mods\XM\XMAlarak.SC2Mod\Base.SC2Data\GameData\ModelData.xml
ScourgeNestPlacement	CModel	mods/starcoop/starcoop.sc2mod/base.sc2data/gamedata/modeldata.xml	C:\Users\22448\Downloads\重生虫心0.71汉化版（新）\reborn_workrepo\合作指挥官版起义狂潮\Mods\XM\XMAlarak.SC2Mod\Base.SC2Data\GameData\ModelData.xml
Scout_Purifier_Collection_Mojo_Portrait	CModel	mods/starcoop/starcoop.sc2mod/base.sc2data/gamedata/modeldata.xml	C:\Users\22448\Downloads\重生虫心0.71汉化版（新）\reborn_workrepo\合作指挥官版起义狂潮\Mods\XM\XMAlarak.SC2Mod\Base.SC2Data\GameData\ModelData.xml
ScoutFenix	CModel	mods/starcoop/starcoop.sc2mod/base.sc2data/gamedata/modeldata.xml	C:\Users\22448\Downloads\重生虫心0.71汉化版（新）\reborn_workrepo\合作指挥官版起义狂潮\Mods\XM\XMAlarak.SC2Mod\Base.SC2Data\GameData\ModelData.xml
ShieldBatteryStructureBarrier	CModel	mods/starcoop/starcoop.sc2mod/base.sc2data/gamedata/modeldata.xml	C:\Users\22448\Downloads\重生虫心0.71汉化版（新）\reborn_workrepo\合作指挥官版起义狂潮\Mods\XM\XMAlarak.SC2Mod\Base.SC2Data\GameData\ModelData.xml
SlaynElementalGrabAOEWeapon	CModel	mods/starcoop/starcoop.sc2mod/base.sc2data/gamedata/modeldata.xml	C:\Users\22448\Downloads\重生虫心0.71汉化版（新）\reborn_workrepo\合作指挥官版起义狂潮\Mods\XM\XMAlarak.SC2Mod\Base.SC2Data\GameData\ModelData.xml
SOAMapWideChrono	CModel	mods/starcoop/starcoop.sc2mod/base.sc2data/gamedata/modeldata.xml	C:\Users\22448\Downloads\重生虫心0.71汉化版（新）\reborn_workrepo\合作指挥官版起义狂潮\Mods\XM\XMAlarak.SC2Mod\Base.SC2Data\GameData\ModelData.xml
SOAReconstructionBeamImpactLarge	CModel	mods/starcoop/starcoop.sc2mod/base.sc2data/gamedata/modeldata.xml	C:\Users\22448\Downloads\重生虫心0.71汉化版（新）\reborn_workrepo\合作指挥官版起义狂潮\Mods\XM\XMAlarak.SC2Mod\Base.SC2Data\GameData\ModelData.xml
SOARepairBeamImpact	CModel	mods/starcoop/starcoop.sc2mod/base.sc2data/gamedata/modeldata.xml	C:\Users\22448\Downloads\重生虫心0.71汉化版（新）\reborn_workrepo\合作指挥官版起义狂潮\Mods\XM\XMAlarak.SC2Mod\Base.SC2Data\GameData\ModelData.xml
SolarForge	CModel	mods/starcoop/starcoop.sc2mod/base.sc2data/gamedata/modeldata.xml	C:\Users\22448\Downloads\重生虫心0.71汉化版（新）\reborn_workrepo\合作指挥官版起义狂潮\Mods\XM\XMAlarak.SC2Mod\Base.SC2Data\GameData\ModelData.xml
SolarForgeBeam	CModel	mods/starcoop/starcoop.sc2mod/base.sc2data/gamedata/modeldata.xml	C:\Users\22448\Downloads\重生虫心0.71汉化版（新）\reborn_workrepo\合作指挥官版起义狂潮\Mods\XM\XMAlarak.SC2Mod\Base.SC2Data\GameData\ModelData.xml
SolarForgeBirth	CModel	mods/starcoop/starcoop.sc2mod/base.sc2data/gamedata/modeldata.xml	C:\Users\22448\Downloads\重生虫心0.71汉化版（新）\reborn_workrepo\合作指挥官版起义狂潮\Mods\XM\XMAlarak.SC2Mod\Base.SC2Data\GameData\ModelData.xml
SolarForgeDeath	CModel	mods/starcoop/starcoop.sc2mod/base.sc2data/gamedata/modeldata.xml	C:\Users\22448\Downloads\重生虫心0.71汉化版（新）\reborn_workrepo\合作指挥官版起义狂潮\Mods\XM\XMAlarak.SC2Mod\Base.SC2Data\GameData\ModelData.xml
SolarForgePlacement	CModel	mods/starcoop/starcoop.sc2mod/base.sc2data/gamedata/modeldata.xml	C:\Users\22448\Downloads\重生虫心0.71汉化版（新）\reborn_workrepo\合作指挥官版起义狂潮\Mods\XM\XMAlarak.SC2Mod\Base.SC2Data\GameData\ModelData.xml
Stalker_Taldarim_Alarak	CModel	mods/starcoop/starcoop.sc2mod/base.sc2data/gamedata/modeldata.xml	C:\Users\22448\Downloads\重生虫心0.71汉化版（新）\reborn_workrepo\合作指挥官版起义狂潮\Mods\XM\XMAlarak.SC2Mod\Base.SC2Data\GameData\ModelData.xml
Stalker_Taldarim_Death_Alarak	CModel	mods/starcoop/starcoop.sc2mod/base.sc2data/gamedata/modeldata.xml	C:\Users\22448\Downloads\重生虫心0.71汉化版（新）\reborn_workrepo\合作指挥官版起义狂潮\Mods\XM\XMAlarak.SC2Mod\Base.SC2Data\GameData\ModelData.xml
StukovReviveCocoon	CModel	mods/starcoop/starcoop.sc2mod/base.sc2data/gamedata/modeldata.xml	C:\Users\22448\Downloads\重生虫心0.71汉化版（新）\reborn_workrepo\合作指挥官版起义狂潮\Mods\XM\XMAlarak.SC2Mod\Base.SC2Data\GameData\ModelData.xml
Supplicant	CModel	mods/starcoop/starcoop.sc2mod/base.sc2data/gamedata/modeldata.xml	C:\Users\22448\Downloads\重生虫心0.71汉化版（新）\reborn_workrepo\合作指挥官版起义狂潮\Mods\XM\XMAlarak.SC2Mod\Base.SC2Data\GameData\ModelData.xml
Supplicant_COOP_Missile_Launch	CModel	mods/starcoop/starcoop.sc2mod/base.sc2data/gamedata/modeldata.xml	C:\Users\22448\Downloads\重生虫心0.71汉化版（新）\reborn_workrepo\合作指挥官版起义狂潮\Mods\XM\XMAlarak.SC2Mod\Base.SC2Data\GameData\ModelData.xml
Supplicant_Death	CModel	mods/starcoop/starcoop.sc2mod/base.sc2data/gamedata/modeldata.xml	C:\Users\22448\Downloads\重生虫心0.71汉化版（新）\reborn_workrepo\合作指挥官版起义狂潮\Mods\XM\XMAlarak.SC2Mod\Base.SC2Data\GameData\ModelData.xml
Supplicant_PlacementModel	CModel	mods/starcoop/starcoop.sc2mod/base.sc2data/gamedata/modeldata.xml	C:\Users\22448\Downloads\重生虫心0.71汉化版（新）\reborn_workrepo\合作指挥官版起义狂潮\Mods\XM\XMAlarak.SC2Mod\Base.SC2Data\GameData\ModelData.xml
Supplicant_Portrait	CModel	mods/starcoop/starcoop.sc2mod/base.sc2data/gamedata/modeldata.xml	C:\Users\22448\Downloads\重生虫心0.71汉化版（新）\reborn_workrepo\合作指挥官版起义狂潮\Mods\XM\XMAlarak.SC2Mod\Base.SC2Data\GameData\ModelData.xml
Supplicant_Sacrifice_Death	CModel	mods/starcoop/starcoop.sc2mod/base.sc2data/gamedata/modeldata.xml	C:\Users\22448\Downloads\重生虫心0.71汉化版（新）\reborn_workrepo\合作指挥官版起义狂潮\Mods\XM\XMAlarak.SC2Mod\Base.SC2Data\GameData\ModelData.xml
Supplicant_WarpIn	CModel	mods/starcoop/starcoop.sc2mod/base.sc2data/gamedata/modeldata.xml	C:\Users\22448\Downloads\重生虫心0.71汉化版（新）\reborn_workrepo\合作指挥官版起义狂潮\Mods\XM\XMAlarak.SC2Mod\Base.SC2Data\GameData\ModelData.xml
SupplicantDeath	CModel	mods/starcoop/starcoop.sc2mod/base.sc2data/gamedata/modeldata.xml	C:\Users\22448\Downloads\重生虫心0.71汉化版（新）\reborn_workrepo\合作指挥官版起义狂潮\Mods\XM\XMAlarak.SC2Mod\Base.SC2Data\GameData\ModelData.xml
SupplicantImpact	CModel	mods/starcoop/starcoop.sc2mod/base.sc2data/gamedata/modeldata.xml	C:\Users\22448\Downloads\重生虫心0.71汉化版（新）\reborn_workrepo\合作指挥官版起义狂潮\Mods\XM\XMAlarak.SC2Mod\Base.SC2Data\GameData\ModelData.xml
SupplicantPortrait	CModel	mods/starcoop/starcoop.sc2mod/base.sc2data/gamedata/modeldata.xml	C:\Users\22448\Downloads\重生虫心0.71汉化版（新）\reborn_workrepo\合作指挥官版起义狂潮\Mods\XM\XMAlarak.SC2Mod\Base.SC2Data\GameData\ModelData.xml
SupplicantSacrificeBeam	CModel	mods/starcoop/starcoop.sc2mod/base.sc2data/gamedata/modeldata.xml	C:\Users\22448\Downloads\重生虫心0.71汉化版（新）\reborn_workrepo\合作指挥官版起义狂潮\Mods\XM\XMAlarak.SC2Mod\Base.SC2Data\GameData\ModelData.xml
SupplicantSacrificeBeamImpact	CModel	mods/starcoop/starcoop.sc2mod/base.sc2data/gamedata/modeldata.xml	C:\Users\22448\Downloads\重生虫心0.71汉化版（新）\reborn_workrepo\合作指挥官版起义狂潮\Mods\XM\XMAlarak.SC2Mod\Base.SC2Data\GameData\ModelData.xml
SupplicantWeapon	CModel	mods/starcoop/starcoop.sc2mod/base.sc2data/gamedata/modeldata.xml	C:\Users\22448\Downloads\重生虫心0.71汉化版（新）\reborn_workrepo\合作指挥官版起义狂潮\Mods\XM\XMAlarak.SC2Mod\Base.SC2Data\GameData\ModelData.xml
TempestPlacement	CModel	mods/starcoop/starcoop.sc2mod/base.sc2data/gamedata/modeldata.xml	C:\Users\22448\Downloads\重生虫心0.71汉化版（新）\reborn_workrepo\合作指挥官版起义狂潮\Mods\XM\XMAlarak.SC2Mod\Base.SC2Data\GameData\ModelData.xml
TemplarArchives_Taldarim	CModel	mods/starcoop/starcoop.sc2mod/base.sc2data/gamedata/modeldata.xml	C:\Users\22448\Downloads\重生虫心0.71汉化版（新）\reborn_workrepo\合作指挥官版起义狂潮\Mods\XM\XMAlarak.SC2Mod\Base.SC2Data\GameData\ModelData.xml
TemplarArchivesDeath_Taldarim	CModel	mods/starcoop/starcoop.sc2mod/base.sc2data/gamedata/modeldata.xml	C:\Users\22448\Downloads\重生虫心0.71汉化版（新）\reborn_workrepo\合作指挥官版起义狂潮\Mods\XM\XMAlarak.SC2Mod\Base.SC2Data\GameData\ModelData.xml
TemplarArchivesPlacement_Taldarim	CModel	mods/starcoop/starcoop.sc2mod/base.sc2data/gamedata/modeldata.xml	C:\Users\22448\Downloads\重生虫心0.71汉化版（新）\reborn_workrepo\合作指挥官版起义狂潮\Mods\XM\XMAlarak.SC2Mod\Base.SC2Data\GameData\ModelData.xml
TerrazineHarvester	CModel	mods/starcoop/starcoop.sc2mod/base.sc2data/gamedata/modeldata.xml	C:\Users\22448\Downloads\重生虫心0.71汉化版（新）\reborn_workrepo\合作指挥官版起义狂潮\Mods\XM\XMAlarak.SC2Mod\Base.SC2Data\GameData\ModelData.xml
TerrazineHarvester_Death	CModel	mods/starcoop/starcoop.sc2mod/base.sc2data/gamedata/modeldata.xml	C:\Users\22448\Downloads\重生虫心0.71汉化版（新）\reborn_workrepo\合作指挥官版起义狂潮\Mods\XM\XMAlarak.SC2Mod\Base.SC2Data\GameData\ModelData.xml
TerrazineHarvesterPortrait	CModel	mods/starcoop/starcoop.sc2mod/base.sc2data/gamedata/modeldata.xml	C:\Users\22448\Downloads\重生虫心0.71汉化版（新）\reborn_workrepo\合作指挥官版起义狂潮\Mods\XM\XMAlarak.SC2Mod\Base.SC2Data\GameData\ModelData.xml
ToxicNest	CModel	mods/starcoop/starcoop.sc2mod/base.sc2data/gamedata/modeldata.xml	C:\Users\22448\Downloads\重生虫心0.71汉化版（新）\reborn_workrepo\合作指挥官版起义狂潮\Mods\XM\XMAlarak.SC2Mod\Base.SC2Data\GameData\ModelData.xml
ToxicNestDeath	CModel	mods/starcoop/starcoop.sc2mod/base.sc2data/gamedata/modeldata.xml	C:\Users\22448\Downloads\重生虫心0.71汉化版（新）\reborn_workrepo\合作指挥官版起义狂潮\Mods\XM\XMAlarak.SC2Mod\Base.SC2Data\GameData\ModelData.xml
ToxicNestHitTest	CModel	mods/starcoop/starcoop.sc2mod/base.sc2data/gamedata/modeldata.xml	C:\Users\22448\Downloads\重生虫心0.71汉化版（新）\reborn_workrepo\合作指挥官版起义狂潮\Mods\XM\XMAlarak.SC2Mod\Base.SC2Data\GameData\ModelData.xml
ToxicNestRangeSplat	CModel	mods/starcoop/starcoop.sc2mod/base.sc2data/gamedata/modeldata.xml	C:\Users\22448\Downloads\重生虫心0.71汉化版（新）\reborn_workrepo\合作指挥官版起义狂潮\Mods\XM\XMAlarak.SC2Mod\Base.SC2Data\GameData\ModelData.xml
VoidRay_Taldarim_WarpOut	CModel	mods/starcoop/starcoop.sc2mod/base.sc2data/gamedata/modeldata.xml	C:\Users\22448\Downloads\重生虫心0.71汉化版（新）\reborn_workrepo\合作指挥官版起义狂潮\Mods\XM\XMAlarak.SC2Mod\Base.SC2Data\GameData\ModelData.xml
VorazunShadowGuard	CModel	mods/starcoop/starcoop.sc2mod/base.sc2data/gamedata/modeldata.xml	C:\Users\22448\Downloads\重生虫心0.71汉化版（新）\reborn_workrepo\合作指挥官版起义狂潮\Mods\XM\XMAlarak.SC2Mod\Base.SC2Data\GameData\ModelData.xml
VorazunShadowGuardDeath	CModel	mods/starcoop/starcoop.sc2mod/base.sc2data/gamedata/modeldata.xml	C:\Users\22448\Downloads\重生虫心0.71汉化版（新）\reborn_workrepo\合作指挥官版起义狂潮\Mods\XM\XMAlarak.SC2Mod\Base.SC2Data\GameData\ModelData.xml
VorazunShadowGuardPlacement	CModel	mods/starcoop/starcoop.sc2mod/base.sc2data/gamedata/modeldata.xml	C:\Users\22448\Downloads\重生虫心0.71汉化版（新）\reborn_workrepo\合作指挥官版起义狂潮\Mods\XM\XMAlarak.SC2Mod\Base.SC2Data\GameData\ModelData.xml
VorazunShadowGuardWarpIn	CModel	mods/starcoop/starcoop.sc2mod/base.sc2data/gamedata/modeldata.xml	C:\Users\22448\Downloads\重生虫心0.71汉化版（新）\reborn_workrepo\合作指挥官版起义狂潮\Mods\XM\XMAlarak.SC2Mod\Base.SC2Data\GameData\ModelData.xml
WarpPrism_Taldarim_Alarak	CModel	mods/starcoop/starcoop.sc2mod/base.sc2data/gamedata/modeldata.xml	C:\Users\22448\Downloads\重生虫心0.71汉化版（新）\reborn_workrepo\合作指挥官版起义狂潮\Mods\XM\XMAlarak.SC2Mod\Base.SC2Data\GameData\ModelData.xml
WarpPrism_Taldarim_Death_Alarak	CModel	mods/starcoop/starcoop.sc2mod/base.sc2data/gamedata/modeldata.xml	C:\Users\22448\Downloads\重生虫心0.71汉化版（新）\reborn_workrepo\合作指挥官版起义狂潮\Mods\XM\XMAlarak.SC2Mod\Base.SC2Data\GameData\ModelData.xml
WarpPrism_Taldarim_Phasing_Death_Alarak	CModel	mods/starcoop/starcoop.sc2mod/base.sc2data/gamedata/modeldata.xml	C:\Users\22448\Downloads\重生虫心0.71汉化版（新）\reborn_workrepo\合作指挥官版起义狂潮\Mods\XM\XMAlarak.SC2Mod\Base.SC2Data\GameData\ModelData.xml
WarpPrismDeathRagdoll	CModel	mods/starcoop/starcoop.sc2mod/base.sc2data/gamedata/modeldata.xml	C:\Users\22448\Downloads\重生虫心0.71汉化版（新）\reborn_workrepo\合作指挥官版起义狂潮\Mods\XM\XMAlarak.SC2Mod\Base.SC2Data\GameData\ModelData.xml
WarpPrismPowerVisualTaldarim	CModel	mods/starcoop/starcoop.sc2mod/base.sc2data/gamedata/modeldata.xml	C:\Users\22448\Downloads\重生虫心0.71汉化版（新）\reborn_workrepo\合作指挥官版起义狂潮\Mods\XM\XMAlarak.SC2Mod\Base.SC2Data\GameData\ModelData.xml
ZagaraReviveCocoon	CModel	mods/starcoop/starcoop.sc2mod/base.sc2data/gamedata/modeldata.xml	C:\Users\22448\Downloads\重生虫心0.71汉化版（新）\reborn_workrepo\合作指挥官版起义狂潮\Mods\XM\XMAlarak.SC2Mod\Base.SC2Data\GameData\ModelData.xml
ZagaraVoidCoop	CModel	mods/starcoop/starcoop.sc2mod/base.sc2data/gamedata/modeldata.xml	C:\Users\22448\Downloads\重生虫心0.71汉化版（新）\reborn_workrepo\合作指挥官版起义狂潮\Mods\XM\XMAlarak.SC2Mod\Base.SC2Data\GameData\ModelData.xml
AlarakACBaneBladesCharge	CMoverMissile	mods/starcoop/starcoop.sc2mod/base.sc2data/gamedata/moverdata.xml	C:\Users\22448\Downloads\重生虫心0.71汉化版（新）\reborn_workrepo\合作指挥官版起义狂潮\Mods\XM\XMAlarak.SC2Mod\Base.SC2Data\GameData\MoverData.xml
AlarakACDeadlyCharge	CMoverMissile	mods/starcoop/starcoop.sc2mod/base.sc2data/gamedata/moverdata.xml	C:\Users\22448\Downloads\重生虫心0.71汉化版（新）\reborn_workrepo\合作指挥官版起义狂潮\Mods\XM\XMAlarak.SC2Mod\Base.SC2Data\GameData\MoverData.xml
ChargedBuster	CMoverMissile	mods/starcoop/starcoop.sc2mod/base.sc2data/gamedata/moverdata.xml	C:\Users\22448\Downloads\重生虫心0.71汉化版（新）\reborn_workrepo\合作指挥官版起义狂潮\Mods\XM\XMAlarak.SC2Mod\Base.SC2Data\GameData\MoverData.xml
FenixClolarionBomber	CMoverMissile	mods/starcoop/starcoop.sc2mod/base.sc2data/gamedata/moverdata.xml	C:\Users\22448\Downloads\重生虫心0.71汉化版（新）\reborn_workrepo\合作指挥官版起义狂潮\Mods\XM\XMAlarak.SC2Mod\Base.SC2Data\GameData\MoverData.xml
FenixThunderousChargeCoop	CMoverMissile	mods/starcoop/starcoop.sc2mod/base.sc2data/gamedata/moverdata.xml	C:\Users\22448\Downloads\重生虫心0.71汉化版（新）\reborn_workrepo\合作指挥官版起义狂潮\Mods\XM\XMAlarak.SC2Mod\Base.SC2Data\GameData\MoverData.xml
SlaynElementalGrabAOEWeapon	CMoverMissile	mods/starcoop/starcoop.sc2mod/base.sc2data/gamedata/moverdata.xml	C:\Users\22448\Downloads\重生虫心0.71汉化版（新）\reborn_workrepo\合作指挥官版起义狂潮\Mods\XM\XMAlarak.SC2Mod\Base.SC2Data\GameData\MoverData.xml
SupplicantWeapon	CMoverMissile	mods/starcoop/starcoop.sc2mod/base.sc2data/gamedata/moverdata.xml	C:\Users\22448\Downloads\重生虫心0.71汉化版（新）\reborn_workrepo\合作指挥官版起义狂潮\Mods\XM\XMAlarak.SC2Mod\Base.SC2Data\GameData\MoverData.xml
InfT	CRace	mods/starcoop/starcoop.sc2mod/base.sc2data/gamedata/racedata.xml	C:\Users\22448\Downloads\重生虫心0.71汉化版（新）\reborn_workrepo\合作指挥官版起义狂潮\Mods\XM\XMAlarak.SC2Mod\Base.SC2Data\GameData\racedata.xml
Prot	CRace	mods/starcoop/starcoop.sc2mod/base.sc2data/gamedata/racedata.xml	C:\Users\22448\Downloads\重生虫心0.71汉化版（新）\reborn_workrepo\合作指挥官版起义狂潮\Mods\XM\XMAlarak.SC2Mod\Base.SC2Data\GameData\racedata.xml
PZrg	CRace	mods/starcoop/starcoop.sc2mod/base.sc2data/gamedata/racedata.xml	C:\Users\22448\Downloads\重生虫心0.71汉化版（新）\reborn_workrepo\合作指挥官版起义狂潮\Mods\XM\XMAlarak.SC2Mod\Base.SC2Data\GameData\racedata.xml
TerH	CRace	mods/starcoop/starcoop.sc2mod/base.sc2data/gamedata/racedata.xml	C:\Users\22448\Downloads\重生虫心0.71汉化版（新）\reborn_workrepo\合作指挥官版起义狂潮\Mods\XM\XMAlarak.SC2Mod\Base.SC2Data\GameData\racedata.xml
Terr	CRace	mods/starcoop/starcoop.sc2mod/base.sc2data/gamedata/racedata.xml	C:\Users\22448\Downloads\重生虫心0.71汉化版（新）\reborn_workrepo\合作指挥官版起义狂潮\Mods\XM\XMAlarak.SC2Mod\Base.SC2Data\GameData\racedata.xml
Zerg	CRace	mods/starcoop/starcoop.sc2mod/base.sc2data/gamedata/racedata.xml	C:\Users\22448\Downloads\重生虫心0.71汉化版（新）\reborn_workrepo\合作指挥官版起义狂潮\Mods\XM\XMAlarak.SC2Mod\Base.SC2Data\GameData\racedata.xml
AlarakEmpowered	CRequirement	mods/starcoop/starcoop.sc2mod/base.sc2data/gamedata/requirementdata.xml	C:\Users\22448\Downloads\重生虫心0.71汉化版（新）\reborn_workrepo\合作指挥官版起义狂潮\Mods\XM\XMAlarak.SC2Mod\Base.SC2Data\GameData\RequirementData.xml
AlarakLevel02	CRequirement	mods/starcoop/starcoop.sc2mod/base.sc2data/gamedata/requirementdata.xml	C:\Users\22448\Downloads\重生虫心0.71汉化版（新）\reborn_workrepo\合作指挥官版起义狂潮\Mods\XM\XMAlarak.SC2Mod\Base.SC2Data\GameData\RequirementData.xml
AlarakLevel03	CRequirement	mods/starcoop/starcoop.sc2mod/base.sc2data/gamedata/requirementdata.xml	C:\Users\22448\Downloads\重生虫心0.71汉化版（新）\reborn_workrepo\合作指挥官版起义狂潮\Mods\XM\XMAlarak.SC2Mod\Base.SC2Data\GameData\RequirementData.xml
AlarakLevel04	CRequirement	mods/starcoop/starcoop.sc2mod/base.sc2data/gamedata/requirementdata.xml	C:\Users\22448\Downloads\重生虫心0.71汉化版（新）\reborn_workrepo\合作指挥官版起义狂潮\Mods\XM\XMAlarak.SC2Mod\Base.SC2Data\GameData\RequirementData.xml
AlarakLevel05	CRequirement	mods/starcoop/starcoop.sc2mod/base.sc2data/gamedata/requirementdata.xml	C:\Users\22448\Downloads\重生虫心0.71汉化版（新）\reborn_workrepo\合作指挥官版起义狂潮\Mods\XM\XMAlarak.SC2Mod\Base.SC2Data\GameData\RequirementData.xml
AlarakLevel06	CRequirement	mods/starcoop/starcoop.sc2mod/base.sc2data/gamedata/requirementdata.xml	C:\Users\22448\Downloads\重生虫心0.71汉化版（新）\reborn_workrepo\合作指挥官版起义狂潮\Mods\XM\XMAlarak.SC2Mod\Base.SC2Data\GameData\RequirementData.xml
AlarakLevel07	CRequirement	mods/starcoop/starcoop.sc2mod/base.sc2data/gamedata/requirementdata.xml	C:\Users\22448\Downloads\重生虫心0.71汉化版（新）\reborn_workrepo\合作指挥官版起义狂潮\Mods\XM\XMAlarak.SC2Mod\Base.SC2Data\GameData\RequirementData.xml
AlarakLevel08	CRequirement	mods/starcoop/starcoop.sc2mod/base.sc2data/gamedata/requirementdata.xml	C:\Users\22448\Downloads\重生虫心0.71汉化版（新）\reborn_workrepo\合作指挥官版起义狂潮\Mods\XM\XMAlarak.SC2Mod\Base.SC2Data\GameData\RequirementData.xml
AlarakLevel09	CRequirement	mods/starcoop/starcoop.sc2mod/base.sc2data/gamedata/requirementdata.xml	C:\Users\22448\Downloads\重生虫心0.71汉化版（新）\reborn_workrepo\合作指挥官版起义狂潮\Mods\XM\XMAlarak.SC2Mod\Base.SC2Data\GameData\RequirementData.xml
AlarakLevel10	CRequirement	mods/starcoop/starcoop.sc2mod/base.sc2data/gamedata/requirementdata.xml	C:\Users\22448\Downloads\重生虫心0.71汉化版（新）\reborn_workrepo\合作指挥官版起义狂潮\Mods\XM\XMAlarak.SC2Mod\Base.SC2Data\GameData\RequirementData.xml
AlarakLevel10DeathFleetImproved	CRequirement	mods/starcoop/starcoop.sc2mod/base.sc2data/gamedata/requirementdata.xml	C:\Users\22448\Downloads\重生虫心0.71汉化版（新）\reborn_workrepo\合作指挥官版起义狂潮\Mods\XM\XMAlarak.SC2Mod\Base.SC2Data\GameData\RequirementData.xml
AlarakLevel11	CRequirement	mods/starcoop/starcoop.sc2mod/base.sc2data/gamedata/requirementdata.xml	C:\Users\22448\Downloads\重生虫心0.71汉化版（新）\reborn_workrepo\合作指挥官版起义狂潮\Mods\XM\XMAlarak.SC2Mod\Base.SC2Data\GameData\RequirementData.xml
AlarakLevel12	CRequirement	mods/starcoop/starcoop.sc2mod/base.sc2data/gamedata/requirementdata.xml	C:\Users\22448\Downloads\重生虫心0.71汉化版（新）\reborn_workrepo\合作指挥官版起义狂潮\Mods\XM\XMAlarak.SC2Mod\Base.SC2Data\GameData\RequirementData.xml
AlarakLevel13	CRequirement	mods/starcoop/starcoop.sc2mod/base.sc2data/gamedata/requirementdata.xml	C:\Users\22448\Downloads\重生虫心0.71汉化版（新）\reborn_workrepo\合作指挥官版起义狂潮\Mods\XM\XMAlarak.SC2Mod\Base.SC2Data\GameData\RequirementData.xml
AlarakLevel14	CRequirement	mods/starcoop/starcoop.sc2mod/base.sc2data/gamedata/requirementdata.xml	C:\Users\22448\Downloads\重生虫心0.71汉化版（新）\reborn_workrepo\合作指挥官版起义狂潮\Mods\XM\XMAlarak.SC2Mod\Base.SC2Data\GameData\RequirementData.xml
AlarakLevel15	CRequirement	mods/starcoop/starcoop.sc2mod/base.sc2data/gamedata/requirementdata.xml	C:\Users\22448\Downloads\重生虫心0.71汉化版（新）\reborn_workrepo\合作指挥官版起义狂潮\Mods\XM\XMAlarak.SC2Mod\Base.SC2Data\GameData\RequirementData.xml
ArtanisLevel05	CRequirement	mods/starcoop/starcoop.sc2mod/base.sc2data/gamedata/requirementdata.xml	C:\Users\22448\Downloads\重生虫心0.71汉化版（新）\reborn_workrepo\合作指挥官版起义狂潮\Mods\XM\XMAlarak.SC2Mod\Base.SC2Data\GameData\RequirementData.xml
ArtanisLevel08	CRequirement	mods/starcoop/starcoop.sc2mod/base.sc2data/gamedata/requirementdata.xml	C:\Users\22448\Downloads\重生虫心0.71汉化版（新）\reborn_workrepo\合作指挥官版起义狂潮\Mods\XM\XMAlarak.SC2Mod\Base.SC2Data\GameData\RequirementData.xml
ArtanisLevel12	CRequirement	mods/starcoop/starcoop.sc2mod/base.sc2data/gamedata/requirementdata.xml	C:\Users\22448\Downloads\重生虫心0.71汉化版（新）\reborn_workrepo\合作指挥官版起义狂潮\Mods\XM\XMAlarak.SC2Mod\Base.SC2Data\GameData\RequirementData.xml
BuildFenixAltarOfPsiStorms	CRequirement	mods/starcoop/starcoop.sc2mod/base.sc2data/gamedata/requirementdata.xml	C:\Users\22448\Downloads\重生虫心0.71汉化版（新）\reborn_workrepo\合作指挥官版起义狂潮\Mods\XM\XMAlarak.SC2Mod\Base.SC2Data\GameData\RequirementData.xml
CanBuildScourgeNest	CRequirement	mods/starcoop/starcoop.sc2mod/base.sc2data/gamedata/requirementdata.xml	C:\Users\22448\Downloads\重生虫心0.71汉化版（新）\reborn_workrepo\合作指挥官版起义狂潮\Mods\XM\XMAlarak.SC2Mod\Base.SC2Data\GameData\RequirementData.xml
CommanderPrestigeAbathurBiomass	CRequirement	mods/starcoop/starcoop.sc2mod/base.sc2data/gamedata/requirementdata.xml	C:\Users\22448\Downloads\重生虫心0.71汉化版（新）\reborn_workrepo\合作指挥官版起义狂潮\Mods\XM\XMAlarak.SC2Mod\Base.SC2Data\GameData\RequirementData.xml
CommanderPrestigeAlarakDeathFleet	CRequirement	mods/starcoop/starcoop.sc2mod/base.sc2data/gamedata/requirementdata.xml	C:\Users\22448\Downloads\重生虫心0.71汉化版（新）\reborn_workrepo\合作指挥官版起义狂潮\Mods\XM\XMAlarak.SC2Mod\Base.SC2Data\GameData\RequirementData.xml
CommanderPrestigeAlarakEmpowerMe	CRequirement	mods/starcoop/starcoop.sc2mod/base.sc2data/gamedata/requirementdata.xml	C:\Users\22448\Downloads\重生虫心0.71汉化版（新）\reborn_workrepo\合作指挥官版起义狂潮\Mods\XM\XMAlarak.SC2Mod\Base.SC2Data\GameData\RequirementData.xml
CommanderPrestigeAlarakMech	CRequirement	mods/starcoop/starcoop.sc2mod/base.sc2data/gamedata/requirementdata.xml	C:\Users\22448\Downloads\重生虫心0.71汉化版（新）\reborn_workrepo\合作指挥官版起义狂潮\Mods\XM\XMAlarak.SC2Mod\Base.SC2Data\GameData\RequirementData.xml
CommanderPrestigeArtanisCombatAbilities	CRequirement	mods/starcoop/starcoop.sc2mod/base.sc2data/gamedata/requirementdata.xml	C:\Users\22448\Downloads\重生虫心0.71汉化版（新）\reborn_workrepo\合作指挥官版起义狂潮\Mods\XM\XMAlarak.SC2Mod\Base.SC2Data\GameData\RequirementData.xml
CommanderPrestigeArtanisOrbitalStrikes	CRequirement	mods/starcoop/starcoop.sc2mod/base.sc2data/gamedata/requirementdata.xml	C:\Users\22448\Downloads\重生虫心0.71汉化版（新）\reborn_workrepo\合作指挥官版起义狂潮\Mods\XM\XMAlarak.SC2Mod\Base.SC2Data\GameData\RequirementData.xml
CommanderPrestigeArtanisPowerField	CRequirement	mods/starcoop/starcoop.sc2mod/base.sc2data/gamedata/requirementdata.xml	C:\Users\22448\Downloads\重生虫心0.71汉化版（新）\reborn_workrepo\合作指挥官版起义狂潮\Mods\XM\XMAlarak.SC2Mod\Base.SC2Data\GameData\RequirementData.xml
CommanderPrestigeDehakaClone	CRequirement	mods/starcoop/starcoop.sc2mod/base.sc2data/gamedata/requirementdata.xml	C:\Users\22448\Downloads\重生虫心0.71汉化版（新）\reborn_workrepo\合作指挥官版起义狂潮\Mods\XM\XMAlarak.SC2Mod\Base.SC2Data\GameData\RequirementData.xml
CommanderPrestigeDehakaDevour	CRequirement	mods/starcoop/starcoop.sc2mod/base.sc2data/gamedata/requirementdata.xml	C:\Users\22448\Downloads\重生虫心0.71汉化版（新）\reborn_workrepo\合作指挥官版起义狂潮\Mods\XM\XMAlarak.SC2Mod\Base.SC2Data\GameData\RequirementData.xml
CommanderPrestigeDehakaPackLeaders	CRequirement	mods/starcoop/starcoop.sc2mod/base.sc2data/gamedata/requirementdata.xml	C:\Users\22448\Downloads\重生虫心0.71汉化版（新）\reborn_workrepo\合作指挥官版起义狂潮\Mods\XM\XMAlarak.SC2Mod\Base.SC2Data\GameData\RequirementData.xml
CommanderPrestigeFenixSuitSwap	CRequirement	mods/starcoop/starcoop.sc2mod/base.sc2data/gamedata/requirementdata.xml	C:\Users\22448\Downloads\重生虫心0.71汉化版（新）\reborn_workrepo\合作指挥官版起义狂潮\Mods\XM\XMAlarak.SC2Mod\Base.SC2Data\GameData\RequirementData.xml
CommanderPrestigeHornerMagMines	CRequirement	mods/starcoop/starcoop.sc2mod/base.sc2data/gamedata/requirementdata.xml	C:\Users\22448\Downloads\重生虫心0.71汉化版（新）\reborn_workrepo\合作指挥官版起义狂潮\Mods\XM\XMAlarak.SC2Mod\Base.SC2Data\GameData\RequirementData.xml
CommanderPrestigeKaraxArmy	CRequirement	mods/starcoop/starcoop.sc2mod/base.sc2data/gamedata/requirementdata.xml	C:\Users\22448\Downloads\重生虫心0.71汉化版（新）\reborn_workrepo\合作指挥官版起义狂潮\Mods\XM\XMAlarak.SC2Mod\Base.SC2Data\GameData\RequirementData.xml
CommanderPrestigeKaraxStructures	CRequirement	mods/starcoop/starcoop.sc2mod/base.sc2data/gamedata/requirementdata.xml	C:\Users\22448\Downloads\重生虫心0.71汉化版（新）\reborn_workrepo\合作指挥官版起义狂潮\Mods\XM\XMAlarak.SC2Mod\Base.SC2Data\GameData\RequirementData.xml
CommanderPrestigeKaraxTopBar	CRequirement	mods/starcoop/starcoop.sc2mod/base.sc2data/gamedata/requirementdata.xml	C:\Users\22448\Downloads\重生虫心0.71汉化版（新）\reborn_workrepo\合作指挥官版起义狂潮\Mods\XM\XMAlarak.SC2Mod\Base.SC2Data\GameData\RequirementData.xml
CommanderPrestigeKerriganAbilities	CRequirement	mods/starcoop/starcoop.sc2mod/base.sc2data/gamedata/requirementdata.xml	C:\Users\22448\Downloads\重生虫心0.71汉化版（新）\reborn_workrepo\合作指挥官版起义狂潮\Mods\XM\XMAlarak.SC2Mod\Base.SC2Data\GameData\RequirementData.xml
CommanderPrestigeKerriganAssimilationAura	CRequirement	mods/starcoop/starcoop.sc2mod/base.sc2data/gamedata/requirementdata.xml	C:\Users\22448\Downloads\重生虫心0.71汉化版（新）\reborn_workrepo\合作指挥官版起义狂潮\Mods\XM\XMAlarak.SC2Mod\Base.SC2Data\GameData\RequirementData.xml
CommanderPrestigeKerriganCreep	CRequirement	mods/starcoop/starcoop.sc2mod/base.sc2data/gamedata/requirementdata.xml	C:\Users\22448\Downloads\重生虫心0.71汉化版（新）\reborn_workrepo\合作指挥官版起义狂潮\Mods\XM\XMAlarak.SC2Mod\Base.SC2Data\GameData\RequirementData.xml
CommanderPrestigeKerriganCreepGrowth	CRequirement	mods/starcoop/starcoop.sc2mod/base.sc2data/gamedata/requirementdata.xml	C:\Users\22448\Downloads\重生虫心0.71汉化版（新）\reborn_workrepo\合作指挥官版起义狂潮\Mods\XM\XMAlarak.SC2Mod\Base.SC2Data\GameData\RequirementData.xml
CommanderPrestigeNovaAirlift	CRequirement	mods/starcoop/starcoop.sc2mod/base.sc2data/gamedata/requirementdata.xml	C:\Users\22448\Downloads\重生虫心0.71汉化版（新）\reborn_workrepo\合作指挥官版起义狂潮\Mods\XM\XMAlarak.SC2Mod\Base.SC2Data\GameData\RequirementData.xml
CommanderPrestigeNovaSuperCloak	CRequirement	mods/starcoop/starcoop.sc2mod/base.sc2data/gamedata/requirementdata.xml	C:\Users\22448\Downloads\重生虫心0.71汉化版（新）\reborn_workrepo\合作指挥官版起义狂潮\Mods\XM\XMAlarak.SC2Mod\Base.SC2Data\GameData\RequirementData.xml
CommanderPrestigeRaynorAir	CRequirement	mods/starcoop/starcoop.sc2mod/base.sc2data/gamedata/requirementdata.xml	C:\Users\22448\Downloads\重生虫心0.71汉化版（新）\reborn_workrepo\合作指挥官版起义狂潮\Mods\XM\XMAlarak.SC2Mod\Base.SC2Data\GameData\RequirementData.xml
CommanderPrestigeRaynorBio	CRequirement	mods/starcoop/starcoop.sc2mod/base.sc2data/gamedata/requirementdata.xml	C:\Users\22448\Downloads\重生虫心0.71汉化版（新）\reborn_workrepo\合作指挥官版起义狂潮\Mods\XM\XMAlarak.SC2Mod\Base.SC2Data\GameData\RequirementData.xml
CommanderPrestigeRaynorMechAfterburners	CRequirement	mods/starcoop/starcoop.sc2mod/base.sc2data/gamedata/requirementdata.xml	C:\Users\22448\Downloads\重生虫心0.71汉化版（新）\reborn_workrepo\合作指挥官版起义狂潮\Mods\XM\XMAlarak.SC2Mod\Base.SC2Data\GameData\RequirementData.xml
CommanderPrestigeStukovBanshees	CRequirement	mods/starcoop/starcoop.sc2mod/base.sc2data/gamedata/requirementdata.xml	C:\Users\22448\Downloads\重生虫心0.71汉化版（新）\reborn_workrepo\合作指挥官版起义狂潮\Mods\XM\XMAlarak.SC2Mod\Base.SC2Data\GameData\RequirementData.xml
CommanderPrestigeStukovBunkers	CRequirement	mods/starcoop/starcoop.sc2mod/base.sc2data/gamedata/requirementdata.xml	C:\Users\22448\Downloads\重生虫心0.71汉化版（新）\reborn_workrepo\合作指挥官版起义狂潮\Mods\XM\XMAlarak.SC2Mod\Base.SC2Data\GameData\RequirementData.xml
CommanderPrestigeStukovMech	CRequirement	mods/starcoop/starcoop.sc2mod/base.sc2data/gamedata/requirementdata.xml	C:\Users\22448\Downloads\重生虫心0.71汉化版（新）\reborn_workrepo\合作指挥官版起义狂潮\Mods\XM\XMAlarak.SC2Mod\Base.SC2Data\GameData\RequirementData.xml
CommanderPrestigeSwannDrill	CRequirement	mods/starcoop/starcoop.sc2mod/base.sc2data/gamedata/requirementdata.xml	C:\Users\22448\Downloads\重生虫心0.71汉化版（新）\reborn_workrepo\合作指挥官版起义狂潮\Mods\XM\XMAlarak.SC2Mod\Base.SC2Data\GameData\RequirementData.xml
CommanderPrestigeSwannHercules	CRequirement	mods/starcoop/starcoop.sc2mod/base.sc2data/gamedata/requirementdata.xml	C:\Users\22448\Downloads\重生虫心0.71汉化版（新）\reborn_workrepo\合作指挥官版起义狂潮\Mods\XM\XMAlarak.SC2Mod\Base.SC2Data\GameData\RequirementData.xml
CommanderPrestigeTychusLoneWolf	CRequirement	mods/starcoop/starcoop.sc2mod/base.sc2data/gamedata/requirementdata.xml	C:\Users\22448\Downloads\重生虫心0.71汉化版（新）\reborn_workrepo\合作指挥官版起义狂潮\Mods\XM\XMAlarak.SC2Mod\Base.SC2Data\GameData\RequirementData.xml
CommanderPrestigeTychusOdin	CRequirement	mods/starcoop/starcoop.sc2mod/base.sc2data/gamedata/requirementdata.xml	C:\Users\22448\Downloads\重生虫心0.71汉化版（新）\reborn_workrepo\合作指挥官版起义狂潮\Mods\XM\XMAlarak.SC2Mod\Base.SC2Data\GameData\RequirementData.xml
CommanderPrestigeVorazunEmergencyRecall	CRequirement	mods/starcoop/starcoop.sc2mod/base.sc2data/gamedata/requirementdata.xml	C:\Users\22448\Downloads\重生虫心0.71汉化版（新）\reborn_workrepo\合作指挥官版起义狂潮\Mods\XM\XMAlarak.SC2Mod\Base.SC2Data\GameData\RequirementData.xml
CommanderPrestigeVorazunStasis	CRequirement	mods/starcoop/starcoop.sc2mod/base.sc2data/gamedata/requirementdata.xml	C:\Users\22448\Downloads\重生虫心0.71汉化版（新）\reborn_workrepo\合作指挥官版起义狂潮\Mods\XM\XMAlarak.SC2Mod\Base.SC2Data\GameData\RequirementData.xml
CommanderPrestigeVorazunTimeStop	CRequirement	mods/starcoop/starcoop.sc2mod/base.sc2data/gamedata/requirementdata.xml	C:\Users\22448\Downloads\重生虫心0.71汉化版（新）\reborn_workrepo\合作指挥官版起义狂潮\Mods\XM\XMAlarak.SC2Mod\Base.SC2Data\GameData\RequirementData.xml
CommanderPrestigeZagaraCorruptorsAberrations	CRequirement	mods/starcoop/starcoop.sc2mod/base.sc2data/gamedata/requirementdata.xml	C:\Users\22448\Downloads\重生虫心0.71汉化版（新）\reborn_workrepo\合作指挥官版起义狂潮\Mods\XM\XMAlarak.SC2Mod\Base.SC2Data\GameData\RequirementData.xml
CommanderPrestigeZagaraMaxSupply	CRequirement	mods/starcoop/starcoop.sc2mod/base.sc2data/gamedata/requirementdata.xml	C:\Users\22448\Downloads\重生虫心0.71汉化版（新）\reborn_workrepo\合作指挥官版起义狂潮\Mods\XM\XMAlarak.SC2Mod\Base.SC2Data\GameData\RequirementData.xml
CommanderPrestigeZagaraZagara	CRequirement	mods/starcoop/starcoop.sc2mod/base.sc2data/gamedata/requirementdata.xml	C:\Users\22448\Downloads\重生虫心0.71汉化版（新）\reborn_workrepo\合作指挥官版起义狂潮\Mods\XM\XMAlarak.SC2Mod\Base.SC2Data\GameData\RequirementData.xml
CommanderPrestigeZeratulArtifactFragments	CRequirement	mods/starcoop/starcoop.sc2mod/base.sc2data/gamedata/requirementdata.xml	C:\Users\22448\Downloads\重生虫心0.71汉化版（新）\reborn_workrepo\合作指挥官版起义狂潮\Mods\XM\XMAlarak.SC2Mod\Base.SC2Data\GameData\RequirementData.xml
CommanderPrestigeZeratulTornadoes	CRequirement	mods/starcoop/starcoop.sc2mod/base.sc2data/gamedata/requirementdata.xml	C:\Users\22448\Downloads\重生虫心0.71汉化版（新）\reborn_workrepo\合作指挥官版起义狂潮\Mods\XM\XMAlarak.SC2Mod\Base.SC2Data\GameData\RequirementData.xml
CommanderPrestigeZeratulVoidSeeker	CRequirement	mods/starcoop/starcoop.sc2mod/base.sc2data/gamedata/requirementdata.xml	C:\Users\22448\Downloads\重生虫心0.71汉化版（新）\reborn_workrepo\合作指挥官版起义狂潮\Mods\XM\XMAlarak.SC2Mod\Base.SC2Data\GameData\RequirementData.xml
FenixClolarionArmInterceptor	CRequirement	mods/starcoop/starcoop.sc2mod/base.sc2data/gamedata/requirementdata.xml	C:\Users\22448\Downloads\重生虫心0.71汉化版（新）\reborn_workrepo\合作指挥官版起义狂潮\Mods\XM\XMAlarak.SC2Mod\Base.SC2Data\GameData\RequirementData.xml
FenixLevel06	CRequirement	mods/starcoop/starcoop.sc2mod/base.sc2data/gamedata/requirementdata.xml	C:\Users\22448\Downloads\重生虫心0.71汉化版（新）\reborn_workrepo\合作指挥官版起义狂潮\Mods\XM\XMAlarak.SC2Mod\Base.SC2Data\GameData\RequirementData.xml
FenixLevel07	CRequirement	mods/starcoop/starcoop.sc2mod/base.sc2data/gamedata/requirementdata.xml	C:\Users\22448\Downloads\重生虫心0.71汉化版（新）\reborn_workrepo\合作指挥官版起义狂潮\Mods\XM\XMAlarak.SC2Mod\Base.SC2Data\GameData\RequirementData.xml
FenixLevel09	CRequirement	mods/starcoop/starcoop.sc2mod/base.sc2data/gamedata/requirementdata.xml	C:\Users\22448\Downloads\重生虫心0.71汉化版（新）\reborn_workrepo\合作指挥官版起义狂潮\Mods\XM\XMAlarak.SC2Mod\Base.SC2Data\GameData\RequirementData.xml
FenixLevel12	CRequirement	mods/starcoop/starcoop.sc2mod/base.sc2data/gamedata/requirementdata.xml	C:\Users\22448\Downloads\重生虫心0.71汉化版（新）\reborn_workrepo\合作指挥官版起义狂潮\Mods\XM\XMAlarak.SC2Mod\Base.SC2Data\GameData\RequirementData.xml
FenixLevel14	CRequirement	mods/starcoop/starcoop.sc2mod/base.sc2data/gamedata/requirementdata.xml	C:\Users\22448\Downloads\重生虫心0.71汉化版（新）\reborn_workrepo\合作指挥官版起义狂潮\Mods\XM\XMAlarak.SC2Mod\Base.SC2Data\GameData\RequirementData.xml
HasDarkPylonMorph	CRequirement	mods/starcoop/starcoop.sc2mod/base.sc2data/gamedata/requirementdata.xml	C:\Users\22448\Downloads\重生虫心0.71汉化版（新）\reborn_workrepo\合作指挥官版起义狂潮\Mods\XM\XMAlarak.SC2Mod\Base.SC2Data\GameData\RequirementData.xml
HaveAbathurCommander	CRequirement	mods/starcoop/starcoop.sc2mod/base.sc2data/gamedata/requirementdata.xml	C:\Users\22448\Downloads\重生虫心0.71汉化版（新）\reborn_workrepo\合作指挥官版起义狂潮\Mods\XM\XMAlarak.SC2Mod\Base.SC2Data\GameData\RequirementData.xml
HaveAbathurVirulentNest	CRequirement	mods/starcoop/starcoop.sc2mod/base.sc2data/gamedata/requirementdata.xml	C:\Users\22448\Downloads\重生虫心0.71汉化版（新）\reborn_workrepo\合作指挥官版起义狂潮\Mods\XM\XMAlarak.SC2Mod\Base.SC2Data\GameData\RequirementData.xml
HaveAlarakAreaDamageUpgrade	CRequirement	mods/starcoop/starcoop.sc2mod/base.sc2data/gamedata/requirementdata.xml	C:\Users\22448\Downloads\重生虫心0.71汉化版（新）\reborn_workrepo\合作指挥官版起义狂潮\Mods\XM\XMAlarak.SC2Mod\Base.SC2Data\GameData\RequirementData.xml
HaveAlarakAttackStunUpgrade	CRequirement	mods/starcoop/starcoop.sc2mod/base.sc2data/gamedata/requirementdata.xml	C:\Users\22448\Downloads\重生虫心0.71汉化版（新）\reborn_workrepo\合作指挥官版起义狂潮\Mods\XM\XMAlarak.SC2Mod\Base.SC2Data\GameData\RequirementData.xml
HaveAlarakCommander	CRequirement	mods/starcoop/starcoop.sc2mod/base.sc2data/gamedata/requirementdata.xml	C:\Users\22448\Downloads\重生虫心0.71汉化版（新）\reborn_workrepo\合作指挥官版起义狂潮\Mods\XM\XMAlarak.SC2Mod\Base.SC2Data\GameData\RequirementData.xml
HaveAlarakDestructionWaveDistance	CRequirement	mods/starcoop/starcoop.sc2mod/base.sc2data/gamedata/requirementdata.xml	C:\Users\22448\Downloads\重生虫心0.71汉化版（新）\reborn_workrepo\合作指挥官版起义狂潮\Mods\XM\XMAlarak.SC2Mod\Base.SC2Data\GameData\RequirementData.xml
HaveAlarakHavocAbilityRange	CRequirement	mods/starcoop/starcoop.sc2mod/base.sc2data/gamedata/requirementdata.xml	C:\Users\22448\Downloads\重生虫心0.71汉化版（新）\reborn_workrepo\合作指挥官版起义狂潮\Mods\XM\XMAlarak.SC2Mod\Base.SC2Data\GameData\RequirementData.xml
HaveAlarakHavocPermanentCloak	CRequirement	mods/starcoop/starcoop.sc2mod/base.sc2data/gamedata/requirementdata.xml	C:\Users\22448\Downloads\重生虫心0.71汉化版（新）\reborn_workrepo\合作指挥官版起义狂潮\Mods\XM\XMAlarak.SC2Mod\Base.SC2Data\GameData\RequirementData.xml
HaveAlarakHavocTargetLockBuff	CRequirement	mods/starcoop/starcoop.sc2mod/base.sc2data/gamedata/requirementdata.xml	C:\Users\22448\Downloads\重生虫心0.71汉化版（新）\reborn_workrepo\合作指挥官版起义狂潮\Mods\XM\XMAlarak.SC2Mod\Base.SC2Data\GameData\RequirementData.xml
HaveAlarakImprovedDeathfleetShow	CRequirement	mods/starcoop/starcoop.sc2mod/base.sc2data/gamedata/requirementdata.xml	C:\Users\22448\Downloads\重生虫心0.71汉化版（新）\reborn_workrepo\合作指挥官版起义狂潮\Mods\XM\XMAlarak.SC2Mod\Base.SC2Data\GameData\RequirementData.xml
HaveAlarakImprovedOvercharge	CRequirement	mods/starcoop/starcoop.sc2mod/base.sc2data/gamedata/requirementdata.xml	C:\Users\22448\Downloads\重生虫心0.71汉化版（新）\reborn_workrepo\合作指挥官版起义狂潮\Mods\XM\XMAlarak.SC2Mod\Base.SC2Data\GameData\RequirementData.xml
HaveAlarakLightningStrikes	CRequirement	mods/starcoop/starcoop.sc2mod/base.sc2data/gamedata/requirementdata.xml	C:\Users\22448\Downloads\重生虫心0.71汉化版（新）\reborn_workrepo\合作指挥官版起义狂潮\Mods\XM\XMAlarak.SC2Mod\Base.SC2Data\GameData\RequirementData.xml
HaveAlarakSquadSightBuff	CRequirement	mods/starcoop/starcoop.sc2mod/base.sc2data/gamedata/requirementdata.xml	C:\Users\22448\Downloads\重生虫心0.71汉化版（新）\reborn_workrepo\合作指挥官版起义狂潮\Mods\XM\XMAlarak.SC2Mod\Base.SC2Data\GameData\RequirementData.xml
HaveAlarakStalkerForceBlast	CRequirement	mods/starcoop/starcoop.sc2mod/base.sc2data/gamedata/requirementdata.xml	C:\Users\22448\Downloads\重生虫心0.71汉化版（新）\reborn_workrepo\合作指挥官版起义狂潮\Mods\XM\XMAlarak.SC2Mod\Base.SC2Data\GameData\RequirementData.xml
HaveAlarakStalkerPhasingArmor	CRequirement	mods/starcoop/starcoop.sc2mod/base.sc2data/gamedata/requirementdata.xml	C:\Users\22448\Downloads\重生虫心0.71汉化版（新）\reborn_workrepo\合作指挥官版起义狂潮\Mods\XM\XMAlarak.SC2Mod\Base.SC2Data\GameData\RequirementData.xml
HaveAlarakSupplicantMaxShields	CRequirement	mods/starcoop/starcoop.sc2mod/base.sc2data/gamedata/requirementdata.xml	C:\Users\22448\Downloads\重生虫心0.71汉化版（新）\reborn_workrepo\合作指挥官版起义狂潮\Mods\XM\XMAlarak.SC2Mod\Base.SC2Data\GameData\RequirementData.xml
HaveAlarakSupplicantSacrificeCDR	CRequirement	mods/starcoop/starcoop.sc2mod/base.sc2data/gamedata/requirementdata.xml	C:\Users\22448\Downloads\重生虫心0.71汉化版（新）\reborn_workrepo\合作指挥官版起义狂潮\Mods\XM\XMAlarak.SC2Mod\Base.SC2Data\GameData\RequirementData.xml
HaveAlarakSupplicantSacrificeDamage	CRequirement	mods/starcoop/starcoop.sc2mod/base.sc2data/gamedata/requirementdata.xml	C:\Users\22448\Downloads\重生虫心0.71汉化版（新）\reborn_workrepo\合作指挥官版起义狂潮\Mods\XM\XMAlarak.SC2Mod\Base.SC2Data\GameData\RequirementData.xml
HaveAlarakSupplicantShieldRegen	CRequirement	mods/starcoop/starcoop.sc2mod/base.sc2data/gamedata/requirementdata.xml	C:\Users\22448\Downloads\重生虫心0.71汉化版（新）\reborn_workrepo\合作指挥官版起义狂潮\Mods\XM\XMAlarak.SC2Mod\Base.SC2Data\GameData\RequirementData.xml
HaveAlarakVanguardIncreaseSplashArea	CRequirement	mods/starcoop/starcoop.sc2mod/base.sc2data/gamedata/requirementdata.xml	C:\Users\22448\Downloads\重生虫心0.71汉化版（新）\reborn_workrepo\合作指挥官版起义狂潮\Mods\XM\XMAlarak.SC2Mod\Base.SC2Data\GameData\RequirementData.xml
HaveAlarakZealotFrenziedOverload	CRequirement	mods/starcoop/starcoop.sc2mod/base.sc2data/gamedata/requirementdata.xml	C:\Users\22448\Downloads\重生虫心0.71汉化版（新）\reborn_workrepo\合作指挥官版起义狂潮\Mods\XM\XMAlarak.SC2Mod\Base.SC2Data\GameData\RequirementData.xml
HaveCarrierRepairDrones	CRequirement	mods/starcoop/starcoop.sc2mod/base.sc2data/gamedata/requirementdata.xml	C:\Users\22448\Downloads\重生虫心0.71汉化版（新）\reborn_workrepo\合作指挥官版起义狂潮\Mods\XM\XMAlarak.SC2Mod\Base.SC2Data\GameData\RequirementData.xml
HaveCoopArtanisUpgrade	CRequirement	mods/starcoop/starcoop.sc2mod/base.sc2data/gamedata/requirementdata.xml	C:\Users\22448\Downloads\重生虫心0.71汉化版（新）\reborn_workrepo\合作指挥官版起义狂潮\Mods\XM\XMAlarak.SC2Mod\Base.SC2Data\GameData\RequirementData.xml
HaveCorsairPermanentCloak	CRequirement	mods/starcoop/starcoop.sc2mod/base.sc2data/gamedata/requirementdata.xml	C:\Users\22448\Downloads\重生虫心0.71汉化版（新）\reborn_workrepo\合作指挥官版起义狂潮\Mods\XM\XMAlarak.SC2Mod\Base.SC2Data\GameData\RequirementData.xml
HaveCyberneticsCoreandArtanisWarpTech	CRequirement	mods/starcoop/starcoop.sc2mod/base.sc2data/gamedata/requirementdata.xml	C:\Users\22448\Downloads\重生虫心0.71汉化版（新）\reborn_workrepo\合作指挥官版起义狂潮\Mods\XM\XMAlarak.SC2Mod\Base.SC2Data\GameData\RequirementData.xml
HaveFenixChampionScoutAOEMissiles	CRequirement	mods/starcoop/starcoop.sc2mod/base.sc2data/gamedata/requirementdata.xml	C:\Users\22448\Downloads\重生虫心0.71汉化版（新）\reborn_workrepo\合作指挥官版起义狂潮\Mods\XM\XMAlarak.SC2Mod\Base.SC2Data\GameData\RequirementData.xml
HaveFenixCommander	CRequirement	mods/starcoop/starcoop.sc2mod/base.sc2data/gamedata/requirementdata.xml	C:\Users\22448\Downloads\重生虫心0.71汉化版（新）\reborn_workrepo\合作指挥官版起义狂潮\Mods\XM\XMAlarak.SC2Mod\Base.SC2Data\GameData\RequirementData.xml
HaveHighTemplarImprovedSacrifice	CRequirement	mods/starcoop/starcoop.sc2mod/base.sc2data/gamedata/requirementdata.xml	C:\Users\22448\Downloads\重生虫心0.71汉化版（新）\reborn_workrepo\合作指挥官版起义狂潮\Mods\XM\XMAlarak.SC2Mod\Base.SC2Data\GameData\RequirementData.xml
HaveKaraxInstantWarp	CRequirement	mods/starcoop/starcoop.sc2mod/base.sc2data/gamedata/requirementdata.xml	C:\Users\22448\Downloads\重生虫心0.71汉化版（新）\reborn_workrepo\合作指挥官版起义狂潮\Mods\XM\XMAlarak.SC2Mod\Base.SC2Data\GameData\RequirementData.xml
HaveMasteryAlarakAutoAttackDamage	CRequirement	mods/starcoop/starcoop.sc2mod/base.sc2data/gamedata/requirementdata.xml	C:\Users\22448\Downloads\重生虫心0.71汉化版（新）\reborn_workrepo\合作指挥官版起义狂潮\Mods\XM\XMAlarak.SC2Mod\Base.SC2Data\GameData\RequirementData.xml
HaveMasteryAlarakChronoBoostSpeed	CRequirement	mods/starcoop/starcoop.sc2mod/base.sc2data/gamedata/requirementdata.xml	C:\Users\22448\Downloads\重生虫心0.71汉化版（新）\reborn_workrepo\合作指挥官版起义狂潮\Mods\XM\XMAlarak.SC2Mod\Base.SC2Data\GameData\RequirementData.xml
HaveMasteryAlarakDeathfleetCooldown	CRequirement	mods/starcoop/starcoop.sc2mod/base.sc2data/gamedata/requirementdata.xml	C:\Users\22448\Downloads\重生虫心0.71汉化版（新）\reborn_workrepo\合作指挥官版起义狂潮\Mods\XM\XMAlarak.SC2Mod\Base.SC2Data\GameData\RequirementData.xml
HaveMasteryAlarakEmpowerMeDuration	CRequirement	mods/starcoop/starcoop.sc2mod/base.sc2data/gamedata/requirementdata.xml	C:\Users\22448\Downloads\重生虫心0.71汉化版（新）\reborn_workrepo\合作指挥官版起义狂潮\Mods\XM\XMAlarak.SC2Mod\Base.SC2Data\GameData\RequirementData.xml
HaveMasteryAlarakOverchargeShieldsDamage	CRequirement	mods/starcoop/starcoop.sc2mod/base.sc2data/gamedata/requirementdata.xml	C:\Users\22448\Downloads\重生虫心0.71汉化版（新）\reborn_workrepo\合作指挥官版起义狂潮\Mods\XM\XMAlarak.SC2Mod\Base.SC2Data\GameData\RequirementData.xml
HaveMasteryAlarakUnitAttackSpeed	CRequirement	mods/starcoop/starcoop.sc2mod/base.sc2data/gamedata/requirementdata.xml	C:\Users\22448\Downloads\重生虫心0.71汉化版（新）\reborn_workrepo\合作指挥官版起义狂潮\Mods\XM\XMAlarak.SC2Mod\Base.SC2Data\GameData\RequirementData.xml
HaveMasteryAlarakWarpInTime	CRequirement	mods/starcoop/starcoop.sc2mod/base.sc2data/gamedata/requirementdata.xml	C:\Users\22448\Downloads\重生虫心0.71汉化版（新）\reborn_workrepo\合作指挥官版起义狂潮\Mods\XM\XMAlarak.SC2Mod\Base.SC2Data\GameData\RequirementData.xml
HaveMasteryNovaArmyOOCRegenSpeed	CRequirement	mods/starcoop/starcoop.sc2mod/base.sc2data/gamedata/requirementdata.xml	C:\Users\22448\Downloads\重生虫心0.71汉化版（新）\reborn_workrepo\合作指挥官版起义狂潮\Mods\XM\XMAlarak.SC2Mod\Base.SC2Data\GameData\RequirementData.xml
HaveNoSnapshots	CRequirement	mods/starcoop/starcoop.sc2mod/base.sc2data/gamedata/requirementdata.xml	C:\Users\22448\Downloads\重生虫心0.71汉化版（新）\reborn_workrepo\合作指挥官版起义狂潮\Mods\XM\XMAlarak.SC2Mod\Base.SC2Data\GameData\RequirementData.xml
HavePlayerCommander	CRequirement	mods/starcoop/starcoop.sc2mod/base.sc2data/gamedata/requirementdata.xml	C:\Users\22448\Downloads\重生虫心0.71汉化版（新）\reborn_workrepo\合作指挥官版起义狂潮\Mods\XM\XMAlarak.SC2Mod\Base.SC2Data\GameData\RequirementData.xml
HaveShieldBatteryStructureBarrier	CRequirement	mods/starcoop/starcoop.sc2mod/base.sc2data/gamedata/requirementdata.xml	C:\Users\22448\Downloads\重生虫心0.71汉化版（新）\reborn_workrepo\合作指挥官版起义狂潮\Mods\XM\XMAlarak.SC2Mod\Base.SC2Data\GameData\RequirementData.xml
HaveVorazunCloakDamageBoost	CRequirement	mods/starcoop/starcoop.sc2mod/base.sc2data/gamedata/requirementdata.xml	C:\Users\22448\Downloads\重生虫心0.71汉化版（新）\reborn_workrepo\合作指挥官版起义狂潮\Mods\XM\XMAlarak.SC2Mod\Base.SC2Data\GameData\RequirementData.xml
HaveVorazunCloakShieldRegen	CRequirement	mods/starcoop/starcoop.sc2mod/base.sc2data/gamedata/requirementdata.xml	C:\Users\22448\Downloads\重生虫心0.71汉化版（新）\reborn_workrepo\合作指挥官版起义狂潮\Mods\XM\XMAlarak.SC2Mod\Base.SC2Data\GameData\RequirementData.xml
HaveVorazunCommander	CRequirement	mods/starcoop/starcoop.sc2mod/base.sc2data/gamedata/requirementdata.xml	C:\Users\22448\Downloads\重生虫心0.71汉化版（新）\reborn_workrepo\合作指挥官版起义狂潮\Mods\XM\XMAlarak.SC2Mod\Base.SC2Data\GameData\RequirementData.xml
HaveWorshipAlarak	CRequirement	mods/starcoop/starcoop.sc2mod/base.sc2data/gamedata/requirementdata.xml	C:\Users\22448\Downloads\重生虫心0.71汉化版（新）\reborn_workrepo\合作指挥官版起义狂潮\Mods\XM\XMAlarak.SC2Mod\Base.SC2Data\GameData\RequirementData.xml
HHMercStarportCargoInstalled	CRequirement	mods/starcoop/starcoop.sc2mod/base.sc2data/gamedata/requirementdata.xml	C:\Users\22448\Downloads\重生虫心0.71汉化版（新）\reborn_workrepo\合作指挥官版起义狂潮\Mods\XM\XMAlarak.SC2Mod\Base.SC2Data\GameData\RequirementData.xml
KaraxHaveSolarEfficiencyLevel1	CRequirement	mods/starcoop/starcoop.sc2mod/base.sc2data/gamedata/requirementdata.xml	C:\Users\22448\Downloads\重生虫心0.71汉化版（新）\reborn_workrepo\合作指挥官版起义狂潮\Mods\XM\XMAlarak.SC2Mod\Base.SC2Data\GameData\RequirementData.xml
KaraxHaveSolarEfficiencyLevel2	CRequirement	mods/starcoop/starcoop.sc2mod/base.sc2data/gamedata/requirementdata.xml	C:\Users\22448\Downloads\重生虫心0.71汉化版（新）\reborn_workrepo\合作指挥官版起义狂潮\Mods\XM\XMAlarak.SC2Mod\Base.SC2Data\GameData\RequirementData.xml
KaraxHaveSolarEfficiencyLevel3	CRequirement	mods/starcoop/starcoop.sc2mod/base.sc2data/gamedata/requirementdata.xml	C:\Users\22448\Downloads\重生虫心0.71汉化版（新）\reborn_workrepo\合作指挥官版起义狂潮\Mods\XM\XMAlarak.SC2Mod\Base.SC2Data\GameData\RequirementData.xml
KaraxLevel05	CRequirement	mods/starcoop/starcoop.sc2mod/base.sc2data/gamedata/requirementdata.xml	C:\Users\22448\Downloads\重生虫心0.71汉化版（新）\reborn_workrepo\合作指挥官版起义狂潮\Mods\XM\XMAlarak.SC2Mod\Base.SC2Data\GameData\RequirementData.xml
KaraxLevel06	CRequirement	mods/starcoop/starcoop.sc2mod/base.sc2data/gamedata/requirementdata.xml	C:\Users\22448\Downloads\重生虫心0.71汉化版（新）\reborn_workrepo\合作指挥官版起义狂潮\Mods\XM\XMAlarak.SC2Mod\Base.SC2Data\GameData\RequirementData.xml
KaraxLevel14	CRequirement	mods/starcoop/starcoop.sc2mod/base.sc2data/gamedata/requirementdata.xml	C:\Users\22448\Downloads\重生虫心0.71汉化版（新）\reborn_workrepo\合作指挥官版起义狂潮\Mods\XM\XMAlarak.SC2Mod\Base.SC2Data\GameData\RequirementData.xml
LearnAlarakAttackStunUpgrade	CRequirement	mods/starcoop/starcoop.sc2mod/base.sc2data/gamedata/requirementdata.xml	C:\Users\22448\Downloads\重生虫心0.71汉化版（新）\reborn_workrepo\合作指挥官版起义狂潮\Mods\XM\XMAlarak.SC2Mod\Base.SC2Data\GameData\RequirementData.xml
LearnAlarakDestructionWaveDistance	CRequirement	mods/starcoop/starcoop.sc2mod/base.sc2data/gamedata/requirementdata.xml	C:\Users\22448\Downloads\重生虫心0.71汉化版（新）\reborn_workrepo\合作指挥官版起义狂潮\Mods\XM\XMAlarak.SC2Mod\Base.SC2Data\GameData\RequirementData.xml
LearnAlarakHavocAbilityRange	CRequirement	mods/starcoop/starcoop.sc2mod/base.sc2data/gamedata/requirementdata.xml	C:\Users\22448\Downloads\重生虫心0.71汉化版（新）\reborn_workrepo\合作指挥官版起义狂潮\Mods\XM\XMAlarak.SC2Mod\Base.SC2Data\GameData\RequirementData.xml
LearnAlarakHavocPermanentCloak	CRequirement	mods/starcoop/starcoop.sc2mod/base.sc2data/gamedata/requirementdata.xml	C:\Users\22448\Downloads\重生虫心0.71汉化版（新）\reborn_workrepo\合作指挥官版起义狂潮\Mods\XM\XMAlarak.SC2Mod\Base.SC2Data\GameData\RequirementData.xml
LearnAlarakHavocTargetLockBuff	CRequirement	mods/starcoop/starcoop.sc2mod/base.sc2data/gamedata/requirementdata.xml	C:\Users\22448\Downloads\重生虫心0.71汉化版（新）\reborn_workrepo\合作指挥官版起义狂潮\Mods\XM\XMAlarak.SC2Mod\Base.SC2Data\GameData\RequirementData.xml
LearnAStrongHeart	CRequirement	mods/starcoop/starcoop.sc2mod/base.sc2data/gamedata/requirementdata.xml	C:\Users\22448\Downloads\重生虫心0.71汉化版（新）\reborn_workrepo\合作指挥官版起义狂潮\Mods\XM\XMAlarak.SC2Mod\Base.SC2Data\GameData\RequirementData.xml
LearnCarrierRepairDrones	CRequirement	mods/starcoop/starcoop.sc2mod/base.sc2data/gamedata/requirementdata.xml	C:\Users\22448\Downloads\重生虫心0.71汉化版（新）\reborn_workrepo\合作指挥官版起义狂潮\Mods\XM\XMAlarak.SC2Mod\Base.SC2Data\GameData\RequirementData.xml
LearnChronoBeam	CRequirement	mods/starcoop/starcoop.sc2mod/base.sc2data/gamedata/requirementdata.xml	C:\Users\22448\Downloads\重生虫心0.71汉化版（新）\reborn_workrepo\合作指挥官版起义狂潮\Mods\XM\XMAlarak.SC2Mod\Base.SC2Data\GameData\RequirementData.xml
LearnCorsairDisruptionWeb	CRequirement	mods/starcoop/starcoop.sc2mod/base.sc2data/gamedata/requirementdata.xml	C:\Users\22448\Downloads\重生虫心0.71汉化版（新）\reborn_workrepo\合作指挥官版起义狂潮\Mods\XM\XMAlarak.SC2Mod\Base.SC2Data\GameData\RequirementData.xml
LearnCorsairPermanentCloak	CRequirement	mods/starcoop/starcoop.sc2mod/base.sc2data/gamedata/requirementdata.xml	C:\Users\22448\Downloads\重生虫心0.71汉化版（新）\reborn_workrepo\合作指挥官版起义狂潮\Mods\XM\XMAlarak.SC2Mod\Base.SC2Data\GameData\RequirementData.xml
LearnDarkPylonMorph	CRequirement	mods/starcoop/starcoop.sc2mod/base.sc2data/gamedata/requirementdata.xml	C:\Users\22448\Downloads\重生虫心0.71汉化版（新）\reborn_workrepo\合作指挥官版起义狂潮\Mods\XM\XMAlarak.SC2Mod\Base.SC2Data\GameData\RequirementData.xml
LearnDoubleGravitonBeam	CRequirement	mods/starcoop/starcoop.sc2mod/base.sc2data/gamedata/requirementdata.xml	C:\Users\22448\Downloads\重生虫心0.71汉化版（新）\reborn_workrepo\合作指挥官版起义狂潮\Mods\XM\XMAlarak.SC2Mod\Base.SC2Data\GameData\RequirementData.xml
LearnFenixArbiterDetection	CRequirement	mods/starcoop/starcoop.sc2mod/base.sc2data/gamedata/requirementdata.xml	C:\Users\22448\Downloads\重生虫心0.71汉化版（新）\reborn_workrepo\合作指挥官版起义狂潮\Mods\XM\XMAlarak.SC2Mod\Base.SC2Data\GameData\RequirementData.xml
LearnFenixChampionCarrierBombers	CRequirement	mods/starcoop/starcoop.sc2mod/base.sc2data/gamedata/requirementdata.xml	C:\Users\22448\Downloads\重生虫心0.71汉化版（新）\reborn_workrepo\合作指挥官版起义狂潮\Mods\XM\XMAlarak.SC2Mod\Base.SC2Data\GameData\RequirementData.xml
LearnFenixChampionScoutAOEMissiles	CRequirement	mods/starcoop/starcoop.sc2mod/base.sc2data/gamedata/requirementdata.xml	C:\Users\22448\Downloads\重生虫心0.71汉化版（新）\reborn_workrepo\合作指挥官版起义狂潮\Mods\XM\XMAlarak.SC2Mod\Base.SC2Data\GameData\RequirementData.xml
LearnFenixScoutWeaponRange	CRequirement	mods/starcoop/starcoop.sc2mod/base.sc2data/gamedata/requirementdata.xml	C:\Users\22448\Downloads\重生虫心0.71汉化版（新）\reborn_workrepo\合作指挥官版起义狂潮\Mods\XM\XMAlarak.SC2Mod\Base.SC2Data\GameData\RequirementData.xml
LearnFenixSentryGuardianZoneUpgrade	CRequirement	mods/starcoop/starcoop.sc2mod/base.sc2data/gamedata/requirementdata.xml	C:\Users\22448\Downloads\重生虫心0.71汉化版（新）\reborn_workrepo\合作指挥官版起义狂潮\Mods\XM\XMAlarak.SC2Mod\Base.SC2Data\GameData\RequirementData.xml
LearnFenixSuitAttackDamage	CRequirement	mods/starcoop/starcoop.sc2mod/base.sc2data/gamedata/requirementdata.xml	C:\Users\22448\Downloads\重生虫心0.71汉化版（新）\reborn_workrepo\合作指挥官版起义狂潮\Mods\XM\XMAlarak.SC2Mod\Base.SC2Data\GameData\RequirementData.xml
LearnGravitonWarpCatapult	CRequirement	mods/starcoop/starcoop.sc2mod/base.sc2data/gamedata/requirementdata.xml	C:\Users\22448\Downloads\重生虫心0.71汉化版（新）\reborn_workrepo\合作指挥官版起义狂潮\Mods\XM\XMAlarak.SC2Mod\Base.SC2Data\GameData\RequirementData.xml
LearnKaraxTurretAttackSpeed	CRequirement	mods/starcoop/starcoop.sc2mod/base.sc2data/gamedata/requirementdata.xml	C:\Users\22448\Downloads\重生虫心0.71汉化版（新）\reborn_workrepo\合作指挥官版起义狂潮\Mods\XM\XMAlarak.SC2Mod\Base.SC2Data\GameData\RequirementData.xml
LearnKaraxTurretRange	CRequirement	mods/starcoop/starcoop.sc2mod/base.sc2data/gamedata/requirementdata.xml	C:\Users\22448\Downloads\重生虫心0.71汉化版（新）\reborn_workrepo\合作指挥官版起义狂潮\Mods\XM\XMAlarak.SC2Mod\Base.SC2Data\GameData\RequirementData.xml
LearnMiragePhaseArmor	CRequirement	mods/starcoop/starcoop.sc2mod/base.sc2data/gamedata/requirementdata.xml	C:\Users\22448\Downloads\重生虫心0.71汉化版（新）\reborn_workrepo\合作指挥官版起义狂潮\Mods\XM\XMAlarak.SC2Mod\Base.SC2Data\GameData\RequirementData.xml
LearnOracleStasisWardUpgrade	CRequirement	mods/starcoop/starcoop.sc2mod/base.sc2data/gamedata/requirementdata.xml	C:\Users\22448\Downloads\重生虫心0.71汉化版（新）\reborn_workrepo\合作指挥官版起义狂潮\Mods\XM\XMAlarak.SC2Mod\Base.SC2Data\GameData\RequirementData.xml
LearnOracleWormhole	CRequirement	mods/starcoop/starcoop.sc2mod/base.sc2data/gamedata/requirementdata.xml	C:\Users\22448\Downloads\重生虫心0.71汉化版（新）\reborn_workrepo\合作指挥官版起义狂潮\Mods\XM\XMAlarak.SC2Mod\Base.SC2Data\GameData\RequirementData.xml
LearnProtossArmor1	CRequirement	mods/starcoop/starcoop.sc2mod/base.sc2data/gamedata/requirementdata.xml	C:\Users\22448\Downloads\重生虫心0.71汉化版（新）\reborn_workrepo\合作指挥官版起义狂潮\Mods\XM\XMAlarak.SC2Mod\Base.SC2Data\GameData\RequirementData.xml
LearnProtossArmor2	CRequirement	mods/starcoop/starcoop.sc2mod/base.sc2data/gamedata/requirementdata.xml	C:\Users\22448\Downloads\重生虫心0.71汉化版（新）\reborn_workrepo\合作指挥官版起义狂潮\Mods\XM\XMAlarak.SC2Mod\Base.SC2Data\GameData\RequirementData.xml
LearnProtossArmor3	CRequirement	mods/starcoop/starcoop.sc2mod/base.sc2data/gamedata/requirementdata.xml	C:\Users\22448\Downloads\重生虫心0.71汉化版（新）\reborn_workrepo\合作指挥官版起义狂潮\Mods\XM\XMAlarak.SC2Mod\Base.SC2Data\GameData\RequirementData.xml
LearnProtossGroundArmor2	CRequirement	mods/starcoop/starcoop.sc2mod/base.sc2data/gamedata/requirementdata.xml	C:\Users\22448\Downloads\重生虫心0.71汉化版（新）\reborn_workrepo\合作指挥官版起义狂潮\Mods\XM\XMAlarak.SC2Mod\Base.SC2Data\GameData\RequirementData.xml
LearnProtossGroundArmor3	CRequirement	mods/starcoop/starcoop.sc2mod/base.sc2data/gamedata/requirementdata.xml	C:\Users\22448\Downloads\重生虫心0.71汉化版（新）\reborn_workrepo\合作指挥官版起义狂潮\Mods\XM\XMAlarak.SC2Mod\Base.SC2Data\GameData\RequirementData.xml
LearnProtossGroundWeapon2	CRequirement	mods/starcoop/starcoop.sc2mod/base.sc2data/gamedata/requirementdata.xml	C:\Users\22448\Downloads\重生虫心0.71汉化版（新）\reborn_workrepo\合作指挥官版起义狂潮\Mods\XM\XMAlarak.SC2Mod\Base.SC2Data\GameData\RequirementData.xml
LearnProtossGroundWeapon3	CRequirement	mods/starcoop/starcoop.sc2mod/base.sc2data/gamedata/requirementdata.xml	C:\Users\22448\Downloads\重生虫心0.71汉化版（新）\reborn_workrepo\合作指挥官版起义狂潮\Mods\XM\XMAlarak.SC2Mod\Base.SC2Data\GameData\RequirementData.xml
LearnProtossWeapons1	CRequirement	mods/starcoop/starcoop.sc2mod/base.sc2data/gamedata/requirementdata.xml	C:\Users\22448\Downloads\重生虫心0.71汉化版（新）\reborn_workrepo\合作指挥官版起义狂潮\Mods\XM\XMAlarak.SC2Mod\Base.SC2Data\GameData\RequirementData.xml
LearnProtossWeapons2	CRequirement	mods/starcoop/starcoop.sc2mod/base.sc2data/gamedata/requirementdata.xml	C:\Users\22448\Downloads\重生虫心0.71汉化版（新）\reborn_workrepo\合作指挥官版起义狂潮\Mods\XM\XMAlarak.SC2Mod\Base.SC2Data\GameData\RequirementData.xml
LearnProtossWeapons3	CRequirement	mods/starcoop/starcoop.sc2mod/base.sc2data/gamedata/requirementdata.xml	C:\Users\22448\Downloads\重生虫心0.71汉化版（新）\reborn_workrepo\合作指挥官版起义狂潮\Mods\XM\XMAlarak.SC2Mod\Base.SC2Data\GameData\RequirementData.xml
LearnShieldBatteryStructureBarrier	CRequirement	mods/starcoop/starcoop.sc2mod/base.sc2data/gamedata/requirementdata.xml	C:\Users\22448\Downloads\重生虫心0.71汉化版（新）\reborn_workrepo\合作指挥官版起义狂潮\Mods\XM\XMAlarak.SC2Mod\Base.SC2Data\GameData\RequirementData.xml
LearnShieldRepairDouble	CRequirement	mods/starcoop/starcoop.sc2mod/base.sc2data/gamedata/requirementdata.xml	C:\Users\22448\Downloads\重生虫心0.71汉化版（新）\reborn_workrepo\合作指挥官版起义狂潮\Mods\XM\XMAlarak.SC2Mod\Base.SC2Data\GameData\RequirementData.xml
LearnSOAWarpGateCharges	CRequirement	mods/starcoop/starcoop.sc2mod/base.sc2data/gamedata/requirementdata.xml	C:\Users\22448\Downloads\重生虫心0.71汉化版（新）\reborn_workrepo\合作指挥官版起义狂潮\Mods\XM\XMAlarak.SC2Mod\Base.SC2Data\GameData\RequirementData.xml
LearnTempestDisintegration	CRequirement	mods/starcoop/starcoop.sc2mod/base.sc2data/gamedata/requirementdata.xml	C:\Users\22448\Downloads\重生虫心0.71汉化版（新）\reborn_workrepo\合作指挥官版起义狂潮\Mods\XM\XMAlarak.SC2Mod\Base.SC2Data\GameData\RequirementData.xml
LearnVoidRayPrismaticRange	CRequirement	mods/starcoop/starcoop.sc2mod/base.sc2data/gamedata/requirementdata.xml	C:\Users\22448\Downloads\重生虫心0.71汉化版（新）\reborn_workrepo\合作指挥官版起义狂潮\Mods\XM\XMAlarak.SC2Mod\Base.SC2Data\GameData\RequirementData.xml
LearnWarpGateandNotArtanis	CRequirement	mods/starcoop/starcoop.sc2mod/base.sc2data/gamedata/requirementdata.xml	C:\Users\22448\Downloads\重生虫心0.71汉化版（新）\reborn_workrepo\合作指挥官版起义狂潮\Mods\XM\XMAlarak.SC2Mod\Base.SC2Data\GameData\RequirementData.xml
LearnWorshipAlarak	CRequirement	mods/starcoop/starcoop.sc2mod/base.sc2data/gamedata/requirementdata.xml	C:\Users\22448\Downloads\重生虫心0.71汉化版（新）\reborn_workrepo\合作指挥官版起义狂潮\Mods\XM\XMAlarak.SC2Mod\Base.SC2Data\GameData\RequirementData.xml
MutatorIsPlayer1	CRequirement	mods/starcoop/starcoop.sc2mod/base.sc2data/gamedata/requirementdata.xml	C:\Users\22448\Downloads\重生虫心0.71汉化版（新）\reborn_workrepo\合作指挥官版起义狂潮\Mods\XM\XMAlarak.SC2Mod\Base.SC2Data\GameData\RequirementData.xml
MutatorIsPlayer2	CRequirement	mods/starcoop/starcoop.sc2mod/base.sc2data/gamedata/requirementdata.xml	C:\Users\22448\Downloads\重生虫心0.71汉化版（新）\reborn_workrepo\合作指挥官版起义狂潮\Mods\XM\XMAlarak.SC2Mod\Base.SC2Data\GameData\RequirementData.xml
MutatorWorkerIsAsleep	CRequirement	mods/starcoop/starcoop.sc2mod/base.sc2data/gamedata/requirementdata.xml	C:\Users\22448\Downloads\重生虫心0.71汉化版（新）\reborn_workrepo\合作指挥官版起义狂潮\Mods\XM\XMAlarak.SC2Mod\Base.SC2Data\GameData\RequirementData.xml
NearAlarak	CRequirement	mods/starcoop/starcoop.sc2mod/base.sc2data/gamedata/requirementdata.xml	C:\Users\22448\Downloads\重生虫心0.71汉化版（新）\reborn_workrepo\合作指挥官版起义狂潮\Mods\XM\XMAlarak.SC2Mod\Base.SC2Data\GameData\RequirementData.xml
NoAlarakMothership	CRequirement	mods/starcoop/starcoop.sc2mod/base.sc2data/gamedata/requirementdata.xml	C:\Users\22448\Downloads\重生虫心0.71汉化版（新）\reborn_workrepo\合作指挥官版起义狂潮\Mods\XM\XMAlarak.SC2Mod\Base.SC2Data\GameData\RequirementData.xml
NotHaveDarkArchonMindControl	CRequirement	mods/starcoop/starcoop.sc2mod/base.sc2data/gamedata/requirementdata.xml	C:\Users\22448\Downloads\重生虫心0.71汉化版（新）\reborn_workrepo\合作指挥官版起义狂潮\Mods\XM\XMAlarak.SC2Mod\Base.SC2Data\GameData\RequirementData.xml
ResearchBeamBounce	CRequirement	mods/starcoop/starcoop.sc2mod/base.sc2data/gamedata/requirementdata.xml	C:\Users\22448\Downloads\重生虫心0.71汉化版（新）\reborn_workrepo\合作指挥官版起义狂潮\Mods\XM\XMAlarak.SC2Mod\Base.SC2Data\GameData\RequirementData.xml
ResearchDestructionBeam	CRequirement	mods/starcoop/starcoop.sc2mod/base.sc2data/gamedata/requirementdata.xml	C:\Users\22448\Downloads\重生虫心0.71汉化版（新）\reborn_workrepo\合作指挥官版起义狂潮\Mods\XM\XMAlarak.SC2Mod\Base.SC2Data\GameData\RequirementData.xml
ResearchPrismaticAlignment	CRequirement	mods/starcoop/starcoop.sc2mod/base.sc2data/gamedata/requirementdata.xml	C:\Users\22448\Downloads\重生虫心0.71汉化版（新）\reborn_workrepo\合作指挥官版起义狂潮\Mods\XM\XMAlarak.SC2Mod\Base.SC2Data\GameData\RequirementData.xml
SolarForgeRequirements	CRequirement	mods/starcoop/starcoop.sc2mod/base.sc2data/gamedata/requirementdata.xml	C:\Users\22448\Downloads\重生虫心0.71汉化版（新）\reborn_workrepo\合作指挥官版起义狂潮\Mods\XM\XMAlarak.SC2Mod\Base.SC2Data\GameData\RequirementData.xml
UseAlarakACHavocDetection	CRequirement	mods/starcoop/starcoop.sc2mod/base.sc2data/gamedata/requirementdata.xml	C:\Users\22448\Downloads\重生虫心0.71汉化版（新）\reborn_workrepo\合作指挥官版起义狂潮\Mods\XM\XMAlarak.SC2Mod\Base.SC2Data\GameData\RequirementData.xml
UseBlink	CRequirement	mods/starcoop/starcoop.sc2mod/base.sc2data/gamedata/requirementdata.xml	C:\Users\22448\Downloads\重生虫心0.71汉化版（新）\reborn_workrepo\合作指挥官版起义狂潮\Mods\XM\XMAlarak.SC2Mod\Base.SC2Data\GameData\RequirementData.xml
UseBlinkSlayer	CRequirement	mods/starcoop/starcoop.sc2mod/base.sc2data/gamedata/requirementdata.xml	C:\Users\22448\Downloads\重生虫心0.71汉化版（新）\reborn_workrepo\合作指挥官版起义狂潮\Mods\XM\XMAlarak.SC2Mod\Base.SC2Data\GameData\RequirementData.xml
UseVoidHighTemplarMindBlast	CRequirement	mods/starcoop/starcoop.sc2mod/base.sc2data/gamedata/requirementdata.xml	C:\Users\22448\Downloads\重生虫心0.71汉化版（新）\reborn_workrepo\合作指挥官版起义狂潮\Mods\XM\XMAlarak.SC2Mod\Base.SC2Data\GameData\RequirementData.xml
VorazunLevel12	CRequirement	mods/starcoop/starcoop.sc2mod/base.sc2data/gamedata/requirementdata.xml	C:\Users\22448\Downloads\重生虫心0.71汉化版（新）\reborn_workrepo\合作指挥官版起义狂潮\Mods\XM\XMAlarak.SC2Mod\Base.SC2Data\GameData\RequirementData.xml
ZagaraLevel05	CRequirement	mods/starcoop/starcoop.sc2mod/base.sc2data/gamedata/requirementdata.xml	C:\Users\22448\Downloads\重生虫心0.71汉化版（新）\reborn_workrepo\合作指挥官版起义狂潮\Mods\XM\XMAlarak.SC2Mod\Base.SC2Data\GameData\RequirementData.xml
AllowBehaviorAlarakEmpowerDisplay	CRequirementAllowBehavior	mods/starcoop/starcoop.sc2mod/base.sc2data/gamedata/requirementnodedata.xml	C:\Users\22448\Downloads\重生虫心0.71汉化版（新）\reborn_workrepo\合作指挥官版起义狂潮\Mods\XM\XMAlarak.SC2Mod\Base.SC2Data\GameData\RequirementNodeData.xml
AndCountUnitCyberneticsCoreCompleteOnlyTechTreeCheatEq2888706574CountUnitSolarForgeQueuedOrBetter0	CRequirementAnd	mods/starcoop/starcoop.sc2mod/base.sc2data/gamedata/requirementnodedata.xml	C:\Users\22448\Downloads\重生虫心0.71汉化版（新）\reborn_workrepo\合作指挥官版起义狂潮\Mods\XM\XMAlarak.SC2Mod\Base.SC2Data\GameData\RequirementNodeData.xml
AndCountUnitTwilightCouncilCompleteOnlyEq1740904084CountUpgradeProtossGroundWeaponsLevel1CompleteOnly1	CRequirementAnd	mods/starcoop/starcoop.sc2mod/base.sc2data/gamedata/requirementnodedata.xml	C:\Users\22448\Downloads\重生虫心0.71汉化版（新）\reborn_workrepo\合作指挥官版起义狂潮\Mods\XM\XMAlarak.SC2Mod\Base.SC2Data\GameData\RequirementNodeData.xml
AndCountUnitTwilightCouncilCompleteOnlyEq1773896888CountUpgradeProtossGroundArmorsLevel1CompleteOnly1	CRequirementAnd	mods/starcoop/starcoop.sc2mod/base.sc2data/gamedata/requirementnodedata.xml	C:\Users\22448\Downloads\重生虫心0.71汉化版（新）\reborn_workrepo\合作指挥官版起义狂潮\Mods\XM\XMAlarak.SC2Mod\Base.SC2Data\GameData\RequirementNodeData.xml
AndCountUnitTwilightCouncilCompleteOnlyEq2653633474CountUpgradeProtossGroundWeaponsLevel1CompleteOnly1	CRequirementAnd	mods/starcoop/starcoop.sc2mod/base.sc2data/gamedata/requirementnodedata.xml	C:\Users\22448\Downloads\重生虫心0.71汉化版（新）\reborn_workrepo\合作指挥官版起义狂潮\Mods\XM\XMAlarak.SC2Mod\Base.SC2Data\GameData\RequirementNodeData.xml
AndCountUnitTwilightCouncilCompleteOnlyEq3056608045CountUpgradeProtossGroundWeaponsLevel2CompleteOnly1	CRequirementAnd	mods/starcoop/starcoop.sc2mod/base.sc2data/gamedata/requirementnodedata.xml	C:\Users\22448\Downloads\重生虫心0.71汉化版（新）\reborn_workrepo\合作指挥官版起义狂潮\Mods\XM\XMAlarak.SC2Mod\Base.SC2Data\GameData\RequirementNodeData.xml
AndCountUnitTwilightCouncilCompleteOnlyEq3569156689CountUpgradeProtossGroundArmorsLevel1CompleteOnly1	CRequirementAnd	mods/starcoop/starcoop.sc2mod/base.sc2data/gamedata/requirementnodedata.xml	C:\Users\22448\Downloads\重生虫心0.71汉化版（新）\reborn_workrepo\合作指挥官版起义狂潮\Mods\XM\XMAlarak.SC2Mod\Base.SC2Data\GameData\RequirementNodeData.xml
AndCountUnitTwilightCouncilCompleteOnlyEq3649763191CountUpgradeProtossGroundArmorsLevel2CompleteOnly1	CRequirementAnd	mods/starcoop/starcoop.sc2mod/base.sc2data/gamedata/requirementnodedata.xml	C:\Users\22448\Downloads\重生虫心0.71汉化版（新）\reborn_workrepo\合作指挥官版起义狂潮\Mods\XM\XMAlarak.SC2Mod\Base.SC2Data\GameData\RequirementNodeData.xml
AndCountUnitTwilightCouncilCompleteOnlyEq419273267CountUpgradeProtossGroundArmorsLevel2CompleteOnly1	CRequirementAnd	mods/starcoop/starcoop.sc2mod/base.sc2data/gamedata/requirementnodedata.xml	C:\Users\22448\Downloads\重生虫心0.71汉化版（新）\reborn_workrepo\合作指挥官版起义狂潮\Mods\XM\XMAlarak.SC2Mod\Base.SC2Data\GameData\RequirementNodeData.xml
AndCountUnitTwilightCouncilCompleteOnlyEq629999927CountUpgradeProtossGroundWeaponsLevel2CompleteOnly1	CRequirementAnd	mods/starcoop/starcoop.sc2mod/base.sc2data/gamedata/requirementnodedata.xml	C:\Users\22448\Downloads\重生虫心0.71汉化版（新）\reborn_workrepo\合作指挥官版起义狂潮\Mods\XM\XMAlarak.SC2Mod\Base.SC2Data\GameData\RequirementNodeData.xml
AndCountUpgradeAlarakCommanderCompleteOnlyGT10CountUpgradeCommanderLevelCompleteOnlyNot1225867992CountBehaviorUnderConstructionCompleteOnlyAtUnit	CRequirementAnd	mods/starcoop/starcoop.sc2mod/base.sc2data/gamedata/requirementnodedata.xml	C:\Users\22448\Downloads\重生虫心0.71汉化版（新）\reborn_workrepo\合作指挥官版起义狂潮\Mods\XM\XMAlarak.SC2Mod\Base.SC2Data\GameData\RequirementNodeData.xml
AndCountUpgradeAlarakCommanderCompleteOnlyGT11CountUpgradeCommanderLevelCompleteOnlyNot1225867992CountBehaviorUnderConstructionCompleteOnlyAtUnit	CRequirementAnd	mods/starcoop/starcoop.sc2mod/base.sc2data/gamedata/requirementnodedata.xml	C:\Users\22448\Downloads\重生虫心0.71汉化版（新）\reborn_workrepo\合作指挥官版起义狂潮\Mods\XM\XMAlarak.SC2Mod\Base.SC2Data\GameData\RequirementNodeData.xml
AndCountUpgradeAlarakCommanderCompleteOnlyGT12CountUpgradeCommanderLevelCompleteOnlyNot1225867992CountBehaviorUnderConstructionCompleteOnlyAtUnit	CRequirementAnd	mods/starcoop/starcoop.sc2mod/base.sc2data/gamedata/requirementnodedata.xml	C:\Users\22448\Downloads\重生虫心0.71汉化版（新）\reborn_workrepo\合作指挥官版起义狂潮\Mods\XM\XMAlarak.SC2Mod\Base.SC2Data\GameData\RequirementNodeData.xml
AndCountUpgradeAlarakCommanderCompleteOnlyGT13CountUpgradeCommanderLevelCompleteOnlyNot1225867992CountBehaviorUnderConstructionCompleteOnlyAtUnit	CRequirementAnd	mods/starcoop/starcoop.sc2mod/base.sc2data/gamedata/requirementnodedata.xml	C:\Users\22448\Downloads\重生虫心0.71汉化版（新）\reborn_workrepo\合作指挥官版起义狂潮\Mods\XM\XMAlarak.SC2Mod\Base.SC2Data\GameData\RequirementNodeData.xml
AndCountUpgradeAlarakCommanderCompleteOnlyGT14CountUpgradeCommanderLevelCompleteOnlyNot1225867992CountBehaviorUnderConstructionCompleteOnlyAtUnit	CRequirementAnd	mods/starcoop/starcoop.sc2mod/base.sc2data/gamedata/requirementnodedata.xml	C:\Users\22448\Downloads\重生虫心0.71汉化版（新）\reborn_workrepo\合作指挥官版起义狂潮\Mods\XM\XMAlarak.SC2Mod\Base.SC2Data\GameData\RequirementNodeData.xml
AndCountUpgradeAlarakCommanderCompleteOnlyGT15CountUpgradeCommanderLevelCompleteOnlyNot1225867992CountBehaviorUnderConstructionCompleteOnlyAtUnit	CRequirementAnd	mods/starcoop/starcoop.sc2mod/base.sc2data/gamedata/requirementnodedata.xml	C:\Users\22448\Downloads\重生虫心0.71汉化版（新）\reborn_workrepo\合作指挥官版起义狂潮\Mods\XM\XMAlarak.SC2Mod\Base.SC2Data\GameData\RequirementNodeData.xml
AndCountUpgradeAlarakCommanderCompleteOnlyGT2CountUpgradeCommanderLevelCompleteOnlyNot1225867992CountBehaviorUnderConstructionCompleteOnlyAtUnit	CRequirementAnd	mods/starcoop/starcoop.sc2mod/base.sc2data/gamedata/requirementnodedata.xml	C:\Users\22448\Downloads\重生虫心0.71汉化版（新）\reborn_workrepo\合作指挥官版起义狂潮\Mods\XM\XMAlarak.SC2Mod\Base.SC2Data\GameData\RequirementNodeData.xml
AndCountUpgradeAlarakCommanderCompleteOnlyGT3CountUpgradeCommanderLevelCompleteOnlyNot1225867992CountBehaviorUnderConstructionCompleteOnlyAtUnit	CRequirementAnd	mods/starcoop/starcoop.sc2mod/base.sc2data/gamedata/requirementnodedata.xml	C:\Users\22448\Downloads\重生虫心0.71汉化版（新）\reborn_workrepo\合作指挥官版起义狂潮\Mods\XM\XMAlarak.SC2Mod\Base.SC2Data\GameData\RequirementNodeData.xml
AndCountUpgradeAlarakCommanderCompleteOnlyGT4CountUpgradeCommanderLevelCompleteOnlyNot1225867992CountBehaviorUnderConstructionCompleteOnlyAtUnit	CRequirementAnd	mods/starcoop/starcoop.sc2mod/base.sc2data/gamedata/requirementnodedata.xml	C:\Users\22448\Downloads\重生虫心0.71汉化版（新）\reborn_workrepo\合作指挥官版起义狂潮\Mods\XM\XMAlarak.SC2Mod\Base.SC2Data\GameData\RequirementNodeData.xml
AndCountUpgradeAlarakCommanderCompleteOnlyGT5CountUpgradeCommanderLevelCompleteOnlyNot1225867992CountBehaviorUnderConstructionCompleteOnlyAtUnit	CRequirementAnd	mods/starcoop/starcoop.sc2mod/base.sc2data/gamedata/requirementnodedata.xml	C:\Users\22448\Downloads\重生虫心0.71汉化版（新）\reborn_workrepo\合作指挥官版起义狂潮\Mods\XM\XMAlarak.SC2Mod\Base.SC2Data\GameData\RequirementNodeData.xml
AndCountUpgradeAlarakCommanderCompleteOnlyGT6CountUpgradeCommanderLevelCompleteOnlyNot1225867992CountBehaviorUnderConstructionCompleteOnlyAtUnit	CRequirementAnd	mods/starcoop/starcoop.sc2mod/base.sc2data/gamedata/requirementnodedata.xml	C:\Users\22448\Downloads\重生虫心0.71汉化版（新）\reborn_workrepo\合作指挥官版起义狂潮\Mods\XM\XMAlarak.SC2Mod\Base.SC2Data\GameData\RequirementNodeData.xml
AndCountUpgradeAlarakCommanderCompleteOnlyGT7CountUpgradeCommanderLevelCompleteOnlyNot1225867992CountBehaviorUnderConstructionCompleteOnlyAtUnit	CRequirementAnd	mods/starcoop/starcoop.sc2mod/base.sc2data/gamedata/requirementnodedata.xml	C:\Users\22448\Downloads\重生虫心0.71汉化版（新）\reborn_workrepo\合作指挥官版起义狂潮\Mods\XM\XMAlarak.SC2Mod\Base.SC2Data\GameData\RequirementNodeData.xml
AndCountUpgradeAlarakCommanderCompleteOnlyGT8CountUpgradeCommanderLevelCompleteOnlyNot1225867992CountBehaviorUnderConstructionCompleteOnlyAtUnit	CRequirementAnd	mods/starcoop/starcoop.sc2mod/base.sc2data/gamedata/requirementnodedata.xml	C:\Users\22448\Downloads\重生虫心0.71汉化版（新）\reborn_workrepo\合作指挥官版起义狂潮\Mods\XM\XMAlarak.SC2Mod\Base.SC2Data\GameData\RequirementNodeData.xml
AndCountUpgradeAlarakCommanderCompleteOnlyGT9CountUpgradeCommanderLevelCompleteOnlyNot1225867992CountBehaviorUnderConstructionCompleteOnlyAtUnit	CRequirementAnd	mods/starcoop/starcoop.sc2mod/base.sc2data/gamedata/requirementnodedata.xml	C:\Users\22448\Downloads\重生虫心0.71汉化版（新）\reborn_workrepo\合作指挥官版起义狂潮\Mods\XM\XMAlarak.SC2Mod\Base.SC2Data\GameData\RequirementNodeData.xml
AndCountUpgradeAlarakCommanderCompleteOnlyGTECountUpgradeCommanderLevelCompleteOnly11	CRequirementAnd	mods/starcoop/starcoop.sc2mod/base.sc2data/gamedata/requirementnodedata.xml	C:\Users\22448\Downloads\重生虫心0.71汉化版（新）\reborn_workrepo\合作指挥官版起义狂潮\Mods\XM\XMAlarak.SC2Mod\Base.SC2Data\GameData\RequirementNodeData.xml
AndCountUpgradeAlarakCommanderCompleteOnlyGTECountUpgradeCommanderLevelCompleteOnly14	CRequirementAnd	mods/starcoop/starcoop.sc2mod/base.sc2data/gamedata/requirementnodedata.xml	C:\Users\22448\Downloads\重生虫心0.71汉化版（新）\reborn_workrepo\合作指挥官版起义狂潮\Mods\XM\XMAlarak.SC2Mod\Base.SC2Data\GameData\RequirementNodeData.xml
AndCountUpgradeAlarakCommanderCompleteOnlyGTECountUpgradeCommanderLevelCompleteOnly6	CRequirementAnd	mods/starcoop/starcoop.sc2mod/base.sc2data/gamedata/requirementnodedata.xml	C:\Users\22448\Downloads\重生虫心0.71汉化版（新）\reborn_workrepo\合作指挥官版起义狂潮\Mods\XM\XMAlarak.SC2Mod\Base.SC2Data\GameData\RequirementNodeData.xml
AndCountUpgradeAlarakCommanderCompleteOnlyLT14CountUpgradeCommanderLevelCompleteOnly	CRequirementAnd	mods/starcoop/starcoop.sc2mod/base.sc2data/gamedata/requirementnodedata.xml	C:\Users\22448\Downloads\重生虫心0.71汉化版（新）\reborn_workrepo\合作指挥官版起义狂潮\Mods\XM\XMAlarak.SC2Mod\Base.SC2Data\GameData\RequirementNodeData.xml
AndCountUpgradeAlarakCommanderCompleteOnlyLT3CountUpgradeCommanderLevelCompleteOnly	CRequirementAnd	mods/starcoop/starcoop.sc2mod/base.sc2data/gamedata/requirementnodedata.xml	C:\Users\22448\Downloads\重生虫心0.71汉化版（新）\reborn_workrepo\合作指挥官版起义狂潮\Mods\XM\XMAlarak.SC2Mod\Base.SC2Data\GameData\RequirementNodeData.xml
AndCountUpgradeAlarakCommanderCompleteOnlyLT8CountUpgradeCommanderLevelCompleteOnly	CRequirementAnd	mods/starcoop/starcoop.sc2mod/base.sc2data/gamedata/requirementnodedata.xml	C:\Users\22448\Downloads\重生虫心0.71汉化版（新）\reborn_workrepo\合作指挥官版起义狂潮\Mods\XM\XMAlarak.SC2Mod\Base.SC2Data\GameData\RequirementNodeData.xml
AndCountUpgradeAlarakCommanderCompleteOnlyNotCountUpgradeAlarackHavocPermanentCloakQueuedOrBetter	CRequirementAnd	mods/starcoop/starcoop.sc2mod/base.sc2data/gamedata/requirementnodedata.xml	C:\Users\22448\Downloads\重生虫心0.71汉化版（新）\reborn_workrepo\合作指挥官版起义狂潮\Mods\XM\XMAlarak.SC2Mod\Base.SC2Data\GameData\RequirementNodeData.xml
AndCountUpgradeAlarakCommanderCompleteOnlyNotCountUpgradeAlarakAttackStunUpgradeQueuedOrBetterGTECountUpgradeCommanderLevelCompleteOnly14	CRequirementAnd	mods/starcoop/starcoop.sc2mod/base.sc2data/gamedata/requirementnodedata.xml	C:\Users\22448\Downloads\重生虫心0.71汉化版（新）\reborn_workrepo\合作指挥官版起义狂潮\Mods\XM\XMAlarak.SC2Mod\Base.SC2Data\GameData\RequirementNodeData.xml
AndCountUpgradeAlarakCommanderCompleteOnlyNotCountUpgradeAlarakDestructionWaveDistanceQueuedOrBetterGTECountUpgradeCommanderLevelCompleteOnly14	CRequirementAnd	mods/starcoop/starcoop.sc2mod/base.sc2data/gamedata/requirementnodedata.xml	C:\Users\22448\Downloads\重生虫心0.71汉化版（新）\reborn_workrepo\合作指挥官版起义狂潮\Mods\XM\XMAlarak.SC2Mod\Base.SC2Data\GameData\RequirementNodeData.xml
AndCountUpgradeAlarakCommanderCompleteOnlyNotCountUpgradeAlarakHavocTargetLockBuffQueuedOrBetterLT8CountUpgradeCommanderLevelCompleteOnly	CRequirementAnd	mods/starcoop/starcoop.sc2mod/base.sc2data/gamedata/requirementnodedata.xml	C:\Users\22448\Downloads\重生虫心0.71汉化版（新）\reborn_workrepo\合作指挥官版起义狂潮\Mods\XM\XMAlarak.SC2Mod\Base.SC2Data\GameData\RequirementNodeData.xml
AndCountUpgradeArtanisCommanderCompleteOnlyGT12CountUpgradeCommanderLevelCompleteOnlyNot1225867992CountBehaviorUnderConstructionCompleteOnlyAtUnit	CRequirementAnd	mods/starcoop/starcoop.sc2mod/base.sc2data/gamedata/requirementnodedata.xml	C:\Users\22448\Downloads\重生虫心0.71汉化版（新）\reborn_workrepo\合作指挥官版起义狂潮\Mods\XM\XMAlarak.SC2Mod\Base.SC2Data\GameData\RequirementNodeData.xml
AndCountUpgradeArtanisCommanderCompleteOnlyGT5CountUpgradeCommanderLevelCompleteOnlyNot1225867992CountBehaviorUnderConstructionCompleteOnlyAtUnit	CRequirementAnd	mods/starcoop/starcoop.sc2mod/base.sc2data/gamedata/requirementnodedata.xml	C:\Users\22448\Downloads\重生虫心0.71汉化版（新）\reborn_workrepo\合作指挥官版起义狂潮\Mods\XM\XMAlarak.SC2Mod\Base.SC2Data\GameData\RequirementNodeData.xml
AndCountUpgradeArtanisCommanderCompleteOnlyGT8CountUpgradeCommanderLevelCompleteOnlyNot1225867992CountBehaviorUnderConstructionCompleteOnlyAtUnit	CRequirementAnd	mods/starcoop/starcoop.sc2mod/base.sc2data/gamedata/requirementnodedata.xml	C:\Users\22448\Downloads\重生虫心0.71汉化版（新）\reborn_workrepo\合作指挥官版起义狂潮\Mods\XM\XMAlarak.SC2Mod\Base.SC2Data\GameData\RequirementNodeData.xml
AndCountUpgradeFenixCommanderCompleteOnlyGT12CountUpgradeCommanderLevelCompleteOnly	CRequirementAnd	mods/starcoop/starcoop.sc2mod/base.sc2data/gamedata/requirementnodedata.xml	C:\Users\22448\Downloads\重生虫心0.71汉化版（新）\reborn_workrepo\合作指挥官版起义狂潮\Mods\XM\XMAlarak.SC2Mod\Base.SC2Data\GameData\RequirementNodeData.xml
AndCountUpgradeFenixCommanderCompleteOnlyGT14CountUpgradeCommanderLevelCompleteOnly	CRequirementAnd	mods/starcoop/starcoop.sc2mod/base.sc2data/gamedata/requirementnodedata.xml	C:\Users\22448\Downloads\重生虫心0.71汉化版（新）\reborn_workrepo\合作指挥官版起义狂潮\Mods\XM\XMAlarak.SC2Mod\Base.SC2Data\GameData\RequirementNodeData.xml
AndCountUpgradeFenixCommanderCompleteOnlyGT6CountUpgradeCommanderLevelCompleteOnly	CRequirementAnd	mods/starcoop/starcoop.sc2mod/base.sc2data/gamedata/requirementnodedata.xml	C:\Users\22448\Downloads\重生虫心0.71汉化版（新）\reborn_workrepo\合作指挥官版起义狂潮\Mods\XM\XMAlarak.SC2Mod\Base.SC2Data\GameData\RequirementNodeData.xml
AndCountUpgradeFenixCommanderCompleteOnlyGT7CountUpgradeCommanderLevelCompleteOnly	CRequirementAnd	mods/starcoop/starcoop.sc2mod/base.sc2data/gamedata/requirementnodedata.xml	C:\Users\22448\Downloads\重生虫心0.71汉化版（新）\reborn_workrepo\合作指挥官版起义狂潮\Mods\XM\XMAlarak.SC2Mod\Base.SC2Data\GameData\RequirementNodeData.xml
AndCountUpgradeFenixCommanderCompleteOnlyGT9CountUpgradeCommanderLevelCompleteOnly	CRequirementAnd	mods/starcoop/starcoop.sc2mod/base.sc2data/gamedata/requirementnodedata.xml	C:\Users\22448\Downloads\重生虫心0.71汉化版（新）\reborn_workrepo\合作指挥官版起义狂潮\Mods\XM\XMAlarak.SC2Mod\Base.SC2Data\GameData\RequirementNodeData.xml
AndCountUpgradeFenixCommanderCompleteOnlyNotCountUpgradeAStrongHeartQueuedOrBetter	CRequirementAnd	mods/starcoop/starcoop.sc2mod/base.sc2data/gamedata/requirementnodedata.xml	C:\Users\22448\Downloads\重生虫心0.71汉化版（新）\reborn_workrepo\合作指挥官版起义狂潮\Mods\XM\XMAlarak.SC2Mod\Base.SC2Data\GameData\RequirementNodeData.xml
AndCountUpgradeFenixCommanderCompleteOnlyNotCountUpgradeFenixSentryGuardianZoneUpgradeQueuedOrBetter	CRequirementAnd	mods/starcoop/starcoop.sc2mod/base.sc2data/gamedata/requirementnodedata.xml	C:\Users\22448\Downloads\重生虫心0.71汉化版（新）\reborn_workrepo\合作指挥官版起义狂潮\Mods\XM\XMAlarak.SC2Mod\Base.SC2Data\GameData\RequirementNodeData.xml
AndCountUpgradeKaraxCommanderCompleteOnlyGT14CountUpgradeCommanderLevelCompleteOnlyNot1225867992CountBehaviorUnderConstructionCompleteOnlyAtUnit	CRequirementAnd	mods/starcoop/starcoop.sc2mod/base.sc2data/gamedata/requirementnodedata.xml	C:\Users\22448\Downloads\重生虫心0.71汉化版（新）\reborn_workrepo\合作指挥官版起义狂潮\Mods\XM\XMAlarak.SC2Mod\Base.SC2Data\GameData\RequirementNodeData.xml
AndCountUpgradeKaraxCommanderCompleteOnlyGT5CountUpgradeCommanderLevelCompleteOnlyNot1225867992CountBehaviorUnderConstructionCompleteOnlyAtUnit	CRequirementAnd	mods/starcoop/starcoop.sc2mod/base.sc2data/gamedata/requirementnodedata.xml	C:\Users\22448\Downloads\重生虫心0.71汉化版（新）\reborn_workrepo\合作指挥官版起义狂潮\Mods\XM\XMAlarak.SC2Mod\Base.SC2Data\GameData\RequirementNodeData.xml
AndCountUpgradeKaraxCommanderCompleteOnlyGT6CountUpgradeCommanderLevelCompleteOnlyNot1225867992CountBehaviorUnderConstructionCompleteOnlyAtUnit	CRequirementAnd	mods/starcoop/starcoop.sc2mod/base.sc2data/gamedata/requirementnodedata.xml	C:\Users\22448\Downloads\重生虫心0.71汉化版（新）\reborn_workrepo\合作指挥官版起义狂潮\Mods\XM\XMAlarak.SC2Mod\Base.SC2Data\GameData\RequirementNodeData.xml
AndCountUpgradeKaraxCommanderCompleteOnlyNotCountUpgradeKaraxCarrierInterceptorLaunchSpeedQueuedOrBetter	CRequirementAnd	mods/starcoop/starcoop.sc2mod/base.sc2data/gamedata/requirementnodedata.xml	C:\Users\22448\Downloads\重生虫心0.71汉化版（新）\reborn_workrepo\合作指挥官版起义狂潮\Mods\XM\XMAlarak.SC2Mod\Base.SC2Data\GameData\RequirementNodeData.xml
AndCountUpgradeSolarEfficiencyLevel1CompleteOnlyNotCountUpgradeSolarEfficiencyLevel2CompleteOnlyNotCountUpgradeSolarEfficiencyLevel3CompleteOnly	CRequirementAnd	mods/starcoop/starcoop.sc2mod/base.sc2data/gamedata/requirementnodedata.xml	C:\Users\22448\Downloads\重生虫心0.71汉化版（新）\reborn_workrepo\合作指挥官版起义狂潮\Mods\XM\XMAlarak.SC2Mod\Base.SC2Data\GameData\RequirementNodeData.xml
AndCountUpgradeSolarEfficiencyLevel2CompleteOnlyNotCountUpgradeSolarEfficiencyLevel3CompleteOnly	CRequirementAnd	mods/starcoop/starcoop.sc2mod/base.sc2data/gamedata/requirementnodedata.xml	C:\Users\22448\Downloads\重生虫心0.71汉化版（新）\reborn_workrepo\合作指挥官版起义狂潮\Mods\XM\XMAlarak.SC2Mod\Base.SC2Data\GameData\RequirementNodeData.xml
AndCountUpgradeVorazunCommanderCompleteOnlyGT12CountUpgradeCommanderLevelCompleteOnlyNot1225867992CountBehaviorUnderConstructionCompleteOnlyAtUnit	CRequirementAnd	mods/starcoop/starcoop.sc2mod/base.sc2data/gamedata/requirementnodedata.xml	C:\Users\22448\Downloads\重生虫心0.71汉化版（新）\reborn_workrepo\合作指挥官版起义狂潮\Mods\XM\XMAlarak.SC2Mod\Base.SC2Data\GameData\RequirementNodeData.xml
AndCountUpgradeZagaraCommanderCompleteOnlyGT5CountUpgradeCommanderLevelCompleteOnlyNot1225867992CountBehaviorUnderConstructionCompleteOnlyAtUnit	CRequirementAnd	mods/starcoop/starcoop.sc2mod/base.sc2data/gamedata/requirementnodedata.xml	C:\Users\22448\Downloads\重生虫心0.71汉化版（新）\reborn_workrepo\合作指挥官版起义狂潮\Mods\XM\XMAlarak.SC2Mod\Base.SC2Data\GameData\RequirementNodeData.xml
AndNotCountUpgradeAlarakHavocAbilityRangeQueuedOrBetterLT8CountUpgradeCommanderLevelCompleteOnly	CRequirementAnd	mods/starcoop/starcoop.sc2mod/base.sc2data/gamedata/requirementnodedata.xml	C:\Users\22448\Downloads\重生虫心0.71汉化版（新）\reborn_workrepo\合作指挥官版起义狂潮\Mods\XM\XMAlarak.SC2Mod\Base.SC2Data\GameData\RequirementNodeData.xml
AndNotCountUpgradeCommanderPrestigeAlarakDeathFleetCompleteOnlyCountUpgradeAlarakCommanderCompleteOnlyGT10CountUpgradeCommanderLevelCompleteOnlyNot1225867992CountBehaviorUnderConstructionCompleteOnlyAtUnit	CRequirementAnd	mods/starcoop/starcoop.sc2mod/base.sc2data/gamedata/requirementnodedata.xml	C:\Users\22448\Downloads\重生虫心0.71汉化版（新）\reborn_workrepo\合作指挥官版起义狂潮\Mods\XM\XMAlarak.SC2Mod\Base.SC2Data\GameData\RequirementNodeData.xml
AndNotCountUpgradeWarpGateResearchQueuedOrBetterNotCountUpgradeArtanisCommanderCompleteOnly	CRequirementAnd	mods/starcoop/starcoop.sc2mod/base.sc2data/gamedata/requirementnodedata.xml	C:\Users\22448\Downloads\重生虫心0.71汉化版（新）\reborn_workrepo\合作指挥官版起义狂潮\Mods\XM\XMAlarak.SC2Mod\Base.SC2Data\GameData\RequirementNodeData.xml
CountBehaviorMutatorWorkerSleepCompleteOnlyAtUnit	CRequirementCountBehavior	mods/starcoop/starcoop.sc2mod/base.sc2data/gamedata/requirementnodedata.xml	C:\Users\22448\Downloads\重生虫心0.71汉化版（新）\reborn_workrepo\合作指挥官版起义狂潮\Mods\XM\XMAlarak.SC2Mod\Base.SC2Data\GameData\RequirementNodeData.xml
CountUnitFenixAltarOfPsiStormsQueuedOrBetter	CRequirementCountUnit	mods/starcoop/starcoop.sc2mod/base.sc2data/gamedata/requirementnodedata.xml	C:\Users\22448\Downloads\重生虫心0.71汉化版（新）\reborn_workrepo\合作指挥官版起义狂潮\Mods\XM\XMAlarak.SC2Mod\Base.SC2Data\GameData\RequirementNodeData.xml
CountUnitTwilightCouncilCompleteOnly	CRequirementCountUnit	mods/starcoop/starcoop.sc2mod/base.sc2data/gamedata/requirementnodedata.xml	C:\Users\22448\Downloads\重生虫心0.71汉化版（新）\reborn_workrepo\合作指挥官版起义狂潮\Mods\XM\XMAlarak.SC2Mod\Base.SC2Data\GameData\RequirementNodeData.xml
CountUpgradeAbathurCommanderCompleteOnly	CRequirementCountUpgrade	mods/starcoop/starcoop.sc2mod/base.sc2data/gamedata/requirementnodedata.xml	C:\Users\22448\Downloads\重生虫心0.71汉化版（新）\reborn_workrepo\合作指挥官版起义狂潮\Mods\XM\XMAlarak.SC2Mod\Base.SC2Data\GameData\RequirementNodeData.xml
CountUpgradeAlarackACHavocDetectionCompleteOnly3140385920TechTreeCheat	CRequirementCountUpgrade	mods/starcoop/starcoop.sc2mod/base.sc2data/gamedata/requirementnodedata.xml	C:\Users\22448\Downloads\重生虫心0.71汉化版（新）\reborn_workrepo\合作指挥官版起义狂潮\Mods\XM\XMAlarak.SC2Mod\Base.SC2Data\GameData\RequirementNodeData.xml
CountUpgradeAlarackHavocPermanentCloakCompleteOnly3581237768	CRequirementCountUpgrade	mods/starcoop/starcoop.sc2mod/base.sc2data/gamedata/requirementnodedata.xml	C:\Users\22448\Downloads\重生虫心0.71汉化版（新）\reborn_workrepo\合作指挥官版起义狂潮\Mods\XM\XMAlarak.SC2Mod\Base.SC2Data\GameData\RequirementNodeData.xml
CountUpgradeAlarakAreaDamageUpgradeCompleteOnly	CRequirementCountUpgrade	mods/starcoop/starcoop.sc2mod/base.sc2data/gamedata/requirementnodedata.xml	C:\Users\22448\Downloads\重生虫心0.71汉化版（新）\reborn_workrepo\合作指挥官版起义狂潮\Mods\XM\XMAlarak.SC2Mod\Base.SC2Data\GameData\RequirementNodeData.xml
CountUpgradeAlarakAttackStunUpgradeCompleteOnly2706869425	CRequirementCountUpgrade	mods/starcoop/starcoop.sc2mod/base.sc2data/gamedata/requirementnodedata.xml	C:\Users\22448\Downloads\重生虫心0.71汉化版（新）\reborn_workrepo\合作指挥官版起义狂潮\Mods\XM\XMAlarak.SC2Mod\Base.SC2Data\GameData\RequirementNodeData.xml
CountUpgradeAlarakCommanderCompleteOnly	CRequirementCountUpgrade	mods/starcoop/starcoop.sc2mod/base.sc2data/gamedata/requirementnodedata.xml	C:\Users\22448\Downloads\重生虫心0.71汉化版（新）\reborn_workrepo\合作指挥官版起义狂潮\Mods\XM\XMAlarak.SC2Mod\Base.SC2Data\GameData\RequirementNodeData.xml
CountUpgradeAlarakDestructionWaveDistanceCompleteOnly3333691189	CRequirementCountUpgrade	mods/starcoop/starcoop.sc2mod/base.sc2data/gamedata/requirementnodedata.xml	C:\Users\22448\Downloads\重生虫心0.71汉化版（新）\reborn_workrepo\合作指挥官版起义狂潮\Mods\XM\XMAlarak.SC2Mod\Base.SC2Data\GameData\RequirementNodeData.xml
CountUpgradeAlarakHavocAbilityRangeCompleteOnly299856031	CRequirementCountUpgrade	mods/starcoop/starcoop.sc2mod/base.sc2data/gamedata/requirementnodedata.xml	C:\Users\22448\Downloads\重生虫心0.71汉化版（新）\reborn_workrepo\合作指挥官版起义狂潮\Mods\XM\XMAlarak.SC2Mod\Base.SC2Data\GameData\RequirementNodeData.xml
CountUpgradeAlarakHavocTargetLockBuffCompleteOnly3057147612	CRequirementCountUpgrade	mods/starcoop/starcoop.sc2mod/base.sc2data/gamedata/requirementnodedata.xml	C:\Users\22448\Downloads\重生虫心0.71汉化版（新）\reborn_workrepo\合作指挥官版起义狂潮\Mods\XM\XMAlarak.SC2Mod\Base.SC2Data\GameData\RequirementNodeData.xml
CountUpgradeAlarakHighTemplarImprovedSacrificeCompleteOnly2609681091	CRequirementCountUpgrade	mods/starcoop/starcoop.sc2mod/base.sc2data/gamedata/requirementnodedata.xml	C:\Users\22448\Downloads\重生虫心0.71汉化版（新）\reborn_workrepo\合作指挥官版起义狂潮\Mods\XM\XMAlarak.SC2Mod\Base.SC2Data\GameData\RequirementNodeData.xml
CountUpgradeAlarakImprovedDeathFleetCompleteOnly	CRequirementCountUpgrade	mods/starcoop/starcoop.sc2mod/base.sc2data/gamedata/requirementnodedata.xml	C:\Users\22448\Downloads\重生虫心0.71汉化版（新）\reborn_workrepo\合作指挥官版起义狂潮\Mods\XM\XMAlarak.SC2Mod\Base.SC2Data\GameData\RequirementNodeData.xml
CountUpgradeAlarakSquadSightBuffCompleteOnly691268453	CRequirementCountUpgrade	mods/starcoop/starcoop.sc2mod/base.sc2data/gamedata/requirementnodedata.xml	C:\Users\22448\Downloads\重生虫心0.71汉化版（新）\reborn_workrepo\合作指挥官版起义狂潮\Mods\XM\XMAlarak.SC2Mod\Base.SC2Data\GameData\RequirementNodeData.xml
CountUpgradeAlarakStalkerForceBlastCompleteOnly1360382664	CRequirementCountUpgrade	mods/starcoop/starcoop.sc2mod/base.sc2data/gamedata/requirementnodedata.xml	C:\Users\22448\Downloads\重生虫心0.71汉化版（新）\reborn_workrepo\合作指挥官版起义狂潮\Mods\XM\XMAlarak.SC2Mod\Base.SC2Data\GameData\RequirementNodeData.xml
CountUpgradeAlarakStalkerPhasingArmorCompleteOnly3144846607	CRequirementCountUpgrade	mods/starcoop/starcoop.sc2mod/base.sc2data/gamedata/requirementnodedata.xml	C:\Users\22448\Downloads\重生虫心0.71汉化版（新）\reborn_workrepo\合作指挥官版起义狂潮\Mods\XM\XMAlarak.SC2Mod\Base.SC2Data\GameData\RequirementNodeData.xml
CountUpgradeAlarakStructureImprovedOverchargeCompleteOnly	CRequirementCountUpgrade	mods/starcoop/starcoop.sc2mod/base.sc2data/gamedata/requirementnodedata.xml	C:\Users\22448\Downloads\重生虫心0.71汉化版（新）\reborn_workrepo\合作指挥官版起义狂潮\Mods\XM\XMAlarak.SC2Mod\Base.SC2Data\GameData\RequirementNodeData.xml
CountUpgradeAlarakSupplicantMaxShieldsCompleteOnly2304758702	CRequirementCountUpgrade	mods/starcoop/starcoop.sc2mod/base.sc2data/gamedata/requirementnodedata.xml	C:\Users\22448\Downloads\重生虫心0.71汉化版（新）\reborn_workrepo\合作指挥官版起义狂潮\Mods\XM\XMAlarak.SC2Mod\Base.SC2Data\GameData\RequirementNodeData.xml
CountUpgradeAlarakSupplicantSacrificeDamageCompleteOnly648346062	CRequirementCountUpgrade	mods/starcoop/starcoop.sc2mod/base.sc2data/gamedata/requirementnodedata.xml	C:\Users\22448\Downloads\重生虫心0.71汉化版（新）\reborn_workrepo\合作指挥官版起义狂潮\Mods\XM\XMAlarak.SC2Mod\Base.SC2Data\GameData\RequirementNodeData.xml
CountUpgradeAlarakSupplicantSacrificeLightningStrikesCompleteOnly	CRequirementCountUpgrade	mods/starcoop/starcoop.sc2mod/base.sc2data/gamedata/requirementnodedata.xml	C:\Users\22448\Downloads\重生虫心0.71汉化版（新）\reborn_workrepo\合作指挥官版起义狂潮\Mods\XM\XMAlarak.SC2Mod\Base.SC2Data\GameData\RequirementNodeData.xml
CountUpgradeAlarakSupplicantShieldRegenCompleteOnly	CRequirementCountUpgrade	mods/starcoop/starcoop.sc2mod/base.sc2data/gamedata/requirementnodedata.xml	C:\Users\22448\Downloads\重生虫心0.71汉化版（新）\reborn_workrepo\合作指挥官版起义狂潮\Mods\XM\XMAlarak.SC2Mod\Base.SC2Data\GameData\RequirementNodeData.xml
CountUpgradeAlarakVanguardIncreaseSplashAreaCompleteOnly2969870279	CRequirementCountUpgrade	mods/starcoop/starcoop.sc2mod/base.sc2data/gamedata/requirementnodedata.xml	C:\Users\22448\Downloads\重生虫心0.71汉化版（新）\reborn_workrepo\合作指挥官版起义狂潮\Mods\XM\XMAlarak.SC2Mod\Base.SC2Data\GameData\RequirementNodeData.xml
CountUpgradeAlarakZealotFrenziedOverloadCompleteOnly	CRequirementCountUpgrade	mods/starcoop/starcoop.sc2mod/base.sc2data/gamedata/requirementnodedata.xml	C:\Users\22448\Downloads\重生虫心0.71汉化版（新）\reborn_workrepo\合作指挥官版起义狂潮\Mods\XM\XMAlarak.SC2Mod\Base.SC2Data\GameData\RequirementNodeData.xml
CountUpgradeArtanisCommanderCompleteOnly	CRequirementCountUpgrade	mods/starcoop/starcoop.sc2mod/base.sc2data/gamedata/requirementnodedata.xml	C:\Users\22448\Downloads\重生虫心0.71汉化版（新）\reborn_workrepo\合作指挥官版起义狂潮\Mods\XM\XMAlarak.SC2Mod\Base.SC2Data\GameData\RequirementNodeData.xml
CountUpgradeBlinkTechCompleteOnly296509780TechTreeCheat	CRequirementCountUpgrade	mods/starcoop/starcoop.sc2mod/base.sc2data/gamedata/requirementnodedata.xml	C:\Users\22448\Downloads\重生虫心0.71汉化版（新）\reborn_workrepo\合作指挥官版起义狂潮\Mods\XM\XMAlarak.SC2Mod\Base.SC2Data\GameData\RequirementNodeData.xml
CountUpgradeCarrierRepairDronesQueuedOrBetter	CRequirementCountUpgrade	mods/starcoop/starcoop.sc2mod/base.sc2data/gamedata/requirementnodedata.xml	C:\Users\22448\Downloads\重生虫心0.71汉化版（新）\reborn_workrepo\合作指挥官版起义狂潮\Mods\XM\XMAlarak.SC2Mod\Base.SC2Data\GameData\RequirementNodeData.xml
CountUpgradeCommanderLevelCompleteOnly	CRequirementCountUpgrade	mods/starcoop/starcoop.sc2mod/base.sc2data/gamedata/requirementnodedata.xml	C:\Users\22448\Downloads\重生虫心0.71汉化版（新）\reborn_workrepo\合作指挥官版起义狂潮\Mods\XM\XMAlarak.SC2Mod\Base.SC2Data\GameData\RequirementNodeData.xml
CountUpgradeCommanderPrestigeAlarakDeathFleetCompleteOnly	CRequirementCountUpgrade	mods/starcoop/starcoop.sc2mod/base.sc2data/gamedata/requirementnodedata.xml	C:\Users\22448\Downloads\重生虫心0.71汉化版（新）\reborn_workrepo\合作指挥官版起义狂潮\Mods\XM\XMAlarak.SC2Mod\Base.SC2Data\GameData\RequirementNodeData.xml
CountUpgradeCommanderPrestigeAlarakEmpowerMeCompleteOnly	CRequirementCountUpgrade	mods/starcoop/starcoop.sc2mod/base.sc2data/gamedata/requirementnodedata.xml	C:\Users\22448\Downloads\重生虫心0.71汉化版（新）\reborn_workrepo\合作指挥官版起义狂潮\Mods\XM\XMAlarak.SC2Mod\Base.SC2Data\GameData\RequirementNodeData.xml
CountUpgradeCommanderPrestigeAlarakMechCompleteOnly	CRequirementCountUpgrade	mods/starcoop/starcoop.sc2mod/base.sc2data/gamedata/requirementnodedata.xml	C:\Users\22448\Downloads\重生虫心0.71汉化版（新）\reborn_workrepo\合作指挥官版起义狂潮\Mods\XM\XMAlarak.SC2Mod\Base.SC2Data\GameData\RequirementNodeData.xml
CountUpgradeCommanderPrestigeKaraxArmyCompleteOnly	CRequirementCountUpgrade	mods/starcoop/starcoop.sc2mod/base.sc2data/gamedata/requirementnodedata.xml	C:\Users\22448\Downloads\重生虫心0.71汉化版（新）\reborn_workrepo\合作指挥官版起义狂潮\Mods\XM\XMAlarak.SC2Mod\Base.SC2Data\GameData\RequirementNodeData.xml
CountUpgradeCommanderPrestigeKerriganCreepCompleteOnly	CRequirementCountUpgrade	mods/starcoop/starcoop.sc2mod/base.sc2data/gamedata/requirementnodedata.xml	C:\Users\22448\Downloads\重生虫心0.71汉化版（新）\reborn_workrepo\合作指挥官版起义狂潮\Mods\XM\XMAlarak.SC2Mod\Base.SC2Data\GameData\RequirementNodeData.xml
CountUpgradeCommanderPrestigeVorazunStasisCompleteOnly	CRequirementCountUpgrade	mods/starcoop/starcoop.sc2mod/base.sc2data/gamedata/requirementnodedata.xml	C:\Users\22448\Downloads\重生虫心0.71汉化版（新）\reborn_workrepo\合作指挥官版起义狂潮\Mods\XM\XMAlarak.SC2Mod\Base.SC2Data\GameData\RequirementNodeData.xml
CountUpgradeCorsairDisruptionWebQueuedOrBetter	CRequirementCountUpgrade	mods/starcoop/starcoop.sc2mod/base.sc2data/gamedata/requirementnodedata.xml	C:\Users\22448\Downloads\重生虫心0.71汉化版（新）\reborn_workrepo\合作指挥官版起义狂潮\Mods\XM\XMAlarak.SC2Mod\Base.SC2Data\GameData\RequirementNodeData.xml
CountUpgradeCorsairPermanentCloakCompleteOnly88022835	CRequirementCountUpgrade	mods/starcoop/starcoop.sc2mod/base.sc2data/gamedata/requirementnodedata.xml	C:\Users\22448\Downloads\重生虫心0.71汉化版（新）\reborn_workrepo\合作指挥官版起义狂潮\Mods\XM\XMAlarak.SC2Mod\Base.SC2Data\GameData\RequirementNodeData.xml
CountUpgradeCorsairPermanentCloakQueuedOrBetter	CRequirementCountUpgrade	mods/starcoop/starcoop.sc2mod/base.sc2data/gamedata/requirementnodedata.xml	C:\Users\22448\Downloads\重生虫心0.71汉化版（新）\reborn_workrepo\合作指挥官版起义狂潮\Mods\XM\XMAlarak.SC2Mod\Base.SC2Data\GameData\RequirementNodeData.xml
CountUpgradeDarkPylonMorphCompleteOnly	CRequirementCountUpgrade	mods/starcoop/starcoop.sc2mod/base.sc2data/gamedata/requirementnodedata.xml	C:\Users\22448\Downloads\重生虫心0.71汉化版（新）\reborn_workrepo\合作指挥官版起义狂潮\Mods\XM\XMAlarak.SC2Mod\Base.SC2Data\GameData\RequirementNodeData.xml
CountUpgradeDarkPylonMorphQueuedOrBetter	CRequirementCountUpgrade	mods/starcoop/starcoop.sc2mod/base.sc2data/gamedata/requirementnodedata.xml	C:\Users\22448\Downloads\重生虫心0.71汉化版（新）\reborn_workrepo\合作指挥官版起义狂潮\Mods\XM\XMAlarak.SC2Mod\Base.SC2Data\GameData\RequirementNodeData.xml
CountUpgradeFenixArbiterDetectionQueuedOrBetter	CRequirementCountUpgrade	mods/starcoop/starcoop.sc2mod/base.sc2data/gamedata/requirementnodedata.xml	C:\Users\22448\Downloads\重生虫心0.71汉化版（新）\reborn_workrepo\合作指挥官版起义狂潮\Mods\XM\XMAlarak.SC2Mod\Base.SC2Data\GameData\RequirementNodeData.xml
CountUpgradeFenixChampionCarrierBombersQueuedOrBetter	CRequirementCountUpgrade	mods/starcoop/starcoop.sc2mod/base.sc2data/gamedata/requirementnodedata.xml	C:\Users\22448\Downloads\重生虫心0.71汉化版（新）\reborn_workrepo\合作指挥官版起义狂潮\Mods\XM\XMAlarak.SC2Mod\Base.SC2Data\GameData\RequirementNodeData.xml
CountUpgradeFenixChampionClolarionCarrierCompleteOnly1383360590	CRequirementCountUpgrade	mods/starcoop/starcoop.sc2mod/base.sc2data/gamedata/requirementnodedata.xml	C:\Users\22448\Downloads\重生虫心0.71汉化版（新）\reborn_workrepo\合作指挥官版起义狂潮\Mods\XM\XMAlarak.SC2Mod\Base.SC2Data\GameData\RequirementNodeData.xml
CountUpgradeFenixChampionMojoScoutCompleteOnly1277215926	CRequirementCountUpgrade	mods/starcoop/starcoop.sc2mod/base.sc2data/gamedata/requirementnodedata.xml	C:\Users\22448\Downloads\重生虫心0.71汉化版（新）\reborn_workrepo\合作指挥官版起义狂潮\Mods\XM\XMAlarak.SC2Mod\Base.SC2Data\GameData\RequirementNodeData.xml
CountUpgradeFenixChampionScoutAOEMissilesQueuedOrBetter	CRequirementCountUpgrade	mods/starcoop/starcoop.sc2mod/base.sc2data/gamedata/requirementnodedata.xml	C:\Users\22448\Downloads\重生虫心0.71汉化版（新）\reborn_workrepo\合作指挥官版起义狂潮\Mods\XM\XMAlarak.SC2Mod\Base.SC2Data\GameData\RequirementNodeData.xml
CountUpgradeFenixCommanderCompleteOnly	CRequirementCountUpgrade	mods/starcoop/starcoop.sc2mod/base.sc2data/gamedata/requirementnodedata.xml	C:\Users\22448\Downloads\重生虫心0.71汉化版（新）\reborn_workrepo\合作指挥官版起义狂潮\Mods\XM\XMAlarak.SC2Mod\Base.SC2Data\GameData\RequirementNodeData.xml
CountUpgradeFenixScoutWeaponRangeQueuedOrBetter	CRequirementCountUpgrade	mods/starcoop/starcoop.sc2mod/base.sc2data/gamedata/requirementnodedata.xml	C:\Users\22448\Downloads\重生虫心0.71汉化版（新）\reborn_workrepo\合作指挥官版起义狂潮\Mods\XM\XMAlarak.SC2Mod\Base.SC2Data\GameData\RequirementNodeData.xml
CountUpgradeFenixSuitAttackDamageQueuedOrBetter	CRequirementCountUpgrade	mods/starcoop/starcoop.sc2mod/base.sc2data/gamedata/requirementnodedata.xml	C:\Users\22448\Downloads\重生虫心0.71汉化版（新）\reborn_workrepo\合作指挥官版起义狂潮\Mods\XM\XMAlarak.SC2Mod\Base.SC2Data\GameData\RequirementNodeData.xml
CountUpgradeKaraxCommanderCompleteOnly	CRequirementCountUpgrade	mods/starcoop/starcoop.sc2mod/base.sc2data/gamedata/requirementnodedata.xml	C:\Users\22448\Downloads\重生虫心0.71汉化版（新）\reborn_workrepo\合作指挥官版起义狂潮\Mods\XM\XMAlarak.SC2Mod\Base.SC2Data\GameData\RequirementNodeData.xml
CountUpgradeKaraxInstantStructureWarpCompleteOnly	CRequirementCountUpgrade	mods/starcoop/starcoop.sc2mod/base.sc2data/gamedata/requirementnodedata.xml	C:\Users\22448\Downloads\重生虫心0.71汉化版（新）\reborn_workrepo\合作指挥官版起义狂潮\Mods\XM\XMAlarak.SC2Mod\Base.SC2Data\GameData\RequirementNodeData.xml
CountUpgradeKaraxTurretAttackSpeedQueuedOrBetter	CRequirementCountUpgrade	mods/starcoop/starcoop.sc2mod/base.sc2data/gamedata/requirementnodedata.xml	C:\Users\22448\Downloads\重生虫心0.71汉化版（新）\reborn_workrepo\合作指挥官版起义狂潮\Mods\XM\XMAlarak.SC2Mod\Base.SC2Data\GameData\RequirementNodeData.xml
CountUpgradeKaraxTurretRangeQueuedOrBetter	CRequirementCountUpgrade	mods/starcoop/starcoop.sc2mod/base.sc2data/gamedata/requirementnodedata.xml	C:\Users\22448\Downloads\重生虫心0.71汉化版（新）\reborn_workrepo\合作指挥官版起义狂潮\Mods\XM\XMAlarak.SC2Mod\Base.SC2Data\GameData\RequirementNodeData.xml
CountUpgradeMasteryAlarakAutoAttackDamageCompleteOnly	CRequirementCountUpgrade	mods/starcoop/starcoop.sc2mod/base.sc2data/gamedata/requirementnodedata.xml	C:\Users\22448\Downloads\重生虫心0.71汉化版（新）\reborn_workrepo\合作指挥官版起义狂潮\Mods\XM\XMAlarak.SC2Mod\Base.SC2Data\GameData\RequirementNodeData.xml
CountUpgradeMasteryAlarakChronoBoostCompleteOnly	CRequirementCountUpgrade	mods/starcoop/starcoop.sc2mod/base.sc2data/gamedata/requirementnodedata.xml	C:\Users\22448\Downloads\重生虫心0.71汉化版（新）\reborn_workrepo\合作指挥官版起义狂潮\Mods\XM\XMAlarak.SC2Mod\Base.SC2Data\GameData\RequirementNodeData.xml
CountUpgradeMasteryAlarakCocoonTimerCompleteOnly	CRequirementCountUpgrade	mods/starcoop/starcoop.sc2mod/base.sc2data/gamedata/requirementnodedata.xml	C:\Users\22448\Downloads\重生虫心0.71汉化版（新）\reborn_workrepo\合作指挥官版起义狂潮\Mods\XM\XMAlarak.SC2Mod\Base.SC2Data\GameData\RequirementNodeData.xml
CountUpgradeMasteryAlarakDeathFleetCDRCompleteOnly	CRequirementCountUpgrade	mods/starcoop/starcoop.sc2mod/base.sc2data/gamedata/requirementnodedata.xml	C:\Users\22448\Downloads\重生虫心0.71汉化版（新）\reborn_workrepo\合作指挥官版起义狂潮\Mods\XM\XMAlarak.SC2Mod\Base.SC2Data\GameData\RequirementNodeData.xml
CountUpgradeMasteryAlarakEmpowerMeSlavesDurationCompleteOnly	CRequirementCountUpgrade	mods/starcoop/starcoop.sc2mod/base.sc2data/gamedata/requirementnodedata.xml	C:\Users\22448\Downloads\重生虫心0.71汉化版（新）\reborn_workrepo\合作指挥官版起义狂潮\Mods\XM\XMAlarak.SC2Mod\Base.SC2Data\GameData\RequirementNodeData.xml
CountUpgradeMasteryAlarakOverchargeShieldsDamageCompleteOnly	CRequirementCountUpgrade	mods/starcoop/starcoop.sc2mod/base.sc2data/gamedata/requirementnodedata.xml	C:\Users\22448\Downloads\重生虫心0.71汉化版（新）\reborn_workrepo\合作指挥官版起义狂潮\Mods\XM\XMAlarak.SC2Mod\Base.SC2Data\GameData\RequirementNodeData.xml
CountUpgradeMasteryAlarakUnitAttackSpeedCompleteOnly	CRequirementCountUpgrade	mods/starcoop/starcoop.sc2mod/base.sc2data/gamedata/requirementnodedata.xml	C:\Users\22448\Downloads\重生虫心0.71汉化版（新）\reborn_workrepo\合作指挥官版起义狂潮\Mods\XM\XMAlarak.SC2Mod\Base.SC2Data\GameData\RequirementNodeData.xml
CountUpgradeMiragePhaseArmorQueuedOrBetter	CRequirementCountUpgrade	mods/starcoop/starcoop.sc2mod/base.sc2data/gamedata/requirementnodedata.xml	C:\Users\22448\Downloads\重生虫心0.71汉化版（新）\reborn_workrepo\合作指挥官版起义狂潮\Mods\XM\XMAlarak.SC2Mod\Base.SC2Data\GameData\RequirementNodeData.xml
CountUpgradeOracleStasisWardUpgradeQueuedOrBetter	CRequirementCountUpgrade	mods/starcoop/starcoop.sc2mod/base.sc2data/gamedata/requirementnodedata.xml	C:\Users\22448\Downloads\重生虫心0.71汉化版（新）\reborn_workrepo\合作指挥官版起义狂潮\Mods\XM\XMAlarak.SC2Mod\Base.SC2Data\GameData\RequirementNodeData.xml
CountUpgradeOracleWormholeQueuedOrBetter	CRequirementCountUpgrade	mods/starcoop/starcoop.sc2mod/base.sc2data/gamedata/requirementnodedata.xml	C:\Users\22448\Downloads\重生虫心0.71汉化版（新）\reborn_workrepo\合作指挥官版起义狂潮\Mods\XM\XMAlarak.SC2Mod\Base.SC2Data\GameData\RequirementNodeData.xml
CountUpgradeProtossGroundArmorsLevel1QueuedOrBetter2	CRequirementCountUpgrade	mods/starcoop/starcoop.sc2mod/base.sc2data/gamedata/requirementnodedata.xml	C:\Users\22448\Downloads\重生虫心0.71汉化版（新）\reborn_workrepo\合作指挥官版起义狂潮\Mods\XM\XMAlarak.SC2Mod\Base.SC2Data\GameData\RequirementNodeData.xml
CountUpgradeProtossGroundWeaponsLevel1QueuedOrBetter2	CRequirementCountUpgrade	mods/starcoop/starcoop.sc2mod/base.sc2data/gamedata/requirementnodedata.xml	C:\Users\22448\Downloads\重生虫心0.71汉化版（新）\reborn_workrepo\合作指挥官版起义狂潮\Mods\XM\XMAlarak.SC2Mod\Base.SC2Data\GameData\RequirementNodeData.xml
CountUpgradeSentryResearchChronoBeamQueuedOrBetter	CRequirementCountUpgrade	mods/starcoop/starcoop.sc2mod/base.sc2data/gamedata/requirementnodedata.xml	C:\Users\22448\Downloads\重生虫心0.71汉化版（新）\reborn_workrepo\合作指挥官版起义狂潮\Mods\XM\XMAlarak.SC2Mod\Base.SC2Data\GameData\RequirementNodeData.xml
CountUpgradeSentryResearchShieldRepairDoubleQueuedOrBetter	CRequirementCountUpgrade	mods/starcoop/starcoop.sc2mod/base.sc2data/gamedata/requirementnodedata.xml	C:\Users\22448\Downloads\重生虫心0.71汉化版（新）\reborn_workrepo\合作指挥官版起义狂潮\Mods\XM\XMAlarak.SC2Mod\Base.SC2Data\GameData\RequirementNodeData.xml
CountUpgradeShieldBatteryStructureBarrierCompleteOnly3812721014	CRequirementCountUpgrade	mods/starcoop/starcoop.sc2mod/base.sc2data/gamedata/requirementnodedata.xml	C:\Users\22448\Downloads\重生虫心0.71汉化版（新）\reborn_workrepo\合作指挥官版起义狂潮\Mods\XM\XMAlarak.SC2Mod\Base.SC2Data\GameData\RequirementNodeData.xml
CountUpgradeShieldBatteryStructureBarrierQueuedOrBetter	CRequirementCountUpgrade	mods/starcoop/starcoop.sc2mod/base.sc2data/gamedata/requirementnodedata.xml	C:\Users\22448\Downloads\重生虫心0.71汉化版（新）\reborn_workrepo\合作指挥官版起义狂潮\Mods\XM\XMAlarak.SC2Mod\Base.SC2Data\GameData\RequirementNodeData.xml
CountUpgradeSOAWarpGateChargesQueuedOrBetter	CRequirementCountUpgrade	mods/starcoop/starcoop.sc2mod/base.sc2data/gamedata/requirementnodedata.xml	C:\Users\22448\Downloads\重生虫心0.71汉化版（新）\reborn_workrepo\合作指挥官版起义狂潮\Mods\XM\XMAlarak.SC2Mod\Base.SC2Data\GameData\RequirementNodeData.xml
CountUpgradeSolarEfficiencyLevel3CompleteOnly	CRequirementCountUpgrade	mods/starcoop/starcoop.sc2mod/base.sc2data/gamedata/requirementnodedata.xml	C:\Users\22448\Downloads\重生虫心0.71汉化版（新）\reborn_workrepo\合作指挥官版起义狂潮\Mods\XM\XMAlarak.SC2Mod\Base.SC2Data\GameData\RequirementNodeData.xml
CountUpgradeTempestDisintegrationQueuedOrBetter	CRequirementCountUpgrade	mods/starcoop/starcoop.sc2mod/base.sc2data/gamedata/requirementnodedata.xml	C:\Users\22448\Downloads\重生虫心0.71汉化版（新）\reborn_workrepo\合作指挥官版起义狂潮\Mods\XM\XMAlarak.SC2Mod\Base.SC2Data\GameData\RequirementNodeData.xml
CountUpgradeVoidHighTemplarMindBlastCompleteOnly2594625439	CRequirementCountUpgrade	mods/starcoop/starcoop.sc2mod/base.sc2data/gamedata/requirementnodedata.xml	C:\Users\22448\Downloads\重生虫心0.71汉化版（新）\reborn_workrepo\合作指挥官版起义狂潮\Mods\XM\XMAlarak.SC2Mod\Base.SC2Data\GameData\RequirementNodeData.xml
CountUpgradeVoidPhoenixDoubleGravitonQueuedOrBetter	CRequirementCountUpgrade	mods/starcoop/starcoop.sc2mod/base.sc2data/gamedata/requirementnodedata.xml	C:\Users\22448\Downloads\重生虫心0.71汉化版（新）\reborn_workrepo\合作指挥官版起义狂潮\Mods\XM\XMAlarak.SC2Mod\Base.SC2Data\GameData\RequirementNodeData.xml
CountUpgradeVoidRayPrismaticRangeQueuedOrBetter	CRequirementCountUpgrade	mods/starcoop/starcoop.sc2mod/base.sc2data/gamedata/requirementnodedata.xml	C:\Users\22448\Downloads\重生虫心0.71汉化版（新）\reborn_workrepo\合作指挥官版起义狂潮\Mods\XM\XMAlarak.SC2Mod\Base.SC2Data\GameData\RequirementNodeData.xml
CountUpgradeVorazunCloakShieldRegenCompleteOnly	CRequirementCountUpgrade	mods/starcoop/starcoop.sc2mod/base.sc2data/gamedata/requirementnodedata.xml	C:\Users\22448\Downloads\重生虫心0.71汉化版（新）\reborn_workrepo\合作指挥官版起义狂潮\Mods\XM\XMAlarak.SC2Mod\Base.SC2Data\GameData\RequirementNodeData.xml
CountUpgradeVorazunCommanderCompleteOnly	CRequirementCountUpgrade	mods/starcoop/starcoop.sc2mod/base.sc2data/gamedata/requirementnodedata.xml	C:\Users\22448\Downloads\重生虫心0.71汉化版（新）\reborn_workrepo\合作指挥官版起义狂潮\Mods\XM\XMAlarak.SC2Mod\Base.SC2Data\GameData\RequirementNodeData.xml
CountUpgradeWorshipAlarakCompleteOnly	CRequirementCountUpgrade	mods/starcoop/starcoop.sc2mod/base.sc2data/gamedata/requirementnodedata.xml	C:\Users\22448\Downloads\重生虫心0.71汉化版（新）\reborn_workrepo\合作指挥官版起义狂潮\Mods\XM\XMAlarak.SC2Mod\Base.SC2Data\GameData\RequirementNodeData.xml
CountUpgradeWorshipAlarakQueuedOrBetter	CRequirementCountUpgrade	mods/starcoop/starcoop.sc2mod/base.sc2data/gamedata/requirementnodedata.xml	C:\Users\22448\Downloads\重生虫心0.71汉化版（新）\reborn_workrepo\合作指挥官版起义狂潮\Mods\XM\XMAlarak.SC2Mod\Base.SC2Data\GameData\RequirementNodeData.xml
Eq1773896888CountUpgradeProtossGroundArmorsLevel1CompleteOnly1	CRequirementEq	mods/starcoop/starcoop.sc2mod/base.sc2data/gamedata/requirementnodedata.xml	C:\Users\22448\Downloads\重生虫心0.71汉化版（新）\reborn_workrepo\合作指挥官版起义狂潮\Mods\XM\XMAlarak.SC2Mod\Base.SC2Data\GameData\RequirementNodeData.xml
Eq2653633474CountUpgradeProtossGroundWeaponsLevel1CompleteOnly1	CRequirementEq	mods/starcoop/starcoop.sc2mod/base.sc2data/gamedata/requirementnodedata.xml	C:\Users\22448\Downloads\重生虫心0.71汉化版（新）\reborn_workrepo\合作指挥官版起义狂潮\Mods\XM\XMAlarak.SC2Mod\Base.SC2Data\GameData\RequirementNodeData.xml
Eq2888706574CountUnitSolarForgeQueuedOrBetter0	CRequirementEq	mods/starcoop/starcoop.sc2mod/base.sc2data/gamedata/requirementnodedata.xml	C:\Users\22448\Downloads\重生虫心0.71汉化版（新）\reborn_workrepo\合作指挥官版起义狂潮\Mods\XM\XMAlarak.SC2Mod\Base.SC2Data\GameData\RequirementNodeData.xml
Eq3056608045CountUpgradeProtossGroundWeaponsLevel2CompleteOnly1	CRequirementEq	mods/starcoop/starcoop.sc2mod/base.sc2data/gamedata/requirementnodedata.xml	C:\Users\22448\Downloads\重生虫心0.71汉化版（新）\reborn_workrepo\合作指挥官版起义狂潮\Mods\XM\XMAlarak.SC2Mod\Base.SC2Data\GameData\RequirementNodeData.xml
Eq3649763191CountUpgradeProtossGroundArmorsLevel2CompleteOnly1	CRequirementEq	mods/starcoop/starcoop.sc2mod/base.sc2data/gamedata/requirementnodedata.xml	C:\Users\22448\Downloads\重生虫心0.71汉化版（新）\reborn_workrepo\合作指挥官版起义狂潮\Mods\XM\XMAlarak.SC2Mod\Base.SC2Data\GameData\RequirementNodeData.xml
EqCountUpgradeProtossGroundArmorsLevel1QueuedOrBetter02	CRequirementEq	mods/starcoop/starcoop.sc2mod/base.sc2data/gamedata/requirementnodedata.xml	C:\Users\22448\Downloads\重生虫心0.71汉化版（新）\reborn_workrepo\合作指挥官版起义狂潮\Mods\XM\XMAlarak.SC2Mod\Base.SC2Data\GameData\RequirementNodeData.xml
EqCountUpgradeProtossGroundWeaponsLevel1QueuedOrBetter02	CRequirementEq	mods/starcoop/starcoop.sc2mod/base.sc2data/gamedata/requirementnodedata.xml	C:\Users\22448\Downloads\重生虫心0.71汉化版（新）\reborn_workrepo\合作指挥官版起义狂潮\Mods\XM\XMAlarak.SC2Mod\Base.SC2Data\GameData\RequirementNodeData.xml
GT10CountUpgradeCommanderLevelCompleteOnly	CRequirementGT	mods/starcoop/starcoop.sc2mod/base.sc2data/gamedata/requirementnodedata.xml	C:\Users\22448\Downloads\重生虫心0.71汉化版（新）\reborn_workrepo\合作指挥官版起义狂潮\Mods\XM\XMAlarak.SC2Mod\Base.SC2Data\GameData\RequirementNodeData.xml
GT11CountUpgradeCommanderLevelCompleteOnly	CRequirementGT	mods/starcoop/starcoop.sc2mod/base.sc2data/gamedata/requirementnodedata.xml	C:\Users\22448\Downloads\重生虫心0.71汉化版（新）\reborn_workrepo\合作指挥官版起义狂潮\Mods\XM\XMAlarak.SC2Mod\Base.SC2Data\GameData\RequirementNodeData.xml
GT12CountUpgradeCommanderLevelCompleteOnly	CRequirementGT	mods/starcoop/starcoop.sc2mod/base.sc2data/gamedata/requirementnodedata.xml	C:\Users\22448\Downloads\重生虫心0.71汉化版（新）\reborn_workrepo\合作指挥官版起义狂潮\Mods\XM\XMAlarak.SC2Mod\Base.SC2Data\GameData\RequirementNodeData.xml
GT13CountUpgradeCommanderLevelCompleteOnly	CRequirementGT	mods/starcoop/starcoop.sc2mod/base.sc2data/gamedata/requirementnodedata.xml	C:\Users\22448\Downloads\重生虫心0.71汉化版（新）\reborn_workrepo\合作指挥官版起义狂潮\Mods\XM\XMAlarak.SC2Mod\Base.SC2Data\GameData\RequirementNodeData.xml
GT14CountUpgradeCommanderLevelCompleteOnly	CRequirementGT	mods/starcoop/starcoop.sc2mod/base.sc2data/gamedata/requirementnodedata.xml	C:\Users\22448\Downloads\重生虫心0.71汉化版（新）\reborn_workrepo\合作指挥官版起义狂潮\Mods\XM\XMAlarak.SC2Mod\Base.SC2Data\GameData\RequirementNodeData.xml
GT15CountUpgradeCommanderLevelCompleteOnly	CRequirementGT	mods/starcoop/starcoop.sc2mod/base.sc2data/gamedata/requirementnodedata.xml	C:\Users\22448\Downloads\重生虫心0.71汉化版（新）\reborn_workrepo\合作指挥官版起义狂潮\Mods\XM\XMAlarak.SC2Mod\Base.SC2Data\GameData\RequirementNodeData.xml
GT2CountUpgradeCommanderLevelCompleteOnly	CRequirementGT	mods/starcoop/starcoop.sc2mod/base.sc2data/gamedata/requirementnodedata.xml	C:\Users\22448\Downloads\重生虫心0.71汉化版（新）\reborn_workrepo\合作指挥官版起义狂潮\Mods\XM\XMAlarak.SC2Mod\Base.SC2Data\GameData\RequirementNodeData.xml
GT3CountUpgradeCommanderLevelCompleteOnly	CRequirementGT	mods/starcoop/starcoop.sc2mod/base.sc2data/gamedata/requirementnodedata.xml	C:\Users\22448\Downloads\重生虫心0.71汉化版（新）\reborn_workrepo\合作指挥官版起义狂潮\Mods\XM\XMAlarak.SC2Mod\Base.SC2Data\GameData\RequirementNodeData.xml
GT4CountUpgradeCommanderLevelCompleteOnly	CRequirementGT	mods/starcoop/starcoop.sc2mod/base.sc2data/gamedata/requirementnodedata.xml	C:\Users\22448\Downloads\重生虫心0.71汉化版（新）\reborn_workrepo\合作指挥官版起义狂潮\Mods\XM\XMAlarak.SC2Mod\Base.SC2Data\GameData\RequirementNodeData.xml
GT5CountUpgradeCommanderLevelCompleteOnly	CRequirementGT	mods/starcoop/starcoop.sc2mod/base.sc2data/gamedata/requirementnodedata.xml	C:\Users\22448\Downloads\重生虫心0.71汉化版（新）\reborn_workrepo\合作指挥官版起义狂潮\Mods\XM\XMAlarak.SC2Mod\Base.SC2Data\GameData\RequirementNodeData.xml
GT6CountUpgradeCommanderLevelCompleteOnly	CRequirementGT	mods/starcoop/starcoop.sc2mod/base.sc2data/gamedata/requirementnodedata.xml	C:\Users\22448\Downloads\重生虫心0.71汉化版（新）\reborn_workrepo\合作指挥官版起义狂潮\Mods\XM\XMAlarak.SC2Mod\Base.SC2Data\GameData\RequirementNodeData.xml
GT7CountUpgradeCommanderLevelCompleteOnly	CRequirementGT	mods/starcoop/starcoop.sc2mod/base.sc2data/gamedata/requirementnodedata.xml	C:\Users\22448\Downloads\重生虫心0.71汉化版（新）\reborn_workrepo\合作指挥官版起义狂潮\Mods\XM\XMAlarak.SC2Mod\Base.SC2Data\GameData\RequirementNodeData.xml
GT8CountUpgradeCommanderLevelCompleteOnly	CRequirementGT	mods/starcoop/starcoop.sc2mod/base.sc2data/gamedata/requirementnodedata.xml	C:\Users\22448\Downloads\重生虫心0.71汉化版（新）\reborn_workrepo\合作指挥官版起义狂潮\Mods\XM\XMAlarak.SC2Mod\Base.SC2Data\GameData\RequirementNodeData.xml
GT9CountUpgradeCommanderLevelCompleteOnly	CRequirementGT	mods/starcoop/starcoop.sc2mod/base.sc2data/gamedata/requirementnodedata.xml	C:\Users\22448\Downloads\重生虫心0.71汉化版（新）\reborn_workrepo\合作指挥官版起义狂潮\Mods\XM\XMAlarak.SC2Mod\Base.SC2Data\GameData\RequirementNodeData.xml
GTECountUpgradeCommanderLevelCompleteOnly11	CRequirementGTE	mods/starcoop/starcoop.sc2mod/base.sc2data/gamedata/requirementnodedata.xml	C:\Users\22448\Downloads\重生虫心0.71汉化版（新）\reborn_workrepo\合作指挥官版起义狂潮\Mods\XM\XMAlarak.SC2Mod\Base.SC2Data\GameData\RequirementNodeData.xml
GTECountUpgradeCommanderLevelCompleteOnly14	CRequirementGTE	mods/starcoop/starcoop.sc2mod/base.sc2data/gamedata/requirementnodedata.xml	C:\Users\22448\Downloads\重生虫心0.71汉化版（新）\reborn_workrepo\合作指挥官版起义狂潮\Mods\XM\XMAlarak.SC2Mod\Base.SC2Data\GameData\RequirementNodeData.xml
GTECountUpgradeCommanderLevelCompleteOnly6	CRequirementGTE	mods/starcoop/starcoop.sc2mod/base.sc2data/gamedata/requirementnodedata.xml	C:\Users\22448\Downloads\重生虫心0.71汉化版（新）\reborn_workrepo\合作指挥官版起义狂潮\Mods\XM\XMAlarak.SC2Mod\Base.SC2Data\GameData\RequirementNodeData.xml
LT14CountUpgradeCommanderLevelCompleteOnly	CRequirementLT	mods/starcoop/starcoop.sc2mod/base.sc2data/gamedata/requirementnodedata.xml	C:\Users\22448\Downloads\重生虫心0.71汉化版（新）\reborn_workrepo\合作指挥官版起义狂潮\Mods\XM\XMAlarak.SC2Mod\Base.SC2Data\GameData\RequirementNodeData.xml
LT3CountUpgradeCommanderLevelCompleteOnly	CRequirementLT	mods/starcoop/starcoop.sc2mod/base.sc2data/gamedata/requirementnodedata.xml	C:\Users\22448\Downloads\重生虫心0.71汉化版（新）\reborn_workrepo\合作指挥官版起义狂潮\Mods\XM\XMAlarak.SC2Mod\Base.SC2Data\GameData\RequirementNodeData.xml
LT8CountUpgradeCommanderLevelCompleteOnly	CRequirementLT	mods/starcoop/starcoop.sc2mod/base.sc2data/gamedata/requirementnodedata.xml	C:\Users\22448\Downloads\重生虫心0.71汉化版（新）\reborn_workrepo\合作指挥官版起义狂潮\Mods\XM\XMAlarak.SC2Mod\Base.SC2Data\GameData\RequirementNodeData.xml
LTE12CountUpgradeCommanderLevelCompleteOnly	CRequirementLTE	mods/starcoop/starcoop.sc2mod/base.sc2data/gamedata/requirementnodedata.xml	C:\Users\22448\Downloads\重生虫心0.71汉化版（新）\reborn_workrepo\合作指挥官版起义狂潮\Mods\XM\XMAlarak.SC2Mod\Base.SC2Data\GameData\RequirementNodeData.xml
Not2537767773CountUnitFenixAltarOfPsiStormsQueuedOrBetter	CRequirementNot	mods/starcoop/starcoop.sc2mod/base.sc2data/gamedata/requirementnodedata.xml	C:\Users\22448\Downloads\重生虫心0.71汉化版（新）\reborn_workrepo\合作指挥官版起义狂潮\Mods\XM\XMAlarak.SC2Mod\Base.SC2Data\GameData\RequirementNodeData.xml
Not3804783965CountUnitSOAMothershipv4QueuedOrBetter	CRequirementNot	mods/starcoop/starcoop.sc2mod/base.sc2data/gamedata/requirementnodedata.xml	C:\Users\22448\Downloads\重生虫心0.71汉化版（新）\reborn_workrepo\合作指挥官版起义狂潮\Mods\XM\XMAlarak.SC2Mod\Base.SC2Data\GameData\RequirementNodeData.xml
NotCountUpgradeAlarackHavocPermanentCloakQueuedOrBetter	CRequirementNot	mods/starcoop/starcoop.sc2mod/base.sc2data/gamedata/requirementnodedata.xml	C:\Users\22448\Downloads\重生虫心0.71汉化版（新）\reborn_workrepo\合作指挥官版起义狂潮\Mods\XM\XMAlarak.SC2Mod\Base.SC2Data\GameData\RequirementNodeData.xml
NotCountUpgradeAlarakAttackStunUpgradeQueuedOrBetter	CRequirementNot	mods/starcoop/starcoop.sc2mod/base.sc2data/gamedata/requirementnodedata.xml	C:\Users\22448\Downloads\重生虫心0.71汉化版（新）\reborn_workrepo\合作指挥官版起义狂潮\Mods\XM\XMAlarak.SC2Mod\Base.SC2Data\GameData\RequirementNodeData.xml
NotCountUpgradeAlarakCommanderCompleteOnly	CRequirementNot	mods/starcoop/starcoop.sc2mod/base.sc2data/gamedata/requirementnodedata.xml	C:\Users\22448\Downloads\重生虫心0.71汉化版（新）\reborn_workrepo\合作指挥官版起义狂潮\Mods\XM\XMAlarak.SC2Mod\Base.SC2Data\GameData\RequirementNodeData.xml
NotCountUpgradeAlarakDestructionWaveDistanceQueuedOrBetter	CRequirementNot	mods/starcoop/starcoop.sc2mod/base.sc2data/gamedata/requirementnodedata.xml	C:\Users\22448\Downloads\重生虫心0.71汉化版（新）\reborn_workrepo\合作指挥官版起义狂潮\Mods\XM\XMAlarak.SC2Mod\Base.SC2Data\GameData\RequirementNodeData.xml
NotCountUpgradeAlarakHavocAbilityRangeQueuedOrBetter	CRequirementNot	mods/starcoop/starcoop.sc2mod/base.sc2data/gamedata/requirementnodedata.xml	C:\Users\22448\Downloads\重生虫心0.71汉化版（新）\reborn_workrepo\合作指挥官版起义狂潮\Mods\XM\XMAlarak.SC2Mod\Base.SC2Data\GameData\RequirementNodeData.xml
NotCountUpgradeAlarakHavocTargetLockBuffQueuedOrBetter	CRequirementNot	mods/starcoop/starcoop.sc2mod/base.sc2data/gamedata/requirementnodedata.xml	C:\Users\22448\Downloads\重生虫心0.71汉化版（新）\reborn_workrepo\合作指挥官版起义狂潮\Mods\XM\XMAlarak.SC2Mod\Base.SC2Data\GameData\RequirementNodeData.xml
NotCountUpgradeArtanisCommanderCompleteOnly	CRequirementNot	mods/starcoop/starcoop.sc2mod/base.sc2data/gamedata/requirementnodedata.xml	C:\Users\22448\Downloads\重生虫心0.71汉化版（新）\reborn_workrepo\合作指挥官版起义狂潮\Mods\XM\XMAlarak.SC2Mod\Base.SC2Data\GameData\RequirementNodeData.xml
NotCountUpgradeAStrongHeartQueuedOrBetter	CRequirementNot	mods/starcoop/starcoop.sc2mod/base.sc2data/gamedata/requirementnodedata.xml	C:\Users\22448\Downloads\重生虫心0.71汉化版（新）\reborn_workrepo\合作指挥官版起义狂潮\Mods\XM\XMAlarak.SC2Mod\Base.SC2Data\GameData\RequirementNodeData.xml
NotCountUpgradeCarrierRepairDronesQueuedOrBetter	CRequirementNot	mods/starcoop/starcoop.sc2mod/base.sc2data/gamedata/requirementnodedata.xml	C:\Users\22448\Downloads\重生虫心0.71汉化版（新）\reborn_workrepo\合作指挥官版起义狂潮\Mods\XM\XMAlarak.SC2Mod\Base.SC2Data\GameData\RequirementNodeData.xml
NotCountUpgradeCommanderPrestigeAlarakDeathFleetCompleteOnly	CRequirementNot	mods/starcoop/starcoop.sc2mod/base.sc2data/gamedata/requirementnodedata.xml	C:\Users\22448\Downloads\重生虫心0.71汉化版（新）\reborn_workrepo\合作指挥官版起义狂潮\Mods\XM\XMAlarak.SC2Mod\Base.SC2Data\GameData\RequirementNodeData.xml
NotCountUpgradeCorsairDisruptionWebQueuedOrBetter	CRequirementNot	mods/starcoop/starcoop.sc2mod/base.sc2data/gamedata/requirementnodedata.xml	C:\Users\22448\Downloads\重生虫心0.71汉化版（新）\reborn_workrepo\合作指挥官版起义狂潮\Mods\XM\XMAlarak.SC2Mod\Base.SC2Data\GameData\RequirementNodeData.xml
NotCountUpgradeCorsairPermanentCloakQueuedOrBetter	CRequirementNot	mods/starcoop/starcoop.sc2mod/base.sc2data/gamedata/requirementnodedata.xml	C:\Users\22448\Downloads\重生虫心0.71汉化版（新）\reborn_workrepo\合作指挥官版起义狂潮\Mods\XM\XMAlarak.SC2Mod\Base.SC2Data\GameData\RequirementNodeData.xml
NotCountUpgradeDarkPylonMorphQueuedOrBetter	CRequirementNot	mods/starcoop/starcoop.sc2mod/base.sc2data/gamedata/requirementnodedata.xml	C:\Users\22448\Downloads\重生虫心0.71汉化版（新）\reborn_workrepo\合作指挥官版起义狂潮\Mods\XM\XMAlarak.SC2Mod\Base.SC2Data\GameData\RequirementNodeData.xml
NotCountUpgradeFenixArbiterDetectionQueuedOrBetter	CRequirementNot	mods/starcoop/starcoop.sc2mod/base.sc2data/gamedata/requirementnodedata.xml	C:\Users\22448\Downloads\重生虫心0.71汉化版（新）\reborn_workrepo\合作指挥官版起义狂潮\Mods\XM\XMAlarak.SC2Mod\Base.SC2Data\GameData\RequirementNodeData.xml
NotCountUpgradeFenixChampionCarrierBombersQueuedOrBetter	CRequirementNot	mods/starcoop/starcoop.sc2mod/base.sc2data/gamedata/requirementnodedata.xml	C:\Users\22448\Downloads\重生虫心0.71汉化版（新）\reborn_workrepo\合作指挥官版起义狂潮\Mods\XM\XMAlarak.SC2Mod\Base.SC2Data\GameData\RequirementNodeData.xml
NotCountUpgradeFenixChampionScoutAOEMissilesQueuedOrBetter	CRequirementNot	mods/starcoop/starcoop.sc2mod/base.sc2data/gamedata/requirementnodedata.xml	C:\Users\22448\Downloads\重生虫心0.71汉化版（新）\reborn_workrepo\合作指挥官版起义狂潮\Mods\XM\XMAlarak.SC2Mod\Base.SC2Data\GameData\RequirementNodeData.xml
NotCountUpgradeFenixScoutWeaponRangeQueuedOrBetter	CRequirementNot	mods/starcoop/starcoop.sc2mod/base.sc2data/gamedata/requirementnodedata.xml	C:\Users\22448\Downloads\重生虫心0.71汉化版（新）\reborn_workrepo\合作指挥官版起义狂潮\Mods\XM\XMAlarak.SC2Mod\Base.SC2Data\GameData\RequirementNodeData.xml
NotCountUpgradeFenixSentryGuardianZoneUpgradeQueuedOrBetter	CRequirementNot	mods/starcoop/starcoop.sc2mod/base.sc2data/gamedata/requirementnodedata.xml	C:\Users\22448\Downloads\重生虫心0.71汉化版（新）\reborn_workrepo\合作指挥官版起义狂潮\Mods\XM\XMAlarak.SC2Mod\Base.SC2Data\GameData\RequirementNodeData.xml
NotCountUpgradeFenixSuitAttackDamageQueuedOrBetter	CRequirementNot	mods/starcoop/starcoop.sc2mod/base.sc2data/gamedata/requirementnodedata.xml	C:\Users\22448\Downloads\重生虫心0.71汉化版（新）\reborn_workrepo\合作指挥官版起义狂潮\Mods\XM\XMAlarak.SC2Mod\Base.SC2Data\GameData\RequirementNodeData.xml
NotCountUpgradeKaraxCarrierInterceptorLaunchSpeedQueuedOrBetter	CRequirementNot	mods/starcoop/starcoop.sc2mod/base.sc2data/gamedata/requirementnodedata.xml	C:\Users\22448\Downloads\重生虫心0.71汉化版（新）\reborn_workrepo\合作指挥官版起义狂潮\Mods\XM\XMAlarak.SC2Mod\Base.SC2Data\GameData\RequirementNodeData.xml
NotCountUpgradeKaraxTurretAttackSpeedQueuedOrBetter	CRequirementNot	mods/starcoop/starcoop.sc2mod/base.sc2data/gamedata/requirementnodedata.xml	C:\Users\22448\Downloads\重生虫心0.71汉化版（新）\reborn_workrepo\合作指挥官版起义狂潮\Mods\XM\XMAlarak.SC2Mod\Base.SC2Data\GameData\RequirementNodeData.xml
NotCountUpgradeKaraxTurretRangeQueuedOrBetter	CRequirementNot	mods/starcoop/starcoop.sc2mod/base.sc2data/gamedata/requirementnodedata.xml	C:\Users\22448\Downloads\重生虫心0.71汉化版（新）\reborn_workrepo\合作指挥官版起义狂潮\Mods\XM\XMAlarak.SC2Mod\Base.SC2Data\GameData\RequirementNodeData.xml
NotCountUpgradeMiragePhaseArmorQueuedOrBetter	CRequirementNot	mods/starcoop/starcoop.sc2mod/base.sc2data/gamedata/requirementnodedata.xml	C:\Users\22448\Downloads\重生虫心0.71汉化版（新）\reborn_workrepo\合作指挥官版起义狂潮\Mods\XM\XMAlarak.SC2Mod\Base.SC2Data\GameData\RequirementNodeData.xml
NotCountUpgradeOracleStasisWardUpgradeQueuedOrBetter	CRequirementNot	mods/starcoop/starcoop.sc2mod/base.sc2data/gamedata/requirementnodedata.xml	C:\Users\22448\Downloads\重生虫心0.71汉化版（新）\reborn_workrepo\合作指挥官版起义狂潮\Mods\XM\XMAlarak.SC2Mod\Base.SC2Data\GameData\RequirementNodeData.xml
NotCountUpgradeOracleWormholeQueuedOrBetter	CRequirementNot	mods/starcoop/starcoop.sc2mod/base.sc2data/gamedata/requirementnodedata.xml	C:\Users\22448\Downloads\重生虫心0.71汉化版（新）\reborn_workrepo\合作指挥官版起义狂潮\Mods\XM\XMAlarak.SC2Mod\Base.SC2Data\GameData\RequirementNodeData.xml
NotCountUpgradeSentryResearchChronoBeamQueuedOrBetter	CRequirementNot	mods/starcoop/starcoop.sc2mod/base.sc2data/gamedata/requirementnodedata.xml	C:\Users\22448\Downloads\重生虫心0.71汉化版（新）\reborn_workrepo\合作指挥官版起义狂潮\Mods\XM\XMAlarak.SC2Mod\Base.SC2Data\GameData\RequirementNodeData.xml
NotCountUpgradeSentryResearchShieldRepairDoubleQueuedOrBetter	CRequirementNot	mods/starcoop/starcoop.sc2mod/base.sc2data/gamedata/requirementnodedata.xml	C:\Users\22448\Downloads\重生虫心0.71汉化版（新）\reborn_workrepo\合作指挥官版起义狂潮\Mods\XM\XMAlarak.SC2Mod\Base.SC2Data\GameData\RequirementNodeData.xml
NotCountUpgradeShieldBatteryStructureBarrierQueuedOrBetter	CRequirementNot	mods/starcoop/starcoop.sc2mod/base.sc2data/gamedata/requirementnodedata.xml	C:\Users\22448\Downloads\重生虫心0.71汉化版（新）\reborn_workrepo\合作指挥官版起义狂潮\Mods\XM\XMAlarak.SC2Mod\Base.SC2Data\GameData\RequirementNodeData.xml
NotCountUpgradeSOAWarpGateChargesQueuedOrBetter	CRequirementNot	mods/starcoop/starcoop.sc2mod/base.sc2data/gamedata/requirementnodedata.xml	C:\Users\22448\Downloads\重生虫心0.71汉化版（新）\reborn_workrepo\合作指挥官版起义狂潮\Mods\XM\XMAlarak.SC2Mod\Base.SC2Data\GameData\RequirementNodeData.xml
NotCountUpgradeTempestDisintegrationQueuedOrBetter	CRequirementNot	mods/starcoop/starcoop.sc2mod/base.sc2data/gamedata/requirementnodedata.xml	C:\Users\22448\Downloads\重生虫心0.71汉化版（新）\reborn_workrepo\合作指挥官版起义狂潮\Mods\XM\XMAlarak.SC2Mod\Base.SC2Data\GameData\RequirementNodeData.xml
NotCountUpgradeVoidPhoenixDoubleGravitonQueuedOrBetter	CRequirementNot	mods/starcoop/starcoop.sc2mod/base.sc2data/gamedata/requirementnodedata.xml	C:\Users\22448\Downloads\重生虫心0.71汉化版（新）\reborn_workrepo\合作指挥官版起义狂潮\Mods\XM\XMAlarak.SC2Mod\Base.SC2Data\GameData\RequirementNodeData.xml
NotCountUpgradeVoidRayPrismaticRangeQueuedOrBetter	CRequirementNot	mods/starcoop/starcoop.sc2mod/base.sc2data/gamedata/requirementnodedata.xml	C:\Users\22448\Downloads\重生虫心0.71汉化版（新）\reborn_workrepo\合作指挥官版起义狂潮\Mods\XM\XMAlarak.SC2Mod\Base.SC2Data\GameData\RequirementNodeData.xml
NotCountUpgradeWorshipAlarakQueuedOrBetter	CRequirementNot	mods/starcoop/starcoop.sc2mod/base.sc2data/gamedata/requirementnodedata.xml	C:\Users\22448\Downloads\重生虫心0.71汉化版（新）\reborn_workrepo\合作指挥官版起义狂潮\Mods\XM\XMAlarak.SC2Mod\Base.SC2Data\GameData\RequirementNodeData.xml
ZenithStone	CShapeArc	mods/starcoop/starcoop.sc2mod/base.sc2data/gamedata/shapedata.xml	C:\Users\22448\Downloads\重生虫心0.71汉化版（新）\reborn_workrepo\合作指挥官版起义狂潮\Mods\XM\XMAlarak.SC2Mod\Base.SC2Data\GameData\shapedata.xml
CommanderPrestigeTychusOdin	CSkin	mods/starcoop/starcoop.sc2mod/base.sc2data/gamedata/skindata.xml	C:\Users\22448\Downloads\重生虫心0.71汉化版（新）\reborn_workrepo\合作指挥官版起义狂潮\Mods\XM\XMAlarak.SC2Mod\Base.SC2Data\GameData\skindata.xml
DehakaPrimal	CSkin	mods/starcoop/starcoop.sc2mod/base.sc2data/gamedata/skindata.xml	C:\Users\22448\Downloads\重生虫心0.71汉化版（新）\reborn_workrepo\合作指挥官版起义狂潮\Mods\XM\XMAlarak.SC2Mod\Base.SC2Data\GameData\skindata.xml
Fenix_Purifier_COOP	CSkin	mods/starcoop/starcoop.sc2mod/base.sc2data/gamedata/skindata.xml	C:\Users\22448\Downloads\重生虫心0.71汉化版（新）\reborn_workrepo\合作指挥官版起义狂潮\Mods\XM\XMAlarak.SC2Mod\Base.SC2Data\GameData\skindata.xml
HornerHanCoop	CSkin	mods/starcoop/starcoop.sc2mod/base.sc2data/gamedata/skindata.xml	C:\Users\22448\Downloads\重生虫心0.71汉化版（新）\reborn_workrepo\合作指挥官版起义狂潮\Mods\XM\XMAlarak.SC2Mod\Base.SC2Data\GameData\skindata.xml
Nova_BlackOps_COOP	CSkin	mods/starcoop/starcoop.sc2mod/base.sc2data/gamedata/skindata.xml	C:\Users\22448\Downloads\重生虫心0.71汉化版（新）\reborn_workrepo\合作指挥官版起义狂潮\Mods\XM\XMAlarak.SC2Mod\Base.SC2Data\GameData\skindata.xml
Raynor_COOP	CSkin	mods/starcoop/starcoop.sc2mod/base.sc2data/gamedata/skindata.xml	C:\Users\22448\Downloads\重生虫心0.71汉化版（新）\reborn_workrepo\合作指挥官版起义狂潮\Mods\XM\XMAlarak.SC2Mod\Base.SC2Data\GameData\skindata.xml
TaldarimSkin	CSkin	mods/starcoop/starcoop.sc2mod/base.sc2data/gamedata/skindata.xml	C:\Users\22448\Downloads\重生虫心0.71汉化版（新）\reborn_workrepo\合作指挥官版起义狂潮\Mods\XM\XMAlarak.SC2Mod\Base.SC2Data\GameData\skindata.xml
ZagaraWebby	CSkin	mods/starcoop/starcoop.sc2mod/base.sc2data/gamedata/skindata.xml	C:\Users\22448\Downloads\重生虫心0.71汉化版（新）\reborn_workrepo\合作指挥官版起义狂潮\Mods\XM\XMAlarak.SC2Mod\Base.SC2Data\GameData\skindata.xml
AbathurCommander_Auto_EnemyProtoss	CSound	mods/starcoop/starcoop.sc2mod/base.sc2data/gamedata/sounddata.xml	C:\Users\22448\Downloads\重生虫心0.71汉化版（新）\reborn_workrepo\合作指挥官版起义狂潮\Mods\XM\XMAlarak.SC2Mod\Base.SC2Data\GameData\SoundData.xml
AbathurCommander_Auto_EnemyTerran	CSound	mods/starcoop/starcoop.sc2mod/base.sc2data/gamedata/sounddata.xml	C:\Users\22448\Downloads\重生虫心0.71汉化版（新）\reborn_workrepo\合作指挥官版起义狂潮\Mods\XM\XMAlarak.SC2Mod\Base.SC2Data\GameData\SoundData.xml
AbathurCommander_Auto_EnemyZerg	CSound	mods/starcoop/starcoop.sc2mod/base.sc2data/gamedata/sounddata.xml	C:\Users\22448\Downloads\重生虫心0.71汉化版（新）\reborn_workrepo\合作指挥官版起义狂潮\Mods\XM\XMAlarak.SC2Mod\Base.SC2Data\GameData\SoundData.xml
AbathurCommander_Auto_UnitsLost	CSound	mods/starcoop/starcoop.sc2mod/base.sc2data/gamedata/sounddata.xml	C:\Users\22448\Downloads\重生虫心0.71汉化版（新）\reborn_workrepo\合作指挥官版起义狂潮\Mods\XM\XMAlarak.SC2Mod\Base.SC2Data\GameData\SoundData.xml
AbathurCommander_Thanks	CSound	mods/starcoop/starcoop.sc2mod/base.sc2data/gamedata/sounddata.xml	C:\Users\22448\Downloads\重生虫心0.71汉化版（新）\reborn_workrepo\合作指挥官版起义狂潮\Mods\XM\XMAlarak.SC2Mod\Base.SC2Data\GameData\SoundData.xml
AbathurCommander_Trade_MineralsGiven	CSound	mods/starcoop/starcoop.sc2mod/base.sc2data/gamedata/sounddata.xml	C:\Users\22448\Downloads\重生虫心0.71汉化版（新）\reborn_workrepo\合作指挥官版起义狂潮\Mods\XM\XMAlarak.SC2Mod\Base.SC2Data\GameData\SoundData.xml
AbathurCommander_Trade_MineralsNeeded	CSound	mods/starcoop/starcoop.sc2mod/base.sc2data/gamedata/sounddata.xml	C:\Users\22448\Downloads\重生虫心0.71汉化版（新）\reborn_workrepo\合作指挥官版起义狂潮\Mods\XM\XMAlarak.SC2Mod\Base.SC2Data\GameData\SoundData.xml
AbathurCommander_Trade_ResourcesGiven	CSound	mods/starcoop/starcoop.sc2mod/base.sc2data/gamedata/sounddata.xml	C:\Users\22448\Downloads\重生虫心0.71汉化版（新）\reborn_workrepo\合作指挥官版起义狂潮\Mods\XM\XMAlarak.SC2Mod\Base.SC2Data\GameData\SoundData.xml
AbathurCommander_Trade_ResourcesNeeded	CSound	mods/starcoop/starcoop.sc2mod/base.sc2data/gamedata/sounddata.xml	C:\Users\22448\Downloads\重生虫心0.71汉化版（新）\reborn_workrepo\合作指挥官版起义狂潮\Mods\XM\XMAlarak.SC2Mod\Base.SC2Data\GameData\SoundData.xml
AbathurCommander_Trade_VespeneGiven	CSound	mods/starcoop/starcoop.sc2mod/base.sc2data/gamedata/sounddata.xml	C:\Users\22448\Downloads\重生虫心0.71汉化版（新）\reborn_workrepo\合作指挥官版起义狂潮\Mods\XM\XMAlarak.SC2Mod\Base.SC2Data\GameData\SoundData.xml
AbathurCommander_Trade_VespeneNeeded	CSound	mods/starcoop/starcoop.sc2mod/base.sc2data/gamedata/sounddata.xml	C:\Users\22448\Downloads\重生虫心0.71汉化版（新）\reborn_workrepo\合作指挥官版起义狂潮\Mods\XM\XMAlarak.SC2Mod\Base.SC2Data\GameData\SoundData.xml
acAttackWave_Abathur_190	CSound	mods/starcoop/starcoop.sc2mod/base.sc2data/gamedata/sounddata.xml	C:\Users\22448\Downloads\重生虫心0.71汉化版（新）\reborn_workrepo\合作指挥官版起义狂潮\Mods\XM\XMAlarak.SC2Mod\Base.SC2Data\GameData\SoundData.xml
acAttackWave_Alarak_204	CSound	mods/starcoop/starcoop.sc2mod/base.sc2data/gamedata/sounddata.xml	C:\Users\22448\Downloads\重生虫心0.71汉化版（新）\reborn_workrepo\合作指挥官版起义狂潮\Mods\XM\XMAlarak.SC2Mod\Base.SC2Data\GameData\SoundData.xml
acAttackWave_Dehaka_226	CSound	mods/starcoop/starcoop.sc2mod/base.sc2data/gamedata/sounddata.xml	C:\Users\22448\Downloads\重生虫心0.71汉化版（新）\reborn_workrepo\合作指挥官版起义狂潮\Mods\XM\XMAlarak.SC2Mod\Base.SC2Data\GameData\SoundData.xml
acAttackWave_Han_240	CSound	mods/starcoop/starcoop.sc2mod/base.sc2data/gamedata/sounddata.xml	C:\Users\22448\Downloads\重生虫心0.71汉化版（新）\reborn_workrepo\合作指挥官版起义狂潮\Mods\XM\XMAlarak.SC2Mod\Base.SC2Data\GameData\SoundData.xml
acAttackWave_Nova_197	CSound	mods/starcoop/starcoop.sc2mod/base.sc2data/gamedata/sounddata.xml	C:\Users\22448\Downloads\重生虫心0.71汉化版（新）\reborn_workrepo\合作指挥官版起义狂潮\Mods\XM\XMAlarak.SC2Mod\Base.SC2Data\GameData\SoundData.xml
acAttackWave_Stukov_211	CSound	mods/starcoop/starcoop.sc2mod/base.sc2data/gamedata/sounddata.xml	C:\Users\22448\Downloads\重生虫心0.71汉化版（新）\reborn_workrepo\合作指挥官版起义狂潮\Mods\XM\XMAlarak.SC2Mod\Base.SC2Data\GameData\SoundData.xml
Adept_Pissed	CSound	mods/starcoop/starcoop.sc2mod/base.sc2data/gamedata/sounddata.xml	C:\Users\22448\Downloads\重生虫心0.71汉化版（新）\reborn_workrepo\合作指挥官版起义狂潮\Mods\XM\XMAlarak.SC2Mod\Base.SC2Data\GameData\SoundData.xml
Adept_What	CSound	mods/starcoop/starcoop.sc2mod/base.sc2data/gamedata/sounddata.xml	C:\Users\22448\Downloads\重生虫心0.71汉化版（新）\reborn_workrepo\合作指挥官版起义狂潮\Mods\XM\XMAlarak.SC2Mod\Base.SC2Data\GameData\SoundData.xml
Alarak_DeathFleet_Retreat	CSound	mods/starcoop/starcoop.sc2mod/base.sc2data/gamedata/sounddata.xml	C:\Users\22448\Downloads\重生虫心0.71汉化版（新）\reborn_workrepo\合作指挥官版起义狂潮\Mods\XM\XMAlarak.SC2Mod\Base.SC2Data\GameData\SoundData.xml
Alarak_DeathFleet_Summon	CSound	mods/starcoop/starcoop.sc2mod/base.sc2data/gamedata/sounddata.xml	C:\Users\22448\Downloads\重生虫心0.71汉化版（新）\reborn_workrepo\合作指挥官版起义狂潮\Mods\XM\XMAlarak.SC2Mod\Base.SC2Data\GameData\SoundData.xml
Alarak_Empower_SoulSteal_Lyr_Loop	CSound	mods/starcoop/starcoop.sc2mod/base.sc2data/gamedata/sounddata.xml	C:\Users\22448\Downloads\重生虫心0.71汉化版（新）\reborn_workrepo\合作指挥官版起义狂潮\Mods\XM\XMAlarak.SC2Mod\Base.SC2Data\GameData\SoundData.xml
Alarak_EmpowerBeam_Loop	CSound	mods/starcoop/starcoop.sc2mod/base.sc2data/gamedata/sounddata.xml	C:\Users\22448\Downloads\重生虫心0.71汉化版（新）\reborn_workrepo\合作指挥官版起义狂潮\Mods\XM\XMAlarak.SC2Mod\Base.SC2Data\GameData\SoundData.xml
Alarak_EmpowerBeam_StartStop	CSound	mods/starcoop/starcoop.sc2mod/base.sc2data/gamedata/sounddata.xml	C:\Users\22448\Downloads\重生虫心0.71汉化版（新）\reborn_workrepo\合作指挥官版起义狂潮\Mods\XM\XMAlarak.SC2Mod\Base.SC2Data\GameData\SoundData.xml
Alarak_LightningCharge_Stand	CSound	mods/starcoop/starcoop.sc2mod/base.sc2data/gamedata/sounddata.xml	C:\Users\22448\Downloads\重生虫心0.71汉化版（新）\reborn_workrepo\合作指挥官版起义狂潮\Mods\XM\XMAlarak.SC2Mod\Base.SC2Data\GameData\SoundData.xml
Alarak_LightningCharge_Start	CSound	mods/starcoop/starcoop.sc2mod/base.sc2data/gamedata/sounddata.xml	C:\Users\22448\Downloads\重生虫心0.71汉化版（新）\reborn_workrepo\合作指挥官版起义狂潮\Mods\XM\XMAlarak.SC2Mod\Base.SC2Data\GameData\SoundData.xml
Alarak_LightningCharge_Stop	CSound	mods/starcoop/starcoop.sc2mod/base.sc2data/gamedata/sounddata.xml	C:\Users\22448\Downloads\重生虫心0.71汉化版（新）\reborn_workrepo\合作指挥官版起义狂潮\Mods\XM\XMAlarak.SC2Mod\Base.SC2Data\GameData\SoundData.xml
Alarak_LightningStrike	CSound	mods/starcoop/starcoop.sc2mod/base.sc2data/gamedata/sounddata.xml	C:\Users\22448\Downloads\重生虫心0.71汉化版（新）\reborn_workrepo\合作指挥官版起义狂潮\Mods\XM\XMAlarak.SC2Mod\Base.SC2Data\GameData\SoundData.xml
Alarak_LightningStrike_Lyr_Impact	CSound	mods/starcoop/starcoop.sc2mod/base.sc2data/gamedata/sounddata.xml	C:\Users\22448\Downloads\重生虫心0.71汉化版（新）\reborn_workrepo\合作指挥官版起义狂潮\Mods\XM\XMAlarak.SC2Mod\Base.SC2Data\GameData\SoundData.xml
Alarak_SoulSteal	CSound	mods/starcoop/starcoop.sc2mod/base.sc2data/gamedata/sounddata.xml	C:\Users\22448\Downloads\重生虫心0.71汉化版（新）\reborn_workrepo\合作指挥官版起义狂潮\Mods\XM\XMAlarak.SC2Mod\Base.SC2Data\GameData\SoundData.xml
Alarak_SoulSteal_Missile	CSound	mods/starcoop/starcoop.sc2mod/base.sc2data/gamedata/sounddata.xml	C:\Users\22448\Downloads\重生虫心0.71汉化版（新）\reborn_workrepo\合作指挥官版起义狂潮\Mods\XM\XMAlarak.SC2Mod\Base.SC2Data\GameData\SoundData.xml
Alarak_StructureOvercharge	CSound	mods/starcoop/starcoop.sc2mod/base.sc2data/gamedata/sounddata.xml	C:\Users\22448\Downloads\重生虫心0.71汉化版（新）\reborn_workrepo\合作指挥官版起义狂潮\Mods\XM\XMAlarak.SC2Mod\Base.SC2Data\GameData\SoundData.xml
Alarak_StructureOvercharge_Loop	CSound	mods/starcoop/starcoop.sc2mod/base.sc2data/gamedata/sounddata.xml	C:\Users\22448\Downloads\重生虫心0.71汉化版（新）\reborn_workrepo\合作指挥官版起义狂潮\Mods\XM\XMAlarak.SC2Mod\Base.SC2Data\GameData\SoundData.xml
Alarak_StructureOvercharge_Off	CSound	mods/starcoop/starcoop.sc2mod/base.sc2data/gamedata/sounddata.xml	C:\Users\22448\Downloads\重生虫心0.71汉化版（新）\reborn_workrepo\合作指挥官版起义狂潮\Mods\XM\XMAlarak.SC2Mod\Base.SC2Data\GameData\SoundData.xml
AlarakCommander_Auto_EnemyProtoss	CSound	mods/starcoop/starcoop.sc2mod/base.sc2data/gamedata/sounddata.xml	C:\Users\22448\Downloads\重生虫心0.71汉化版（新）\reborn_workrepo\合作指挥官版起义狂潮\Mods\XM\XMAlarak.SC2Mod\Base.SC2Data\GameData\SoundData.xml
AlarakCommander_Auto_EnemyTerran	CSound	mods/starcoop/starcoop.sc2mod/base.sc2data/gamedata/sounddata.xml	C:\Users\22448\Downloads\重生虫心0.71汉化版（新）\reborn_workrepo\合作指挥官版起义狂潮\Mods\XM\XMAlarak.SC2Mod\Base.SC2Data\GameData\SoundData.xml
AlarakCommander_Auto_EnemyZerg	CSound	mods/starcoop/starcoop.sc2mod/base.sc2data/gamedata/sounddata.xml	C:\Users\22448\Downloads\重生虫心0.71汉化版（新）\reborn_workrepo\合作指挥官版起义狂潮\Mods\XM\XMAlarak.SC2Mod\Base.SC2Data\GameData\SoundData.xml
AlarakCommander_Auto_HelpMe	CSound	mods/starcoop/starcoop.sc2mod/base.sc2data/gamedata/sounddata.xml	C:\Users\22448\Downloads\重生虫心0.71汉化版（新）\reborn_workrepo\合作指挥官版起义狂潮\Mods\XM\XMAlarak.SC2Mod\Base.SC2Data\GameData\SoundData.xml
AlarakCommander_Auto_UnitsLost	CSound	mods/starcoop/starcoop.sc2mod/base.sc2data/gamedata/sounddata.xml	C:\Users\22448\Downloads\重生虫心0.71汉化版（新）\reborn_workrepo\合作指挥官版起义狂潮\Mods\XM\XMAlarak.SC2Mod\Base.SC2Data\GameData\SoundData.xml
AlarakCommander_DeathFleet	CSound	mods/starcoop/starcoop.sc2mod/base.sc2data/gamedata/sounddata.xml	C:\Users\22448\Downloads\重生虫心0.71汉化版（新）\reborn_workrepo\合作指挥官版起义狂潮\Mods\XM\XMAlarak.SC2Mod\Base.SC2Data\GameData\SoundData.xml
AlarakCommander_DFReady	CSound	mods/starcoop/starcoop.sc2mod/base.sc2data/gamedata/sounddata.xml	C:\Users\22448\Downloads\重生虫心0.71汉化版（新）\reborn_workrepo\合作指挥官版起义狂潮\Mods\XM\XMAlarak.SC2Mod\Base.SC2Data\GameData\SoundData.xml
AlarakCommander_EmpowerMe	CSound	mods/starcoop/starcoop.sc2mod/base.sc2data/gamedata/sounddata.xml	C:\Users\22448\Downloads\重生虫心0.71汉化版（新）\reborn_workrepo\合作指挥官版起义狂潮\Mods\XM\XMAlarak.SC2Mod\Base.SC2Data\GameData\SoundData.xml
AlarakCommander_EMReady	CSound	mods/starcoop/starcoop.sc2mod/base.sc2data/gamedata/sounddata.xml	C:\Users\22448\Downloads\重生虫心0.71汉化版（新）\reborn_workrepo\合作指挥官版起义狂潮\Mods\XM\XMAlarak.SC2Mod\Base.SC2Data\GameData\SoundData.xml
AlarakCommander_Idle	CSound	mods/starcoop/starcoop.sc2mod/base.sc2data/gamedata/sounddata.xml	C:\Users\22448\Downloads\重生虫心0.71汉化版（新）\reborn_workrepo\合作指挥官版起义狂潮\Mods\XM\XMAlarak.SC2Mod\Base.SC2Data\GameData\SoundData.xml
AlarakCommander_Lock2Artanis	CSound	mods/starcoop/starcoop.sc2mod/base.sc2data/gamedata/sounddata.xml	C:\Users\22448\Downloads\重生虫心0.71汉化版（新）\reborn_workrepo\合作指挥官版起义狂潮\Mods\XM\XMAlarak.SC2Mod\Base.SC2Data\GameData\SoundData.xml
AlarakCommander_Lock2Dismiss	CSound	mods/starcoop/starcoop.sc2mod/base.sc2data/gamedata/sounddata.xml	C:\Users\22448\Downloads\重生虫心0.71汉化版（新）\reborn_workrepo\合作指挥官版起义狂潮\Mods\XM\XMAlarak.SC2Mod\Base.SC2Data\GameData\SoundData.xml
AlarakCommander_Lock2Fenix	CSound	mods/starcoop/starcoop.sc2mod/base.sc2data/gamedata/sounddata.xml	C:\Users\22448\Downloads\重生虫心0.71汉化版（新）\reborn_workrepo\合作指挥官版起义狂潮\Mods\XM\XMAlarak.SC2Mod\Base.SC2Data\GameData\SoundData.xml
AlarakCommander_Lock2Generic	CSound	mods/starcoop/starcoop.sc2mod/base.sc2data/gamedata/sounddata.xml	C:\Users\22448\Downloads\重生虫心0.71汉化版（新）\reborn_workrepo\合作指挥官版起义狂潮\Mods\XM\XMAlarak.SC2Mod\Base.SC2Data\GameData\SoundData.xml
AlarakCommander_Lock2Negative	CSound	mods/starcoop/starcoop.sc2mod/base.sc2data/gamedata/sounddata.xml	C:\Users\22448\Downloads\重生虫心0.71汉化版（新）\reborn_workrepo\合作指挥官版起义狂潮\Mods\XM\XMAlarak.SC2Mod\Base.SC2Data\GameData\SoundData.xml
AlarakCommander_Lock2Positive	CSound	mods/starcoop/starcoop.sc2mod/base.sc2data/gamedata/sounddata.xml	C:\Users\22448\Downloads\重生虫心0.71汉化版（新）\reborn_workrepo\合作指挥官版起义狂潮\Mods\XM\XMAlarak.SC2Mod\Base.SC2Data\GameData\SoundData.xml
AlarakCommander_Lock2Selendis	CSound	mods/starcoop/starcoop.sc2mod/base.sc2data/gamedata/sounddata.xml	C:\Users\22448\Downloads\重生虫心0.71汉化版（新）\reborn_workrepo\合作指挥官版起义狂潮\Mods\XM\XMAlarak.SC2Mod\Base.SC2Data\GameData\SoundData.xml
AlarakCommander_Lock2Vorazun	CSound	mods/starcoop/starcoop.sc2mod/base.sc2data/gamedata/sounddata.xml	C:\Users\22448\Downloads\重生虫心0.71汉化版（新）\reborn_workrepo\合作指挥官版起义狂潮\Mods\XM\XMAlarak.SC2Mod\Base.SC2Data\GameData\SoundData.xml
AlarakCommander_LockFirst	CSound	mods/starcoop/starcoop.sc2mod/base.sc2data/gamedata/sounddata.xml	C:\Users\22448\Downloads\重生虫心0.71汉化版（新）\reborn_workrepo\合作指挥官版起义狂潮\Mods\XM\XMAlarak.SC2Mod\Base.SC2Data\GameData\SoundData.xml
AlarakCommander_Revive	CSound	mods/starcoop/starcoop.sc2mod/base.sc2data/gamedata/sounddata.xml	C:\Users\22448\Downloads\重生虫心0.71汉化版（新）\reborn_workrepo\合作指挥官版起义狂潮\Mods\XM\XMAlarak.SC2Mod\Base.SC2Data\GameData\SoundData.xml
AlarakCommander_Sacrifice	CSound	mods/starcoop/starcoop.sc2mod/base.sc2data/gamedata/sounddata.xml	C:\Users\22448\Downloads\重生虫心0.71汉化版（新）\reborn_workrepo\合作指挥官版起义狂潮\Mods\XM\XMAlarak.SC2Mod\Base.SC2Data\GameData\SoundData.xml
AlarakCommander_SOReady	CSound	mods/starcoop/starcoop.sc2mod/base.sc2data/gamedata/sounddata.xml	C:\Users\22448\Downloads\重生虫心0.71汉化版（新）\reborn_workrepo\合作指挥官版起义狂潮\Mods\XM\XMAlarak.SC2Mod\Base.SC2Data\GameData\SoundData.xml
AlarakCommander_StructureOvercharge	CSound	mods/starcoop/starcoop.sc2mod/base.sc2data/gamedata/sounddata.xml	C:\Users\22448\Downloads\重生虫心0.71汉化版（新）\reborn_workrepo\合作指挥官版起义狂潮\Mods\XM\XMAlarak.SC2Mod\Base.SC2Data\GameData\SoundData.xml
AlarakCommander_StructureOverchargeAlly	CSound	mods/starcoop/starcoop.sc2mod/base.sc2data/gamedata/sounddata.xml	C:\Users\22448\Downloads\重生虫心0.71汉化版（新）\reborn_workrepo\合作指挥官版起义狂潮\Mods\XM\XMAlarak.SC2Mod\Base.SC2Data\GameData\SoundData.xml
AlarakCommander_Thanks	CSound	mods/starcoop/starcoop.sc2mod/base.sc2data/gamedata/sounddata.xml	C:\Users\22448\Downloads\重生虫心0.71汉化版（新）\reborn_workrepo\合作指挥官版起义狂潮\Mods\XM\XMAlarak.SC2Mod\Base.SC2Data\GameData\SoundData.xml
AlarakCommander_TopBarLines	CSound	mods/starcoop/starcoop.sc2mod/base.sc2data/gamedata/sounddata.xml	C:\Users\22448\Downloads\重生虫心0.71汉化版（新）\reborn_workrepo\合作指挥官版起义狂潮\Mods\XM\XMAlarak.SC2Mod\Base.SC2Data\GameData\SoundData.xml
AlarakCommander_Trade_MineralsGiven	CSound	mods/starcoop/starcoop.sc2mod/base.sc2data/gamedata/sounddata.xml	C:\Users\22448\Downloads\重生虫心0.71汉化版（新）\reborn_workrepo\合作指挥官版起义狂潮\Mods\XM\XMAlarak.SC2Mod\Base.SC2Data\GameData\SoundData.xml
AlarakCommander_Trade_MineralsNeeded	CSound	mods/starcoop/starcoop.sc2mod/base.sc2data/gamedata/sounddata.xml	C:\Users\22448\Downloads\重生虫心0.71汉化版（新）\reborn_workrepo\合作指挥官版起义狂潮\Mods\XM\XMAlarak.SC2Mod\Base.SC2Data\GameData\SoundData.xml
AlarakCommander_Trade_MineralsReceived	CSound	mods/starcoop/starcoop.sc2mod/base.sc2data/gamedata/sounddata.xml	C:\Users\22448\Downloads\重生虫心0.71汉化版（新）\reborn_workrepo\合作指挥官版起义狂潮\Mods\XM\XMAlarak.SC2Mod\Base.SC2Data\GameData\SoundData.xml
AlarakCommander_Trade_ResourcesGiven	CSound	mods/starcoop/starcoop.sc2mod/base.sc2data/gamedata/sounddata.xml	C:\Users\22448\Downloads\重生虫心0.71汉化版（新）\reborn_workrepo\合作指挥官版起义狂潮\Mods\XM\XMAlarak.SC2Mod\Base.SC2Data\GameData\SoundData.xml
AlarakCommander_Trade_ResourcesNeeded	CSound	mods/starcoop/starcoop.sc2mod/base.sc2data/gamedata/sounddata.xml	C:\Users\22448\Downloads\重生虫心0.71汉化版（新）\reborn_workrepo\合作指挥官版起义狂潮\Mods\XM\XMAlarak.SC2Mod\Base.SC2Data\GameData\SoundData.xml
AlarakCommander_Trade_ResourcesReceived	CSound	mods/starcoop/starcoop.sc2mod/base.sc2data/gamedata/sounddata.xml	C:\Users\22448\Downloads\重生虫心0.71汉化版（新）\reborn_workrepo\合作指挥官版起义狂潮\Mods\XM\XMAlarak.SC2Mod\Base.SC2Data\GameData\SoundData.xml
AlarakCommander_Trade_VespeneGiven	CSound	mods/starcoop/starcoop.sc2mod/base.sc2data/gamedata/sounddata.xml	C:\Users\22448\Downloads\重生虫心0.71汉化版（新）\reborn_workrepo\合作指挥官版起义狂潮\Mods\XM\XMAlarak.SC2Mod\Base.SC2Data\GameData\SoundData.xml
AlarakCommander_Trade_VespeneNeeded	CSound	mods/starcoop/starcoop.sc2mod/base.sc2data/gamedata/sounddata.xml	C:\Users\22448\Downloads\重生虫心0.71汉化版（新）\reborn_workrepo\合作指挥官版起义狂潮\Mods\XM\XMAlarak.SC2Mod\Base.SC2Data\GameData\SoundData.xml
AlarakCommander_Trade_VespeneReceived	CSound	mods/starcoop/starcoop.sc2mod/base.sc2data/gamedata/sounddata.xml	C:\Users\22448\Downloads\重生虫心0.71汉化版（新）\reborn_workrepo\合作指挥官版起义狂潮\Mods\XM\XMAlarak.SC2Mod\Base.SC2Data\GameData\SoundData.xml
AlarakForkedLightningAttackBeamImpactSound	CSound	mods/starcoop/starcoop.sc2mod/base.sc2data/gamedata/sounddata.xml	C:\Users\22448\Downloads\重生虫心0.71汉化版（新）\reborn_workrepo\合作指挥官版起义狂潮\Mods\XM\XMAlarak.SC2Mod\Base.SC2Data\GameData\SoundData.xml
AlarakGemActivate	CSound	mods/starcoop/starcoop.sc2mod/base.sc2data/gamedata/sounddata.xml	C:\Users\22448\Downloads\重生虫心0.71汉化版（新）\reborn_workrepo\合作指挥官版起义狂潮\Mods\XM\XMAlarak.SC2Mod\Base.SC2Data\GameData\SoundData.xml
AlarakGemDeactivate	CSound	mods/starcoop/starcoop.sc2mod/base.sc2data/gamedata/sounddata.xml	C:\Users\22448\Downloads\重生虫心0.71汉化版（新）\reborn_workrepo\合作指挥官版起义狂潮\Mods\XM\XMAlarak.SC2Mod\Base.SC2Data\GameData\SoundData.xml
AlarakReviveBeacon_Birth	CSound	mods/starcoop/starcoop.sc2mod/base.sc2data/gamedata/sounddata.xml	C:\Users\22448\Downloads\重生虫心0.71汉化版（新）\reborn_workrepo\合作指挥官版起义狂潮\Mods\XM\XMAlarak.SC2Mod\Base.SC2Data\GameData\SoundData.xml
AlarakReviveBeacon_Birth2	CSound	mods/starcoop/starcoop.sc2mod/base.sc2data/gamedata/sounddata.xml	C:\Users\22448\Downloads\重生虫心0.71汉化版（新）\reborn_workrepo\合作指挥官版起义狂潮\Mods\XM\XMAlarak.SC2Mod\Base.SC2Data\GameData\SoundData.xml
AlarakReviveBeacon_BirthHit	CSound	mods/starcoop/starcoop.sc2mod/base.sc2data/gamedata/sounddata.xml	C:\Users\22448\Downloads\重生虫心0.71汉化版（新）\reborn_workrepo\合作指挥官版起义狂潮\Mods\XM\XMAlarak.SC2Mod\Base.SC2Data\GameData\SoundData.xml
AlarakReviveBeacon_NearCompletion	CSound	mods/starcoop/starcoop.sc2mod/base.sc2data/gamedata/sounddata.xml	C:\Users\22448\Downloads\重生虫心0.71汉化版（新）\reborn_workrepo\合作指挥官版起义狂潮\Mods\XM\XMAlarak.SC2Mod\Base.SC2Data\GameData\SoundData.xml
AlarakReviveBeacon_RingExplosion	CSound	mods/starcoop/starcoop.sc2mod/base.sc2data/gamedata/sounddata.xml	C:\Users\22448\Downloads\重生虫心0.71汉化版（新）\reborn_workrepo\合作指挥官版起义狂潮\Mods\XM\XMAlarak.SC2Mod\Base.SC2Data\GameData\SoundData.xml
AlarakReviveBeacon_RingExplosion2	CSound	mods/starcoop/starcoop.sc2mod/base.sc2data/gamedata/sounddata.xml	C:\Users\22448\Downloads\重生虫心0.71汉化版（新）\reborn_workrepo\合作指挥官版起义狂潮\Mods\XM\XMAlarak.SC2Mod\Base.SC2Data\GameData\SoundData.xml
AlarakReviveBeacon_What	CSound	mods/starcoop/starcoop.sc2mod/base.sc2data/gamedata/sounddata.xml	C:\Users\22448\Downloads\重生虫心0.71汉化版（新）\reborn_workrepo\合作指挥官版起义狂潮\Mods\XM\XMAlarak.SC2Mod\Base.SC2Data\GameData\SoundData.xml
AlarakStructureOverchargeActivate	CSound	mods/starcoop/starcoop.sc2mod/base.sc2data/gamedata/sounddata.xml	C:\Users\22448\Downloads\重生虫心0.71汉化版（新）\reborn_workrepo\合作指挥官版起义狂潮\Mods\XM\XMAlarak.SC2Mod\Base.SC2Data\GameData\SoundData.xml
Alert_ZergBuildError	CSound	mods/starcoop/starcoop.sc2mod/base.sc2data/gamedata/sounddata.xml	C:\Users\22448\Downloads\重生虫心0.71汉化版（新）\reborn_workrepo\合作指挥官版起义狂潮\Mods\XM\XMAlarak.SC2Mod\Base.SC2Data\GameData\SoundData.xml
Alert_ZergCreepTumorUnderAttack	CSound	mods/starcoop/starcoop.sc2mod/base.sc2data/gamedata/sounddata.xml	C:\Users\22448\Downloads\重生虫心0.71汉化版（新）\reborn_workrepo\合作指挥官版起义狂潮\Mods\XM\XMAlarak.SC2Mod\Base.SC2Data\GameData\SoundData.xml
ArtanisCommander_Auto_CloakedUnits	CSound	mods/starcoop/starcoop.sc2mod/base.sc2data/gamedata/sounddata.xml	C:\Users\22448\Downloads\重生虫心0.71汉化版（新）\reborn_workrepo\合作指挥官版起义狂潮\Mods\XM\XMAlarak.SC2Mod\Base.SC2Data\GameData\SoundData.xml
ArtanisCommander_Auto_EnemyProtoss	CSound	mods/starcoop/starcoop.sc2mod/base.sc2data/gamedata/sounddata.xml	C:\Users\22448\Downloads\重生虫心0.71汉化版（新）\reborn_workrepo\合作指挥官版起义狂潮\Mods\XM\XMAlarak.SC2Mod\Base.SC2Data\GameData\SoundData.xml
ArtanisCommander_Auto_EnemyTerran	CSound	mods/starcoop/starcoop.sc2mod/base.sc2data/gamedata/sounddata.xml	C:\Users\22448\Downloads\重生虫心0.71汉化版（新）\reborn_workrepo\合作指挥官版起义狂潮\Mods\XM\XMAlarak.SC2Mod\Base.SC2Data\GameData\SoundData.xml
ArtanisCommander_Auto_EnemyZerg	CSound	mods/starcoop/starcoop.sc2mod/base.sc2data/gamedata/sounddata.xml	C:\Users\22448\Downloads\重生虫心0.71汉化版（新）\reborn_workrepo\合作指挥官版起义狂潮\Mods\XM\XMAlarak.SC2Mod\Base.SC2Data\GameData\SoundData.xml
ArtanisCommander_Auto_UnitsLost	CSound	mods/starcoop/starcoop.sc2mod/base.sc2data/gamedata/sounddata.xml	C:\Users\22448\Downloads\重生虫心0.71汉化版（新）\reborn_workrepo\合作指挥官版起义狂潮\Mods\XM\XMAlarak.SC2Mod\Base.SC2Data\GameData\SoundData.xml
ArtanisCommander_Thanks	CSound	mods/starcoop/starcoop.sc2mod/base.sc2data/gamedata/sounddata.xml	C:\Users\22448\Downloads\重生虫心0.71汉化版（新）\reborn_workrepo\合作指挥官版起义狂潮\Mods\XM\XMAlarak.SC2Mod\Base.SC2Data\GameData\SoundData.xml
ArtanisCommander_Trade_MineralsGiven	CSound	mods/starcoop/starcoop.sc2mod/base.sc2data/gamedata/sounddata.xml	C:\Users\22448\Downloads\重生虫心0.71汉化版（新）\reborn_workrepo\合作指挥官版起义狂潮\Mods\XM\XMAlarak.SC2Mod\Base.SC2Data\GameData\SoundData.xml
ArtanisCommander_Trade_MineralsNeeded	CSound	mods/starcoop/starcoop.sc2mod/base.sc2data/gamedata/sounddata.xml	C:\Users\22448\Downloads\重生虫心0.71汉化版（新）\reborn_workrepo\合作指挥官版起义狂潮\Mods\XM\XMAlarak.SC2Mod\Base.SC2Data\GameData\SoundData.xml
ArtanisCommander_Trade_ResourcesGiven	CSound	mods/starcoop/starcoop.sc2mod/base.sc2data/gamedata/sounddata.xml	C:\Users\22448\Downloads\重生虫心0.71汉化版（新）\reborn_workrepo\合作指挥官版起义狂潮\Mods\XM\XMAlarak.SC2Mod\Base.SC2Data\GameData\SoundData.xml
ArtanisCommander_Trade_ResourcesNeeded	CSound	mods/starcoop/starcoop.sc2mod/base.sc2data/gamedata/sounddata.xml	C:\Users\22448\Downloads\重生虫心0.71汉化版（新）\reborn_workrepo\合作指挥官版起义狂潮\Mods\XM\XMAlarak.SC2Mod\Base.SC2Data\GameData\SoundData.xml
ArtanisCommander_Trade_VespeneGiven	CSound	mods/starcoop/starcoop.sc2mod/base.sc2data/gamedata/sounddata.xml	C:\Users\22448\Downloads\重生虫心0.71汉化版（新）\reborn_workrepo\合作指挥官版起义狂潮\Mods\XM\XMAlarak.SC2Mod\Base.SC2Data\GameData\SoundData.xml
ArtanisCommander_Trade_VespeneNeeded	CSound	mods/starcoop/starcoop.sc2mod/base.sc2data/gamedata/sounddata.xml	C:\Users\22448\Downloads\重生虫心0.71汉化版（新）\reborn_workrepo\合作指挥官版起义狂潮\Mods\XM\XMAlarak.SC2Mod\Base.SC2Data\GameData\SoundData.xml
AscendantSacrificeImpact	CSound	mods/starcoop/starcoop.sc2mod/base.sc2data/gamedata/sounddata.xml	C:\Users\22448\Downloads\重生虫心0.71汉化版（新）\reborn_workrepo\合作指挥官版起义狂潮\Mods\XM\XMAlarak.SC2Mod\Base.SC2Data\GameData\SoundData.xml
AscendantSacrificeLaunch	CSound	mods/starcoop/starcoop.sc2mod/base.sc2data/gamedata/sounddata.xml	C:\Users\22448\Downloads\重生虫心0.71汉化版（新）\reborn_workrepo\合作指挥官版起义狂潮\Mods\XM\XMAlarak.SC2Mod\Base.SC2Data\GameData\SoundData.xml
Clolarion_Attack	CSound	mods/starcoop/starcoop.sc2mod/base.sc2data/gamedata/sounddata.xml	C:\Users\22448\Downloads\重生虫心0.71汉化版（新）\reborn_workrepo\合作指挥官版起义狂潮\Mods\XM\XMAlarak.SC2Mod\Base.SC2Data\GameData\SoundData.xml
Clolarion_Help	CSound	mods/starcoop/starcoop.sc2mod/base.sc2data/gamedata/sounddata.xml	C:\Users\22448\Downloads\重生虫心0.71汉化版（新）\reborn_workrepo\合作指挥官版起义狂潮\Mods\XM\XMAlarak.SC2Mod\Base.SC2Data\GameData\SoundData.xml
Clolarion_Pissed	CSound	mods/starcoop/starcoop.sc2mod/base.sc2data/gamedata/sounddata.xml	C:\Users\22448\Downloads\重生虫心0.71汉化版（新）\reborn_workrepo\合作指挥官版起义狂潮\Mods\XM\XMAlarak.SC2Mod\Base.SC2Data\GameData\SoundData.xml
Clolarion_Ready	CSound	mods/starcoop/starcoop.sc2mod/base.sc2data/gamedata/sounddata.xml	C:\Users\22448\Downloads\重生虫心0.71汉化版（新）\reborn_workrepo\合作指挥官版起义狂潮\Mods\XM\XMAlarak.SC2Mod\Base.SC2Data\GameData\SoundData.xml
Clolarion_What	CSound	mods/starcoop/starcoop.sc2mod/base.sc2data/gamedata/sounddata.xml	C:\Users\22448\Downloads\重生虫心0.71汉化版（新）\reborn_workrepo\合作指挥官版起义狂潮\Mods\XM\XMAlarak.SC2Mod\Base.SC2Data\GameData\SoundData.xml
Clolarion_Yes	CSound	mods/starcoop/starcoop.sc2mod/base.sc2data/gamedata/sounddata.xml	C:\Users\22448\Downloads\重生虫心0.71汉化版（新）\reborn_workrepo\合作指挥官版起义狂潮\Mods\XM\XMAlarak.SC2Mod\Base.SC2Data\GameData\SoundData.xml
Conservator_NoVO	CSound	mods/starcoop/starcoop.sc2mod/base.sc2data/gamedata/sounddata.xml	C:\Users\22448\Downloads\重生虫心0.71汉化版（新）\reborn_workrepo\合作指挥官版起义狂潮\Mods\XM\XMAlarak.SC2Mod\Base.SC2Data\GameData\SoundData.xml
Conservator_ProtectiveFieldRangedVO	CSound	mods/starcoop/starcoop.sc2mod/base.sc2data/gamedata/sounddata.xml	C:\Users\22448\Downloads\重生虫心0.71汉化版（新）\reborn_workrepo\合作指挥官版起义狂潮\Mods\XM\XMAlarak.SC2Mod\Base.SC2Data\GameData\SoundData.xml
COOPTerrazineTankDeathSound	CSound	mods/starcoop/starcoop.sc2mod/base.sc2data/gamedata/sounddata.xml	C:\Users\22448\Downloads\重生虫心0.71汉化版（新）\reborn_workrepo\合作指挥官版起义狂潮\Mods\XM\XMAlarak.SC2Mod\Base.SC2Data\GameData\SoundData.xml
DarkTemplar_Ready	CSound	mods/starcoop/starcoop.sc2mod/base.sc2data/gamedata/sounddata.xml	C:\Users\22448\Downloads\重生虫心0.71汉化版（新）\reborn_workrepo\合作指挥官版起义狂潮\Mods\XM\XMAlarak.SC2Mod\Base.SC2Data\GameData\SoundData.xml
DehakaCommander_Auto_EnemyProtoss	CSound	mods/starcoop/starcoop.sc2mod/base.sc2data/gamedata/sounddata.xml	C:\Users\22448\Downloads\重生虫心0.71汉化版（新）\reborn_workrepo\合作指挥官版起义狂潮\Mods\XM\XMAlarak.SC2Mod\Base.SC2Data\GameData\SoundData.xml
DehakaCommander_Auto_EnemyTerran	CSound	mods/starcoop/starcoop.sc2mod/base.sc2data/gamedata/sounddata.xml	C:\Users\22448\Downloads\重生虫心0.71汉化版（新）\reborn_workrepo\合作指挥官版起义狂潮\Mods\XM\XMAlarak.SC2Mod\Base.SC2Data\GameData\SoundData.xml
DehakaCommander_Auto_EnemyZerg	CSound	mods/starcoop/starcoop.sc2mod/base.sc2data/gamedata/sounddata.xml	C:\Users\22448\Downloads\重生虫心0.71汉化版（新）\reborn_workrepo\合作指挥官版起义狂潮\Mods\XM\XMAlarak.SC2Mod\Base.SC2Data\GameData\SoundData.xml
DehakaCommander_Auto_UnitsLost	CSound	mods/starcoop/starcoop.sc2mod/base.sc2data/gamedata/sounddata.xml	C:\Users\22448\Downloads\重生虫心0.71汉化版（新）\reborn_workrepo\合作指挥官版起义狂潮\Mods\XM\XMAlarak.SC2Mod\Base.SC2Data\GameData\SoundData.xml
DehakaCommander_Thanks	CSound	mods/starcoop/starcoop.sc2mod/base.sc2data/gamedata/sounddata.xml	C:\Users\22448\Downloads\重生虫心0.71汉化版（新）\reborn_workrepo\合作指挥官版起义狂潮\Mods\XM\XMAlarak.SC2Mod\Base.SC2Data\GameData\SoundData.xml
DummyZeroChanceYesVO	CSound	mods/starcoop/starcoop.sc2mod/base.sc2data/gamedata/sounddata.xml	C:\Users\22448\Downloads\重生虫心0.71汉化版（新）\reborn_workrepo\合作指挥官版起义狂潮\Mods\XM\XMAlarak.SC2Mod\Base.SC2Data\GameData\SoundData.xml
Energizer_Attack	CSound	mods/starcoop/starcoop.sc2mod/base.sc2data/gamedata/sounddata.xml	C:\Users\22448\Downloads\重生虫心0.71汉化版（新）\reborn_workrepo\合作指挥官版起义狂潮\Mods\XM\XMAlarak.SC2Mod\Base.SC2Data\GameData\SoundData.xml
Energizer_Help	CSound	mods/starcoop/starcoop.sc2mod/base.sc2data/gamedata/sounddata.xml	C:\Users\22448\Downloads\重生虫心0.71汉化版（新）\reborn_workrepo\合作指挥官版起义狂潮\Mods\XM\XMAlarak.SC2Mod\Base.SC2Data\GameData\SoundData.xml
Energizer_Pissed	CSound	mods/starcoop/starcoop.sc2mod/base.sc2data/gamedata/sounddata.xml	C:\Users\22448\Downloads\重生虫心0.71汉化版（新）\reborn_workrepo\合作指挥官版起义狂潮\Mods\XM\XMAlarak.SC2Mod\Base.SC2Data\GameData\SoundData.xml
Energizer_Ready	CSound	mods/starcoop/starcoop.sc2mod/base.sc2data/gamedata/sounddata.xml	C:\Users\22448\Downloads\重生虫心0.71汉化版（新）\reborn_workrepo\合作指挥官版起义狂潮\Mods\XM\XMAlarak.SC2Mod\Base.SC2Data\GameData\SoundData.xml
Energizer_What	CSound	mods/starcoop/starcoop.sc2mod/base.sc2data/gamedata/sounddata.xml	C:\Users\22448\Downloads\重生虫心0.71汉化版（新）\reborn_workrepo\合作指挥官版起义狂潮\Mods\XM\XMAlarak.SC2Mod\Base.SC2Data\GameData\SoundData.xml
Energizer_Yes	CSound	mods/starcoop/starcoop.sc2mod/base.sc2data/gamedata/sounddata.xml	C:\Users\22448\Downloads\重生虫心0.71汉化版（新）\reborn_workrepo\合作指挥官版起义狂潮\Mods\XM\XMAlarak.SC2Mod\Base.SC2Data\GameData\SoundData.xml
FC_Bomber_MissileLaunch	CSound	mods/starcoop/starcoop.sc2mod/base.sc2data/gamedata/sounddata.xml	C:\Users\22448\Downloads\重生虫心0.71汉化版（新）\reborn_workrepo\合作指挥官版起义狂潮\Mods\XM\XMAlarak.SC2Mod\Base.SC2Data\GameData\SoundData.xml
Fenix_Attack	CSound	mods/starcoop/starcoop.sc2mod/base.sc2data/gamedata/sounddata.xml	C:\Users\22448\Downloads\重生虫心0.71汉化版（新）\reborn_workrepo\合作指挥官版起义狂潮\Mods\XM\XMAlarak.SC2Mod\Base.SC2Data\GameData\SoundData.xml
Fenix_Death	CSound	mods/starcoop/starcoop.sc2mod/base.sc2data/gamedata/sounddata.xml	C:\Users\22448\Downloads\重生虫心0.71汉化版（新）\reborn_workrepo\合作指挥官版起义狂潮\Mods\XM\XMAlarak.SC2Mod\Base.SC2Data\GameData\SoundData.xml
Fenix_Help	CSound	mods/starcoop/starcoop.sc2mod/base.sc2data/gamedata/sounddata.xml	C:\Users\22448\Downloads\重生虫心0.71汉化版（新）\reborn_workrepo\合作指挥官版起义狂潮\Mods\XM\XMAlarak.SC2Mod\Base.SC2Data\GameData\SoundData.xml
Fenix_Pissed	CSound	mods/starcoop/starcoop.sc2mod/base.sc2data/gamedata/sounddata.xml	C:\Users\22448\Downloads\重生虫心0.71汉化版（新）\reborn_workrepo\合作指挥官版起义狂潮\Mods\XM\XMAlarak.SC2Mod\Base.SC2Data\GameData\SoundData.xml
Fenix_Ready	CSound	mods/starcoop/starcoop.sc2mod/base.sc2data/gamedata/sounddata.xml	C:\Users\22448\Downloads\重生虫心0.71汉化版（新）\reborn_workrepo\合作指挥官版起义狂潮\Mods\XM\XMAlarak.SC2Mod\Base.SC2Data\GameData\SoundData.xml
Fenix_ThunderousChargePersistentVO	CSound	mods/starcoop/starcoop.sc2mod/base.sc2data/gamedata/sounddata.xml	C:\Users\22448\Downloads\重生虫心0.71汉化版（新）\reborn_workrepo\合作指挥官版起义狂潮\Mods\XM\XMAlarak.SC2Mod\Base.SC2Data\GameData\SoundData.xml
Fenix_What	CSound	mods/starcoop/starcoop.sc2mod/base.sc2data/gamedata/sounddata.xml	C:\Users\22448\Downloads\重生虫心0.71汉化版（新）\reborn_workrepo\合作指挥官版起义狂潮\Mods\XM\XMAlarak.SC2Mod\Base.SC2Data\GameData\SoundData.xml
Fenix_Yes	CSound	mods/starcoop/starcoop.sc2mod/base.sc2data/gamedata/sounddata.xml	C:\Users\22448\Downloads\重生虫心0.71汉化版（新）\reborn_workrepo\合作指挥官版起义狂潮\Mods\XM\XMAlarak.SC2Mod\Base.SC2Data\GameData\SoundData.xml
FenixClolarion_Weapon_ChargeStart	CSound	mods/starcoop/starcoop.sc2mod/base.sc2data/gamedata/sounddata.xml	C:\Users\22448\Downloads\重生虫心0.71汉化版（新）\reborn_workrepo\合作指挥官版起义狂潮\Mods\XM\XMAlarak.SC2Mod\Base.SC2Data\GameData\SoundData.xml
FenixClolarion_Weapon_Loop_Start	CSound	mods/starcoop/starcoop.sc2mod/base.sc2data/gamedata/sounddata.xml	C:\Users\22448\Downloads\重生虫心0.71汉化版（新）\reborn_workrepo\合作指挥官版起义狂潮\Mods\XM\XMAlarak.SC2Mod\Base.SC2Data\GameData\SoundData.xml
FenixClolarion_WeaponLoop1	CSound	mods/starcoop/starcoop.sc2mod/base.sc2data/gamedata/sounddata.xml	C:\Users\22448\Downloads\重生虫心0.71汉化版（新）\reborn_workrepo\合作指挥官版起义狂潮\Mods\XM\XMAlarak.SC2Mod\Base.SC2Data\GameData\SoundData.xml
FenixClolarion_WeaponLoop2	CSound	mods/starcoop/starcoop.sc2mod/base.sc2data/gamedata/sounddata.xml	C:\Users\22448\Downloads\重生虫心0.71汉化版（新）\reborn_workrepo\合作指挥官版起义狂潮\Mods\XM\XMAlarak.SC2Mod\Base.SC2Data\GameData\SoundData.xml
FenixClolarion_WeaponLoop3	CSound	mods/starcoop/starcoop.sc2mod/base.sc2data/gamedata/sounddata.xml	C:\Users\22448\Downloads\重生虫心0.71汉化版（新）\reborn_workrepo\合作指挥官版起义狂潮\Mods\XM\XMAlarak.SC2Mod\Base.SC2Data\GameData\SoundData.xml
FenixCommander_Auto_EnemyProtoss	CSound	mods/starcoop/starcoop.sc2mod/base.sc2data/gamedata/sounddata.xml	C:\Users\22448\Downloads\重生虫心0.71汉化版（新）\reborn_workrepo\合作指挥官版起义狂潮\Mods\XM\XMAlarak.SC2Mod\Base.SC2Data\GameData\SoundData.xml
FenixCommander_Auto_EnemyTerran	CSound	mods/starcoop/starcoop.sc2mod/base.sc2data/gamedata/sounddata.xml	C:\Users\22448\Downloads\重生虫心0.71汉化版（新）\reborn_workrepo\合作指挥官版起义狂潮\Mods\XM\XMAlarak.SC2Mod\Base.SC2Data\GameData\SoundData.xml
FenixCommander_Auto_EnemyZerg	CSound	mods/starcoop/starcoop.sc2mod/base.sc2data/gamedata/sounddata.xml	C:\Users\22448\Downloads\重生虫心0.71汉化版（新）\reborn_workrepo\合作指挥官版起义狂潮\Mods\XM\XMAlarak.SC2Mod\Base.SC2Data\GameData\SoundData.xml
FenixCommander_Auto_UnitsLost	CSound	mods/starcoop/starcoop.sc2mod/base.sc2data/gamedata/sounddata.xml	C:\Users\22448\Downloads\重生虫心0.71汉化版（新）\reborn_workrepo\合作指挥官版起义狂潮\Mods\XM\XMAlarak.SC2Mod\Base.SC2Data\GameData\SoundData.xml
FenixCommander_Thanks	CSound	mods/starcoop/starcoop.sc2mod/base.sc2data/gamedata/sounddata.xml	C:\Users\22448\Downloads\重生虫心0.71汉化版（新）\reborn_workrepo\合作指挥官版起义狂潮\Mods\XM\XMAlarak.SC2Mod\Base.SC2Data\GameData\SoundData.xml
FenixWarpOut	CSound	mods/starcoop/starcoop.sc2mod/base.sc2data/gamedata/sounddata.xml	C:\Users\22448\Downloads\重生虫心0.71汉化版（新）\reborn_workrepo\合作指挥官版起义狂潮\Mods\XM\XMAlarak.SC2Mod\Base.SC2Data\GameData\SoundData.xml
General_Explosion_Debris	CSound	mods/starcoop/starcoop.sc2mod/base.sc2data/gamedata/sounddata.xml	C:\Users\22448\Downloads\重生虫心0.71汉化版（新）\reborn_workrepo\合作指挥官版起义狂潮\Mods\XM\XMAlarak.SC2Mod\Base.SC2Data\GameData\SoundData.xml
Harness_AC_Kasai_Death_C_Base	CSound	mods/starcoop/starcoop.sc2mod/base.sc2data/gamedata/sounddata.xml	C:\Users\22448\Downloads\重生虫心0.71汉化版（新）\reborn_workrepo\合作指挥官版起义狂潮\Mods\XM\XMAlarak.SC2Mod\Base.SC2Data\GameData\SoundData.xml
Harness_AC_Kasai_Death_C_Blast	CSound	mods/starcoop/starcoop.sc2mod/base.sc2data/gamedata/sounddata.xml	C:\Users\22448\Downloads\重生虫心0.71汉化版（新）\reborn_workrepo\合作指挥官版起义狂潮\Mods\XM\XMAlarak.SC2Mod\Base.SC2Data\GameData\SoundData.xml
Harness_Bolt_Explosion	CSound	mods/starcoop/starcoop.sc2mod/base.sc2data/gamedata/sounddata.xml	C:\Users\22448\Downloads\重生虫心0.71汉化版（新）\reborn_workrepo\合作指挥官版起义狂潮\Mods\XM\XMAlarak.SC2Mod\Base.SC2Data\GameData\SoundData.xml
Harness_Dead_Steam_Loops	CSound	mods/starcoop/starcoop.sc2mod/base.sc2data/gamedata/sounddata.xml	C:\Users\22448\Downloads\重生虫心0.71汉化版（新）\reborn_workrepo\合作指挥官版起义狂潮\Mods\XM\XMAlarak.SC2Mod\Base.SC2Data\GameData\SoundData.xml
Harness_Defib	CSound	mods/starcoop/starcoop.sc2mod/base.sc2data/gamedata/sounddata.xml	C:\Users\22448\Downloads\重生虫心0.71汉化版（新）\reborn_workrepo\合作指挥官版起义狂潮\Mods\XM\XMAlarak.SC2Mod\Base.SC2Data\GameData\SoundData.xml
Harness_Impact_Rattle	CSound	mods/starcoop/starcoop.sc2mod/base.sc2data/gamedata/sounddata.xml	C:\Users\22448\Downloads\重生虫心0.71汉化版（新）\reborn_workrepo\合作指挥官版起义狂潮\Mods\XM\XMAlarak.SC2Mod\Base.SC2Data\GameData\SoundData.xml
Harness_Release_Steam	CSound	mods/starcoop/starcoop.sc2mod/base.sc2data/gamedata/sounddata.xml	C:\Users\22448\Downloads\重生虫心0.71汉化版（新）\reborn_workrepo\合作指挥官版起义狂潮\Mods\XM\XMAlarak.SC2Mod\Base.SC2Data\GameData\SoundData.xml
Harness_Thrash_Rattle	CSound	mods/starcoop/starcoop.sc2mod/base.sc2data/gamedata/sounddata.xml	C:\Users\22448\Downloads\重生虫心0.71汉化版（新）\reborn_workrepo\合作指挥官版起义狂潮\Mods\XM\XMAlarak.SC2Mod\Base.SC2Data\GameData\SoundData.xml
HighTemplarTaldarim_SpellAttackVO	CSound	mods/starcoop/starcoop.sc2mod/base.sc2data/gamedata/sounddata.xml	C:\Users\22448\Downloads\重生虫心0.71汉化版（新）\reborn_workrepo\合作指挥官版起义狂潮\Mods\XM\XMAlarak.SC2Mod\Base.SC2Data\GameData\SoundData.xml
HornerHan_Auto_EnemyProtoss	CSound	mods/starcoop/starcoop.sc2mod/base.sc2data/gamedata/sounddata.xml	C:\Users\22448\Downloads\重生虫心0.71汉化版（新）\reborn_workrepo\合作指挥官版起义狂潮\Mods\XM\XMAlarak.SC2Mod\Base.SC2Data\GameData\SoundData.xml
HornerHan_Auto_EnemyTerran	CSound	mods/starcoop/starcoop.sc2mod/base.sc2data/gamedata/sounddata.xml	C:\Users\22448\Downloads\重生虫心0.71汉化版（新）\reborn_workrepo\合作指挥官版起义狂潮\Mods\XM\XMAlarak.SC2Mod\Base.SC2Data\GameData\SoundData.xml
HornerHan_Auto_EnemyZerg	CSound	mods/starcoop/starcoop.sc2mod/base.sc2data/gamedata/sounddata.xml	C:\Users\22448\Downloads\重生虫心0.71汉化版（新）\reborn_workrepo\合作指挥官版起义狂潮\Mods\XM\XMAlarak.SC2Mod\Base.SC2Data\GameData\SoundData.xml
HornerHan_Auto_UnitsLost	CSound	mods/starcoop/starcoop.sc2mod/base.sc2data/gamedata/sounddata.xml	C:\Users\22448\Downloads\重生虫心0.71汉化版（新）\reborn_workrepo\合作指挥官版起义狂潮\Mods\XM\XMAlarak.SC2Mod\Base.SC2Data\GameData\SoundData.xml
HornerHan_Thanks	CSound	mods/starcoop/starcoop.sc2mod/base.sc2data/gamedata/sounddata.xml	C:\Users\22448\Downloads\重生虫心0.71汉化版（新）\reborn_workrepo\合作指挥官版起义狂潮\Mods\XM\XMAlarak.SC2Mod\Base.SC2Data\GameData\SoundData.xml
Kaldalis_Attack	CSound	mods/starcoop/starcoop.sc2mod/base.sc2data/gamedata/sounddata.xml	C:\Users\22448\Downloads\重生虫心0.71汉化版（新）\reborn_workrepo\合作指挥官版起义狂潮\Mods\XM\XMAlarak.SC2Mod\Base.SC2Data\GameData\SoundData.xml
Kaldalis_EngageRangedVO	CSound	mods/starcoop/starcoop.sc2mod/base.sc2data/gamedata/sounddata.xml	C:\Users\22448\Downloads\重生虫心0.71汉化版（新）\reborn_workrepo\合作指挥官版起义狂潮\Mods\XM\XMAlarak.SC2Mod\Base.SC2Data\GameData\SoundData.xml
Kaldalis_Help	CSound	mods/starcoop/starcoop.sc2mod/base.sc2data/gamedata/sounddata.xml	C:\Users\22448\Downloads\重生虫心0.71汉化版（新）\reborn_workrepo\合作指挥官版起义狂潮\Mods\XM\XMAlarak.SC2Mod\Base.SC2Data\GameData\SoundData.xml
Kaldalis_Pissed	CSound	mods/starcoop/starcoop.sc2mod/base.sc2data/gamedata/sounddata.xml	C:\Users\22448\Downloads\重生虫心0.71汉化版（新）\reborn_workrepo\合作指挥官版起义狂潮\Mods\XM\XMAlarak.SC2Mod\Base.SC2Data\GameData\SoundData.xml
Kaldalis_Ready	CSound	mods/starcoop/starcoop.sc2mod/base.sc2data/gamedata/sounddata.xml	C:\Users\22448\Downloads\重生虫心0.71汉化版（新）\reborn_workrepo\合作指挥官版起义狂潮\Mods\XM\XMAlarak.SC2Mod\Base.SC2Data\GameData\SoundData.xml
Kaldalis_What	CSound	mods/starcoop/starcoop.sc2mod/base.sc2data/gamedata/sounddata.xml	C:\Users\22448\Downloads\重生虫心0.71汉化版（新）\reborn_workrepo\合作指挥官版起义狂潮\Mods\XM\XMAlarak.SC2Mod\Base.SC2Data\GameData\SoundData.xml
Kaldalis_Yes	CSound	mods/starcoop/starcoop.sc2mod/base.sc2data/gamedata/sounddata.xml	C:\Users\22448\Downloads\重生虫心0.71汉化版（新）\reborn_workrepo\合作指挥官版起义狂潮\Mods\XM\XMAlarak.SC2Mod\Base.SC2Data\GameData\SoundData.xml
KaraxCommander_Auto_EnemyProtoss	CSound	mods/starcoop/starcoop.sc2mod/base.sc2data/gamedata/sounddata.xml	C:\Users\22448\Downloads\重生虫心0.71汉化版（新）\reborn_workrepo\合作指挥官版起义狂潮\Mods\XM\XMAlarak.SC2Mod\Base.SC2Data\GameData\SoundData.xml
KaraxCommander_Auto_EnemyTerran	CSound	mods/starcoop/starcoop.sc2mod/base.sc2data/gamedata/sounddata.xml	C:\Users\22448\Downloads\重生虫心0.71汉化版（新）\reborn_workrepo\合作指挥官版起义狂潮\Mods\XM\XMAlarak.SC2Mod\Base.SC2Data\GameData\SoundData.xml
KaraxCommander_Auto_EnemyZerg	CSound	mods/starcoop/starcoop.sc2mod/base.sc2data/gamedata/sounddata.xml	C:\Users\22448\Downloads\重生虫心0.71汉化版（新）\reborn_workrepo\合作指挥官版起义狂潮\Mods\XM\XMAlarak.SC2Mod\Base.SC2Data\GameData\SoundData.xml
KaraxCommander_Auto_UnitsLost	CSound	mods/starcoop/starcoop.sc2mod/base.sc2data/gamedata/sounddata.xml	C:\Users\22448\Downloads\重生虫心0.71汉化版（新）\reborn_workrepo\合作指挥官版起义狂潮\Mods\XM\XMAlarak.SC2Mod\Base.SC2Data\GameData\SoundData.xml
KaraxCommander_Thanks	CSound	mods/starcoop/starcoop.sc2mod/base.sc2data/gamedata/sounddata.xml	C:\Users\22448\Downloads\重生虫心0.71汉化版（新）\reborn_workrepo\合作指挥官版起义狂潮\Mods\XM\XMAlarak.SC2Mod\Base.SC2Data\GameData\SoundData.xml
KaraxCommander_Trade_MineralsGiven	CSound	mods/starcoop/starcoop.sc2mod/base.sc2data/gamedata/sounddata.xml	C:\Users\22448\Downloads\重生虫心0.71汉化版（新）\reborn_workrepo\合作指挥官版起义狂潮\Mods\XM\XMAlarak.SC2Mod\Base.SC2Data\GameData\SoundData.xml
KaraxCommander_Trade_MineralsNeeded	CSound	mods/starcoop/starcoop.sc2mod/base.sc2data/gamedata/sounddata.xml	C:\Users\22448\Downloads\重生虫心0.71汉化版（新）\reborn_workrepo\合作指挥官版起义狂潮\Mods\XM\XMAlarak.SC2Mod\Base.SC2Data\GameData\SoundData.xml
KaraxCommander_Trade_ResourcesGiven	CSound	mods/starcoop/starcoop.sc2mod/base.sc2data/gamedata/sounddata.xml	C:\Users\22448\Downloads\重生虫心0.71汉化版（新）\reborn_workrepo\合作指挥官版起义狂潮\Mods\XM\XMAlarak.SC2Mod\Base.SC2Data\GameData\SoundData.xml
KaraxCommander_Trade_ResourcesNeeded	CSound	mods/starcoop/starcoop.sc2mod/base.sc2data/gamedata/sounddata.xml	C:\Users\22448\Downloads\重生虫心0.71汉化版（新）\reborn_workrepo\合作指挥官版起义狂潮\Mods\XM\XMAlarak.SC2Mod\Base.SC2Data\GameData\SoundData.xml
KaraxCommander_Trade_VespeneGiven	CSound	mods/starcoop/starcoop.sc2mod/base.sc2data/gamedata/sounddata.xml	C:\Users\22448\Downloads\重生虫心0.71汉化版（新）\reborn_workrepo\合作指挥官版起义狂潮\Mods\XM\XMAlarak.SC2Mod\Base.SC2Data\GameData\SoundData.xml
KaraxCommander_Trade_VespeneNeeded	CSound	mods/starcoop/starcoop.sc2mod/base.sc2data/gamedata/sounddata.xml	C:\Users\22448\Downloads\重生虫心0.71汉化版（新）\reborn_workrepo\合作指挥官版起义狂潮\Mods\XM\XMAlarak.SC2Mod\Base.SC2Data\GameData\SoundData.xml
KerriganCommander_Auto_CloakedUnits	CSound	mods/starcoop/starcoop.sc2mod/base.sc2data/gamedata/sounddata.xml	C:\Users\22448\Downloads\重生虫心0.71汉化版（新）\reborn_workrepo\合作指挥官版起义狂潮\Mods\XM\XMAlarak.SC2Mod\Base.SC2Data\GameData\SoundData.xml
KerriganCommander_Auto_EnemyProtoss	CSound	mods/starcoop/starcoop.sc2mod/base.sc2data/gamedata/sounddata.xml	C:\Users\22448\Downloads\重生虫心0.71汉化版（新）\reborn_workrepo\合作指挥官版起义狂潮\Mods\XM\XMAlarak.SC2Mod\Base.SC2Data\GameData\SoundData.xml
KerriganCommander_Auto_EnemyTerran	CSound	mods/starcoop/starcoop.sc2mod/base.sc2data/gamedata/sounddata.xml	C:\Users\22448\Downloads\重生虫心0.71汉化版（新）\reborn_workrepo\合作指挥官版起义狂潮\Mods\XM\XMAlarak.SC2Mod\Base.SC2Data\GameData\SoundData.xml
KerriganCommander_Auto_EnemyZerg	CSound	mods/starcoop/starcoop.sc2mod/base.sc2data/gamedata/sounddata.xml	C:\Users\22448\Downloads\重生虫心0.71汉化版（新）\reborn_workrepo\合作指挥官版起义狂潮\Mods\XM\XMAlarak.SC2Mod\Base.SC2Data\GameData\SoundData.xml
KerriganCommander_Auto_UnitsLost	CSound	mods/starcoop/starcoop.sc2mod/base.sc2data/gamedata/sounddata.xml	C:\Users\22448\Downloads\重生虫心0.71汉化版（新）\reborn_workrepo\合作指挥官版起义狂潮\Mods\XM\XMAlarak.SC2Mod\Base.SC2Data\GameData\SoundData.xml
KerriganCommander_Thanks	CSound	mods/starcoop/starcoop.sc2mod/base.sc2data/gamedata/sounddata.xml	C:\Users\22448\Downloads\重生虫心0.71汉化版（新）\reborn_workrepo\合作指挥官版起义狂潮\Mods\XM\XMAlarak.SC2Mod\Base.SC2Data\GameData\SoundData.xml
KerriganCommander_Trade_MineralsGiven	CSound	mods/starcoop/starcoop.sc2mod/base.sc2data/gamedata/sounddata.xml	C:\Users\22448\Downloads\重生虫心0.71汉化版（新）\reborn_workrepo\合作指挥官版起义狂潮\Mods\XM\XMAlarak.SC2Mod\Base.SC2Data\GameData\SoundData.xml
KerriganCommander_Trade_MineralsNeeded	CSound	mods/starcoop/starcoop.sc2mod/base.sc2data/gamedata/sounddata.xml	C:\Users\22448\Downloads\重生虫心0.71汉化版（新）\reborn_workrepo\合作指挥官版起义狂潮\Mods\XM\XMAlarak.SC2Mod\Base.SC2Data\GameData\SoundData.xml
KerriganCommander_Trade_ResourcesGiven	CSound	mods/starcoop/starcoop.sc2mod/base.sc2data/gamedata/sounddata.xml	C:\Users\22448\Downloads\重生虫心0.71汉化版（新）\reborn_workrepo\合作指挥官版起义狂潮\Mods\XM\XMAlarak.SC2Mod\Base.SC2Data\GameData\SoundData.xml
KerriganCommander_Trade_ResourcesNeeded	CSound	mods/starcoop/starcoop.sc2mod/base.sc2data/gamedata/sounddata.xml	C:\Users\22448\Downloads\重生虫心0.71汉化版（新）\reborn_workrepo\合作指挥官版起义狂潮\Mods\XM\XMAlarak.SC2Mod\Base.SC2Data\GameData\SoundData.xml
KerriganCommander_Trade_VespeneGiven	CSound	mods/starcoop/starcoop.sc2mod/base.sc2data/gamedata/sounddata.xml	C:\Users\22448\Downloads\重生虫心0.71汉化版（新）\reborn_workrepo\合作指挥官版起义狂潮\Mods\XM\XMAlarak.SC2Mod\Base.SC2Data\GameData\SoundData.xml
KerriganCommander_Trade_VespeneNeeded	CSound	mods/starcoop/starcoop.sc2mod/base.sc2data/gamedata/sounddata.xml	C:\Users\22448\Downloads\重生虫心0.71汉化版（新）\reborn_workrepo\合作指挥官版起义狂潮\Mods\XM\XMAlarak.SC2Mod\Base.SC2Data\GameData\SoundData.xml
Legionnaire_NoVO	CSound	mods/starcoop/starcoop.sc2mod/base.sc2data/gamedata/sounddata.xml	C:\Users\22448\Downloads\重生虫心0.71汉化版（新）\reborn_workrepo\合作指挥官版起义狂潮\Mods\XM\XMAlarak.SC2Mod\Base.SC2Data\GameData\SoundData.xml
Mojo_Attack	CSound	mods/starcoop/starcoop.sc2mod/base.sc2data/gamedata/sounddata.xml	C:\Users\22448\Downloads\重生虫心0.71汉化版（新）\reborn_workrepo\合作指挥官版起义狂潮\Mods\XM\XMAlarak.SC2Mod\Base.SC2Data\GameData\SoundData.xml
Mojo_Help	CSound	mods/starcoop/starcoop.sc2mod/base.sc2data/gamedata/sounddata.xml	C:\Users\22448\Downloads\重生虫心0.71汉化版（新）\reborn_workrepo\合作指挥官版起义狂潮\Mods\XM\XMAlarak.SC2Mod\Base.SC2Data\GameData\SoundData.xml
Mojo_MissileBarrageRangedVO	CSound	mods/starcoop/starcoop.sc2mod/base.sc2data/gamedata/sounddata.xml	C:\Users\22448\Downloads\重生虫心0.71汉化版（新）\reborn_workrepo\合作指挥官版起义狂潮\Mods\XM\XMAlarak.SC2Mod\Base.SC2Data\GameData\SoundData.xml
Mojo_Movement	CSound	mods/starcoop/starcoop.sc2mod/base.sc2data/gamedata/sounddata.xml	C:\Users\22448\Downloads\重生虫心0.71汉化版（新）\reborn_workrepo\合作指挥官版起义狂潮\Mods\XM\XMAlarak.SC2Mod\Base.SC2Data\GameData\SoundData.xml
Mojo_Pissed	CSound	mods/starcoop/starcoop.sc2mod/base.sc2data/gamedata/sounddata.xml	C:\Users\22448\Downloads\重生虫心0.71汉化版（新）\reborn_workrepo\合作指挥官版起义狂潮\Mods\XM\XMAlarak.SC2Mod\Base.SC2Data\GameData\SoundData.xml
Mojo_Ready	CSound	mods/starcoop/starcoop.sc2mod/base.sc2data/gamedata/sounddata.xml	C:\Users\22448\Downloads\重生虫心0.71汉化版（新）\reborn_workrepo\合作指挥官版起义狂潮\Mods\XM\XMAlarak.SC2Mod\Base.SC2Data\GameData\SoundData.xml
Mojo_What	CSound	mods/starcoop/starcoop.sc2mod/base.sc2data/gamedata/sounddata.xml	C:\Users\22448\Downloads\重生虫心0.71汉化版（新）\reborn_workrepo\合作指挥官版起义狂潮\Mods\XM\XMAlarak.SC2Mod\Base.SC2Data\GameData\SoundData.xml
Mojo_Yes	CSound	mods/starcoop/starcoop.sc2mod/base.sc2data/gamedata/sounddata.xml	C:\Users\22448\Downloads\重生虫心0.71汉化版（新）\reborn_workrepo\合作指挥官版起义狂潮\Mods\XM\XMAlarak.SC2Mod\Base.SC2Data\GameData\SoundData.xml
NovaCommander_Auto_EnemyProtoss	CSound	mods/starcoop/starcoop.sc2mod/base.sc2data/gamedata/sounddata.xml	C:\Users\22448\Downloads\重生虫心0.71汉化版（新）\reborn_workrepo\合作指挥官版起义狂潮\Mods\XM\XMAlarak.SC2Mod\Base.SC2Data\GameData\SoundData.xml
NovaCommander_Auto_EnemyTerran	CSound	mods/starcoop/starcoop.sc2mod/base.sc2data/gamedata/sounddata.xml	C:\Users\22448\Downloads\重生虫心0.71汉化版（新）\reborn_workrepo\合作指挥官版起义狂潮\Mods\XM\XMAlarak.SC2Mod\Base.SC2Data\GameData\SoundData.xml
NovaCommander_Auto_EnemyZerg	CSound	mods/starcoop/starcoop.sc2mod/base.sc2data/gamedata/sounddata.xml	C:\Users\22448\Downloads\重生虫心0.71汉化版（新）\reborn_workrepo\合作指挥官版起义狂潮\Mods\XM\XMAlarak.SC2Mod\Base.SC2Data\GameData\SoundData.xml
NovaCommander_Auto_UnitsLost	CSound	mods/starcoop/starcoop.sc2mod/base.sc2data/gamedata/sounddata.xml	C:\Users\22448\Downloads\重生虫心0.71汉化版（新）\reborn_workrepo\合作指挥官版起义狂潮\Mods\XM\XMAlarak.SC2Mod\Base.SC2Data\GameData\SoundData.xml
NovaCommander_Thanks	CSound	mods/starcoop/starcoop.sc2mod/base.sc2data/gamedata/sounddata.xml	C:\Users\22448\Downloads\重生虫心0.71汉化版（新）\reborn_workrepo\合作指挥官版起义狂潮\Mods\XM\XMAlarak.SC2Mod\Base.SC2Data\GameData\SoundData.xml
NovaCommander_Trade_MineralsGiven	CSound	mods/starcoop/starcoop.sc2mod/base.sc2data/gamedata/sounddata.xml	C:\Users\22448\Downloads\重生虫心0.71汉化版（新）\reborn_workrepo\合作指挥官版起义狂潮\Mods\XM\XMAlarak.SC2Mod\Base.SC2Data\GameData\SoundData.xml
NovaCommander_Trade_MineralsNeeded	CSound	mods/starcoop/starcoop.sc2mod/base.sc2data/gamedata/sounddata.xml	C:\Users\22448\Downloads\重生虫心0.71汉化版（新）\reborn_workrepo\合作指挥官版起义狂潮\Mods\XM\XMAlarak.SC2Mod\Base.SC2Data\GameData\SoundData.xml
NovaCommander_Trade_ResourcesGiven	CSound	mods/starcoop/starcoop.sc2mod/base.sc2data/gamedata/sounddata.xml	C:\Users\22448\Downloads\重生虫心0.71汉化版（新）\reborn_workrepo\合作指挥官版起义狂潮\Mods\XM\XMAlarak.SC2Mod\Base.SC2Data\GameData\SoundData.xml
NovaCommander_Trade_ResourcesNeeded	CSound	mods/starcoop/starcoop.sc2mod/base.sc2data/gamedata/sounddata.xml	C:\Users\22448\Downloads\重生虫心0.71汉化版（新）\reborn_workrepo\合作指挥官版起义狂潮\Mods\XM\XMAlarak.SC2Mod\Base.SC2Data\GameData\SoundData.xml
NovaCommander_Trade_VespeneGiven	CSound	mods/starcoop/starcoop.sc2mod/base.sc2data/gamedata/sounddata.xml	C:\Users\22448\Downloads\重生虫心0.71汉化版（新）\reborn_workrepo\合作指挥官版起义狂潮\Mods\XM\XMAlarak.SC2Mod\Base.SC2Data\GameData\SoundData.xml
NovaCommander_Trade_VespeneNeeded	CSound	mods/starcoop/starcoop.sc2mod/base.sc2data/gamedata/sounddata.xml	C:\Users\22448\Downloads\重生虫心0.71汉化版（新）\reborn_workrepo\合作指挥官版起义狂潮\Mods\XM\XMAlarak.SC2Mod\Base.SC2Data\GameData\SoundData.xml
PurifierConclave_TrainFinish	CSound	mods/starcoop/starcoop.sc2mod/base.sc2data/gamedata/sounddata.xml	C:\Users\22448\Downloads\重生虫心0.71汉化版（新）\reborn_workrepo\合作指挥官版起义狂潮\Mods\XM\XMAlarak.SC2Mod\Base.SC2Data\GameData\SoundData.xml
PurifierConclave_TrainLoop	CSound	mods/starcoop/starcoop.sc2mod/base.sc2data/gamedata/sounddata.xml	C:\Users\22448\Downloads\重生虫心0.71汉化版（新）\reborn_workrepo\合作指挥官版起义狂潮\Mods\XM\XMAlarak.SC2Mod\Base.SC2Data\GameData\SoundData.xml
PurifierConclave_TrainStart	CSound	mods/starcoop/starcoop.sc2mod/base.sc2data/gamedata/sounddata.xml	C:\Users\22448\Downloads\重生虫心0.71汉化版（新）\reborn_workrepo\合作指挥官版起义狂潮\Mods\XM\XMAlarak.SC2Mod\Base.SC2Data\GameData\SoundData.xml
PurifierConclave_What	CSound	mods/starcoop/starcoop.sc2mod/base.sc2data/gamedata/sounddata.xml	C:\Users\22448\Downloads\重生虫心0.71汉化版（新）\reborn_workrepo\合作指挥官版起义狂潮\Mods\XM\XMAlarak.SC2Mod\Base.SC2Data\GameData\SoundData.xml
RaynorCommander_Auto_EnemyProtoss	CSound	mods/starcoop/starcoop.sc2mod/base.sc2data/gamedata/sounddata.xml	C:\Users\22448\Downloads\重生虫心0.71汉化版（新）\reborn_workrepo\合作指挥官版起义狂潮\Mods\XM\XMAlarak.SC2Mod\Base.SC2Data\GameData\SoundData.xml
RaynorCommander_Auto_EnemyTerran	CSound	mods/starcoop/starcoop.sc2mod/base.sc2data/gamedata/sounddata.xml	C:\Users\22448\Downloads\重生虫心0.71汉化版（新）\reborn_workrepo\合作指挥官版起义狂潮\Mods\XM\XMAlarak.SC2Mod\Base.SC2Data\GameData\SoundData.xml
RaynorCommander_Auto_EnemyZerg	CSound	mods/starcoop/starcoop.sc2mod/base.sc2data/gamedata/sounddata.xml	C:\Users\22448\Downloads\重生虫心0.71汉化版（新）\reborn_workrepo\合作指挥官版起义狂潮\Mods\XM\XMAlarak.SC2Mod\Base.SC2Data\GameData\SoundData.xml
RaynorCommander_Auto_UnitsLost	CSound	mods/starcoop/starcoop.sc2mod/base.sc2data/gamedata/sounddata.xml	C:\Users\22448\Downloads\重生虫心0.71汉化版（新）\reborn_workrepo\合作指挥官版起义狂潮\Mods\XM\XMAlarak.SC2Mod\Base.SC2Data\GameData\SoundData.xml
RaynorCommander_CloakedUnits	CSound	mods/starcoop/starcoop.sc2mod/base.sc2data/gamedata/sounddata.xml	C:\Users\22448\Downloads\重生虫心0.71汉化版（新）\reborn_workrepo\合作指挥官版起义狂潮\Mods\XM\XMAlarak.SC2Mod\Base.SC2Data\GameData\SoundData.xml
RaynorCommander_Thanks	CSound	mods/starcoop/starcoop.sc2mod/base.sc2data/gamedata/sounddata.xml	C:\Users\22448\Downloads\重生虫心0.71汉化版（新）\reborn_workrepo\合作指挥官版起义狂潮\Mods\XM\XMAlarak.SC2Mod\Base.SC2Data\GameData\SoundData.xml
RaynorCommander_Trade_MineralsGiven	CSound	mods/starcoop/starcoop.sc2mod/base.sc2data/gamedata/sounddata.xml	C:\Users\22448\Downloads\重生虫心0.71汉化版（新）\reborn_workrepo\合作指挥官版起义狂潮\Mods\XM\XMAlarak.SC2Mod\Base.SC2Data\GameData\SoundData.xml
RaynorCommander_Trade_MineralsNeeded	CSound	mods/starcoop/starcoop.sc2mod/base.sc2data/gamedata/sounddata.xml	C:\Users\22448\Downloads\重生虫心0.71汉化版（新）\reborn_workrepo\合作指挥官版起义狂潮\Mods\XM\XMAlarak.SC2Mod\Base.SC2Data\GameData\SoundData.xml
RaynorCommander_Trade_ResourcesGiven	CSound	mods/starcoop/starcoop.sc2mod/base.sc2data/gamedata/sounddata.xml	C:\Users\22448\Downloads\重生虫心0.71汉化版（新）\reborn_workrepo\合作指挥官版起义狂潮\Mods\XM\XMAlarak.SC2Mod\Base.SC2Data\GameData\SoundData.xml
RaynorCommander_Trade_ResourcesNeeded	CSound	mods/starcoop/starcoop.sc2mod/base.sc2data/gamedata/sounddata.xml	C:\Users\22448\Downloads\重生虫心0.71汉化版（新）\reborn_workrepo\合作指挥官版起义狂潮\Mods\XM\XMAlarak.SC2Mod\Base.SC2Data\GameData\SoundData.xml
RaynorCommander_Trade_VespeneGiven	CSound	mods/starcoop/starcoop.sc2mod/base.sc2data/gamedata/sounddata.xml	C:\Users\22448\Downloads\重生虫心0.71汉化版（新）\reborn_workrepo\合作指挥官版起义狂潮\Mods\XM\XMAlarak.SC2Mod\Base.SC2Data\GameData\SoundData.xml
RaynorCommander_Trade_VespeneNeeded	CSound	mods/starcoop/starcoop.sc2mod/base.sc2data/gamedata/sounddata.xml	C:\Users\22448\Downloads\重生虫心0.71汉化版（新）\reborn_workrepo\合作指挥官版起义狂潮\Mods\XM\XMAlarak.SC2Mod\Base.SC2Data\GameData\SoundData.xml
ScourgeNest_Explosion	CSound	mods/starcoop/starcoop.sc2mod/base.sc2data/gamedata/sounddata.xml	C:\Users\22448\Downloads\重生虫心0.71汉化版（新）\reborn_workrepo\合作指挥官版起义狂潮\Mods\XM\XMAlarak.SC2Mod\Base.SC2Data\GameData\SoundData.xml
SOARepairBeamImpact	CSound	mods/starcoop/starcoop.sc2mod/base.sc2data/gamedata/sounddata.xml	C:\Users\22448\Downloads\重生虫心0.71汉化版（新）\reborn_workrepo\合作指挥官版起义狂潮\Mods\XM\XMAlarak.SC2Mod\Base.SC2Data\GameData\SoundData.xml
SolarForge_EfficiencyLevelUpgrade	CSound	mods/starcoop/starcoop.sc2mod/base.sc2data/gamedata/sounddata.xml	C:\Users\22448\Downloads\重生虫心0.71汉化版（新）\reborn_workrepo\合作指挥官版起义狂潮\Mods\XM\XMAlarak.SC2Mod\Base.SC2Data\GameData\SoundData.xml
StukovCommander_Auto_EnemyProtoss	CSound	mods/starcoop/starcoop.sc2mod/base.sc2data/gamedata/sounddata.xml	C:\Users\22448\Downloads\重生虫心0.71汉化版（新）\reborn_workrepo\合作指挥官版起义狂潮\Mods\XM\XMAlarak.SC2Mod\Base.SC2Data\GameData\SoundData.xml
StukovCommander_Auto_EnemyTerran	CSound	mods/starcoop/starcoop.sc2mod/base.sc2data/gamedata/sounddata.xml	C:\Users\22448\Downloads\重生虫心0.71汉化版（新）\reborn_workrepo\合作指挥官版起义狂潮\Mods\XM\XMAlarak.SC2Mod\Base.SC2Data\GameData\SoundData.xml
StukovCommander_Auto_EnemyZerg	CSound	mods/starcoop/starcoop.sc2mod/base.sc2data/gamedata/sounddata.xml	C:\Users\22448\Downloads\重生虫心0.71汉化版（新）\reborn_workrepo\合作指挥官版起义狂潮\Mods\XM\XMAlarak.SC2Mod\Base.SC2Data\GameData\SoundData.xml
StukovCommander_Auto_UnitsLost	CSound	mods/starcoop/starcoop.sc2mod/base.sc2data/gamedata/sounddata.xml	C:\Users\22448\Downloads\重生虫心0.71汉化版（新）\reborn_workrepo\合作指挥官版起义狂潮\Mods\XM\XMAlarak.SC2Mod\Base.SC2Data\GameData\SoundData.xml
StukovCommander_Thanks	CSound	mods/starcoop/starcoop.sc2mod/base.sc2data/gamedata/sounddata.xml	C:\Users\22448\Downloads\重生虫心0.71汉化版（新）\reborn_workrepo\合作指挥官版起义狂潮\Mods\XM\XMAlarak.SC2Mod\Base.SC2Data\GameData\SoundData.xml
Supplicant_AttackImpact	CSound	mods/starcoop/starcoop.sc2mod/base.sc2data/gamedata/sounddata.xml	C:\Users\22448\Downloads\重生虫心0.71汉化版（新）\reborn_workrepo\合作指挥官版起义狂潮\Mods\XM\XMAlarak.SC2Mod\Base.SC2Data\GameData\SoundData.xml
Supplicant_AttackLaunch	CSound	mods/starcoop/starcoop.sc2mod/base.sc2data/gamedata/sounddata.xml	C:\Users\22448\Downloads\重生虫心0.71汉化版（新）\reborn_workrepo\合作指挥官版起义狂潮\Mods\XM\XMAlarak.SC2Mod\Base.SC2Data\GameData\SoundData.xml
Supplicant_DeathFX	CSound	mods/starcoop/starcoop.sc2mod/base.sc2data/gamedata/sounddata.xml	C:\Users\22448\Downloads\重生虫心0.71汉化版（新）\reborn_workrepo\合作指挥官版起义狂潮\Mods\XM\XMAlarak.SC2Mod\Base.SC2Data\GameData\SoundData.xml
SwannCommander_Auto_CloakedUnits	CSound	mods/starcoop/starcoop.sc2mod/base.sc2data/gamedata/sounddata.xml	C:\Users\22448\Downloads\重生虫心0.71汉化版（新）\reborn_workrepo\合作指挥官版起义狂潮\Mods\XM\XMAlarak.SC2Mod\Base.SC2Data\GameData\SoundData.xml
SwannCommander_Auto_EnemyProtoss	CSound	mods/starcoop/starcoop.sc2mod/base.sc2data/gamedata/sounddata.xml	C:\Users\22448\Downloads\重生虫心0.71汉化版（新）\reborn_workrepo\合作指挥官版起义狂潮\Mods\XM\XMAlarak.SC2Mod\Base.SC2Data\GameData\SoundData.xml
SwannCommander_Auto_EnemyTerran	CSound	mods/starcoop/starcoop.sc2mod/base.sc2data/gamedata/sounddata.xml	C:\Users\22448\Downloads\重生虫心0.71汉化版（新）\reborn_workrepo\合作指挥官版起义狂潮\Mods\XM\XMAlarak.SC2Mod\Base.SC2Data\GameData\SoundData.xml
SwannCommander_Auto_EnemyZerg	CSound	mods/starcoop/starcoop.sc2mod/base.sc2data/gamedata/sounddata.xml	C:\Users\22448\Downloads\重生虫心0.71汉化版（新）\reborn_workrepo\合作指挥官版起义狂潮\Mods\XM\XMAlarak.SC2Mod\Base.SC2Data\GameData\SoundData.xml
SwannCommander_Auto_UnitsLost	CSound	mods/starcoop/starcoop.sc2mod/base.sc2data/gamedata/sounddata.xml	C:\Users\22448\Downloads\重生虫心0.71汉化版（新）\reborn_workrepo\合作指挥官版起义狂潮\Mods\XM\XMAlarak.SC2Mod\Base.SC2Data\GameData\SoundData.xml
SwannCommander_Thanks	CSound	mods/starcoop/starcoop.sc2mod/base.sc2data/gamedata/sounddata.xml	C:\Users\22448\Downloads\重生虫心0.71汉化版（新）\reborn_workrepo\合作指挥官版起义狂潮\Mods\XM\XMAlarak.SC2Mod\Base.SC2Data\GameData\SoundData.xml
SwannCommander_Trade_MineralsGiven	CSound	mods/starcoop/starcoop.sc2mod/base.sc2data/gamedata/sounddata.xml	C:\Users\22448\Downloads\重生虫心0.71汉化版（新）\reborn_workrepo\合作指挥官版起义狂潮\Mods\XM\XMAlarak.SC2Mod\Base.SC2Data\GameData\SoundData.xml
SwannCommander_Trade_MineralsNeeded	CSound	mods/starcoop/starcoop.sc2mod/base.sc2data/gamedata/sounddata.xml	C:\Users\22448\Downloads\重生虫心0.71汉化版（新）\reborn_workrepo\合作指挥官版起义狂潮\Mods\XM\XMAlarak.SC2Mod\Base.SC2Data\GameData\SoundData.xml
SwannCommander_Trade_ResourcesGiven	CSound	mods/starcoop/starcoop.sc2mod/base.sc2data/gamedata/sounddata.xml	C:\Users\22448\Downloads\重生虫心0.71汉化版（新）\reborn_workrepo\合作指挥官版起义狂潮\Mods\XM\XMAlarak.SC2Mod\Base.SC2Data\GameData\SoundData.xml
SwannCommander_Trade_ResourcesNeeded	CSound	mods/starcoop/starcoop.sc2mod/base.sc2data/gamedata/sounddata.xml	C:\Users\22448\Downloads\重生虫心0.71汉化版（新）\reborn_workrepo\合作指挥官版起义狂潮\Mods\XM\XMAlarak.SC2Mod\Base.SC2Data\GameData\SoundData.xml
SwannCommander_Trade_VespeneGiven	CSound	mods/starcoop/starcoop.sc2mod/base.sc2data/gamedata/sounddata.xml	C:\Users\22448\Downloads\重生虫心0.71汉化版（新）\reborn_workrepo\合作指挥官版起义狂潮\Mods\XM\XMAlarak.SC2Mod\Base.SC2Data\GameData\SoundData.xml
SwannCommander_Trade_VespeneNeeded	CSound	mods/starcoop/starcoop.sc2mod/base.sc2data/gamedata/sounddata.xml	C:\Users\22448\Downloads\重生虫心0.71汉化版（新）\reborn_workrepo\合作指挥官版起义狂潮\Mods\XM\XMAlarak.SC2Mod\Base.SC2Data\GameData\SoundData.xml
Taldarin_Attack	CSound	mods/starcoop/starcoop.sc2mod/base.sc2data/gamedata/sounddata.xml	C:\Users\22448\Downloads\重生虫心0.71汉化版（新）\reborn_workrepo\合作指挥官版起义狂潮\Mods\XM\XMAlarak.SC2Mod\Base.SC2Data\GameData\SoundData.xml
Taldarin_BarrierOn	CSound	mods/starcoop/starcoop.sc2mod/base.sc2data/gamedata/sounddata.xml	C:\Users\22448\Downloads\重生虫心0.71汉化版（新）\reborn_workrepo\合作指挥官版起义狂潮\Mods\XM\XMAlarak.SC2Mod\Base.SC2Data\GameData\SoundData.xml
Taldarin_Help	CSound	mods/starcoop/starcoop.sc2mod/base.sc2data/gamedata/sounddata.xml	C:\Users\22448\Downloads\重生虫心0.71汉化版（新）\reborn_workrepo\合作指挥官版起义狂潮\Mods\XM\XMAlarak.SC2Mod\Base.SC2Data\GameData\SoundData.xml
Taldarin_Pissed	CSound	mods/starcoop/starcoop.sc2mod/base.sc2data/gamedata/sounddata.xml	C:\Users\22448\Downloads\重生虫心0.71汉化版（新）\reborn_workrepo\合作指挥官版起义狂潮\Mods\XM\XMAlarak.SC2Mod\Base.SC2Data\GameData\SoundData.xml
Taldarin_Ready	CSound	mods/starcoop/starcoop.sc2mod/base.sc2data/gamedata/sounddata.xml	C:\Users\22448\Downloads\重生虫心0.71汉化版（新）\reborn_workrepo\合作指挥官版起义狂潮\Mods\XM\XMAlarak.SC2Mod\Base.SC2Data\GameData\SoundData.xml
Taldarin_What	CSound	mods/starcoop/starcoop.sc2mod/base.sc2data/gamedata/sounddata.xml	C:\Users\22448\Downloads\重生虫心0.71汉化版（新）\reborn_workrepo\合作指挥官版起义狂潮\Mods\XM\XMAlarak.SC2Mod\Base.SC2Data\GameData\SoundData.xml
Taldarin_Yes	CSound	mods/starcoop/starcoop.sc2mod/base.sc2data/gamedata/sounddata.xml	C:\Users\22448\Downloads\重生虫心0.71汉化版（新）\reborn_workrepo\合作指挥官版起义狂潮\Mods\XM\XMAlarak.SC2Mod\Base.SC2Data\GameData\SoundData.xml
Talis_Help	CSound	mods/starcoop/starcoop.sc2mod/base.sc2data/gamedata/sounddata.xml	C:\Users\22448\Downloads\重生虫心0.71汉化版（新）\reborn_workrepo\合作指挥官版起义狂潮\Mods\XM\XMAlarak.SC2Mod\Base.SC2Data\GameData\SoundData.xml
Talis_Pissed	CSound	mods/starcoop/starcoop.sc2mod/base.sc2data/gamedata/sounddata.xml	C:\Users\22448\Downloads\重生虫心0.71汉化版（新）\reborn_workrepo\合作指挥官版起义狂潮\Mods\XM\XMAlarak.SC2Mod\Base.SC2Data\GameData\SoundData.xml
Talis_Ready	CSound	mods/starcoop/starcoop.sc2mod/base.sc2data/gamedata/sounddata.xml	C:\Users\22448\Downloads\重生虫心0.71汉化版（新）\reborn_workrepo\合作指挥官版起义狂潮\Mods\XM\XMAlarak.SC2Mod\Base.SC2Data\GameData\SoundData.xml
Talis_RicochetGlaiveRangedVO	CSound	mods/starcoop/starcoop.sc2mod/base.sc2data/gamedata/sounddata.xml	C:\Users\22448\Downloads\重生虫心0.71汉化版（新）\reborn_workrepo\合作指挥官版起义狂潮\Mods\XM\XMAlarak.SC2Mod\Base.SC2Data\GameData\SoundData.xml
Talis_What	CSound	mods/starcoop/starcoop.sc2mod/base.sc2data/gamedata/sounddata.xml	C:\Users\22448\Downloads\重生虫心0.71汉化版（新）\reborn_workrepo\合作指挥官版起义狂潮\Mods\XM\XMAlarak.SC2Mod\Base.SC2Data\GameData\SoundData.xml
Talis_Yes	CSound	mods/starcoop/starcoop.sc2mod/base.sc2data/gamedata/sounddata.xml	C:\Users\22448\Downloads\重生虫心0.71汉化版（新）\reborn_workrepo\合作指挥官版起义狂潮\Mods\XM\XMAlarak.SC2Mod\Base.SC2Data\GameData\SoundData.xml
TerrazineNode_StandAngry_Electric	CSound	mods/starcoop/starcoop.sc2mod/base.sc2data/gamedata/sounddata.xml	C:\Users\22448\Downloads\重生虫心0.71汉化版（新）\reborn_workrepo\合作指挥官版起义狂潮\Mods\XM\XMAlarak.SC2Mod\Base.SC2Data\GameData\SoundData.xml
ToxicNest_BuildingMorphWhat	CSound	mods/starcoop/starcoop.sc2mod/base.sc2data/gamedata/sounddata.xml	C:\Users\22448\Downloads\重生虫心0.71汉化版（新）\reborn_workrepo\合作指挥官版起义狂潮\Mods\XM\XMAlarak.SC2Mod\Base.SC2Data\GameData\SoundData.xml
ToxicNest_Death	CSound	mods/starcoop/starcoop.sc2mod/base.sc2data/gamedata/sounddata.xml	C:\Users\22448\Downloads\重生虫心0.71汉化版（新）\reborn_workrepo\合作指挥官版起义狂潮\Mods\XM\XMAlarak.SC2Mod\Base.SC2Data\GameData\SoundData.xml
ToxicNest_Death_Giz	CSound	mods/starcoop/starcoop.sc2mod/base.sc2data/gamedata/sounddata.xml	C:\Users\22448\Downloads\重生虫心0.71汉化版（新）\reborn_workrepo\合作指挥官版起义狂潮\Mods\XM\XMAlarak.SC2Mod\Base.SC2Data\GameData\SoundData.xml
ToxicNest_Explode	CSound	mods/starcoop/starcoop.sc2mod/base.sc2data/gamedata/sounddata.xml	C:\Users\22448\Downloads\重生虫心0.71汉化版（新）\reborn_workrepo\合作指挥官版起义狂潮\Mods\XM\XMAlarak.SC2Mod\Base.SC2Data\GameData\SoundData.xml
ToxicNest_PlaceFlarp	CSound	mods/starcoop/starcoop.sc2mod/base.sc2data/gamedata/sounddata.xml	C:\Users\22448\Downloads\重生虫心0.71汉化版（新）\reborn_workrepo\合作指挥官版起义狂潮\Mods\XM\XMAlarak.SC2Mod\Base.SC2Data\GameData\SoundData.xml
ToxicNest_Spray	CSound	mods/starcoop/starcoop.sc2mod/base.sc2data/gamedata/sounddata.xml	C:\Users\22448\Downloads\重生虫心0.71汉化版（新）\reborn_workrepo\合作指挥官版起义狂潮\Mods\XM\XMAlarak.SC2Mod\Base.SC2Data\GameData\SoundData.xml
ToxicNest_Swell	CSound	mods/starcoop/starcoop.sc2mod/base.sc2data/gamedata/sounddata.xml	C:\Users\22448\Downloads\重生虫心0.71汉化版（新）\reborn_workrepo\合作指挥官版起义狂潮\Mods\XM\XMAlarak.SC2Mod\Base.SC2Data\GameData\SoundData.xml
VoidShard_UnstableEnergy_LaunchElectricRip	CSound	mods/starcoop/starcoop.sc2mod/base.sc2data/gamedata/sounddata.xml	C:\Users\22448\Downloads\重生虫心0.71汉化版（新）\reborn_workrepo\合作指挥官版起义狂潮\Mods\XM\XMAlarak.SC2Mod\Base.SC2Data\GameData\SoundData.xml
VorazunCommander_Auto_CloakedUnits	CSound	mods/starcoop/starcoop.sc2mod/base.sc2data/gamedata/sounddata.xml	C:\Users\22448\Downloads\重生虫心0.71汉化版（新）\reborn_workrepo\合作指挥官版起义狂潮\Mods\XM\XMAlarak.SC2Mod\Base.SC2Data\GameData\SoundData.xml
VorazunCommander_Auto_EnemyProtoss	CSound	mods/starcoop/starcoop.sc2mod/base.sc2data/gamedata/sounddata.xml	C:\Users\22448\Downloads\重生虫心0.71汉化版（新）\reborn_workrepo\合作指挥官版起义狂潮\Mods\XM\XMAlarak.SC2Mod\Base.SC2Data\GameData\SoundData.xml
VorazunCommander_Auto_EnemyTerran	CSound	mods/starcoop/starcoop.sc2mod/base.sc2data/gamedata/sounddata.xml	C:\Users\22448\Downloads\重生虫心0.71汉化版（新）\reborn_workrepo\合作指挥官版起义狂潮\Mods\XM\XMAlarak.SC2Mod\Base.SC2Data\GameData\SoundData.xml
VorazunCommander_Auto_EnemyZerg	CSound	mods/starcoop/starcoop.sc2mod/base.sc2data/gamedata/sounddata.xml	C:\Users\22448\Downloads\重生虫心0.71汉化版（新）\reborn_workrepo\合作指挥官版起义狂潮\Mods\XM\XMAlarak.SC2Mod\Base.SC2Data\GameData\SoundData.xml
VorazunCommander_Auto_UnitsLost	CSound	mods/starcoop/starcoop.sc2mod/base.sc2data/gamedata/sounddata.xml	C:\Users\22448\Downloads\重生虫心0.71汉化版（新）\reborn_workrepo\合作指挥官版起义狂潮\Mods\XM\XMAlarak.SC2Mod\Base.SC2Data\GameData\SoundData.xml
VorazunCommander_Thanks	CSound	mods/starcoop/starcoop.sc2mod/base.sc2data/gamedata/sounddata.xml	C:\Users\22448\Downloads\重生虫心0.71汉化版（新）\reborn_workrepo\合作指挥官版起义狂潮\Mods\XM\XMAlarak.SC2Mod\Base.SC2Data\GameData\SoundData.xml
VorazunCommander_Trade_MineralsGiven	CSound	mods/starcoop/starcoop.sc2mod/base.sc2data/gamedata/sounddata.xml	C:\Users\22448\Downloads\重生虫心0.71汉化版（新）\reborn_workrepo\合作指挥官版起义狂潮\Mods\XM\XMAlarak.SC2Mod\Base.SC2Data\GameData\SoundData.xml
VorazunCommander_Trade_MineralsNeeded	CSound	mods/starcoop/starcoop.sc2mod/base.sc2data/gamedata/sounddata.xml	C:\Users\22448\Downloads\重生虫心0.71汉化版（新）\reborn_workrepo\合作指挥官版起义狂潮\Mods\XM\XMAlarak.SC2Mod\Base.SC2Data\GameData\SoundData.xml
VorazunCommander_Trade_ResourcesGiven	CSound	mods/starcoop/starcoop.sc2mod/base.sc2data/gamedata/sounddata.xml	C:\Users\22448\Downloads\重生虫心0.71汉化版（新）\reborn_workrepo\合作指挥官版起义狂潮\Mods\XM\XMAlarak.SC2Mod\Base.SC2Data\GameData\SoundData.xml
VorazunCommander_Trade_ResourcesNeeded	CSound	mods/starcoop/starcoop.sc2mod/base.sc2data/gamedata/sounddata.xml	C:\Users\22448\Downloads\重生虫心0.71汉化版（新）\reborn_workrepo\合作指挥官版起义狂潮\Mods\XM\XMAlarak.SC2Mod\Base.SC2Data\GameData\SoundData.xml
VorazunCommander_Trade_VespeneGiven	CSound	mods/starcoop/starcoop.sc2mod/base.sc2data/gamedata/sounddata.xml	C:\Users\22448\Downloads\重生虫心0.71汉化版（新）\reborn_workrepo\合作指挥官版起义狂潮\Mods\XM\XMAlarak.SC2Mod\Base.SC2Data\GameData\SoundData.xml
VorazunCommander_Trade_VespeneNeeded	CSound	mods/starcoop/starcoop.sc2mod/base.sc2data/gamedata/sounddata.xml	C:\Users\22448\Downloads\重生虫心0.71汉化版（新）\reborn_workrepo\合作指挥官版起义狂潮\Mods\XM\XMAlarak.SC2Mod\Base.SC2Data\GameData\SoundData.xml
Warbringer_Help	CSound	mods/starcoop/starcoop.sc2mod/base.sc2data/gamedata/sounddata.xml	C:\Users\22448\Downloads\重生虫心0.71汉化版（新）\reborn_workrepo\合作指挥官版起义狂潮\Mods\XM\XMAlarak.SC2Mod\Base.SC2Data\GameData\SoundData.xml
Warbringer_Pissed	CSound	mods/starcoop/starcoop.sc2mod/base.sc2data/gamedata/sounddata.xml	C:\Users\22448\Downloads\重生虫心0.71汉化版（新）\reborn_workrepo\合作指挥官版起义狂潮\Mods\XM\XMAlarak.SC2Mod\Base.SC2Data\GameData\SoundData.xml
Warbringer_PurificationBlastRangedVO	CSound	mods/starcoop/starcoop.sc2mod/base.sc2data/gamedata/sounddata.xml	C:\Users\22448\Downloads\重生虫心0.71汉化版（新）\reborn_workrepo\合作指挥官版起义狂潮\Mods\XM\XMAlarak.SC2Mod\Base.SC2Data\GameData\SoundData.xml
Warbringer_Ready	CSound	mods/starcoop/starcoop.sc2mod/base.sc2data/gamedata/sounddata.xml	C:\Users\22448\Downloads\重生虫心0.71汉化版（新）\reborn_workrepo\合作指挥官版起义狂潮\Mods\XM\XMAlarak.SC2Mod\Base.SC2Data\GameData\SoundData.xml
Warbringer_What	CSound	mods/starcoop/starcoop.sc2mod/base.sc2data/gamedata/sounddata.xml	C:\Users\22448\Downloads\重生虫心0.71汉化版（新）\reborn_workrepo\合作指挥官版起义狂潮\Mods\XM\XMAlarak.SC2Mod\Base.SC2Data\GameData\SoundData.xml
Warbringer_Yes	CSound	mods/starcoop/starcoop.sc2mod/base.sc2data/gamedata/sounddata.xml	C:\Users\22448\Downloads\重生虫心0.71汉化版（新）\reborn_workrepo\合作指挥官版起义狂潮\Mods\XM\XMAlarak.SC2Mod\Base.SC2Data\GameData\SoundData.xml
ZagaraCommander_Auto_CloakedUnits	CSound	mods/starcoop/starcoop.sc2mod/base.sc2data/gamedata/sounddata.xml	C:\Users\22448\Downloads\重生虫心0.71汉化版（新）\reborn_workrepo\合作指挥官版起义狂潮\Mods\XM\XMAlarak.SC2Mod\Base.SC2Data\GameData\SoundData.xml
ZagaraCommander_Auto_EnemyProtoss	CSound	mods/starcoop/starcoop.sc2mod/base.sc2data/gamedata/sounddata.xml	C:\Users\22448\Downloads\重生虫心0.71汉化版（新）\reborn_workrepo\合作指挥官版起义狂潮\Mods\XM\XMAlarak.SC2Mod\Base.SC2Data\GameData\SoundData.xml
ZagaraCommander_Auto_EnemyTerran	CSound	mods/starcoop/starcoop.sc2mod/base.sc2data/gamedata/sounddata.xml	C:\Users\22448\Downloads\重生虫心0.71汉化版（新）\reborn_workrepo\合作指挥官版起义狂潮\Mods\XM\XMAlarak.SC2Mod\Base.SC2Data\GameData\SoundData.xml
ZagaraCommander_Auto_EnemyZerg	CSound	mods/starcoop/starcoop.sc2mod/base.sc2data/gamedata/sounddata.xml	C:\Users\22448\Downloads\重生虫心0.71汉化版（新）\reborn_workrepo\合作指挥官版起义狂潮\Mods\XM\XMAlarak.SC2Mod\Base.SC2Data\GameData\SoundData.xml
ZagaraCommander_Auto_UnitsLost	CSound	mods/starcoop/starcoop.sc2mod/base.sc2data/gamedata/sounddata.xml	C:\Users\22448\Downloads\重生虫心0.71汉化版（新）\reborn_workrepo\合作指挥官版起义狂潮\Mods\XM\XMAlarak.SC2Mod\Base.SC2Data\GameData\SoundData.xml
ZagaraCommander_Thanks	CSound	mods/starcoop/starcoop.sc2mod/base.sc2data/gamedata/sounddata.xml	C:\Users\22448\Downloads\重生虫心0.71汉化版（新）\reborn_workrepo\合作指挥官版起义狂潮\Mods\XM\XMAlarak.SC2Mod\Base.SC2Data\GameData\SoundData.xml
ZagaraCommander_Trade_MineralsGiven	CSound	mods/starcoop/starcoop.sc2mod/base.sc2data/gamedata/sounddata.xml	C:\Users\22448\Downloads\重生虫心0.71汉化版（新）\reborn_workrepo\合作指挥官版起义狂潮\Mods\XM\XMAlarak.SC2Mod\Base.SC2Data\GameData\SoundData.xml
ZagaraCommander_Trade_MineralsNeeded	CSound	mods/starcoop/starcoop.sc2mod/base.sc2data/gamedata/sounddata.xml	C:\Users\22448\Downloads\重生虫心0.71汉化版（新）\reborn_workrepo\合作指挥官版起义狂潮\Mods\XM\XMAlarak.SC2Mod\Base.SC2Data\GameData\SoundData.xml
ZagaraCommander_Trade_ResourcesGiven	CSound	mods/starcoop/starcoop.sc2mod/base.sc2data/gamedata/sounddata.xml	C:\Users\22448\Downloads\重生虫心0.71汉化版（新）\reborn_workrepo\合作指挥官版起义狂潮\Mods\XM\XMAlarak.SC2Mod\Base.SC2Data\GameData\SoundData.xml
ZagaraCommander_Trade_ResourcesNeeded	CSound	mods/starcoop/starcoop.sc2mod/base.sc2data/gamedata/sounddata.xml	C:\Users\22448\Downloads\重生虫心0.71汉化版（新）\reborn_workrepo\合作指挥官版起义狂潮\Mods\XM\XMAlarak.SC2Mod\Base.SC2Data\GameData\SoundData.xml
ZagaraCommander_Trade_VespeneGiven	CSound	mods/starcoop/starcoop.sc2mod/base.sc2data/gamedata/sounddata.xml	C:\Users\22448\Downloads\重生虫心0.71汉化版（新）\reborn_workrepo\合作指挥官版起义狂潮\Mods\XM\XMAlarak.SC2Mod\Base.SC2Data\GameData\SoundData.xml
ZagaraCommander_Trade_VespeneNeeded	CSound	mods/starcoop/starcoop.sc2mod/base.sc2data/gamedata/sounddata.xml	C:\Users\22448\Downloads\重生虫心0.71汉化版（新）\reborn_workrepo\合作指挥官版起义狂潮\Mods\XM\XMAlarak.SC2Mod\Base.SC2Data\GameData\SoundData.xml
ZeratulCommander_Auto_CloakedUnits	CSound	mods/starcoop/starcoop.sc2mod/base.sc2data/gamedata/sounddata.xml	C:\Users\22448\Downloads\重生虫心0.71汉化版（新）\reborn_workrepo\合作指挥官版起义狂潮\Mods\XM\XMAlarak.SC2Mod\Base.SC2Data\GameData\SoundData.xml
ZeratulCommander_Auto_EnemyProtoss	CSound	mods/starcoop/starcoop.sc2mod/base.sc2data/gamedata/sounddata.xml	C:\Users\22448\Downloads\重生虫心0.71汉化版（新）\reborn_workrepo\合作指挥官版起义狂潮\Mods\XM\XMAlarak.SC2Mod\Base.SC2Data\GameData\SoundData.xml
ZeratulCommander_Auto_EnemyTerran	CSound	mods/starcoop/starcoop.sc2mod/base.sc2data/gamedata/sounddata.xml	C:\Users\22448\Downloads\重生虫心0.71汉化版（新）\reborn_workrepo\合作指挥官版起义狂潮\Mods\XM\XMAlarak.SC2Mod\Base.SC2Data\GameData\SoundData.xml
ZeratulCommander_Auto_EnemyZerg	CSound	mods/starcoop/starcoop.sc2mod/base.sc2data/gamedata/sounddata.xml	C:\Users\22448\Downloads\重生虫心0.71汉化版（新）\reborn_workrepo\合作指挥官版起义狂潮\Mods\XM\XMAlarak.SC2Mod\Base.SC2Data\GameData\SoundData.xml
ZeratulCommander_Auto_UnitsLost	CSound	mods/starcoop/starcoop.sc2mod/base.sc2data/gamedata/sounddata.xml	C:\Users\22448\Downloads\重生虫心0.71汉化版（新）\reborn_workrepo\合作指挥官版起义狂潮\Mods\XM\XMAlarak.SC2Mod\Base.SC2Data\GameData\SoundData.xml
ZeratulCommander_Thanks	CSound	mods/starcoop/starcoop.sc2mod/base.sc2data/gamedata/sounddata.xml	C:\Users\22448\Downloads\重生虫心0.71汉化版（新）\reborn_workrepo\合作指挥官版起义狂潮\Mods\XM\XMAlarak.SC2Mod\Base.SC2Data\GameData\SoundData.xml
Zerg_ExplosionLarge	CSound	mods/starcoop/starcoop.sc2mod/base.sc2data/gamedata/sounddata.xml	C:\Users\22448\Downloads\重生虫心0.71汉化版（新）\reborn_workrepo\合作指挥官版起义狂潮\Mods\XM\XMAlarak.SC2Mod\Base.SC2Data\GameData\SoundData.xml
Zerg_ExplosionMedium	CSound	mods/starcoop/starcoop.sc2mod/base.sc2data/gamedata/sounddata.xml	C:\Users\22448\Downloads\重生虫心0.71汉化版（新）\reborn_workrepo\合作指挥官版起义狂潮\Mods\XM\XMAlarak.SC2Mod\Base.SC2Data\GameData\SoundData.xml
Zerg_ExplosionSmall	CSound	mods/starcoop/starcoop.sc2mod/base.sc2data/gamedata/sounddata.xml	C:\Users\22448\Downloads\重生虫心0.71汉化版（新）\reborn_workrepo\合作指挥官版起义狂潮\Mods\XM\XMAlarak.SC2Mod\Base.SC2Data\GameData\SoundData.xml
ClolarionAndCarrier_UnitDX_Exclusivity	CSoundExclusivity	mods/starcoop/starcoop.sc2mod/base.sc2data/gamedata/soundexclusivitydata.xml	C:\Users\22448\Downloads\重生虫心0.71汉化版（新）\reborn_workrepo\合作指挥官版起义狂潮\Mods\XM\XMAlarak.SC2Mod\Base.SC2Data\GameData\soundexclusivitydata.xml
Conservator_UnitDX_Exclusivity	CSoundExclusivity	mods/starcoop/starcoop.sc2mod/base.sc2data/gamedata/soundexclusivitydata.xml	C:\Users\22448\Downloads\重生虫心0.71汉化版（新）\reborn_workrepo\合作指挥官版起义狂潮\Mods\XM\XMAlarak.SC2Mod\Base.SC2Data\GameData\soundexclusivitydata.xml
MojoAndScout_UnitDX_Exclusivity	CSoundExclusivity	mods/starcoop/starcoop.sc2mod/base.sc2data/gamedata/soundexclusivitydata.xml	C:\Users\22448\Downloads\重生虫心0.71汉化版（新）\reborn_workrepo\合作指挥官版起义狂潮\Mods\XM\XMAlarak.SC2Mod\Base.SC2Data\GameData\soundexclusivitydata.xml
TaldarinAndImmortal_UnitDX_Exclusivity	CSoundExclusivity	mods/starcoop/starcoop.sc2mod/base.sc2data/gamedata/soundexclusivitydata.xml	C:\Users\22448\Downloads\重生虫心0.71汉化版（新）\reborn_workrepo\合作指挥官版起义狂潮\Mods\XM\XMAlarak.SC2Mod\Base.SC2Data\GameData\soundexclusivitydata.xml
Blink	CTargetFindSet	mods/starcoop/starcoop.sc2mod/base.sc2data/gamedata/targetfinddata.xml	C:\Users\22448\Downloads\重生虫心0.71汉化版（新）\reborn_workrepo\合作指挥官版起义狂潮\Mods\XM\XMAlarak.SC2Mod\Base.SC2Data\GameData\targetfinddata.xml
CommanderPrestigeAlarakMechLowestStacks	CTargetSortBehaviorCount	mods/starcoop/starcoop.sc2mod/base.sc2data/gamedata/targetsortdata.xml	C:\Users\22448\Downloads\重生虫心0.71汉化版（新）\reborn_workrepo\合作指挥官版起义狂潮\Mods\XM\XMAlarak.SC2Mod\Base.SC2Data\GameData\targetsortdata.xml
CommanderPrestigeZeratulTornadoes	CTargetSortBehaviorCount	mods/starcoop/starcoop.sc2mod/base.sc2data/gamedata/targetsortdata.xml	C:\Users\22448\Downloads\重生虫心0.71汉化版（新）\reborn_workrepo\合作指挥官版起义狂潮\Mods\XM\XMAlarak.SC2Mod\Base.SC2Data\GameData\targetsortdata.xml
HighestUnitLevel	CTargetSortField	mods/starcoop/starcoop.sc2mod/base.sc2data/gamedata/targetsortdata.xml	C:\Users\22448\Downloads\重生虫心0.71汉化版（新）\reborn_workrepo\合作指挥官版起义狂潮\Mods\XM\XMAlarak.SC2Mod\Base.SC2Data\GameData\targetsortdata.xml
LowestAscendantStacks	CTargetSortBehaviorCount	mods/starcoop/starcoop.sc2mod/base.sc2data/gamedata/targetsortdata.xml	C:\Users\22448\Downloads\重生虫心0.71汉化版（新）\reborn_workrepo\合作指挥官版起义狂潮\Mods\XM\XMAlarak.SC2Mod\Base.SC2Data\GameData\targetsortdata.xml
TSNotDeathFleet	CTargetSortValidator	mods/starcoop/starcoop.sc2mod/base.sc2data/gamedata/targetsortdata.xml	C:\Users\22448\Downloads\重生虫心0.71汉化版（新）\reborn_workrepo\合作指挥官版起义狂潮\Mods\XM\XMAlarak.SC2Mod\Base.SC2Data\GameData\targetsortdata.xml
TSSupply	CTargetSortField	mods/starcoop/starcoop.sc2mod/base.sc2data/gamedata/targetsortdata.xml	C:\Users\22448\Downloads\重生虫心0.71汉化版（新）\reborn_workrepo\合作指挥官版起义狂潮\Mods\XM\XMAlarak.SC2Mod\Base.SC2Data\GameData\targetsortdata.xml
BileLauncherZagara	CTurret	mods/starcoop/starcoop.sc2mod/base.sc2data/gamedata/turretdata.xml	C:\Users\22448\Downloads\重生虫心0.71汉化版（新）\reborn_workrepo\合作指挥官版起义狂潮\Mods\XM\XMAlarak.SC2Mod\Base.SC2Data\GameData\TurretData.xml
FenixDragoon	CTurret	mods/starcoop/starcoop.sc2mod/base.sc2data/gamedata/turretdata.xml	C:\Users\22448\Downloads\重生虫心0.71汉化版（新）\reborn_workrepo\合作指挥官版起义狂潮\Mods\XM\XMAlarak.SC2Mod\Base.SC2Data\GameData\TurretData.xml
SolarForgeBHold	CTurret	mods/starcoop/starcoop.sc2mod/base.sc2data/gamedata/turretdata.xml	C:\Users\22448\Downloads\重生虫心0.71汉化版（新）\reborn_workrepo\合作指挥官版起义狂潮\Mods\XM\XMAlarak.SC2Mod\Base.SC2Data\GameData\TurretData.xml
SolarForgeHold	CTurret	mods/starcoop/starcoop.sc2mod/base.sc2data/gamedata/turretdata.xml	C:\Users\22448\Downloads\重生虫心0.71汉化版（新）\reborn_workrepo\合作指挥官版起义狂潮\Mods\XM\XMAlarak.SC2Mod\Base.SC2Data\GameData\TurretData.xml
Adept	CUnit	mods/starcoop/starcoop.sc2mod/base.sc2data/gamedata/unitdata.xml	C:\Users\22448\Downloads\重生虫心0.71汉化版（新）\reborn_workrepo\合作指挥官版起义狂潮\Mods\XM\XMAlarak.SC2Mod\Base.SC2Data\GameData\UnitData.xml
AdeptFenix	CUnit	mods/starcoop/starcoop.sc2mod/base.sc2data/gamedata/unitdata.xml	C:\Users\22448\Downloads\重生虫心0.71汉化版（新）\reborn_workrepo\合作指挥官版起义狂潮\Mods\XM\XMAlarak.SC2Mod\Base.SC2Data\GameData\UnitData.xml
AlarakAAWeapon	CUnit	mods/starcoop/starcoop.sc2mod/base.sc2data/gamedata/unitdata.xml	C:\Users\22448\Downloads\重生虫心0.71汉化版（新）\reborn_workrepo\合作指挥官版起义狂潮\Mods\XM\XMAlarak.SC2Mod\Base.SC2Data\GameData\UnitData.xml
AlarakChampion	CUnit	mods/starcoop/starcoop.sc2mod/base.sc2data/gamedata/unitdata.xml	C:\Users\22448\Downloads\重生虫心0.71汉化版（新）\reborn_workrepo\合作指挥官版起义狂潮\Mods\XM\XMAlarak.SC2Mod\Base.SC2Data\GameData\UnitData.xml
AlarakCoop	CUnit	mods/starcoop/starcoop.sc2mod/base.sc2data/gamedata/unitdata.xml	C:\Users\22448\Downloads\重生虫心0.71汉化版（新）\reborn_workrepo\合作指挥官版起义狂潮\Mods\XM\XMAlarak.SC2Mod\Base.SC2Data\GameData\UnitData.xml
AlarakReviveBeacon	CUnit	mods/starcoop/starcoop.sc2mod/base.sc2data/gamedata/unitdata.xml	C:\Users\22448\Downloads\重生虫心0.71汉化版（新）\reborn_workrepo\合作指挥官版起义狂潮\Mods\XM\XMAlarak.SC2Mod\Base.SC2Data\GameData\UnitData.xml
AlarakRushPlaceholder	CUnit	mods/starcoop/starcoop.sc2mod/base.sc2data/gamedata/unitdata.xml	C:\Users\22448\Downloads\重生虫心0.71汉化版（新）\reborn_workrepo\合作指挥官版起义狂潮\Mods\XM\XMAlarak.SC2Mod\Base.SC2Data\GameData\UnitData.xml
AlarakStructureOverchargeWeapon	CUnit	mods/starcoop/starcoop.sc2mod/base.sc2data/gamedata/unitdata.xml	C:\Users\22448\Downloads\重生虫心0.71汉化版（新）\reborn_workrepo\合作指挥官版起义狂潮\Mods\XM\XMAlarak.SC2Mod\Base.SC2Data\GameData\UnitData.xml
AlarakSupplicantWarpTrainCreator	CUnit	mods/starcoop/starcoop.sc2mod/base.sc2data/gamedata/unitdata.xml	C:\Users\22448\Downloads\重生虫心0.71汉化版（新）\reborn_workrepo\合作指挥官版起义狂潮\Mods\XM\XMAlarak.SC2Mod\Base.SC2Data\GameData\UnitData.xml
AlarakSupplicantWarpTrainDummy	CUnit	mods/starcoop/starcoop.sc2mod/base.sc2data/gamedata/unitdata.xml	C:\Users\22448\Downloads\重生虫心0.71汉化版（新）\reborn_workrepo\合作指挥官版起义狂潮\Mods\XM\XMAlarak.SC2Mod\Base.SC2Data\GameData\UnitData.xml
AlarakTheStrongestSurviveDummyAttackMissile	CUnit	mods/starcoop/starcoop.sc2mod/base.sc2data/gamedata/unitdata.xml	C:\Users\22448\Downloads\重生虫心0.71汉化版（新）\reborn_workrepo\合作指挥官版起义狂潮\Mods\XM\XMAlarak.SC2Mod\Base.SC2Data\GameData\UnitData.xml
AlarakTheStrongestSurviveDummySecondaryAttackMissile	CUnit	mods/starcoop/starcoop.sc2mod/base.sc2data/gamedata/unitdata.xml	C:\Users\22448\Downloads\重生虫心0.71汉化版（新）\reborn_workrepo\合作指挥官版起义狂潮\Mods\XM\XMAlarak.SC2Mod\Base.SC2Data\GameData\UnitData.xml
ArbiterMP	CUnit	mods/starcoop/starcoop.sc2mod/base.sc2data/gamedata/unitdata.xml	C:\Users\22448\Downloads\重生虫心0.71汉化版（新）\reborn_workrepo\合作指挥官版起义狂潮\Mods\XM\XMAlarak.SC2Mod\Base.SC2Data\GameData\UnitData.xml
BileLauncherZagara	CUnit	mods/starcoop/starcoop.sc2mod/base.sc2data/gamedata/unitdata.xml	C:\Users\22448\Downloads\重生虫心0.71汉化版（新）\reborn_workrepo\合作指挥官版起义狂潮\Mods\XM\XMAlarak.SC2Mod\Base.SC2Data\GameData\UnitData.xml
Carrier	CUnit	mods/starcoop/starcoop.sc2mod/base.sc2data/gamedata/unitdata.xml	C:\Users\22448\Downloads\重生虫心0.71汉化版（新）\reborn_workrepo\合作指挥官版起义狂潮\Mods\XM\XMAlarak.SC2Mod\Base.SC2Data\GameData\UnitData.xml
CarrierTaldarim	CUnit	mods/starcoop/starcoop.sc2mod/base.sc2data/gamedata/unitdata.xml	C:\Users\22448\Downloads\重生虫心0.71汉化版（新）\reborn_workrepo\合作指挥官版起义狂潮\Mods\XM\XMAlarak.SC2Mod\Base.SC2Data\GameData\UnitData.xml
ChargedBuster	CUnit	mods/starcoop/starcoop.sc2mod/base.sc2data/gamedata/unitdata.xml	C:\Users\22448\Downloads\重生虫心0.71汉化版（新）\reborn_workrepo\合作指挥官版起义狂潮\Mods\XM\XMAlarak.SC2Mod\Base.SC2Data\GameData\UnitData.xml
Colossus	CUnit	mods/starcoop/starcoop.sc2mod/base.sc2data/gamedata/unitdata.xml	C:\Users\22448\Downloads\重生虫心0.71汉化版（新）\reborn_workrepo\合作指挥官版起义狂潮\Mods\XM\XMAlarak.SC2Mod\Base.SC2Data\GameData\UnitData.xml
ColossusPurifier	CUnit	mods/starcoop/starcoop.sc2mod/base.sc2data/gamedata/unitdata.xml	C:\Users\22448\Downloads\重生虫心0.71汉化版（新）\reborn_workrepo\合作指挥官版起义狂潮\Mods\XM\XMAlarak.SC2Mod\Base.SC2Data\GameData\UnitData.xml
ColossusTaldarim	CUnit	mods/starcoop/starcoop.sc2mod/base.sc2data/gamedata/unitdata.xml	C:\Users\22448\Downloads\重生虫心0.71汉化版（新）\reborn_workrepo\合作指挥官版起义狂潮\Mods\XM\XMAlarak.SC2Mod\Base.SC2Data\GameData\UnitData.xml
CoopCasterAbathur	CUnit	mods/starcoop/starcoop.sc2mod/base.sc2data/gamedata/unitdata.xml	C:\Users\22448\Downloads\重生虫心0.71汉化版（新）\reborn_workrepo\合作指挥官版起义狂潮\Mods\XM\XMAlarak.SC2Mod\Base.SC2Data\GameData\UnitData.xml
CoopCasterAlarak	CUnit	mods/starcoop/starcoop.sc2mod/base.sc2data/gamedata/unitdata.xml	C:\Users\22448\Downloads\重生虫心0.71汉化版（新）\reborn_workrepo\合作指挥官版起义狂潮\Mods\XM\XMAlarak.SC2Mod\Base.SC2Data\GameData\UnitData.xml
CoopCasterDehaka	CUnit	mods/starcoop/starcoop.sc2mod/base.sc2data/gamedata/unitdata.xml	C:\Users\22448\Downloads\重生虫心0.71汉化版（新）\reborn_workrepo\合作指挥官版起义狂潮\Mods\XM\XMAlarak.SC2Mod\Base.SC2Data\GameData\UnitData.xml
CoopCasterHorner	CUnit	mods/starcoop/starcoop.sc2mod/base.sc2data/gamedata/unitdata.xml	C:\Users\22448\Downloads\重生虫心0.71汉化版（新）\reborn_workrepo\合作指挥官版起义狂潮\Mods\XM\XMAlarak.SC2Mod\Base.SC2Data\GameData\UnitData.xml
CoopCasterNova	CUnit	mods/starcoop/starcoop.sc2mod/base.sc2data/gamedata/unitdata.xml	C:\Users\22448\Downloads\重生虫心0.71汉化版（新）\reborn_workrepo\合作指挥官版起义狂潮\Mods\XM\XMAlarak.SC2Mod\Base.SC2Data\GameData\UnitData.xml
CoopCasterRaynor	CUnit	mods/starcoop/starcoop.sc2mod/base.sc2data/gamedata/unitdata.xml	C:\Users\22448\Downloads\重生虫心0.71汉化版（新）\reborn_workrepo\合作指挥官版起义狂潮\Mods\XM\XMAlarak.SC2Mod\Base.SC2Data\GameData\UnitData.xml
CoopCasterStukov	CUnit	mods/starcoop/starcoop.sc2mod/base.sc2data/gamedata/unitdata.xml	C:\Users\22448\Downloads\重生虫心0.71汉化版（新）\reborn_workrepo\合作指挥官版起义狂潮\Mods\XM\XMAlarak.SC2Mod\Base.SC2Data\GameData\UnitData.xml
CoopCasterSwann	CUnit	mods/starcoop/starcoop.sc2mod/base.sc2data/gamedata/unitdata.xml	C:\Users\22448\Downloads\重生虫心0.71汉化版（新）\reborn_workrepo\合作指挥官版起义狂潮\Mods\XM\XMAlarak.SC2Mod\Base.SC2Data\GameData\UnitData.xml
COOPTerrazineTank	CUnit	mods/starcoop/starcoop.sc2mod/base.sc2data/gamedata/unitdata.xml	C:\Users\22448\Downloads\重生虫心0.71汉化版（新）\reborn_workrepo\合作指挥官版起义狂潮\Mods\XM\XMAlarak.SC2Mod\Base.SC2Data\GameData\UnitData.xml
CorsairMP	CUnit	mods/starcoop/starcoop.sc2mod/base.sc2data/gamedata/unitdata.xml	C:\Users\22448\Downloads\重生虫心0.71汉化版（新）\reborn_workrepo\合作指挥官版起义狂潮\Mods\XM\XMAlarak.SC2Mod\Base.SC2Data\GameData\UnitData.xml
CreepColony	CUnit	mods/starcoop/starcoop.sc2mod/base.sc2data/gamedata/unitdata.xml	C:\Users\22448\Downloads\重生虫心0.71汉化版（新）\reborn_workrepo\合作指挥官版起义狂潮\Mods\XM\XMAlarak.SC2Mod\Base.SC2Data\GameData\UnitData.xml
CreepTumor	CUnit	mods/starcoop/starcoop.sc2mod/base.sc2data/gamedata/unitdata.xml	C:\Users\22448\Downloads\重生虫心0.71汉化版（新）\reborn_workrepo\合作指挥官版起义狂潮\Mods\XM\XMAlarak.SC2Mod\Base.SC2Data\GameData\UnitData.xml
CreepTumorBurrowed	CUnit	mods/starcoop/starcoop.sc2mod/base.sc2data/gamedata/unitdata.xml	C:\Users\22448\Downloads\重生虫心0.71汉化版（新）\reborn_workrepo\合作指挥官版起义狂潮\Mods\XM\XMAlarak.SC2Mod\Base.SC2Data\GameData\UnitData.xml
CreepTumorUsed	CUnit	mods/starcoop/starcoop.sc2mod/base.sc2data/gamedata/unitdata.xml	C:\Users\22448\Downloads\重生虫心0.71汉化版（新）\reborn_workrepo\合作指挥官版起义狂潮\Mods\XM\XMAlarak.SC2Mod\Base.SC2Data\GameData\UnitData.xml
CyberneticsCore	CUnit	mods/starcoop/starcoop.sc2mod/base.sc2data/gamedata/unitdata.xml	C:\Users\22448\Downloads\重生虫心0.71汉化版（新）\reborn_workrepo\合作指挥官版起义狂潮\Mods\XM\XMAlarak.SC2Mod\Base.SC2Data\GameData\UnitData.xml
DamagedSolarForge	CUnit	mods/starcoop/starcoop.sc2mod/base.sc2data/gamedata/unitdata.xml	C:\Users\22448\Downloads\重生虫心0.71汉化版（新）\reborn_workrepo\合作指挥官版起义狂潮\Mods\XM\XMAlarak.SC2Mod\Base.SC2Data\GameData\UnitData.xml
DarkArchon	CUnit	mods/starcoop/starcoop.sc2mod/base.sc2data/gamedata/unitdata.xml	C:\Users\22448\Downloads\重生虫心0.71汉化版（新）\reborn_workrepo\合作指挥官版起义狂潮\Mods\XM\XMAlarak.SC2Mod\Base.SC2Data\GameData\UnitData.xml
DarkPylon	CUnit	mods/starcoop/starcoop.sc2mod/base.sc2data/gamedata/unitdata.xml	C:\Users\22448\Downloads\重生虫心0.71汉化版（新）\reborn_workrepo\合作指挥官版起义狂潮\Mods\XM\XMAlarak.SC2Mod\Base.SC2Data\GameData\UnitData.xml
DarkPylonOvercharged	CUnit	mods/starcoop/starcoop.sc2mod/base.sc2data/gamedata/unitdata.xml	C:\Users\22448\Downloads\重生虫心0.71汉化版（新）\reborn_workrepo\合作指挥官版起义狂潮\Mods\XM\XMAlarak.SC2Mod\Base.SC2Data\GameData\UnitData.xml
DarkShrine	CUnit	mods/starcoop/starcoop.sc2mod/base.sc2data/gamedata/unitdata.xml	C:\Users\22448\Downloads\重生虫心0.71汉化版（新）\reborn_workrepo\合作指挥官版起义狂潮\Mods\XM\XMAlarak.SC2Mod\Base.SC2Data\GameData\UnitData.xml
DarkTemplarShakuras	CUnit	mods/starcoop/starcoop.sc2mod/base.sc2data/gamedata/unitdata.xml	C:\Users\22448\Downloads\重生虫心0.71汉化版（新）\reborn_workrepo\合作指挥官版起义狂潮\Mods\XM\XMAlarak.SC2Mod\Base.SC2Data\GameData\UnitData.xml
DehakaCoop	CUnit	mods/starcoop/starcoop.sc2mod/base.sc2data/gamedata/unitdata.xml	C:\Users\22448\Downloads\重生虫心0.71汉化版（新）\reborn_workrepo\合作指挥官版起义狂潮\Mods\XM\XMAlarak.SC2Mod\Base.SC2Data\GameData\UnitData.xml
DehakaCoopReviveCocoon	CUnit	mods/starcoop/starcoop.sc2mod/base.sc2data/gamedata/unitdata.xml	C:\Users\22448\Downloads\重生虫心0.71汉化版（新）\reborn_workrepo\合作指挥官版起义狂潮\Mods\XM\XMAlarak.SC2Mod\Base.SC2Data\GameData\UnitData.xml
Disruptor	CUnit	mods/starcoop/starcoop.sc2mod/base.sc2data/gamedata/unitdata.xml	C:\Users\22448\Downloads\重生虫心0.71汉化版（新）\reborn_workrepo\合作指挥官版起义狂潮\Mods\XM\XMAlarak.SC2Mod\Base.SC2Data\GameData\UnitData.xml
Drone	CUnit	mods/starcoop/starcoop.sc2mod/base.sc2data/gamedata/unitdata.xml	C:\Users\22448\Downloads\重生虫心0.71汉化版（新）\reborn_workrepo\合作指挥官版起义狂潮\Mods\XM\XMAlarak.SC2Mod\Base.SC2Data\GameData\UnitData.xml
FenixAltarOfPsiStorms	CUnit	mods/starcoop/starcoop.sc2mod/base.sc2data/gamedata/unitdata.xml	C:\Users\22448\Downloads\重生虫心0.71汉化版（新）\reborn_workrepo\合作指挥官版起义狂潮\Mods\XM\XMAlarak.SC2Mod\Base.SC2Data\GameData\UnitData.xml
FenixAltarOfPsiStormsBrokenStage2	System.Xml.XmlElement	mods/starcoop/starcoop.sc2mod/base.sc2data/gamedata/unitdata.xml	C:\Users\22448\Downloads\重生虫心0.71汉化版（新）\reborn_workrepo\合作指挥官版起义狂潮\Mods\XM\XMAlarak.SC2Mod\Base.SC2Data\GameData\UnitData.xml
FenixArbiter	CUnit	mods/starcoop/starcoop.sc2mod/base.sc2data/gamedata/unitdata.xml	C:\Users\22448\Downloads\重生虫心0.71汉化版（新）\reborn_workrepo\合作指挥官版起义狂潮\Mods\XM\XMAlarak.SC2Mod\Base.SC2Data\GameData\UnitData.xml
FenixChampion	CUnit	mods/starcoop/starcoop.sc2mod/base.sc2data/gamedata/unitdata.xml	C:\Users\22448\Downloads\重生虫心0.71汉化版（新）\reborn_workrepo\合作指挥官版起义狂潮\Mods\XM\XMAlarak.SC2Mod\Base.SC2Data\GameData\UnitData.xml
FenixClolarionBomber	CUnit	mods/starcoop/starcoop.sc2mod/base.sc2data/gamedata/unitdata.xml	C:\Users\22448\Downloads\重生虫心0.71汉化版（新）\reborn_workrepo\合作指挥官版起义狂潮\Mods\XM\XMAlarak.SC2Mod\Base.SC2Data\GameData\UnitData.xml
FenixClolarionCarrier	CUnit	mods/starcoop/starcoop.sc2mod/base.sc2data/gamedata/unitdata.xml	C:\Users\22448\Downloads\重生虫心0.71汉化版（新）\reborn_workrepo\合作指挥官版起义狂潮\Mods\XM\XMAlarak.SC2Mod\Base.SC2Data\GameData\UnitData.xml
FenixClolarionInterceptor	CUnit	mods/starcoop/starcoop.sc2mod/base.sc2data/gamedata/unitdata.xml	C:\Users\22448\Downloads\重生虫心0.71汉化版（新）\reborn_workrepo\合作指挥官版起义狂潮\Mods\XM\XMAlarak.SC2Mod\Base.SC2Data\GameData\UnitData.xml
FenixCoop	CUnit	mods/starcoop/starcoop.sc2mod/base.sc2data/gamedata/unitdata.xml	C:\Users\22448\Downloads\重生虫心0.71汉化版（新）\reborn_workrepo\合作指挥官版起义狂潮\Mods\XM\XMAlarak.SC2Mod\Base.SC2Data\GameData\UnitData.xml
FenixDragoon	CUnit	mods/starcoop/starcoop.sc2mod/base.sc2data/gamedata/unitdata.xml	C:\Users\22448\Downloads\重生虫心0.71汉化版（新）\reborn_workrepo\合作指挥官版起义狂潮\Mods\XM\XMAlarak.SC2Mod\Base.SC2Data\GameData\UnitData.xml
FenixKaldalisZealot	CUnit	mods/starcoop/starcoop.sc2mod/base.sc2data/gamedata/unitdata.xml	C:\Users\22448\Downloads\重生虫心0.71汉化版（新）\reborn_workrepo\合作指挥官版起义狂潮\Mods\XM\XMAlarak.SC2Mod\Base.SC2Data\GameData\UnitData.xml
FenixMojoScout	CUnit	mods/starcoop/starcoop.sc2mod/base.sc2data/gamedata/unitdata.xml	C:\Users\22448\Downloads\重生虫心0.71汉化版（新）\reborn_workrepo\合作指挥官版起义狂潮\Mods\XM\XMAlarak.SC2Mod\Base.SC2Data\GameData\UnitData.xml
FenixProbiusProbe	CUnit	mods/starcoop/starcoop.sc2mod/base.sc2data/gamedata/unitdata.xml	C:\Users\22448\Downloads\重生虫心0.71汉化版（新）\reborn_workrepo\合作指挥官版起义狂潮\Mods\XM\XMAlarak.SC2Mod\Base.SC2Data\GameData\UnitData.xml
FenixTaldarinImmortal	CUnit	mods/starcoop/starcoop.sc2mod/base.sc2data/gamedata/unitdata.xml	C:\Users\22448\Downloads\重生虫心0.71汉化版（新）\reborn_workrepo\合作指挥官版起义狂潮\Mods\XM\XMAlarak.SC2Mod\Base.SC2Data\GameData\UnitData.xml
FenixTalisAdept	CUnit	mods/starcoop/starcoop.sc2mod/base.sc2data/gamedata/unitdata.xml	C:\Users\22448\Downloads\重生虫心0.71汉化版（新）\reborn_workrepo\合作指挥官版起义狂潮\Mods\XM\XMAlarak.SC2Mod\Base.SC2Data\GameData\UnitData.xml
FenixTalisAdeptPhaseShift	CUnit	mods/starcoop/starcoop.sc2mod/base.sc2data/gamedata/unitdata.xml	C:\Users\22448\Downloads\重生虫心0.71汉化版（新）\reborn_workrepo\合作指挥官版起义狂潮\Mods\XM\XMAlarak.SC2Mod\Base.SC2Data\GameData\UnitData.xml
FenixWarbringerColossus	CUnit	mods/starcoop/starcoop.sc2mod/base.sc2data/gamedata/unitdata.xml	C:\Users\22448\Downloads\重生虫心0.71汉化版（新）\reborn_workrepo\合作指挥官版起义狂潮\Mods\XM\XMAlarak.SC2Mod\Base.SC2Data\GameData\UnitData.xml
FleetBeacon	CUnit	mods/starcoop/starcoop.sc2mod/base.sc2data/gamedata/unitdata.xml	C:\Users\22448\Downloads\重生虫心0.71汉化版（新）\reborn_workrepo\合作指挥官版起义狂潮\Mods\XM\XMAlarak.SC2Mod\Base.SC2Data\GameData\UnitData.xml
Forge	CUnit	mods/starcoop/starcoop.sc2mod/base.sc2data/gamedata/unitdata.xml	C:\Users\22448\Downloads\重生虫心0.71汉化版（新）\reborn_workrepo\合作指挥官版起义狂潮\Mods\XM\XMAlarak.SC2Mod\Base.SC2Data\GameData\UnitData.xml
Gateway	CUnit	mods/starcoop/starcoop.sc2mod/base.sc2data/gamedata/unitdata.xml	C:\Users\22448\Downloads\重生虫心0.71汉化版（新）\reborn_workrepo\合作指挥官版起义狂潮\Mods\XM\XMAlarak.SC2Mod\Base.SC2Data\GameData\UnitData.xml
GhostAcademyNova	CUnit	mods/starcoop/starcoop.sc2mod/base.sc2data/gamedata/unitdata.xml	C:\Users\22448\Downloads\重生虫心0.71汉化版（新）\reborn_workrepo\合作指挥官版起义狂潮\Mods\XM\XMAlarak.SC2Mod\Base.SC2Data\GameData\UnitData.xml
HHStarport	CUnit	mods/starcoop/starcoop.sc2mod/base.sc2data/gamedata/unitdata.xml	C:\Users\22448\Downloads\重生虫心0.71汉化版（新）\reborn_workrepo\合作指挥官版起义狂潮\Mods\XM\XMAlarak.SC2Mod\Base.SC2Data\GameData\UnitData.xml
HighTemplar	CUnit	mods/starcoop/starcoop.sc2mod/base.sc2data/gamedata/unitdata.xml	C:\Users\22448\Downloads\重生虫心0.71汉化版（新）\reborn_workrepo\合作指挥官版起义狂潮\Mods\XM\XMAlarak.SC2Mod\Base.SC2Data\GameData\UnitData.xml
HighTemplarTaldarim	CUnit	mods/starcoop/starcoop.sc2mod/base.sc2data/gamedata/unitdata.xml	C:\Users\22448\Downloads\重生虫心0.71汉化版（新）\reborn_workrepo\合作指挥官版起义狂潮\Mods\XM\XMAlarak.SC2Mod\Base.SC2Data\GameData\UnitData.xml
Immortal	CUnit	mods/starcoop/starcoop.sc2mod/base.sc2data/gamedata/unitdata.xml	C:\Users\22448\Downloads\重生虫心0.71汉化版（新）\reborn_workrepo\合作指挥官版起义狂潮\Mods\XM\XMAlarak.SC2Mod\Base.SC2Data\GameData\UnitData.xml
ImmortalTaldarim	CUnit	mods/starcoop/starcoop.sc2mod/base.sc2data/gamedata/unitdata.xml	C:\Users\22448\Downloads\重生虫心0.71汉化版（新）\reborn_workrepo\合作指挥官版起义狂潮\Mods\XM\XMAlarak.SC2Mod\Base.SC2Data\GameData\UnitData.xml
K5Kerrigan	CUnit	mods/starcoop/starcoop.sc2mod/base.sc2data/gamedata/unitdata.xml	C:\Users\22448\Downloads\重生虫心0.71汉化版（新）\reborn_workrepo\合作指挥官版起义狂潮\Mods\XM\XMAlarak.SC2Mod\Base.SC2Data\GameData\UnitData.xml
KerriganReviveCocoon	CUnit	mods/starcoop/starcoop.sc2mod/base.sc2data/gamedata/unitdata.xml	C:\Users\22448\Downloads\重生虫心0.71汉化版（新）\reborn_workrepo\合作指挥官版起义狂潮\Mods\XM\XMAlarak.SC2Mod\Base.SC2Data\GameData\UnitData.xml
KhaydarinMonolith	CUnit	mods/starcoop/starcoop.sc2mod/base.sc2data/gamedata/unitdata.xml	C:\Users\22448\Downloads\重生虫心0.71汉化版（新）\reborn_workrepo\合作指挥官版起义狂潮\Mods\XM\XMAlarak.SC2Mod\Base.SC2Data\GameData\UnitData.xml
Locust	CUnit	mods/starcoop/starcoop.sc2mod/base.sc2data/gamedata/unitdata.xml	C:\Users\22448\Downloads\重生虫心0.71汉化版（新）\reborn_workrepo\合作指挥官版起义狂潮\Mods\XM\XMAlarak.SC2Mod\Base.SC2Data\GameData\UnitData.xml
Monitor	CUnit	mods/starcoop/starcoop.sc2mod/base.sc2data/gamedata/unitdata.xml	C:\Users\22448\Downloads\重生虫心0.71汉化版（新）\reborn_workrepo\合作指挥官版起义狂潮\Mods\XM\XMAlarak.SC2Mod\Base.SC2Data\GameData\UnitData.xml
Nexus	CUnit	mods/starcoop/starcoop.sc2mod/base.sc2data/gamedata/unitdata.xml	C:\Users\22448\Downloads\重生虫心0.71汉化版（新）\reborn_workrepo\合作指挥官版起义狂潮\Mods\XM\XMAlarak.SC2Mod\Base.SC2Data\GameData\UnitData.xml
NovaCoop	CUnit	mods/starcoop/starcoop.sc2mod/base.sc2data/gamedata/unitdata.xml	C:\Users\22448\Downloads\重生虫心0.71汉化版（新）\reborn_workrepo\合作指挥官版起义狂潮\Mods\XM\XMAlarak.SC2Mod\Base.SC2Data\GameData\UnitData.xml
NovaReviveBeacon	CUnit	mods/starcoop/starcoop.sc2mod/base.sc2data/gamedata/unitdata.xml	C:\Users\22448\Downloads\重生虫心0.71汉化版（新）\reborn_workrepo\合作指挥官版起义狂潮\Mods\XM\XMAlarak.SC2Mod\Base.SC2Data\GameData\UnitData.xml
Observer	CUnit	mods/starcoop/starcoop.sc2mod/base.sc2data/gamedata/unitdata.xml	C:\Users\22448\Downloads\重生虫心0.71汉化版（新）\reborn_workrepo\合作指挥官版起义狂潮\Mods\XM\XMAlarak.SC2Mod\Base.SC2Data\GameData\UnitData.xml
ObserverSiegeMode	System.Xml.XmlElement	mods/starcoop/starcoop.sc2mod/base.sc2data/gamedata/unitdata.xml	C:\Users\22448\Downloads\重生虫心0.71汉化版（新）\reborn_workrepo\合作指挥官版起义狂潮\Mods\XM\XMAlarak.SC2Mod\Base.SC2Data\GameData\UnitData.xml
PitAlarak	CUnit	mods/starcoop/starcoop.sc2mod/base.sc2data/gamedata/unitdata.xml	C:\Users\22448\Downloads\重生虫心0.71汉化版（新）\reborn_workrepo\合作指挥官版起义狂潮\Mods\XM\XMAlarak.SC2Mod\Base.SC2Data\GameData\UnitData.xml
Probe	CUnit	mods/starcoop/starcoop.sc2mod/base.sc2data/gamedata/unitdata.xml	C:\Users\22448\Downloads\重生虫心0.71汉化版（新）\reborn_workrepo\合作指挥官版起义狂潮\Mods\XM\XMAlarak.SC2Mod\Base.SC2Data\GameData\UnitData.xml
Purifier	CUnit	mods/starcoop/starcoop.sc2mod/base.sc2data/gamedata/unitdata.xml	C:\Users\22448\Downloads\重生虫心0.71汉化版（新）\reborn_workrepo\合作指挥官版起义狂潮\Mods\XM\XMAlarak.SC2Mod\Base.SC2Data\GameData\UnitData.xml
Pylon	CUnit	mods/starcoop/starcoop.sc2mod/base.sc2data/gamedata/unitdata.xml	C:\Users\22448\Downloads\重生虫心0.71汉化版（新）\reborn_workrepo\合作指挥官版起义狂潮\Mods\XM\XMAlarak.SC2Mod\Base.SC2Data\GameData\UnitData.xml
PylonOvercharged	CUnit	mods/starcoop/starcoop.sc2mod/base.sc2data/gamedata/unitdata.xml	C:\Users\22448\Downloads\重生虫心0.71汉化版（新）\reborn_workrepo\合作指挥官版起义狂潮\Mods\XM\XMAlarak.SC2Mod\Base.SC2Data\GameData\UnitData.xml
RoboticsBay	CUnit	mods/starcoop/starcoop.sc2mod/base.sc2data/gamedata/unitdata.xml	C:\Users\22448\Downloads\重生虫心0.71汉化版（新）\reborn_workrepo\合作指挥官版起义狂潮\Mods\XM\XMAlarak.SC2Mod\Base.SC2Data\GameData\UnitData.xml
RoboticsFacility	CUnit	mods/starcoop/starcoop.sc2mod/base.sc2data/gamedata/unitdata.xml	C:\Users\22448\Downloads\重生虫心0.71汉化版（新）\reborn_workrepo\合作指挥官版起义狂潮\Mods\XM\XMAlarak.SC2Mod\Base.SC2Data\GameData\UnitData.xml
RoboticsFacilityWarp	CUnit	mods/starcoop/starcoop.sc2mod/base.sc2data/gamedata/unitdata.xml	C:\Users\22448\Downloads\重生虫心0.71汉化版（新）\reborn_workrepo\合作指挥官版起义狂潮\Mods\XM\XMAlarak.SC2Mod\Base.SC2Data\GameData\UnitData.xml
ScienceVessel	CUnit	mods/starcoop/starcoop.sc2mod/base.sc2data/gamedata/unitdata.xml	C:\Users\22448\Downloads\重生虫心0.71汉化版（新）\reborn_workrepo\合作指挥官版起义狂潮\Mods\XM\XMAlarak.SC2Mod\Base.SC2Data\GameData\UnitData.xml
ScourgeNest	CUnit	mods/starcoop/starcoop.sc2mod/base.sc2data/gamedata/unitdata.xml	C:\Users\22448\Downloads\重生虫心0.71汉化版（新）\reborn_workrepo\合作指挥官版起义狂潮\Mods\XM\XMAlarak.SC2Mod\Base.SC2Data\GameData\UnitData.xml
Scout	CUnit	mods/starcoop/starcoop.sc2mod/base.sc2data/gamedata/unitdata.xml	C:\Users\22448\Downloads\重生虫心0.71汉化版（新）\reborn_workrepo\合作指挥官版起义狂潮\Mods\XM\XMAlarak.SC2Mod\Base.SC2Data\GameData\UnitData.xml
SentryFenix	CUnit	mods/starcoop/starcoop.sc2mod/base.sc2data/gamedata/unitdata.xml	C:\Users\22448\Downloads\重生虫心0.71汉化版（新）\reborn_workrepo\合作指挥官版起义狂潮\Mods\XM\XMAlarak.SC2Mod\Base.SC2Data\GameData\UnitData.xml
SentryFenixPhasing	CUnit	mods/starcoop/starcoop.sc2mod/base.sc2data/gamedata/unitdata.xml	C:\Users\22448\Downloads\重生虫心0.71汉化版（新）\reborn_workrepo\合作指挥官版起义狂潮\Mods\XM\XMAlarak.SC2Mod\Base.SC2Data\GameData\UnitData.xml
SentryPhasing	CUnit	mods/starcoop/starcoop.sc2mod/base.sc2data/gamedata/unitdata.xml	C:\Users\22448\Downloads\重生虫心0.71汉化版（新）\reborn_workrepo\合作指挥官版起义狂潮\Mods\XM\XMAlarak.SC2Mod\Base.SC2Data\GameData\UnitData.xml
ShieldBattery	CUnit	mods/starcoop/starcoop.sc2mod/base.sc2data/gamedata/unitdata.xml	C:\Users\22448\Downloads\重生虫心0.71汉化版（新）\reborn_workrepo\合作指挥官版起义狂潮\Mods\XM\XMAlarak.SC2Mod\Base.SC2Data\GameData\UnitData.xml
SICivilianStructure	CUnit	mods/starcoop/starcoop.sc2mod/base.sc2data/gamedata/unitdata.xml	C:\Users\22448\Downloads\重生虫心0.71汉化版（新）\reborn_workrepo\合作指挥官版起义狂潮\Mods\XM\XMAlarak.SC2Mod\Base.SC2Data\GameData\UnitData.xml
SlaynElementalGrabAOEAirUnitColossi	CUnit	mods/starcoop/starcoop.sc2mod/base.sc2data/gamedata/unitdata.xml	C:\Users\22448\Downloads\重生虫心0.71汉化版（新）\reborn_workrepo\合作指挥官版起义狂潮\Mods\XM\XMAlarak.SC2Mod\Base.SC2Data\GameData\UnitData.xml
SlaynElementalGrabAOEGroundUnitMonolith	CUnit	mods/starcoop/starcoop.sc2mod/base.sc2data/gamedata/unitdata.xml	C:\Users\22448\Downloads\重生虫心0.71汉化版（新）\reborn_workrepo\合作指挥官版起义狂潮\Mods\XM\XMAlarak.SC2Mod\Base.SC2Data\GameData\UnitData.xml
SlaynElementalGrabAOEWeapon	CUnit	mods/starcoop/starcoop.sc2mod/base.sc2data/gamedata/unitdata.xml	C:\Users\22448\Downloads\重生虫心0.71汉化版（新）\reborn_workrepo\合作指挥官版起义狂潮\Mods\XM\XMAlarak.SC2Mod\Base.SC2Data\GameData\UnitData.xml
SoACaster	CUnit	mods/starcoop/starcoop.sc2mod/base.sc2data/gamedata/unitdata.xml	C:\Users\22448\Downloads\重生虫心0.71汉化版（新）\reborn_workrepo\合作指挥官版起义狂潮\Mods\XM\XMAlarak.SC2Mod\Base.SC2Data\GameData\UnitData.xml
SoACasterArtanis	CUnit	mods/starcoop/starcoop.sc2mod/base.sc2data/gamedata/unitdata.xml	C:\Users\22448\Downloads\重生虫心0.71汉化版（新）\reborn_workrepo\合作指挥官版起义狂潮\Mods\XM\XMAlarak.SC2Mod\Base.SC2Data\GameData\UnitData.xml
SoACasterFenix	CUnit	mods/starcoop/starcoop.sc2mod/base.sc2data/gamedata/unitdata.xml	C:\Users\22448\Downloads\重生虫心0.71汉化版（新）\reborn_workrepo\合作指挥官版起义狂潮\Mods\XM\XMAlarak.SC2Mod\Base.SC2Data\GameData\UnitData.xml
SoACasterKarax	CUnit	mods/starcoop/starcoop.sc2mod/base.sc2data/gamedata/unitdata.xml	C:\Users\22448\Downloads\重生虫心0.71汉化版（新）\reborn_workrepo\合作指挥官版起义狂潮\Mods\XM\XMAlarak.SC2Mod\Base.SC2Data\GameData\UnitData.xml
SoACasterVorazun	CUnit	mods/starcoop/starcoop.sc2mod/base.sc2data/gamedata/unitdata.xml	C:\Users\22448\Downloads\重生虫心0.71汉化版（新）\reborn_workrepo\合作指挥官版起义狂潮\Mods\XM\XMAlarak.SC2Mod\Base.SC2Data\GameData\UnitData.xml
SOAMothership	CUnit	mods/starcoop/starcoop.sc2mod/base.sc2data/gamedata/unitdata.xml	C:\Users\22448\Downloads\重生虫心0.71汉化版（新）\reborn_workrepo\合作指挥官版起义狂潮\Mods\XM\XMAlarak.SC2Mod\Base.SC2Data\GameData\UnitData.xml
SOAMothershipv4	CUnit	mods/starcoop/starcoop.sc2mod/base.sc2data/gamedata/unitdata.xml	C:\Users\22448\Downloads\重生虫心0.71汉化版（新）\reborn_workrepo\合作指挥官版起义狂潮\Mods\XM\XMAlarak.SC2Mod\Base.SC2Data\GameData\UnitData.xml
SolarForge	CUnit	mods/starcoop/starcoop.sc2mod/base.sc2data/gamedata/unitdata.xml	C:\Users\22448\Downloads\重生虫心0.71汉化版（新）\reborn_workrepo\合作指挥官版起义狂潮\Mods\XM\XMAlarak.SC2Mod\Base.SC2Data\GameData\UnitData.xml
Stargate	CUnit	mods/starcoop/starcoop.sc2mod/base.sc2data/gamedata/unitdata.xml	C:\Users\22448\Downloads\重生虫心0.71汉化版（新）\reborn_workrepo\合作指挥官版起义狂潮\Mods\XM\XMAlarak.SC2Mod\Base.SC2Data\GameData\UnitData.xml
StukovReviveCocoon	CUnit	mods/starcoop/starcoop.sc2mod/base.sc2data/gamedata/unitdata.xml	C:\Users\22448\Downloads\重生虫心0.71汉化版（新）\reborn_workrepo\合作指挥官版起义狂潮\Mods\XM\XMAlarak.SC2Mod\Base.SC2Data\GameData\UnitData.xml
Supplicant	CUnit	mods/starcoop/starcoop.sc2mod/base.sc2data/gamedata/unitdata.xml	C:\Users\22448\Downloads\重生虫心0.71汉化版（新）\reborn_workrepo\合作指挥官版起义狂潮\Mods\XM\XMAlarak.SC2Mod\Base.SC2Data\GameData\UnitData.xml
SupplicantWeapon	CUnit	mods/starcoop/starcoop.sc2mod/base.sc2data/gamedata/unitdata.xml	C:\Users\22448\Downloads\重生虫心0.71汉化版（新）\reborn_workrepo\合作指挥官版起义狂潮\Mods\XM\XMAlarak.SC2Mod\Base.SC2Data\GameData\UnitData.xml
TechTreeColossus	CUnit	mods/starcoop/starcoop.sc2mod/base.sc2data/gamedata/unitdata.xml	C:\Users\22448\Downloads\重生虫心0.71汉化版（新）\reborn_workrepo\合作指挥官版起义狂潮\Mods\XM\XMAlarak.SC2Mod\Base.SC2Data\GameData\UnitData.xml
Tempest	CUnit	mods/starcoop/starcoop.sc2mod/base.sc2data/gamedata/unitdata.xml	C:\Users\22448\Downloads\重生虫心0.71汉化版（新）\reborn_workrepo\合作指挥官版起义狂潮\Mods\XM\XMAlarak.SC2Mod\Base.SC2Data\GameData\UnitData.xml
TempestPurifier	CUnit	mods/starcoop/starcoop.sc2mod/base.sc2data/gamedata/unitdata.xml	C:\Users\22448\Downloads\重生虫心0.71汉化版（新）\reborn_workrepo\合作指挥官版起义狂潮\Mods\XM\XMAlarak.SC2Mod\Base.SC2Data\GameData\UnitData.xml
TemplarArchive	CUnit	mods/starcoop/starcoop.sc2mod/base.sc2data/gamedata/unitdata.xml	C:\Users\22448\Downloads\重生虫心0.71汉化版（新）\reborn_workrepo\合作指挥官版起义狂潮\Mods\XM\XMAlarak.SC2Mod\Base.SC2Data\GameData\UnitData.xml
TerrazineHarvester	CUnit	mods/starcoop/starcoop.sc2mod/base.sc2data/gamedata/unitdata.xml	C:\Users\22448\Downloads\重生虫心0.71汉化版（新）\reborn_workrepo\合作指挥官版起义狂潮\Mods\XM\XMAlarak.SC2Mod\Base.SC2Data\GameData\UnitData.xml
ToxicNest	CUnit	mods/starcoop/starcoop.sc2mod/base.sc2data/gamedata/unitdata.xml	C:\Users\22448\Downloads\重生虫心0.71汉化版（新）\reborn_workrepo\合作指挥官版起义狂潮\Mods\XM\XMAlarak.SC2Mod\Base.SC2Data\GameData\UnitData.xml
ToxicNestBurrowed	CUnit	mods/starcoop/starcoop.sc2mod/base.sc2data/gamedata/unitdata.xml	C:\Users\22448\Downloads\重生虫心0.71汉化版（新）\reborn_workrepo\合作指挥官版起义狂潮\Mods\XM\XMAlarak.SC2Mod\Base.SC2Data\GameData\UnitData.xml
TwilightCouncil	CUnit	mods/starcoop/starcoop.sc2mod/base.sc2data/gamedata/unitdata.xml	C:\Users\22448\Downloads\重生虫心0.71汉化版（新）\reborn_workrepo\合作指挥官版起义狂潮\Mods\XM\XMAlarak.SC2Mod\Base.SC2Data\GameData\UnitData.xml
UnfinishedDrakkenLaserDrillCoop	CUnit	mods/starcoop/starcoop.sc2mod/base.sc2data/gamedata/unitdata.xml	C:\Users\22448\Downloads\重生虫心0.71汉化版（新）\reborn_workrepo\合作指挥官版起义狂潮\Mods\XM\XMAlarak.SC2Mod\Base.SC2Data\GameData\UnitData.xml
VoidPylon	CUnit	mods/starcoop/starcoop.sc2mod/base.sc2data/gamedata/unitdata.xml	C:\Users\22448\Downloads\重生虫心0.71汉化版（新）\reborn_workrepo\合作指挥官版起义狂潮\Mods\XM\XMAlarak.SC2Mod\Base.SC2Data\GameData\UnitData.xml
VoidRayTaldarim	CUnit	mods/starcoop/starcoop.sc2mod/base.sc2data/gamedata/unitdata.xml	C:\Users\22448\Downloads\重生虫心0.71汉化版（新）\reborn_workrepo\合作指挥官版起义狂潮\Mods\XM\XMAlarak.SC2Mod\Base.SC2Data\GameData\UnitData.xml
VorazunShadowGuard	CUnit	mods/starcoop/starcoop.sc2mod/base.sc2data/gamedata/unitdata.xml	C:\Users\22448\Downloads\重生虫心0.71汉化版（新）\reborn_workrepo\合作指挥官版起义狂潮\Mods\XM\XMAlarak.SC2Mod\Base.SC2Data\GameData\UnitData.xml
WarpGate	CUnit	mods/starcoop/starcoop.sc2mod/base.sc2data/gamedata/unitdata.xml	C:\Users\22448\Downloads\重生虫心0.71汉化版（新）\reborn_workrepo\合作指挥官版起义狂潮\Mods\XM\XMAlarak.SC2Mod\Base.SC2Data\GameData\UnitData.xml
WarpPrism	CUnit	mods/starcoop/starcoop.sc2mod/base.sc2data/gamedata/unitdata.xml	C:\Users\22448\Downloads\重生虫心0.71汉化版（新）\reborn_workrepo\合作指挥官版起义狂潮\Mods\XM\XMAlarak.SC2Mod\Base.SC2Data\GameData\UnitData.xml
WarpPrismPhasing	CUnit	mods/starcoop/starcoop.sc2mod/base.sc2data/gamedata/unitdata.xml	C:\Users\22448\Downloads\重生虫心0.71汉化版（新）\reborn_workrepo\合作指挥官版起义狂潮\Mods\XM\XMAlarak.SC2Mod\Base.SC2Data\GameData\UnitData.xml
WarpPrismPhasingTaldarim	CUnit	mods/starcoop/starcoop.sc2mod/base.sc2data/gamedata/unitdata.xml	C:\Users\22448\Downloads\重生虫心0.71汉化版（新）\reborn_workrepo\合作指挥官版起义狂潮\Mods\XM\XMAlarak.SC2Mod\Base.SC2Data\GameData\UnitData.xml
WarpPrismTaldarim	CUnit	mods/starcoop/starcoop.sc2mod/base.sc2data/gamedata/unitdata.xml	C:\Users\22448\Downloads\重生虫心0.71汉化版（新）\reborn_workrepo\合作指挥官版起义狂潮\Mods\XM\XMAlarak.SC2Mod\Base.SC2Data\GameData\UnitData.xml
WarpPrismTaldarimWeaponMissile	CUnit	mods/starcoop/starcoop.sc2mod/base.sc2data/gamedata/unitdata.xml	C:\Users\22448\Downloads\重生虫心0.71汉化版（新）\reborn_workrepo\合作指挥官版起义狂潮\Mods\XM\XMAlarak.SC2Mod\Base.SC2Data\GameData\UnitData.xml
ZagaraReviveCocoon	CUnit	mods/starcoop/starcoop.sc2mod/base.sc2data/gamedata/unitdata.xml	C:\Users\22448\Downloads\重生虫心0.71汉化版（新）\reborn_workrepo\合作指挥官版起义狂潮\Mods\XM\XMAlarak.SC2Mod\Base.SC2Data\GameData\UnitData.xml
ZagaraVoidCoop	CUnit	mods/starcoop/starcoop.sc2mod/base.sc2data/gamedata/unitdata.xml	C:\Users\22448\Downloads\重生虫心0.71汉化版（新）\reborn_workrepo\合作指挥官版起义狂潮\Mods\XM\XMAlarak.SC2Mod\Base.SC2Data\GameData\UnitData.xml
Zealot	CUnit	mods/starcoop/starcoop.sc2mod/base.sc2data/gamedata/unitdata.xml	C:\Users\22448\Downloads\重生虫心0.71汉化版（新）\reborn_workrepo\合作指挥官版起义狂潮\Mods\XM\XMAlarak.SC2Mod\Base.SC2Data\GameData\UnitData.xml
ZealotPurifier	CUnit	mods/starcoop/starcoop.sc2mod/base.sc2data/gamedata/unitdata.xml	C:\Users\22448\Downloads\重生虫心0.71汉化版（新）\reborn_workrepo\合作指挥官版起义狂潮\Mods\XM\XMAlarak.SC2Mod\Base.SC2Data\GameData\UnitData.xml
ZealotPurifierReviveCorpse	CUnit	mods/starcoop/starcoop.sc2mod/base.sc2data/gamedata/unitdata.xml	C:\Users\22448\Downloads\重生虫心0.71汉化版（新）\reborn_workrepo\合作指挥官版起义狂潮\Mods\XM\XMAlarak.SC2Mod\Base.SC2Data\GameData\UnitData.xml
ZenithStone	CUnit	mods/starcoop/starcoop.sc2mod/base.sc2data/gamedata/unitdata.xml	C:\Users\22448\Downloads\重生虫心0.71汉化版（新）\reborn_workrepo\合作指挥官版起义狂潮\Mods\XM\XMAlarak.SC2Mod\Base.SC2Data\GameData\UnitData.xml
Zeratul	CUnit	mods/starcoop/starcoop.sc2mod/base.sc2data/gamedata/unitdata.xml	C:\Users\22448\Downloads\重生虫心0.71汉化版（新）\reborn_workrepo\合作指挥官版起义狂潮\Mods\XM\XMAlarak.SC2Mod\Base.SC2Data\GameData\UnitData.xml
ZergTowerArtillery	CUnit	mods/starcoop/starcoop.sc2mod/base.sc2data/gamedata/unitdata.xml	C:\Users\22448\Downloads\重生虫心0.71汉化版（新）\reborn_workrepo\合作指挥官版起义狂潮\Mods\XM\XMAlarak.SC2Mod\Base.SC2Data\GameData\UnitData.xml
AbathurCommander	CUpgrade	mods/starcoop/starcoop.sc2mod/base.sc2data/gamedata/upgradedata.xml	C:\Users\22448\Downloads\重生虫心0.71汉化版（新）\reborn_workrepo\合作指挥官版起义狂潮\Mods\XM\XMAlarak.SC2Mod\Base.SC2Data\GameData\UpgradeData.xml
AbathurHiddenToxicNest	CUpgrade	mods/starcoop/starcoop.sc2mod/base.sc2data/gamedata/upgradedata.xml	C:\Users\22448\Downloads\重生虫心0.71汉化版（新）\reborn_workrepo\合作指挥官版起义狂潮\Mods\XM\XMAlarak.SC2Mod\Base.SC2Data\GameData\UpgradeData.xml
AlarackACHavocDetection	CUpgrade	mods/starcoop/starcoop.sc2mod/base.sc2data/gamedata/upgradedata.xml	C:\Users\22448\Downloads\重生虫心0.71汉化版（新）\reborn_workrepo\合作指挥官版起义狂潮\Mods\XM\XMAlarak.SC2Mod\Base.SC2Data\GameData\UpgradeData.xml
AlarackHavocPermanentCloak	CUpgrade	mods/starcoop/starcoop.sc2mod/base.sc2data/gamedata/upgradedata.xml	C:\Users\22448\Downloads\重生虫心0.71汉化版（新）\reborn_workrepo\合作指挥官版起义狂潮\Mods\XM\XMAlarak.SC2Mod\Base.SC2Data\GameData\UpgradeData.xml
AlarakACSupplicantAttackAir	CUpgrade	mods/starcoop/starcoop.sc2mod/base.sc2data/gamedata/upgradedata.xml	C:\Users\22448\Downloads\重生虫心0.71汉化版（新）\reborn_workrepo\合作指挥官版起义狂潮\Mods\XM\XMAlarak.SC2Mod\Base.SC2Data\GameData\UpgradeData.xml
AlarakAreaDamageUpgrade	CUpgrade	mods/starcoop/starcoop.sc2mod/base.sc2data/gamedata/upgradedata.xml	C:\Users\22448\Downloads\重生虫心0.71汉化版（新）\reborn_workrepo\合作指挥官版起义狂潮\Mods\XM\XMAlarak.SC2Mod\Base.SC2Data\GameData\UpgradeData.xml
AlarakAttackStunUpgrade	CUpgrade	mods/starcoop/starcoop.sc2mod/base.sc2data/gamedata/upgradedata.xml	C:\Users\22448\Downloads\重生虫心0.71汉化版（新）\reborn_workrepo\合作指挥官版起义狂潮\Mods\XM\XMAlarak.SC2Mod\Base.SC2Data\GameData\UpgradeData.xml
AlarakColossusChargedBlastAirAttack	CUpgrade	mods/starcoop/starcoop.sc2mod/base.sc2data/gamedata/upgradedata.xml	C:\Users\22448\Downloads\重生虫心0.71汉化版（新）\reborn_workrepo\合作指挥官版起义狂潮\Mods\XM\XMAlarak.SC2Mod\Base.SC2Data\GameData\UpgradeData.xml
AlarakColossusChargedBlastChargeTime	CUpgrade	mods/starcoop/starcoop.sc2mod/base.sc2data/gamedata/upgradedata.xml	C:\Users\22448\Downloads\重生虫心0.71汉化版（新）\reborn_workrepo\合作指挥官版起义狂潮\Mods\XM\XMAlarak.SC2Mod\Base.SC2Data\GameData\UpgradeData.xml
AlarakCommander	CUpgrade	mods/starcoop/starcoop.sc2mod/base.sc2data/gamedata/upgradedata.xml	C:\Users\22448\Downloads\重生虫心0.71汉化版（新）\reborn_workrepo\合作指挥官版起义狂潮\Mods\XM\XMAlarak.SC2Mod\Base.SC2Data\GameData\UpgradeData.xml
AlarakDestructionWaveDistance	CUpgrade	mods/starcoop/starcoop.sc2mod/base.sc2data/gamedata/upgradedata.xml	C:\Users\22448\Downloads\重生虫心0.71汉化版（新）\reborn_workrepo\合作指挥官版起义狂潮\Mods\XM\XMAlarak.SC2Mod\Base.SC2Data\GameData\UpgradeData.xml
AlarakHavocAbilityRange	CUpgrade	mods/starcoop/starcoop.sc2mod/base.sc2data/gamedata/upgradedata.xml	C:\Users\22448\Downloads\重生虫心0.71汉化版（新）\reborn_workrepo\合作指挥官版起义狂潮\Mods\XM\XMAlarak.SC2Mod\Base.SC2Data\GameData\UpgradeData.xml
AlarakHavocTargetLockBuff	CUpgrade	mods/starcoop/starcoop.sc2mod/base.sc2data/gamedata/upgradedata.xml	C:\Users\22448\Downloads\重生虫心0.71汉化版（新）\reborn_workrepo\合作指挥官版起义狂潮\Mods\XM\XMAlarak.SC2Mod\Base.SC2Data\GameData\UpgradeData.xml
AlarakHighTemplarImprovedSacrifice	CUpgrade	mods/starcoop/starcoop.sc2mod/base.sc2data/gamedata/upgradedata.xml	C:\Users\22448\Downloads\重生虫心0.71汉化版（新）\reborn_workrepo\合作指挥官版起义狂潮\Mods\XM\XMAlarak.SC2Mod\Base.SC2Data\GameData\UpgradeData.xml
AlarakHighTemplarPsionicOrbTravelDistance	CUpgrade	mods/starcoop/starcoop.sc2mod/base.sc2data/gamedata/upgradedata.xml	C:\Users\22448\Downloads\重生虫心0.71汉化版（新）\reborn_workrepo\合作指挥官版起义狂潮\Mods\XM\XMAlarak.SC2Mod\Base.SC2Data\GameData\UpgradeData.xml
AlarakImprovedDeadlyCharge	CUpgrade	mods/starcoop/starcoop.sc2mod/base.sc2data/gamedata/upgradedata.xml	C:\Users\22448\Downloads\重生虫心0.71汉化版（新）\reborn_workrepo\合作指挥官版起义狂潮\Mods\XM\XMAlarak.SC2Mod\Base.SC2Data\GameData\UpgradeData.xml
AlarakImprovedDeathFleet	CUpgrade	mods/starcoop/starcoop.sc2mod/base.sc2data/gamedata/upgradedata.xml	C:\Users\22448\Downloads\重生虫心0.71汉化版（新）\reborn_workrepo\合作指挥官版起义狂潮\Mods\XM\XMAlarak.SC2Mod\Base.SC2Data\GameData\UpgradeData.xml
AlarakSquadSightBuff	CUpgrade	mods/starcoop/starcoop.sc2mod/base.sc2data/gamedata/upgradedata.xml	C:\Users\22448\Downloads\重生虫心0.71汉化版（新）\reborn_workrepo\合作指挥官版起义狂潮\Mods\XM\XMAlarak.SC2Mod\Base.SC2Data\GameData\UpgradeData.xml
AlarakStalkerForceBlast	CUpgrade	mods/starcoop/starcoop.sc2mod/base.sc2data/gamedata/upgradedata.xml	C:\Users\22448\Downloads\重生虫心0.71汉化版（新）\reborn_workrepo\合作指挥官版起义狂潮\Mods\XM\XMAlarak.SC2Mod\Base.SC2Data\GameData\UpgradeData.xml
AlarakStalkerPhasingArmor	CUpgrade	mods/starcoop/starcoop.sc2mod/base.sc2data/gamedata/upgradedata.xml	C:\Users\22448\Downloads\重生虫心0.71汉化版（新）\reborn_workrepo\合作指挥官版起义狂潮\Mods\XM\XMAlarak.SC2Mod\Base.SC2Data\GameData\UpgradeData.xml
AlarakStructureImprovedOvercharge	CUpgrade	mods/starcoop/starcoop.sc2mod/base.sc2data/gamedata/upgradedata.xml	C:\Users\22448\Downloads\重生虫心0.71汉化版（新）\reborn_workrepo\合作指挥官版起义狂潮\Mods\XM\XMAlarak.SC2Mod\Base.SC2Data\GameData\UpgradeData.xml
AlarakSupplicantMaxShields	CUpgrade	mods/starcoop/starcoop.sc2mod/base.sc2data/gamedata/upgradedata.xml	C:\Users\22448\Downloads\重生虫心0.71汉化版（新）\reborn_workrepo\合作指挥官版起义狂潮\Mods\XM\XMAlarak.SC2Mod\Base.SC2Data\GameData\UpgradeData.xml
AlarakSupplicantSacrificeCDR	CUpgrade	mods/starcoop/starcoop.sc2mod/base.sc2data/gamedata/upgradedata.xml	C:\Users\22448\Downloads\重生虫心0.71汉化版（新）\reborn_workrepo\合作指挥官版起义狂潮\Mods\XM\XMAlarak.SC2Mod\Base.SC2Data\GameData\UpgradeData.xml
AlarakSupplicantSacrificeDamage	CUpgrade	mods/starcoop/starcoop.sc2mod/base.sc2data/gamedata/upgradedata.xml	C:\Users\22448\Downloads\重生虫心0.71汉化版（新）\reborn_workrepo\合作指挥官版起义狂潮\Mods\XM\XMAlarak.SC2Mod\Base.SC2Data\GameData\UpgradeData.xml
AlarakSupplicantSacrificeLightningStrikes	CUpgrade	mods/starcoop/starcoop.sc2mod/base.sc2data/gamedata/upgradedata.xml	C:\Users\22448\Downloads\重生虫心0.71汉化版（新）\reborn_workrepo\合作指挥官版起义狂潮\Mods\XM\XMAlarak.SC2Mod\Base.SC2Data\GameData\UpgradeData.xml
AlarakSupplicantShieldArmor	CUpgrade	mods/starcoop/starcoop.sc2mod/base.sc2data/gamedata/upgradedata.xml	C:\Users\22448\Downloads\重生虫心0.71汉化版（新）\reborn_workrepo\合作指挥官版起义狂潮\Mods\XM\XMAlarak.SC2Mod\Base.SC2Data\GameData\UpgradeData.xml
AlarakSupplicantShieldRegen	CUpgrade	mods/starcoop/starcoop.sc2mod/base.sc2data/gamedata/upgradedata.xml	C:\Users\22448\Downloads\重生虫心0.71汉化版（新）\reborn_workrepo\合作指挥官版起义狂潮\Mods\XM\XMAlarak.SC2Mod\Base.SC2Data\GameData\UpgradeData.xml
AlarakVanguardIncreaseSplashArea	CUpgrade	mods/starcoop/starcoop.sc2mod/base.sc2data/gamedata/upgradedata.xml	C:\Users\22448\Downloads\重生虫心0.71汉化版（新）\reborn_workrepo\合作指挥官版起义狂潮\Mods\XM\XMAlarak.SC2Mod\Base.SC2Data\GameData\UpgradeData.xml
AlarakVanguardLongshot	CUpgrade	mods/starcoop/starcoop.sc2mod/base.sc2data/gamedata/upgradedata.xml	C:\Users\22448\Downloads\重生虫心0.71汉化版（新）\reborn_workrepo\合作指挥官版起义狂潮\Mods\XM\XMAlarak.SC2Mod\Base.SC2Data\GameData\UpgradeData.xml
AlarakVanguardMovingShot	CUpgrade	mods/starcoop/starcoop.sc2mod/base.sc2data/gamedata/upgradedata.xml	C:\Users\22448\Downloads\重生虫心0.71汉化版（新）\reborn_workrepo\合作指挥官版起义狂潮\Mods\XM\XMAlarak.SC2Mod\Base.SC2Data\GameData\UpgradeData.xml
AlarakZealotFrenziedOverload	CUpgrade	mods/starcoop/starcoop.sc2mod/base.sc2data/gamedata/upgradedata.xml	C:\Users\22448\Downloads\重生虫心0.71汉化版（新）\reborn_workrepo\合作指挥官版起义狂潮\Mods\XM\XMAlarak.SC2Mod\Base.SC2Data\GameData\UpgradeData.xml
AnionPulseCrystals	CUpgrade	mods/starcoop/starcoop.sc2mod/base.sc2data/gamedata/upgradedata.xml	C:\Users\22448\Downloads\重生虫心0.71汉化版（新）\reborn_workrepo\合作指挥官版起义狂潮\Mods\XM\XMAlarak.SC2Mod\Base.SC2Data\GameData\UpgradeData.xml
ArtanisCommander	CUpgrade	mods/starcoop/starcoop.sc2mod/base.sc2data/gamedata/upgradedata.xml	C:\Users\22448\Downloads\重生虫心0.71汉化版（新）\reborn_workrepo\合作指挥官版起义狂潮\Mods\XM\XMAlarak.SC2Mod\Base.SC2Data\GameData\UpgradeData.xml
AStrongHeart	CUpgrade	mods/starcoop/starcoop.sc2mod/base.sc2data/gamedata/upgradedata.xml	C:\Users\22448\Downloads\重生虫心0.71汉化版（新）\reborn_workrepo\合作指挥官版起义狂潮\Mods\XM\XMAlarak.SC2Mod\Base.SC2Data\GameData\UpgradeData.xml
BlinkTech	CUpgrade	mods/starcoop/starcoop.sc2mod/base.sc2data/gamedata/upgradedata.xml	C:\Users\22448\Downloads\重生虫心0.71汉化版（新）\reborn_workrepo\合作指挥官版起义狂潮\Mods\XM\XMAlarak.SC2Mod\Base.SC2Data\GameData\UpgradeData.xml
Burrow	CUpgrade	mods/starcoop/starcoop.sc2mod/base.sc2data/gamedata/upgradedata.xml	C:\Users\22448\Downloads\重生虫心0.71汉化版（新）\reborn_workrepo\合作指挥官版起义狂潮\Mods\XM\XMAlarak.SC2Mod\Base.SC2Data\GameData\UpgradeData.xml
CarrierLaunchSpeedUpgrade	CUpgrade	mods/starcoop/starcoop.sc2mod/base.sc2data/gamedata/upgradedata.xml	C:\Users\22448\Downloads\重生虫心0.71汉化版（新）\reborn_workrepo\合作指挥官版起义狂潮\Mods\XM\XMAlarak.SC2Mod\Base.SC2Data\GameData\UpgradeData.xml
CarrierRepairDrones	CUpgrade	mods/starcoop/starcoop.sc2mod/base.sc2data/gamedata/upgradedata.xml	C:\Users\22448\Downloads\重生虫心0.71汉化版（新）\reborn_workrepo\合作指挥官版起义狂潮\Mods\XM\XMAlarak.SC2Mod\Base.SC2Data\GameData\UpgradeData.xml
Charge	CUpgrade	mods/starcoop/starcoop.sc2mod/base.sc2data/gamedata/upgradedata.xml	C:\Users\22448\Downloads\重生虫心0.71汉化版（新）\reborn_workrepo\合作指挥官版起义狂潮\Mods\XM\XMAlarak.SC2Mod\Base.SC2Data\GameData\UpgradeData.xml
CommanderLevel	CUpgrade	mods/starcoop/starcoop.sc2mod/base.sc2data/gamedata/upgradedata.xml	C:\Users\22448\Downloads\重生虫心0.71汉化版（新）\reborn_workrepo\合作指挥官版起义狂潮\Mods\XM\XMAlarak.SC2Mod\Base.SC2Data\GameData\UpgradeData.xml
CommanderPrestige	CUpgrade	mods/starcoop/starcoop.sc2mod/base.sc2data/gamedata/upgradedata.xml	C:\Users\22448\Downloads\重生虫心0.71汉化版（新）\reborn_workrepo\合作指挥官版起义狂潮\Mods\XM\XMAlarak.SC2Mod\Base.SC2Data\GameData\UpgradeData.xml
CommanderPrestigeAbathurBiomass	CUpgrade	mods/starcoop/starcoop.sc2mod/base.sc2data/gamedata/upgradedata.xml	C:\Users\22448\Downloads\重生虫心0.71汉化版（新）\reborn_workrepo\合作指挥官版起义狂潮\Mods\XM\XMAlarak.SC2Mod\Base.SC2Data\GameData\UpgradeData.xml
CommanderPrestigeAbathurDeepTunnel	CUpgrade	mods/starcoop/starcoop.sc2mod/base.sc2data/gamedata/upgradedata.xml	C:\Users\22448\Downloads\重生虫心0.71汉化版（新）\reborn_workrepo\合作指挥官版起义狂潮\Mods\XM\XMAlarak.SC2Mod\Base.SC2Data\GameData\UpgradeData.xml
CommanderPrestigeAlarakDeathFleet	CUpgrade	mods/starcoop/starcoop.sc2mod/base.sc2data/gamedata/upgradedata.xml	C:\Users\22448\Downloads\重生虫心0.71汉化版（新）\reborn_workrepo\合作指挥官版起义狂潮\Mods\XM\XMAlarak.SC2Mod\Base.SC2Data\GameData\UpgradeData.xml
CommanderPrestigeAlarakDeathFleetMastery	CUpgrade	mods/starcoop/starcoop.sc2mod/base.sc2data/gamedata/upgradedata.xml	C:\Users\22448\Downloads\重生虫心0.71汉化版（新）\reborn_workrepo\合作指挥官版起义狂潮\Mods\XM\XMAlarak.SC2Mod\Base.SC2Data\GameData\UpgradeData.xml
CommanderPrestigeAlarakDeathFleetPerk	CUpgrade	mods/starcoop/starcoop.sc2mod/base.sc2data/gamedata/upgradedata.xml	C:\Users\22448\Downloads\重生虫心0.71汉化版（新）\reborn_workrepo\合作指挥官版起义狂潮\Mods\XM\XMAlarak.SC2Mod\Base.SC2Data\GameData\UpgradeData.xml
CommanderPrestigeAlarakEmpowerMe	CUpgrade	mods/starcoop/starcoop.sc2mod/base.sc2data/gamedata/upgradedata.xml	C:\Users\22448\Downloads\重生虫心0.71汉化版（新）\reborn_workrepo\合作指挥官版起义狂潮\Mods\XM\XMAlarak.SC2Mod\Base.SC2Data\GameData\UpgradeData.xml
CommanderPrestigeAlarakMech	CUpgrade	mods/starcoop/starcoop.sc2mod/base.sc2data/gamedata/upgradedata.xml	C:\Users\22448\Downloads\重生虫心0.71汉化版（新）\reborn_workrepo\合作指挥官版起义狂潮\Mods\XM\XMAlarak.SC2Mod\Base.SC2Data\GameData\UpgradeData.xml
CommanderPrestigeArtanisCombatAbilities	CUpgrade	mods/starcoop/starcoop.sc2mod/base.sc2data/gamedata/upgradedata.xml	C:\Users\22448\Downloads\重生虫心0.71汉化版（新）\reborn_workrepo\合作指挥官版起义狂潮\Mods\XM\XMAlarak.SC2Mod\Base.SC2Data\GameData\UpgradeData.xml
CommanderPrestigeArtanisOrbitalStrikes	CUpgrade	mods/starcoop/starcoop.sc2mod/base.sc2data/gamedata/upgradedata.xml	C:\Users\22448\Downloads\重生虫心0.71汉化版（新）\reborn_workrepo\合作指挥官版起义狂潮\Mods\XM\XMAlarak.SC2Mod\Base.SC2Data\GameData\UpgradeData.xml
CommanderPrestigeArtanisPowerField	CUpgrade	mods/starcoop/starcoop.sc2mod/base.sc2data/gamedata/upgradedata.xml	C:\Users\22448\Downloads\重生虫心0.71汉化版（新）\reborn_workrepo\合作指挥官版起义狂潮\Mods\XM\XMAlarak.SC2Mod\Base.SC2Data\GameData\UpgradeData.xml
CommanderPrestigeDehakaClone	CUpgrade	mods/starcoop/starcoop.sc2mod/base.sc2data/gamedata/upgradedata.xml	C:\Users\22448\Downloads\重生虫心0.71汉化版（新）\reborn_workrepo\合作指挥官版起义狂潮\Mods\XM\XMAlarak.SC2Mod\Base.SC2Data\GameData\UpgradeData.xml
CommanderPrestigeDehakaDevour	CUpgrade	mods/starcoop/starcoop.sc2mod/base.sc2data/gamedata/upgradedata.xml	C:\Users\22448\Downloads\重生虫心0.71汉化版（新）\reborn_workrepo\合作指挥官版起义狂潮\Mods\XM\XMAlarak.SC2Mod\Base.SC2Data\GameData\UpgradeData.xml
CommanderPrestigeDehakaPackLeaders	CUpgrade	mods/starcoop/starcoop.sc2mod/base.sc2data/gamedata/upgradedata.xml	C:\Users\22448\Downloads\重生虫心0.71汉化版（新）\reborn_workrepo\合作指挥官版起义狂潮\Mods\XM\XMAlarak.SC2Mod\Base.SC2Data\GameData\UpgradeData.xml
CommanderPrestigeFenixAvenger	CUpgrade	mods/starcoop/starcoop.sc2mod/base.sc2data/gamedata/upgradedata.xml	C:\Users\22448\Downloads\重生虫心0.71汉化版（新）\reborn_workrepo\合作指挥官版起义狂潮\Mods\XM\XMAlarak.SC2Mod\Base.SC2Data\GameData\UpgradeData.xml
CommanderPrestigeFenixDataWeb	CUpgrade	mods/starcoop/starcoop.sc2mod/base.sc2data/gamedata/upgradedata.xml	C:\Users\22448\Downloads\重生虫心0.71汉化版（新）\reborn_workrepo\合作指挥官版起义狂潮\Mods\XM\XMAlarak.SC2Mod\Base.SC2Data\GameData\UpgradeData.xml
CommanderPrestigeFenixSuitSwap	CUpgrade	mods/starcoop/starcoop.sc2mod/base.sc2data/gamedata/upgradedata.xml	C:\Users\22448\Downloads\重生虫心0.71汉化版（新）\reborn_workrepo\合作指挥官版起义狂潮\Mods\XM\XMAlarak.SC2Mod\Base.SC2Data\GameData\UpgradeData.xml
CommanderPrestigeHornerBombingPlatforms	CUpgrade	mods/starcoop/starcoop.sc2mod/base.sc2data/gamedata/upgradedata.xml	C:\Users\22448\Downloads\重生虫心0.71汉化版（新）\reborn_workrepo\合作指挥官版起义狂潮\Mods\XM\XMAlarak.SC2Mod\Base.SC2Data\GameData\UpgradeData.xml
CommanderPrestigeHornerMagMines	CUpgrade	mods/starcoop/starcoop.sc2mod/base.sc2data/gamedata/upgradedata.xml	C:\Users\22448\Downloads\重生虫心0.71汉化版（新）\reborn_workrepo\合作指挥官版起义狂潮\Mods\XM\XMAlarak.SC2Mod\Base.SC2Data\GameData\UpgradeData.xml
CommanderPrestigeHornerStarport	CUpgrade	mods/starcoop/starcoop.sc2mod/base.sc2data/gamedata/upgradedata.xml	C:\Users\22448\Downloads\重生虫心0.71汉化版（新）\reborn_workrepo\合作指挥官版起义狂潮\Mods\XM\XMAlarak.SC2Mod\Base.SC2Data\GameData\UpgradeData.xml
CommanderPrestigeKaraxArmy	CUpgrade	mods/starcoop/starcoop.sc2mod/base.sc2data/gamedata/upgradedata.xml	C:\Users\22448\Downloads\重生虫心0.71汉化版（新）\reborn_workrepo\合作指挥官版起义狂潮\Mods\XM\XMAlarak.SC2Mod\Base.SC2Data\GameData\UpgradeData.xml
CommanderPrestigeKaraxStructures	CUpgrade	mods/starcoop/starcoop.sc2mod/base.sc2data/gamedata/upgradedata.xml	C:\Users\22448\Downloads\重生虫心0.71汉化版（新）\reborn_workrepo\合作指挥官版起义狂潮\Mods\XM\XMAlarak.SC2Mod\Base.SC2Data\GameData\UpgradeData.xml
CommanderPrestigeKaraxTopBar	CUpgrade	mods/starcoop/starcoop.sc2mod/base.sc2data/gamedata/upgradedata.xml	C:\Users\22448\Downloads\重生虫心0.71汉化版（新）\reborn_workrepo\合作指挥官版起义狂潮\Mods\XM\XMAlarak.SC2Mod\Base.SC2Data\GameData\UpgradeData.xml
CommanderPrestigeKerriganAbilities	CUpgrade	mods/starcoop/starcoop.sc2mod/base.sc2data/gamedata/upgradedata.xml	C:\Users\22448\Downloads\重生虫心0.71汉化版（新）\reborn_workrepo\合作指挥官版起义狂潮\Mods\XM\XMAlarak.SC2Mod\Base.SC2Data\GameData\UpgradeData.xml
CommanderPrestigeKerriganAssimilationAura	CUpgrade	mods/starcoop/starcoop.sc2mod/base.sc2data/gamedata/upgradedata.xml	C:\Users\22448\Downloads\重生虫心0.71汉化版（新）\reborn_workrepo\合作指挥官版起义狂潮\Mods\XM\XMAlarak.SC2Mod\Base.SC2Data\GameData\UpgradeData.xml
CommanderPrestigeKerriganCreep	CUpgrade	mods/starcoop/starcoop.sc2mod/base.sc2data/gamedata/upgradedata.xml	C:\Users\22448\Downloads\重生虫心0.71汉化版（新）\reborn_workrepo\合作指挥官版起义狂潮\Mods\XM\XMAlarak.SC2Mod\Base.SC2Data\GameData\UpgradeData.xml
CommanderPrestigeNovaAirlift	CUpgrade	mods/starcoop/starcoop.sc2mod/base.sc2data/gamedata/upgradedata.xml	C:\Users\22448\Downloads\重生虫心0.71汉化版（新）\reborn_workrepo\合作指挥官版起义狂潮\Mods\XM\XMAlarak.SC2Mod\Base.SC2Data\GameData\UpgradeData.xml
CommanderPrestigeNovaBio	CUpgrade	mods/starcoop/starcoop.sc2mod/base.sc2data/gamedata/upgradedata.xml	C:\Users\22448\Downloads\重生虫心0.71汉化版（新）\reborn_workrepo\合作指挥官版起义狂潮\Mods\XM\XMAlarak.SC2Mod\Base.SC2Data\GameData\UpgradeData.xml
CommanderPrestigeNovaSuperCloak	CUpgrade	mods/starcoop/starcoop.sc2mod/base.sc2data/gamedata/upgradedata.xml	C:\Users\22448\Downloads\重生虫心0.71汉化版（新）\reborn_workrepo\合作指挥官版起义狂潮\Mods\XM\XMAlarak.SC2Mod\Base.SC2Data\GameData\UpgradeData.xml
CommanderPrestigeRaynorAir	CUpgrade	mods/starcoop/starcoop.sc2mod/base.sc2data/gamedata/upgradedata.xml	C:\Users\22448\Downloads\重生虫心0.71汉化版（新）\reborn_workrepo\合作指挥官版起义狂潮\Mods\XM\XMAlarak.SC2Mod\Base.SC2Data\GameData\UpgradeData.xml
CommanderPrestigeRaynorBio	CUpgrade	mods/starcoop/starcoop.sc2mod/base.sc2data/gamedata/upgradedata.xml	C:\Users\22448\Downloads\重生虫心0.71汉化版（新）\reborn_workrepo\合作指挥官版起义狂潮\Mods\XM\XMAlarak.SC2Mod\Base.SC2Data\GameData\UpgradeData.xml
CommanderPrestigeRaynorMechAfterburners	CUpgrade	mods/starcoop/starcoop.sc2mod/base.sc2data/gamedata/upgradedata.xml	C:\Users\22448\Downloads\重生虫心0.71汉化版（新）\reborn_workrepo\合作指挥官版起义狂潮\Mods\XM\XMAlarak.SC2Mod\Base.SC2Data\GameData\UpgradeData.xml
CommanderPrestigeStukovBanshees	CUpgrade	mods/starcoop/starcoop.sc2mod/base.sc2data/gamedata/upgradedata.xml	C:\Users\22448\Downloads\重生虫心0.71汉化版（新）\reborn_workrepo\合作指挥官版起义狂潮\Mods\XM\XMAlarak.SC2Mod\Base.SC2Data\GameData\UpgradeData.xml
CommanderPrestigeStukovBunkers	CUpgrade	mods/starcoop/starcoop.sc2mod/base.sc2data/gamedata/upgradedata.xml	C:\Users\22448\Downloads\重生虫心0.71汉化版（新）\reborn_workrepo\合作指挥官版起义狂潮\Mods\XM\XMAlarak.SC2Mod\Base.SC2Data\GameData\UpgradeData.xml
CommanderPrestigeStukovMech	CUpgrade	mods/starcoop/starcoop.sc2mod/base.sc2data/gamedata/upgradedata.xml	C:\Users\22448\Downloads\重生虫心0.71汉化版（新）\reborn_workrepo\合作指挥官版起义狂潮\Mods\XM\XMAlarak.SC2Mod\Base.SC2Data\GameData\UpgradeData.xml
CommanderPrestigeSwannDrill	CUpgrade	mods/starcoop/starcoop.sc2mod/base.sc2data/gamedata/upgradedata.xml	C:\Users\22448\Downloads\重生虫心0.71汉化版（新）\reborn_workrepo\合作指挥官版起义狂潮\Mods\XM\XMAlarak.SC2Mod\Base.SC2Data\GameData\UpgradeData.xml
CommanderPrestigeSwannHercules	CUpgrade	mods/starcoop/starcoop.sc2mod/base.sc2data/gamedata/upgradedata.xml	C:\Users\22448\Downloads\重生虫心0.71汉化版（新）\reborn_workrepo\合作指挥官版起义狂潮\Mods\XM\XMAlarak.SC2Mod\Base.SC2Data\GameData\UpgradeData.xml
CommanderPrestigeSwannTurrets	CUpgrade	mods/starcoop/starcoop.sc2mod/base.sc2data/gamedata/upgradedata.xml	C:\Users\22448\Downloads\重生虫心0.71汉化版（新）\reborn_workrepo\合作指挥官版起义狂潮\Mods\XM\XMAlarak.SC2Mod\Base.SC2Data\GameData\UpgradeData.xml
CommanderPrestigeVorazunEmergencyRecall	CUpgrade	mods/starcoop/starcoop.sc2mod/base.sc2data/gamedata/upgradedata.xml	C:\Users\22448\Downloads\重生虫心0.71汉化版（新）\reborn_workrepo\合作指挥官版起义狂潮\Mods\XM\XMAlarak.SC2Mod\Base.SC2Data\GameData\UpgradeData.xml
CommanderPrestigeVorazunStasis	CUpgrade	mods/starcoop/starcoop.sc2mod/base.sc2data/gamedata/upgradedata.xml	C:\Users\22448\Downloads\重生虫心0.71汉化版（新）\reborn_workrepo\合作指挥官版起义狂潮\Mods\XM\XMAlarak.SC2Mod\Base.SC2Data\GameData\UpgradeData.xml
CommanderPrestigeVorazunTimeStop	CUpgrade	mods/starcoop/starcoop.sc2mod/base.sc2data/gamedata/upgradedata.xml	C:\Users\22448\Downloads\重生虫心0.71汉化版（新）\reborn_workrepo\合作指挥官版起义狂潮\Mods\XM\XMAlarak.SC2Mod\Base.SC2Data\GameData\UpgradeData.xml
CommanderPrestigeZagaraCorruptorsAberrations	CUpgrade	mods/starcoop/starcoop.sc2mod/base.sc2data/gamedata/upgradedata.xml	C:\Users\22448\Downloads\重生虫心0.71汉化版（新）\reborn_workrepo\合作指挥官版起义狂潮\Mods\XM\XMAlarak.SC2Mod\Base.SC2Data\GameData\UpgradeData.xml
CommanderPrestigeZagaraMaxSupply	CUpgrade	mods/starcoop/starcoop.sc2mod/base.sc2data/gamedata/upgradedata.xml	C:\Users\22448\Downloads\重生虫心0.71汉化版（新）\reborn_workrepo\合作指挥官版起义狂潮\Mods\XM\XMAlarak.SC2Mod\Base.SC2Data\GameData\UpgradeData.xml
CommanderPrestigeZagaraZagara	CUpgrade	mods/starcoop/starcoop.sc2mod/base.sc2data/gamedata/upgradedata.xml	C:\Users\22448\Downloads\重生虫心0.71汉化版（新）\reborn_workrepo\合作指挥官版起义狂潮\Mods\XM\XMAlarak.SC2Mod\Base.SC2Data\GameData\UpgradeData.xml
CommanderPrestigeZeratulArtifactFragments	CUpgrade	mods/starcoop/starcoop.sc2mod/base.sc2data/gamedata/upgradedata.xml	C:\Users\22448\Downloads\重生虫心0.71汉化版（新）\reborn_workrepo\合作指挥官版起义狂潮\Mods\XM\XMAlarak.SC2Mod\Base.SC2Data\GameData\UpgradeData.xml
CommanderPrestigeZeratulTornadoes	CUpgrade	mods/starcoop/starcoop.sc2mod/base.sc2data/gamedata/upgradedata.xml	C:\Users\22448\Downloads\重生虫心0.71汉化版（新）\reborn_workrepo\合作指挥官版起义狂潮\Mods\XM\XMAlarak.SC2Mod\Base.SC2Data\GameData\UpgradeData.xml
CommanderPrestigeZeratulVoidSeeker	CUpgrade	mods/starcoop/starcoop.sc2mod/base.sc2data/gamedata/upgradedata.xml	C:\Users\22448\Downloads\重生虫心0.71汉化版（新）\reborn_workrepo\合作指挥官版起义狂潮\Mods\XM\XMAlarak.SC2Mod\Base.SC2Data\GameData\UpgradeData.xml
CorsairDisruptionWeb	CUpgrade	mods/starcoop/starcoop.sc2mod/base.sc2data/gamedata/upgradedata.xml	C:\Users\22448\Downloads\重生虫心0.71汉化版（新）\reborn_workrepo\合作指挥官版起义狂潮\Mods\XM\XMAlarak.SC2Mod\Base.SC2Data\GameData\UpgradeData.xml
CorsairPermanentCloak	CUpgrade	mods/starcoop/starcoop.sc2mod/base.sc2data/gamedata/upgradedata.xml	C:\Users\22448\Downloads\重生虫心0.71汉化版（新）\reborn_workrepo\合作指挥官版起义狂潮\Mods\XM\XMAlarak.SC2Mod\Base.SC2Data\GameData\UpgradeData.xml
CreepTumorVisible	CUpgrade	mods/starcoop/starcoop.sc2mod/base.sc2data/gamedata/upgradedata.xml	C:\Users\22448\Downloads\重生虫心0.71汉化版（新）\reborn_workrepo\合作指挥官版起义狂潮\Mods\XM\XMAlarak.SC2Mod\Base.SC2Data\GameData\UpgradeData.xml
DarkProtoss	CUpgrade	mods/starcoop/starcoop.sc2mod/base.sc2data/gamedata/upgradedata.xml	C:\Users\22448\Downloads\重生虫心0.71汉化版（新）\reborn_workrepo\合作指挥官版起义狂潮\Mods\XM\XMAlarak.SC2Mod\Base.SC2Data\GameData\UpgradeData.xml
DarkPylonMorph	CUpgrade	mods/starcoop/starcoop.sc2mod/base.sc2data/gamedata/upgradedata.xml	C:\Users\22448\Downloads\重生虫心0.71汉化版（新）\reborn_workrepo\合作指挥官版起义狂潮\Mods\XM\XMAlarak.SC2Mod\Base.SC2Data\GameData\UpgradeData.xml
DehakaCommander	CUpgrade	mods/starcoop/starcoop.sc2mod/base.sc2data/gamedata/upgradedata.xml	C:\Users\22448\Downloads\重生虫心0.71汉化版（新）\reborn_workrepo\合作指挥官版起义狂潮\Mods\XM\XMAlarak.SC2Mod\Base.SC2Data\GameData\UpgradeData.xml
FenixArbiterDetection	CUpgrade	mods/starcoop/starcoop.sc2mod/base.sc2data/gamedata/upgradedata.xml	C:\Users\22448\Downloads\重生虫心0.71汉化版（新）\reborn_workrepo\合作指挥官版起义狂潮\Mods\XM\XMAlarak.SC2Mod\Base.SC2Data\GameData\UpgradeData.xml
FenixChampionCarrierBombers	CUpgrade	mods/starcoop/starcoop.sc2mod/base.sc2data/gamedata/upgradedata.xml	C:\Users\22448\Downloads\重生虫心0.71汉化版（新）\reborn_workrepo\合作指挥官版起义狂潮\Mods\XM\XMAlarak.SC2Mod\Base.SC2Data\GameData\UpgradeData.xml
FenixChampionClolarionCarrier	CUpgrade	mods/starcoop/starcoop.sc2mod/base.sc2data/gamedata/upgradedata.xml	C:\Users\22448\Downloads\重生虫心0.71汉化版（新）\reborn_workrepo\合作指挥官版起义狂潮\Mods\XM\XMAlarak.SC2Mod\Base.SC2Data\GameData\UpgradeData.xml
FenixChampionMojoScout	CUpgrade	mods/starcoop/starcoop.sc2mod/base.sc2data/gamedata/upgradedata.xml	C:\Users\22448\Downloads\重生虫心0.71汉化版（新）\reborn_workrepo\合作指挥官版起义狂潮\Mods\XM\XMAlarak.SC2Mod\Base.SC2Data\GameData\UpgradeData.xml
FenixChampionScoutAOEMissiles	CUpgrade	mods/starcoop/starcoop.sc2mod/base.sc2data/gamedata/upgradedata.xml	C:\Users\22448\Downloads\重生虫心0.71汉化版（新）\reborn_workrepo\合作指挥官版起义狂潮\Mods\XM\XMAlarak.SC2Mod\Base.SC2Data\GameData\UpgradeData.xml
FenixCommander	CUpgrade	mods/starcoop/starcoop.sc2mod/base.sc2data/gamedata/upgradedata.xml	C:\Users\22448\Downloads\重生虫心0.71汉化版（新）\reborn_workrepo\合作指挥官版起义狂潮\Mods\XM\XMAlarak.SC2Mod\Base.SC2Data\GameData\UpgradeData.xml
FenixKaldalisCleave	CUpgrade	mods/starcoop/starcoop.sc2mod/base.sc2data/gamedata/upgradedata.xml	C:\Users\22448\Downloads\重生虫心0.71汉化版（新）\reborn_workrepo\合作指挥官版起义狂潮\Mods\XM\XMAlarak.SC2Mod\Base.SC2Data\GameData\UpgradeData.xml
FenixResearchCostReduction	CUpgrade	mods/starcoop/starcoop.sc2mod/base.sc2data/gamedata/upgradedata.xml	C:\Users\22448\Downloads\重生虫心0.71汉化版（新）\reborn_workrepo\合作指挥官版起义狂潮\Mods\XM\XMAlarak.SC2Mod\Base.SC2Data\GameData\UpgradeData.xml
FenixScoutWeaponRange	CUpgrade	mods/starcoop/starcoop.sc2mod/base.sc2data/gamedata/upgradedata.xml	C:\Users\22448\Downloads\重生虫心0.71汉化版（新）\reborn_workrepo\合作指挥官版起义狂潮\Mods\XM\XMAlarak.SC2Mod\Base.SC2Data\GameData\UpgradeData.xml
FenixSentryGuardianZoneUpgrade	CUpgrade	mods/starcoop/starcoop.sc2mod/base.sc2data/gamedata/upgradedata.xml	C:\Users\22448\Downloads\重生虫心0.71汉化版（新）\reborn_workrepo\合作指挥官版起义狂潮\Mods\XM\XMAlarak.SC2Mod\Base.SC2Data\GameData\UpgradeData.xml
FenixSuitAttackDamage	CUpgrade	mods/starcoop/starcoop.sc2mod/base.sc2data/gamedata/upgradedata.xml	C:\Users\22448\Downloads\重生虫心0.71汉化版（新）\reborn_workrepo\合作指挥官版起义狂潮\Mods\XM\XMAlarak.SC2Mod\Base.SC2Data\GameData\UpgradeData.xml
FenixWarbringerColossusPowerShot	CUpgrade	mods/starcoop/starcoop.sc2mod/base.sc2data/gamedata/upgradedata.xml	C:\Users\22448\Downloads\重生虫心0.71汉化版（新）\reborn_workrepo\合作指挥官版起义狂潮\Mods\XM\XMAlarak.SC2Mod\Base.SC2Data\GameData\UpgradeData.xml
HaveKhaydarinMonolith	CUpgrade	mods/starcoop/starcoop.sc2mod/base.sc2data/gamedata/upgradedata.xml	C:\Users\22448\Downloads\重生虫心0.71汉化版（新）\reborn_workrepo\合作指挥官版起义狂潮\Mods\XM\XMAlarak.SC2Mod\Base.SC2Data\GameData\UpgradeData.xml
HaveVoidTempest	CUpgrade	mods/starcoop/starcoop.sc2mod/base.sc2data/gamedata/upgradedata.xml	C:\Users\22448\Downloads\重生虫心0.71汉化版（新）\reborn_workrepo\合作指挥官版起义狂潮\Mods\XM\XMAlarak.SC2Mod\Base.SC2Data\GameData\UpgradeData.xml
HornerCommander	CUpgrade	mods/starcoop/starcoop.sc2mod/base.sc2data/gamedata/upgradedata.xml	C:\Users\22448\Downloads\重生虫心0.71汉化版（新）\reborn_workrepo\合作指挥官版起义狂潮\Mods\XM\XMAlarak.SC2Mod\Base.SC2Data\GameData\UpgradeData.xml
K5PrimalSlash	CUpgrade	mods/starcoop/starcoop.sc2mod/base.sc2data/gamedata/upgradedata.xml	C:\Users\22448\Downloads\重生虫心0.71汉化版（新）\reborn_workrepo\合作指挥官版起义狂潮\Mods\XM\XMAlarak.SC2Mod\Base.SC2Data\GameData\UpgradeData.xml
K5PsiStrike	CUpgrade	mods/starcoop/starcoop.sc2mod/base.sc2data/gamedata/upgradedata.xml	C:\Users\22448\Downloads\重生虫心0.71汉化版（新）\reborn_workrepo\合作指挥官版起义狂潮\Mods\XM\XMAlarak.SC2Mod\Base.SC2Data\GameData\UpgradeData.xml
K5TwoDrones	CUpgrade	mods/starcoop/starcoop.sc2mod/base.sc2data/gamedata/upgradedata.xml	C:\Users\22448\Downloads\重生虫心0.71汉化版（新）\reborn_workrepo\合作指挥官版起义狂潮\Mods\XM\XMAlarak.SC2Mod\Base.SC2Data\GameData\UpgradeData.xml
KaraxCarrierInterceptorLaunchSpeed	CUpgrade	mods/starcoop/starcoop.sc2mod/base.sc2data/gamedata/upgradedata.xml	C:\Users\22448\Downloads\重生虫心0.71汉化版（新）\reborn_workrepo\合作指挥官版起义狂潮\Mods\XM\XMAlarak.SC2Mod\Base.SC2Data\GameData\UpgradeData.xml
KaraxCommander	CUpgrade	mods/starcoop/starcoop.sc2mod/base.sc2data/gamedata/upgradedata.xml	C:\Users\22448\Downloads\重生虫心0.71汉化版（新）\reborn_workrepo\合作指挥官版起义狂潮\Mods\XM\XMAlarak.SC2Mod\Base.SC2Data\GameData\UpgradeData.xml
KaraxInstantStructureWarp	CUpgrade	mods/starcoop/starcoop.sc2mod/base.sc2data/gamedata/upgradedata.xml	C:\Users\22448\Downloads\重生虫心0.71汉化版（新）\reborn_workrepo\合作指挥官版起义狂潮\Mods\XM\XMAlarak.SC2Mod\Base.SC2Data\GameData\UpgradeData.xml
KaraxTurretAttackSpeed	CUpgrade	mods/starcoop/starcoop.sc2mod/base.sc2data/gamedata/upgradedata.xml	C:\Users\22448\Downloads\重生虫心0.71汉化版（新）\reborn_workrepo\合作指挥官版起义狂潮\Mods\XM\XMAlarak.SC2Mod\Base.SC2Data\GameData\UpgradeData.xml
KaraxTurretRange	CUpgrade	mods/starcoop/starcoop.sc2mod/base.sc2data/gamedata/upgradedata.xml	C:\Users\22448\Downloads\重生虫心0.71汉化版（新）\reborn_workrepo\合作指挥官版起义狂潮\Mods\XM\XMAlarak.SC2Mod\Base.SC2Data\GameData\UpgradeData.xml
KerriganCommander	CUpgrade	mods/starcoop/starcoop.sc2mod/base.sc2data/gamedata/upgradedata.xml	C:\Users\22448\Downloads\重生虫心0.71汉化版（新）\reborn_workrepo\合作指挥官版起义狂潮\Mods\XM\XMAlarak.SC2Mod\Base.SC2Data\GameData\UpgradeData.xml
MasteryAlarakAutoAttackDamage	CUpgrade	mods/starcoop/starcoop.sc2mod/base.sc2data/gamedata/upgradedata.xml	C:\Users\22448\Downloads\重生虫心0.71汉化版（新）\reborn_workrepo\合作指挥官版起义狂潮\Mods\XM\XMAlarak.SC2Mod\Base.SC2Data\GameData\UpgradeData.xml
MasteryAlarakChronoBoost	CUpgrade	mods/starcoop/starcoop.sc2mod/base.sc2data/gamedata/upgradedata.xml	C:\Users\22448\Downloads\重生虫心0.71汉化版（新）\reborn_workrepo\合作指挥官版起义狂潮\Mods\XM\XMAlarak.SC2Mod\Base.SC2Data\GameData\UpgradeData.xml
MasteryAlarakCocoonTimer	CUpgrade	mods/starcoop/starcoop.sc2mod/base.sc2data/gamedata/upgradedata.xml	C:\Users\22448\Downloads\重生虫心0.71汉化版（新）\reborn_workrepo\合作指挥官版起义狂潮\Mods\XM\XMAlarak.SC2Mod\Base.SC2Data\GameData\UpgradeData.xml
MasteryAlarakDeathFleetCDR	CUpgrade	mods/starcoop/starcoop.sc2mod/base.sc2data/gamedata/upgradedata.xml	C:\Users\22448\Downloads\重生虫心0.71汉化版（新）\reborn_workrepo\合作指挥官版起义狂潮\Mods\XM\XMAlarak.SC2Mod\Base.SC2Data\GameData\UpgradeData.xml
MasteryAlarakEmpowerMeSlavesDuration	CUpgrade	mods/starcoop/starcoop.sc2mod/base.sc2data/gamedata/upgradedata.xml	C:\Users\22448\Downloads\重生虫心0.71汉化版（新）\reborn_workrepo\合作指挥官版起义狂潮\Mods\XM\XMAlarak.SC2Mod\Base.SC2Data\GameData\UpgradeData.xml
MasteryAlarakOverchargeShieldsDamage	CUpgrade	mods/starcoop/starcoop.sc2mod/base.sc2data/gamedata/upgradedata.xml	C:\Users\22448\Downloads\重生虫心0.71汉化版（新）\reborn_workrepo\合作指挥官版起义狂潮\Mods\XM\XMAlarak.SC2Mod\Base.SC2Data\GameData\UpgradeData.xml
MasteryAlarakUnitAttackSpeed	CUpgrade	mods/starcoop/starcoop.sc2mod/base.sc2data/gamedata/upgradedata.xml	C:\Users\22448\Downloads\重生虫心0.71汉化版（新）\reborn_workrepo\合作指挥官版起义狂潮\Mods\XM\XMAlarak.SC2Mod\Base.SC2Data\GameData\UpgradeData.xml
MasteryNovaArmyOOCRegenSpeed	CUpgrade	mods/starcoop/starcoop.sc2mod/base.sc2data/gamedata/upgradedata.xml	C:\Users\22448\Downloads\重生虫心0.71汉化版（新）\reborn_workrepo\合作指挥官版起义狂潮\Mods\XM\XMAlarak.SC2Mod\Base.SC2Data\GameData\UpgradeData.xml
MasteryZagaraLarvaRatePassive	CUpgrade	mods/starcoop/starcoop.sc2mod/base.sc2data/gamedata/upgradedata.xml	C:\Users\22448\Downloads\重生虫心0.71汉化版（新）\reborn_workrepo\合作指挥官版起义狂潮\Mods\XM\XMAlarak.SC2Mod\Base.SC2Data\GameData\UpgradeData.xml
MiragePhaseArmor	CUpgrade	mods/starcoop/starcoop.sc2mod/base.sc2data/gamedata/upgradedata.xml	C:\Users\22448\Downloads\重生虫心0.71汉化版（新）\reborn_workrepo\合作指挥官版起义狂潮\Mods\XM\XMAlarak.SC2Mod\Base.SC2Data\GameData\UpgradeData.xml
MutatorIsPlayer1	CUpgrade	mods/starcoop/starcoop.sc2mod/base.sc2data/gamedata/upgradedata.xml	C:\Users\22448\Downloads\重生虫心0.71汉化版（新）\reborn_workrepo\合作指挥官版起义狂潮\Mods\XM\XMAlarak.SC2Mod\Base.SC2Data\GameData\UpgradeData.xml
MutatorIsPlayer2	CUpgrade	mods/starcoop/starcoop.sc2mod/base.sc2data/gamedata/upgradedata.xml	C:\Users\22448\Downloads\重生虫心0.71汉化版（新）\reborn_workrepo\合作指挥官版起义狂潮\Mods\XM\XMAlarak.SC2Mod\Base.SC2Data\GameData\UpgradeData.xml
NovaCommander	CUpgrade	mods/starcoop/starcoop.sc2mod/base.sc2data/gamedata/upgradedata.xml	C:\Users\22448\Downloads\重生虫心0.71汉化版（新）\reborn_workrepo\合作指挥官版起义狂潮\Mods\XM\XMAlarak.SC2Mod\Base.SC2Data\GameData\UpgradeData.xml
NovaGadgetFlashbangGrenades	CUpgrade	mods/starcoop/starcoop.sc2mod/base.sc2data/gamedata/upgradedata.xml	C:\Users\22448\Downloads\重生虫心0.71汉化版（新）\reborn_workrepo\合作指挥官版起义狂潮\Mods\XM\XMAlarak.SC2Mod\Base.SC2Data\GameData\UpgradeData.xml
NovaGadgetPulseGrenades	CUpgrade	mods/starcoop/starcoop.sc2mod/base.sc2data/gamedata/upgradedata.xml	C:\Users\22448\Downloads\重生虫心0.71汉化版（新）\reborn_workrepo\合作指挥官版起义狂潮\Mods\XM\XMAlarak.SC2Mod\Base.SC2Data\GameData\UpgradeData.xml
NovaGadgetSuperStim	CUpgrade	mods/starcoop/starcoop.sc2mod/base.sc2data/gamedata/upgradedata.xml	C:\Users\22448\Downloads\重生虫心0.71汉化版（新）\reborn_workrepo\合作指挥官版起义狂潮\Mods\XM\XMAlarak.SC2Mod\Base.SC2Data\GameData\UpgradeData.xml
NovaHelmetGhostVisor	CUpgrade	mods/starcoop/starcoop.sc2mod/base.sc2data/gamedata/upgradedata.xml	C:\Users\22448\Downloads\重生虫心0.71汉化版（新）\reborn_workrepo\合作指挥官版起义狂潮\Mods\XM\XMAlarak.SC2Mod\Base.SC2Data\GameData\UpgradeData.xml
NovaWeaponCanisterRifle	CUpgrade	mods/starcoop/starcoop.sc2mod/base.sc2data/gamedata/upgradedata.xml	C:\Users\22448\Downloads\重生虫心0.71汉化版（新）\reborn_workrepo\合作指挥官版起义狂潮\Mods\XM\XMAlarak.SC2Mod\Base.SC2Data\GameData\UpgradeData.xml
NovaWeaponHellfireShotgun	CUpgrade	mods/starcoop/starcoop.sc2mod/base.sc2data/gamedata/upgradedata.xml	C:\Users\22448\Downloads\重生虫心0.71汉化版（新）\reborn_workrepo\合作指挥官版起义狂潮\Mods\XM\XMAlarak.SC2Mod\Base.SC2Data\GameData\UpgradeData.xml
NovaWeaponImprovedCanisterRifle	CUpgrade	mods/starcoop/starcoop.sc2mod/base.sc2data/gamedata/upgradedata.xml	C:\Users\22448\Downloads\重生虫心0.71汉化版（新）\reborn_workrepo\合作指挥官版起义狂潮\Mods\XM\XMAlarak.SC2Mod\Base.SC2Data\GameData\UpgradeData.xml
NovaWeaponPsiBlade	CUpgrade	mods/starcoop/starcoop.sc2mod/base.sc2data/gamedata/upgradedata.xml	C:\Users\22448\Downloads\重生虫心0.71汉化版（新）\reborn_workrepo\合作指挥官版起义狂潮\Mods\XM\XMAlarak.SC2Mod\Base.SC2Data\GameData\UpgradeData.xml
OracleStasisWardUpgrade	CUpgrade	mods/starcoop/starcoop.sc2mod/base.sc2data/gamedata/upgradedata.xml	C:\Users\22448\Downloads\重生虫心0.71汉化版（新）\reborn_workrepo\合作指挥官版起义狂潮\Mods\XM\XMAlarak.SC2Mod\Base.SC2Data\GameData\UpgradeData.xml
OracleWormhole	CUpgrade	mods/starcoop/starcoop.sc2mod/base.sc2data/gamedata/upgradedata.xml	C:\Users\22448\Downloads\重生虫心0.71汉化版（新）\reborn_workrepo\合作指挥官版起义狂潮\Mods\XM\XMAlarak.SC2Mod\Base.SC2Data\GameData\UpgradeData.xml
PhoenixDestructionBeam	CUpgrade	mods/starcoop/starcoop.sc2mod/base.sc2data/gamedata/upgradedata.xml	C:\Users\22448\Downloads\重生虫心0.71汉化版（新）\reborn_workrepo\合作指挥官版起义狂潮\Mods\XM\XMAlarak.SC2Mod\Base.SC2Data\GameData\UpgradeData.xml
PrismaticBeam	CUpgrade	mods/starcoop/starcoop.sc2mod/base.sc2data/gamedata/upgradedata.xml	C:\Users\22448\Downloads\重生虫心0.71汉化版（新）\reborn_workrepo\合作指挥官版起义狂潮\Mods\XM\XMAlarak.SC2Mod\Base.SC2Data\GameData\UpgradeData.xml
ProtossAirWeaponsLevel1	CUpgrade	mods/starcoop/starcoop.sc2mod/base.sc2data/gamedata/upgradedata.xml	C:\Users\22448\Downloads\重生虫心0.71汉化版（新）\reborn_workrepo\合作指挥官版起义狂潮\Mods\XM\XMAlarak.SC2Mod\Base.SC2Data\GameData\UpgradeData.xml
ProtossGroundArmorsLevel1	CUpgrade	mods/starcoop/starcoop.sc2mod/base.sc2data/gamedata/upgradedata.xml	C:\Users\22448\Downloads\重生虫心0.71汉化版（新）\reborn_workrepo\合作指挥官版起义狂潮\Mods\XM\XMAlarak.SC2Mod\Base.SC2Data\GameData\UpgradeData.xml
ProtossGroundArmorsLevel2	CUpgrade	mods/starcoop/starcoop.sc2mod/base.sc2data/gamedata/upgradedata.xml	C:\Users\22448\Downloads\重生虫心0.71汉化版（新）\reborn_workrepo\合作指挥官版起义狂潮\Mods\XM\XMAlarak.SC2Mod\Base.SC2Data\GameData\UpgradeData.xml
ProtossGroundArmorsLevel3	CUpgrade	mods/starcoop/starcoop.sc2mod/base.sc2data/gamedata/upgradedata.xml	C:\Users\22448\Downloads\重生虫心0.71汉化版（新）\reborn_workrepo\合作指挥官版起义狂潮\Mods\XM\XMAlarak.SC2Mod\Base.SC2Data\GameData\UpgradeData.xml
ProtossGroundWeaponsLevel1	CUpgrade	mods/starcoop/starcoop.sc2mod/base.sc2data/gamedata/upgradedata.xml	C:\Users\22448\Downloads\重生虫心0.71汉化版（新）\reborn_workrepo\合作指挥官版起义狂潮\Mods\XM\XMAlarak.SC2Mod\Base.SC2Data\GameData\UpgradeData.xml
ProtossGroundWeaponsLevel2	CUpgrade	mods/starcoop/starcoop.sc2mod/base.sc2data/gamedata/upgradedata.xml	C:\Users\22448\Downloads\重生虫心0.71汉化版（新）\reborn_workrepo\合作指挥官版起义狂潮\Mods\XM\XMAlarak.SC2Mod\Base.SC2Data\GameData\UpgradeData.xml
ProtossGroundWeaponsLevel3	CUpgrade	mods/starcoop/starcoop.sc2mod/base.sc2data/gamedata/upgradedata.xml	C:\Users\22448\Downloads\重生虫心0.71汉化版（新）\reborn_workrepo\合作指挥官版起义狂潮\Mods\XM\XMAlarak.SC2Mod\Base.SC2Data\GameData\UpgradeData.xml
RaynorCommander	CUpgrade	mods/starcoop/starcoop.sc2mod/base.sc2data/gamedata/upgradedata.xml	C:\Users\22448\Downloads\重生虫心0.71汉化版（新）\reborn_workrepo\合作指挥官版起义狂潮\Mods\XM\XMAlarak.SC2Mod\Base.SC2Data\GameData\UpgradeData.xml
SentryResearchChronoBeam	CUpgrade	mods/starcoop/starcoop.sc2mod/base.sc2data/gamedata/upgradedata.xml	C:\Users\22448\Downloads\重生虫心0.71汉化版（新）\reborn_workrepo\合作指挥官版起义狂潮\Mods\XM\XMAlarak.SC2Mod\Base.SC2Data\GameData\UpgradeData.xml
SentryResearchShieldRepairDouble	CUpgrade	mods/starcoop/starcoop.sc2mod/base.sc2data/gamedata/upgradedata.xml	C:\Users\22448\Downloads\重生虫心0.71汉化版（新）\reborn_workrepo\合作指挥官版起义狂潮\Mods\XM\XMAlarak.SC2Mod\Base.SC2Data\GameData\UpgradeData.xml
ShieldBatteryStructureBarrier	CUpgrade	mods/starcoop/starcoop.sc2mod/base.sc2data/gamedata/upgradedata.xml	C:\Users\22448\Downloads\重生虫心0.71汉化版（新）\reborn_workrepo\合作指挥官版起义狂潮\Mods\XM\XMAlarak.SC2Mod\Base.SC2Data\GameData\UpgradeData.xml
SISiegeTankAmmoCapacity	CUpgrade	mods/starcoop/starcoop.sc2mod/base.sc2data/gamedata/upgradedata.xml	C:\Users\22448\Downloads\重生虫心0.71汉化版（新）\reborn_workrepo\合作指挥官版起义狂潮\Mods\XM\XMAlarak.SC2Mod\Base.SC2Data\GameData\UpgradeData.xml
SISiegeTankTentacleWhileSieged	CUpgrade	mods/starcoop/starcoop.sc2mod/base.sc2data/gamedata/upgradedata.xml	C:\Users\22448\Downloads\重生虫心0.71汉化版（新）\reborn_workrepo\合作指挥官版起义狂潮\Mods\XM\XMAlarak.SC2Mod\Base.SC2Data\GameData\UpgradeData.xml
SOAAutoAssimilator	CUpgrade	mods/starcoop/starcoop.sc2mod/base.sc2data/gamedata/upgradedata.xml	C:\Users\22448\Downloads\重生虫心0.71汉化版（新）\reborn_workrepo\合作指挥官版起义狂潮\Mods\XM\XMAlarak.SC2Mod\Base.SC2Data\GameData\UpgradeData.xml
SOAMapWideChrono	CUpgrade	mods/starcoop/starcoop.sc2mod/base.sc2data/gamedata/upgradedata.xml	C:\Users\22448\Downloads\重生虫心0.71汉化版（新）\reborn_workrepo\合作指挥官版起义狂潮\Mods\XM\XMAlarak.SC2Mod\Base.SC2Data\GameData\UpgradeData.xml
SOAOrbitalStrike	CUpgrade	mods/starcoop/starcoop.sc2mod/base.sc2data/gamedata/upgradedata.xml	C:\Users\22448\Downloads\重生虫心0.71汉化版（新）\reborn_workrepo\合作指挥官版起义狂潮\Mods\XM\XMAlarak.SC2Mod\Base.SC2Data\GameData\UpgradeData.xml
SOAPylonPower	CUpgrade	mods/starcoop/starcoop.sc2mod/base.sc2data/gamedata/upgradedata.xml	C:\Users\22448\Downloads\重生虫心0.71汉化版（新）\reborn_workrepo\合作指挥官版起义狂潮\Mods\XM\XMAlarak.SC2Mod\Base.SC2Data\GameData\UpgradeData.xml
SOARecall	CUpgrade	mods/starcoop/starcoop.sc2mod/base.sc2data/gamedata/upgradedata.xml	C:\Users\22448\Downloads\重生虫心0.71汉化版（新）\reborn_workrepo\合作指挥官版起义狂潮\Mods\XM\XMAlarak.SC2Mod\Base.SC2Data\GameData\UpgradeData.xml
SOARepairBeam	CUpgrade	mods/starcoop/starcoop.sc2mod/base.sc2data/gamedata/upgradedata.xml	C:\Users\22448\Downloads\重生虫心0.71汉化版（新）\reborn_workrepo\合作指挥官版起义狂潮\Mods\XM\XMAlarak.SC2Mod\Base.SC2Data\GameData\UpgradeData.xml
SOASuperShield	CUpgrade	mods/starcoop/starcoop.sc2mod/base.sc2data/gamedata/upgradedata.xml	C:\Users\22448\Downloads\重生虫心0.71汉化版（新）\reborn_workrepo\合作指挥官版起义狂潮\Mods\XM\XMAlarak.SC2Mod\Base.SC2Data\GameData\UpgradeData.xml
SOAThermalLance	CUpgrade	mods/starcoop/starcoop.sc2mod/base.sc2data/gamedata/upgradedata.xml	C:\Users\22448\Downloads\重生虫心0.71汉化版（新）\reborn_workrepo\合作指挥官版起义狂潮\Mods\XM\XMAlarak.SC2Mod\Base.SC2Data\GameData\UpgradeData.xml
SOAWarpGateCharges	CUpgrade	mods/starcoop/starcoop.sc2mod/base.sc2data/gamedata/upgradedata.xml	C:\Users\22448\Downloads\重生虫心0.71汉化版（新）\reborn_workrepo\合作指挥官版起义狂潮\Mods\XM\XMAlarak.SC2Mod\Base.SC2Data\GameData\UpgradeData.xml
SolarEfficiencyLevel1	CUpgrade	mods/starcoop/starcoop.sc2mod/base.sc2data/gamedata/upgradedata.xml	C:\Users\22448\Downloads\重生虫心0.71汉化版（新）\reborn_workrepo\合作指挥官版起义狂潮\Mods\XM\XMAlarak.SC2Mod\Base.SC2Data\GameData\UpgradeData.xml
SolarEfficiencyLevel2	CUpgrade	mods/starcoop/starcoop.sc2mod/base.sc2data/gamedata/upgradedata.xml	C:\Users\22448\Downloads\重生虫心0.71汉化版（新）\reborn_workrepo\合作指挥官版起义狂潮\Mods\XM\XMAlarak.SC2Mod\Base.SC2Data\GameData\UpgradeData.xml
SolarEfficiencyLevel3	CUpgrade	mods/starcoop/starcoop.sc2mod/base.sc2data/gamedata/upgradedata.xml	C:\Users\22448\Downloads\重生虫心0.71汉化版（新）\reborn_workrepo\合作指挥官版起义狂潮\Mods\XM\XMAlarak.SC2Mod\Base.SC2Data\GameData\UpgradeData.xml
StukovCommander	CUpgrade	mods/starcoop/starcoop.sc2mod/base.sc2data/gamedata/upgradedata.xml	C:\Users\22448\Downloads\重生虫心0.71汉化版（新）\reborn_workrepo\合作指挥官版起义狂潮\Mods\XM\XMAlarak.SC2Mod\Base.SC2Data\GameData\UpgradeData.xml
SuperStimpackNova	CUpgrade	mods/starcoop/starcoop.sc2mod/base.sc2data/gamedata/upgradedata.xml	C:\Users\22448\Downloads\重生虫心0.71汉化版（新）\reborn_workrepo\合作指挥官版起义狂潮\Mods\XM\XMAlarak.SC2Mod\Base.SC2Data\GameData\UpgradeData.xml
SwannCommander	CUpgrade	mods/starcoop/starcoop.sc2mod/base.sc2data/gamedata/upgradedata.xml	C:\Users\22448\Downloads\重生虫心0.71汉化版（新）\reborn_workrepo\合作指挥官版起义狂潮\Mods\XM\XMAlarak.SC2Mod\Base.SC2Data\GameData\UpgradeData.xml
SwarmHostFakeWeapon	CUpgrade	mods/starcoop/starcoop.sc2mod/base.sc2data/gamedata/upgradedata.xml	C:\Users\22448\Downloads\重生虫心0.71汉化版（新）\reborn_workrepo\合作指挥官版起义狂潮\Mods\XM\XMAlarak.SC2Mod\Base.SC2Data\GameData\UpgradeData.xml
TempestDisintegration	CUpgrade	mods/starcoop/starcoop.sc2mod/base.sc2data/gamedata/upgradedata.xml	C:\Users\22448\Downloads\重生虫心0.71汉化版（新）\reborn_workrepo\合作指挥官版起义狂潮\Mods\XM\XMAlarak.SC2Mod\Base.SC2Data\GameData\UpgradeData.xml
VanguardArmoredDamage	CUpgrade	mods/starcoop/starcoop.sc2mod/base.sc2data/gamedata/upgradedata.xml	C:\Users\22448\Downloads\重生虫心0.71汉化版（新）\reborn_workrepo\合作指挥官版起义狂潮\Mods\XM\XMAlarak.SC2Mod\Base.SC2Data\GameData\UpgradeData.xml
VoidColossusTaldarim	CUpgrade	mods/starcoop/starcoop.sc2mod/base.sc2data/gamedata/upgradedata.xml	C:\Users\22448\Downloads\重生虫心0.71汉化版（新）\reborn_workrepo\合作指挥官版起义狂潮\Mods\XM\XMAlarak.SC2Mod\Base.SC2Data\GameData\UpgradeData.xml
VoidHighTemplarMindBlast	CUpgrade	mods/starcoop/starcoop.sc2mod/base.sc2data/gamedata/upgradedata.xml	C:\Users\22448\Downloads\重生虫心0.71汉化版（新）\reborn_workrepo\合作指挥官版起义狂潮\Mods\XM\XMAlarak.SC2Mod\Base.SC2Data\GameData\UpgradeData.xml
VoidImmortalTaldarim	CUpgrade	mods/starcoop/starcoop.sc2mod/base.sc2data/gamedata/upgradedata.xml	C:\Users\22448\Downloads\重生虫心0.71汉化版（新）\reborn_workrepo\合作指挥官版起义狂潮\Mods\XM\XMAlarak.SC2Mod\Base.SC2Data\GameData\UpgradeData.xml
VoidPhoenixDoubleGraviton	CUpgrade	mods/starcoop/starcoop.sc2mod/base.sc2data/gamedata/upgradedata.xml	C:\Users\22448\Downloads\重生虫心0.71汉化版（新）\reborn_workrepo\合作指挥官版起义狂潮\Mods\XM\XMAlarak.SC2Mod\Base.SC2Data\GameData\UpgradeData.xml
VoidPylonRecall	CUpgrade	mods/starcoop/starcoop.sc2mod/base.sc2data/gamedata/upgradedata.xml	C:\Users\22448\Downloads\重生虫心0.71汉化版（新）\reborn_workrepo\合作指挥官版起义狂潮\Mods\XM\XMAlarak.SC2Mod\Base.SC2Data\GameData\UpgradeData.xml
VoidRayBeamCanCharge	CUpgrade	mods/starcoop/starcoop.sc2mod/base.sc2data/gamedata/upgradedata.xml	C:\Users\22448\Downloads\重生虫心0.71汉化版（新）\reborn_workrepo\合作指挥官版起义狂潮\Mods\XM\XMAlarak.SC2Mod\Base.SC2Data\GameData\UpgradeData.xml
VoidRayPrismaticRange	CUpgrade	mods/starcoop/starcoop.sc2mod/base.sc2data/gamedata/upgradedata.xml	C:\Users\22448\Downloads\重生虫心0.71汉化版（新）\reborn_workrepo\合作指挥官版起义狂潮\Mods\XM\XMAlarak.SC2Mod\Base.SC2Data\GameData\UpgradeData.xml
VoidVoidRayTaldarim	CUpgrade	mods/starcoop/starcoop.sc2mod/base.sc2data/gamedata/upgradedata.xml	C:\Users\22448\Downloads\重生虫心0.71汉化版（新）\reborn_workrepo\合作指挥官版起义狂潮\Mods\XM\XMAlarak.SC2Mod\Base.SC2Data\GameData\UpgradeData.xml
VorazunCommander	CUpgrade	mods/starcoop/starcoop.sc2mod/base.sc2data/gamedata/upgradedata.xml	C:\Users\22448\Downloads\重生虫心0.71汉化版（新）\reborn_workrepo\合作指挥官版起义狂潮\Mods\XM\XMAlarak.SC2Mod\Base.SC2Data\GameData\UpgradeData.xml
WorshipAlarak	CUpgrade	mods/starcoop/starcoop.sc2mod/base.sc2data/gamedata/upgradedata.xml	C:\Users\22448\Downloads\重生虫心0.71汉化版（新）\reborn_workrepo\合作指挥官版起义狂潮\Mods\XM\XMAlarak.SC2Mod\Base.SC2Data\GameData\UpgradeData.xml
ZagaraCommander	CUpgrade	mods/starcoop/starcoop.sc2mod/base.sc2data/gamedata/upgradedata.xml	C:\Users\22448\Downloads\重生虫心0.71汉化版（新）\reborn_workrepo\合作指挥官版起义狂潮\Mods\XM\XMAlarak.SC2Mod\Base.SC2Data\GameData\UpgradeData.xml
PlayerCommanders	CUser	mods/starcoop/starcoop.sc2mod/base.sc2data/gamedata/userdata.xml	C:\Users\22448\Downloads\重生虫心0.71汉化版（新）\reborn_workrepo\合作指挥官版起义狂潮\Mods\XM\XMAlarak.SC2Mod\Base.SC2Data\GameData\UserData.xml
PlayerPrestige	CUser	mods/starcoop/starcoop.sc2mod/base.sc2data/gamedata/userdata.xml	C:\Users\22448\Downloads\重生虫心0.71汉化版（新）\reborn_workrepo\合作指挥官版起义狂潮\Mods\XM\XMAlarak.SC2Mod\Base.SC2Data\GameData\UserData.xml
AlarakACDeadlyChargeMinDistance	CValidatorLocationCompareRange	mods/starcoop/starcoop.sc2mod/base.sc2data/gamedata/validatordata.xml	C:\Users\22448\Downloads\重生虫心0.71汉化版（新）\reborn_workrepo\合作指挥官版起义狂潮\Mods\XM\XMAlarak.SC2Mod\Base.SC2Data\GameData\ValidatorData.xml
AlarakCasterRecentlyDealtDamage	CValidatorUnitCompareDamageDealtTime	mods/starcoop/starcoop.sc2mod/base.sc2data/gamedata/validatordata.xml	C:\Users\22448\Downloads\重生虫心0.71汉化版（新）\reborn_workrepo\合作指挥官版起义狂潮\Mods\XM\XMAlarak.SC2Mod\Base.SC2Data\GameData\ValidatorData.xml
AlarakEmpowered	CValidatorPlayerRequirement	mods/starcoop/starcoop.sc2mod/base.sc2data/gamedata/validatordata.xml	C:\Users\22448\Downloads\重生虫心0.71汉化版（新）\reborn_workrepo\合作指挥官版起义狂潮\Mods\XM\XMAlarak.SC2Mod\Base.SC2Data\GameData\ValidatorData.xml
AlarakEmpoweredTooltip	CValidatorPlayerRequirement	mods/starcoop/starcoop.sc2mod/base.sc2data/gamedata/validatordata.xml	C:\Users\22448\Downloads\重生虫心0.71汉化版（新）\reborn_workrepo\合作指挥官版起义狂潮\Mods\XM\XMAlarak.SC2Mod\Base.SC2Data\GameData\ValidatorData.xml
AlarakInDashRange	CValidatorUnitCompareOrderTargetRange	mods/starcoop/starcoop.sc2mod/base.sc2data/gamedata/validatordata.xml	C:\Users\22448\Downloads\重生虫心0.71汉化版（新）\reborn_workrepo\合作指挥官版起义狂潮\Mods\XM\XMAlarak.SC2Mod\Base.SC2Data\GameData\ValidatorData.xml
AlarakInDashRangeMax	CValidatorUnitCompareOrderTargetRange	mods/starcoop/starcoop.sc2mod/base.sc2data/gamedata/validatordata.xml	C:\Users\22448\Downloads\重生虫心0.71汉化版（新）\reborn_workrepo\合作指挥官版起义狂潮\Mods\XM\XMAlarak.SC2Mod\Base.SC2Data\GameData\ValidatorData.xml
AlarakNotEmpowered	CValidatorPlayerRequirement	mods/starcoop/starcoop.sc2mod/base.sc2data/gamedata/validatordata.xml	C:\Users\22448\Downloads\重生虫心0.71汉化版（新）\reborn_workrepo\合作指挥官版起义狂潮\Mods\XM\XMAlarak.SC2Mod\Base.SC2Data\GameData\ValidatorData.xml
AlarakNotEmpoweredTooltip	CValidatorPlayerRequirement	mods/starcoop/starcoop.sc2mod/base.sc2data/gamedata/validatordata.xml	C:\Users\22448\Downloads\重生虫心0.71汉化版（新）\reborn_workrepo\合作指挥官版起义狂潮\Mods\XM\XMAlarak.SC2Mod\Base.SC2Data\GameData\ValidatorData.xml
AlarakStructureOverchargePriority1	CValidatorCombine	mods/starcoop/starcoop.sc2mod/base.sc2data/gamedata/validatordata.xml	C:\Users\22448\Downloads\重生虫心0.71汉化版（新）\reborn_workrepo\合作指挥官版起义狂潮\Mods\XM\XMAlarak.SC2Mod\Base.SC2Data\GameData\ValidatorData.xml
AlarakStructureOverchargePriority1Upgrade1	CValidatorCombine	mods/starcoop/starcoop.sc2mod/base.sc2data/gamedata/validatordata.xml	C:\Users\22448\Downloads\重生虫心0.71汉化版（新）\reborn_workrepo\合作指挥官版起义狂潮\Mods\XM\XMAlarak.SC2Mod\Base.SC2Data\GameData\ValidatorData.xml
AlarakStructureOverchargePriority1Upgrade2	CValidatorCombine	mods/starcoop/starcoop.sc2mod/base.sc2data/gamedata/validatordata.xml	C:\Users\22448\Downloads\重生虫心0.71汉化版（新）\reborn_workrepo\合作指挥官版起义狂潮\Mods\XM\XMAlarak.SC2Mod\Base.SC2Data\GameData\ValidatorData.xml
AlarakStructureOverchargePriority1Upgrade3	CValidatorCombine	mods/starcoop/starcoop.sc2mod/base.sc2data/gamedata/validatordata.xml	C:\Users\22448\Downloads\重生虫心0.71汉化版（新）\reborn_workrepo\合作指挥官版起义狂潮\Mods\XM\XMAlarak.SC2Mod\Base.SC2Data\GameData\ValidatorData.xml
AlarakStructureOverchargePriority2	CValidatorCombine	mods/starcoop/starcoop.sc2mod/base.sc2data/gamedata/validatordata.xml	C:\Users\22448\Downloads\重生虫心0.71汉化版（新）\reborn_workrepo\合作指挥官版起义狂潮\Mods\XM\XMAlarak.SC2Mod\Base.SC2Data\GameData\ValidatorData.xml
AlarakStructureOverchargePriority2Upgrade1	CValidatorCombine	mods/starcoop/starcoop.sc2mod/base.sc2data/gamedata/validatordata.xml	C:\Users\22448\Downloads\重生虫心0.71汉化版（新）\reborn_workrepo\合作指挥官版起义狂潮\Mods\XM\XMAlarak.SC2Mod\Base.SC2Data\GameData\ValidatorData.xml
AlarakStructureOverchargePriority2Upgrade2	CValidatorCombine	mods/starcoop/starcoop.sc2mod/base.sc2data/gamedata/validatordata.xml	C:\Users\22448\Downloads\重生虫心0.71汉化版（新）\reborn_workrepo\合作指挥官版起义狂潮\Mods\XM\XMAlarak.SC2Mod\Base.SC2Data\GameData\ValidatorData.xml
AlarakStructureOverchargePriority2Upgrade3	CValidatorCombine	mods/starcoop/starcoop.sc2mod/base.sc2data/gamedata/validatordata.xml	C:\Users\22448\Downloads\重生虫心0.71汉化版（新）\reborn_workrepo\合作指挥官版起义狂潮\Mods\XM\XMAlarak.SC2Mod\Base.SC2Data\GameData\ValidatorData.xml
AlarakStructureOverchargePriority3	CValidatorCombine	mods/starcoop/starcoop.sc2mod/base.sc2data/gamedata/validatordata.xml	C:\Users\22448\Downloads\重生虫心0.71汉化版（新）\reborn_workrepo\合作指挥官版起义狂潮\Mods\XM\XMAlarak.SC2Mod\Base.SC2Data\GameData\ValidatorData.xml
AlarakStructureOverchargePriority3Upgrade1	CValidatorCombine	mods/starcoop/starcoop.sc2mod/base.sc2data/gamedata/validatordata.xml	C:\Users\22448\Downloads\重生虫心0.71汉化版（新）\reborn_workrepo\合作指挥官版起义狂潮\Mods\XM\XMAlarak.SC2Mod\Base.SC2Data\GameData\ValidatorData.xml
AlarakStructureOverchargePriority3Upgrade2	CValidatorCombine	mods/starcoop/starcoop.sc2mod/base.sc2data/gamedata/validatordata.xml	C:\Users\22448\Downloads\重生虫心0.71汉化版（新）\reborn_workrepo\合作指挥官版起义狂潮\Mods\XM\XMAlarak.SC2Mod\Base.SC2Data\GameData\ValidatorData.xml
AlarakStructureOverchargePriority3Upgrade3	CValidatorCombine	mods/starcoop/starcoop.sc2mod/base.sc2data/gamedata/validatordata.xml	C:\Users\22448\Downloads\重生虫心0.71汉化版（新）\reborn_workrepo\合作指挥官版起义狂潮\Mods\XM\XMAlarak.SC2Mod\Base.SC2Data\GameData\ValidatorData.xml
AlarakStructureOverchargePriority4	CValidatorCombine	mods/starcoop/starcoop.sc2mod/base.sc2data/gamedata/validatordata.xml	C:\Users\22448\Downloads\重生虫心0.71汉化版（新）\reborn_workrepo\合作指挥官版起义狂潮\Mods\XM\XMAlarak.SC2Mod\Base.SC2Data\GameData\ValidatorData.xml
AlarakStructureOverchargePriority4Upgrade1	CValidatorCombine	mods/starcoop/starcoop.sc2mod/base.sc2data/gamedata/validatordata.xml	C:\Users\22448\Downloads\重生虫心0.71汉化版（新）\reborn_workrepo\合作指挥官版起义狂潮\Mods\XM\XMAlarak.SC2Mod\Base.SC2Data\GameData\ValidatorData.xml
AlarakStructureOverchargePriority4Upgrade2	CValidatorCombine	mods/starcoop/starcoop.sc2mod/base.sc2data/gamedata/validatordata.xml	C:\Users\22448\Downloads\重生虫心0.71汉化版（新）\reborn_workrepo\合作指挥官版起义狂潮\Mods\XM\XMAlarak.SC2Mod\Base.SC2Data\GameData\ValidatorData.xml
AlarakStructureOverchargePriority4Upgrade3	CValidatorCombine	mods/starcoop/starcoop.sc2mod/base.sc2data/gamedata/validatordata.xml	C:\Users\22448\Downloads\重生虫心0.71汉化版（新）\reborn_workrepo\合作指挥官版起义狂潮\Mods\XM\XMAlarak.SC2Mod\Base.SC2Data\GameData\ValidatorData.xml
AlarakStructureOverchargePriority5	CValidatorCombine	mods/starcoop/starcoop.sc2mod/base.sc2data/gamedata/validatordata.xml	C:\Users\22448\Downloads\重生虫心0.71汉化版（新）\reborn_workrepo\合作指挥官版起义狂潮\Mods\XM\XMAlarak.SC2Mod\Base.SC2Data\GameData\ValidatorData.xml
AlarakStructureOverchargePriority6	CValidatorCombine	mods/starcoop/starcoop.sc2mod/base.sc2data/gamedata/validatordata.xml	C:\Users\22448\Downloads\重生虫心0.71汉化版（新）\reborn_workrepo\合作指挥官版起义狂潮\Mods\XM\XMAlarak.SC2Mod\Base.SC2Data\GameData\ValidatorData.xml
AlarakSupplicantSacrificeCDR	CValidatorPlayerRequirement	mods/starcoop/starcoop.sc2mod/base.sc2data/gamedata/validatordata.xml	C:\Users\22448\Downloads\重生虫心0.71汉化版（新）\reborn_workrepo\合作指挥官版起义狂潮\Mods\XM\XMAlarak.SC2Mod\Base.SC2Data\GameData\ValidatorData.xml
AlarakTheStrongestSurviveDeathPreventValidator	CValidatorLocationEnumArea	mods/starcoop/starcoop.sc2mod/base.sc2data/gamedata/validatordata.xml	C:\Users\22448\Downloads\重生虫心0.71汉化版（新）\reborn_workrepo\合作指挥官版起义狂潮\Mods\XM\XMAlarak.SC2Mod\Base.SC2Data\GameData\ValidatorData.xml
AlarakTheStrongestSurviveSupplicantSacrificeDamageBehaviorCount	CValidatorUnitCompareBehaviorCount	mods/starcoop/starcoop.sc2mod/base.sc2data/gamedata/validatordata.xml	C:\Users\22448\Downloads\重生虫心0.71汉化版（新）\reborn_workrepo\合作指挥官版起义狂潮\Mods\XM\XMAlarak.SC2Mod\Base.SC2Data\GameData\ValidatorData.xml
AlarakTheStrongestSurviveSupplicantSacrificeDamagePlayerRequirement	CValidatorPlayerRequirement	mods/starcoop/starcoop.sc2mod/base.sc2data/gamedata/validatordata.xml	C:\Users\22448\Downloads\重生虫心0.71汉化版（新）\reborn_workrepo\合作指挥官版起义狂潮\Mods\XM\XMAlarak.SC2Mod\Base.SC2Data\GameData\ValidatorData.xml
AlarakTheStrongestSurviveValidator	CValidatorUnitCompareVital	mods/starcoop/starcoop.sc2mod/base.sc2data/gamedata/validatordata.xml	C:\Users\22448\Downloads\重生虫心0.71汉化版（新）\reborn_workrepo\合作指挥官版起义狂潮\Mods\XM\XMAlarak.SC2Mod\Base.SC2Data\GameData\ValidatorData.xml
AscendantSacrificeCasterEnergyLE100	CValidatorUnitCompareVital	mods/starcoop/starcoop.sc2mod/base.sc2data/gamedata/validatordata.xml	C:\Users\22448\Downloads\重生虫心0.71汉化版（新）\reborn_workrepo\合作指挥官版起义狂潮\Mods\XM\XMAlarak.SC2Mod\Base.SC2Data\GameData\ValidatorData.xml
CasterLocationHasPower	CValidatorLocationComparePower	mods/starcoop/starcoop.sc2mod/base.sc2data/gamedata/validatordata.xml	C:\Users\22448\Downloads\重生虫心0.71汉化版（新）\reborn_workrepo\合作指挥官版起义狂潮\Mods\XM\XMAlarak.SC2Mod\Base.SC2Data\GameData\ValidatorData.xml
CommanderPrestigeAbathurBiomass	CValidatorPlayerRequirement	mods/starcoop/starcoop.sc2mod/base.sc2data/gamedata/validatordata.xml	C:\Users\22448\Downloads\重生虫心0.71汉化版（新）\reborn_workrepo\合作指挥官版起义狂潮\Mods\XM\XMAlarak.SC2Mod\Base.SC2Data\GameData\ValidatorData.xml
CommanderPrestigeAlarakDeathFleet	CValidatorPlayerRequirement	mods/starcoop/starcoop.sc2mod/base.sc2data/gamedata/validatordata.xml	C:\Users\22448\Downloads\重生虫心0.71汉化版（新）\reborn_workrepo\合作指挥官版起义狂潮\Mods\XM\XMAlarak.SC2Mod\Base.SC2Data\GameData\ValidatorData.xml
CommanderPrestigeAlarakEmpowerMe	CValidatorPlayerRequirement	mods/starcoop/starcoop.sc2mod/base.sc2data/gamedata/validatordata.xml	C:\Users\22448\Downloads\重生虫心0.71汉化版（新）\reborn_workrepo\合作指挥官版起义狂潮\Mods\XM\XMAlarak.SC2Mod\Base.SC2Data\GameData\ValidatorData.xml
CommanderPrestigeAlarakMechBuffNotMaxed	CValidatorUnitCompareBehaviorCount	mods/starcoop/starcoop.sc2mod/base.sc2data/gamedata/validatordata.xml	C:\Users\22448\Downloads\重生虫心0.71汉化版（新）\reborn_workrepo\合作指挥官版起义狂潮\Mods\XM\XMAlarak.SC2Mod\Base.SC2Data\GameData\ValidatorData.xml
CommanderPrestigeArtanisCombatAbilities	CValidatorPlayerRequirement	mods/starcoop/starcoop.sc2mod/base.sc2data/gamedata/validatordata.xml	C:\Users\22448\Downloads\重生虫心0.71汉化版（新）\reborn_workrepo\合作指挥官版起义狂潮\Mods\XM\XMAlarak.SC2Mod\Base.SC2Data\GameData\ValidatorData.xml
CommanderPrestigeArtanisOrbitalStrikes	CValidatorPlayerRequirement	mods/starcoop/starcoop.sc2mod/base.sc2data/gamedata/validatordata.xml	C:\Users\22448\Downloads\重生虫心0.71汉化版（新）\reborn_workrepo\合作指挥官版起义狂潮\Mods\XM\XMAlarak.SC2Mod\Base.SC2Data\GameData\ValidatorData.xml
CommanderPrestigeArtanisPowerField	CValidatorPlayerRequirement	mods/starcoop/starcoop.sc2mod/base.sc2data/gamedata/validatordata.xml	C:\Users\22448\Downloads\重生虫心0.71汉化版（新）\reborn_workrepo\合作指挥官版起义狂潮\Mods\XM\XMAlarak.SC2Mod\Base.SC2Data\GameData\ValidatorData.xml
CommanderPrestigeDehakaDevour	CValidatorPlayerRequirement	mods/starcoop/starcoop.sc2mod/base.sc2data/gamedata/validatordata.xml	C:\Users\22448\Downloads\重生虫心0.71汉化版（新）\reborn_workrepo\合作指挥官版起义狂潮\Mods\XM\XMAlarak.SC2Mod\Base.SC2Data\GameData\ValidatorData.xml
CommanderPrestigeDehakaPackLeaders	CValidatorPlayerRequirement	mods/starcoop/starcoop.sc2mod/base.sc2data/gamedata/validatordata.xml	C:\Users\22448\Downloads\重生虫心0.71汉化版（新）\reborn_workrepo\合作指挥官版起义狂潮\Mods\XM\XMAlarak.SC2Mod\Base.SC2Data\GameData\ValidatorData.xml
CommanderPrestigeFenixSuitSwap	CValidatorPlayerRequirement	mods/starcoop/starcoop.sc2mod/base.sc2data/gamedata/validatordata.xml	C:\Users\22448\Downloads\重生虫心0.71汉化版（新）\reborn_workrepo\合作指挥官版起义狂潮\Mods\XM\XMAlarak.SC2Mod\Base.SC2Data\GameData\ValidatorData.xml
CommanderPrestigeHornerMagMines	CValidatorPlayerRequirement	mods/starcoop/starcoop.sc2mod/base.sc2data/gamedata/validatordata.xml	C:\Users\22448\Downloads\重生虫心0.71汉化版（新）\reborn_workrepo\合作指挥官版起义狂潮\Mods\XM\XMAlarak.SC2Mod\Base.SC2Data\GameData\ValidatorData.xml
CommanderPrestigeKaraxStructures	CValidatorPlayerRequirement	mods/starcoop/starcoop.sc2mod/base.sc2data/gamedata/validatordata.xml	C:\Users\22448\Downloads\重生虫心0.71汉化版（新）\reborn_workrepo\合作指挥官版起义狂潮\Mods\XM\XMAlarak.SC2Mod\Base.SC2Data\GameData\ValidatorData.xml
CommanderPrestigeKerriganAbilities	CValidatorPlayerRequirement	mods/starcoop/starcoop.sc2mod/base.sc2data/gamedata/validatordata.xml	C:\Users\22448\Downloads\重生虫心0.71汉化版（新）\reborn_workrepo\合作指挥官版起义狂潮\Mods\XM\XMAlarak.SC2Mod\Base.SC2Data\GameData\ValidatorData.xml
CommanderPrestigeKerriganAssimilationAura	CValidatorPlayerRequirement	mods/starcoop/starcoop.sc2mod/base.sc2data/gamedata/validatordata.xml	C:\Users\22448\Downloads\重生虫心0.71汉化版（新）\reborn_workrepo\合作指挥官版起义狂潮\Mods\XM\XMAlarak.SC2Mod\Base.SC2Data\GameData\ValidatorData.xml
CommanderPrestigeNovaSuperCloak	CValidatorPlayerRequirement	mods/starcoop/starcoop.sc2mod/base.sc2data/gamedata/validatordata.xml	C:\Users\22448\Downloads\重生虫心0.71汉化版（新）\reborn_workrepo\合作指挥官版起义狂潮\Mods\XM\XMAlarak.SC2Mod\Base.SC2Data\GameData\ValidatorData.xml
CommanderPrestigeRaynorAir	CValidatorPlayerRequirement	mods/starcoop/starcoop.sc2mod/base.sc2data/gamedata/validatordata.xml	C:\Users\22448\Downloads\重生虫心0.71汉化版（新）\reborn_workrepo\合作指挥官版起义狂潮\Mods\XM\XMAlarak.SC2Mod\Base.SC2Data\GameData\ValidatorData.xml
CommanderPrestigeRaynorMechAfterburners	CValidatorPlayerRequirement	mods/starcoop/starcoop.sc2mod/base.sc2data/gamedata/validatordata.xml	C:\Users\22448\Downloads\重生虫心0.71汉化版（新）\reborn_workrepo\合作指挥官版起义狂潮\Mods\XM\XMAlarak.SC2Mod\Base.SC2Data\GameData\ValidatorData.xml
CommanderPrestigeStukovBunkers	CValidatorPlayerRequirement	mods/starcoop/starcoop.sc2mod/base.sc2data/gamedata/validatordata.xml	C:\Users\22448\Downloads\重生虫心0.71汉化版（新）\reborn_workrepo\合作指挥官版起义狂潮\Mods\XM\XMAlarak.SC2Mod\Base.SC2Data\GameData\ValidatorData.xml
CommanderPrestigeSwannDrill	CValidatorPlayerRequirement	mods/starcoop/starcoop.sc2mod/base.sc2data/gamedata/validatordata.xml	C:\Users\22448\Downloads\重生虫心0.71汉化版（新）\reborn_workrepo\合作指挥官版起义狂潮\Mods\XM\XMAlarak.SC2Mod\Base.SC2Data\GameData\ValidatorData.xml
CommanderPrestigeSwannHercules	CValidatorPlayerRequirement	mods/starcoop/starcoop.sc2mod/base.sc2data/gamedata/validatordata.xml	C:\Users\22448\Downloads\重生虫心0.71汉化版（新）\reborn_workrepo\合作指挥官版起义狂潮\Mods\XM\XMAlarak.SC2Mod\Base.SC2Data\GameData\ValidatorData.xml
CommanderPrestigeTychusLoneWolf	CValidatorLocationEnumArea	mods/starcoop/starcoop.sc2mod/base.sc2data/gamedata/validatordata.xml	C:\Users\22448\Downloads\重生虫心0.71汉化版（新）\reborn_workrepo\合作指挥官版起义狂潮\Mods\XM\XMAlarak.SC2Mod\Base.SC2Data\GameData\ValidatorData.xml
CommanderPrestigeTychusOdin	CValidatorPlayerRequirement	mods/starcoop/starcoop.sc2mod/base.sc2data/gamedata/validatordata.xml	C:\Users\22448\Downloads\重生虫心0.71汉化版（新）\reborn_workrepo\合作指挥官版起义狂潮\Mods\XM\XMAlarak.SC2Mod\Base.SC2Data\GameData\ValidatorData.xml
CommanderPrestigeVorazunEmergencyRecall	CValidatorPlayerRequirement	mods/starcoop/starcoop.sc2mod/base.sc2data/gamedata/validatordata.xml	C:\Users\22448\Downloads\重生虫心0.71汉化版（新）\reborn_workrepo\合作指挥官版起义狂潮\Mods\XM\XMAlarak.SC2Mod\Base.SC2Data\GameData\ValidatorData.xml
CommanderPrestigeVorazunStasis	CValidatorPlayerRequirement	mods/starcoop/starcoop.sc2mod/base.sc2data/gamedata/validatordata.xml	C:\Users\22448\Downloads\重生虫心0.71汉化版（新）\reborn_workrepo\合作指挥官版起义狂潮\Mods\XM\XMAlarak.SC2Mod\Base.SC2Data\GameData\ValidatorData.xml
CommanderPrestigeVorazunTimeStop	CValidatorPlayerRequirement	mods/starcoop/starcoop.sc2mod/base.sc2data/gamedata/validatordata.xml	C:\Users\22448\Downloads\重生虫心0.71汉化版（新）\reborn_workrepo\合作指挥官版起义狂潮\Mods\XM\XMAlarak.SC2Mod\Base.SC2Data\GameData\ValidatorData.xml
CommanderPrestigeZagaraCorruptorsAberrations	CValidatorPlayerRequirement	mods/starcoop/starcoop.sc2mod/base.sc2data/gamedata/validatordata.xml	C:\Users\22448\Downloads\重生虫心0.71汉化版（新）\reborn_workrepo\合作指挥官版起义狂潮\Mods\XM\XMAlarak.SC2Mod\Base.SC2Data\GameData\ValidatorData.xml
CommanderPrestigeZagaraMaxSupply	CValidatorPlayerRequirement	mods/starcoop/starcoop.sc2mod/base.sc2data/gamedata/validatordata.xml	C:\Users\22448\Downloads\重生虫心0.71汉化版（新）\reborn_workrepo\合作指挥官版起义狂潮\Mods\XM\XMAlarak.SC2Mod\Base.SC2Data\GameData\ValidatorData.xml
CommanderPrestigeZagaraZagara	CValidatorPlayerRequirement	mods/starcoop/starcoop.sc2mod/base.sc2data/gamedata/validatordata.xml	C:\Users\22448\Downloads\重生虫心0.71汉化版（新）\reborn_workrepo\合作指挥官版起义狂潮\Mods\XM\XMAlarak.SC2Mod\Base.SC2Data\GameData\ValidatorData.xml
CommanderPrestigeZeratulArtifactFragments	CValidatorPlayerRequirement	mods/starcoop/starcoop.sc2mod/base.sc2data/gamedata/validatordata.xml	C:\Users\22448\Downloads\重生虫心0.71汉化版（新）\reborn_workrepo\合作指挥官版起义狂潮\Mods\XM\XMAlarak.SC2Mod\Base.SC2Data\GameData\ValidatorData.xml
CommanderPrestigeZeratulTornadoes	CValidatorPlayerRequirement	mods/starcoop/starcoop.sc2mod/base.sc2data/gamedata/validatordata.xml	C:\Users\22448\Downloads\重生虫心0.71汉化版（新）\reborn_workrepo\合作指挥官版起义狂潮\Mods\XM\XMAlarak.SC2Mod\Base.SC2Data\GameData\ValidatorData.xml
ConservatorProtectiveFieldRangeCheck	CValidatorUnitCompareOrderTargetRange	mods/starcoop/starcoop.sc2mod/base.sc2data/gamedata/validatordata.xml	C:\Users\22448\Downloads\重生虫心0.71汉化版（新）\reborn_workrepo\合作指挥官版起义狂潮\Mods\XM\XMAlarak.SC2Mod\Base.SC2Data\GameData\ValidatorData.xml
CoopAlarakSacrificeInRange	CValidatorLocationEnumArea	mods/starcoop/starcoop.sc2mod/base.sc2data/gamedata/validatordata.xml	C:\Users\22448\Downloads\重生虫心0.71汉化版（新）\reborn_workrepo\合作指挥官版起义狂潮\Mods\XM\XMAlarak.SC2Mod\Base.SC2Data\GameData\ValidatorData.xml
DoesNotHaveSOAMapWideChronoPassiveTarget	CValidatorUnitCompareBehaviorCount	mods/starcoop/starcoop.sc2mod/base.sc2data/gamedata/validatordata.xml	C:\Users\22448\Downloads\重生虫心0.71汉化版（新）\reborn_workrepo\合作指挥官版起义狂潮\Mods\XM\XMAlarak.SC2Mod\Base.SC2Data\GameData\ValidatorData.xml
EmpowerValidator	CValidatorCombine	mods/starcoop/starcoop.sc2mod/base.sc2data/gamedata/validatordata.xml	C:\Users\22448\Downloads\重生虫心0.71汉化版（新）\reborn_workrepo\合作指挥官版起义狂潮\Mods\XM\XMAlarak.SC2Mod\Base.SC2Data\GameData\ValidatorData.xml
Fenix_ThunderousChargeRangeCheck	CValidatorUnitCompareOrderTargetRange	mods/starcoop/starcoop.sc2mod/base.sc2data/gamedata/validatordata.xml	C:\Users\22448\Downloads\重生虫心0.71汉化版（新）\reborn_workrepo\合作指挥官版起义狂潮\Mods\XM\XMAlarak.SC2Mod\Base.SC2Data\GameData\ValidatorData.xml
FenixClolarionChargeBeamPhase1	CValidatorCombine	mods/starcoop/starcoop.sc2mod/base.sc2data/gamedata/validatordata.xml	C:\Users\22448\Downloads\重生虫心0.71汉化版（新）\reborn_workrepo\合作指挥官版起义狂潮\Mods\XM\XMAlarak.SC2Mod\Base.SC2Data\GameData\ValidatorData.xml
FenixClolarionChargeBeamPhase2	CValidatorUnitCompareBehaviorCount	mods/starcoop/starcoop.sc2mod/base.sc2data/gamedata/validatordata.xml	C:\Users\22448\Downloads\重生虫心0.71汉化版（新）\reborn_workrepo\合作指挥官版起义狂潮\Mods\XM\XMAlarak.SC2Mod\Base.SC2Data\GameData\ValidatorData.xml
FenixClolarionChargeBeamPhase3	CValidatorUnitCompareBehaviorCount	mods/starcoop/starcoop.sc2mod/base.sc2data/gamedata/validatordata.xml	C:\Users\22448\Downloads\重生虫心0.71汉化版（新）\reborn_workrepo\合作指挥官版起义狂潮\Mods\XM\XMAlarak.SC2Mod\Base.SC2Data\GameData\ValidatorData.xml
FenixKaldalisZealot	CValidatorUnitType	mods/starcoop/starcoop.sc2mod/base.sc2data/gamedata/validatordata.xml	C:\Users\22448\Downloads\重生虫心0.71汉化版（新）\reborn_workrepo\合作指挥官版起义狂潮\Mods\XM\XMAlarak.SC2Mod\Base.SC2Data\GameData\ValidatorData.xml
FenixMojoScout	CValidatorUnitType	mods/starcoop/starcoop.sc2mod/base.sc2data/gamedata/validatordata.xml	C:\Users\22448\Downloads\重生虫心0.71汉化版（新）\reborn_workrepo\合作指挥官版起义狂潮\Mods\XM\XMAlarak.SC2Mod\Base.SC2Data\GameData\ValidatorData.xml
FenixTalisAdept	CValidatorUnitType	mods/starcoop/starcoop.sc2mod/base.sc2data/gamedata/validatordata.xml	C:\Users\22448\Downloads\重生虫心0.71汉化版（新）\reborn_workrepo\合作指挥官版起义狂潮\Mods\XM\XMAlarak.SC2Mod\Base.SC2Data\GameData\ValidatorData.xml
HaveAbathurVirulentNest	CValidatorPlayerRequirement	mods/starcoop/starcoop.sc2mod/base.sc2data/gamedata/validatordata.xml	C:\Users\22448\Downloads\重生虫心0.71汉化版（新）\reborn_workrepo\合作指挥官版起义狂潮\Mods\XM\XMAlarak.SC2Mod\Base.SC2Data\GameData\ValidatorData.xml
HaveAlarakAreaDamageUpgrade	CValidatorPlayerRequirement	mods/starcoop/starcoop.sc2mod/base.sc2data/gamedata/validatordata.xml	C:\Users\22448\Downloads\重生虫心0.71汉化版（新）\reborn_workrepo\合作指挥官版起义狂潮\Mods\XM\XMAlarak.SC2Mod\Base.SC2Data\GameData\ValidatorData.xml
HaveAlarakAttackStunUpgrade	CValidatorPlayerRequirement	mods/starcoop/starcoop.sc2mod/base.sc2data/gamedata/validatordata.xml	C:\Users\22448\Downloads\重生虫心0.71汉化版（新）\reborn_workrepo\合作指挥官版起义狂潮\Mods\XM\XMAlarak.SC2Mod\Base.SC2Data\GameData\ValidatorData.xml
HaveAlarakDestructionWaveDistance	CValidatorPlayerRequirement	mods/starcoop/starcoop.sc2mod/base.sc2data/gamedata/validatordata.xml	C:\Users\22448\Downloads\重生虫心0.71汉化版（新）\reborn_workrepo\合作指挥官版起义狂潮\Mods\XM\XMAlarak.SC2Mod\Base.SC2Data\GameData\ValidatorData.xml
HaveAlarakEmpowerCaster	CValidatorUnitCompareBehaviorCount	mods/starcoop/starcoop.sc2mod/base.sc2data/gamedata/validatordata.xml	C:\Users\22448\Downloads\重生虫心0.71汉化版（新）\reborn_workrepo\合作指挥官版起义狂潮\Mods\XM\XMAlarak.SC2Mod\Base.SC2Data\GameData\ValidatorData.xml
HaveAlarakEmpoweredCasterAndHaveAlarakAreaDamageUpgrade	CValidatorCombine	mods/starcoop/starcoop.sc2mod/base.sc2data/gamedata/validatordata.xml	C:\Users\22448\Downloads\重生虫心0.71汉化版（新）\reborn_workrepo\合作指挥官版起义狂潮\Mods\XM\XMAlarak.SC2Mod\Base.SC2Data\GameData\ValidatorData.xml
HaveAlarakEmpoweredCasterAndHaveAlarakAreaDamageUpgradeAndHaveAlarakAttackStunUpgrade	CValidatorCombine	mods/starcoop/starcoop.sc2mod/base.sc2data/gamedata/validatordata.xml	C:\Users\22448\Downloads\重生虫心0.71汉化版（新）\reborn_workrepo\合作指挥官版起义狂潮\Mods\XM\XMAlarak.SC2Mod\Base.SC2Data\GameData\ValidatorData.xml
HaveAlarakEmpoweredCasterAndHaveAlarakAttackStunUpgrade	CValidatorCombine	mods/starcoop/starcoop.sc2mod/base.sc2data/gamedata/validatordata.xml	C:\Users\22448\Downloads\重生虫心0.71汉化版（新）\reborn_workrepo\合作指挥官版起义狂潮\Mods\XM\XMAlarak.SC2Mod\Base.SC2Data\GameData\ValidatorData.xml
HaveAlarakImprovedOvercharge	CValidatorPlayerRequirement	mods/starcoop/starcoop.sc2mod/base.sc2data/gamedata/validatordata.xml	C:\Users\22448\Downloads\重生虫心0.71汉化版（新）\reborn_workrepo\合作指挥官版起义狂潮\Mods\XM\XMAlarak.SC2Mod\Base.SC2Data\GameData\ValidatorData.xml
HaveAlarakLightningStrikes	CValidatorPlayerRequirement	mods/starcoop/starcoop.sc2mod/base.sc2data/gamedata/validatordata.xml	C:\Users\22448\Downloads\重生虫心0.71汉化版（新）\reborn_workrepo\合作指挥官版起义狂潮\Mods\XM\XMAlarak.SC2Mod\Base.SC2Data\GameData\ValidatorData.xml
HaveAlarakLightningStrikesBehavior	CValidatorUnitCompareBehaviorCount	mods/starcoop/starcoop.sc2mod/base.sc2data/gamedata/validatordata.xml	C:\Users\22448\Downloads\重生虫心0.71汉化版（新）\reborn_workrepo\合作指挥官版起义狂潮\Mods\XM\XMAlarak.SC2Mod\Base.SC2Data\GameData\ValidatorData.xml
HaveAlarakNotEmpoweredCasterAndHaveAlarakAttackStunUpgrade	CValidatorCombine	mods/starcoop/starcoop.sc2mod/base.sc2data/gamedata/validatordata.xml	C:\Users\22448\Downloads\重生虫心0.71汉化版（新）\reborn_workrepo\合作指挥官版起义狂潮\Mods\XM\XMAlarak.SC2Mod\Base.SC2Data\GameData\ValidatorData.xml
HaveAlarakStalkerForceBlast	CValidatorPlayerRequirement	mods/starcoop/starcoop.sc2mod/base.sc2data/gamedata/validatordata.xml	C:\Users\22448\Downloads\重生虫心0.71汉化版（新）\reborn_workrepo\合作指挥官版起义狂潮\Mods\XM\XMAlarak.SC2Mod\Base.SC2Data\GameData\ValidatorData.xml
HaveAlarakStalkerPhasingArmor	CValidatorPlayerRequirement	mods/starcoop/starcoop.sc2mod/base.sc2data/gamedata/validatordata.xml	C:\Users\22448\Downloads\重生虫心0.71汉化版（新）\reborn_workrepo\合作指挥官版起义狂潮\Mods\XM\XMAlarak.SC2Mod\Base.SC2Data\GameData\ValidatorData.xml
HaveAlarakVanguardIncreaseSplashArea	CValidatorPlayerRequirement	mods/starcoop/starcoop.sc2mod/base.sc2data/gamedata/validatordata.xml	C:\Users\22448\Downloads\重生虫心0.71汉化版（新）\reborn_workrepo\合作指挥官版起义狂潮\Mods\XM\XMAlarak.SC2Mod\Base.SC2Data\GameData\ValidatorData.xml
HaveAlarakZealotFrenziedOverload	CValidatorPlayerRequirement	mods/starcoop/starcoop.sc2mod/base.sc2data/gamedata/validatordata.xml	C:\Users\22448\Downloads\重生虫心0.71汉化版（新）\reborn_workrepo\合作指挥官版起义狂潮\Mods\XM\XMAlarak.SC2Mod\Base.SC2Data\GameData\ValidatorData.xml
HaveAlarakZealotFrenziedOverloadBehavior	CValidatorUnitCompareBehaviorCount	mods/starcoop/starcoop.sc2mod/base.sc2data/gamedata/validatordata.xml	C:\Users\22448\Downloads\重生虫心0.71汉化版（新）\reborn_workrepo\合作指挥官版起义狂潮\Mods\XM\XMAlarak.SC2Mod\Base.SC2Data\GameData\ValidatorData.xml
HaveCarrierRepairDrones	CValidatorPlayerRequirement	mods/starcoop/starcoop.sc2mod/base.sc2data/gamedata/validatordata.xml	C:\Users\22448\Downloads\重生虫心0.71汉化版（新）\reborn_workrepo\合作指挥官版起义狂潮\Mods\XM\XMAlarak.SC2Mod\Base.SC2Data\GameData\ValidatorData.xml
HaveConjoinedTrainCar	CValidatorUnitCompareBehaviorCount	mods/starcoop/starcoop.sc2mod/base.sc2data/gamedata/validatordata.xml	C:\Users\22448\Downloads\重生虫心0.71汉化版（新）\reborn_workrepo\合作指挥官版起义狂潮\Mods\XM\XMAlarak.SC2Mod\Base.SC2Data\GameData\ValidatorData.xml
HaveCoopArtanisUpgrade	CValidatorPlayerRequirement	mods/starcoop/starcoop.sc2mod/base.sc2data/gamedata/validatordata.xml	C:\Users\22448\Downloads\重生虫心0.71汉化版（新）\reborn_workrepo\合作指挥官版起义狂潮\Mods\XM\XMAlarak.SC2Mod\Base.SC2Data\GameData\ValidatorData.xml
HaveCorsairPermanentCloak	CValidatorPlayerRequirement	mods/starcoop/starcoop.sc2mod/base.sc2data/gamedata/validatordata.xml	C:\Users\22448\Downloads\重生虫心0.71汉化版（新）\reborn_workrepo\合作指挥官版起义狂潮\Mods\XM\XMAlarak.SC2Mod\Base.SC2Data\GameData\ValidatorData.xml
HaveFenixKaldalisCleave	CValidatorPlayerRequirement	mods/starcoop/starcoop.sc2mod/base.sc2data/gamedata/validatordata.xml	C:\Users\22448\Downloads\重生虫心0.71汉化版（新）\reborn_workrepo\合作指挥官版起义狂潮\Mods\XM\XMAlarak.SC2Mod\Base.SC2Data\GameData\ValidatorData.xml
HaveGroundEnemiesNearby	CValidatorLocationEnumArea	mods/starcoop/starcoop.sc2mod/base.sc2data/gamedata/validatordata.xml	C:\Users\22448\Downloads\重生虫心0.71汉化版（新）\reborn_workrepo\合作指挥官版起义狂潮\Mods\XM\XMAlarak.SC2Mod\Base.SC2Data\GameData\ValidatorData.xml
HaveHavacPermanentCloak	CValidatorPlayerRequirement	mods/starcoop/starcoop.sc2mod/base.sc2data/gamedata/validatordata.xml	C:\Users\22448\Downloads\重生虫心0.71汉化版（新）\reborn_workrepo\合作指挥官版起义狂潮\Mods\XM\XMAlarak.SC2Mod\Base.SC2Data\GameData\ValidatorData.xml
HaveHighTemplarImprovedSacrifice	CValidatorPlayerRequirement	mods/starcoop/starcoop.sc2mod/base.sc2data/gamedata/validatordata.xml	C:\Users\22448\Downloads\重生虫心0.71汉化版（新）\reborn_workrepo\合作指挥官版起义狂潮\Mods\XM\XMAlarak.SC2Mod\Base.SC2Data\GameData\ValidatorData.xml
HaveKerriganRage	CValidatorCombine	mods/starcoop/starcoop.sc2mod/base.sc2data/gamedata/validatordata.xml	C:\Users\22448\Downloads\重生虫心0.71汉化版（新）\reborn_workrepo\合作指挥官版起义狂潮\Mods\XM\XMAlarak.SC2Mod\Base.SC2Data\GameData\ValidatorData.xml
HaveMasteryAlarakAttackDamage	CValidatorPlayerRequirement	mods/starcoop/starcoop.sc2mod/base.sc2data/gamedata/validatordata.xml	C:\Users\22448\Downloads\重生虫心0.71汉化版（新）\reborn_workrepo\合作指挥官版起义狂潮\Mods\XM\XMAlarak.SC2Mod\Base.SC2Data\GameData\ValidatorData.xml
HaveMasteryAlarakChronoBoostSpeed	CValidatorPlayerRequirement	mods/starcoop/starcoop.sc2mod/base.sc2data/gamedata/validatordata.xml	C:\Users\22448\Downloads\重生虫心0.71汉化版（新）\reborn_workrepo\合作指挥官版起义狂潮\Mods\XM\XMAlarak.SC2Mod\Base.SC2Data\GameData\ValidatorData.xml
HaveMasteryAlarakDeathfleetCooldown	CValidatorPlayerRequirement	mods/starcoop/starcoop.sc2mod/base.sc2data/gamedata/validatordata.xml	C:\Users\22448\Downloads\重生虫心0.71汉化版（新）\reborn_workrepo\合作指挥官版起义狂潮\Mods\XM\XMAlarak.SC2Mod\Base.SC2Data\GameData\ValidatorData.xml
HaveMasteryAlarakEmpowerMeDuration	CValidatorPlayerRequirement	mods/starcoop/starcoop.sc2mod/base.sc2data/gamedata/validatordata.xml	C:\Users\22448\Downloads\重生虫心0.71汉化版（新）\reborn_workrepo\合作指挥官版起义狂潮\Mods\XM\XMAlarak.SC2Mod\Base.SC2Data\GameData\ValidatorData.xml
HaveMasteryAlarakOverchargeShieldsDamage	CValidatorPlayerRequirement	mods/starcoop/starcoop.sc2mod/base.sc2data/gamedata/validatordata.xml	C:\Users\22448\Downloads\重生虫心0.71汉化版（新）\reborn_workrepo\合作指挥官版起义狂潮\Mods\XM\XMAlarak.SC2Mod\Base.SC2Data\GameData\ValidatorData.xml
HaveMasteryAlarakUnitAttackSpeed	CValidatorPlayerRequirement	mods/starcoop/starcoop.sc2mod/base.sc2data/gamedata/validatordata.xml	C:\Users\22448\Downloads\重生虫心0.71汉化版（新）\reborn_workrepo\合作指挥官版起义狂潮\Mods\XM\XMAlarak.SC2Mod\Base.SC2Data\GameData\ValidatorData.xml
HaveMasteryAlarakWarpInTime	CValidatorPlayerRequirement	mods/starcoop/starcoop.sc2mod/base.sc2data/gamedata/validatordata.xml	C:\Users\22448\Downloads\重生虫心0.71汉化版（新）\reborn_workrepo\合作指挥官版起义狂潮\Mods\XM\XMAlarak.SC2Mod\Base.SC2Data\GameData\ValidatorData.xml
HaveMasteryNovaArmyOOCRegenSpeed	CValidatorPlayerRequirement	mods/starcoop/starcoop.sc2mod/base.sc2data/gamedata/validatordata.xml	C:\Users\22448\Downloads\重生虫心0.71汉化版（新）\reborn_workrepo\合作指挥官版起义狂潮\Mods\XM\XMAlarak.SC2Mod\Base.SC2Data\GameData\ValidatorData.xml
HaveNoSnapshots	CValidatorPlayerRequirement	mods/starcoop/starcoop.sc2mod/base.sc2data/gamedata/validatordata.xml	C:\Users\22448\Downloads\重生虫心0.71汉化版（新）\reborn_workrepo\合作指挥官版起义狂潮\Mods\XM\XMAlarak.SC2Mod\Base.SC2Data\GameData\ValidatorData.xml
HavePlayerCommander	CValidatorPlayerRequirement	mods/starcoop/starcoop.sc2mod/base.sc2data/gamedata/validatordata.xml	C:\Users\22448\Downloads\重生虫心0.71汉化版（新）\reborn_workrepo\合作指挥官版起义狂潮\Mods\XM\XMAlarak.SC2Mod\Base.SC2Data\GameData\ValidatorData.xml
HaveTargetHHMercStarportCargoInstalledBehavior	CValidatorUnitCompareBehaviorCount	mods/starcoop/starcoop.sc2mod/base.sc2data/gamedata/validatordata.xml	C:\Users\22448\Downloads\重生虫心0.71汉化版（新）\reborn_workrepo\合作指挥官版起义狂潮\Mods\XM\XMAlarak.SC2Mod\Base.SC2Data\GameData\ValidatorData.xml
HaveTimeStopHasteMastery	CValidatorPlayerRequirement	mods/starcoop/starcoop.sc2mod/base.sc2data/gamedata/validatordata.xml	C:\Users\22448\Downloads\重生虫心0.71汉化版（新）\reborn_workrepo\合作指挥官版起义狂潮\Mods\XM\XMAlarak.SC2Mod\Base.SC2Data\GameData\ValidatorData.xml
HaveVorazunCloakDamageBoost	CValidatorPlayerRequirement	mods/starcoop/starcoop.sc2mod/base.sc2data/gamedata/validatordata.xml	C:\Users\22448\Downloads\重生虫心0.71汉化版（新）\reborn_workrepo\合作指挥官版起义狂潮\Mods\XM\XMAlarak.SC2Mod\Base.SC2Data\GameData\ValidatorData.xml
HaveVorazunCloakShieldRegen	CValidatorPlayerRequirement	mods/starcoop/starcoop.sc2mod/base.sc2data/gamedata/validatordata.xml	C:\Users\22448\Downloads\重生虫心0.71汉化版（新）\reborn_workrepo\合作指挥官版起义狂潮\Mods\XM\XMAlarak.SC2Mod\Base.SC2Data\GameData\ValidatorData.xml
HaveVorazunCommander	CValidatorPlayerRequirement	mods/starcoop/starcoop.sc2mod/base.sc2data/gamedata/validatordata.xml	C:\Users\22448\Downloads\重生虫心0.71汉化版（新）\reborn_workrepo\合作指挥官版起义狂潮\Mods\XM\XMAlarak.SC2Mod\Base.SC2Data\GameData\ValidatorData.xml
IsaConjoinedUnit	CValidatorCombine	mods/starcoop/starcoop.sc2mod/base.sc2data/gamedata/validatordata.xml	C:\Users\22448\Downloads\重生虫心0.71汉化版（新）\reborn_workrepo\合作指挥官版起义狂潮\Mods\XM\XMAlarak.SC2Mod\Base.SC2Data\GameData\ValidatorData.xml
IsAlarakCoop	CValidatorUnitType	mods/starcoop/starcoop.sc2mod/base.sc2data/gamedata/validatordata.xml	C:\Users\22448\Downloads\重生虫心0.71汉化版（新）\reborn_workrepo\合作指挥官版起义狂潮\Mods\XM\XMAlarak.SC2Mod\Base.SC2Data\GameData\ValidatorData.xml
IsAlarakCoopCommander	CValidatorPlayerRequirement	mods/starcoop/starcoop.sc2mod/base.sc2data/gamedata/validatordata.xml	C:\Users\22448\Downloads\重生虫心0.71汉化版（新）\reborn_workrepo\合作指挥官版起义狂潮\Mods\XM\XMAlarak.SC2Mod\Base.SC2Data\GameData\ValidatorData.xml
IsAlarakNearby	CValidatorLocationEnumArea	mods/starcoop/starcoop.sc2mod/base.sc2data/gamedata/validatordata.xml	C:\Users\22448\Downloads\重生虫心0.71汉化版（新）\reborn_workrepo\合作指挥官版起义狂潮\Mods\XM\XMAlarak.SC2Mod\Base.SC2Data\GameData\ValidatorData.xml
IsAnyCommander	CValidatorPlayerRequirement	mods/starcoop/starcoop.sc2mod/base.sc2data/gamedata/validatordata.xml	C:\Users\22448\Downloads\重生虫心0.71汉化版（新）\reborn_workrepo\合作指挥官版起义狂潮\Mods\XM\XMAlarak.SC2Mod\Base.SC2Data\GameData\ValidatorData.xml
IsArtanisCoopCommander	CValidatorPlayerRequirement	mods/starcoop/starcoop.sc2mod/base.sc2data/gamedata/validatordata.xml	C:\Users\22448\Downloads\重生虫心0.71汉化版（新）\reborn_workrepo\合作指挥官版起义狂潮\Mods\XM\XMAlarak.SC2Mod\Base.SC2Data\GameData\ValidatorData.xml
IsAssaultGalleon	CValidatorUnitType	mods/starcoop/starcoop.sc2mod/base.sc2data/gamedata/validatordata.xml	C:\Users\22448\Downloads\重生虫心0.71汉化版（新）\reborn_workrepo\合作指挥官版起义狂潮\Mods\XM\XMAlarak.SC2Mod\Base.SC2Data\GameData\ValidatorData.xml
IsDeathFleet	CValidatorCombine	mods/starcoop/starcoop.sc2mod/base.sc2data/gamedata/validatordata.xml	C:\Users\22448\Downloads\重生虫心0.71汉化版（新）\reborn_workrepo\合作指挥官版起义狂潮\Mods\XM\XMAlarak.SC2Mod\Base.SC2Data\GameData\ValidatorData.xml
IsDeathFleetMothership	CValidatorUnitType	mods/starcoop/starcoop.sc2mod/base.sc2data/gamedata/validatordata.xml	C:\Users\22448\Downloads\重生虫心0.71汉化版（新）\reborn_workrepo\合作指挥官版起义狂潮\Mods\XM\XMAlarak.SC2Mod\Base.SC2Data\GameData\ValidatorData.xml
IsDeathFleetVoidRay	CValidatorUnitType	mods/starcoop/starcoop.sc2mod/base.sc2data/gamedata/validatordata.xml	C:\Users\22448\Downloads\重生虫心0.71汉化版（新）\reborn_workrepo\合作指挥官版起义狂潮\Mods\XM\XMAlarak.SC2Mod\Base.SC2Data\GameData\ValidatorData.xml
IsHornerCoopCommander	CValidatorPlayerRequirement	mods/starcoop/starcoop.sc2mod/base.sc2data/gamedata/validatordata.xml	C:\Users\22448\Downloads\重生虫心0.71汉化版（新）\reborn_workrepo\合作指挥官版起义狂潮\Mods\XM\XMAlarak.SC2Mod\Base.SC2Data\GameData\ValidatorData.xml
IsHornerUnit	CValidatorCombine	mods/starcoop/starcoop.sc2mod/base.sc2data/gamedata/validatordata.xml	C:\Users\22448\Downloads\重生虫心0.71汉化版（新）\reborn_workrepo\合作指挥官版起义狂潮\Mods\XM\XMAlarak.SC2Mod\Base.SC2Data\GameData\ValidatorData.xml
IsHyperionVoidCoop	CValidatorUnitType	mods/starcoop/starcoop.sc2mod/base.sc2data/gamedata/validatordata.xml	C:\Users\22448\Downloads\重生虫心0.71汉化版（新）\reborn_workrepo\合作指挥官版起义狂潮\Mods\XM\XMAlarak.SC2Mod\Base.SC2Data\GameData\ValidatorData.xml
IsMassiveAndNotHaveAlarakDestructionWaveDistance	CValidatorCombine	mods/starcoop/starcoop.sc2mod/base.sc2data/gamedata/validatordata.xml	C:\Users\22448\Downloads\重生虫心0.71汉化版（新）\reborn_workrepo\合作指挥官版起义狂潮\Mods\XM\XMAlarak.SC2Mod\Base.SC2Data\GameData\ValidatorData.xml
IsNovaCoopCommander	CValidatorPlayerRequirement	mods/starcoop/starcoop.sc2mod/base.sc2data/gamedata/validatordata.xml	C:\Users\22448\Downloads\重生虫心0.71汉化版（新）\reborn_workrepo\合作指挥官版起义狂潮\Mods\XM\XMAlarak.SC2Mod\Base.SC2Data\GameData\ValidatorData.xml
IsStructureorWarpPrismPhasing	CValidatorCombine	mods/starcoop/starcoop.sc2mod/base.sc2data/gamedata/validatordata.xml	C:\Users\22448\Downloads\重生虫心0.71汉化版（新）\reborn_workrepo\合作指挥官版起义狂潮\Mods\XM\XMAlarak.SC2Mod\Base.SC2Data\GameData\ValidatorData.xml
IsSupplicant	CValidatorUnitType	mods/starcoop/starcoop.sc2mod/base.sc2data/gamedata/validatordata.xml	C:\Users\22448\Downloads\重生虫心0.71汉化版（新）\reborn_workrepo\合作指挥官版起义狂潮\Mods\XM\XMAlarak.SC2Mod\Base.SC2Data\GameData\ValidatorData.xml
IsSupplicantWarpingIn	CValidatorUnitCompareBehaviorCount	mods/starcoop/starcoop.sc2mod/base.sc2data/gamedata/validatordata.xml	C:\Users\22448\Downloads\重生虫心0.71汉化版（新）\reborn_workrepo\合作指挥官版起义狂潮\Mods\XM\XMAlarak.SC2Mod\Base.SC2Data\GameData\ValidatorData.xml
IsVorazunCoopCommander	CValidatorPlayerRequirement	mods/starcoop/starcoop.sc2mod/base.sc2data/gamedata/validatordata.xml	C:\Users\22448\Downloads\重生虫心0.71汉化版（新）\reborn_workrepo\合作指挥官版起义狂潮\Mods\XM\XMAlarak.SC2Mod\Base.SC2Data\GameData\ValidatorData.xml
IsWarpPrismTaldarimPhasing	CValidatorUnitType	mods/starcoop/starcoop.sc2mod/base.sc2data/gamedata/validatordata.xml	C:\Users\22448\Downloads\重生虫心0.71汉化版（新）\reborn_workrepo\合作指挥官版起义狂潮\Mods\XM\XMAlarak.SC2Mod\Base.SC2Data\GameData\ValidatorData.xml
KaraxHaveSolarEfficiencyLevel1	CValidatorPlayerRequirement	mods/starcoop/starcoop.sc2mod/base.sc2data/gamedata/validatordata.xml	C:\Users\22448\Downloads\重生虫心0.71汉化版（新）\reborn_workrepo\合作指挥官版起义狂潮\Mods\XM\XMAlarak.SC2Mod\Base.SC2Data\GameData\ValidatorData.xml
KaraxHaveSolarEfficiencyLevel2	CValidatorPlayerRequirement	mods/starcoop/starcoop.sc2mod/base.sc2data/gamedata/validatordata.xml	C:\Users\22448\Downloads\重生虫心0.71汉化版（新）\reborn_workrepo\合作指挥官版起义狂潮\Mods\XM\XMAlarak.SC2Mod\Base.SC2Data\GameData\ValidatorData.xml
KaraxHaveSolarEfficiencyLevel3	CValidatorPlayerRequirement	mods/starcoop/starcoop.sc2mod/base.sc2data/gamedata/validatordata.xml	C:\Users\22448\Downloads\重生虫心0.71汉化版（新）\reborn_workrepo\合作指挥官版起义狂潮\Mods\XM\XMAlarak.SC2Mod\Base.SC2Data\GameData\ValidatorData.xml
KaraxHaveStructureInstantWarp	CValidatorPlayerRequirement	mods/starcoop/starcoop.sc2mod/base.sc2data/gamedata/validatordata.xml	C:\Users\22448\Downloads\重生虫心0.71汉化版（新）\reborn_workrepo\合作指挥官版起义狂潮\Mods\XM\XMAlarak.SC2Mod\Base.SC2Data\GameData\ValidatorData.xml
KaraxHaveUnityBarrier	CValidatorPlayerRequirement	mods/starcoop/starcoop.sc2mod/base.sc2data/gamedata/validatordata.xml	C:\Users\22448\Downloads\重生虫心0.71汉化版（新）\reborn_workrepo\合作指挥官版起义狂潮\Mods\XM\XMAlarak.SC2Mod\Base.SC2Data\GameData\ValidatorData.xml
MutatorCasterIsNotPlayer1	CValidatorPlayerRequirement	mods/starcoop/starcoop.sc2mod/base.sc2data/gamedata/validatordata.xml	C:\Users\22448\Downloads\重生虫心0.71汉化版（新）\reborn_workrepo\合作指挥官版起义狂潮\Mods\XM\XMAlarak.SC2Mod\Base.SC2Data\GameData\ValidatorData.xml
MutatorCasterIsNotPlayer2	CValidatorPlayerRequirement	mods/starcoop/starcoop.sc2mod/base.sc2data/gamedata/validatordata.xml	C:\Users\22448\Downloads\重生虫心0.71汉化版（新）\reborn_workrepo\合作指挥官版起义狂潮\Mods\XM\XMAlarak.SC2Mod\Base.SC2Data\GameData\ValidatorData.xml
MutatorCasterIsPlayer1	CValidatorPlayerRequirement	mods/starcoop/starcoop.sc2mod/base.sc2data/gamedata/validatordata.xml	C:\Users\22448\Downloads\重生虫心0.71汉化版（新）\reborn_workrepo\合作指挥官版起义狂潮\Mods\XM\XMAlarak.SC2Mod\Base.SC2Data\GameData\ValidatorData.xml
MutatorCasterIsPlayer1AndTargetNotHaveMutatorImmunetoPlayer1	CValidatorCombine	mods/starcoop/starcoop.sc2mod/base.sc2data/gamedata/validatordata.xml	C:\Users\22448\Downloads\重生虫心0.71汉化版（新）\reborn_workrepo\合作指挥官版起义狂潮\Mods\XM\XMAlarak.SC2Mod\Base.SC2Data\GameData\ValidatorData.xml
MutatorCasterIsPlayer2	CValidatorPlayerRequirement	mods/starcoop/starcoop.sc2mod/base.sc2data/gamedata/validatordata.xml	C:\Users\22448\Downloads\重生虫心0.71汉化版（新）\reborn_workrepo\合作指挥官版起义狂潮\Mods\XM\XMAlarak.SC2Mod\Base.SC2Data\GameData\ValidatorData.xml
MutatorCasterIsPlayer2AndTargetNotHaveMutatorImmunetoPlayer2	CValidatorCombine	mods/starcoop/starcoop.sc2mod/base.sc2data/gamedata/validatordata.xml	C:\Users\22448\Downloads\重生虫心0.71汉化版（新）\reborn_workrepo\合作指挥官版起义狂潮\Mods\XM\XMAlarak.SC2Mod\Base.SC2Data\GameData\ValidatorData.xml
MutatorPolarityNotEnabled	CValidatorCombine	mods/starcoop/starcoop.sc2mod/base.sc2data/gamedata/validatordata.xml	C:\Users\22448\Downloads\重生虫心0.71汉化版（新）\reborn_workrepo\合作指挥官版起义狂潮\Mods\XM\XMAlarak.SC2Mod\Base.SC2Data\GameData\ValidatorData.xml
MutatorPolarityTargetCasterCheck	CValidatorCombine	mods/starcoop/starcoop.sc2mod/base.sc2data/gamedata/validatordata.xml	C:\Users\22448\Downloads\重生虫心0.71汉化版（新）\reborn_workrepo\合作指挥官版起义狂潮\Mods\XM\XMAlarak.SC2Mod\Base.SC2Data\GameData\ValidatorData.xml
NoCoopDeathPrevent	CValidatorCombine	mods/starcoop/starcoop.sc2mod/base.sc2data/gamedata/validatordata.xml	C:\Users\22448\Downloads\重生虫心0.71汉化版（新）\reborn_workrepo\合作指挥官版起义狂潮\Mods\XM\XMAlarak.SC2Mod\Base.SC2Data\GameData\ValidatorData.xml
NoFenixClolarionChargeBeamPhase2	CValidatorUnitCompareBehaviorCount	mods/starcoop/starcoop.sc2mod/base.sc2data/gamedata/validatordata.xml	C:\Users\22448\Downloads\重生虫心0.71汉化版（新）\reborn_workrepo\合作指挥官版起义狂潮\Mods\XM\XMAlarak.SC2Mod\Base.SC2Data\GameData\ValidatorData.xml
NoFenixClolarionChargeBeamPhase3	CValidatorUnitCompareBehaviorCount	mods/starcoop/starcoop.sc2mod/base.sc2data/gamedata/validatordata.xml	C:\Users\22448\Downloads\重生虫心0.71汉化版（新）\reborn_workrepo\合作指挥官版起义狂潮\Mods\XM\XMAlarak.SC2Mod\Base.SC2Data\GameData\ValidatorData.xml
NoPreventKnockback	CValidatorUnitCompareBehaviorCount	mods/starcoop/starcoop.sc2mod/base.sc2data/gamedata/validatordata.xml	C:\Users\22448\Downloads\重生虫心0.71汉化版（新）\reborn_workrepo\合作指挥官版起义狂潮\Mods\XM\XMAlarak.SC2Mod\Base.SC2Data\GameData\ValidatorData.xml
NoStructureBarrier	CValidatorUnitCompareBehaviorCount	mods/starcoop/starcoop.sc2mod/base.sc2data/gamedata/validatordata.xml	C:\Users\22448\Downloads\重生虫心0.71汉化版（新）\reborn_workrepo\合作指挥官版起义狂潮\Mods\XM\XMAlarak.SC2Mod\Base.SC2Data\GameData\ValidatorData.xml
NotAlarakEmpowerTargetPlayerRefresh	CValidatorUnitCompareBehaviorCount	mods/starcoop/starcoop.sc2mod/base.sc2data/gamedata/validatordata.xml	C:\Users\22448\Downloads\重生虫心0.71汉化版（新）\reborn_workrepo\合作指挥官版起义狂潮\Mods\XM\XMAlarak.SC2Mod\Base.SC2Data\GameData\ValidatorData.xml
NotCOOPTerrazineTank	CValidatorUnitType	mods/starcoop/starcoop.sc2mod/base.sc2data/gamedata/validatordata.xml	C:\Users\22448\Downloads\重生虫心0.71汉化版（新）\reborn_workrepo\合作指挥官版起义狂潮\Mods\XM\XMAlarak.SC2Mod\Base.SC2Data\GameData\ValidatorData.xml
NotCreepTumor	CValidatorUnitType	mods/starcoop/starcoop.sc2mod/base.sc2data/gamedata/validatordata.xml	C:\Users\22448\Downloads\重生虫心0.71汉化版（新）\reborn_workrepo\合作指挥官版起义狂潮\Mods\XM\XMAlarak.SC2Mod\Base.SC2Data\GameData\ValidatorData.xml
NotCreepTumorBurrowed	CValidatorUnitType	mods/starcoop/starcoop.sc2mod/base.sc2data/gamedata/validatordata.xml	C:\Users\22448\Downloads\重生虫心0.71汉化版（新）\reborn_workrepo\合作指挥官版起义狂潮\Mods\XM\XMAlarak.SC2Mod\Base.SC2Data\GameData\ValidatorData.xml
NotCreepTumorUsed	CValidatorUnitType	mods/starcoop/starcoop.sc2mod/base.sc2data/gamedata/validatordata.xml	C:\Users\22448\Downloads\重生虫心0.71汉化版（新）\reborn_workrepo\合作指挥官版起义狂潮\Mods\XM\XMAlarak.SC2Mod\Base.SC2Data\GameData\ValidatorData.xml
NotHaveAlarakDestructionWaveDistance	CValidatorPlayerRequirement	mods/starcoop/starcoop.sc2mod/base.sc2data/gamedata/validatordata.xml	C:\Users\22448\Downloads\重生虫心0.71汉化版（新）\reborn_workrepo\合作指挥官版起义狂潮\Mods\XM\XMAlarak.SC2Mod\Base.SC2Data\GameData\ValidatorData.xml
NotHaveDarkArchonMindControl	CValidatorUnitCompareBehaviorCount	mods/starcoop/starcoop.sc2mod/base.sc2data/gamedata/validatordata.xml	C:\Users\22448\Downloads\重生虫心0.71汉化版（新）\reborn_workrepo\合作指挥官版起义狂潮\Mods\XM\XMAlarak.SC2Mod\Base.SC2Data\GameData\ValidatorData.xml
NotHaveVorazunCloakedShieldRegenActive	CValidatorUnitCompareBehaviorCount	mods/starcoop/starcoop.sc2mod/base.sc2data/gamedata/validatordata.xml	C:\Users\22448\Downloads\重生虫心0.71汉化版（新）\reborn_workrepo\合作指挥官版起义狂潮\Mods\XM\XMAlarak.SC2Mod\Base.SC2Data\GameData\ValidatorData.xml
NotHaveVorazunCloakedShieldRegenPermanent	CValidatorUnitCompareBehaviorCount	mods/starcoop/starcoop.sc2mod/base.sc2data/gamedata/validatordata.xml	C:\Users\22448\Downloads\重生虫心0.71汉化版（新）\reborn_workrepo\合作指挥官版起义狂潮\Mods\XM\XMAlarak.SC2Mod\Base.SC2Data\GameData\ValidatorData.xml
NotHaveWarpGateAutoCastDisabler	CValidatorUnitCompareBehaviorCount	mods/starcoop/starcoop.sc2mod/base.sc2data/gamedata/validatordata.xml	C:\Users\22448\Downloads\重生虫心0.71汉化版（新）\reborn_workrepo\合作指挥官版起义狂潮\Mods\XM\XMAlarak.SC2Mod\Base.SC2Data\GameData\ValidatorData.xml
NotTerrazineHarvester	CValidatorUnitType	mods/starcoop/starcoop.sc2mod/base.sc2data/gamedata/validatordata.xml	C:\Users\22448\Downloads\重生虫心0.71汉化版（新）\reborn_workrepo\合作指挥官版起义狂潮\Mods\XM\XMAlarak.SC2Mod\Base.SC2Data\GameData\ValidatorData.xml
NotToxicNest	CValidatorUnitType	mods/starcoop/starcoop.sc2mod/base.sc2data/gamedata/validatordata.xml	C:\Users\22448\Downloads\重生虫心0.71汉化版（新）\reborn_workrepo\合作指挥官版起义狂潮\Mods\XM\XMAlarak.SC2Mod\Base.SC2Data\GameData\ValidatorData.xml
NotToxicNestBurrowed	CValidatorUnitType	mods/starcoop/starcoop.sc2mod/base.sc2data/gamedata/validatordata.xml	C:\Users\22448\Downloads\重生虫心0.71汉化版（新）\reborn_workrepo\合作指挥官版起义狂潮\Mods\XM\XMAlarak.SC2Mod\Base.SC2Data\GameData\ValidatorData.xml
NotTrackedAsUnderConstructionorDead	CValidatorUnitCompareBehaviorCount	mods/starcoop/starcoop.sc2mod/base.sc2data/gamedata/validatordata.xml	C:\Users\22448\Downloads\重生虫心0.71汉化版（新）\reborn_workrepo\合作指挥官版起义狂潮\Mods\XM\XMAlarak.SC2Mod\Base.SC2Data\GameData\ValidatorData.xml
NotUltraliskFrenzy	CValidatorUnitCompareBehaviorCount	mods/starcoop/starcoop.sc2mod/base.sc2data/gamedata/validatordata.xml	C:\Users\22448\Downloads\重生虫心0.71汉化版（新）\reborn_workrepo\合作指挥官版起义狂潮\Mods\XM\XMAlarak.SC2Mod\Base.SC2Data\GameData\ValidatorData.xml
NotUnrepairable	CValidatorUnitCompareBehaviorCount	mods/starcoop/starcoop.sc2mod/base.sc2data/gamedata/validatordata.xml	C:\Users\22448\Downloads\重生虫心0.71汉化版（新）\reborn_workrepo\合作指挥官版起义狂潮\Mods\XM\XMAlarak.SC2Mod\Base.SC2Data\GameData\ValidatorData.xml
SelfOrEnemyOrNeutral	CValidatorCombine	mods/starcoop/starcoop.sc2mod/base.sc2data/gamedata/validatordata.xml	C:\Users\22448\Downloads\重生虫心0.71汉化版（新）\reborn_workrepo\合作指挥官版起义狂潮\Mods\XM\XMAlarak.SC2Mod\Base.SC2Data\GameData\ValidatorData.xml
SICivilianStructure	CValidatorUnitType	mods/starcoop/starcoop.sc2mod/base.sc2data/gamedata/validatordata.xml	C:\Users\22448\Downloads\重生虫心0.71汉化版（新）\reborn_workrepo\合作指挥官版起义狂潮\Mods\XM\XMAlarak.SC2Mod\Base.SC2Data\GameData\ValidatorData.xml
SlaynElementalAOEGrabMaxLifeGTE100	CValidatorUnitCompareVital	mods/starcoop/starcoop.sc2mod/base.sc2data/gamedata/validatordata.xml	C:\Users\22448\Downloads\重生虫心0.71汉化版（新）\reborn_workrepo\合作指挥官版起义狂潮\Mods\XM\XMAlarak.SC2Mod\Base.SC2Data\GameData\ValidatorData.xml
SlaynElementalAOEGrabMaxLifeGTE150	CValidatorUnitCompareVital	mods/starcoop/starcoop.sc2mod/base.sc2data/gamedata/validatordata.xml	C:\Users\22448\Downloads\重生虫心0.71汉化版（新）\reborn_workrepo\合作指挥官版起义狂潮\Mods\XM\XMAlarak.SC2Mod\Base.SC2Data\GameData\ValidatorData.xml
SlaynElementalAOEGrabMaxLifeGTE200	CValidatorUnitCompareVital	mods/starcoop/starcoop.sc2mod/base.sc2data/gamedata/validatordata.xml	C:\Users\22448\Downloads\重生虫心0.71汉化版（新）\reborn_workrepo\合作指挥官版起义狂潮\Mods\XM\XMAlarak.SC2Mod\Base.SC2Data\GameData\ValidatorData.xml
SlaynElementalAOEGrabMaxLifeGTE250	CValidatorUnitCompareVital	mods/starcoop/starcoop.sc2mod/base.sc2data/gamedata/validatordata.xml	C:\Users\22448\Downloads\重生虫心0.71汉化版（新）\reborn_workrepo\合作指挥官版起义狂潮\Mods\XM\XMAlarak.SC2Mod\Base.SC2Data\GameData\ValidatorData.xml
SlaynElementalAOEGrabMaxLifeGTE300	CValidatorUnitCompareVital	mods/starcoop/starcoop.sc2mod/base.sc2data/gamedata/validatordata.xml	C:\Users\22448\Downloads\重生虫心0.71汉化版（新）\reborn_workrepo\合作指挥官版起义狂潮\Mods\XM\XMAlarak.SC2Mod\Base.SC2Data\GameData\ValidatorData.xml
SlaynElementalAOEGrabMaxLifeGTE350	CValidatorUnitCompareVital	mods/starcoop/starcoop.sc2mod/base.sc2data/gamedata/validatordata.xml	C:\Users\22448\Downloads\重生虫心0.71汉化版（新）\reborn_workrepo\合作指挥官版起义狂潮\Mods\XM\XMAlarak.SC2Mod\Base.SC2Data\GameData\ValidatorData.xml
SlaynElementalAOEGrabMaxLifeGTE400	CValidatorUnitCompareVital	mods/starcoop/starcoop.sc2mod/base.sc2data/gamedata/validatordata.xml	C:\Users\22448\Downloads\重生虫心0.71汉化版（新）\reborn_workrepo\合作指挥官版起义狂潮\Mods\XM\XMAlarak.SC2Mod\Base.SC2Data\GameData\ValidatorData.xml
SlaynElementalAOEGrabMaxLifeGTE450	CValidatorUnitCompareVital	mods/starcoop/starcoop.sc2mod/base.sc2data/gamedata/validatordata.xml	C:\Users\22448\Downloads\重生虫心0.71汉化版（新）\reborn_workrepo\合作指挥官版起义狂潮\Mods\XM\XMAlarak.SC2Mod\Base.SC2Data\GameData\ValidatorData.xml
SlaynElementalAOEGrabMaxLifeGTE50	CValidatorUnitCompareVital	mods/starcoop/starcoop.sc2mod/base.sc2data/gamedata/validatordata.xml	C:\Users\22448\Downloads\重生虫心0.71汉化版（新）\reborn_workrepo\合作指挥官版起义狂潮\Mods\XM\XMAlarak.SC2Mod\Base.SC2Data\GameData\ValidatorData.xml
SlaynElementalAOEGrabMaxLifeGTE500	CValidatorUnitCompareVital	mods/starcoop/starcoop.sc2mod/base.sc2data/gamedata/validatordata.xml	C:\Users\22448\Downloads\重生虫心0.71汉化版（新）\reborn_workrepo\合作指挥官版起义狂潮\Mods\XM\XMAlarak.SC2Mod\Base.SC2Data\GameData\ValidatorData.xml
SlaynElementalAOEGrabTargetIsAir	CValidatorUnitMover	mods/starcoop/starcoop.sc2mod/base.sc2data/gamedata/validatordata.xml	C:\Users\22448\Downloads\重生虫心0.71汉化版（新）\reborn_workrepo\合作指挥官版起义狂潮\Mods\XM\XMAlarak.SC2Mod\Base.SC2Data\GameData\ValidatorData.xml
SlaynElementalAOEGrabTargetIsColossi	CValidatorCombine	mods/starcoop/starcoop.sc2mod/base.sc2data/gamedata/validatordata.xml	C:\Users\22448\Downloads\重生虫心0.71汉化版（新）\reborn_workrepo\合作指挥官版起义狂潮\Mods\XM\XMAlarak.SC2Mod\Base.SC2Data\GameData\ValidatorData.xml
SlaynElementalAOEGrabTargetIsColossus	CValidatorUnitType	mods/starcoop/starcoop.sc2mod/base.sc2data/gamedata/validatordata.xml	C:\Users\22448\Downloads\重生虫心0.71汉化版（新）\reborn_workrepo\合作指挥官版起义狂潮\Mods\XM\XMAlarak.SC2Mod\Base.SC2Data\GameData\ValidatorData.xml
SlaynElementalAOEGrabTargetIsColossusPurifier	CValidatorUnitType	mods/starcoop/starcoop.sc2mod/base.sc2data/gamedata/validatordata.xml	C:\Users\22448\Downloads\重生虫心0.71汉化版（新）\reborn_workrepo\合作指挥官版起义狂潮\Mods\XM\XMAlarak.SC2Mod\Base.SC2Data\GameData\ValidatorData.xml
SlaynElementalAOEGrabTargetIsColossusTaldarim	CValidatorUnitType	mods/starcoop/starcoop.sc2mod/base.sc2data/gamedata/validatordata.xml	C:\Users\22448\Downloads\重生虫心0.71汉化版（新）\reborn_workrepo\合作指挥官版起义狂潮\Mods\XM\XMAlarak.SC2Mod\Base.SC2Data\GameData\ValidatorData.xml
SlaynElementalAOEGrabTargetIsMonolith	CValidatorUnitType	mods/starcoop/starcoop.sc2mod/base.sc2data/gamedata/validatordata.xml	C:\Users\22448\Downloads\重生虫心0.71汉化版（新）\reborn_workrepo\合作指挥官版起义狂潮\Mods\XM\XMAlarak.SC2Mod\Base.SC2Data\GameData\ValidatorData.xml
SupplicantIsInRange	CValidatorLocationEnumArea	mods/starcoop/starcoop.sc2mod/base.sc2data/gamedata/validatordata.xml	C:\Users\22448\Downloads\重生虫心0.71汉化版（新）\reborn_workrepo\合作指挥官版起义狂潮\Mods\XM\XMAlarak.SC2Mod\Base.SC2Data\GameData\ValidatorData.xml
SupplicantPowerValidator	CValidatorCombine	mods/starcoop/starcoop.sc2mod/base.sc2data/gamedata/validatordata.xml	C:\Users\22448\Downloads\重生虫心0.71汉化版（新）\reborn_workrepo\合作指挥官版起义狂潮\Mods\XM\XMAlarak.SC2Mod\Base.SC2Data\GameData\ValidatorData.xml
SupplyUsedGT0	CValidatorUnitCompareField	mods/starcoop/starcoop.sc2mod/base.sc2data/gamedata/validatordata.xml	C:\Users\22448\Downloads\重生虫心0.71汉化版（新）\reborn_workrepo\合作指挥官版起义狂潮\Mods\XM\XMAlarak.SC2Mod\Base.SC2Data\GameData\ValidatorData.xml
SupplyUsedGT0andLTE2	CValidatorCombine	mods/starcoop/starcoop.sc2mod/base.sc2data/gamedata/validatordata.xml	C:\Users\22448\Downloads\重生虫心0.71汉化版（新）\reborn_workrepo\合作指挥官版起义狂潮\Mods\XM\XMAlarak.SC2Mod\Base.SC2Data\GameData\ValidatorData.xml
SupplyUsedLTE2	CValidatorUnitCompareField	mods/starcoop/starcoop.sc2mod/base.sc2data/gamedata/validatordata.xml	C:\Users\22448\Downloads\重生虫心0.71汉化版（新）\reborn_workrepo\合作指挥官版起义狂潮\Mods\XM\XMAlarak.SC2Mod\Base.SC2Data\GameData\ValidatorData.xml
TargetCanHaveWeapon	CValidatorUnitTestWeaponType	mods/starcoop/starcoop.sc2mod/base.sc2data/gamedata/validatordata.xml	C:\Users\22448\Downloads\重生虫心0.71汉化版（新）\reborn_workrepo\合作指挥官版起义狂潮\Mods\XM\XMAlarak.SC2Mod\Base.SC2Data\GameData\ValidatorData.xml
TargetHasFoodNE0	CValidatorUnitCompareField	mods/starcoop/starcoop.sc2mod/base.sc2data/gamedata/validatordata.xml	C:\Users\22448\Downloads\重生虫心0.71汉化版（新）\reborn_workrepo\合作指挥官版起义狂潮\Mods\XM\XMAlarak.SC2Mod\Base.SC2Data\GameData\ValidatorData.xml
TargetHasPower	CValidatorUnitComparePowerUserLevel	mods/starcoop/starcoop.sc2mod/base.sc2data/gamedata/validatordata.xml	C:\Users\22448\Downloads\重生虫心0.71汉化版（新）\reborn_workrepo\合作指挥官版起义狂潮\Mods\XM\XMAlarak.SC2Mod\Base.SC2Data\GameData\ValidatorData.xml
TargetIsAirUnitFilter	CValidatorUnitFilters	mods/starcoop/starcoop.sc2mod/base.sc2data/gamedata/validatordata.xml	C:\Users\22448\Downloads\重生虫心0.71汉化版（新）\reborn_workrepo\合作指挥官版起义狂潮\Mods\XM\XMAlarak.SC2Mod\Base.SC2Data\GameData\ValidatorData.xml
TargetIsNotHavoc	CValidatorUnitType	mods/starcoop/starcoop.sc2mod/base.sc2data/gamedata/validatordata.xml	C:\Users\22448\Downloads\重生虫心0.71汉化版（新）\reborn_workrepo\合作指挥官版起义狂潮\Mods\XM\XMAlarak.SC2Mod\Base.SC2Data\GameData\ValidatorData.xml
TargetIsUnderConstruction	CValidatorUnitFilters	mods/starcoop/starcoop.sc2mod/base.sc2data/gamedata/validatordata.xml	C:\Users\22448\Downloads\重生虫心0.71汉化版（新）\reborn_workrepo\合作指挥官版起义狂潮\Mods\XM\XMAlarak.SC2Mod\Base.SC2Data\GameData\ValidatorData.xml
TargetNotHaveMutatorImmunetoPlayer1	CValidatorUnitCompareBehaviorCount	mods/starcoop/starcoop.sc2mod/base.sc2data/gamedata/validatordata.xml	C:\Users\22448\Downloads\重生虫心0.71汉化版（新）\reborn_workrepo\合作指挥官版起义狂潮\Mods\XM\XMAlarak.SC2Mod\Base.SC2Data\GameData\ValidatorData.xml
TargetNotHaveMutatorImmunetoPlayer2	CValidatorUnitCompareBehaviorCount	mods/starcoop/starcoop.sc2mod/base.sc2data/gamedata/validatordata.xml	C:\Users\22448\Downloads\重生虫心0.71汉化版（新）\reborn_workrepo\合作指挥官版起义狂潮\Mods\XM\XMAlarak.SC2Mod\Base.SC2Data\GameData\ValidatorData.xml
TargetNotSummonedUnit	CValidatorUnitFilters	mods/starcoop/starcoop.sc2mod/base.sc2data/gamedata/validatordata.xml	C:\Users\22448\Downloads\重生虫心0.71汉化版（新）\reborn_workrepo\合作指挥官版起义狂潮\Mods\XM\XMAlarak.SC2Mod\Base.SC2Data\GameData\ValidatorData.xml
ToxicNestExplodeEnemyCheck	CValidatorLocationEnumArea	mods/starcoop/starcoop.sc2mod/base.sc2data/gamedata/validatordata.xml	C:\Users\22448\Downloads\重生虫心0.71汉化版（新）\reborn_workrepo\合作指挥官版起义狂潮\Mods\XM\XMAlarak.SC2Mod\Base.SC2Data\GameData\ValidatorData.xml
UnderConstructionOrDead	CValidatorCombine	mods/starcoop/starcoop.sc2mod/base.sc2data/gamedata/validatordata.xml	C:\Users\22448\Downloads\重生虫心0.71汉化版（新）\reborn_workrepo\合作指挥官版起义狂潮\Mods\XM\XMAlarak.SC2Mod\Base.SC2Data\GameData\ValidatorData.xml
Adept	CWeaponLegacy	mods/starcoop/starcoop.sc2mod/base.sc2data/gamedata/weapondata.xml	C:\Users\22448\Downloads\重生虫心0.71汉化版（新）\reborn_workrepo\合作指挥官版起义狂潮\Mods\XM\XMAlarak.SC2Mod\Base.SC2Data\GameData\WeaponData.xml
AlarakAA	CWeaponLegacy	mods/starcoop/starcoop.sc2mod/base.sc2data/gamedata/weapondata.xml	C:\Users\22448\Downloads\重生虫心0.71汉化版（新）\reborn_workrepo\合作指挥官版起义狂潮\Mods\XM\XMAlarak.SC2Mod\Base.SC2Data\GameData\WeaponData.xml
AlarakStructureOvercharge	CWeaponLegacy	mods/starcoop/starcoop.sc2mod/base.sc2data/gamedata/weapondata.xml	C:\Users\22448\Downloads\重生虫心0.71汉化版（新）\reborn_workrepo\合作指挥官版起义狂潮\Mods\XM\XMAlarak.SC2Mod\Base.SC2Data\GameData\WeaponData.xml
ArtanisIonCannons	System.Xml.XmlElement	mods/starcoop/starcoop.sc2mod/base.sc2data/gamedata/weapondata.xml	C:\Users\22448\Downloads\重生虫心0.71汉化版（新）\reborn_workrepo\合作指挥官版起义狂潮\Mods\XM\XMAlarak.SC2Mod\Base.SC2Data\GameData\WeaponData.xml
AscendantWeapon	CWeaponLegacy	mods/starcoop/starcoop.sc2mod/base.sc2data/gamedata/weapondata.xml	C:\Users\22448\Downloads\重生虫心0.71汉化版（新）\reborn_workrepo\合作指挥官版起义狂潮\Mods\XM\XMAlarak.SC2Mod\Base.SC2Data\GameData\WeaponData.xml
ColossusTaldarimChargedBeam	CWeaponLegacy	mods/starcoop/starcoop.sc2mod/base.sc2data/gamedata/weapondata.xml	C:\Users\22448\Downloads\重生虫心0.71汉化版（新）\reborn_workrepo\合作指挥官版起义狂潮\Mods\XM\XMAlarak.SC2Mod\Base.SC2Data\GameData\WeaponData.xml
ColossusTaldarimChargedBeamFast	CWeaponLegacy	mods/starcoop/starcoop.sc2mod/base.sc2data/gamedata/weapondata.xml	C:\Users\22448\Downloads\重生虫心0.71汉化版（新）\reborn_workrepo\合作指挥官版起义狂潮\Mods\XM\XMAlarak.SC2Mod\Base.SC2Data\GameData\WeaponData.xml
DarkArchonChampionWeaponFunctional	CWeaponLegacy	mods/starcoop/starcoop.sc2mod/base.sc2data/gamedata/weapondata.xml	C:\Users\22448\Downloads\重生虫心0.71汉化版（新）\reborn_workrepo\合作指挥官版起义狂潮\Mods\XM\XMAlarak.SC2Mod\Base.SC2Data\GameData\WeaponData.xml
DarkArchonChampionWeaponFunctionalHoldPos	CWeaponLegacy	mods/starcoop/starcoop.sc2mod/base.sc2data/gamedata/weapondata.xml	C:\Users\22448\Downloads\重生虫心0.71汉化版（新）\reborn_workrepo\合作指挥官版起义狂潮\Mods\XM\XMAlarak.SC2Mod\Base.SC2Data\GameData\WeaponData.xml
DehakaCoop	CWeaponLegacy	mods/starcoop/starcoop.sc2mod/base.sc2data/gamedata/weapondata.xml	C:\Users\22448\Downloads\重生虫心0.71汉化版（新）\reborn_workrepo\合作指挥官版起义狂潮\Mods\XM\XMAlarak.SC2Mod\Base.SC2Data\GameData\WeaponData.xml
DisruptorPsiBlast	CWeaponLegacy	mods/starcoop/starcoop.sc2mod/base.sc2data/gamedata/weapondata.xml	C:\Users\22448\Downloads\重生虫心0.71汉化版（新）\reborn_workrepo\合作指挥官版起义狂潮\Mods\XM\XMAlarak.SC2Mod\Base.SC2Data\GameData\WeaponData.xml
FenixClolarionBomber	CWeaponStrafe	mods/starcoop/starcoop.sc2mod/base.sc2data/gamedata/weapondata.xml	C:\Users\22448\Downloads\重生虫心0.71汉化版（新）\reborn_workrepo\合作指挥官版起义狂潮\Mods\XM\XMAlarak.SC2Mod\Base.SC2Data\GameData\WeaponData.xml
FenixClolarionBombersDummy	CWeaponLegacy	mods/starcoop/starcoop.sc2mod/base.sc2data/gamedata/weapondata.xml	C:\Users\22448\Downloads\重生虫心0.71汉化版（新）\reborn_workrepo\合作指挥官版起义狂潮\Mods\XM\XMAlarak.SC2Mod\Base.SC2Data\GameData\WeaponData.xml
FenixClolarionInterceptorBeam	CWeaponStrafe	mods/starcoop/starcoop.sc2mod/base.sc2data/gamedata/weapondata.xml	C:\Users\22448\Downloads\重生虫心0.71汉化版（新）\reborn_workrepo\合作指挥官版起义狂潮\Mods\XM\XMAlarak.SC2Mod\Base.SC2Data\GameData\WeaponData.xml
FenixClolarionInterceptorsDummy	CWeaponLegacy	mods/starcoop/starcoop.sc2mod/base.sc2data/gamedata/weapondata.xml	C:\Users\22448\Downloads\重生虫心0.71汉化版（新）\reborn_workrepo\合作指挥官版起义狂潮\Mods\XM\XMAlarak.SC2Mod\Base.SC2Data\GameData\WeaponData.xml
FenixClolarionPrismaticBeam	CWeaponLegacy	mods/starcoop/starcoop.sc2mod/base.sc2data/gamedata/weapondata.xml	C:\Users\22448\Downloads\重生虫心0.71汉化版（新）\reborn_workrepo\合作指挥官版起义狂潮\Mods\XM\XMAlarak.SC2Mod\Base.SC2Data\GameData\WeaponData.xml
FenixClolarionPrismaticBeamDummy	CWeaponLegacy	mods/starcoop/starcoop.sc2mod/base.sc2data/gamedata/weapondata.xml	C:\Users\22448\Downloads\重生虫心0.71汉化版（新）\reborn_workrepo\合作指挥官版起义狂潮\Mods\XM\XMAlarak.SC2Mod\Base.SC2Data\GameData\WeaponData.xml
FenixDragoon	CWeaponLegacy	mods/starcoop/starcoop.sc2mod/base.sc2data/gamedata/weapondata.xml	C:\Users\22448\Downloads\重生虫心0.71汉化版（新）\reborn_workrepo\合作指挥官版起义狂潮\Mods\XM\XMAlarak.SC2Mod\Base.SC2Data\GameData\WeaponData.xml
FenixKaldalisZealotPsiBlades	CWeaponLegacy	mods/starcoop/starcoop.sc2mod/base.sc2data/gamedata/weapondata.xml	C:\Users\22448\Downloads\重生虫心0.71汉化版（新）\reborn_workrepo\合作指挥官版起义狂潮\Mods\XM\XMAlarak.SC2Mod\Base.SC2Data\GameData\WeaponData.xml
FenixMojoScoutAir	CWeaponLegacy	mods/starcoop/starcoop.sc2mod/base.sc2data/gamedata/weapondata.xml	C:\Users\22448\Downloads\重生虫心0.71汉化版（新）\reborn_workrepo\合作指挥官版起义狂潮\Mods\XM\XMAlarak.SC2Mod\Base.SC2Data\GameData\WeaponData.xml
FenixMojoScoutGround	CWeaponLegacy	mods/starcoop/starcoop.sc2mod/base.sc2data/gamedata/weapondata.xml	C:\Users\22448\Downloads\重生虫心0.71汉化版（新）\reborn_workrepo\合作指挥官版起义狂潮\Mods\XM\XMAlarak.SC2Mod\Base.SC2Data\GameData\WeaponData.xml
FenixSOAWeapon	CWeaponLegacy	mods/starcoop/starcoop.sc2mod/base.sc2data/gamedata/weapondata.xml	C:\Users\22448\Downloads\重生虫心0.71汉化版（新）\reborn_workrepo\合作指挥官版起义狂潮\Mods\XM\XMAlarak.SC2Mod\Base.SC2Data\GameData\WeaponData.xml
FenixTaldarinImmortalPhaseDisruptors	CWeaponLegacy	mods/starcoop/starcoop.sc2mod/base.sc2data/gamedata/weapondata.xml	C:\Users\22448\Downloads\重生虫心0.71汉化版（新）\reborn_workrepo\合作指挥官版起义狂潮\Mods\XM\XMAlarak.SC2Mod\Base.SC2Data\GameData\WeaponData.xml
FenixTalisAdept	CWeaponLegacy	mods/starcoop/starcoop.sc2mod/base.sc2data/gamedata/weapondata.xml	C:\Users\22448\Downloads\重生虫心0.71汉化版（新）\reborn_workrepo\合作指挥官版起义狂潮\Mods\XM\XMAlarak.SC2Mod\Base.SC2Data\GameData\WeaponData.xml
FenixWarbringerColossusThermalLance	CWeaponLegacy	mods/starcoop/starcoop.sc2mod/base.sc2data/gamedata/weapondata.xml	C:\Users\22448\Downloads\重生虫心0.71汉化版（新）\reborn_workrepo\合作指挥官版起义狂潮\Mods\XM\XMAlarak.SC2Mod\Base.SC2Data\GameData\WeaponData.xml
ImmortalTaldarim	CWeaponLegacy	mods/starcoop/starcoop.sc2mod/base.sc2data/gamedata/weapondata.xml	C:\Users\22448\Downloads\重生虫心0.71汉化版（新）\reborn_workrepo\合作指挥官版起义狂潮\Mods\XM\XMAlarak.SC2Mod\Base.SC2Data\GameData\WeaponData.xml
InterceptorAiurLaunch	CWeaponLegacy	mods/starcoop/starcoop.sc2mod/base.sc2data/gamedata/weapondata.xml	C:\Users\22448\Downloads\重生虫心0.71汉化版（新）\reborn_workrepo\合作指挥官版起义狂潮\Mods\XM\XMAlarak.SC2Mod\Base.SC2Data\GameData\WeaponData.xml
InterceptorLaunch	CWeaponLegacy	mods/starcoop/starcoop.sc2mod/base.sc2data/gamedata/weapondata.xml	C:\Users\22448\Downloads\重生虫心0.71汉化版（新）\reborn_workrepo\合作指挥官版起义狂潮\Mods\XM\XMAlarak.SC2Mod\Base.SC2Data\GameData\WeaponData.xml
InterceptorsDummy	CWeaponLegacy	mods/starcoop/starcoop.sc2mod/base.sc2data/gamedata/weapondata.xml	C:\Users\22448\Downloads\重生虫心0.71汉化版（新）\reborn_workrepo\合作指挥官版起义狂潮\Mods\XM\XMAlarak.SC2Mod\Base.SC2Data\GameData\WeaponData.xml
Locust	CWeaponLegacy	mods/starcoop/starcoop.sc2mod/base.sc2data/gamedata/weapondata.xml	C:\Users\22448\Downloads\重生虫心0.71汉化版（新）\reborn_workrepo\合作指挥官版起义狂潮\Mods\XM\XMAlarak.SC2Mod\Base.SC2Data\GameData\WeaponData.xml
MothershipCoreWeapon	CWeaponLegacy	mods/starcoop/starcoop.sc2mod/base.sc2data/gamedata/weapondata.xml	C:\Users\22448\Downloads\重生虫心0.71汉化版（新）\reborn_workrepo\合作指挥官版起义狂潮\Mods\XM\XMAlarak.SC2Mod\Base.SC2Data\GameData\WeaponData.xml
NovaWeaponCanisterRifle	CWeaponLegacy	mods/starcoop/starcoop.sc2mod/base.sc2data/gamedata/weapondata.xml	C:\Users\22448\Downloads\重生虫心0.71汉化版（新）\reborn_workrepo\合作指挥官版起义狂潮\Mods\XM\XMAlarak.SC2Mod\Base.SC2Data\GameData\WeaponData.xml
NovaWeaponHellfireShotgun	CWeaponLegacy	mods/starcoop/starcoop.sc2mod/base.sc2data/gamedata/weapondata.xml	C:\Users\22448\Downloads\重生虫心0.71汉化版（新）\reborn_workrepo\合作指挥官版起义狂潮\Mods\XM\XMAlarak.SC2Mod\Base.SC2Data\GameData\WeaponData.xml
NovaWeaponImprovedCanisterRifle	CWeaponLegacy	mods/starcoop/starcoop.sc2mod/base.sc2data/gamedata/weapondata.xml	C:\Users\22448\Downloads\重生虫心0.71汉化版（新）\reborn_workrepo\合作指挥官版起义狂潮\Mods\XM\XMAlarak.SC2Mod\Base.SC2Data\GameData\WeaponData.xml
NovaWeaponPsiBlade	CWeaponLegacy	mods/starcoop/starcoop.sc2mod/base.sc2data/gamedata/weapondata.xml	C:\Users\22448\Downloads\重生虫心0.71汉化版（新）\reborn_workrepo\合作指挥官版起义狂潮\Mods\XM\XMAlarak.SC2Mod\Base.SC2Data\GameData\WeaponData.xml
ParticleDisruptors	CWeaponLegacy	mods/starcoop/starcoop.sc2mod/base.sc2data/gamedata/weapondata.xml	C:\Users\22448\Downloads\重生虫心0.71汉化版（新）\reborn_workrepo\合作指挥官版起义狂潮\Mods\XM\XMAlarak.SC2Mod\Base.SC2Data\GameData\WeaponData.xml
PhoenixBomberGround	CWeaponLegacy	mods/starcoop/starcoop.sc2mod/base.sc2data/gamedata/weapondata.xml	C:\Users\22448\Downloads\重生虫心0.71汉化版（新）\reborn_workrepo\合作指挥官版起义狂潮\Mods\XM\XMAlarak.SC2Mod\Base.SC2Data\GameData\WeaponData.xml
PitAlarak	CWeaponLegacy	mods/starcoop/starcoop.sc2mod/base.sc2data/gamedata/weapondata.xml	C:\Users\22448\Downloads\重生虫心0.71汉化版（新）\reborn_workrepo\合作指挥官版起义狂潮\Mods\XM\XMAlarak.SC2Mod\Base.SC2Data\GameData\WeaponData.xml
PrismaticBeam	CWeaponLegacy	mods/starcoop/starcoop.sc2mod/base.sc2data/gamedata/weapondata.xml	C:\Users\22448\Downloads\重生虫心0.71汉化版（新）\reborn_workrepo\合作指挥官版起义狂潮\Mods\XM\XMAlarak.SC2Mod\Base.SC2Data\GameData\WeaponData.xml
PsiBlades	CWeaponLegacy	mods/starcoop/starcoop.sc2mod/base.sc2data/gamedata/weapondata.xml	C:\Users\22448\Downloads\重生虫心0.71汉化版（新）\reborn_workrepo\合作指挥官版起义狂潮\Mods\XM\XMAlarak.SC2Mod\Base.SC2Data\GameData\WeaponData.xml
SupplicantWeapon	CWeaponLegacy	mods/starcoop/starcoop.sc2mod/base.sc2data/gamedata/weapondata.xml	C:\Users\22448\Downloads\重生虫心0.71汉化版（新）\reborn_workrepo\合作指挥官版起义狂潮\Mods\XM\XMAlarak.SC2Mod\Base.SC2Data\GameData\WeaponData.xml
SwarmHostFakeWeapon	CWeaponLegacy	mods/starcoop/starcoop.sc2mod/base.sc2data/gamedata/weapondata.xml	C:\Users\22448\Downloads\重生虫心0.71汉化版（新）\reborn_workrepo\合作指挥官版起义狂潮\Mods\XM\XMAlarak.SC2Mod\Base.SC2Data\GameData\WeaponData.xml
Tempest	CWeaponLegacy	mods/starcoop/starcoop.sc2mod/base.sc2data/gamedata/weapondata.xml	C:\Users\22448\Downloads\重生虫心0.71汉化版（新）\reborn_workrepo\合作指挥官版起义狂潮\Mods\XM\XMAlarak.SC2Mod\Base.SC2Data\GameData\WeaponData.xml
TempestPurifier	CWeaponLegacy	mods/starcoop/starcoop.sc2mod/base.sc2data/gamedata/weapondata.xml	C:\Users\22448\Downloads\重生虫心0.71汉化版（新）\reborn_workrepo\合作指挥官版起义狂潮\Mods\XM\XMAlarak.SC2Mod\Base.SC2Data\GameData\WeaponData.xml
WarpPrismTaldarimWeapon	CWeaponLegacy	mods/starcoop/starcoop.sc2mod/base.sc2data/gamedata/weapondata.xml	C:\Users\22448\Downloads\重生虫心0.71汉化版（新）\reborn_workrepo\合作指挥官版起义狂潮\Mods\XM\XMAlarak.SC2Mod\Base.SC2Data\GameData\WeaponData.xml
