ObjectId	CatalogType	OfficialSource	TargetFile
ArchonWarp	CAbilMerge	mods/starcoop/starcoop.sc2mod/base.sc2data/gamedata/abildata.xml	C:\Users\22448\Downloads\重生虫心0.71汉化版（新）\reborn_workrepo\合作指挥官版起义狂潮\Mods\XM\XMZeratul.SC2Mod\Base.SC2Data\GameData\AbilData.xml
Charge	CAbilAugment	mods/starcoop/starcoop.sc2mod/base.sc2data/gamedata/abildata.xml	C:\Users\22448\Downloads\重生虫心0.71汉化版（新）\reborn_workrepo\合作指挥官版起义狂潮\Mods\XM\XMZeratul.SC2Mod\Base.SC2Data\GameData\AbilData.xml
DarkArchonMerge	CAbilMerge	mods/starcoop/starcoop.sc2mod/base.sc2data/gamedata/abildata.xml	C:\Users\22448\Downloads\重生虫心0.71汉化版（新）\reborn_workrepo\合作指挥官版起义狂潮\Mods\XM\XMZeratul.SC2Mod\Base.SC2Data\GameData\AbilData.xml
DarkArchonMindControl	CAbilEffectTarget	mods/starcoop/starcoop.sc2mod/base.sc2data/gamedata/abildata.xml	C:\Users\22448\Downloads\重生虫心0.71汉化版（新）\reborn_workrepo\合作指挥官版起义狂潮\Mods\XM\XMZeratul.SC2Mod\Base.SC2Data\GameData\AbilData.xml
DarkShrineResearch	CAbilResearch	mods/starcoop/starcoop.sc2mod/base.sc2data/gamedata/abildata.xml	C:\Users\22448\Downloads\重生虫心0.71汉化版（新）\reborn_workrepo\合作指挥官版起义狂潮\Mods\XM\XMZeratul.SC2Mod\Base.SC2Data\GameData\AbilData.xml
MutatorAmonKhaydarinMonolith	CAbilEffectTarget	mods/starcoop/starcoop.sc2mod/base.sc2data/gamedata/abildata.xml	C:\Users\22448\Downloads\重生虫心0.71汉化版（新）\reborn_workrepo\合作指挥官版起义狂潮\Mods\XM\XMZeratul.SC2Mod\Base.SC2Data\GameData\AbilData.xml
MutatorAmonShadowBlade	CAbilEffectTarget	mods/starcoop/starcoop.sc2mod/base.sc2data/gamedata/abildata.xml	C:\Users\22448\Downloads\重生虫心0.71汉化版（新）\reborn_workrepo\合作指挥官版起义狂潮\Mods\XM\XMZeratul.SC2Mod\Base.SC2Data\GameData\AbilData.xml
MutatorAmonZeratulBlink	CAbilEffectTarget	mods/starcoop/starcoop.sc2mod/base.sc2data/gamedata/abildata.xml	C:\Users\22448\Downloads\重生虫心0.71汉化版（新）\reborn_workrepo\合作指挥官版起义狂潮\Mods\XM\XMZeratul.SC2Mod\Base.SC2Data\GameData\AbilData.xml
PhotonOverchargeMorphDarkPylonBack	CAbilMorph	mods/starcoop/starcoop.sc2mod/base.sc2data/gamedata/abildata.xml	C:\Users\22448\Downloads\重生虫心0.71汉化版（新）\reborn_workrepo\合作指挥官版起义狂潮\Mods\XM\XMZeratul.SC2Mod\Base.SC2Data\GameData\AbilData.xml
PnPSingleTargetLockOn	CAbilEffectTarget	mods/starcoop/starcoop.sc2mod/base.sc2data/gamedata/abildata.xml	C:\Users\22448\Downloads\重生虫心0.71汉化版（新）\reborn_workrepo\合作指挥官版起义狂潮\Mods\XM\XMZeratul.SC2Mod\Base.SC2Data\GameData\AbilData.xml
ProtossBuild	CAbilBuild	mods/starcoop/starcoop.sc2mod/base.sc2data/gamedata/abildata.xml	C:\Users\22448\Downloads\重生虫心0.71汉化版（新）\reborn_workrepo\合作指挥官版起义狂潮\Mods\XM\XMZeratul.SC2Mod\Base.SC2Data\GameData\AbilData.xml
que5	CAbilQueue	mods/starcoop/starcoop.sc2mod/base.sc2data/gamedata/abildata.xml	C:\Users\22448\Downloads\重生虫心0.71汉化版（新）\reborn_workrepo\合作指挥官版起义狂潮\Mods\XM\XMZeratul.SC2Mod\Base.SC2Data\GameData\AbilData.xml
Rally	CAbilRally	mods/starcoop/starcoop.sc2mod/base.sc2data/gamedata/abildata.xml	C:\Users\22448\Downloads\重生虫心0.71汉化版（新）\reborn_workrepo\合作指挥官版起义狂潮\Mods\XM\XMZeratul.SC2Mod\Base.SC2Data\GameData\AbilData.xml
SiegeTankReborn	CAbilMorph	mods/starcoop/starcoop.sc2mod/base.sc2data/gamedata/abildata.xml	C:\Users\22448\Downloads\重生虫心0.71汉化版（新）\reborn_workrepo\合作指挥官版起义狂潮\Mods\XM\XMZeratul.SC2Mod\Base.SC2Data\GameData\AbilData.xml
SiegeTankWreckage	CAbilMorph	mods/starcoop/starcoop.sc2mod/base.sc2data/gamedata/abildata.xml	C:\Users\22448\Downloads\重生虫心0.71汉化版（新）\reborn_workrepo\合作指挥官版起义狂潮\Mods\XM\XMZeratul.SC2Mod\Base.SC2Data\GameData\AbilData.xml
StukovAleksanderCrashed	CAbilMorph	mods/starcoop/starcoop.sc2mod/base.sc2data/gamedata/abildata.xml	C:\Users\22448\Downloads\重生虫心0.71汉化版（新）\reborn_workrepo\合作指挥官版起义狂潮\Mods\XM\XMZeratul.SC2Mod\Base.SC2Data\GameData\AbilData.xml
StukovAleksanderCrashedInstant	CAbilEffectInstant	mods/starcoop/starcoop.sc2mod/base.sc2data/gamedata/abildata.xml	C:\Users\22448\Downloads\重生虫心0.71汉化版（新）\reborn_workrepo\合作指挥官版起义狂潮\Mods\XM\XMZeratul.SC2Mod\Base.SC2Data\GameData\AbilData.xml
Suicide	CAbilEffectInstant	mods/starcoop/starcoop.sc2mod/base.sc2data/gamedata/abildata.xml	C:\Users\22448\Downloads\重生虫心0.71汉化版（新）\reborn_workrepo\合作指挥官版起义狂潮\Mods\XM\XMZeratul.SC2Mod\Base.SC2Data\GameData\AbilData.xml
ThorRebornSwann	CAbilMorph	mods/starcoop/starcoop.sc2mod/base.sc2data/gamedata/abildata.xml	C:\Users\22448\Downloads\重生虫心0.71汉化版（新）\reborn_workrepo\合作指挥官版起义狂潮\Mods\XM\XMZeratul.SC2Mod\Base.SC2Data\GameData\AbilData.xml
ThorWreckageSwann	CAbilMorph	mods/starcoop/starcoop.sc2mod/base.sc2data/gamedata/abildata.xml	C:\Users\22448\Downloads\重生虫心0.71汉化版（新）\reborn_workrepo\合作指挥官版起义狂潮\Mods\XM\XMZeratul.SC2Mod\Base.SC2Data\GameData\AbilData.xml
VoidDarkTemplarShadowFury	CAbilAugment	mods/starcoop/starcoop.sc2mod/base.sc2data/gamedata/abildata.xml	C:\Users\22448\Downloads\重生虫心0.71汉化版（新）\reborn_workrepo\合作指挥官版起义狂潮\Mods\XM\XMZeratul.SC2Mod\Base.SC2Data\GameData\AbilData.xml
VoidSentryBlackHole	CAbilEffectTarget	mods/starcoop/starcoop.sc2mod/base.sc2data/gamedata/abildata.xml	C:\Users\22448\Downloads\重生虫心0.71汉化版（新）\reborn_workrepo\合作指挥官版起义狂潮\Mods\XM\XMZeratul.SC2Mod\Base.SC2Data\GameData\AbilData.xml
Colossus	CActorUnit	mods/starcoop/starcoop.sc2mod/base.sc2data/gamedata/actordata.xml	C:\Users\22448\Downloads\重生虫心0.71汉化版（新）\reborn_workrepo\合作指挥官版起义狂潮\Mods\XM\XMZeratul.SC2Mod\Base.SC2Data\GameData\ActorData.xml
ColossusPurifier	CActorUnit	mods/starcoop/starcoop.sc2mod/base.sc2data/gamedata/actordata.xml	C:\Users\22448\Downloads\重生虫心0.71汉化版（新）\reborn_workrepo\合作指挥官版起义狂潮\Mods\XM\XMZeratul.SC2Mod\Base.SC2Data\GameData\ActorData.xml
ColossusTaldarim	CActorUnit	mods/starcoop/starcoop.sc2mod/base.sc2data/gamedata/actordata.xml	C:\Users\22448\Downloads\重生虫心0.71汉化版（新）\reborn_workrepo\合作指挥官版起义狂潮\Mods\XM\XMZeratul.SC2Mod\Base.SC2Data\GameData\ActorData.xml
CommanderPrestigeZeratulTornadoesTornado	CActorUnit	mods/starcoop/starcoop.sc2mod/base.sc2data/gamedata/actordata.xml	C:\Users\22448\Downloads\重生虫心0.71汉化版（新）\reborn_workrepo\合作指挥官版起义狂潮\Mods\XM\XMZeratul.SC2Mod\Base.SC2Data\GameData\ActorData.xml
CommanderPrestigeZeratulVoidSeeker	CActorModel	mods/starcoop/starcoop.sc2mod/base.sc2data/gamedata/actordata.xml	C:\Users\22448\Downloads\重生虫心0.71汉化版（新）\reborn_workrepo\合作指挥官版起义狂潮\Mods\XM\XMZeratul.SC2Mod\Base.SC2Data\GameData\ActorData.xml
CommanderPrestigeZeratulVoidSeeker2	CActorSplat	mods/starcoop/starcoop.sc2mod/base.sc2data/gamedata/actordata.xml	C:\Users\22448\Downloads\重生虫心0.71汉化版（新）\reborn_workrepo\合作指挥官版起义狂潮\Mods\XM\XMZeratul.SC2Mod\Base.SC2Data\GameData\ActorData.xml
CommanderPrestigeZeratulVoidSeekerCloakingField	CActorModel	mods/starcoop/starcoop.sc2mod/base.sc2data/gamedata/actordata.xml	C:\Users\22448\Downloads\重生虫心0.71汉化版（新）\reborn_workrepo\合作指挥官版起义狂潮\Mods\XM\XMZeratul.SC2Mod\Base.SC2Data\GameData\ActorData.xml
CommanderPrestigeZeratulVoidSeekerSuperCloak	CActorModel	mods/starcoop/starcoop.sc2mod/base.sc2data/gamedata/actordata.xml	C:\Users\22448\Downloads\重生虫心0.71汉化版（新）\reborn_workrepo\合作指挥官版起义狂潮\Mods\XM\XMZeratul.SC2Mod\Base.SC2Data\GameData\ActorData.xml
CommanderPrestigeZeratulVoidSeekerUncloakSound	CActorSound	mods/starcoop/starcoop.sc2mod/base.sc2data/gamedata/actordata.xml	C:\Users\22448\Downloads\重生虫心0.71汉化版（新）\reborn_workrepo\合作指挥官版起义狂潮\Mods\XM\XMZeratul.SC2Mod\Base.SC2Data\GameData\ActorData.xml
DarkArchon	CActorUnit	mods/starcoop/starcoop.sc2mod/base.sc2data/gamedata/actordata.xml	C:\Users\22448\Downloads\重生虫心0.71汉化版（新）\reborn_workrepo\合作指挥官版起义狂潮\Mods\XM\XMZeratul.SC2Mod\Base.SC2Data\GameData\ActorData.xml
DarkPylon	CActorUnit	mods/starcoop/starcoop.sc2mod/base.sc2data/gamedata/actordata.xml	C:\Users\22448\Downloads\重生虫心0.71汉化版（新）\reborn_workrepo\合作指挥官版起义狂潮\Mods\XM\XMZeratul.SC2Mod\Base.SC2Data\GameData\ActorData.xml
DarkPylonWarpInSplat	CActorModel	mods/starcoop/starcoop.sc2mod/base.sc2data/gamedata/actordata.xml	C:\Users\22448\Downloads\重生虫心0.71汉化版（新）\reborn_workrepo\合作指挥官版起义狂潮\Mods\XM\XMZeratul.SC2Mod\Base.SC2Data\GameData\ActorData.xml
DarkTemplarShakuras	CActorUnit	mods/starcoop/starcoop.sc2mod/base.sc2data/gamedata/actordata.xml	C:\Users\22448\Downloads\重生虫心0.71汉化版（新）\reborn_workrepo\合作指挥官版起义狂潮\Mods\XM\XMZeratul.SC2Mod\Base.SC2Data\GameData\ActorData.xml
Gateway	CActorUnit	mods/starcoop/starcoop.sc2mod/base.sc2data/gamedata/actordata.xml	C:\Users\22448\Downloads\重生虫心0.71汉化版（新）\reborn_workrepo\合作指挥官版起义狂潮\Mods\XM\XMZeratul.SC2Mod\Base.SC2Data\GameData\ActorData.xml
GlazeShadow	CActorModelMaterial	mods/starcoop/starcoop.sc2mod/base.sc2data/gamedata/actordata.xml	C:\Users\22448\Downloads\重生虫心0.71汉化版（新）\reborn_workrepo\合作指挥官版起义狂潮\Mods\XM\XMZeratul.SC2Mod\Base.SC2Data\GameData\ActorData.xml
KhaydarinMonolith	CActorUnit	mods/starcoop/starcoop.sc2mod/base.sc2data/gamedata/actordata.xml	C:\Users\22448\Downloads\重生虫心0.71汉化版（新）\reborn_workrepo\合作指挥官版起义狂潮\Mods\XM\XMZeratul.SC2Mod\Base.SC2Data\GameData\ActorData.xml
MoebiusSeeker	CActorUnit	mods/starcoop/starcoop.sc2mod/base.sc2data/gamedata/actordata.xml	C:\Users\22448\Downloads\重生虫心0.71汉化版（新）\reborn_workrepo\合作指挥官版起义狂潮\Mods\XM\XMZeratul.SC2Mod\Base.SC2Data\GameData\ActorData.xml
MoebiusSeekerTint	CActorSimple	mods/starcoop/starcoop.sc2mod/base.sc2data/gamedata/actordata.xml	C:\Users\22448\Downloads\重生虫心0.71汉化版（新）\reborn_workrepo\合作指挥官版起义狂潮\Mods\XM\XMZeratul.SC2Mod\Base.SC2Data\GameData\ActorData.xml
MutatorAmonKhaydarinMonolith	CActorUnit	mods/starcoop/starcoop.sc2mod/base.sc2data/gamedata/actordata.xml	C:\Users\22448\Downloads\重生虫心0.71汉化版（新）\reborn_workrepo\合作指挥官版起义狂潮\Mods\XM\XMZeratul.SC2Mod\Base.SC2Data\GameData\ActorData.xml
MutatorAmonZeratul	CActorUnit	mods/starcoop/starcoop.sc2mod/base.sc2data/gamedata/actordata.xml	C:\Users\22448\Downloads\重生虫心0.71汉化版（新）\reborn_workrepo\合作指挥官版起义狂潮\Mods\XM\XMZeratul.SC2Mod\Base.SC2Data\GameData\ActorData.xml
MutatorGlazePortrait	CActorModelMaterial	mods/starcoop/starcoop.sc2mod/base.sc2data/gamedata/actordata.xml	C:\Users\22448\Downloads\重生虫心0.71汉化版（新）\reborn_workrepo\合作指挥官版起义狂潮\Mods\XM\XMZeratul.SC2Mod\Base.SC2Data\GameData\ActorData.xml
MutatorPortraitActor	CActorPortrait	mods/starcoop/starcoop.sc2mod/base.sc2data/gamedata/actordata.xml	C:\Users\22448\Downloads\重生虫心0.71汉化版（新）\reborn_workrepo\合作指挥官版起义狂潮\Mods\XM\XMZeratul.SC2Mod\Base.SC2Data\GameData\ActorData.xml
MutatorTornadoActorSound	CActorSound	mods/starcoop/starcoop.sc2mod/base.sc2data/gamedata/actordata.xml	C:\Users\22448\Downloads\重生虫心0.71汉化版（新）\reborn_workrepo\合作指挥官版起义狂潮\Mods\XM\XMZeratul.SC2Mod\Base.SC2Data\GameData\ActorData.xml
PlacementModel	CActorModel	mods/starcoop/starcoop.sc2mod/base.sc2data/gamedata/actordata.xml	C:\Users\22448\Downloads\重生虫心0.71汉化版（新）\reborn_workrepo\合作指挥官版起义狂潮\Mods\XM\XMZeratul.SC2Mod\Base.SC2Data\GameData\ActorData.xml
SiegeTankWreckage	CActorUnit	mods/starcoop/starcoop.sc2mod/base.sc2data/gamedata/actordata.xml	C:\Users\22448\Downloads\重生虫心0.71汉化版（新）\reborn_workrepo\合作指挥官版起义狂潮\Mods\XM\XMZeratul.SC2Mod\Base.SC2Data\GameData\ActorData.xml
SoACasterVorazun	CActorUnit	mods/starcoop/starcoop.sc2mod/base.sc2data/gamedata/actordata.xml	C:\Users\22448\Downloads\重生虫心0.71汉化版（新）\reborn_workrepo\合作指挥官版起义狂潮\Mods\XM\XMZeratul.SC2Mod\Base.SC2Data\GameData\ActorData.xml
StukovAleksanderCrashed	CActorUnit	mods/starcoop/starcoop.sc2mod/base.sc2data/gamedata/actordata.xml	C:\Users\22448\Downloads\重生虫心0.71汉化版（新）\reborn_workrepo\合作指挥官版起义狂潮\Mods\XM\XMZeratul.SC2Mod\Base.SC2Data\GameData\ActorData.xml
SuperCloak	CActorModel	mods/starcoop/starcoop.sc2mod/base.sc2data/gamedata/actordata.xml	C:\Users\22448\Downloads\重生虫心0.71汉化版（新）\reborn_workrepo\合作指挥官版起义狂潮\Mods\XM\XMZeratul.SC2Mod\Base.SC2Data\GameData\ActorData.xml
ThorWreckageSwann	CActorUnit	mods/starcoop/starcoop.sc2mod/base.sc2data/gamedata/actordata.xml	C:\Users\22448\Downloads\重生虫心0.71汉化版（新）\reborn_workrepo\合作指挥官版起义狂潮\Mods\XM\XMZeratul.SC2Mod\Base.SC2Data\GameData\ActorData.xml
VoidSentryBlackHole	CActorModel	mods/starcoop/starcoop.sc2mod/base.sc2data/gamedata/actordata.xml	C:\Users\22448\Downloads\重生虫心0.71汉化版（新）\reborn_workrepo\合作指挥官版起义狂潮\Mods\XM\XMZeratul.SC2Mod\Base.SC2Data\GameData\ActorData.xml
WarpGate	CActorUnit	mods/starcoop/starcoop.sc2mod/base.sc2data/gamedata/actordata.xml	C:\Users\22448\Downloads\重生虫心0.71汉化版（新）\reborn_workrepo\合作指挥官版起义狂潮\Mods\XM\XMZeratul.SC2Mod\Base.SC2Data\GameData\ActorData.xml
XelNaga_Amon_Temple	CActorDoodad	mods/starcoop/starcoop.sc2mod/base.sc2data/gamedata/actordata.xml	C:\Users\22448\Downloads\重生虫心0.71汉化版（新）\reborn_workrepo\合作指挥官版起义狂潮\Mods\XM\XMZeratul.SC2Mod\Base.SC2Data\GameData\ActorData.xml
XelNaga_Cavern_GroundPlates	CActorDoodad	mods/starcoop/starcoop.sc2mod/base.sc2data/gamedata/actordata.xml	C:\Users\22448\Downloads\重生虫心0.71汉化版（新）\reborn_workrepo\合作指挥官版起义狂潮\Mods\XM\XMZeratul.SC2Mod\Base.SC2Data\GameData\ActorData.xml
XelNaga_GroundPlates_TheVoid	CActorDoodad	mods/starcoop/starcoop.sc2mod/base.sc2data/gamedata/actordata.xml	C:\Users\22448\Downloads\重生虫心0.71汉化版（新）\reborn_workrepo\合作指挥官版起义狂潮\Mods\XM\XMZeratul.SC2Mod\Base.SC2Data\GameData\ActorData.xml
XelNagaConstructBeam_AttackLaunchSound	CActorSound	mods/starcoop/starcoop.sc2mod/base.sc2data/gamedata/actordata.xml	C:\Users\22448\Downloads\重生虫心0.71汉化版（新）\reborn_workrepo\合作指挥官版起义狂潮\Mods\XM\XMZeratul.SC2Mod\Base.SC2Data\GameData\ActorData.xml
XelNagaShrine	CActorUnit	mods/starcoop/starcoop.sc2mod/base.sc2data/gamedata/actordata.xml	C:\Users\22448\Downloads\重生虫心0.71汉化版（新）\reborn_workrepo\合作指挥官版起义狂潮\Mods\XM\XMZeratul.SC2Mod\Base.SC2Data\GameData\ActorData.xml
Zealot	CActorUnit	mods/starcoop/starcoop.sc2mod/base.sc2data/gamedata/actordata.xml	C:\Users\22448\Downloads\重生虫心0.71汉化版（新）\reborn_workrepo\合作指挥官版起义狂潮\Mods\XM\XMZeratul.SC2Mod\Base.SC2Data\GameData\ActorData.xml
Zeratul_AC_Construct_WarpFx_AS	CActorSound	mods/starcoop/starcoop.sc2mod/base.sc2data/gamedata/actordata.xml	C:\Users\22448\Downloads\重生虫心0.71汉化版（新）\reborn_workrepo\合作指挥官版起义狂潮\Mods\XM\XMZeratul.SC2Mod\Base.SC2Data\GameData\ActorData.xml
Zeratul_AC_EntropicBlast_AoE_AS	CActorSound	mods/starcoop/starcoop.sc2mod/base.sc2data/gamedata/actordata.xml	C:\Users\22448\Downloads\重生虫心0.71汉化版（新）\reborn_workrepo\合作指挥官版起义狂潮\Mods\XM\XMZeratul.SC2Mod\Base.SC2Data\GameData\ActorData.xml
Zeratul_VoidSeeker_FasterBy_AS	CActorSound	mods/starcoop/starcoop.sc2mod/base.sc2data/gamedata/actordata.xml	C:\Users\22448\Downloads\重生虫心0.71汉化版（新）\reborn_workrepo\合作指挥官版起义狂潮\Mods\XM\XMZeratul.SC2Mod\Base.SC2Data\GameData\ActorData.xml
Zeratul_VoidSeeker_FlyBy_AS	CActorSound	mods/starcoop/starcoop.sc2mod/base.sc2data/gamedata/actordata.xml	C:\Users\22448\Downloads\重生虫心0.71汉化版（新）\reborn_workrepo\合作指挥官版起义狂潮\Mods\XM\XMZeratul.SC2Mod\Base.SC2Data\GameData\ActorData.xml
ZeratulArtifact_CreationSound_AS	CActorSound	mods/starcoop/starcoop.sc2mod/base.sc2data/gamedata/actordata.xml	C:\Users\22448\Downloads\重生虫心0.71汉化版（新）\reborn_workrepo\合作指挥官版起义狂潮\Mods\XM\XMZeratul.SC2Mod\Base.SC2Data\GameData\ActorData.xml
ZeratulBlinkOut	CActorModel	mods/starcoop/starcoop.sc2mod/base.sc2data/gamedata/actordata.xml	C:\Users\22448\Downloads\重生虫心0.71汉化版（新）\reborn_workrepo\合作指挥官版起义狂潮\Mods\XM\XMZeratul.SC2Mod\Base.SC2Data\GameData\ActorData.xml
ZeratulStasisField_Off	CActorSound	mods/starcoop/starcoop.sc2mod/base.sc2data/gamedata/actordata.xml	C:\Users\22448\Downloads\重生虫心0.71汉化版（新）\reborn_workrepo\合作指挥官版起义狂潮\Mods\XM\XMZeratul.SC2Mod\Base.SC2Data\GameData\ActorData.xml
ZeratulStasisFieldImpactSound	CActorSound	mods/starcoop/starcoop.sc2mod/base.sc2data/gamedata/actordata.xml	C:\Users\22448\Downloads\重生虫心0.71汉化版（新）\reborn_workrepo\合作指挥官版起义狂潮\Mods\XM\XMZeratul.SC2Mod\Base.SC2Data\GameData\ActorData.xml
AllUnitBehaviorController	CBehaviorBuff	mods/starcoop/starcoop.sc2mod/base.sc2data/gamedata/behaviordata.xml	C:\Users\22448\Downloads\重生虫心0.71汉化版（新）\reborn_workrepo\合作指挥官版起义狂潮\Mods\XM\XMZeratul.SC2Mod\Base.SC2Data\GameData\BehaviorData.xml
ChronoBoostTarget	CBehaviorBuff	mods/starcoop/starcoop.sc2mod/base.sc2data/gamedata/behaviordata.xml	C:\Users\22448\Downloads\重生虫心0.71汉化版（新）\reborn_workrepo\合作指挥官版起义狂潮\Mods\XM\XMZeratul.SC2Mod\Base.SC2Data\GameData\BehaviorData.xml
CommanderPrestigeZeratulTornadoes	CBehaviorBuff	mods/starcoop/starcoop.sc2mod/base.sc2data/gamedata/behaviordata.xml	C:\Users\22448\Downloads\重生虫心0.71汉化版（新）\reborn_workrepo\合作指挥官版起义狂潮\Mods\XM\XMZeratul.SC2Mod\Base.SC2Data\GameData\BehaviorData.xml
CommanderPrestigeZeratulTornadoesDoT	CBehaviorBuff	mods/starcoop/starcoop.sc2mod/base.sc2data/gamedata/behaviordata.xml	C:\Users\22448\Downloads\重生虫心0.71汉化版（新）\reborn_workrepo\合作指挥官版起义狂潮\Mods\XM\XMZeratul.SC2Mod\Base.SC2Data\GameData\BehaviorData.xml
CommanderPrestigeZeratulTornadoesSlow	CBehaviorBuff	mods/starcoop/starcoop.sc2mod/base.sc2data/gamedata/behaviordata.xml	C:\Users\22448\Downloads\重生虫心0.71汉化版（新）\reborn_workrepo\合作指挥官版起义狂潮\Mods\XM\XMZeratul.SC2Mod\Base.SC2Data\GameData\BehaviorData.xml
CommanderPrestigeZeratulVoidSeekerSuperCloak	CBehaviorBuff	mods/starcoop/starcoop.sc2mod/base.sc2data/gamedata/behaviordata.xml	C:\Users\22448\Downloads\重生虫心0.71汉化版（新）\reborn_workrepo\合作指挥官版起义狂潮\Mods\XM\XMZeratul.SC2Mod\Base.SC2Data\GameData\BehaviorData.xml
DarkArchonMindControl	CBehaviorBuff	mods/starcoop/starcoop.sc2mod/base.sc2data/gamedata/behaviordata.xml	C:\Users\22448\Downloads\重生虫心0.71汉化版（新）\reborn_workrepo\合作指挥官版起义狂潮\Mods\XM\XMZeratul.SC2Mod\Base.SC2Data\GameData\BehaviorData.xml
HybridPnPMirrorImage	CBehaviorBuff	mods/starcoop/starcoop.sc2mod/base.sc2data/gamedata/behaviordata.xml	C:\Users\22448\Downloads\重生虫心0.71汉化版（新）\reborn_workrepo\合作指挥官版起义狂潮\Mods\XM\XMZeratul.SC2Mod\Base.SC2Data\GameData\BehaviorData.xml
MoebiusSeekerTint	CBehaviorBuff	mods/starcoop/starcoop.sc2mod/base.sc2data/gamedata/behaviordata.xml	C:\Users\22448\Downloads\重生虫心0.71汉化版（新）\reborn_workrepo\合作指挥官版起义狂潮\Mods\XM\XMZeratul.SC2Mod\Base.SC2Data\GameData\BehaviorData.xml
PreventKnockback	CBehaviorBuff	mods/starcoop/starcoop.sc2mod/base.sc2data/gamedata/behaviordata.xml	C:\Users\22448\Downloads\重生虫心0.71汉化版（新）\reborn_workrepo\合作指挥官版起义狂潮\Mods\XM\XMZeratul.SC2Mod\Base.SC2Data\GameData\BehaviorData.xml
SlaynElementalGrabAOEStun	System.Xml.XmlElement	mods/starcoop/starcoop.sc2mod/base.sc2data/gamedata/behaviordata.xml	C:\Users\22448\Downloads\重生虫心0.71汉化版（新）\reborn_workrepo\合作指挥官版起义狂潮\Mods\XM\XMZeratul.SC2Mod\Base.SC2Data\GameData\BehaviorData.xml
SlaynElementalGrabStun	CBehaviorBuff	mods/starcoop/starcoop.sc2mod/base.sc2data/gamedata/behaviordata.xml	C:\Users\22448\Downloads\重生虫心0.71汉化版（新）\reborn_workrepo\合作指挥官版起义狂潮\Mods\XM\XMZeratul.SC2Mod\Base.SC2Data\GameData\BehaviorData.xml
SOAMapWideChronoPassiveTarget	CBehaviorBuff	mods/starcoop/starcoop.sc2mod/base.sc2data/gamedata/behaviordata.xml	C:\Users\22448\Downloads\重生虫心0.71汉化版（新）\reborn_workrepo\合作指挥官版起义狂潮\Mods\XM\XMZeratul.SC2Mod\Base.SC2Data\GameData\BehaviorData.xml
SwannCommanderMechWreckageBurning	CBehaviorBuff	mods/starcoop/starcoop.sc2mod/base.sc2data/gamedata/behaviordata.xml	C:\Users\22448\Downloads\重生虫心0.71汉化版（新）\reborn_workrepo\合作指挥官版起义狂潮\Mods\XM\XMZeratul.SC2Mod\Base.SC2Data\GameData\BehaviorData.xml
TempShortInvulnerable	CBehaviorBuff	mods/starcoop/starcoop.sc2mod/base.sc2data/gamedata/behaviordata.xml	C:\Users\22448\Downloads\重生虫心0.71汉化版（新）\reborn_workrepo\合作指挥官版起义狂潮\Mods\XM\XMZeratul.SC2Mod\Base.SC2Data\GameData\BehaviorData.xml
TriggerInheritsParentBuffs	CBehaviorBuff	mods/starcoop/starcoop.sc2mod/base.sc2data/gamedata/behaviordata.xml	C:\Users\22448\Downloads\重生虫心0.71汉化版（新）\reborn_workrepo\合作指挥官版起义狂潮\Mods\XM\XMZeratul.SC2Mod\Base.SC2Data\GameData\BehaviorData.xml
VoidSentryBlackHole	CBehaviorBuff	mods/starcoop/starcoop.sc2mod/base.sc2data/gamedata/behaviordata.xml	C:\Users\22448\Downloads\重生虫心0.71汉化版（新）\reborn_workrepo\合作指挥官版起义狂潮\Mods\XM\XMZeratul.SC2Mod\Base.SC2Data\GameData\BehaviorData.xml
ZeratulStun	CBehaviorBuff	mods/starcoop/starcoop.sc2mod/base.sc2data/gamedata/behaviordata.xml	C:\Users\22448\Downloads\重生虫心0.71汉化版（新）\reborn_workrepo\合作指挥官版起义狂潮\Mods\XM\XMZeratul.SC2Mod\Base.SC2Data\GameData\BehaviorData.xml
ZeratulXelNagaConstructDevolveHeroic	CBehaviorBuff	mods/starcoop/starcoop.sc2mod/base.sc2data/gamedata/behaviordata.xml	C:\Users\22448\Downloads\重生虫心0.71汉化版（新）\reborn_workrepo\合作指挥官版起义狂潮\Mods\XM\XMZeratul.SC2Mod\Base.SC2Data\GameData\BehaviorData.xml
Charge	CButton	mods/starcoop/starcoop.sc2mod/base.sc2data/gamedata/buttondata.xml	C:\Users\22448\Downloads\重生虫心0.71汉化版（新）\reborn_workrepo\合作指挥官版起义狂潮\Mods\XM\XMZeratul.SC2Mod\Base.SC2Data\GameData\ButtonData.xml
CloakingField	CButton	mods/starcoop/starcoop.sc2mod/base.sc2data/gamedata/buttondata.xml	C:\Users\22448\Downloads\重生虫心0.71汉化版（新）\reborn_workrepo\合作指挥官版起义狂潮\Mods\XM\XMZeratul.SC2Mod\Base.SC2Data\GameData\ButtonData.xml
ColossusTaldarim	CButton	mods/starcoop/starcoop.sc2mod/base.sc2data/gamedata/buttondata.xml	C:\Users\22448\Downloads\重生虫心0.71汉化版（新）\reborn_workrepo\合作指挥官版起义狂潮\Mods\XM\XMZeratul.SC2Mod\Base.SC2Data\GameData\ButtonData.xml
CommanderVorazunDarkArchonPassiveLocked	CButton	mods/starcoop/starcoop.sc2mod/base.sc2data/gamedata/buttondata.xml	C:\Users\22448\Downloads\重生虫心0.71汉化版（新）\reborn_workrepo\合作指挥官版起义狂潮\Mods\XM\XMZeratul.SC2Mod\Base.SC2Data\GameData\ButtonData.xml
DarkArchon	CButton	mods/starcoop/starcoop.sc2mod/base.sc2data/gamedata/buttondata.xml	C:\Users\22448\Downloads\重生虫心0.71汉化版（新）\reborn_workrepo\合作指挥官版起义狂潮\Mods\XM\XMZeratul.SC2Mod\Base.SC2Data\GameData\ButtonData.xml
Gateway	CButton	mods/starcoop/starcoop.sc2mod/base.sc2data/gamedata/buttondata.xml	C:\Users\22448\Downloads\重生虫心0.71汉化版（新）\reborn_workrepo\合作指挥官版起义狂潮\Mods\XM\XMZeratul.SC2Mod\Base.SC2Data\GameData\ButtonData.xml
KhaydarinMonolith	CButton	mods/starcoop/starcoop.sc2mod/base.sc2data/gamedata/buttondata.xml	C:\Users\22448\Downloads\重生虫心0.71汉化版（新）\reborn_workrepo\合作指挥官版起义狂潮\Mods\XM\XMZeratul.SC2Mod\Base.SC2Data\GameData\ButtonData.xml
MutatorAmonShadowBlade	CButton	mods/starcoop/starcoop.sc2mod/base.sc2data/gamedata/buttondata.xml	C:\Users\22448\Downloads\重生虫心0.71汉化版（新）\reborn_workrepo\合作指挥官版起义狂潮\Mods\XM\XMZeratul.SC2Mod\Base.SC2Data\GameData\ButtonData.xml
MutatorAmonZeratulBlink	CButton	mods/starcoop/starcoop.sc2mod/base.sc2data/gamedata/buttondata.xml	C:\Users\22448\Downloads\重生虫心0.71汉化版（新）\reborn_workrepo\合作指挥官版起义狂潮\Mods\XM\XMZeratul.SC2Mod\Base.SC2Data\GameData\ButtonData.xml
PnPSingleTargetLockOn2	CButton	mods/starcoop/starcoop.sc2mod/base.sc2data/gamedata/buttondata.xml	C:\Users\22448\Downloads\重生虫心0.71汉化版（新）\reborn_workrepo\合作指挥官版起义狂潮\Mods\XM\XMZeratul.SC2Mod\Base.SC2Data\GameData\ButtonData.xml
ProtossBuild	CButton	mods/starcoop/starcoop.sc2mod/base.sc2data/gamedata/buttondata.xml	C:\Users\22448\Downloads\重生虫心0.71汉化版（新）\reborn_workrepo\合作指挥官版起义狂潮\Mods\XM\XMZeratul.SC2Mod\Base.SC2Data\GameData\ButtonData.xml
ResearchDarkArchonFullStartingEnergy	CButton	mods/starcoop/starcoop.sc2mod/base.sc2data/gamedata/buttondata.xml	C:\Users\22448\Downloads\重生虫心0.71汉化版（新）\reborn_workrepo\合作指挥官版起义狂潮\Mods\XM\XMZeratul.SC2Mod\Base.SC2Data\GameData\ButtonData.xml
ResearchDarkArchonFullStartingEnergyLocked	CButton	mods/starcoop/starcoop.sc2mod/base.sc2data/gamedata/buttondata.xml	C:\Users\22448\Downloads\重生虫心0.71汉化版（新）\reborn_workrepo\合作指挥官版起义狂潮\Mods\XM\XMZeratul.SC2Mod\Base.SC2Data\GameData\ButtonData.xml
ResearchDarkArchonMindControl	CButton	mods/starcoop/starcoop.sc2mod/base.sc2data/gamedata/buttondata.xml	C:\Users\22448\Downloads\重生虫心0.71汉化版（新）\reborn_workrepo\合作指挥官版起义狂潮\Mods\XM\XMZeratul.SC2Mod\Base.SC2Data\GameData\ButtonData.xml
ResearchDarkTemplarRecall	CButton	mods/starcoop/starcoop.sc2mod/base.sc2data/gamedata/buttondata.xml	C:\Users\22448\Downloads\重生虫心0.71汉化版（新）\reborn_workrepo\合作指挥官版起义狂潮\Mods\XM\XMZeratul.SC2Mod\Base.SC2Data\GameData\ButtonData.xml
ResearchMindControlLocked	CButton	mods/starcoop/starcoop.sc2mod/base.sc2data/gamedata/buttondata.xml	C:\Users\22448\Downloads\重生虫心0.71汉化版（新）\reborn_workrepo\合作指挥官版起义狂潮\Mods\XM\XMZeratul.SC2Mod\Base.SC2Data\GameData\ButtonData.xml
ResearchShadowDash	CButton	mods/starcoop/starcoop.sc2mod/base.sc2data/gamedata/buttondata.xml	C:\Users\22448\Downloads\重生虫心0.71汉化版（新）\reborn_workrepo\合作指挥官版起义狂潮\Mods\XM\XMZeratul.SC2Mod\Base.SC2Data\GameData\ButtonData.xml
ResearchShadowDashLocked	CButton	mods/starcoop/starcoop.sc2mod/base.sc2data/gamedata/buttondata.xml	C:\Users\22448\Downloads\重生虫心0.71汉化版（新）\reborn_workrepo\合作指挥官版起义狂潮\Mods\XM\XMZeratul.SC2Mod\Base.SC2Data\GameData\ButtonData.xml
ResearchShadowFury	CButton	mods/starcoop/starcoop.sc2mod/base.sc2data/gamedata/buttondata.xml	C:\Users\22448\Downloads\重生虫心0.71汉化版（新）\reborn_workrepo\合作指挥官版起义狂潮\Mods\XM\XMZeratul.SC2Mod\Base.SC2Data\GameData\ButtonData.xml
ResearchVoidStasis	CButton	mods/starcoop/starcoop.sc2mod/base.sc2data/gamedata/buttondata.xml	C:\Users\22448\Downloads\重生虫心0.71汉化版（新）\reborn_workrepo\合作指挥官版起义狂潮\Mods\XM\XMZeratul.SC2Mod\Base.SC2Data\GameData\ButtonData.xml
ResearchVoidStasisLocked	CButton	mods/starcoop/starcoop.sc2mod/base.sc2data/gamedata/buttondata.xml	C:\Users\22448\Downloads\重生虫心0.71汉化版（新）\reborn_workrepo\合作指挥官版起义狂潮\Mods\XM\XMZeratul.SC2Mod\Base.SC2Data\GameData\ButtonData.xml
Stargate	CButton	mods/starcoop/starcoop.sc2mod/base.sc2data/gamedata/buttondata.xml	C:\Users\22448\Downloads\重生虫心0.71汉化版（新）\reborn_workrepo\合作指挥官版起义狂潮\Mods\XM\XMZeratul.SC2Mod\Base.SC2Data\GameData\ButtonData.xml
Suicide	CButton	mods/starcoop/starcoop.sc2mod/base.sc2data/gamedata/buttondata.xml	C:\Users\22448\Downloads\重生虫心0.71汉化版（新）\reborn_workrepo\合作指挥官版起义狂潮\Mods\XM\XMZeratul.SC2Mod\Base.SC2Data\GameData\ButtonData.xml
VoidSentryBlackHole	CButton	mods/starcoop/starcoop.sc2mod/base.sc2data/gamedata/buttondata.xml	C:\Users\22448\Downloads\重生虫心0.71汉化版（新）\reborn_workrepo\合作指挥官版起义狂潮\Mods\XM\XMZeratul.SC2Mod\Base.SC2Data\GameData\ButtonData.xml
VoidStasis	CButton	mods/starcoop/starcoop.sc2mod/base.sc2data/gamedata/buttondata.xml	C:\Users\22448\Downloads\重生虫心0.71汉化版（新）\reborn_workrepo\合作指挥官版起义狂潮\Mods\XM\XMZeratul.SC2Mod\Base.SC2Data\GameData\ButtonData.xml
ZeratulBlink	CButton	mods/starcoop/starcoop.sc2mod/base.sc2data/gamedata/buttondata.xml	C:\Users\22448\Downloads\重生虫心0.71汉化版（新）\reborn_workrepo\合作指挥官版起义狂潮\Mods\XM\XMZeratul.SC2Mod\Base.SC2Data\GameData\ButtonData.xml
ZeratulDarkArchonMindControl	CButton	mods/starcoop/starcoop.sc2mod/base.sc2data/gamedata/buttondata.xml	C:\Users\22448\Downloads\重生虫心0.71汉化版（新）\reborn_workrepo\合作指挥官版起义狂潮\Mods\XM\XMZeratul.SC2Mod\Base.SC2Data\GameData\ButtonData.xml
ZeratulZorayaVoidPrismaticRange	CButton	mods/starcoop/starcoop.sc2mod/base.sc2data/gamedata/buttondata.xml	C:\Users\22448\Downloads\重生虫心0.71汉化版（新）\reborn_workrepo\合作指挥官版起义狂潮\Mods\XM\XMZeratul.SC2Mod\Base.SC2Data\GameData\ButtonData.xml
AllUnitBehaviorControllerSet	CEffectSet	mods/starcoop/starcoop.sc2mod/base.sc2data/gamedata/effectdata.xml	C:\Users\22448\Downloads\重生虫心0.71汉化版（新）\reborn_workrepo\合作指挥官版起义狂潮\Mods\XM\XMZeratul.SC2Mod\Base.SC2Data\GameData\EffectData.xml
AllUnitBehaviorControllerSubset1	CEffectSet	mods/starcoop/starcoop.sc2mod/base.sc2data/gamedata/effectdata.xml	C:\Users\22448\Downloads\重生虫心0.71汉化版（新）\reborn_workrepo\合作指挥官版起义狂潮\Mods\XM\XMZeratul.SC2Mod\Base.SC2Data\GameData\EffectData.xml
ChronoFieldBlackOpsBarracksAB	CEffectApplyBehavior	mods/starcoop/starcoop.sc2mod/base.sc2data/gamedata/effectdata.xml	C:\Users\22448\Downloads\重生虫心0.71汉化版（新）\reborn_workrepo\合作指挥官版起义狂潮\Mods\XM\XMZeratul.SC2Mod\Base.SC2Data\GameData\EffectData.xml
ChronoFieldBlackOpsFactoryAB	CEffectApplyBehavior	mods/starcoop/starcoop.sc2mod/base.sc2data/gamedata/effectdata.xml	C:\Users\22448\Downloads\重生虫心0.71汉化版（新）\reborn_workrepo\合作指挥官版起义狂潮\Mods\XM\XMZeratul.SC2Mod\Base.SC2Data\GameData\EffectData.xml
ChronoFieldBlackOpsSet	CEffectSet	mods/starcoop/starcoop.sc2mod/base.sc2data/gamedata/effectdata.xml	C:\Users\22448\Downloads\重生虫心0.71汉化版（新）\reborn_workrepo\合作指挥官版起义狂潮\Mods\XM\XMZeratul.SC2Mod\Base.SC2Data\GameData\EffectData.xml
ChronoFieldBlackOpsStarportAB	CEffectApplyBehavior	mods/starcoop/starcoop.sc2mod/base.sc2data/gamedata/effectdata.xml	C:\Users\22448\Downloads\重生虫心0.71汉化版（新）\reborn_workrepo\合作指挥官版起义狂潮\Mods\XM\XMZeratul.SC2Mod\Base.SC2Data\GameData\EffectData.xml
ChronoFieldHHStarportAB	CEffectApplyBehavior	mods/starcoop/starcoop.sc2mod/base.sc2data/gamedata/effectdata.xml	C:\Users\22448\Downloads\重生虫心0.71汉化版（新）\reborn_workrepo\合作指挥官版起义狂潮\Mods\XM\XMZeratul.SC2Mod\Base.SC2Data\GameData\EffectData.xml
CloakingField	CEffectApplyBehavior	mods/starcoop/starcoop.sc2mod/base.sc2data/gamedata/effectdata.xml	C:\Users\22448\Downloads\重生虫心0.71汉化版（新）\reborn_workrepo\合作指挥官版起义狂潮\Mods\XM\XMZeratul.SC2Mod\Base.SC2Data\GameData\EffectData.xml
CommanderPrestigeZeratulTornadoesCU	CEffectCreateUnit	mods/starcoop/starcoop.sc2mod/base.sc2data/gamedata/effectdata.xml	C:\Users\22448\Downloads\重生虫心0.71汉化版（新）\reborn_workrepo\合作指挥官版起义狂潮\Mods\XM\XMZeratul.SC2Mod\Base.SC2Data\GameData\EffectData.xml
CommanderPrestigeZeratulTornadoesDamage	CEffectDamage	mods/starcoop/starcoop.sc2mod/base.sc2data/gamedata/effectdata.xml	C:\Users\22448\Downloads\重生虫心0.71汉化版（新）\reborn_workrepo\合作指挥官版起义狂潮\Mods\XM\XMZeratul.SC2Mod\Base.SC2Data\GameData\EffectData.xml
CommanderPrestigeZeratulTornadoesDoT	CEffectApplyBehavior	mods/starcoop/starcoop.sc2mod/base.sc2data/gamedata/effectdata.xml	C:\Users\22448\Downloads\重生虫心0.71汉化版（新）\reborn_workrepo\合作指挥官版起义狂潮\Mods\XM\XMZeratul.SC2Mod\Base.SC2Data\GameData\EffectData.xml
CommanderPrestigeZeratulTornadoesDummyWeapon	CEffectSet	mods/starcoop/starcoop.sc2mod/base.sc2data/gamedata/effectdata.xml	C:\Users\22448\Downloads\重生虫心0.71汉化版（新）\reborn_workrepo\合作指挥官版起义狂潮\Mods\XM\XMZeratul.SC2Mod\Base.SC2Data\GameData\EffectData.xml
CommanderPrestigeZeratulTornadoesImpactSet	CEffectSet	mods/starcoop/starcoop.sc2mod/base.sc2data/gamedata/effectdata.xml	C:\Users\22448\Downloads\重生虫心0.71汉化版（新）\reborn_workrepo\合作指挥官版起义狂潮\Mods\XM\XMZeratul.SC2Mod\Base.SC2Data\GameData\EffectData.xml
CommanderPrestigeZeratulTornadoesLM	CEffectLaunchMissile	mods/starcoop/starcoop.sc2mod/base.sc2data/gamedata/effectdata.xml	C:\Users\22448\Downloads\重生虫心0.71汉化版（新）\reborn_workrepo\合作指挥官版起义狂潮\Mods\XM\XMZeratul.SC2Mod\Base.SC2Data\GameData\EffectData.xml
CommanderPrestigeZeratulTornadoesLMSearch	CEffectEnumArea	mods/starcoop/starcoop.sc2mod/base.sc2data/gamedata/effectdata.xml	C:\Users\22448\Downloads\重生虫心0.71汉化版（新）\reborn_workrepo\合作指挥官版起义狂潮\Mods\XM\XMZeratul.SC2Mod\Base.SC2Data\GameData\EffectData.xml
CommanderPrestigeZeratulTornadoesSearch	CEffectEnumArea	mods/starcoop/starcoop.sc2mod/base.sc2data/gamedata/effectdata.xml	C:\Users\22448\Downloads\重生虫心0.71汉化版（新）\reborn_workrepo\合作指挥官版起义狂潮\Mods\XM\XMZeratul.SC2Mod\Base.SC2Data\GameData\EffectData.xml
CommanderPrestigeZeratulTornadoesSlow	CEffectApplyBehavior	mods/starcoop/starcoop.sc2mod/base.sc2data/gamedata/effectdata.xml	C:\Users\22448\Downloads\重生虫心0.71汉化版（新）\reborn_workrepo\合作指挥官版起义狂潮\Mods\XM\XMZeratul.SC2Mod\Base.SC2Data\GameData\EffectData.xml
CommanderPrestigeZeratulVoidSeekerSuperCloak	CEffectApplyBehavior	mods/starcoop/starcoop.sc2mod/base.sc2data/gamedata/effectdata.xml	C:\Users\22448\Downloads\重生虫心0.71汉化版（新）\reborn_workrepo\合作指挥官版起义狂潮\Mods\XM\XMZeratul.SC2Mod\Base.SC2Data\GameData\EffectData.xml
CommanderPrestigeZeratulVoidSeekerSuperCloakCP	CEffectCreatePersistent	mods/starcoop/starcoop.sc2mod/base.sc2data/gamedata/effectdata.xml	C:\Users\22448\Downloads\重生虫心0.71汉化版（新）\reborn_workrepo\合作指挥官版起义狂潮\Mods\XM\XMZeratul.SC2Mod\Base.SC2Data\GameData\EffectData.xml
CommanderPrestigeZeratulVoidSeekerSuperCloakSearch	CEffectEnumArea	mods/starcoop/starcoop.sc2mod/base.sc2data/gamedata/effectdata.xml	C:\Users\22448\Downloads\重生虫心0.71汉化版（新）\reborn_workrepo\合作指挥官版起义狂潮\Mods\XM\XMZeratul.SC2Mod\Base.SC2Data\GameData\EffectData.xml
HornerStunResistanceAB	CEffectApplyBehavior	mods/starcoop/starcoop.sc2mod/base.sc2data/gamedata/effectdata.xml	C:\Users\22448\Downloads\重生虫心0.71汉化版（新）\reborn_workrepo\合作指挥官版起义狂潮\Mods\XM\XMZeratul.SC2Mod\Base.SC2Data\GameData\EffectData.xml
MasteryNovaArmyOOCRegenSpeedAB	CEffectApplyBehavior	mods/starcoop/starcoop.sc2mod/base.sc2data/gamedata/effectdata.xml	C:\Users\22448\Downloads\重生虫心0.71汉化版（新）\reborn_workrepo\合作指挥官版起义狂潮\Mods\XM\XMZeratul.SC2Mod\Base.SC2Data\GameData\EffectData.xml
MoebiusSeekerLaunchTintCP	CEffectCreatePersistent	mods/starcoop/starcoop.sc2mod/base.sc2data/gamedata/effectdata.xml	C:\Users\22448\Downloads\重生虫心0.71汉化版（新）\reborn_workrepo\合作指挥官版起义狂潮\Mods\XM\XMZeratul.SC2Mod\Base.SC2Data\GameData\EffectData.xml
MoebiusSeekerTintApplyBehavior	CEffectApplyBehavior	mods/starcoop/starcoop.sc2mod/base.sc2data/gamedata/effectdata.xml	C:\Users\22448\Downloads\重生虫心0.71汉化版（新）\reborn_workrepo\合作指挥官版起义狂潮\Mods\XM\XMZeratul.SC2Mod\Base.SC2Data\GameData\EffectData.xml
MutatorAmonKhaydarinMonolith	CEffectCreateUnit	mods/starcoop/starcoop.sc2mod/base.sc2data/gamedata/effectdata.xml	C:\Users\22448\Downloads\重生虫心0.71汉化版（新）\reborn_workrepo\合作指挥官版起义狂潮\Mods\XM\XMZeratul.SC2Mod\Base.SC2Data\GameData\EffectData.xml
MutatorAmonPrologueZeratul	CEffectDamage	mods/starcoop/starcoop.sc2mod/base.sc2data/gamedata/effectdata.xml	C:\Users\22448\Downloads\重生虫心0.71汉化版（新）\reborn_workrepo\合作指挥官版起义狂潮\Mods\XM\XMZeratul.SC2Mod\Base.SC2Data\GameData\EffectData.xml
MutatorAmonShadowBladeDamage	CEffectDamage	mods/starcoop/starcoop.sc2mod/base.sc2data/gamedata/effectdata.xml	C:\Users\22448\Downloads\重生虫心0.71汉化版（新）\reborn_workrepo\合作指挥官版起义狂潮\Mods\XM\XMZeratul.SC2Mod\Base.SC2Data\GameData\EffectData.xml
MutatorAmonZeratulBlink	CEffectTeleport	mods/starcoop/starcoop.sc2mod/base.sc2data/gamedata/effectdata.xml	C:\Users\22448\Downloads\重生虫心0.71汉化版（新）\reborn_workrepo\合作指挥官版起义狂潮\Mods\XM\XMZeratul.SC2Mod\Base.SC2Data\GameData\EffectData.xml
NovaStunResistanceAB	CEffectApplyBehavior	mods/starcoop/starcoop.sc2mod/base.sc2data/gamedata/effectdata.xml	C:\Users\22448\Downloads\重生虫心0.71汉化版（新）\reborn_workrepo\合作指挥官版起义狂潮\Mods\XM\XMZeratul.SC2Mod\Base.SC2Data\GameData\EffectData.xml
OnDeathControllerDeathPreventAB	CEffectApplyBehavior	mods/starcoop/starcoop.sc2mod/base.sc2data/gamedata/effectdata.xml	C:\Users\22448\Downloads\重生虫心0.71汉化版（新）\reborn_workrepo\合作指挥官版起义狂潮\Mods\XM\XMZeratul.SC2Mod\Base.SC2Data\GameData\EffectData.xml
PnPSingleTargetLockOnActorKeepAlivePersistent	CEffectCreatePersistent	mods/starcoop/starcoop.sc2mod/base.sc2data/gamedata/effectdata.xml	C:\Users\22448\Downloads\重生虫心0.71汉化版（新）\reborn_workrepo\合作指挥官版起义狂潮\Mods\XM\XMZeratul.SC2Mod\Base.SC2Data\GameData\EffectData.xml
PnPSingleTargetLockOnActorKeepAlivePersistentImpactDummy	CEffectModifyUnit	mods/starcoop/starcoop.sc2mod/base.sc2data/gamedata/effectdata.xml	C:\Users\22448\Downloads\重生虫心0.71汉化版（新）\reborn_workrepo\合作指挥官版起义狂潮\Mods\XM\XMZeratul.SC2Mod\Base.SC2Data\GameData\EffectData.xml
PnPSingleTargetLockOnPersistent	CEffectCreatePersistent	mods/starcoop/starcoop.sc2mod/base.sc2data/gamedata/effectdata.xml	C:\Users\22448\Downloads\重生虫心0.71汉化版（新）\reborn_workrepo\合作指挥官版起义狂潮\Mods\XM\XMZeratul.SC2Mod\Base.SC2Data\GameData\EffectData.xml
PnPSingleTargetLockOnPersistentSet	CEffectSet	mods/starcoop/starcoop.sc2mod/base.sc2data/gamedata/effectdata.xml	C:\Users\22448\Downloads\重生虫心0.71汉化版（新）\reborn_workrepo\合作指挥官版起义狂潮\Mods\XM\XMZeratul.SC2Mod\Base.SC2Data\GameData\EffectData.xml
PnPSingleTargetLockOnSearch	CEffectEnumArea	mods/starcoop/starcoop.sc2mod/base.sc2data/gamedata/effectdata.xml	C:\Users\22448\Downloads\重生虫心0.71汉化版（新）\reborn_workrepo\合作指挥官版起义狂潮\Mods\XM\XMZeratul.SC2Mod\Base.SC2Data\GameData\EffectData.xml
PnPSingleTargetLockOnSecondaryPersistent	CEffectCreatePersistent	mods/starcoop/starcoop.sc2mod/base.sc2data/gamedata/effectdata.xml	C:\Users\22448\Downloads\重生虫心0.71汉化版（新）\reborn_workrepo\合作指挥官版起义狂潮\Mods\XM\XMZeratul.SC2Mod\Base.SC2Data\GameData\EffectData.xml
SlaynElementalGrabAOEImpactAirCU100	CEffectCreateUnit	mods/starcoop/starcoop.sc2mod/base.sc2data/gamedata/effectdata.xml	C:\Users\22448\Downloads\重生虫心0.71汉化版（新）\reborn_workrepo\合作指挥官版起义狂潮\Mods\XM\XMZeratul.SC2Mod\Base.SC2Data\GameData\EffectData.xml
SlaynElementalGrabAOEImpactAirCU125	CEffectCreateUnit	mods/starcoop/starcoop.sc2mod/base.sc2data/gamedata/effectdata.xml	C:\Users\22448\Downloads\重生虫心0.71汉化版（新）\reborn_workrepo\合作指挥官版起义狂潮\Mods\XM\XMZeratul.SC2Mod\Base.SC2Data\GameData\EffectData.xml
SlaynElementalGrabAOEImpactAirCU150	CEffectCreateUnit	mods/starcoop/starcoop.sc2mod/base.sc2data/gamedata/effectdata.xml	C:\Users\22448\Downloads\重生虫心0.71汉化版（新）\reborn_workrepo\合作指挥官版起义狂潮\Mods\XM\XMZeratul.SC2Mod\Base.SC2Data\GameData\EffectData.xml
SlaynElementalGrabAOEImpactAirCU175	CEffectCreateUnit	mods/starcoop/starcoop.sc2mod/base.sc2data/gamedata/effectdata.xml	C:\Users\22448\Downloads\重生虫心0.71汉化版（新）\reborn_workrepo\合作指挥官版起义狂潮\Mods\XM\XMZeratul.SC2Mod\Base.SC2Data\GameData\EffectData.xml
SlaynElementalGrabAOEImpactAirCU200	CEffectCreateUnit	mods/starcoop/starcoop.sc2mod/base.sc2data/gamedata/effectdata.xml	C:\Users\22448\Downloads\重生虫心0.71汉化版（新）\reborn_workrepo\合作指挥官版起义狂潮\Mods\XM\XMZeratul.SC2Mod\Base.SC2Data\GameData\EffectData.xml
SlaynElementalGrabAOEImpactAirCU225	CEffectCreateUnit	mods/starcoop/starcoop.sc2mod/base.sc2data/gamedata/effectdata.xml	C:\Users\22448\Downloads\重生虫心0.71汉化版（新）\reborn_workrepo\合作指挥官版起义狂潮\Mods\XM\XMZeratul.SC2Mod\Base.SC2Data\GameData\EffectData.xml
SlaynElementalGrabAOEImpactAirCU25	CEffectCreateUnit	mods/starcoop/starcoop.sc2mod/base.sc2data/gamedata/effectdata.xml	C:\Users\22448\Downloads\重生虫心0.71汉化版（新）\reborn_workrepo\合作指挥官版起义狂潮\Mods\XM\XMZeratul.SC2Mod\Base.SC2Data\GameData\EffectData.xml
SlaynElementalGrabAOEImpactAirCU250	CEffectCreateUnit	mods/starcoop/starcoop.sc2mod/base.sc2data/gamedata/effectdata.xml	C:\Users\22448\Downloads\重生虫心0.71汉化版（新）\reborn_workrepo\合作指挥官版起义狂潮\Mods\XM\XMZeratul.SC2Mod\Base.SC2Data\GameData\EffectData.xml
SlaynElementalGrabAOEImpactAirCU50	CEffectCreateUnit	mods/starcoop/starcoop.sc2mod/base.sc2data/gamedata/effectdata.xml	C:\Users\22448\Downloads\重生虫心0.71汉化版（新）\reborn_workrepo\合作指挥官版起义狂潮\Mods\XM\XMZeratul.SC2Mod\Base.SC2Data\GameData\EffectData.xml
SlaynElementalGrabAOEImpactAirCU75	CEffectCreateUnit	mods/starcoop/starcoop.sc2mod/base.sc2data/gamedata/effectdata.xml	C:\Users\22448\Downloads\重生虫心0.71汉化版（新）\reborn_workrepo\合作指挥官版起义狂潮\Mods\XM\XMZeratul.SC2Mod\Base.SC2Data\GameData\EffectData.xml
SlaynElementalGrabAOEImpactAirCUSwitch	CEffectSwitch	mods/starcoop/starcoop.sc2mod/base.sc2data/gamedata/effectdata.xml	C:\Users\22448\Downloads\重生虫心0.71汉化版（新）\reborn_workrepo\合作指挥官版起义狂潮\Mods\XM\XMZeratul.SC2Mod\Base.SC2Data\GameData\EffectData.xml
SlaynElementalGrabAOEImpactCP	CEffectCreatePersistent	mods/starcoop/starcoop.sc2mod/base.sc2data/gamedata/effectdata.xml	C:\Users\22448\Downloads\重生虫心0.71汉化版（新）\reborn_workrepo\合作指挥官版起义狂潮\Mods\XM\XMZeratul.SC2Mod\Base.SC2Data\GameData\EffectData.xml
SlaynElementalGrabAOEImpactGroundCU100	CEffectCreateUnit	mods/starcoop/starcoop.sc2mod/base.sc2data/gamedata/effectdata.xml	C:\Users\22448\Downloads\重生虫心0.71汉化版（新）\reborn_workrepo\合作指挥官版起义狂潮\Mods\XM\XMZeratul.SC2Mod\Base.SC2Data\GameData\EffectData.xml
SlaynElementalGrabAOEImpactGroundCU125	CEffectCreateUnit	mods/starcoop/starcoop.sc2mod/base.sc2data/gamedata/effectdata.xml	C:\Users\22448\Downloads\重生虫心0.71汉化版（新）\reborn_workrepo\合作指挥官版起义狂潮\Mods\XM\XMZeratul.SC2Mod\Base.SC2Data\GameData\EffectData.xml
SlaynElementalGrabAOEImpactGroundCU150	CEffectCreateUnit	mods/starcoop/starcoop.sc2mod/base.sc2data/gamedata/effectdata.xml	C:\Users\22448\Downloads\重生虫心0.71汉化版（新）\reborn_workrepo\合作指挥官版起义狂潮\Mods\XM\XMZeratul.SC2Mod\Base.SC2Data\GameData\EffectData.xml
SlaynElementalGrabAOEImpactGroundCU175	CEffectCreateUnit	mods/starcoop/starcoop.sc2mod/base.sc2data/gamedata/effectdata.xml	C:\Users\22448\Downloads\重生虫心0.71汉化版（新）\reborn_workrepo\合作指挥官版起义狂潮\Mods\XM\XMZeratul.SC2Mod\Base.SC2Data\GameData\EffectData.xml
SlaynElementalGrabAOEImpactGroundCU200	CEffectCreateUnit	mods/starcoop/starcoop.sc2mod/base.sc2data/gamedata/effectdata.xml	C:\Users\22448\Downloads\重生虫心0.71汉化版（新）\reborn_workrepo\合作指挥官版起义狂潮\Mods\XM\XMZeratul.SC2Mod\Base.SC2Data\GameData\EffectData.xml
SlaynElementalGrabAOEImpactGroundCU225	CEffectCreateUnit	mods/starcoop/starcoop.sc2mod/base.sc2data/gamedata/effectdata.xml	C:\Users\22448\Downloads\重生虫心0.71汉化版（新）\reborn_workrepo\合作指挥官版起义狂潮\Mods\XM\XMZeratul.SC2Mod\Base.SC2Data\GameData\EffectData.xml
SlaynElementalGrabAOEImpactGroundCU25	CEffectCreateUnit	mods/starcoop/starcoop.sc2mod/base.sc2data/gamedata/effectdata.xml	C:\Users\22448\Downloads\重生虫心0.71汉化版（新）\reborn_workrepo\合作指挥官版起义狂潮\Mods\XM\XMZeratul.SC2Mod\Base.SC2Data\GameData\EffectData.xml
SlaynElementalGrabAOEImpactGroundCU250	CEffectCreateUnit	mods/starcoop/starcoop.sc2mod/base.sc2data/gamedata/effectdata.xml	C:\Users\22448\Downloads\重生虫心0.71汉化版（新）\reborn_workrepo\合作指挥官版起义狂潮\Mods\XM\XMZeratul.SC2Mod\Base.SC2Data\GameData\EffectData.xml
SlaynElementalGrabAOEImpactGroundCU50	CEffectCreateUnit	mods/starcoop/starcoop.sc2mod/base.sc2data/gamedata/effectdata.xml	C:\Users\22448\Downloads\重生虫心0.71汉化版（新）\reborn_workrepo\合作指挥官版起义狂潮\Mods\XM\XMZeratul.SC2Mod\Base.SC2Data\GameData\EffectData.xml
SlaynElementalGrabAOEImpactGroundCU75	CEffectCreateUnit	mods/starcoop/starcoop.sc2mod/base.sc2data/gamedata/effectdata.xml	C:\Users\22448\Downloads\重生虫心0.71汉化版（新）\reborn_workrepo\合作指挥官版起义狂潮\Mods\XM\XMZeratul.SC2Mod\Base.SC2Data\GameData\EffectData.xml
SlaynElementalGrabAOEImpactGroundCUColossi	CEffectCreateUnit	mods/starcoop/starcoop.sc2mod/base.sc2data/gamedata/effectdata.xml	C:\Users\22448\Downloads\重生虫心0.71汉化版（新）\reborn_workrepo\合作指挥官版起义狂潮\Mods\XM\XMZeratul.SC2Mod\Base.SC2Data\GameData\EffectData.xml
SlaynElementalGrabAOEImpactGroundCUMonolith	CEffectCreateUnit	mods/starcoop/starcoop.sc2mod/base.sc2data/gamedata/effectdata.xml	C:\Users\22448\Downloads\重生虫心0.71汉化版（新）\reborn_workrepo\合作指挥官版起义狂潮\Mods\XM\XMZeratul.SC2Mod\Base.SC2Data\GameData\EffectData.xml
SlaynElementalGrabAOEImpactGroundCUSwitch	CEffectSwitch	mods/starcoop/starcoop.sc2mod/base.sc2data/gamedata/effectdata.xml	C:\Users\22448\Downloads\重生虫心0.71汉化版（新）\reborn_workrepo\合作指挥官版起义狂潮\Mods\XM\XMZeratul.SC2Mod\Base.SC2Data\GameData\EffectData.xml
SlaynElementalGrabAOELM	CEffectLaunchMissile	mods/starcoop/starcoop.sc2mod/base.sc2data/gamedata/effectdata.xml	C:\Users\22448\Downloads\重生虫心0.71汉化版（新）\reborn_workrepo\合作指挥官版起义狂潮\Mods\XM\XMZeratul.SC2Mod\Base.SC2Data\GameData\EffectData.xml
SlaynElementalGrabAOEStunAB	CEffectApplyBehavior	mods/starcoop/starcoop.sc2mod/base.sc2data/gamedata/effectdata.xml	C:\Users\22448\Downloads\重生虫心0.71汉化版（新）\reborn_workrepo\合作指挥官版起义狂潮\Mods\XM\XMZeratul.SC2Mod\Base.SC2Data\GameData\EffectData.xml
SlaynElementalGrabAOEStunDrainDamage	CEffectDamage	mods/starcoop/starcoop.sc2mod/base.sc2data/gamedata/effectdata.xml	C:\Users\22448\Downloads\重生虫心0.71汉化版（新）\reborn_workrepo\合作指挥官版起义狂潮\Mods\XM\XMZeratul.SC2Mod\Base.SC2Data\GameData\EffectData.xml
SlaynElementalGrabAOEStunSet	CEffectSet	mods/starcoop/starcoop.sc2mod/base.sc2data/gamedata/effectdata.xml	C:\Users\22448\Downloads\重生虫心0.71汉化版（新）\reborn_workrepo\合作指挥官版起义狂潮\Mods\XM\XMZeratul.SC2Mod\Base.SC2Data\GameData\EffectData.xml
SlaynElementalGrabImpactAOESwitch	CEffectSwitch	mods/starcoop/starcoop.sc2mod/base.sc2data/gamedata/effectdata.xml	C:\Users\22448\Downloads\重生虫心0.71汉化版（新）\reborn_workrepo\合作指挥官版起义狂潮\Mods\XM\XMZeratul.SC2Mod\Base.SC2Data\GameData\EffectData.xml
SlaynElementalKillGrabAOEUnit	CEffectDamage	mods/starcoop/starcoop.sc2mod/base.sc2data/gamedata/effectdata.xml	C:\Users\22448\Downloads\重生虫心0.71汉化版（新）\reborn_workrepo\合作指挥官版起义狂潮\Mods\XM\XMZeratul.SC2Mod\Base.SC2Data\GameData\EffectData.xml
SOAMapWideChronoPassiveTarget	CEffectApplyBehavior	mods/starcoop/starcoop.sc2mod/base.sc2data/gamedata/effectdata.xml	C:\Users\22448\Downloads\重生虫心0.71汉化版（新）\reborn_workrepo\合作指挥官版起义狂潮\Mods\XM\XMZeratul.SC2Mod\Base.SC2Data\GameData\EffectData.xml
StukovAleksanderCrashedDamageSearch	CEffectEnumArea	mods/starcoop/starcoop.sc2mod/base.sc2data/gamedata/effectdata.xml	C:\Users\22448\Downloads\重生虫心0.71汉化版（新）\reborn_workrepo\合作指挥官版起义狂潮\Mods\XM\XMZeratul.SC2Mod\Base.SC2Data\GameData\EffectData.xml
SwannCommanderMechWreckageBurningDamage	CEffectDamage	mods/starcoop/starcoop.sc2mod/base.sc2data/gamedata/effectdata.xml	C:\Users\22448\Downloads\重生虫心0.71汉化版（新）\reborn_workrepo\合作指挥官版起义狂潮\Mods\XM\XMZeratul.SC2Mod\Base.SC2Data\GameData\EffectData.xml
TimeStopHasteAB	CEffectApplyBehavior	mods/starcoop/starcoop.sc2mod/base.sc2data/gamedata/effectdata.xml	C:\Users\22448\Downloads\重生虫心0.71汉化版（新）\reborn_workrepo\合作指挥官版起义狂潮\Mods\XM\XMZeratul.SC2Mod\Base.SC2Data\GameData\EffectData.xml
UnityBarrierBootstrapper	CEffectSet	mods/starcoop/starcoop.sc2mod/base.sc2data/gamedata/effectdata.xml	C:\Users\22448\Downloads\重生虫心0.71汉化版（新）\reborn_workrepo\合作指挥官版起义狂潮\Mods\XM\XMZeratul.SC2Mod\Base.SC2Data\GameData\EffectData.xml
Upgrade	CEffectModifyPlayer	mods/starcoop/starcoop.sc2mod/base.sc2data/gamedata/effectdata.xml	C:\Users\22448\Downloads\重生虫心0.71汉化版（新）\reborn_workrepo\合作指挥官版起义狂潮\Mods\XM\XMZeratul.SC2Mod\Base.SC2Data\GameData\EffectData.xml
VorazunCloakDamageBoostPermanentAB	CEffectApplyBehavior	mods/starcoop/starcoop.sc2mod/base.sc2data/gamedata/effectdata.xml	C:\Users\22448\Downloads\重生虫心0.71汉化版（新）\reborn_workrepo\合作指挥官版起义狂潮\Mods\XM\XMZeratul.SC2Mod\Base.SC2Data\GameData\EffectData.xml
XelNagaConstructDamage	CEffectDamage	mods/starcoop/starcoop.sc2mod/base.sc2data/gamedata/effectdata.xml	C:\Users\22448\Downloads\重生虫心0.71汉化版（新）\reborn_workrepo\合作指挥官版起义狂潮\Mods\XM\XMZeratul.SC2Mod\Base.SC2Data\GameData\EffectData.xml
ZeratulArtifactLimitDummy	CEffectDamage	mods/starcoop/starcoop.sc2mod/base.sc2data/gamedata/effectdata.xml	C:\Users\22448\Downloads\重生虫心0.71汉化版（新）\reborn_workrepo\合作指挥官版起义狂潮\Mods\XM\XMZeratul.SC2Mod\Base.SC2Data\GameData\EffectData.xml
ZeratulShadowCleaveSet	CEffectSet	mods/starcoop/starcoop.sc2mod/base.sc2data/gamedata/effectdata.xml	C:\Users\22448\Downloads\重生虫心0.71汉化版（新）\reborn_workrepo\合作指挥官版起义狂潮\Mods\XM\XMZeratul.SC2Mod\Base.SC2Data\GameData\EffectData.xml
ZeratulWarpPrismAutoUnload	CEffectIssueOrder	mods/starcoop/starcoop.sc2mod/base.sc2data/gamedata/effectdata.xml	C:\Users\22448\Downloads\重生虫心0.71汉化版（新）\reborn_workrepo\合作指挥官版起义狂潮\Mods\XM\XMZeratul.SC2Mod\Base.SC2Data\GameData\EffectData.xml
ZeratulWarpPrismSelectVoidRift	CEffectSet	mods/starcoop/starcoop.sc2mod/base.sc2data/gamedata/effectdata.xml	C:\Users\22448\Downloads\重生虫心0.71汉化版（新）\reborn_workrepo\合作指挥官版起义狂潮\Mods\XM\XMZeratul.SC2Mod\Base.SC2Data\GameData\EffectData.xml
CommanderPrestigeZeratulTornadoesTornado	CModel	mods/starcoop/starcoop.sc2mod/base.sc2data/gamedata/modeldata.xml	C:\Users\22448\Downloads\重生虫心0.71汉化版（新）\reborn_workrepo\合作指挥官版起义狂潮\Mods\XM\XMZeratul.SC2Mod\Base.SC2Data\GameData\ModelData.xml
CommanderPrestigeZeratulVoidSeekerCloakingField	CModel	mods/starcoop/starcoop.sc2mod/base.sc2data/gamedata/modeldata.xml	C:\Users\22448\Downloads\重生虫心0.71汉化版（新）\reborn_workrepo\合作指挥官版起义狂潮\Mods\XM\XMZeratul.SC2Mod\Base.SC2Data\GameData\ModelData.xml
DarkPylonWarpInSplat	CModel	mods/starcoop/starcoop.sc2mod/base.sc2data/gamedata/modeldata.xml	C:\Users\22448\Downloads\重生虫心0.71汉化版（新）\reborn_workrepo\合作指挥官版起义狂潮\Mods\XM\XMZeratul.SC2Mod\Base.SC2Data\GameData\ModelData.xml
DarkTemplarShakuras	CModel	mods/starcoop/starcoop.sc2mod/base.sc2data/gamedata/modeldata.xml	C:\Users\22448\Downloads\重生虫心0.71汉化版（新）\reborn_workrepo\合作指挥官版起义狂潮\Mods\XM\XMZeratul.SC2Mod\Base.SC2Data\GameData\ModelData.xml
KhaydarinMonolith	CModel	mods/starcoop/starcoop.sc2mod/base.sc2data/gamedata/modeldata.xml	C:\Users\22448\Downloads\重生虫心0.71汉化版（新）\reborn_workrepo\合作指挥官版起义狂潮\Mods\XM\XMZeratul.SC2Mod\Base.SC2Data\GameData\ModelData.xml
MoebiusSeeker	CModel	mods/starcoop/starcoop.sc2mod/base.sc2data/gamedata/modeldata.xml	C:\Users\22448\Downloads\重生虫心0.71汉化版（新）\reborn_workrepo\合作指挥官版起义狂潮\Mods\XM\XMZeratul.SC2Mod\Base.SC2Data\GameData\ModelData.xml
MutatorAmonZeratul	CModel	mods/starcoop/starcoop.sc2mod/base.sc2data/gamedata/modeldata.xml	C:\Users\22448\Downloads\重生虫心0.71汉化版（新）\reborn_workrepo\合作指挥官版起义狂潮\Mods\XM\XMZeratul.SC2Mod\Base.SC2Data\GameData\ModelData.xml
MutatorAmonZeratulPortrait	CModel	mods/starcoop/starcoop.sc2mod/base.sc2data/gamedata/modeldata.xml	C:\Users\22448\Downloads\重生虫心0.71汉化版（新）\reborn_workrepo\合作指挥官版起义狂潮\Mods\XM\XMZeratul.SC2Mod\Base.SC2Data\GameData\ModelData.xml
SiegeTankWreckage	CModel	mods/starcoop/starcoop.sc2mod/base.sc2data/gamedata/modeldata.xml	C:\Users\22448\Downloads\重生虫心0.71汉化版（新）\reborn_workrepo\合作指挥官版起义狂潮\Mods\XM\XMZeratul.SC2Mod\Base.SC2Data\GameData\ModelData.xml
SlaynElementalGrabAOEWeapon	CModel	mods/starcoop/starcoop.sc2mod/base.sc2data/gamedata/modeldata.xml	C:\Users\22448\Downloads\重生虫心0.71汉化版（新）\reborn_workrepo\合作指挥官版起义狂潮\Mods\XM\XMZeratul.SC2Mod\Base.SC2Data\GameData\ModelData.xml
StukovAleksanderCrashed	CModel	mods/starcoop/starcoop.sc2mod/base.sc2data/gamedata/modeldata.xml	C:\Users\22448\Downloads\重生虫心0.71汉化版（新）\reborn_workrepo\合作指挥官版起义狂潮\Mods\XM\XMZeratul.SC2Mod\Base.SC2Data\GameData\ModelData.xml
SuperCloak	CModel	mods/starcoop/starcoop.sc2mod/base.sc2data/gamedata/modeldata.xml	C:\Users\22448\Downloads\重生虫心0.71汉化版（新）\reborn_workrepo\合作指挥官版起义狂潮\Mods\XM\XMZeratul.SC2Mod\Base.SC2Data\GameData\ModelData.xml
ThorWreckage	CModel	mods/starcoop/starcoop.sc2mod/base.sc2data/gamedata/modeldata.xml	C:\Users\22448\Downloads\重生虫心0.71汉化版（新）\reborn_workrepo\合作指挥官版起义狂潮\Mods\XM\XMZeratul.SC2Mod\Base.SC2Data\GameData\ModelData.xml
XelNaga_Amon_Temple	CModel	mods/starcoop/starcoop.sc2mod/base.sc2data/gamedata/modeldata.xml	C:\Users\22448\Downloads\重生虫心0.71汉化版（新）\reborn_workrepo\合作指挥官版起义狂潮\Mods\XM\XMZeratul.SC2Mod\Base.SC2Data\GameData\ModelData.xml
XelNagaShrine	CModel	mods/starcoop/starcoop.sc2mod/base.sc2data/gamedata/modeldata.xml	C:\Users\22448\Downloads\重生虫心0.71汉化版（新）\reborn_workrepo\合作指挥官版起义狂潮\Mods\XM\XMZeratul.SC2Mod\Base.SC2Data\GameData\ModelData.xml
ZeratulXelNagaConstructPsiBlastAttackImpact	CModel	mods/starcoop/starcoop.sc2mod/base.sc2data/gamedata/modeldata.xml	C:\Users\22448\Downloads\重生虫心0.71汉化版（新）\reborn_workrepo\合作指挥官版起义狂潮\Mods\XM\XMZeratul.SC2Mod\Base.SC2Data\GameData\ModelData.xml
ZeratulXelNagaConstructPsiBlastWeapon	CModel	mods/starcoop/starcoop.sc2mod/base.sc2data/gamedata/modeldata.xml	C:\Users\22448\Downloads\重生虫心0.71汉化版（新）\reborn_workrepo\合作指挥官版起义狂潮\Mods\XM\XMZeratul.SC2Mod\Base.SC2Data\GameData\ModelData.xml
SlaynElementalGrabAOEWeapon	CMoverMissile	mods/starcoop/starcoop.sc2mod/base.sc2data/gamedata/moverdata.xml	C:\Users\22448\Downloads\重生虫心0.71汉化版（新）\reborn_workrepo\合作指挥官版起义狂潮\Mods\XM\XMZeratul.SC2Mod\Base.SC2Data\GameData\MoverData.xml
CommanderPrestigeVorazunStasis	CRequirement	mods/starcoop/starcoop.sc2mod/base.sc2data/gamedata/requirementdata.xml	C:\Users\22448\Downloads\重生虫心0.71汉化版（新）\reborn_workrepo\合作指挥官版起义狂潮\Mods\XM\XMZeratul.SC2Mod\Base.SC2Data\GameData\RequirementData.xml
CommanderPrestigeZeratulArtifactFragments	CRequirement	mods/starcoop/starcoop.sc2mod/base.sc2data/gamedata/requirementdata.xml	C:\Users\22448\Downloads\重生虫心0.71汉化版（新）\reborn_workrepo\合作指挥官版起义狂潮\Mods\XM\XMZeratul.SC2Mod\Base.SC2Data\GameData\RequirementData.xml
CommanderPrestigeZeratulTornadoes	CRequirement	mods/starcoop/starcoop.sc2mod/base.sc2data/gamedata/requirementdata.xml	C:\Users\22448\Downloads\重生虫心0.71汉化版（新）\reborn_workrepo\合作指挥官版起义狂潮\Mods\XM\XMZeratul.SC2Mod\Base.SC2Data\GameData\RequirementData.xml
CommanderPrestigeZeratulVoidSeeker	CRequirement	mods/starcoop/starcoop.sc2mod/base.sc2data/gamedata/requirementdata.xml	C:\Users\22448\Downloads\重生虫心0.71汉化版（新）\reborn_workrepo\合作指挥官版起义狂潮\Mods\XM\XMZeratul.SC2Mod\Base.SC2Data\GameData\RequirementData.xml
HaveDarkArchonMindControl	CRequirement	mods/starcoop/starcoop.sc2mod/base.sc2data/gamedata/requirementdata.xml	C:\Users\22448\Downloads\重生虫心0.71汉化版（新）\reborn_workrepo\合作指挥官版起义狂潮\Mods\XM\XMZeratul.SC2Mod\Base.SC2Data\GameData\RequirementData.xml
HaveKaraxInstantWarp	CRequirement	mods/starcoop/starcoop.sc2mod/base.sc2data/gamedata/requirementdata.xml	C:\Users\22448\Downloads\重生虫心0.71汉化版（新）\reborn_workrepo\合作指挥官版起义狂潮\Mods\XM\XMZeratul.SC2Mod\Base.SC2Data\GameData\RequirementData.xml
HaveMasteryVorazunDarkPylonCloakRadius	CRequirement	mods/starcoop/starcoop.sc2mod/base.sc2data/gamedata/requirementdata.xml	C:\Users\22448\Downloads\重生虫心0.71汉化版（新）\reborn_workrepo\合作指挥官版起义狂潮\Mods\XM\XMZeratul.SC2Mod\Base.SC2Data\GameData\RequirementData.xml
HaveResearchShadowFury	CRequirement	mods/starcoop/starcoop.sc2mod/base.sc2data/gamedata/requirementdata.xml	C:\Users\22448\Downloads\重生虫心0.71汉化版（新）\reborn_workrepo\合作指挥官版起义狂潮\Mods\XM\XMZeratul.SC2Mod\Base.SC2Data\GameData\RequirementData.xml
HaveVorazunCommander	CRequirement	mods/starcoop/starcoop.sc2mod/base.sc2data/gamedata/requirementdata.xml	C:\Users\22448\Downloads\重生虫心0.71汉化版（新）\reborn_workrepo\合作指挥官版起义狂潮\Mods\XM\XMZeratul.SC2Mod\Base.SC2Data\GameData\RequirementData.xml
LearnDarkArchonFullStartingEnergy	CRequirement	mods/starcoop/starcoop.sc2mod/base.sc2data/gamedata/requirementdata.xml	C:\Users\22448\Downloads\重生虫心0.71汉化版（新）\reborn_workrepo\合作指挥官版起义狂潮\Mods\XM\XMZeratul.SC2Mod\Base.SC2Data\GameData\RequirementData.xml
LearnDarkArchonMindControl	CRequirement	mods/starcoop/starcoop.sc2mod/base.sc2data/gamedata/requirementdata.xml	C:\Users\22448\Downloads\重生虫心0.71汉化版（新）\reborn_workrepo\合作指挥官版起义狂潮\Mods\XM\XMZeratul.SC2Mod\Base.SC2Data\GameData\RequirementData.xml
LearnShadowDash	CRequirement	mods/starcoop/starcoop.sc2mod/base.sc2data/gamedata/requirementdata.xml	C:\Users\22448\Downloads\重生虫心0.71汉化版（新）\reborn_workrepo\合作指挥官版起义狂潮\Mods\XM\XMZeratul.SC2Mod\Base.SC2Data\GameData\RequirementData.xml
LearnShadowFury	CRequirement	mods/starcoop/starcoop.sc2mod/base.sc2data/gamedata/requirementdata.xml	C:\Users\22448\Downloads\重生虫心0.71汉化版（新）\reborn_workrepo\合作指挥官版起义狂潮\Mods\XM\XMZeratul.SC2Mod\Base.SC2Data\GameData\RequirementData.xml
LearnVoidStasis	CRequirement	mods/starcoop/starcoop.sc2mod/base.sc2data/gamedata/requirementdata.xml	C:\Users\22448\Downloads\重生虫心0.71汉化版（新）\reborn_workrepo\合作指挥官版起义狂潮\Mods\XM\XMZeratul.SC2Mod\Base.SC2Data\GameData\RequirementData.xml
LearnVorazunDarkTemplarRecall	CRequirement	mods/starcoop/starcoop.sc2mod/base.sc2data/gamedata/requirementdata.xml	C:\Users\22448\Downloads\重生虫心0.71汉化版（新）\reborn_workrepo\合作指挥官版起义狂潮\Mods\XM\XMZeratul.SC2Mod\Base.SC2Data\GameData\RequirementData.xml
NotCommanderPrestigeZeratulVoidSeeker	CRequirement	mods/starcoop/starcoop.sc2mod/base.sc2data/gamedata/requirementdata.xml	C:\Users\22448\Downloads\重生虫心0.71汉化版（新）\reborn_workrepo\合作指挥官版起义狂潮\Mods\XM\XMZeratul.SC2Mod\Base.SC2Data\GameData\RequirementData.xml
VorazunLevel05	CRequirement	mods/starcoop/starcoop.sc2mod/base.sc2data/gamedata/requirementdata.xml	C:\Users\22448\Downloads\重生虫心0.71汉化版（新）\reborn_workrepo\合作指挥官版起义狂潮\Mods\XM\XMZeratul.SC2Mod\Base.SC2Data\GameData\RequirementData.xml
VorazunLevel06	CRequirement	mods/starcoop/starcoop.sc2mod/base.sc2data/gamedata/requirementdata.xml	C:\Users\22448\Downloads\重生虫心0.71汉化版（新）\reborn_workrepo\合作指挥官版起义狂潮\Mods\XM\XMZeratul.SC2Mod\Base.SC2Data\GameData\RequirementData.xml
VorazunLevel09	CRequirement	mods/starcoop/starcoop.sc2mod/base.sc2data/gamedata/requirementdata.xml	C:\Users\22448\Downloads\重生虫心0.71汉化版（新）\reborn_workrepo\合作指挥官版起义狂潮\Mods\XM\XMZeratul.SC2Mod\Base.SC2Data\GameData\RequirementData.xml
ZeratulWarpPrismSelectVoidRift	CRequirement	mods/starcoop/starcoop.sc2mod/base.sc2data/gamedata/requirementdata.xml	C:\Users\22448\Downloads\重生虫心0.71汉化版（新）\reborn_workrepo\合作指挥官版起义狂潮\Mods\XM\XMZeratul.SC2Mod\Base.SC2Data\GameData\RequirementData.xml
AndCountUpgradeVorazunCommanderCompleteOnlyGT5CountUpgradeCommanderLevelCompleteOnlyNot1225867992CountBehaviorUnderConstructionCompleteOnlyAtUnit	CRequirementAnd	mods/starcoop/starcoop.sc2mod/base.sc2data/gamedata/requirementnodedata.xml	C:\Users\22448\Downloads\重生虫心0.71汉化版（新）\reborn_workrepo\合作指挥官版起义狂潮\Mods\XM\XMZeratul.SC2Mod\Base.SC2Data\GameData\RequirementNodeData.xml
AndCountUpgradeVorazunCommanderCompleteOnlyGT6CountUpgradeCommanderLevelCompleteOnlyNot1225867992CountBehaviorUnderConstructionCompleteOnlyAtUnit	CRequirementAnd	mods/starcoop/starcoop.sc2mod/base.sc2data/gamedata/requirementnodedata.xml	C:\Users\22448\Downloads\重生虫心0.71汉化版（新）\reborn_workrepo\合作指挥官版起义狂潮\Mods\XM\XMZeratul.SC2Mod\Base.SC2Data\GameData\RequirementNodeData.xml
AndCountUpgradeVorazunCommanderCompleteOnlyGT9CountUpgradeCommanderLevelCompleteOnlyNot1225867992CountBehaviorUnderConstructionCompleteOnlyAtUnit	CRequirementAnd	mods/starcoop/starcoop.sc2mod/base.sc2data/gamedata/requirementnodedata.xml	C:\Users\22448\Downloads\重生虫心0.71汉化版（新）\reborn_workrepo\合作指挥官版起义狂潮\Mods\XM\XMZeratul.SC2Mod\Base.SC2Data\GameData\RequirementNodeData.xml
CountUpgradeCommanderLevelCompleteOnly	CRequirementCountUpgrade	mods/starcoop/starcoop.sc2mod/base.sc2data/gamedata/requirementnodedata.xml	C:\Users\22448\Downloads\重生虫心0.71汉化版（新）\reborn_workrepo\合作指挥官版起义狂潮\Mods\XM\XMZeratul.SC2Mod\Base.SC2Data\GameData\RequirementNodeData.xml
CountUpgradeCommanderPrestigeVorazunStasisCompleteOnly	CRequirementCountUpgrade	mods/starcoop/starcoop.sc2mod/base.sc2data/gamedata/requirementnodedata.xml	C:\Users\22448\Downloads\重生虫心0.71汉化版（新）\reborn_workrepo\合作指挥官版起义狂潮\Mods\XM\XMZeratul.SC2Mod\Base.SC2Data\GameData\RequirementNodeData.xml
CountUpgradeCommanderPrestigeZeratulArtifactFragmentsCompleteOnly	CRequirementCountUpgrade	mods/starcoop/starcoop.sc2mod/base.sc2data/gamedata/requirementnodedata.xml	C:\Users\22448\Downloads\重生虫心0.71汉化版（新）\reborn_workrepo\合作指挥官版起义狂潮\Mods\XM\XMZeratul.SC2Mod\Base.SC2Data\GameData\RequirementNodeData.xml
CountUpgradeCommanderPrestigeZeratulVoidSeekerCompleteOnly	CRequirementCountUpgrade	mods/starcoop/starcoop.sc2mod/base.sc2data/gamedata/requirementnodedata.xml	C:\Users\22448\Downloads\重生虫心0.71汉化版（新）\reborn_workrepo\合作指挥官版起义狂潮\Mods\XM\XMZeratul.SC2Mod\Base.SC2Data\GameData\RequirementNodeData.xml
CountUpgradeDarkArchonFullStartingEnergyQueuedOrBetter	CRequirementCountUpgrade	mods/starcoop/starcoop.sc2mod/base.sc2data/gamedata/requirementnodedata.xml	C:\Users\22448\Downloads\重生虫心0.71汉化版（新）\reborn_workrepo\合作指挥官版起义狂潮\Mods\XM\XMZeratul.SC2Mod\Base.SC2Data\GameData\RequirementNodeData.xml
CountUpgradeDarkArchonMindControlCompleteOnly3202810071	CRequirementCountUpgrade	mods/starcoop/starcoop.sc2mod/base.sc2data/gamedata/requirementnodedata.xml	C:\Users\22448\Downloads\重生虫心0.71汉化版（新）\reborn_workrepo\合作指挥官版起义狂潮\Mods\XM\XMZeratul.SC2Mod\Base.SC2Data\GameData\RequirementNodeData.xml
CountUpgradeDarkArchonMindControlQueuedOrBetter	CRequirementCountUpgrade	mods/starcoop/starcoop.sc2mod/base.sc2data/gamedata/requirementnodedata.xml	C:\Users\22448\Downloads\重生虫心0.71汉化版（新）\reborn_workrepo\合作指挥官版起义狂潮\Mods\XM\XMZeratul.SC2Mod\Base.SC2Data\GameData\RequirementNodeData.xml
CountUpgradeDarkTemplarResearchShadowDashQueuedOrBetter	CRequirementCountUpgrade	mods/starcoop/starcoop.sc2mod/base.sc2data/gamedata/requirementnodedata.xml	C:\Users\22448\Downloads\重生虫心0.71汉化版（新）\reborn_workrepo\合作指挥官版起义狂潮\Mods\XM\XMZeratul.SC2Mod\Base.SC2Data\GameData\RequirementNodeData.xml
CountUpgradeDarkTemplarResearchShadowFuryQueuedOrBetter	CRequirementCountUpgrade	mods/starcoop/starcoop.sc2mod/base.sc2data/gamedata/requirementnodedata.xml	C:\Users\22448\Downloads\重生虫心0.71汉化版（新）\reborn_workrepo\合作指挥官版起义狂潮\Mods\XM\XMZeratul.SC2Mod\Base.SC2Data\GameData\RequirementNodeData.xml
CountUpgradeDarkTemplarResearchVoidStasisQueuedOrBetter	CRequirementCountUpgrade	mods/starcoop/starcoop.sc2mod/base.sc2data/gamedata/requirementnodedata.xml	C:\Users\22448\Downloads\重生虫心0.71汉化版（新）\reborn_workrepo\合作指挥官版起义狂潮\Mods\XM\XMZeratul.SC2Mod\Base.SC2Data\GameData\RequirementNodeData.xml
CountUpgradeKaraxInstantStructureWarpCompleteOnly	CRequirementCountUpgrade	mods/starcoop/starcoop.sc2mod/base.sc2data/gamedata/requirementnodedata.xml	C:\Users\22448\Downloads\重生虫心0.71汉化版（新）\reborn_workrepo\合作指挥官版起义狂潮\Mods\XM\XMZeratul.SC2Mod\Base.SC2Data\GameData\RequirementNodeData.xml
CountUpgradeMasteryVorazunDarkPylonRadiusCompleteOnly	CRequirementCountUpgrade	mods/starcoop/starcoop.sc2mod/base.sc2data/gamedata/requirementnodedata.xml	C:\Users\22448\Downloads\重生虫心0.71汉化版（新）\reborn_workrepo\合作指挥官版起义狂潮\Mods\XM\XMZeratul.SC2Mod\Base.SC2Data\GameData\RequirementNodeData.xml
CountUpgradeVorazunCommanderCompleteOnly	CRequirementCountUpgrade	mods/starcoop/starcoop.sc2mod/base.sc2data/gamedata/requirementnodedata.xml	C:\Users\22448\Downloads\重生虫心0.71汉化版（新）\reborn_workrepo\合作指挥官版起义狂潮\Mods\XM\XMZeratul.SC2Mod\Base.SC2Data\GameData\RequirementNodeData.xml
CountUpgradeVorazunDarkTemplarRecallQueuedOrBetter	CRequirementCountUpgrade	mods/starcoop/starcoop.sc2mod/base.sc2data/gamedata/requirementnodedata.xml	C:\Users\22448\Downloads\重生虫心0.71汉化版（新）\reborn_workrepo\合作指挥官版起义狂潮\Mods\XM\XMZeratul.SC2Mod\Base.SC2Data\GameData\RequirementNodeData.xml
GT5CountUpgradeCommanderLevelCompleteOnly	CRequirementGT	mods/starcoop/starcoop.sc2mod/base.sc2data/gamedata/requirementnodedata.xml	C:\Users\22448\Downloads\重生虫心0.71汉化版（新）\reborn_workrepo\合作指挥官版起义狂潮\Mods\XM\XMZeratul.SC2Mod\Base.SC2Data\GameData\RequirementNodeData.xml
GT6CountUpgradeCommanderLevelCompleteOnly	CRequirementGT	mods/starcoop/starcoop.sc2mod/base.sc2data/gamedata/requirementnodedata.xml	C:\Users\22448\Downloads\重生虫心0.71汉化版（新）\reborn_workrepo\合作指挥官版起义狂潮\Mods\XM\XMZeratul.SC2Mod\Base.SC2Data\GameData\RequirementNodeData.xml
GT9CountUpgradeCommanderLevelCompleteOnly	CRequirementGT	mods/starcoop/starcoop.sc2mod/base.sc2data/gamedata/requirementnodedata.xml	C:\Users\22448\Downloads\重生虫心0.71汉化版（新）\reborn_workrepo\合作指挥官版起义狂潮\Mods\XM\XMZeratul.SC2Mod\Base.SC2Data\GameData\RequirementNodeData.xml
NotCountUpgradeCommanderPrestigeZeratulVoidSeekerCompleteOnly	CRequirementNot	mods/starcoop/starcoop.sc2mod/base.sc2data/gamedata/requirementnodedata.xml	C:\Users\22448\Downloads\重生虫心0.71汉化版（新）\reborn_workrepo\合作指挥官版起义狂潮\Mods\XM\XMZeratul.SC2Mod\Base.SC2Data\GameData\RequirementNodeData.xml
NotCountUpgradeDarkArchonFullStartingEnergyQueuedOrBetter	CRequirementNot	mods/starcoop/starcoop.sc2mod/base.sc2data/gamedata/requirementnodedata.xml	C:\Users\22448\Downloads\重生虫心0.71汉化版（新）\reborn_workrepo\合作指挥官版起义狂潮\Mods\XM\XMZeratul.SC2Mod\Base.SC2Data\GameData\RequirementNodeData.xml
NotCountUpgradeDarkArchonMindControlQueuedOrBetter	CRequirementNot	mods/starcoop/starcoop.sc2mod/base.sc2data/gamedata/requirementnodedata.xml	C:\Users\22448\Downloads\重生虫心0.71汉化版（新）\reborn_workrepo\合作指挥官版起义狂潮\Mods\XM\XMZeratul.SC2Mod\Base.SC2Data\GameData\RequirementNodeData.xml
NotCountUpgradeDarkTemplarResearchShadowDashQueuedOrBetter	CRequirementNot	mods/starcoop/starcoop.sc2mod/base.sc2data/gamedata/requirementnodedata.xml	C:\Users\22448\Downloads\重生虫心0.71汉化版（新）\reborn_workrepo\合作指挥官版起义狂潮\Mods\XM\XMZeratul.SC2Mod\Base.SC2Data\GameData\RequirementNodeData.xml
NotCountUpgradeDarkTemplarResearchShadowFuryQueuedOrBetter	CRequirementNot	mods/starcoop/starcoop.sc2mod/base.sc2data/gamedata/requirementnodedata.xml	C:\Users\22448\Downloads\重生虫心0.71汉化版（新）\reborn_workrepo\合作指挥官版起义狂潮\Mods\XM\XMZeratul.SC2Mod\Base.SC2Data\GameData\RequirementNodeData.xml
NotCountUpgradeDarkTemplarResearchVoidStasisQueuedOrBetter	CRequirementNot	mods/starcoop/starcoop.sc2mod/base.sc2data/gamedata/requirementnodedata.xml	C:\Users\22448\Downloads\重生虫心0.71汉化版（新）\reborn_workrepo\合作指挥官版起义狂潮\Mods\XM\XMZeratul.SC2Mod\Base.SC2Data\GameData\RequirementNodeData.xml
NotCountUpgradeVorazunDarkTemplarRecallQueuedOrBetter	CRequirementNot	mods/starcoop/starcoop.sc2mod/base.sc2data/gamedata/requirementnodedata.xml	C:\Users\22448\Downloads\重生虫心0.71汉化版（新）\reborn_workrepo\合作指挥官版起义狂潮\Mods\XM\XMZeratul.SC2Mod\Base.SC2Data\GameData\RequirementNodeData.xml
acAttackWave_ZeratulAC_255	CSound	mods/starcoop/starcoop.sc2mod/base.sc2data/gamedata/sounddata.xml	C:\Users\22448\Downloads\重生虫心0.71汉化版（新）\reborn_workrepo\合作指挥官版起义狂潮\Mods\XM\XMZeratul.SC2Mod\Base.SC2Data\GameData\SoundData.xml
Amon_Vox_Loop	CSound	mods/starcoop/starcoop.sc2mod/base.sc2data/gamedata/sounddata.xml	C:\Users\22448\Downloads\重生虫心0.71汉化版（新）\reborn_workrepo\合作指挥官版起义狂潮\Mods\XM\XMZeratul.SC2Mod\Base.SC2Data\GameData\SoundData.xml
Mutator_Tornado_Base_Loop	CSound	mods/starcoop/starcoop.sc2mod/base.sc2data/gamedata/sounddata.xml	C:\Users\22448\Downloads\重生虫心0.71汉化版（新）\reborn_workrepo\合作指挥官版起义狂潮\Mods\XM\XMZeratul.SC2Mod\Base.SC2Data\GameData\SoundData.xml
Mutator_Tornado_Spirit_OneShots_Lp	CSound	mods/starcoop/starcoop.sc2mod/base.sc2data/gamedata/sounddata.xml	C:\Users\22448\Downloads\重生虫心0.71汉化版（新）\reborn_workrepo\合作指挥官版起义狂潮\Mods\XM\XMZeratul.SC2Mod\Base.SC2Data\GameData\SoundData.xml
Mutator_Tornado_Wind_OneShots_Lp	CSound	mods/starcoop/starcoop.sc2mod/base.sc2data/gamedata/sounddata.xml	C:\Users\22448\Downloads\重生虫心0.71汉化版（新）\reborn_workrepo\合作指挥官版起义狂潮\Mods\XM\XMZeratul.SC2Mod\Base.SC2Data\GameData\SoundData.xml
MutatorAmonZeratul_Death	CSound	mods/starcoop/starcoop.sc2mod/base.sc2data/gamedata/sounddata.xml	C:\Users\22448\Downloads\重生虫心0.71汉化版（新）\reborn_workrepo\合作指挥官版起义狂潮\Mods\XM\XMZeratul.SC2Mod\Base.SC2Data\GameData\SoundData.xml
MutatorAmonZeratul_DeathFX	CSound	mods/starcoop/starcoop.sc2mod/base.sc2data/gamedata/sounddata.xml	C:\Users\22448\Downloads\重生虫心0.71汉化版（新）\reborn_workrepo\合作指挥官版起义狂潮\Mods\XM\XMZeratul.SC2Mod\Base.SC2Data\GameData\SoundData.xml
VoidSeeker_PsytrousOxideOn	CSound	mods/starcoop/starcoop.sc2mod/base.sc2data/gamedata/sounddata.xml	C:\Users\22448\Downloads\重生虫心0.71汉化版（新）\reborn_workrepo\合作指挥官版起义狂潮\Mods\XM\XMZeratul.SC2Mod\Base.SC2Data\GameData\SoundData.xml
XelNagaConstruct_Death_Impact_LFE	CSound	mods/starcoop/starcoop.sc2mod/base.sc2data/gamedata/sounddata.xml	C:\Users\22448\Downloads\重生虫心0.71汉化版（新）\reborn_workrepo\合作指挥官版起义狂潮\Mods\XM\XMZeratul.SC2Mod\Base.SC2Data\GameData\SoundData.xml
XelNagaConstruct_Death_SoulVapor	CSound	mods/starcoop/starcoop.sc2mod/base.sc2data/gamedata/sounddata.xml	C:\Users\22448\Downloads\重生虫心0.71汉化版（新）\reborn_workrepo\合作指挥官版起义狂潮\Mods\XM\XMZeratul.SC2Mod\Base.SC2Data\GameData\SoundData.xml
XelNagaConstruct_Death_VanishPoint	CSound	mods/starcoop/starcoop.sc2mod/base.sc2data/gamedata/sounddata.xml	C:\Users\22448\Downloads\重生虫心0.71汉化版（新）\reborn_workrepo\合作指挥官版起义狂潮\Mods\XM\XMZeratul.SC2Mod\Base.SC2Data\GameData\SoundData.xml
XelNagaConstruct_Death_VxFx	CSound	mods/starcoop/starcoop.sc2mod/base.sc2data/gamedata/sounddata.xml	C:\Users\22448\Downloads\重生虫心0.71汉化版（新）\reborn_workrepo\合作指挥官版起义狂潮\Mods\XM\XMZeratul.SC2Mod\Base.SC2Data\GameData\SoundData.xml
XelNagaConstruct_DeathCharge	CSound	mods/starcoop/starcoop.sc2mod/base.sc2data/gamedata/sounddata.xml	C:\Users\22448\Downloads\重生虫心0.71汉化版（新）\reborn_workrepo\合作指挥官版起义狂潮\Mods\XM\XMZeratul.SC2Mod\Base.SC2Data\GameData\SoundData.xml
XelNagaConstruct_HornBlast_VxFx_01	CSound	mods/starcoop/starcoop.sc2mod/base.sc2data/gamedata/sounddata.xml	C:\Users\22448\Downloads\重生虫心0.71汉化版（新）\reborn_workrepo\合作指挥官版起义狂潮\Mods\XM\XMZeratul.SC2Mod\Base.SC2Data\GameData\SoundData.xml
XelNagaConstruct_Mech_VxFx	CSound	mods/starcoop/starcoop.sc2mod/base.sc2data/gamedata/sounddata.xml	C:\Users\22448\Downloads\重生虫心0.71汉化版（新）\reborn_workrepo\合作指挥官版起义狂潮\Mods\XM\XMZeratul.SC2Mod\Base.SC2Data\GameData\SoundData.xml
XelNagaConstruct_Missile_Model_Impact	CSound	mods/starcoop/starcoop.sc2mod/base.sc2data/gamedata/sounddata.xml	C:\Users\22448\Downloads\重生虫心0.71汉化版（新）\reborn_workrepo\合作指挥官版起义狂潮\Mods\XM\XMZeratul.SC2Mod\Base.SC2Data\GameData\SoundData.xml
XelNagaConstruct_Missile_ModelTracer	CSound	mods/starcoop/starcoop.sc2mod/base.sc2data/gamedata/sounddata.xml	C:\Users\22448\Downloads\重生虫心0.71汉化版（新）\reborn_workrepo\合作指挥官版起义狂潮\Mods\XM\XMZeratul.SC2Mod\Base.SC2Data\GameData\SoundData.xml
XelNagaConstruct_Missile_ModelTracer_Swt	CSound	mods/starcoop/starcoop.sc2mod/base.sc2data/gamedata/sounddata.xml	C:\Users\22448\Downloads\重生虫心0.71汉化版（新）\reborn_workrepo\合作指挥官版起义狂潮\Mods\XM\XMZeratul.SC2Mod\Base.SC2Data\GameData\SoundData.xml
XelNagaConstruct_Mvt_Mech	CSound	mods/starcoop/starcoop.sc2mod/base.sc2data/gamedata/sounddata.xml	C:\Users\22448\Downloads\重生虫心0.71汉化版（新）\reborn_workrepo\合作指挥官版起义狂潮\Mods\XM\XMZeratul.SC2Mod\Base.SC2Data\GameData\SoundData.xml
XelNagaConstruct_ShutDown_Mech	CSound	mods/starcoop/starcoop.sc2mod/base.sc2data/gamedata/sounddata.xml	C:\Users\22448\Downloads\重生虫心0.71汉化版（新）\reborn_workrepo\合作指挥官版起义狂潮\Mods\XM\XMZeratul.SC2Mod\Base.SC2Data\GameData\SoundData.xml
XelNagaConstruct_ShutDown_VxFx	CSound	mods/starcoop/starcoop.sc2mod/base.sc2data/gamedata/sounddata.xml	C:\Users\22448\Downloads\重生虫心0.71汉化版（新）\reborn_workrepo\合作指挥官版起义狂潮\Mods\XM\XMZeratul.SC2Mod\Base.SC2Data\GameData\SoundData.xml
XelNagaConstruct_Transform_01	CSound	mods/starcoop/starcoop.sc2mod/base.sc2data/gamedata/sounddata.xml	C:\Users\22448\Downloads\重生虫心0.71汉化版（新）\reborn_workrepo\合作指挥官版起义狂潮\Mods\XM\XMZeratul.SC2Mod\Base.SC2Data\GameData\SoundData.xml
XelNagaConstruct_Transform_02	CSound	mods/starcoop/starcoop.sc2mod/base.sc2data/gamedata/sounddata.xml	C:\Users\22448\Downloads\重生虫心0.71汉化版（新）\reborn_workrepo\合作指挥官版起义狂潮\Mods\XM\XMZeratul.SC2Mod\Base.SC2Data\GameData\SoundData.xml
XelNagaConstruct_VxFx_Mech	CSound	mods/starcoop/starcoop.sc2mod/base.sc2data/gamedata/sounddata.xml	C:\Users\22448\Downloads\重生虫心0.71汉化版（新）\reborn_workrepo\合作指挥官版起义狂潮\Mods\XM\XMZeratul.SC2Mod\Base.SC2Data\GameData\SoundData.xml
XelnagaConstruct_Walk	CSound	mods/starcoop/starcoop.sc2mod/base.sc2data/gamedata/sounddata.xml	C:\Users\22448\Downloads\重生虫心0.71汉化版（新）\reborn_workrepo\合作指挥官版起义狂潮\Mods\XM\XMZeratul.SC2Mod\Base.SC2Data\GameData\SoundData.xml
XelNagaConstructBeam_AttackLaunch	CSound	mods/starcoop/starcoop.sc2mod/base.sc2data/gamedata/sounddata.xml	C:\Users\22448\Downloads\重生虫心0.71汉化版（新）\reborn_workrepo\合作指挥官版起义狂潮\Mods\XM\XMZeratul.SC2Mod\Base.SC2Data\GameData\SoundData.xml
XelNagaShrine_Awake	CSound	mods/starcoop/starcoop.sc2mod/base.sc2data/gamedata/sounddata.xml	C:\Users\22448\Downloads\重生虫心0.71汉化版（新）\reborn_workrepo\合作指挥官版起义狂潮\Mods\XM\XMZeratul.SC2Mod\Base.SC2Data\GameData\SoundData.xml
XelNagaShrine_Explode	CSound	mods/starcoop/starcoop.sc2mod/base.sc2data/gamedata/sounddata.xml	C:\Users\22448\Downloads\重生虫心0.71汉化版（新）\reborn_workrepo\合作指挥官版起义狂潮\Mods\XM\XMZeratul.SC2Mod\Base.SC2Data\GameData\SoundData.xml
XelNagaShrine_StandHappy	CSound	mods/starcoop/starcoop.sc2mod/base.sc2data/gamedata/sounddata.xml	C:\Users\22448\Downloads\重生虫心0.71汉化版（新）\reborn_workrepo\合作指挥官版起义狂潮\Mods\XM\XMZeratul.SC2Mod\Base.SC2Data\GameData\SoundData.xml
XelNagaShrine_StandWork	CSound	mods/starcoop/starcoop.sc2mod/base.sc2data/gamedata/sounddata.xml	C:\Users\22448\Downloads\重生虫心0.71汉化版（新）\reborn_workrepo\合作指挥官版起义狂潮\Mods\XM\XMZeratul.SC2Mod\Base.SC2Data\GameData\SoundData.xml
XelNagaShrine_StandWorkEnd	CSound	mods/starcoop/starcoop.sc2mod/base.sc2data/gamedata/sounddata.xml	C:\Users\22448\Downloads\重生虫心0.71汉化版（新）\reborn_workrepo\合作指挥官版起义狂潮\Mods\XM\XMZeratul.SC2Mod\Base.SC2Data\GameData\SoundData.xml
Zeratul_AC_AA_Launch	CSound	mods/starcoop/starcoop.sc2mod/base.sc2data/gamedata/sounddata.xml	C:\Users\22448\Downloads\重生虫心0.71汉化版（新）\reborn_workrepo\合作指挥官版起义狂潮\Mods\XM\XMZeratul.SC2Mod\Base.SC2Data\GameData\SoundData.xml
Zeratul_AC_ArtifactReveal_LaunchBeam	CSound	mods/starcoop/starcoop.sc2mod/base.sc2data/gamedata/sounddata.xml	C:\Users\22448\Downloads\重生虫心0.71汉化版（新）\reborn_workrepo\合作指挥官版起义狂潮\Mods\XM\XMZeratul.SC2Mod\Base.SC2Data\GameData\SoundData.xml
Zeratul_AC_BlinkWarp_Fx	CSound	mods/starcoop/starcoop.sc2mod/base.sc2data/gamedata/sounddata.xml	C:\Users\22448\Downloads\重生虫心0.71汉化版（新）\reborn_workrepo\合作指挥官版起义狂潮\Mods\XM\XMZeratul.SC2Mod\Base.SC2Data\GameData\SoundData.xml
Zeratul_AC_ChargedConstruct_LaunchImpact	CSound	mods/starcoop/starcoop.sc2mod/base.sc2data/gamedata/sounddata.xml	C:\Users\22448\Downloads\重生虫心0.71汉化版（新）\reborn_workrepo\合作指挥官版起义狂潮\Mods\XM\XMZeratul.SC2Mod\Base.SC2Data\GameData\SoundData.xml
Zeratul_AC_ChargedCrystal_AttackBeam	CSound	mods/starcoop/starcoop.sc2mod/base.sc2data/gamedata/sounddata.xml	C:\Users\22448\Downloads\重生虫心0.71汉化版（新）\reborn_workrepo\合作指挥官版起义狂潮\Mods\XM\XMZeratul.SC2Mod\Base.SC2Data\GameData\SoundData.xml
Zeratul_AC_ChargedCrystal_AttackLaunch	CSound	mods/starcoop/starcoop.sc2mod/base.sc2data/gamedata/sounddata.xml	C:\Users\22448\Downloads\重生虫心0.71汉化版（新）\reborn_workrepo\合作指挥官版起义狂潮\Mods\XM\XMZeratul.SC2Mod\Base.SC2Data\GameData\SoundData.xml
Zeratul_AC_Construct_Attack_VxFx	CSound	mods/starcoop/starcoop.sc2mod/base.sc2data/gamedata/sounddata.xml	C:\Users\22448\Downloads\重生虫心0.71汉化版（新）\reborn_workrepo\合作指挥官版起义狂潮\Mods\XM\XMZeratul.SC2Mod\Base.SC2Data\GameData\SoundData.xml
Zeratul_AC_Construct_Birth_VxFx	CSound	mods/starcoop/starcoop.sc2mod/base.sc2data/gamedata/sounddata.xml	C:\Users\22448\Downloads\重生虫心0.71汉化版（新）\reborn_workrepo\合作指挥官版起义狂潮\Mods\XM\XMZeratul.SC2Mod\Base.SC2Data\GameData\SoundData.xml
Zeratul_AC_Construct_Charge_VxFx	CSound	mods/starcoop/starcoop.sc2mod/base.sc2data/gamedata/sounddata.xml	C:\Users\22448\Downloads\重生虫心0.71汉化版（新）\reborn_workrepo\合作指挥官版起义狂潮\Mods\XM\XMZeratul.SC2Mod\Base.SC2Data\GameData\SoundData.xml
Zeratul_AC_Construct_Death	CSound	mods/starcoop/starcoop.sc2mod/base.sc2data/gamedata/sounddata.xml	C:\Users\22448\Downloads\重生虫心0.71汉化版（新）\reborn_workrepo\合作指挥官版起义狂潮\Mods\XM\XMZeratul.SC2Mod\Base.SC2Data\GameData\SoundData.xml
Zeratul_AC_Construct_DeathVox	CSound	mods/starcoop/starcoop.sc2mod/base.sc2data/gamedata/sounddata.xml	C:\Users\22448\Downloads\重生虫心0.71汉化版（新）\reborn_workrepo\合作指挥官版起义狂潮\Mods\XM\XMZeratul.SC2Mod\Base.SC2Data\GameData\SoundData.xml
Zeratul_AC_Construct_Laser_Fire	CSound	mods/starcoop/starcoop.sc2mod/base.sc2data/gamedata/sounddata.xml	C:\Users\22448\Downloads\重生虫心0.71汉化版（新）\reborn_workrepo\合作指挥官版起义狂潮\Mods\XM\XMZeratul.SC2Mod\Base.SC2Data\GameData\SoundData.xml
Zeratul_AC_Construct_Move_VxFx	CSound	mods/starcoop/starcoop.sc2mod/base.sc2data/gamedata/sounddata.xml	C:\Users\22448\Downloads\重生虫心0.71汉化版（新）\reborn_workrepo\合作指挥官版起义狂潮\Mods\XM\XMZeratul.SC2Mod\Base.SC2Data\GameData\SoundData.xml
Zeratul_AC_Construct_PostFire_Transform	CSound	mods/starcoop/starcoop.sc2mod/base.sc2data/gamedata/sounddata.xml	C:\Users\22448\Downloads\重生虫心0.71汉化版（新）\reborn_workrepo\合作指挥官版起义狂潮\Mods\XM\XMZeratul.SC2Mod\Base.SC2Data\GameData\SoundData.xml
Zeratul_AC_Construct_PreFire_Charge	CSound	mods/starcoop/starcoop.sc2mod/base.sc2data/gamedata/sounddata.xml	C:\Users\22448\Downloads\重生虫心0.71汉化版（新）\reborn_workrepo\合作指挥官版起义狂潮\Mods\XM\XMZeratul.SC2Mod\Base.SC2Data\GameData\SoundData.xml
Zeratul_AC_Construct_PsiBlastCharge	CSound	mods/starcoop/starcoop.sc2mod/base.sc2data/gamedata/sounddata.xml	C:\Users\22448\Downloads\重生虫心0.71汉化版（新）\reborn_workrepo\合作指挥官版起义狂潮\Mods\XM\XMZeratul.SC2Mod\Base.SC2Data\GameData\SoundData.xml
Zeratul_AC_Construct_Ready_VxFx	CSound	mods/starcoop/starcoop.sc2mod/base.sc2data/gamedata/sounddata.xml	C:\Users\22448\Downloads\重生虫心0.71汉化版（新）\reborn_workrepo\合作指挥官版起义狂潮\Mods\XM\XMZeratul.SC2Mod\Base.SC2Data\GameData\SoundData.xml
Zeratul_AC_Construct_Warp_VxFx	CSound	mods/starcoop/starcoop.sc2mod/base.sc2data/gamedata/sounddata.xml	C:\Users\22448\Downloads\重生虫心0.71汉化版（新）\reborn_workrepo\合作指挥官版起义狂潮\Mods\XM\XMZeratul.SC2Mod\Base.SC2Data\GameData\SoundData.xml
Zeratul_AC_Construct_WarpFx	CSound	mods/starcoop/starcoop.sc2mod/base.sc2data/gamedata/sounddata.xml	C:\Users\22448\Downloads\重生虫心0.71汉化版（新）\reborn_workrepo\合作指挥官版起义狂潮\Mods\XM\XMZeratul.SC2Mod\Base.SC2Data\GameData\SoundData.xml
Zeratul_AC_Devolve_EsoBlast	CSound	mods/starcoop/starcoop.sc2mod/base.sc2data/gamedata/sounddata.xml	C:\Users\22448\Downloads\重生虫心0.71汉化版（新）\reborn_workrepo\合作指挥官版起义狂潮\Mods\XM\XMZeratul.SC2Mod\Base.SC2Data\GameData\SoundData.xml
Zeratul_AC_Devolve_EsoEnergyWave	CSound	mods/starcoop/starcoop.sc2mod/base.sc2data/gamedata/sounddata.xml	C:\Users\22448\Downloads\重生虫心0.71汉化版（新）\reborn_workrepo\合作指挥官版起义狂潮\Mods\XM\XMZeratul.SC2Mod\Base.SC2Data\GameData\SoundData.xml
Zeratul_AC_Devolve_EsoShockwave	CSound	mods/starcoop/starcoop.sc2mod/base.sc2data/gamedata/sounddata.xml	C:\Users\22448\Downloads\重生虫心0.71汉化版（新）\reborn_workrepo\合作指挥官版起义狂潮\Mods\XM\XMZeratul.SC2Mod\Base.SC2Data\GameData\SoundData.xml
Zeratul_AC_EntropicBlast_AoE	CSound	mods/starcoop/starcoop.sc2mod/base.sc2data/gamedata/sounddata.xml	C:\Users\22448\Downloads\重生虫心0.71汉化版（新）\reborn_workrepo\合作指挥官版起义狂潮\Mods\XM\XMZeratul.SC2Mod\Base.SC2Data\GameData\SoundData.xml
Zeratul_AC_EntropicBlast_ChargeUp	CSound	mods/starcoop/starcoop.sc2mod/base.sc2data/gamedata/sounddata.xml	C:\Users\22448\Downloads\重生虫心0.71汉化版（新）\reborn_workrepo\合作指挥官版起义狂潮\Mods\XM\XMZeratul.SC2Mod\Base.SC2Data\GameData\SoundData.xml
Zeratul_AC_EntropicBlast_Impact	CSound	mods/starcoop/starcoop.sc2mod/base.sc2data/gamedata/sounddata.xml	C:\Users\22448\Downloads\重生虫心0.71汉化版（新）\reborn_workrepo\合作指挥官版起义狂潮\Mods\XM\XMZeratul.SC2Mod\Base.SC2Data\GameData\SoundData.xml
Zeratul_AC_EntropicBlast_Launch	CSound	mods/starcoop/starcoop.sc2mod/base.sc2data/gamedata/sounddata.xml	C:\Users\22448\Downloads\重生虫心0.71汉化版（新）\reborn_workrepo\合作指挥官版起义狂潮\Mods\XM\XMZeratul.SC2Mod\Base.SC2Data\GameData\SoundData.xml
Zeratul_AC_EntropicWeapon_Death	CSound	mods/starcoop/starcoop.sc2mod/base.sc2data/gamedata/sounddata.xml	C:\Users\22448\Downloads\重生虫心0.71汉化版（新）\reborn_workrepo\合作指挥官版起义狂潮\Mods\XM\XMZeratul.SC2Mod\Base.SC2Data\GameData\SoundData.xml
Zeratul_AC_Hallucination_Death	CSound	mods/starcoop/starcoop.sc2mod/base.sc2data/gamedata/sounddata.xml	C:\Users\22448\Downloads\重生虫心0.71汉化版（新）\reborn_workrepo\合作指挥官版起义狂潮\Mods\XM\XMZeratul.SC2Mod\Base.SC2Data\GameData\SoundData.xml
Zeratul_AC_HallucinationBirth_Fx	CSound	mods/starcoop/starcoop.sc2mod/base.sc2data/gamedata/sounddata.xml	C:\Users\22448\Downloads\重生虫心0.71汉化版（新）\reborn_workrepo\合作指挥官版起义狂潮\Mods\XM\XMZeratul.SC2Mod\Base.SC2Data\GameData\SoundData.xml
Zeratul_AC_MonolithCannon_ProjectionBirth	CSound	mods/starcoop/starcoop.sc2mod/base.sc2data/gamedata/sounddata.xml	C:\Users\22448\Downloads\重生虫心0.71汉化版（新）\reborn_workrepo\合作指挥官版起义狂潮\Mods\XM\XMZeratul.SC2Mod\Base.SC2Data\GameData\SoundData.xml
Zeratul_AC_MonolithCannon_PwrOn	CSound	mods/starcoop/starcoop.sc2mod/base.sc2data/gamedata/sounddata.xml	C:\Users\22448\Downloads\重生虫心0.71汉化版（新）\reborn_workrepo\合作指挥官版起义狂潮\Mods\XM\XMZeratul.SC2Mod\Base.SC2Data\GameData\SoundData.xml
Zeratul_AC_MonolithCannon_StdUnPwrEnd	CSound	mods/starcoop/starcoop.sc2mod/base.sc2data/gamedata/sounddata.xml	C:\Users\22448\Downloads\重生虫心0.71汉化版（新）\reborn_workrepo\合作指挥官版起义狂潮\Mods\XM\XMZeratul.SC2Mod\Base.SC2Data\GameData\SoundData.xml
Zeratul_AC_PsiBlast_Impact	CSound	mods/starcoop/starcoop.sc2mod/base.sc2data/gamedata/sounddata.xml	C:\Users\22448\Downloads\重生虫心0.71汉化版（新）\reborn_workrepo\合作指挥官版起义狂潮\Mods\XM\XMZeratul.SC2Mod\Base.SC2Data\GameData\SoundData.xml
Zeratul_AC_PsiBlast_Launch	CSound	mods/starcoop/starcoop.sc2mod/base.sc2data/gamedata/sounddata.xml	C:\Users\22448\Downloads\重生虫心0.71汉化版（新）\reborn_workrepo\合作指挥官版起义狂潮\Mods\XM\XMZeratul.SC2Mod\Base.SC2Data\GameData\SoundData.xml
Zeratul_AC_PsiStorm_Elec_Launch	CSound	mods/starcoop/starcoop.sc2mod/base.sc2data/gamedata/sounddata.xml	C:\Users\22448\Downloads\重生虫心0.71汉化版（新）\reborn_workrepo\合作指挥官版起义狂潮\Mods\XM\XMZeratul.SC2Mod\Base.SC2Data\GameData\SoundData.xml
Zeratul_AC_StalkerGhost_AttackBeam	CSound	mods/starcoop/starcoop.sc2mod/base.sc2data/gamedata/sounddata.xml	C:\Users\22448\Downloads\重生虫心0.71汉化版（新）\reborn_workrepo\合作指挥官版起义狂潮\Mods\XM\XMZeratul.SC2Mod\Base.SC2Data\GameData\SoundData.xml
Zeratul_AC_Suppression_Spirit_Loop	CSound	mods/starcoop/starcoop.sc2mod/base.sc2data/gamedata/sounddata.xml	C:\Users\22448\Downloads\重生虫心0.71汉化版（新）\reborn_workrepo\合作指挥官版起义狂潮\Mods\XM\XMZeratul.SC2Mod\Base.SC2Data\GameData\SoundData.xml
Zeratul_AC_SuppressionCrystal_End	CSound	mods/starcoop/starcoop.sc2mod/base.sc2data/gamedata/sounddata.xml	C:\Users\22448\Downloads\重生虫心0.71汉化版（新）\reborn_workrepo\合作指挥官版起义狂潮\Mods\XM\XMZeratul.SC2Mod\Base.SC2Data\GameData\SoundData.xml
Zeratul_AC_SuppressionCrystal_Loop	CSound	mods/starcoop/starcoop.sc2mod/base.sc2data/gamedata/sounddata.xml	C:\Users\22448\Downloads\重生虫心0.71汉化版（新）\reborn_workrepo\合作指挥官版起义狂潮\Mods\XM\XMZeratul.SC2Mod\Base.SC2Data\GameData\SoundData.xml
Zeratul_AC_SuppressionCrystal_Move	CSound	mods/starcoop/starcoop.sc2mod/base.sc2data/gamedata/sounddata.xml	C:\Users\22448\Downloads\重生虫心0.71汉化版（新）\reborn_workrepo\合作指挥官版起义狂潮\Mods\XM\XMZeratul.SC2Mod\Base.SC2Data\GameData\SoundData.xml
Zeratul_AC_SuppressionCrystal_Mystic	CSound	mods/starcoop/starcoop.sc2mod/base.sc2data/gamedata/sounddata.xml	C:\Users\22448\Downloads\重生虫心0.71汉化版（新）\reborn_workrepo\合作指挥官版起义狂潮\Mods\XM\XMZeratul.SC2Mod\Base.SC2Data\GameData\SoundData.xml
Zeratul_AC_SuppressionCrystal_Start	CSound	mods/starcoop/starcoop.sc2mod/base.sc2data/gamedata/sounddata.xml	C:\Users\22448\Downloads\重生虫心0.71汉化版（新）\reborn_workrepo\合作指挥官版起义狂潮\Mods\XM\XMZeratul.SC2Mod\Base.SC2Data\GameData\SoundData.xml
Zeratul_AC_SuppressionCrystal_What	CSound	mods/starcoop/starcoop.sc2mod/base.sc2data/gamedata/sounddata.xml	C:\Users\22448\Downloads\重生虫心0.71汉化版（新）\reborn_workrepo\合作指挥官版起义狂潮\Mods\XM\XMZeratul.SC2Mod\Base.SC2Data\GameData\SoundData.xml
Zeratul_AC_Unit_Summon_01	CSound	mods/starcoop/starcoop.sc2mod/base.sc2data/gamedata/sounddata.xml	C:\Users\22448\Downloads\重生虫心0.71汉化版（新）\reborn_workrepo\合作指挥官版起义狂潮\Mods\XM\XMZeratul.SC2Mod\Base.SC2Data\GameData\SoundData.xml
Zeratul_AC_WarpIn_SFX	CSound	mods/starcoop/starcoop.sc2mod/base.sc2data/gamedata/sounddata.xml	C:\Users\22448\Downloads\重生虫心0.71汉化版（新）\reborn_workrepo\合作指挥官版起义狂潮\Mods\XM\XMZeratul.SC2Mod\Base.SC2Data\GameData\SoundData.xml
Zeratul_AC_WarpPrism_Boom	CSound	mods/starcoop/starcoop.sc2mod/base.sc2data/gamedata/sounddata.xml	C:\Users\22448\Downloads\重生虫心0.71汉化版（新）\reborn_workrepo\合作指挥官版起义狂潮\Mods\XM\XMZeratul.SC2Mod\Base.SC2Data\GameData\SoundData.xml
Zeratul_AC_WarpPrism_Open	CSound	mods/starcoop/starcoop.sc2mod/base.sc2data/gamedata/sounddata.xml	C:\Users\22448\Downloads\重生虫心0.71汉化版（新）\reborn_workrepo\合作指挥官版起义狂潮\Mods\XM\XMZeratul.SC2Mod\Base.SC2Data\GameData\SoundData.xml
Zeratul_AC_WarpPrism_Rift	CSound	mods/starcoop/starcoop.sc2mod/base.sc2data/gamedata/sounddata.xml	C:\Users\22448\Downloads\重生虫心0.71汉化版（新）\reborn_workrepo\合作指挥官版起义狂潮\Mods\XM\XMZeratul.SC2Mod\Base.SC2Data\GameData\SoundData.xml
Zeratul_AC_WarpPrismRift_Loop	CSound	mods/starcoop/starcoop.sc2mod/base.sc2data/gamedata/sounddata.xml	C:\Users\22448\Downloads\重生虫心0.71汉化版（新）\reborn_workrepo\合作指挥官版起义狂潮\Mods\XM\XMZeratul.SC2Mod\Base.SC2Data\GameData\SoundData.xml
Zeratul_AC_WarpRift_Death	CSound	mods/starcoop/starcoop.sc2mod/base.sc2data/gamedata/sounddata.xml	C:\Users\22448\Downloads\重生虫心0.71汉化版（新）\reborn_workrepo\合作指挥官版起义狂潮\Mods\XM\XMZeratul.SC2Mod\Base.SC2Data\GameData\SoundData.xml
Zeratul_AC_WarpRift_DeathVanish	CSound	mods/starcoop/starcoop.sc2mod/base.sc2data/gamedata/sounddata.xml	C:\Users\22448\Downloads\重生虫心0.71汉化版（新）\reborn_workrepo\合作指挥官版起义狂潮\Mods\XM\XMZeratul.SC2Mod\Base.SC2Data\GameData\SoundData.xml
Zeratul_CleaveImpact	CSound	mods/starcoop/starcoop.sc2mod/base.sc2data/gamedata/sounddata.xml	C:\Users\22448\Downloads\重生虫心0.71汉化版（新）\reborn_workrepo\合作指挥官版起义狂潮\Mods\XM\XMZeratul.SC2Mod\Base.SC2Data\GameData\SoundData.xml
Zeratul_CleaveSwipe	CSound	mods/starcoop/starcoop.sc2mod/base.sc2data/gamedata/sounddata.xml	C:\Users\22448\Downloads\重生虫心0.71汉化版（新）\reborn_workrepo\合作指挥官版起义狂潮\Mods\XM\XMZeratul.SC2Mod\Base.SC2Data\GameData\SoundData.xml
Zeratul_Death_VxFx	CSound	mods/starcoop/starcoop.sc2mod/base.sc2data/gamedata/sounddata.xml	C:\Users\22448\Downloads\重生虫心0.71汉化版（新）\reborn_workrepo\合作指挥官版起义狂潮\Mods\XM\XMZeratul.SC2Mod\Base.SC2Data\GameData\SoundData.xml
Zeratul_DeathFX	CSound	mods/starcoop/starcoop.sc2mod/base.sc2data/gamedata/sounddata.xml	C:\Users\22448\Downloads\重生虫心0.71汉化版（新）\reborn_workrepo\合作指挥官版起义狂潮\Mods\XM\XMZeratul.SC2Mod\Base.SC2Data\GameData\SoundData.xml
Zeratul_Pissed	CSound	mods/starcoop/starcoop.sc2mod/base.sc2data/gamedata/sounddata.xml	C:\Users\22448\Downloads\重生虫心0.71汉化版（新）\reborn_workrepo\合作指挥官版起义狂潮\Mods\XM\XMZeratul.SC2Mod\Base.SC2Data\GameData\SoundData.xml
Zeratul_ProphVision_End	CSound	mods/starcoop/starcoop.sc2mod/base.sc2data/gamedata/sounddata.xml	C:\Users\22448\Downloads\重生虫心0.71汉化版（新）\reborn_workrepo\合作指挥官版起义狂潮\Mods\XM\XMZeratul.SC2Mod\Base.SC2Data\GameData\SoundData.xml
Zeratul_ProphVision_Loop	CSound	mods/starcoop/starcoop.sc2mod/base.sc2data/gamedata/sounddata.xml	C:\Users\22448\Downloads\重生虫心0.71汉化版（新）\reborn_workrepo\合作指挥官版起义狂潮\Mods\XM\XMZeratul.SC2Mod\Base.SC2Data\GameData\SoundData.xml
Zeratul_ProphVision_Start	CSound	mods/starcoop/starcoop.sc2mod/base.sc2data/gamedata/sounddata.xml	C:\Users\22448\Downloads\重生虫心0.71汉化版（新）\reborn_workrepo\合作指挥官版起义狂潮\Mods\XM\XMZeratul.SC2Mod\Base.SC2Data\GameData\SoundData.xml
Zeratul_ProphVision_Stop	CSound	mods/starcoop/starcoop.sc2mod/base.sc2data/gamedata/sounddata.xml	C:\Users\22448\Downloads\重生虫心0.71汉化版（新）\reborn_workrepo\合作指挥官版起义狂潮\Mods\XM\XMZeratul.SC2Mod\Base.SC2Data\GameData\SoundData.xml
Zeratul_StasisBeam_Birth	CSound	mods/starcoop/starcoop.sc2mod/base.sc2data/gamedata/sounddata.xml	C:\Users\22448\Downloads\重生虫心0.71汉化版（新）\reborn_workrepo\合作指挥官版起义狂潮\Mods\XM\XMZeratul.SC2Mod\Base.SC2Data\GameData\SoundData.xml
Zeratul_StasisBeam_Death	CSound	mods/starcoop/starcoop.sc2mod/base.sc2data/gamedata/sounddata.xml	C:\Users\22448\Downloads\重生虫心0.71汉化版（新）\reborn_workrepo\合作指挥官版起义狂潮\Mods\XM\XMZeratul.SC2Mod\Base.SC2Data\GameData\SoundData.xml
Zeratul_StasisBeam_Stand	CSound	mods/starcoop/starcoop.sc2mod/base.sc2data/gamedata/sounddata.xml	C:\Users\22448\Downloads\重生虫心0.71汉化版（新）\reborn_workrepo\合作指挥官版起义狂潮\Mods\XM\XMZeratul.SC2Mod\Base.SC2Data\GameData\SoundData.xml
Zeratul_StasisField_Impact	CSound	mods/starcoop/starcoop.sc2mod/base.sc2data/gamedata/sounddata.xml	C:\Users\22448\Downloads\重生虫心0.71汉化版（新）\reborn_workrepo\合作指挥官版起义狂潮\Mods\XM\XMZeratul.SC2Mod\Base.SC2Data\GameData\SoundData.xml
Zeratul_StasisField_Off	CSound	mods/starcoop/starcoop.sc2mod/base.sc2data/gamedata/sounddata.xml	C:\Users\22448\Downloads\重生虫心0.71汉化版（新）\reborn_workrepo\合作指挥官版起义狂潮\Mods\XM\XMZeratul.SC2Mod\Base.SC2Data\GameData\SoundData.xml
Zeratul_StasisField_On	CSound	mods/starcoop/starcoop.sc2mod/base.sc2data/gamedata/sounddata.xml	C:\Users\22448\Downloads\重生虫心0.71汉化版（新）\reborn_workrepo\合作指挥官版起义狂潮\Mods\XM\XMZeratul.SC2Mod\Base.SC2Data\GameData\SoundData.xml
Zeratul_Suppression_Aura_AOE	CSound	mods/starcoop/starcoop.sc2mod/base.sc2data/gamedata/sounddata.xml	C:\Users\22448\Downloads\重生虫心0.71汉化版（新）\reborn_workrepo\合作指挥官版起义狂潮\Mods\XM\XMZeratul.SC2Mod\Base.SC2Data\GameData\SoundData.xml
Zeratul_Suppression_Aura_Start	CSound	mods/starcoop/starcoop.sc2mod/base.sc2data/gamedata/sounddata.xml	C:\Users\22448\Downloads\重生虫心0.71汉化版（新）\reborn_workrepo\合作指挥官版起义狂潮\Mods\XM\XMZeratul.SC2Mod\Base.SC2Data\GameData\SoundData.xml
Zeratul_VoidSeeker_FasterBy	CSound	mods/starcoop/starcoop.sc2mod/base.sc2data/gamedata/sounddata.xml	C:\Users\22448\Downloads\重生虫心0.71汉化版（新）\reborn_workrepo\合作指挥官版起义狂潮\Mods\XM\XMZeratul.SC2Mod\Base.SC2Data\GameData\SoundData.xml
Zeratul_VoidSeeker_FlyBy	CSound	mods/starcoop/starcoop.sc2mod/base.sc2data/gamedata/sounddata.xml	C:\Users\22448\Downloads\重生虫心0.71汉化版（新）\reborn_workrepo\合作指挥官版起义狂潮\Mods\XM\XMZeratul.SC2Mod\Base.SC2Data\GameData\SoundData.xml
ZeratulArtifact_CreationSound	CSound	mods/starcoop/starcoop.sc2mod/base.sc2data/gamedata/sounddata.xml	C:\Users\22448\Downloads\重生虫心0.71汉化版（新）\reborn_workrepo\合作指挥官版起义狂潮\Mods\XM\XMZeratul.SC2Mod\Base.SC2Data\GameData\SoundData.xml
ZeratulArtifactPickupHover	CSound	mods/starcoop/starcoop.sc2mod/base.sc2data/gamedata/sounddata.xml	C:\Users\22448\Downloads\重生虫心0.71汉化版（新）\reborn_workrepo\合作指挥官版起义狂潮\Mods\XM\XMZeratul.SC2Mod\Base.SC2Data\GameData\SoundData.xml
ZeratulCommander_AbilityReady	CSound	mods/starcoop/starcoop.sc2mod/base.sc2data/gamedata/sounddata.xml	C:\Users\22448\Downloads\重生虫心0.71汉化版（新）\reborn_workrepo\合作指挥官版起义狂潮\Mods\XM\XMZeratul.SC2Mod\Base.SC2Data\GameData\SoundData.xml
ZeratulCommander_AbilitySelected	CSound	mods/starcoop/starcoop.sc2mod/base.sc2data/gamedata/sounddata.xml	C:\Users\22448\Downloads\重生虫心0.71汉化版（新）\reborn_workrepo\合作指挥官版起义狂潮\Mods\XM\XMZeratul.SC2Mod\Base.SC2Data\GameData\SoundData.xml
ZeratulCommander_ArchonLeaves	CSound	mods/starcoop/starcoop.sc2mod/base.sc2data/gamedata/sounddata.xml	C:\Users\22448\Downloads\重生虫心0.71汉化版（新）\reborn_workrepo\合作指挥官版起义狂潮\Mods\XM\XMZeratul.SC2Mod\Base.SC2Data\GameData\SoundData.xml
ZeratulCommander_Auto_CloakedUnits	CSound	mods/starcoop/starcoop.sc2mod/base.sc2data/gamedata/sounddata.xml	C:\Users\22448\Downloads\重生虫心0.71汉化版（新）\reborn_workrepo\合作指挥官版起义狂潮\Mods\XM\XMZeratul.SC2Mod\Base.SC2Data\GameData\SoundData.xml
ZeratulCommander_Auto_EnemyProtoss	CSound	mods/starcoop/starcoop.sc2mod/base.sc2data/gamedata/sounddata.xml	C:\Users\22448\Downloads\重生虫心0.71汉化版（新）\reborn_workrepo\合作指挥官版起义狂潮\Mods\XM\XMZeratul.SC2Mod\Base.SC2Data\GameData\SoundData.xml
ZeratulCommander_Auto_EnemyTerran	CSound	mods/starcoop/starcoop.sc2mod/base.sc2data/gamedata/sounddata.xml	C:\Users\22448\Downloads\重生虫心0.71汉化版（新）\reborn_workrepo\合作指挥官版起义狂潮\Mods\XM\XMZeratul.SC2Mod\Base.SC2Data\GameData\SoundData.xml
ZeratulCommander_Auto_EnemyZerg	CSound	mods/starcoop/starcoop.sc2mod/base.sc2data/gamedata/sounddata.xml	C:\Users\22448\Downloads\重生虫心0.71汉化版（新）\reborn_workrepo\合作指挥官版起义狂潮\Mods\XM\XMZeratul.SC2Mod\Base.SC2Data\GameData\SoundData.xml
ZeratulCommander_Auto_HelpMe	CSound	mods/starcoop/starcoop.sc2mod/base.sc2data/gamedata/sounddata.xml	C:\Users\22448\Downloads\重生虫心0.71汉化版（新）\reborn_workrepo\合作指挥官版起义狂潮\Mods\XM\XMZeratul.SC2Mod\Base.SC2Data\GameData\SoundData.xml
ZeratulCommander_Auto_UnitsLost	CSound	mods/starcoop/starcoop.sc2mod/base.sc2data/gamedata/sounddata.xml	C:\Users\22448\Downloads\重生虫心0.71汉化版（新）\reborn_workrepo\合作指挥官版起义狂潮\Mods\XM\XMZeratul.SC2Mod\Base.SC2Data\GameData\SoundData.xml
ZeratulCommander_CompleteArtifact	CSound	mods/starcoop/starcoop.sc2mod/base.sc2data/gamedata/sounddata.xml	C:\Users\22448\Downloads\重生虫心0.71汉化版（新）\reborn_workrepo\合作指挥官版起义狂潮\Mods\XM\XMZeratul.SC2Mod\Base.SC2Data\GameData\SoundData.xml
ZeratulCommander_Death	CSound	mods/starcoop/starcoop.sc2mod/base.sc2data/gamedata/sounddata.xml	C:\Users\22448\Downloads\重生虫心0.71汉化版（新）\reborn_workrepo\合作指挥官版起义狂潮\Mods\XM\XMZeratul.SC2Mod\Base.SC2Data\GameData\SoundData.xml
ZeratulCommander_FindArtifact	CSound	mods/starcoop/starcoop.sc2mod/base.sc2data/gamedata/sounddata.xml	C:\Users\22448\Downloads\重生虫心0.71汉化版（新）\reborn_workrepo\合作指挥官版起义狂潮\Mods\XM\XMZeratul.SC2Mod\Base.SC2Data\GameData\SoundData.xml
ZeratulCommander_ObtainArtifact	CSound	mods/starcoop/starcoop.sc2mod/base.sc2data/gamedata/sounddata.xml	C:\Users\22448\Downloads\重生虫心0.71汉化版（新）\reborn_workrepo\合作指挥官版起义狂潮\Mods\XM\XMZeratul.SC2Mod\Base.SC2Data\GameData\SoundData.xml
ZeratulCommander_Ready	CSound	mods/starcoop/starcoop.sc2mod/base.sc2data/gamedata/sounddata.xml	C:\Users\22448\Downloads\重生虫心0.71汉化版（新）\reborn_workrepo\合作指挥官版起义狂潮\Mods\XM\XMZeratul.SC2Mod\Base.SC2Data\GameData\SoundData.xml
ZeratulCommander_SelectAbility	CSound	mods/starcoop/starcoop.sc2mod/base.sc2data/gamedata/sounddata.xml	C:\Users\22448\Downloads\重生虫心0.71汉化版（新）\reborn_workrepo\合作指挥官版起义狂潮\Mods\XM\XMZeratul.SC2Mod\Base.SC2Data\GameData\SoundData.xml
ZeratulCommander_SupplyReminder	CSound	mods/starcoop/starcoop.sc2mod/base.sc2data/gamedata/sounddata.xml	C:\Users\22448\Downloads\重生虫心0.71汉化版（新）\reborn_workrepo\合作指挥官版起义狂潮\Mods\XM\XMZeratul.SC2Mod\Base.SC2Data\GameData\SoundData.xml
ZeratulCommander_Thanks	CSound	mods/starcoop/starcoop.sc2mod/base.sc2data/gamedata/sounddata.xml	C:\Users\22448\Downloads\重生虫心0.71汉化版（新）\reborn_workrepo\合作指挥官版起义狂潮\Mods\XM\XMZeratul.SC2Mod\Base.SC2Data\GameData\SoundData.xml
ZeratulCommander_VoidRayLeaves	CSound	mods/starcoop/starcoop.sc2mod/base.sc2data/gamedata/sounddata.xml	C:\Users\22448\Downloads\重生虫心0.71汉化版（新）\reborn_workrepo\合作指挥官版起义狂潮\Mods\XM\XMZeratul.SC2Mod\Base.SC2Data\GameData\SoundData.xml
ZeratulCommander_VoidSeekerLeaves	CSound	mods/starcoop/starcoop.sc2mod/base.sc2data/gamedata/sounddata.xml	C:\Users\22448\Downloads\重生虫心0.71汉化版（新）\reborn_workrepo\合作指挥官版起义狂潮\Mods\XM\XMZeratul.SC2Mod\Base.SC2Data\GameData\SoundData.xml
ZeratulCommander_ZealotLeaves	CSound	mods/starcoop/starcoop.sc2mod/base.sc2data/gamedata/sounddata.xml	C:\Users\22448\Downloads\重生虫心0.71汉化版（新）\reborn_workrepo\合作指挥官版起义狂潮\Mods\XM\XMZeratul.SC2Mod\Base.SC2Data\GameData\SoundData.xml
ZeratulVoid_Attack	CSound	mods/starcoop/starcoop.sc2mod/base.sc2data/gamedata/sounddata.xml	C:\Users\22448\Downloads\重生虫心0.71汉化版（新）\reborn_workrepo\合作指挥官版起义狂潮\Mods\XM\XMZeratul.SC2Mod\Base.SC2Data\GameData\SoundData.xml
ZeratulVoid_Help	CSound	mods/starcoop/starcoop.sc2mod/base.sc2data/gamedata/sounddata.xml	C:\Users\22448\Downloads\重生虫心0.71汉化版（新）\reborn_workrepo\合作指挥官版起义狂潮\Mods\XM\XMZeratul.SC2Mod\Base.SC2Data\GameData\SoundData.xml
ZeratulVoid_Pissed	CSound	mods/starcoop/starcoop.sc2mod/base.sc2data/gamedata/sounddata.xml	C:\Users\22448\Downloads\重生虫心0.71汉化版（新）\reborn_workrepo\合作指挥官版起义狂潮\Mods\XM\XMZeratul.SC2Mod\Base.SC2Data\GameData\SoundData.xml
ZeratulVoid_Ready	CSound	mods/starcoop/starcoop.sc2mod/base.sc2data/gamedata/sounddata.xml	C:\Users\22448\Downloads\重生虫心0.71汉化版（新）\reborn_workrepo\合作指挥官版起义狂潮\Mods\XM\XMZeratul.SC2Mod\Base.SC2Data\GameData\SoundData.xml
ZeratulVoid_What	CSound	mods/starcoop/starcoop.sc2mod/base.sc2data/gamedata/sounddata.xml	C:\Users\22448\Downloads\重生虫心0.71汉化版（新）\reborn_workrepo\合作指挥官版起义狂潮\Mods\XM\XMZeratul.SC2Mod\Base.SC2Data\GameData\SoundData.xml
ZeratulVoid_Yes	CSound	mods/starcoop/starcoop.sc2mod/base.sc2data/gamedata/sounddata.xml	C:\Users\22448\Downloads\重生虫心0.71汉化版（新）\reborn_workrepo\合作指挥官版起义狂潮\Mods\XM\XMZeratul.SC2Mod\Base.SC2Data\GameData\SoundData.xml
Colossus	CUnit	mods/starcoop/starcoop.sc2mod/base.sc2data/gamedata/unitdata.xml	C:\Users\22448\Downloads\重生虫心0.71汉化版（新）\reborn_workrepo\合作指挥官版起义狂潮\Mods\XM\XMZeratul.SC2Mod\Base.SC2Data\GameData\UnitData.xml
ColossusPurifier	CUnit	mods/starcoop/starcoop.sc2mod/base.sc2data/gamedata/unitdata.xml	C:\Users\22448\Downloads\重生虫心0.71汉化版（新）\reborn_workrepo\合作指挥官版起义狂潮\Mods\XM\XMZeratul.SC2Mod\Base.SC2Data\GameData\UnitData.xml
ColossusTaldarim	CUnit	mods/starcoop/starcoop.sc2mod/base.sc2data/gamedata/unitdata.xml	C:\Users\22448\Downloads\重生虫心0.71汉化版（新）\reborn_workrepo\合作指挥官版起义狂潮\Mods\XM\XMZeratul.SC2Mod\Base.SC2Data\GameData\UnitData.xml
CommanderPrestigeZeratulTornadoesTornado	CUnit	mods/starcoop/starcoop.sc2mod/base.sc2data/gamedata/unitdata.xml	C:\Users\22448\Downloads\重生虫心0.71汉化版（新）\reborn_workrepo\合作指挥官版起义狂潮\Mods\XM\XMZeratul.SC2Mod\Base.SC2Data\GameData\UnitData.xml
CyberneticsCore	CUnit	mods/starcoop/starcoop.sc2mod/base.sc2data/gamedata/unitdata.xml	C:\Users\22448\Downloads\重生虫心0.71汉化版（新）\reborn_workrepo\合作指挥官版起义狂潮\Mods\XM\XMZeratul.SC2Mod\Base.SC2Data\GameData\UnitData.xml
DarkArchon	CUnit	mods/starcoop/starcoop.sc2mod/base.sc2data/gamedata/unitdata.xml	C:\Users\22448\Downloads\重生虫心0.71汉化版（新）\reborn_workrepo\合作指挥官版起义狂潮\Mods\XM\XMZeratul.SC2Mod\Base.SC2Data\GameData\UnitData.xml
DarkPylon	CUnit	mods/starcoop/starcoop.sc2mod/base.sc2data/gamedata/unitdata.xml	C:\Users\22448\Downloads\重生虫心0.71汉化版（新）\reborn_workrepo\合作指挥官版起义狂潮\Mods\XM\XMZeratul.SC2Mod\Base.SC2Data\GameData\UnitData.xml
DarkPylonOvercharged	CUnit	mods/starcoop/starcoop.sc2mod/base.sc2data/gamedata/unitdata.xml	C:\Users\22448\Downloads\重生虫心0.71汉化版（新）\reborn_workrepo\合作指挥官版起义狂潮\Mods\XM\XMZeratul.SC2Mod\Base.SC2Data\GameData\UnitData.xml
DarkShrine	CUnit	mods/starcoop/starcoop.sc2mod/base.sc2data/gamedata/unitdata.xml	C:\Users\22448\Downloads\重生虫心0.71汉化版（新）\reborn_workrepo\合作指挥官版起义狂潮\Mods\XM\XMZeratul.SC2Mod\Base.SC2Data\GameData\UnitData.xml
DarkTemplarShakuras	CUnit	mods/starcoop/starcoop.sc2mod/base.sc2data/gamedata/unitdata.xml	C:\Users\22448\Downloads\重生虫心0.71汉化版（新）\reborn_workrepo\合作指挥官版起义狂潮\Mods\XM\XMZeratul.SC2Mod\Base.SC2Data\GameData\UnitData.xml
FleetBeacon	CUnit	mods/starcoop/starcoop.sc2mod/base.sc2data/gamedata/unitdata.xml	C:\Users\22448\Downloads\重生虫心0.71汉化版（新）\reborn_workrepo\合作指挥官版起义狂潮\Mods\XM\XMZeratul.SC2Mod\Base.SC2Data\GameData\UnitData.xml
Forge	CUnit	mods/starcoop/starcoop.sc2mod/base.sc2data/gamedata/unitdata.xml	C:\Users\22448\Downloads\重生虫心0.71汉化版（新）\reborn_workrepo\合作指挥官版起义狂潮\Mods\XM\XMZeratul.SC2Mod\Base.SC2Data\GameData\UnitData.xml
Gateway	CUnit	mods/starcoop/starcoop.sc2mod/base.sc2data/gamedata/unitdata.xml	C:\Users\22448\Downloads\重生虫心0.71汉化版（新）\reborn_workrepo\合作指挥官版起义狂潮\Mods\XM\XMZeratul.SC2Mod\Base.SC2Data\GameData\UnitData.xml
InfestedTerran	CUnit	mods/starcoop/starcoop.sc2mod/base.sc2data/gamedata/unitdata.xml	C:\Users\22448\Downloads\重生虫心0.71汉化版（新）\reborn_workrepo\合作指挥官版起义狂潮\Mods\XM\XMZeratul.SC2Mod\Base.SC2Data\GameData\UnitData.xml
KhaydarinMonolith	CUnit	mods/starcoop/starcoop.sc2mod/base.sc2data/gamedata/unitdata.xml	C:\Users\22448\Downloads\重生虫心0.71汉化版（新）\reborn_workrepo\合作指挥官版起义狂潮\Mods\XM\XMZeratul.SC2Mod\Base.SC2Data\GameData\UnitData.xml
Locust	CUnit	mods/starcoop/starcoop.sc2mod/base.sc2data/gamedata/unitdata.xml	C:\Users\22448\Downloads\重生虫心0.71汉化版（新）\reborn_workrepo\合作指挥官版起义狂潮\Mods\XM\XMZeratul.SC2Mod\Base.SC2Data\GameData\UnitData.xml
MoebiusSeeker	CUnit	mods/starcoop/starcoop.sc2mod/base.sc2data/gamedata/unitdata.xml	C:\Users\22448\Downloads\重生虫心0.71汉化版（新）\reborn_workrepo\合作指挥官版起义狂潮\Mods\XM\XMZeratul.SC2Mod\Base.SC2Data\GameData\UnitData.xml
Monolith	CUnit	mods/starcoop/starcoop.sc2mod/base.sc2data/gamedata/unitdata.xml	C:\Users\22448\Downloads\重生虫心0.71汉化版（新）\reborn_workrepo\合作指挥官版起义狂潮\Mods\XM\XMZeratul.SC2Mod\Base.SC2Data\GameData\UnitData.xml
MutatorAmonKhaydarinMonolith	CUnit	mods/starcoop/starcoop.sc2mod/base.sc2data/gamedata/unitdata.xml	C:\Users\22448\Downloads\重生虫心0.71汉化版（新）\reborn_workrepo\合作指挥官版起义狂潮\Mods\XM\XMZeratul.SC2Mod\Base.SC2Data\GameData\UnitData.xml
MutatorAmonZeratul	CUnit	mods/starcoop/starcoop.sc2mod/base.sc2data/gamedata/unitdata.xml	C:\Users\22448\Downloads\重生虫心0.71汉化版（新）\reborn_workrepo\合作指挥官版起义狂潮\Mods\XM\XMZeratul.SC2Mod\Base.SC2Data\GameData\UnitData.xml
NarudXelNaga	CUnit	mods/starcoop/starcoop.sc2mod/base.sc2data/gamedata/unitdata.xml	C:\Users\22448\Downloads\重生虫心0.71汉化版（新）\reborn_workrepo\合作指挥官版起义狂潮\Mods\XM\XMZeratul.SC2Mod\Base.SC2Data\GameData\UnitData.xml
SiegeTankWreckage	System.Xml.XmlElement	mods/starcoop/starcoop.sc2mod/base.sc2data/gamedata/unitdata.xml	C:\Users\22448\Downloads\重生虫心0.71汉化版（新）\reborn_workrepo\合作指挥官版起义狂潮\Mods\XM\XMZeratul.SC2Mod\Base.SC2Data\GameData\UnitData.xml
SlaynElementalGrabAOEAirUnit100	CUnit	mods/starcoop/starcoop.sc2mod/base.sc2data/gamedata/unitdata.xml	C:\Users\22448\Downloads\重生虫心0.71汉化版（新）\reborn_workrepo\合作指挥官版起义狂潮\Mods\XM\XMZeratul.SC2Mod\Base.SC2Data\GameData\UnitData.xml
SlaynElementalGrabAOEAirUnit125	CUnit	mods/starcoop/starcoop.sc2mod/base.sc2data/gamedata/unitdata.xml	C:\Users\22448\Downloads\重生虫心0.71汉化版（新）\reborn_workrepo\合作指挥官版起义狂潮\Mods\XM\XMZeratul.SC2Mod\Base.SC2Data\GameData\UnitData.xml
SlaynElementalGrabAOEAirUnit150	CUnit	mods/starcoop/starcoop.sc2mod/base.sc2data/gamedata/unitdata.xml	C:\Users\22448\Downloads\重生虫心0.71汉化版（新）\reborn_workrepo\合作指挥官版起义狂潮\Mods\XM\XMZeratul.SC2Mod\Base.SC2Data\GameData\UnitData.xml
SlaynElementalGrabAOEAirUnit175	CUnit	mods/starcoop/starcoop.sc2mod/base.sc2data/gamedata/unitdata.xml	C:\Users\22448\Downloads\重生虫心0.71汉化版（新）\reborn_workrepo\合作指挥官版起义狂潮\Mods\XM\XMZeratul.SC2Mod\Base.SC2Data\GameData\UnitData.xml
SlaynElementalGrabAOEAirUnit200	CUnit	mods/starcoop/starcoop.sc2mod/base.sc2data/gamedata/unitdata.xml	C:\Users\22448\Downloads\重生虫心0.71汉化版（新）\reborn_workrepo\合作指挥官版起义狂潮\Mods\XM\XMZeratul.SC2Mod\Base.SC2Data\GameData\UnitData.xml
SlaynElementalGrabAOEAirUnit225	CUnit	mods/starcoop/starcoop.sc2mod/base.sc2data/gamedata/unitdata.xml	C:\Users\22448\Downloads\重生虫心0.71汉化版（新）\reborn_workrepo\合作指挥官版起义狂潮\Mods\XM\XMZeratul.SC2Mod\Base.SC2Data\GameData\UnitData.xml
SlaynElementalGrabAOEAirUnit25	CUnit	mods/starcoop/starcoop.sc2mod/base.sc2data/gamedata/unitdata.xml	C:\Users\22448\Downloads\重生虫心0.71汉化版（新）\reborn_workrepo\合作指挥官版起义狂潮\Mods\XM\XMZeratul.SC2Mod\Base.SC2Data\GameData\UnitData.xml
SlaynElementalGrabAOEAirUnit250	CUnit	mods/starcoop/starcoop.sc2mod/base.sc2data/gamedata/unitdata.xml	C:\Users\22448\Downloads\重生虫心0.71汉化版（新）\reborn_workrepo\合作指挥官版起义狂潮\Mods\XM\XMZeratul.SC2Mod\Base.SC2Data\GameData\UnitData.xml
SlaynElementalGrabAOEAirUnit50	CUnit	mods/starcoop/starcoop.sc2mod/base.sc2data/gamedata/unitdata.xml	C:\Users\22448\Downloads\重生虫心0.71汉化版（新）\reborn_workrepo\合作指挥官版起义狂潮\Mods\XM\XMZeratul.SC2Mod\Base.SC2Data\GameData\UnitData.xml
SlaynElementalGrabAOEAirUnit75	CUnit	mods/starcoop/starcoop.sc2mod/base.sc2data/gamedata/unitdata.xml	C:\Users\22448\Downloads\重生虫心0.71汉化版（新）\reborn_workrepo\合作指挥官版起义狂潮\Mods\XM\XMZeratul.SC2Mod\Base.SC2Data\GameData\UnitData.xml
SlaynElementalGrabAOEAirUnitColossi	CUnit	mods/starcoop/starcoop.sc2mod/base.sc2data/gamedata/unitdata.xml	C:\Users\22448\Downloads\重生虫心0.71汉化版（新）\reborn_workrepo\合作指挥官版起义狂潮\Mods\XM\XMZeratul.SC2Mod\Base.SC2Data\GameData\UnitData.xml
SlaynElementalGrabAOEGroundUnit100	CUnit	mods/starcoop/starcoop.sc2mod/base.sc2data/gamedata/unitdata.xml	C:\Users\22448\Downloads\重生虫心0.71汉化版（新）\reborn_workrepo\合作指挥官版起义狂潮\Mods\XM\XMZeratul.SC2Mod\Base.SC2Data\GameData\UnitData.xml
SlaynElementalGrabAOEGroundUnit125	CUnit	mods/starcoop/starcoop.sc2mod/base.sc2data/gamedata/unitdata.xml	C:\Users\22448\Downloads\重生虫心0.71汉化版（新）\reborn_workrepo\合作指挥官版起义狂潮\Mods\XM\XMZeratul.SC2Mod\Base.SC2Data\GameData\UnitData.xml
SlaynElementalGrabAOEGroundUnit150	CUnit	mods/starcoop/starcoop.sc2mod/base.sc2data/gamedata/unitdata.xml	C:\Users\22448\Downloads\重生虫心0.71汉化版（新）\reborn_workrepo\合作指挥官版起义狂潮\Mods\XM\XMZeratul.SC2Mod\Base.SC2Data\GameData\UnitData.xml
SlaynElementalGrabAOEGroundUnit175	CUnit	mods/starcoop/starcoop.sc2mod/base.sc2data/gamedata/unitdata.xml	C:\Users\22448\Downloads\重生虫心0.71汉化版（新）\reborn_workrepo\合作指挥官版起义狂潮\Mods\XM\XMZeratul.SC2Mod\Base.SC2Data\GameData\UnitData.xml
SlaynElementalGrabAOEGroundUnit200	CUnit	mods/starcoop/starcoop.sc2mod/base.sc2data/gamedata/unitdata.xml	C:\Users\22448\Downloads\重生虫心0.71汉化版（新）\reborn_workrepo\合作指挥官版起义狂潮\Mods\XM\XMZeratul.SC2Mod\Base.SC2Data\GameData\UnitData.xml
SlaynElementalGrabAOEGroundUnit225	CUnit	mods/starcoop/starcoop.sc2mod/base.sc2data/gamedata/unitdata.xml	C:\Users\22448\Downloads\重生虫心0.71汉化版（新）\reborn_workrepo\合作指挥官版起义狂潮\Mods\XM\XMZeratul.SC2Mod\Base.SC2Data\GameData\UnitData.xml
SlaynElementalGrabAOEGroundUnit25	CUnit	mods/starcoop/starcoop.sc2mod/base.sc2data/gamedata/unitdata.xml	C:\Users\22448\Downloads\重生虫心0.71汉化版（新）\reborn_workrepo\合作指挥官版起义狂潮\Mods\XM\XMZeratul.SC2Mod\Base.SC2Data\GameData\UnitData.xml
SlaynElementalGrabAOEGroundUnit250	CUnit	mods/starcoop/starcoop.sc2mod/base.sc2data/gamedata/unitdata.xml	C:\Users\22448\Downloads\重生虫心0.71汉化版（新）\reborn_workrepo\合作指挥官版起义狂潮\Mods\XM\XMZeratul.SC2Mod\Base.SC2Data\GameData\UnitData.xml
SlaynElementalGrabAOEGroundUnit50	CUnit	mods/starcoop/starcoop.sc2mod/base.sc2data/gamedata/unitdata.xml	C:\Users\22448\Downloads\重生虫心0.71汉化版（新）\reborn_workrepo\合作指挥官版起义狂潮\Mods\XM\XMZeratul.SC2Mod\Base.SC2Data\GameData\UnitData.xml
SlaynElementalGrabAOEGroundUnit75	CUnit	mods/starcoop/starcoop.sc2mod/base.sc2data/gamedata/unitdata.xml	C:\Users\22448\Downloads\重生虫心0.71汉化版（新）\reborn_workrepo\合作指挥官版起义狂潮\Mods\XM\XMZeratul.SC2Mod\Base.SC2Data\GameData\UnitData.xml
SlaynElementalGrabAOEGroundUnitMonolith	CUnit	mods/starcoop/starcoop.sc2mod/base.sc2data/gamedata/unitdata.xml	C:\Users\22448\Downloads\重生虫心0.71汉化版（新）\reborn_workrepo\合作指挥官版起义狂潮\Mods\XM\XMZeratul.SC2Mod\Base.SC2Data\GameData\UnitData.xml
SlaynElementalGrabAOEWeapon	CUnit	mods/starcoop/starcoop.sc2mod/base.sc2data/gamedata/unitdata.xml	C:\Users\22448\Downloads\重生虫心0.71汉化版（新）\reborn_workrepo\合作指挥官版起义狂潮\Mods\XM\XMZeratul.SC2Mod\Base.SC2Data\GameData\UnitData.xml
SoACasterVorazun	CUnit	mods/starcoop/starcoop.sc2mod/base.sc2data/gamedata/unitdata.xml	C:\Users\22448\Downloads\重生虫心0.71汉化版（新）\reborn_workrepo\合作指挥官版起义狂潮\Mods\XM\XMZeratul.SC2Mod\Base.SC2Data\GameData\UnitData.xml
Stargate	CUnit	mods/starcoop/starcoop.sc2mod/base.sc2data/gamedata/unitdata.xml	C:\Users\22448\Downloads\重生虫心0.71汉化版（新）\reborn_workrepo\合作指挥官版起义狂潮\Mods\XM\XMZeratul.SC2Mod\Base.SC2Data\GameData\UnitData.xml
StukovAleksanderCrashed	System.Xml.XmlElement	mods/starcoop/starcoop.sc2mod/base.sc2data/gamedata/unitdata.xml	C:\Users\22448\Downloads\重生虫心0.71汉化版（新）\reborn_workrepo\合作指挥官版起义狂潮\Mods\XM\XMZeratul.SC2Mod\Base.SC2Data\GameData\UnitData.xml
ThorWreckage	CUnit	mods/starcoop/starcoop.sc2mod/base.sc2data/gamedata/unitdata.xml	C:\Users\22448\Downloads\重生虫心0.71汉化版（新）\reborn_workrepo\合作指挥官版起义狂潮\Mods\XM\XMZeratul.SC2Mod\Base.SC2Data\GameData\UnitData.xml
ThorWreckageSwann	System.Xml.XmlElement	mods/starcoop/starcoop.sc2mod/base.sc2data/gamedata/unitdata.xml	C:\Users\22448\Downloads\重生虫心0.71汉化版（新）\reborn_workrepo\合作指挥官版起义狂潮\Mods\XM\XMZeratul.SC2Mod\Base.SC2Data\GameData\UnitData.xml
VoidPylon	CUnit	mods/starcoop/starcoop.sc2mod/base.sc2data/gamedata/unitdata.xml	C:\Users\22448\Downloads\重生虫心0.71汉化版（新）\reborn_workrepo\合作指挥官版起义狂潮\Mods\XM\XMZeratul.SC2Mod\Base.SC2Data\GameData\UnitData.xml
VoidSeeker	CUnit	mods/starcoop/starcoop.sc2mod/base.sc2data/gamedata/unitdata.xml	C:\Users\22448\Downloads\重生虫心0.71汉化版（新）\reborn_workrepo\合作指挥官版起义狂潮\Mods\XM\XMZeratul.SC2Mod\Base.SC2Data\GameData\UnitData.xml
WarpGate	CUnit	mods/starcoop/starcoop.sc2mod/base.sc2data/gamedata/unitdata.xml	C:\Users\22448\Downloads\重生虫心0.71汉化版（新）\reborn_workrepo\合作指挥官版起义狂潮\Mods\XM\XMZeratul.SC2Mod\Base.SC2Data\GameData\UnitData.xml
XelNagaConstruct	CUnit	mods/starcoop/starcoop.sc2mod/base.sc2data/gamedata/unitdata.xml	C:\Users\22448\Downloads\重生虫心0.71汉化版（新）\reborn_workrepo\合作指挥官版起义狂潮\Mods\XM\XMZeratul.SC2Mod\Base.SC2Data\GameData\UnitData.xml
XelNagaCrystal	CUnit	mods/starcoop/starcoop.sc2mod/base.sc2data/gamedata/unitdata.xml	C:\Users\22448\Downloads\重生虫心0.71汉化版（新）\reborn_workrepo\合作指挥官版起义狂潮\Mods\XM\XMZeratul.SC2Mod\Base.SC2Data\GameData\UnitData.xml
XelNagaWorldshipVault	CUnit	mods/starcoop/starcoop.sc2mod/base.sc2data/gamedata/unitdata.xml	C:\Users\22448\Downloads\重生虫心0.71汉化版（新）\reborn_workrepo\合作指挥官版起义狂潮\Mods\XM\XMZeratul.SC2Mod\Base.SC2Data\GameData\UnitData.xml
Zealot	CUnit	mods/starcoop/starcoop.sc2mod/base.sc2data/gamedata/unitdata.xml	C:\Users\22448\Downloads\重生虫心0.71汉化版（新）\reborn_workrepo\合作指挥官版起义狂潮\Mods\XM\XMZeratul.SC2Mod\Base.SC2Data\GameData\UnitData.xml
Zeratul	CUnit	mods/starcoop/starcoop.sc2mod/base.sc2data/gamedata/unitdata.xml	C:\Users\22448\Downloads\重生虫心0.71汉化版（新）\reborn_workrepo\合作指挥官版起义狂潮\Mods\XM\XMZeratul.SC2Mod\Base.SC2Data\GameData\UnitData.xml
ZeratulVoid	CUnit	mods/starcoop/starcoop.sc2mod/base.sc2data/gamedata/unitdata.xml	C:\Users\22448\Downloads\重生虫心0.71汉化版（新）\reborn_workrepo\合作指挥官版起义狂潮\Mods\XM\XMZeratul.SC2Mod\Base.SC2Data\GameData\UnitData.xml
ZeratulVoidAiur01	CUnit	mods/starcoop/starcoop.sc2mod/base.sc2data/gamedata/unitdata.xml	C:\Users\22448\Downloads\重生虫心0.71汉化版（新）\reborn_workrepo\合作指挥官版起义狂潮\Mods\XM\XMZeratul.SC2Mod\Base.SC2Data\GameData\UnitData.xml
Charge	CUpgrade	mods/starcoop/starcoop.sc2mod/base.sc2data/gamedata/upgradedata.xml	C:\Users\22448\Downloads\重生虫心0.71汉化版（新）\reborn_workrepo\合作指挥官版起义狂潮\Mods\XM\XMZeratul.SC2Mod\Base.SC2Data\GameData\UpgradeData.xml
CommanderPrestige	CUpgrade	mods/starcoop/starcoop.sc2mod/base.sc2data/gamedata/upgradedata.xml	C:\Users\22448\Downloads\重生虫心0.71汉化版（新）\reborn_workrepo\合作指挥官版起义狂潮\Mods\XM\XMZeratul.SC2Mod\Base.SC2Data\GameData\UpgradeData.xml
CommanderPrestigeVorazunStasis	CUpgrade	mods/starcoop/starcoop.sc2mod/base.sc2data/gamedata/upgradedata.xml	C:\Users\22448\Downloads\重生虫心0.71汉化版（新）\reborn_workrepo\合作指挥官版起义狂潮\Mods\XM\XMZeratul.SC2Mod\Base.SC2Data\GameData\UpgradeData.xml
CommanderPrestigeZeratulArtifactFragments	CUpgrade	mods/starcoop/starcoop.sc2mod/base.sc2data/gamedata/upgradedata.xml	C:\Users\22448\Downloads\重生虫心0.71汉化版（新）\reborn_workrepo\合作指挥官版起义狂潮\Mods\XM\XMZeratul.SC2Mod\Base.SC2Data\GameData\UpgradeData.xml
CommanderPrestigeZeratulArtifactFragmentsUnlimitedUpgrade	CUpgrade	mods/starcoop/starcoop.sc2mod/base.sc2data/gamedata/upgradedata.xml	C:\Users\22448\Downloads\重生虫心0.71汉化版（新）\reborn_workrepo\合作指挥官版起义狂潮\Mods\XM\XMZeratul.SC2Mod\Base.SC2Data\GameData\UpgradeData.xml
CommanderPrestigeZeratulTornadoes	CUpgrade	mods/starcoop/starcoop.sc2mod/base.sc2data/gamedata/upgradedata.xml	C:\Users\22448\Downloads\重生虫心0.71汉化版（新）\reborn_workrepo\合作指挥官版起义狂潮\Mods\XM\XMZeratul.SC2Mod\Base.SC2Data\GameData\UpgradeData.xml
CommanderPrestigeZeratulTornadoesShadowCleave1	CUpgrade	mods/starcoop/starcoop.sc2mod/base.sc2data/gamedata/upgradedata.xml	C:\Users\22448\Downloads\重生虫心0.71汉化版（新）\reborn_workrepo\合作指挥官版起义狂潮\Mods\XM\XMZeratul.SC2Mod\Base.SC2Data\GameData\UpgradeData.xml
CommanderPrestigeZeratulTornadoesShadowCleave2	CUpgrade	mods/starcoop/starcoop.sc2mod/base.sc2data/gamedata/upgradedata.xml	C:\Users\22448\Downloads\重生虫心0.71汉化版（新）\reborn_workrepo\合作指挥官版起义狂潮\Mods\XM\XMZeratul.SC2Mod\Base.SC2Data\GameData\UpgradeData.xml
CommanderPrestigeZeratulVoidSeeker	CUpgrade	mods/starcoop/starcoop.sc2mod/base.sc2data/gamedata/upgradedata.xml	C:\Users\22448\Downloads\重生虫心0.71汉化版（新）\reborn_workrepo\合作指挥官版起义狂潮\Mods\XM\XMZeratul.SC2Mod\Base.SC2Data\GameData\UpgradeData.xml
DarkArchonFullStartingEnergy	CUpgrade	mods/starcoop/starcoop.sc2mod/base.sc2data/gamedata/upgradedata.xml	C:\Users\22448\Downloads\重生虫心0.71汉化版（新）\reborn_workrepo\合作指挥官版起义狂潮\Mods\XM\XMZeratul.SC2Mod\Base.SC2Data\GameData\UpgradeData.xml
DarkArchonMindControl	CUpgrade	mods/starcoop/starcoop.sc2mod/base.sc2data/gamedata/upgradedata.xml	C:\Users\22448\Downloads\重生虫心0.71汉化版（新）\reborn_workrepo\合作指挥官版起义狂潮\Mods\XM\XMZeratul.SC2Mod\Base.SC2Data\GameData\UpgradeData.xml
DarkProtoss	CUpgrade	mods/starcoop/starcoop.sc2mod/base.sc2data/gamedata/upgradedata.xml	C:\Users\22448\Downloads\重生虫心0.71汉化版（新）\reborn_workrepo\合作指挥官版起义狂潮\Mods\XM\XMZeratul.SC2Mod\Base.SC2Data\GameData\UpgradeData.xml
DarkTemplarResearchShadowDash	CUpgrade	mods/starcoop/starcoop.sc2mod/base.sc2data/gamedata/upgradedata.xml	C:\Users\22448\Downloads\重生虫心0.71汉化版（新）\reborn_workrepo\合作指挥官版起义狂潮\Mods\XM\XMZeratul.SC2Mod\Base.SC2Data\GameData\UpgradeData.xml
DarkTemplarResearchShadowFury	System.Xml.XmlElement	mods/starcoop/starcoop.sc2mod/base.sc2data/gamedata/upgradedata.xml	C:\Users\22448\Downloads\重生虫心0.71汉化版（新）\reborn_workrepo\合作指挥官版起义狂潮\Mods\XM\XMZeratul.SC2Mod\Base.SC2Data\GameData\UpgradeData.xml
DarkTemplarResearchVoidStasis	CUpgrade	mods/starcoop/starcoop.sc2mod/base.sc2data/gamedata/upgradedata.xml	C:\Users\22448\Downloads\重生虫心0.71汉化版（新）\reborn_workrepo\合作指挥官版起义狂潮\Mods\XM\XMZeratul.SC2Mod\Base.SC2Data\GameData\UpgradeData.xml
HaveKhaydarinMonolith	CUpgrade	mods/starcoop/starcoop.sc2mod/base.sc2data/gamedata/upgradedata.xml	C:\Users\22448\Downloads\重生虫心0.71汉化版（新）\reborn_workrepo\合作指挥官版起义狂潮\Mods\XM\XMZeratul.SC2Mod\Base.SC2Data\GameData\UpgradeData.xml
HunterSeeker	CUpgrade	mods/starcoop/starcoop.sc2mod/base.sc2data/gamedata/upgradedata.xml	C:\Users\22448\Downloads\重生虫心0.71汉化版（新）\reborn_workrepo\合作指挥官版起义狂潮\Mods\XM\XMZeratul.SC2Mod\Base.SC2Data\GameData\UpgradeData.xml
KaraxInstantStructureWarp	CUpgrade	mods/starcoop/starcoop.sc2mod/base.sc2data/gamedata/upgradedata.xml	C:\Users\22448\Downloads\重生虫心0.71汉化版（新）\reborn_workrepo\合作指挥官版起义狂潮\Mods\XM\XMZeratul.SC2Mod\Base.SC2Data\GameData\UpgradeData.xml
MasteryVorazunDarkPylonRadius	CUpgrade	mods/starcoop/starcoop.sc2mod/base.sc2data/gamedata/upgradedata.xml	C:\Users\22448\Downloads\重生虫心0.71汉化版（新）\reborn_workrepo\合作指挥官版起义狂潮\Mods\XM\XMZeratul.SC2Mod\Base.SC2Data\GameData\UpgradeData.xml
VoidDarkTemplarShadowFury	CUpgrade	mods/starcoop/starcoop.sc2mod/base.sc2data/gamedata/upgradedata.xml	C:\Users\22448\Downloads\重生虫心0.71汉化版（新）\reborn_workrepo\合作指挥官版起义狂潮\Mods\XM\XMZeratul.SC2Mod\Base.SC2Data\GameData\UpgradeData.xml
VorazunCommander	CUpgrade	mods/starcoop/starcoop.sc2mod/base.sc2data/gamedata/upgradedata.xml	C:\Users\22448\Downloads\重生虫心0.71汉化版（新）\reborn_workrepo\合作指挥官版起义狂潮\Mods\XM\XMZeratul.SC2Mod\Base.SC2Data\GameData\UpgradeData.xml
VorazunDarkTemplarRecall	CUpgrade	mods/starcoop/starcoop.sc2mod/base.sc2data/gamedata/upgradedata.xml	C:\Users\22448\Downloads\重生虫心0.71汉化版（新）\reborn_workrepo\合作指挥官版起义狂潮\Mods\XM\XMZeratul.SC2Mod\Base.SC2Data\GameData\UpgradeData.xml
AleksanderCrashingEncasedAoE	CValidatorUnitOrderQueue	mods/starcoop/starcoop.sc2mod/base.sc2data/gamedata/validatordata.xml	C:\Users\22448\Downloads\重生虫心0.71汉化版（新）\reborn_workrepo\合作指挥官版起义狂潮\Mods\XM\XMZeratul.SC2Mod\Base.SC2Data\GameData\ValidatorData.xml
CommanderPrestigeVorazunStasis	CValidatorPlayerRequirement	mods/starcoop/starcoop.sc2mod/base.sc2data/gamedata/validatordata.xml	C:\Users\22448\Downloads\重生虫心0.71汉化版（新）\reborn_workrepo\合作指挥官版起义狂潮\Mods\XM\XMZeratul.SC2Mod\Base.SC2Data\GameData\ValidatorData.xml
CommanderPrestigeZeratulArtifactFragments	CValidatorPlayerRequirement	mods/starcoop/starcoop.sc2mod/base.sc2data/gamedata/validatordata.xml	C:\Users\22448\Downloads\重生虫心0.71汉化版（新）\reborn_workrepo\合作指挥官版起义狂潮\Mods\XM\XMZeratul.SC2Mod\Base.SC2Data\GameData\ValidatorData.xml
CommanderPrestigeZeratulTornadoes	CValidatorPlayerRequirement	mods/starcoop/starcoop.sc2mod/base.sc2data/gamedata/validatordata.xml	C:\Users\22448\Downloads\重生虫心0.71汉化版（新）\reborn_workrepo\合作指挥官版起义狂潮\Mods\XM\XMZeratul.SC2Mod\Base.SC2Data\GameData\ValidatorData.xml
DoesNotHaveSOAMapWideChronoPassiveTarget	CValidatorUnitCompareBehaviorCount	mods/starcoop/starcoop.sc2mod/base.sc2data/gamedata/validatordata.xml	C:\Users\22448\Downloads\重生虫心0.71汉化版（新）\reborn_workrepo\合作指挥官版起义狂潮\Mods\XM\XMZeratul.SC2Mod\Base.SC2Data\GameData\ValidatorData.xml
HaveMasteryVorazunDarkPylonCloakRadius	CValidatorPlayerRequirement	mods/starcoop/starcoop.sc2mod/base.sc2data/gamedata/validatordata.xml	C:\Users\22448\Downloads\重生虫心0.71汉化版（新）\reborn_workrepo\合作指挥官版起义狂潮\Mods\XM\XMZeratul.SC2Mod\Base.SC2Data\GameData\ValidatorData.xml
HaveVorazunCommander	CValidatorPlayerRequirement	mods/starcoop/starcoop.sc2mod/base.sc2data/gamedata/validatordata.xml	C:\Users\22448\Downloads\重生虫心0.71汉化版（新）\reborn_workrepo\合作指挥官版起义狂潮\Mods\XM\XMZeratul.SC2Mod\Base.SC2Data\GameData\ValidatorData.xml
IsAnyCommander	CValidatorPlayerRequirement	mods/starcoop/starcoop.sc2mod/base.sc2data/gamedata/validatordata.xml	C:\Users\22448\Downloads\重生虫心0.71汉化版（新）\reborn_workrepo\合作指挥官版起义狂潮\Mods\XM\XMZeratul.SC2Mod\Base.SC2Data\GameData\ValidatorData.xml
IsMutatorAmonZeratul	CValidatorUnitType	mods/starcoop/starcoop.sc2mod/base.sc2data/gamedata/validatordata.xml	C:\Users\22448\Downloads\重生虫心0.71汉化版（新）\reborn_workrepo\合作指挥官版起义狂潮\Mods\XM\XMZeratul.SC2Mod\Base.SC2Data\GameData\ValidatorData.xml
IsZeratul	CValidatorUnitType	mods/starcoop/starcoop.sc2mod/base.sc2data/gamedata/validatordata.xml	C:\Users\22448\Downloads\重生虫心0.71汉化版（新）\reborn_workrepo\合作指挥官版起义狂潮\Mods\XM\XMZeratul.SC2Mod\Base.SC2Data\GameData\ValidatorData.xml
KaraxHaveStructureInstantWarp	CValidatorPlayerRequirement	mods/starcoop/starcoop.sc2mod/base.sc2data/gamedata/validatordata.xml	C:\Users\22448\Downloads\重生虫心0.71汉化版（新）\reborn_workrepo\合作指挥官版起义狂潮\Mods\XM\XMZeratul.SC2Mod\Base.SC2Data\GameData\ValidatorData.xml
SlaynElementalAOEGrabMaxLifeGTE100	CValidatorUnitCompareVital	mods/starcoop/starcoop.sc2mod/base.sc2data/gamedata/validatordata.xml	C:\Users\22448\Downloads\重生虫心0.71汉化版（新）\reborn_workrepo\合作指挥官版起义狂潮\Mods\XM\XMZeratul.SC2Mod\Base.SC2Data\GameData\ValidatorData.xml
SlaynElementalAOEGrabMaxLifeGTE150	CValidatorUnitCompareVital	mods/starcoop/starcoop.sc2mod/base.sc2data/gamedata/validatordata.xml	C:\Users\22448\Downloads\重生虫心0.71汉化版（新）\reborn_workrepo\合作指挥官版起义狂潮\Mods\XM\XMZeratul.SC2Mod\Base.SC2Data\GameData\ValidatorData.xml
SlaynElementalAOEGrabMaxLifeGTE200	CValidatorUnitCompareVital	mods/starcoop/starcoop.sc2mod/base.sc2data/gamedata/validatordata.xml	C:\Users\22448\Downloads\重生虫心0.71汉化版（新）\reborn_workrepo\合作指挥官版起义狂潮\Mods\XM\XMZeratul.SC2Mod\Base.SC2Data\GameData\ValidatorData.xml
SlaynElementalAOEGrabMaxLifeGTE250	CValidatorUnitCompareVital	mods/starcoop/starcoop.sc2mod/base.sc2data/gamedata/validatordata.xml	C:\Users\22448\Downloads\重生虫心0.71汉化版（新）\reborn_workrepo\合作指挥官版起义狂潮\Mods\XM\XMZeratul.SC2Mod\Base.SC2Data\GameData\ValidatorData.xml
SlaynElementalAOEGrabMaxLifeGTE300	CValidatorUnitCompareVital	mods/starcoop/starcoop.sc2mod/base.sc2data/gamedata/validatordata.xml	C:\Users\22448\Downloads\重生虫心0.71汉化版（新）\reborn_workrepo\合作指挥官版起义狂潮\Mods\XM\XMZeratul.SC2Mod\Base.SC2Data\GameData\ValidatorData.xml
SlaynElementalAOEGrabMaxLifeGTE350	CValidatorUnitCompareVital	mods/starcoop/starcoop.sc2mod/base.sc2data/gamedata/validatordata.xml	C:\Users\22448\Downloads\重生虫心0.71汉化版（新）\reborn_workrepo\合作指挥官版起义狂潮\Mods\XM\XMZeratul.SC2Mod\Base.SC2Data\GameData\ValidatorData.xml
SlaynElementalAOEGrabMaxLifeGTE400	CValidatorUnitCompareVital	mods/starcoop/starcoop.sc2mod/base.sc2data/gamedata/validatordata.xml	C:\Users\22448\Downloads\重生虫心0.71汉化版（新）\reborn_workrepo\合作指挥官版起义狂潮\Mods\XM\XMZeratul.SC2Mod\Base.SC2Data\GameData\ValidatorData.xml
SlaynElementalAOEGrabMaxLifeGTE450	CValidatorUnitCompareVital	mods/starcoop/starcoop.sc2mod/base.sc2data/gamedata/validatordata.xml	C:\Users\22448\Downloads\重生虫心0.71汉化版（新）\reborn_workrepo\合作指挥官版起义狂潮\Mods\XM\XMZeratul.SC2Mod\Base.SC2Data\GameData\ValidatorData.xml
SlaynElementalAOEGrabMaxLifeGTE50	CValidatorUnitCompareVital	mods/starcoop/starcoop.sc2mod/base.sc2data/gamedata/validatordata.xml	C:\Users\22448\Downloads\重生虫心0.71汉化版（新）\reborn_workrepo\合作指挥官版起义狂潮\Mods\XM\XMZeratul.SC2Mod\Base.SC2Data\GameData\ValidatorData.xml
SlaynElementalAOEGrabMaxLifeGTE500	CValidatorUnitCompareVital	mods/starcoop/starcoop.sc2mod/base.sc2data/gamedata/validatordata.xml	C:\Users\22448\Downloads\重生虫心0.71汉化版（新）\reborn_workrepo\合作指挥官版起义狂潮\Mods\XM\XMZeratul.SC2Mod\Base.SC2Data\GameData\ValidatorData.xml
SlaynElementalAOEGrabTargetIsAir	CValidatorUnitMover	mods/starcoop/starcoop.sc2mod/base.sc2data/gamedata/validatordata.xml	C:\Users\22448\Downloads\重生虫心0.71汉化版（新）\reborn_workrepo\合作指挥官版起义狂潮\Mods\XM\XMZeratul.SC2Mod\Base.SC2Data\GameData\ValidatorData.xml
SlaynElementalAOEGrabTargetIsColossi	CValidatorCombine	mods/starcoop/starcoop.sc2mod/base.sc2data/gamedata/validatordata.xml	C:\Users\22448\Downloads\重生虫心0.71汉化版（新）\reborn_workrepo\合作指挥官版起义狂潮\Mods\XM\XMZeratul.SC2Mod\Base.SC2Data\GameData\ValidatorData.xml
SlaynElementalAOEGrabTargetIsColossus	CValidatorUnitType	mods/starcoop/starcoop.sc2mod/base.sc2data/gamedata/validatordata.xml	C:\Users\22448\Downloads\重生虫心0.71汉化版（新）\reborn_workrepo\合作指挥官版起义狂潮\Mods\XM\XMZeratul.SC2Mod\Base.SC2Data\GameData\ValidatorData.xml
SlaynElementalAOEGrabTargetIsColossusPurifier	CValidatorUnitType	mods/starcoop/starcoop.sc2mod/base.sc2data/gamedata/validatordata.xml	C:\Users\22448\Downloads\重生虫心0.71汉化版（新）\reborn_workrepo\合作指挥官版起义狂潮\Mods\XM\XMZeratul.SC2Mod\Base.SC2Data\GameData\ValidatorData.xml
SlaynElementalAOEGrabTargetIsColossusTaldarim	CValidatorUnitType	mods/starcoop/starcoop.sc2mod/base.sc2data/gamedata/validatordata.xml	C:\Users\22448\Downloads\重生虫心0.71汉化版（新）\reborn_workrepo\合作指挥官版起义狂潮\Mods\XM\XMZeratul.SC2Mod\Base.SC2Data\GameData\ValidatorData.xml
SlaynElementalAOEGrabTargetIsMonolith	CValidatorUnitType	mods/starcoop/starcoop.sc2mod/base.sc2data/gamedata/validatordata.xml	C:\Users\22448\Downloads\重生虫心0.71汉化版（新）\reborn_workrepo\合作指挥官版起义狂潮\Mods\XM\XMZeratul.SC2Mod\Base.SC2Data\GameData\ValidatorData.xml
SlaynElementalGrabAOECUNotBurning	CValidatorUnitCompareBehaviorCount	mods/starcoop/starcoop.sc2mod/base.sc2data/gamedata/validatordata.xml	C:\Users\22448\Downloads\重生虫心0.71汉化版（新）\reborn_workrepo\合作指挥官版起义狂潮\Mods\XM\XMZeratul.SC2Mod\Base.SC2Data\GameData\ValidatorData.xml
SlaynElementalGrabAOECUNotDead	CValidatorUnitFilters	mods/starcoop/starcoop.sc2mod/base.sc2data/gamedata/validatordata.xml	C:\Users\22448\Downloads\重生虫心0.71汉化版（新）\reborn_workrepo\合作指挥官版起义狂潮\Mods\XM\XMZeratul.SC2Mod\Base.SC2Data\GameData\ValidatorData.xml
SlaynElementalGrabAOEOriginNotDead	CValidatorUnitFilters	mods/starcoop/starcoop.sc2mod/base.sc2data/gamedata/validatordata.xml	C:\Users\22448\Downloads\重生虫心0.71汉化版（新）\reborn_workrepo\合作指挥官版起义狂潮\Mods\XM\XMZeratul.SC2Mod\Base.SC2Data\GameData\ValidatorData.xml
SlaynElementalGrabAOESourceNotDeadAndTargetNotDeadAndOriginNotDead	CValidatorCombine	mods/starcoop/starcoop.sc2mod/base.sc2data/gamedata/validatordata.xml	C:\Users\22448\Downloads\重生虫心0.71汉化版（新）\reborn_workrepo\合作指挥官版起义狂潮\Mods\XM\XMZeratul.SC2Mod\Base.SC2Data\GameData\ValidatorData.xml
SlaynElementalGrabAOETargetNotDead	CValidatorUnitFilters	mods/starcoop/starcoop.sc2mod/base.sc2data/gamedata/validatordata.xml	C:\Users\22448\Downloads\重生虫心0.71汉化版（新）\reborn_workrepo\合作指挥官版起义狂潮\Mods\XM\XMZeratul.SC2Mod\Base.SC2Data\GameData\ValidatorData.xml
CommanderPrestigeZeratulTornadoesDummyWeapon	CWeaponLegacy	mods/starcoop/starcoop.sc2mod/base.sc2data/gamedata/weapondata.xml	C:\Users\22448\Downloads\重生虫心0.71汉化版（新）\reborn_workrepo\合作指挥官版起义狂潮\Mods\XM\XMZeratul.SC2Mod\Base.SC2Data\GameData\WeaponData.xml
Locust	CWeaponLegacy	mods/starcoop/starcoop.sc2mod/base.sc2data/gamedata/weapondata.xml	C:\Users\22448\Downloads\重生虫心0.71汉化版（新）\reborn_workrepo\合作指挥官版起义狂潮\Mods\XM\XMZeratul.SC2Mod\Base.SC2Data\GameData\WeaponData.xml
MothershipCoreWeapon	CWeaponLegacy	mods/starcoop/starcoop.sc2mod/base.sc2data/gamedata/weapondata.xml	C:\Users\22448\Downloads\重生虫心0.71汉化版（新）\reborn_workrepo\合作指挥官版起义狂潮\Mods\XM\XMZeratul.SC2Mod\Base.SC2Data\GameData\WeaponData.xml
MutatorAmonPrologueZeratul	CWeaponLegacy	mods/starcoop/starcoop.sc2mod/base.sc2data/gamedata/weapondata.xml	C:\Users\22448\Downloads\重生虫心0.71汉化版（新）\reborn_workrepo\合作指挥官版起义狂潮\Mods\XM\XMZeratul.SC2Mod\Base.SC2Data\GameData\WeaponData.xml
VoidSeeker	CWeaponLegacy	mods/starcoop/starcoop.sc2mod/base.sc2data/gamedata/weapondata.xml	C:\Users\22448\Downloads\重生虫心0.71汉化版（新）\reborn_workrepo\合作指挥官版起义狂潮\Mods\XM\XMZeratul.SC2Mod\Base.SC2Data\GameData\WeaponData.xml
XelNagaConstructAir	CWeaponLegacy	mods/starcoop/starcoop.sc2mod/base.sc2data/gamedata/weapondata.xml	C:\Users\22448\Downloads\重生虫心0.71汉化版（新）\reborn_workrepo\合作指挥官版起义狂潮\Mods\XM\XMZeratul.SC2Mod\Base.SC2Data\GameData\WeaponData.xml
