ObjectId	CatalogType	OfficialSource	TargetFile
AbathurCreateSymbiote	CAbilEffectInstant	mods/starcoop/starcoop.sc2mod/base.sc2data/gamedata/abildata.xml	合作指挥官版起义狂潮\Mods\XM\XMAbathur.SC2Mod\Base.SC2Data\GameData\AbilData.xml
AbathurCreepMend	CAbilEffectInstant	mods/starcoop/starcoop.sc2mod/base.sc2data/gamedata/abildata.xml	合作指挥官版起义狂潮\Mods\XM\XMAbathur.SC2Mod\Base.SC2Data\GameData\AbilData.xml
AbathurDeepTunnel	CAbilEffectTarget	mods/starcoop/starcoop.sc2mod/base.sc2data/gamedata/abildata.xml	合作指挥官版起义狂潮\Mods\XM\XMAbathur.SC2Mod\Base.SC2Data\GameData\AbilData.xml
AbathurDeepTunnelImproved	CAbilEffectTarget	mods/starcoop/starcoop.sc2mod/base.sc2data/gamedata/abildata.xml	合作指挥官版起义狂潮\Mods\XM\XMAbathur.SC2Mod\Base.SC2Data\GameData\AbilData.xml
AbathurMarkforCollection	CAbilEffectTarget	mods/starcoop/starcoop.sc2mod/base.sc2data/gamedata/abildata.xml	合作指挥官版起义狂潮\Mods\XM\XMAbathur.SC2Mod\Base.SC2Data\GameData\AbilData.xml
AbathurMend	CAbilEffectInstant	mods/starcoop/starcoop.sc2mod/base.sc2data/gamedata/abildata.xml	合作指挥官版起义狂潮\Mods\XM\XMAbathur.SC2Mod\Base.SC2Data\GameData\AbilData.xml
AbathurMendOld	CAbilEffectTarget	mods/starcoop/starcoop.sc2mod/base.sc2data/gamedata/abildata.xml	合作指挥官版起义狂潮\Mods\XM\XMAbathur.SC2Mod\Base.SC2Data\GameData\AbilData.xml
AbathurSpawnLocusts	CAbilEffectInstant	mods/starcoop/starcoop.sc2mod/base.sc2data/gamedata/abildata.xml	合作指挥官版起义狂潮\Mods\XM\XMAbathur.SC2Mod\Base.SC2Data\GameData\AbilData.xml
AbathurSymbioteHangerBrutalisk	CAbilArmMagazine	mods/starcoop/starcoop.sc2mod/base.sc2data/gamedata/abildata.xml	合作指挥官版起义狂潮\Mods\XM\XMAbathur.SC2Mod\Base.SC2Data\GameData\AbilData.xml
AbathurSymbioteHangerLeviathan	CAbilArmMagazine	mods/starcoop/starcoop.sc2mod/base.sc2data/gamedata/abildata.xml	合作指挥官版起义狂潮\Mods\XM\XMAbathur.SC2Mod\Base.SC2Data\GameData\AbilData.xml
AbathurUltimateEvolution	CAbilEffectTarget	mods/starcoop/starcoop.sc2mod/base.sc2data/gamedata/abildata.xml	合作指挥官版起义狂潮\Mods\XM\XMAbathur.SC2Mod\Base.SC2Data\GameData\AbilData.xml
BileLauncherZagaraBombardment	CAbilEffectTarget	mods/starcoop/starcoop.sc2mod/base.sc2data/gamedata/abildata.xml	合作指挥官版起义狂潮\Mods\XM\XMAbathur.SC2Mod\Base.SC2Data\GameData\AbilData.xml
BiomassDisplayToggle	CAbilBehavior	mods/starcoop/starcoop.sc2mod/base.sc2data/gamedata/abildata.xml	合作指挥官版起义狂潮\Mods\XM\XMAbathur.SC2Mod\Base.SC2Data\GameData\AbilData.xml
BiomassPickup	CAbilEffectTarget	mods/starcoop/starcoop.sc2mod/base.sc2data/gamedata/abildata.xml	合作指挥官版起义狂潮\Mods\XM\XMAbathur.SC2Mod\Base.SC2Data\GameData\AbilData.xml
BiomassPickupMarked	CAbilEffectTarget	mods/starcoop/starcoop.sc2mod/base.sc2data/gamedata/abildata.xml	合作指挥官版起义狂潮\Mods\XM\XMAbathur.SC2Mod\Base.SC2Data\GameData\AbilData.xml
BiomassTargetMark	CAbilEffectTarget	mods/starcoop/starcoop.sc2mod/base.sc2data/gamedata/abildata.xml	合作指挥官版起义狂潮\Mods\XM\XMAbathur.SC2Mod\Base.SC2Data\GameData\AbilData.xml
BioMechanicalTransfusion	CAbilEffectTarget	mods/starcoop/starcoop.sc2mod/base.sc2data/gamedata/abildata.xml	合作指挥官版起义狂潮\Mods\XM\XMAbathur.SC2Mod\Base.SC2Data\GameData\AbilData.xml
BrokenSolarForge	CAbilMorph	mods/starcoop/starcoop.sc2mod/base.sc2data/gamedata/abildata.xml	合作指挥官版起义狂潮\Mods\XM\XMAbathur.SC2Mod\Base.SC2Data\GameData\AbilData.xml
BrutaliskDeepTunnel	CAbilEffectTarget	mods/starcoop/starcoop.sc2mod/base.sc2data/gamedata/abildata.xml	合作指挥官版起义狂潮\Mods\XM\XMAbathur.SC2Mod\Base.SC2Data\GameData\AbilData.xml
BurrowBrutaliskDown	CAbilMorph	mods/starcoop/starcoop.sc2mod/base.sc2data/gamedata/abildata.xml	合作指挥官版起义狂潮\Mods\XM\XMAbathur.SC2Mod\Base.SC2Data\GameData\AbilData.xml
BurrowBrutaliskUp	CAbilMorph	mods/starcoop/starcoop.sc2mod/base.sc2data/gamedata/abildata.xml	合作指挥官版起义狂潮\Mods\XM\XMAbathur.SC2Mod\Base.SC2Data\GameData\AbilData.xml
BurrowDehakaDroneUp	CAbilMorph	mods/starcoop/starcoop.sc2mod/base.sc2data/gamedata/abildata.xml	合作指挥官版起义狂潮\Mods\XM\XMAbathur.SC2Mod\Base.SC2Data\GameData\AbilData.xml
BurrowImpalerAbathurUp	CAbilMorph	mods/starcoop/starcoop.sc2mod/base.sc2data/gamedata/abildata.xml	合作指挥官版起义狂潮\Mods\XM\XMAbathur.SC2Mod\Base.SC2Data\GameData\AbilData.xml
BurrowRavagerAbathurUp	CAbilMorph	mods/starcoop/starcoop.sc2mod/base.sc2data/gamedata/abildata.xml	合作指挥官版起义狂潮\Mods\XM\XMAbathur.SC2Mod\Base.SC2Data\GameData\AbilData.xml
BurrowToxicNestDown	CAbilMorph	mods/starcoop/starcoop.sc2mod/base.sc2data/gamedata/abildata.xml	合作指挥官版起义狂潮\Mods\XM\XMAbathur.SC2Mod\Base.SC2Data\GameData\AbilData.xml
Charge	CAbilAugment	mods/starcoop/starcoop.sc2mod/base.sc2data/gamedata/abildata.xml	合作指挥官版起义狂潮\Mods\XM\XMAbathur.SC2Mod\Base.SC2Data\GameData\AbilData.xml
CommanderPrestigeVorazunTimeStop	CAbilEffectTarget	mods/starcoop/starcoop.sc2mod/base.sc2data/gamedata/abildata.xml	合作指挥官版起义狂潮\Mods\XM\XMAbathur.SC2Mod\Base.SC2Data\GameData\AbilData.xml
Contaminate	CAbilEffectTarget	mods/starcoop/starcoop.sc2mod/base.sc2data/gamedata/abildata.xml	合作指挥官版起义狂潮\Mods\XM\XMAbathur.SC2Mod\Base.SC2Data\GameData\AbilData.xml
CorrosiveAcid	CAbilEffectTarget	mods/starcoop/starcoop.sc2mod/base.sc2data/gamedata/abildata.xml	合作指挥官版起义狂潮\Mods\XM\XMAbathur.SC2Mod\Base.SC2Data\GameData\AbilData.xml
CreateSymbiotes	CAbilEffectTarget	mods/starcoop/starcoop.sc2mod/base.sc2data/gamedata/abildata.xml	合作指挥官版起义狂潮\Mods\XM\XMAbathur.SC2Mod\Base.SC2Data\GameData\AbilData.xml
CreepTumorBuild	CAbilBuild	mods/starcoop/starcoop.sc2mod/base.sc2data/gamedata/abildata.xml	合作指挥官版起义狂潮\Mods\XM\XMAbathur.SC2Mod\Base.SC2Data\GameData\AbilData.xml
DamagedEvolutionPit	CAbilMorph	mods/starcoop/starcoop.sc2mod/base.sc2data/gamedata/abildata.xml	合作指挥官版起义狂潮\Mods\XM\XMAbathur.SC2Mod\Base.SC2Data\GameData\AbilData.xml
evolutionchamberresearch	CAbilResearch	mods/starcoop/starcoop.sc2mod/base.sc2data/gamedata/abildata.xml	合作指挥官版起义狂潮\Mods\XM\XMAbathur.SC2Mod\Base.SC2Data\GameData\AbilData.xml
EvolutionPitScalingCostResearch	CAbilResearch	mods/starcoop/starcoop.sc2mod/base.sc2data/gamedata/abildata.xml	合作指挥官版起义狂潮\Mods\XM\XMAbathur.SC2Mod\Base.SC2Data\GameData\AbilData.xml
EvolveBrutalisk	CAbilEffectTarget	mods/starcoop/starcoop.sc2mod/base.sc2data/gamedata/abildata.xml	合作指挥官版起义狂潮\Mods\XM\XMAbathur.SC2Mod\Base.SC2Data\GameData\AbilData.xml
EvolveToBrutalisk	CAbilTrain	mods/starcoop/starcoop.sc2mod/base.sc2data/gamedata/abildata.xml	合作指挥官版起义狂潮\Mods\XM\XMAbathur.SC2Mod\Base.SC2Data\GameData\AbilData.xml
EvolveToBrutaliskDefiler	CAbilTrain	mods/starcoop/starcoop.sc2mod/base.sc2data/gamedata/abildata.xml	合作指挥官版起义狂潮\Mods\XM\XMAbathur.SC2Mod\Base.SC2Data\GameData\AbilData.xml
EvolveToBrutaliskQueen	CAbilTrain	mods/starcoop/starcoop.sc2mod/base.sc2data/gamedata/abildata.xml	合作指挥官版起义狂潮\Mods\XM\XMAbathur.SC2Mod\Base.SC2Data\GameData\AbilData.xml
EvolveToBrutaliskRavager	CAbilTrain	mods/starcoop/starcoop.sc2mod/base.sc2data/gamedata/abildata.xml	合作指挥官版起义狂潮\Mods\XM\XMAbathur.SC2Mod\Base.SC2Data\GameData\AbilData.xml
EvolveToBrutaliskRoach	CAbilTrain	mods/starcoop/starcoop.sc2mod/base.sc2data/gamedata/abildata.xml	合作指挥官版起义狂潮\Mods\XM\XMAbathur.SC2Mod\Base.SC2Data\GameData\AbilData.xml
EvolveToBrutaliskRoachVile	CAbilTrain	mods/starcoop/starcoop.sc2mod/base.sc2data/gamedata/abildata.xml	合作指挥官版起义狂潮\Mods\XM\XMAbathur.SC2Mod\Base.SC2Data\GameData\AbilData.xml
EvolveToBrutaliskSwarmHost	CAbilTrain	mods/starcoop/starcoop.sc2mod/base.sc2data/gamedata/abildata.xml	合作指挥官版起义狂潮\Mods\XM\XMAbathur.SC2Mod\Base.SC2Data\GameData\AbilData.xml
EvolveToLeviathan	CAbilTrain	mods/starcoop/starcoop.sc2mod/base.sc2data/gamedata/abildata.xml	合作指挥官版起义狂潮\Mods\XM\XMAbathur.SC2Mod\Base.SC2Data\GameData\AbilData.xml
EvolveToLeviathanDevourer	CAbilTrain	mods/starcoop/starcoop.sc2mod/base.sc2data/gamedata/abildata.xml	合作指挥官版起义狂潮\Mods\XM\XMAbathur.SC2Mod\Base.SC2Data\GameData\AbilData.xml
EvolveToLeviathanGuardianMP	CAbilTrain	mods/starcoop/starcoop.sc2mod/base.sc2data/gamedata/abildata.xml	合作指挥官版起义狂潮\Mods\XM\XMAbathur.SC2Mod\Base.SC2Data\GameData\AbilData.xml
EvolveToLeviathanMutalisk	CAbilTrain	mods/starcoop/starcoop.sc2mod/base.sc2data/gamedata/abildata.xml	合作指挥官版起义狂潮\Mods\XM\XMAbathur.SC2Mod\Base.SC2Data\GameData\AbilData.xml
EvolveToLeviathanViper	CAbilTrain	mods/starcoop/starcoop.sc2mod/base.sc2data/gamedata/abildata.xml	合作指挥官版起义狂潮\Mods\XM\XMAbathur.SC2Mod\Base.SC2Data\GameData\AbilData.xml
heal	CAbilEffectTarget	mods/starcoop/starcoop.sc2mod/base.sc2data/gamedata/abildata.xml	合作指挥官版起义狂潮\Mods\XM\XMAbathur.SC2Mod\Base.SC2Data\GameData\AbilData.xml
HydraliskDenResearch	CAbilResearch	mods/starcoop/starcoop.sc2mod/base.sc2data/gamedata/abildata.xml	合作指挥官版起义狂潮\Mods\XM\XMAbathur.SC2Mod\Base.SC2Data\GameData\AbilData.xml
HydraliskFrenzy	CAbilEffectInstant	mods/starcoop/starcoop.sc2mod/base.sc2data/gamedata/abildata.xml	合作指挥官版起义狂潮\Mods\XM\XMAbathur.SC2Mod\Base.SC2Data\GameData\AbilData.xml
ImpalerDenResearch	CAbilResearch	mods/starcoop/starcoop.sc2mod/base.sc2data/gamedata/abildata.xml	合作指挥官版起义狂潮\Mods\XM\XMAbathur.SC2Mod\Base.SC2Data\GameData\AbilData.xml
K5Leviathan	CAbilEffectInstant	mods/starcoop/starcoop.sc2mod/base.sc2data/gamedata/abildata.xml	合作指挥官版起义狂潮\Mods\XM\XMAbathur.SC2Mod\Base.SC2Data\GameData\AbilData.xml
KerriganVoidCoopCrushingGripWave	CAbilEffectInstant	mods/starcoop/starcoop.sc2mod/base.sc2data/gamedata/abildata.xml	合作指挥官版起义狂潮\Mods\XM\XMAbathur.SC2Mod\Base.SC2Data\GameData\AbilData.xml
KerriganVoidCoopEconDrop	CAbilEffectInstant	mods/starcoop/starcoop.sc2mod/base.sc2data/gamedata/abildata.xml	合作指挥官版起义狂潮\Mods\XM\XMAbathur.SC2Mod\Base.SC2Data\GameData\AbilData.xml
LurkerDenResearch	CAbilResearch	mods/starcoop/starcoop.sc2mod/base.sc2data/gamedata/abildata.xml	合作指挥官版起义狂潮\Mods\XM\XMAbathur.SC2Mod\Base.SC2Data\GameData\AbilData.xml
MapObjectInteract	CAbilEffectTarget	mods/starcoop/starcoop.sc2mod/base.sc2data/gamedata/abildata.xml	合作指挥官版起义狂潮\Mods\XM\XMAbathur.SC2Mod\Base.SC2Data\GameData\AbilData.xml
MedivacTransportBlackOps	CAbilTransport	mods/starcoop/starcoop.sc2mod/base.sc2data/gamedata/abildata.xml	合作指挥官版起义狂潮\Mods\XM\XMAbathur.SC2Mod\Base.SC2Data\GameData\AbilData.xml
MindBolt	CAbilEffectTarget	mods/starcoop/starcoop.sc2mod/base.sc2data/gamedata/abildata.xml	合作指挥官版起义狂潮\Mods\XM\XMAbathur.SC2Mod\Base.SC2Data\GameData\AbilData.xml
MorphRoachToCorpser	CAbilTrain	mods/starcoop/starcoop.sc2mod/base.sc2data/gamedata/abildata.xml	合作指挥官版起义狂潮\Mods\XM\XMAbathur.SC2Mod\Base.SC2Data\GameData\AbilData.xml
MorphRoachToImpaler	CAbilTrain	mods/starcoop/starcoop.sc2mod/base.sc2data/gamedata/abildata.xml	合作指挥官版起义狂潮\Mods\XM\XMAbathur.SC2Mod\Base.SC2Data\GameData\AbilData.xml
MorphRoachToRavager	CAbilTrain	mods/starcoop/starcoop.sc2mod/base.sc2data/gamedata/abildata.xml	合作指挥官版起义狂潮\Mods\XM\XMAbathur.SC2Mod\Base.SC2Data\GameData\AbilData.xml
MorphToOverseer	CAbilMorph	mods/starcoop/starcoop.sc2mod/base.sc2data/gamedata/abildata.xml	合作指挥官版起义狂潮\Mods\XM\XMAbathur.SC2Mod\Base.SC2Data\GameData\AbilData.xml
move	CAbilMove	mods/starcoop/starcoop.sc2mod/base.sc2data/gamedata/abildata.xml	合作指挥官版起义狂潮\Mods\XM\XMAbathur.SC2Mod\Base.SC2Data\GameData\AbilData.xml
MutaliskMorphToDevourer	CAbilTrain	mods/starcoop/starcoop.sc2mod/base.sc2data/gamedata/abildata.xml	合作指挥官版起义狂潮\Mods\XM\XMAbathur.SC2Mod\Base.SC2Data\GameData\AbilData.xml
MutaliskMorphToGuardian	CAbilTrain	mods/starcoop/starcoop.sc2mod/base.sc2data/gamedata/abildata.xml	合作指挥官版起义狂潮\Mods\XM\XMAbathur.SC2Mod\Base.SC2Data\GameData\AbilData.xml
MutatorRemoveWorkerSleep	CAbilEffectInstant	mods/starcoop/starcoop.sc2mod/base.sc2data/gamedata/abildata.xml	合作指挥官版起义狂潮\Mods\XM\XMAbathur.SC2Mod\Base.SC2Data\GameData\AbilData.xml
NovaBoombotBurrow	CAbilMorph	mods/starcoop/starcoop.sc2mod/base.sc2data/gamedata/abildata.xml	合作指挥官版起义狂潮\Mods\XM\XMAbathur.SC2Mod\Base.SC2Data\GameData\AbilData.xml
PickupMinerals100	CAbilEffectTarget	mods/starcoop/starcoop.sc2mod/base.sc2data/gamedata/abildata.xml	合作指挥官版起义狂潮\Mods\XM\XMAbathur.SC2Mod\Base.SC2Data\GameData\AbilData.xml
PrimalSlash	CAbilEffectTarget	mods/starcoop/starcoop.sc2mod/base.sc2data/gamedata/abildata.xml	合作指挥官版起义狂潮\Mods\XM\XMAbathur.SC2Mod\Base.SC2Data\GameData\AbilData.xml
PsionicLift	CAbilEffectTarget	mods/starcoop/starcoop.sc2mod/base.sc2data/gamedata/abildata.xml	合作指挥官版起义狂潮\Mods\XM\XMAbathur.SC2Mod\Base.SC2Data\GameData\AbilData.xml
PsiStrikeWalk	CAbilEffectTarget	mods/starcoop/starcoop.sc2mod/base.sc2data/gamedata/abildata.xml	合作指挥官版起义狂潮\Mods\XM\XMAbathur.SC2Mod\Base.SC2Data\GameData\AbilData.xml
que5	CAbilQueue	mods/starcoop/starcoop.sc2mod/base.sc2data/gamedata/abildata.xml	合作指挥官版起义狂潮\Mods\XM\XMAbathur.SC2Mod\Base.SC2Data\GameData\AbilData.xml
que5notPassive	CAbilQueue	mods/starcoop/starcoop.sc2mod/base.sc2data/gamedata/abildata.xml	合作指挥官版起义狂潮\Mods\XM\XMAbathur.SC2Mod\Base.SC2Data\GameData\AbilData.xml
QueenBurstHeal	CAbilEffectTarget	mods/starcoop/starcoop.sc2mod/base.sc2data/gamedata/abildata.xml	合作指挥官版起义狂潮\Mods\XM\XMAbathur.SC2Mod\Base.SC2Data\GameData\AbilData.xml
Queue1Passive	CAbilQueue	mods/starcoop/starcoop.sc2mod/base.sc2data/gamedata/abildata.xml	合作指挥官版起义狂潮\Mods\XM\XMAbathur.SC2Mod\Base.SC2Data\GameData\AbilData.xml
RavagerAbathurCorrosiveBile	CAbilEffectTarget	mods/starcoop/starcoop.sc2mod/base.sc2data/gamedata/abildata.xml	合作指挥官版起义狂潮\Mods\XM\XMAbathur.SC2Mod\Base.SC2Data\GameData\AbilData.xml
RavagerCorrosiveBile	CAbilEffectTarget	mods/starcoop/starcoop.sc2mod/base.sc2data/gamedata/abildata.xml	合作指挥官版起义狂潮\Mods\XM\XMAbathur.SC2Mod\Base.SC2Data\GameData\AbilData.xml
RoachWarrenResearch	CAbilResearch	mods/starcoop/starcoop.sc2mod/base.sc2data/gamedata/abildata.xml	合作指挥官版起义狂潮\Mods\XM\XMAbathur.SC2Mod\Base.SC2Data\GameData\AbilData.xml
SILarvaTrain	CAbilTrain	mods/starcoop/starcoop.sc2mod/base.sc2data/gamedata/abildata.xml	合作指挥官版起义狂潮\Mods\XM\XMAbathur.SC2Mod\Base.SC2Data\GameData\AbilData.xml
SpawnChangeling	CAbilEffectInstant	mods/starcoop/starcoop.sc2mod/base.sc2data/gamedata/abildata.xml	合作指挥官版起义狂潮\Mods\XM\XMAbathur.SC2Mod\Base.SC2Data\GameData\AbilData.xml
SpawningPoolResearch	CAbilResearch	mods/starcoop/starcoop.sc2mod/base.sc2data/gamedata/abildata.xml	合作指挥官版起义狂潮\Mods\XM\XMAbathur.SC2Mod\Base.SC2Data\GameData\AbilData.xml
SpawnLarva	CAbilEffectTarget	mods/starcoop/starcoop.sc2mod/base.sc2data/gamedata/abildata.xml	合作指挥官版起义狂潮\Mods\XM\XMAbathur.SC2Mod\Base.SC2Data\GameData\AbilData.xml
SpawnToxicNest	CAbilBuild	mods/starcoop/starcoop.sc2mod/base.sc2data/gamedata/abildata.xml	合作指挥官版起义狂潮\Mods\XM\XMAbathur.SC2Mod\Base.SC2Data\GameData\AbilData.xml
SpireResearch	CAbilResearch	mods/starcoop/starcoop.sc2mod/base.sc2data/gamedata/abildata.xml	合作指挥官版起义狂潮\Mods\XM\XMAbathur.SC2Mod\Base.SC2Data\GameData\AbilData.xml
Suicide	CAbilEffectInstant	mods/starcoop/starcoop.sc2mod/base.sc2data/gamedata/abildata.xml	合作指挥官版起义狂潮\Mods\XM\XMAbathur.SC2Mod\Base.SC2Data\GameData\AbilData.xml
SymbioteCarapace	CAbilEffectInstant	mods/starcoop/starcoop.sc2mod/base.sc2data/gamedata/abildata.xml	合作指挥官版起义狂潮\Mods\XM\XMAbathur.SC2Mod\Base.SC2Data\GameData\AbilData.xml
SymbioteJump	CAbilEffectTarget	mods/starcoop/starcoop.sc2mod/base.sc2data/gamedata/abildata.xml	合作指挥官版起义狂潮\Mods\XM\XMAbathur.SC2Mod\Base.SC2Data\GameData\AbilData.xml
SymbioteMoveSuggest	CAbilEffectTarget	mods/starcoop/starcoop.sc2mod/base.sc2data/gamedata/abildata.xml	合作指挥官版起义狂潮\Mods\XM\XMAbathur.SC2Mod\Base.SC2Data\GameData\AbilData.xml
SymbioteSpikeBurst	CAbilEffectInstant	mods/starcoop/starcoop.sc2mod/base.sc2data/gamedata/abildata.xml	合作指挥官版起义狂潮\Mods\XM\XMAbathur.SC2Mod\Base.SC2Data\GameData\AbilData.xml
SymbioteStab	CAbilEffectInstant	mods/starcoop/starcoop.sc2mod/base.sc2data/gamedata/abildata.xml	合作指挥官版起义狂潮\Mods\XM\XMAbathur.SC2Mod\Base.SC2Data\GameData\AbilData.xml
ToxicNestExplode	CAbilEffectInstant	mods/starcoop/starcoop.sc2mod/base.sc2data/gamedata/abildata.xml	合作指挥官版起义狂潮\Mods\XM\XMAbathur.SC2Mod\Base.SC2Data\GameData\AbilData.xml
Transfusion	CAbilEffectTarget	mods/starcoop/starcoop.sc2mod/base.sc2data/gamedata/abildata.xml	合作指挥官版起义狂潮\Mods\XM\XMAbathur.SC2Mod\Base.SC2Data\GameData\AbilData.xml
UpgradeToGreaterSpireBroodlord	CAbilMorph	mods/starcoop/starcoop.sc2mod/base.sc2data/gamedata/abildata.xml	合作指挥官版起义狂潮\Mods\XM\XMAbathur.SC2Mod\Base.SC2Data\GameData\AbilData.xml
UpgradeToGreaterSpireViper	CAbilMorph	mods/starcoop/starcoop.sc2mod/base.sc2data/gamedata/abildata.xml	合作指挥官版起义狂潮\Mods\XM\XMAbathur.SC2Mod\Base.SC2Data\GameData\AbilData.xml
UpgradeToHive	CAbilMorph	mods/starcoop/starcoop.sc2mod/base.sc2data/gamedata/abildata.xml	合作指挥官版起义狂潮\Mods\XM\XMAbathur.SC2Mod\Base.SC2Data\GameData\AbilData.xml
UpgradeToLair	CAbilMorph	mods/starcoop/starcoop.sc2mod/base.sc2data/gamedata/abildata.xml	合作指挥官版起义狂潮\Mods\XM\XMAbathur.SC2Mod\Base.SC2Data\GameData\AbilData.xml
YagdraFirebreath	CAbilEffectTarget	mods/starcoop/starcoop.sc2mod/base.sc2data/gamedata/abildata.xml	合作指挥官版起义狂潮\Mods\XM\XMAbathur.SC2Mod\Base.SC2Data\GameData\AbilData.xml
ZagaraVoidCoopCreepMaster	CAbilBuild	mods/starcoop/starcoop.sc2mod/base.sc2data/gamedata/abildata.xml	合作指挥官版起义狂潮\Mods\XM\XMAbathur.SC2Mod\Base.SC2Data\GameData\AbilData.xml
ZergBuild	CAbilBuild	mods/starcoop/starcoop.sc2mod/base.sc2data/gamedata/abildata.xml	合作指挥官版起义狂潮\Mods\XM\XMAbathur.SC2Mod\Base.SC2Data\GameData\AbilData.xml
AbathurBiomassCritter	CActorUnit	mods/starcoop/starcoop.sc2mod/base.sc2data/gamedata/actordata.xml	合作指挥官版起义狂潮\Mods\XM\XMAbathur.SC2Mod\Base.SC2Data\GameData\ActorData.xml
AbathurBiomassCustomUnitFrameMacro	CActorEventMacro	mods/starcoop/starcoop.sc2mod/base.sc2data/gamedata/actordata.xml	合作指挥官版起义狂潮\Mods\XM\XMAbathur.SC2Mod\Base.SC2Data\GameData\ActorData.xml
AbathurCocoonReviveCocoonAddition	CActorModel	mods/starcoop/starcoop.sc2mod/base.sc2data/gamedata/actordata.xml	合作指挥官版起义狂潮\Mods\XM\XMAbathur.SC2Mod\Base.SC2Data\GameData\ActorData.xml
AbathurCollectBiomassCursorSplat	CActorSplat	mods/starcoop/starcoop.sc2mod/base.sc2data/gamedata/actordata.xml	合作指挥官版起义狂潮\Mods\XM\XMAbathur.SC2Mod\Base.SC2Data\GameData\ActorData.xml
AbathurCollectBiomassImpact	CActorModel	mods/starcoop/starcoop.sc2mod/base.sc2data/gamedata/actordata.xml	合作指挥官版起义狂潮\Mods\XM\XMAbathur.SC2Mod\Base.SC2Data\GameData\ActorData.xml
AbathurCollectBiomassImpactHeal	CActorModel	mods/starcoop/starcoop.sc2mod/base.sc2data/gamedata/actordata.xml	合作指挥官版起义狂潮\Mods\XM\XMAbathur.SC2Mod\Base.SC2Data\GameData\ActorData.xml
AbathurCollectBiomassTarget	CActorModel	mods/starcoop/starcoop.sc2mod/base.sc2data/gamedata/actordata.xml	合作指挥官版起义狂潮\Mods\XM\XMAbathur.SC2Mod\Base.SC2Data\GameData\ActorData.xml
AbathurCoopSelfOnlyFloatingTextActorDefault	CActorModel	mods/starcoop/starcoop.sc2mod/base.sc2data/gamedata/actordata.xml	合作指挥官版起义狂潮\Mods\XM\XMAbathur.SC2Mod\Base.SC2Data\GameData\ActorData.xml
AbathurDeepTunnelImprovedMacro	CActorEventMacro	mods/starcoop/starcoop.sc2mod/base.sc2data/gamedata/actordata.xml	合作指挥官版起义狂潮\Mods\XM\XMAbathur.SC2Mod\Base.SC2Data\GameData\ActorData.xml
AbathurLavaWorm	CActorUnit	mods/starcoop/starcoop.sc2mod/base.sc2data/gamedata/actordata.xml	合作指挥官版起义狂潮\Mods\XM\XMAbathur.SC2Mod\Base.SC2Data\GameData\ActorData.xml
AbathurLocust	CActorUnit	mods/starcoop/starcoop.sc2mod/base.sc2data/gamedata/actordata.xml	合作指挥官版起义狂潮\Mods\XM\XMAbathur.SC2Mod\Base.SC2Data\GameData\ActorData.xml
AbathurLocustEggAAttack	CActorAction	mods/starcoop/starcoop.sc2mod/base.sc2data/gamedata/actordata.xml	合作指挥官版起义狂潮\Mods\XM\XMAbathur.SC2Mod\Base.SC2Data\GameData\ActorData.xml
AbathurLocustEggAAttackMissile	CActorMissile	mods/starcoop/starcoop.sc2mod/base.sc2data/gamedata/actordata.xml	合作指挥官版起义狂潮\Mods\XM\XMAbathur.SC2Mod\Base.SC2Data\GameData\ActorData.xml
AbathurLocustEggAttackLaunchModel	CActorModel	mods/starcoop/starcoop.sc2mod/base.sc2data/gamedata/actordata.xml	合作指挥官版起义狂潮\Mods\XM\XMAbathur.SC2Mod\Base.SC2Data\GameData\ActorData.xml
AbathurLocustEggBAttack	CActorAction	mods/starcoop/starcoop.sc2mod/base.sc2data/gamedata/actordata.xml	合作指挥官版起义狂潮\Mods\XM\XMAbathur.SC2Mod\Base.SC2Data\GameData\ActorData.xml
AbathurLocustEggBAttackMissile	CActorMissile	mods/starcoop/starcoop.sc2mod/base.sc2data/gamedata/actordata.xml	合作指挥官版起义狂潮\Mods\XM\XMAbathur.SC2Mod\Base.SC2Data\GameData\ActorData.xml
AbathurLocustEggCAttack	CActorAction	mods/starcoop/starcoop.sc2mod/base.sc2data/gamedata/actordata.xml	合作指挥官版起义狂潮\Mods\XM\XMAbathur.SC2Mod\Base.SC2Data\GameData\ActorData.xml
AbathurLocustEggCAttackMissile	CActorMissile	mods/starcoop/starcoop.sc2mod/base.sc2data/gamedata/actordata.xml	合作指挥官版起义狂潮\Mods\XM\XMAbathur.SC2Mod\Base.SC2Data\GameData\ActorData.xml
AbathurMendBuffModel	CActorModel	mods/starcoop/starcoop.sc2mod/base.sc2data/gamedata/actordata.xml	合作指挥官版起义狂潮\Mods\XM\XMAbathur.SC2Mod\Base.SC2Data\GameData\ActorData.xml
AbathurMendCursorSplat	CActorSplat	mods/starcoop/starcoop.sc2mod/base.sc2data/gamedata/actordata.xml	合作指挥官版起义狂潮\Mods\XM\XMAbathur.SC2Mod\Base.SC2Data\GameData\ActorData.xml
AbathurMendImpactModel	CActorModel	mods/starcoop/starcoop.sc2mod/base.sc2data/gamedata/actordata.xml	合作指挥官版起义狂潮\Mods\XM\XMAbathur.SC2Mod\Base.SC2Data\GameData\ActorData.xml
AbathurMendSound	CActorSound	mods/starcoop/starcoop.sc2mod/base.sc2data/gamedata/actordata.xml	合作指挥官版起义狂潮\Mods\XM\XMAbathur.SC2Mod\Base.SC2Data\GameData\ActorData.xml
AbathurSymbiote	CActorUnit	mods/starcoop/starcoop.sc2mod/base.sc2data/gamedata/actordata.xml	合作指挥官版起义狂潮\Mods\XM\XMAbathur.SC2Mod\Base.SC2Data\GameData\ActorData.xml
AbathurSymbioteBrutalisk	CActorUnit	mods/starcoop/starcoop.sc2mod/base.sc2data/gamedata/actordata.xml	合作指挥官版起义狂潮\Mods\XM\XMAbathur.SC2Mod\Base.SC2Data\GameData\ActorData.xml
AbathurSymbioteBuff	CActorSimple	mods/starcoop/starcoop.sc2mod/base.sc2data/gamedata/actordata.xml	合作指挥官版起义狂潮\Mods\XM\XMAbathur.SC2Mod\Base.SC2Data\GameData\ActorData.xml
AbathurSymbioteBuffGlaze	CActorModelMaterial	mods/starcoop/starcoop.sc2mod/base.sc2data/gamedata/actordata.xml	合作指挥官版起义狂潮\Mods\XM\XMAbathur.SC2Mod\Base.SC2Data\GameData\ActorData.xml
AbathurUltimateEvolutionDropPod	CActorModel	mods/starcoop/starcoop.sc2mod/base.sc2data/gamedata/actordata.xml	合作指挥官版起义狂潮\Mods\XM\XMAbathur.SC2Mod\Base.SC2Data\GameData\ActorData.xml
AbathurUltimateEvolutionTimedLifeBuff	CActorSimple	mods/starcoop/starcoop.sc2mod/base.sc2data/gamedata/actordata.xml	合作指挥官版起义狂潮\Mods\XM\XMAbathur.SC2Mod\Base.SC2Data\GameData\ActorData.xml
AbathurUltimateEvolutionTimedLifeBuffGlaze	CActorModelMaterial	mods/starcoop/starcoop.sc2mod/base.sc2data/gamedata/actordata.xml	合作指挥官版起义狂潮\Mods\XM\XMAbathur.SC2Mod\Base.SC2Data\GameData\ActorData.xml
AbathurVoidCoopBioMassDrop12Float	CActorModel	mods/starcoop/starcoop.sc2mod/base.sc2data/gamedata/actordata.xml	合作指挥官版起义狂潮\Mods\XM\XMAbathur.SC2Mod\Base.SC2Data\GameData\ActorData.xml
AbathurVoidCoopBioMassDrop12Text	CActorText	mods/starcoop/starcoop.sc2mod/base.sc2data/gamedata/actordata.xml	合作指挥官版起义狂潮\Mods\XM\XMAbathur.SC2Mod\Base.SC2Data\GameData\ActorData.xml
AbathurVoidCoopBioMassDrop1Float	CActorModel	mods/starcoop/starcoop.sc2mod/base.sc2data/gamedata/actordata.xml	合作指挥官版起义狂潮\Mods\XM\XMAbathur.SC2Mod\Base.SC2Data\GameData\ActorData.xml
AbathurVoidCoopBioMassDrop1Text	CActorText	mods/starcoop/starcoop.sc2mod/base.sc2data/gamedata/actordata.xml	合作指挥官版起义狂潮\Mods\XM\XMAbathur.SC2Mod\Base.SC2Data\GameData\ActorData.xml
AbathurVoidCoopBioMassDrop2Float	CActorModel	mods/starcoop/starcoop.sc2mod/base.sc2data/gamedata/actordata.xml	合作指挥官版起义狂潮\Mods\XM\XMAbathur.SC2Mod\Base.SC2Data\GameData\ActorData.xml
AbathurVoidCoopBioMassDrop2Text	CActorText	mods/starcoop/starcoop.sc2mod/base.sc2data/gamedata/actordata.xml	合作指挥官版起义狂潮\Mods\XM\XMAbathur.SC2Mod\Base.SC2Data\GameData\ActorData.xml
AbathurVoidCoopBioMassDrop4Float	CActorModel	mods/starcoop/starcoop.sc2mod/base.sc2data/gamedata/actordata.xml	合作指挥官版起义狂潮\Mods\XM\XMAbathur.SC2Mod\Base.SC2Data\GameData\ActorData.xml
AbathurVoidCoopBioMassDrop4Text	CActorText	mods/starcoop/starcoop.sc2mod/base.sc2data/gamedata/actordata.xml	合作指挥官版起义狂潮\Mods\XM\XMAbathur.SC2Mod\Base.SC2Data\GameData\ActorData.xml
AbathurVoidCoopBioMassDrop6Float	CActorModel	mods/starcoop/starcoop.sc2mod/base.sc2data/gamedata/actordata.xml	合作指挥官版起义狂潮\Mods\XM\XMAbathur.SC2Mod\Base.SC2Data\GameData\ActorData.xml
AbathurVoidCoopBioMassDrop6Text	CActorText	mods/starcoop/starcoop.sc2mod/base.sc2data/gamedata/actordata.xml	合作指挥官版起义狂潮\Mods\XM\XMAbathur.SC2Mod\Base.SC2Data\GameData\ActorData.xml
AbathurVoidCoopBioMassDrop8Float	CActorModel	mods/starcoop/starcoop.sc2mod/base.sc2data/gamedata/actordata.xml	合作指挥官版起义狂潮\Mods\XM\XMAbathur.SC2Mod\Base.SC2Data\GameData\ActorData.xml
AbathurVoidCoopBioMassDrop8Text	CActorText	mods/starcoop/starcoop.sc2mod/base.sc2data/gamedata/actordata.xml	合作指挥官版起义狂潮\Mods\XM\XMAbathur.SC2Mod\Base.SC2Data\GameData\ActorData.xml
Baneling	CActorUnit	mods/starcoop/starcoop.sc2mod/base.sc2data/gamedata/actordata.xml	合作指挥官版起义狂潮\Mods\XM\XMAbathur.SC2Mod\Base.SC2Data\GameData\ActorData.xml
BileLauncherZagara	CActorUnit	mods/starcoop/starcoop.sc2mod/base.sc2data/gamedata/actordata.xml	合作指挥官版起义狂潮\Mods\XM\XMAbathur.SC2Mod\Base.SC2Data\GameData\ActorData.xml
Biomass_BuffImpact_ActorSound	CActorSound	mods/starcoop/starcoop.sc2mod/base.sc2data/gamedata/actordata.xml	合作指挥官版起义狂潮\Mods\XM\XMAbathur.SC2Mod\Base.SC2Data\GameData\ActorData.xml
BiomassBuffGlaze	CActorModelMaterial	mods/starcoop/starcoop.sc2mod/base.sc2data/gamedata/actordata.xml	合作指挥官版起义狂潮\Mods\XM\XMAbathur.SC2Mod\Base.SC2Data\GameData\ActorData.xml
BiomassBuffImpact	CActorModel	mods/starcoop/starcoop.sc2mod/base.sc2data/gamedata/actordata.xml	合作指挥官版起义狂潮\Mods\XM\XMAbathur.SC2Mod\Base.SC2Data\GameData\ActorData.xml
BiomassBuffPickup	CActorModel	mods/starcoop/starcoop.sc2mod/base.sc2data/gamedata/actordata.xml	合作指挥官版起义狂潮\Mods\XM\XMAbathur.SC2Mod\Base.SC2Data\GameData\ActorData.xml
BiomassPassivePickup	CActorModel	mods/starcoop/starcoop.sc2mod/base.sc2data/gamedata/actordata.xml	合作指挥官版起义狂潮\Mods\XM\XMAbathur.SC2Mod\Base.SC2Data\GameData\ActorData.xml
BiomassPassiveText	CActorText	mods/starcoop/starcoop.sc2mod/base.sc2data/gamedata/actordata.xml	合作指挥官版起义狂潮\Mods\XM\XMAbathur.SC2Mod\Base.SC2Data\GameData\ActorData.xml
BiomassPickup	CActorUnit	mods/starcoop/starcoop.sc2mod/base.sc2data/gamedata/actordata.xml	合作指挥官版起义狂潮\Mods\XM\XMAbathur.SC2Mod\Base.SC2Data\GameData\ActorData.xml
BiomassPickupActorSound	CActorSound	mods/starcoop/starcoop.sc2mod/base.sc2data/gamedata/actordata.xml	合作指挥官版起义狂潮\Mods\XM\XMAbathur.SC2Mod\Base.SC2Data\GameData\ActorData.xml
BiomassPickupAttack	CActorAction	mods/starcoop/starcoop.sc2mod/base.sc2data/gamedata/actordata.xml	合作指挥官版起义狂潮\Mods\XM\XMAbathur.SC2Mod\Base.SC2Data\GameData\ActorData.xml
BiomassPickupAttackMissile	CActorMissile	mods/starcoop/starcoop.sc2mod/base.sc2data/gamedata/actordata.xml	合作指挥官版起义狂潮\Mods\XM\XMAbathur.SC2Mod\Base.SC2Data\GameData\ActorData.xml
BiomassTargetMark	CActorModel	mods/starcoop/starcoop.sc2mod/base.sc2data/gamedata/actordata.xml	合作指挥官版起义狂潮\Mods\XM\XMAbathur.SC2Mod\Base.SC2Data\GameData\ActorData.xml
Brutalisk	CActorUnit	mods/starcoop/starcoop.sc2mod/base.sc2data/gamedata/actordata.xml	合作指挥官版起义狂潮\Mods\XM\XMAbathur.SC2Mod\Base.SC2Data\GameData\ActorData.xml
Brutalisk_Cocoon_Birth_AS	CActorSound	mods/starcoop/starcoop.sc2mod/base.sc2data/gamedata/actordata.xml	合作指挥官版起义狂潮\Mods\XM\XMAbathur.SC2Mod\Base.SC2Data\GameData\ActorData.xml
Brutalisk_Morph_Complete_AS	CActorSound	mods/starcoop/starcoop.sc2mod/base.sc2data/gamedata/actordata.xml	合作指挥官版起义狂潮\Mods\XM\XMAbathur.SC2Mod\Base.SC2Data\GameData\ActorData.xml
BrutaliskAttack	CActorAction	mods/starcoop/starcoop.sc2mod/base.sc2data/gamedata/actordata.xml	合作指挥官版起义狂潮\Mods\XM\XMAbathur.SC2Mod\Base.SC2Data\GameData\ActorData.xml
BrutaliskBurrowedSplat	CActorSplat	mods/starcoop/starcoop.sc2mod/base.sc2data/gamedata/actordata.xml	合作指挥官版起义狂潮\Mods\XM\XMAbathur.SC2Mod\Base.SC2Data\GameData\ActorData.xml
BrutaliskCarapaceRange	CActorRange	mods/starcoop/starcoop.sc2mod/base.sc2data/gamedata/actordata.xml	合作指挥官版起义狂潮\Mods\XM\XMAbathur.SC2Mod\Base.SC2Data\GameData\ActorData.xml
BrutaliskCocoon	CActorUnit	mods/starcoop/starcoop.sc2mod/base.sc2data/gamedata/actordata.xml	合作指挥官版起义狂潮\Mods\XM\XMAbathur.SC2Mod\Base.SC2Data\GameData\ActorData.xml
BrutaliskCocoonDeath	CActorModel	mods/starcoop/starcoop.sc2mod/base.sc2data/gamedata/actordata.xml	合作指挥官版起义狂潮\Mods\XM\XMAbathur.SC2Mod\Base.SC2Data\GameData\ActorData.xml
BrutaliskPlacement	CActorUnit	mods/starcoop/starcoop.sc2mod/base.sc2data/gamedata/actordata.xml	合作指挥官版起义狂潮\Mods\XM\XMAbathur.SC2Mod\Base.SC2Data\GameData\ActorData.xml
BrutaliskStabRange	CActorRange	mods/starcoop/starcoop.sc2mod/base.sc2data/gamedata/actordata.xml	合作指挥官版起义狂潮\Mods\XM\XMAbathur.SC2Mod\Base.SC2Data\GameData\ActorData.xml
CoopCasterAbathur	CActorUnit	mods/starcoop/starcoop.sc2mod/base.sc2data/gamedata/actordata.xml	合作指挥官版起义狂潮\Mods\XM\XMAbathur.SC2Mod\Base.SC2Data\GameData\ActorData.xml
CreateSymbiotesCarapace	CActorModel	mods/starcoop/starcoop.sc2mod/base.sc2data/gamedata/actordata.xml	合作指挥官版起义狂潮\Mods\XM\XMAbathur.SC2Mod\Base.SC2Data\GameData\ActorData.xml
CreepColony	CActorUnit	mods/starcoop/starcoop.sc2mod/base.sc2data/gamedata/actordata.xml	合作指挥官版起义狂潮\Mods\XM\XMAbathur.SC2Mod\Base.SC2Data\GameData\ActorData.xml
DefilerMP	CActorUnit	mods/starcoop/starcoop.sc2mod/base.sc2data/gamedata/actordata.xml	合作指挥官版起义狂潮\Mods\XM\XMAbathur.SC2Mod\Base.SC2Data\GameData\ActorData.xml
DehakaDrone	CActorUnit	mods/starcoop/starcoop.sc2mod/base.sc2data/gamedata/actordata.xml	合作指挥官版起义狂潮\Mods\XM\XMAbathur.SC2Mod\Base.SC2Data\GameData\ActorData.xml
Devourer	CActorUnit	mods/starcoop/starcoop.sc2mod/base.sc2data/gamedata/actordata.xml	合作指挥官版起义狂潮\Mods\XM\XMAbathur.SC2Mod\Base.SC2Data\GameData\ActorData.xml
Egg	CActorUnit	mods/starcoop/starcoop.sc2mod/base.sc2data/gamedata/actordata.xml	合作指挥官版起义狂潮\Mods\XM\XMAbathur.SC2Mod\Base.SC2Data\GameData\ActorData.xml
Egg_Ready	CActorSound	mods/starcoop/starcoop.sc2mod/base.sc2data/gamedata/actordata.xml	合作指挥官版起义狂潮\Mods\XM\XMAbathur.SC2Mod\Base.SC2Data\GameData\ActorData.xml
EvolutionPit	CActorUnit	mods/starcoop/starcoop.sc2mod/base.sc2data/gamedata/actordata.xml	合作指挥官版起义狂潮\Mods\XM\XMAbathur.SC2Mod\Base.SC2Data\GameData\ActorData.xml
ForceField	CActorUnit	mods/starcoop/starcoop.sc2mod/base.sc2data/gamedata/actordata.xml	合作指挥官版起义狂潮\Mods\XM\XMAbathur.SC2Mod\Base.SC2Data\GameData\ActorData.xml
FungalGrowth	CActorModel	mods/starcoop/starcoop.sc2mod/base.sc2data/gamedata/actordata.xml	合作指挥官版起义狂潮\Mods\XM\XMAbathur.SC2Mod\Base.SC2Data\GameData\ActorData.xml
FungalGrowthImpact	CActorModel	mods/starcoop/starcoop.sc2mod/base.sc2data/gamedata/actordata.xml	合作指挥官版起义狂潮\Mods\XM\XMAbathur.SC2Mod\Base.SC2Data\GameData\ActorData.xml
GreaterRoachWarren	CActorUnit	mods/starcoop/starcoop.sc2mod/base.sc2data/gamedata/actordata.xml	合作指挥官版起义狂潮\Mods\XM\XMAbathur.SC2Mod\Base.SC2Data\GameData\ActorData.xml
GuardianCocoon	CActorUnit	mods/starcoop/starcoop.sc2mod/base.sc2data/gamedata/actordata.xml	合作指挥官版起义狂潮\Mods\XM\XMAbathur.SC2Mod\Base.SC2Data\GameData\ActorData.xml
GuardianCocoonDeath	CActorModel	mods/starcoop/starcoop.sc2mod/base.sc2data/gamedata/actordata.xml	合作指挥官版起义狂潮\Mods\XM\XMAbathur.SC2Mod\Base.SC2Data\GameData\ActorData.xml
GuardianMP	CActorUnit	mods/starcoop/starcoop.sc2mod/base.sc2data/gamedata/actordata.xml	合作指挥官版起义狂潮\Mods\XM\XMAbathur.SC2Mod\Base.SC2Data\GameData\ActorData.xml
Hatchery	CActorUnit	mods/starcoop/starcoop.sc2mod/base.sc2data/gamedata/actordata.xml	合作指挥官版起义狂潮\Mods\XM\XMAbathur.SC2Mod\Base.SC2Data\GameData\ActorData.xml
Hive	CActorUnit	mods/starcoop/starcoop.sc2mod/base.sc2data/gamedata/actordata.xml	合作指挥官版起义狂潮\Mods\XM\XMAbathur.SC2Mod\Base.SC2Data\GameData\ActorData.xml
HotSLeviathan	CActorUnit	mods/starcoop/starcoop.sc2mod/base.sc2data/gamedata/actordata.xml	合作指挥官版起义狂潮\Mods\XM\XMAbathur.SC2Mod\Base.SC2Data\GameData\ActorData.xml
HotSSplitterlingBig	CActorUnit	mods/starcoop/starcoop.sc2mod/base.sc2data/gamedata/actordata.xml	合作指挥官版起义狂潮\Mods\XM\XMAbathur.SC2Mod\Base.SC2Data\GameData\ActorData.xml
HotSSplitterlingMedium	CActorUnit	mods/starcoop/starcoop.sc2mod/base.sc2data/gamedata/actordata.xml	合作指挥官版起义狂潮\Mods\XM\XMAbathur.SC2Mod\Base.SC2Data\GameData\ActorData.xml
HotSSwarmling	CActorUnit	mods/starcoop/starcoop.sc2mod/base.sc2data/gamedata/actordata.xml	合作指挥官版起义狂潮\Mods\XM\XMAbathur.SC2Mod\Base.SC2Data\GameData\ActorData.xml
HunterKiller	CActorUnit	mods/starcoop/starcoop.sc2mod/base.sc2data/gamedata/actordata.xml	合作指挥官版起义狂潮\Mods\XM\XMAbathur.SC2Mod\Base.SC2Data\GameData\ActorData.xml
HydraliskImpaler	CActorUnit	mods/starcoop/starcoop.sc2mod/base.sc2data/gamedata/actordata.xml	合作指挥官版起义狂潮\Mods\XM\XMAbathur.SC2Mod\Base.SC2Data\GameData\ActorData.xml
ImpalerAbathur	CActorUnit	mods/starcoop/starcoop.sc2mod/base.sc2data/gamedata/actordata.xml	合作指挥官版起义狂潮\Mods\XM\XMAbathur.SC2Mod\Base.SC2Data\GameData\ActorData.xml
ImpalerAbathurEgg	CActorUnit	mods/starcoop/starcoop.sc2mod/base.sc2data/gamedata/actordata.xml	合作指挥官版起义狂潮\Mods\XM\XMAbathur.SC2Mod\Base.SC2Data\GameData\ActorData.xml
K5Kerrigan	CActorMissile	mods/starcoop/starcoop.sc2mod/base.sc2data/gamedata/actordata.xml	合作指挥官版起义狂潮\Mods\XM\XMAbathur.SC2Mod\Base.SC2Data\GameData\ActorData.xml
KelMorianAutoTurret	CActorUnit	mods/starcoop/starcoop.sc2mod/base.sc2data/gamedata/actordata.xml	合作指挥官版起义狂潮\Mods\XM\XMAbathur.SC2Mod\Base.SC2Data\GameData\ActorData.xml
KelMorianAutoTurretProtectRange	CActorRange	mods/starcoop/starcoop.sc2mod/base.sc2data/gamedata/actordata.xml	合作指挥官版起义狂潮\Mods\XM\XMAbathur.SC2Mod\Base.SC2Data\GameData\ActorData.xml
KelMorianRocketTurretProtectRange	CActorRange	mods/starcoop/starcoop.sc2mod/base.sc2data/gamedata/actordata.xml	合作指挥官版起义狂潮\Mods\XM\XMAbathur.SC2Mod\Base.SC2Data\GameData\ActorData.xml
Lair	CActorUnit	mods/starcoop/starcoop.sc2mod/base.sc2data/gamedata/actordata.xml	合作指挥官版起义狂潮\Mods\XM\XMAbathur.SC2Mod\Base.SC2Data\GameData\ActorData.xml
Leviathan_AirAttackLaunchSound	CActorSound	mods/starcoop/starcoop.sc2mod/base.sc2data/gamedata/actordata.xml	合作指挥官版起义狂潮\Mods\XM\XMAbathur.SC2Mod\Base.SC2Data\GameData\ActorData.xml
Leviathan_AirAttackSound	CActorSound	mods/starcoop/starcoop.sc2mod/base.sc2data/gamedata/actordata.xml	合作指挥官版起义狂潮\Mods\XM\XMAbathur.SC2Mod\Base.SC2Data\GameData\ActorData.xml
LeviathanCocoon	CActorUnit	mods/starcoop/starcoop.sc2mod/base.sc2data/gamedata/actordata.xml	合作指挥官版起义狂潮\Mods\XM\XMAbathur.SC2Mod\Base.SC2Data\GameData\ActorData.xml
LeviathanCocoonDeath	CActorModel	mods/starcoop/starcoop.sc2mod/base.sc2data/gamedata/actordata.xml	合作指挥官版起义狂潮\Mods\XM\XMAbathur.SC2Mod\Base.SC2Data\GameData\ActorData.xml
Locust_Land	CActorSound	mods/starcoop/starcoop.sc2mod/base.sc2data/gamedata/actordata.xml	合作指挥官版起义狂潮\Mods\XM\XMAbathur.SC2Mod\Base.SC2Data\GameData\ActorData.xml
Mutalisk	CActorUnit	mods/starcoop/starcoop.sc2mod/base.sc2data/gamedata/actordata.xml	合作指挥官版起义狂潮\Mods\XM\XMAbathur.SC2Mod\Base.SC2Data\GameData\ActorData.xml
MutaliskBroodlord	CActorUnit	mods/starcoop/starcoop.sc2mod/base.sc2data/gamedata/actordata.xml	合作指挥官版起义狂潮\Mods\XM\XMAbathur.SC2Mod\Base.SC2Data\GameData\ActorData.xml
MutatorWorkerSleep	CActorModel	mods/starcoop/starcoop.sc2mod/base.sc2data/gamedata/actordata.xml	合作指挥官版起义狂潮\Mods\XM\XMAbathur.SC2Mod\Base.SC2Data\GameData\ActorData.xml
OverlordCocoon	CActorUnit	mods/starcoop/starcoop.sc2mod/base.sc2data/gamedata/actordata.xml	合作指挥官版起义狂潮\Mods\XM\XMAbathur.SC2Mod\Base.SC2Data\GameData\ActorData.xml
Overseer	CActorUnit	mods/starcoop/starcoop.sc2mod/base.sc2data/gamedata/actordata.xml	合作指挥官版起义狂潮\Mods\XM\XMAbathur.SC2Mod\Base.SC2Data\GameData\ActorData.xml
PhysicsDeathsVoidGround	CActorEventMacro	mods/starcoop/starcoop.sc2mod/base.sc2data/gamedata/actordata.xml	合作指挥官版起义狂潮\Mods\XM\XMAbathur.SC2Mod\Base.SC2Data\GameData\ActorData.xml
PlacementModel	CActorModel	mods/starcoop/starcoop.sc2mod/base.sc2data/gamedata/actordata.xml	合作指挥官版起义狂潮\Mods\XM\XMAbathur.SC2Mod\Base.SC2Data\GameData\ActorData.xml
Queen	CActorUnit	mods/starcoop/starcoop.sc2mod/base.sc2data/gamedata/actordata.xml	合作指挥官版起义狂潮\Mods\XM\XMAbathur.SC2Mod\Base.SC2Data\GameData\ActorData.xml
QueenCoop	CActorUnit	mods/starcoop/starcoop.sc2mod/base.sc2data/gamedata/actordata.xml	合作指挥官版起义狂潮\Mods\XM\XMAbathur.SC2Mod\Base.SC2Data\GameData\ActorData.xml
QueueAnim	CActorEventMacro	mods/starcoop/starcoop.sc2mod/base.sc2data/gamedata/actordata.xml	合作指挥官版起义狂潮\Mods\XM\XMAbathur.SC2Mod\Base.SC2Data\GameData\ActorData.xml
RavagerAbathur	CActorUnit	mods/starcoop/starcoop.sc2mod/base.sc2data/gamedata/actordata.xml	合作指挥官版起义狂潮\Mods\XM\XMAbathur.SC2Mod\Base.SC2Data\GameData\ActorData.xml
RavagerAbathurCocoon	CActorUnit	mods/starcoop/starcoop.sc2mod/base.sc2data/gamedata/actordata.xml	合作指挥官版起义狂潮\Mods\XM\XMAbathur.SC2Mod\Base.SC2Data\GameData\ActorData.xml
RavagerCocoonDeath	CActorModel	mods/starcoop/starcoop.sc2mod/base.sc2data/gamedata/actordata.xml	合作指挥官版起义狂潮\Mods\XM\XMAbathur.SC2Mod\Base.SC2Data\GameData\ActorData.xml
RavagerCorrosiveBileAoePrecursor	CActorModel	mods/starcoop/starcoop.sc2mod/base.sc2data/gamedata/actordata.xml	合作指挥官版起义狂潮\Mods\XM\XMAbathur.SC2Mod\Base.SC2Data\GameData\ActorData.xml
RavagerVileAbathurCocoon	CActorUnit	mods/starcoop/starcoop.sc2mod/base.sc2data/gamedata/actordata.xml	合作指挥官版起义狂潮\Mods\XM\XMAbathur.SC2Mod\Base.SC2Data\GameData\ActorData.xml
Ravasaur	CActorUnit	mods/starcoop/starcoop.sc2mod/base.sc2data/gamedata/actordata.xml	合作指挥官版起义狂潮\Mods\XM\XMAbathur.SC2Mod\Base.SC2Data\GameData\ActorData.xml
Roach	CActorUnit	mods/starcoop/starcoop.sc2mod/base.sc2data/gamedata/actordata.xml	合作指挥官版起义狂潮\Mods\XM\XMAbathur.SC2Mod\Base.SC2Data\GameData\ActorData.xml
RoachCorpser	CActorUnit	mods/starcoop/starcoop.sc2mod/base.sc2data/gamedata/actordata.xml	合作指挥官版起义狂潮\Mods\XM\XMAbathur.SC2Mod\Base.SC2Data\GameData\ActorData.xml
RoachVile	CActorUnit	mods/starcoop/starcoop.sc2mod/base.sc2data/gamedata/actordata.xml	合作指挥官版起义狂潮\Mods\XM\XMAbathur.SC2Mod\Base.SC2Data\GameData\ActorData.xml
RoachWarren	CActorUnit	mods/starcoop/starcoop.sc2mod/base.sc2data/gamedata/actordata.xml	合作指挥官版起义狂潮\Mods\XM\XMAbathur.SC2Mod\Base.SC2Data\GameData\ActorData.xml
Scourge	CActorUnit	mods/starcoop/starcoop.sc2mod/base.sc2data/gamedata/actordata.xml	合作指挥官版起义狂潮\Mods\XM\XMAbathur.SC2Mod\Base.SC2Data\GameData\ActorData.xml
ScourgeNest	CActorUnit	mods/starcoop/starcoop.sc2mod/base.sc2data/gamedata/actordata.xml	合作指挥官版起义狂潮\Mods\XM\XMAbathur.SC2Mod\Base.SC2Data\GameData\ActorData.xml
SIOverlord	CActorUnit	mods/starcoop/starcoop.sc2mod/base.sc2data/gamedata/actordata.xml	合作指挥官版起义狂潮\Mods\XM\XMAbathur.SC2Mod\Base.SC2Data\GameData\ActorData.xml
Snapshot	CActorSnapshot	mods/starcoop/starcoop.sc2mod/base.sc2data/gamedata/actordata.xml	合作指挥官版起义狂潮\Mods\XM\XMAbathur.SC2Mod\Base.SC2Data\GameData\ActorData.xml
SwarmHost	CActorUnit	mods/starcoop/starcoop.sc2mod/base.sc2data/gamedata/actordata.xml	合作指挥官版起义狂潮\Mods\XM\XMAbathur.SC2Mod\Base.SC2Data\GameData\ActorData.xml
SymbioteCarapace	CActorModel	mods/starcoop/starcoop.sc2mod/base.sc2data/gamedata/actordata.xml	合作指挥官版起义狂潮\Mods\XM\XMAbathur.SC2Mod\Base.SC2Data\GameData\ActorData.xml
SymbioteCarapaceAOE	CActorModel	mods/starcoop/starcoop.sc2mod/base.sc2data/gamedata/actordata.xml	合作指挥官版起义狂潮\Mods\XM\XMAbathur.SC2Mod\Base.SC2Data\GameData\ActorData.xml
SymbioteCarapaceGlaze	CActorModelMaterial	mods/starcoop/starcoop.sc2mod/base.sc2data/gamedata/actordata.xml	合作指挥官版起义狂潮\Mods\XM\XMAbathur.SC2Mod\Base.SC2Data\GameData\ActorData.xml
SymbioteOverheadAttach	CActorModel	mods/starcoop/starcoop.sc2mod/base.sc2data/gamedata/actordata.xml	合作指挥官版起义狂潮\Mods\XM\XMAbathur.SC2Mod\Base.SC2Data\GameData\ActorData.xml
SymbiotesCarapace_Loop_AS	CActorSound	mods/starcoop/starcoop.sc2mod/base.sc2data/gamedata/actordata.xml	合作指挥官版起义狂潮\Mods\XM\XMAbathur.SC2Mod\Base.SC2Data\GameData\ActorData.xml
SymbiotesCarapace_ON_AS	CActorSound	mods/starcoop/starcoop.sc2mod/base.sc2data/gamedata/actordata.xml	合作指挥官版起义狂潮\Mods\XM\XMAbathur.SC2Mod\Base.SC2Data\GameData\ActorData.xml
SymbiotesCarapace_Shield_End_AS	CActorSound	mods/starcoop/starcoop.sc2mod/base.sc2data/gamedata/actordata.xml	合作指挥官版起义狂潮\Mods\XM\XMAbathur.SC2Mod\Base.SC2Data\GameData\ActorData.xml
SymbioteSpikeBurstRange	CActorRange	mods/starcoop/starcoop.sc2mod/base.sc2data/gamedata/actordata.xml	合作指挥官版起义狂潮\Mods\XM\XMAbathur.SC2Mod\Base.SC2Data\GameData\ActorData.xml
SymbioteSpikedBurst	CActorModel	mods/starcoop/starcoop.sc2mod/base.sc2data/gamedata/actordata.xml	合作指挥官版起义狂潮\Mods\XM\XMAbathur.SC2Mod\Base.SC2Data\GameData\ActorData.xml
SymbioteStabAttack	CActorAction	mods/starcoop/starcoop.sc2mod/base.sc2data/gamedata/actordata.xml	合作指挥官版起义狂潮\Mods\XM\XMAbathur.SC2Mod\Base.SC2Data\GameData\ActorData.xml
SymbioteStabAttackMissile	CActorMissile	mods/starcoop/starcoop.sc2mod/base.sc2data/gamedata/actordata.xml	合作指挥官版起义狂潮\Mods\XM\XMAbathur.SC2Mod\Base.SC2Data\GameData\ActorData.xml
SymbioteTurret	CActorTurret	mods/starcoop/starcoop.sc2mod/base.sc2data/gamedata/actordata.xml	合作指挥官版起义狂潮\Mods\XM\XMAbathur.SC2Mod\Base.SC2Data\GameData\ActorData.xml
ToxicNest	CActorUnit	mods/starcoop/starcoop.sc2mod/base.sc2data/gamedata/actordata.xml	合作指挥官版起义狂潮\Mods\XM\XMAbathur.SC2Mod\Base.SC2Data\GameData\ActorData.xml
ToxicNestHitTest	CActorModel	mods/starcoop/starcoop.sc2mod/base.sc2data/gamedata/actordata.xml	合作指挥官版起义狂潮\Mods\XM\XMAbathur.SC2Mod\Base.SC2Data\GameData\ActorData.xml
ToxicNestRangeSplat	CActorSplat	mods/starcoop/starcoop.sc2mod/base.sc2data/gamedata/actordata.xml	合作指挥官版起义狂潮\Mods\XM\XMAbathur.SC2Mod\Base.SC2Data\GameData\ActorData.xml
UnloadDropAnim	CActorEventMacro	mods/starcoop/starcoop.sc2mod/base.sc2data/gamedata/actordata.xml	合作指挥官版起义狂潮\Mods\XM\XMAbathur.SC2Mod\Base.SC2Data\GameData\ActorData.xml
Viper	CActorUnit	mods/starcoop/starcoop.sc2mod/base.sc2data/gamedata/actordata.xml	合作指挥官版起义狂潮\Mods\XM\XMAbathur.SC2Mod\Base.SC2Data\GameData\ActorData.xml
Yagdra	CActorUnit	mods/starcoop/starcoop.sc2mod/base.sc2data/gamedata/actordata.xml	合作指挥官版起义狂潮\Mods\XM\XMAbathur.SC2Mod\Base.SC2Data\GameData\ActorData.xml
YagdraBase	CActorModel	mods/starcoop/starcoop.sc2mod/base.sc2data/gamedata/actordata.xml	合作指挥官版起义狂潮\Mods\XM\XMAbathur.SC2Mod\Base.SC2Data\GameData\ActorData.xml
ZagaraVoidCoop	CActorMissile	mods/starcoop/starcoop.sc2mod/base.sc2data/gamedata/actordata.xml	合作指挥官版起义狂潮\Mods\XM\XMAbathur.SC2Mod\Base.SC2Data\GameData\ActorData.xml
ZergTowerArtillery	CActorUnit	mods/starcoop/starcoop.sc2mod/base.sc2data/gamedata/actordata.xml	合作指挥官版起义狂潮\Mods\XM\XMAbathur.SC2Mod\Base.SC2Data\GameData\ActorData.xml
MorphComplete_Brutalisk	CAlert	mods/starcoop/starcoop.sc2mod/base.sc2data/gamedata/alertdata.xml	合作指挥官版起义狂潮\Mods\XM\XMAbathur.SC2Mod\Base.SC2Data\GameData\AlertData.xml
MorphComplete_Leviathan	CAlert	mods/starcoop/starcoop.sc2mod/base.sc2data/gamedata/alertdata.xml	合作指挥官版起义狂潮\Mods\XM\XMAbathur.SC2Mod\Base.SC2Data\GameData\AlertData.xml
AbathurBrutaliskLeviathanFoodUse8	CBehaviorBuff	mods/starcoop/starcoop.sc2mod/base.sc2data/gamedata/behaviordata.xml	合作指挥官版起义狂潮\Mods\XM\XMAbathur.SC2Mod\Base.SC2Data\GameData\BehaviorData.xml
AbathurCocoonRevive	CBehaviorBuff	mods/starcoop/starcoop.sc2mod/base.sc2data/gamedata/behaviordata.xml	合作指挥官版起义狂潮\Mods\XM\XMAbathur.SC2Mod\Base.SC2Data\GameData\BehaviorData.xml
AbathurCocoonReviveInvulnerability	CBehaviorBuff	mods/starcoop/starcoop.sc2mod/base.sc2data/gamedata/behaviordata.xml	合作指挥官版起义狂潮\Mods\XM\XMAbathur.SC2Mod\Base.SC2Data\GameData\BehaviorData.xml
AbathurCocoonRevivePassiveBenign	CBehaviorBuff	mods/starcoop/starcoop.sc2mod/base.sc2data/gamedata/behaviordata.xml	合作指挥官版起义狂潮\Mods\XM\XMAbathur.SC2Mod\Base.SC2Data\GameData\BehaviorData.xml
AbathurCocoonReviveWeakness	CBehaviorBuff	mods/starcoop/starcoop.sc2mod/base.sc2data/gamedata/behaviordata.xml	合作指挥官版起义狂潮\Mods\XM\XMAbathur.SC2Mod\Base.SC2Data\GameData\BehaviorData.xml
AbathurCollectBiomass	CBehaviorBuff	mods/starcoop/starcoop.sc2mod/base.sc2data/gamedata/behaviordata.xml	合作指挥官版起义狂潮\Mods\XM\XMAbathur.SC2Mod\Base.SC2Data\GameData\BehaviorData.xml
AbathurCreepMend	CBehaviorBuff	mods/starcoop/starcoop.sc2mod/base.sc2data/gamedata/behaviordata.xml	合作指挥官版起义狂潮\Mods\XM\XMAbathur.SC2Mod\Base.SC2Data\GameData\BehaviorData.xml
AbathurCritterMindControl	CBehaviorBuff	mods/starcoop/starcoop.sc2mod/base.sc2data/gamedata/behaviordata.xml	合作指挥官版起义狂潮\Mods\XM\XMAbathur.SC2Mod\Base.SC2Data\GameData\BehaviorData.xml
AbathurCritterWanderLeash	CBehaviorWander	mods/starcoop/starcoop.sc2mod/base.sc2data/gamedata/behaviordata.xml	合作指挥官版起义狂潮\Mods\XM\XMAbathur.SC2Mod\Base.SC2Data\GameData\BehaviorData.xml
AbathurDeepTunnelPrecursor	CBehaviorBuff	mods/starcoop/starcoop.sc2mod/base.sc2data/gamedata/behaviordata.xml	合作指挥官版起义狂潮\Mods\XM\XMAbathur.SC2Mod\Base.SC2Data\GameData\BehaviorData.xml
AbathurEggAnimation	CBehaviorBuff	mods/starcoop/starcoop.sc2mod/base.sc2data/gamedata/behaviordata.xml	合作指挥官版起义狂潮\Mods\XM\XMAbathur.SC2Mod\Base.SC2Data\GameData\BehaviorData.xml
AbathurHiddenToxicNest	CBehaviorBuff	mods/starcoop/starcoop.sc2mod/base.sc2data/gamedata/behaviordata.xml	合作指挥官版起义狂潮\Mods\XM\XMAbathur.SC2Mod\Base.SC2Data\GameData\BehaviorData.xml
AbathurLocustStun	CBehaviorBuff	mods/starcoop/starcoop.sc2mod/base.sc2data/gamedata/behaviordata.xml	合作指挥官版起义狂潮\Mods\XM\XMAbathur.SC2Mod\Base.SC2Data\GameData\BehaviorData.xml
AbathurLocustTimedLife	CBehaviorBuff	mods/starcoop/starcoop.sc2mod/base.sc2data/gamedata/behaviordata.xml	合作指挥官版起义狂潮\Mods\XM\XMAbathur.SC2Mod\Base.SC2Data\GameData\BehaviorData.xml
AbathurMendInitialHeal	CBehaviorBuff	mods/starcoop/starcoop.sc2mod/base.sc2data/gamedata/behaviordata.xml	合作指挥官版起义狂潮\Mods\XM\XMAbathur.SC2Mod\Base.SC2Data\GameData\BehaviorData.xml
AbathurMendPeriodicHeal	CBehaviorBuff	mods/starcoop/starcoop.sc2mod/base.sc2data/gamedata/behaviordata.xml	合作指挥官版起义狂潮\Mods\XM\XMAbathur.SC2Mod\Base.SC2Data\GameData\BehaviorData.xml
AbathurPrecursorLocust	CBehaviorBuff	mods/starcoop/starcoop.sc2mod/base.sc2data/gamedata/behaviordata.xml	合作指挥官版起义狂潮\Mods\XM\XMAbathur.SC2Mod\Base.SC2Data\GameData\BehaviorData.xml
AbathurPropArmor	CBehaviorAttribute	mods/starcoop/starcoop.sc2mod/base.sc2data/gamedata/behaviordata.xml	合作指挥官版起义狂潮\Mods\XM\XMAbathur.SC2Mod\Base.SC2Data\GameData\BehaviorData.xml
AbathurThornsAura	CBehaviorBuff	mods/starcoop/starcoop.sc2mod/base.sc2data/gamedata/behaviordata.xml	合作指挥官版起义狂潮\Mods\XM\XMAbathur.SC2Mod\Base.SC2Data\GameData\BehaviorData.xml
AbathurUltimateEvolutionTimedLife	CBehaviorBuff	mods/starcoop/starcoop.sc2mod/base.sc2data/gamedata/behaviordata.xml	合作指挥官版起义狂潮\Mods\XM\XMAbathur.SC2Mod\Base.SC2Data\GameData\BehaviorData.xml
AberrationArmorAura	CBehaviorBuff	mods/starcoop/starcoop.sc2mod/base.sc2data/gamedata/behaviordata.xml	合作指挥官版起义狂潮\Mods\XM\XMAbathur.SC2Mod\Base.SC2Data\GameData\BehaviorData.xml
AllUnitBehaviorController	CBehaviorBuff	mods/starcoop/starcoop.sc2mod/base.sc2data/gamedata/behaviordata.xml	合作指挥官版起义狂潮\Mods\XM\XMAbathur.SC2Mod\Base.SC2Data\GameData\BehaviorData.xml
BiomassBuff1	CBehaviorBuff	mods/starcoop/starcoop.sc2mod/base.sc2data/gamedata/behaviordata.xml	合作指挥官版起义狂潮\Mods\XM\XMAbathur.SC2Mod\Base.SC2Data\GameData\BehaviorData.xml
BiomassBuff10	CBehaviorBuff	mods/starcoop/starcoop.sc2mod/base.sc2data/gamedata/behaviordata.xml	合作指挥官版起义狂潮\Mods\XM\XMAbathur.SC2Mod\Base.SC2Data\GameData\BehaviorData.xml
BiomassBuff100	CBehaviorBuff	mods/starcoop/starcoop.sc2mod/base.sc2data/gamedata/behaviordata.xml	合作指挥官版起义狂潮\Mods\XM\XMAbathur.SC2Mod\Base.SC2Data\GameData\BehaviorData.xml
BiomassBuff100PlusLife	CBehaviorBuff	mods/starcoop/starcoop.sc2mod/base.sc2data/gamedata/behaviordata.xml	合作指挥官版起义狂潮\Mods\XM\XMAbathur.SC2Mod\Base.SC2Data\GameData\BehaviorData.xml
BiomassBuff10PlusLife	CBehaviorBuff	mods/starcoop/starcoop.sc2mod/base.sc2data/gamedata/behaviordata.xml	合作指挥官版起义狂潮\Mods\XM\XMAbathur.SC2Mod\Base.SC2Data\GameData\BehaviorData.xml
BiomassCreated	CBehaviorBuff	mods/starcoop/starcoop.sc2mod/base.sc2data/gamedata/behaviordata.xml	合作指挥官版起义狂潮\Mods\XM\XMAbathur.SC2Mod\Base.SC2Data\GameData\BehaviorData.xml
BiomassDisplayToggle	CBehaviorBuff	mods/starcoop/starcoop.sc2mod/base.sc2data/gamedata/behaviordata.xml	合作指挥官版起义狂潮\Mods\XM\XMAbathur.SC2Mod\Base.SC2Data\GameData\BehaviorData.xml
BiomassMaxedMarker	CBehaviorAttribute	mods/starcoop/starcoop.sc2mod/base.sc2data/gamedata/behaviordata.xml	合作指挥官版起义狂潮\Mods\XM\XMAbathur.SC2Mod\Base.SC2Data\GameData\BehaviorData.xml
BiomassPassive	CBehaviorBuff	mods/starcoop/starcoop.sc2mod/base.sc2data/gamedata/behaviordata.xml	合作指挥官版起义狂潮\Mods\XM\XMAbathur.SC2Mod\Base.SC2Data\GameData\BehaviorData.xml
BiomassTargetMark	CBehaviorBuff	mods/starcoop/starcoop.sc2mod/base.sc2data/gamedata/behaviordata.xml	合作指挥官版起义狂潮\Mods\XM\XMAbathur.SC2Mod\Base.SC2Data\GameData\BehaviorData.xml
BiomassTravelling	CBehaviorBuff	mods/starcoop/starcoop.sc2mod/base.sc2data/gamedata/behaviordata.xml	合作指挥官版起义狂潮\Mods\XM\XMAbathur.SC2Mod\Base.SC2Data\GameData\BehaviorData.xml
BrutaliskPlacementRemove	CBehaviorBuff	mods/starcoop/starcoop.sc2mod/base.sc2data/gamedata/behaviordata.xml	合作指挥官版起义狂潮\Mods\XM\XMAbathur.SC2Mod\Base.SC2Data\GameData\BehaviorData.xml
ButtonDisablerDummy	CBehaviorBuff	mods/starcoop/starcoop.sc2mod/base.sc2data/gamedata/behaviordata.xml	合作指挥官版起义狂潮\Mods\XM\XMAbathur.SC2Mod\Base.SC2Data\GameData\BehaviorData.xml
CarapaceTakenDamage	CBehaviorBuff	mods/starcoop/starcoop.sc2mod/base.sc2data/gamedata/behaviordata.xml	合作指挥官版起义狂潮\Mods\XM\XMAbathur.SC2Mod\Base.SC2Data\GameData\BehaviorData.xml
CarryHarvestableVespeneGeyserGasZerg	CBehaviorBuff	mods/starcoop/starcoop.sc2mod/base.sc2data/gamedata/behaviordata.xml	合作指挥官版起义狂潮\Mods\XM\XMAbathur.SC2Mod\Base.SC2Data\GameData\BehaviorData.xml
ChronoBoostTarget	CBehaviorBuff	mods/starcoop/starcoop.sc2mod/base.sc2data/gamedata/behaviordata.xml	合作指挥官版起义狂潮\Mods\XM\XMAbathur.SC2Mod\Base.SC2Data\GameData\BehaviorData.xml
CommanderPrestigeKerriganCreepGrowth	CBehaviorCreepSource	mods/starcoop/starcoop.sc2mod/base.sc2data/gamedata/behaviordata.xml	合作指挥官版起义狂潮\Mods\XM\XMAbathur.SC2Mod\Base.SC2Data\GameData\BehaviorData.xml
CreateSymbiotes	CBehaviorBuff	mods/starcoop/starcoop.sc2mod/base.sc2data/gamedata/behaviordata.xml	合作指挥官版起义狂潮\Mods\XM\XMAbathur.SC2Mod\Base.SC2Data\GameData\BehaviorData.xml
CreateSymbiotesCarapace	CBehaviorBuff	mods/starcoop/starcoop.sc2mod/base.sc2data/gamedata/behaviordata.xml	合作指挥官版起义狂潮\Mods\XM\XMAbathur.SC2Mod\Base.SC2Data\GameData\BehaviorData.xml
CreepTumorVisible	CBehaviorBuff	mods/starcoop/starcoop.sc2mod/base.sc2data/gamedata/behaviordata.xml	合作指挥官版起义狂潮\Mods\XM\XMAbathur.SC2Mod\Base.SC2Data\GameData\BehaviorData.xml
EvolveBrutaliskTimedLife	CBehaviorBuff	mods/starcoop/starcoop.sc2mod/base.sc2data/gamedata/behaviordata.xml	合作指挥官版起义狂潮\Mods\XM\XMAbathur.SC2Mod\Base.SC2Data\GameData\BehaviorData.xml
FungalGrowth	CBehaviorBuff	mods/starcoop/starcoop.sc2mod/base.sc2data/gamedata/behaviordata.xml	合作指挥官版起义狂潮\Mods\XM\XMAbathur.SC2Mod\Base.SC2Data\GameData\BehaviorData.xml
GenerateCreepHealingBehavior	CBehaviorBuff	mods/starcoop/starcoop.sc2mod/base.sc2data/gamedata/behaviordata.xml	合作指挥官版起义狂潮\Mods\XM\XMAbathur.SC2Mod\Base.SC2Data\GameData\BehaviorData.xml
ImpalerGenerateCreep	CBehaviorCreepSource	mods/starcoop/starcoop.sc2mod/base.sc2data/gamedata/behaviordata.xml	合作指挥官版起义狂潮\Mods\XM\XMAbathur.SC2Mod\Base.SC2Data\GameData\BehaviorData.xml
KerriganVoidCoopEconDrop	CBehaviorBuff	mods/starcoop/starcoop.sc2mod/base.sc2data/gamedata/behaviordata.xml	合作指挥官版起义狂潮\Mods\XM\XMAbathur.SC2Mod\Base.SC2Data\GameData\BehaviorData.xml
LocustMPPathingHack	CBehaviorBuff	mods/starcoop/starcoop.sc2mod/base.sc2data/gamedata/behaviordata.xml	合作指挥官版起义狂潮\Mods\XM\XMAbathur.SC2Mod\Base.SC2Data\GameData\BehaviorData.xml
makeCreep4x4	CBehaviorCreepSource	mods/starcoop/starcoop.sc2mod/base.sc2data/gamedata/behaviordata.xml	合作指挥官版起义狂潮\Mods\XM\XMAbathur.SC2Mod\Base.SC2Data\GameData\BehaviorData.xml
MasteryAbathurToxicNestRespawn	CBehaviorBuff	mods/starcoop/starcoop.sc2mod/base.sc2data/gamedata/behaviordata.xml	合作指挥官版起义狂潮\Mods\XM\XMAbathur.SC2Mod\Base.SC2Data\GameData\BehaviorData.xml
MutatorWorkerSleep	CBehaviorBuff	mods/starcoop/starcoop.sc2mod/base.sc2data/gamedata/behaviordata.xml	合作指挥官版起义狂潮\Mods\XM\XMAbathur.SC2Mod\Base.SC2Data\GameData\BehaviorData.xml
NovaGriffinTransportGroundUnits	CBehaviorBuff	mods/starcoop/starcoop.sc2mod/base.sc2data/gamedata/behaviordata.xml	合作指挥官版起义狂潮\Mods\XM\XMAbathur.SC2Mod\Base.SC2Data\GameData\BehaviorData.xml
SOAMapWideChronoPassiveTarget	CBehaviorBuff	mods/starcoop/starcoop.sc2mod/base.sc2data/gamedata/behaviordata.xml	合作指挥官版起义狂潮\Mods\XM\XMAbathur.SC2Mod\Base.SC2Data\GameData\BehaviorData.xml
SpawnLarva	CBehaviorSpawn	mods/starcoop/starcoop.sc2mod/base.sc2data/gamedata/behaviordata.xml	合作指挥官版起义狂潮\Mods\XM\XMAbathur.SC2Mod\Base.SC2Data\GameData\BehaviorData.xml
SpawnLavaWormTimedLife	CBehaviorBuff	mods/starcoop/starcoop.sc2mod/base.sc2data/gamedata/behaviordata.xml	合作指挥官版起义狂潮\Mods\XM\XMAbathur.SC2Mod\Base.SC2Data\GameData\BehaviorData.xml
SupplyLT1	CBehaviorBuff	mods/starcoop/starcoop.sc2mod/base.sc2data/gamedata/behaviordata.xml	合作指挥官版起义狂潮\Mods\XM\XMAbathur.SC2Mod\Base.SC2Data\GameData\BehaviorData.xml
SymbioteAdrenalineBoostAura	CBehaviorBuff	mods/starcoop/starcoop.sc2mod/base.sc2data/gamedata/behaviordata.xml	合作指挥官版起义狂潮\Mods\XM\XMAbathur.SC2Mod\Base.SC2Data\GameData\BehaviorData.xml
SymbioteAdrenalineBoostTarget	CBehaviorBuff	mods/starcoop/starcoop.sc2mod/base.sc2data/gamedata/behaviordata.xml	合作指挥官版起义狂潮\Mods\XM\XMAbathur.SC2Mod\Base.SC2Data\GameData\BehaviorData.xml
SymbioteAimLock	CBehaviorBuff	mods/starcoop/starcoop.sc2mod/base.sc2data/gamedata/behaviordata.xml	合作指挥官版起义狂潮\Mods\XM\XMAbathur.SC2Mod\Base.SC2Data\GameData\BehaviorData.xml
SymbioteCarapace	CBehaviorBuff	mods/starcoop/starcoop.sc2mod/base.sc2data/gamedata/behaviordata.xml	合作指挥官版起义狂潮\Mods\XM\XMAbathur.SC2Mod\Base.SC2Data\GameData\BehaviorData.xml
SymbioteCarapaceAOE	CBehaviorBuff	mods/starcoop/starcoop.sc2mod/base.sc2data/gamedata/behaviordata.xml	合作指挥官版起义狂潮\Mods\XM\XMAbathur.SC2Mod\Base.SC2Data\GameData\BehaviorData.xml
SymbioteCarapaceTaunt	CBehaviorBuff	mods/starcoop/starcoop.sc2mod/base.sc2data/gamedata/behaviordata.xml	合作指挥官版起义狂潮\Mods\XM\XMAbathur.SC2Mod\Base.SC2Data\GameData\BehaviorData.xml
SymbioteCarapaceTauntInvul	CBehaviorBuff	mods/starcoop/starcoop.sc2mod/base.sc2data/gamedata/behaviordata.xml	合作指挥官版起义狂潮\Mods\XM\XMAbathur.SC2Mod\Base.SC2Data\GameData\BehaviorData.xml
SymbioteDetection	CBehaviorBuff	mods/starcoop/starcoop.sc2mod/base.sc2data/gamedata/behaviordata.xml	合作指挥官版起义狂潮\Mods\XM\XMAbathur.SC2Mod\Base.SC2Data\GameData\BehaviorData.xml
SymbioteRecall	CBehaviorBuff	mods/starcoop/starcoop.sc2mod/base.sc2data/gamedata/behaviordata.xml	合作指挥官版起义狂潮\Mods\XM\XMAbathur.SC2Mod\Base.SC2Data\GameData\BehaviorData.xml
SymbioteStabController	CBehaviorBuff	mods/starcoop/starcoop.sc2mod/base.sc2data/gamedata/behaviordata.xml	合作指挥官版起义狂潮\Mods\XM\XMAbathur.SC2Mod\Base.SC2Data\GameData\BehaviorData.xml
SymbioteTimedLife	CBehaviorBuff	mods/starcoop/starcoop.sc2mod/base.sc2data/gamedata/behaviordata.xml	合作指挥官版起义狂潮\Mods\XM\XMAbathur.SC2Mod\Base.SC2Data\GameData\BehaviorData.xml
SymbMarker	CBehaviorBuff	mods/starcoop/starcoop.sc2mod/base.sc2data/gamedata/behaviordata.xml	合作指挥官版起义狂潮\Mods\XM\XMAbathur.SC2Mod\Base.SC2Data\GameData\BehaviorData.xml
SymbPreventJump	CBehaviorBuff	mods/starcoop/starcoop.sc2mod/base.sc2data/gamedata/behaviordata.xml	合作指挥官版起义狂潮\Mods\XM\XMAbathur.SC2Mod\Base.SC2Data\GameData\BehaviorData.xml
ToxicNestRespawnInvulnerability	CBehaviorBuff	mods/starcoop/starcoop.sc2mod/base.sc2data/gamedata/behaviordata.xml	合作指挥官版起义狂潮\Mods\XM\XMAbathur.SC2Mod\Base.SC2Data\GameData\BehaviorData.xml
ToxicNestVirulentNest	CBehaviorBuff	mods/starcoop/starcoop.sc2mod/base.sc2data/gamedata/behaviordata.xml	合作指挥官版起义狂潮\Mods\XM\XMAbathur.SC2Mod\Base.SC2Data\GameData\BehaviorData.xml
ToxicNestVirulentNestSnareHeroic	CBehaviorBuff	mods/starcoop/starcoop.sc2mod/base.sc2data/gamedata/behaviordata.xml	合作指挥官版起义狂潮\Mods\XM\XMAbathur.SC2Mod\Base.SC2Data\GameData\BehaviorData.xml
ToxicNestVirulentNestSnareNormal	CBehaviorBuff	mods/starcoop/starcoop.sc2mod/base.sc2data/gamedata/behaviordata.xml	合作指挥官版起义狂潮\Mods\XM\XMAbathur.SC2Mod\Base.SC2Data\GameData\BehaviorData.xml
TriggerInheritsParentBuffs	CBehaviorBuff	mods/starcoop/starcoop.sc2mod/base.sc2data/gamedata/behaviordata.xml	合作指挥官版起义狂潮\Mods\XM\XMAbathur.SC2Mod\Base.SC2Data\GameData\BehaviorData.xml
ZagaraVoidCoopAberrationBanelingIncubationBirthHeight	CBehaviorBuff	mods/starcoop/starcoop.sc2mod/base.sc2data/gamedata/behaviordata.xml	合作指挥官版起义狂潮\Mods\XM\XMAbathur.SC2Mod\Base.SC2Data\GameData\BehaviorData.xml
AbathurBrutaliskLeviathanSymbiote	CButton	mods/starcoop/starcoop.sc2mod/base.sc2data/gamedata/buttondata.xml	合作指挥官版起义狂潮\Mods\XM\XMAbathur.SC2Mod\Base.SC2Data\GameData\ButtonData.xml
AbathurBrutaliskLeviathanSymbioteLocked	CButton	mods/starcoop/starcoop.sc2mod/base.sc2data/gamedata/buttondata.xml	合作指挥官版起义狂潮\Mods\XM\XMAbathur.SC2Mod\Base.SC2Data\GameData\ButtonData.xml
AbathurCollectBiomass	CButton	mods/starcoop/starcoop.sc2mod/base.sc2data/gamedata/buttondata.xml	合作指挥官版起义狂潮\Mods\XM\XMAbathur.SC2Mod\Base.SC2Data\GameData\ButtonData.xml
AbathurCreepMend	CButton	mods/starcoop/starcoop.sc2mod/base.sc2data/gamedata/buttondata.xml	合作指挥官版起义狂潮\Mods\XM\XMAbathur.SC2Mod\Base.SC2Data\GameData\ButtonData.xml
AbathurDeepTunnel	CButton	mods/starcoop/starcoop.sc2mod/base.sc2data/gamedata/buttondata.xml	合作指挥官版起义狂潮\Mods\XM\XMAbathur.SC2Mod\Base.SC2Data\GameData\ButtonData.xml
AbathurEnemyDeathCreateLocusts	CButton	mods/starcoop/starcoop.sc2mod/base.sc2data/gamedata/buttondata.xml	合作指挥官版起义狂潮\Mods\XM\XMAbathur.SC2Mod\Base.SC2Data\GameData\ButtonData.xml
AbathurGenerateCreep	CButton	mods/starcoop/starcoop.sc2mod/base.sc2data/gamedata/buttondata.xml	合作指挥官版起义狂潮\Mods\XM\XMAbathur.SC2Mod\Base.SC2Data\GameData\ButtonData.xml
AbathurMend	CButton	mods/starcoop/starcoop.sc2mod/base.sc2data/gamedata/buttondata.xml	合作指挥官版起义狂潮\Mods\XM\XMAbathur.SC2Mod\Base.SC2Data\GameData\ButtonData.xml
AbathurSpawningPool	CButton	mods/starcoop/starcoop.sc2mod/base.sc2data/gamedata/buttondata.xml	合作指挥官版起义狂潮\Mods\XM\XMAbathur.SC2Mod\Base.SC2Data\GameData\ButtonData.xml
AbathurUltimateEvolution	CButton	mods/starcoop/starcoop.sc2mod/base.sc2data/gamedata/buttondata.xml	合作指挥官版起义狂潮\Mods\XM\XMAbathur.SC2Mod\Base.SC2Data\GameData\ButtonData.xml
BiomassDisplayToggleOff	CButton	mods/starcoop/starcoop.sc2mod/base.sc2data/gamedata/buttondata.xml	合作指挥官版起义狂潮\Mods\XM\XMAbathur.SC2Mod\Base.SC2Data\GameData\ButtonData.xml
BiomassDisplayToggleOn	CButton	mods/starcoop/starcoop.sc2mod/base.sc2data/gamedata/buttondata.xml	合作指挥官版起义狂潮\Mods\XM\XMAbathur.SC2Mod\Base.SC2Data\GameData\ButtonData.xml
BiomassPassive	CButton	mods/starcoop/starcoop.sc2mod/base.sc2data/gamedata/buttondata.xml	合作指挥官版起义狂潮\Mods\XM\XMAbathur.SC2Mod\Base.SC2Data\GameData\ButtonData.xml
BiomassPassiveArmor	CButton	mods/starcoop/starcoop.sc2mod/base.sc2data/gamedata/buttondata.xml	合作指挥官版起义狂潮\Mods\XM\XMAbathur.SC2Mod\Base.SC2Data\GameData\ButtonData.xml
BiomassPassiveEmpty	CButton	mods/starcoop/starcoop.sc2mod/base.sc2data/gamedata/buttondata.xml	合作指挥官版起义狂潮\Mods\XM\XMAbathur.SC2Mod\Base.SC2Data\GameData\ButtonData.xml
BiomassPassiveEnergy	CButton	mods/starcoop/starcoop.sc2mod/base.sc2data/gamedata/buttondata.xml	合作指挥官版起义狂潮\Mods\XM\XMAbathur.SC2Mod\Base.SC2Data\GameData\ButtonData.xml
BiomassPassiveRavager	CButton	mods/starcoop/starcoop.sc2mod/base.sc2data/gamedata/buttondata.xml	合作指挥官版起义狂潮\Mods\XM\XMAbathur.SC2Mod\Base.SC2Data\GameData\ButtonData.xml
BiomassTargetMark	CButton	mods/starcoop/starcoop.sc2mod/base.sc2data/gamedata/buttondata.xml	合作指挥官版起义狂潮\Mods\XM\XMAbathur.SC2Mod\Base.SC2Data\GameData\ButtonData.xml
BioMechanicalTransfusion	CButton	mods/starcoop/starcoop.sc2mod/base.sc2data/gamedata/buttondata.xml	合作指挥官版起义狂潮\Mods\XM\XMAbathur.SC2Mod\Base.SC2Data\GameData\ButtonData.xml
BrokenSolarForge	CButton	mods/starcoop/starcoop.sc2mod/base.sc2data/gamedata/buttondata.xml	合作指挥官版起义狂潮\Mods\XM\XMAbathur.SC2Mod\Base.SC2Data\GameData\ButtonData.xml
Brutalisk	CButton	mods/starcoop/starcoop.sc2mod/base.sc2data/gamedata/buttondata.xml	合作指挥官版起义狂潮\Mods\XM\XMAbathur.SC2Mod\Base.SC2Data\GameData\ButtonData.xml
BrutaliskDeepTunnel	CButton	mods/starcoop/starcoop.sc2mod/base.sc2data/gamedata/buttondata.xml	合作指挥官版起义狂潮\Mods\XM\XMAbathur.SC2Mod\Base.SC2Data\GameData\ButtonData.xml
BrutaliskPassive	CButton	mods/starcoop/starcoop.sc2mod/base.sc2data/gamedata/buttondata.xml	合作指挥官版起义狂潮\Mods\XM\XMAbathur.SC2Mod\Base.SC2Data\GameData\ButtonData.xml
BuildBileLauncherLocked	CButton	mods/starcoop/starcoop.sc2mod/base.sc2data/gamedata/buttondata.xml	合作指挥官版起义狂潮\Mods\XM\XMAbathur.SC2Mod\Base.SC2Data\GameData\ButtonData.xml
Charge	CButton	mods/starcoop/starcoop.sc2mod/base.sc2data/gamedata/buttondata.xml	合作指挥官版起义狂潮\Mods\XM\XMAbathur.SC2Mod\Base.SC2Data\GameData\ButtonData.xml
CommanderPrestigeAbathurBrutaliskLocked	CButton	mods/starcoop/starcoop.sc2mod/base.sc2data/gamedata/buttondata.xml	合作指挥官版起义狂潮\Mods\XM\XMAbathur.SC2Mod\Base.SC2Data\GameData\ButtonData.xml
CommanderPrestigeKerriganNydusWormBuildLocked	CButton	mods/starcoop/starcoop.sc2mod/base.sc2data/gamedata/buttondata.xml	合作指挥官版起义狂潮\Mods\XM\XMAbathur.SC2Mod\Base.SC2Data\GameData\ButtonData.xml
CommanderPrestigeZagaraHeroicFortitudeResearchLocked	CButton	mods/starcoop/starcoop.sc2mod/base.sc2data/gamedata/buttondata.xml	合作指挥官版起义狂潮\Mods\XM\XMAbathur.SC2Mod\Base.SC2Data\GameData\ButtonData.xml
CommanderPrestigeZagaraMedusaBladesResearchLocked	CButton	mods/starcoop/starcoop.sc2mod/base.sc2data/gamedata/buttondata.xml	合作指挥官版起义狂潮\Mods\XM\XMAbathur.SC2Mod\Base.SC2Data\GameData\ButtonData.xml
CorrosiveAcidDevourer	CButton	mods/starcoop/starcoop.sc2mod/base.sc2data/gamedata/buttondata.xml	合作指挥官版起义狂潮\Mods\XM\XMAbathur.SC2Mod\Base.SC2Data\GameData\ButtonData.xml
CorrosiveBileDamageIncrease	CButton	mods/starcoop/starcoop.sc2mod/base.sc2data/gamedata/buttondata.xml	合作指挥官版起义狂潮\Mods\XM\XMAbathur.SC2Mod\Base.SC2Data\GameData\ButtonData.xml
CorrosiveBileRadiusIncrease	CButton	mods/starcoop/starcoop.sc2mod/base.sc2data/gamedata/buttondata.xml	合作指挥官版起义狂潮\Mods\XM\XMAbathur.SC2Mod\Base.SC2Data\GameData\ButtonData.xml
CreateSymbiotes	CButton	mods/starcoop/starcoop.sc2mod/base.sc2data/gamedata/buttondata.xml	合作指挥官版起义狂潮\Mods\XM\XMAbathur.SC2Mod\Base.SC2Data\GameData\ButtonData.xml
CreepColony	CButton	mods/starcoop/starcoop.sc2mod/base.sc2data/gamedata/buttondata.xml	合作指挥官版起义狂潮\Mods\XM\XMAbathur.SC2Mod\Base.SC2Data\GameData\ButtonData.xml
DamagedEvolutionPit	CButton	mods/starcoop/starcoop.sc2mod/base.sc2data/gamedata/buttondata.xml	合作指挥官版起义狂潮\Mods\XM\XMAbathur.SC2Mod\Base.SC2Data\GameData\ButtonData.xml
DeepTunnelLocked	CButton	mods/starcoop/starcoop.sc2mod/base.sc2data/gamedata/buttondata.xml	合作指挥官版起义狂潮\Mods\XM\XMAbathur.SC2Mod\Base.SC2Data\GameData\ButtonData.xml
DehakaDrone	CButton	mods/starcoop/starcoop.sc2mod/base.sc2data/gamedata/buttondata.xml	合作指挥官版起义狂潮\Mods\XM\XMAbathur.SC2Mod\Base.SC2Data\GameData\ButtonData.xml
DevourerAoEDamage	CButton	mods/starcoop/starcoop.sc2mod/base.sc2data/gamedata/buttondata.xml	合作指挥官版起义狂潮\Mods\XM\XMAbathur.SC2Mod\Base.SC2Data\GameData\ButtonData.xml
DevourerPassive	CButton	mods/starcoop/starcoop.sc2mod/base.sc2data/gamedata/buttondata.xml	合作指挥官版起义狂潮\Mods\XM\XMAbathur.SC2Mod\Base.SC2Data\GameData\ButtonData.xml
EvolveAberrationArmorAura	CButton	mods/starcoop/starcoop.sc2mod/base.sc2data/gamedata/buttondata.xml	合作指挥官版起义狂潮\Mods\XM\XMAbathur.SC2Mod\Base.SC2Data\GameData\ButtonData.xml
EvolveAberrationArmorAuraLocked	CButton	mods/starcoop/starcoop.sc2mod/base.sc2data/gamedata/buttondata.xml	合作指挥官版起义狂潮\Mods\XM\XMAbathur.SC2Mod\Base.SC2Data\GameData\ButtonData.xml
EvolveAdaptivePlating	CButton	mods/starcoop/starcoop.sc2mod/base.sc2data/gamedata/buttondata.xml	合作指挥官版起义狂潮\Mods\XM\XMAbathur.SC2Mod\Base.SC2Data\GameData\ButtonData.xml
EvolveAncilarryCarapaceLocked	CButton	mods/starcoop/starcoop.sc2mod/base.sc2data/gamedata/buttondata.xml	合作指挥官版起义狂潮\Mods\XM\XMAbathur.SC2Mod\Base.SC2Data\GameData\ButtonData.xml
EvolveAncillaryCarapace	CButton	mods/starcoop/starcoop.sc2mod/base.sc2data/gamedata/buttondata.xml	合作指挥官版起义狂潮\Mods\XM\XMAbathur.SC2Mod\Base.SC2Data\GameData\ButtonData.xml
EvolveBileLauncherBombardmentCooldown	CButton	mods/starcoop/starcoop.sc2mod/base.sc2data/gamedata/buttondata.xml	合作指挥官版起义狂潮\Mods\XM\XMAbathur.SC2Mod\Base.SC2Data\GameData\ButtonData.xml
EvolveBileLauncherBombardmentCooldownLocked	CButton	mods/starcoop/starcoop.sc2mod/base.sc2data/gamedata/buttondata.xml	合作指挥官版起义狂潮\Mods\XM\XMAbathur.SC2Mod\Base.SC2Data\GameData\ButtonData.xml
EvolveBileLauncherIncreasedRange	CButton	mods/starcoop/starcoop.sc2mod/base.sc2data/gamedata/buttondata.xml	合作指挥官版起义狂潮\Mods\XM\XMAbathur.SC2Mod\Base.SC2Data\GameData\ButtonData.xml
EvolveBileLauncherIncreasedRangeLocked	CButton	mods/starcoop/starcoop.sc2mod/base.sc2data/gamedata/buttondata.xml	合作指挥官版起义狂潮\Mods\XM\XMAbathur.SC2Mod\Base.SC2Data\GameData\ButtonData.xml
EvolveBioMechanicalTransfusion	CButton	mods/starcoop/starcoop.sc2mod/base.sc2data/gamedata/buttondata.xml	合作指挥官版起义狂潮\Mods\XM\XMAbathur.SC2Mod\Base.SC2Data\GameData\ButtonData.xml
EvolveBioMechanicalTransfusionLocked	CButton	mods/starcoop/starcoop.sc2mod/base.sc2data/gamedata/buttondata.xml	合作指挥官版起义狂潮\Mods\XM\XMAbathur.SC2Mod\Base.SC2Data\GameData\ButtonData.xml
EvolveBroodLordSpeed	CButton	mods/starcoop/starcoop.sc2mod/base.sc2data/gamedata/buttondata.xml	合作指挥官版起义狂潮\Mods\XM\XMAbathur.SC2Mod\Base.SC2Data\GameData\ButtonData.xml
EvolveBroodlordSpeedLocked	CButton	mods/starcoop/starcoop.sc2mod/base.sc2data/gamedata/buttondata.xml	合作指挥官版起义狂潮\Mods\XM\XMAbathur.SC2Mod\Base.SC2Data\GameData\ButtonData.xml
EvolveBrutalisk	CButton	mods/starcoop/starcoop.sc2mod/base.sc2data/gamedata/buttondata.xml	合作指挥官版起义狂潮\Mods\XM\XMAbathur.SC2Mod\Base.SC2Data\GameData\ButtonData.xml
EvolveCorrosiveBileDamageIncrease	CButton	mods/starcoop/starcoop.sc2mod/base.sc2data/gamedata/buttondata.xml	合作指挥官版起义狂潮\Mods\XM\XMAbathur.SC2Mod\Base.SC2Data\GameData\ButtonData.xml
EvolveCorrosiveBileRadiusIncrease	CButton	mods/starcoop/starcoop.sc2mod/base.sc2data/gamedata/buttondata.xml	合作指挥官版起义狂潮\Mods\XM\XMAbathur.SC2Mod\Base.SC2Data\GameData\ButtonData.xml
EvolveDevourerAoEDamage	CButton	mods/starcoop/starcoop.sc2mod/base.sc2data/gamedata/buttondata.xml	合作指挥官版起义狂潮\Mods\XM\XMAbathur.SC2Mod\Base.SC2Data\GameData\ButtonData.xml
EvolveDevourerAoEDamageLocked	CButton	mods/starcoop/starcoop.sc2mod/base.sc2data/gamedata/buttondata.xml	合作指挥官版起义狂潮\Mods\XM\XMAbathur.SC2Mod\Base.SC2Data\GameData\ButtonData.xml
EvolveFrenzy	CButton	mods/starcoop/starcoop.sc2mod/base.sc2data/gamedata/buttondata.xml	合作指挥官版起义狂潮\Mods\XM\XMAbathur.SC2Mod\Base.SC2Data\GameData\ButtonData.xml
EvolveFrenzyLocked	CButton	mods/starcoop/starcoop.sc2mod/base.sc2data/gamedata/buttondata.xml	合作指挥官版起义狂潮\Mods\XM\XMAbathur.SC2Mod\Base.SC2Data\GameData\ButtonData.xml
EvolveGuardianAttackRangeIncrease	CButton	mods/starcoop/starcoop.sc2mod/base.sc2data/gamedata/buttondata.xml	合作指挥官版起义狂潮\Mods\XM\XMAbathur.SC2Mod\Base.SC2Data\GameData\ButtonData.xml
EvolveGuardianAttackRangeIncreaseLocked	CButton	mods/starcoop/starcoop.sc2mod/base.sc2data/gamedata/buttondata.xml	合作指挥官版起义狂潮\Mods\XM\XMAbathur.SC2Mod\Base.SC2Data\GameData\ButtonData.xml
EvolveHardenedCarapace	CButton	mods/starcoop/starcoop.sc2mod/base.sc2data/gamedata/buttondata.xml	合作指挥官版起义狂潮\Mods\XM\XMAbathur.SC2Mod\Base.SC2Data\GameData\ButtonData.xml
EvolveHardenedCarapaceLocked	CButton	mods/starcoop/starcoop.sc2mod/base.sc2data/gamedata/buttondata.xml	合作指挥官版起义狂潮\Mods\XM\XMAbathur.SC2Mod\Base.SC2Data\GameData\ButtonData.xml
EvolveHardenedCarapaceZagaraLocked	CButton	mods/starcoop/starcoop.sc2mod/base.sc2data/gamedata/buttondata.xml	合作指挥官版起义狂潮\Mods\XM\XMAbathur.SC2Mod\Base.SC2Data\GameData\ButtonData.xml
EvolveHatcheryDoubleQueue	CButton	mods/starcoop/starcoop.sc2mod/base.sc2data/gamedata/buttondata.xml	合作指挥官版起义狂潮\Mods\XM\XMAbathur.SC2Mod\Base.SC2Data\GameData\ButtonData.xml
EvolveHatcheryDoubleQueueLocked	CButton	mods/starcoop/starcoop.sc2mod/base.sc2data/gamedata/buttondata.xml	合作指挥官版起义狂潮\Mods\XM\XMAbathur.SC2Mod\Base.SC2Data\GameData\ButtonData.xml
EvolveHydriodicBile	CButton	mods/starcoop/starcoop.sc2mod/base.sc2data/gamedata/buttondata.xml	合作指挥官版起义狂潮\Mods\XM\XMAbathur.SC2Mod\Base.SC2Data\GameData\ButtonData.xml
EvolveK5ChainLightning	CButton	mods/starcoop/starcoop.sc2mod/base.sc2data/gamedata/buttondata.xml	合作指挥官版起义狂潮\Mods\XM\XMAbathur.SC2Mod\Base.SC2Data\GameData\ButtonData.xml
EvolveK5ChainLightningLocked	CButton	mods/starcoop/starcoop.sc2mod/base.sc2data/gamedata/buttondata.xml	合作指挥官版起义狂潮\Mods\XM\XMAbathur.SC2Mod\Base.SC2Data\GameData\ButtonData.xml
EvolveK5Cooldowns	CButton	mods/starcoop/starcoop.sc2mod/base.sc2data/gamedata/buttondata.xml	合作指挥官版起义狂潮\Mods\XM\XMAbathur.SC2Mod\Base.SC2Data\GameData\ButtonData.xml
EvolveK5CooldownsLocked	CButton	mods/starcoop/starcoop.sc2mod/base.sc2data/gamedata/buttondata.xml	合作指挥官版起义狂潮\Mods\XM\XMAbathur.SC2Mod\Base.SC2Data\GameData\ButtonData.xml
EvolveKerriganHeroicFortitude	CButton	mods/starcoop/starcoop.sc2mod/base.sc2data/gamedata/buttondata.xml	合作指挥官版起义狂潮\Mods\XM\XMAbathur.SC2Mod\Base.SC2Data\GameData\ButtonData.xml
EvolveKerriganViciousGlaive	CButton	mods/starcoop/starcoop.sc2mod/base.sc2data/gamedata/buttondata.xml	合作指挥官版起义狂潮\Mods\XM\XMAbathur.SC2Mod\Base.SC2Data\GameData\ButtonData.xml
EvolveMedusaBlades	CButton	mods/starcoop/starcoop.sc2mod/base.sc2data/gamedata/buttondata.xml	合作指挥官版起义狂潮\Mods\XM\XMAbathur.SC2Mod\Base.SC2Data\GameData\ButtonData.xml
EvolveMedusasBladesLocked	CButton	mods/starcoop/starcoop.sc2mod/base.sc2data/gamedata/buttondata.xml	合作指挥官版起义狂潮\Mods\XM\XMAbathur.SC2Mod\Base.SC2Data\GameData\ButtonData.xml
EvolveMuscularAugments	CButton	mods/starcoop/starcoop.sc2mod/base.sc2data/gamedata/buttondata.xml	合作指挥官版起义狂潮\Mods\XM\XMAbathur.SC2Mod\Base.SC2Data\GameData\ButtonData.xml
EvolveMutaliskRapidRegeneration	CButton	mods/starcoop/starcoop.sc2mod/base.sc2data/gamedata/buttondata.xml	合作指挥官版起义狂潮\Mods\XM\XMAbathur.SC2Mod\Base.SC2Data\GameData\ButtonData.xml
EvolveSeismicSpinesLocked	CButton	mods/starcoop/starcoop.sc2mod/base.sc2data/gamedata/buttondata.xml	合作指挥官版起义狂潮\Mods\XM\XMAbathur.SC2Mod\Base.SC2Data\GameData\ButtonData.xml
EvolveSeveringGlave	CButton	mods/starcoop/starcoop.sc2mod/base.sc2data/gamedata/buttondata.xml	合作指挥官版起义狂潮\Mods\XM\XMAbathur.SC2Mod\Base.SC2Data\GameData\ButtonData.xml
EvolveSeveringGlaveLocked	CButton	mods/starcoop/starcoop.sc2mod/base.sc2data/gamedata/buttondata.xml	合作指挥官版起义狂潮\Mods\XM\XMAbathur.SC2Mod\Base.SC2Data\GameData\ButtonData.xml
EvolveSunderingGlave	CButton	mods/starcoop/starcoop.sc2mod/base.sc2data/gamedata/buttondata.xml	合作指挥官版起义狂潮\Mods\XM\XMAbathur.SC2Mod\Base.SC2Data\GameData\ButtonData.xml
EvolveSunderingGlaveLocked	CButton	mods/starcoop/starcoop.sc2mod/base.sc2data/gamedata/buttondata.xml	合作指挥官版起义狂潮\Mods\XM\XMAbathur.SC2Mod\Base.SC2Data\GameData\ButtonData.xml
EvolveSymbioteAOEUpgrade	CButton	mods/starcoop/starcoop.sc2mod/base.sc2data/gamedata/buttondata.xml	合作指挥官版起义狂潮\Mods\XM\XMAbathur.SC2Mod\Base.SC2Data\GameData\ButtonData.xml
EvolveSymbioteStabUpgrade	CButton	mods/starcoop/starcoop.sc2mod/base.sc2data/gamedata/buttondata.xml	合作指挥官版起义狂潮\Mods\XM\XMAbathur.SC2Mod\Base.SC2Data\GameData\ButtonData.xml
EvolveToBrutalisk	CButton	mods/starcoop/starcoop.sc2mod/base.sc2data/gamedata/buttondata.xml	合作指挥官版起义狂潮\Mods\XM\XMAbathur.SC2Mod\Base.SC2Data\GameData\ButtonData.xml
EvolveToBrutaliskLocked	CButton	mods/starcoop/starcoop.sc2mod/base.sc2data/gamedata/buttondata.xml	合作指挥官版起义狂潮\Mods\XM\XMAbathur.SC2Mod\Base.SC2Data\GameData\ButtonData.xml
EvolveToLeviathan	CButton	mods/starcoop/starcoop.sc2mod/base.sc2data/gamedata/buttondata.xml	合作指挥官版起义狂潮\Mods\XM\XMAbathur.SC2Mod\Base.SC2Data\GameData\ButtonData.xml
EvolveToLeviathanLocked	CButton	mods/starcoop/starcoop.sc2mod/base.sc2data/gamedata/buttondata.xml	合作指挥官版起义狂潮\Mods\XM\XMAbathur.SC2Mod\Base.SC2Data\GameData\ButtonData.xml
EvolveViciousGlaive	CButton	mods/starcoop/starcoop.sc2mod/base.sc2data/gamedata/buttondata.xml	合作指挥官版起义狂潮\Mods\XM\XMAbathur.SC2Mod\Base.SC2Data\GameData\ButtonData.xml
EvolveZerglingArmorShred	CButton	mods/starcoop/starcoop.sc2mod/base.sc2data/gamedata/buttondata.xml	合作指挥官版起义狂潮\Mods\XM\XMAbathur.SC2Mod\Base.SC2Data\GameData\ButtonData.xml
EvolveZerglingArmorShredLocked	CButton	mods/starcoop/starcoop.sc2mod/base.sc2data/gamedata/buttondata.xml	合作指挥官版起义狂潮\Mods\XM\XMAbathur.SC2Mod\Base.SC2Data\GameData\ButtonData.xml
EvolveZerglingArmorShredZagaraLocked	CButton	mods/starcoop/starcoop.sc2mod/base.sc2data/gamedata/buttondata.xml	合作指挥官版起义狂潮\Mods\XM\XMAbathur.SC2Mod\Base.SC2Data\GameData\ButtonData.xml
GreaterRoachWarren	CButton	mods/starcoop/starcoop.sc2mod/base.sc2data/gamedata/buttondata.xml	合作指挥官版起义狂潮\Mods\XM\XMAbathur.SC2Mod\Base.SC2Data\GameData\ButtonData.xml
GreaterSpireViper	CButton	mods/starcoop/starcoop.sc2mod/base.sc2data/gamedata/buttondata.xml	合作指挥官版起义狂潮\Mods\XM\XMAbathur.SC2Mod\Base.SC2Data\GameData\ButtonData.xml
GuardianAttackRangeIncrease	CButton	mods/starcoop/starcoop.sc2mod/base.sc2data/gamedata/buttondata.xml	合作指挥官版起义狂潮\Mods\XM\XMAbathur.SC2Mod\Base.SC2Data\GameData\ButtonData.xml
GuardianPassive	CButton	mods/starcoop/starcoop.sc2mod/base.sc2data/gamedata/buttondata.xml	合作指挥官版起义狂潮\Mods\XM\XMAbathur.SC2Mod\Base.SC2Data\GameData\ButtonData.xml
HaveOverlordSpeed	CButton	mods/starcoop/starcoop.sc2mod/base.sc2data/gamedata/buttondata.xml	合作指挥官版起义狂潮\Mods\XM\XMAbathur.SC2Mod\Base.SC2Data\GameData\ButtonData.xml
KerriganViciousGlaive	CButton	mods/starcoop/starcoop.sc2mod/base.sc2data/gamedata/buttondata.xml	合作指挥官版起义狂潮\Mods\XM\XMAbathur.SC2Mod\Base.SC2Data\GameData\ButtonData.xml
KerriganVoidCoopCrushingGripWave	CButton	mods/starcoop/starcoop.sc2mod/base.sc2data/gamedata/buttondata.xml	合作指挥官版起义狂潮\Mods\XM\XMAbathur.SC2Mod\Base.SC2Data\GameData\ButtonData.xml
KerriganVoidCoopEconDrop	CButton	mods/starcoop/starcoop.sc2mod/base.sc2data/gamedata/buttondata.xml	合作指挥官版起义狂潮\Mods\XM\XMAbathur.SC2Mod\Base.SC2Data\GameData\ButtonData.xml
Larva	CButton	mods/starcoop/starcoop.sc2mod/base.sc2data/gamedata/buttondata.xml	合作指挥官版起义狂潮\Mods\XM\XMAbathur.SC2Mod\Base.SC2Data\GameData\ButtonData.xml
MapObjectInteract	CButton	mods/starcoop/starcoop.sc2mod/base.sc2data/gamedata/buttondata.xml	合作指挥官版起义狂潮\Mods\XM\XMAbathur.SC2Mod\Base.SC2Data\GameData\ButtonData.xml
MindBolt	CButton	mods/starcoop/starcoop.sc2mod/base.sc2data/gamedata/buttondata.xml	合作指挥官版起义狂潮\Mods\XM\XMAbathur.SC2Mod\Base.SC2Data\GameData\ButtonData.xml
MorphToCorpserAbathur	CButton	mods/starcoop/starcoop.sc2mod/base.sc2data/gamedata/buttondata.xml	合作指挥官版起义狂潮\Mods\XM\XMAbathur.SC2Mod\Base.SC2Data\GameData\ButtonData.xml
MorphtoDevourer	CButton	mods/starcoop/starcoop.sc2mod/base.sc2data/gamedata/buttondata.xml	合作指挥官版起义狂潮\Mods\XM\XMAbathur.SC2Mod\Base.SC2Data\GameData\ButtonData.xml
MorphToGuardian	CButton	mods/starcoop/starcoop.sc2mod/base.sc2data/gamedata/buttondata.xml	合作指挥官版起义狂潮\Mods\XM\XMAbathur.SC2Mod\Base.SC2Data\GameData\ButtonData.xml
MorphToVileAbathur	CButton	mods/starcoop/starcoop.sc2mod/base.sc2data/gamedata/buttondata.xml	合作指挥官版起义狂潮\Mods\XM\XMAbathur.SC2Mod\Base.SC2Data\GameData\ButtonData.xml
MutateintoLurkerDenLocked	CButton	mods/starcoop/starcoop.sc2mod/base.sc2data/gamedata/buttondata.xml	合作指挥官版起义狂潮\Mods\XM\XMAbathur.SC2Mod\Base.SC2Data\GameData\ButtonData.xml
MutatorWorkerSleep	CButton	mods/starcoop/starcoop.sc2mod/base.sc2data/gamedata/buttondata.xml	合作指挥官版起义狂潮\Mods\XM\XMAbathur.SC2Mod\Base.SC2Data\GameData\ButtonData.xml
NovaBoombotBurrow	CButton	mods/starcoop/starcoop.sc2mod/base.sc2data/gamedata/buttondata.xml	合作指挥官版起义狂潮\Mods\XM\XMAbathur.SC2Mod\Base.SC2Data\GameData\ButtonData.xml
PassiveBileLauncher	CButton	mods/starcoop/starcoop.sc2mod/base.sc2data/gamedata/buttondata.xml	合作指挥官版起义狂潮\Mods\XM\XMAbathur.SC2Mod\Base.SC2Data\GameData\ButtonData.xml
PassiveBileLauncherLocked	CButton	mods/starcoop/starcoop.sc2mod/base.sc2data/gamedata/buttondata.xml	合作指挥官版起义狂潮\Mods\XM\XMAbathur.SC2Mod\Base.SC2Data\GameData\ButtonData.xml
PrestigeAbilLocked	CButton	mods/starcoop/starcoop.sc2mod/base.sc2data/gamedata/buttondata.xml	合作指挥官版起义狂潮\Mods\XM\XMAbathur.SC2Mod\Base.SC2Data\GameData\ButtonData.xml
PrestigeResearchLocked	CButton	mods/starcoop/starcoop.sc2mod/base.sc2data/gamedata/buttondata.xml	合作指挥官版起义狂潮\Mods\XM\XMAbathur.SC2Mod\Base.SC2Data\GameData\ButtonData.xml
PrimalSlash	CButton	mods/starcoop/starcoop.sc2mod/base.sc2data/gamedata/buttondata.xml	合作指挥官版起义狂潮\Mods\XM\XMAbathur.SC2Mod\Base.SC2Data\GameData\ButtonData.xml
PsionicLift	CButton	mods/starcoop/starcoop.sc2mod/base.sc2data/gamedata/buttondata.xml	合作指挥官版起义狂潮\Mods\XM\XMAbathur.SC2Mod\Base.SC2Data\GameData\ButtonData.xml
Queen	CButton	mods/starcoop/starcoop.sc2mod/base.sc2data/gamedata/buttondata.xml	合作指挥官版起义狂潮\Mods\XM\XMAbathur.SC2Mod\Base.SC2Data\GameData\ButtonData.xml
QueenCoop	CButton	mods/starcoop/starcoop.sc2mod/base.sc2data/gamedata/buttondata.xml	合作指挥官版起义狂潮\Mods\XM\XMAbathur.SC2Mod\Base.SC2Data\GameData\ButtonData.xml
RavagerAbathurCorrosiveBile	CButton	mods/starcoop/starcoop.sc2mod/base.sc2data/gamedata/buttondata.xml	合作指挥官版起义狂潮\Mods\XM\XMAbathur.SC2Mod\Base.SC2Data\GameData\ButtonData.xml
RavagerPassive	CButton	mods/starcoop/starcoop.sc2mod/base.sc2data/gamedata/buttondata.xml	合作指挥官版起义狂潮\Mods\XM\XMAbathur.SC2Mod\Base.SC2Data\GameData\ButtonData.xml
ResearchAbathurHiddenToxicNest	CButton	mods/starcoop/starcoop.sc2mod/base.sc2data/gamedata/buttondata.xml	合作指挥官版起义狂潮\Mods\XM\XMAbathur.SC2Mod\Base.SC2Data\GameData\ButtonData.xml
ResearchAbathurImprovedToxicNest	CButton	mods/starcoop/starcoop.sc2mod/base.sc2data/gamedata/buttondata.xml	合作指挥官版起义狂潮\Mods\XM\XMAbathur.SC2Mod\Base.SC2Data\GameData\ButtonData.xml
ResearchAbathurMutaliskHealthScalingUpgrade	CButton	mods/starcoop/starcoop.sc2mod/base.sc2data/gamedata/buttondata.xml	合作指挥官版起义狂潮\Mods\XM\XMAbathur.SC2Mod\Base.SC2Data\GameData\ButtonData.xml
ResearchAbathurRoachRangeScalingUpgrade	CButton	mods/starcoop/starcoop.sc2mod/base.sc2data/gamedata/buttondata.xml	合作指挥官版起义狂潮\Mods\XM\XMAbathur.SC2Mod\Base.SC2Data\GameData\ButtonData.xml
ResearchLurkerRange	CButton	mods/starcoop/starcoop.sc2mod/base.sc2data/gamedata/buttondata.xml	合作指挥官版起义狂潮\Mods\XM\XMAbathur.SC2Mod\Base.SC2Data\GameData\ButtonData.xml
ResearchSeismicSpinesAbathur	CButton	mods/starcoop/starcoop.sc2mod/base.sc2data/gamedata/buttondata.xml	合作指挥官版起义狂潮\Mods\XM\XMAbathur.SC2Mod\Base.SC2Data\GameData\ButtonData.xml
Scourge	CButton	mods/starcoop/starcoop.sc2mod/base.sc2data/gamedata/buttondata.xml	合作指挥官版起义狂潮\Mods\XM\XMAbathur.SC2Mod\Base.SC2Data\GameData\ButtonData.xml
ScourgeNest	CButton	mods/starcoop/starcoop.sc2mod/base.sc2data/gamedata/buttondata.xml	合作指挥官版起义狂潮\Mods\XM\XMAbathur.SC2Mod\Base.SC2Data\GameData\ButtonData.xml
SeismicSpines	CButton	mods/starcoop/starcoop.sc2mod/base.sc2data/gamedata/buttondata.xml	合作指挥官版起义狂潮\Mods\XM\XMAbathur.SC2Mod\Base.SC2Data\GameData\ButtonData.xml
SIOverlord	CButton	mods/starcoop/starcoop.sc2mod/base.sc2data/gamedata/buttondata.xml	合作指挥官版起义狂潮\Mods\XM\XMAbathur.SC2Mod\Base.SC2Data\GameData\ButtonData.xml
SOATimeFreeze	CButton	mods/starcoop/starcoop.sc2mod/base.sc2data/gamedata/buttondata.xml	合作指挥官版起义狂潮\Mods\XM\XMAbathur.SC2Mod\Base.SC2Data\GameData\ButtonData.xml
SpawnBrutalisk	CButton	mods/starcoop/starcoop.sc2mod/base.sc2data/gamedata/buttondata.xml	合作指挥官版起义狂潮\Mods\XM\XMAbathur.SC2Mod\Base.SC2Data\GameData\ButtonData.xml
SpawnToxicNest	CButton	mods/starcoop/starcoop.sc2mod/base.sc2data/gamedata/buttondata.xml	合作指挥官版起义狂潮\Mods\XM\XMAbathur.SC2Mod\Base.SC2Data\GameData\ButtonData.xml
Spray	CButton	mods/starcoop/starcoop.sc2mod/base.sc2data/gamedata/buttondata.xml	合作指挥官版起义狂潮\Mods\XM\XMAbathur.SC2Mod\Base.SC2Data\GameData\ButtonData.xml
Suicide	CButton	mods/starcoop/starcoop.sc2mod/base.sc2data/gamedata/buttondata.xml	合作指挥官版起义狂潮\Mods\XM\XMAbathur.SC2Mod\Base.SC2Data\GameData\ButtonData.xml
SwarmHostDeepBurrow	CButton	mods/starcoop/starcoop.sc2mod/base.sc2data/gamedata/buttondata.xml	合作指挥官版起义狂潮\Mods\XM\XMAbathur.SC2Mod\Base.SC2Data\GameData\ButtonData.xml
SymbioteCarapace	CButton	mods/starcoop/starcoop.sc2mod/base.sc2data/gamedata/buttondata.xml	合作指挥官版起义狂潮\Mods\XM\XMAbathur.SC2Mod\Base.SC2Data\GameData\ButtonData.xml
SymbioteMoveSuggest	CButton	mods/starcoop/starcoop.sc2mod/base.sc2data/gamedata/buttondata.xml	合作指挥官版起义狂潮\Mods\XM\XMAbathur.SC2Mod\Base.SC2Data\GameData\ButtonData.xml
SymbioteSpikeBurst	CButton	mods/starcoop/starcoop.sc2mod/base.sc2data/gamedata/buttondata.xml	合作指挥官版起义狂潮\Mods\XM\XMAbathur.SC2Mod\Base.SC2Data\GameData\ButtonData.xml
SymbioteStab	CButton	mods/starcoop/starcoop.sc2mod/base.sc2data/gamedata/buttondata.xml	合作指挥官版起义狂潮\Mods\XM\XMAbathur.SC2Mod\Base.SC2Data\GameData\ButtonData.xml
TissueAssimilationBrutalisk	CButton	mods/starcoop/starcoop.sc2mod/base.sc2data/gamedata/buttondata.xml	合作指挥官版起义狂潮\Mods\XM\XMAbathur.SC2Mod\Base.SC2Data\GameData\ButtonData.xml
ToxicNestattackgivesMarkforCollectiondebuff	CButton	mods/starcoop/starcoop.sc2mod/base.sc2data/gamedata/buttondata.xml	合作指挥官版起义狂潮\Mods\XM\XMAbathur.SC2Mod\Base.SC2Data\GameData\ButtonData.xml
ToxicNestExplode	CButton	mods/starcoop/starcoop.sc2mod/base.sc2data/gamedata/buttondata.xml	合作指挥官版起义狂潮\Mods\XM\XMAbathur.SC2Mod\Base.SC2Data\GameData\ButtonData.xml
TransferSymbiote	CButton	mods/starcoop/starcoop.sc2mod/base.sc2data/gamedata/buttondata.xml	合作指挥官版起义狂潮\Mods\XM\XMAbathur.SC2Mod\Base.SC2Data\GameData\ButtonData.xml
ZagaraBileLauncher	CButton	mods/starcoop/starcoop.sc2mod/base.sc2data/gamedata/buttondata.xml	合作指挥官版起义狂潮\Mods\XM\XMAbathur.SC2Mod\Base.SC2Data\GameData\ButtonData.xml
ZagaraVoidCoopCreepMaster	CButton	mods/starcoop/starcoop.sc2mod/base.sc2data/gamedata/buttondata.xml	合作指挥官版起义狂潮\Mods\XM\XMAbathur.SC2Mod\Base.SC2Data\GameData\ButtonData.xml
ZergBuild	CButton	mods/starcoop/starcoop.sc2mod/base.sc2data/gamedata/buttondata.xml	合作指挥官版起义狂潮\Mods\XM\XMAbathur.SC2Mod\Base.SC2Data\GameData\ButtonData.xml
ZergGroundAttacksLevel1	CButton	mods/starcoop/starcoop.sc2mod/base.sc2data/gamedata/buttondata.xml	合作指挥官版起义狂潮\Mods\XM\XMAbathur.SC2Mod\Base.SC2Data\GameData\ButtonData.xml
ZergGroundAttacksLevel2	CButton	mods/starcoop/starcoop.sc2mod/base.sc2data/gamedata/buttondata.xml	合作指挥官版起义狂潮\Mods\XM\XMAbathur.SC2Mod\Base.SC2Data\GameData\ButtonData.xml
ZergGroundAttacksLevel3	CButton	mods/starcoop/starcoop.sc2mod/base.sc2data/gamedata/buttondata.xml	合作指挥官版起义狂潮\Mods\XM\XMAbathur.SC2Mod\Base.SC2Data\GameData\ButtonData.xml
ZerglingArmorShred	CButton	mods/starcoop/starcoop.sc2mod/base.sc2data/gamedata/buttondata.xml	合作指挥官版起义狂潮\Mods\XM\XMAbathur.SC2Mod\Base.SC2Data\GameData\ButtonData.xml
Abathur	CCommander	mods/starcoop/starcoop.sc2mod/base.sc2data/gamedata/commanderdata.xml	合作指挥官版起义狂潮\Mods\XM\XMAbathur.SC2Mod\Base.SC2Data\GameData\CommanderData.xml
AbabthurUltimateEvolutionFullEnergy	CEffectModifyUnit	mods/starcoop/starcoop.sc2mod/base.sc2data/gamedata/effectdata.xml	合作指挥官版起义狂潮\Mods\XM\XMAbathur.SC2Mod\Base.SC2Data\GameData\EffectData.xml
AbathurBiomassLocust100Transfer	CEffectTransferBehavior	mods/starcoop/starcoop.sc2mod/base.sc2data/gamedata/effectdata.xml	合作指挥官版起义狂潮\Mods\XM\XMAbathur.SC2Mod\Base.SC2Data\GameData\EffectData.xml
AbathurBiomassLocust10Transfer	CEffectTransferBehavior	mods/starcoop/starcoop.sc2mod/base.sc2data/gamedata/effectdata.xml	合作指挥官版起义狂潮\Mods\XM\XMAbathur.SC2Mod\Base.SC2Data\GameData\EffectData.xml
AbathurBiomassLocust1Transfer	CEffectTransferBehavior	mods/starcoop/starcoop.sc2mod/base.sc2data/gamedata/effectdata.xml	合作指挥官版起义狂潮\Mods\XM\XMAbathur.SC2Mod\Base.SC2Data\GameData\EffectData.xml
AbathurBiomassMaxStacksDummy	CEffectDamage	mods/starcoop/starcoop.sc2mod/base.sc2data/gamedata/effectdata.xml	合作指挥官版起义狂潮\Mods\XM\XMAbathur.SC2Mod\Base.SC2Data\GameData\EffectData.xml
AbathurBiomassRefundDummy	CEffectDamage	mods/starcoop/starcoop.sc2mod/base.sc2data/gamedata/effectdata.xml	合作指挥官版起义狂潮\Mods\XM\XMAbathur.SC2Mod\Base.SC2Data\GameData\EffectData.xml
AbathurCocoonHeal	CEffectModifyUnit	mods/starcoop/starcoop.sc2mod/base.sc2data/gamedata/effectdata.xml	合作指挥官版起义狂潮\Mods\XM\XMAbathur.SC2Mod\Base.SC2Data\GameData\EffectData.xml
AbathurCollectBiomassAB	CEffectApplyBehavior	mods/starcoop/starcoop.sc2mod/base.sc2data/gamedata/effectdata.xml	合作指挥官版起义狂潮\Mods\XM\XMAbathur.SC2Mod\Base.SC2Data\GameData\EffectData.xml
AbathurCollectBiomassInitialSet	CEffectSet	mods/starcoop/starcoop.sc2mod/base.sc2data/gamedata/effectdata.xml	合作指挥官版起义狂潮\Mods\XM\XMAbathur.SC2Mod\Base.SC2Data\GameData\EffectData.xml
AbathurCollectBiomassIterateTransport	CEffectEnumTransport	mods/starcoop/starcoop.sc2mod/base.sc2data/gamedata/effectdata.xml	合作指挥官版起义狂潮\Mods\XM\XMAbathur.SC2Mod\Base.SC2Data\GameData\EffectData.xml
AbathurCollectBiomassSearch	CEffectEnumArea	mods/starcoop/starcoop.sc2mod/base.sc2data/gamedata/effectdata.xml	合作指挥官版起义狂潮\Mods\XM\XMAbathur.SC2Mod\Base.SC2Data\GameData\EffectData.xml
AbathurCollectBiomassSet	CEffectSet	mods/starcoop/starcoop.sc2mod/base.sc2data/gamedata/effectdata.xml	合作指挥官版起义狂潮\Mods\XM\XMAbathur.SC2Mod\Base.SC2Data\GameData\EffectData.xml
AbathurCreateSymbiote	CEffectDamage	mods/starcoop/starcoop.sc2mod/base.sc2data/gamedata/effectdata.xml	合作指挥官版起义狂潮\Mods\XM\XMAbathur.SC2Mod\Base.SC2Data\GameData\EffectData.xml
AbathurCreepMendAB	CEffectApplyBehavior	mods/starcoop/starcoop.sc2mod/base.sc2data/gamedata/effectdata.xml	合作指挥官版起义狂潮\Mods\XM\XMAbathur.SC2Mod\Base.SC2Data\GameData\EffectData.xml
AbathurCreepMendHeal	CEffectCreateHealer	mods/starcoop/starcoop.sc2mod/base.sc2data/gamedata/effectdata.xml	合作指挥官版起义狂潮\Mods\XM\XMAbathur.SC2Mod\Base.SC2Data\GameData\EffectData.xml
AbathurCreepMendSearch	CEffectEnumArea	mods/starcoop/starcoop.sc2mod/base.sc2data/gamedata/effectdata.xml	合作指挥官版起义狂潮\Mods\XM\XMAbathur.SC2Mod\Base.SC2Data\GameData\EffectData.xml
AbathurCritterMindControlRB	CEffectRemoveBehavior	mods/starcoop/starcoop.sc2mod/base.sc2data/gamedata/effectdata.xml	合作指挥官版起义狂潮\Mods\XM\XMAbathur.SC2Mod\Base.SC2Data\GameData\EffectData.xml
AbathurCritterMindControlSearch	CEffectEnumArea	mods/starcoop/starcoop.sc2mod/base.sc2data/gamedata/effectdata.xml	合作指挥官版起义狂潮\Mods\XM\XMAbathur.SC2Mod\Base.SC2Data\GameData\EffectData.xml
AbathurDeepTunnelCU	CEffectCreateUnit	mods/starcoop/starcoop.sc2mod/base.sc2data/gamedata/effectdata.xml	合作指挥官版起义狂潮\Mods\XM\XMAbathur.SC2Mod\Base.SC2Data\GameData\EffectData.xml
AbathurDeepTunnelPrecursor	CEffectApplyBehavior	mods/starcoop/starcoop.sc2mod/base.sc2data/gamedata/effectdata.xml	合作指挥官版起义狂潮\Mods\XM\XMAbathur.SC2Mod\Base.SC2Data\GameData\EffectData.xml
AbathurDeepTunnelTeleport	CEffectTeleport	mods/starcoop/starcoop.sc2mod/base.sc2data/gamedata/effectdata.xml	合作指挥官版起义狂潮\Mods\XM\XMAbathur.SC2Mod\Base.SC2Data\GameData\EffectData.xml
AbathurDeepTunnelTeleportSet	CEffectSet	mods/starcoop/starcoop.sc2mod/base.sc2data/gamedata/effectdata.xml	合作指挥官版起义狂潮\Mods\XM\XMAbathur.SC2Mod\Base.SC2Data\GameData\EffectData.xml
AbathurEggAnimationAB	CEffectApplyBehavior	mods/starcoop/starcoop.sc2mod/base.sc2data/gamedata/effectdata.xml	合作指挥官版起义狂潮\Mods\XM\XMAbathur.SC2Mod\Base.SC2Data\GameData\EffectData.xml
AbathurLocustCreateLMA	CEffectLaunchMissile	mods/starcoop/starcoop.sc2mod/base.sc2data/gamedata/effectdata.xml	合作指挥官版起义狂潮\Mods\XM\XMAbathur.SC2Mod\Base.SC2Data\GameData\EffectData.xml
AbathurLocustCreateLMB	CEffectLaunchMissile	mods/starcoop/starcoop.sc2mod/base.sc2data/gamedata/effectdata.xml	合作指挥官版起义狂潮\Mods\XM\XMAbathur.SC2Mod\Base.SC2Data\GameData\EffectData.xml
AbathurLocustCreateLMC	CEffectLaunchMissile	mods/starcoop/starcoop.sc2mod/base.sc2data/gamedata/effectdata.xml	合作指挥官版起义狂潮\Mods\XM\XMAbathur.SC2Mod\Base.SC2Data\GameData\EffectData.xml
AbathurLocustCreateLMImpactSetA	CEffectSet	mods/starcoop/starcoop.sc2mod/base.sc2data/gamedata/effectdata.xml	合作指挥官版起义狂潮\Mods\XM\XMAbathur.SC2Mod\Base.SC2Data\GameData\EffectData.xml
AbathurLocustCreateLMImpactSetB	CEffectSet	mods/starcoop/starcoop.sc2mod/base.sc2data/gamedata/effectdata.xml	合作指挥官版起义狂潮\Mods\XM\XMAbathur.SC2Mod\Base.SC2Data\GameData\EffectData.xml
AbathurLocustCreateLMImpactSetC	CEffectSet	mods/starcoop/starcoop.sc2mod/base.sc2data/gamedata/effectdata.xml	合作指挥官版起义狂潮\Mods\XM\XMAbathur.SC2Mod\Base.SC2Data\GameData\EffectData.xml
AbathurLocustCreateSet	CEffectSet	mods/starcoop/starcoop.sc2mod/base.sc2data/gamedata/effectdata.xml	合作指挥官版起义狂潮\Mods\XM\XMAbathur.SC2Mod\Base.SC2Data\GameData\EffectData.xml
AbathurLocustCreateSetA	CEffectSet	mods/starcoop/starcoop.sc2mod/base.sc2data/gamedata/effectdata.xml	合作指挥官版起义狂潮\Mods\XM\XMAbathur.SC2Mod\Base.SC2Data\GameData\EffectData.xml
AbathurLocustCreateSetB	CEffectSet	mods/starcoop/starcoop.sc2mod/base.sc2data/gamedata/effectdata.xml	合作指挥官版起义狂潮\Mods\XM\XMAbathur.SC2Mod\Base.SC2Data\GameData\EffectData.xml
AbathurLocustCreateSetC	CEffectSet	mods/starcoop/starcoop.sc2mod/base.sc2data/gamedata/effectdata.xml	合作指挥官版起义狂潮\Mods\XM\XMAbathur.SC2Mod\Base.SC2Data\GameData\EffectData.xml
AbathurLocustCreateUnitA	CEffectCreateUnit	mods/starcoop/starcoop.sc2mod/base.sc2data/gamedata/effectdata.xml	合作指挥官版起义狂潮\Mods\XM\XMAbathur.SC2Mod\Base.SC2Data\GameData\EffectData.xml
AbathurLocustCreateUnitB	CEffectCreateUnit	mods/starcoop/starcoop.sc2mod/base.sc2data/gamedata/effectdata.xml	合作指挥官版起义狂潮\Mods\XM\XMAbathur.SC2Mod\Base.SC2Data\GameData\EffectData.xml
AbathurLocustCreateUnitC	CEffectCreateUnit	mods/starcoop/starcoop.sc2mod/base.sc2data/gamedata/effectdata.xml	合作指挥官版起义狂潮\Mods\XM\XMAbathur.SC2Mod\Base.SC2Data\GameData\EffectData.xml
AbathurLocustIssueMorph	CEffectIssueOrder	mods/starcoop/starcoop.sc2mod/base.sc2data/gamedata/effectdata.xml	合作指挥官版起义狂潮\Mods\XM\XMAbathur.SC2Mod\Base.SC2Data\GameData\EffectData.xml
AbathurLocustRally	CEffectModifyUnit	mods/starcoop/starcoop.sc2mod/base.sc2data/gamedata/effectdata.xml	合作指挥官版起义狂潮\Mods\XM\XMAbathur.SC2Mod\Base.SC2Data\GameData\EffectData.xml
AbathurLocustReady	CEffectSet	mods/starcoop/starcoop.sc2mod/base.sc2data/gamedata/effectdata.xml	合作指挥官版起义狂潮\Mods\XM\XMAbathur.SC2Mod\Base.SC2Data\GameData\EffectData.xml
AbathurLocustStunAB	CEffectApplyBehavior	mods/starcoop/starcoop.sc2mod/base.sc2data/gamedata/effectdata.xml	合作指挥官版起义狂潮\Mods\XM\XMAbathur.SC2Mod\Base.SC2Data\GameData\EffectData.xml
AbathurLocustStunRB	CEffectRemoveBehavior	mods/starcoop/starcoop.sc2mod/base.sc2data/gamedata/effectdata.xml	合作指挥官版起义狂潮\Mods\XM\XMAbathur.SC2Mod\Base.SC2Data\GameData\EffectData.xml
AbathurLocustTimedLife	CEffectApplyBehavior	mods/starcoop/starcoop.sc2mod/base.sc2data/gamedata/effectdata.xml	合作指挥官版起义狂潮\Mods\XM\XMAbathur.SC2Mod\Base.SC2Data\GameData\EffectData.xml
AbathurMakePrecursorLocust	CEffectApplyBehavior	mods/starcoop/starcoop.sc2mod/base.sc2data/gamedata/effectdata.xml	合作指挥官版起义狂潮\Mods\XM\XMAbathur.SC2Mod\Base.SC2Data\GameData\EffectData.xml
AbathurMendAB	CEffectApplyBehavior	mods/starcoop/starcoop.sc2mod/base.sc2data/gamedata/effectdata.xml	合作指挥官版起义狂潮\Mods\XM\XMAbathur.SC2Mod\Base.SC2Data\GameData\EffectData.xml
AbathurMendHealInitialMU	CEffectModifyUnit	mods/starcoop/starcoop.sc2mod/base.sc2data/gamedata/effectdata.xml	合作指挥官版起义狂潮\Mods\XM\XMAbathur.SC2Mod\Base.SC2Data\GameData\EffectData.xml
AbathurMendHealSecondaryMU	CEffectModifyUnit	mods/starcoop/starcoop.sc2mod/base.sc2data/gamedata/effectdata.xml	合作指挥官版起义狂潮\Mods\XM\XMAbathur.SC2Mod\Base.SC2Data\GameData\EffectData.xml
AbathurMendInitialHealer	CEffectCreateHealer	mods/starcoop/starcoop.sc2mod/base.sc2data/gamedata/effectdata.xml	合作指挥官版起义狂潮\Mods\XM\XMAbathur.SC2Mod\Base.SC2Data\GameData\EffectData.xml
AbathurMendPeriodicHeal	CEffectApplyBehavior	mods/starcoop/starcoop.sc2mod/base.sc2data/gamedata/effectdata.xml	合作指挥官版起义狂潮\Mods\XM\XMAbathur.SC2Mod\Base.SC2Data\GameData\EffectData.xml
AbathurMendSearch	CEffectEnumArea	mods/starcoop/starcoop.sc2mod/base.sc2data/gamedata/effectdata.xml	合作指挥官版起义狂潮\Mods\XM\XMAbathur.SC2Mod\Base.SC2Data\GameData\EffectData.xml
AbathurMendSecondaryHealer	CEffectCreateHealer	mods/starcoop/starcoop.sc2mod/base.sc2data/gamedata/effectdata.xml	合作指挥官版起义狂潮\Mods\XM\XMAbathur.SC2Mod\Base.SC2Data\GameData\EffectData.xml
AbathurMendSet	CEffectSet	mods/starcoop/starcoop.sc2mod/base.sc2data/gamedata/effectdata.xml	合作指挥官版起义狂潮\Mods\XM\XMAbathur.SC2Mod\Base.SC2Data\GameData\EffectData.xml
AbathurMorphTimeCostReducedDisplayDummy	CEffectDamage	mods/starcoop/starcoop.sc2mod/base.sc2data/gamedata/effectdata.xml	合作指挥官版起义狂潮\Mods\XM\XMAbathur.SC2Mod\Base.SC2Data\GameData\EffectData.xml
AbathurRemovePrecursorLocust	CEffectRemoveBehavior	mods/starcoop/starcoop.sc2mod/base.sc2data/gamedata/effectdata.xml	合作指挥官版起义狂潮\Mods\XM\XMAbathur.SC2Mod\Base.SC2Data\GameData\EffectData.xml
AbathurThornsAuraSet	CEffectSet	mods/starcoop/starcoop.sc2mod/base.sc2data/gamedata/effectdata.xml	合作指挥官版起义狂潮\Mods\XM\XMAbathur.SC2Mod\Base.SC2Data\GameData\EffectData.xml
AbathurThornsDamage	CEffectDamage	mods/starcoop/starcoop.sc2mod/base.sc2data/gamedata/effectdata.xml	合作指挥官版起义狂潮\Mods\XM\XMAbathur.SC2Mod\Base.SC2Data\GameData\EffectData.xml
AbathurUltimateEvolutionCP	CEffectCreatePersistent	mods/starcoop/starcoop.sc2mod/base.sc2data/gamedata/effectdata.xml	合作指挥官版起义狂潮\Mods\XM\XMAbathur.SC2Mod\Base.SC2Data\GameData\EffectData.xml
AbathurUltimateEvolutionDummy	CEffectDamage	mods/starcoop/starcoop.sc2mod/base.sc2data/gamedata/effectdata.xml	合作指挥官版起义狂潮\Mods\XM\XMAbathur.SC2Mod\Base.SC2Data\GameData\EffectData.xml
AbathurUltimateEvolutionFinalSet	CEffectSet	mods/starcoop/starcoop.sc2mod/base.sc2data/gamedata/effectdata.xml	合作指挥官版起义狂潮\Mods\XM\XMAbathur.SC2Mod\Base.SC2Data\GameData\EffectData.xml
AbathurUltimateEvolutionSet	CEffectSet	mods/starcoop/starcoop.sc2mod/base.sc2data/gamedata/effectdata.xml	合作指挥官版起义狂潮\Mods\XM\XMAbathur.SC2Mod\Base.SC2Data\GameData\EffectData.xml
AbathurUltimateEvolutionTimedLifeAB	CEffectApplyBehavior	mods/starcoop/starcoop.sc2mod/base.sc2data/gamedata/effectdata.xml	合作指挥官版起义狂潮\Mods\XM\XMAbathur.SC2Mod\Base.SC2Data\GameData\EffectData.xml
AberrationArmorAuraSearch	CEffectEnumArea	mods/starcoop/starcoop.sc2mod/base.sc2data/gamedata/effectdata.xml	合作指挥官版起义狂潮\Mods\XM\XMAbathur.SC2Mod\Base.SC2Data\GameData\EffectData.xml
AllUnitBehaviorControllerSet	CEffectSet	mods/starcoop/starcoop.sc2mod/base.sc2data/gamedata/effectdata.xml	合作指挥官版起义狂潮\Mods\XM\XMAbathur.SC2Mod\Base.SC2Data\GameData\EffectData.xml
AllUnitBehaviorControllerSubset1	CEffectSet	mods/starcoop/starcoop.sc2mod/base.sc2data/gamedata/effectdata.xml	合作指挥官版起义狂潮\Mods\XM\XMAbathur.SC2Mod\Base.SC2Data\GameData\EffectData.xml
BiomassBuff10To100AB	CEffectApplyBehavior	mods/starcoop/starcoop.sc2mod/base.sc2data/gamedata/effectdata.xml	合作指挥官版起义狂潮\Mods\XM\XMAbathur.SC2Mod\Base.SC2Data\GameData\EffectData.xml
BiomassBuff10To100RB	CEffectRemoveBehavior	mods/starcoop/starcoop.sc2mod/base.sc2data/gamedata/effectdata.xml	合作指挥官版起义狂潮\Mods\XM\XMAbathur.SC2Mod\Base.SC2Data\GameData\EffectData.xml
BiomassBuff10To100Set	CEffectSet	mods/starcoop/starcoop.sc2mod/base.sc2data/gamedata/effectdata.xml	合作指挥官版起义狂潮\Mods\XM\XMAbathur.SC2Mod\Base.SC2Data\GameData\EffectData.xml
BiomassBuff10To100Switch	CEffectSwitch	mods/starcoop/starcoop.sc2mod/base.sc2data/gamedata/effectdata.xml	合作指挥官版起义狂潮\Mods\XM\XMAbathur.SC2Mod\Base.SC2Data\GameData\EffectData.xml
BiomassBuff1To10AB	CEffectApplyBehavior	mods/starcoop/starcoop.sc2mod/base.sc2data/gamedata/effectdata.xml	合作指挥官版起义狂潮\Mods\XM\XMAbathur.SC2Mod\Base.SC2Data\GameData\EffectData.xml
BiomassBuff1To10RB	CEffectRemoveBehavior	mods/starcoop/starcoop.sc2mod/base.sc2data/gamedata/effectdata.xml	合作指挥官版起义狂潮\Mods\XM\XMAbathur.SC2Mod\Base.SC2Data\GameData\EffectData.xml
BiomassBuff1To10Set	CEffectSet	mods/starcoop/starcoop.sc2mod/base.sc2data/gamedata/effectdata.xml	合作指挥官版起义狂潮\Mods\XM\XMAbathur.SC2Mod\Base.SC2Data\GameData\EffectData.xml
BiomassBuff1To10Switch	CEffectSwitch	mods/starcoop/starcoop.sc2mod/base.sc2data/gamedata/effectdata.xml	合作指挥官版起义狂潮\Mods\XM\XMAbathur.SC2Mod\Base.SC2Data\GameData\EffectData.xml
BiomassCreatedDummy	CEffectModifyUnit	mods/starcoop/starcoop.sc2mod/base.sc2data/gamedata/effectdata.xml	合作指挥官版起义狂潮\Mods\XM\XMAbathur.SC2Mod\Base.SC2Data\GameData\EffectData.xml
BiomassPickup	CEffectSet	mods/starcoop/starcoop.sc2mod/base.sc2data/gamedata/effectdata.xml	合作指挥官版起义狂潮\Mods\XM\XMAbathur.SC2Mod\Base.SC2Data\GameData\EffectData.xml
BiomassPickupDummy	CEffectModifyUnit	mods/starcoop/starcoop.sc2mod/base.sc2data/gamedata/effectdata.xml	合作指挥官版起义狂潮\Mods\XM\XMAbathur.SC2Mod\Base.SC2Data\GameData\EffectData.xml
BiomassPickupFullImpact	CEffectModifyUnit	mods/starcoop/starcoop.sc2mod/base.sc2data/gamedata/effectdata.xml	合作指挥官版起义狂潮\Mods\XM\XMAbathur.SC2Mod\Base.SC2Data\GameData\EffectData.xml
BiomassPickupFullLM	CEffectLaunchMissile	mods/starcoop/starcoop.sc2mod/base.sc2data/gamedata/effectdata.xml	合作指挥官版起义狂潮\Mods\XM\XMAbathur.SC2Mod\Base.SC2Data\GameData\EffectData.xml
BiomassPickupImpact	CEffectModifyUnit	mods/starcoop/starcoop.sc2mod/base.sc2data/gamedata/effectdata.xml	合作指挥官版起义狂潮\Mods\XM\XMAbathur.SC2Mod\Base.SC2Data\GameData\EffectData.xml
BiomassPickupLM	CEffectLaunchMissile	mods/starcoop/starcoop.sc2mod/base.sc2data/gamedata/effectdata.xml	合作指挥官版起义狂潮\Mods\XM\XMAbathur.SC2Mod\Base.SC2Data\GameData\EffectData.xml
BiomassPickupMarked	CEffectSet	mods/starcoop/starcoop.sc2mod/base.sc2data/gamedata/effectdata.xml	合作指挥官版起义狂潮\Mods\XM\XMAbathur.SC2Mod\Base.SC2Data\GameData\EffectData.xml
BiomassTargetMark	CEffectSet	mods/starcoop/starcoop.sc2mod/base.sc2data/gamedata/effectdata.xml	合作指挥官版起义狂潮\Mods\XM\XMAbathur.SC2Mod\Base.SC2Data\GameData\EffectData.xml
BiomassTargetMarkAB	CEffectApplyBehavior	mods/starcoop/starcoop.sc2mod/base.sc2data/gamedata/effectdata.xml	合作指挥官版起义狂潮\Mods\XM\XMAbathur.SC2Mod\Base.SC2Data\GameData\EffectData.xml
BiomassTargetMarkRB	CEffectRemoveBehavior	mods/starcoop/starcoop.sc2mod/base.sc2data/gamedata/effectdata.xml	合作指挥官版起义狂潮\Mods\XM\XMAbathur.SC2Mod\Base.SC2Data\GameData\EffectData.xml
BiomassTargetMarkSwitch	CEffectSwitch	mods/starcoop/starcoop.sc2mod/base.sc2data/gamedata/effectdata.xml	合作指挥官版起义狂潮\Mods\XM\XMAbathur.SC2Mod\Base.SC2Data\GameData\EffectData.xml
BiomassTimedLifeAB	CEffectApplyBehavior	mods/starcoop/starcoop.sc2mod/base.sc2data/gamedata/effectdata.xml	合作指挥官版起义狂潮\Mods\XM\XMAbathur.SC2Mod\Base.SC2Data\GameData\EffectData.xml
BiomassTimedLifeWarning	CEffectSet	mods/starcoop/starcoop.sc2mod/base.sc2data/gamedata/effectdata.xml	合作指挥官版起义狂潮\Mods\XM\XMAbathur.SC2Mod\Base.SC2Data\GameData\EffectData.xml
BrokenSolarForgeIssueOrder	CEffectIssueOrder	mods/starcoop/starcoop.sc2mod/base.sc2data/gamedata/effectdata.xml	合作指挥官版起义狂潮\Mods\XM\XMAbathur.SC2Mod\Base.SC2Data\GameData\EffectData.xml
BrutaliskDeepTunnelCU	CEffectCreateUnit	mods/starcoop/starcoop.sc2mod/base.sc2data/gamedata/effectdata.xml	合作指挥官版起义狂潮\Mods\XM\XMAbathur.SC2Mod\Base.SC2Data\GameData\EffectData.xml
BrutaliskDeepTunnelTeleport	CEffectTeleport	mods/starcoop/starcoop.sc2mod/base.sc2data/gamedata/effectdata.xml	合作指挥官版起义狂潮\Mods\XM\XMAbathur.SC2Mod\Base.SC2Data\GameData\EffectData.xml
BrutaliskDeepTunnelTeleportSet	CEffectSet	mods/starcoop/starcoop.sc2mod/base.sc2data/gamedata/effectdata.xml	合作指挥官版起义狂潮\Mods\XM\XMAbathur.SC2Mod\Base.SC2Data\GameData\EffectData.xml
BrutaliskWeaponSearch	CEffectEnumArea	mods/starcoop/starcoop.sc2mod/base.sc2data/gamedata/effectdata.xml	合作指挥官版起义狂潮\Mods\XM\XMAbathur.SC2Mod\Base.SC2Data\GameData\EffectData.xml
BrutalizeDamage	CEffectDamage	mods/starcoop/starcoop.sc2mod/base.sc2data/gamedata/effectdata.xml	合作指挥官版起义狂潮\Mods\XM\XMAbathur.SC2Mod\Base.SC2Data\GameData\EffectData.xml
ChronoFieldBlackOpsSet	CEffectSet	mods/starcoop/starcoop.sc2mod/base.sc2data/gamedata/effectdata.xml	合作指挥官版起义狂潮\Mods\XM\XMAbathur.SC2Mod\Base.SC2Data\GameData\EffectData.xml
CommanderPrestigeVorazunTimeStop	CEffectSet	mods/starcoop/starcoop.sc2mod/base.sc2data/gamedata/effectdata.xml	合作指挥官版起义狂潮\Mods\XM\XMAbathur.SC2Mod\Base.SC2Data\GameData\EffectData.xml
CoopGlaiveWurmU2	CEffectDamage	mods/starcoop/starcoop.sc2mod/base.sc2data/gamedata/effectdata.xml	合作指挥官版起义狂潮\Mods\XM\XMAbathur.SC2Mod\Base.SC2Data\GameData\EffectData.xml
CoopGlaiveWurmU3	CEffectDamage	mods/starcoop/starcoop.sc2mod/base.sc2data/gamedata/effectdata.xml	合作指挥官版起义狂潮\Mods\XM\XMAbathur.SC2Mod\Base.SC2Data\GameData\EffectData.xml
CoopGlaiveWurmU4	CEffectDamage	mods/starcoop/starcoop.sc2mod/base.sc2data/gamedata/effectdata.xml	合作指挥官版起义狂潮\Mods\XM\XMAbathur.SC2Mod\Base.SC2Data\GameData\EffectData.xml
CoopGlaiveWurmU5	CEffectDamage	mods/starcoop/starcoop.sc2mod/base.sc2data/gamedata/effectdata.xml	合作指挥官版起义狂潮\Mods\XM\XMAbathur.SC2Mod\Base.SC2Data\GameData\EffectData.xml
CoopGlaiveWurmU6	CEffectDamage	mods/starcoop/starcoop.sc2mod/base.sc2data/gamedata/effectdata.xml	合作指挥官版起义狂潮\Mods\XM\XMAbathur.SC2Mod\Base.SC2Data\GameData\EffectData.xml
CopyAutoCast	CEffectModifyUnit	mods/starcoop/starcoop.sc2mod/base.sc2data/gamedata/effectdata.xml	合作指挥官版起义狂潮\Mods\XM\XMAbathur.SC2Mod\Base.SC2Data\GameData\EffectData.xml
CopyOrdersRavagerMorph	CEffectModifyUnit	mods/starcoop/starcoop.sc2mod/base.sc2data/gamedata/effectdata.xml	合作指挥官版起义狂潮\Mods\XM\XMAbathur.SC2Mod\Base.SC2Data\GameData\EffectData.xml
CorrosiveAcidInitialSet	CEffectSet	mods/starcoop/starcoop.sc2mod/base.sc2data/gamedata/effectdata.xml	合作指挥官版起义狂潮\Mods\XM\XMAbathur.SC2Mod\Base.SC2Data\GameData\EffectData.xml
CorrosiveAcidLM	CEffectLaunchMissile	mods/starcoop/starcoop.sc2mod/base.sc2data/gamedata/effectdata.xml	合作指挥官版起义狂潮\Mods\XM\XMAbathur.SC2Mod\Base.SC2Data\GameData\EffectData.xml
CorrosiveAcidSearch	CEffectEnumArea	mods/starcoop/starcoop.sc2mod/base.sc2data/gamedata/effectdata.xml	合作指挥官版起义狂潮\Mods\XM\XMAbathur.SC2Mod\Base.SC2Data\GameData\EffectData.xml
CorrosiveAcidSet	CEffectSet	mods/starcoop/starcoop.sc2mod/base.sc2data/gamedata/effectdata.xml	合作指挥官版起义狂潮\Mods\XM\XMAbathur.SC2Mod\Base.SC2Data\GameData\EffectData.xml
CreateSymbioteAB	CEffectApplyBehavior	mods/starcoop/starcoop.sc2mod/base.sc2data/gamedata/effectdata.xml	合作指挥官版起义狂潮\Mods\XM\XMAbathur.SC2Mod\Base.SC2Data\GameData\EffectData.xml
CreateSymbioteCarapaceAB	CEffectApplyBehavior	mods/starcoop/starcoop.sc2mod/base.sc2data/gamedata/effectdata.xml	合作指挥官版起义狂潮\Mods\XM\XMAbathur.SC2Mod\Base.SC2Data\GameData\EffectData.xml
CreateSymbiotesSearch	CEffectEnumArea	mods/starcoop/starcoop.sc2mod/base.sc2data/gamedata/effectdata.xml	合作指挥官版起义狂潮\Mods\XM\XMAbathur.SC2Mod\Base.SC2Data\GameData\EffectData.xml
CreateSymbiotesSet	CEffectSet	mods/starcoop/starcoop.sc2mod/base.sc2data/gamedata/effectdata.xml	合作指挥官版起义狂潮\Mods\XM\XMAbathur.SC2Mod\Base.SC2Data\GameData\EffectData.xml
DehakaConsumeImpactEatDamageReal	CEffectDamage	mods/starcoop/starcoop.sc2mod/base.sc2data/gamedata/effectdata.xml	合作指挥官版起义狂潮\Mods\XM\XMAbathur.SC2Mod\Base.SC2Data\GameData\EffectData.xml
DehakaStompDamageC	CEffectDamage	mods/starcoop/starcoop.sc2mod/base.sc2data/gamedata/effectdata.xml	合作指挥官版起义狂潮\Mods\XM\XMAbathur.SC2Mod\Base.SC2Data\GameData\EffectData.xml
EvolveBrutaliskCP	CEffectCreatePersistent	mods/starcoop/starcoop.sc2mod/base.sc2data/gamedata/effectdata.xml	合作指挥官版起义狂潮\Mods\XM\XMAbathur.SC2Mod\Base.SC2Data\GameData\EffectData.xml
EvolveBrutaliskCreateUnit	CEffectCreateUnit	mods/starcoop/starcoop.sc2mod/base.sc2data/gamedata/effectdata.xml	合作指挥官版起义狂潮\Mods\XM\XMAbathur.SC2Mod\Base.SC2Data\GameData\EffectData.xml
EvolveBrutaliskFinalSet	CEffectSet	mods/starcoop/starcoop.sc2mod/base.sc2data/gamedata/effectdata.xml	合作指挥官版起义狂潮\Mods\XM\XMAbathur.SC2Mod\Base.SC2Data\GameData\EffectData.xml
EvolveBrutaliskSet	CEffectSet	mods/starcoop/starcoop.sc2mod/base.sc2data/gamedata/effectdata.xml	合作指挥官版起义狂潮\Mods\XM\XMAbathur.SC2Mod\Base.SC2Data\GameData\EffectData.xml
EvolveBrutaliskTimedLifeAB	CEffectApplyBehavior	mods/starcoop/starcoop.sc2mod/base.sc2data/gamedata/effectdata.xml	合作指挥官版起义狂潮\Mods\XM\XMAbathur.SC2Mod\Base.SC2Data\GameData\EffectData.xml
FenixThunderousChargeCoopDamage	CEffectDamage	mods/starcoop/starcoop.sc2mod/base.sc2data/gamedata/effectdata.xml	合作指挥官版起义狂潮\Mods\XM\XMAbathur.SC2Mod\Base.SC2Data\GameData\EffectData.xml
GenerateCreepHealingAB	CEffectApplyBehavior	mods/starcoop/starcoop.sc2mod/base.sc2data/gamedata/effectdata.xml	合作指挥官版起义狂潮\Mods\XM\XMAbathur.SC2Mod\Base.SC2Data\GameData\EffectData.xml
GenerateCreepHealingSE	CEffectEnumArea	mods/starcoop/starcoop.sc2mod/base.sc2data/gamedata/effectdata.xml	合作指挥官版起义狂潮\Mods\XM\XMAbathur.SC2Mod\Base.SC2Data\GameData\EffectData.xml
GlaiveWurmU1	CEffectDamage	mods/starcoop/starcoop.sc2mod/base.sc2data/gamedata/effectdata.xml	合作指挥官版起义狂潮\Mods\XM\XMAbathur.SC2Mod\Base.SC2Data\GameData\EffectData.xml
GrantBiomass	CEffectModifyPlayer	mods/starcoop/starcoop.sc2mod/base.sc2data/gamedata/effectdata.xml	合作指挥官版起义狂潮\Mods\XM\XMAbathur.SC2Mod\Base.SC2Data\GameData\EffectData.xml
heal	CEffectCreateHealer	mods/starcoop/starcoop.sc2mod/base.sc2data/gamedata/effectdata.xml	合作指挥官版起义狂潮\Mods\XM\XMAbathur.SC2Mod\Base.SC2Data\GameData\EffectData.xml
HornerStunResistanceAB	CEffectApplyBehavior	mods/starcoop/starcoop.sc2mod/base.sc2data/gamedata/effectdata.xml	合作指挥官版起义狂潮\Mods\XM\XMAbathur.SC2Mod\Base.SC2Data\GameData\EffectData.xml
HotSSwarmlingClaws	CEffectSet	mods/starcoop/starcoop.sc2mod/base.sc2data/gamedata/effectdata.xml	合作指挥官版起义狂潮\Mods\XM\XMAbathur.SC2Mod\Base.SC2Data\GameData\EffectData.xml
KelMorianAutoTurret	CEffectDamage	mods/starcoop/starcoop.sc2mod/base.sc2data/gamedata/effectdata.xml	合作指挥官版起义狂潮\Mods\XM\XMAbathur.SC2Mod\Base.SC2Data\GameData\EffectData.xml
KelMorianRocketTurret	CEffectDamage	mods/starcoop/starcoop.sc2mod/base.sc2data/gamedata/effectdata.xml	合作指挥官版起义狂潮\Mods\XM\XMAbathur.SC2Mod\Base.SC2Data\GameData\EffectData.xml
LeviathanGroundAttackDamage	CEffectDamage	mods/starcoop/starcoop.sc2mod/base.sc2data/gamedata/effectdata.xml	合作指挥官版起义狂潮\Mods\XM\XMAbathur.SC2Mod\Base.SC2Data\GameData\EffectData.xml
LeviathanGroundAttackLaunchMissileA	CEffectLaunchMissile	mods/starcoop/starcoop.sc2mod/base.sc2data/gamedata/effectdata.xml	合作指挥官版起义狂潮\Mods\XM\XMAbathur.SC2Mod\Base.SC2Data\GameData\EffectData.xml
LeviathanGroundAttackLaunchMissileB	CEffectLaunchMissile	mods/starcoop/starcoop.sc2mod/base.sc2data/gamedata/effectdata.xml	合作指挥官版起义狂潮\Mods\XM\XMAbathur.SC2Mod\Base.SC2Data\GameData\EffectData.xml
LeviathanGroundAttackLaunchMissileC	CEffectLaunchMissile	mods/starcoop/starcoop.sc2mod/base.sc2data/gamedata/effectdata.xml	合作指挥官版起义狂潮\Mods\XM\XMAbathur.SC2Mod\Base.SC2Data\GameData\EffectData.xml
LeviathanGroundAttackLaunchMissileD	CEffectLaunchMissile	mods/starcoop/starcoop.sc2mod/base.sc2data/gamedata/effectdata.xml	合作指挥官版起义狂潮\Mods\XM\XMAbathur.SC2Mod\Base.SC2Data\GameData\EffectData.xml
MapObjectInteract	CEffectSwitch	mods/starcoop/starcoop.sc2mod/base.sc2data/gamedata/effectdata.xml	合作指挥官版起义狂潮\Mods\XM\XMAbathur.SC2Mod\Base.SC2Data\GameData\EffectData.xml
MasteryAbathurBiomassRefundonDeathDisplayDummy	CEffectDamage	mods/starcoop/starcoop.sc2mod/base.sc2data/gamedata/effectdata.xml	合作指挥官版起义狂潮\Mods\XM\XMAbathur.SC2Mod\Base.SC2Data\GameData\EffectData.xml
MasteryAbathurDoubleBiomassDisplayDummy	CEffectDamage	mods/starcoop/starcoop.sc2mod/base.sc2data/gamedata/effectdata.xml	合作指挥官版起义狂潮\Mods\XM\XMAbathur.SC2Mod\Base.SC2Data\GameData\EffectData.xml
MasteryAbathurSymbioteCarapaceAbsorbtionDisplayDummy	CEffectDamage	mods/starcoop/starcoop.sc2mod/base.sc2data/gamedata/effectdata.xml	合作指挥官版起义狂潮\Mods\XM\XMAbathur.SC2Mod\Base.SC2Data\GameData\EffectData.xml
MasteryAbathurSymbioteCDRDisplayDummy	CEffectDamage	mods/starcoop/starcoop.sc2mod/base.sc2data/gamedata/effectdata.xml	合作指挥官版起义狂潮\Mods\XM\XMAbathur.SC2Mod\Base.SC2Data\GameData\EffectData.xml
MasteryAbathurToxicNestRespawn	CEffectCreateUnit	mods/starcoop/starcoop.sc2mod/base.sc2data/gamedata/effectdata.xml	合作指挥官版起义狂潮\Mods\XM\XMAbathur.SC2Mod\Base.SC2Data\GameData\EffectData.xml
MasteryNovaArmyOOCRegenSpeedAB	CEffectApplyBehavior	mods/starcoop/starcoop.sc2mod/base.sc2data/gamedata/effectdata.xml	合作指挥官版起义狂潮\Mods\XM\XMAbathur.SC2Mod\Base.SC2Data\GameData\EffectData.xml
MedicHealACSwitch	CEffectSwitch	mods/starcoop/starcoop.sc2mod/base.sc2data/gamedata/effectdata.xml	合作指挥官版起义狂潮\Mods\XM\XMAbathur.SC2Mod\Base.SC2Data\GameData\EffectData.xml
MutatorRemoveWorkerSleep	CEffectRemoveBehavior	mods/starcoop/starcoop.sc2mod/base.sc2data/gamedata/effectdata.xml	合作指挥官版起义狂潮\Mods\XM\XMAbathur.SC2Mod\Base.SC2Data\GameData\EffectData.xml
NovaStunResistanceAB	CEffectApplyBehavior	mods/starcoop/starcoop.sc2mod/base.sc2data/gamedata/effectdata.xml	合作指挥官版起义狂潮\Mods\XM\XMAbathur.SC2Mod\Base.SC2Data\GameData\EffectData.xml
OnDeathControllerDeathPreventAB	CEffectApplyBehavior	mods/starcoop/starcoop.sc2mod/base.sc2data/gamedata/effectdata.xml	合作指挥官版起义狂潮\Mods\XM\XMAbathur.SC2Mod\Base.SC2Data\GameData\EffectData.xml
PsiStrikeWalk	CEffectSet	mods/starcoop/starcoop.sc2mod/base.sc2data/gamedata/effectdata.xml	合作指挥官版起义狂潮\Mods\XM\XMAbathur.SC2Mod\Base.SC2Data\GameData\EffectData.xml
QueenBurstHeal	CEffectModifyUnit	mods/starcoop/starcoop.sc2mod/base.sc2data/gamedata/effectdata.xml	合作指挥官版起义狂潮\Mods\XM\XMAbathur.SC2Mod\Base.SC2Data\GameData\EffectData.xml
QueenBurstHealApplyBehavior	CEffectApplyBehavior	mods/starcoop/starcoop.sc2mod/base.sc2data/gamedata/effectdata.xml	合作指挥官版起义狂潮\Mods\XM\XMAbathur.SC2Mod\Base.SC2Data\GameData\EffectData.xml
QueenMPEnsnareSearch	CEffectEnumArea	mods/starcoop/starcoop.sc2mod/base.sc2data/gamedata/effectdata.xml	合作指挥官版起义狂潮\Mods\XM\XMAbathur.SC2Mod\Base.SC2Data\GameData\EffectData.xml
RavagerCorrosiveBileAoeCP	CEffectCreatePersistent	mods/starcoop/starcoop.sc2mod/base.sc2data/gamedata/effectdata.xml	合作指挥官版起义狂潮\Mods\XM\XMAbathur.SC2Mod\Base.SC2Data\GameData\EffectData.xml
RavagerCorrosiveBileAoeCursorDummy	CEffectEnumArea	mods/starcoop/starcoop.sc2mod/base.sc2data/gamedata/effectdata.xml	合作指挥官版起义狂潮\Mods\XM\XMAbathur.SC2Mod\Base.SC2Data\GameData\EffectData.xml
RavagerCorrosiveBileAoeDamage	CEffectDamage	mods/starcoop/starcoop.sc2mod/base.sc2data/gamedata/effectdata.xml	合作指挥官版起义狂潮\Mods\XM\XMAbathur.SC2Mod\Base.SC2Data\GameData\EffectData.xml
RavagerCorrosiveBileAoeLaunchSet	CEffectSet	mods/starcoop/starcoop.sc2mod/base.sc2data/gamedata/effectdata.xml	合作指挥官版起义狂潮\Mods\XM\XMAbathur.SC2Mod\Base.SC2Data\GameData\EffectData.xml
RavagerCorrosiveBileAoeSearch	CEffectEnumArea	mods/starcoop/starcoop.sc2mod/base.sc2data/gamedata/effectdata.xml	合作指挥官版起义狂潮\Mods\XM\XMAbathur.SC2Mod\Base.SC2Data\GameData\EffectData.xml
RavagerCorrosiveBileAoeWarningDummySearch	CEffectEnumArea	mods/starcoop/starcoop.sc2mod/base.sc2data/gamedata/effectdata.xml	合作指挥官版起义狂潮\Mods\XM\XMAbathur.SC2Mod\Base.SC2Data\GameData\EffectData.xml
SIQueenFungalGrowthSearch	CEffectEnumArea	mods/starcoop/starcoop.sc2mod/base.sc2data/gamedata/effectdata.xml	合作指挥官版起义狂潮\Mods\XM\XMAbathur.SC2Mod\Base.SC2Data\GameData\EffectData.xml
SIQueenFungalGrowthSet	CEffectSet	mods/starcoop/starcoop.sc2mod/base.sc2data/gamedata/effectdata.xml	合作指挥官版起义狂潮\Mods\XM\XMAbathur.SC2Mod\Base.SC2Data\GameData\EffectData.xml
SOAMapWideChronoPassiveTarget	CEffectApplyBehavior	mods/starcoop/starcoop.sc2mod/base.sc2data/gamedata/effectdata.xml	合作指挥官版起义狂潮\Mods\XM\XMAbathur.SC2Mod\Base.SC2Data\GameData\EffectData.xml
SpawnLarvaSet	CEffectSet	mods/starcoop/starcoop.sc2mod/base.sc2data/gamedata/effectdata.xml	合作指挥官版起义狂潮\Mods\XM\XMAbathur.SC2Mod\Base.SC2Data\GameData\EffectData.xml
SpawnMutantLarvaHiddenAB	CEffectApplyBehavior	mods/starcoop/starcoop.sc2mod/base.sc2data/gamedata/effectdata.xml	合作指挥官版起义狂潮\Mods\XM\XMAbathur.SC2Mod\Base.SC2Data\GameData\EffectData.xml
SwarmQueenTalons	CEffectDamage	mods/starcoop/starcoop.sc2mod/base.sc2data/gamedata/effectdata.xml	合作指挥官版起义狂潮\Mods\XM\XMAbathur.SC2Mod\Base.SC2Data\GameData\EffectData.xml
SwarmQueenTalonsBurst	CEffectCreatePersistent	mods/starcoop/starcoop.sc2mod/base.sc2data/gamedata/effectdata.xml	合作指挥官版起义狂潮\Mods\XM\XMAbathur.SC2Mod\Base.SC2Data\GameData\EffectData.xml
SymbAttachNew	CEffectEnumArea	mods/starcoop/starcoop.sc2mod/base.sc2data/gamedata/effectdata.xml	合作指挥官版起义狂潮\Mods\XM\XMAbathur.SC2Mod\Base.SC2Data\GameData\EffectData.xml
SymbAttachNewSet	CEffectSet	mods/starcoop/starcoop.sc2mod/base.sc2data/gamedata/effectdata.xml	合作指挥官版起义狂潮\Mods\XM\XMAbathur.SC2Mod\Base.SC2Data\GameData\EffectData.xml
SymbAttachSet	CEffectSet	mods/starcoop/starcoop.sc2mod/base.sc2data/gamedata/effectdata.xml	合作指挥官版起义狂潮\Mods\XM\XMAbathur.SC2Mod\Base.SC2Data\GameData\EffectData.xml
SymbAttachTeleport	CEffectTeleport	mods/starcoop/starcoop.sc2mod/base.sc2data/gamedata/effectdata.xml	合作指挥官版起义狂潮\Mods\XM\XMAbathur.SC2Mod\Base.SC2Data\GameData\EffectData.xml
SymbAttachTeleportCP	CEffectCreatePersistent	mods/starcoop/starcoop.sc2mod/base.sc2data/gamedata/effectdata.xml	合作指挥官版起义狂潮\Mods\XM\XMAbathur.SC2Mod\Base.SC2Data\GameData\EffectData.xml
SymbAttachTeleportCPDestroy	CEffectDestroyPersistent	mods/starcoop/starcoop.sc2mod/base.sc2data/gamedata/effectdata.xml	合作指挥官版起义狂潮\Mods\XM\XMAbathur.SC2Mod\Base.SC2Data\GameData\EffectData.xml
SymbAttachTeleportSwitch	CEffectSwitch	mods/starcoop/starcoop.sc2mod/base.sc2data/gamedata/effectdata.xml	合作指挥官版起义狂潮\Mods\XM\XMAbathur.SC2Mod\Base.SC2Data\GameData\EffectData.xml
SymbioteAdrenalineBoostAuraSearch	CEffectEnumArea	mods/starcoop/starcoop.sc2mod/base.sc2data/gamedata/effectdata.xml	合作指挥官版起义狂潮\Mods\XM\XMAbathur.SC2Mod\Base.SC2Data\GameData\EffectData.xml
SymbioteAdrenalineBoostAuraTargetAB	CEffectApplyBehavior	mods/starcoop/starcoop.sc2mod/base.sc2data/gamedata/effectdata.xml	合作指挥官版起义狂潮\Mods\XM\XMAbathur.SC2Mod\Base.SC2Data\GameData\EffectData.xml
SymbioteAimLockAB	CEffectApplyBehavior	mods/starcoop/starcoop.sc2mod/base.sc2data/gamedata/effectdata.xml	合作指挥官版起义狂潮\Mods\XM\XMAbathur.SC2Mod\Base.SC2Data\GameData\EffectData.xml
SymbioteAimLockDummy	CEffectDamage	mods/starcoop/starcoop.sc2mod/base.sc2data/gamedata/effectdata.xml	合作指挥官版起义狂潮\Mods\XM\XMAbathur.SC2Mod\Base.SC2Data\GameData\EffectData.xml
SymbioteAimLockResetFacing	CEffectModifyUnit	mods/starcoop/starcoop.sc2mod/base.sc2data/gamedata/effectdata.xml	合作指挥官版起义狂潮\Mods\XM\XMAbathur.SC2Mod\Base.SC2Data\GameData\EffectData.xml
SymbioteAutoDamage	CEffectDamage	mods/starcoop/starcoop.sc2mod/base.sc2data/gamedata/effectdata.xml	合作指挥官版起义狂潮\Mods\XM\XMAbathur.SC2Mod\Base.SC2Data\GameData\EffectData.xml
SymbioteAutoStabLM	CEffectLaunchMissile	mods/starcoop/starcoop.sc2mod/base.sc2data/gamedata/effectdata.xml	合作指挥官版起义狂潮\Mods\XM\XMAbathur.SC2Mod\Base.SC2Data\GameData\EffectData.xml
SymbioteAutoStabSearch	CEffectEnumArea	mods/starcoop/starcoop.sc2mod/base.sc2data/gamedata/effectdata.xml	合作指挥官版起义狂潮\Mods\XM\XMAbathur.SC2Mod\Base.SC2Data\GameData\EffectData.xml
SymbioteCarapaceAB	CEffectApplyBehavior	mods/starcoop/starcoop.sc2mod/base.sc2data/gamedata/effectdata.xml	合作指挥官版起义狂潮\Mods\XM\XMAbathur.SC2Mod\Base.SC2Data\GameData\EffectData.xml
SymbioteCarapaceAOEAB	CEffectApplyBehavior	mods/starcoop/starcoop.sc2mod/base.sc2data/gamedata/effectdata.xml	合作指挥官版起义狂潮\Mods\XM\XMAbathur.SC2Mod\Base.SC2Data\GameData\EffectData.xml
SymbioteCarapaceSearch	CEffectEnumArea	mods/starcoop/starcoop.sc2mod/base.sc2data/gamedata/effectdata.xml	合作指挥官版起义狂潮\Mods\XM\XMAbathur.SC2Mod\Base.SC2Data\GameData\EffectData.xml
SymbioteCarapaceSet	CEffectSet	mods/starcoop/starcoop.sc2mod/base.sc2data/gamedata/effectdata.xml	合作指挥官版起义狂潮\Mods\XM\XMAbathur.SC2Mod\Base.SC2Data\GameData\EffectData.xml
SymbioteCarapaceTauntAB	CEffectApplyBehavior	mods/starcoop/starcoop.sc2mod/base.sc2data/gamedata/effectdata.xml	合作指挥官版起义狂潮\Mods\XM\XMAbathur.SC2Mod\Base.SC2Data\GameData\EffectData.xml
SymbioteCarapaceTauntInvulAB	CEffectApplyBehavior	mods/starcoop/starcoop.sc2mod/base.sc2data/gamedata/effectdata.xml	合作指挥官版起义狂潮\Mods\XM\XMAbathur.SC2Mod\Base.SC2Data\GameData\EffectData.xml
SymbioteCarapaceTauntInvulSearch	CEffectEnumArea	mods/starcoop/starcoop.sc2mod/base.sc2data/gamedata/effectdata.xml	合作指挥官版起义狂潮\Mods\XM\XMAbathur.SC2Mod\Base.SC2Data\GameData\EffectData.xml
SymbioteCreateSet	CEffectSet	mods/starcoop/starcoop.sc2mod/base.sc2data/gamedata/effectdata.xml	合作指挥官版起义狂潮\Mods\XM\XMAbathur.SC2Mod\Base.SC2Data\GameData\EffectData.xml
SymbioteMoveSuggest	CEffectCreatePersistent	mods/starcoop/starcoop.sc2mod/base.sc2data/gamedata/effectdata.xml	合作指挥官版起义狂潮\Mods\XM\XMAbathur.SC2Mod\Base.SC2Data\GameData\EffectData.xml
SymbioteMoveSuggestIssue	CEffectIssueOrder	mods/starcoop/starcoop.sc2mod/base.sc2data/gamedata/effectdata.xml	合作指挥官版起义狂潮\Mods\XM\XMAbathur.SC2Mod\Base.SC2Data\GameData\EffectData.xml
SymbioteMoveSuggestIssueOrderSearch	CEffectEnumArea	mods/starcoop/starcoop.sc2mod/base.sc2data/gamedata/effectdata.xml	合作指挥官版起义狂潮\Mods\XM\XMAbathur.SC2Mod\Base.SC2Data\GameData\EffectData.xml
SymbioteRecall	CEffectApplyBehavior	mods/starcoop/starcoop.sc2mod/base.sc2data/gamedata/effectdata.xml	合作指挥官版起义狂潮\Mods\XM\XMAbathur.SC2Mod\Base.SC2Data\GameData\EffectData.xml
SymbioteRecallPush	CEffectApplyForce	mods/starcoop/starcoop.sc2mod/base.sc2data/gamedata/effectdata.xml	合作指挥官版起义狂潮\Mods\XM\XMAbathur.SC2Mod\Base.SC2Data\GameData\EffectData.xml
SymbioteRecallSet	CEffectSet	mods/starcoop/starcoop.sc2mod/base.sc2data/gamedata/effectdata.xml	合作指挥官版起义狂潮\Mods\XM\XMAbathur.SC2Mod\Base.SC2Data\GameData\EffectData.xml
SymbioteRecallTeleport	CEffectTeleport	mods/starcoop/starcoop.sc2mod/base.sc2data/gamedata/effectdata.xml	合作指挥官版起义狂潮\Mods\XM\XMAbathur.SC2Mod\Base.SC2Data\GameData\EffectData.xml
SymbioteSpikeBurstDamage	CEffectDamage	mods/starcoop/starcoop.sc2mod/base.sc2data/gamedata/effectdata.xml	合作指挥官版起义狂潮\Mods\XM\XMAbathur.SC2Mod\Base.SC2Data\GameData\EffectData.xml
SymbioteSpikeBurstSearch	CEffectEnumArea	mods/starcoop/starcoop.sc2mod/base.sc2data/gamedata/effectdata.xml	合作指挥官版起义狂潮\Mods\XM\XMAbathur.SC2Mod\Base.SC2Data\GameData\EffectData.xml
SymbioteSpikeBurstSet	CEffectSet	mods/starcoop/starcoop.sc2mod/base.sc2data/gamedata/effectdata.xml	合作指挥官版起义狂潮\Mods\XM\XMAbathur.SC2Mod\Base.SC2Data\GameData\EffectData.xml
SymbioteStabController	CEffectApplyBehavior	mods/starcoop/starcoop.sc2mod/base.sc2data/gamedata/effectdata.xml	合作指挥官版起义狂潮\Mods\XM\XMAbathur.SC2Mod\Base.SC2Data\GameData\EffectData.xml
SymbioteStabDamage	CEffectDamage	mods/starcoop/starcoop.sc2mod/base.sc2data/gamedata/effectdata.xml	合作指挥官版起义狂潮\Mods\XM\XMAbathur.SC2Mod\Base.SC2Data\GameData\EffectData.xml
SymbioteStabInitialCP	CEffectCreatePersistent	mods/starcoop/starcoop.sc2mod/base.sc2data/gamedata/effectdata.xml	合作指挥官版起义狂潮\Mods\XM\XMAbathur.SC2Mod\Base.SC2Data\GameData\EffectData.xml
SymbioteStabInitialFacing	CEffectModifyUnit	mods/starcoop/starcoop.sc2mod/base.sc2data/gamedata/effectdata.xml	合作指挥官版起义狂潮\Mods\XM\XMAbathur.SC2Mod\Base.SC2Data\GameData\EffectData.xml
SymbioteStabInitialSet	CEffectSet	mods/starcoop/starcoop.sc2mod/base.sc2data/gamedata/effectdata.xml	合作指挥官版起义狂潮\Mods\XM\XMAbathur.SC2Mod\Base.SC2Data\GameData\EffectData.xml
SymbioteStabLM	CEffectLaunchMissile	mods/starcoop/starcoop.sc2mod/base.sc2data/gamedata/effectdata.xml	合作指挥官版起义狂潮\Mods\XM\XMAbathur.SC2Mod\Base.SC2Data\GameData\EffectData.xml
SymbioteStabSearch	CEffectEnumArea	mods/starcoop/starcoop.sc2mod/base.sc2data/gamedata/effectdata.xml	合作指挥官版起义狂潮\Mods\XM\XMAbathur.SC2Mod\Base.SC2Data\GameData\EffectData.xml
SymbioteStabSet	CEffectSet	mods/starcoop/starcoop.sc2mod/base.sc2data/gamedata/effectdata.xml	合作指挥官版起义狂潮\Mods\XM\XMAbathur.SC2Mod\Base.SC2Data\GameData\EffectData.xml
SymbioteTimedLifeAB	CEffectApplyBehavior	mods/starcoop/starcoop.sc2mod/base.sc2data/gamedata/effectdata.xml	合作指挥官版起义狂潮\Mods\XM\XMAbathur.SC2Mod\Base.SC2Data\GameData\EffectData.xml
SymbioteTimedLifeExpireSet	CEffectSet	mods/starcoop/starcoop.sc2mod/base.sc2data/gamedata/effectdata.xml	合作指挥官版起义狂潮\Mods\XM\XMAbathur.SC2Mod\Base.SC2Data\GameData\EffectData.xml
SymbMarkerAB	CEffectApplyBehavior	mods/starcoop/starcoop.sc2mod/base.sc2data/gamedata/effectdata.xml	合作指挥官版起义狂潮\Mods\XM\XMAbathur.SC2Mod\Base.SC2Data\GameData\EffectData.xml
SymbMarkerRB	CEffectRemoveBehavior	mods/starcoop/starcoop.sc2mod/base.sc2data/gamedata/effectdata.xml	合作指挥官版起义狂潮\Mods\XM\XMAbathur.SC2Mod\Base.SC2Data\GameData\EffectData.xml
SymbMarkerRBSearch	CEffectEnumArea	mods/starcoop/starcoop.sc2mod/base.sc2data/gamedata/effectdata.xml	合作指挥官版起义狂潮\Mods\XM\XMAbathur.SC2Mod\Base.SC2Data\GameData\EffectData.xml
SymbPreventJump	CEffectApplyBehavior	mods/starcoop/starcoop.sc2mod/base.sc2data/gamedata/effectdata.xml	合作指挥官版起义狂潮\Mods\XM\XMAbathur.SC2Mod\Base.SC2Data\GameData\EffectData.xml
TimedLifeFate	CEffectDamage	mods/starcoop/starcoop.sc2mod/base.sc2data/gamedata/effectdata.xml	合作指挥官版起义狂潮\Mods\XM\XMAbathur.SC2Mod\Base.SC2Data\GameData\EffectData.xml
TimeStopHasteAB	CEffectApplyBehavior	mods/starcoop/starcoop.sc2mod/base.sc2data/gamedata/effectdata.xml	合作指挥官版起义狂潮\Mods\XM\XMAbathur.SC2Mod\Base.SC2Data\GameData\EffectData.xml
ToxicNestExplodeDamage	CEffectDamage	mods/starcoop/starcoop.sc2mod/base.sc2data/gamedata/effectdata.xml	合作指挥官版起义狂潮\Mods\XM\XMAbathur.SC2Mod\Base.SC2Data\GameData\EffectData.xml
ToxicNestExplodeImpactSet	CEffectSet	mods/starcoop/starcoop.sc2mod/base.sc2data/gamedata/effectdata.xml	合作指挥官版起义狂潮\Mods\XM\XMAbathur.SC2Mod\Base.SC2Data\GameData\EffectData.xml
ToxicNestExplodeSearch	CEffectEnumArea	mods/starcoop/starcoop.sc2mod/base.sc2data/gamedata/effectdata.xml	合作指挥官版起义狂潮\Mods\XM\XMAbathur.SC2Mod\Base.SC2Data\GameData\EffectData.xml
ToxicNestExplodeSearchApplyBehavior	CEffectApplyBehavior	mods/starcoop/starcoop.sc2mod/base.sc2data/gamedata/effectdata.xml	合作指挥官版起义狂潮\Mods\XM\XMAbathur.SC2Mod\Base.SC2Data\GameData\EffectData.xml
ToxicNestExplodeSearchSet	CEffectSet	mods/starcoop/starcoop.sc2mod/base.sc2data/gamedata/effectdata.xml	合作指挥官版起义狂潮\Mods\XM\XMAbathur.SC2Mod\Base.SC2Data\GameData\EffectData.xml
ToxicNestExplodeSet	CEffectSet	mods/starcoop/starcoop.sc2mod/base.sc2data/gamedata/effectdata.xml	合作指挥官版起义狂潮\Mods\XM\XMAbathur.SC2Mod\Base.SC2Data\GameData\EffectData.xml
ToxicNestKillCaster	CEffectDamage	mods/starcoop/starcoop.sc2mod/base.sc2data/gamedata/effectdata.xml	合作指挥官版起义狂潮\Mods\XM\XMAbathur.SC2Mod\Base.SC2Data\GameData\EffectData.xml
ToxicNestRespawnInvulnerability	CEffectApplyBehavior	mods/starcoop/starcoop.sc2mod/base.sc2data/gamedata/effectdata.xml	合作指挥官版起义狂潮\Mods\XM\XMAbathur.SC2Mod\Base.SC2Data\GameData\EffectData.xml
ToxicNestVirulentNestAB	CEffectApplyBehavior	mods/starcoop/starcoop.sc2mod/base.sc2data/gamedata/effectdata.xml	合作指挥官版起义狂潮\Mods\XM\XMAbathur.SC2Mod\Base.SC2Data\GameData\EffectData.xml
ToxicNestVirulentNestSnareHeroicAB	CEffectApplyBehavior	mods/starcoop/starcoop.sc2mod/base.sc2data/gamedata/effectdata.xml	合作指挥官版起义狂潮\Mods\XM\XMAbathur.SC2Mod\Base.SC2Data\GameData\EffectData.xml
ToxicNestVirulentNestSnareNormalAB	CEffectApplyBehavior	mods/starcoop/starcoop.sc2mod/base.sc2data/gamedata/effectdata.xml	合作指挥官版起义狂潮\Mods\XM\XMAbathur.SC2Mod\Base.SC2Data\GameData\EffectData.xml
TransfusionACSearch	CEffectEnumArea	mods/starcoop/starcoop.sc2mod/base.sc2data/gamedata/effectdata.xml	合作指挥官版起义狂潮\Mods\XM\XMAbathur.SC2Mod\Base.SC2Data\GameData\EffectData.xml
TransfusionACSwitch	CEffectSwitch	mods/starcoop/starcoop.sc2mod/base.sc2data/gamedata/effectdata.xml	合作指挥官版起义狂潮\Mods\XM\XMAbathur.SC2Mod\Base.SC2Data\GameData\EffectData.xml
UnityBarrierBootstrapper	CEffectSet	mods/starcoop/starcoop.sc2mod/base.sc2data/gamedata/effectdata.xml	合作指挥官版起义狂潮\Mods\XM\XMAbathur.SC2Mod\Base.SC2Data\GameData\EffectData.xml
Upgrade	CEffectModifyPlayer	mods/starcoop/starcoop.sc2mod/base.sc2data/gamedata/effectdata.xml	合作指挥官版起义狂潮\Mods\XM\XMAbathur.SC2Mod\Base.SC2Data\GameData\EffectData.xml
VorazunCloakDamageBoostPermanentAB	CEffectApplyBehavior	mods/starcoop/starcoop.sc2mod/base.sc2data/gamedata/effectdata.xml	合作指挥官版起义狂潮\Mods\XM\XMAbathur.SC2Mod\Base.SC2Data\GameData\EffectData.xml
YagdraFireballCreatePersistent	CEffectCreatePersistent	mods/starcoop/starcoop.sc2mod/base.sc2data/gamedata/effectdata.xml	合作指挥官版起义狂潮\Mods\XM\XMAbathur.SC2Mod\Base.SC2Data\GameData\EffectData.xml
YagdraFirebreath	CEffectIssueOrder	mods/starcoop/starcoop.sc2mod/base.sc2data/gamedata/effectdata.xml	合作指挥官版起义狂潮\Mods\XM\XMAbathur.SC2Mod\Base.SC2Data\GameData\EffectData.xml
YagdraFirebreathDummyCP	CEffectCreatePersistent	mods/starcoop/starcoop.sc2mod/base.sc2data/gamedata/effectdata.xml	合作指挥官版起义狂潮\Mods\XM\XMAbathur.SC2Mod\Base.SC2Data\GameData\EffectData.xml
YagdraTunnelCreateForcePersistent	CEffectCreatePersistent	mods/starcoop/starcoop.sc2mod/base.sc2data/gamedata/effectdata.xml	合作指挥官版起义狂潮\Mods\XM\XMAbathur.SC2Mod\Base.SC2Data\GameData\EffectData.xml
ZagaraAcidSalivaLM	CEffectLaunchMissile	mods/starcoop/starcoop.sc2mod/base.sc2data/gamedata/effectdata.xml	合作指挥官版起义狂潮\Mods\XM\XMAbathur.SC2Mod\Base.SC2Data\GameData\EffectData.xml
ZagaraAcidSalivaU	CEffectDamage	mods/starcoop/starcoop.sc2mod/base.sc2data/gamedata/effectdata.xml	合作指挥官版起义狂潮\Mods\XM\XMAbathur.SC2Mod\Base.SC2Data\GameData\EffectData.xml
ZagaraHotSBanelingExplodeLargeDirect	CEffectDamage	mods/starcoop/starcoop.sc2mod/base.sc2data/gamedata/effectdata.xml	合作指挥官版起义狂潮\Mods\XM\XMAbathur.SC2Mod\Base.SC2Data\GameData\EffectData.xml
ZagaraHotSBanelingExplodeLargeSearchDamage	CEffectDamage	mods/starcoop/starcoop.sc2mod/base.sc2data/gamedata/effectdata.xml	合作指挥官版起义狂潮\Mods\XM\XMAbathur.SC2Mod\Base.SC2Data\GameData\EffectData.xml
ZagaraHunterKiller	CEffectLaunchMissile	mods/starcoop/starcoop.sc2mod/base.sc2data/gamedata/effectdata.xml	合作指挥官版起义狂潮\Mods\XM\XMAbathur.SC2Mod\Base.SC2Data\GameData\EffectData.xml
ZagaraHunterKillerMelee	CEffectDamage	mods/starcoop/starcoop.sc2mod/base.sc2data/gamedata/effectdata.xml	合作指挥官版起义狂潮\Mods\XM\XMAbathur.SC2Mod\Base.SC2Data\GameData\EffectData.xml
ZagaraHunterKillerU	CEffectDamage	mods/starcoop/starcoop.sc2mod/base.sc2data/gamedata/effectdata.xml	合作指挥官版起义狂潮\Mods\XM\XMAbathur.SC2Mod\Base.SC2Data\GameData\EffectData.xml
ZagaraInfestedAbomination	CEffectDamage	mods/starcoop/starcoop.sc2mod/base.sc2data/gamedata/effectdata.xml	合作指挥官版起义狂潮\Mods\XM\XMAbathur.SC2Mod\Base.SC2Data\GameData\EffectData.xml
ZagaraRoachUMelee	CEffectDamage	mods/starcoop/starcoop.sc2mod/base.sc2data/gamedata/effectdata.xml	合作指挥官版起义狂潮\Mods\XM\XMAbathur.SC2Mod\Base.SC2Data\GameData\EffectData.xml
AbathurCollectBiomassImpactHeal	CModel	mods/starcoop/starcoop.sc2mod/base.sc2data/gamedata/modeldata.xml	合作指挥官版起义狂潮\Mods\XM\XMAbathur.SC2Mod\Base.SC2Data\GameData\ModelData.xml
AbathurCollectBiomassTarget	CModel	mods/starcoop/starcoop.sc2mod/base.sc2data/gamedata/modeldata.xml	合作指挥官版起义狂潮\Mods\XM\XMAbathur.SC2Mod\Base.SC2Data\GameData\ModelData.xml
AbathurLocustEggAMissileWeapon	CModel	mods/starcoop/starcoop.sc2mod/base.sc2data/gamedata/modeldata.xml	合作指挥官版起义狂潮\Mods\XM\XMAbathur.SC2Mod\Base.SC2Data\GameData\ModelData.xml
AbathurLocustEggAttackLaunchModel	CModel	mods/starcoop/starcoop.sc2mod/base.sc2data/gamedata/modeldata.xml	合作指挥官版起义狂潮\Mods\XM\XMAbathur.SC2Mod\Base.SC2Data\GameData\ModelData.xml
AbathurLocustEggBMissileWeapon	CModel	mods/starcoop/starcoop.sc2mod/base.sc2data/gamedata/modeldata.xml	合作指挥官版起义狂潮\Mods\XM\XMAbathur.SC2Mod\Base.SC2Data\GameData\ModelData.xml
AbathurLocustEggCMissileWeapon	CModel	mods/starcoop/starcoop.sc2mod/base.sc2data/gamedata/modeldata.xml	合作指挥官版起义狂潮\Mods\XM\XMAbathur.SC2Mod\Base.SC2Data\GameData\ModelData.xml
AbathurMendImpactModel	CModel	mods/starcoop/starcoop.sc2mod/base.sc2data/gamedata/modeldata.xml	合作指挥官版起义狂潮\Mods\XM\XMAbathur.SC2Mod\Base.SC2Data\GameData\ModelData.xml
AbathurPortraitEx3	CModel	mods/starcoop/starcoop.sc2mod/base.sc2data/gamedata/modeldata.xml	合作指挥官版起义狂潮\Mods\XM\XMAbathur.SC2Mod\Base.SC2Data\GameData\ModelData.xml
AbathurSymbiote	CModel	mods/starcoop/starcoop.sc2mod/base.sc2data/gamedata/modeldata.xml	合作指挥官版起义狂潮\Mods\XM\XMAbathur.SC2Mod\Base.SC2Data\GameData\ModelData.xml
AbathurSymbioteBuffGlaze	CModel	mods/starcoop/starcoop.sc2mod/base.sc2data/gamedata/modeldata.xml	合作指挥官版起义狂潮\Mods\XM\XMAbathur.SC2Mod\Base.SC2Data\GameData\ModelData.xml
AbathurUltimateEvolutionDropPod	CModel	mods/starcoop/starcoop.sc2mod/base.sc2data/gamedata/modeldata.xml	合作指挥官版起义狂潮\Mods\XM\XMAbathur.SC2Mod\Base.SC2Data\GameData\ModelData.xml
AbathurUltimateEvolutionTimedLifeBuffGlaze	CModel	mods/starcoop/starcoop.sc2mod/base.sc2data/gamedata/modeldata.xml	合作指挥官版起义狂潮\Mods\XM\XMAbathur.SC2Mod\Base.SC2Data\GameData\ModelData.xml
Baneling	CModel	mods/starcoop/starcoop.sc2mod/base.sc2data/gamedata/modeldata.xml	合作指挥官版起义狂潮\Mods\XM\XMAbathur.SC2Mod\Base.SC2Data\GameData\ModelData.xml
BileLauncherZagara	CModel	mods/starcoop/starcoop.sc2mod/base.sc2data/gamedata/modeldata.xml	合作指挥官版起义狂潮\Mods\XM\XMAbathur.SC2Mod\Base.SC2Data\GameData\ModelData.xml
BileLauncherZagaraDeath	CModel	mods/starcoop/starcoop.sc2mod/base.sc2data/gamedata/modeldata.xml	合作指挥官版起义狂潮\Mods\XM\XMAbathur.SC2Mod\Base.SC2Data\GameData\ModelData.xml
BileLauncherZagaraPlacement	CModel	mods/starcoop/starcoop.sc2mod/base.sc2data/gamedata/modeldata.xml	合作指挥官版起义狂潮\Mods\XM\XMAbathur.SC2Mod\Base.SC2Data\GameData\ModelData.xml
BiomassBuffImpact	CModel	mods/starcoop/starcoop.sc2mod/base.sc2data/gamedata/modeldata.xml	合作指挥官版起义狂潮\Mods\XM\XMAbathur.SC2Mod\Base.SC2Data\GameData\ModelData.xml
BiomassBuffPickup	CModel	mods/starcoop/starcoop.sc2mod/base.sc2data/gamedata/modeldata.xml	合作指挥官版起义狂潮\Mods\XM\XMAbathur.SC2Mod\Base.SC2Data\GameData\ModelData.xml
BiomassBuffTargetHigh	CModel	mods/starcoop/starcoop.sc2mod/base.sc2data/gamedata/modeldata.xml	合作指挥官版起义狂潮\Mods\XM\XMAbathur.SC2Mod\Base.SC2Data\GameData\ModelData.xml
BiomassBuffTargetLow	CModel	mods/starcoop/starcoop.sc2mod/base.sc2data/gamedata/modeldata.xml	合作指挥官版起义狂潮\Mods\XM\XMAbathur.SC2Mod\Base.SC2Data\GameData\ModelData.xml
BiomassBuffTargetMed	CModel	mods/starcoop/starcoop.sc2mod/base.sc2data/gamedata/modeldata.xml	合作指挥官版起义狂潮\Mods\XM\XMAbathur.SC2Mod\Base.SC2Data\GameData\ModelData.xml
BiomassTargetMark	CModel	mods/starcoop/starcoop.sc2mod/base.sc2data/gamedata/modeldata.xml	合作指挥官版起义狂潮\Mods\XM\XMAbathur.SC2Mod\Base.SC2Data\GameData\ModelData.xml
Brutalisk	CModel	mods/starcoop/starcoop.sc2mod/base.sc2data/gamedata/modeldata.xml	合作指挥官版起义狂潮\Mods\XM\XMAbathur.SC2Mod\Base.SC2Data\GameData\ModelData.xml
BrutaliskCocoon	CModel	mods/starcoop/starcoop.sc2mod/base.sc2data/gamedata/modeldata.xml	合作指挥官版起义狂潮\Mods\XM\XMAbathur.SC2Mod\Base.SC2Data\GameData\ModelData.xml
BrutaliskCocoonDeath	CModel	mods/starcoop/starcoop.sc2mod/base.sc2data/gamedata/modeldata.xml	合作指挥官版起义狂潮\Mods\XM\XMAbathur.SC2Mod\Base.SC2Data\GameData\ModelData.xml
BrutaliskDeath	CModel	mods/starcoop/starcoop.sc2mod/base.sc2data/gamedata/modeldata.xml	合作指挥官版起义狂潮\Mods\XM\XMAbathur.SC2Mod\Base.SC2Data\GameData\ModelData.xml
CorrosiveAcidMissile	CModel	mods/starcoop/starcoop.sc2mod/base.sc2data/gamedata/modeldata.xml	合作指挥官版起义狂潮\Mods\XM\XMAbathur.SC2Mod\Base.SC2Data\GameData\ModelData.xml
CreateSymbiotesCarapace	CModel	mods/starcoop/starcoop.sc2mod/base.sc2data/gamedata/modeldata.xml	合作指挥官版起义狂潮\Mods\XM\XMAbathur.SC2Mod\Base.SC2Data\GameData\ModelData.xml
CreepColony	CModel	mods/starcoop/starcoop.sc2mod/base.sc2data/gamedata/modeldata.xml	合作指挥官版起义狂潮\Mods\XM\XMAbathur.SC2Mod\Base.SC2Data\GameData\ModelData.xml
CreepColonyDeath	CModel	mods/starcoop/starcoop.sc2mod/base.sc2data/gamedata/modeldata.xml	合作指挥官版起义狂潮\Mods\XM\XMAbathur.SC2Mod\Base.SC2Data\GameData\ModelData.xml
Drone_Primal_Collection	CModel	mods/starcoop/starcoop.sc2mod/base.sc2data/gamedata/modeldata.xml	合作指挥官版起义狂潮\Mods\XM\XMAbathur.SC2Mod\Base.SC2Data\GameData\ModelData.xml
Drone_Primal_Collection_Death	CModel	mods/starcoop/starcoop.sc2mod/base.sc2data/gamedata/modeldata.xml	合作指挥官版起义狂潮\Mods\XM\XMAbathur.SC2Mod\Base.SC2Data\GameData\ModelData.xml
Drone_Primal_Collection_DeathAcid	CModel	mods/starcoop/starcoop.sc2mod/base.sc2data/gamedata/modeldata.xml	合作指挥官版起义狂潮\Mods\XM\XMAbathur.SC2Mod\Base.SC2Data\GameData\ModelData.xml
Drone_Primal_Collection_DeathFire	CModel	mods/starcoop/starcoop.sc2mod/base.sc2data/gamedata/modeldata.xml	合作指挥官版起义狂潮\Mods\XM\XMAbathur.SC2Mod\Base.SC2Data\GameData\ModelData.xml
Drone_Primal_Collection_DeathRagdoll	CModel	mods/starcoop/starcoop.sc2mod/base.sc2data/gamedata/modeldata.xml	合作指挥官版起义狂潮\Mods\XM\XMAbathur.SC2Mod\Base.SC2Data\GameData\ModelData.xml
EvolutionPit	CModel	mods/starcoop/starcoop.sc2mod/base.sc2data/gamedata/modeldata.xml	合作指挥官版起义狂潮\Mods\XM\XMAbathur.SC2Mod\Base.SC2Data\GameData\ModelData.xml
EvolutionPitPlacement	CModel	mods/starcoop/starcoop.sc2mod/base.sc2data/gamedata/modeldata.xml	合作指挥官版起义狂潮\Mods\XM\XMAbathur.SC2Mod\Base.SC2Data\GameData\ModelData.xml
GlazeBiomass	CModel	mods/starcoop/starcoop.sc2mod/base.sc2data/gamedata/modeldata.xml	合作指挥官版起义狂潮\Mods\XM\XMAbathur.SC2Mod\Base.SC2Data\GameData\ModelData.xml
GuardianCocoon	CModel	mods/starcoop/starcoop.sc2mod/base.sc2data/gamedata/modeldata.xml	合作指挥官版起义狂潮\Mods\XM\XMAbathur.SC2Mod\Base.SC2Data\GameData\ModelData.xml
GuardianCocoonDeath	CModel	mods/starcoop/starcoop.sc2mod/base.sc2data/gamedata/modeldata.xml	合作指挥官版起义狂潮\Mods\XM\XMAbathur.SC2Mod\Base.SC2Data\GameData\ModelData.xml
Hologram_Death_Large	CModel	mods/starcoop/starcoop.sc2mod/base.sc2data/gamedata/modeldata.xml	合作指挥官版起义狂潮\Mods\XM\XMAbathur.SC2Mod\Base.SC2Data\GameData\ModelData.xml
Hologram_Skin_Symbiote	CModel	mods/starcoop/starcoop.sc2mod/base.sc2data/gamedata/modeldata.xml	合作指挥官版起义狂潮\Mods\XM\XMAbathur.SC2Mod\Base.SC2Data\GameData\ModelData.xml
Hologram_Skin_Viper	CModel	mods/starcoop/starcoop.sc2mod/base.sc2data/gamedata/modeldata.xml	合作指挥官版起义狂潮\Mods\XM\XMAbathur.SC2Mod\Base.SC2Data\GameData\ModelData.xml
HotSLeviathan	CModel	mods/starcoop/starcoop.sc2mod/base.sc2data/gamedata/modeldata.xml	合作指挥官版起义狂潮\Mods\XM\XMAbathur.SC2Mod\Base.SC2Data\GameData\ModelData.xml
HotSSplitterlingBig	CModel	mods/starcoop/starcoop.sc2mod/base.sc2data/gamedata/modeldata.xml	合作指挥官版起义狂潮\Mods\XM\XMAbathur.SC2Mod\Base.SC2Data\GameData\ModelData.xml
HunterKiller	CModel	mods/starcoop/starcoop.sc2mod/base.sc2data/gamedata/modeldata.xml	合作指挥官版起义狂潮\Mods\XM\XMAbathur.SC2Mod\Base.SC2Data\GameData\ModelData.xml
ImpalerAbathur	CModel	mods/starcoop/starcoop.sc2mod/base.sc2data/gamedata/modeldata.xml	合作指挥官版起义狂潮\Mods\XM\XMAbathur.SC2Mod\Base.SC2Data\GameData\ModelData.xml
ImpalerAbathurEgg	CModel	mods/starcoop/starcoop.sc2mod/base.sc2data/gamedata/modeldata.xml	合作指挥官版起义狂潮\Mods\XM\XMAbathur.SC2Mod\Base.SC2Data\GameData\ModelData.xml
KelMorianAutoTurret	CModel	mods/starcoop/starcoop.sc2mod/base.sc2data/gamedata/modeldata.xml	合作指挥官版起义狂潮\Mods\XM\XMAbathur.SC2Mod\Base.SC2Data\GameData\ModelData.xml
KelMorianAutoTurretPlacement	CModel	mods/starcoop/starcoop.sc2mod/base.sc2data/gamedata/modeldata.xml	合作指挥官版起义狂潮\Mods\XM\XMAbathur.SC2Mod\Base.SC2Data\GameData\ModelData.xml
LeviathanCocoon	CModel	mods/starcoop/starcoop.sc2mod/base.sc2data/gamedata/modeldata.xml	合作指挥官版起义狂潮\Mods\XM\XMAbathur.SC2Mod\Base.SC2Data\GameData\ModelData.xml
LeviathanCocoonDeath	CModel	mods/starcoop/starcoop.sc2mod/base.sc2data/gamedata/modeldata.xml	合作指挥官版起义狂潮\Mods\XM\XMAbathur.SC2Mod\Base.SC2Data\GameData\ModelData.xml
LeviathanDeath	CModel	mods/starcoop/starcoop.sc2mod/base.sc2data/gamedata/modeldata.xml	合作指挥官版起义狂潮\Mods\XM\XMAbathur.SC2Mod\Base.SC2Data\GameData\ModelData.xml
RavagerAbathur	CModel	mods/starcoop/starcoop.sc2mod/base.sc2data/gamedata/modeldata.xml	合作指挥官版起义狂潮\Mods\XM\XMAbathur.SC2Mod\Base.SC2Data\GameData\ModelData.xml
RavagerAbathurCocoon	CModel	mods/starcoop/starcoop.sc2mod/base.sc2data/gamedata/modeldata.xml	合作指挥官版起义狂潮\Mods\XM\XMAbathur.SC2Mod\Base.SC2Data\GameData\ModelData.xml
RavagerCorrosiveBileAoePrecursor	CModel	mods/starcoop/starcoop.sc2mod/base.sc2data/gamedata/modeldata.xml	合作指挥官版起义狂潮\Mods\XM\XMAbathur.SC2Mod\Base.SC2Data\GameData\ModelData.xml
ScourgeNest	CModel	mods/starcoop/starcoop.sc2mod/base.sc2data/gamedata/modeldata.xml	合作指挥官版起义狂潮\Mods\XM\XMAbathur.SC2Mod\Base.SC2Data\GameData\ModelData.xml
ScourgeNestDeath	CModel	mods/starcoop/starcoop.sc2mod/base.sc2data/gamedata/modeldata.xml	合作指挥官版起义狂潮\Mods\XM\XMAbathur.SC2Mod\Base.SC2Data\GameData\ModelData.xml
ScourgeNestPlacement	CModel	mods/starcoop/starcoop.sc2mod/base.sc2data/gamedata/modeldata.xml	合作指挥官版起义狂潮\Mods\XM\XMAbathur.SC2Mod\Base.SC2Data\GameData\ModelData.xml
SIOverlord	CModel	mods/starcoop/starcoop.sc2mod/base.sc2data/gamedata/modeldata.xml	合作指挥官版起义狂潮\Mods\XM\XMAbathur.SC2Mod\Base.SC2Data\GameData\ModelData.xml
SymbioteCarapaceAOE	CModel	mods/starcoop/starcoop.sc2mod/base.sc2data/gamedata/modeldata.xml	合作指挥官版起义狂潮\Mods\XM\XMAbathur.SC2Mod\Base.SC2Data\GameData\ModelData.xml
SymbioteCarapaceBrutalisk	CModel	mods/starcoop/starcoop.sc2mod/base.sc2data/gamedata/modeldata.xml	合作指挥官版起义狂潮\Mods\XM\XMAbathur.SC2Mod\Base.SC2Data\GameData\ModelData.xml
SymbioteCarapaceGlaze	CModel	mods/starcoop/starcoop.sc2mod/base.sc2data/gamedata/modeldata.xml	合作指挥官版起义狂潮\Mods\XM\XMAbathur.SC2Mod\Base.SC2Data\GameData\ModelData.xml
SymbioteCarapaceLeviathan	CModel	mods/starcoop/starcoop.sc2mod/base.sc2data/gamedata/modeldata.xml	合作指挥官版起义狂潮\Mods\XM\XMAbathur.SC2Mod\Base.SC2Data\GameData\ModelData.xml
SymbioteSpikedBurst	CModel	mods/starcoop/starcoop.sc2mod/base.sc2data/gamedata/modeldata.xml	合作指挥官版起义狂潮\Mods\XM\XMAbathur.SC2Mod\Base.SC2Data\GameData\ModelData.xml
SymbioteStabImpact	CModel	mods/starcoop/starcoop.sc2mod/base.sc2data/gamedata/modeldata.xml	合作指挥官版起义狂潮\Mods\XM\XMAbathur.SC2Mod\Base.SC2Data\GameData\ModelData.xml
SymbioteStabWeapon	CModel	mods/starcoop/starcoop.sc2mod/base.sc2data/gamedata/modeldata.xml	合作指挥官版起义狂潮\Mods\XM\XMAbathur.SC2Mod\Base.SC2Data\GameData\ModelData.xml
ToxicNest	CModel	mods/starcoop/starcoop.sc2mod/base.sc2data/gamedata/modeldata.xml	合作指挥官版起义狂潮\Mods\XM\XMAbathur.SC2Mod\Base.SC2Data\GameData\ModelData.xml
ToxicNestDeath	CModel	mods/starcoop/starcoop.sc2mod/base.sc2data/gamedata/modeldata.xml	合作指挥官版起义狂潮\Mods\XM\XMAbathur.SC2Mod\Base.SC2Data\GameData\ModelData.xml
ToxicNestHitTest	CModel	mods/starcoop/starcoop.sc2mod/base.sc2data/gamedata/modeldata.xml	合作指挥官版起义狂潮\Mods\XM\XMAbathur.SC2Mod\Base.SC2Data\GameData\ModelData.xml
ToxicNestRangeSplat	CModel	mods/starcoop/starcoop.sc2mod/base.sc2data/gamedata/modeldata.xml	合作指挥官版起义狂潮\Mods\XM\XMAbathur.SC2Mod\Base.SC2Data\GameData\ModelData.xml
ZagaraVoidCoop	CModel	mods/starcoop/starcoop.sc2mod/base.sc2data/gamedata/modeldata.xml	合作指挥官版起义狂潮\Mods\XM\XMAbathur.SC2Mod\Base.SC2Data\GameData\ModelData.xml
AbathurLocustAirEggMissile	CMoverMissile	mods/starcoop/starcoop.sc2mod/base.sc2data/gamedata/moverdata.xml	合作指挥官版起义狂潮\Mods\XM\XMAbathur.SC2Mod\Base.SC2Data\GameData\MoverData.xml
AbathurLocustEggMissile	CMoverMissile	mods/starcoop/starcoop.sc2mod/base.sc2data/gamedata/moverdata.xml	合作指挥官版起义狂潮\Mods\XM\XMAbathur.SC2Mod\Base.SC2Data\GameData\MoverData.xml
BileLauncherZagaraBombardment	CMoverMissile	mods/starcoop/starcoop.sc2mod/base.sc2data/gamedata/moverdata.xml	合作指挥官版起义狂潮\Mods\XM\XMAbathur.SC2Mod\Base.SC2Data\GameData\MoverData.xml
BiomassMover	CMoverMissile	mods/starcoop/starcoop.sc2mod/base.sc2data/gamedata/moverdata.xml	合作指挥官版起义狂潮\Mods\XM\XMAbathur.SC2Mod\Base.SC2Data\GameData\MoverData.xml
CorrosiveAcidMissile	CMoverMissile	mods/starcoop/starcoop.sc2mod/base.sc2data/gamedata/moverdata.xml	合作指挥官版起义狂潮\Mods\XM\XMAbathur.SC2Mod\Base.SC2Data\GameData\MoverData.xml
SymbioteStab	CMoverMissile	mods/starcoop/starcoop.sc2mod/base.sc2data/gamedata/moverdata.xml	合作指挥官版起义狂潮\Mods\XM\XMAbathur.SC2Mod\Base.SC2Data\GameData\MoverData.xml
AbathurLevel02	CRequirement	mods/starcoop/starcoop.sc2mod/base.sc2data/gamedata/requirementdata.xml	合作指挥官版起义狂潮\Mods\XM\XMAbathur.SC2Mod\Base.SC2Data\GameData\RequirementData.xml
AbathurLevel03	CRequirement	mods/starcoop/starcoop.sc2mod/base.sc2data/gamedata/requirementdata.xml	合作指挥官版起义狂潮\Mods\XM\XMAbathur.SC2Mod\Base.SC2Data\GameData\RequirementData.xml
AbathurLevel04	CRequirement	mods/starcoop/starcoop.sc2mod/base.sc2data/gamedata/requirementdata.xml	合作指挥官版起义狂潮\Mods\XM\XMAbathur.SC2Mod\Base.SC2Data\GameData\RequirementData.xml
AbathurLevel05	CRequirement	mods/starcoop/starcoop.sc2mod/base.sc2data/gamedata/requirementdata.xml	合作指挥官版起义狂潮\Mods\XM\XMAbathur.SC2Mod\Base.SC2Data\GameData\RequirementData.xml
AbathurLevel06	CRequirement	mods/starcoop/starcoop.sc2mod/base.sc2data/gamedata/requirementdata.xml	合作指挥官版起义狂潮\Mods\XM\XMAbathur.SC2Mod\Base.SC2Data\GameData\RequirementData.xml
AbathurLevel07	CRequirement	mods/starcoop/starcoop.sc2mod/base.sc2data/gamedata/requirementdata.xml	合作指挥官版起义狂潮\Mods\XM\XMAbathur.SC2Mod\Base.SC2Data\GameData\RequirementData.xml
AbathurLevel08	CRequirement	mods/starcoop/starcoop.sc2mod/base.sc2data/gamedata/requirementdata.xml	合作指挥官版起义狂潮\Mods\XM\XMAbathur.SC2Mod\Base.SC2Data\GameData\RequirementData.xml
AbathurLevel09	CRequirement	mods/starcoop/starcoop.sc2mod/base.sc2data/gamedata/requirementdata.xml	合作指挥官版起义狂潮\Mods\XM\XMAbathur.SC2Mod\Base.SC2Data\GameData\RequirementData.xml
AbathurLevel09DeepTunnelImproved	CRequirement	mods/starcoop/starcoop.sc2mod/base.sc2data/gamedata/requirementdata.xml	合作指挥官版起义狂潮\Mods\XM\XMAbathur.SC2Mod\Base.SC2Data\GameData\RequirementData.xml
AbathurLevel10	CRequirement	mods/starcoop/starcoop.sc2mod/base.sc2data/gamedata/requirementdata.xml	合作指挥官版起义狂潮\Mods\XM\XMAbathur.SC2Mod\Base.SC2Data\GameData\RequirementData.xml
AbathurLevel11	CRequirement	mods/starcoop/starcoop.sc2mod/base.sc2data/gamedata/requirementdata.xml	合作指挥官版起义狂潮\Mods\XM\XMAbathur.SC2Mod\Base.SC2Data\GameData\RequirementData.xml
AbathurLevel12	CRequirement	mods/starcoop/starcoop.sc2mod/base.sc2data/gamedata/requirementdata.xml	合作指挥官版起义狂潮\Mods\XM\XMAbathur.SC2Mod\Base.SC2Data\GameData\RequirementData.xml
AbathurLevel13	CRequirement	mods/starcoop/starcoop.sc2mod/base.sc2data/gamedata/requirementdata.xml	合作指挥官版起义狂潮\Mods\XM\XMAbathur.SC2Mod\Base.SC2Data\GameData\RequirementData.xml
AbathurLevel14	CRequirement	mods/starcoop/starcoop.sc2mod/base.sc2data/gamedata/requirementdata.xml	合作指挥官版起义狂潮\Mods\XM\XMAbathur.SC2Mod\Base.SC2Data\GameData\RequirementData.xml
AbathurLevel15	CRequirement	mods/starcoop/starcoop.sc2mod/base.sc2data/gamedata/requirementdata.xml	合作指挥官版起义狂潮\Mods\XM\XMAbathur.SC2Mod\Base.SC2Data\GameData\RequirementData.xml
BiomassBuffEmptyVisible	CRequirement	mods/starcoop/starcoop.sc2mod/base.sc2data/gamedata/requirementdata.xml	合作指挥官版起义狂潮\Mods\XM\XMAbathur.SC2Mod\Base.SC2Data\GameData\RequirementData.xml
BiomassBuffVisible	CRequirement	mods/starcoop/starcoop.sc2mod/base.sc2data/gamedata/requirementdata.xml	合作指挥官版起义狂潮\Mods\XM\XMAbathur.SC2Mod\Base.SC2Data\GameData\RequirementData.xml
BrutaliskMorphAvailable	CRequirement	mods/starcoop/starcoop.sc2mod/base.sc2data/gamedata/requirementdata.xml	合作指挥官版起义狂潮\Mods\XM\XMAbathur.SC2Mod\Base.SC2Data\GameData\RequirementData.xml
CanBuildScourgeNest	CRequirement	mods/starcoop/starcoop.sc2mod/base.sc2data/gamedata/requirementdata.xml	合作指挥官版起义狂潮\Mods\XM\XMAbathur.SC2Mod\Base.SC2Data\GameData\RequirementData.xml
CommanderPrestigeAbathurBiomass	CRequirement	mods/starcoop/starcoop.sc2mod/base.sc2data/gamedata/requirementdata.xml	合作指挥官版起义狂潮\Mods\XM\XMAbathur.SC2Mod\Base.SC2Data\GameData\RequirementData.xml
CommanderPrestigeKerriganCreep	CRequirement	mods/starcoop/starcoop.sc2mod/base.sc2data/gamedata/requirementdata.xml	合作指挥官版起义狂潮\Mods\XM\XMAbathur.SC2Mod\Base.SC2Data\GameData\RequirementData.xml
CommanderPrestigeKerriganCreepGrowth	CRequirement	mods/starcoop/starcoop.sc2mod/base.sc2data/gamedata/requirementdata.xml	合作指挥官版起义狂潮\Mods\XM\XMAbathur.SC2Mod\Base.SC2Data\GameData\RequirementData.xml
CommanderPrestigeVorazunTimeStop	CRequirement	mods/starcoop/starcoop.sc2mod/base.sc2data/gamedata/requirementdata.xml	合作指挥官版起义狂潮\Mods\XM\XMAbathur.SC2Mod\Base.SC2Data\GameData\RequirementData.xml
CommanderPrestigeZagaraMaxSupply	CRequirement	mods/starcoop/starcoop.sc2mod/base.sc2data/gamedata/requirementdata.xml	合作指挥官版起义狂潮\Mods\XM\XMAbathur.SC2Mod\Base.SC2Data\GameData\RequirementData.xml
GenerateCreepHealingUpgrade	CRequirement	mods/starcoop/starcoop.sc2mod/base.sc2data/gamedata/requirementdata.xml	合作指挥官版起义狂潮\Mods\XM\XMAbathur.SC2Mod\Base.SC2Data\GameData\RequirementData.xml
HaveAbathurCommander	CRequirement	mods/starcoop/starcoop.sc2mod/base.sc2data/gamedata/requirementdata.xml	合作指挥官版起义狂潮\Mods\XM\XMAbathur.SC2Mod\Base.SC2Data\GameData\RequirementData.xml
HaveAbathurHiddenToxicNest	CRequirement	mods/starcoop/starcoop.sc2mod/base.sc2data/gamedata/requirementdata.xml	合作指挥官版起义狂潮\Mods\XM\XMAbathur.SC2Mod\Base.SC2Data\GameData\RequirementData.xml
HaveAbathurImpalerDeepTunnel	CRequirement	mods/starcoop/starcoop.sc2mod/base.sc2data/gamedata/requirementdata.xml	合作指挥官版起义狂潮\Mods\XM\XMAbathur.SC2Mod\Base.SC2Data\GameData\RequirementData.xml
HaveAbathurImpalerDeepTunnelImproved	CRequirement	mods/starcoop/starcoop.sc2mod/base.sc2data/gamedata/requirementdata.xml	合作指挥官版起义狂潮\Mods\XM\XMAbathur.SC2Mod\Base.SC2Data\GameData\RequirementData.xml
HaveAbathurImprovedToxicNest	CRequirement	mods/starcoop/starcoop.sc2mod/base.sc2data/gamedata/requirementdata.xml	合作指挥官版起义狂潮\Mods\XM\XMAbathur.SC2Mod\Base.SC2Data\GameData\RequirementData.xml
HaveAbathurThornsAura	CRequirement	mods/starcoop/starcoop.sc2mod/base.sc2data/gamedata/requirementdata.xml	合作指挥官版起义狂潮\Mods\XM\XMAbathur.SC2Mod\Base.SC2Data\GameData\RequirementData.xml
HaveAbathurVirulentNest	CRequirement	mods/starcoop/starcoop.sc2mod/base.sc2data/gamedata/requirementdata.xml	合作指挥官版起义狂潮\Mods\XM\XMAbathur.SC2Mod\Base.SC2Data\GameData\RequirementData.xml
HaveAberrationArmorAura	CRequirement	mods/starcoop/starcoop.sc2mod/base.sc2data/gamedata/requirementdata.xml	合作指挥官版起义狂潮\Mods\XM\XMAbathur.SC2Mod\Base.SC2Data\GameData\RequirementData.xml
HaveAlarakCommander	CRequirement	mods/starcoop/starcoop.sc2mod/base.sc2data/gamedata/requirementdata.xml	合作指挥官版起义狂潮\Mods\XM\XMAbathur.SC2Mod\Base.SC2Data\GameData\RequirementData.xml
HaveBanelingNest2	CRequirement	mods/starcoop/starcoop.sc2mod/base.sc2data/gamedata/requirementdata.xml	合作指挥官版起义狂潮\Mods\XM\XMAbathur.SC2Mod\Base.SC2Data\GameData\RequirementData.xml
HaveBileLaunchers	CRequirement	mods/starcoop/starcoop.sc2mod/base.sc2data/gamedata/requirementdata.xml	合作指挥官版起义狂潮\Mods\XM\XMAbathur.SC2Mod\Base.SC2Data\GameData\RequirementData.xml
HaveBioMechanicalTransfusion	CRequirement	mods/starcoop/starcoop.sc2mod/base.sc2data/gamedata/requirementdata.xml	合作指挥官版起义狂潮\Mods\XM\XMAbathur.SC2Mod\Base.SC2Data\GameData\RequirementData.xml
HaveBrutaliskgainsSymbioteUpgrade	CRequirement	mods/starcoop/starcoop.sc2mod/base.sc2data/gamedata/requirementdata.xml	合作指挥官版起义狂潮\Mods\XM\XMAbathur.SC2Mod\Base.SC2Data\GameData\RequirementData.xml
HaveBrutaliskLeviathanSymbiote	CRequirement	mods/starcoop/starcoop.sc2mod/base.sc2data/gamedata/requirementdata.xml	合作指挥官版起义狂潮\Mods\XM\XMAbathur.SC2Mod\Base.SC2Data\GameData\RequirementData.xml
HaveCoopMutalisk	CRequirement	mods/starcoop/starcoop.sc2mod/base.sc2data/gamedata/requirementdata.xml	合作指挥官版起义狂潮\Mods\XM\XMAbathur.SC2Mod\Base.SC2Data\GameData\RequirementData.xml
HaveCorrosiveBileDamageIncrease	CRequirement	mods/starcoop/starcoop.sc2mod/base.sc2data/gamedata/requirementdata.xml	合作指挥官版起义狂潮\Mods\XM\XMAbathur.SC2Mod\Base.SC2Data\GameData\RequirementData.xml
HaveCorrosiveBileRadiusIncrease	CRequirement	mods/starcoop/starcoop.sc2mod/base.sc2data/gamedata/requirementdata.xml	合作指挥官版起义狂潮\Mods\XM\XMAbathur.SC2Mod\Base.SC2Data\GameData\RequirementData.xml
HaveCreepTumorVisible	CRequirement	mods/starcoop/starcoop.sc2mod/base.sc2data/gamedata/requirementdata.xml	合作指挥官版起义狂潮\Mods\XM\XMAbathur.SC2Mod\Base.SC2Data\GameData\RequirementData.xml
HaveEvoChamberAndInfestedFactory	CRequirement	mods/starcoop/starcoop.sc2mod/base.sc2data/gamedata/requirementdata.xml	合作指挥官版起义狂潮\Mods\XM\XMAbathur.SC2Mod\Base.SC2Data\GameData\RequirementData.xml
HaveEvolveBrutalisk	CRequirement	mods/starcoop/starcoop.sc2mod/base.sc2data/gamedata/requirementdata.xml	合作指挥官版起义狂潮\Mods\XM\XMAbathur.SC2Mod\Base.SC2Data\GameData\RequirementData.xml
HaveFrenzyHydralisk	CRequirement	mods/starcoop/starcoop.sc2mod/base.sc2data/gamedata/requirementdata.xml	合作指挥官版起义狂潮\Mods\XM\XMAbathur.SC2Mod\Base.SC2Data\GameData\RequirementData.xml
HaveGenerateCreep	CRequirement	mods/starcoop/starcoop.sc2mod/base.sc2data/gamedata/requirementdata.xml	合作指挥官版起义狂潮\Mods\XM\XMAbathur.SC2Mod\Base.SC2Data\GameData\RequirementData.xml
HaveGuardian	CRequirement	mods/starcoop/starcoop.sc2mod/base.sc2data/gamedata/requirementdata.xml	合作指挥官版起义狂潮\Mods\XM\XMAbathur.SC2Mod\Base.SC2Data\GameData\RequirementData.xml
HaveHotSMutaliskBroodLordAndHaveGreaterSpire	CRequirement	mods/starcoop/starcoop.sc2mod/base.sc2data/gamedata/requirementdata.xml	合作指挥官版起义狂潮\Mods\XM\XMAbathur.SC2Mod\Base.SC2Data\GameData\RequirementData.xml
HaveInfestedBarracks	CRequirement	mods/starcoop/starcoop.sc2mod/base.sc2data/gamedata/requirementdata.xml	合作指挥官版起义狂潮\Mods\XM\XMAbathur.SC2Mod\Base.SC2Data\GameData\RequirementData.xml
HaveMasteryAbathurBiomassRefund	CRequirement	mods/starcoop/starcoop.sc2mod/base.sc2data/gamedata/requirementdata.xml	合作指挥官版起义狂潮\Mods\XM\XMAbathur.SC2Mod\Base.SC2Data\GameData\RequirementData.xml
HaveMasteryAbathurDoubleBiomass	CRequirement	mods/starcoop/starcoop.sc2mod/base.sc2data/gamedata/requirementdata.xml	合作指挥官版起义狂潮\Mods\XM\XMAbathur.SC2Mod\Base.SC2Data\GameData\RequirementData.xml
HaveMasteryAbathurSymbioteCarapace	CRequirement	mods/starcoop/starcoop.sc2mod/base.sc2data/gamedata/requirementdata.xml	合作指挥官版起义狂潮\Mods\XM\XMAbathur.SC2Mod\Base.SC2Data\GameData\RequirementData.xml
HaveMasteryAbathurSymbioteCDR	CRequirement	mods/starcoop/starcoop.sc2mod/base.sc2data/gamedata/requirementdata.xml	合作指挥官版起义狂潮\Mods\XM\XMAbathur.SC2Mod\Base.SC2Data\GameData\RequirementData.xml
HaveMasteryKerriganArmyGasCost	CRequirement	mods/starcoop/starcoop.sc2mod/base.sc2data/gamedata/requirementdata.xml	合作指挥官版起义狂潮\Mods\XM\XMAbathur.SC2Mod\Base.SC2Data\GameData\RequirementData.xml
HaveMasteryKerriganLarvaRate	CRequirement	mods/starcoop/starcoop.sc2mod/base.sc2data/gamedata/requirementdata.xml	合作指挥官版起义狂潮\Mods\XM\XMAbathur.SC2Mod\Base.SC2Data\GameData\RequirementData.xml
HaveMasteryVorazunTimeStopHaste	CRequirement	mods/starcoop/starcoop.sc2mod/base.sc2data/gamedata/requirementdata.xml	合作指挥官版起义狂潮\Mods\XM\XMAbathur.SC2Mod\Base.SC2Data\GameData\RequirementData.xml
HaveNoSnapshots	CRequirement	mods/starcoop/starcoop.sc2mod/base.sc2data/gamedata/requirementdata.xml	合作指挥官版起义狂潮\Mods\XM\XMAbathur.SC2Mod\Base.SC2Data\GameData\RequirementData.xml
HavePlayerCommander	CRequirement	mods/starcoop/starcoop.sc2mod/base.sc2data/gamedata/requirementdata.xml	合作指挥官版起义狂潮\Mods\XM\XMAbathur.SC2Mod\Base.SC2Data\GameData\RequirementData.xml
HavePneumatizedCarapace	CRequirement	mods/starcoop/starcoop.sc2mod/base.sc2data/gamedata/requirementdata.xml	合作指挥官版起义狂潮\Mods\XM\XMAbathur.SC2Mod\Base.SC2Data\GameData\RequirementData.xml
HaveSymbioteAdrenalineBoost	CRequirement	mods/starcoop/starcoop.sc2mod/base.sc2data/gamedata/requirementdata.xml	合作指挥官版起义狂潮\Mods\XM\XMAbathur.SC2Mod\Base.SC2Data\GameData\RequirementData.xml
HaveSymbioteDetection	CRequirement	mods/starcoop/starcoop.sc2mod/base.sc2data/gamedata/requirementdata.xml	合作指挥官版起义狂潮\Mods\XM\XMAbathur.SC2Mod\Base.SC2Data\GameData\RequirementData.xml
HaveSymbioteShieldUpgrade	CRequirement	mods/starcoop/starcoop.sc2mod/base.sc2data/gamedata/requirementdata.xml	合作指挥官版起义狂潮\Mods\XM\XMAbathur.SC2Mod\Base.SC2Data\GameData\RequirementData.xml
HotSHaveDevourer	CRequirement	mods/starcoop/starcoop.sc2mod/base.sc2data/gamedata/requirementdata.xml	合作指挥官版起义狂潮\Mods\XM\XMAbathur.SC2Mod\Base.SC2Data\GameData\RequirementData.xml
HotSHaveSporeCrawler	CRequirement	mods/starcoop/starcoop.sc2mod/base.sc2data/gamedata/requirementdata.xml	合作指挥官版起义狂潮\Mods\XM\XMAbathur.SC2Mod\Base.SC2Data\GameData\RequirementData.xml
KerriganLevel04	CRequirement	mods/starcoop/starcoop.sc2mod/base.sc2data/gamedata/requirementdata.xml	合作指挥官版起义狂潮\Mods\XM\XMAbathur.SC2Mod\Base.SC2Data\GameData\RequirementData.xml
KerriganLevel05	CRequirement	mods/starcoop/starcoop.sc2mod/base.sc2data/gamedata/requirementdata.xml	合作指挥官版起义狂潮\Mods\XM\XMAbathur.SC2Mod\Base.SC2Data\GameData\RequirementData.xml
KerriganLevel06	CRequirement	mods/starcoop/starcoop.sc2mod/base.sc2data/gamedata/requirementdata.xml	合作指挥官版起义狂潮\Mods\XM\XMAbathur.SC2Mod\Base.SC2Data\GameData\RequirementData.xml
KerriganLevel09	CRequirement	mods/starcoop/starcoop.sc2mod/base.sc2data/gamedata/requirementdata.xml	合作指挥官版起义狂潮\Mods\XM\XMAbathur.SC2Mod\Base.SC2Data\GameData\RequirementData.xml
KerriganLevel11	CRequirement	mods/starcoop/starcoop.sc2mod/base.sc2data/gamedata/requirementdata.xml	合作指挥官版起义狂潮\Mods\XM\XMAbathur.SC2Mod\Base.SC2Data\GameData\RequirementData.xml
LearnAbathurHiddenToxicNest	CRequirement	mods/starcoop/starcoop.sc2mod/base.sc2data/gamedata/requirementdata.xml	合作指挥官版起义狂潮\Mods\XM\XMAbathur.SC2Mod\Base.SC2Data\GameData\RequirementData.xml
LearnAbathurImprovedToxicNest	CRequirement	mods/starcoop/starcoop.sc2mod/base.sc2data/gamedata/requirementdata.xml	合作指挥官版起义狂潮\Mods\XM\XMAbathur.SC2Mod\Base.SC2Data\GameData\RequirementData.xml
LearnAbathurMutaliskHealthScalingUpgrade	CRequirement	mods/starcoop/starcoop.sc2mod/base.sc2data/gamedata/requirementdata.xml	合作指挥官版起义狂潮\Mods\XM\XMAbathur.SC2Mod\Base.SC2Data\GameData\RequirementData.xml
LearnAbathurRoachRangeScalingUpgrade	CRequirement	mods/starcoop/starcoop.sc2mod/base.sc2data/gamedata/requirementdata.xml	合作指挥官版起义狂潮\Mods\XM\XMAbathur.SC2Mod\Base.SC2Data\GameData\RequirementData.xml
LearnAberrationArmorAura	CRequirement	mods/starcoop/starcoop.sc2mod/base.sc2data/gamedata/requirementdata.xml	合作指挥官版起义狂潮\Mods\XM\XMAbathur.SC2Mod\Base.SC2Data\GameData\RequirementData.xml
LearnAdaptivePlating	CRequirement	mods/starcoop/starcoop.sc2mod/base.sc2data/gamedata/requirementdata.xml	合作指挥官版起义狂潮\Mods\XM\XMAbathur.SC2Mod\Base.SC2Data\GameData\RequirementData.xml
LearnAncillaryCarapace	CRequirement	mods/starcoop/starcoop.sc2mod/base.sc2data/gamedata/requirementdata.xml	合作指挥官版起义狂潮\Mods\XM\XMAbathur.SC2Mod\Base.SC2Data\GameData\RequirementData.xml
LearnBileLauncherBombardmentCooldown	CRequirement	mods/starcoop/starcoop.sc2mod/base.sc2data/gamedata/requirementdata.xml	合作指挥官版起义狂潮\Mods\XM\XMAbathur.SC2Mod\Base.SC2Data\GameData\RequirementData.xml
LearnBileLauncherIncreasedRange	CRequirement	mods/starcoop/starcoop.sc2mod/base.sc2data/gamedata/requirementdata.xml	合作指挥官版起义狂潮\Mods\XM\XMAbathur.SC2Mod\Base.SC2Data\GameData\RequirementData.xml
LearnBioMechanicalTransfusion	CRequirement	mods/starcoop/starcoop.sc2mod/base.sc2data/gamedata/requirementdata.xml	合作指挥官版起义狂潮\Mods\XM\XMAbathur.SC2Mod\Base.SC2Data\GameData\RequirementData.xml
LearnBroodlordSpeed	CRequirement	mods/starcoop/starcoop.sc2mod/base.sc2data/gamedata/requirementdata.xml	合作指挥官版起义狂潮\Mods\XM\XMAbathur.SC2Mod\Base.SC2Data\GameData\RequirementData.xml
LearnCorrosiveBileDamageIncrease	CRequirement	mods/starcoop/starcoop.sc2mod/base.sc2data/gamedata/requirementdata.xml	合作指挥官版起义狂潮\Mods\XM\XMAbathur.SC2Mod\Base.SC2Data\GameData\RequirementData.xml
LearnCorrosiveBileRadiusIncrease	CRequirement	mods/starcoop/starcoop.sc2mod/base.sc2data/gamedata/requirementdata.xml	合作指挥官版起义狂潮\Mods\XM\XMAbathur.SC2Mod\Base.SC2Data\GameData\RequirementData.xml
LearnDevourerAoEDamage	CRequirement	mods/starcoop/starcoop.sc2mod/base.sc2data/gamedata/requirementdata.xml	合作指挥官版起义狂潮\Mods\XM\XMAbathur.SC2Mod\Base.SC2Data\GameData\RequirementData.xml
LearnFrenzy	CRequirement	mods/starcoop/starcoop.sc2mod/base.sc2data/gamedata/requirementdata.xml	合作指挥官版起义狂潮\Mods\XM\XMAbathur.SC2Mod\Base.SC2Data\GameData\RequirementData.xml
LearnGroovedSpines	CRequirement	mods/starcoop/starcoop.sc2mod/base.sc2data/gamedata/requirementdata.xml	合作指挥官版起义狂潮\Mods\XM\XMAbathur.SC2Mod\Base.SC2Data\GameData\RequirementData.xml
LearnGuardianAttackRangeIncrease	CRequirement	mods/starcoop/starcoop.sc2mod/base.sc2data/gamedata/requirementdata.xml	合作指挥官版起义狂潮\Mods\XM\XMAbathur.SC2Mod\Base.SC2Data\GameData\RequirementData.xml
LearnHardenedCarapace	CRequirement	mods/starcoop/starcoop.sc2mod/base.sc2data/gamedata/requirementdata.xml	合作指挥官版起义狂潮\Mods\XM\XMAbathur.SC2Mod\Base.SC2Data\GameData\RequirementData.xml
LearnHatcheryDoubleQueue	CRequirement	mods/starcoop/starcoop.sc2mod/base.sc2data/gamedata/requirementdata.xml	合作指挥官版起义狂潮\Mods\XM\XMAbathur.SC2Mod\Base.SC2Data\GameData\RequirementData.xml
LearnHydriodicBile	CRequirement	mods/starcoop/starcoop.sc2mod/base.sc2data/gamedata/requirementdata.xml	合作指挥官版起义狂潮\Mods\XM\XMAbathur.SC2Mod\Base.SC2Data\GameData\RequirementData.xml
LearnK5ChainLightning	CRequirement	mods/starcoop/starcoop.sc2mod/base.sc2data/gamedata/requirementdata.xml	合作指挥官版起义狂潮\Mods\XM\XMAbathur.SC2Mod\Base.SC2Data\GameData\RequirementData.xml
LearnK5Cooldowns	CRequirement	mods/starcoop/starcoop.sc2mod/base.sc2data/gamedata/requirementdata.xml	合作指挥官版起义狂潮\Mods\XM\XMAbathur.SC2Mod\Base.SC2Data\GameData\RequirementData.xml
LearnKerriganHeroicFortitude	CRequirement	mods/starcoop/starcoop.sc2mod/base.sc2data/gamedata/requirementdata.xml	合作指挥官版起义狂潮\Mods\XM\XMAbathur.SC2Mod\Base.SC2Data\GameData\RequirementData.xml
LearnKerriganSunderingGlaive	CRequirement	mods/starcoop/starcoop.sc2mod/base.sc2data/gamedata/requirementdata.xml	合作指挥官版起义狂潮\Mods\XM\XMAbathur.SC2Mod\Base.SC2Data\GameData\RequirementData.xml
LearnKerriganViciousGlaive	CRequirement	mods/starcoop/starcoop.sc2mod/base.sc2data/gamedata/requirementdata.xml	合作指挥官版起义狂潮\Mods\XM\XMAbathur.SC2Mod\Base.SC2Data\GameData\RequirementData.xml
LearnMutaliskRapidRegeneration	CRequirement	mods/starcoop/starcoop.sc2mod/base.sc2data/gamedata/requirementdata.xml	合作指挥官版起义狂潮\Mods\XM\XMAbathur.SC2Mod\Base.SC2Data\GameData\RequirementData.xml
LearnMutaliskSunderingGlave	CRequirement	mods/starcoop/starcoop.sc2mod/base.sc2data/gamedata/requirementdata.xml	合作指挥官版起义狂潮\Mods\XM\XMAbathur.SC2Mod\Base.SC2Data\GameData\RequirementData.xml
LearnMutaliskViciousGlave	CRequirement	mods/starcoop/starcoop.sc2mod/base.sc2data/gamedata/requirementdata.xml	合作指挥官版起义狂潮\Mods\XM\XMAbathur.SC2Mod\Base.SC2Data\GameData\RequirementData.xml
LearnSeismicSpines	CRequirement	mods/starcoop/starcoop.sc2mod/base.sc2data/gamedata/requirementdata.xml	合作指挥官版起义狂潮\Mods\XM\XMAbathur.SC2Mod\Base.SC2Data\GameData\RequirementData.xml
LearnSeismicSpinesAbathur	CRequirement	mods/starcoop/starcoop.sc2mod/base.sc2data/gamedata/requirementdata.xml	合作指挥官版起义狂潮\Mods\XM\XMAbathur.SC2Mod\Base.SC2Data\GameData\RequirementData.xml
LearnSymbioteNeedlespine	CRequirement	mods/starcoop/starcoop.sc2mod/base.sc2data/gamedata/requirementdata.xml	合作指挥官版起义狂潮\Mods\XM\XMAbathur.SC2Mod\Base.SC2Data\GameData\RequirementData.xml
LearnSymbiotePressurizedGlands	CRequirement	mods/starcoop/starcoop.sc2mod/base.sc2data/gamedata/requirementdata.xml	合作指挥官版起义狂潮\Mods\XM\XMAbathur.SC2Mod\Base.SC2Data\GameData\RequirementData.xml
LearnZagaraAttackUpgrade	CRequirement	mods/starcoop/starcoop.sc2mod/base.sc2data/gamedata/requirementdata.xml	合作指挥官版起义狂潮\Mods\XM\XMAbathur.SC2Mod\Base.SC2Data\GameData\RequirementData.xml
LearnZagaraGroundAttack1	CRequirement	mods/starcoop/starcoop.sc2mod/base.sc2data/gamedata/requirementdata.xml	合作指挥官版起义狂潮\Mods\XM\XMAbathur.SC2Mod\Base.SC2Data\GameData\RequirementData.xml
LearnZagaraGroundAttack2	CRequirement	mods/starcoop/starcoop.sc2mod/base.sc2data/gamedata/requirementdata.xml	合作指挥官版起义狂潮\Mods\XM\XMAbathur.SC2Mod\Base.SC2Data\GameData\RequirementData.xml
LearnZagaraGroundAttack3	CRequirement	mods/starcoop/starcoop.sc2mod/base.sc2data/gamedata/requirementdata.xml	合作指挥官版起义狂潮\Mods\XM\XMAbathur.SC2Mod\Base.SC2Data\GameData\RequirementData.xml
LearnZerglingArmorShred	CRequirement	mods/starcoop/starcoop.sc2mod/base.sc2data/gamedata/requirementdata.xml	合作指挥官版起义狂潮\Mods\XM\XMAbathur.SC2Mod\Base.SC2Data\GameData\RequirementData.xml
LeviathanMorphAvailable	CRequirement	mods/starcoop/starcoop.sc2mod/base.sc2data/gamedata/requirementdata.xml	合作指挥官版起义狂潮\Mods\XM\XMAbathur.SC2Mod\Base.SC2Data\GameData\RequirementData.xml
MutatorWorkerIsAsleep	CRequirement	mods/starcoop/starcoop.sc2mod/base.sc2data/gamedata/requirementdata.xml	合作指挥官版起义狂潮\Mods\XM\XMAbathur.SC2Mod\Base.SC2Data\GameData\RequirementData.xml
NotHaveBioMechanicalTransfusion	CRequirement	mods/starcoop/starcoop.sc2mod/base.sc2data/gamedata/requirementdata.xml	合作指挥官版起义狂潮\Mods\XM\XMAbathur.SC2Mod\Base.SC2Data\GameData\RequirementData.xml
NotHaveStabilizerMedPacks	CRequirement	mods/starcoop/starcoop.sc2mod/base.sc2data/gamedata/requirementdata.xml	合作指挥官版起义狂潮\Mods\XM\XMAbathur.SC2Mod\Base.SC2Data\GameData\RequirementData.xml
PlayerHasBiomassTargetBuff	CRequirement	mods/starcoop/starcoop.sc2mod/base.sc2data/gamedata/requirementdata.xml	合作指挥官版起义狂潮\Mods\XM\XMAbathur.SC2Mod\Base.SC2Data\GameData\RequirementData.xml
PlayerNotHaveBiomassTargetBuff	CRequirement	mods/starcoop/starcoop.sc2mod/base.sc2data/gamedata/requirementdata.xml	合作指挥官版起义狂潮\Mods\XM\XMAbathur.SC2Mod\Base.SC2Data\GameData\RequirementData.xml
ZagaraLevel05	CRequirement	mods/starcoop/starcoop.sc2mod/base.sc2data/gamedata/requirementdata.xml	合作指挥官版起义狂潮\Mods\XM\XMAbathur.SC2Mod\Base.SC2Data\GameData\RequirementData.xml
ZagaraLevel06	CRequirement	mods/starcoop/starcoop.sc2mod/base.sc2data/gamedata/requirementdata.xml	合作指挥官版起义狂潮\Mods\XM\XMAbathur.SC2Mod\Base.SC2Data\GameData\RequirementData.xml
ZagaraLevel09	CRequirement	mods/starcoop/starcoop.sc2mod/base.sc2data/gamedata/requirementdata.xml	合作指挥官版起义狂潮\Mods\XM\XMAbathur.SC2Mod\Base.SC2Data\GameData\RequirementData.xml
ZagaraLevel13	CRequirement	mods/starcoop/starcoop.sc2mod/base.sc2data/gamedata/requirementdata.xml	合作指挥官版起义狂潮\Mods\XM\XMAbathur.SC2Mod\Base.SC2Data\GameData\RequirementData.xml
AndCountUnitAlias_LairCompleteOnly1515591279Or993869882NotCountUpgradeCommanderPrestigeZagaraMaxSupplyCompleteOnlyNotCountUnitScourgeNestQueuedOrBetter	CRequirementAnd	mods/starcoop/starcoop.sc2mod/base.sc2data/gamedata/requirementnodedata.xml	合作指挥官版起义狂潮\Mods\XM\XMAbathur.SC2Mod\Base.SC2Data\GameData\RequirementNodeData.xml
AndCountUnitHiveCompleteOnlyTechTreeCheatCountUnitImpalerDenCompleteOnlyTechTreeCheat	CRequirementAnd	mods/starcoop/starcoop.sc2mod/base.sc2data/gamedata/requirementnodedata.xml	合作指挥官版起义狂潮\Mods\XM\XMAbathur.SC2Mod\Base.SC2Data\GameData\RequirementNodeData.xml
AndCountUnitHiveCompleteOnlyTechTreeCheatCountUnitLurkerDenCompleteOnlyTechTreeCheat	CRequirementAnd	mods/starcoop/starcoop.sc2mod/base.sc2data/gamedata/requirementnodedata.xml	合作指挥官版起义狂潮\Mods\XM\XMAbathur.SC2Mod\Base.SC2Data\GameData\RequirementNodeData.xml
AndCountUpgradeAbathurCommanderCompleteOnlyCountUpgradeCommanderPrestigeAbathurDeepTunnelCompleteOnlyGT9CountUpgradeCommanderLevelCompleteOnlyNot1225867992CountBehaviorUnderConstructionCompleteOnlyAtUnit	CRequirementAnd	mods/starcoop/starcoop.sc2mod/base.sc2data/gamedata/requirementnodedata.xml	合作指挥官版起义狂潮\Mods\XM\XMAbathur.SC2Mod\Base.SC2Data\GameData\RequirementNodeData.xml
AndCountUpgradeAbathurCommanderCompleteOnlyGT10CountUpgradeCommanderLevelCompleteOnlyNot1225867992CountBehaviorUnderConstructionCompleteOnlyAtUnit	CRequirementAnd	mods/starcoop/starcoop.sc2mod/base.sc2data/gamedata/requirementnodedata.xml	合作指挥官版起义狂潮\Mods\XM\XMAbathur.SC2Mod\Base.SC2Data\GameData\RequirementNodeData.xml
AndCountUpgradeAbathurCommanderCompleteOnlyGT11CountUpgradeCommanderLevelCompleteOnlyNot1225867992CountBehaviorUnderConstructionCompleteOnlyAtUnit	CRequirementAnd	mods/starcoop/starcoop.sc2mod/base.sc2data/gamedata/requirementnodedata.xml	合作指挥官版起义狂潮\Mods\XM\XMAbathur.SC2Mod\Base.SC2Data\GameData\RequirementNodeData.xml
AndCountUpgradeAbathurCommanderCompleteOnlyGT12CountUpgradeCommanderLevelCompleteOnlyNot1225867992CountBehaviorUnderConstructionCompleteOnlyAtUnit	CRequirementAnd	mods/starcoop/starcoop.sc2mod/base.sc2data/gamedata/requirementnodedata.xml	合作指挥官版起义狂潮\Mods\XM\XMAbathur.SC2Mod\Base.SC2Data\GameData\RequirementNodeData.xml
AndCountUpgradeAbathurCommanderCompleteOnlyGT13CountUpgradeCommanderLevelCompleteOnlyNot1225867992CountBehaviorUnderConstructionCompleteOnlyAtUnit	CRequirementAnd	mods/starcoop/starcoop.sc2mod/base.sc2data/gamedata/requirementnodedata.xml	合作指挥官版起义狂潮\Mods\XM\XMAbathur.SC2Mod\Base.SC2Data\GameData\RequirementNodeData.xml
AndCountUpgradeAbathurCommanderCompleteOnlyGT14CountUpgradeCommanderLevelCompleteOnlyNot1225867992CountBehaviorUnderConstructionCompleteOnlyAtUnit	CRequirementAnd	mods/starcoop/starcoop.sc2mod/base.sc2data/gamedata/requirementnodedata.xml	合作指挥官版起义狂潮\Mods\XM\XMAbathur.SC2Mod\Base.SC2Data\GameData\RequirementNodeData.xml
AndCountUpgradeAbathurCommanderCompleteOnlyGT15CountUpgradeCommanderLevelCompleteOnlyNot1225867992CountBehaviorUnderConstructionCompleteOnlyAtUnit	CRequirementAnd	mods/starcoop/starcoop.sc2mod/base.sc2data/gamedata/requirementnodedata.xml	合作指挥官版起义狂潮\Mods\XM\XMAbathur.SC2Mod\Base.SC2Data\GameData\RequirementNodeData.xml
AndCountUpgradeAbathurCommanderCompleteOnlyGT2CountUpgradeCommanderLevelCompleteOnlyNot1225867992CountBehaviorUnderConstructionCompleteOnlyAtUnit	CRequirementAnd	mods/starcoop/starcoop.sc2mod/base.sc2data/gamedata/requirementnodedata.xml	合作指挥官版起义狂潮\Mods\XM\XMAbathur.SC2Mod\Base.SC2Data\GameData\RequirementNodeData.xml
AndCountUpgradeAbathurCommanderCompleteOnlyGT3CountUpgradeCommanderLevelCompleteOnlyNot1225867992CountBehaviorUnderConstructionCompleteOnlyAtUnit	CRequirementAnd	mods/starcoop/starcoop.sc2mod/base.sc2data/gamedata/requirementnodedata.xml	合作指挥官版起义狂潮\Mods\XM\XMAbathur.SC2Mod\Base.SC2Data\GameData\RequirementNodeData.xml
AndCountUpgradeAbathurCommanderCompleteOnlyGT4CountUpgradeCommanderLevelCompleteOnlyNot1225867992CountBehaviorUnderConstructionCompleteOnlyAtUnit	CRequirementAnd	mods/starcoop/starcoop.sc2mod/base.sc2data/gamedata/requirementnodedata.xml	合作指挥官版起义狂潮\Mods\XM\XMAbathur.SC2Mod\Base.SC2Data\GameData\RequirementNodeData.xml
AndCountUpgradeAbathurCommanderCompleteOnlyGT5CountUpgradeCommanderLevelCompleteOnlyNot1225867992CountBehaviorUnderConstructionCompleteOnlyAtUnit	CRequirementAnd	mods/starcoop/starcoop.sc2mod/base.sc2data/gamedata/requirementnodedata.xml	合作指挥官版起义狂潮\Mods\XM\XMAbathur.SC2Mod\Base.SC2Data\GameData\RequirementNodeData.xml
AndCountUpgradeAbathurCommanderCompleteOnlyGT6CountUpgradeCommanderLevelCompleteOnlyNot1225867992CountBehaviorUnderConstructionCompleteOnlyAtUnit	CRequirementAnd	mods/starcoop/starcoop.sc2mod/base.sc2data/gamedata/requirementnodedata.xml	合作指挥官版起义狂潮\Mods\XM\XMAbathur.SC2Mod\Base.SC2Data\GameData\RequirementNodeData.xml
AndCountUpgradeAbathurCommanderCompleteOnlyGT7CountUpgradeCommanderLevelCompleteOnlyNot1225867992CountBehaviorUnderConstructionCompleteOnlyAtUnit	CRequirementAnd	mods/starcoop/starcoop.sc2mod/base.sc2data/gamedata/requirementnodedata.xml	合作指挥官版起义狂潮\Mods\XM\XMAbathur.SC2Mod\Base.SC2Data\GameData\RequirementNodeData.xml
AndCountUpgradeAbathurCommanderCompleteOnlyGT8CountUpgradeCommanderLevelCompleteOnlyNot1225867992CountBehaviorUnderConstructionCompleteOnlyAtUnit	CRequirementAnd	mods/starcoop/starcoop.sc2mod/base.sc2data/gamedata/requirementnodedata.xml	合作指挥官版起义狂潮\Mods\XM\XMAbathur.SC2Mod\Base.SC2Data\GameData\RequirementNodeData.xml
AndCountUpgradeAbathurCommanderCompleteOnlyGT9CountUpgradeCommanderLevelCompleteOnlyNot1225867992CountBehaviorUnderConstructionCompleteOnlyAtUnit	CRequirementAnd	mods/starcoop/starcoop.sc2mod/base.sc2data/gamedata/requirementnodedata.xml	合作指挥官版起义狂潮\Mods\XM\XMAbathur.SC2Mod\Base.SC2Data\GameData\RequirementNodeData.xml
AndCountUpgradeAbathurCommanderCompleteOnlyGTECountUpgradeCommanderLevelCompleteOnly4	CRequirementAnd	mods/starcoop/starcoop.sc2mod/base.sc2data/gamedata/requirementnodedata.xml	合作指挥官版起义狂潮\Mods\XM\XMAbathur.SC2Mod\Base.SC2Data\GameData\RequirementNodeData.xml
AndCountUpgradeAbathurCommanderCompleteOnlyGTECountUpgradeCommanderLevelCompleteOnly7	CRequirementAnd	mods/starcoop/starcoop.sc2mod/base.sc2data/gamedata/requirementnodedata.xml	合作指挥官版起义狂潮\Mods\XM\XMAbathur.SC2Mod\Base.SC2Data\GameData\RequirementNodeData.xml
AndCountUpgradeAbathurCommanderCompleteOnlyGTECountUpgradeCommanderLevelCompleteOnly9	CRequirementAnd	mods/starcoop/starcoop.sc2mod/base.sc2data/gamedata/requirementnodedata.xml	合作指挥官版起义狂潮\Mods\XM\XMAbathur.SC2Mod\Base.SC2Data\GameData\RequirementNodeData.xml
AndCountUpgradeAbathurCommanderCompleteOnlyNotCountUpgradeCommanderPrestigeAbathurBiomassCompleteOnly	CRequirementAnd	mods/starcoop/starcoop.sc2mod/base.sc2data/gamedata/requirementnodedata.xml	合作指挥官版起义狂潮\Mods\XM\XMAbathur.SC2Mod\Base.SC2Data\GameData\RequirementNodeData.xml
AndCountUpgradeAbathurCommanderCompleteOnlyOrEqCountBehaviorBiomassBuff1CompleteOnlyAtUnit0EqCountBehaviorBiomassBuff10CompleteOnlyAtUnit0EqCountBehaviorBiomassBuff100CompleteOnlyAtUnit0	CRequirementAnd	mods/starcoop/starcoop.sc2mod/base.sc2data/gamedata/requirementnodedata.xml	合作指挥官版起义狂潮\Mods\XM\XMAbathur.SC2Mod\Base.SC2Data\GameData\RequirementNodeData.xml
AndCountUpgradeCommanderPrestigeAbathurDeepTunnelCompleteOnlyLTE9CountUpgradeCommanderLevelCompleteOnly	CRequirementAnd	mods/starcoop/starcoop.sc2mod/base.sc2data/gamedata/requirementnodedata.xml	合作指挥官版起义狂潮\Mods\XM\XMAbathur.SC2Mod\Base.SC2Data\GameData\RequirementNodeData.xml
AndCountUpgradeCommanderPrestigeAbathurUltEvoCompleteOnlyGTCountBehaviorBiomassBuff100CompleteOnlyAtUnit1	CRequirementAnd	mods/starcoop/starcoop.sc2mod/base.sc2data/gamedata/requirementnodedata.xml	合作指挥官版起义狂潮\Mods\XM\XMAbathur.SC2Mod\Base.SC2Data\GameData\RequirementNodeData.xml
AndCountUpgradeKerriganCommanderCompleteOnlyGT11CountUpgradeCommanderLevelCompleteOnlyNot1225867992CountBehaviorUnderConstructionCompleteOnlyAtUnit	CRequirementAnd	mods/starcoop/starcoop.sc2mod/base.sc2data/gamedata/requirementnodedata.xml	合作指挥官版起义狂潮\Mods\XM\XMAbathur.SC2Mod\Base.SC2Data\GameData\RequirementNodeData.xml
AndCountUpgradeKerriganCommanderCompleteOnlyGT4CountUpgradeCommanderLevelCompleteOnlyNot1225867992CountBehaviorUnderConstructionCompleteOnlyAtUnit	CRequirementAnd	mods/starcoop/starcoop.sc2mod/base.sc2data/gamedata/requirementnodedata.xml	合作指挥官版起义狂潮\Mods\XM\XMAbathur.SC2Mod\Base.SC2Data\GameData\RequirementNodeData.xml
AndCountUpgradeKerriganCommanderCompleteOnlyGT5CountUpgradeCommanderLevelCompleteOnlyNot1225867992CountBehaviorUnderConstructionCompleteOnlyAtUnit	CRequirementAnd	mods/starcoop/starcoop.sc2mod/base.sc2data/gamedata/requirementnodedata.xml	合作指挥官版起义狂潮\Mods\XM\XMAbathur.SC2Mod\Base.SC2Data\GameData\RequirementNodeData.xml
AndCountUpgradeKerriganCommanderCompleteOnlyGT6CountUpgradeCommanderLevelCompleteOnlyNot1225867992CountBehaviorUnderConstructionCompleteOnlyAtUnit	CRequirementAnd	mods/starcoop/starcoop.sc2mod/base.sc2data/gamedata/requirementnodedata.xml	合作指挥官版起义狂潮\Mods\XM\XMAbathur.SC2Mod\Base.SC2Data\GameData\RequirementNodeData.xml
AndCountUpgradeKerriganCommanderCompleteOnlyGT9CountUpgradeCommanderLevelCompleteOnlyNot1225867992CountBehaviorUnderConstructionCompleteOnlyAtUnit	CRequirementAnd	mods/starcoop/starcoop.sc2mod/base.sc2data/gamedata/requirementnodedata.xml	合作指挥官版起义狂潮\Mods\XM\XMAbathur.SC2Mod\Base.SC2Data\GameData\RequirementNodeData.xml
AndCountUpgradeSymbioteSpikeBurstRankTwoQueuedOrBetterNotCountUpgradeAbathurLocustAirAttackQueuedOrBetterCountUpgradeAbathurCommanderCompleteOnly	CRequirementAnd	mods/starcoop/starcoop.sc2mod/base.sc2data/gamedata/requirementnodedata.xml	合作指挥官版起义狂潮\Mods\XM\XMAbathur.SC2Mod\Base.SC2Data\GameData\RequirementNodeData.xml
AndCountUpgradeSymbioteStabRankTwoQueuedOrBetterNotCountUpgradeSymbioteStabUpgradeQueuedOrBetterCountUpgradeAbathurCommanderCompleteOnly	CRequirementAnd	mods/starcoop/starcoop.sc2mod/base.sc2data/gamedata/requirementnodedata.xml	合作指挥官版起义狂潮\Mods\XM\XMAbathur.SC2Mod\Base.SC2Data\GameData\RequirementNodeData.xml
AndCountUpgradeZagaraCommanderCompleteOnlyGT13CountUpgradeCommanderLevelCompleteOnlyNot1225867992CountBehaviorUnderConstructionCompleteOnlyAtUnit	CRequirementAnd	mods/starcoop/starcoop.sc2mod/base.sc2data/gamedata/requirementnodedata.xml	合作指挥官版起义狂潮\Mods\XM\XMAbathur.SC2Mod\Base.SC2Data\GameData\RequirementNodeData.xml
AndCountUpgradeZagaraCommanderCompleteOnlyGT5CountUpgradeCommanderLevelCompleteOnlyNot1225867992CountBehaviorUnderConstructionCompleteOnlyAtUnit	CRequirementAnd	mods/starcoop/starcoop.sc2mod/base.sc2data/gamedata/requirementnodedata.xml	合作指挥官版起义狂潮\Mods\XM\XMAbathur.SC2Mod\Base.SC2Data\GameData\RequirementNodeData.xml
AndCountUpgradeZagaraCommanderCompleteOnlyGT6CountUpgradeCommanderLevelCompleteOnlyNot1225867992CountBehaviorUnderConstructionCompleteOnlyAtUnit	CRequirementAnd	mods/starcoop/starcoop.sc2mod/base.sc2data/gamedata/requirementnodedata.xml	合作指挥官版起义狂潮\Mods\XM\XMAbathur.SC2Mod\Base.SC2Data\GameData\RequirementNodeData.xml
AndCountUpgradeZagaraCommanderCompleteOnlyGT9CountUpgradeCommanderLevelCompleteOnlyNot1225867992CountBehaviorUnderConstructionCompleteOnlyAtUnit	CRequirementAnd	mods/starcoop/starcoop.sc2mod/base.sc2data/gamedata/requirementnodedata.xml	合作指挥官版起义狂潮\Mods\XM\XMAbathur.SC2Mod\Base.SC2Data\GameData\RequirementNodeData.xml
AndEq1324349842CountUpgradeZagaraGroundAttacksLevel1CompleteOnly1CountUnitAlias_LairCompleteOnly1515591279TechTreeCheat	CRequirementAnd	mods/starcoop/starcoop.sc2mod/base.sc2data/gamedata/requirementnodedata.xml	合作指挥官版起义狂潮\Mods\XM\XMAbathur.SC2Mod\Base.SC2Data\GameData\RequirementNodeData.xml
AndEq548665234CountUpgradeZagaraGroundAttacksLevel2CompleteOnly1CountUnitHiveCompleteOnlyTechTreeCheat	CRequirementAnd	mods/starcoop/starcoop.sc2mod/base.sc2data/gamedata/requirementnodedata.xml	合作指挥官版起义狂潮\Mods\XM\XMAbathur.SC2Mod\Base.SC2Data\GameData\RequirementNodeData.xml
AndNotCountUpgradeCommanderPrestigeAbathurUltEvoCompleteOnlyGTCountBehaviorBiomassBuff100CompleteOnlyAtUnit0	CRequirementAnd	mods/starcoop/starcoop.sc2mod/base.sc2data/gamedata/requirementnodedata.xml	合作指挥官版起义狂潮\Mods\XM\XMAbathur.SC2Mod\Base.SC2Data\GameData\RequirementNodeData.xml
AndOr414922528LTCountUnitAlias_BrutaliskQueuedOrBetter3CountUpgradeCommanderPrestigeAbathurUltEvoCompleteOnlyOr4146644285AndCountUpgradeCommanderPrestigeAbathurUltEvoCompleteOnlyGTCountBehaviorBiomass3537587004	CRequirementAnd	mods/starcoop/starcoop.sc2mod/base.sc2data/gamedata/requirementnodedata.xml	合作指挥官版起义狂潮\Mods\XM\XMAbathur.SC2Mod\Base.SC2Data\GameData\RequirementNodeData.xml
AndOr414922528LTCountUnitHotSLeviathanQueuedOrBetter8488000033CountUpgradeCommanderPrestigeAbathurUltEvoCompleteOnlyOr4146644285AndCountUpgradeCommanderPrestigeAbathurUltEvoCompleteOnlyGTCountBehavior1307102701	CRequirementAnd	mods/starcoop/starcoop.sc2mod/base.sc2data/gamedata/requirementnodedata.xml	合作指挥官版起义狂潮\Mods\XM\XMAbathur.SC2Mod\Base.SC2Data\GameData\RequirementNodeData.xml
CountBehaviorBiomassBuff100CompleteOnlyAtUnit	CRequirementCountBehavior	mods/starcoop/starcoop.sc2mod/base.sc2data/gamedata/requirementnodedata.xml	合作指挥官版起义狂潮\Mods\XM\XMAbathur.SC2Mod\Base.SC2Data\GameData\RequirementNodeData.xml
CountBehaviorBiomassBuff10CompleteOnlyAtUnit	CRequirementCountBehavior	mods/starcoop/starcoop.sc2mod/base.sc2data/gamedata/requirementnodedata.xml	合作指挥官版起义狂潮\Mods\XM\XMAbathur.SC2Mod\Base.SC2Data\GameData\RequirementNodeData.xml
CountBehaviorBiomassBuff1CompleteOnlyAtUnit	CRequirementCountBehavior	mods/starcoop/starcoop.sc2mod/base.sc2data/gamedata/requirementnodedata.xml	合作指挥官版起义狂潮\Mods\XM\XMAbathur.SC2Mod\Base.SC2Data\GameData\RequirementNodeData.xml
CountBehaviorBiomassTargetMarkCompleteOnly	CRequirementCountBehavior	mods/starcoop/starcoop.sc2mod/base.sc2data/gamedata/requirementnodedata.xml	合作指挥官版起义狂潮\Mods\XM\XMAbathur.SC2Mod\Base.SC2Data\GameData\RequirementNodeData.xml
CountBehaviorMutatorWorkerSleepCompleteOnlyAtUnit	CRequirementCountBehavior	mods/starcoop/starcoop.sc2mod/base.sc2data/gamedata/requirementnodedata.xml	合作指挥官版起义狂潮\Mods\XM\XMAbathur.SC2Mod\Base.SC2Data\GameData\RequirementNodeData.xml
CountUnitAlias_BrutaliskQueuedOrBetter	CRequirementCountUnit	mods/starcoop/starcoop.sc2mod/base.sc2data/gamedata/requirementnodedata.xml	合作指挥官版起义狂潮\Mods\XM\XMAbathur.SC2Mod\Base.SC2Data\GameData\RequirementNodeData.xml
CountUnitAlias_LairCompleteOnly1515591279	CRequirementCountUnit	mods/starcoop/starcoop.sc2mod/base.sc2data/gamedata/requirementnodedata.xml	合作指挥官版起义狂潮\Mods\XM\XMAbathur.SC2Mod\Base.SC2Data\GameData\RequirementNodeData.xml
CountUnitAlias_RoachWarrenCompleteOnly1336656448TechTreeCheat	CRequirementCountUnit	mods/starcoop/starcoop.sc2mod/base.sc2data/gamedata/requirementnodedata.xml	合作指挥官版起义狂潮\Mods\XM\XMAbathur.SC2Mod\Base.SC2Data\GameData\RequirementNodeData.xml
CountUnitGreaterSpireCompleteOnly556792915TechTreeCheat	CRequirementCountUnit	mods/starcoop/starcoop.sc2mod/base.sc2data/gamedata/requirementnodedata.xml	合作指挥官版起义狂潮\Mods\XM\XMAbathur.SC2Mod\Base.SC2Data\GameData\RequirementNodeData.xml
CountUnitGreaterSpireCompleteOnlyAtUnit	CRequirementCountUnit	mods/starcoop/starcoop.sc2mod/base.sc2data/gamedata/requirementnodedata.xml	合作指挥官版起义狂潮\Mods\XM\XMAbathur.SC2Mod\Base.SC2Data\GameData\RequirementNodeData.xml
CountUnitHiveCompleteOnly	CRequirementCountUnit	mods/starcoop/starcoop.sc2mod/base.sc2data/gamedata/requirementnodedata.xml	合作指挥官版起义狂潮\Mods\XM\XMAbathur.SC2Mod\Base.SC2Data\GameData\RequirementNodeData.xml
CountUpgradeAbathurBioMechanicalTransfusionCompleteOnly	CRequirementCountUpgrade	mods/starcoop/starcoop.sc2mod/base.sc2data/gamedata/requirementnodedata.xml	合作指挥官版起义狂潮\Mods\XM\XMAbathur.SC2Mod\Base.SC2Data\GameData\RequirementNodeData.xml
CountUpgradeAbathurBioMechanicalTransfusionQueuedOrBetter	CRequirementCountUpgrade	mods/starcoop/starcoop.sc2mod/base.sc2data/gamedata/requirementnodedata.xml	合作指挥官版起义狂潮\Mods\XM\XMAbathur.SC2Mod\Base.SC2Data\GameData\RequirementNodeData.xml
CountUpgradeAbathurCommanderCompleteOnly	CRequirementCountUpgrade	mods/starcoop/starcoop.sc2mod/base.sc2data/gamedata/requirementnodedata.xml	合作指挥官版起义狂潮\Mods\XM\XMAbathur.SC2Mod\Base.SC2Data\GameData\RequirementNodeData.xml
CountUpgradeAbathurDeepTunnelCompleteOnly463322596TechTreeCheat	CRequirementCountUpgrade	mods/starcoop/starcoop.sc2mod/base.sc2data/gamedata/requirementnodedata.xml	合作指挥官版起义狂潮\Mods\XM\XMAbathur.SC2Mod\Base.SC2Data\GameData\RequirementNodeData.xml
CountUpgradeAbathurEnableSymbioteCompleteOnly	CRequirementCountUpgrade	mods/starcoop/starcoop.sc2mod/base.sc2data/gamedata/requirementnodedata.xml	合作指挥官版起义狂潮\Mods\XM\XMAbathur.SC2Mod\Base.SC2Data\GameData\RequirementNodeData.xml
CountUpgradeAbathurHatcheryDoubleQueueQueuedOrBetter	CRequirementCountUpgrade	mods/starcoop/starcoop.sc2mod/base.sc2data/gamedata/requirementnodedata.xml	合作指挥官版起义狂潮\Mods\XM\XMAbathur.SC2Mod\Base.SC2Data\GameData\RequirementNodeData.xml
CountUpgradeAbathurHiddenToxicNestCompleteOnlyTechTreeCheat	CRequirementCountUpgrade	mods/starcoop/starcoop.sc2mod/base.sc2data/gamedata/requirementnodedata.xml	合作指挥官版起义狂潮\Mods\XM\XMAbathur.SC2Mod\Base.SC2Data\GameData\RequirementNodeData.xml
CountUpgradeAbathurHiddenToxicNestQueuedOrBetter	CRequirementCountUpgrade	mods/starcoop/starcoop.sc2mod/base.sc2data/gamedata/requirementnodedata.xml	合作指挥官版起义狂潮\Mods\XM\XMAbathur.SC2Mod\Base.SC2Data\GameData\RequirementNodeData.xml
CountUpgradeAbathurImprovedToxicNestCompleteOnlyTechTreeCheat	CRequirementCountUpgrade	mods/starcoop/starcoop.sc2mod/base.sc2data/gamedata/requirementnodedata.xml	合作指挥官版起义狂潮\Mods\XM\XMAbathur.SC2Mod\Base.SC2Data\GameData\RequirementNodeData.xml
CountUpgradeAbathurImprovedToxicNestQueuedOrBetter	CRequirementCountUpgrade	mods/starcoop/starcoop.sc2mod/base.sc2data/gamedata/requirementnodedata.xml	合作指挥官版起义狂潮\Mods\XM\XMAbathur.SC2Mod\Base.SC2Data\GameData\RequirementNodeData.xml
CountUpgradeAbathurLocustAirAttackQueuedOrBetter	CRequirementCountUpgrade	mods/starcoop/starcoop.sc2mod/base.sc2data/gamedata/requirementnodedata.xml	合作指挥官版起义狂潮\Mods\XM\XMAbathur.SC2Mod\Base.SC2Data\GameData\RequirementNodeData.xml
CountUpgradeAbathurMutaliskHealthScalingUpgradeCompleteOnly	CRequirementCountUpgrade	mods/starcoop/starcoop.sc2mod/base.sc2data/gamedata/requirementnodedata.xml	合作指挥官版起义狂潮\Mods\XM\XMAbathur.SC2Mod\Base.SC2Data\GameData\RequirementNodeData.xml
CountUpgradeAbathurMutaliskHealthScalingUpgradeInProgressOnly	CRequirementCountUpgrade	mods/starcoop/starcoop.sc2mod/base.sc2data/gamedata/requirementnodedata.xml	合作指挥官版起义狂潮\Mods\XM\XMAbathur.SC2Mod\Base.SC2Data\GameData\RequirementNodeData.xml
CountUpgradeAbathurNetworkedCarapaceCompleteOnlyTechTreeCheat	CRequirementCountUpgrade	mods/starcoop/starcoop.sc2mod/base.sc2data/gamedata/requirementnodedata.xml	合作指挥官版起义狂潮\Mods\XM\XMAbathur.SC2Mod\Base.SC2Data\GameData\RequirementNodeData.xml
CountUpgradeAbathurRoachRangeScalingUpgradeCompleteOnly	CRequirementCountUpgrade	mods/starcoop/starcoop.sc2mod/base.sc2data/gamedata/requirementnodedata.xml	合作指挥官版起义狂潮\Mods\XM\XMAbathur.SC2Mod\Base.SC2Data\GameData\RequirementNodeData.xml
CountUpgradeAbathurRoachRangeScalingUpgradeInProgressOnly	CRequirementCountUpgrade	mods/starcoop/starcoop.sc2mod/base.sc2data/gamedata/requirementnodedata.xml	合作指挥官版起义狂潮\Mods\XM\XMAbathur.SC2Mod\Base.SC2Data\GameData\RequirementNodeData.xml
CountUpgradeAbathurSymbioteAdrenalineBoostCompleteOnlyTechTreeCheat	CRequirementCountUpgrade	mods/starcoop/starcoop.sc2mod/base.sc2data/gamedata/requirementnodedata.xml	合作指挥官版起义狂潮\Mods\XM\XMAbathur.SC2Mod\Base.SC2Data\GameData\RequirementNodeData.xml
CountUpgradeAbathurSymbioteDetectionCompleteOnlyTechTreeCheat	CRequirementCountUpgrade	mods/starcoop/starcoop.sc2mod/base.sc2data/gamedata/requirementnodedata.xml	合作指挥官版起义狂潮\Mods\XM\XMAbathur.SC2Mod\Base.SC2Data\GameData\RequirementNodeData.xml
CountUpgradeAbathurThornsAuraCompleteOnlyTechTreeCheat	CRequirementCountUpgrade	mods/starcoop/starcoop.sc2mod/base.sc2data/gamedata/requirementnodedata.xml	合作指挥官版起义狂潮\Mods\XM\XMAbathur.SC2Mod\Base.SC2Data\GameData\RequirementNodeData.xml
CountUpgradeAbathurToxicNestIcreasedBiomassCompleteOnlyTechTreeCheat	CRequirementCountUpgrade	mods/starcoop/starcoop.sc2mod/base.sc2data/gamedata/requirementnodedata.xml	合作指挥官版起义狂潮\Mods\XM\XMAbathur.SC2Mod\Base.SC2Data\GameData\RequirementNodeData.xml
CountUpgradeAlias_PneumatizedCarapaceCompleteOnly1781825861	CRequirementCountUpgrade	mods/starcoop/starcoop.sc2mod/base.sc2data/gamedata/requirementnodedata.xml	合作指挥官版起义狂潮\Mods\XM\XMAbathur.SC2Mod\Base.SC2Data\GameData\RequirementNodeData.xml
CountUpgradeCommanderLevelCompleteOnly	CRequirementCountUpgrade	mods/starcoop/starcoop.sc2mod/base.sc2data/gamedata/requirementnodedata.xml	合作指挥官版起义狂潮\Mods\XM\XMAbathur.SC2Mod\Base.SC2Data\GameData\RequirementNodeData.xml
CountUpgradeCommanderPrestigeAbathurBiomassCompleteOnly	CRequirementCountUpgrade	mods/starcoop/starcoop.sc2mod/base.sc2data/gamedata/requirementnodedata.xml	合作指挥官版起义狂潮\Mods\XM\XMAbathur.SC2Mod\Base.SC2Data\GameData\RequirementNodeData.xml
CountUpgradeCommanderPrestigeAbathurDeepTunnelCompleteOnly	CRequirementCountUpgrade	mods/starcoop/starcoop.sc2mod/base.sc2data/gamedata/requirementnodedata.xml	合作指挥官版起义狂潮\Mods\XM\XMAbathur.SC2Mod\Base.SC2Data\GameData\RequirementNodeData.xml
CountUpgradeCommanderPrestigeAbathurUltEvoCompleteOnly	CRequirementCountUpgrade	mods/starcoop/starcoop.sc2mod/base.sc2data/gamedata/requirementnodedata.xml	合作指挥官版起义狂潮\Mods\XM\XMAbathur.SC2Mod\Base.SC2Data\GameData\RequirementNodeData.xml
CountUpgradeCommanderPrestigeKerriganCreepCompleteOnly	CRequirementCountUpgrade	mods/starcoop/starcoop.sc2mod/base.sc2data/gamedata/requirementnodedata.xml	合作指挥官版起义狂潮\Mods\XM\XMAbathur.SC2Mod\Base.SC2Data\GameData\RequirementNodeData.xml
CountUpgradeCommanderPrestigeZagaraMaxSupplyCompleteOnly	CRequirementCountUpgrade	mods/starcoop/starcoop.sc2mod/base.sc2data/gamedata/requirementnodedata.xml	合作指挥官版起义狂潮\Mods\XM\XMAbathur.SC2Mod\Base.SC2Data\GameData\RequirementNodeData.xml
CountUpgradeCoopMutaliskCompleteOnly	CRequirementCountUpgrade	mods/starcoop/starcoop.sc2mod/base.sc2data/gamedata/requirementnodedata.xml	合作指挥官版起义狂潮\Mods\XM\XMAbathur.SC2Mod\Base.SC2Data\GameData\RequirementNodeData.xml
CountUpgradeEvolveBrutaliskCompleteOnly	CRequirementCountUpgrade	mods/starcoop/starcoop.sc2mod/base.sc2data/gamedata/requirementnodedata.xml	合作指挥官版起义狂潮\Mods\XM\XMAbathur.SC2Mod\Base.SC2Data\GameData\RequirementNodeData.xml
CountUpgradeHaveGuardianCompleteOnly	CRequirementCountUpgrade	mods/starcoop/starcoop.sc2mod/base.sc2data/gamedata/requirementnodedata.xml	合作指挥官版起义狂潮\Mods\XM\XMAbathur.SC2Mod\Base.SC2Data\GameData\RequirementNodeData.xml
CountUpgradeHotSCreepGenerationCompleteOnly3723951879	CRequirementCountUpgrade	mods/starcoop/starcoop.sc2mod/base.sc2data/gamedata/requirementnodedata.xml	合作指挥官版起义狂潮\Mods\XM\XMAbathur.SC2Mod\Base.SC2Data\GameData\RequirementNodeData.xml
CountUpgradeHotSHaveDevourerCompleteOnly	CRequirementCountUpgrade	mods/starcoop/starcoop.sc2mod/base.sc2data/gamedata/requirementnodedata.xml	合作指挥官版起义狂潮\Mods\XM\XMAbathur.SC2Mod\Base.SC2Data\GameData\RequirementNodeData.xml
CountUpgradeKerriganCommanderCompleteOnly	CRequirementCountUpgrade	mods/starcoop/starcoop.sc2mod/base.sc2data/gamedata/requirementnodedata.xml	合作指挥官版起义狂潮\Mods\XM\XMAbathur.SC2Mod\Base.SC2Data\GameData\RequirementNodeData.xml
CountUpgradeMasteryAbathurBiomassRefundCompleteOnly	CRequirementCountUpgrade	mods/starcoop/starcoop.sc2mod/base.sc2data/gamedata/requirementnodedata.xml	合作指挥官版起义狂潮\Mods\XM\XMAbathur.SC2Mod\Base.SC2Data\GameData\RequirementNodeData.xml
CountUpgradeMasteryAbathurDoubleBiomassCompleteOnly	CRequirementCountUpgrade	mods/starcoop/starcoop.sc2mod/base.sc2data/gamedata/requirementnodedata.xml	合作指挥官版起义狂潮\Mods\XM\XMAbathur.SC2Mod\Base.SC2Data\GameData\RequirementNodeData.xml
CountUpgradeMasteryAbathurSymbioteCarapaceCompleteOnly	CRequirementCountUpgrade	mods/starcoop/starcoop.sc2mod/base.sc2data/gamedata/requirementnodedata.xml	合作指挥官版起义狂潮\Mods\XM\XMAbathur.SC2Mod\Base.SC2Data\GameData\RequirementNodeData.xml
CountUpgradeMasteryAbathurSymbioteCDRCompleteOnly	CRequirementCountUpgrade	mods/starcoop/starcoop.sc2mod/base.sc2data/gamedata/requirementnodedata.xml	合作指挥官版起义狂潮\Mods\XM\XMAbathur.SC2Mod\Base.SC2Data\GameData\RequirementNodeData.xml
CountUpgradeMasteryKerriganArmyGasCostCompleteOnly	CRequirementCountUpgrade	mods/starcoop/starcoop.sc2mod/base.sc2data/gamedata/requirementnodedata.xml	合作指挥官版起义狂潮\Mods\XM\XMAbathur.SC2Mod\Base.SC2Data\GameData\RequirementNodeData.xml
CountUpgradeMasteryKerriganLarvaRateCompleteOnly	CRequirementCountUpgrade	mods/starcoop/starcoop.sc2mod/base.sc2data/gamedata/requirementnodedata.xml	合作指挥官版起义狂潮\Mods\XM\XMAbathur.SC2Mod\Base.SC2Data\GameData\RequirementNodeData.xml
CountUpgradeNoSnapshotsCompleteOnly	CRequirementCountUpgrade	mods/starcoop/starcoop.sc2mod/base.sc2data/gamedata/requirementnodedata.xml	合作指挥官版起义狂潮\Mods\XM\XMAbathur.SC2Mod\Base.SC2Data\GameData\RequirementNodeData.xml
CountUpgradeRavagerCorrosiveBileDamageIncreaseCompleteOnly2063045637	CRequirementCountUpgrade	mods/starcoop/starcoop.sc2mod/base.sc2data/gamedata/requirementnodedata.xml	合作指挥官版起义狂潮\Mods\XM\XMAbathur.SC2Mod\Base.SC2Data\GameData\RequirementNodeData.xml
CountUpgradeRavagerCorrosiveBileRadiusIncreaseCompleteOnly3811819091	CRequirementCountUpgrade	mods/starcoop/starcoop.sc2mod/base.sc2data/gamedata/requirementnodedata.xml	合作指挥官版起义狂潮\Mods\XM\XMAbathur.SC2Mod\Base.SC2Data\GameData\RequirementNodeData.xml
CountUpgradeSeismicSpinesQueuedOrBetter	CRequirementCountUpgrade	mods/starcoop/starcoop.sc2mod/base.sc2data/gamedata/requirementnodedata.xml	合作指挥官版起义狂潮\Mods\XM\XMAbathur.SC2Mod\Base.SC2Data\GameData\RequirementNodeData.xml
CountUpgradeStukovCommanderCompleteOnly	CRequirementCountUpgrade	mods/starcoop/starcoop.sc2mod/base.sc2data/gamedata/requirementnodedata.xml	合作指挥官版起义狂潮\Mods\XM\XMAbathur.SC2Mod\Base.SC2Data\GameData\RequirementNodeData.xml
CountUpgradeSymbioteSpikeBurstRankTwoCompleteOnly	CRequirementCountUpgrade	mods/starcoop/starcoop.sc2mod/base.sc2data/gamedata/requirementnodedata.xml	合作指挥官版起义狂潮\Mods\XM\XMAbathur.SC2Mod\Base.SC2Data\GameData\RequirementNodeData.xml
CountUpgradeSymbioteSpikeBurstRankTwoQueuedOrBetter	CRequirementCountUpgrade	mods/starcoop/starcoop.sc2mod/base.sc2data/gamedata/requirementnodedata.xml	合作指挥官版起义狂潮\Mods\XM\XMAbathur.SC2Mod\Base.SC2Data\GameData\RequirementNodeData.xml
CountUpgradeSymbioteStabRankTwoCompleteOnly	CRequirementCountUpgrade	mods/starcoop/starcoop.sc2mod/base.sc2data/gamedata/requirementnodedata.xml	合作指挥官版起义狂潮\Mods\XM\XMAbathur.SC2Mod\Base.SC2Data\GameData\RequirementNodeData.xml
CountUpgradeSymbioteStabRankTwoQueuedOrBetter	CRequirementCountUpgrade	mods/starcoop/starcoop.sc2mod/base.sc2data/gamedata/requirementnodedata.xml	合作指挥官版起义狂潮\Mods\XM\XMAbathur.SC2Mod\Base.SC2Data\GameData\RequirementNodeData.xml
CountUpgradeSymbioteStabUpgradeQueuedOrBetter	CRequirementCountUpgrade	mods/starcoop/starcoop.sc2mod/base.sc2data/gamedata/requirementnodedata.xml	合作指挥官版起义狂潮\Mods\XM\XMAbathur.SC2Mod\Base.SC2Data\GameData\RequirementNodeData.xml
CountUpgradeZagaraBileLaunchersCompleteOnly	CRequirementCountUpgrade	mods/starcoop/starcoop.sc2mod/base.sc2data/gamedata/requirementnodedata.xml	合作指挥官版起义狂潮\Mods\XM\XMAbathur.SC2Mod\Base.SC2Data\GameData\RequirementNodeData.xml
CountUpgradeZagaraCommanderCompleteOnly	CRequirementCountUpgrade	mods/starcoop/starcoop.sc2mod/base.sc2data/gamedata/requirementnodedata.xml	合作指挥官版起义狂潮\Mods\XM\XMAbathur.SC2Mod\Base.SC2Data\GameData\RequirementNodeData.xml
EqCountBehaviorBiomassBuff100CompleteOnlyAtUnit0	CRequirementEq	mods/starcoop/starcoop.sc2mod/base.sc2data/gamedata/requirementnodedata.xml	合作指挥官版起义狂潮\Mods\XM\XMAbathur.SC2Mod\Base.SC2Data\GameData\RequirementNodeData.xml
EqCountBehaviorBiomassBuff10CompleteOnlyAtUnit0	CRequirementEq	mods/starcoop/starcoop.sc2mod/base.sc2data/gamedata/requirementnodedata.xml	合作指挥官版起义狂潮\Mods\XM\XMAbathur.SC2Mod\Base.SC2Data\GameData\RequirementNodeData.xml
EqCountBehaviorBiomassBuff1CompleteOnlyAtUnit0	CRequirementEq	mods/starcoop/starcoop.sc2mod/base.sc2data/gamedata/requirementnodedata.xml	合作指挥官版起义狂潮\Mods\XM\XMAbathur.SC2Mod\Base.SC2Data\GameData\RequirementNodeData.xml
EqCountBehaviorBiomassTargetMarkCompleteOnly0	CRequirementEq	mods/starcoop/starcoop.sc2mod/base.sc2data/gamedata/requirementnodedata.xml	合作指挥官版起义狂潮\Mods\XM\XMAbathur.SC2Mod\Base.SC2Data\GameData\RequirementNodeData.xml
EqCountUpgradeZagaraGroundAttacksLevel1QueuedOrBetter0	CRequirementEq	mods/starcoop/starcoop.sc2mod/base.sc2data/gamedata/requirementnodedata.xml	合作指挥官版起义狂潮\Mods\XM\XMAbathur.SC2Mod\Base.SC2Data\GameData\RequirementNodeData.xml
EqCountUpgradeZagaraGroundAttacksLevel2QueuedOrBetter0	CRequirementEq	mods/starcoop/starcoop.sc2mod/base.sc2data/gamedata/requirementnodedata.xml	合作指挥官版起义狂潮\Mods\XM\XMAbathur.SC2Mod\Base.SC2Data\GameData\RequirementNodeData.xml
EqCountUpgradeZagaraGroundAttacksLevel3QueuedOrBetter0	CRequirementEq	mods/starcoop/starcoop.sc2mod/base.sc2data/gamedata/requirementnodedata.xml	合作指挥官版起义狂潮\Mods\XM\XMAbathur.SC2Mod\Base.SC2Data\GameData\RequirementNodeData.xml
GT10CountUpgradeCommanderLevelCompleteOnly	CRequirementGT	mods/starcoop/starcoop.sc2mod/base.sc2data/gamedata/requirementnodedata.xml	合作指挥官版起义狂潮\Mods\XM\XMAbathur.SC2Mod\Base.SC2Data\GameData\RequirementNodeData.xml
GT11CountUpgradeCommanderLevelCompleteOnly	CRequirementGT	mods/starcoop/starcoop.sc2mod/base.sc2data/gamedata/requirementnodedata.xml	合作指挥官版起义狂潮\Mods\XM\XMAbathur.SC2Mod\Base.SC2Data\GameData\RequirementNodeData.xml
GT12CountUpgradeCommanderLevelCompleteOnly	CRequirementGT	mods/starcoop/starcoop.sc2mod/base.sc2data/gamedata/requirementnodedata.xml	合作指挥官版起义狂潮\Mods\XM\XMAbathur.SC2Mod\Base.SC2Data\GameData\RequirementNodeData.xml
GT13CountUpgradeCommanderLevelCompleteOnly	CRequirementGT	mods/starcoop/starcoop.sc2mod/base.sc2data/gamedata/requirementnodedata.xml	合作指挥官版起义狂潮\Mods\XM\XMAbathur.SC2Mod\Base.SC2Data\GameData\RequirementNodeData.xml
GT14CountUpgradeCommanderLevelCompleteOnly	CRequirementGT	mods/starcoop/starcoop.sc2mod/base.sc2data/gamedata/requirementnodedata.xml	合作指挥官版起义狂潮\Mods\XM\XMAbathur.SC2Mod\Base.SC2Data\GameData\RequirementNodeData.xml
GT15CountUpgradeCommanderLevelCompleteOnly	CRequirementGT	mods/starcoop/starcoop.sc2mod/base.sc2data/gamedata/requirementnodedata.xml	合作指挥官版起义狂潮\Mods\XM\XMAbathur.SC2Mod\Base.SC2Data\GameData\RequirementNodeData.xml
GT2CountUpgradeCommanderLevelCompleteOnly	CRequirementGT	mods/starcoop/starcoop.sc2mod/base.sc2data/gamedata/requirementnodedata.xml	合作指挥官版起义狂潮\Mods\XM\XMAbathur.SC2Mod\Base.SC2Data\GameData\RequirementNodeData.xml
GT3CountUpgradeCommanderLevelCompleteOnly	CRequirementGT	mods/starcoop/starcoop.sc2mod/base.sc2data/gamedata/requirementnodedata.xml	合作指挥官版起义狂潮\Mods\XM\XMAbathur.SC2Mod\Base.SC2Data\GameData\RequirementNodeData.xml
GT4CountUpgradeCommanderLevelCompleteOnly	CRequirementGT	mods/starcoop/starcoop.sc2mod/base.sc2data/gamedata/requirementnodedata.xml	合作指挥官版起义狂潮\Mods\XM\XMAbathur.SC2Mod\Base.SC2Data\GameData\RequirementNodeData.xml
GT5CountUpgradeCommanderLevelCompleteOnly	CRequirementGT	mods/starcoop/starcoop.sc2mod/base.sc2data/gamedata/requirementnodedata.xml	合作指挥官版起义狂潮\Mods\XM\XMAbathur.SC2Mod\Base.SC2Data\GameData\RequirementNodeData.xml
GT6CountUpgradeCommanderLevelCompleteOnly	CRequirementGT	mods/starcoop/starcoop.sc2mod/base.sc2data/gamedata/requirementnodedata.xml	合作指挥官版起义狂潮\Mods\XM\XMAbathur.SC2Mod\Base.SC2Data\GameData\RequirementNodeData.xml
GT7CountUpgradeCommanderLevelCompleteOnly	CRequirementGT	mods/starcoop/starcoop.sc2mod/base.sc2data/gamedata/requirementnodedata.xml	合作指挥官版起义狂潮\Mods\XM\XMAbathur.SC2Mod\Base.SC2Data\GameData\RequirementNodeData.xml
GT8CountUpgradeCommanderLevelCompleteOnly	CRequirementGT	mods/starcoop/starcoop.sc2mod/base.sc2data/gamedata/requirementnodedata.xml	合作指挥官版起义狂潮\Mods\XM\XMAbathur.SC2Mod\Base.SC2Data\GameData\RequirementNodeData.xml
GT9CountUpgradeCommanderLevelCompleteOnly	CRequirementGT	mods/starcoop/starcoop.sc2mod/base.sc2data/gamedata/requirementnodedata.xml	合作指挥官版起义狂潮\Mods\XM\XMAbathur.SC2Mod\Base.SC2Data\GameData\RequirementNodeData.xml
GTCountBehaviorBiomassBuff100CompleteOnlyAtUnit0	CRequirementGT	mods/starcoop/starcoop.sc2mod/base.sc2data/gamedata/requirementnodedata.xml	合作指挥官版起义狂潮\Mods\XM\XMAbathur.SC2Mod\Base.SC2Data\GameData\RequirementNodeData.xml
GTCountBehaviorBiomassBuff100CompleteOnlyAtUnit1	CRequirementGT	mods/starcoop/starcoop.sc2mod/base.sc2data/gamedata/requirementnodedata.xml	合作指挥官版起义狂潮\Mods\XM\XMAbathur.SC2Mod\Base.SC2Data\GameData\RequirementNodeData.xml
GTCountBehaviorBiomassBuff10CompleteOnlyAtUnit0	CRequirementGT	mods/starcoop/starcoop.sc2mod/base.sc2data/gamedata/requirementnodedata.xml	合作指挥官版起义狂潮\Mods\XM\XMAbathur.SC2Mod\Base.SC2Data\GameData\RequirementNodeData.xml
GTCountBehaviorBiomassBuff1CompleteOnlyAtUnit0	CRequirementGT	mods/starcoop/starcoop.sc2mod/base.sc2data/gamedata/requirementnodedata.xml	合作指挥官版起义狂潮\Mods\XM\XMAbathur.SC2Mod\Base.SC2Data\GameData\RequirementNodeData.xml
GTCountBehaviorBiomassTargetMarkCompleteOnly0	CRequirementGT	mods/starcoop/starcoop.sc2mod/base.sc2data/gamedata/requirementnodedata.xml	合作指挥官版起义狂潮\Mods\XM\XMAbathur.SC2Mod\Base.SC2Data\GameData\RequirementNodeData.xml
GTECountUpgradeCommanderLevelCompleteOnly7	CRequirementGTE	mods/starcoop/starcoop.sc2mod/base.sc2data/gamedata/requirementnodedata.xml	合作指挥官版起义狂潮\Mods\XM\XMAbathur.SC2Mod\Base.SC2Data\GameData\RequirementNodeData.xml
LTCountUnitAlias_BrutaliskQueuedOrBetter3	CRequirementLT	mods/starcoop/starcoop.sc2mod/base.sc2data/gamedata/requirementnodedata.xml	合作指挥官版起义狂潮\Mods\XM\XMAbathur.SC2Mod\Base.SC2Data\GameData\RequirementNodeData.xml
LTCountUnitHotSLeviathanQueuedOrBetter8488000033	CRequirementLT	mods/starcoop/starcoop.sc2mod/base.sc2data/gamedata/requirementnodedata.xml	合作指挥官版起义狂潮\Mods\XM\XMAbathur.SC2Mod\Base.SC2Data\GameData\RequirementNodeData.xml
LTE9CountUpgradeCommanderLevelCompleteOnly	CRequirementLTE	mods/starcoop/starcoop.sc2mod/base.sc2data/gamedata/requirementnodedata.xml	合作指挥官版起义狂潮\Mods\XM\XMAbathur.SC2Mod\Base.SC2Data\GameData\RequirementNodeData.xml
LTECountUpgradeAbathurMutaliskHealthScalingUpgradeCompleteOnly10	CRequirementLTE	mods/starcoop/starcoop.sc2mod/base.sc2data/gamedata/requirementnodedata.xml	合作指挥官版起义狂潮\Mods\XM\XMAbathur.SC2Mod\Base.SC2Data\GameData\RequirementNodeData.xml
LTECountUpgradeAbathurRoachRangeScalingUpgradeCompleteOnly10	CRequirementLTE	mods/starcoop/starcoop.sc2mod/base.sc2data/gamedata/requirementnodedata.xml	合作指挥官版起义狂潮\Mods\XM\XMAbathur.SC2Mod\Base.SC2Data\GameData\RequirementNodeData.xml
NotCountUpgradeAbathurBioMechanicalTransfusionCompleteOnly	CRequirementNot	mods/starcoop/starcoop.sc2mod/base.sc2data/gamedata/requirementnodedata.xml	合作指挥官版起义狂潮\Mods\XM\XMAbathur.SC2Mod\Base.SC2Data\GameData\RequirementNodeData.xml
NotCountUpgradeAbathurBioMechanicalTransfusionQueuedOrBetter	CRequirementNot	mods/starcoop/starcoop.sc2mod/base.sc2data/gamedata/requirementnodedata.xml	合作指挥官版起义狂潮\Mods\XM\XMAbathur.SC2Mod\Base.SC2Data\GameData\RequirementNodeData.xml
NotCountUpgradeAbathurHatcheryDoubleQueueQueuedOrBetter	CRequirementNot	mods/starcoop/starcoop.sc2mod/base.sc2data/gamedata/requirementnodedata.xml	合作指挥官版起义狂潮\Mods\XM\XMAbathur.SC2Mod\Base.SC2Data\GameData\RequirementNodeData.xml
NotCountUpgradeAbathurHiddenToxicNestQueuedOrBetter	CRequirementNot	mods/starcoop/starcoop.sc2mod/base.sc2data/gamedata/requirementnodedata.xml	合作指挥官版起义狂潮\Mods\XM\XMAbathur.SC2Mod\Base.SC2Data\GameData\RequirementNodeData.xml
NotCountUpgradeAbathurImprovedToxicNestQueuedOrBetter	CRequirementNot	mods/starcoop/starcoop.sc2mod/base.sc2data/gamedata/requirementnodedata.xml	合作指挥官版起义狂潮\Mods\XM\XMAbathur.SC2Mod\Base.SC2Data\GameData\RequirementNodeData.xml
NotCountUpgradeAbathurLocustAirAttackQueuedOrBetter	CRequirementNot	mods/starcoop/starcoop.sc2mod/base.sc2data/gamedata/requirementnodedata.xml	合作指挥官版起义狂潮\Mods\XM\XMAbathur.SC2Mod\Base.SC2Data\GameData\RequirementNodeData.xml
NotCountUpgradeAbathurMutaliskHealthScalingUpgradeInProgressOnly	CRequirementNot	mods/starcoop/starcoop.sc2mod/base.sc2data/gamedata/requirementnodedata.xml	合作指挥官版起义狂潮\Mods\XM\XMAbathur.SC2Mod\Base.SC2Data\GameData\RequirementNodeData.xml
NotCountUpgradeAbathurRoachRangeScalingUpgradeInProgressOnly	CRequirementNot	mods/starcoop/starcoop.sc2mod/base.sc2data/gamedata/requirementnodedata.xml	合作指挥官版起义狂潮\Mods\XM\XMAbathur.SC2Mod\Base.SC2Data\GameData\RequirementNodeData.xml
NotCountUpgradeAberrationArmorAuraQueuedOrBetter	CRequirementNot	mods/starcoop/starcoop.sc2mod/base.sc2data/gamedata/requirementnodedata.xml	合作指挥官版起义狂潮\Mods\XM\XMAbathur.SC2Mod\Base.SC2Data\GameData\RequirementNodeData.xml
NotCountUpgradeBileLauncherBombardmentCooldownQueuedOrBetter	CRequirementNot	mods/starcoop/starcoop.sc2mod/base.sc2data/gamedata/requirementnodedata.xml	合作指挥官版起义狂潮\Mods\XM\XMAbathur.SC2Mod\Base.SC2Data\GameData\RequirementNodeData.xml
NotCountUpgradeBileLauncherIncreasedRangeQueuedOrBetter	CRequirementNot	mods/starcoop/starcoop.sc2mod/base.sc2data/gamedata/requirementnodedata.xml	合作指挥官版起义狂潮\Mods\XM\XMAbathur.SC2Mod\Base.SC2Data\GameData\RequirementNodeData.xml
NotCountUpgradeCommanderPrestigeAbathurBiomassCompleteOnly	CRequirementNot	mods/starcoop/starcoop.sc2mod/base.sc2data/gamedata/requirementnodedata.xml	合作指挥官版起义狂潮\Mods\XM\XMAbathur.SC2Mod\Base.SC2Data\GameData\RequirementNodeData.xml
NotCountUpgradeCommanderPrestigeAbathurDeepTunnelCompleteOnly	CRequirementNot	mods/starcoop/starcoop.sc2mod/base.sc2data/gamedata/requirementnodedata.xml	合作指挥官版起义狂潮\Mods\XM\XMAbathur.SC2Mod\Base.SC2Data\GameData\RequirementNodeData.xml
NotCountUpgradeCommanderPrestigeAbathurUltEvoCompleteOnly	CRequirementNot	mods/starcoop/starcoop.sc2mod/base.sc2data/gamedata/requirementnodedata.xml	合作指挥官版起义狂潮\Mods\XM\XMAbathur.SC2Mod\Base.SC2Data\GameData\RequirementNodeData.xml
NotCountUpgradeDevourerAoEDamageQueuedOrBetter	CRequirementNot	mods/starcoop/starcoop.sc2mod/base.sc2data/gamedata/requirementnodedata.xml	合作指挥官版起义狂潮\Mods\XM\XMAbathur.SC2Mod\Base.SC2Data\GameData\RequirementNodeData.xml
NotCountUpgradeGuardianAttackRangeIncreaseQueuedOrBetter	CRequirementNot	mods/starcoop/starcoop.sc2mod/base.sc2data/gamedata/requirementnodedata.xml	合作指挥官版起义狂潮\Mods\XM\XMAbathur.SC2Mod\Base.SC2Data\GameData\RequirementNodeData.xml
NotCountUpgradeHotSHydraliskHealthQueuedOrBetter	CRequirementNot	mods/starcoop/starcoop.sc2mod/base.sc2data/gamedata/requirementnodedata.xml	合作指挥官版起义狂潮\Mods\XM\XMAbathur.SC2Mod\Base.SC2Data\GameData\RequirementNodeData.xml
NotCountUpgradeHotSRapidRegenerationQueuedOrBetter	CRequirementNot	mods/starcoop/starcoop.sc2mod/base.sc2data/gamedata/requirementnodedata.xml	合作指挥官版起义狂潮\Mods\XM\XMAbathur.SC2Mod\Base.SC2Data\GameData\RequirementNodeData.xml
NotCountUpgradeHotSRoachDamageQueuedOrBetter	CRequirementNot	mods/starcoop/starcoop.sc2mod/base.sc2data/gamedata/requirementnodedata.xml	合作指挥官版起义狂潮\Mods\XM\XMAbathur.SC2Mod\Base.SC2Data\GameData\RequirementNodeData.xml
NotCountUpgradeHotSRoachShieldQueuedOrBetter	CRequirementNot	mods/starcoop/starcoop.sc2mod/base.sc2data/gamedata/requirementnodedata.xml	合作指挥官版起义狂潮\Mods\XM\XMAbathur.SC2Mod\Base.SC2Data\GameData\RequirementNodeData.xml
NotCountUpgradeHotSViciousGlaiveQueuedOrBetterTechTreeCheat	CRequirementNot	mods/starcoop/starcoop.sc2mod/base.sc2data/gamedata/requirementnodedata.xml	合作指挥官版起义狂潮\Mods\XM\XMAbathur.SC2Mod\Base.SC2Data\GameData\RequirementNodeData.xml
NotCountUpgradeHotSZerglingHealthQueuedOrBetter	CRequirementNot	mods/starcoop/starcoop.sc2mod/base.sc2data/gamedata/requirementnodedata.xml	合作指挥官版起义狂潮\Mods\XM\XMAbathur.SC2Mod\Base.SC2Data\GameData\RequirementNodeData.xml
NotCountUpgradeHydraliskFrenzyQueuedOrBetter	CRequirementNot	mods/starcoop/starcoop.sc2mod/base.sc2data/gamedata/requirementnodedata.xml	合作指挥官版起义狂潮\Mods\XM\XMAbathur.SC2Mod\Base.SC2Data\GameData\RequirementNodeData.xml
NotCountUpgradeK5ChainLightningQueuedOrBetter	CRequirementNot	mods/starcoop/starcoop.sc2mod/base.sc2data/gamedata/requirementnodedata.xml	合作指挥官版起义狂潮\Mods\XM\XMAbathur.SC2Mod\Base.SC2Data\GameData\RequirementNodeData.xml
NotCountUpgradeK5CooldownsQueuedOrBetter	CRequirementNot	mods/starcoop/starcoop.sc2mod/base.sc2data/gamedata/requirementnodedata.xml	合作指挥官版起义狂潮\Mods\XM\XMAbathur.SC2Mod\Base.SC2Data\GameData\RequirementNodeData.xml
NotCountUpgradeKerriganSeveringGlaveQueuedOrBetter	CRequirementNot	mods/starcoop/starcoop.sc2mod/base.sc2data/gamedata/requirementnodedata.xml	合作指挥官版起义狂潮\Mods\XM\XMAbathur.SC2Mod\Base.SC2Data\GameData\RequirementNodeData.xml
NotCountUpgradeKerriganViciousGlaiveQueuedOrBetterTechTreeCheat	CRequirementNot	mods/starcoop/starcoop.sc2mod/base.sc2data/gamedata/requirementnodedata.xml	合作指挥官版起义狂潮\Mods\XM\XMAbathur.SC2Mod\Base.SC2Data\GameData\RequirementNodeData.xml
NotCountUpgradeKerriganVoidCoopBroodlordSpeedQueuedOrBetter	CRequirementNot	mods/starcoop/starcoop.sc2mod/base.sc2data/gamedata/requirementnodedata.xml	合作指挥官版起义狂潮\Mods\XM\XMAbathur.SC2Mod\Base.SC2Data\GameData\RequirementNodeData.xml
NotCountUpgradeMutaliskSunderingGlaveQueuedOrBetter	CRequirementNot	mods/starcoop/starcoop.sc2mod/base.sc2data/gamedata/requirementnodedata.xml	合作指挥官版起义狂潮\Mods\XM\XMAbathur.SC2Mod\Base.SC2Data\GameData\RequirementNodeData.xml
NotCountUpgradeRavagerCorrosiveBileDamageIncreaseQueuedOrBetter	CRequirementNot	mods/starcoop/starcoop.sc2mod/base.sc2data/gamedata/requirementnodedata.xml	合作指挥官版起义狂潮\Mods\XM\XMAbathur.SC2Mod\Base.SC2Data\GameData\RequirementNodeData.xml
NotCountUpgradeRavagerCorrosiveBileRadiusIncreaseQueuedOrBetter	CRequirementNot	mods/starcoop/starcoop.sc2mod/base.sc2data/gamedata/requirementnodedata.xml	合作指挥官版起义狂潮\Mods\XM\XMAbathur.SC2Mod\Base.SC2Data\GameData\RequirementNodeData.xml
NotCountUpgradeSeismicSpinesQueuedOrBetter	CRequirementNot	mods/starcoop/starcoop.sc2mod/base.sc2data/gamedata/requirementnodedata.xml	合作指挥官版起义狂潮\Mods\XM\XMAbathur.SC2Mod\Base.SC2Data\GameData\RequirementNodeData.xml
NotCountUpgradeStukovCommanderCompleteOnly	CRequirementNot	mods/starcoop/starcoop.sc2mod/base.sc2data/gamedata/requirementnodedata.xml	合作指挥官版起义狂潮\Mods\XM\XMAbathur.SC2Mod\Base.SC2Data\GameData\RequirementNodeData.xml
NotCountUpgradeSymbioteStabUpgradeQueuedOrBetter	CRequirementNot	mods/starcoop/starcoop.sc2mod/base.sc2data/gamedata/requirementnodedata.xml	合作指挥官版起义狂潮\Mods\XM\XMAbathur.SC2Mod\Base.SC2Data\GameData\RequirementNodeData.xml
NotCountUpgradeVoidCoopHeroicFortitudeQueuedOrBetter	CRequirementNot	mods/starcoop/starcoop.sc2mod/base.sc2data/gamedata/requirementnodedata.xml	合作指挥官版起义狂潮\Mods\XM\XMAbathur.SC2Mod\Base.SC2Data\GameData\RequirementNodeData.xml
NotCountUpgradeZagaraVoidCoopAttackUpgradeQueuedOrBetter	CRequirementNot	mods/starcoop/starcoop.sc2mod/base.sc2data/gamedata/requirementnodedata.xml	合作指挥官版起义狂潮\Mods\XM\XMAbathur.SC2Mod\Base.SC2Data\GameData\RequirementNodeData.xml
NotCountUpgradeZerglingArmorShredQueuedOrBetter	CRequirementNot	mods/starcoop/starcoop.sc2mod/base.sc2data/gamedata/requirementnodedata.xml	合作指挥官版起义狂潮\Mods\XM\XMAbathur.SC2Mod\Base.SC2Data\GameData\RequirementNodeData.xml
Or4146644285AndCountUpgradeCommanderPrestigeAbathurUltEvoCompleteOnlyGTCountBehaviorBiomassBuff100CompleteOnlyAtUnit1AndNotCountUpgradeCommanderPrestigeAbathurUltEvoCompleteOnlyGTCountBehaviorBiomassBuff100CompleteOnlyAtUnit0	CRequirementOr	mods/starcoop/starcoop.sc2mod/base.sc2data/gamedata/requirementnodedata.xml	合作指挥官版起义狂潮\Mods\XM\XMAbathur.SC2Mod\Base.SC2Data\GameData\RequirementNodeData.xml
Or414922528LTCountUnitAlias_BrutaliskQueuedOrBetter3CountUpgradeCommanderPrestigeAbathurUltEvoCompleteOnly	CRequirementOr	mods/starcoop/starcoop.sc2mod/base.sc2data/gamedata/requirementnodedata.xml	合作指挥官版起义狂潮\Mods\XM\XMAbathur.SC2Mod\Base.SC2Data\GameData\RequirementNodeData.xml
Or414922528LTCountUnitHotSLeviathanQueuedOrBetter8488000033CountUpgradeCommanderPrestigeAbathurUltEvoCompleteOnly	CRequirementOr	mods/starcoop/starcoop.sc2mod/base.sc2data/gamedata/requirementnodedata.xml	合作指挥官版起义狂潮\Mods\XM\XMAbathur.SC2Mod\Base.SC2Data\GameData\RequirementNodeData.xml
OrEqCountBehaviorBiomassBuff1CompleteOnlyAtUnit0EqCountBehaviorBiomassBuff10CompleteOnlyAtUnit0EqCountBehaviorBiomassBuff100CompleteOnlyAtUnit0	CRequirementOr	mods/starcoop/starcoop.sc2mod/base.sc2data/gamedata/requirementnodedata.xml	合作指挥官版起义狂潮\Mods\XM\XMAbathur.SC2Mod\Base.SC2Data\GameData\RequirementNodeData.xml
OrGTCountBehaviorBiomassBuff1CompleteOnlyAtUnit0GTCountBehaviorBiomassBuff10CompleteOnlyAtUnit0GTCountBehaviorBiomassBuff100CompleteOnlyAtUnit0	CRequirementOr	mods/starcoop/starcoop.sc2mod/base.sc2data/gamedata/requirementnodedata.xml	合作指挥官版起义狂潮\Mods\XM\XMAbathur.SC2Mod\Base.SC2Data\GameData\RequirementNodeData.xml
AbathurCommander_AshWorm	CSound	mods/starcoop/starcoop.sc2mod/base.sc2data/gamedata/sounddata.xml	合作指挥官版起义狂潮\Mods\XM\XMAbathur.SC2Mod\Base.SC2Data\GameData\SoundData.xml
AbathurCommander_AshWormReady	CSound	mods/starcoop/starcoop.sc2mod/base.sc2data/gamedata/sounddata.xml	合作指挥官版起义狂潮\Mods\XM\XMAbathur.SC2Mod\Base.SC2Data\GameData\SoundData.xml
AbathurCommander_Auto_EnemyProtoss	CSound	mods/starcoop/starcoop.sc2mod/base.sc2data/gamedata/sounddata.xml	合作指挥官版起义狂潮\Mods\XM\XMAbathur.SC2Mod\Base.SC2Data\GameData\SoundData.xml
AbathurCommander_Auto_EnemyTerran	CSound	mods/starcoop/starcoop.sc2mod/base.sc2data/gamedata/sounddata.xml	合作指挥官版起义狂潮\Mods\XM\XMAbathur.SC2Mod\Base.SC2Data\GameData\SoundData.xml
AbathurCommander_Auto_EnemyZerg	CSound	mods/starcoop/starcoop.sc2mod/base.sc2data/gamedata/sounddata.xml	合作指挥官版起义狂潮\Mods\XM\XMAbathur.SC2Mod\Base.SC2Data\GameData\SoundData.xml
AbathurCommander_Auto_HelpMe	CSound	mods/starcoop/starcoop.sc2mod/base.sc2data/gamedata/sounddata.xml	合作指挥官版起义狂潮\Mods\XM\XMAbathur.SC2Mod\Base.SC2Data\GameData\SoundData.xml
AbathurCommander_Auto_UnitsLost	CSound	mods/starcoop/starcoop.sc2mod/base.sc2data/gamedata/sounddata.xml	合作指挥官版起义狂潮\Mods\XM\XMAbathur.SC2Mod\Base.SC2Data\GameData\SoundData.xml
AbathurCommander_BiomassIntro	CSound	mods/starcoop/starcoop.sc2mod/base.sc2data/gamedata/sounddata.xml	合作指挥官版起义狂潮\Mods\XM\XMAbathur.SC2Mod\Base.SC2Data\GameData\SoundData.xml
AbathurCommander_BiomassPickup	CSound	mods/starcoop/starcoop.sc2mod/base.sc2data/gamedata/sounddata.xml	合作指挥官版起义狂潮\Mods\XM\XMAbathur.SC2Mod\Base.SC2Data\GameData\SoundData.xml
AbathurCommander_BiomassReminder	CSound	mods/starcoop/starcoop.sc2mod/base.sc2data/gamedata/sounddata.xml	合作指挥官版起义狂潮\Mods\XM\XMAbathur.SC2Mod\Base.SC2Data\GameData\SoundData.xml
AbathurCommander_Brutalisk	CSound	mods/starcoop/starcoop.sc2mod/base.sc2data/gamedata/sounddata.xml	合作指挥官版起义狂潮\Mods\XM\XMAbathur.SC2Mod\Base.SC2Data\GameData\SoundData.xml
AbathurCommander_BrutaliskReady	CSound	mods/starcoop/starcoop.sc2mod/base.sc2data/gamedata/sounddata.xml	合作指挥官版起义狂潮\Mods\XM\XMAbathur.SC2Mod\Base.SC2Data\GameData\SoundData.xml
AbathurCommander_BrutaliskReminder	CSound	mods/starcoop/starcoop.sc2mod/base.sc2data/gamedata/sounddata.xml	合作指挥官版起义狂潮\Mods\XM\XMAbathur.SC2Mod\Base.SC2Data\GameData\SoundData.xml
AbathurCommander_CreepMend	CSound	mods/starcoop/starcoop.sc2mod/base.sc2data/gamedata/sounddata.xml	合作指挥官版起义狂潮\Mods\XM\XMAbathur.SC2Mod\Base.SC2Data\GameData\SoundData.xml
AbathurCommander_CreepMendReady	CSound	mods/starcoop/starcoop.sc2mod/base.sc2data/gamedata/sounddata.xml	合作指挥官版起义狂潮\Mods\XM\XMAbathur.SC2Mod\Base.SC2Data\GameData\SoundData.xml
AbathurCommander_Evolution	CSound	mods/starcoop/starcoop.sc2mod/base.sc2data/gamedata/sounddata.xml	合作指挥官版起义狂潮\Mods\XM\XMAbathur.SC2Mod\Base.SC2Data\GameData\SoundData.xml
AbathurCommander_Idle	CSound	mods/starcoop/starcoop.sc2mod/base.sc2data/gamedata/sounddata.xml	合作指挥官版起义狂潮\Mods\XM\XMAbathur.SC2Mod\Base.SC2Data\GameData\SoundData.xml
AbathurCommander_Leviathan	CSound	mods/starcoop/starcoop.sc2mod/base.sc2data/gamedata/sounddata.xml	合作指挥官版起义狂潮\Mods\XM\XMAbathur.SC2Mod\Base.SC2Data\GameData\SoundData.xml
AbathurCommander_LeviathanReminder	CSound	mods/starcoop/starcoop.sc2mod/base.sc2data/gamedata/sounddata.xml	合作指挥官版起义狂潮\Mods\XM\XMAbathur.SC2Mod\Base.SC2Data\GameData\SoundData.xml
AbathurCommander_Lock2Dismiss	CSound	mods/starcoop/starcoop.sc2mod/base.sc2data/gamedata/sounddata.xml	合作指挥官版起义狂潮\Mods\XM\XMAbathur.SC2Mod\Base.SC2Data\GameData\SoundData.xml
AbathurCommander_Lock2Generic	CSound	mods/starcoop/starcoop.sc2mod/base.sc2data/gamedata/sounddata.xml	合作指挥官版起义狂潮\Mods\XM\XMAbathur.SC2Mod\Base.SC2Data\GameData\SoundData.xml
AbathurCommander_Lock2Kerrigan	CSound	mods/starcoop/starcoop.sc2mod/base.sc2data/gamedata/sounddata.xml	合作指挥官版起义狂潮\Mods\XM\XMAbathur.SC2Mod\Base.SC2Data\GameData\SoundData.xml
AbathurCommander_Lock2Negative	CSound	mods/starcoop/starcoop.sc2mod/base.sc2data/gamedata/sounddata.xml	合作指挥官版起义狂潮\Mods\XM\XMAbathur.SC2Mod\Base.SC2Data\GameData\SoundData.xml
AbathurCommander_Lock2Positive	CSound	mods/starcoop/starcoop.sc2mod/base.sc2data/gamedata/sounddata.xml	合作指挥官版起义狂潮\Mods\XM\XMAbathur.SC2Mod\Base.SC2Data\GameData\SoundData.xml
AbathurCommander_Lock2Terran	CSound	mods/starcoop/starcoop.sc2mod/base.sc2data/gamedata/sounddata.xml	合作指挥官版起义狂潮\Mods\XM\XMAbathur.SC2Mod\Base.SC2Data\GameData\SoundData.xml
AbathurCommander_Lock2Zagara	CSound	mods/starcoop/starcoop.sc2mod/base.sc2data/gamedata/sounddata.xml	合作指挥官版起义狂潮\Mods\XM\XMAbathur.SC2Mod\Base.SC2Data\GameData\SoundData.xml
AbathurCommander_LockFirst	CSound	mods/starcoop/starcoop.sc2mod/base.sc2data/gamedata/sounddata.xml	合作指挥官版起义狂潮\Mods\XM\XMAbathur.SC2Mod\Base.SC2Data\GameData\SoundData.xml
AbathurCommander_LocustNest	CSound	mods/starcoop/starcoop.sc2mod/base.sc2data/gamedata/sounddata.xml	合作指挥官版起义狂潮\Mods\XM\XMAbathur.SC2Mod\Base.SC2Data\GameData\SoundData.xml
AbathurCommander_LocustNestReady	CSound	mods/starcoop/starcoop.sc2mod/base.sc2data/gamedata/sounddata.xml	合作指挥官版起义狂潮\Mods\XM\XMAbathur.SC2Mod\Base.SC2Data\GameData\SoundData.xml
AbathurCommander_MarkedCollection	CSound	mods/starcoop/starcoop.sc2mod/base.sc2data/gamedata/sounddata.xml	合作指挥官版起义狂潮\Mods\XM\XMAbathur.SC2Mod\Base.SC2Data\GameData\SoundData.xml
AbathurCommander_Mend	CSound	mods/starcoop/starcoop.sc2mod/base.sc2data/gamedata/sounddata.xml	合作指挥官版起义狂潮\Mods\XM\XMAbathur.SC2Mod\Base.SC2Data\GameData\SoundData.xml
AbathurCommander_Symbiote	CSound	mods/starcoop/starcoop.sc2mod/base.sc2data/gamedata/sounddata.xml	合作指挥官版起义狂潮\Mods\XM\XMAbathur.SC2Mod\Base.SC2Data\GameData\SoundData.xml
AbathurCommander_Symbiote_Upgrade	CSound	mods/starcoop/starcoop.sc2mod/base.sc2data/gamedata/sounddata.xml	合作指挥官版起义狂潮\Mods\XM\XMAbathur.SC2Mod\Base.SC2Data\GameData\SoundData.xml
AbathurCommander_SymbioteReady	CSound	mods/starcoop/starcoop.sc2mod/base.sc2data/gamedata/sounddata.xml	合作指挥官版起义狂潮\Mods\XM\XMAbathur.SC2Mod\Base.SC2Data\GameData\SoundData.xml
AbathurCommander_Thanks	CSound	mods/starcoop/starcoop.sc2mod/base.sc2data/gamedata/sounddata.xml	合作指挥官版起义狂潮\Mods\XM\XMAbathur.SC2Mod\Base.SC2Data\GameData\SoundData.xml
AbathurCommander_ToxicNest	CSound	mods/starcoop/starcoop.sc2mod/base.sc2data/gamedata/sounddata.xml	合作指挥官版起义狂潮\Mods\XM\XMAbathur.SC2Mod\Base.SC2Data\GameData\SoundData.xml
AbathurCommander_Trade_MineralsGiven	CSound	mods/starcoop/starcoop.sc2mod/base.sc2data/gamedata/sounddata.xml	合作指挥官版起义狂潮\Mods\XM\XMAbathur.SC2Mod\Base.SC2Data\GameData\SoundData.xml
AbathurCommander_Trade_MineralsNeeded	CSound	mods/starcoop/starcoop.sc2mod/base.sc2data/gamedata/sounddata.xml	合作指挥官版起义狂潮\Mods\XM\XMAbathur.SC2Mod\Base.SC2Data\GameData\SoundData.xml
AbathurCommander_Trade_MineralsReceived	CSound	mods/starcoop/starcoop.sc2mod/base.sc2data/gamedata/sounddata.xml	合作指挥官版起义狂潮\Mods\XM\XMAbathur.SC2Mod\Base.SC2Data\GameData\SoundData.xml
AbathurCommander_Trade_ResourcesGiven	CSound	mods/starcoop/starcoop.sc2mod/base.sc2data/gamedata/sounddata.xml	合作指挥官版起义狂潮\Mods\XM\XMAbathur.SC2Mod\Base.SC2Data\GameData\SoundData.xml
AbathurCommander_Trade_ResourcesNeeded	CSound	mods/starcoop/starcoop.sc2mod/base.sc2data/gamedata/sounddata.xml	合作指挥官版起义狂潮\Mods\XM\XMAbathur.SC2Mod\Base.SC2Data\GameData\SoundData.xml
AbathurCommander_Trade_ResourcesReceived	CSound	mods/starcoop/starcoop.sc2mod/base.sc2data/gamedata/sounddata.xml	合作指挥官版起义狂潮\Mods\XM\XMAbathur.SC2Mod\Base.SC2Data\GameData\SoundData.xml
AbathurCommander_Trade_VespeneGiven	CSound	mods/starcoop/starcoop.sc2mod/base.sc2data/gamedata/sounddata.xml	合作指挥官版起义狂潮\Mods\XM\XMAbathur.SC2Mod\Base.SC2Data\GameData\SoundData.xml
AbathurCommander_Trade_VespeneNeeded	CSound	mods/starcoop/starcoop.sc2mod/base.sc2data/gamedata/sounddata.xml	合作指挥官版起义狂潮\Mods\XM\XMAbathur.SC2Mod\Base.SC2Data\GameData\SoundData.xml
AbathurCommander_Trade_VespeneReceived	CSound	mods/starcoop/starcoop.sc2mod/base.sc2data/gamedata/sounddata.xml	合作指挥官版起义狂潮\Mods\XM\XMAbathur.SC2Mod\Base.SC2Data\GameData\SoundData.xml
AbathurCommander_UltimateEvo	CSound	mods/starcoop/starcoop.sc2mod/base.sc2data/gamedata/sounddata.xml	合作指挥官版起义狂潮\Mods\XM\XMAbathur.SC2Mod\Base.SC2Data\GameData\SoundData.xml
AbathurCommander_UltimateEvoReady	CSound	mods/starcoop/starcoop.sc2mod/base.sc2data/gamedata/sounddata.xml	合作指挥官版起义狂潮\Mods\XM\XMAbathur.SC2Mod\Base.SC2Data\GameData\SoundData.xml
AbathurSymbiote_Birth	CSound	mods/starcoop/starcoop.sc2mod/base.sc2data/gamedata/sounddata.xml	合作指挥官版起义狂潮\Mods\XM\XMAbathur.SC2Mod\Base.SC2Data\GameData\SoundData.xml
AC_Abathur_Spell_Mend	CSound	mods/starcoop/starcoop.sc2mod/base.sc2data/gamedata/sounddata.xml	合作指挥官版起义狂潮\Mods\XM\XMAbathur.SC2Mod\Base.SC2Data\GameData\SoundData.xml
Alert_ZergBuildError	CSound	mods/starcoop/starcoop.sc2mod/base.sc2data/gamedata/sounddata.xml	合作指挥官版起义狂潮\Mods\XM\XMAbathur.SC2Mod\Base.SC2Data\GameData\SoundData.xml
Alert_ZergCreepTumorUnderAttack	CSound	mods/starcoop/starcoop.sc2mod/base.sc2data/gamedata/sounddata.xml	合作指挥官版起义狂潮\Mods\XM\XMAbathur.SC2Mod\Base.SC2Data\GameData\SoundData.xml
BileLauncher_What	CSound	mods/starcoop/starcoop.sc2mod/base.sc2data/gamedata/sounddata.xml	合作指挥官版起义狂潮\Mods\XM\XMAbathur.SC2Mod\Base.SC2Data\GameData\SoundData.xml
Brutalisk_AttackImpact	CSound	mods/starcoop/starcoop.sc2mod/base.sc2data/gamedata/sounddata.xml	合作指挥官版起义狂潮\Mods\XM\XMAbathur.SC2Mod\Base.SC2Data\GameData\SoundData.xml
Brutalisk_AttackLaunch	CSound	mods/starcoop/starcoop.sc2mod/base.sc2data/gamedata/sounddata.xml	合作指挥官版起义狂潮\Mods\XM\XMAbathur.SC2Mod\Base.SC2Data\GameData\SoundData.xml
Brutalisk_Blood_Spary	CSound	mods/starcoop/starcoop.sc2mod/base.sc2data/gamedata/sounddata.xml	合作指挥官版起义狂潮\Mods\XM\XMAbathur.SC2Mod\Base.SC2Data\GameData\SoundData.xml
Brutalisk_Burrow	CSound	mods/starcoop/starcoop.sc2mod/base.sc2data/gamedata/sounddata.xml	合作指挥官版起义狂潮\Mods\XM\XMAbathur.SC2Mod\Base.SC2Data\GameData\SoundData.xml
Brutalisk_Cocoon	CSound	mods/starcoop/starcoop.sc2mod/base.sc2data/gamedata/sounddata.xml	合作指挥官版起义狂潮\Mods\XM\XMAbathur.SC2Mod\Base.SC2Data\GameData\SoundData.xml
Brutalisk_Death	CSound	mods/starcoop/starcoop.sc2mod/base.sc2data/gamedata/sounddata.xml	合作指挥官版起义狂潮\Mods\XM\XMAbathur.SC2Mod\Base.SC2Data\GameData\SoundData.xml
Brutalisk_Death_Roar_Vx	CSound	mods/starcoop/starcoop.sc2mod/base.sc2data/gamedata/sounddata.xml	合作指挥官版起义狂潮\Mods\XM\XMAbathur.SC2Mod\Base.SC2Data\GameData\SoundData.xml
Brutalisk_Dig	CSound	mods/starcoop/starcoop.sc2mod/base.sc2data/gamedata/sounddata.xml	合作指挥官版起义狂潮\Mods\XM\XMAbathur.SC2Mod\Base.SC2Data\GameData\SoundData.xml
Brutalisk_Dig_Burrow	CSound	mods/starcoop/starcoop.sc2mod/base.sc2data/gamedata/sounddata.xml	合作指挥官版起义狂潮\Mods\XM\XMAbathur.SC2Mod\Base.SC2Data\GameData\SoundData.xml
Brutalisk_Dig_UnBurrow	CSound	mods/starcoop/starcoop.sc2mod/base.sc2data/gamedata/sounddata.xml	合作指挥官版起义狂潮\Mods\XM\XMAbathur.SC2Mod\Base.SC2Data\GameData\SoundData.xml
Brutalisk_Foot_ClawTip	CSound	mods/starcoop/starcoop.sc2mod/base.sc2data/gamedata/sounddata.xml	合作指挥官版起义狂潮\Mods\XM\XMAbathur.SC2Mod\Base.SC2Data\GameData\SoundData.xml
Brutalisk_Footsteps	CSound	mods/starcoop/starcoop.sc2mod/base.sc2data/gamedata/sounddata.xml	合作指挥官版起义狂潮\Mods\XM\XMAbathur.SC2Mod\Base.SC2Data\GameData\SoundData.xml
Brutalisk_Morph_Birth	CSound	mods/starcoop/starcoop.sc2mod/base.sc2data/gamedata/sounddata.xml	合作指挥官版起义狂潮\Mods\XM\XMAbathur.SC2Mod\Base.SC2Data\GameData\SoundData.xml
Brutalisk_Roach_BioMassPickUp	CSound	mods/starcoop/starcoop.sc2mod/base.sc2data/gamedata/sounddata.xml	合作指挥官版起义狂潮\Mods\XM\XMAbathur.SC2Mod\Base.SC2Data\GameData\SoundData.xml
Brutalisk_Roar	CSound	mods/starcoop/starcoop.sc2mod/base.sc2data/gamedata/sounddata.xml	合作指挥官版起义狂潮\Mods\XM\XMAbathur.SC2Mod\Base.SC2Data\GameData\SoundData.xml
Brutalisk_Spell_Vx	CSound	mods/starcoop/starcoop.sc2mod/base.sc2data/gamedata/sounddata.xml	合作指挥官版起义狂潮\Mods\XM\XMAbathur.SC2Mod\Base.SC2Data\GameData\SoundData.xml
Brutalisk_SpellA_Vx	CSound	mods/starcoop/starcoop.sc2mod/base.sc2data/gamedata/sounddata.xml	合作指挥官版起义狂潮\Mods\XM\XMAbathur.SC2Mod\Base.SC2Data\GameData\SoundData.xml
Brutalisk_Stand1_Vx	CSound	mods/starcoop/starcoop.sc2mod/base.sc2data/gamedata/sounddata.xml	合作指挥官版起义狂潮\Mods\XM\XMAbathur.SC2Mod\Base.SC2Data\GameData\SoundData.xml
Brutalisk_Stand2_Vx	CSound	mods/starcoop/starcoop.sc2mod/base.sc2data/gamedata/sounddata.xml	合作指挥官版起义狂潮\Mods\XM\XMAbathur.SC2Mod\Base.SC2Data\GameData\SoundData.xml
Brutalisk_UnBurrow	CSound	mods/starcoop/starcoop.sc2mod/base.sc2data/gamedata/sounddata.xml	合作指挥官版起义狂潮\Mods\XM\XMAbathur.SC2Mod\Base.SC2Data\GameData\SoundData.xml
Hologram_Death_Large	CSound	mods/starcoop/starcoop.sc2mod/base.sc2data/gamedata/sounddata.xml	合作指挥官版起义狂潮\Mods\XM\XMAbathur.SC2Mod\Base.SC2Data\GameData\SoundData.xml
InfestedSwarm_Attack	CSound	mods/starcoop/starcoop.sc2mod/base.sc2data/gamedata/sounddata.xml	合作指挥官版起义狂潮\Mods\XM\XMAbathur.SC2Mod\Base.SC2Data\GameData\SoundData.xml
InfestedSwarm_Pissed	CSound	mods/starcoop/starcoop.sc2mod/base.sc2data/gamedata/sounddata.xml	合作指挥官版起义狂潮\Mods\XM\XMAbathur.SC2Mod\Base.SC2Data\GameData\SoundData.xml
InfestedSwarm_Ready	CSound	mods/starcoop/starcoop.sc2mod/base.sc2data/gamedata/sounddata.xml	合作指挥官版起义狂潮\Mods\XM\XMAbathur.SC2Mod\Base.SC2Data\GameData\SoundData.xml
InfestedSwarm_What	CSound	mods/starcoop/starcoop.sc2mod/base.sc2data/gamedata/sounddata.xml	合作指挥官版起义狂潮\Mods\XM\XMAbathur.SC2Mod\Base.SC2Data\GameData\SoundData.xml
InfestedSwarm_Yes	CSound	mods/starcoop/starcoop.sc2mod/base.sc2data/gamedata/sounddata.xml	合作指挥官版起义狂潮\Mods\XM\XMAbathur.SC2Mod\Base.SC2Data\GameData\SoundData.xml
Leviathan_AirAttackImpact	CSound	mods/starcoop/starcoop.sc2mod/base.sc2data/gamedata/sounddata.xml	合作指挥官版起义狂潮\Mods\XM\XMAbathur.SC2Mod\Base.SC2Data\GameData\SoundData.xml
Leviathan_AirAttackImpactSwtnr	CSound	mods/starcoop/starcoop.sc2mod/base.sc2data/gamedata/sounddata.xml	合作指挥官版起义狂潮\Mods\XM\XMAbathur.SC2Mod\Base.SC2Data\GameData\SoundData.xml
Leviathan_AirAttackLaunch	CSound	mods/starcoop/starcoop.sc2mod/base.sc2data/gamedata/sounddata.xml	合作指挥官版起义狂潮\Mods\XM\XMAbathur.SC2Mod\Base.SC2Data\GameData\SoundData.xml
Leviathan_Attack	CSound	mods/starcoop/starcoop.sc2mod/base.sc2data/gamedata/sounddata.xml	合作指挥官版起义狂潮\Mods\XM\XMAbathur.SC2Mod\Base.SC2Data\GameData\SoundData.xml
Leviathan_BileTorpedoStart	CSound	mods/starcoop/starcoop.sc2mod/base.sc2data/gamedata/sounddata.xml	合作指挥官版起义狂潮\Mods\XM\XMAbathur.SC2Mod\Base.SC2Data\GameData\SoundData.xml
Leviathan_BileTorpedoStart2	CSound	mods/starcoop/starcoop.sc2mod/base.sc2data/gamedata/sounddata.xml	合作指挥官版起义狂潮\Mods\XM\XMAbathur.SC2Mod\Base.SC2Data\GameData\SoundData.xml
Leviathan_GroundAttackImpact	CSound	mods/starcoop/starcoop.sc2mod/base.sc2data/gamedata/sounddata.xml	合作指挥官版起义狂潮\Mods\XM\XMAbathur.SC2Mod\Base.SC2Data\GameData\SoundData.xml
Leviathan_GroundAttackImpactSwtnr	CSound	mods/starcoop/starcoop.sc2mod/base.sc2data/gamedata/sounddata.xml	合作指挥官版起义狂潮\Mods\XM\XMAbathur.SC2Mod\Base.SC2Data\GameData\SoundData.xml
Leviathan_GroundAttackLaunch	CSound	mods/starcoop/starcoop.sc2mod/base.sc2data/gamedata/sounddata.xml	合作指挥官版起义狂潮\Mods\XM\XMAbathur.SC2Mod\Base.SC2Data\GameData\SoundData.xml
Leviathan_Ready	CSound	mods/starcoop/starcoop.sc2mod/base.sc2data/gamedata/sounddata.xml	合作指挥官版起义狂潮\Mods\XM\XMAbathur.SC2Mod\Base.SC2Data\GameData\SoundData.xml
Leviathan_What	CSound	mods/starcoop/starcoop.sc2mod/base.sc2data/gamedata/sounddata.xml	合作指挥官版起义狂潮\Mods\XM\XMAbathur.SC2Mod\Base.SC2Data\GameData\SoundData.xml
Leviathan_Yes	CSound	mods/starcoop/starcoop.sc2mod/base.sc2data/gamedata/sounddata.xml	合作指挥官版起义狂潮\Mods\XM\XMAbathur.SC2Mod\Base.SC2Data\GameData\SoundData.xml
LeviathanCocoon_What	CSound	mods/starcoop/starcoop.sc2mod/base.sc2data/gamedata/sounddata.xml	合作指挥官版起义狂潮\Mods\XM\XMAbathur.SC2Mod\Base.SC2Data\GameData\SoundData.xml
Locust_Spit_impact	CSound	mods/starcoop/starcoop.sc2mod/base.sc2data/gamedata/sounddata.xml	合作指挥官版起义狂潮\Mods\XM\XMAbathur.SC2Mod\Base.SC2Data\GameData\SoundData.xml
Lurker_Explode	CSound	mods/starcoop/starcoop.sc2mod/base.sc2data/gamedata/sounddata.xml	合作指挥官版起义狂潮\Mods\XM\XMAbathur.SC2Mod\Base.SC2Data\GameData\SoundData.xml
PrimalLocustFlying_Birth	CSound	mods/starcoop/starcoop.sc2mod/base.sc2data/gamedata/sounddata.xml	合作指挥官版起义狂潮\Mods\XM\XMAbathur.SC2Mod\Base.SC2Data\GameData\SoundData.xml
Ravasaur_AttackAcknowledgment	CSound	mods/starcoop/starcoop.sc2mod/base.sc2data/gamedata/sounddata.xml	合作指挥官版起义狂潮\Mods\XM\XMAbathur.SC2Mod\Base.SC2Data\GameData\SoundData.xml
Ravasaur_AttackLaunch	CSound	mods/starcoop/starcoop.sc2mod/base.sc2data/gamedata/sounddata.xml	合作指挥官版起义狂潮\Mods\XM\XMAbathur.SC2Mod\Base.SC2Data\GameData\SoundData.xml
Roach_Explode	CSound	mods/starcoop/starcoop.sc2mod/base.sc2data/gamedata/sounddata.xml	合作指挥官版起义狂潮\Mods\XM\XMAbathur.SC2Mod\Base.SC2Data\GameData\SoundData.xml
ScourgeNest_Explosion	CSound	mods/starcoop/starcoop.sc2mod/base.sc2data/gamedata/sounddata.xml	合作指挥官版起义狂潮\Mods\XM\XMAbathur.SC2Mod\Base.SC2Data\GameData\SoundData.xml
SymbiotesCarapace_Loop	CSound	mods/starcoop/starcoop.sc2mod/base.sc2data/gamedata/sounddata.xml	合作指挥官版起义狂潮\Mods\XM\XMAbathur.SC2Mod\Base.SC2Data\GameData\SoundData.xml
SymbiotesCarapace_Shield_End	CSound	mods/starcoop/starcoop.sc2mod/base.sc2data/gamedata/sounddata.xml	合作指挥官版起义狂潮\Mods\XM\XMAbathur.SC2Mod\Base.SC2Data\GameData\SoundData.xml
SymbiotesCarapace_Shield_On	CSound	mods/starcoop/starcoop.sc2mod/base.sc2data/gamedata/sounddata.xml	合作指挥官版起义狂潮\Mods\XM\XMAbathur.SC2Mod\Base.SC2Data\GameData\SoundData.xml
SymbioteStab_Impact	CSound	mods/starcoop/starcoop.sc2mod/base.sc2data/gamedata/sounddata.xml	合作指挥官版起义狂潮\Mods\XM\XMAbathur.SC2Mod\Base.SC2Data\GameData\SoundData.xml
SymbioteStab_Launch	CSound	mods/starcoop/starcoop.sc2mod/base.sc2data/gamedata/sounddata.xml	合作指挥官版起义狂潮\Mods\XM\XMAbathur.SC2Mod\Base.SC2Data\GameData\SoundData.xml
SymbioteStab_LaunchMissile	CSound	mods/starcoop/starcoop.sc2mod/base.sc2data/gamedata/sounddata.xml	合作指挥官版起义狂潮\Mods\XM\XMAbathur.SC2Mod\Base.SC2Data\GameData\SoundData.xml
ToxicNest_BuildingMorphWhat	CSound	mods/starcoop/starcoop.sc2mod/base.sc2data/gamedata/sounddata.xml	合作指挥官版起义狂潮\Mods\XM\XMAbathur.SC2Mod\Base.SC2Data\GameData\SoundData.xml
ToxicNest_Death	CSound	mods/starcoop/starcoop.sc2mod/base.sc2data/gamedata/sounddata.xml	合作指挥官版起义狂潮\Mods\XM\XMAbathur.SC2Mod\Base.SC2Data\GameData\SoundData.xml
ToxicNest_Death_Giz	CSound	mods/starcoop/starcoop.sc2mod/base.sc2data/gamedata/sounddata.xml	合作指挥官版起义狂潮\Mods\XM\XMAbathur.SC2Mod\Base.SC2Data\GameData\SoundData.xml
ToxicNest_Explode	CSound	mods/starcoop/starcoop.sc2mod/base.sc2data/gamedata/sounddata.xml	合作指挥官版起义狂潮\Mods\XM\XMAbathur.SC2Mod\Base.SC2Data\GameData\SoundData.xml
ToxicNest_PlaceFlarp	CSound	mods/starcoop/starcoop.sc2mod/base.sc2data/gamedata/sounddata.xml	合作指挥官版起义狂潮\Mods\XM\XMAbathur.SC2Mod\Base.SC2Data\GameData\SoundData.xml
ToxicNest_Spray	CSound	mods/starcoop/starcoop.sc2mod/base.sc2data/gamedata/sounddata.xml	合作指挥官版起义狂潮\Mods\XM\XMAbathur.SC2Mod\Base.SC2Data\GameData\SoundData.xml
ToxicNest_Swell	CSound	mods/starcoop/starcoop.sc2mod/base.sc2data/gamedata/sounddata.xml	合作指挥官版起义狂潮\Mods\XM\XMAbathur.SC2Mod\Base.SC2Data\GameData\SoundData.xml
ToxicNest_What	CSound	mods/starcoop/starcoop.sc2mod/base.sc2data/gamedata/sounddata.xml	合作指挥官版起义狂潮\Mods\XM\XMAbathur.SC2Mod\Base.SC2Data\GameData\SoundData.xml
Yagdra_DeathMove	CSound	mods/starcoop/starcoop.sc2mod/base.sc2data/gamedata/sounddata.xml	合作指挥官版起义狂潮\Mods\XM\XMAbathur.SC2Mod\Base.SC2Data\GameData\SoundData.xml
Yagdra_VoxSnarl	CSound	mods/starcoop/starcoop.sc2mod/base.sc2data/gamedata/sounddata.xml	合作指挥官版起义狂潮\Mods\XM\XMAbathur.SC2Mod\Base.SC2Data\GameData\SoundData.xml
Zerg_ExplosionLarge	CSound	mods/starcoop/starcoop.sc2mod/base.sc2data/gamedata/sounddata.xml	合作指挥官版起义狂潮\Mods\XM\XMAbathur.SC2Mod\Base.SC2Data\GameData\SoundData.xml
BileLauncherZagara	CTurret	mods/starcoop/starcoop.sc2mod/base.sc2data/gamedata/turretdata.xml	合作指挥官版起义狂潮\Mods\XM\XMAbathur.SC2Mod\Base.SC2Data\GameData\TurretData.xml
Symbiote	CTurret	mods/starcoop/starcoop.sc2mod/base.sc2data/gamedata/turretdata.xml	合作指挥官版起义狂潮\Mods\XM\XMAbathur.SC2Mod\Base.SC2Data\GameData\TurretData.xml
AbathurBiomassCritter	CUnit	mods/starcoop/starcoop.sc2mod/base.sc2data/gamedata/unitdata.xml	合作指挥官版起义狂潮\Mods\XM\XMAbathur.SC2Mod\Base.SC2Data\GameData\UnitData.xml
AbathurLavaWorm	CUnit	mods/starcoop/starcoop.sc2mod/base.sc2data/gamedata/unitdata.xml	合作指挥官版起义狂潮\Mods\XM\XMAbathur.SC2Mod\Base.SC2Data\GameData\UnitData.xml
AbathurLocust	CUnit	mods/starcoop/starcoop.sc2mod/base.sc2data/gamedata/unitdata.xml	合作指挥官版起义狂潮\Mods\XM\XMAbathur.SC2Mod\Base.SC2Data\GameData\UnitData.xml
AbathurLocustEggAMissileWeapon	CUnit	mods/starcoop/starcoop.sc2mod/base.sc2data/gamedata/unitdata.xml	合作指挥官版起义狂潮\Mods\XM\XMAbathur.SC2Mod\Base.SC2Data\GameData\UnitData.xml
AbathurLocustEggBMissileWeapon	CUnit	mods/starcoop/starcoop.sc2mod/base.sc2data/gamedata/unitdata.xml	合作指挥官版起义狂潮\Mods\XM\XMAbathur.SC2Mod\Base.SC2Data\GameData\UnitData.xml
AbathurSymbioteBrutalisk	CUnit	mods/starcoop/starcoop.sc2mod/base.sc2data/gamedata/unitdata.xml	合作指挥官版起义狂潮\Mods\XM\XMAbathur.SC2Mod\Base.SC2Data\GameData\UnitData.xml
AbathurSymbioteLeviathan	CUnit	mods/starcoop/starcoop.sc2mod/base.sc2data/gamedata/unitdata.xml	合作指挥官版起义狂潮\Mods\XM\XMAbathur.SC2Mod\Base.SC2Data\GameData\UnitData.xml
Baneling	CUnit	mods/starcoop/starcoop.sc2mod/base.sc2data/gamedata/unitdata.xml	合作指挥官版起义狂潮\Mods\XM\XMAbathur.SC2Mod\Base.SC2Data\GameData\UnitData.xml
BileLauncherZagara	CUnit	mods/starcoop/starcoop.sc2mod/base.sc2data/gamedata/unitdata.xml	合作指挥官版起义狂潮\Mods\XM\XMAbathur.SC2Mod\Base.SC2Data\GameData\UnitData.xml
BiomassPickup	CUnit	mods/starcoop/starcoop.sc2mod/base.sc2data/gamedata/unitdata.xml	合作指挥官版起义狂潮\Mods\XM\XMAbathur.SC2Mod\Base.SC2Data\GameData\UnitData.xml
BiomassPickupWeapon	CUnit	mods/starcoop/starcoop.sc2mod/base.sc2data/gamedata/unitdata.xml	合作指挥官版起义狂潮\Mods\XM\XMAbathur.SC2Mod\Base.SC2Data\GameData\UnitData.xml
Broodling	CUnit	mods/starcoop/starcoop.sc2mod/base.sc2data/gamedata/unitdata.xml	合作指挥官版起义狂潮\Mods\XM\XMAbathur.SC2Mod\Base.SC2Data\GameData\UnitData.xml
BroodLordCocoon	CUnit	mods/starcoop/starcoop.sc2mod/base.sc2data/gamedata/unitdata.xml	合作指挥官版起义狂潮\Mods\XM\XMAbathur.SC2Mod\Base.SC2Data\GameData\UnitData.xml
Brutalisk	CUnit	mods/starcoop/starcoop.sc2mod/base.sc2data/gamedata/unitdata.xml	合作指挥官版起义狂潮\Mods\XM\XMAbathur.SC2Mod\Base.SC2Data\GameData\UnitData.xml
BrutaliskBurrowed	CUnit	mods/starcoop/starcoop.sc2mod/base.sc2data/gamedata/unitdata.xml	合作指挥官版起义狂潮\Mods\XM\XMAbathur.SC2Mod\Base.SC2Data\GameData\UnitData.xml
BrutaliskCocoon	CUnit	mods/starcoop/starcoop.sc2mod/base.sc2data/gamedata/unitdata.xml	合作指挥官版起义狂潮\Mods\XM\XMAbathur.SC2Mod\Base.SC2Data\GameData\UnitData.xml
BrutaliskCocoonDefiler	CUnit	mods/starcoop/starcoop.sc2mod/base.sc2data/gamedata/unitdata.xml	合作指挥官版起义狂潮\Mods\XM\XMAbathur.SC2Mod\Base.SC2Data\GameData\UnitData.xml
BrutaliskCocoonQueen	CUnit	mods/starcoop/starcoop.sc2mod/base.sc2data/gamedata/unitdata.xml	合作指挥官版起义狂潮\Mods\XM\XMAbathur.SC2Mod\Base.SC2Data\GameData\UnitData.xml
BrutaliskCocoonRavager	CUnit	mods/starcoop/starcoop.sc2mod/base.sc2data/gamedata/unitdata.xml	合作指挥官版起义狂潮\Mods\XM\XMAbathur.SC2Mod\Base.SC2Data\GameData\UnitData.xml
BrutaliskCocoonRoach	CUnit	mods/starcoop/starcoop.sc2mod/base.sc2data/gamedata/unitdata.xml	合作指挥官版起义狂潮\Mods\XM\XMAbathur.SC2Mod\Base.SC2Data\GameData\UnitData.xml
BrutaliskCocoonRoachVile	CUnit	mods/starcoop/starcoop.sc2mod/base.sc2data/gamedata/unitdata.xml	合作指挥官版起义狂潮\Mods\XM\XMAbathur.SC2Mod\Base.SC2Data\GameData\UnitData.xml
BrutaliskCocoonSwarmhost	CUnit	mods/starcoop/starcoop.sc2mod/base.sc2data/gamedata/unitdata.xml	合作指挥官版起义狂潮\Mods\XM\XMAbathur.SC2Mod\Base.SC2Data\GameData\UnitData.xml
BrutaliskPlacement	CUnit	mods/starcoop/starcoop.sc2mod/base.sc2data/gamedata/unitdata.xml	合作指挥官版起义狂潮\Mods\XM\XMAbathur.SC2Mod\Base.SC2Data\GameData\UnitData.xml
CoopCasterAbathur	CUnit	mods/starcoop/starcoop.sc2mod/base.sc2data/gamedata/unitdata.xml	合作指挥官版起义狂潮\Mods\XM\XMAbathur.SC2Mod\Base.SC2Data\GameData\UnitData.xml
CorrosiveAcidMissile	CUnit	mods/starcoop/starcoop.sc2mod/base.sc2data/gamedata/unitdata.xml	合作指挥官版起义狂潮\Mods\XM\XMAbathur.SC2Mod\Base.SC2Data\GameData\UnitData.xml
CreepColony	CUnit	mods/starcoop/starcoop.sc2mod/base.sc2data/gamedata/unitdata.xml	合作指挥官版起义狂潮\Mods\XM\XMAbathur.SC2Mod\Base.SC2Data\GameData\UnitData.xml
CreepTumor	CUnit	mods/starcoop/starcoop.sc2mod/base.sc2data/gamedata/unitdata.xml	合作指挥官版起义狂潮\Mods\XM\XMAbathur.SC2Mod\Base.SC2Data\GameData\UnitData.xml
CreepTumorBurrowed	CUnit	mods/starcoop/starcoop.sc2mod/base.sc2data/gamedata/unitdata.xml	合作指挥官版起义狂潮\Mods\XM\XMAbathur.SC2Mod\Base.SC2Data\GameData\UnitData.xml
DamagedEvolutionPit	CUnit	mods/starcoop/starcoop.sc2mod/base.sc2data/gamedata/unitdata.xml	合作指挥官版起义狂潮\Mods\XM\XMAbathur.SC2Mod\Base.SC2Data\GameData\UnitData.xml
DamagedSolarForge	CUnit	mods/starcoop/starcoop.sc2mod/base.sc2data/gamedata/unitdata.xml	合作指挥官版起义狂潮\Mods\XM\XMAbathur.SC2Mod\Base.SC2Data\GameData\UnitData.xml
DefilerMP	CUnit	mods/starcoop/starcoop.sc2mod/base.sc2data/gamedata/unitdata.xml	合作指挥官版起义狂潮\Mods\XM\XMAbathur.SC2Mod\Base.SC2Data\GameData\UnitData.xml
DehakaDrone	CUnit	mods/starcoop/starcoop.sc2mod/base.sc2data/gamedata/unitdata.xml	合作指挥官版起义狂潮\Mods\XM\XMAbathur.SC2Mod\Base.SC2Data\GameData\UnitData.xml
Devourer	CUnit	mods/starcoop/starcoop.sc2mod/base.sc2data/gamedata/unitdata.xml	合作指挥官版起义狂潮\Mods\XM\XMAbathur.SC2Mod\Base.SC2Data\GameData\UnitData.xml
DevourerCocoonMP	CUnit	mods/starcoop/starcoop.sc2mod/base.sc2data/gamedata/unitdata.xml	合作指挥官版起义狂潮\Mods\XM\XMAbathur.SC2Mod\Base.SC2Data\GameData\UnitData.xml
Drone	CUnit	mods/starcoop/starcoop.sc2mod/base.sc2data/gamedata/unitdata.xml	合作指挥官版起义狂潮\Mods\XM\XMAbathur.SC2Mod\Base.SC2Data\GameData\UnitData.xml
DroneFull	CUnit	mods/starcoop/starcoop.sc2mod/base.sc2data/gamedata/unitdata.xml	合作指挥官版起义狂潮\Mods\XM\XMAbathur.SC2Mod\Base.SC2Data\GameData\UnitData.xml
Egg	CUnit	mods/starcoop/starcoop.sc2mod/base.sc2data/gamedata/unitdata.xml	合作指挥官版起义狂潮\Mods\XM\XMAbathur.SC2Mod\Base.SC2Data\GameData\UnitData.xml
EvolutionChamber	CUnit	mods/starcoop/starcoop.sc2mod/base.sc2data/gamedata/unitdata.xml	合作指挥官版起义狂潮\Mods\XM\XMAbathur.SC2Mod\Base.SC2Data\GameData\UnitData.xml
EvolutionPit	CUnit	mods/starcoop/starcoop.sc2mod/base.sc2data/gamedata/unitdata.xml	合作指挥官版起义狂潮\Mods\XM\XMAbathur.SC2Mod\Base.SC2Data\GameData\UnitData.xml
GreaterRoachWarren	CUnit	mods/starcoop/starcoop.sc2mod/base.sc2data/gamedata/unitdata.xml	合作指挥官版起义狂潮\Mods\XM\XMAbathur.SC2Mod\Base.SC2Data\GameData\UnitData.xml
GreaterSpire	CUnit	mods/starcoop/starcoop.sc2mod/base.sc2data/gamedata/unitdata.xml	合作指挥官版起义狂潮\Mods\XM\XMAbathur.SC2Mod\Base.SC2Data\GameData\UnitData.xml
GuardianCocoon	CUnit	mods/starcoop/starcoop.sc2mod/base.sc2data/gamedata/unitdata.xml	合作指挥官版起义狂潮\Mods\XM\XMAbathur.SC2Mod\Base.SC2Data\GameData\UnitData.xml
GuardianMP	CUnit	mods/starcoop/starcoop.sc2mod/base.sc2data/gamedata/unitdata.xml	合作指挥官版起义狂潮\Mods\XM\XMAbathur.SC2Mod\Base.SC2Data\GameData\UnitData.xml
Hatchery	CUnit	mods/starcoop/starcoop.sc2mod/base.sc2data/gamedata/unitdata.xml	合作指挥官版起义狂潮\Mods\XM\XMAbathur.SC2Mod\Base.SC2Data\GameData\UnitData.xml
Hive	CUnit	mods/starcoop/starcoop.sc2mod/base.sc2data/gamedata/unitdata.xml	合作指挥官版起义狂潮\Mods\XM\XMAbathur.SC2Mod\Base.SC2Data\GameData\UnitData.xml
HotSLeviathan	CUnit	mods/starcoop/starcoop.sc2mod/base.sc2data/gamedata/unitdata.xml	合作指挥官版起义狂潮\Mods\XM\XMAbathur.SC2Mod\Base.SC2Data\GameData\UnitData.xml
HotSSplitterlingBig	CUnit	mods/starcoop/starcoop.sc2mod/base.sc2data/gamedata/unitdata.xml	合作指挥官版起义狂潮\Mods\XM\XMAbathur.SC2Mod\Base.SC2Data\GameData\UnitData.xml
HotSSplitterlingBigBurrowed	CUnit	mods/starcoop/starcoop.sc2mod/base.sc2data/gamedata/unitdata.xml	合作指挥官版起义狂潮\Mods\XM\XMAbathur.SC2Mod\Base.SC2Data\GameData\UnitData.xml
HotSSplitterlingMedium	CUnit	mods/starcoop/starcoop.sc2mod/base.sc2data/gamedata/unitdata.xml	合作指挥官版起义狂潮\Mods\XM\XMAbathur.SC2Mod\Base.SC2Data\GameData\UnitData.xml
HotSSplitterlingMediumBurrowed	CUnit	mods/starcoop/starcoop.sc2mod/base.sc2data/gamedata/unitdata.xml	合作指挥官版起义狂潮\Mods\XM\XMAbathur.SC2Mod\Base.SC2Data\GameData\UnitData.xml
HotSSwarmling	CUnit	mods/starcoop/starcoop.sc2mod/base.sc2data/gamedata/unitdata.xml	合作指挥官版起义狂潮\Mods\XM\XMAbathur.SC2Mod\Base.SC2Data\GameData\UnitData.xml
HotSSwarmlingBurrowed	CUnit	mods/starcoop/starcoop.sc2mod/base.sc2data/gamedata/unitdata.xml	合作指挥官版起义狂潮\Mods\XM\XMAbathur.SC2Mod\Base.SC2Data\GameData\UnitData.xml
HunterKiller	CUnit	mods/starcoop/starcoop.sc2mod/base.sc2data/gamedata/unitdata.xml	合作指挥官版起义狂潮\Mods\XM\XMAbathur.SC2Mod\Base.SC2Data\GameData\UnitData.xml
HunterKillerBurrowed	CUnit	mods/starcoop/starcoop.sc2mod/base.sc2data/gamedata/unitdata.xml	合作指挥官版起义狂潮\Mods\XM\XMAbathur.SC2Mod\Base.SC2Data\GameData\UnitData.xml
HydraliskDen	CUnit	mods/starcoop/starcoop.sc2mod/base.sc2data/gamedata/unitdata.xml	合作指挥官版起义狂潮\Mods\XM\XMAbathur.SC2Mod\Base.SC2Data\GameData\UnitData.xml
HydraliskImpaler	CUnit	mods/starcoop/starcoop.sc2mod/base.sc2data/gamedata/unitdata.xml	合作指挥官版起义狂潮\Mods\XM\XMAbathur.SC2Mod\Base.SC2Data\GameData\UnitData.xml
ImpalerAbathur	CUnit	mods/starcoop/starcoop.sc2mod/base.sc2data/gamedata/unitdata.xml	合作指挥官版起义狂潮\Mods\XM\XMAbathur.SC2Mod\Base.SC2Data\GameData\UnitData.xml
ImpalerAbathurBurrowed	CUnit	mods/starcoop/starcoop.sc2mod/base.sc2data/gamedata/unitdata.xml	合作指挥官版起义狂潮\Mods\XM\XMAbathur.SC2Mod\Base.SC2Data\GameData\UnitData.xml
ImpalerAbathurEgg	CUnit	mods/starcoop/starcoop.sc2mod/base.sc2data/gamedata/unitdata.xml	合作指挥官版起义狂潮\Mods\XM\XMAbathur.SC2Mod\Base.SC2Data\GameData\UnitData.xml
ImpalerBurrowed	CUnit	mods/starcoop/starcoop.sc2mod/base.sc2data/gamedata/unitdata.xml	合作指挥官版起义狂潮\Mods\XM\XMAbathur.SC2Mod\Base.SC2Data\GameData\UnitData.xml
ImpalerDen	CUnit	mods/starcoop/starcoop.sc2mod/base.sc2data/gamedata/unitdata.xml	合作指挥官版起义狂潮\Mods\XM\XMAbathur.SC2Mod\Base.SC2Data\GameData\UnitData.xml
InfestationPit	CUnit	mods/starcoop/starcoop.sc2mod/base.sc2data/gamedata/unitdata.xml	合作指挥官版起义狂潮\Mods\XM\XMAbathur.SC2Mod\Base.SC2Data\GameData\UnitData.xml
InfestedAbomination	CUnit	mods/starcoop/starcoop.sc2mod/base.sc2data/gamedata/unitdata.xml	合作指挥官版起义狂潮\Mods\XM\XMAbathur.SC2Mod\Base.SC2Data\GameData\UnitData.xml
InfestedAbominationBurrowed	CUnit	mods/starcoop/starcoop.sc2mod/base.sc2data/gamedata/unitdata.xml	合作指挥官版起义狂潮\Mods\XM\XMAbathur.SC2Mod\Base.SC2Data\GameData\UnitData.xml
K5Kerrigan	CUnit	mods/starcoop/starcoop.sc2mod/base.sc2data/gamedata/unitdata.xml	合作指挥官版起义狂潮\Mods\XM\XMAbathur.SC2Mod\Base.SC2Data\GameData\UnitData.xml
K5KerriganBurrowed	CUnit	mods/starcoop/starcoop.sc2mod/base.sc2data/gamedata/unitdata.xml	合作指挥官版起义狂潮\Mods\XM\XMAbathur.SC2Mod\Base.SC2Data\GameData\UnitData.xml
K5KerriganPsiStrike	CUnit	mods/starcoop/starcoop.sc2mod/base.sc2data/gamedata/unitdata.xml	合作指挥官版起义狂潮\Mods\XM\XMAbathur.SC2Mod\Base.SC2Data\GameData\UnitData.xml
KelMorianAutoTurret	CUnit	mods/starcoop/starcoop.sc2mod/base.sc2data/gamedata/unitdata.xml	合作指挥官版起义狂潮\Mods\XM\XMAbathur.SC2Mod\Base.SC2Data\GameData\UnitData.xml
Lair	CUnit	mods/starcoop/starcoop.sc2mod/base.sc2data/gamedata/unitdata.xml	合作指挥官版起义狂潮\Mods\XM\XMAbathur.SC2Mod\Base.SC2Data\GameData\UnitData.xml
Larva	CUnit	mods/starcoop/starcoop.sc2mod/base.sc2data/gamedata/unitdata.xml	合作指挥官版起义狂潮\Mods\XM\XMAbathur.SC2Mod\Base.SC2Data\GameData\UnitData.xml
Leviathan	CUnit	mods/starcoop/starcoop.sc2mod/base.sc2data/gamedata/unitdata.xml	合作指挥官版起义狂潮\Mods\XM\XMAbathur.SC2Mod\Base.SC2Data\GameData\UnitData.xml
LeviathanCocoon	CUnit	mods/starcoop/starcoop.sc2mod/base.sc2data/gamedata/unitdata.xml	合作指挥官版起义狂潮\Mods\XM\XMAbathur.SC2Mod\Base.SC2Data\GameData\UnitData.xml
Locust	CUnit	mods/starcoop/starcoop.sc2mod/base.sc2data/gamedata/unitdata.xml	合作指挥官版起义狂潮\Mods\XM\XMAbathur.SC2Mod\Base.SC2Data\GameData\UnitData.xml
LocustMP	CUnit	mods/starcoop/starcoop.sc2mod/base.sc2data/gamedata/unitdata.xml	合作指挥官版起义狂潮\Mods\XM\XMAbathur.SC2Mod\Base.SC2Data\GameData\UnitData.xml
LurkerDen	CUnit	mods/starcoop/starcoop.sc2mod/base.sc2data/gamedata/unitdata.xml	合作指挥官版起义狂潮\Mods\XM\XMAbathur.SC2Mod\Base.SC2Data\GameData\UnitData.xml
LurkerEgg	CUnit	mods/starcoop/starcoop.sc2mod/base.sc2data/gamedata/unitdata.xml	合作指挥官版起义狂潮\Mods\XM\XMAbathur.SC2Mod\Base.SC2Data\GameData\UnitData.xml
Mutalisk	CUnit	mods/starcoop/starcoop.sc2mod/base.sc2data/gamedata/unitdata.xml	合作指挥官版起义狂潮\Mods\XM\XMAbathur.SC2Mod\Base.SC2Data\GameData\UnitData.xml
MutaliskBroodlord	CUnit	mods/starcoop/starcoop.sc2mod/base.sc2data/gamedata/unitdata.xml	合作指挥官版起义狂潮\Mods\XM\XMAbathur.SC2Mod\Base.SC2Data\GameData\UnitData.xml
MutaliskViper	CUnit	mods/starcoop/starcoop.sc2mod/base.sc2data/gamedata/unitdata.xml	合作指挥官版起义狂潮\Mods\XM\XMAbathur.SC2Mod\Base.SC2Data\GameData\UnitData.xml
NovaBoombotBurrowed	System.Xml.XmlElement	mods/starcoop/starcoop.sc2mod/base.sc2data/gamedata/unitdata.xml	合作指挥官版起义狂潮\Mods\XM\XMAbathur.SC2Mod\Base.SC2Data\GameData\UnitData.xml
Overlord	CUnit	mods/starcoop/starcoop.sc2mod/base.sc2data/gamedata/unitdata.xml	合作指挥官版起义狂潮\Mods\XM\XMAbathur.SC2Mod\Base.SC2Data\GameData\UnitData.xml
OverlordCocoon	CUnit	mods/starcoop/starcoop.sc2mod/base.sc2data/gamedata/unitdata.xml	合作指挥官版起义狂潮\Mods\XM\XMAbathur.SC2Mod\Base.SC2Data\GameData\UnitData.xml
Overseer	CUnit	mods/starcoop/starcoop.sc2mod/base.sc2data/gamedata/unitdata.xml	合作指挥官版起义狂潮\Mods\XM\XMAbathur.SC2Mod\Base.SC2Data\GameData\UnitData.xml
OverseerSiegeMode	System.Xml.XmlElement	mods/starcoop/starcoop.sc2mod/base.sc2data/gamedata/unitdata.xml	合作指挥官版起义狂潮\Mods\XM\XMAbathur.SC2Mod\Base.SC2Data\GameData\UnitData.xml
Queen	CUnit	mods/starcoop/starcoop.sc2mod/base.sc2data/gamedata/unitdata.xml	合作指挥官版起义狂潮\Mods\XM\XMAbathur.SC2Mod\Base.SC2Data\GameData\UnitData.xml
QueenBurrowed	CUnit	mods/starcoop/starcoop.sc2mod/base.sc2data/gamedata/unitdata.xml	合作指挥官版起义狂潮\Mods\XM\XMAbathur.SC2Mod\Base.SC2Data\GameData\UnitData.xml
QueenCoop	CUnit	mods/starcoop/starcoop.sc2mod/base.sc2data/gamedata/unitdata.xml	合作指挥官版起义狂潮\Mods\XM\XMAbathur.SC2Mod\Base.SC2Data\GameData\UnitData.xml
QueenCoopBurrowed	CUnit	mods/starcoop/starcoop.sc2mod/base.sc2data/gamedata/unitdata.xml	合作指挥官版起义狂潮\Mods\XM\XMAbathur.SC2Mod\Base.SC2Data\GameData\UnitData.xml
Ravager	CUnit	mods/starcoop/starcoop.sc2mod/base.sc2data/gamedata/unitdata.xml	合作指挥官版起义狂潮\Mods\XM\XMAbathur.SC2Mod\Base.SC2Data\GameData\UnitData.xml
RavagerAbathur	CUnit	mods/starcoop/starcoop.sc2mod/base.sc2data/gamedata/unitdata.xml	合作指挥官版起义狂潮\Mods\XM\XMAbathur.SC2Mod\Base.SC2Data\GameData\UnitData.xml
RavagerAbathurBurrowed	CUnit	mods/starcoop/starcoop.sc2mod/base.sc2data/gamedata/unitdata.xml	合作指挥官版起义狂潮\Mods\XM\XMAbathur.SC2Mod\Base.SC2Data\GameData\UnitData.xml
RavagerAbathurCocoon	CUnit	mods/starcoop/starcoop.sc2mod/base.sc2data/gamedata/unitdata.xml	合作指挥官版起义狂潮\Mods\XM\XMAbathur.SC2Mod\Base.SC2Data\GameData\UnitData.xml
RavagerCocoon	CUnit	mods/starcoop/starcoop.sc2mod/base.sc2data/gamedata/unitdata.xml	合作指挥官版起义狂潮\Mods\XM\XMAbathur.SC2Mod\Base.SC2Data\GameData\UnitData.xml
RavagerVileAbathurCocoon	CUnit	mods/starcoop/starcoop.sc2mod/base.sc2data/gamedata/unitdata.xml	合作指挥官版起义狂潮\Mods\XM\XMAbathur.SC2Mod\Base.SC2Data\GameData\UnitData.xml
Ravasaur	CUnit	mods/starcoop/starcoop.sc2mod/base.sc2data/gamedata/unitdata.xml	合作指挥官版起义狂潮\Mods\XM\XMAbathur.SC2Mod\Base.SC2Data\GameData\UnitData.xml
Roach	CUnit	mods/starcoop/starcoop.sc2mod/base.sc2data/gamedata/unitdata.xml	合作指挥官版起义狂潮\Mods\XM\XMAbathur.SC2Mod\Base.SC2Data\GameData\UnitData.xml
RoachCorpser	CUnit	mods/starcoop/starcoop.sc2mod/base.sc2data/gamedata/unitdata.xml	合作指挥官版起义狂潮\Mods\XM\XMAbathur.SC2Mod\Base.SC2Data\GameData\UnitData.xml
RoachVile	CUnit	mods/starcoop/starcoop.sc2mod/base.sc2data/gamedata/unitdata.xml	合作指挥官版起义狂潮\Mods\XM\XMAbathur.SC2Mod\Base.SC2Data\GameData\UnitData.xml
RoachWarren	CUnit	mods/starcoop/starcoop.sc2mod/base.sc2data/gamedata/unitdata.xml	合作指挥官版起义狂潮\Mods\XM\XMAbathur.SC2Mod\Base.SC2Data\GameData\UnitData.xml
Scourge	CUnit	mods/starcoop/starcoop.sc2mod/base.sc2data/gamedata/unitdata.xml	合作指挥官版起义狂潮\Mods\XM\XMAbathur.SC2Mod\Base.SC2Data\GameData\UnitData.xml
ScourgeNest	CUnit	mods/starcoop/starcoop.sc2mod/base.sc2data/gamedata/unitdata.xml	合作指挥官版起义狂潮\Mods\XM\XMAbathur.SC2Mod\Base.SC2Data\GameData\UnitData.xml
SIOverlord	CUnit	mods/starcoop/starcoop.sc2mod/base.sc2data/gamedata/unitdata.xml	合作指挥官版起义狂潮\Mods\XM\XMAbathur.SC2Mod\Base.SC2Data\GameData\UnitData.xml
SoACaster	CUnit	mods/starcoop/starcoop.sc2mod/base.sc2data/gamedata/unitdata.xml	合作指挥官版起义狂潮\Mods\XM\XMAbathur.SC2Mod\Base.SC2Data\GameData\UnitData.xml
SpawningPool	CUnit	mods/starcoop/starcoop.sc2mod/base.sc2data/gamedata/unitdata.xml	合作指挥官版起义狂潮\Mods\XM\XMAbathur.SC2Mod\Base.SC2Data\GameData\UnitData.xml
Spire	CUnit	mods/starcoop/starcoop.sc2mod/base.sc2data/gamedata/unitdata.xml	合作指挥官版起义狂潮\Mods\XM\XMAbathur.SC2Mod\Base.SC2Data\GameData\UnitData.xml
SS_Leviathan	CUnit	mods/starcoop/starcoop.sc2mod/base.sc2data/gamedata/unitdata.xml	合作指挥官版起义狂潮\Mods\XM\XMAbathur.SC2Mod\Base.SC2Data\GameData\UnitData.xml
SwarmHost	CUnit	mods/starcoop/starcoop.sc2mod/base.sc2data/gamedata/unitdata.xml	合作指挥官版起义狂潮\Mods\XM\XMAbathur.SC2Mod\Base.SC2Data\GameData\UnitData.xml
SwarmHostSplitB	CUnit	mods/starcoop/starcoop.sc2mod/base.sc2data/gamedata/unitdata.xml	合作指挥官版起义狂潮\Mods\XM\XMAbathur.SC2Mod\Base.SC2Data\GameData\UnitData.xml
SymbioteStabWeapon	CUnit	mods/starcoop/starcoop.sc2mod/base.sc2data/gamedata/unitdata.xml	合作指挥官版起义狂潮\Mods\XM\XMAbathur.SC2Mod\Base.SC2Data\GameData\UnitData.xml
Terrorzor	CUnit	mods/starcoop/starcoop.sc2mod/base.sc2data/gamedata/unitdata.xml	合作指挥官版起义狂潮\Mods\XM\XMAbathur.SC2Mod\Base.SC2Data\GameData\UnitData.xml
TorrasqueChrysalis	CUnit	mods/starcoop/starcoop.sc2mod/base.sc2data/gamedata/unitdata.xml	合作指挥官版起义狂潮\Mods\XM\XMAbathur.SC2Mod\Base.SC2Data\GameData\UnitData.xml
ToxicNest	CUnit	mods/starcoop/starcoop.sc2mod/base.sc2data/gamedata/unitdata.xml	合作指挥官版起义狂潮\Mods\XM\XMAbathur.SC2Mod\Base.SC2Data\GameData\UnitData.xml
ToxicNestBurrowed	CUnit	mods/starcoop/starcoop.sc2mod/base.sc2data/gamedata/unitdata.xml	合作指挥官版起义狂潮\Mods\XM\XMAbathur.SC2Mod\Base.SC2Data\GameData\UnitData.xml
Viper	CUnit	mods/starcoop/starcoop.sc2mod/base.sc2data/gamedata/unitdata.xml	合作指挥官版起义狂潮\Mods\XM\XMAbathur.SC2Mod\Base.SC2Data\GameData\UnitData.xml
Yagdra	CUnit	mods/starcoop/starcoop.sc2mod/base.sc2data/gamedata/unitdata.xml	合作指挥官版起义狂潮\Mods\XM\XMAbathur.SC2Mod\Base.SC2Data\GameData\UnitData.xml
ZagaraAcidSalivaWeapon	CUnit	mods/starcoop/starcoop.sc2mod/base.sc2data/gamedata/unitdata.xml	合作指挥官版起义狂潮\Mods\XM\XMAbathur.SC2Mod\Base.SC2Data\GameData\UnitData.xml
ZagaraVoidCoop	CUnit	mods/starcoop/starcoop.sc2mod/base.sc2data/gamedata/unitdata.xml	合作指挥官版起义狂潮\Mods\XM\XMAbathur.SC2Mod\Base.SC2Data\GameData\UnitData.xml
ZagaraVoidCoopBurrowed	CUnit	mods/starcoop/starcoop.sc2mod/base.sc2data/gamedata/unitdata.xml	合作指挥官版起义狂潮\Mods\XM\XMAbathur.SC2Mod\Base.SC2Data\GameData\UnitData.xml
ZergTowerArtillery	CUnit	mods/starcoop/starcoop.sc2mod/base.sc2data/gamedata/unitdata.xml	合作指挥官版起义狂潮\Mods\XM\XMAbathur.SC2Mod\Base.SC2Data\GameData\UnitData.xml
AbathurBiomassLifeLeech	CUpgrade	mods/starcoop/starcoop.sc2mod/base.sc2data/gamedata/upgradedata.xml	合作指挥官版起义狂潮\Mods\XM\XMAbathur.SC2Mod\Base.SC2Data\GameData\UpgradeData.xml
AbathurBiomassRefund	CUpgrade	mods/starcoop/starcoop.sc2mod/base.sc2data/gamedata/upgradedata.xml	合作指挥官版起义狂潮\Mods\XM\XMAbathur.SC2Mod\Base.SC2Data\GameData\UpgradeData.xml
AbathurBioMechanicalTransfusion	CUpgrade	mods/starcoop/starcoop.sc2mod/base.sc2data/gamedata/upgradedata.xml	合作指挥官版起义狂潮\Mods\XM\XMAbathur.SC2Mod\Base.SC2Data\GameData\UpgradeData.xml
AbathurCommander	CUpgrade	mods/starcoop/starcoop.sc2mod/base.sc2data/gamedata/upgradedata.xml	合作指挥官版起义狂潮\Mods\XM\XMAbathur.SC2Mod\Base.SC2Data\GameData\UpgradeData.xml
AbathurCreepTumorEnsnare	CUpgrade	mods/starcoop/starcoop.sc2mod/base.sc2data/gamedata/upgradedata.xml	合作指挥官版起义狂潮\Mods\XM\XMAbathur.SC2Mod\Base.SC2Data\GameData\UpgradeData.xml
AbathurDeepTunnel	CUpgrade	mods/starcoop/starcoop.sc2mod/base.sc2data/gamedata/upgradedata.xml	合作指挥官版起义狂潮\Mods\XM\XMAbathur.SC2Mod\Base.SC2Data\GameData\UpgradeData.xml
AbathurEnableSymbiote	CUpgrade	mods/starcoop/starcoop.sc2mod/base.sc2data/gamedata/upgradedata.xml	合作指挥官版起义狂潮\Mods\XM\XMAbathur.SC2Mod\Base.SC2Data\GameData\UpgradeData.xml
AbathurEnemyDeathCreateLocusts	CUpgrade	mods/starcoop/starcoop.sc2mod/base.sc2data/gamedata/upgradedata.xml	合作指挥官版起义狂潮\Mods\XM\XMAbathur.SC2Mod\Base.SC2Data\GameData\UpgradeData.xml
AbathurHatcheryDoubleQueue	CUpgrade	mods/starcoop/starcoop.sc2mod/base.sc2data/gamedata/upgradedata.xml	合作指挥官版起义狂潮\Mods\XM\XMAbathur.SC2Mod\Base.SC2Data\GameData\UpgradeData.xml
AbathurHiddenToxicNest	CUpgrade	mods/starcoop/starcoop.sc2mod/base.sc2data/gamedata/upgradedata.xml	合作指挥官版起义狂潮\Mods\XM\XMAbathur.SC2Mod\Base.SC2Data\GameData\UpgradeData.xml
AbathurImprovedMend	CUpgrade	mods/starcoop/starcoop.sc2mod/base.sc2data/gamedata/upgradedata.xml	合作指挥官版起义狂潮\Mods\XM\XMAbathur.SC2Mod\Base.SC2Data\GameData\UpgradeData.xml
AbathurImprovedToxicNest	CUpgrade	mods/starcoop/starcoop.sc2mod/base.sc2data/gamedata/upgradedata.xml	合作指挥官版起义狂潮\Mods\XM\XMAbathur.SC2Mod\Base.SC2Data\GameData\UpgradeData.xml
AbathurLocustAirAttack	CUpgrade	mods/starcoop/starcoop.sc2mod/base.sc2data/gamedata/upgradedata.xml	合作指挥官版起义狂潮\Mods\XM\XMAbathur.SC2Mod\Base.SC2Data\GameData\UpgradeData.xml
AbathurLocustNest	CUpgrade	mods/starcoop/starcoop.sc2mod/base.sc2data/gamedata/upgradedata.xml	合作指挥官版起义狂潮\Mods\XM\XMAbathur.SC2Mod\Base.SC2Data\GameData\UpgradeData.xml
AbathurMorphTimeCostReduced	CUpgrade	mods/starcoop/starcoop.sc2mod/base.sc2data/gamedata/upgradedata.xml	合作指挥官版起义狂潮\Mods\XM\XMAbathur.SC2Mod\Base.SC2Data\GameData\UpgradeData.xml
AbathurMutaliskHealthScalingUpgrade	CUpgrade	mods/starcoop/starcoop.sc2mod/base.sc2data/gamedata/upgradedata.xml	合作指挥官版起义狂潮\Mods\XM\XMAbathur.SC2Mod\Base.SC2Data\GameData\UpgradeData.xml
AbathurNetworkedCarapace	CUpgrade	mods/starcoop/starcoop.sc2mod/base.sc2data/gamedata/upgradedata.xml	合作指挥官版起义狂潮\Mods\XM\XMAbathur.SC2Mod\Base.SC2Data\GameData\UpgradeData.xml
AbathurRoachRangeScalingUpgrade	CUpgrade	mods/starcoop/starcoop.sc2mod/base.sc2data/gamedata/upgradedata.xml	合作指挥官版起义狂潮\Mods\XM\XMAbathur.SC2Mod\Base.SC2Data\GameData\UpgradeData.xml
AbathurSymbiote	CUpgrade	mods/starcoop/starcoop.sc2mod/base.sc2data/gamedata/upgradedata.xml	合作指挥官版起义狂潮\Mods\XM\XMAbathur.SC2Mod\Base.SC2Data\GameData\UpgradeData.xml
AbathurSymbioteAdrenalineBoost	CUpgrade	mods/starcoop/starcoop.sc2mod/base.sc2data/gamedata/upgradedata.xml	合作指挥官版起义狂潮\Mods\XM\XMAbathur.SC2Mod\Base.SC2Data\GameData\UpgradeData.xml
AbathurSymbioteDetection	CUpgrade	mods/starcoop/starcoop.sc2mod/base.sc2data/gamedata/upgradedata.xml	合作指挥官版起义狂潮\Mods\XM\XMAbathur.SC2Mod\Base.SC2Data\GameData\UpgradeData.xml
AbathurThornsAura	CUpgrade	mods/starcoop/starcoop.sc2mod/base.sc2data/gamedata/upgradedata.xml	合作指挥官版起义狂潮\Mods\XM\XMAbathur.SC2Mod\Base.SC2Data\GameData\UpgradeData.xml
AbathurToxicNestIcreasedBiomass	CUpgrade	mods/starcoop/starcoop.sc2mod/base.sc2data/gamedata/upgradedata.xml	合作指挥官版起义狂潮\Mods\XM\XMAbathur.SC2Mod\Base.SC2Data\GameData\UpgradeData.xml
AbathurToxicNestRespawnTalent	CUpgrade	mods/starcoop/starcoop.sc2mod/base.sc2data/gamedata/upgradedata.xml	合作指挥官版起义狂潮\Mods\XM\XMAbathur.SC2Mod\Base.SC2Data\GameData\UpgradeData.xml
AberrationArmorAura	CUpgrade	mods/starcoop/starcoop.sc2mod/base.sc2data/gamedata/upgradedata.xml	合作指挥官版起义狂潮\Mods\XM\XMAbathur.SC2Mod\Base.SC2Data\GameData\UpgradeData.xml
BileLauncherBombardmentCooldown	CUpgrade	mods/starcoop/starcoop.sc2mod/base.sc2data/gamedata/upgradedata.xml	合作指挥官版起义狂潮\Mods\XM\XMAbathur.SC2Mod\Base.SC2Data\GameData\UpgradeData.xml
BileLauncherIncreasedRange	CUpgrade	mods/starcoop/starcoop.sc2mod/base.sc2data/gamedata/upgradedata.xml	合作指挥官版起义狂潮\Mods\XM\XMAbathur.SC2Mod\Base.SC2Data\GameData\UpgradeData.xml
Burrow	CUpgrade	mods/starcoop/starcoop.sc2mod/base.sc2data/gamedata/upgradedata.xml	合作指挥官版起义狂潮\Mods\XM\XMAbathur.SC2Mod\Base.SC2Data\GameData\UpgradeData.xml
Charge	CUpgrade	mods/starcoop/starcoop.sc2mod/base.sc2data/gamedata/upgradedata.xml	合作指挥官版起义狂潮\Mods\XM\XMAbathur.SC2Mod\Base.SC2Data\GameData\UpgradeData.xml
CommanderPrestige	CUpgrade	mods/starcoop/starcoop.sc2mod/base.sc2data/gamedata/upgradedata.xml	合作指挥官版起义狂潮\Mods\XM\XMAbathur.SC2Mod\Base.SC2Data\GameData\UpgradeData.xml
CommanderPrestigeAbathurBiomass	CUpgrade	mods/starcoop/starcoop.sc2mod/base.sc2data/gamedata/upgradedata.xml	合作指挥官版起义狂潮\Mods\XM\XMAbathur.SC2Mod\Base.SC2Data\GameData\UpgradeData.xml
CommanderPrestigeAbathurDeepTunnel	CUpgrade	mods/starcoop/starcoop.sc2mod/base.sc2data/gamedata/upgradedata.xml	合作指挥官版起义狂潮\Mods\XM\XMAbathur.SC2Mod\Base.SC2Data\GameData\UpgradeData.xml
CommanderPrestigeAbathurUltEvo	CUpgrade	mods/starcoop/starcoop.sc2mod/base.sc2data/gamedata/upgradedata.xml	合作指挥官版起义狂潮\Mods\XM\XMAbathur.SC2Mod\Base.SC2Data\GameData\UpgradeData.xml
CommanderPrestigeKerriganCreep	CUpgrade	mods/starcoop/starcoop.sc2mod/base.sc2data/gamedata/upgradedata.xml	合作指挥官版起义狂潮\Mods\XM\XMAbathur.SC2Mod\Base.SC2Data\GameData\UpgradeData.xml
CommanderPrestigeVorazunTimeStop	CUpgrade	mods/starcoop/starcoop.sc2mod/base.sc2data/gamedata/upgradedata.xml	合作指挥官版起义狂潮\Mods\XM\XMAbathur.SC2Mod\Base.SC2Data\GameData\UpgradeData.xml
CommanderPrestigeZagaraMaxSupply	CUpgrade	mods/starcoop/starcoop.sc2mod/base.sc2data/gamedata/upgradedata.xml	合作指挥官版起义狂潮\Mods\XM\XMAbathur.SC2Mod\Base.SC2Data\GameData\UpgradeData.xml
CoopMutalisk	CUpgrade	mods/starcoop/starcoop.sc2mod/base.sc2data/gamedata/upgradedata.xml	合作指挥官版起义狂潮\Mods\XM\XMAbathur.SC2Mod\Base.SC2Data\GameData\UpgradeData.xml
CreepTumorVisible	CUpgrade	mods/starcoop/starcoop.sc2mod/base.sc2data/gamedata/upgradedata.xml	合作指挥官版起义狂潮\Mods\XM\XMAbathur.SC2Mod\Base.SC2Data\GameData\UpgradeData.xml
DarkProtoss	CUpgrade	mods/starcoop/starcoop.sc2mod/base.sc2data/gamedata/upgradedata.xml	合作指挥官版起义狂潮\Mods\XM\XMAbathur.SC2Mod\Base.SC2Data\GameData\UpgradeData.xml
DevourerAoEDamage	CUpgrade	mods/starcoop/starcoop.sc2mod/base.sc2data/gamedata/upgradedata.xml	合作指挥官版起义狂潮\Mods\XM\XMAbathur.SC2Mod\Base.SC2Data\GameData\UpgradeData.xml
GenerateCreepHealingUpgrade	CUpgrade	mods/starcoop/starcoop.sc2mod/base.sc2data/gamedata/upgradedata.xml	合作指挥官版起义狂潮\Mods\XM\XMAbathur.SC2Mod\Base.SC2Data\GameData\UpgradeData.xml
GuardianAttackRangeIncrease	CUpgrade	mods/starcoop/starcoop.sc2mod/base.sc2data/gamedata/upgradedata.xml	合作指挥官版起义狂潮\Mods\XM\XMAbathur.SC2Mod\Base.SC2Data\GameData\UpgradeData.xml
HaveGuardian	CUpgrade	mods/starcoop/starcoop.sc2mod/base.sc2data/gamedata/upgradedata.xml	合作指挥官版起义狂潮\Mods\XM\XMAbathur.SC2Mod\Base.SC2Data\GameData\UpgradeData.xml
HotSHaveDevourer	CUpgrade	mods/starcoop/starcoop.sc2mod/base.sc2data/gamedata/upgradedata.xml	合作指挥官版起义狂潮\Mods\XM\XMAbathur.SC2Mod\Base.SC2Data\GameData\UpgradeData.xml
HotSHaveSpineCrawler	CUpgrade	mods/starcoop/starcoop.sc2mod/base.sc2data/gamedata/upgradedata.xml	合作指挥官版起义狂潮\Mods\XM\XMAbathur.SC2Mod\Base.SC2Data\GameData\UpgradeData.xml
HotSHaveSporeCrawler	CUpgrade	mods/starcoop/starcoop.sc2mod/base.sc2data/gamedata/upgradedata.xml	合作指挥官版起义狂潮\Mods\XM\XMAbathur.SC2Mod\Base.SC2Data\GameData\UpgradeData.xml
HotSRapidRegeneration	CUpgrade	mods/starcoop/starcoop.sc2mod/base.sc2data/gamedata/upgradedata.xml	合作指挥官版起义狂潮\Mods\XM\XMAbathur.SC2Mod\Base.SC2Data\GameData\UpgradeData.xml
HotSRoachDamage	CUpgrade	mods/starcoop/starcoop.sc2mod/base.sc2data/gamedata/upgradedata.xml	合作指挥官版起义狂潮\Mods\XM\XMAbathur.SC2Mod\Base.SC2Data\GameData\UpgradeData.xml
HotSRoachShield	CUpgrade	mods/starcoop/starcoop.sc2mod/base.sc2data/gamedata/upgradedata.xml	合作指挥官版起义狂潮\Mods\XM\XMAbathur.SC2Mod\Base.SC2Data\GameData\UpgradeData.xml
HotSViciousGlaive	CUpgrade	mods/starcoop/starcoop.sc2mod/base.sc2data/gamedata/upgradedata.xml	合作指挥官版起义狂潮\Mods\XM\XMAbathur.SC2Mod\Base.SC2Data\GameData\UpgradeData.xml
HotSZerglingHealth	CUpgrade	mods/starcoop/starcoop.sc2mod/base.sc2data/gamedata/upgradedata.xml	合作指挥官版起义狂潮\Mods\XM\XMAbathur.SC2Mod\Base.SC2Data\GameData\UpgradeData.xml
HydraliskFrenzy	CUpgrade	mods/starcoop/starcoop.sc2mod/base.sc2data/gamedata/upgradedata.xml	合作指挥官版起义狂潮\Mods\XM\XMAbathur.SC2Mod\Base.SC2Data\GameData\UpgradeData.xml
ImpalerGenerateCreep	CUpgrade	mods/starcoop/starcoop.sc2mod/base.sc2data/gamedata/upgradedata.xml	合作指挥官版起义狂潮\Mods\XM\XMAbathur.SC2Mod\Base.SC2Data\GameData\UpgradeData.xml
K5ChainLightning	CUpgrade	mods/starcoop/starcoop.sc2mod/base.sc2data/gamedata/upgradedata.xml	合作指挥官版起义狂潮\Mods\XM\XMAbathur.SC2Mod\Base.SC2Data\GameData\UpgradeData.xml
K5Cooldowns	CUpgrade	mods/starcoop/starcoop.sc2mod/base.sc2data/gamedata/upgradedata.xml	合作指挥官版起义狂潮\Mods\XM\XMAbathur.SC2Mod\Base.SC2Data\GameData\UpgradeData.xml
KerriganSeveringGlave	CUpgrade	mods/starcoop/starcoop.sc2mod/base.sc2data/gamedata/upgradedata.xml	合作指挥官版起义狂潮\Mods\XM\XMAbathur.SC2Mod\Base.SC2Data\GameData\UpgradeData.xml
KerriganViciousGlaive	CUpgrade	mods/starcoop/starcoop.sc2mod/base.sc2data/gamedata/upgradedata.xml	合作指挥官版起义狂潮\Mods\XM\XMAbathur.SC2Mod\Base.SC2Data\GameData\UpgradeData.xml
KerriganVoidCoopBroodlordSpeed	CUpgrade	mods/starcoop/starcoop.sc2mod/base.sc2data/gamedata/upgradedata.xml	合作指挥官版起义狂潮\Mods\XM\XMAbathur.SC2Mod\Base.SC2Data\GameData\UpgradeData.xml
KerriganVoidCoopEnergyRegen	CUpgrade	mods/starcoop/starcoop.sc2mod/base.sc2data/gamedata/upgradedata.xml	合作指挥官版起义狂潮\Mods\XM\XMAbathur.SC2Mod\Base.SC2Data\GameData\UpgradeData.xml
MasteryAbathurBiomassRefund	CUpgrade	mods/starcoop/starcoop.sc2mod/base.sc2data/gamedata/upgradedata.xml	合作指挥官版起义狂潮\Mods\XM\XMAbathur.SC2Mod\Base.SC2Data\GameData\UpgradeData.xml
MasteryAbathurDoubleBiomass	CUpgrade	mods/starcoop/starcoop.sc2mod/base.sc2data/gamedata/upgradedata.xml	合作指挥官版起义狂潮\Mods\XM\XMAbathur.SC2Mod\Base.SC2Data\GameData\UpgradeData.xml
MasteryAbathurSymbioteCarapace	CUpgrade	mods/starcoop/starcoop.sc2mod/base.sc2data/gamedata/upgradedata.xml	合作指挥官版起义狂潮\Mods\XM\XMAbathur.SC2Mod\Base.SC2Data\GameData\UpgradeData.xml
MasteryAbathurSymbioteCDR	CUpgrade	mods/starcoop/starcoop.sc2mod/base.sc2data/gamedata/upgradedata.xml	合作指挥官版起义狂潮\Mods\XM\XMAbathur.SC2Mod\Base.SC2Data\GameData\UpgradeData.xml
MasteryKerriganArmyGasCost	CUpgrade	mods/starcoop/starcoop.sc2mod/base.sc2data/gamedata/upgradedata.xml	合作指挥官版起义狂潮\Mods\XM\XMAbathur.SC2Mod\Base.SC2Data\GameData\UpgradeData.xml
MasteryKerriganLarvaRate	CUpgrade	mods/starcoop/starcoop.sc2mod/base.sc2data/gamedata/upgradedata.xml	合作指挥官版起义狂潮\Mods\XM\XMAbathur.SC2Mod\Base.SC2Data\GameData\UpgradeData.xml
MutaliskSunderingGlave	CUpgrade	mods/starcoop/starcoop.sc2mod/base.sc2data/gamedata/upgradedata.xml	合作指挥官版起义狂潮\Mods\XM\XMAbathur.SC2Mod\Base.SC2Data\GameData\UpgradeData.xml
RavagerCorrosiveBileDamageIncrease	CUpgrade	mods/starcoop/starcoop.sc2mod/base.sc2data/gamedata/upgradedata.xml	合作指挥官版起义狂潮\Mods\XM\XMAbathur.SC2Mod\Base.SC2Data\GameData\UpgradeData.xml
RavagerCorrosiveBileRadiusIncrease	CUpgrade	mods/starcoop/starcoop.sc2mod/base.sc2data/gamedata/upgradedata.xml	合作指挥官版起义狂潮\Mods\XM\XMAbathur.SC2Mod\Base.SC2Data\GameData\UpgradeData.xml
SeismicSpines	CUpgrade	mods/starcoop/starcoop.sc2mod/base.sc2data/gamedata/upgradedata.xml	合作指挥官版起义狂潮\Mods\XM\XMAbathur.SC2Mod\Base.SC2Data\GameData\UpgradeData.xml
SOATimeFreeze	CUpgrade	mods/starcoop/starcoop.sc2mod/base.sc2data/gamedata/upgradedata.xml	合作指挥官版起义狂潮\Mods\XM\XMAbathur.SC2Mod\Base.SC2Data\GameData\UpgradeData.xml
SymbioteExtraSpawn	CUpgrade	mods/starcoop/starcoop.sc2mod/base.sc2data/gamedata/upgradedata.xml	合作指挥官版起义狂潮\Mods\XM\XMAbathur.SC2Mod\Base.SC2Data\GameData\UpgradeData.xml
SymbioteStabUpgrade	CUpgrade	mods/starcoop/starcoop.sc2mod/base.sc2data/gamedata/upgradedata.xml	合作指挥官版起义狂潮\Mods\XM\XMAbathur.SC2Mod\Base.SC2Data\GameData\UpgradeData.xml
ToxicNestattackgivesMarkforCollectionPassive	CUpgrade	mods/starcoop/starcoop.sc2mod/base.sc2data/gamedata/upgradedata.xml	合作指挥官版起义狂潮\Mods\XM\XMAbathur.SC2Mod\Base.SC2Data\GameData\UpgradeData.xml
ToxicNestDamageDebuff	CUpgrade	mods/starcoop/starcoop.sc2mod/base.sc2data/gamedata/upgradedata.xml	合作指挥官版起义狂潮\Mods\XM\XMAbathur.SC2Mod\Base.SC2Data\GameData\UpgradeData.xml
VoidCoopHeroicFortitude	CUpgrade	mods/starcoop/starcoop.sc2mod/base.sc2data/gamedata/upgradedata.xml	合作指挥官版起义狂潮\Mods\XM\XMAbathur.SC2Mod\Base.SC2Data\GameData\UpgradeData.xml
ZagaraBileLaunchers	CUpgrade	mods/starcoop/starcoop.sc2mod/base.sc2data/gamedata/upgradedata.xml	合作指挥官版起义狂潮\Mods\XM\XMAbathur.SC2Mod\Base.SC2Data\GameData\UpgradeData.xml
ZagaraGroundAttacksLevel1	System.Xml.XmlElement	mods/starcoop/starcoop.sc2mod/base.sc2data/gamedata/upgradedata.xml	合作指挥官版起义狂潮\Mods\XM\XMAbathur.SC2Mod\Base.SC2Data\GameData\UpgradeData.xml
ZagaraGroundAttacksLevel2	System.Xml.XmlElement	mods/starcoop/starcoop.sc2mod/base.sc2data/gamedata/upgradedata.xml	合作指挥官版起义狂潮\Mods\XM\XMAbathur.SC2Mod\Base.SC2Data\GameData\UpgradeData.xml
ZagaraGroundAttacksLevel3	System.Xml.XmlElement	mods/starcoop/starcoop.sc2mod/base.sc2data/gamedata/upgradedata.xml	合作指挥官版起义狂潮\Mods\XM\XMAbathur.SC2Mod\Base.SC2Data\GameData\UpgradeData.xml
ZagaraVoidCoopAttackUpgrade	CUpgrade	mods/starcoop/starcoop.sc2mod/base.sc2data/gamedata/upgradedata.xml	合作指挥官版起义狂潮\Mods\XM\XMAbathur.SC2Mod\Base.SC2Data\GameData\UpgradeData.xml
ZerglingArmorShred	CUpgrade	mods/starcoop/starcoop.sc2mod/base.sc2data/gamedata/upgradedata.xml	合作指挥官版起义狂潮\Mods\XM\XMAbathur.SC2Mod\Base.SC2Data\GameData\UpgradeData.xml
AbathurSpawnLocust	CValidatorLocationEnumArea	mods/starcoop/starcoop.sc2mod/base.sc2data/gamedata/validatordata.xml	合作指挥官版起义狂潮\Mods\XM\XMAbathur.SC2Mod\Base.SC2Data\GameData\ValidatorData.xml
BiomassBuff100CountGE1	CValidatorUnitCompareBehaviorCount	mods/starcoop/starcoop.sc2mod/base.sc2data/gamedata/validatordata.xml	合作指挥官版起义狂潮\Mods\XM\XMAbathur.SC2Mod\Base.SC2Data\GameData\ValidatorData.xml
BiomassBuff100CountLT1	CValidatorUnitCompareBehaviorCount	mods/starcoop/starcoop.sc2mod/base.sc2data/gamedata/validatordata.xml	合作指挥官版起义狂潮\Mods\XM\XMAbathur.SC2Mod\Base.SC2Data\GameData\ValidatorData.xml
BiomassBuff10CountGE1	CValidatorUnitCompareBehaviorCount	mods/starcoop/starcoop.sc2mod/base.sc2data/gamedata/validatordata.xml	合作指挥官版起义狂潮\Mods\XM\XMAbathur.SC2Mod\Base.SC2Data\GameData\ValidatorData.xml
BiomassBuff10CountGE10	CValidatorUnitCompareBehaviorCount	mods/starcoop/starcoop.sc2mod/base.sc2data/gamedata/validatordata.xml	合作指挥官版起义狂潮\Mods\XM\XMAbathur.SC2Mod\Base.SC2Data\GameData\ValidatorData.xml
BiomassBuff10CountLT1	CValidatorUnitCompareBehaviorCount	mods/starcoop/starcoop.sc2mod/base.sc2data/gamedata/validatordata.xml	合作指挥官版起义狂潮\Mods\XM\XMAbathur.SC2Mod\Base.SC2Data\GameData\ValidatorData.xml
BiomassBuff1CountGE1	CValidatorUnitCompareBehaviorCount	mods/starcoop/starcoop.sc2mod/base.sc2data/gamedata/validatordata.xml	合作指挥官版起义狂潮\Mods\XM\XMAbathur.SC2Mod\Base.SC2Data\GameData\ValidatorData.xml
BiomassBuff1CountGE10	CValidatorUnitCompareBehaviorCount	mods/starcoop/starcoop.sc2mod/base.sc2data/gamedata/validatordata.xml	合作指挥官版起义狂潮\Mods\XM\XMAbathur.SC2Mod\Base.SC2Data\GameData\ValidatorData.xml
BiomassBuffTargetLow	CValidatorCombine	mods/starcoop/starcoop.sc2mod/base.sc2data/gamedata/validatordata.xml	合作指挥官版起义狂潮\Mods\XM\XMAbathur.SC2Mod\Base.SC2Data\GameData\ValidatorData.xml
BiomassBuffTargetMed	CValidatorCombine	mods/starcoop/starcoop.sc2mod/base.sc2data/gamedata/validatordata.xml	合作指挥官版起义狂潮\Mods\XM\XMAbathur.SC2Mod\Base.SC2Data\GameData\ValidatorData.xml
BiomassNotMaxed	CValidatorUnitCompareBehaviorCount	mods/starcoop/starcoop.sc2mod/base.sc2data/gamedata/validatordata.xml	合作指挥官版起义狂潮\Mods\XM\XMAbathur.SC2Mod\Base.SC2Data\GameData\ValidatorData.xml
BiomassTargetMarkValidators	CValidatorCombine	mods/starcoop/starcoop.sc2mod/base.sc2data/gamedata/validatordata.xml	合作指挥官版起义狂潮\Mods\XM\XMAbathur.SC2Mod\Base.SC2Data\GameData\ValidatorData.xml
BiomassUICheck1	CValidatorCombine	mods/starcoop/starcoop.sc2mod/base.sc2data/gamedata/validatordata.xml	合作指挥官版起义狂潮\Mods\XM\XMAbathur.SC2Mod\Base.SC2Data\GameData\ValidatorData.xml
BiomassUICheck2	CValidatorCombine	mods/starcoop/starcoop.sc2mod/base.sc2data/gamedata/validatordata.xml	合作指挥官版起义狂潮\Mods\XM\XMAbathur.SC2Mod\Base.SC2Data\GameData\ValidatorData.xml
BiomassUICheck3	CValidatorCombine	mods/starcoop/starcoop.sc2mod/base.sc2data/gamedata/validatordata.xml	合作指挥官版起义狂潮\Mods\XM\XMAbathur.SC2Mod\Base.SC2Data\GameData\ValidatorData.xml
Burrowing	CValidatorUnitOrderQueue	mods/starcoop/starcoop.sc2mod/base.sc2data/gamedata/validatordata.xml	合作指挥官版起义狂潮\Mods\XM\XMAbathur.SC2Mod\Base.SC2Data\GameData\ValidatorData.xml
CasterNotBuried	CValidatorUnitFilters	mods/starcoop/starcoop.sc2mod/base.sc2data/gamedata/validatordata.xml	合作指挥官版起义狂潮\Mods\XM\XMAbathur.SC2Mod\Base.SC2Data\GameData\ValidatorData.xml
CasterNotHaveTimeStop	CValidatorUnitCompareBehaviorCount	mods/starcoop/starcoop.sc2mod/base.sc2data/gamedata/validatordata.xml	合作指挥官版起义狂潮\Mods\XM\XMAbathur.SC2Mod\Base.SC2Data\GameData\ValidatorData.xml
CommanderPrestigeAbathurBiomass	CValidatorPlayerRequirement	mods/starcoop/starcoop.sc2mod/base.sc2data/gamedata/validatordata.xml	合作指挥官版起义狂潮\Mods\XM\XMAbathur.SC2Mod\Base.SC2Data\GameData\ValidatorData.xml
CommanderPrestigeVorazunTimeStop	CValidatorPlayerRequirement	mods/starcoop/starcoop.sc2mod/base.sc2data/gamedata/validatordata.xml	合作指挥官版起义狂潮\Mods\XM\XMAbathur.SC2Mod\Base.SC2Data\GameData\ValidatorData.xml
CommanderPrestigeZagaraMaxSupply	CValidatorPlayerRequirement	mods/starcoop/starcoop.sc2mod/base.sc2data/gamedata/validatordata.xml	合作指挥官版起义狂潮\Mods\XM\XMAbathur.SC2Mod\Base.SC2Data\GameData\ValidatorData.xml
DoesNothaveAbathurSymbiote	CValidatorUnitCompareBehaviorCount	mods/starcoop/starcoop.sc2mod/base.sc2data/gamedata/validatordata.xml	合作指挥官版起义狂潮\Mods\XM\XMAbathur.SC2Mod\Base.SC2Data\GameData\ValidatorData.xml
DoesNotHaveSOAMapWideChronoPassiveTarget	CValidatorUnitCompareBehaviorCount	mods/starcoop/starcoop.sc2mod/base.sc2data/gamedata/validatordata.xml	合作指挥官版起义狂潮\Mods\XM\XMAbathur.SC2Mod\Base.SC2Data\GameData\ValidatorData.xml
HasCarapaceTakenDamageBehaviorCheck	CValidatorUnitCompareBehaviorCount	mods/starcoop/starcoop.sc2mod/base.sc2data/gamedata/validatordata.xml	合作指挥官版起义狂潮\Mods\XM\XMAbathur.SC2Mod\Base.SC2Data\GameData\ValidatorData.xml
HaveAbathurSymbiote	CValidatorUnitCompareBehaviorCount	mods/starcoop/starcoop.sc2mod/base.sc2data/gamedata/validatordata.xml	合作指挥官版起义狂潮\Mods\XM\XMAbathur.SC2Mod\Base.SC2Data\GameData\ValidatorData.xml
HaveAbathurThornsAura	CValidatorPlayerRequirement	mods/starcoop/starcoop.sc2mod/base.sc2data/gamedata/validatordata.xml	合作指挥官版起义狂潮\Mods\XM\XMAbathur.SC2Mod\Base.SC2Data\GameData\ValidatorData.xml
HaveAbathurVirulentNest	CValidatorPlayerRequirement	mods/starcoop/starcoop.sc2mod/base.sc2data/gamedata/validatordata.xml	合作指挥官版起义狂潮\Mods\XM\XMAbathur.SC2Mod\Base.SC2Data\GameData\ValidatorData.xml
HaveAberrationArmorAura	CValidatorPlayerRequirement	mods/starcoop/starcoop.sc2mod/base.sc2data/gamedata/validatordata.xml	合作指挥官版起义狂潮\Mods\XM\XMAbathur.SC2Mod\Base.SC2Data\GameData\ValidatorData.xml
HaveBrutaliskSymbiote	CValidatorPlayerRequirement	mods/starcoop/starcoop.sc2mod/base.sc2data/gamedata/validatordata.xml	合作指挥官版起义狂潮\Mods\XM\XMAbathur.SC2Mod\Base.SC2Data\GameData\ValidatorData.xml
HaveCreepTumorVisible	CValidatorPlayerRequirement	mods/starcoop/starcoop.sc2mod/base.sc2data/gamedata/validatordata.xml	合作指挥官版起义狂潮\Mods\XM\XMAbathur.SC2Mod\Base.SC2Data\GameData\ValidatorData.xml
HaveGenerateCreepHealingUpgrade	CValidatorPlayerRequirement	mods/starcoop/starcoop.sc2mod/base.sc2data/gamedata/validatordata.xml	合作指挥官版起义狂潮\Mods\XM\XMAbathur.SC2Mod\Base.SC2Data\GameData\ValidatorData.xml
HaveGenerateCreepUpgrade	CValidatorPlayerRequirement	mods/starcoop/starcoop.sc2mod/base.sc2data/gamedata/validatordata.xml	合作指挥官版起义狂潮\Mods\XM\XMAbathur.SC2Mod\Base.SC2Data\GameData\ValidatorData.xml
HaveMasteryAbathurBiomassRefund	CValidatorPlayerRequirement	mods/starcoop/starcoop.sc2mod/base.sc2data/gamedata/validatordata.xml	合作指挥官版起义狂潮\Mods\XM\XMAbathur.SC2Mod\Base.SC2Data\GameData\ValidatorData.xml
HaveMasteryAbathurDoubleBiomass	CValidatorPlayerRequirement	mods/starcoop/starcoop.sc2mod/base.sc2data/gamedata/validatordata.xml	合作指挥官版起义狂潮\Mods\XM\XMAbathur.SC2Mod\Base.SC2Data\GameData\ValidatorData.xml
HaveMasteryAbathurSymbioteCarapace	CValidatorPlayerRequirement	mods/starcoop/starcoop.sc2mod/base.sc2data/gamedata/validatordata.xml	合作指挥官版起义狂潮\Mods\XM\XMAbathur.SC2Mod\Base.SC2Data\GameData\ValidatorData.xml
HaveMasteryAbathurSymbioteCDR	CValidatorPlayerRequirement	mods/starcoop/starcoop.sc2mod/base.sc2data/gamedata/validatordata.xml	合作指挥官版起义狂潮\Mods\XM\XMAbathur.SC2Mod\Base.SC2Data\GameData\ValidatorData.xml
HaveMasteryKerriganArmyGasCost	CValidatorPlayerRequirement	mods/starcoop/starcoop.sc2mod/base.sc2data/gamedata/validatordata.xml	合作指挥官版起义狂潮\Mods\XM\XMAbathur.SC2Mod\Base.SC2Data\GameData\ValidatorData.xml
HaveMasteryKerriganLarvaRate	CValidatorPlayerRequirement	mods/starcoop/starcoop.sc2mod/base.sc2data/gamedata/validatordata.xml	合作指挥官版起义狂潮\Mods\XM\XMAbathur.SC2Mod\Base.SC2Data\GameData\ValidatorData.xml
HaveMasteryVorazunTimeStopHaste	CValidatorPlayerRequirement	mods/starcoop/starcoop.sc2mod/base.sc2data/gamedata/validatordata.xml	合作指挥官版起义狂潮\Mods\XM\XMAbathur.SC2Mod\Base.SC2Data\GameData\ValidatorData.xml
HaveNoSnapshots	CValidatorPlayerRequirement	mods/starcoop/starcoop.sc2mod/base.sc2data/gamedata/validatordata.xml	合作指挥官版起义狂潮\Mods\XM\XMAbathur.SC2Mod\Base.SC2Data\GameData\ValidatorData.xml
HavePlayerCommander	CValidatorPlayerRequirement	mods/starcoop/starcoop.sc2mod/base.sc2data/gamedata/validatordata.xml	合作指挥官版起义狂潮\Mods\XM\XMAbathur.SC2Mod\Base.SC2Data\GameData\ValidatorData.xml
HaveSymbioteAdrenalineBoost	CValidatorPlayerRequirement	mods/starcoop/starcoop.sc2mod/base.sc2data/gamedata/validatordata.xml	合作指挥官版起义狂潮\Mods\XM\XMAbathur.SC2Mod\Base.SC2Data\GameData\ValidatorData.xml
HaveSymbioteDetection	CValidatorPlayerRequirement	mods/starcoop/starcoop.sc2mod/base.sc2data/gamedata/validatordata.xml	合作指挥官版起义狂潮\Mods\XM\XMAbathur.SC2Mod\Base.SC2Data\GameData\ValidatorData.xml
HaveSymbioteShieldUpgrade	CValidatorPlayerRequirement	mods/starcoop/starcoop.sc2mod/base.sc2data/gamedata/validatordata.xml	合作指挥官版起义狂潮\Mods\XM\XMAbathur.SC2Mod\Base.SC2Data\GameData\ValidatorData.xml
HaveSymbioteStabController	CValidatorUnitCompareBehaviorCount	mods/starcoop/starcoop.sc2mod/base.sc2data/gamedata/validatordata.xml	合作指挥官版起义狂潮\Mods\XM\XMAbathur.SC2Mod\Base.SC2Data\GameData\ValidatorData.xml
IsAbathurBiomassCritter	CValidatorUnitType	mods/starcoop/starcoop.sc2mod/base.sc2data/gamedata/validatordata.xml	合作指挥官版起义狂潮\Mods\XM\XMAbathur.SC2Mod\Base.SC2Data\GameData\ValidatorData.xml
IsAbathurCoopCommander	CValidatorPlayerRequirement	mods/starcoop/starcoop.sc2mod/base.sc2data/gamedata/validatordata.xml	合作指挥官版起义狂潮\Mods\XM\XMAbathur.SC2Mod\Base.SC2Data\GameData\ValidatorData.xml
IsAbathurLeviathan	CValidatorUnitType	mods/starcoop/starcoop.sc2mod/base.sc2data/gamedata/validatordata.xml	合作指挥官版起义狂潮\Mods\XM\XMAbathur.SC2Mod\Base.SC2Data\GameData\ValidatorData.xml
IsAbathurSwarmHost	CValidatorUnitType	mods/starcoop/starcoop.sc2mod/base.sc2data/gamedata/validatordata.xml	合作指挥官版起义狂潮\Mods\XM\XMAbathur.SC2Mod\Base.SC2Data\GameData\ValidatorData.xml
IsAbathurSwarmHostBurrowed	CValidatorUnitType	mods/starcoop/starcoop.sc2mod/base.sc2data/gamedata/validatordata.xml	合作指挥官版起义狂潮\Mods\XM\XMAbathur.SC2Mod\Base.SC2Data\GameData\ValidatorData.xml
IsAlarakCoopCommander	CValidatorPlayerRequirement	mods/starcoop/starcoop.sc2mod/base.sc2data/gamedata/validatordata.xml	合作指挥官版起义狂潮\Mods\XM\XMAbathur.SC2Mod\Base.SC2Data\GameData\ValidatorData.xml
IsAnyCommander	CValidatorPlayerRequirement	mods/starcoop/starcoop.sc2mod/base.sc2data/gamedata/validatordata.xml	合作指挥官版起义狂潮\Mods\XM\XMAbathur.SC2Mod\Base.SC2Data\GameData\ValidatorData.xml
IsBrutalisk	CValidatorUnitType	mods/starcoop/starcoop.sc2mod/base.sc2data/gamedata/validatordata.xml	合作指挥官版起义狂潮\Mods\XM\XMAbathur.SC2Mod\Base.SC2Data\GameData\ValidatorData.xml
IsRavagerAbathur	CValidatorUnitType	mods/starcoop/starcoop.sc2mod/base.sc2data/gamedata/validatordata.xml	合作指挥官版起义狂潮\Mods\XM\XMAbathur.SC2Mod\Base.SC2Data\GameData\ValidatorData.xml
IsToxicNest	CValidatorUnitType	mods/starcoop/starcoop.sc2mod/base.sc2data/gamedata/validatordata.xml	合作指挥官版起义狂潮\Mods\XM\XMAbathur.SC2Mod\Base.SC2Data\GameData\ValidatorData.xml
LeviathanPeriodicAttackValidator	CValidatorCombine	mods/starcoop/starcoop.sc2mod/base.sc2data/gamedata/validatordata.xml	合作指挥官版起义狂潮\Mods\XM\XMAbathur.SC2Mod\Base.SC2Data\GameData\ValidatorData.xml
LocustMPPathingHack	CValidatorLocationEnumArea	mods/starcoop/starcoop.sc2mod/base.sc2data/gamedata/validatordata.xml	合作指挥官版起义狂潮\Mods\XM\XMAbathur.SC2Mod\Base.SC2Data\GameData\ValidatorData.xml
MedicHealAutoCastValidator	CValidatorCombine	mods/starcoop/starcoop.sc2mod/base.sc2data/gamedata/validatordata.xml	合作指挥官版起义狂潮\Mods\XM\XMAbathur.SC2Mod\Base.SC2Data\GameData\ValidatorData.xml
NotAbathurLavaWorm	CValidatorUnitType	mods/starcoop/starcoop.sc2mod/base.sc2data/gamedata/validatordata.xml	合作指挥官版起义狂潮\Mods\XM\XMAbathur.SC2Mod\Base.SC2Data\GameData\ValidatorData.xml
NotAbathurLocust	CValidatorUnitType	mods/starcoop/starcoop.sc2mod/base.sc2data/gamedata/validatordata.xml	合作指挥官版起义狂潮\Mods\XM\XMAbathur.SC2Mod\Base.SC2Data\GameData\ValidatorData.xml
NotBrutalisk	CValidatorUnitType	mods/starcoop/starcoop.sc2mod/base.sc2data/gamedata/validatordata.xml	合作指挥官版起义狂潮\Mods\XM\XMAbathur.SC2Mod\Base.SC2Data\GameData\ValidatorData.xml
NotHaveSymbPreventJump	CValidatorUnitCompareBehaviorCount	mods/starcoop/starcoop.sc2mod/base.sc2data/gamedata/validatordata.xml	合作指挥官版起义狂潮\Mods\XM\XMAbathur.SC2Mod\Base.SC2Data\GameData\ValidatorData.xml
NotHotSLeviathan	CValidatorUnitType	mods/starcoop/starcoop.sc2mod/base.sc2data/gamedata/validatordata.xml	合作指挥官版起义狂潮\Mods\XM\XMAbathur.SC2Mod\Base.SC2Data\GameData\ValidatorData.xml
NotOverseer	CValidatorUnitType	mods/starcoop/starcoop.sc2mod/base.sc2data/gamedata/validatordata.xml	合作指挥官版起义狂潮\Mods\XM\XMAbathur.SC2Mod\Base.SC2Data\GameData\ValidatorData.xml
NotRoachling	CValidatorUnitType	mods/starcoop/starcoop.sc2mod/base.sc2data/gamedata/validatordata.xml	合作指挥官版起义狂潮\Mods\XM\XMAbathur.SC2Mod\Base.SC2Data\GameData\ValidatorData.xml
NotTimedLifeUnitAndNotLarva	CValidatorCombine	mods/starcoop/starcoop.sc2mod/base.sc2data/gamedata/validatordata.xml	合作指挥官版起义狂潮\Mods\XM\XMAbathur.SC2Mod\Base.SC2Data\GameData\ValidatorData.xml
NotToxicNest	CValidatorUnitType	mods/starcoop/starcoop.sc2mod/base.sc2data/gamedata/validatordata.xml	合作指挥官版起义狂潮\Mods\XM\XMAbathur.SC2Mod\Base.SC2Data\GameData\ValidatorData.xml
NotUnrepairable	CValidatorUnitCompareBehaviorCount	mods/starcoop/starcoop.sc2mod/base.sc2data/gamedata/validatordata.xml	合作指挥官版起义狂潮\Mods\XM\XMAbathur.SC2Mod\Base.SC2Data\GameData\ValidatorData.xml
SelfOrEnemyOrNeutral	CValidatorCombine	mods/starcoop/starcoop.sc2mod/base.sc2data/gamedata/validatordata.xml	合作指挥官版起义狂潮\Mods\XM\XMAbathur.SC2Mod\Base.SC2Data\GameData\ValidatorData.xml
SpikeBurstMinimum3EnemyTargets	CValidatorLocationEnumArea	mods/starcoop/starcoop.sc2mod/base.sc2data/gamedata/validatordata.xml	合作指挥官版起义狂潮\Mods\XM\XMAbathur.SC2Mod\Base.SC2Data\GameData\ValidatorData.xml
SymbioteCarapaceAOECombine	CValidatorCombine	mods/starcoop/starcoop.sc2mod/base.sc2data/gamedata/validatordata.xml	合作指挥官版起义狂潮\Mods\XM\XMAbathur.SC2Mod\Base.SC2Data\GameData\ValidatorData.xml
SymbiotePushCheck	CValidatorLocationCompareRange	mods/starcoop/starcoop.sc2mod/base.sc2data/gamedata/validatordata.xml	合作指挥官版起义狂潮\Mods\XM\XMAbathur.SC2Mod\Base.SC2Data\GameData\ValidatorData.xml
SymbioteStabTargetInRange	CValidatorLocationEnumArea	mods/starcoop/starcoop.sc2mod/base.sc2data/gamedata/validatordata.xml	合作指挥官版起义狂潮\Mods\XM\XMAbathur.SC2Mod\Base.SC2Data\GameData\ValidatorData.xml
TargetHasBiomassTargetMark	CValidatorUnitCompareBehaviorCount	mods/starcoop/starcoop.sc2mod/base.sc2data/gamedata/validatordata.xml	合作指挥官版起义狂潮\Mods\XM\XMAbathur.SC2Mod\Base.SC2Data\GameData\ValidatorData.xml
TargetInCombatLong	CValidatorUnitCompareDamageTakenTime	mods/starcoop/starcoop.sc2mod/base.sc2data/gamedata/validatordata.xml	合作指挥官版起义狂潮\Mods\XM\XMAbathur.SC2Mod\Base.SC2Data\GameData\ValidatorData.xml
TargetisAnyCommander	CValidatorPlayerRequirement	mods/starcoop/starcoop.sc2mod/base.sc2data/gamedata/validatordata.xml	合作指挥官版起义狂潮\Mods\XM\XMAbathur.SC2Mod\Base.SC2Data\GameData\ValidatorData.xml
TargetisnotAbathurSymbiote	CValidatorUnitType	mods/starcoop/starcoop.sc2mod/base.sc2data/gamedata/validatordata.xml	合作指挥官版起义狂潮\Mods\XM\XMAbathur.SC2Mod\Base.SC2Data\GameData\ValidatorData.xml
TargetIsNotNeutral	CValidatorUnitFilters	mods/starcoop/starcoop.sc2mod/base.sc2data/gamedata/validatordata.xml	合作指挥官版起义狂潮\Mods\XM\XMAbathur.SC2Mod\Base.SC2Data\GameData\ValidatorData.xml
TargetIsNotNonCommanderAlly	CValidatorCombine	mods/starcoop/starcoop.sc2mod/base.sc2data/gamedata/validatordata.xml	合作指挥官版起义狂潮\Mods\XM\XMAbathur.SC2Mod\Base.SC2Data\GameData\ValidatorData.xml
ToxicNestExplodeEnemyCheck	CValidatorLocationEnumArea	mods/starcoop/starcoop.sc2mod/base.sc2data/gamedata/validatordata.xml	合作指挥官版起义狂潮\Mods\XM\XMAbathur.SC2Mod\Base.SC2Data\GameData\ValidatorData.xml
UnitOrAttackable	CValidatorCombine	mods/starcoop/starcoop.sc2mod/base.sc2data/gamedata/validatordata.xml	合作指挥官版起义狂潮\Mods\XM\XMAbathur.SC2Mod\Base.SC2Data\GameData\ValidatorData.xml
AcidSpines	CWeaponLegacy	mods/starcoop/starcoop.sc2mod/base.sc2data/gamedata/weapondata.xml	合作指挥官版起义狂潮\Mods\XM\XMAbathur.SC2Mod\Base.SC2Data\GameData\WeaponData.xml
BileLauncherZagaraBombardment	CWeaponLegacy	mods/starcoop/starcoop.sc2mod/base.sc2data/gamedata/weapondata.xml	合作指挥官版起义狂潮\Mods\XM\XMAbathur.SC2Mod\Base.SC2Data\GameData\WeaponData.xml
Devourer	CWeaponLegacy	mods/starcoop/starcoop.sc2mod/base.sc2data/gamedata/weapondata.xml	合作指挥官版起义狂潮\Mods\XM\XMAbathur.SC2Mod\Base.SC2Data\GameData\WeaponData.xml
HunterKiller	CWeaponLegacy	mods/starcoop/starcoop.sc2mod/base.sc2data/gamedata/weapondata.xml	合作指挥官版起义狂潮\Mods\XM\XMAbathur.SC2Mod\Base.SC2Data\GameData\WeaponData.xml
ImpalerAbathur	CWeaponLegacy	mods/starcoop/starcoop.sc2mod/base.sc2data/gamedata/weapondata.xml	合作指挥官版起义狂潮\Mods\XM\XMAbathur.SC2Mod\Base.SC2Data\GameData\WeaponData.xml
KelMorianAutoTurret	CWeaponLegacy	mods/starcoop/starcoop.sc2mod/base.sc2data/gamedata/weapondata.xml	合作指挥官版起义狂潮\Mods\XM\XMAbathur.SC2Mod\Base.SC2Data\GameData\WeaponData.xml
Locust	CWeaponLegacy	mods/starcoop/starcoop.sc2mod/base.sc2data/gamedata/weapondata.xml	合作指挥官版起义狂潮\Mods\XM\XMAbathur.SC2Mod\Base.SC2Data\GameData\WeaponData.xml
LocustMelee	CWeaponLegacy	mods/starcoop/starcoop.sc2mod/base.sc2data/gamedata/weapondata.xml	合作指挥官版起义狂潮\Mods\XM\XMAbathur.SC2Mod\Base.SC2Data\GameData\WeaponData.xml
LocustMP	CWeaponLegacy	mods/starcoop/starcoop.sc2mod/base.sc2data/gamedata/weapondata.xml	合作指挥官版起义狂潮\Mods\XM\XMAbathur.SC2Mod\Base.SC2Data\GameData\WeaponData.xml
LocustPressurizedGlands	CWeaponLegacy	mods/starcoop/starcoop.sc2mod/base.sc2data/gamedata/weapondata.xml	合作指挥官版起义狂潮\Mods\XM\XMAbathur.SC2Mod\Base.SC2Data\GameData\WeaponData.xml
Ravasaur	CWeaponLegacy	mods/starcoop/starcoop.sc2mod/base.sc2data/gamedata/weapondata.xml	合作指挥官版起义狂潮\Mods\XM\XMAbathur.SC2Mod\Base.SC2Data\GameData\WeaponData.xml
SwarmQueenTalonsCoop	CWeaponLegacy	mods/starcoop/starcoop.sc2mod/base.sc2data/gamedata/weapondata.xml	合作指挥官版起义狂潮\Mods\XM\XMAbathur.SC2Mod\Base.SC2Data\GameData\WeaponData.xml
SymbioteStab	CWeaponLegacy	mods/starcoop/starcoop.sc2mod/base.sc2data/gamedata/weapondata.xml	合作指挥官版起义狂潮\Mods\XM\XMAbathur.SC2Mod\Base.SC2Data\GameData\WeaponData.xml
Talons	CWeaponLegacy	mods/starcoop/starcoop.sc2mod/base.sc2data/gamedata/weapondata.xml	合作指挥官版起义狂潮\Mods\XM\XMAbathur.SC2Mod\Base.SC2Data\GameData\WeaponData.xml
TalonsMissile	CWeaponLegacy	mods/starcoop/starcoop.sc2mod/base.sc2data/gamedata/weapondata.xml	合作指挥官版起义狂潮\Mods\XM\XMAbathur.SC2Mod\Base.SC2Data\GameData\WeaponData.xml
YagdraFirebreath	CWeaponLegacy	mods/starcoop/starcoop.sc2mod/base.sc2data/gamedata/weapondata.xml	合作指挥官版起义狂潮\Mods\XM\XMAbathur.SC2Mod\Base.SC2Data\GameData\WeaponData.xml
ZagaraAcidSaliva	System.Xml.XmlElement	mods/starcoop/starcoop.sc2mod/base.sc2data/gamedata/weapondata.xml	合作指挥官版起义狂潮\Mods\XM\XMAbathur.SC2Mod\Base.SC2Data\GameData\WeaponData.xml
ZagaraHunterKiller	System.Xml.XmlElement	mods/starcoop/starcoop.sc2mod/base.sc2data/gamedata/weapondata.xml	合作指挥官版起义狂潮\Mods\XM\XMAbathur.SC2Mod\Base.SC2Data\GameData\WeaponData.xml
ZagaraHunterKillerMelee	System.Xml.XmlElement	mods/starcoop/starcoop.sc2mod/base.sc2data/gamedata/weapondata.xml	合作指挥官版起义狂潮\Mods\XM\XMAbathur.SC2Mod\Base.SC2Data\GameData\WeaponData.xml
ZagaraRoachMelee	System.Xml.XmlElement	mods/starcoop/starcoop.sc2mod/base.sc2data/gamedata/weapondata.xml	合作指挥官版起义狂潮\Mods\XM\XMAbathur.SC2Mod\Base.SC2Data\GameData\WeaponData.xml
