Kind	ObjectId	CatalogType	OfficialSource	TargetFile	Status
button	AdeptPiercingUpgrade			D:\MyWork\新建文件夹\mom.report.client\src\MyMod\crys_the_swarm_reborn.SC2Mod\原始mod\Mods\XM\XMFinal.SC2Mod\Base.SC2Data\GameData\ButtonData.xml	missing_in_official_sources
button	Armory			D:\MyWork\新建文件夹\mom.report.client\src\MyMod\crys_the_swarm_reborn.SC2Mod\原始mod\Mods\XM\XMFinal.SC2Mod\Base.SC2Data\GameData\ButtonData.xml	missing_in_official_sources
button	ArmyOOCRegenMira			D:\MyWork\新建文件夹\mom.report.client\src\MyMod\crys_the_swarm_reborn.SC2Mod\原始mod\Mods\XM\XMFinal.SC2Mod\Base.SC2Data\GameData\ButtonData.xml	missing_in_official_sources
button	AssaultMode			D:\MyWork\新建文件夹\mom.report.client\src\MyMod\crys_the_swarm_reborn.SC2Mod\原始mod\Mods\XM\XMFinal.SC2Mod\Base.SC2Data\GameData\ButtonData.xml	missing_in_official_sources
button	AttackGhost			D:\MyWork\新建文件夹\mom.report.client\src\MyMod\crys_the_swarm_reborn.SC2Mod\原始mod\Mods\XM\XMFinal.SC2Mod\Base.SC2Data\GameData\ButtonData.xml	missing_in_official_sources
button	Baneling			D:\MyWork\新建文件夹\mom.report.client\src\MyMod\crys_the_swarm_reborn.SC2Mod\原始mod\Mods\XM\XMFinal.SC2Mod\Base.SC2Data\GameData\ButtonData.xml	missing_in_official_sources
button	Barracks			D:\MyWork\新建文件夹\mom.report.client\src\MyMod\crys_the_swarm_reborn.SC2Mod\原始mod\Mods\XM\XMFinal.SC2Mod\Base.SC2Data\GameData\ButtonData.xml	missing_in_official_sources
button	BattlecruiserShotsMira			D:\MyWork\新建文件夹\mom.report.client\src\MyMod\crys_the_swarm_reborn.SC2Mod\原始mod\Mods\XM\XMFinal.SC2Mod\Base.SC2Data\GameData\ButtonData.xml	missing_in_official_sources
button	Blink			D:\MyWork\新建文件夹\mom.report.client\src\MyMod\crys_the_swarm_reborn.SC2Mod\原始mod\Mods\XM\XMFinal.SC2Mod\Base.SC2Data\GameData\ButtonData.xml	missing_in_official_sources
button	BroodLord			D:\MyWork\新建文件夹\mom.report.client\src\MyMod\crys_the_swarm_reborn.SC2Mod\原始mod\Mods\XM\XMFinal.SC2Mod\Base.SC2Data\GameData\ButtonData.xml	missing_in_official_sources
button	Bunker			D:\MyWork\新建文件夹\mom.report.client\src\MyMod\crys_the_swarm_reborn.SC2Mod\原始mod\Mods\XM\XMFinal.SC2Mod\Base.SC2Data\GameData\ButtonData.xml	missing_in_official_sources
button	BurrowChargeCampaign			D:\MyWork\新建文件夹\mom.report.client\src\MyMod\crys_the_swarm_reborn.SC2Mod\原始mod\Mods\XM\XMFinal.SC2Mod\Base.SC2Data\GameData\ButtonData.xml	missing_in_official_sources
button	BurrowDown			D:\MyWork\新建文件夹\mom.report.client\src\MyMod\crys_the_swarm_reborn.SC2Mod\原始mod\Mods\XM\XMFinal.SC2Mod\Base.SC2Data\GameData\ButtonData.xml	missing_in_official_sources
button	BurrowMove			D:\MyWork\新建文件夹\mom.report.client\src\MyMod\crys_the_swarm_reborn.SC2Mod\原始mod\Mods\XM\XMFinal.SC2Mod\Base.SC2Data\GameData\ButtonData.xml	missing_in_official_sources
button	BurrowUp			D:\MyWork\新建文件夹\mom.report.client\src\MyMod\crys_the_swarm_reborn.SC2Mod\原始mod\Mods\XM\XMFinal.SC2Mod\Base.SC2Data\GameData\ButtonData.xml	missing_in_official_sources
button	CausticSpray			D:\MyWork\新建文件夹\mom.report.client\src\MyMod\crys_the_swarm_reborn.SC2Mod\原始mod\Mods\XM\XMFinal.SC2Mod\Base.SC2Data\GameData\ButtonData.xml	missing_in_official_sources
button	ChainReaction			D:\MyWork\新建文件夹\mom.report.client\src\MyMod\crys_the_swarm_reborn.SC2Mod\原始mod\Mods\XM\XMFinal.SC2Mod\Base.SC2Data\GameData\ButtonData.xml	missing_in_official_sources
button	ChannelSnipe			D:\MyWork\新建文件夹\mom.report.client\src\MyMod\crys_the_swarm_reborn.SC2Mod\原始mod\Mods\XM\XMFinal.SC2Mod\Base.SC2Data\GameData\ButtonData.xml	missing_in_official_sources
button	CliffWalk			D:\MyWork\新建文件夹\mom.report.client\src\MyMod\crys_the_swarm_reborn.SC2Mod\原始mod\Mods\XM\XMFinal.SC2Mod\Base.SC2Data\GameData\ButtonData.xml	missing_in_official_sources
button	CloakOff			D:\MyWork\新建文件夹\mom.report.client\src\MyMod\crys_the_swarm_reborn.SC2Mod\原始mod\Mods\XM\XMFinal.SC2Mod\Base.SC2Data\GameData\ButtonData.xml	missing_in_official_sources
button	CloakOnBanshee			D:\MyWork\新建文件夹\mom.report.client\src\MyMod\crys_the_swarm_reborn.SC2Mod\原始mod\Mods\XM\XMFinal.SC2Mod\Base.SC2Data\GameData\ButtonData.xml	missing_in_official_sources
button	CombatDrugs			D:\MyWork\新建文件夹\mom.report.client\src\MyMod\crys_the_swarm_reborn.SC2Mod\原始mod\Mods\XM\XMFinal.SC2Mod\Base.SC2Data\GameData\ButtonData.xml	missing_in_official_sources
button	CombatShield			D:\MyWork\新建文件夹\mom.report.client\src\MyMod\crys_the_swarm_reborn.SC2Mod\原始mod\Mods\XM\XMFinal.SC2Mod\Base.SC2Data\GameData\ButtonData.xml	missing_in_official_sources
button	CommandCenter			D:\MyWork\新建文件夹\mom.report.client\src\MyMod\crys_the_swarm_reborn.SC2Mod\原始mod\Mods\XM\XMFinal.SC2Mod\Base.SC2Data\GameData\ButtonData.xml	missing_in_official_sources
button	CommanderAbathurBrutaliskSymbiote			D:\MyWork\新建文件夹\mom.report.client\src\MyMod\crys_the_swarm_reborn.SC2Mod\原始mod\Mods\XM\XMFinal.SC2Mod\Base.SC2Data\GameData\ButtonData.xml	missing_in_official_sources
button	CommanderKerriganKerriganEnergyRegeneration			D:\MyWork\新建文件夹\mom.report.client\src\MyMod\crys_the_swarm_reborn.SC2Mod\原始mod\Mods\XM\XMFinal.SC2Mod\Base.SC2Data\GameData\ButtonData.xml	missing_in_official_sources
button	ConcussiveGrenade			D:\MyWork\新建文件夹\mom.report.client\src\MyMod\crys_the_swarm_reborn.SC2Mod\原始mod\Mods\XM\XMFinal.SC2Mod\Base.SC2Data\GameData\ButtonData.xml	missing_in_official_sources
button	CorruptionAbility			D:\MyWork\新建文件夹\mom.report.client\src\MyMod\crys_the_swarm_reborn.SC2Mod\原始mod\Mods\XM\XMFinal.SC2Mod\Base.SC2Data\GameData\ButtonData.xml	missing_in_official_sources
button	DehakaLocustFlyingSwoop			D:\MyWork\新建文件夹\mom.report.client\src\MyMod\crys_the_swarm_reborn.SC2Mod\原始mod\Mods\XM\XMFinal.SC2Mod\Base.SC2Data\GameData\ButtonData.xml	missing_in_official_sources
button	Detector			D:\MyWork\新建文件夹\mom.report.client\src\MyMod\crys_the_swarm_reborn.SC2Mod\原始mod\Mods\XM\XMFinal.SC2Mod\Base.SC2Data\GameData\ButtonData.xml	missing_in_official_sources
button	DisableBuildingAttack			D:\MyWork\新建文件夹\mom.report.client\src\MyMod\crys_the_swarm_reborn.SC2Mod\原始mod\Mods\XM\XMFinal.SC2Mod\Base.SC2Data\GameData\ButtonData.xml	missing_in_official_sources
button	EMP			D:\MyWork\新建文件夹\mom.report.client\src\MyMod\crys_the_swarm_reborn.SC2Mod\原始mod\Mods\XM\XMFinal.SC2Mod\Base.SC2Data\GameData\ButtonData.xml	missing_in_official_sources
button	EnableBuildingAttack			D:\MyWork\新建文件夹\mom.report.client\src\MyMod\crys_the_swarm_reborn.SC2Mod\原始mod\Mods\XM\XMFinal.SC2Mod\Base.SC2Data\GameData\ButtonData.xml	missing_in_official_sources
button	EngineeringBay			D:\MyWork\新建文件夹\mom.report.client\src\MyMod\crys_the_swarm_reborn.SC2Mod\原始mod\Mods\XM\XMFinal.SC2Mod\Base.SC2Data\GameData\ButtonData.xml	missing_in_official_sources
button	EvolveAnabolicSynthesis2			D:\MyWork\新建文件夹\mom.report.client\src\MyMod\crys_the_swarm_reborn.SC2Mod\原始mod\Mods\XM\XMFinal.SC2Mod\Base.SC2Data\GameData\ButtonData.xml	missing_in_official_sources
button	EvolveChitinousPlating			D:\MyWork\新建文件夹\mom.report.client\src\MyMod\crys_the_swarm_reborn.SC2Mod\原始mod\Mods\XM\XMFinal.SC2Mod\Base.SC2Data\GameData\ButtonData.xml	missing_in_official_sources
button	Factory			D:\MyWork\新建文件夹\mom.report.client\src\MyMod\crys_the_swarm_reborn.SC2Mod\原始mod\Mods\XM\XMFinal.SC2Mod\Base.SC2Data\GameData\ButtonData.xml	missing_in_official_sources
button	FleetwideJumpMira			D:\MyWork\新建文件夹\mom.report.client\src\MyMod\crys_the_swarm_reborn.SC2Mod\原始mod\Mods\XM\XMFinal.SC2Mod\Base.SC2Data\GameData\ButtonData.xml	missing_in_official_sources
button	Frenzied			D:\MyWork\新建文件夹\mom.report.client\src\MyMod\crys_the_swarm_reborn.SC2Mod\原始mod\Mods\XM\XMFinal.SC2Mod\Base.SC2Data\GameData\ButtonData.xml	missing_in_official_sources
button	FusionCore			D:\MyWork\新建文件夹\mom.report.client\src\MyMod\crys_the_swarm_reborn.SC2Mod\原始mod\Mods\XM\XMFinal.SC2Mod\Base.SC2Data\GameData\ButtonData.xml	missing_in_official_sources
button	GhostAcademy			D:\MyWork\新建文件夹\mom.report.client\src\MyMod\crys_the_swarm_reborn.SC2Mod\原始mod\Mods\XM\XMFinal.SC2Mod\Base.SC2Data\GameData\ButtonData.xml	missing_in_official_sources
button	GhostHoldFire			D:\MyWork\新建文件夹\mom.report.client\src\MyMod\crys_the_swarm_reborn.SC2Mod\原始mod\Mods\XM\XMFinal.SC2Mod\Base.SC2Data\GameData\ButtonData.xml	missing_in_official_sources
button	GravitonBeamVoidCampaign			D:\MyWork\新建文件夹\mom.report.client\src\MyMod\crys_the_swarm_reborn.SC2Mod\原始mod\Mods\XM\XMFinal.SC2Mod\Base.SC2Data\GameData\ButtonData.xml	missing_in_official_sources
button	GravitonCatapult			D:\MyWork\新建文件夹\mom.report.client\src\MyMod\crys_the_swarm_reborn.SC2Mod\原始mod\Mods\XM\XMFinal.SC2Mod\Base.SC2Data\GameData\ButtonData.xml	missing_in_official_sources
button	HHVikingMorphSpeed			D:\MyWork\新建文件夹\mom.report.client\src\MyMod\crys_the_swarm_reborn.SC2Mod\原始mod\Mods\XM\XMFinal.SC2Mod\Base.SC2Data\GameData\ButtonData.xml	missing_in_official_sources
button	HardenedShield			D:\MyWork\新建文件夹\mom.report.client\src\MyMod\crys_the_swarm_reborn.SC2Mod\原始mod\Mods\XM\XMFinal.SC2Mod\Base.SC2Data\GameData\ButtonData.xml	missing_in_official_sources
button	HaveAnionPulseCrystals			D:\MyWork\新建文件夹\mom.report.client\src\MyMod\crys_the_swarm_reborn.SC2Mod\原始mod\Mods\XM\XMFinal.SC2Mod\Base.SC2Data\GameData\ButtonData.xml	missing_in_official_sources
button	HealingPsionicStorm			D:\MyWork\新建文件夹\mom.report.client\src\MyMod\crys_the_swarm_reborn.SC2Mod\原始mod\Mods\XM\XMFinal.SC2Mod\Base.SC2Data\GameData\ButtonData.xml	missing_in_official_sources
button	HellionAttackDoTMira			D:\MyWork\新建文件夹\mom.report.client\src\MyMod\crys_the_swarm_reborn.SC2Mod\原始mod\Mods\XM\XMFinal.SC2Mod\Base.SC2Data\GameData\ButtonData.xml	missing_in_official_sources
button	HellionBombMira			D:\MyWork\新建文件夹\mom.report.client\src\MyMod\crys_the_swarm_reborn.SC2Mod\原始mod\Mods\XM\XMFinal.SC2Mod\Base.SC2Data\GameData\ButtonData.xml	missing_in_official_sources
button	HellionDeathFearMira			D:\MyWork\新建文件夹\mom.report.client\src\MyMod\crys_the_swarm_reborn.SC2Mod\原始mod\Mods\XM\XMFinal.SC2Mod\Base.SC2Data\GameData\ButtonData.xml	missing_in_official_sources
button	HellionDeathStimMira			D:\MyWork\新建文件夹\mom.report.client\src\MyMod\crys_the_swarm_reborn.SC2Mod\原始mod\Mods\XM\XMFinal.SC2Mod\Base.SC2Data\GameData\ButtonData.xml	missing_in_official_sources
button	HotSRoachDamage			D:\MyWork\新建文件夹\mom.report.client\src\MyMod\crys_the_swarm_reborn.SC2Mod\原始mod\Mods\XM\XMFinal.SC2Mod\Base.SC2Data\GameData\ButtonData.xml	missing_in_official_sources
button	HotSRoachShield			D:\MyWork\新建文件夹\mom.report.client\src\MyMod\crys_the_swarm_reborn.SC2Mod\原始mod\Mods\XM\XMFinal.SC2Mod\Base.SC2Data\GameData\ButtonData.xml	missing_in_official_sources
button	HydraliskFrenzy			D:\MyWork\新建文件夹\mom.report.client\src\MyMod\crys_the_swarm_reborn.SC2Mod\原始mod\Mods\XM\XMFinal.SC2Mod\Base.SC2Data\GameData\ButtonData.xml	missing_in_official_sources
button	Hyperjump			D:\MyWork\新建文件夹\mom.report.client\src\MyMod\crys_the_swarm_reborn.SC2Mod\原始mod\Mods\XM\XMFinal.SC2Mod\Base.SC2Data\GameData\ButtonData.xml	missing_in_official_sources
button	ImmortalOverload			D:\MyWork\新建文件夹\mom.report.client\src\MyMod\crys_the_swarm_reborn.SC2Mod\原始mod\Mods\XM\XMFinal.SC2Mod\Base.SC2Data\GameData\ButtonData.xml	missing_in_official_sources
button	ImmortalShakurasShadowCannon			D:\MyWork\新建文件夹\mom.report.client\src\MyMod\crys_the_swarm_reborn.SC2Mod\原始mod\Mods\XM\XMFinal.SC2Mod\Base.SC2Data\GameData\ButtonData.xml	missing_in_official_sources
button	ImpalerBurrowDown			D:\MyWork\新建文件夹\mom.report.client\src\MyMod\crys_the_swarm_reborn.SC2Mod\原始mod\Mods\XM\XMFinal.SC2Mod\Base.SC2Data\GameData\ButtonData.xml	missing_in_official_sources
button	Interceptor			D:\MyWork\新建文件夹\mom.report.client\src\MyMod\crys_the_swarm_reborn.SC2Mod\原始mod\Mods\XM\XMFinal.SC2Mod\Base.SC2Data\GameData\ButtonData.xml	missing_in_official_sources
button	JetPack			D:\MyWork\新建文件夹\mom.report.client\src\MyMod\crys_the_swarm_reborn.SC2Mod\原始mod\Mods\XM\XMFinal.SC2Mod\Base.SC2Data\GameData\ButtonData.xml	missing_in_official_sources
button	K5Cooldowns			D:\MyWork\新建文件夹\mom.report.client\src\MyMod\crys_the_swarm_reborn.SC2Mod\原始mod\Mods\XM\XMFinal.SC2Mod\Base.SC2Data\GameData\ButtonData.xml	missing_in_official_sources
button	K5DropPods			D:\MyWork\新建文件夹\mom.report.client\src\MyMod\crys_the_swarm_reborn.SC2Mod\原始mod\Mods\XM\XMFinal.SC2Mod\Base.SC2Data\GameData\ButtonData.xml	missing_in_official_sources
button	K5Fury			D:\MyWork\新建文件夹\mom.report.client\src\MyMod\crys_the_swarm_reborn.SC2Mod\原始mod\Mods\XM\XMFinal.SC2Mod\Base.SC2Data\GameData\ButtonData.xml	missing_in_official_sources
button	K5HeroicFortitude			D:\MyWork\新建文件夹\mom.report.client\src\MyMod\crys_the_swarm_reborn.SC2Mod\原始mod\Mods\XM\XMFinal.SC2Mod\Base.SC2Data\GameData\ButtonData.xml	missing_in_official_sources
button	K5ZerglingRespawn			D:\MyWork\新建文件夹\mom.report.client\src\MyMod\crys_the_swarm_reborn.SC2Mod\原始mod\Mods\XM\XMFinal.SC2Mod\Base.SC2Data\GameData\ButtonData.xml	missing_in_official_sources
button	KD8ChargeMira			D:\MyWork\新建文件夹\mom.report.client\src\MyMod\crys_the_swarm_reborn.SC2Mod\原始mod\Mods\XM\XMFinal.SC2Mod\Base.SC2Data\GameData\ButtonData.xml	missing_in_official_sources
button	LaserTargetingSystemMarine			D:\MyWork\新建文件夹\mom.report.client\src\MyMod\crys_the_swarm_reborn.SC2Mod\原始mod\Mods\XM\XMFinal.SC2Mod\Base.SC2Data\GameData\ButtonData.xml	missing_in_official_sources
button	LiberatorAGMode			D:\MyWork\新建文件夹\mom.report.client\src\MyMod\crys_the_swarm_reborn.SC2Mod\原始mod\Mods\XM\XMFinal.SC2Mod\Base.SC2Data\GameData\ButtonData.xml	missing_in_official_sources
button	LiberatorAGTMira			D:\MyWork\新建文件夹\mom.report.client\src\MyMod\crys_the_swarm_reborn.SC2Mod\原始mod\Mods\XM\XMFinal.SC2Mod\Base.SC2Data\GameData\ButtonData.xml	missing_in_official_sources
button	LockOn			D:\MyWork\新建文件夹\mom.report.client\src\MyMod\crys_the_swarm_reborn.SC2Mod\原始mod\Mods\XM\XMFinal.SC2Mod\Base.SC2Data\GameData\ButtonData.xml	missing_in_official_sources
button	LockOnCancel			D:\MyWork\新建文件夹\mom.report.client\src\MyMod\crys_the_swarm_reborn.SC2Mod\原始mod\Mods\XM\XMFinal.SC2Mod\Base.SC2Data\GameData\ButtonData.xml	missing_in_official_sources
button	LurkerBurrowDown			D:\MyWork\新建文件夹\mom.report.client\src\MyMod\crys_the_swarm_reborn.SC2Mod\原始mod\Mods\XM\XMFinal.SC2Mod\Base.SC2Data\GameData\ButtonData.xml	missing_in_official_sources
button	LurkerBurrowUp			D:\MyWork\新建文件夹\mom.report.client\src\MyMod\crys_the_swarm_reborn.SC2Mod\原始mod\Mods\XM\XMFinal.SC2Mod\Base.SC2Data\GameData\ButtonData.xml	missing_in_official_sources
button	LurkerCancelHoldFire			D:\MyWork\新建文件夹\mom.report.client\src\MyMod\crys_the_swarm_reborn.SC2Mod\原始mod\Mods\XM\XMFinal.SC2Mod\Base.SC2Data\GameData\ButtonData.xml	missing_in_official_sources
button	LurkerHoldFire			D:\MyWork\新建文件夹\mom.report.client\src\MyMod\crys_the_swarm_reborn.SC2Mod\原始mod\Mods\XM\XMFinal.SC2Mod\Base.SC2Data\GameData\ButtonData.xml	missing_in_official_sources
button	MSOAttackSpeedMira			D:\MyWork\新建文件夹\mom.report.client\src\MyMod\crys_the_swarm_reborn.SC2Mod\原始mod\Mods\XM\XMFinal.SC2Mod\Base.SC2Data\GameData\ButtonData.xml	missing_in_official_sources
button	MSOHealthMira			D:\MyWork\新建文件夹\mom.report.client\src\MyMod\crys_the_swarm_reborn.SC2Mod\原始mod\Mods\XM\XMFinal.SC2Mod\Base.SC2Data\GameData\ButtonData.xml	missing_in_official_sources
button	MagrailMunitions			D:\MyWork\新建文件夹\mom.report.client\src\MyMod\crys_the_swarm_reborn.SC2Mod\原始mod\Mods\XM\XMFinal.SC2Mod\Base.SC2Data\GameData\ButtonData.xml	missing_in_official_sources
button	MedivacLoad			D:\MyWork\新建文件夹\mom.report.client\src\MyMod\crys_the_swarm_reborn.SC2Mod\原始mod\Mods\XM\XMFinal.SC2Mod\Base.SC2Data\GameData\ButtonData.xml	missing_in_official_sources
button	MedivacUnloadAll			D:\MyWork\新建文件夹\mom.report.client\src\MyMod\crys_the_swarm_reborn.SC2Mod\原始mod\Mods\XM\XMFinal.SC2Mod\Base.SC2Data\GameData\ButtonData.xml	missing_in_official_sources
button	MissileTurret			D:\MyWork\新建文件夹\mom.report.client\src\MyMod\crys_the_swarm_reborn.SC2Mod\原始mod\Mods\XM\XMFinal.SC2Mod\Base.SC2Data\GameData\ButtonData.xml	missing_in_official_sources
button	MorphToHellion			D:\MyWork\新建文件夹\mom.report.client\src\MyMod\crys_the_swarm_reborn.SC2Mod\原始mod\Mods\XM\XMFinal.SC2Mod\Base.SC2Data\GameData\ButtonData.xml	missing_in_official_sources
button	MorphToHellionMira			D:\MyWork\新建文件夹\mom.report.client\src\MyMod\crys_the_swarm_reborn.SC2Mod\原始mod\Mods\XM\XMFinal.SC2Mod\Base.SC2Data\GameData\ButtonData.xml	missing_in_official_sources
button	MorphToHellionTank			D:\MyWork\新建文件夹\mom.report.client\src\MyMod\crys_the_swarm_reborn.SC2Mod\原始mod\Mods\XM\XMFinal.SC2Mod\Base.SC2Data\GameData\ButtonData.xml	missing_in_official_sources
button	MorphtoRavenSiegeMira			D:\MyWork\新建文件夹\mom.report.client\src\MyMod\crys_the_swarm_reborn.SC2Mod\原始mod\Mods\XM\XMFinal.SC2Mod\Base.SC2Data\GameData\ButtonData.xml	missing_in_official_sources
button	NukeCalldown			D:\MyWork\新建文件夹\mom.report.client\src\MyMod\crys_the_swarm_reborn.SC2Mod\原始mod\Mods\XM\XMFinal.SC2Mod\Base.SC2Data\GameData\ButtonData.xml	missing_in_official_sources
button	OracleRevelation			D:\MyWork\新建文件夹\mom.report.client\src\MyMod\crys_the_swarm_reborn.SC2Mod\原始mod\Mods\XM\XMFinal.SC2Mod\Base.SC2Data\GameData\ButtonData.xml	missing_in_official_sources
button	OracleWeaponOn			D:\MyWork\新建文件夹\mom.report.client\src\MyMod\crys_the_swarm_reborn.SC2Mod\原始mod\Mods\XM\XMFinal.SC2Mod\Base.SC2Data\GameData\ButtonData.xml	missing_in_official_sources
button	ParasiticBomb			D:\MyWork\新建文件夹\mom.report.client\src\MyMod\crys_the_swarm_reborn.SC2Mod\原始mod\Mods\XM\XMFinal.SC2Mod\Base.SC2Data\GameData\ButtonData.xml	missing_in_official_sources
button	PermanentlyCloakedGhost			D:\MyWork\新建文件夹\mom.report.client\src\MyMod\crys_the_swarm_reborn.SC2Mod\原始mod\Mods\XM\XMFinal.SC2Mod\Base.SC2Data\GameData\ButtonData.xml	missing_in_official_sources
button	PrimalHeal			D:\MyWork\新建文件夹\mom.report.client\src\MyMod\crys_the_swarm_reborn.SC2Mod\原始mod\Mods\XM\XMFinal.SC2Mod\Base.SC2Data\GameData\ButtonData.xml	missing_in_official_sources
button	PsiDisruptor			D:\MyWork\新建文件夹\mom.report.client\src\MyMod\crys_the_swarm_reborn.SC2Mod\原始mod\Mods\XM\XMFinal.SC2Mod\Base.SC2Data\GameData\ButtonData.xml	missing_in_official_sources
button	RapidRegeneration			D:\MyWork\新建文件夹\mom.report.client\src\MyMod\crys_the_swarm_reborn.SC2Mod\原始mod\Mods\XM\XMFinal.SC2Mod\Base.SC2Data\GameData\ButtonData.xml	missing_in_official_sources
button	Ravager			D:\MyWork\新建文件夹\mom.report.client\src\MyMod\crys_the_swarm_reborn.SC2Mod\原始mod\Mods\XM\XMFinal.SC2Mod\Base.SC2Data\GameData\ButtonData.xml	missing_in_official_sources
button	RavagerStetmann			D:\MyWork\新建文件夹\mom.report.client\src\MyMod\crys_the_swarm_reborn.SC2Mod\原始mod\Mods\XM\XMFinal.SC2Mod\Base.SC2Data\GameData\ButtonData.xml	missing_in_official_sources
button	RavenAnalyzeMira			D:\MyWork\新建文件夹\mom.report.client\src\MyMod\crys_the_swarm_reborn.SC2Mod\原始mod\Mods\XM\XMFinal.SC2Mod\Base.SC2Data\GameData\ButtonData.xml	missing_in_official_sources
button	ReaperClusterBombsMira			D:\MyWork\新建文件夹\mom.report.client\src\MyMod\crys_the_swarm_reborn.SC2Mod\原始mod\Mods\XM\XMFinal.SC2Mod\Base.SC2Data\GameData\ButtonData.xml	missing_in_official_sources
button	ReaperFlyMira			D:\MyWork\新建文件夹\mom.report.client\src\MyMod\crys_the_swarm_reborn.SC2Mod\原始mod\Mods\XM\XMFinal.SC2Mod\Base.SC2Data\GameData\ButtonData.xml	missing_in_official_sources
button	Refinery			D:\MyWork\新建文件夹\mom.report.client\src\MyMod\crys_the_swarm_reborn.SC2Mod\原始mod\Mods\XM\XMFinal.SC2Mod\Base.SC2Data\GameData\ButtonData.xml	missing_in_official_sources
button	ResearchHighCapacityBarrels			D:\MyWork\新建文件夹\mom.report.client\src\MyMod\crys_the_swarm_reborn.SC2Mod\原始mod\Mods\XM\XMFinal.SC2Mod\Base.SC2Data\GameData\ButtonData.xml	missing_in_official_sources
button	SiegeMode			D:\MyWork\新建文件夹\mom.report.client\src\MyMod\crys_the_swarm_reborn.SC2Mod\原始mod\Mods\XM\XMFinal.SC2Mod\Base.SC2Data\GameData\ButtonData.xml	missing_in_official_sources
button	SingularityAnchor			D:\MyWork\新建文件夹\mom.report.client\src\MyMod\crys_the_swarm_reborn.SC2Mod\原始mod\Mods\XM\XMFinal.SC2Mod\Base.SC2Data\GameData\ButtonData.xml	missing_in_official_sources
button	SpawnBanelings			D:\MyWork\新建文件夹\mom.report.client\src\MyMod\crys_the_swarm_reborn.SC2Mod\原始mod\Mods\XM\XMFinal.SC2Mod\Base.SC2Data\GameData\ButtonData.xml	missing_in_official_sources
button	Starport			D:\MyWork\新建文件夹\mom.report.client\src\MyMod\crys_the_swarm_reborn.SC2Mod\原始mod\Mods\XM\XMFinal.SC2Mod\Base.SC2Data\GameData\ButtonData.xml	missing_in_official_sources
button	SuperRadarMira			D:\MyWork\新建文件夹\mom.report.client\src\MyMod\crys_the_swarm_reborn.SC2Mod\原始mod\Mods\XM\XMFinal.SC2Mod\Base.SC2Data\GameData\ButtonData.xml	missing_in_official_sources
button	SupplyDepot			D:\MyWork\新建文件夹\mom.report.client\src\MyMod\crys_the_swarm_reborn.SC2Mod\原始mod\Mods\XM\XMFinal.SC2Mod\Base.SC2Data\GameData\ButtonData.xml	missing_in_official_sources
button	SwarmHostBurrowDown			D:\MyWork\新建文件夹\mom.report.client\src\MyMod\crys_the_swarm_reborn.SC2Mod\原始mod\Mods\XM\XMFinal.SC2Mod\Base.SC2Data\GameData\ButtonData.xml	missing_in_official_sources
button	SwarmHostRootBurrow			D:\MyWork\新建文件夹\mom.report.client\src\MyMod\crys_the_swarm_reborn.SC2Mod\原始mod\Mods\XM\XMFinal.SC2Mod\Base.SC2Data\GameData\ButtonData.xml	missing_in_official_sources
button	SwarmSeeds			D:\MyWork\新建文件夹\mom.report.client\src\MyMod\crys_the_swarm_reborn.SC2Mod\原始mod\Mods\XM\XMFinal.SC2Mod\Base.SC2Data\GameData\ButtonData.xml	missing_in_official_sources
button	TacticalJumpChargesMira			D:\MyWork\新建文件夹\mom.report.client\src\MyMod\crys_the_swarm_reborn.SC2Mod\原始mod\Mods\XM\XMFinal.SC2Mod\Base.SC2Data\GameData\ButtonData.xml	missing_in_official_sources
button	TissueAssimilation			D:\MyWork\新建文件夹\mom.report.client\src\MyMod\crys_the_swarm_reborn.SC2Mod\原始mod\Mods\XM\XMFinal.SC2Mod\Base.SC2Data\GameData\ButtonData.xml	missing_in_official_sources
button	VikingPiercingAttacksMira			D:\MyWork\新建文件夹\mom.report.client\src\MyMod\crys_the_swarm_reborn.SC2Mod\原始mod\Mods\XM\XMFinal.SC2Mod\Base.SC2Data\GameData\ButtonData.xml	missing_in_official_sources
button	VikingRocketsMira			D:\MyWork\新建文件夹\mom.report.client\src\MyMod\crys_the_swarm_reborn.SC2Mod\原始mod\Mods\XM\XMFinal.SC2Mod\Base.SC2Data\GameData\ButtonData.xml	missing_in_official_sources
button	VilePassive			D:\MyWork\新建文件夹\mom.report.client\src\MyMod\crys_the_swarm_reborn.SC2Mod\原始mod\Mods\XM\XMFinal.SC2Mod\Base.SC2Data\GameData\ButtonData.xml	missing_in_official_sources
button	ViperConsume			D:\MyWork\新建文件夹\mom.report.client\src\MyMod\crys_the_swarm_reborn.SC2Mod\原始mod\Mods\XM\XMFinal.SC2Mod\Base.SC2Data\GameData\ButtonData.xml	missing_in_official_sources
button	VoidDarkTemplarShadowFury			D:\MyWork\新建文件夹\mom.report.client\src\MyMod\crys_the_swarm_reborn.SC2Mod\原始mod\Mods\XM\XMFinal.SC2Mod\Base.SC2Data\GameData\ButtonData.xml	missing_in_official_sources
button	VoidRaySwarmDamageBoost			D:\MyWork\新建文件夹\mom.report.client\src\MyMod\crys_the_swarm_reborn.SC2Mod\原始mod\Mods\XM\XMFinal.SC2Mod\Base.SC2Data\GameData\ButtonData.xml	missing_in_official_sources
button	VoidSentryShieldRepair			D:\MyWork\新建文件夹\mom.report.client\src\MyMod\crys_the_swarm_reborn.SC2Mod\原始mod\Mods\XM\XMFinal.SC2Mod\Base.SC2Data\GameData\ButtonData.xml	missing_in_official_sources
button	WarpPrismLoad			D:\MyWork\新建文件夹\mom.report.client\src\MyMod\crys_the_swarm_reborn.SC2Mod\原始mod\Mods\XM\XMFinal.SC2Mod\Base.SC2Data\GameData\ButtonData.xml	missing_in_official_sources
button	WarpPrismUnloadAll			D:\MyWork\新建文件夹\mom.report.client\src\MyMod\crys_the_swarm_reborn.SC2Mod\原始mod\Mods\XM\XMFinal.SC2Mod\Base.SC2Data\GameData\ButtonData.xml	missing_in_official_sources
button	WeaponsFree			D:\MyWork\新建文件夹\mom.report.client\src\MyMod\crys_the_swarm_reborn.SC2Mod\原始mod\Mods\XM\XMFinal.SC2Mod\Base.SC2Data\GameData\ButtonData.xml	missing_in_official_sources
button	WidowMineAttack			D:\MyWork\新建文件夹\mom.report.client\src\MyMod\crys_the_swarm_reborn.SC2Mod\原始mod\Mods\XM\XMFinal.SC2Mod\Base.SC2Data\GameData\ButtonData.xml	missing_in_official_sources
button	WidowMineBurrow			D:\MyWork\新建文件夹\mom.report.client\src\MyMod\crys_the_swarm_reborn.SC2Mod\原始mod\Mods\XM\XMFinal.SC2Mod\Base.SC2Data\GameData\ButtonData.xml	missing_in_official_sources
button	WidowMineDeathBlossomMira			D:\MyWork\新建文件夹\mom.report.client\src\MyMod\crys_the_swarm_reborn.SC2Mod\原始mod\Mods\XM\XMFinal.SC2Mod\Base.SC2Data\GameData\ButtonData.xml	missing_in_official_sources
button	WidowMineRangeAttackMira			D:\MyWork\新建文件夹\mom.report.client\src\MyMod\crys_the_swarm_reborn.SC2Mod\原始mod\Mods\XM\XMFinal.SC2Mod\Base.SC2Data\GameData\ButtonData.xml	missing_in_official_sources
button	WildMutation			D:\MyWork\新建文件夹\mom.report.client\src\MyMod\crys_the_swarm_reborn.SC2Mod\原始mod\Mods\XM\XMFinal.SC2Mod\Base.SC2Data\GameData\ButtonData.xml	missing_in_official_sources
button	WraithFuryMira			D:\MyWork\新建文件夹\mom.report.client\src\MyMod\crys_the_swarm_reborn.SC2Mod\原始mod\Mods\XM\XMFinal.SC2Mod\Base.SC2Data\GameData\ButtonData.xml	missing_in_official_sources
button	WraithPermaCloakMira			D:\MyWork\新建文件夹\mom.report.client\src\MyMod\crys_the_swarm_reborn.SC2Mod\原始mod\Mods\XM\XMFinal.SC2Mod\Base.SC2Data\GameData\ButtonData.xml	missing_in_official_sources
button	YamatoGun			D:\MyWork\新建文件夹\mom.report.client\src\MyMod\crys_the_swarm_reborn.SC2Mod\原始mod\Mods\XM\XMFinal.SC2Mod\Base.SC2Data\GameData\ButtonData.xml	missing_in_official_sources
button	YamatoShotsMira			D:\MyWork\新建文件夹\mom.report.client\src\MyMod\crys_the_swarm_reborn.SC2Mod\原始mod\Mods\XM\XMFinal.SC2Mod\Base.SC2Data\GameData\ButtonData.xml	missing_in_official_sources
button	ZagaraVoidCoopSpawnHunterKillers			D:\MyWork\新建文件夹\mom.report.client\src\MyMod\crys_the_swarm_reborn.SC2Mod\原始mod\Mods\XM\XMFinal.SC2Mod\Base.SC2Data\GameData\ButtonData.xml	missing_in_official_sources
button	ZerglingBurrowMove			D:\MyWork\新建文件夹\mom.report.client\src\MyMod\crys_the_swarm_reborn.SC2Mod\原始mod\Mods\XM\XMFinal.SC2Mod\Base.SC2Data\GameData\ButtonData.xml	missing_in_official_sources
button	AbathurBrutaliskLeviathanSymbioteLocked	CButton	references/sc2-build-96883-casc-export/mods/starcoop/starcoop.sc2mod/base.sc2data/gamedata/buttondata.xml	D:\MyWork\新建文件夹\mom.report.client\src\MyMod\crys_the_swarm_reborn.SC2Mod\原始mod\Mods\XM\XMFinal.SC2Mod\Base.SC2Data\GameData\ButtonData.xml	skipped_existing
button	AbathurDeepTunnel	CButton	references/sc2-build-96883-casc-export/mods/starcoop/starcoop.sc2mod/base.sc2data/gamedata/buttondata.xml	D:\MyWork\新建文件夹\mom.report.client\src\MyMod\crys_the_swarm_reborn.SC2Mod\原始mod\Mods\XM\XMFinal.SC2Mod\Base.SC2Data\GameData\ButtonData.xml	skipped_existing
button	AberrationBanelingIncubationLocked	CButton	references/sc2-build-96883-casc-export/mods/starcoop/starcoop.sc2mod/base.sc2data/gamedata/buttondata.xml	D:\MyWork\新建文件夹\mom.report.client\src\MyMod\crys_the_swarm_reborn.SC2Mod\原始mod\Mods\XM\XMFinal.SC2Mod\Base.SC2Data\GameData\ButtonData.xml	skipped_existing
button	AberrationProtectiveCover	CButton	references/sc2-build-96883-casc-export/mods/starcoop/starcoop.sc2mod/base.sc2data/gamedata/buttondata.xml	D:\MyWork\新建文件夹\mom.report.client\src\MyMod\crys_the_swarm_reborn.SC2Mod\原始mod\Mods\XM\XMFinal.SC2Mod\Base.SC2Data\GameData\ButtonData.xml	skipped_existing
button	ACAlarakPhasingMode	CButton	references/sc2-build-96883-casc-export/mods/starcoop/starcoop.sc2mod/base.sc2data/gamedata/buttondata.xml	D:\MyWork\新建文件夹\mom.report.client\src\MyMod\crys_the_swarm_reborn.SC2Mod\原始mod\Mods\XM\XMFinal.SC2Mod\Base.SC2Data\GameData\ButtonData.xml	skipped_existing
button	AdeptFenixShadeSpawn	CButton	references/sc2-build-96883-casc-export/mods/starcoop/starcoop.sc2mod/base.sc2data/gamedata/buttondata.xml	D:\MyWork\新建文件夹\mom.report.client\src\MyMod\crys_the_swarm_reborn.SC2Mod\原始mod\Mods\XM\XMFinal.SC2Mod\Base.SC2Data\GameData\ButtonData.xml	skipped_existing
button	AdvancedConstructionAuto	CButton	references/sc2-build-96883-casc-export/mods/starcoop/starcoop.sc2mod/base.sc2data/gamedata/buttondata.xml	D:\MyWork\新建文件夹\mom.report.client\src\MyMod\crys_the_swarm_reborn.SC2Mod\原始mod\Mods\XM\XMFinal.SC2Mod\Base.SC2Data\GameData\ButtonData.xml	skipped_existing
button	AdvancedConstructionLocked	CButton	references/sc2-build-96883-casc-export/mods/starcoop/starcoop.sc2mod/base.sc2data/gamedata/buttondata.xml	D:\MyWork\新建文件夹\mom.report.client\src\MyMod\crys_the_swarm_reborn.SC2Mod\原始mod\Mods\XM\XMFinal.SC2Mod\Base.SC2Data\GameData\ButtonData.xml	skipped_existing
button	AfterburnersLocked	CButton	references/sc2-build-96883-casc-export/mods/starcoop/starcoop.sc2mod/base.sc2data/gamedata/buttondata.xml	D:\MyWork\新建文件夹\mom.report.client\src\MyMod\crys_the_swarm_reborn.SC2Mod\原始mod\Mods\XM\XMFinal.SC2Mod\Base.SC2Data\GameData\ButtonData.xml	skipped_existing
button	AlarakACMyLifefortheHighlord	CButton	references/sc2-build-96883-casc-export/mods/starcoop/starcoop.sc2mod/base.sc2data/gamedata/buttondata.xml	D:\MyWork\新建文件夹\mom.report.client\src\MyMod\crys_the_swarm_reborn.SC2Mod\原始mod\Mods\XM\XMFinal.SC2Mod\Base.SC2Data\GameData\ButtonData.xml	skipped_existing
button	AlarakColossusAerialTracking	CButton	references/sc2-build-96883-casc-export/mods/starcoop/starcoop.sc2mod/base.sc2data/gamedata/buttondata.xml	D:\MyWork\新建文件夹\mom.report.client\src\MyMod\crys_the_swarm_reborn.SC2Mod\原始mod\Mods\XM\XMFinal.SC2Mod\Base.SC2Data\GameData\ButtonData.xml	skipped_existing
button	AlarakColossusChargedBlastChargeTime	CButton	references/sc2-build-96883-casc-export/mods/starcoop/starcoop.sc2mod/base.sc2data/gamedata/buttondata.xml	D:\MyWork\新建文件夹\mom.report.client\src\MyMod\crys_the_swarm_reborn.SC2Mod\原始mod\Mods\XM\XMFinal.SC2Mod\Base.SC2Data\GameData\ButtonData.xml	skipped_existing
button	AlarakHavocAbilityRange	CButton	references/sc2-build-96883-casc-export/mods/starcoop/starcoop.sc2mod/base.sc2data/gamedata/buttondata.xml	D:\MyWork\新建文件夹\mom.report.client\src\MyMod\crys_the_swarm_reborn.SC2Mod\原始mod\Mods\XM\XMFinal.SC2Mod\Base.SC2Data\GameData\ButtonData.xml	skipped_existing
button	AlarakHighTemplarImprovedSacrifice	CButton	references/sc2-build-96883-casc-export/mods/starcoop/starcoop.sc2mod/base.sc2data/gamedata/buttondata.xml	D:\MyWork\新建文件夹\mom.report.client\src\MyMod\crys_the_swarm_reborn.SC2Mod\原始mod\Mods\XM\XMFinal.SC2Mod\Base.SC2Data\GameData\ButtonData.xml	skipped_existing
button	AlarakStalkerPhasingArmor	CButton	references/sc2-build-96883-casc-export/mods/starcoop/starcoop.sc2mod/base.sc2data/gamedata/buttondata.xml	D:\MyWork\新建文件夹\mom.report.client\src\MyMod\crys_the_swarm_reborn.SC2Mod\原始mod\Mods\XM\XMFinal.SC2Mod\Base.SC2Data\GameData\ButtonData.xml	skipped_existing
button	AlarakSupplicantMaxShields	CButton	references/sc2-build-96883-casc-export/mods/starcoop/starcoop.sc2mod/base.sc2data/gamedata/buttondata.xml	D:\MyWork\新建文件夹\mom.report.client\src\MyMod\crys_the_swarm_reborn.SC2Mod\原始mod\Mods\XM\XMFinal.SC2Mod\Base.SC2Data\GameData\ButtonData.xml	skipped_existing
button	AlarakTargetLockBuff	CButton	references/sc2-build-96883-casc-export/mods/starcoop/starcoop.sc2mod/base.sc2data/gamedata/buttondata.xml	D:\MyWork\新建文件夹\mom.report.client\src\MyMod\crys_the_swarm_reborn.SC2Mod\原始mod\Mods\XM\XMFinal.SC2Mod\Base.SC2Data\GameData\ButtonData.xml	skipped_existing
button	AlarakVanguardIncreaseSplashArea	CButton	references/sc2-build-96883-casc-export/mods/starcoop/starcoop.sc2mod/base.sc2data/gamedata/buttondata.xml	D:\MyWork\新建文件夹\mom.report.client\src\MyMod\crys_the_swarm_reborn.SC2Mod\原始mod\Mods\XM\XMFinal.SC2Mod\Base.SC2Data\GameData\ButtonData.xml	skipped_existing
button	AnionPulseCrystal	CButton	references/sc2-build-96883-casc-export/mods/starcoop/starcoop.sc2mod/base.sc2data/gamedata/buttondata.xml	D:\MyWork\新建文件夹\mom.report.client\src\MyMod\crys_the_swarm_reborn.SC2Mod\原始mod\Mods\XM\XMFinal.SC2Mod\Base.SC2Data\GameData\ButtonData.xml	skipped_existing
button	AresClassWeaponsSystem	CButton	references/sc2-build-96883-casc-export/mods/starcoop/starcoop.sc2mod/base.sc2data/gamedata/buttondata.xml	D:\MyWork\新建文件夹\mom.report.client\src\MyMod\crys_the_swarm_reborn.SC2Mod\原始mod\Mods\XM\XMFinal.SC2Mod\Base.SC2Data\GameData\ButtonData.xml	skipped_existing
button	ArmoryMengsk	CButton	references/sc2-build-96883-casc-export/mods/starcoop/commanders/arcturusmengsk.sc2mod/base.sc2data/gamedata/buttondata.xml	D:\MyWork\新建文件夹\mom.report.client\src\MyMod\crys_the_swarm_reborn.SC2Mod\原始mod\Mods\XM\XMFinal.SC2Mod\Base.SC2Data\GameData\ButtonData.xml	skipped_existing
button	ArtilleryMengsk	CButton	references/sc2-build-96883-casc-export/mods/starcoop/commanders/arcturusmengsk.sc2mod/base.sc2data/gamedata/buttondata.xml	D:\MyWork\新建文件夹\mom.report.client\src\MyMod\crys_the_swarm_reborn.SC2Mod\原始mod\Mods\XM\XMFinal.SC2Mod\Base.SC2Data\GameData\ButtonData.xml	skipped_existing
button	AssaultModeMengsk	CButton	references/sc2-build-96883-casc-export/mods/starcoop/commanders/arcturusmengsk.sc2mod/base.sc2data/gamedata/buttondata.xml	D:\MyWork\新建文件夹\mom.report.client\src\MyMod\crys_the_swarm_reborn.SC2Mod\原始mod\Mods\XM\XMFinal.SC2Mod\Base.SC2Data\GameData\ButtonData.xml	skipped_existing
button	AutoCreateInfestedCivilianAmmo	CButton	references/sc2-build-96883-casc-export/mods/starcoop/starcoop.sc2mod/base.sc2data/gamedata/buttondata.xml	D:\MyWork\新建文件夹\mom.report.client\src\MyMod\crys_the_swarm_reborn.SC2Mod\原始mod\Mods\XM\XMFinal.SC2Mod\Base.SC2Data\GameData\ButtonData.xml	skipped_existing
button	AWrp	CButton	references/sc2-build-96883-casc-export/mods/starcoop/starcoop.sc2mod/base.sc2data/gamedata/buttondata.xml	D:\MyWork\新建文件夹\mom.report.client\src\MyMod\crys_the_swarm_reborn.SC2Mod\原始mod\Mods\XM\XMFinal.SC2Mod\Base.SC2Data\GameData\ButtonData.xml	skipped_existing
button	BanelingNestStetmann	CButton	references/sc2-build-96883-casc-export/mods/starcoop/commanders/egonstetmann.sc2mod/base.sc2data/gamedata/buttondata.xml	D:\MyWork\新建文件夹\mom.report.client\src\MyMod\crys_the_swarm_reborn.SC2Mod\原始mod\Mods\XM\XMFinal.SC2Mod\Base.SC2Data\GameData\ButtonData.xml	skipped_existing
button	BanelingStetmann	CButton	references/sc2-build-96883-casc-export/mods/starcoop/commanders/egonstetmann.sc2mod/base.sc2data/gamedata/buttondata.xml	D:\MyWork\新建文件夹\mom.report.client\src\MyMod\crys_the_swarm_reborn.SC2Mod\原始mod\Mods\XM\XMFinal.SC2Mod\Base.SC2Data\GameData\ButtonData.xml	skipped_existing
button	BanelingStetmannExtraDamage	CButton	references/sc2-build-96883-casc-export/mods/starcoop/commanders/egonstetmann.sc2mod/base.sc2data/gamedata/buttondata.xml	D:\MyWork\新建文件夹\mom.report.client\src\MyMod\crys_the_swarm_reborn.SC2Mod\原始mod\Mods\XM\XMFinal.SC2Mod\Base.SC2Data\GameData\ButtonData.xml	skipped_existing
button	BanelingStetmannManaShield	CButton	references/sc2-build-96883-casc-export/mods/starcoop/commanders/egonstetmann.sc2mod/base.sc2data/gamedata/buttondata.xml	D:\MyWork\新建文件夹\mom.report.client\src\MyMod\crys_the_swarm_reborn.SC2Mod\原始mod\Mods\XM\XMFinal.SC2Mod\Base.SC2Data\GameData\ButtonData.xml	skipped_existing
button	BanelingStetmannMovementSpeed	CButton	references/sc2-build-96883-casc-export/mods/starcoop/commanders/egonstetmann.sc2mod/base.sc2data/gamedata/buttondata.xml	D:\MyWork\新建文件夹\mom.report.client\src\MyMod\crys_the_swarm_reborn.SC2Mod\原始mod\Mods\XM\XMFinal.SC2Mod\Base.SC2Data\GameData\ButtonData.xml	skipped_existing
button	BanelingStetmannScrapDrop	CButton	references/sc2-build-96883-casc-export/mods/starcoop/commanders/egonstetmann.sc2mod/base.sc2data/gamedata/buttondata.xml	D:\MyWork\新建文件夹\mom.report.client\src\MyMod\crys_the_swarm_reborn.SC2Mod\原始mod\Mods\XM\XMFinal.SC2Mod\Base.SC2Data\GameData\ButtonData.xml	skipped_existing
button	Banshee_BlackOpsAirstrike	CButton	references/sc2-build-96883-casc-export/mods/starcoop/starcoop.sc2mod/base.sc2data/gamedata/buttondata.xml	D:\MyWork\新建文件夹\mom.report.client\src\MyMod\crys_the_swarm_reborn.SC2Mod\原始mod\Mods\XM\XMFinal.SC2Mod\Base.SC2Data\GameData\ButtonData.xml	skipped_existing
button	BarracksMengsk	CButton	references/sc2-build-96883-casc-export/mods/starcoop/commanders/arcturusmengsk.sc2mod/base.sc2data/gamedata/buttondata.xml	D:\MyWork\新建文件夹\mom.report.client\src\MyMod\crys_the_swarm_reborn.SC2Mod\原始mod\Mods\XM\XMFinal.SC2Mod\Base.SC2Data\GameData\ButtonData.xml	skipped_existing
button	BarrageofSpikesLocked	CButton	references/sc2-build-96883-casc-export/mods/starcoop/starcoop.sc2mod/base.sc2data/gamedata/buttondata.xml	D:\MyWork\新建文件夹\mom.report.client\src\MyMod\crys_the_swarm_reborn.SC2Mod\原始mod\Mods\XM\XMFinal.SC2Mod\Base.SC2Data\GameData\ButtonData.xml	skipped_existing
button	BattlecruiserMengskHyperjump	CButton	references/sc2-build-96883-casc-export/mods/starcoop/commanders/arcturusmengsk.sc2mod/base.sc2data/gamedata/buttondata.xml	D:\MyWork\新建文件夹\mom.report.client\src\MyMod\crys_the_swarm_reborn.SC2Mod\原始mod\Mods\XM\XMFinal.SC2Mod\Base.SC2Data\GameData\ButtonData.xml	skipped_existing
button	BattlecruiserMengskImperialMandateGeneration	CButton	references/sc2-build-96883-casc-export/mods/starcoop/commanders/arcturusmengsk.sc2mod/base.sc2data/gamedata/buttondata.xml	D:\MyWork\新建文件夹\mom.report.client\src\MyMod\crys_the_swarm_reborn.SC2Mod\原始mod\Mods\XM\XMFinal.SC2Mod\Base.SC2Data\GameData\ButtonData.xml	skipped_existing
button	BattlecruiserMengskRangeAura	CButton	references/sc2-build-96883-casc-export/mods/starcoop/commanders/arcturusmengsk.sc2mod/base.sc2data/gamedata/buttondata.xml	D:\MyWork\新建文件夹\mom.report.client\src\MyMod\crys_the_swarm_reborn.SC2Mod\原始mod\Mods\XM\XMFinal.SC2Mod\Base.SC2Data\GameData\ButtonData.xml	skipped_existing
button	BattlecruiserMengskVeterancy	CButton	references/sc2-build-96883-casc-export/mods/starcoop/commanders/arcturusmengsk.sc2mod/base.sc2data/gamedata/buttondata.xml	D:\MyWork\新建文件夹\mom.report.client\src\MyMod\crys_the_swarm_reborn.SC2Mod\原始mod\Mods\XM\XMFinal.SC2Mod\Base.SC2Data\GameData\ButtonData.xml	skipped_existing
button	BiomassPassiveEmpty	CButton	references/sc2-build-96883-casc-export/mods/starcoop/starcoop.sc2mod/base.sc2data/gamedata/buttondata.xml	D:\MyWork\新建文件夹\mom.report.client\src\MyMod\crys_the_swarm_reborn.SC2Mod\原始mod\Mods\XM\XMFinal.SC2Mod\Base.SC2Data\GameData\ButtonData.xml	skipped_existing
button	BlimpMengskTopbarRegen	CButton	references/sc2-build-96883-casc-export/mods/starcoop/commanders/arcturusmengsk.sc2mod/base.sc2data/gamedata/buttondata.xml	D:\MyWork\新建文件夹\mom.report.client\src\MyMod\crys_the_swarm_reborn.SC2Mod\原始mod\Mods\XM\XMFinal.SC2Mod\Base.SC2Data\GameData\ButtonData.xml	skipped_existing
button	BroodlordSpeed	CButton	references/sc2-build-96883-casc-export/mods/starcoop/starcoop.sc2mod/base.sc2data/gamedata/buttondata.xml	D:\MyWork\新建文件夹\mom.report.client\src\MyMod\crys_the_swarm_reborn.SC2Mod\原始mod\Mods\XM\XMFinal.SC2Mod\Base.SC2Data\GameData\ButtonData.xml	skipped_existing
button	BroodLordStetmann	CButton	references/sc2-build-96883-casc-export/mods/starcoop/commanders/egonstetmann.sc2mod/base.sc2data/gamedata/buttondata.xml	D:\MyWork\新建文件夹\mom.report.client\src\MyMod\crys_the_swarm_reborn.SC2Mod\原始mod\Mods\XM\XMFinal.SC2Mod\Base.SC2Data\GameData\ButtonData.xml	skipped_existing
button	BroodLordStetmannBombers	CButton	references/sc2-build-96883-casc-export/mods/starcoop/commanders/egonstetmann.sc2mod/base.sc2data/gamedata/buttondata.xml	D:\MyWork\新建文件夹\mom.report.client\src\MyMod\crys_the_swarm_reborn.SC2Mod\原始mod\Mods\XM\XMFinal.SC2Mod\Base.SC2Data\GameData\ButtonData.xml	skipped_existing
button	BroodLordStetmannBroodlings	CButton	references/sc2-build-96883-casc-export/mods/starcoop/commanders/egonstetmann.sc2mod/base.sc2data/gamedata/buttondata.xml	D:\MyWork\新建文件夹\mom.report.client\src\MyMod\crys_the_swarm_reborn.SC2Mod\原始mod\Mods\XM\XMFinal.SC2Mod\Base.SC2Data\GameData\ButtonData.xml	skipped_existing
button	BroodLordStetmannScrapDrop	CButton	references/sc2-build-96883-casc-export/mods/starcoop/commanders/egonstetmann.sc2mod/base.sc2data/gamedata/buttondata.xml	D:\MyWork\新建文件夹\mom.report.client\src\MyMod\crys_the_swarm_reborn.SC2Mod\原始mod\Mods\XM\XMFinal.SC2Mod\Base.SC2Data\GameData\ButtonData.xml	skipped_existing
button	BroodLordStetmannYamatoCannon	CButton	references/sc2-build-96883-casc-export/mods/starcoop/commanders/egonstetmann.sc2mod/base.sc2data/gamedata/buttondata.xml	D:\MyWork\新建文件夹\mom.report.client\src\MyMod\crys_the_swarm_reborn.SC2Mod\原始mod\Mods\XM\XMFinal.SC2Mod\Base.SC2Data\GameData\ButtonData.xml	skipped_existing
button	BrutaliskDeepTunnel	CButton	references/sc2-build-96883-casc-export/mods/starcoop/starcoop.sc2mod/base.sc2data/gamedata/buttondata.xml	D:\MyWork\新建文件夹\mom.report.client\src\MyMod\crys_the_swarm_reborn.SC2Mod\原始mod\Mods\XM\XMFinal.SC2Mod\Base.SC2Data\GameData\ButtonData.xml	skipped_existing
button	BuildFusionCoreLocked	CButton	references/sc2-build-96883-casc-export/mods/starcoop/starcoop.sc2mod/base.sc2data/gamedata/buttondata.xml	D:\MyWork\新建文件夹\mom.report.client\src\MyMod\crys_the_swarm_reborn.SC2Mod\原始mod\Mods\XM\XMFinal.SC2Mod\Base.SC2Data\GameData\ButtonData.xml	skipped_existing
button	BuildHealingDrone	CButton	references/sc2-build-96883-casc-export/mods/starcoop/starcoop.sc2mod/base.sc2data/gamedata/buttondata.xml	D:\MyWork\新建文件夹\mom.report.client\src\MyMod\crys_the_swarm_reborn.SC2Mod\原始mod\Mods\XM\XMFinal.SC2Mod\Base.SC2Data\GameData\ButtonData.xml	skipped_existing
button	BuildKelMorianRocketTurret	CButton	references/sc2-build-96883-casc-export/mods/starcoop/starcoop.sc2mod/base.sc2data/gamedata/buttondata.xml	D:\MyWork\新建文件夹\mom.report.client\src\MyMod\crys_the_swarm_reborn.SC2Mod\原始mod\Mods\XM\XMFinal.SC2Mod\Base.SC2Data\GameData\ButtonData.xml	skipped_existing
button	BuildLaserTurret	CButton	references/sc2-build-96883-casc-export/mods/starcoop/starcoop.sc2mod/base.sc2data/gamedata/buttondata.xml	D:\MyWork\新建文件夹\mom.report.client\src\MyMod\crys_the_swarm_reborn.SC2Mod\原始mod\Mods\XM\XMFinal.SC2Mod\Base.SC2Data\GameData\ButtonData.xml	skipped_existing
button	BuildLaserTurretRaven	CButton	references/sc2-build-96883-casc-export/mods/starcoop/starcoop.sc2mod/base.sc2data/gamedata/buttondata.xml	D:\MyWork\新建文件夹\mom.report.client\src\MyMod\crys_the_swarm_reborn.SC2Mod\原始mod\Mods\XM\XMFinal.SC2Mod\Base.SC2Data\GameData\ButtonData.xml	skipped_existing
button	BuildLurkerLocked	CButton	references/sc2-build-96883-casc-export/mods/starcoop/starcoop.sc2mod/base.sc2data/gamedata/buttondata.xml	D:\MyWork\新建文件夹\mom.report.client\src\MyMod\crys_the_swarm_reborn.SC2Mod\原始mod\Mods\XM\XMFinal.SC2Mod\Base.SC2Data\GameData\ButtonData.xml	skipped_existing
button	BuildTychusBar	CButton	references/sc2-build-96883-casc-export/mods/starcoop/starcoop.sc2mod/base.sc2data/gamedata/commanders/commandertychus.xml	D:\MyWork\新建文件夹\mom.report.client\src\MyMod\crys_the_swarm_reborn.SC2Mod\原始mod\Mods\XM\XMFinal.SC2Mod\Base.SC2Data\GameData\ButtonData.xml	added_or_newer_duplicate
button	BuildTychusMedivacPlatform	CButton	references/sc2-build-96883-casc-export/mods/starcoop/starcoop.sc2mod/base.sc2data/gamedata/commanders/commandertychus.xml	D:\MyWork\新建文件夹\mom.report.client\src\MyMod\crys_the_swarm_reborn.SC2Mod\原始mod\Mods\XM\XMFinal.SC2Mod\Base.SC2Data\GameData\ButtonData.xml	added_or_newer_duplicate
button	BunkerMengsk	CButton	references/sc2-build-96883-casc-export/mods/starcoop/commanders/arcturusmengsk.sc2mod/base.sc2data/gamedata/buttondata.xml	D:\MyWork\新建文件夹\mom.report.client\src\MyMod\crys_the_swarm_reborn.SC2Mod\原始mod\Mods\XM\XMFinal.SC2Mod\Base.SC2Data\GameData\ButtonData.xml	skipped_existing
button	BurrowChargeLocked	CButton	references/sc2-build-96883-casc-export/mods/starcoop/starcoop.sc2mod/base.sc2data/gamedata/buttondata.xml	D:\MyWork\新建文件夹\mom.report.client\src\MyMod\crys_the_swarm_reborn.SC2Mod\原始mod\Mods\XM\XMFinal.SC2Mod\Base.SC2Data\GameData\ButtonData.xml	skipped_existing
button	CancelSuperGaryStetmannMorph	CButton	references/sc2-build-96883-casc-export/mods/starcoop/commanders/egonstetmann.sc2mod/base.sc2data/gamedata/buttondata.xml	D:\MyWork\新建文件夹\mom.report.client\src\MyMod\crys_the_swarm_reborn.SC2Mod\原始mod\Mods\XM\XMFinal.SC2Mod\Base.SC2Data\GameData\ButtonData.xml	skipped_existing
button	CausticSprayStetmann	CButton	references/sc2-build-96883-casc-export/mods/starcoop/commanders/egonstetmann.sc2mod/base.sc2data/gamedata/buttondata.xml	D:\MyWork\新建文件夹\mom.report.client\src\MyMod\crys_the_swarm_reborn.SC2Mod\原始mod\Mods\XM\XMFinal.SC2Mod\Base.SC2Data\GameData\ButtonData.xml	skipped_existing
button	Charge	CButton	references/sc2-build-96883-casc-export/mods/starcoop/starcoop.sc2mod/base.sc2data/gamedata/buttondata.xml	D:\MyWork\新建文件夹\mom.report.client\src\MyMod\crys_the_swarm_reborn.SC2Mod\原始mod\Mods\XM\XMFinal.SC2Mod\Base.SC2Data\GameData\ButtonData.xml	skipped_existing
button	CommandCenterMengsk	CButton	references/sc2-build-96883-casc-export/mods/starcoop/commanders/arcturusmengsk.sc2mod/base.sc2data/gamedata/buttondata.xml	D:\MyWork\新建文件夹\mom.report.client\src\MyMod\crys_the_swarm_reborn.SC2Mod\原始mod\Mods\XM\XMFinal.SC2Mod\Base.SC2Data\GameData\ButtonData.xml	skipped_existing
button	CommanderPrestigeAbathurLeviathanLocked	CButton	references/sc2-build-96883-casc-export/mods/starcoop/starcoop.sc2mod/base.sc2data/gamedata/buttondata.xml	D:\MyWork\新建文件夹\mom.report.client\src\MyMod\crys_the_swarm_reborn.SC2Mod\原始mod\Mods\XM\XMFinal.SC2Mod\Base.SC2Data\GameData\ButtonData.xml	skipped_existing
button	CommanderPrestigeAlarakMechBuff	CButton	references/sc2-build-96883-casc-export/mods/starcoop/starcoop.sc2mod/base.sc2data/gamedata/buttondata.xml	D:\MyWork\新建文件夹\mom.report.client\src\MyMod\crys_the_swarm_reborn.SC2Mod\原始mod\Mods\XM\XMFinal.SC2Mod\Base.SC2Data\GameData\ButtonData.xml	skipped_existing
button	CommanderPrestigeDehakaPackLeadersRetreat	CButton	references/sc2-build-96883-casc-export/mods/starcoop/starcoop.sc2mod/base.sc2data/gamedata/buttondata.xml	D:\MyWork\新建文件夹\mom.report.client\src\MyMod\crys_the_swarm_reborn.SC2Mod\原始mod\Mods\XM\XMFinal.SC2Mod\Base.SC2Data\GameData\ButtonData.xml	skipped_existing
button	CommanderPrestigeZagaraZagaraDeepTunnel	CButton	references/sc2-build-96883-casc-export/mods/starcoop/starcoop.sc2mod/base.sc2data/gamedata/buttondata.xml	D:\MyWork\新建文件夹\mom.report.client\src\MyMod\crys_the_swarm_reborn.SC2Mod\原始mod\Mods\XM\XMFinal.SC2Mod\Base.SC2Data\GameData\ButtonData.xml	skipped_existing
button	CommanderSwannImmortalityProtocol	CButton	references/sc2-build-96883-casc-export/mods/starcoop/starcoop.sc2mod/base.sc2data/gamedata/buttondata.xml	D:\MyWork\新建文件夹\mom.report.client\src\MyMod\crys_the_swarm_reborn.SC2Mod\原始mod\Mods\XM\XMFinal.SC2Mod\Base.SC2Data\GameData\ButtonData.xml	skipped_existing
button	CoopMurvarSpawnCreepers	CButton	references/sc2-build-96883-casc-export/mods/starcoop/starcoop.sc2mod/base.sc2data/gamedata/buttondata.xml	D:\MyWork\新建文件夹\mom.report.client\src\MyMod\crys_the_swarm_reborn.SC2Mod\原始mod\Mods\XM\XMFinal.SC2Mod\Base.SC2Data\GameData\ButtonData.xml	skipped_existing
button	CorrosiveBileDamageIncrease	CButton	references/sc2-build-96883-casc-export/mods/starcoop/starcoop.sc2mod/base.sc2data/gamedata/buttondata.xml	D:\MyWork\新建文件夹\mom.report.client\src\MyMod\crys_the_swarm_reborn.SC2Mod\原始mod\Mods\XM\XMFinal.SC2Mod\Base.SC2Data\GameData\ButtonData.xml	skipped_existing
button	CorrosiveBileRadiusIncrease	CButton	references/sc2-build-96883-casc-export/mods/starcoop/starcoop.sc2mod/base.sc2data/gamedata/buttondata.xml	D:\MyWork\新建文件夹\mom.report.client\src\MyMod\crys_the_swarm_reborn.SC2Mod\原始mod\Mods\XM\XMFinal.SC2Mod\Base.SC2Data\GameData\ButtonData.xml	skipped_existing
button	CorruptorStetmannMissilePods	CButton	references/sc2-build-96883-casc-export/mods/starcoop/commanders/egonstetmann.sc2mod/base.sc2data/gamedata/buttondata.xml	D:\MyWork\新建文件夹\mom.report.client\src\MyMod\crys_the_swarm_reborn.SC2Mod\原始mod\Mods\XM\XMFinal.SC2Mod\Base.SC2Data\GameData\ButtonData.xml	skipped_existing
button	CorruptorStetmannScrapDrop	CButton	references/sc2-build-96883-casc-export/mods/starcoop/commanders/egonstetmann.sc2mod/base.sc2data/gamedata/buttondata.xml	D:\MyWork\新建文件夹\mom.report.client\src\MyMod\crys_the_swarm_reborn.SC2Mod\原始mod\Mods\XM\XMFinal.SC2Mod\Base.SC2Data\GameData\ButtonData.xml	skipped_existing
button	CorsairMPDisruptionWeb	CButton	references/sc2-build-96883-casc-export/mods/starcoop/starcoop.sc2mod/base.sc2data/gamedata/buttondata.xml	D:\MyWork\新建文件夹\mom.report.client\src\MyMod\crys_the_swarm_reborn.SC2Mod\原始mod\Mods\XM\XMFinal.SC2Mod\Base.SC2Data\GameData\ButtonData.xml	skipped_existing
button	CycloneLockOnDamageUpgrade	CButton	references/sc2-build-96883-casc-export/mods/starcoop/starcoop.sc2mod/base.sc2data/gamedata/buttondata.xml	D:\MyWork\新建文件夹\mom.report.client\src\MyMod\crys_the_swarm_reborn.SC2Mod\原始mod\Mods\XM\XMFinal.SC2Mod\Base.SC2Data\GameData\ButtonData.xml	skipped_existing
button	DakrunCrashingCharge	CButton	references/sc2-build-96883-casc-export/mods/starcoop/starcoop.sc2mod/base.sc2data/gamedata/buttondata.xml	D:\MyWork\新建文件夹\mom.report.client\src\MyMod\crys_the_swarm_reborn.SC2Mod\原始mod\Mods\XM\XMFinal.SC2Mod\Base.SC2Data\GameData\ButtonData.xml	skipped_existing
button	DakrunGreaterSpikedHideLocked	CButton	references/sc2-build-96883-casc-export/mods/starcoop/starcoop.sc2mod/base.sc2data/gamedata/buttondata.xml	D:\MyWork\新建文件夹\mom.report.client\src\MyMod\crys_the_swarm_reborn.SC2Mod\原始mod\Mods\XM\XMFinal.SC2Mod\Base.SC2Data\GameData\ButtonData.xml	skipped_existing
button	DarkTemplarShadowDash	CButton	references/sc2-build-96883-casc-export/mods/starcoop/starcoop.sc2mod/base.sc2data/gamedata/buttondata.xml	D:\MyWork\新建文件夹\mom.report.client\src\MyMod\crys_the_swarm_reborn.SC2Mod\原始mod\Mods\XM\XMFinal.SC2Mod\Base.SC2Data\GameData\ButtonData.xml	skipped_existing
button	DeepTunnelLocked	CButton	references/sc2-build-96883-casc-export/mods/starcoop/starcoop.sc2mod/base.sc2data/gamedata/buttondata.xml	D:\MyWork\新建文件夹\mom.report.client\src\MyMod\crys_the_swarm_reborn.SC2Mod\原始mod\Mods\XM\XMFinal.SC2Mod\Base.SC2Data\GameData\ButtonData.xml	skipped_existing
button	DefensiveMatrixTarget	CButton	references/sc2-build-96883-casc-export/mods/starcoop/starcoop.sc2mod/base.sc2data/gamedata/buttondata.xml	D:\MyWork\新建文件夹\mom.report.client\src\MyMod\crys_the_swarm_reborn.SC2Mod\原始mod\Mods\XM\XMFinal.SC2Mod\Base.SC2Data\GameData\ButtonData.xml	skipped_existing
button	DehakaAirAttack	CButton	references/sc2-build-96883-casc-export/mods/starcoop/starcoop.sc2mod/base.sc2data/gamedata/buttondata.xml	D:\MyWork\新建文件夹\mom.report.client\src\MyMod\crys_the_swarm_reborn.SC2Mod\原始mod\Mods\XM\XMFinal.SC2Mod\Base.SC2Data\GameData\ButtonData.xml	skipped_existing
button	DehakaArmorUpgrade	CButton	references/sc2-build-96883-casc-export/mods/starcoop/starcoop.sc2mod/base.sc2data/gamedata/buttondata.xml	D:\MyWork\新建文件夹\mom.report.client\src\MyMod\crys_the_swarm_reborn.SC2Mod\原始mod\Mods\XM\XMFinal.SC2Mod\Base.SC2Data\GameData\ButtonData.xml	skipped_existing
button	DehakaBarracks	CButton	references/sc2-build-96883-casc-export/mods/starcoop/starcoop.sc2mod/base.sc2data/gamedata/buttondata.xml	D:\MyWork\新建文件夹\mom.report.client\src\MyMod\crys_the_swarm_reborn.SC2Mod\原始mod\Mods\XM\XMFinal.SC2Mod\Base.SC2Data\GameData\ButtonData.xml	skipped_existing
button	DehakaConsume	CButton	references/sc2-build-96883-casc-export/mods/starcoop/starcoop.sc2mod/base.sc2data/gamedata/buttondata.xml	D:\MyWork\新建文件夹\mom.report.client\src\MyMod\crys_the_swarm_reborn.SC2Mod\原始mod\Mods\XM\XMFinal.SC2Mod\Base.SC2Data\GameData\ButtonData.xml	skipped_existing
button	DehakaCreeperAirSuicide	CButton	references/sc2-build-96883-casc-export/mods/starcoop/starcoop.sc2mod/base.sc2data/gamedata/buttondata.xml	D:\MyWork\新建文件夹\mom.report.client\src\MyMod\crys_the_swarm_reborn.SC2Mod\原始mod\Mods\XM\XMFinal.SC2Mod\Base.SC2Data\GameData\ButtonData.xml	skipped_existing
button	DehakaDakrunStructure	CButton	references/sc2-build-96883-casc-export/mods/starcoop/starcoop.sc2mod/base.sc2data/gamedata/buttondata.xml	D:\MyWork\新建文件夹\mom.report.client\src\MyMod\crys_the_swarm_reborn.SC2Mod\原始mod\Mods\XM\XMFinal.SC2Mod\Base.SC2Data\GameData\ButtonData.xml	skipped_existing
button	DehakaDeepTunnelLocked	CButton	references/sc2-build-96883-casc-export/mods/starcoop/starcoop.sc2mod/base.sc2data/gamedata/buttondata.xml	D:\MyWork\新建文件夹\mom.report.client\src\MyMod\crys_the_swarm_reborn.SC2Mod\原始mod\Mods\XM\XMFinal.SC2Mod\Base.SC2Data\GameData\ButtonData.xml	skipped_existing
button	DehakaDetector	CButton	references/sc2-build-96883-casc-export/mods/starcoop/starcoop.sc2mod/base.sc2data/gamedata/buttondata.xml	D:\MyWork\新建文件夹\mom.report.client\src\MyMod\crys_the_swarm_reborn.SC2Mod\原始mod\Mods\XM\XMFinal.SC2Mod\Base.SC2Data\GameData\ButtonData.xml	skipped_existing
button	DehakaFlyingCreeperLocusts	CButton	references/sc2-build-96883-casc-export/mods/starcoop/starcoop.sc2mod/base.sc2data/gamedata/buttondata.xml	D:\MyWork\新建文件夹\mom.report.client\src\MyMod\crys_the_swarm_reborn.SC2Mod\原始mod\Mods\XM\XMFinal.SC2Mod\Base.SC2Data\GameData\ButtonData.xml	skipped_existing
button	DehakaFlyingLocusts	CButton	references/sc2-build-96883-casc-export/mods/starcoop/starcoop.sc2mod/base.sc2data/gamedata/buttondata.xml	D:\MyWork\新建文件夹\mom.report.client\src\MyMod\crys_the_swarm_reborn.SC2Mod\原始mod\Mods\XM\XMFinal.SC2Mod\Base.SC2Data\GameData\ButtonData.xml	skipped_existing
button	DehakaGeneAttackSpeedPassive	CButton	references/sc2-build-96883-casc-export/mods/starcoop/starcoop.sc2mod/base.sc2data/gamedata/buttondata.xml	D:\MyWork\新建文件夹\mom.report.client\src\MyMod\crys_the_swarm_reborn.SC2Mod\原始mod\Mods\XM\XMFinal.SC2Mod\Base.SC2Data\GameData\ButtonData.xml	skipped_existing
button	DehakaGeneCarapacePassive	CButton	references/sc2-build-96883-casc-export/mods/starcoop/starcoop.sc2mod/base.sc2data/gamedata/buttondata.xml	D:\MyWork\新建文件夹\mom.report.client\src\MyMod\crys_the_swarm_reborn.SC2Mod\原始mod\Mods\XM\XMFinal.SC2Mod\Base.SC2Data\GameData\ButtonData.xml	skipped_existing
button	DehakaGeneCreepersPassive	CButton	references/sc2-build-96883-casc-export/mods/starcoop/starcoop.sc2mod/base.sc2data/gamedata/buttondata.xml	D:\MyWork\新建文件夹\mom.report.client\src\MyMod\crys_the_swarm_reborn.SC2Mod\原始mod\Mods\XM\XMFinal.SC2Mod\Base.SC2Data\GameData\ButtonData.xml	skipped_existing
button	DehakaGeneLifeLeechPassive	CButton	references/sc2-build-96883-casc-export/mods/starcoop/starcoop.sc2mod/base.sc2data/gamedata/buttondata.xml	D:\MyWork\新建文件夹\mom.report.client\src\MyMod\crys_the_swarm_reborn.SC2Mod\原始mod\Mods\XM\XMFinal.SC2Mod\Base.SC2Data\GameData\ButtonData.xml	skipped_existing
button	DehakaGeneThornsPassive	CButton	references/sc2-build-96883-casc-export/mods/starcoop/starcoop.sc2mod/base.sc2data/gamedata/buttondata.xml	D:\MyWork\新建文件夹\mom.report.client\src\MyMod\crys_the_swarm_reborn.SC2Mod\原始mod\Mods\XM\XMFinal.SC2Mod\Base.SC2Data\GameData\ButtonData.xml	skipped_existing
button	DehakaGlevigHaveRoachFireBreath	CButton	references/sc2-build-96883-casc-export/mods/starcoop/starcoop.sc2mod/base.sc2data/gamedata/buttondata.xml	D:\MyWork\新建文件夹\mom.report.client\src\MyMod\crys_the_swarm_reborn.SC2Mod\原始mod\Mods\XM\XMFinal.SC2Mod\Base.SC2Data\GameData\ButtonData.xml	skipped_existing
button	DehakaGlevigStructure	CButton	references/sc2-build-96883-casc-export/mods/starcoop/starcoop.sc2mod/base.sc2data/gamedata/buttondata.xml	D:\MyWork\新建文件夹\mom.report.client\src\MyMod\crys_the_swarm_reborn.SC2Mod\原始mod\Mods\XM\XMFinal.SC2Mod\Base.SC2Data\GameData\ButtonData.xml	skipped_existing
button	DehakaGlialReconstitution	CButton	references/sc2-build-96883-casc-export/mods/starcoop/starcoop.sc2mod/base.sc2data/gamedata/buttondata.xml	D:\MyWork\新建文件夹\mom.report.client\src\MyMod\crys_the_swarm_reborn.SC2Mod\原始mod\Mods\XM\XMFinal.SC2Mod\Base.SC2Data\GameData\ButtonData.xml	skipped_existing
button	DehakaHatchery	CButton	references/sc2-build-96883-casc-export/mods/starcoop/starcoop.sc2mod/base.sc2data/gamedata/buttondata.xml	D:\MyWork\新建文件夹\mom.report.client\src\MyMod\crys_the_swarm_reborn.SC2Mod\原始mod\Mods\XM\XMFinal.SC2Mod\Base.SC2Data\GameData\ButtonData.xml	skipped_existing
button	DehakaHydraliskSpeed	CButton	references/sc2-build-96883-casc-export/mods/starcoop/starcoop.sc2mod/base.sc2data/gamedata/buttondata.xml	D:\MyWork\新建文件夹\mom.report.client\src\MyMod\crys_the_swarm_reborn.SC2Mod\原始mod\Mods\XM\XMFinal.SC2Mod\Base.SC2Data\GameData\ButtonData.xml	skipped_existing
button	DehakaImpalerTenderize	CButton	references/sc2-build-96883-casc-export/mods/starcoop/starcoop.sc2mod/base.sc2data/gamedata/buttondata.xml	D:\MyWork\新建文件夹\mom.report.client\src\MyMod\crys_the_swarm_reborn.SC2Mod\原始mod\Mods\XM\XMFinal.SC2Mod\Base.SC2Data\GameData\ButtonData.xml	skipped_existing
button	DehakaIntimidatingRoar	CButton	references/sc2-build-96883-casc-export/mods/starcoop/starcoop.sc2mod/base.sc2data/gamedata/buttondata.xml	D:\MyWork\新建文件夹\mom.report.client\src\MyMod\crys_the_swarm_reborn.SC2Mod\原始mod\Mods\XM\XMFinal.SC2Mod\Base.SC2Data\GameData\ButtonData.xml	skipped_existing
button	DehakaLeapStomp	CButton	references/sc2-build-96883-casc-export/mods/starcoop/starcoop.sc2mod/base.sc2data/gamedata/buttondata.xml	D:\MyWork\新建文件夹\mom.report.client\src\MyMod\crys_the_swarm_reborn.SC2Mod\原始mod\Mods\XM\XMFinal.SC2Mod\Base.SC2Data\GameData\ButtonData.xml	skipped_existing
button	DehakaLearnAbilities	CButton	references/sc2-build-96883-casc-export/mods/starcoop/starcoop.sc2mod/base.sc2data/gamedata/buttondata.xml	D:\MyWork\新建文件夹\mom.report.client\src\MyMod\crys_the_swarm_reborn.SC2Mod\原始mod\Mods\XM\XMFinal.SC2Mod\Base.SC2Data\GameData\ButtonData.xml	skipped_existing
button	DehakaMendingAura	CButton	references/sc2-build-96883-casc-export/mods/starcoop/starcoop.sc2mod/base.sc2data/gamedata/buttondata.xml	D:\MyWork\新建文件夹\mom.report.client\src\MyMod\crys_the_swarm_reborn.SC2Mod\原始mod\Mods\XM\XMFinal.SC2Mod\Base.SC2Data\GameData\ButtonData.xml	skipped_existing
button	DehakaMurvarStructure	CButton	references/sc2-build-96883-casc-export/mods/starcoop/starcoop.sc2mod/base.sc2data/gamedata/buttondata.xml	D:\MyWork\新建文件夹\mom.report.client\src\MyMod\crys_the_swarm_reborn.SC2Mod\原始mod\Mods\XM\XMFinal.SC2Mod\Base.SC2Data\GameData\ButtonData.xml	skipped_existing
button	DehakaMutaliskDamageReduction	CButton	references/sc2-build-96883-casc-export/mods/starcoop/starcoop.sc2mod/base.sc2data/gamedata/buttondata.xml	D:\MyWork\新建文件夹\mom.report.client\src\MyMod\crys_the_swarm_reborn.SC2Mod\原始mod\Mods\XM\XMFinal.SC2Mod\Base.SC2Data\GameData\ButtonData.xml	skipped_existing
button	DehakaMutaliskRespawnOnDeath	CButton	references/sc2-build-96883-casc-export/mods/starcoop/starcoop.sc2mod/base.sc2data/gamedata/buttondata.xml	D:\MyWork\新建文件夹\mom.report.client\src\MyMod\crys_the_swarm_reborn.SC2Mod\原始mod\Mods\XM\XMFinal.SC2Mod\Base.SC2Data\GameData\ButtonData.xml	skipped_existing
button	DehakaNydusDestroyer	CButton	references/sc2-build-96883-casc-export/mods/starcoop/starcoop.sc2mod/base.sc2data/gamedata/buttondata.xml	D:\MyWork\新建文件夹\mom.report.client\src\MyMod\crys_the_swarm_reborn.SC2Mod\原始mod\Mods\XM\XMFinal.SC2Mod\Base.SC2Data\GameData\ButtonData.xml	skipped_existing
button	DehakaRavasaurRange	CButton	references/sc2-build-96883-casc-export/mods/starcoop/starcoop.sc2mod/base.sc2data/gamedata/buttondata.xml	D:\MyWork\新建文件夹\mom.report.client\src\MyMod\crys_the_swarm_reborn.SC2Mod\原始mod\Mods\XM\XMFinal.SC2Mod\Base.SC2Data\GameData\ButtonData.xml	skipped_existing
button	DehakaRavasaurVSArmor	CButton	references/sc2-build-96883-casc-export/mods/starcoop/starcoop.sc2mod/base.sc2data/gamedata/buttondata.xml	D:\MyWork\新建文件夹\mom.report.client\src\MyMod\crys_the_swarm_reborn.SC2Mod\原始mod\Mods\XM\XMFinal.SC2Mod\Base.SC2Data\GameData\ButtonData.xml	skipped_existing
button	DehakaSpawnLocusts	CButton	references/sc2-build-96883-casc-export/mods/starcoop/starcoop.sc2mod/base.sc2data/gamedata/buttondata.xml	D:\MyWork\新建文件夹\mom.report.client\src\MyMod\crys_the_swarm_reborn.SC2Mod\原始mod\Mods\XM\XMFinal.SC2Mod\Base.SC2Data\GameData\ButtonData.xml	skipped_existing
button	DehakaSpawnLocustsBomb	CButton	references/sc2-build-96883-casc-export/mods/starcoop/starcoop.sc2mod/base.sc2data/gamedata/buttondata.xml	D:\MyWork\新建文件夹\mom.report.client\src\MyMod\crys_the_swarm_reborn.SC2Mod\原始mod\Mods\XM\XMFinal.SC2Mod\Base.SC2Data\GameData\ButtonData.xml	skipped_existing
button	DehakaTyrannozorArmorAura	CButton	references/sc2-build-96883-casc-export/mods/starcoop/starcoop.sc2mod/base.sc2data/gamedata/buttondata.xml	D:\MyWork\新建文件夹\mom.report.client\src\MyMod\crys_the_swarm_reborn.SC2Mod\原始mod\Mods\XM\XMFinal.SC2Mod\Base.SC2Data\GameData\ButtonData.xml	skipped_existing
button	DehakaUltraliskBash	CButton	references/sc2-build-96883-casc-export/mods/starcoop/starcoop.sc2mod/base.sc2data/gamedata/buttondata.xml	D:\MyWork\新建文件夹\mom.report.client\src\MyMod\crys_the_swarm_reborn.SC2Mod\原始mod\Mods\XM\XMFinal.SC2Mod\Base.SC2Data\GameData\ButtonData.xml	skipped_existing
button	DehakaUltraliskCrashingCharge	CButton	references/sc2-build-96883-casc-export/mods/starcoop/starcoop.sc2mod/base.sc2data/gamedata/buttondata.xml	D:\MyWork\新建文件夹\mom.report.client\src\MyMod\crys_the_swarm_reborn.SC2Mod\原始mod\Mods\XM\XMFinal.SC2Mod\Base.SC2Data\GameData\ButtonData.xml	skipped_existing
button	DehakaUltraliskRegen	CButton	references/sc2-build-96883-casc-export/mods/starcoop/starcoop.sc2mod/base.sc2data/gamedata/buttondata.xml	D:\MyWork\新建文件夹\mom.report.client\src\MyMod\crys_the_swarm_reborn.SC2Mod\原始mod\Mods\XM\XMFinal.SC2Mod\Base.SC2Data\GameData\ButtonData.xml	skipped_existing
button	DeploySpiderMines	CButton	references/sc2-build-96883-casc-export/mods/starcoop/starcoop.sc2mod/base.sc2data/gamedata/buttondata.xml	D:\MyWork\新建文件夹\mom.report.client\src\MyMod\crys_the_swarm_reborn.SC2Mod\原始mod\Mods\XM\XMFinal.SC2Mod\Base.SC2Data\GameData\ButtonData.xml	skipped_existing
button	DetonateScourge	CButton	references/sc2-build-96883-casc-export/mods/starcoop/starcoop.sc2mod/base.sc2data/gamedata/buttondata.xml	D:\MyWork\新建文件夹\mom.report.client\src\MyMod\crys_the_swarm_reborn.SC2Mod\原始mod\Mods\XM\XMFinal.SC2Mod\Base.SC2Data\GameData\ButtonData.xml	skipped_existing
button	DisableBuildingAttackScourge	CButton	references/sc2-build-96883-casc-export/mods/starcoop/starcoop.sc2mod/base.sc2data/gamedata/buttondata.xml	D:\MyWork\新建文件夹\mom.report.client\src\MyMod\crys_the_swarm_reborn.SC2Mod\原始mod\Mods\XM\XMFinal.SC2Mod\Base.SC2Data\GameData\ButtonData.xml	skipped_existing
button	EngineeringBayMengsk	CButton	references/sc2-build-96883-casc-export/mods/starcoop/commanders/arcturusmengsk.sc2mod/base.sc2data/gamedata/buttondata.xml	D:\MyWork\新建文件夹\mom.report.client\src\MyMod\crys_the_swarm_reborn.SC2Mod\原始mod\Mods\XM\XMFinal.SC2Mod\Base.SC2Data\GameData\ButtonData.xml	skipped_existing
button	EvolutionChamberStetmann	CButton	references/sc2-build-96883-casc-export/mods/starcoop/commanders/egonstetmann.sc2mod/base.sc2data/gamedata/buttondata.xml	D:\MyWork\新建文件夹\mom.report.client\src\MyMod\crys_the_swarm_reborn.SC2Mod\原始mod\Mods\XM\XMFinal.SC2Mod\Base.SC2Data\GameData\ButtonData.xml	skipped_existing
button	EvolveDehakaChitinousPlatingLocked	CButton	references/sc2-build-96883-casc-export/mods/starcoop/starcoop.sc2mod/base.sc2data/gamedata/buttondata.xml	D:\MyWork\新建文件夹\mom.report.client\src\MyMod\crys_the_swarm_reborn.SC2Mod\原始mod\Mods\XM\XMFinal.SC2Mod\Base.SC2Data\GameData\ButtonData.xml	skipped_existing
button	EvolveDehakaKeenSensesLocked	CButton	references/sc2-build-96883-casc-export/mods/starcoop/starcoop.sc2mod/base.sc2data/gamedata/buttondata.xml	D:\MyWork\新建文件夹\mom.report.client\src\MyMod\crys_the_swarm_reborn.SC2Mod\原始mod\Mods\XM\XMFinal.SC2Mod\Base.SC2Data\GameData\ButtonData.xml	skipped_existing
button	EvolveDehakaPrimalRegenerationLocked	CButton	references/sc2-build-96883-casc-export/mods/starcoop/starcoop.sc2mod/base.sc2data/gamedata/buttondata.xml	D:\MyWork\新建文件夹\mom.report.client\src\MyMod\crys_the_swarm_reborn.SC2Mod\原始mod\Mods\XM\XMFinal.SC2Mod\Base.SC2Data\GameData\ButtonData.xml	skipped_existing
button	EvolveDehakaReachingtheSkyLocked	CButton	references/sc2-build-96883-casc-export/mods/starcoop/starcoop.sc2mod/base.sc2data/gamedata/buttondata.xml	D:\MyWork\新建文件夹\mom.report.client\src\MyMod\crys_the_swarm_reborn.SC2Mod\原始mod\Mods\XM\XMFinal.SC2Mod\Base.SC2Data\GameData\ButtonData.xml	skipped_existing
button	EvolveToBrutaliskLocked	CButton	references/sc2-build-96883-casc-export/mods/starcoop/starcoop.sc2mod/base.sc2data/gamedata/buttondata.xml	D:\MyWork\新建文件夹\mom.report.client\src\MyMod\crys_the_swarm_reborn.SC2Mod\原始mod\Mods\XM\XMFinal.SC2Mod\Base.SC2Data\GameData\ButtonData.xml	skipped_existing
button	EvolveToLeviathanLocked	CButton	references/sc2-build-96883-casc-export/mods/starcoop/starcoop.sc2mod/base.sc2data/gamedata/buttondata.xml	D:\MyWork\新建文件夹\mom.report.client\src\MyMod\crys_the_swarm_reborn.SC2Mod\原始mod\Mods\XM\XMFinal.SC2Mod\Base.SC2Data\GameData\ButtonData.xml	skipped_existing
button	Explode	CButton	references/sc2-build-96883-casc-export/mods/starcoop/starcoop.sc2mod/base.sc2data/gamedata/buttondata.xml	D:\MyWork\新建文件夹\mom.report.client\src\MyMod\crys_the_swarm_reborn.SC2Mod\原始mod\Mods\XM\XMFinal.SC2Mod\Base.SC2Data\GameData\ButtonData.xml	skipped_existing
button	ExplodeStetmann	CButton	references/sc2-build-96883-casc-export/mods/starcoop/commanders/egonstetmann.sc2mod/base.sc2data/gamedata/buttondata.xml	D:\MyWork\新建文件夹\mom.report.client\src\MyMod\crys_the_swarm_reborn.SC2Mod\原始mod\Mods\XM\XMFinal.SC2Mod\Base.SC2Data\GameData\ButtonData.xml	skipped_existing
button	ExtendedThermalLance	CButton	references/sc2-build-96883-casc-export/mods/starcoop/starcoop.sc2mod/base.sc2data/gamedata/buttondata.xml	D:\MyWork\新建文件夹\mom.report.client\src\MyMod\crys_the_swarm_reborn.SC2Mod\原始mod\Mods\XM\XMFinal.SC2Mod\Base.SC2Data\GameData\ButtonData.xml	skipped_existing
button	ExtractorStetmann	CButton	references/sc2-build-96883-casc-export/mods/starcoop/commanders/egonstetmann.sc2mod/base.sc2data/gamedata/buttondata.xml	D:\MyWork\新建文件夹\mom.report.client\src\MyMod\crys_the_swarm_reborn.SC2Mod\原始mod\Mods\XM\XMFinal.SC2Mod\Base.SC2Data\GameData\ButtonData.xml	skipped_existing
button	FaceEmbrace	CButton	references/sc2-build-96883-casc-export/mods/starcoop/starcoop.sc2mod/base.sc2data/gamedata/buttondata.xml	D:\MyWork\新建文件夹\mom.report.client\src\MyMod\crys_the_swarm_reborn.SC2Mod\原始mod\Mods\XM\XMFinal.SC2Mod\Base.SC2Data\GameData\ButtonData.xml	skipped_existing
button	FactoryMengsk	CButton	references/sc2-build-96883-casc-export/mods/starcoop/commanders/arcturusmengsk.sc2mod/base.sc2data/gamedata/buttondata.xml	D:\MyWork\新建文件夹\mom.report.client\src\MyMod\crys_the_swarm_reborn.SC2Mod\原始mod\Mods\XM\XMFinal.SC2Mod\Base.SC2Data\GameData\ButtonData.xml	skipped_existing
button	Feedback	CButton	references/sc2-build-96883-casc-export/mods/starcoop/starcoop.sc2mod/base.sc2data/gamedata/buttondata.xml	D:\MyWork\新建文件夹\mom.report.client\src\MyMod\crys_the_swarm_reborn.SC2Mod\原始mod\Mods\XM\XMFinal.SC2Mod\Base.SC2Data\GameData\ButtonData.xml	skipped_existing
button	FeedbackLocked	CButton	references/sc2-build-96883-casc-export/mods/starcoop/starcoop.sc2mod/base.sc2data/gamedata/buttondata.xml	D:\MyWork\新建文件夹\mom.report.client\src\MyMod\crys_the_swarm_reborn.SC2Mod\原始mod\Mods\XM\XMFinal.SC2Mod\Base.SC2Data\GameData\ButtonData.xml	skipped_existing
button	FenixSentryGuardianZone	CButton	references/sc2-build-96883-casc-export/mods/starcoop/starcoop.sc2mod/base.sc2data/gamedata/buttondata.xml	D:\MyWork\新建文件夹\mom.report.client\src\MyMod\crys_the_swarm_reborn.SC2Mod\原始mod\Mods\XM\XMFinal.SC2Mod\Base.SC2Data\GameData\ButtonData.xml	skipped_existing
button	FenixSentryPhasingMode	CButton	references/sc2-build-96883-casc-export/mods/starcoop/starcoop.sc2mod/base.sc2data/gamedata/buttondata.xml	D:\MyWork\新建文件夹\mom.report.client\src\MyMod\crys_the_swarm_reborn.SC2Mod\原始mod\Mods\XM\XMFinal.SC2Mod\Base.SC2Data\GameData\ButtonData.xml	skipped_existing
button	FighterModeMengsk	CButton	references/sc2-build-96883-casc-export/mods/starcoop/commanders/arcturusmengsk.sc2mod/base.sc2data/gamedata/buttondata.xml	D:\MyWork\新建文件夹\mom.report.client\src\MyMod\crys_the_swarm_reborn.SC2Mod\原始mod\Mods\XM\XMFinal.SC2Mod\Base.SC2Data\GameData\ButtonData.xml	skipped_existing
button	FleetwideJump	CButton	references/sc2-build-96883-casc-export/mods/starcoop/starcoop.sc2mod/base.sc2data/gamedata/buttondata.xml	D:\MyWork\新建文件夹\mom.report.client\src\MyMod\crys_the_swarm_reborn.SC2Mod\原始mod\Mods\XM\XMFinal.SC2Mod\Base.SC2Data\GameData\ButtonData.xml	skipped_existing
button	FrenzyLocked	CButton	references/sc2-build-96883-casc-export/mods/starcoop/starcoop.sc2mod/base.sc2data/gamedata/buttondata.xml	D:\MyWork\新建文件夹\mom.report.client\src\MyMod\crys_the_swarm_reborn.SC2Mod\原始mod\Mods\XM\XMFinal.SC2Mod\Base.SC2Data\GameData\ButtonData.xml	skipped_existing
button	FusionCoreMengsk	CButton	references/sc2-build-96883-casc-export/mods/starcoop/commanders/arcturusmengsk.sc2mod/base.sc2data/gamedata/buttondata.xml	D:\MyWork\新建文件夹\mom.report.client\src\MyMod\crys_the_swarm_reborn.SC2Mod\原始mod\Mods\XM\XMFinal.SC2Mod\Base.SC2Data\GameData\ButtonData.xml	skipped_existing
button	GaryStetmannMechanicalReconstruction	CButton	references/sc2-build-96883-casc-export/mods/starcoop/commanders/egonstetmann.sc2mod/base.sc2data/gamedata/buttondata.xml	D:\MyWork\新建文件夹\mom.report.client\src\MyMod\crys_the_swarm_reborn.SC2Mod\原始mod\Mods\XM\XMFinal.SC2Mod\Base.SC2Data\GameData\ButtonData.xml	skipped_existing
button	GaryStetmannOrb	CButton	references/sc2-build-96883-casc-export/mods/starcoop/commanders/egonstetmann.sc2mod/base.sc2data/gamedata/buttondata.xml	D:\MyWork\新建文件夹\mom.report.client\src\MyMod\crys_the_swarm_reborn.SC2Mod\原始mod\Mods\XM\XMFinal.SC2Mod\Base.SC2Data\GameData\ButtonData.xml	skipped_existing
button	GaryStetmannRecall	CButton	references/sc2-build-96883-casc-export/mods/starcoop/commanders/egonstetmann.sc2mod/base.sc2data/gamedata/buttondata.xml	D:\MyWork\新建文件夹\mom.report.client\src\MyMod\crys_the_swarm_reborn.SC2Mod\原始mod\Mods\XM\XMFinal.SC2Mod\Base.SC2Data\GameData\ButtonData.xml	skipped_existing
button	GaryStetmannTheBestOil	CButton	references/sc2-build-96883-casc-export/mods/starcoop/commanders/egonstetmann.sc2mod/base.sc2data/gamedata/buttondata.xml	D:\MyWork\新建文件夹\mom.report.client\src\MyMod\crys_the_swarm_reborn.SC2Mod\原始mod\Mods\XM\XMFinal.SC2Mod\Base.SC2Data\GameData\ButtonData.xml	skipped_existing
button	GhostAcademyMengsk	CButton	references/sc2-build-96883-casc-export/mods/starcoop/commanders/arcturusmengsk.sc2mod/base.sc2data/gamedata/buttondata.xml	D:\MyWork\新建文件夹\mom.report.client\src\MyMod\crys_the_swarm_reborn.SC2Mod\原始mod\Mods\XM\XMFinal.SC2Mod\Base.SC2Data\GameData\ButtonData.xml	skipped_existing
button	GhostAcademyNova	CButton	references/sc2-build-96883-casc-export/mods/starcoop/starcoop.sc2mod/base.sc2data/gamedata/buttondata.xml	D:\MyWork\新建文件夹\mom.report.client\src\MyMod\crys_the_swarm_reborn.SC2Mod\原始mod\Mods\XM\XMFinal.SC2Mod\Base.SC2Data\GameData\ButtonData.xml	skipped_existing
button	GhostMengskEMP	CButton	references/sc2-build-96883-casc-export/mods/starcoop/commanders/arcturusmengsk.sc2mod/base.sc2data/gamedata/buttondata.xml	D:\MyWork\新建文件夹\mom.report.client\src\MyMod\crys_the_swarm_reborn.SC2Mod\原始mod\Mods\XM\XMFinal.SC2Mod\Base.SC2Data\GameData\ButtonData.xml	skipped_existing
button	GhostMengskGuidedStrike	CButton	references/sc2-build-96883-casc-export/mods/starcoop/commanders/arcturusmengsk.sc2mod/base.sc2data/gamedata/buttondata.xml	D:\MyWork\新建文件夹\mom.report.client\src\MyMod\crys_the_swarm_reborn.SC2Mod\原始mod\Mods\XM\XMFinal.SC2Mod\Base.SC2Data\GameData\ButtonData.xml	skipped_existing
button	GhostMengskHoldFire	CButton	references/sc2-build-96883-casc-export/mods/starcoop/commanders/arcturusmengsk.sc2mod/base.sc2data/gamedata/buttondata.xml	D:\MyWork\新建文件夹\mom.report.client\src\MyMod\crys_the_swarm_reborn.SC2Mod\原始mod\Mods\XM\XMFinal.SC2Mod\Base.SC2Data\GameData\ButtonData.xml	skipped_existing
button	GhostMengskImperialMandateGeneration	CButton	references/sc2-build-96883-casc-export/mods/starcoop/commanders/arcturusmengsk.sc2mod/base.sc2data/gamedata/buttondata.xml	D:\MyWork\新建文件夹\mom.report.client\src\MyMod\crys_the_swarm_reborn.SC2Mod\原始mod\Mods\XM\XMFinal.SC2Mod\Base.SC2Data\GameData\ButtonData.xml	skipped_existing
button	GhostMengskIrradiate	CButton	references/sc2-build-96883-casc-export/mods/starcoop/commanders/arcturusmengsk.sc2mod/base.sc2data/gamedata/buttondata.xml	D:\MyWork\新建文件夹\mom.report.client\src\MyMod\crys_the_swarm_reborn.SC2Mod\原始mod\Mods\XM\XMFinal.SC2Mod\Base.SC2Data\GameData\ButtonData.xml	skipped_existing
button	GhostMengskSuperCloak	CButton	references/sc2-build-96883-casc-export/mods/starcoop/commanders/arcturusmengsk.sc2mod/base.sc2data/gamedata/buttondata.xml	D:\MyWork\新建文件夹\mom.report.client\src\MyMod\crys_the_swarm_reborn.SC2Mod\原始mod\Mods\XM\XMFinal.SC2Mod\Base.SC2Data\GameData\ButtonData.xml	skipped_existing
button	GhostMengskVeterancy	CButton	references/sc2-build-96883-casc-export/mods/starcoop/commanders/arcturusmengsk.sc2mod/base.sc2data/gamedata/buttondata.xml	D:\MyWork\新建文件夹\mom.report.client\src\MyMod\crys_the_swarm_reborn.SC2Mod\原始mod\Mods\XM\XMFinal.SC2Mod\Base.SC2Data\GameData\ButtonData.xml	skipped_existing
button	GlevigFireBreathLocked	CButton	references/sc2-build-96883-casc-export/mods/starcoop/starcoop.sc2mod/base.sc2data/gamedata/buttondata.xml	D:\MyWork\新建文件夹\mom.report.client\src\MyMod\crys_the_swarm_reborn.SC2Mod\原始mod\Mods\XM\XMFinal.SC2Mod\Base.SC2Data\GameData\ButtonData.xml	skipped_existing
button	GlevigSpitfirePassive	CButton	references/sc2-build-96883-casc-export/mods/starcoop/starcoop.sc2mod/base.sc2data/gamedata/buttondata.xml	D:\MyWork\新建文件夹\mom.report.client\src\MyMod\crys_the_swarm_reborn.SC2Mod\原始mod\Mods\XM\XMFinal.SC2Mod\Base.SC2Data\GameData\ButtonData.xml	skipped_existing
button	GlevigTunnel	CButton	references/sc2-build-96883-casc-export/mods/starcoop/starcoop.sc2mod/base.sc2data/gamedata/buttondata.xml	D:\MyWork\新建文件夹\mom.report.client\src\MyMod\crys_the_swarm_reborn.SC2Mod\原始mod\Mods\XM\XMFinal.SC2Mod\Base.SC2Data\GameData\ButtonData.xml	skipped_existing
button	GlialReconstitutionPassive	CButton	references/sc2-build-96883-casc-export/mods/starcoop/starcoop.sc2mod/base.sc2data/gamedata/buttondata.xml	D:\MyWork\新建文件夹\mom.report.client\src\MyMod\crys_the_swarm_reborn.SC2Mod\原始mod\Mods\XM\XMFinal.SC2Mod\Base.SC2Data\GameData\ButtonData.xml	skipped_existing
button	GravitonBeam	CButton	references/sc2-build-96883-casc-export/mods/starcoop/starcoop.sc2mod/base.sc2data/gamedata/buttondata.xml	D:\MyWork\新建文件夹\mom.report.client\src\MyMod\crys_the_swarm_reborn.SC2Mod\原始mod\Mods\XM\XMFinal.SC2Mod\Base.SC2Data\GameData\ButtonData.xml	skipped_existing
button	GuardianAttackRangeIncrease	CButton	references/sc2-build-96883-casc-export/mods/starcoop/starcoop.sc2mod/base.sc2data/gamedata/buttondata.xml	D:\MyWork\新建文件夹\mom.report.client\src\MyMod\crys_the_swarm_reborn.SC2Mod\原始mod\Mods\XM\XMFinal.SC2Mod\Base.SC2Data\GameData\ButtonData.xml	skipped_existing
button	HatcheryStetmann	CButton	references/sc2-build-96883-casc-export/mods/starcoop/commanders/egonstetmann.sc2mod/base.sc2data/gamedata/buttondata.xml	D:\MyWork\新建文件夹\mom.report.client\src\MyMod\crys_the_swarm_reborn.SC2Mod\原始mod\Mods\XM\XMFinal.SC2Mod\Base.SC2Data\GameData\ButtonData.xml	skipped_existing
button	HaveBarrier	CButton	references/sc2-build-96883-casc-export/mods/starcoop/starcoop.sc2mod/base.sc2data/gamedata/buttondata.xml	D:\MyWork\新建文件夹\mom.report.client\src\MyMod\crys_the_swarm_reborn.SC2Mod\原始mod\Mods\XM\XMFinal.SC2Mod\Base.SC2Data\GameData\ButtonData.xml	skipped_existing
button	HaveCentrificalHooks	CButton	references/sc2-build-96883-casc-export/mods/starcoop/starcoop.sc2mod/base.sc2data/gamedata/buttondata.xml	D:\MyWork\新建文件夹\mom.report.client\src\MyMod\crys_the_swarm_reborn.SC2Mod\原始mod\Mods\XM\XMFinal.SC2Mod\Base.SC2Data\GameData\ButtonData.xml	skipped_existing
button	HaveChitinousPlating	CButton	references/sc2-build-96883-casc-export/mods/starcoop/starcoop.sc2mod/base.sc2data/gamedata/buttondata.xml	D:\MyWork\新建文件夹\mom.report.client\src\MyMod\crys_the_swarm_reborn.SC2Mod\原始mod\Mods\XM\XMFinal.SC2Mod\Base.SC2Data\GameData\ButtonData.xml	skipped_existing
button	HaveFenixScoutWeaponRange	CButton	references/sc2-build-96883-casc-export/mods/starcoop/starcoop.sc2mod/base.sc2data/gamedata/buttondata.xml	D:\MyWork\新建文件夹\mom.report.client\src\MyMod\crys_the_swarm_reborn.SC2Mod\原始mod\Mods\XM\XMFinal.SC2Mod\Base.SC2Data\GameData\ButtonData.xml	skipped_existing
button	HaveGraviticBoosters	CButton	references/sc2-build-96883-casc-export/mods/starcoop/starcoop.sc2mod/base.sc2data/gamedata/buttondata.xml	D:\MyWork\新建文件夹\mom.report.client\src\MyMod\crys_the_swarm_reborn.SC2Mod\原始mod\Mods\XM\XMFinal.SC2Mod\Base.SC2Data\GameData\ButtonData.xml	skipped_existing
button	HaveOracleStasisWardUpgrade	CButton	references/sc2-build-96883-casc-export/mods/starcoop/starcoop.sc2mod/base.sc2data/gamedata/buttondata.xml	D:\MyWork\新建文件夹\mom.report.client\src\MyMod\crys_the_swarm_reborn.SC2Mod\原始mod\Mods\XM\XMFinal.SC2Mod\Base.SC2Data\GameData\ButtonData.xml	skipped_existing
button	HaveScourgeGasCostReduction	CButton	references/sc2-build-96883-casc-export/mods/starcoop/starcoop.sc2mod/base.sc2data/gamedata/buttondata.xml	D:\MyWork\新建文件夹\mom.report.client\src\MyMod\crys_the_swarm_reborn.SC2Mod\原始mod\Mods\XM\XMFinal.SC2Mod\Base.SC2Data\GameData\ButtonData.xml	skipped_existing
button	HaveShieldWall	CButton	references/sc2-build-96883-casc-export/mods/starcoop/starcoop.sc2mod/base.sc2data/gamedata/buttondata.xml	D:\MyWork\新建文件夹\mom.report.client\src\MyMod\crys_the_swarm_reborn.SC2Mod\原始mod\Mods\XM\XMFinal.SC2Mod\Base.SC2Data\GameData\ButtonData.xml	skipped_existing
button	HaveZeratulImmortalImprovedBarrier	CButton	references/sc2-build-96883-casc-export/mods/starcoop/starcoop.sc2mod/base.sc2data/gamedata/commanders/futurecommanders.xml	D:\MyWork\新建文件夹\mom.report.client\src\MyMod\crys_the_swarm_reborn.SC2Mod\原始mod\Mods\XM\XMFinal.SC2Mod\Base.SC2Data\GameData\ButtonData.xml	added_or_newer_duplicate
button	HaveZeratulImmortalRange	CButton	references/sc2-build-96883-casc-export/mods/starcoop/starcoop.sc2mod/base.sc2data/gamedata/commanders/futurecommanders.xml	D:\MyWork\新建文件夹\mom.report.client\src\MyMod\crys_the_swarm_reborn.SC2Mod\原始mod\Mods\XM\XMFinal.SC2Mod\Base.SC2Data\GameData\ButtonData.xml	added_or_newer_duplicate
button	HavocPermanentCloak	CButton	references/sc2-build-96883-casc-export/mods/starcoop/starcoop.sc2mod/base.sc2data/gamedata/buttondata.xml	D:\MyWork\新建文件夹\mom.report.client\src\MyMod\crys_the_swarm_reborn.SC2Mod\原始mod\Mods\XM\XMFinal.SC2Mod\Base.SC2Data\GameData\ButtonData.xml	skipped_existing
button	HealMengsk	CButton	references/sc2-build-96883-casc-export/mods/starcoop/commanders/arcturusmengsk.sc2mod/base.sc2data/gamedata/buttondata.xml	D:\MyWork\新建文件夹\mom.report.client\src\MyMod\crys_the_swarm_reborn.SC2Mod\原始mod\Mods\XM\XMFinal.SC2Mod\Base.SC2Data\GameData\ButtonData.xml	skipped_existing
button	HellArmor	CButton	references/sc2-build-96883-casc-export/mods/starcoop/starcoop.sc2mod/base.sc2data/gamedata/buttondata.xml	D:\MyWork\新建文件夹\mom.report.client\src\MyMod\crys_the_swarm_reborn.SC2Mod\原始mod\Mods\XM\XMFinal.SC2Mod\Base.SC2Data\GameData\ButtonData.xml	skipped_existing
button	HellbatJumpJetAssault	CButton	references/sc2-build-96883-casc-export/mods/starcoop/starcoop.sc2mod/base.sc2data/gamedata/buttondata.xml	D:\MyWork\新建文件夹\mom.report.client\src\MyMod\crys_the_swarm_reborn.SC2Mod\原始mod\Mods\XM\XMFinal.SC2Mod\Base.SC2Data\GameData\ButtonData.xml	skipped_existing
button	HighTemplarEnergyUpgrade	CButton	references/sc2-build-96883-casc-export/mods/starcoop/starcoop.sc2mod/base.sc2data/gamedata/buttondata.xml	D:\MyWork\新建文件夹\mom.report.client\src\MyMod\crys_the_swarm_reborn.SC2Mod\原始mod\Mods\XM\XMFinal.SC2Mod\Base.SC2Data\GameData\ButtonData.xml	skipped_existing
button	HydraliskDenStetmann	CButton	references/sc2-build-96883-casc-export/mods/starcoop/commanders/egonstetmann.sc2mod/base.sc2data/gamedata/buttondata.xml	D:\MyWork\新建文件夹\mom.report.client\src\MyMod\crys_the_swarm_reborn.SC2Mod\原始mod\Mods\XM\XMFinal.SC2Mod\Base.SC2Data\GameData\ButtonData.xml	skipped_existing
button	HydraliskStetmannMissilePowerOff	CButton	references/sc2-build-96883-casc-export/mods/starcoop/commanders/egonstetmann.sc2mod/base.sc2data/gamedata/buttondata.xml	D:\MyWork\新建文件夹\mom.report.client\src\MyMod\crys_the_swarm_reborn.SC2Mod\原始mod\Mods\XM\XMFinal.SC2Mod\Base.SC2Data\GameData\ButtonData.xml	skipped_existing
button	HydraliskStetmannMissilePowerOn	CButton	references/sc2-build-96883-casc-export/mods/starcoop/commanders/egonstetmann.sc2mod/base.sc2data/gamedata/buttondata.xml	D:\MyWork\新建文件夹\mom.report.client\src\MyMod\crys_the_swarm_reborn.SC2Mod\原始mod\Mods\XM\XMFinal.SC2Mod\Base.SC2Data\GameData\ButtonData.xml	skipped_existing
button	HydraliskStetmannMovementSpeedPassive	CButton	references/sc2-build-96883-casc-export/mods/starcoop/commanders/egonstetmann.sc2mod/base.sc2data/gamedata/buttondata.xml	D:\MyWork\新建文件夹\mom.report.client\src\MyMod\crys_the_swarm_reborn.SC2Mod\原始mod\Mods\XM\XMFinal.SC2Mod\Base.SC2Data\GameData\ButtonData.xml	skipped_existing
button	HydraliskStetmannRangePassive	CButton	references/sc2-build-96883-casc-export/mods/starcoop/commanders/egonstetmann.sc2mod/base.sc2data/gamedata/buttondata.xml	D:\MyWork\新建文件夹\mom.report.client\src\MyMod\crys_the_swarm_reborn.SC2Mod\原始mod\Mods\XM\XMFinal.SC2Mod\Base.SC2Data\GameData\ButtonData.xml	skipped_existing
button	HydraliskStetmannScrapDrop	CButton	references/sc2-build-96883-casc-export/mods/starcoop/commanders/egonstetmann.sc2mod/base.sc2data/gamedata/buttondata.xml	D:\MyWork\新建文件夹\mom.report.client\src\MyMod\crys_the_swarm_reborn.SC2Mod\原始mod\Mods\XM\XMFinal.SC2Mod\Base.SC2Data\GameData\ButtonData.xml	skipped_existing
button	HyperjumpHercules	CButton	references/sc2-build-96883-casc-export/mods/starcoop/starcoop.sc2mod/base.sc2data/gamedata/buttondata.xml	D:\MyWork\新建文件夹\mom.report.client\src\MyMod\crys_the_swarm_reborn.SC2Mod\原始mod\Mods\XM\XMFinal.SC2Mod\Base.SC2Data\GameData\ButtonData.xml	skipped_existing
button	IgniteAfterburners	CButton	references/sc2-build-96883-casc-export/mods/starcoop/starcoop.sc2mod/base.sc2data/gamedata/buttondata.xml	D:\MyWork\新建文件夹\mom.report.client\src\MyMod\crys_the_swarm_reborn.SC2Mod\原始mod\Mods\XM\XMFinal.SC2Mod\Base.SC2Data\GameData\ButtonData.xml	skipped_existing
button	IgniteAfterburnersMengsk	CButton	references/sc2-build-96883-casc-export/mods/starcoop/commanders/arcturusmengsk.sc2mod/base.sc2data/gamedata/buttondata.xml	D:\MyWork\新建文件夹\mom.report.client\src\MyMod\crys_the_swarm_reborn.SC2Mod\原始mod\Mods\XM\XMFinal.SC2Mod\Base.SC2Data\GameData\ButtonData.xml	skipped_existing
button	ImmortalBarrierBase	CButton	references/sc2-build-96883-casc-export/mods/starcoop/starcoop.sc2mod/base.sc2data/gamedata/buttondata.xml	D:\MyWork\新建文件夹\mom.report.client\src\MyMod\crys_the_swarm_reborn.SC2Mod\原始mod\Mods\XM\XMFinal.SC2Mod\Base.SC2Data\GameData\ButtonData.xml	skipped_existing
button	ImprovedBurstLaser	CButton	references/sc2-build-96883-casc-export/mods/starcoop/starcoop.sc2mod/base.sc2data/gamedata/buttondata.xml	D:\MyWork\新建文件夹\mom.report.client\src\MyMod\crys_the_swarm_reborn.SC2Mod\原始mod\Mods\XM\XMFinal.SC2Mod\Base.SC2Data\GameData\ButtonData.xml	skipped_existing
button	ImprovedNanoRepair	CButton	references/sc2-build-96883-casc-export/mods/starcoop/starcoop.sc2mod/base.sc2data/gamedata/buttondata.xml	D:\MyWork\新建文件夹\mom.report.client\src\MyMod\crys_the_swarm_reborn.SC2Mod\原始mod\Mods\XM\XMFinal.SC2Mod\Base.SC2Data\GameData\ButtonData.xml	skipped_existing
button	InfestationPitStetmann	CButton	references/sc2-build-96883-casc-export/mods/starcoop/commanders/egonstetmann.sc2mod/base.sc2data/gamedata/buttondata.xml	D:\MyWork\新建文件夹\mom.report.client\src\MyMod\crys_the_swarm_reborn.SC2Mod\原始mod\Mods\XM\XMFinal.SC2Mod\Base.SC2Data\GameData\ButtonData.xml	skipped_existing
button	InfestedSiegeTankArmoredDamage	CButton	references/sc2-build-96883-casc-export/mods/starcoop/starcoop.sc2mod/base.sc2data/gamedata/buttondata.xml	D:\MyWork\新建文件夹\mom.report.client\src\MyMod\crys_the_swarm_reborn.SC2Mod\原始mod\Mods\XM\XMFinal.SC2Mod\Base.SC2Data\GameData\ButtonData.xml	skipped_existing
button	InfestorStetmannEggLaunch	CButton	references/sc2-build-96883-casc-export/mods/starcoop/commanders/egonstetmann.sc2mod/base.sc2data/gamedata/buttondata.xml	D:\MyWork\新建文件夹\mom.report.client\src\MyMod\crys_the_swarm_reborn.SC2Mod\原始mod\Mods\XM\XMFinal.SC2Mod\Base.SC2Data\GameData\ButtonData.xml	skipped_existing
button	InfestorStetmannHealingTentacle	CButton	references/sc2-build-96883-casc-export/mods/starcoop/commanders/egonstetmann.sc2mod/base.sc2data/gamedata/buttondata.xml	D:\MyWork\新建文件夹\mom.report.client\src\MyMod\crys_the_swarm_reborn.SC2Mod\原始mod\Mods\XM\XMFinal.SC2Mod\Base.SC2Data\GameData\ButtonData.xml	skipped_existing
button	InfestorStetmannInfestBuilding	CButton	references/sc2-build-96883-casc-export/mods/starcoop/commanders/egonstetmann.sc2mod/base.sc2data/gamedata/buttondata.xml	D:\MyWork\新建文件夹\mom.report.client\src\MyMod\crys_the_swarm_reborn.SC2Mod\原始mod\Mods\XM\XMFinal.SC2Mod\Base.SC2Data\GameData\ButtonData.xml	skipped_existing
button	InfestorStetmannScrapDrop	CButton	references/sc2-build-96883-casc-export/mods/starcoop/commanders/egonstetmann.sc2mod/base.sc2data/gamedata/buttondata.xml	D:\MyWork\新建文件夹\mom.report.client\src\MyMod\crys_the_swarm_reborn.SC2Mod\原始mod\Mods\XM\XMFinal.SC2Mod\Base.SC2Data\GameData\ButtonData.xml	skipped_existing
button	InstantHunterSeekerMissile	CButton	references/sc2-build-96883-casc-export/mods/starcoop/starcoop.sc2mod/base.sc2data/gamedata/buttondata.xml	D:\MyWork\新建文件夹\mom.report.client\src\MyMod\crys_the_swarm_reborn.SC2Mod\原始mod\Mods\XM\XMFinal.SC2Mod\Base.SC2Data\GameData\ButtonData.xml	skipped_existing
button	K5CooldownsLocked	CButton	references/sc2-build-96883-casc-export/mods/starcoop/starcoop.sc2mod/base.sc2data/gamedata/buttondata.xml	D:\MyWork\新建文件夹\mom.report.client\src\MyMod\crys_the_swarm_reborn.SC2Mod\原始mod\Mods\XM\XMFinal.SC2Mod\Base.SC2Data\GameData\ButtonData.xml	skipped_existing
button	KaraxEnergyRegenUpgrade	CButton	references/sc2-build-96883-casc-export/mods/starcoop/starcoop.sc2mod/base.sc2data/gamedata/buttondata.xml	D:\MyWork\新建文件夹\mom.report.client\src\MyMod\crys_the_swarm_reborn.SC2Mod\原始mod\Mods\XM\XMFinal.SC2Mod\Base.SC2Data\GameData\ButtonData.xml	skipped_existing
button	KerriganChainLightning	CButton	references/sc2-build-96883-casc-export/mods/starcoop/starcoop.sc2mod/base.sc2data/gamedata/buttondata.xml	D:\MyWork\新建文件夹\mom.report.client\src\MyMod\crys_the_swarm_reborn.SC2Mod\原始mod\Mods\XM\XMFinal.SC2Mod\Base.SC2Data\GameData\ButtonData.xml	skipped_existing
button	KerriganVoidCoopEconDrop	CButton	references/sc2-build-96883-casc-export/mods/starcoop/starcoop.sc2mod/base.sc2data/gamedata/buttondata.xml	D:\MyWork\新建文件夹\mom.report.client\src\MyMod\crys_the_swarm_reborn.SC2Mod\原始mod\Mods\XM\XMFinal.SC2Mod\Base.SC2Data\GameData\ButtonData.xml	skipped_existing
button	LearnDehakaConsume	CButton	references/sc2-build-96883-casc-export/mods/starcoop/starcoop.sc2mod/base.sc2data/gamedata/buttondata.xml	D:\MyWork\新建文件夹\mom.report.client\src\MyMod\crys_the_swarm_reborn.SC2Mod\原始mod\Mods\XM\XMFinal.SC2Mod\Base.SC2Data\GameData\ButtonData.xml	skipped_existing
button	LearnDehakaIntimidatingRoar	CButton	references/sc2-build-96883-casc-export/mods/starcoop/starcoop.sc2mod/base.sc2data/gamedata/buttondata.xml	D:\MyWork\新建文件夹\mom.report.client\src\MyMod\crys_the_swarm_reborn.SC2Mod\原始mod\Mods\XM\XMFinal.SC2Mod\Base.SC2Data\GameData\ButtonData.xml	skipped_existing
button	LearnDehakaLeapStomp	CButton	references/sc2-build-96883-casc-export/mods/starcoop/starcoop.sc2mod/base.sc2data/gamedata/buttondata.xml	D:\MyWork\新建文件夹\mom.report.client\src\MyMod\crys_the_swarm_reborn.SC2Mod\原始mod\Mods\XM\XMFinal.SC2Mod\Base.SC2Data\GameData\ButtonData.xml	skipped_existing
button	LearnDehakaMammothBreath	CButton	references/sc2-build-96883-casc-export/mods/starcoop/starcoop.sc2mod/base.sc2data/gamedata/buttondata.xml	D:\MyWork\新建文件夹\mom.report.client\src\MyMod\crys_the_swarm_reborn.SC2Mod\原始mod\Mods\XM\XMFinal.SC2Mod\Base.SC2Data\GameData\ButtonData.xml	skipped_existing
button	Liberator_BlackOpsMorphtoAG	CButton	references/sc2-build-96883-casc-export/mods/starcoop/starcoop.sc2mod/base.sc2data/gamedata/buttondata.xml	D:\MyWork\新建文件夹\mom.report.client\src\MyMod\crys_the_swarm_reborn.SC2Mod\原始mod\Mods\XM\XMFinal.SC2Mod\Base.SC2Data\GameData\ButtonData.xml	skipped_existing
button	LiberatorStructureAttack	CButton	references/sc2-build-96883-casc-export/mods/starcoop/starcoop.sc2mod/base.sc2data/gamedata/buttondata.xml	D:\MyWork\新建文件夹\mom.report.client\src\MyMod\crys_the_swarm_reborn.SC2Mod\原始mod\Mods\XM\XMFinal.SC2Mod\Base.SC2Data\GameData\ButtonData.xml	skipped_existing
button	LockOnRangeUpgrade	CButton	references/sc2-build-96883-casc-export/mods/starcoop/starcoop.sc2mod/base.sc2data/gamedata/buttondata.xml	D:\MyWork\新建文件夹\mom.report.client\src\MyMod\crys_the_swarm_reborn.SC2Mod\原始mod\Mods\XM\XMFinal.SC2Mod\Base.SC2Data\GameData\ButtonData.xml	skipped_existing
button	LocustLaunch	CButton	references/sc2-build-96883-casc-export/mods/starcoop/starcoop.sc2mod/base.sc2data/gamedata/buttondata.xml	D:\MyWork\新建文件夹\mom.report.client\src\MyMod\crys_the_swarm_reborn.SC2Mod\原始mod\Mods\XM\XMFinal.SC2Mod\Base.SC2Data\GameData\ButtonData.xml	skipped_existing
button	LurkerStetmann	CButton	references/sc2-build-96883-casc-export/mods/starcoop/commanders/egonstetmann.sc2mod/base.sc2data/gamedata/buttondata.xml	D:\MyWork\新建文件夹\mom.report.client\src\MyMod\crys_the_swarm_reborn.SC2Mod\原始mod\Mods\XM\XMFinal.SC2Mod\Base.SC2Data\GameData\ButtonData.xml	skipped_existing
button	LurkerStetmannChannelingSpines	CButton	references/sc2-build-96883-casc-export/mods/starcoop/commanders/egonstetmann.sc2mod/base.sc2data/gamedata/buttondata.xml	D:\MyWork\新建文件夹\mom.report.client\src\MyMod\crys_the_swarm_reborn.SC2Mod\原始mod\Mods\XM\XMFinal.SC2Mod\Base.SC2Data\GameData\ButtonData.xml	skipped_existing
button	LurkerStetmannScrapDrop	CButton	references/sc2-build-96883-casc-export/mods/starcoop/commanders/egonstetmann.sc2mod/base.sc2data/gamedata/buttondata.xml	D:\MyWork\新建文件夹\mom.report.client\src\MyMod\crys_the_swarm_reborn.SC2Mod\原始mod\Mods\XM\XMFinal.SC2Mod\Base.SC2Data\GameData\ButtonData.xml	skipped_existing
button	LurkerStetmannTunnelingBurst	CButton	references/sc2-build-96883-casc-export/mods/starcoop/commanders/egonstetmann.sc2mod/base.sc2data/gamedata/buttondata.xml	D:\MyWork\新建文件夹\mom.report.client\src\MyMod\crys_the_swarm_reborn.SC2Mod\原始mod\Mods\XM\XMFinal.SC2Mod\Base.SC2Data\GameData\ButtonData.xml	skipped_existing
button	MaelstromRounds	CButton	references/sc2-build-96883-casc-export/mods/starcoop/starcoop.sc2mod/base.sc2data/gamedata/buttondata.xml	D:\MyWork\新建文件夹\mom.report.client\src\MyMod\crys_the_swarm_reborn.SC2Mod\原始mod\Mods\XM\XMFinal.SC2Mod\Base.SC2Data\GameData\ButtonData.xml	skipped_existing
button	MAFServosLiberator	CButton	references/sc2-build-96883-casc-export/mods/starcoop/starcoop.sc2mod/base.sc2data/gamedata/buttondata.xml	D:\MyWork\新建文件夹\mom.report.client\src\MyMod\crys_the_swarm_reborn.SC2Mod\原始mod\Mods\XM\XMFinal.SC2Mod\Base.SC2Data\GameData\ButtonData.xml	skipped_existing
button	MammothBreath	CButton	references/sc2-build-96883-casc-export/mods/starcoop/starcoop.sc2mod/base.sc2data/gamedata/buttondata.xml	D:\MyWork\新建文件夹\mom.report.client\src\MyMod\crys_the_swarm_reborn.SC2Mod\原始mod\Mods\XM\XMFinal.SC2Mod\Base.SC2Data\GameData\ButtonData.xml	skipped_existing
button	MarauderMengskAttackSpeedBoost	CButton	references/sc2-build-96883-casc-export/mods/starcoop/commanders/arcturusmengsk.sc2mod/base.sc2data/gamedata/buttondata.xml	D:\MyWork\新建文件夹\mom.report.client\src\MyMod\crys_the_swarm_reborn.SC2Mod\原始mod\Mods\XM\XMFinal.SC2Mod\Base.SC2Data\GameData\ButtonData.xml	skipped_existing
button	MarauderMengskImperialMandateGeneration	CButton	references/sc2-build-96883-casc-export/mods/starcoop/commanders/arcturusmengsk.sc2mod/base.sc2data/gamedata/buttondata.xml	D:\MyWork\新建文件夹\mom.report.client\src\MyMod\crys_the_swarm_reborn.SC2Mod\原始mod\Mods\XM\XMFinal.SC2Mod\Base.SC2Data\GameData\ButtonData.xml	skipped_existing
button	MarauderMengskShield	CButton	references/sc2-build-96883-casc-export/mods/starcoop/commanders/arcturusmengsk.sc2mod/base.sc2data/gamedata/buttondata.xml	D:\MyWork\新建文件夹\mom.report.client\src\MyMod\crys_the_swarm_reborn.SC2Mod\原始mod\Mods\XM\XMFinal.SC2Mod\Base.SC2Data\GameData\ButtonData.xml	skipped_existing
button	MarauderMengskSlow	CButton	references/sc2-build-96883-casc-export/mods/starcoop/commanders/arcturusmengsk.sc2mod/base.sc2data/gamedata/buttondata.xml	D:\MyWork\新建文件夹\mom.report.client\src\MyMod\crys_the_swarm_reborn.SC2Mod\原始mod\Mods\XM\XMFinal.SC2Mod\Base.SC2Data\GameData\ButtonData.xml	skipped_existing
button	MarauderMengskVeterancy	CButton	references/sc2-build-96883-casc-export/mods/starcoop/commanders/arcturusmengsk.sc2mod/base.sc2data/gamedata/buttondata.xml	D:\MyWork\新建文件夹\mom.report.client\src\MyMod\crys_the_swarm_reborn.SC2Mod\原始mod\Mods\XM\XMFinal.SC2Mod\Base.SC2Data\GameData\ButtonData.xml	skipped_existing
button	MarineSuperStimpack	CButton	references/sc2-build-96883-casc-export/mods/starcoop/starcoop.sc2mod/base.sc2data/gamedata/buttondata.xml	D:\MyWork\新建文件夹\mom.report.client\src\MyMod\crys_the_swarm_reborn.SC2Mod\原始mod\Mods\XM\XMFinal.SC2Mod\Base.SC2Data\GameData\ButtonData.xml	skipped_existing
button	MedicHealPlusMech	CButton	references/sc2-build-96883-casc-export/mods/starcoop/starcoop.sc2mod/base.sc2data/gamedata/buttondata.xml	D:\MyWork\新建文件夹\mom.report.client\src\MyMod\crys_the_swarm_reborn.SC2Mod\原始mod\Mods\XM\XMFinal.SC2Mod\Base.SC2Data\GameData\ButtonData.xml	skipped_existing
button	MedivacMengskDoubleHealBeam	CButton	references/sc2-build-96883-casc-export/mods/starcoop/commanders/arcturusmengsk.sc2mod/base.sc2data/gamedata/buttondata.xml	D:\MyWork\新建文件夹\mom.report.client\src\MyMod\crys_the_swarm_reborn.SC2Mod\原始mod\Mods\XM\XMFinal.SC2Mod\Base.SC2Data\GameData\ButtonData.xml	skipped_existing
button	MedivacMengskPermanentCloak	CButton	references/sc2-build-96883-casc-export/mods/starcoop/commanders/arcturusmengsk.sc2mod/base.sc2data/gamedata/buttondata.xml	D:\MyWork\新建文件夹\mom.report.client\src\MyMod\crys_the_swarm_reborn.SC2Mod\原始mod\Mods\XM\XMFinal.SC2Mod\Base.SC2Data\GameData\ButtonData.xml	skipped_existing
button	MedivacMengskSiegeTankAirlift	CButton	references/sc2-build-96883-casc-export/mods/starcoop/commanders/arcturusmengsk.sc2mod/base.sc2data/gamedata/buttondata.xml	D:\MyWork\新建文件夹\mom.report.client\src\MyMod\crys_the_swarm_reborn.SC2Mod\原始mod\Mods\XM\XMFinal.SC2Mod\Base.SC2Data\GameData\ButtonData.xml	skipped_existing
button	MedusasBladesLocked	CButton	references/sc2-build-96883-casc-export/mods/starcoop/starcoop.sc2mod/base.sc2data/gamedata/buttondata.xml	D:\MyWork\新建文件夹\mom.report.client\src\MyMod\crys_the_swarm_reborn.SC2Mod\原始mod\Mods\XM\XMFinal.SC2Mod\Base.SC2Data\GameData\ButtonData.xml	skipped_existing
button	MindBolt	CButton	references/sc2-build-96883-casc-export/mods/starcoop/starcoop.sc2mod/base.sc2data/gamedata/buttondata.xml	D:\MyWork\新建文件夹\mom.report.client\src\MyMod\crys_the_swarm_reborn.SC2Mod\原始mod\Mods\XM\XMFinal.SC2Mod\Base.SC2Data\GameData\ButtonData.xml	skipped_existing
button	MissileTurretMengsk	CButton	references/sc2-build-96883-casc-export/mods/starcoop/commanders/arcturusmengsk.sc2mod/base.sc2data/gamedata/buttondata.xml	D:\MyWork\新建文件夹\mom.report.client\src\MyMod\crys_the_swarm_reborn.SC2Mod\原始mod\Mods\XM\XMFinal.SC2Mod\Base.SC2Data\GameData\ButtonData.xml	skipped_existing
button	MorphtoDevourer	CButton	references/sc2-build-96883-casc-export/mods/starcoop/starcoop.sc2mod/base.sc2data/gamedata/buttondata.xml	D:\MyWork\新建文件夹\mom.report.client\src\MyMod\crys_the_swarm_reborn.SC2Mod\原始mod\Mods\XM\XMFinal.SC2Mod\Base.SC2Data\GameData\ButtonData.xml	skipped_existing
button	MorphToHellionBlackOps	CButton	references/sc2-build-96883-casc-export/mods/starcoop/starcoop.sc2mod/base.sc2data/gamedata/buttondata.xml	D:\MyWork\新建文件夹\mom.report.client\src\MyMod\crys_the_swarm_reborn.SC2Mod\原始mod\Mods\XM\XMFinal.SC2Mod\Base.SC2Data\GameData\ButtonData.xml	skipped_existing
button	MorphtoObserverSiege	CButton	references/sc2-build-96883-casc-export/mods/starcoop/starcoop.sc2mod/base.sc2data/gamedata/buttondata.xml	D:\MyWork\新建文件夹\mom.report.client\src\MyMod\crys_the_swarm_reborn.SC2Mod\原始mod\Mods\XM\XMFinal.SC2Mod\Base.SC2Data\GameData\ButtonData.xml	skipped_existing
button	MorphtoOverseerNormalStetmann	CButton	references/sc2-build-96883-casc-export/mods/starcoop/commanders/egonstetmann.sc2mod/base.sc2data/gamedata/buttondata.xml	D:\MyWork\新建文件夹\mom.report.client\src\MyMod\crys_the_swarm_reborn.SC2Mod\原始mod\Mods\XM\XMFinal.SC2Mod\Base.SC2Data\GameData\ButtonData.xml	skipped_existing
button	MorphtoOverseerSiegeStetmann	CButton	references/sc2-build-96883-casc-export/mods/starcoop/commanders/egonstetmann.sc2mod/base.sc2data/gamedata/buttondata.xml	D:\MyWork\新建文件夹\mom.report.client\src\MyMod\crys_the_swarm_reborn.SC2Mod\原始mod\Mods\XM\XMFinal.SC2Mod\Base.SC2Data\GameData\ButtonData.xml	skipped_existing
button	MorphtoRavenMengsk	CButton	references/sc2-build-96883-casc-export/mods/starcoop/commanders/arcturusmengsk.sc2mod/base.sc2data/gamedata/buttondata.xml	D:\MyWork\新建文件夹\mom.report.client\src\MyMod\crys_the_swarm_reborn.SC2Mod\原始mod\Mods\XM\XMFinal.SC2Mod\Base.SC2Data\GameData\ButtonData.xml	skipped_existing
button	MorphtoRavenMengskSieged	CButton	references/sc2-build-96883-casc-export/mods/starcoop/commanders/arcturusmengsk.sc2mod/base.sc2data/gamedata/buttondata.xml	D:\MyWork\新建文件夹\mom.report.client\src\MyMod\crys_the_swarm_reborn.SC2Mod\原始mod\Mods\XM\XMFinal.SC2Mod\Base.SC2Data\GameData\ButtonData.xml	skipped_existing
button	MorphToSuperGaryStetmann	CButton	references/sc2-build-96883-casc-export/mods/starcoop/commanders/egonstetmann.sc2mod/base.sc2data/gamedata/buttondata.xml	D:\MyWork\新建文件夹\mom.report.client\src\MyMod\crys_the_swarm_reborn.SC2Mod\原始mod\Mods\XM\XMFinal.SC2Mod\Base.SC2Data\GameData\ButtonData.xml	skipped_existing
button	MorphtoZeratulObserverSiege	CButton	references/sc2-build-96883-casc-export/mods/starcoop/starcoop.sc2mod/base.sc2data/gamedata/commanders/futurecommanders.xml	D:\MyWork\新建文件夹\mom.report.client\src\MyMod\crys_the_swarm_reborn.SC2Mod\原始mod\Mods\XM\XMFinal.SC2Mod\Base.SC2Data\GameData\ButtonData.xml	added_or_newer_duplicate
button	MurvarPukeCoop	CButton	references/sc2-build-96883-casc-export/mods/starcoop/starcoop.sc2mod/base.sc2data/gamedata/buttondata.xml	D:\MyWork\新建文件夹\mom.report.client\src\MyMod\crys_the_swarm_reborn.SC2Mod\原始mod\Mods\XM\XMFinal.SC2Mod\Base.SC2Data\GameData\ButtonData.xml	skipped_existing
button	MuscularAugmentsCoop	CButton	references/sc2-build-96883-casc-export/mods/starcoop/starcoop.sc2mod/base.sc2data/gamedata/buttondata.xml	D:\MyWork\新建文件夹\mom.report.client\src\MyMod\crys_the_swarm_reborn.SC2Mod\原始mod\Mods\XM\XMFinal.SC2Mod\Base.SC2Data\GameData\ButtonData.xml	skipped_existing
button	NanoRepair	CButton	references/sc2-build-96883-casc-export/mods/starcoop/starcoop.sc2mod/base.sc2data/gamedata/buttondata.xml	D:\MyWork\新建文件夹\mom.report.client\src\MyMod\crys_the_swarm_reborn.SC2Mod\原始mod\Mods\XM\XMFinal.SC2Mod\Base.SC2Data\GameData\ButtonData.xml	skipped_existing
button	NovaUnitLockdown	CButton	references/sc2-build-96883-casc-export/mods/starcoop/starcoop.sc2mod/base.sc2data/gamedata/buttondata.xml	D:\MyWork\新建文件夹\mom.report.client\src\MyMod\crys_the_swarm_reborn.SC2Mod\原始mod\Mods\XM\XMFinal.SC2Mod\Base.SC2Data\GameData\ButtonData.xml	skipped_existing
button	NukeCalldownMengsk	CButton	references/sc2-build-96883-casc-export/mods/starcoop/commanders/arcturusmengsk.sc2mod/base.sc2data/gamedata/buttondata.xml	D:\MyWork\新建文件夹\mom.report.client\src\MyMod\crys_the_swarm_reborn.SC2Mod\原始mod\Mods\XM\XMFinal.SC2Mod\Base.SC2Data\GameData\ButtonData.xml	skipped_existing
button	OracleBuildStasisTrap	CButton	references/sc2-build-96883-casc-export/mods/starcoop/starcoop.sc2mod/base.sc2data/gamedata/buttondata.xml	D:\MyWork\新建文件夹\mom.report.client\src\MyMod\crys_the_swarm_reborn.SC2Mod\原始mod\Mods\XM\XMFinal.SC2Mod\Base.SC2Data\GameData\ButtonData.xml	skipped_existing
button	OverlordStetmannSpeed	CButton	references/sc2-build-96883-casc-export/mods/starcoop/commanders/egonstetmann.sc2mod/base.sc2data/gamedata/buttondata.xml	D:\MyWork\新建文件夹\mom.report.client\src\MyMod\crys_the_swarm_reborn.SC2Mod\原始mod\Mods\XM\XMFinal.SC2Mod\Base.SC2Data\GameData\ButtonData.xml	skipped_existing
button	PassiveInfernalPreIgniter	CButton	references/sc2-build-96883-casc-export/mods/starcoop/starcoop.sc2mod/base.sc2data/gamedata/buttondata.xml	D:\MyWork\新建文件夹\mom.report.client\src\MyMod\crys_the_swarm_reborn.SC2Mod\原始mod\Mods\XM\XMFinal.SC2Mod\Base.SC2Data\GameData\ButtonData.xml	skipped_existing
button	PermanentlyCloakedCorsair	CButton	references/sc2-build-96883-casc-export/mods/starcoop/starcoop.sc2mod/base.sc2data/gamedata/buttondata.xml	D:\MyWork\新建文件夹\mom.report.client\src\MyMod\crys_the_swarm_reborn.SC2Mod\原始mod\Mods\XM\XMFinal.SC2Mod\Base.SC2Data\GameData\ButtonData.xml	skipped_existing
button	PermanentlyCloakedOracle	CButton	references/sc2-build-96883-casc-export/mods/starcoop/starcoop.sc2mod/base.sc2data/gamedata/buttondata.xml	D:\MyWork\新建文件夹\mom.report.client\src\MyMod\crys_the_swarm_reborn.SC2Mod\原始mod\Mods\XM\XMFinal.SC2Mod\Base.SC2Data\GameData\ButtonData.xml	skipped_existing
button	PermanentlyCloakedZeratulObserver	CButton	references/sc2-build-96883-casc-export/mods/starcoop/starcoop.sc2mod/base.sc2data/gamedata/commanders/futurecommanders.xml	D:\MyWork\新建文件夹\mom.report.client\src\MyMod\crys_the_swarm_reborn.SC2Mod\原始mod\Mods\XM\XMFinal.SC2Mod\Base.SC2Data\GameData\ButtonData.xml	added_or_newer_duplicate
button	PHSupplicantShieldArmor	CButton	references/sc2-build-96883-casc-export/mods/starcoop/starcoop.sc2mod/base.sc2data/gamedata/buttondata.xml	D:\MyWork\新建文件夹\mom.report.client\src\MyMod\crys_the_swarm_reborn.SC2Mod\原始mod\Mods\XM\XMFinal.SC2Mod\Base.SC2Data\GameData\ButtonData.xml	skipped_existing
button	PowerFieldSuperGaryStetmannEnergy	CButton	references/sc2-build-96883-casc-export/mods/starcoop/commanders/egonstetmann.sc2mod/base.sc2data/gamedata/buttondata.xml	D:\MyWork\新建文件夹\mom.report.client\src\MyMod\crys_the_swarm_reborn.SC2Mod\原始mod\Mods\XM\XMFinal.SC2Mod\Base.SC2Data\GameData\ButtonData.xml	skipped_existing
button	PowerTowerOverchargeStetmannEnergy	CButton	references/sc2-build-96883-casc-export/mods/starcoop/commanders/egonstetmann.sc2mod/base.sc2data/gamedata/buttondata.xml	D:\MyWork\新建文件夹\mom.report.client\src\MyMod\crys_the_swarm_reborn.SC2Mod\原始mod\Mods\XM\XMFinal.SC2Mod\Base.SC2Data\GameData\ButtonData.xml	skipped_existing
button	PredictiveBlinkPassive	CButton	references/sc2-build-96883-casc-export/mods/starcoop/starcoop.sc2mod/base.sc2data/gamedata/commanders/futurecommanders.xml	D:\MyWork\新建文件夹\mom.report.client\src\MyMod\crys_the_swarm_reborn.SC2Mod\原始mod\Mods\XM\XMFinal.SC2Mod\Base.SC2Data\GameData\ButtonData.xml	added_or_newer_duplicate
button	PrimalCombatPrimalCreeperHostLocked	CButton	references/sc2-build-96883-casc-export/mods/starcoop/starcoop.sc2mod/base.sc2data/gamedata/buttondata.xml	D:\MyWork\新建文件夹\mom.report.client\src\MyMod\crys_the_swarm_reborn.SC2Mod\原始mod\Mods\XM\XMFinal.SC2Mod\Base.SC2Data\GameData\ButtonData.xml	skipped_existing
button	PrimalCombatPrimalGuardianLocked	CButton	references/sc2-build-96883-casc-export/mods/starcoop/starcoop.sc2mod/base.sc2data/gamedata/buttondata.xml	D:\MyWork\新建文件夹\mom.report.client\src\MyMod\crys_the_swarm_reborn.SC2Mod\原始mod\Mods\XM\XMFinal.SC2Mod\Base.SC2Data\GameData\ButtonData.xml	skipped_existing
button	PrimalCombatPrimalIgniterLocked	CButton	references/sc2-build-96883-casc-export/mods/starcoop/starcoop.sc2mod/base.sc2data/gamedata/buttondata.xml	D:\MyWork\新建文件夹\mom.report.client\src\MyMod\crys_the_swarm_reborn.SC2Mod\原始mod\Mods\XM\XMFinal.SC2Mod\Base.SC2Data\GameData\ButtonData.xml	skipped_existing
button	PrimalCombatPrimalImpalerLocked	CButton	references/sc2-build-96883-casc-export/mods/starcoop/starcoop.sc2mod/base.sc2data/gamedata/buttondata.xml	D:\MyWork\新建文件夹\mom.report.client\src\MyMod\crys_the_swarm_reborn.SC2Mod\原始mod\Mods\XM\XMFinal.SC2Mod\Base.SC2Data\GameData\ButtonData.xml	skipped_existing
button	PrimalCombatPrimalMutaliskLocked	CButton	references/sc2-build-96883-casc-export/mods/starcoop/starcoop.sc2mod/base.sc2data/gamedata/buttondata.xml	D:\MyWork\新建文件夹\mom.report.client\src\MyMod\crys_the_swarm_reborn.SC2Mod\原始mod\Mods\XM\XMFinal.SC2Mod\Base.SC2Data\GameData\ButtonData.xml	skipped_existing
button	PrimalCombatRavasaurLocked	CButton	references/sc2-build-96883-casc-export/mods/starcoop/starcoop.sc2mod/base.sc2data/gamedata/buttondata.xml	D:\MyWork\新建文件夹\mom.report.client\src\MyMod\crys_the_swarm_reborn.SC2Mod\原始mod\Mods\XM\XMFinal.SC2Mod\Base.SC2Data\GameData\ButtonData.xml	skipped_existing
button	PrimalCombatTyrannozorLocked	CButton	references/sc2-build-96883-casc-export/mods/starcoop/starcoop.sc2mod/base.sc2data/gamedata/buttondata.xml	D:\MyWork\新建文件夹\mom.report.client\src\MyMod\crys_the_swarm_reborn.SC2Mod\原始mod\Mods\XM\XMFinal.SC2Mod\Base.SC2Data\GameData\ButtonData.xml	skipped_existing
button	PrimalSlash	CButton	references/sc2-build-96883-casc-export/mods/starcoop/starcoop.sc2mod/base.sc2data/gamedata/buttondata.xml	D:\MyWork\新建文件夹\mom.report.client\src\MyMod\crys_the_swarm_reborn.SC2Mod\原始mod\Mods\XM\XMFinal.SC2Mod\Base.SC2Data\GameData\ButtonData.xml	skipped_existing
button	PropagandaBlastMengsk	CButton	references/sc2-build-96883-casc-export/mods/starcoop/commanders/arcturusmengsk.sc2mod/base.sc2data/gamedata/buttondata.xml	D:\MyWork\新建文件夹\mom.report.client\src\MyMod\crys_the_swarm_reborn.SC2Mod\原始mod\Mods\XM\XMFinal.SC2Mod\Base.SC2Data\GameData\ButtonData.xml	skipped_existing
button	PsionicLift	CButton	references/sc2-build-96883-casc-export/mods/starcoop/starcoop.sc2mod/base.sc2data/gamedata/buttondata.xml	D:\MyWork\新建文件夹\mom.report.client\src\MyMod\crys_the_swarm_reborn.SC2Mod\原始mod\Mods\XM\XMFinal.SC2Mod\Base.SC2Data\GameData\ButtonData.xml	skipped_existing
button	PsionicStormLocked	CButton	references/sc2-build-96883-casc-export/mods/starcoop/starcoop.sc2mod/base.sc2data/gamedata/buttondata.xml	D:\MyWork\新建文件夹\mom.report.client\src\MyMod\crys_the_swarm_reborn.SC2Mod\原始mod\Mods\XM\XMFinal.SC2Mod\Base.SC2Data\GameData\ButtonData.xml	skipped_existing
button	PsiStorm	CButton	references/sc2-build-96883-casc-export/mods/starcoop/starcoop.sc2mod/base.sc2data/gamedata/buttondata.xml	D:\MyWork\新建文件夹\mom.report.client\src\MyMod\crys_the_swarm_reborn.SC2Mod\原始mod\Mods\XM\XMFinal.SC2Mod\Base.SC2Data\GameData\ButtonData.xml	skipped_existing
button	PsiStrike	CButton	references/sc2-build-96883-casc-export/mods/starcoop/starcoop.sc2mod/base.sc2data/gamedata/buttondata.xml	D:\MyWork\新建文件夹\mom.report.client\src\MyMod\crys_the_swarm_reborn.SC2Mod\原始mod\Mods\XM\XMFinal.SC2Mod\Base.SC2Data\GameData\ButtonData.xml	skipped_existing
button	RapidDeploymentHercules	CButton	references/sc2-build-96883-casc-export/mods/starcoop/starcoop.sc2mod/base.sc2data/gamedata/buttondata.xml	D:\MyWork\新建文件夹\mom.report.client\src\MyMod\crys_the_swarm_reborn.SC2Mod\原始mod\Mods\XM\XMFinal.SC2Mod\Base.SC2Data\GameData\ButtonData.xml	skipped_existing
button	RavagerAbathurCorrosiveBile	CButton	references/sc2-build-96883-casc-export/mods/starcoop/starcoop.sc2mod/base.sc2data/gamedata/buttondata.xml	D:\MyWork\新建文件夹\mom.report.client\src\MyMod\crys_the_swarm_reborn.SC2Mod\原始mod\Mods\XM\XMFinal.SC2Mod\Base.SC2Data\GameData\ButtonData.xml	skipped_existing
button	RavagerStetmannCorrosiveBile	CButton	references/sc2-build-96883-casc-export/mods/starcoop/commanders/egonstetmann.sc2mod/base.sc2data/gamedata/buttondata.xml	D:\MyWork\新建文件夹\mom.report.client\src\MyMod\crys_the_swarm_reborn.SC2Mod\原始mod\Mods\XM\XMFinal.SC2Mod\Base.SC2Data\GameData\ButtonData.xml	skipped_existing
button	RavenBioMechanicalRepairDroneCloakedHealBeam	CButton	references/sc2-build-96883-casc-export/mods/starcoop/starcoop.sc2mod/base.sc2data/gamedata/buttondata.xml	D:\MyWork\新建文件夹\mom.report.client\src\MyMod\crys_the_swarm_reborn.SC2Mod\原始mod\Mods\XM\XMFinal.SC2Mod\Base.SC2Data\GameData\ButtonData.xml	skipped_existing
button	ReclamationLocked	CButton	references/sc2-build-96883-casc-export/mods/starcoop/starcoop.sc2mod/base.sc2data/gamedata/buttondata.xml	D:\MyWork\新建文件夹\mom.report.client\src\MyMod\crys_the_swarm_reborn.SC2Mod\原始mod\Mods\XM\XMFinal.SC2Mod\Base.SC2Data\GameData\ButtonData.xml	skipped_existing
button	ReconstructionLocked	CButton	references/sc2-build-96883-casc-export/mods/starcoop/starcoop.sc2mod/base.sc2data/gamedata/buttondata.xml	D:\MyWork\新建文件夹\mom.report.client\src\MyMod\crys_the_swarm_reborn.SC2Mod\原始mod\Mods\XM\XMFinal.SC2Mod\Base.SC2Data\GameData\ButtonData.xml	skipped_existing
button	RefineryMengsk	CButton	references/sc2-build-96883-casc-export/mods/starcoop/commanders/arcturusmengsk.sc2mod/base.sc2data/gamedata/buttondata.xml	D:\MyWork\新建文件夹\mom.report.client\src\MyMod\crys_the_swarm_reborn.SC2Mod\原始mod\Mods\XM\XMFinal.SC2Mod\Base.SC2Data\GameData\ButtonData.xml	skipped_existing
button	ResearchAlarakHighTemplarPsionicOrbTravelDistancePassive	CButton	references/sc2-build-96883-casc-export/mods/starcoop/starcoop.sc2mod/base.sc2data/gamedata/buttondata.xml	D:\MyWork\新建文件夹\mom.report.client\src\MyMod\crys_the_swarm_reborn.SC2Mod\原始mod\Mods\XM\XMFinal.SC2Mod\Base.SC2Data\GameData\ButtonData.xml	skipped_existing
button	RoachStetmannRapidRegeneration	CButton	references/sc2-build-96883-casc-export/mods/starcoop/commanders/egonstetmann.sc2mod/base.sc2data/gamedata/buttondata.xml	D:\MyWork\新建文件夹\mom.report.client\src\MyMod\crys_the_swarm_reborn.SC2Mod\原始mod\Mods\XM\XMFinal.SC2Mod\Base.SC2Data\GameData\ButtonData.xml	skipped_existing
button	ScourgeSplashDamagePassive	CButton	references/sc2-build-96883-casc-export/mods/starcoop/starcoop.sc2mod/base.sc2data/gamedata/buttondata.xml	D:\MyWork\新建文件夹\mom.report.client\src\MyMod\crys_the_swarm_reborn.SC2Mod\原始mod\Mods\XM\XMFinal.SC2Mod\Base.SC2Data\GameData\ButtonData.xml	skipped_existing
button	SCVMengskAdvancedConstruction	CButton	references/sc2-build-96883-casc-export/mods/starcoop/commanders/arcturusmengsk.sc2mod/base.sc2data/gamedata/buttondata.xml	D:\MyWork\新建文件夹\mom.report.client\src\MyMod\crys_the_swarm_reborn.SC2Mod\原始mod\Mods\XM\XMFinal.SC2Mod\Base.SC2Data\GameData\ButtonData.xml	skipped_existing
button	SCVMengskEnlist	CButton	references/sc2-build-96883-casc-export/mods/starcoop/commanders/arcturusmengsk.sc2mod/base.sc2data/gamedata/buttondata.xml	D:\MyWork\新建文件夹\mom.report.client\src\MyMod\crys_the_swarm_reborn.SC2Mod\原始mod\Mods\XM\XMFinal.SC2Mod\Base.SC2Data\GameData\ButtonData.xml	skipped_existing
button	SensorTower	CButton	references/sc2-build-96883-casc-export/mods/starcoop/starcoop.sc2mod/base.sc2data/gamedata/buttondata.xml	D:\MyWork\新建文件夹\mom.report.client\src\MyMod\crys_the_swarm_reborn.SC2Mod\原始mod\Mods\XM\XMFinal.SC2Mod\Base.SC2Data\GameData\ButtonData.xml	skipped_existing
button	SeveringGlave	CButton	references/sc2-build-96883-casc-export/mods/starcoop/starcoop.sc2mod/base.sc2data/gamedata/buttondata.xml	D:\MyWork\新建文件夹\mom.report.client\src\MyMod\crys_the_swarm_reborn.SC2Mod\原始mod\Mods\XM\XMFinal.SC2Mod\Base.SC2Data\GameData\ButtonData.xml	skipped_existing
button	ShadowCannonLocked	CButton	references/sc2-build-96883-casc-export/mods/starcoop/starcoop.sc2mod/base.sc2data/gamedata/buttondata.xml	D:\MyWork\新建文件夹\mom.report.client\src\MyMod\crys_the_swarm_reborn.SC2Mod\原始mod\Mods\XM\XMFinal.SC2Mod\Base.SC2Data\GameData\ButtonData.xml	skipped_existing
button	ShadowDashLocked	CButton	references/sc2-build-96883-casc-export/mods/starcoop/starcoop.sc2mod/base.sc2data/gamedata/buttondata.xml	D:\MyWork\新建文件夹\mom.report.client\src\MyMod\crys_the_swarm_reborn.SC2Mod\原始mod\Mods\XM\XMFinal.SC2Mod\Base.SC2Data\GameData\ButtonData.xml	skipped_existing
button	SiegeModeMengsk	CButton	references/sc2-build-96883-casc-export/mods/starcoop/commanders/arcturusmengsk.sc2mod/base.sc2data/gamedata/buttondata.xml	D:\MyWork\新建文件夹\mom.report.client\src\MyMod\crys_the_swarm_reborn.SC2Mod\原始mod\Mods\XM\XMFinal.SC2Mod\Base.SC2Data\GameData\ButtonData.xml	skipped_existing
button	SiegeTank_BlackOpsSiege	CButton	references/sc2-build-96883-casc-export/mods/starcoop/starcoop.sc2mod/base.sc2data/gamedata/buttondata.xml	D:\MyWork\新建文件夹\mom.report.client\src\MyMod\crys_the_swarm_reborn.SC2Mod\原始mod\Mods\XM\XMFinal.SC2Mod\Base.SC2Data\GameData\ButtonData.xml	skipped_existing
button	SiegeTankMengskAirlift	CButton	references/sc2-build-96883-casc-export/mods/starcoop/commanders/arcturusmengsk.sc2mod/base.sc2data/gamedata/buttondata.xml	D:\MyWork\新建文件夹\mom.report.client\src\MyMod\crys_the_swarm_reborn.SC2Mod\原始mod\Mods\XM\XMFinal.SC2Mod\Base.SC2Data\GameData\ButtonData.xml	skipped_existing
button	SiegeTankMengskImperialMandateGeneration	CButton	references/sc2-build-96883-casc-export/mods/starcoop/commanders/arcturusmengsk.sc2mod/base.sc2data/gamedata/buttondata.xml	D:\MyWork\新建文件夹\mom.report.client\src\MyMod\crys_the_swarm_reborn.SC2Mod\原始mod\Mods\XM\XMFinal.SC2Mod\Base.SC2Data\GameData\ButtonData.xml	skipped_existing
button	SiegeTankMengskStun	CButton	references/sc2-build-96883-casc-export/mods/starcoop/commanders/arcturusmengsk.sc2mod/base.sc2data/gamedata/buttondata.xml	D:\MyWork\新建文件夹\mom.report.client\src\MyMod\crys_the_swarm_reborn.SC2Mod\原始mod\Mods\XM\XMFinal.SC2Mod\Base.SC2Data\GameData\ButtonData.xml	skipped_existing
button	SiegeTankMengskVeterancy	CButton	references/sc2-build-96883-casc-export/mods/starcoop/commanders/arcturusmengsk.sc2mod/base.sc2data/gamedata/buttondata.xml	D:\MyWork\新建文件夹\mom.report.client\src\MyMod\crys_the_swarm_reborn.SC2Mod\原始mod\Mods\XM\XMFinal.SC2Mod\Base.SC2Data\GameData\ButtonData.xml	skipped_existing
button	SIMarineTrooperImprovedRange	CButton	references/sc2-build-96883-casc-export/mods/starcoop/starcoop.sc2mod/base.sc2data/gamedata/buttondata.xml	D:\MyWork\新建文件夹\mom.report.client\src\MyMod\crys_the_swarm_reborn.SC2Mod\原始mod\Mods\XM\XMFinal.SC2Mod\Base.SC2Data\GameData\ButtonData.xml	skipped_existing
button	SIPlaguedMunitions	CButton	references/sc2-build-96883-casc-export/mods/starcoop/starcoop.sc2mod/base.sc2data/gamedata/buttondata.xml	D:\MyWork\新建文件夹\mom.report.client\src\MyMod\crys_the_swarm_reborn.SC2Mod\原始mod\Mods\XM\XMFinal.SC2Mod\Base.SC2Data\GameData\ButtonData.xml	skipped_existing
button	SlicingGlave	CButton	references/sc2-build-96883-casc-export/mods/starcoop/starcoop.sc2mod/base.sc2data/gamedata/buttondata.xml	D:\MyWork\新建文件夹\mom.report.client\src\MyMod\crys_the_swarm_reborn.SC2Mod\原始mod\Mods\XM\XMFinal.SC2Mod\Base.SC2Data\GameData\ButtonData.xml	skipped_existing
button	SpawningPoolStetmann	CButton	references/sc2-build-96883-casc-export/mods/starcoop/commanders/egonstetmann.sc2mod/base.sc2data/gamedata/buttondata.xml	D:\MyWork\新建文件夹\mom.report.client\src\MyMod\crys_the_swarm_reborn.SC2Mod\原始mod\Mods\XM\XMFinal.SC2Mod\Base.SC2Data\GameData\ButtonData.xml	skipped_existing
button	SpineCrawlerStetmann	CButton	references/sc2-build-96883-casc-export/mods/starcoop/commanders/egonstetmann.sc2mod/base.sc2data/gamedata/buttondata.xml	D:\MyWork\新建文件夹\mom.report.client\src\MyMod\crys_the_swarm_reborn.SC2Mod\原始mod\Mods\XM\XMFinal.SC2Mod\Base.SC2Data\GameData\ButtonData.xml	skipped_existing
button	SpireStetmann	CButton	references/sc2-build-96883-casc-export/mods/starcoop/commanders/egonstetmann.sc2mod/base.sc2data/gamedata/buttondata.xml	D:\MyWork\新建文件夹\mom.report.client\src\MyMod\crys_the_swarm_reborn.SC2Mod\原始mod\Mods\XM\XMFinal.SC2Mod\Base.SC2Data\GameData\ButtonData.xml	skipped_existing
button	SporeCrawlerStetmann	CButton	references/sc2-build-96883-casc-export/mods/starcoop/commanders/egonstetmann.sc2mod/base.sc2data/gamedata/buttondata.xml	D:\MyWork\新建文件夹\mom.report.client\src\MyMod\crys_the_swarm_reborn.SC2Mod\原始mod\Mods\XM\XMFinal.SC2Mod\Base.SC2Data\GameData\ButtonData.xml	skipped_existing
button	StarportMengsk	CButton	references/sc2-build-96883-casc-export/mods/starcoop/commanders/arcturusmengsk.sc2mod/base.sc2data/gamedata/buttondata.xml	D:\MyWork\新建文件夹\mom.report.client\src\MyMod\crys_the_swarm_reborn.SC2Mod\原始mod\Mods\XM\XMFinal.SC2Mod\Base.SC2Data\GameData\ButtonData.xml	skipped_existing
button	Stim	CButton	references/sc2-build-96883-casc-export/mods/starcoop/starcoop.sc2mod/base.sc2data/gamedata/buttondata.xml	D:\MyWork\新建文件夹\mom.report.client\src\MyMod\crys_the_swarm_reborn.SC2Mod\原始mod\Mods\XM\XMFinal.SC2Mod\Base.SC2Data\GameData\ButtonData.xml	skipped_existing
button	StimMarauder	CButton	references/sc2-build-96883-casc-export/mods/starcoop/starcoop.sc2mod/base.sc2data/gamedata/buttondata.xml	D:\MyWork\新建文件夹\mom.report.client\src\MyMod\crys_the_swarm_reborn.SC2Mod\原始mod\Mods\XM\XMFinal.SC2Mod\Base.SC2Data\GameData\ButtonData.xml	skipped_existing
button	StukovInfestedCivilianSpawnBroodlingsOnDeath	CButton	references/sc2-build-96883-casc-export/mods/starcoop/starcoop.sc2mod/base.sc2data/gamedata/buttondata.xml	D:\MyWork\新建文件夹\mom.report.client\src\MyMod\crys_the_swarm_reborn.SC2Mod\原始mod\Mods\XM\XMFinal.SC2Mod\Base.SC2Data\GameData\ButtonData.xml	skipped_existing
button	StukovInfestedInfestedCivilianLeap	CButton	references/sc2-build-96883-casc-export/mods/starcoop/starcoop.sc2mod/base.sc2data/gamedata/buttondata.xml	D:\MyWork\新建文件夹\mom.report.client\src\MyMod\crys_the_swarm_reborn.SC2Mod\原始mod\Mods\XM\XMFinal.SC2Mod\Base.SC2Data\GameData\ButtonData.xml	skipped_existing
button	StukovInfestedSiegeTankAmmo	CButton	references/sc2-build-96883-casc-export/mods/starcoop/starcoop.sc2mod/base.sc2data/gamedata/buttondata.xml	D:\MyWork\新建文件夹\mom.report.client\src\MyMod\crys_the_swarm_reborn.SC2Mod\原始mod\Mods\XM\XMFinal.SC2Mod\Base.SC2Data\GameData\ButtonData.xml	skipped_existing
button	StukovInfestedSiegeTankDeepTunnel	CButton	references/sc2-build-96883-casc-export/mods/starcoop/starcoop.sc2mod/base.sc2data/gamedata/buttondata.xml	D:\MyWork\新建文件夹\mom.report.client\src\MyMod\crys_the_swarm_reborn.SC2Mod\原始mod\Mods\XM\XMFinal.SC2Mod\Base.SC2Data\GameData\ButtonData.xml	skipped_existing
button	StukovInfestedSiegeTankUproot	CButton	references/sc2-build-96883-casc-export/mods/starcoop/starcoop.sc2mod/base.sc2data/gamedata/buttondata.xml	D:\MyWork\新建文件夹\mom.report.client\src\MyMod\crys_the_swarm_reborn.SC2Mod\原始mod\Mods\XM\XMFinal.SC2Mod\Base.SC2Data\GameData\ButtonData.xml	skipped_existing
button	StukovInfestedWildMutation	CButton	references/sc2-build-96883-casc-export/mods/starcoop/starcoop.sc2mod/base.sc2data/gamedata/buttondata.xml	D:\MyWork\新建文件夹\mom.report.client\src\MyMod\crys_the_swarm_reborn.SC2Mod\原始mod\Mods\XM\XMFinal.SC2Mod\Base.SC2Data\GameData\ButtonData.xml	skipped_existing
button	SuperConcussiveShells	CButton	references/sc2-build-96883-casc-export/mods/starcoop/starcoop.sc2mod/base.sc2data/gamedata/buttondata.xml	D:\MyWork\新建文件夹\mom.report.client\src\MyMod\crys_the_swarm_reborn.SC2Mod\原始mod\Mods\XM\XMFinal.SC2Mod\Base.SC2Data\GameData\ButtonData.xml	skipped_existing
button	SuperScience	CButton	references/sc2-build-96883-casc-export/mods/starcoop/starcoop.sc2mod/base.sc2data/gamedata/buttondata.xml	D:\MyWork\新建文件夹\mom.report.client\src\MyMod\crys_the_swarm_reborn.SC2Mod\原始mod\Mods\XM\XMFinal.SC2Mod\Base.SC2Data\GameData\ButtonData.xml	skipped_existing
button	SupplicantSacrificeCDRLocked	CButton	references/sc2-build-96883-casc-export/mods/starcoop/starcoop.sc2mod/base.sc2data/gamedata/buttondata.xml	D:\MyWork\新建文件夹\mom.report.client\src\MyMod\crys_the_swarm_reborn.SC2Mod\原始mod\Mods\XM\XMFinal.SC2Mod\Base.SC2Data\GameData\ButtonData.xml	skipped_existing
button	SwannBarracks	CButton	references/sc2-build-96883-casc-export/mods/starcoop/starcoop.sc2mod/base.sc2data/gamedata/buttondata.xml	D:\MyWork\新建文件夹\mom.report.client\src\MyMod\crys_the_swarm_reborn.SC2Mod\原始mod\Mods\XM\XMFinal.SC2Mod\Base.SC2Data\GameData\ButtonData.xml	skipped_existing
button	SymbioteCarapace	CButton	references/sc2-build-96883-casc-export/mods/starcoop/starcoop.sc2mod/base.sc2data/gamedata/buttondata.xml	D:\MyWork\新建文件夹\mom.report.client\src\MyMod\crys_the_swarm_reborn.SC2Mod\原始mod\Mods\XM\XMFinal.SC2Mod\Base.SC2Data\GameData\ButtonData.xml	skipped_existing
button	TaldarimWarpConduit	CButton	references/sc2-build-96883-casc-export/mods/starcoop/starcoop.sc2mod/base.sc2data/gamedata/buttondata.xml	D:\MyWork\新建文件夹\mom.report.client\src\MyMod\crys_the_swarm_reborn.SC2Mod\原始mod\Mods\XM\XMFinal.SC2Mod\Base.SC2Data\GameData\ButtonData.xml	skipped_existing
button	TerranBuild	CButton	references/sc2-build-96883-casc-export/mods/starcoop/starcoop.sc2mod/base.sc2data/gamedata/buttondata.xml	D:\MyWork\新建文件夹\mom.report.client\src\MyMod\crys_the_swarm_reborn.SC2Mod\原始mod\Mods\XM\XMFinal.SC2Mod\Base.SC2Data\GameData\ButtonData.xml	skipped_existing
button	TerranBuildAdvanced	CButton	references/sc2-build-96883-casc-export/mods/starcoop/starcoop.sc2mod/base.sc2data/gamedata/buttondata.xml	D:\MyWork\新建文件夹\mom.report.client\src\MyMod\crys_the_swarm_reborn.SC2Mod\原始mod\Mods\XM\XMFinal.SC2Mod\Base.SC2Data\GameData\ButtonData.xml	skipped_existing
button	ThorMengskArmorAura	CButton	references/sc2-build-96883-casc-export/mods/starcoop/commanders/arcturusmengsk.sc2mod/base.sc2data/gamedata/buttondata.xml	D:\MyWork\新建文件夹\mom.report.client\src\MyMod\crys_the_swarm_reborn.SC2Mod\原始mod\Mods\XM\XMFinal.SC2Mod\Base.SC2Data\GameData\ButtonData.xml	skipped_existing
button	ThorMengskImperialMandateGeneration	CButton	references/sc2-build-96883-casc-export/mods/starcoop/commanders/arcturusmengsk.sc2mod/base.sc2data/gamedata/buttondata.xml	D:\MyWork\新建文件夹\mom.report.client\src\MyMod\crys_the_swarm_reborn.SC2Mod\原始mod\Mods\XM\XMFinal.SC2Mod\Base.SC2Data\GameData\ButtonData.xml	skipped_existing
button	ThorMengskSiege	CButton	references/sc2-build-96883-casc-export/mods/starcoop/commanders/arcturusmengsk.sc2mod/base.sc2data/gamedata/buttondata.xml	D:\MyWork\新建文件夹\mom.report.client\src\MyMod\crys_the_swarm_reborn.SC2Mod\原始mod\Mods\XM\XMFinal.SC2Mod\Base.SC2Data\GameData\ButtonData.xml	skipped_existing
button	ThorMengskVeterancy	CButton	references/sc2-build-96883-casc-export/mods/starcoop/commanders/arcturusmengsk.sc2mod/base.sc2data/gamedata/buttondata.xml	D:\MyWork\新建文件夹\mom.report.client\src\MyMod\crys_the_swarm_reborn.SC2Mod\原始mod\Mods\XM\XMFinal.SC2Mod\Base.SC2Data\GameData\ButtonData.xml	skipped_existing
button	TrooperMengskBuild	CButton	references/sc2-build-96883-casc-export/mods/starcoop/commanders/arcturusmengsk.sc2mod/base.sc2data/gamedata/buttondata.xml	D:\MyWork\新建文件夹\mom.report.client\src\MyMod\crys_the_swarm_reborn.SC2Mod\原始mod\Mods\XM\XMFinal.SC2Mod\Base.SC2Data\GameData\ButtonData.xml	skipped_existing
button	TrooperMengskEnlist	CButton	references/sc2-build-96883-casc-export/mods/starcoop/commanders/arcturusmengsk.sc2mod/base.sc2data/gamedata/buttondata.xml	D:\MyWork\新建文件夹\mom.report.client\src\MyMod\crys_the_swarm_reborn.SC2Mod\原始mod\Mods\XM\XMFinal.SC2Mod\Base.SC2Data\GameData\ButtonData.xml	skipped_existing
button	TrooperMengskImperialMandateGeneration	CButton	references/sc2-build-96883-casc-export/mods/starcoop/commanders/arcturusmengsk.sc2mod/base.sc2data/gamedata/buttondata.xml	D:\MyWork\新建文件夹\mom.report.client\src\MyMod\crys_the_swarm_reborn.SC2Mod\原始mod\Mods\XM\XMFinal.SC2Mod\Base.SC2Data\GameData\ButtonData.xml	skipped_existing
button	TrooperMengskSpecializeAA	CButton	references/sc2-build-96883-casc-export/mods/starcoop/commanders/arcturusmengsk.sc2mod/base.sc2data/gamedata/buttondata.xml	D:\MyWork\新建文件夹\mom.report.client\src\MyMod\crys_the_swarm_reborn.SC2Mod\原始mod\Mods\XM\XMFinal.SC2Mod\Base.SC2Data\GameData\ButtonData.xml	skipped_existing
button	TrooperMengskSpecializeFlamethrower	CButton	references/sc2-build-96883-casc-export/mods/starcoop/commanders/arcturusmengsk.sc2mod/base.sc2data/gamedata/buttondata.xml	D:\MyWork\新建文件夹\mom.report.client\src\MyMod\crys_the_swarm_reborn.SC2Mod\原始mod\Mods\XM\XMFinal.SC2Mod\Base.SC2Data\GameData\ButtonData.xml	skipped_existing
button	TrooperMengskSpecializeImproved	CButton	references/sc2-build-96883-casc-export/mods/starcoop/commanders/arcturusmengsk.sc2mod/base.sc2data/gamedata/buttondata.xml	D:\MyWork\新建文件夹\mom.report.client\src\MyMod\crys_the_swarm_reborn.SC2Mod\原始mod\Mods\XM\XMFinal.SC2Mod\Base.SC2Data\GameData\ButtonData.xml	skipped_existing
button	TychusACBandofBrothers	CButton	references/sc2-build-96883-casc-export/mods/starcoop/starcoop.sc2mod/base.sc2data/gamedata/commanders/commandertychus.xml	D:\MyWork\新建文件夹\mom.report.client\src\MyMod\crys_the_swarm_reborn.SC2Mod\原始mod\Mods\XM\XMFinal.SC2Mod\Base.SC2Data\GameData\ButtonData.xml	added_or_newer_duplicate
button	TychusACImplosionGrenades	CButton	references/sc2-build-96883-casc-export/mods/starcoop/starcoop.sc2mod/base.sc2data/gamedata/commanders/commandertychus.xml	D:\MyWork\新建文件夹\mom.report.client\src\MyMod\crys_the_swarm_reborn.SC2Mod\原始mod\Mods\XM\XMFinal.SC2Mod\Base.SC2Data\GameData\ButtonData.xml	added_or_newer_duplicate
button	TychusACPiercingRounds	CButton	references/sc2-build-96883-casc-export/mods/starcoop/starcoop.sc2mod/base.sc2data/gamedata/commanders/commandertychus.xml	D:\MyWork\新建文件夹\mom.report.client\src\MyMod\crys_the_swarm_reborn.SC2Mod\原始mod\Mods\XM\XMFinal.SC2Mod\Base.SC2Data\GameData\ButtonData.xml	added_or_newer_duplicate
button	TychusACRageGrenades	CButton	references/sc2-build-96883-casc-export/mods/starcoop/starcoop.sc2mod/base.sc2data/gamedata/commanders/commandertychus.xml	D:\MyWork\新建文件夹\mom.report.client\src\MyMod\crys_the_swarm_reborn.SC2Mod\原始mod\Mods\XM\XMFinal.SC2Mod\Base.SC2Data\GameData\ButtonData.xml	added_or_newer_duplicate
button	TychusArmory	CButton	references/sc2-build-96883-casc-export/mods/starcoop/starcoop.sc2mod/base.sc2data/gamedata/commanders/commandertychus.xml	D:\MyWork\新建文件夹\mom.report.client\src\MyMod\crys_the_swarm_reborn.SC2Mod\原始mod\Mods\XM\XMFinal.SC2Mod\Base.SC2Data\GameData\ButtonData.xml	added_or_newer_duplicate
button	TychusCommandCenter	CButton	references/sc2-build-96883-casc-export/mods/starcoop/starcoop.sc2mod/base.sc2data/gamedata/commanders/commandertychus.xml	D:\MyWork\新建文件夹\mom.report.client\src\MyMod\crys_the_swarm_reborn.SC2Mod\原始mod\Mods\XM\XMFinal.SC2Mod\Base.SC2Data\GameData\ButtonData.xml	added_or_newer_duplicate
button	TychusEngineeringBay	CButton	references/sc2-build-96883-casc-export/mods/starcoop/starcoop.sc2mod/base.sc2data/gamedata/commanders/commandertychus.xml	D:\MyWork\新建文件夹\mom.report.client\src\MyMod\crys_the_swarm_reborn.SC2Mod\原始mod\Mods\XM\XMFinal.SC2Mod\Base.SC2Data\GameData\ButtonData.xml	added_or_newer_duplicate
button	TychusFirebatBlueFlameOil	CButton	references/sc2-build-96883-casc-export/mods/starcoop/starcoop.sc2mod/base.sc2data/gamedata/commanders/commandertychus.xml	D:\MyWork\新建文件夹\mom.report.client\src\MyMod\crys_the_swarm_reborn.SC2Mod\原始mod\Mods\XM\XMFinal.SC2Mod\Base.SC2Data\GameData\ButtonData.xml	added_or_newer_duplicate
button	TychusFirebatIncendiaryPetroleum	CButton	references/sc2-build-96883-casc-export/mods/starcoop/starcoop.sc2mod/base.sc2data/gamedata/commanders/commandertychus.xml	D:\MyWork\新建文件夹\mom.report.client\src\MyMod\crys_the_swarm_reborn.SC2Mod\原始mod\Mods\XM\XMFinal.SC2Mod\Base.SC2Data\GameData\ButtonData.xml	added_or_newer_duplicate
button	TychusFirebatOilBomb	CButton	references/sc2-build-96883-casc-export/mods/starcoop/starcoop.sc2mod/base.sc2data/gamedata/commanders/commandertychus.xml	D:\MyWork\新建文件夹\mom.report.client\src\MyMod\crys_the_swarm_reborn.SC2Mod\原始mod\Mods\XM\XMFinal.SC2Mod\Base.SC2Data\GameData\ButtonData.xml	added_or_newer_duplicate
button	TychusFirebatPremiumPetroleum	CButton	references/sc2-build-96883-casc-export/mods/starcoop/starcoop.sc2mod/base.sc2data/gamedata/commanders/commandertychus.xml	D:\MyWork\新建文件夹\mom.report.client\src\MyMod\crys_the_swarm_reborn.SC2Mod\原始mod\Mods\XM\XMFinal.SC2Mod\Base.SC2Data\GameData\ButtonData.xml	added_or_newer_duplicate
button	TychusFirebatShield	CButton	references/sc2-build-96883-casc-export/mods/starcoop/starcoop.sc2mod/base.sc2data/gamedata/commanders/commandertychus.xml	D:\MyWork\新建文件夹\mom.report.client\src\MyMod\crys_the_swarm_reborn.SC2Mod\原始mod\Mods\XM\XMFinal.SC2Mod\Base.SC2Data\GameData\ButtonData.xml	added_or_newer_duplicate
button	TychusGhostAcademy	CButton	references/sc2-build-96883-casc-export/mods/starcoop/starcoop.sc2mod/base.sc2data/gamedata/commanders/commandertychus.xml	D:\MyWork\新建文件夹\mom.report.client\src\MyMod\crys_the_swarm_reborn.SC2Mod\原始mod\Mods\XM\XMFinal.SC2Mod\Base.SC2Data\GameData\ButtonData.xml	added_or_newer_duplicate
button	TychusGhostConcentrationHelmet	CButton	references/sc2-build-96883-casc-export/mods/starcoop/starcoop.sc2mod/base.sc2data/gamedata/commanders/commandertychus.xml	D:\MyWork\新建文件夹\mom.report.client\src\MyMod\crys_the_swarm_reborn.SC2Mod\原始mod\Mods\XM\XMFinal.SC2Mod\Base.SC2Data\GameData\ButtonData.xml	added_or_newer_duplicate
button	TychusGhostConfusingDomination	CButton	references/sc2-build-96883-casc-export/mods/starcoop/starcoop.sc2mod/base.sc2data/gamedata/commanders/commandertychus.xml	D:\MyWork\新建文件夹\mom.report.client\src\MyMod\crys_the_swarm_reborn.SC2Mod\原始mod\Mods\XM\XMFinal.SC2Mod\Base.SC2Data\GameData\ButtonData.xml	added_or_newer_duplicate
button	TychusGhostDominate	CButton	references/sc2-build-96883-casc-export/mods/starcoop/starcoop.sc2mod/base.sc2data/gamedata/commanders/commandertychus.xml	D:\MyWork\新建文件夹\mom.report.client\src\MyMod\crys_the_swarm_reborn.SC2Mod\原始mod\Mods\XM\XMFinal.SC2Mod\Base.SC2Data\GameData\ButtonData.xml	added_or_newer_duplicate
button	TychusGhostDominateBuff	CButton	references/sc2-build-96883-casc-export/mods/starcoop/starcoop.sc2mod/base.sc2data/gamedata/commanders/commandertychus.xml	D:\MyWork\新建文件夹\mom.report.client\src\MyMod\crys_the_swarm_reborn.SC2Mod\原始mod\Mods\XM\XMFinal.SC2Mod\Base.SC2Data\GameData\ButtonData.xml	added_or_newer_duplicate
button	TychusGhostPsychicSnare	CButton	references/sc2-build-96883-casc-export/mods/starcoop/starcoop.sc2mod/base.sc2data/gamedata/commanders/commandertychus.xml	D:\MyWork\新建文件夹\mom.report.client\src\MyMod\crys_the_swarm_reborn.SC2Mod\原始mod\Mods\XM\XMFinal.SC2Mod\Base.SC2Data\GameData\ButtonData.xml	added_or_newer_duplicate
button	TychusHercCritLevels	CButton	references/sc2-build-96883-casc-export/mods/starcoop/starcoop.sc2mod/base.sc2data/gamedata/commanders/commandertychus.xml	D:\MyWork\新建文件夹\mom.report.client\src\MyMod\crys_the_swarm_reborn.SC2Mod\原始mod\Mods\XM\XMFinal.SC2Mod\Base.SC2Data\GameData\ButtonData.xml	added_or_newer_duplicate
button	TychusHercGrapple	CButton	references/sc2-build-96883-casc-export/mods/starcoop/starcoop.sc2mod/base.sc2data/gamedata/commanders/commandertychus.xml	D:\MyWork\新建文件夹\mom.report.client\src\MyMod\crys_the_swarm_reborn.SC2Mod\原始mod\Mods\XM\XMFinal.SC2Mod\Base.SC2Data\GameData\ButtonData.xml	added_or_newer_duplicate
button	TychusHercGrappleArmorLevels	CButton	references/sc2-build-96883-casc-export/mods/starcoop/starcoop.sc2mod/base.sc2data/gamedata/commanders/commandertychus.xml	D:\MyWork\新建文件夹\mom.report.client\src\MyMod\crys_the_swarm_reborn.SC2Mod\原始mod\Mods\XM\XMFinal.SC2Mod\Base.SC2Data\GameData\ButtonData.xml	added_or_newer_duplicate
button	TychusHercGrappleImpactsLevels	CButton	references/sc2-build-96883-casc-export/mods/starcoop/starcoop.sc2mod/base.sc2data/gamedata/commanders/commandertychus.xml	D:\MyWork\新建文件夹\mom.report.client\src\MyMod\crys_the_swarm_reborn.SC2Mod\原始mod\Mods\XM\XMFinal.SC2Mod\Base.SC2Data\GameData\ButtonData.xml	added_or_newer_duplicate
button	TychusHercRage	CButton	references/sc2-build-96883-casc-export/mods/starcoop/starcoop.sc2mod/base.sc2data/gamedata/commanders/commandertychus.xml	D:\MyWork\新建文件夹\mom.report.client\src\MyMod\crys_the_swarm_reborn.SC2Mod\原始mod\Mods\XM\XMFinal.SC2Mod\Base.SC2Data\GameData\ButtonData.xml	added_or_newer_duplicate
button	TychusHeroCommonAbil2	CButton	references/sc2-build-96883-casc-export/mods/starcoop/starcoop.sc2mod/base.sc2data/gamedata/commanders/commandertychus.xml	D:\MyWork\新建文件夹\mom.report.client\src\MyMod\crys_the_swarm_reborn.SC2Mod\原始mod\Mods\XM\XMFinal.SC2Mod\Base.SC2Data\GameData\ButtonData.xml	added_or_newer_duplicate
button	TychusHeroCommonAbil3	CButton	references/sc2-build-96883-casc-export/mods/starcoop/starcoop.sc2mod/base.sc2data/gamedata/commanders/commandertychus.xml	D:\MyWork\新建文件夹\mom.report.client\src\MyMod\crys_the_swarm_reborn.SC2Mod\原始mod\Mods\XM\XMFinal.SC2Mod\Base.SC2Data\GameData\ButtonData.xml	added_or_newer_duplicate
button	TychusHeroCommonAbil4	CButton	references/sc2-build-96883-casc-export/mods/starcoop/starcoop.sc2mod/base.sc2data/gamedata/commanders/commandertychus.xml	D:\MyWork\新建文件夹\mom.report.client\src\MyMod\crys_the_swarm_reborn.SC2Mod\原始mod\Mods\XM\XMFinal.SC2Mod\Base.SC2Data\GameData\ButtonData.xml	added_or_newer_duplicate
button	TychusHeroCommonAbil5	CButton	references/sc2-build-96883-casc-export/mods/starcoop/starcoop.sc2mod/base.sc2data/gamedata/commanders/commandertychus.xml	D:\MyWork\新建文件夹\mom.report.client\src\MyMod\crys_the_swarm_reborn.SC2Mod\原始mod\Mods\XM\XMFinal.SC2Mod\Base.SC2Data\GameData\ButtonData.xml	added_or_newer_duplicate
button	TychusMarauderAttackSplash	CButton	references/sc2-build-96883-casc-export/mods/starcoop/starcoop.sc2mod/base.sc2data/gamedata/commanders/commandertychus.xml	D:\MyWork\新建文件夹\mom.report.client\src\MyMod\crys_the_swarm_reborn.SC2Mod\原始mod\Mods\XM\XMFinal.SC2Mod\Base.SC2Data\GameData\ButtonData.xml	added_or_newer_duplicate
button	TychusMarauderHealingWard	CButton	references/sc2-build-96883-casc-export/mods/starcoop/starcoop.sc2mod/base.sc2data/gamedata/commanders/commandertychus.xml	D:\MyWork\新建文件夹\mom.report.client\src\MyMod\crys_the_swarm_reborn.SC2Mod\原始mod\Mods\XM\XMFinal.SC2Mod\Base.SC2Data\GameData\ButtonData.xml	added_or_newer_duplicate
button	TychusMarauderHealingWardBuff	CButton	references/sc2-build-96883-casc-export/mods/starcoop/starcoop.sc2mod/base.sc2data/gamedata/commanders/commandertychus.xml	D:\MyWork\新建文件夹\mom.report.client\src\MyMod\crys_the_swarm_reborn.SC2Mod\原始mod\Mods\XM\XMFinal.SC2Mod\Base.SC2Data\GameData\ButtonData.xml	added_or_newer_duplicate
button	TychusMarauderHealingWardSpeedBuff	CButton	references/sc2-build-96883-casc-export/mods/starcoop/starcoop.sc2mod/base.sc2data/gamedata/commanders/commandertychus.xml	D:\MyWork\新建文件夹\mom.report.client\src\MyMod\crys_the_swarm_reborn.SC2Mod\原始mod\Mods\XM\XMFinal.SC2Mod\Base.SC2Data\GameData\ButtonData.xml	added_or_newer_duplicate
button	TychusMarauderSuperStim	CButton	references/sc2-build-96883-casc-export/mods/starcoop/starcoop.sc2mod/base.sc2data/gamedata/commanders/commandertychus.xml	D:\MyWork\新建文件夹\mom.report.client\src\MyMod\crys_the_swarm_reborn.SC2Mod\原始mod\Mods\XM\XMFinal.SC2Mod\Base.SC2Data\GameData\ButtonData.xml	added_or_newer_duplicate
button	TychusMedicAoE	CButton	references/sc2-build-96883-casc-export/mods/starcoop/starcoop.sc2mod/base.sc2data/gamedata/commanders/commandertychus.xml	D:\MyWork\新建文件夹\mom.report.client\src\MyMod\crys_the_swarm_reborn.SC2Mod\原始mod\Mods\XM\XMFinal.SC2Mod\Base.SC2Data\GameData\ButtonData.xml	added_or_newer_duplicate
button	TychusMedicDefensiveMatrix	CButton	references/sc2-build-96883-casc-export/mods/starcoop/starcoop.sc2mod/base.sc2data/gamedata/commanders/commandertychus.xml	D:\MyWork\新建文件夹\mom.report.client\src\MyMod\crys_the_swarm_reborn.SC2Mod\原始mod\Mods\XM\XMFinal.SC2Mod\Base.SC2Data\GameData\ButtonData.xml	added_or_newer_duplicate
button	TychusMedicDoubleHeal	CButton	references/sc2-build-96883-casc-export/mods/starcoop/starcoop.sc2mod/base.sc2data/gamedata/commanders/commandertychus.xml	D:\MyWork\新建文件夹\mom.report.client\src\MyMod\crys_the_swarm_reborn.SC2Mod\原始mod\Mods\XM\XMFinal.SC2Mod\Base.SC2Data\GameData\ButtonData.xml	added_or_newer_duplicate
button	TychusMedicHeal	CButton	references/sc2-build-96883-casc-export/mods/starcoop/starcoop.sc2mod/base.sc2data/gamedata/commanders/commandertychus.xml	D:\MyWork\新建文件夹\mom.report.client\src\MyMod\crys_the_swarm_reborn.SC2Mod\原始mod\Mods\XM\XMFinal.SC2Mod\Base.SC2Data\GameData\ButtonData.xml	added_or_newer_duplicate
button	TychusMedicHealingSprayUpgradePassive	CButton	references/sc2-build-96883-casc-export/mods/starcoop/starcoop.sc2mod/base.sc2data/gamedata/commanders/commandertychus.xml	D:\MyWork\新建文件夹\mom.report.client\src\MyMod\crys_the_swarm_reborn.SC2Mod\原始mod\Mods\XM\XMFinal.SC2Mod\Base.SC2Data\GameData\ButtonData.xml	added_or_newer_duplicate
button	TychusMedicHealUpgradeLevels	CButton	references/sc2-build-96883-casc-export/mods/starcoop/starcoop.sc2mod/base.sc2data/gamedata/commanders/commandertychus.xml	D:\MyWork\新建文件夹\mom.report.client\src\MyMod\crys_the_swarm_reborn.SC2Mod\原始mod\Mods\XM\XMFinal.SC2Mod\Base.SC2Data\GameData\ButtonData.xml	added_or_newer_duplicate
button	TychusMercCompound	CButton	references/sc2-build-96883-casc-export/mods/starcoop/starcoop.sc2mod/base.sc2data/gamedata/commanders/commandertychus.xml	D:\MyWork\新建文件夹\mom.report.client\src\MyMod\crys_the_swarm_reborn.SC2Mod\原始mod\Mods\XM\XMFinal.SC2Mod\Base.SC2Data\GameData\ButtonData.xml	added_or_newer_duplicate
button	TychusOdinNuclearStrike	CButton	references/sc2-build-96883-casc-export/mods/starcoop/starcoop.sc2mod/base.sc2data/gamedata/commanders/commandertychus.xml	D:\MyWork\新建文件夹\mom.report.client\src\MyMod\crys_the_swarm_reborn.SC2Mod\原始mod\Mods\XM\XMFinal.SC2Mod\Base.SC2Data\GameData\ButtonData.xml	added_or_newer_duplicate
button	TychusReaperBomb	CButton	references/sc2-build-96883-casc-export/mods/starcoop/starcoop.sc2mod/base.sc2data/gamedata/commanders/commandertychus.xml	D:\MyWork\新建文件夹\mom.report.client\src\MyMod\crys_the_swarm_reborn.SC2Mod\原始mod\Mods\XM\XMFinal.SC2Mod\Base.SC2Data\GameData\ButtonData.xml	added_or_newer_duplicate
button	TychusReaperBombCharges	CButton	references/sc2-build-96883-casc-export/mods/starcoop/starcoop.sc2mod/base.sc2data/gamedata/commanders/commandertychus.xml	D:\MyWork\新建文件夹\mom.report.client\src\MyMod\crys_the_swarm_reborn.SC2Mod\原始mod\Mods\XM\XMFinal.SC2Mod\Base.SC2Data\GameData\ButtonData.xml	added_or_newer_duplicate
button	TychusReaperBombDamage	CButton	references/sc2-build-96883-casc-export/mods/starcoop/starcoop.sc2mod/base.sc2data/gamedata/commanders/commandertychus.xml	D:\MyWork\新建文件夹\mom.report.client\src\MyMod\crys_the_swarm_reborn.SC2Mod\原始mod\Mods\XM\XMFinal.SC2Mod\Base.SC2Data\GameData\ButtonData.xml	added_or_newer_duplicate
button	TychusReaperBombStun	CButton	references/sc2-build-96883-casc-export/mods/starcoop/starcoop.sc2mod/base.sc2data/gamedata/commanders/commandertychus.xml	D:\MyWork\新建文件夹\mom.report.client\src\MyMod\crys_the_swarm_reborn.SC2Mod\原始mod\Mods\XM\XMFinal.SC2Mod\Base.SC2Data\GameData\ButtonData.xml	added_or_newer_duplicate
button	TychusReaperEvasionBuff	CButton	references/sc2-build-96883-casc-export/mods/starcoop/starcoop.sc2mod/base.sc2data/gamedata/commanders/commandertychus.xml	D:\MyWork\新建文件夹\mom.report.client\src\MyMod\crys_the_swarm_reborn.SC2Mod\原始mod\Mods\XM\XMFinal.SC2Mod\Base.SC2Data\GameData\ButtonData.xml	added_or_newer_duplicate
button	TychusRefinery	CButton	references/sc2-build-96883-casc-export/mods/starcoop/starcoop.sc2mod/base.sc2data/gamedata/commanders/commandertychus.xml	D:\MyWork\新建文件夹\mom.report.client\src\MyMod\crys_the_swarm_reborn.SC2Mod\原始mod\Mods\XM\XMFinal.SC2Mod\Base.SC2Data\GameData\ButtonData.xml	added_or_newer_duplicate
button	TychusSCVAutoTurret	CButton	references/sc2-build-96883-casc-export/mods/starcoop/starcoop.sc2mod/base.sc2data/gamedata/commanders/commandertychus.xml	D:\MyWork\新建文件夹\mom.report.client\src\MyMod\crys_the_swarm_reborn.SC2Mod\原始mod\Mods\XM\XMFinal.SC2Mod\Base.SC2Data\GameData\ButtonData.xml	added_or_newer_duplicate
button	TychusShredderGrenade	CButton	references/sc2-build-96883-casc-export/mods/starcoop/starcoop.sc2mod/base.sc2data/gamedata/commanders/commandertychus.xml	D:\MyWork\新建文件夹\mom.report.client\src\MyMod\crys_the_swarm_reborn.SC2Mod\原始mod\Mods\XM\XMFinal.SC2Mod\Base.SC2Data\GameData\ButtonData.xml	added_or_newer_duplicate
button	TychusSpectreBrillianceAura	CButton	references/sc2-build-96883-casc-export/mods/starcoop/starcoop.sc2mod/base.sc2data/gamedata/commanders/commandertychus.xml	D:\MyWork\新建文件夹\mom.report.client\src\MyMod\crys_the_swarm_reborn.SC2Mod\原始mod\Mods\XM\XMFinal.SC2Mod\Base.SC2Data\GameData\ButtonData.xml	added_or_newer_duplicate
button	TychusSpectreExtendedPulseGun	CButton	references/sc2-build-96883-casc-export/mods/starcoop/starcoop.sc2mod/base.sc2data/gamedata/commanders/commandertychus.xml	D:\MyWork\新建文件夹\mom.report.client\src\MyMod\crys_the_swarm_reborn.SC2Mod\原始mod\Mods\XM\XMFinal.SC2Mod\Base.SC2Data\GameData\ButtonData.xml	added_or_newer_duplicate
button	TychusSpectreSuperUltrasonicPulse	CButton	references/sc2-build-96883-casc-export/mods/starcoop/starcoop.sc2mod/base.sc2data/gamedata/commanders/commandertychus.xml	D:\MyWork\新建文件夹\mom.report.client\src\MyMod\crys_the_swarm_reborn.SC2Mod\原始mod\Mods\XM\XMFinal.SC2Mod\Base.SC2Data\GameData\ButtonData.xml	added_or_newer_duplicate
button	TychusSpectreUltrasonicPulse	CButton	references/sc2-build-96883-casc-export/mods/starcoop/starcoop.sc2mod/base.sc2data/gamedata/commanders/commandertychus.xml	D:\MyWork\新建文件夹\mom.report.client\src\MyMod\crys_the_swarm_reborn.SC2Mod\原始mod\Mods\XM\XMFinal.SC2Mod\Base.SC2Data\GameData\ButtonData.xml	added_or_newer_duplicate
button	TychusSpectreVisionSuit	CButton	references/sc2-build-96883-casc-export/mods/starcoop/starcoop.sc2mod/base.sc2data/gamedata/commanders/commandertychus.xml	D:\MyWork\新建文件夹\mom.report.client\src\MyMod\crys_the_swarm_reborn.SC2Mod\原始mod\Mods\XM\XMFinal.SC2Mod\Base.SC2Data\GameData\ButtonData.xml	added_or_newer_duplicate
button	TychusWarhoundAutoTurret	CButton	references/sc2-build-96883-casc-export/mods/starcoop/starcoop.sc2mod/base.sc2data/gamedata/commanders/commandertychus.xml	D:\MyWork\新建文件夹\mom.report.client\src\MyMod\crys_the_swarm_reborn.SC2Mod\原始mod\Mods\XM\XMFinal.SC2Mod\Base.SC2Data\GameData\ButtonData.xml	added_or_newer_duplicate
button	TychusWarhoundDeathExplosionUpgradePassive	CButton	references/sc2-build-96883-casc-export/mods/starcoop/starcoop.sc2mod/base.sc2data/gamedata/commanders/commandertychus.xml	D:\MyWork\新建文件夹\mom.report.client\src\MyMod\crys_the_swarm_reborn.SC2Mod\原始mod\Mods\XM\XMFinal.SC2Mod\Base.SC2Data\GameData\ButtonData.xml	added_or_newer_duplicate
button	TychusWarhoundFearUpgradePassive	CButton	references/sc2-build-96883-casc-export/mods/starcoop/starcoop.sc2mod/base.sc2data/gamedata/commanders/commandertychus.xml	D:\MyWork\新建文件夹\mom.report.client\src\MyMod\crys_the_swarm_reborn.SC2Mod\原始mod\Mods\XM\XMFinal.SC2Mod\Base.SC2Data\GameData\ButtonData.xml	added_or_newer_duplicate
button	TychusWarhoundHaywireMissiles	CButton	references/sc2-build-96883-casc-export/mods/starcoop/starcoop.sc2mod/base.sc2data/gamedata/commanders/commandertychus.xml	D:\MyWork\新建文件夹\mom.report.client\src\MyMod\crys_the_swarm_reborn.SC2Mod\原始mod\Mods\XM\XMFinal.SC2Mod\Base.SC2Data\GameData\ButtonData.xml	added_or_newer_duplicate
button	TychusWarhoundTurretUpgradePassive	CButton	references/sc2-build-96883-casc-export/mods/starcoop/starcoop.sc2mod/base.sc2data/gamedata/commanders/commandertychus.xml	D:\MyWork\新建文件夹\mom.report.client\src\MyMod\crys_the_swarm_reborn.SC2Mod\原始mod\Mods\XM\XMFinal.SC2Mod\Base.SC2Data\GameData\ButtonData.xml	added_or_newer_duplicate
button	UltraliskCavernStetmann	CButton	references/sc2-build-96883-casc-export/mods/starcoop/commanders/egonstetmann.sc2mod/base.sc2data/gamedata/buttondata.xml	D:\MyWork\新建文件夹\mom.report.client\src\MyMod\crys_the_swarm_reborn.SC2Mod\原始mod\Mods\XM\XMFinal.SC2Mod\Base.SC2Data\GameData\ButtonData.xml	skipped_existing
button	UltraliskStetmannArmorPassive	CButton	references/sc2-build-96883-casc-export/mods/starcoop/commanders/egonstetmann.sc2mod/base.sc2data/gamedata/buttondata.xml	D:\MyWork\新建文件夹\mom.report.client\src\MyMod\crys_the_swarm_reborn.SC2Mod\原始mod\Mods\XM\XMFinal.SC2Mod\Base.SC2Data\GameData\ButtonData.xml	skipped_existing
button	UltraliskStetmannBurrowCharge	CButton	references/sc2-build-96883-casc-export/mods/starcoop/commanders/egonstetmann.sc2mod/base.sc2data/gamedata/buttondata.xml	D:\MyWork\新建文件夹\mom.report.client\src\MyMod\crys_the_swarm_reborn.SC2Mod\原始mod\Mods\XM\XMFinal.SC2Mod\Base.SC2Data\GameData\ButtonData.xml	skipped_existing
button	UltraliskStetmannMechanicalLifeLeech	CButton	references/sc2-build-96883-casc-export/mods/starcoop/commanders/egonstetmann.sc2mod/base.sc2data/gamedata/buttondata.xml	D:\MyWork\新建文件夹\mom.report.client\src\MyMod\crys_the_swarm_reborn.SC2Mod\原始mod\Mods\XM\XMFinal.SC2Mod\Base.SC2Data\GameData\ButtonData.xml	skipped_existing
button	UltraliskStetmannScrapDrop	CButton	references/sc2-build-96883-casc-export/mods/starcoop/commanders/egonstetmann.sc2mod/base.sc2data/gamedata/buttondata.xml	D:\MyWork\新建文件夹\mom.report.client\src\MyMod\crys_the_swarm_reborn.SC2Mod\原始mod\Mods\XM\XMFinal.SC2Mod\Base.SC2Data\GameData\ButtonData.xml	skipped_existing
button	UnsiegeMengsk	CButton	references/sc2-build-96883-casc-export/mods/starcoop/commanders/arcturusmengsk.sc2mod/base.sc2data/gamedata/buttondata.xml	D:\MyWork\新建文件夹\mom.report.client\src\MyMod\crys_the_swarm_reborn.SC2Mod\原始mod\Mods\XM\XMFinal.SC2Mod\Base.SC2Data\GameData\ButtonData.xml	skipped_existing
button	VanguardArmoredDamage	CButton	references/sc2-build-96883-casc-export/mods/starcoop/starcoop.sc2mod/base.sc2data/gamedata/buttondata.xml	D:\MyWork\新建文件夹\mom.report.client\src\MyMod\crys_the_swarm_reborn.SC2Mod\原始mod\Mods\XM\XMFinal.SC2Mod\Base.SC2Data\GameData\ButtonData.xml	skipped_existing
button	VikingMengskAttackDamage	CButton	references/sc2-build-96883-casc-export/mods/starcoop/commanders/arcturusmengsk.sc2mod/base.sc2data/gamedata/buttondata.xml	D:\MyWork\新建文件夹\mom.report.client\src\MyMod\crys_the_swarm_reborn.SC2Mod\原始mod\Mods\XM\XMFinal.SC2Mod\Base.SC2Data\GameData\ButtonData.xml	skipped_existing
button	VikingMengskCheatDeath	CButton	references/sc2-build-96883-casc-export/mods/starcoop/commanders/arcturusmengsk.sc2mod/base.sc2data/gamedata/buttondata.xml	D:\MyWork\新建文件夹\mom.report.client\src\MyMod\crys_the_swarm_reborn.SC2Mod\原始mod\Mods\XM\XMFinal.SC2Mod\Base.SC2Data\GameData\ButtonData.xml	skipped_existing
button	VikingMengskDodge	CButton	references/sc2-build-96883-casc-export/mods/starcoop/commanders/arcturusmengsk.sc2mod/base.sc2data/gamedata/buttondata.xml	D:\MyWork\新建文件夹\mom.report.client\src\MyMod\crys_the_swarm_reborn.SC2Mod\原始mod\Mods\XM\XMFinal.SC2Mod\Base.SC2Data\GameData\ButtonData.xml	skipped_existing
button	VikingMengskImperialMandateGeneration	CButton	references/sc2-build-96883-casc-export/mods/starcoop/commanders/arcturusmengsk.sc2mod/base.sc2data/gamedata/buttondata.xml	D:\MyWork\新建文件夹\mom.report.client\src\MyMod\crys_the_swarm_reborn.SC2Mod\原始mod\Mods\XM\XMFinal.SC2Mod\Base.SC2Data\GameData\ButtonData.xml	skipped_existing
button	VikingMengskSpeed	CButton	references/sc2-build-96883-casc-export/mods/starcoop/commanders/arcturusmengsk.sc2mod/base.sc2data/gamedata/buttondata.xml	D:\MyWork\新建文件夹\mom.report.client\src\MyMod\crys_the_swarm_reborn.SC2Mod\原始mod\Mods\XM\XMFinal.SC2Mod\Base.SC2Data\GameData\ButtonData.xml	skipped_existing
button	VikingMengskVeterancy	CButton	references/sc2-build-96883-casc-export/mods/starcoop/commanders/arcturusmengsk.sc2mod/base.sc2data/gamedata/buttondata.xml	D:\MyWork\新建文件夹\mom.report.client\src\MyMod\crys_the_swarm_reborn.SC2Mod\原始mod\Mods\XM\XMFinal.SC2Mod\Base.SC2Data\GameData\ButtonData.xml	skipped_existing
button	ViperAbductImprovedStunPassive	CButton	references/sc2-build-96883-casc-export/mods/starcoop/starcoop.sc2mod/base.sc2data/gamedata/buttondata.xml	D:\MyWork\新建文件夹\mom.report.client\src\MyMod\crys_the_swarm_reborn.SC2Mod\原始mod\Mods\XM\XMFinal.SC2Mod\Base.SC2Data\GameData\ButtonData.xml	skipped_existing
button	ViperImprovedCastRangePassive	CButton	references/sc2-build-96883-casc-export/mods/starcoop/starcoop.sc2mod/base.sc2data/gamedata/buttondata.xml	D:\MyWork\新建文件夹\mom.report.client\src\MyMod\crys_the_swarm_reborn.SC2Mod\原始mod\Mods\XM\XMFinal.SC2Mod\Base.SC2Data\GameData\ButtonData.xml	skipped_existing
button	VoidStalkerDragoonRange	CButton	references/sc2-build-96883-casc-export/mods/starcoop/starcoop.sc2mod/base.sc2data/gamedata/buttondata.xml	D:\MyWork\新建文件夹\mom.report.client\src\MyMod\crys_the_swarm_reborn.SC2Mod\原始mod\Mods\XM\XMFinal.SC2Mod\Base.SC2Data\GameData\ButtonData.xml	skipped_existing
button	VoidStasisLocked	CButton	references/sc2-build-96883-casc-export/mods/starcoop/starcoop.sc2mod/base.sc2data/gamedata/buttondata.xml	D:\MyWork\新建文件夹\mom.report.client\src\MyMod\crys_the_swarm_reborn.SC2Mod\原始mod\Mods\XM\XMFinal.SC2Mod\Base.SC2Data\GameData\ButtonData.xml	skipped_existing
button	VoidZealotWhirlwind	CButton	references/sc2-build-96883-casc-export/mods/starcoop/starcoop.sc2mod/base.sc2data/gamedata/buttondata.xml	D:\MyWork\新建文件夹\mom.report.client\src\MyMod\crys_the_swarm_reborn.SC2Mod\原始mod\Mods\XM\XMFinal.SC2Mod\Base.SC2Data\GameData\ButtonData.xml	skipped_existing
button	VolatileNestLocked	CButton	references/sc2-build-96883-casc-export/mods/starcoop/starcoop.sc2mod/base.sc2data/gamedata/buttondata.xml	D:\MyWork\新建文件夹\mom.report.client\src\MyMod\crys_the_swarm_reborn.SC2Mod\原始mod\Mods\XM\XMFinal.SC2Mod\Base.SC2Data\GameData\ButtonData.xml	skipped_existing
button	WeaponsFreeMengsk	CButton	references/sc2-build-96883-casc-export/mods/starcoop/commanders/arcturusmengsk.sc2mod/base.sc2data/gamedata/buttondata.xml	D:\MyWork\新建文件夹\mom.report.client\src\MyMod\crys_the_swarm_reborn.SC2Mod\原始mod\Mods\XM\XMFinal.SC2Mod\Base.SC2Data\GameData\ButtonData.xml	skipped_existing
button	WhirlwindLocked	CButton	references/sc2-build-96883-casc-export/mods/starcoop/starcoop.sc2mod/base.sc2data/gamedata/buttondata.xml	D:\MyWork\新建文件夹\mom.report.client\src\MyMod\crys_the_swarm_reborn.SC2Mod\原始mod\Mods\XM\XMFinal.SC2Mod\Base.SC2Data\GameData\ButtonData.xml	skipped_existing
button	WraithCloakOff	CButton	references/sc2-build-96883-casc-export/mods/starcoop/starcoop.sc2mod/base.sc2data/gamedata/buttondata.xml	D:\MyWork\新建文件夹\mom.report.client\src\MyMod\crys_the_swarm_reborn.SC2Mod\原始mod\Mods\XM\XMFinal.SC2Mod\Base.SC2Data\GameData\ButtonData.xml	skipped_existing
button	WraithCloakOn	CButton	references/sc2-build-96883-casc-export/mods/starcoop/starcoop.sc2mod/base.sc2data/gamedata/buttondata.xml	D:\MyWork\新建文件夹\mom.report.client\src\MyMod\crys_the_swarm_reborn.SC2Mod\原始mod\Mods\XM\XMFinal.SC2Mod\Base.SC2Data\GameData\ButtonData.xml	skipped_existing
button	XN51CloakTechnology	CButton	references/sc2-build-96883-casc-export/mods/starcoop/starcoop.sc2mod/base.sc2data/gamedata/buttondata.xml	D:\MyWork\新建文件夹\mom.report.client\src\MyMod\crys_the_swarm_reborn.SC2Mod\原始mod\Mods\XM\XMFinal.SC2Mod\Base.SC2Data\GameData\ButtonData.xml	skipped_existing
button	YamatoGunMengsk	CButton	references/sc2-build-96883-casc-export/mods/starcoop/commanders/arcturusmengsk.sc2mod/base.sc2data/gamedata/buttondata.xml	D:\MyWork\新建文件夹\mom.report.client\src\MyMod\crys_the_swarm_reborn.SC2Mod\原始mod\Mods\XM\XMFinal.SC2Mod\Base.SC2Data\GameData\ButtonData.xml	skipped_existing
button	ZagaraVoidCoopBanelingBarrage	CButton	references/sc2-build-96883-casc-export/mods/starcoop/starcoop.sc2mod/base.sc2data/gamedata/buttondata.xml	D:\MyWork\新建文件夹\mom.report.client\src\MyMod\crys_the_swarm_reborn.SC2Mod\原始mod\Mods\XM\XMFinal.SC2Mod\Base.SC2Data\GameData\ButtonData.xml	skipped_existing
button	ZagaraVoidCoopMassFrenzy	CButton	references/sc2-build-96883-casc-export/mods/starcoop/starcoop.sc2mod/base.sc2data/gamedata/buttondata.xml	D:\MyWork\新建文件夹\mom.report.client\src\MyMod\crys_the_swarm_reborn.SC2Mod\原始mod\Mods\XM\XMFinal.SC2Mod\Base.SC2Data\GameData\ButtonData.xml	skipped_existing
button	ZagaraVoidCoopMassRoachDropLocked	CButton	references/sc2-build-96883-casc-export/mods/starcoop/starcoop.sc2mod/base.sc2data/gamedata/buttondata.xml	D:\MyWork\新建文件夹\mom.report.client\src\MyMod\crys_the_swarm_reborn.SC2Mod\原始mod\Mods\XM\XMFinal.SC2Mod\Base.SC2Data\GameData\ButtonData.xml	skipped_existing
button	ZagaraVoidCoopRelentlessSwarmer	CButton	references/sc2-build-96883-casc-export/mods/starcoop/starcoop.sc2mod/base.sc2data/gamedata/buttondata.xml	D:\MyWork\新建文件夹\mom.report.client\src\MyMod\crys_the_swarm_reborn.SC2Mod\原始mod\Mods\XM\XMFinal.SC2Mod\Base.SC2Data\GameData\ButtonData.xml	skipped_existing
button	ZagaraVoidCoopZerglingDodge	CButton	references/sc2-build-96883-casc-export/mods/starcoop/starcoop.sc2mod/base.sc2data/gamedata/buttondata.xml	D:\MyWork\新建文件夹\mom.report.client\src\MyMod\crys_the_swarm_reborn.SC2Mod\原始mod\Mods\XM\XMFinal.SC2Mod\Base.SC2Data\GameData\ButtonData.xml	skipped_existing
button	ZeratulGraviticBoostersPassive	CButton	references/sc2-build-96883-casc-export/mods/starcoop/starcoop.sc2mod/base.sc2data/gamedata/commanders/futurecommanders.xml	D:\MyWork\新建文件夹\mom.report.client\src\MyMod\crys_the_swarm_reborn.SC2Mod\原始mod\Mods\XM\XMFinal.SC2Mod\Base.SC2Data\GameData\ButtonData.xml	added_or_newer_duplicate
button	ZeratulImmortalBarrierPassive	CButton	references/sc2-build-96883-casc-export/mods/starcoop/starcoop.sc2mod/base.sc2data/gamedata/commanders/futurecommanders.xml	D:\MyWork\新建文件夹\mom.report.client\src\MyMod\crys_the_swarm_reborn.SC2Mod\原始mod\Mods\XM\XMFinal.SC2Mod\Base.SC2Data\GameData\ButtonData.xml	added_or_newer_duplicate
button	ZeratulObserverSightRange	CButton	references/sc2-build-96883-casc-export/mods/starcoop/starcoop.sc2mod/base.sc2data/gamedata/commanders/futurecommanders.xml	D:\MyWork\新建文件夹\mom.report.client\src\MyMod\crys_the_swarm_reborn.SC2Mod\原始mod\Mods\XM\XMFinal.SC2Mod\Base.SC2Data\GameData\ButtonData.xml	added_or_newer_duplicate
button	ZeratulPurificationNovaBattery	CButton	references/sc2-build-96883-casc-export/mods/starcoop/starcoop.sc2mod/base.sc2data/gamedata/commanders/futurecommanders.xml	D:\MyWork\新建文件夹\mom.report.client\src\MyMod\crys_the_swarm_reborn.SC2Mod\原始mod\Mods\XM\XMFinal.SC2Mod\Base.SC2Data\GameData\ButtonData.xml	added_or_newer_duplicate
button	ZeratulPurificationNovaSplit	CButton	references/sc2-build-96883-casc-export/mods/starcoop/starcoop.sc2mod/base.sc2data/gamedata/commanders/futurecommanders.xml	D:\MyWork\新建文件夹\mom.report.client\src\MyMod\crys_the_swarm_reborn.SC2Mod\原始mod\Mods\XM\XMFinal.SC2Mod\Base.SC2Data\GameData\ButtonData.xml	added_or_newer_duplicate
button	ZeratulReflectionShield	CButton	references/sc2-build-96883-casc-export/mods/starcoop/starcoop.sc2mod/base.sc2data/gamedata/commanders/futurecommanders.xml	D:\MyWork\新建文件夹\mom.report.client\src\MyMod\crys_the_swarm_reborn.SC2Mod\原始mod\Mods\XM\XMFinal.SC2Mod\Base.SC2Data\GameData\ButtonData.xml	added_or_newer_duplicate
button	ZeratulReflectionShieldPassive	CButton	references/sc2-build-96883-casc-export/mods/starcoop/starcoop.sc2mod/base.sc2data/gamedata/commanders/futurecommanders.xml	D:\MyWork\新建文件夹\mom.report.client\src\MyMod\crys_the_swarm_reborn.SC2Mod\原始mod\Mods\XM\XMFinal.SC2Mod\Base.SC2Data\GameData\ButtonData.xml	added_or_newer_duplicate
button	ZeratulSentryEnergyRegen	CButton	references/sc2-build-96883-casc-export/mods/starcoop/starcoop.sc2mod/base.sc2data/gamedata/commanders/futurecommanders.xml	D:\MyWork\新建文件夹\mom.report.client\src\MyMod\crys_the_swarm_reborn.SC2Mod\原始mod\Mods\XM\XMFinal.SC2Mod\Base.SC2Data\GameData\ButtonData.xml	added_or_newer_duplicate
button	ZeratulShieldRechargePassive	CButton	references/sc2-build-96883-casc-export/mods/starcoop/starcoop.sc2mod/base.sc2data/gamedata/commanders/futurecommanders.xml	D:\MyWork\新建文件夹\mom.report.client\src\MyMod\crys_the_swarm_reborn.SC2Mod\原始mod\Mods\XM\XMFinal.SC2Mod\Base.SC2Data\GameData\ButtonData.xml	added_or_newer_duplicate
button	ZeratulStalkerBlinkCharges	CButton	references/sc2-build-96883-casc-export/mods/starcoop/starcoop.sc2mod/base.sc2data/gamedata/commanders/futurecommanders.xml	D:\MyWork\新建文件夹\mom.report.client\src\MyMod\crys_the_swarm_reborn.SC2Mod\原始mod\Mods\XM\XMFinal.SC2Mod\Base.SC2Data\GameData\ButtonData.xml	added_or_newer_duplicate
button	ZeratulStalkerGhost	CButton	references/sc2-build-96883-casc-export/mods/starcoop/starcoop.sc2mod/base.sc2data/gamedata/commanders/futurecommanders.xml	D:\MyWork\新建文件夹\mom.report.client\src\MyMod\crys_the_swarm_reborn.SC2Mod\原始mod\Mods\XM\XMFinal.SC2Mod\Base.SC2Data\GameData\ButtonData.xml	added_or_newer_duplicate
button	ZeratulStalkerShadowBlink	CButton	references/sc2-build-96883-casc-export/mods/starcoop/starcoop.sc2mod/base.sc2data/gamedata/commanders/futurecommanders.xml	D:\MyWork\新建文件夹\mom.report.client\src\MyMod\crys_the_swarm_reborn.SC2Mod\原始mod\Mods\XM\XMFinal.SC2Mod\Base.SC2Data\GameData\ButtonData.xml	added_or_newer_duplicate
button	ZeratulWarpPrismSelectVoidRift	CButton	references/sc2-build-96883-casc-export/mods/starcoop/starcoop.sc2mod/base.sc2data/gamedata/commanders/futurecommanders.xml	D:\MyWork\新建文件夹\mom.report.client\src\MyMod\crys_the_swarm_reborn.SC2Mod\原始mod\Mods\XM\XMFinal.SC2Mod\Base.SC2Data\GameData\ButtonData.xml	added_or_newer_duplicate
button	ZeratulWarpPrismWormholeMode	CButton	references/sc2-build-96883-casc-export/mods/starcoop/starcoop.sc2mod/base.sc2data/gamedata/commanders/futurecommanders.xml	D:\MyWork\新建文件夹\mom.report.client\src\MyMod\crys_the_swarm_reborn.SC2Mod\原始mod\Mods\XM\XMFinal.SC2Mod\Base.SC2Data\GameData\ButtonData.xml	added_or_newer_duplicate
button	ZerglingArmorShred	CButton	references/sc2-build-96883-casc-export/mods/starcoop/starcoop.sc2mod/base.sc2data/gamedata/buttondata.xml	D:\MyWork\新建文件夹\mom.report.client\src\MyMod\crys_the_swarm_reborn.SC2Mod\原始mod\Mods\XM\XMFinal.SC2Mod\Base.SC2Data\GameData\ButtonData.xml	skipped_existing
button	ZerglingStetmannAttackSpeedPassive	CButton	references/sc2-build-96883-casc-export/mods/starcoop/commanders/egonstetmann.sc2mod/base.sc2data/gamedata/buttondata.xml	D:\MyWork\新建文件夹\mom.report.client\src\MyMod\crys_the_swarm_reborn.SC2Mod\原始mod\Mods\XM\XMFinal.SC2Mod\Base.SC2Data\GameData\ButtonData.xml	skipped_existing
button	ZerglingStetmannHardenedShield	CButton	references/sc2-build-96883-casc-export/mods/starcoop/commanders/egonstetmann.sc2mod/base.sc2data/gamedata/buttondata.xml	D:\MyWork\新建文件夹\mom.report.client\src\MyMod\crys_the_swarm_reborn.SC2Mod\原始mod\Mods\XM\XMFinal.SC2Mod\Base.SC2Data\GameData\ButtonData.xml	skipped_existing
button	ZerglingStetmannMovementSpeedPassive	CButton	references/sc2-build-96883-casc-export/mods/starcoop/commanders/egonstetmann.sc2mod/base.sc2data/gamedata/buttondata.xml	D:\MyWork\新建文件夹\mom.report.client\src\MyMod\crys_the_swarm_reborn.SC2Mod\原始mod\Mods\XM\XMFinal.SC2Mod\Base.SC2Data\GameData\ButtonData.xml	skipped_existing
button	ZerglingStetmannScrapDrop	CButton	references/sc2-build-96883-casc-export/mods/starcoop/commanders/egonstetmann.sc2mod/base.sc2data/gamedata/buttondata.xml	D:\MyWork\新建文件夹\mom.report.client\src\MyMod\crys_the_swarm_reborn.SC2Mod\原始mod\Mods\XM\XMFinal.SC2Mod\Base.SC2Data\GameData\ButtonData.xml	skipped_existing
ability	AssaultModeMira			D:\MyWork\新建文件夹\mom.report.client\src\MyMod\crys_the_swarm_reborn.SC2Mod\原始mod\Mods\XM\XMFinal.SC2Mod\Base.SC2Data\GameData\AbilData.xml	missing_in_official_sources
ability	BansheeCloak			D:\MyWork\新建文件夹\mom.report.client\src\MyMod\crys_the_swarm_reborn.SC2Mod\原始mod\Mods\XM\XMFinal.SC2Mod\Base.SC2Data\GameData\AbilData.xml	missing_in_official_sources
ability	BattlecruiserAttack			D:\MyWork\新建文件夹\mom.report.client\src\MyMod\crys_the_swarm_reborn.SC2Mod\原始mod\Mods\XM\XMFinal.SC2Mod\Base.SC2Data\GameData\AbilData.xml	missing_in_official_sources
ability	BattlecruiserMove			D:\MyWork\新建文件夹\mom.report.client\src\MyMod\crys_the_swarm_reborn.SC2Mod\原始mod\Mods\XM\XMFinal.SC2Mod\Base.SC2Data\GameData\AbilData.xml	missing_in_official_sources
ability	BattlecruiserStop			D:\MyWork\新建文件夹\mom.report.client\src\MyMod\crys_the_swarm_reborn.SC2Mod\原始mod\Mods\XM\XMFinal.SC2Mod\Base.SC2Data\GameData\AbilData.xml	missing_in_official_sources
ability	BurrowUltraliskDown			D:\MyWork\新建文件夹\mom.report.client\src\MyMod\crys_the_swarm_reborn.SC2Mod\原始mod\Mods\XM\XMFinal.SC2Mod\Base.SC2Data\GameData\AbilData.xml	missing_in_official_sources
ability	BurrowUltraliskUp			D:\MyWork\新建文件夹\mom.report.client\src\MyMod\crys_the_swarm_reborn.SC2Mod\原始mod\Mods\XM\XMFinal.SC2Mod\Base.SC2Data\GameData\AbilData.xml	missing_in_official_sources
ability	CarrierHangar			D:\MyWork\新建文件夹\mom.report.client\src\MyMod\crys_the_swarm_reborn.SC2Mod\原始mod\Mods\XM\XMFinal.SC2Mod\Base.SC2Data\GameData\AbilData.xml	missing_in_official_sources
ability	ChannelSnipe			D:\MyWork\新建文件夹\mom.report.client\src\MyMod\crys_the_swarm_reborn.SC2Mod\原始mod\Mods\XM\XMFinal.SC2Mod\Base.SC2Data\GameData\AbilData.xml	missing_in_official_sources
ability	D8SingleChargeMira			D:\MyWork\新建文件夹\mom.report.client\src\MyMod\crys_the_swarm_reborn.SC2Mod\原始mod\Mods\XM\XMFinal.SC2Mod\Base.SC2Data\GameData\AbilData.xml	missing_in_official_sources
ability	DehakaLearn			D:\MyWork\新建文件夹\mom.report.client\src\MyMod\crys_the_swarm_reborn.SC2Mod\原始mod\Mods\XM\XMFinal.SC2Mod\Base.SC2Data\GameData\AbilData.xml	missing_in_official_sources
ability	DehakaLocustFlyingSwoop			D:\MyWork\新建文件夹\mom.report.client\src\MyMod\crys_the_swarm_reborn.SC2Mod\原始mod\Mods\XM\XMFinal.SC2Mod\Base.SC2Data\GameData\AbilData.xml	missing_in_official_sources
ability	Feedback			D:\MyWork\新建文件夹\mom.report.client\src\MyMod\crys_the_swarm_reborn.SC2Mod\原始mod\Mods\XM\XMFinal.SC2Mod\Base.SC2Data\GameData\AbilData.xml	missing_in_official_sources
ability	FleetwideJumpMira			D:\MyWork\新建文件夹\mom.report.client\src\MyMod\crys_the_swarm_reborn.SC2Mod\原始mod\Mods\XM\XMFinal.SC2Mod\Base.SC2Data\GameData\AbilData.xml	missing_in_official_sources
ability	GhostHoldFire			D:\MyWork\新建文件夹\mom.report.client\src\MyMod\crys_the_swarm_reborn.SC2Mod\原始mod\Mods\XM\XMFinal.SC2Mod\Base.SC2Data\GameData\AbilData.xml	missing_in_official_sources
ability	GhostWeaponsFree			D:\MyWork\新建文件夹\mom.report.client\src\MyMod\crys_the_swarm_reborn.SC2Mod\原始mod\Mods\XM\XMFinal.SC2Mod\Base.SC2Data\GameData\AbilData.xml	missing_in_official_sources
ability	GravitonBeamVoidCampaign			D:\MyWork\新建文件夹\mom.report.client\src\MyMod\crys_the_swarm_reborn.SC2Mod\原始mod\Mods\XM\XMFinal.SC2Mod\Base.SC2Data\GameData\AbilData.xml	missing_in_official_sources
ability	HellionBombMira			D:\MyWork\新建文件夹\mom.report.client\src\MyMod\crys_the_swarm_reborn.SC2Mod\原始mod\Mods\XM\XMFinal.SC2Mod\Base.SC2Data\GameData\AbilData.xml	missing_in_official_sources
ability	ImmortalBarrierBase			D:\MyWork\新建文件夹\mom.report.client\src\MyMod\crys_the_swarm_reborn.SC2Mod\原始mod\Mods\XM\XMFinal.SC2Mod\Base.SC2Data\GameData\AbilData.xml	missing_in_official_sources
ability	ImmortalOverload			D:\MyWork\新建文件夹\mom.report.client\src\MyMod\crys_the_swarm_reborn.SC2Mod\原始mod\Mods\XM\XMFinal.SC2Mod\Base.SC2Data\GameData\AbilData.xml	missing_in_official_sources
ability	K5DropPods			D:\MyWork\新建文件夹\mom.report.client\src\MyMod\crys_the_swarm_reborn.SC2Mod\原始mod\Mods\XM\XMFinal.SC2Mod\Base.SC2Data\GameData\AbilData.xml	missing_in_official_sources
ability	LiberatorAGTMira			D:\MyWork\新建文件夹\mom.report.client\src\MyMod\crys_the_swarm_reborn.SC2Mod\原始mod\Mods\XM\XMFinal.SC2Mod\Base.SC2Data\GameData\AbilData.xml	missing_in_official_sources
ability	LiberatorMAGMira			D:\MyWork\新建文件夹\mom.report.client\src\MyMod\crys_the_swarm_reborn.SC2Mod\原始mod\Mods\XM\XMFinal.SC2Mod\Base.SC2Data\GameData\AbilData.xml	missing_in_official_sources
ability	LockOnCancel			D:\MyWork\新建文件夹\mom.report.client\src\MyMod\crys_the_swarm_reborn.SC2Mod\原始mod\Mods\XM\XMFinal.SC2Mod\Base.SC2Data\GameData\AbilData.xml	missing_in_official_sources
ability	LocustLaunch			D:\MyWork\新建文件夹\mom.report.client\src\MyMod\crys_the_swarm_reborn.SC2Mod\原始mod\Mods\XM\XMFinal.SC2Mod\Base.SC2Data\GameData\AbilData.xml	missing_in_official_sources
ability	LurkerHoldFire			D:\MyWork\新建文件夹\mom.report.client\src\MyMod\crys_the_swarm_reborn.SC2Mod\原始mod\Mods\XM\XMFinal.SC2Mod\Base.SC2Data\GameData\AbilData.xml	missing_in_official_sources
ability	LurkerRemoveHoldFire			D:\MyWork\新建文件夹\mom.report.client\src\MyMod\crys_the_swarm_reborn.SC2Mod\原始mod\Mods\XM\XMFinal.SC2Mod\Base.SC2Data\GameData\AbilData.xml	missing_in_official_sources
ability	MorphToBaneling			D:\MyWork\新建文件夹\mom.report.client\src\MyMod\crys_the_swarm_reborn.SC2Mod\原始mod\Mods\XM\XMFinal.SC2Mod\Base.SC2Data\GameData\AbilData.xml	missing_in_official_sources
ability	MorphToBroodLord			D:\MyWork\新建文件夹\mom.report.client\src\MyMod\crys_the_swarm_reborn.SC2Mod\原始mod\Mods\XM\XMFinal.SC2Mod\Base.SC2Data\GameData\AbilData.xml	missing_in_official_sources
ability	MorphToHellionMira			D:\MyWork\新建文件夹\mom.report.client\src\MyMod\crys_the_swarm_reborn.SC2Mod\原始mod\Mods\XM\XMFinal.SC2Mod\Base.SC2Data\GameData\AbilData.xml	missing_in_official_sources
ability	MorphToHellionTankMira			D:\MyWork\新建文件夹\mom.report.client\src\MyMod\crys_the_swarm_reborn.SC2Mod\原始mod\Mods\XM\XMFinal.SC2Mod\Base.SC2Data\GameData\AbilData.xml	missing_in_official_sources
ability	OracleStasisTrapBuild			D:\MyWork\新建文件夹\mom.report.client\src\MyMod\crys_the_swarm_reborn.SC2Mod\原始mod\Mods\XM\XMFinal.SC2Mod\Base.SC2Data\GameData\AbilData.xml	missing_in_official_sources
ability	RavenAnalyzeMira			D:\MyWork\新建文件夹\mom.report.client\src\MyMod\crys_the_swarm_reborn.SC2Mod\原始mod\Mods\XM\XMFinal.SC2Mod\Base.SC2Data\GameData\AbilData.xml	missing_in_official_sources
ability	RavenMorphtoRavenSiegeMiraMira			D:\MyWork\新建文件夹\mom.report.client\src\MyMod\crys_the_swarm_reborn.SC2Mod\原始mod\Mods\XM\XMFinal.SC2Mod\Base.SC2Data\GameData\AbilData.xml	missing_in_official_sources
ability	ReaperFlyMira			D:\MyWork\新建文件夹\mom.report.client\src\MyMod\crys_the_swarm_reborn.SC2Mod\原始mod\Mods\XM\XMFinal.SC2Mod\Base.SC2Data\GameData\AbilData.xml	missing_in_official_sources
ability	SiegeMode			D:\MyWork\新建文件夹\mom.report.client\src\MyMod\crys_the_swarm_reborn.SC2Mod\原始mod\Mods\XM\XMFinal.SC2Mod\Base.SC2Data\GameData\AbilData.xml	missing_in_official_sources
ability	SpawnBanelings			D:\MyWork\新建文件夹\mom.report.client\src\MyMod\crys_the_swarm_reborn.SC2Mod\原始mod\Mods\XM\XMFinal.SC2Mod\Base.SC2Data\GameData\AbilData.xml	missing_in_official_sources
ability	Stimpack			D:\MyWork\新建文件夹\mom.report.client\src\MyMod\crys_the_swarm_reborn.SC2Mod\原始mod\Mods\XM\XMFinal.SC2Mod\Base.SC2Data\GameData\AbilData.xml	missing_in_official_sources
ability	StimpackMarauder			D:\MyWork\新建文件夹\mom.report.client\src\MyMod\crys_the_swarm_reborn.SC2Mod\原始mod\Mods\XM\XMFinal.SC2Mod\Base.SC2Data\GameData\AbilData.xml	missing_in_official_sources
ability	TacNukeStrike			D:\MyWork\新建文件夹\mom.report.client\src\MyMod\crys_the_swarm_reborn.SC2Mod\原始mod\Mods\XM\XMFinal.SC2Mod\Base.SC2Data\GameData\AbilData.xml	missing_in_official_sources
ability	TacticalJumpChargesMira			D:\MyWork\新建文件夹\mom.report.client\src\MyMod\crys_the_swarm_reborn.SC2Mod\原始mod\Mods\XM\XMFinal.SC2Mod\Base.SC2Data\GameData\AbilData.xml	missing_in_official_sources
ability	TychusGhostSnipe			D:\MyWork\新建文件夹\mom.report.client\src\MyMod\crys_the_swarm_reborn.SC2Mod\原始mod\Mods\XM\XMFinal.SC2Mod\Base.SC2Data\GameData\AbilData.xml	missing_in_official_sources
ability	VikingRocketsMira			D:\MyWork\新建文件夹\mom.report.client\src\MyMod\crys_the_swarm_reborn.SC2Mod\原始mod\Mods\XM\XMFinal.SC2Mod\Base.SC2Data\GameData\AbilData.xml	missing_in_official_sources
ability	ViperConsumeStructure			D:\MyWork\新建文件夹\mom.report.client\src\MyMod\crys_the_swarm_reborn.SC2Mod\原始mod\Mods\XM\XMFinal.SC2Mod\Base.SC2Data\GameData\AbilData.xml	missing_in_official_sources
ability	VoidRaySwarmDamageBoost			D:\MyWork\新建文件夹\mom.report.client\src\MyMod\crys_the_swarm_reborn.SC2Mod\原始mod\Mods\XM\XMFinal.SC2Mod\Base.SC2Data\GameData\AbilData.xml	missing_in_official_sources
ability	VoidScienceVesselNanoRepair			D:\MyWork\新建文件夹\mom.report.client\src\MyMod\crys_the_swarm_reborn.SC2Mod\原始mod\Mods\XM\XMFinal.SC2Mod\Base.SC2Data\GameData\AbilData.xml	missing_in_official_sources
ability	VolatileBurstBuilding			D:\MyWork\新建文件夹\mom.report.client\src\MyMod\crys_the_swarm_reborn.SC2Mod\原始mod\Mods\XM\XMFinal.SC2Mod\Base.SC2Data\GameData\AbilData.xml	missing_in_official_sources
ability	WidowMineAttackMira			D:\MyWork\新建文件夹\mom.report.client\src\MyMod\crys_the_swarm_reborn.SC2Mod\原始mod\Mods\XM\XMFinal.SC2Mod\Base.SC2Data\GameData\AbilData.xml	missing_in_official_sources
ability	WidowMineBurrowMira			D:\MyWork\新建文件夹\mom.report.client\src\MyMod\crys_the_swarm_reborn.SC2Mod\原始mod\Mods\XM\XMFinal.SC2Mod\Base.SC2Data\GameData\AbilData.xml	missing_in_official_sources
ability	WraithCloak			D:\MyWork\新建文件夹\mom.report.client\src\MyMod\crys_the_swarm_reborn.SC2Mod\原始mod\Mods\XM\XMFinal.SC2Mod\Base.SC2Data\GameData\AbilData.xml	missing_in_official_sources
ability	WraithCloakMira			D:\MyWork\新建文件夹\mom.report.client\src\MyMod\crys_the_swarm_reborn.SC2Mod\原始mod\Mods\XM\XMFinal.SC2Mod\Base.SC2Data\GameData\AbilData.xml	missing_in_official_sources
ability	YamatoShotsMira			D:\MyWork\新建文件夹\mom.report.client\src\MyMod\crys_the_swarm_reborn.SC2Mod\原始mod\Mods\XM\XMFinal.SC2Mod\Base.SC2Data\GameData\AbilData.xml	missing_in_official_sources
ability	Yoink			D:\MyWork\新建文件夹\mom.report.client\src\MyMod\crys_the_swarm_reborn.SC2Mod\原始mod\Mods\XM\XMFinal.SC2Mod\Base.SC2Data\GameData\AbilData.xml	missing_in_official_sources
ability	AbathurDeepTunnel	CAbilEffectTarget	references/sc2-build-96883-casc-export/mods/starcoop/starcoop.sc2mod/base.sc2data/gamedata/abildata.xml	D:\MyWork\新建文件夹\mom.report.client\src\MyMod\crys_the_swarm_reborn.SC2Mod\原始mod\Mods\XM\XMFinal.SC2Mod\Base.SC2Data\GameData\AbilData.xml	skipped_existing
ability	AbathurDeepTunnelImproved	CAbilEffectTarget	references/sc2-build-96883-casc-export/mods/starcoop/starcoop.sc2mod/base.sc2data/gamedata/abildata.xml	D:\MyWork\新建文件夹\mom.report.client\src\MyMod\crys_the_swarm_reborn.SC2Mod\原始mod\Mods\XM\XMFinal.SC2Mod\Base.SC2Data\GameData\AbilData.xml	skipped_existing
ability	AbathurSymbioteHangerBrutalisk	CAbilArmMagazine	references/sc2-build-96883-casc-export/mods/starcoop/starcoop.sc2mod/base.sc2data/gamedata/abildata.xml	D:\MyWork\新建文件夹\mom.report.client\src\MyMod\crys_the_swarm_reborn.SC2Mod\原始mod\Mods\XM\XMFinal.SC2Mod\Base.SC2Data\GameData\AbilData.xml	skipped_existing
ability	AdvancedConstructionAuto	CAbilEffectTarget	references/sc2-build-96883-casc-export/mods/starcoop/starcoop.sc2mod/base.sc2data/gamedata/abildata.xml	D:\MyWork\新建文件夹\mom.report.client\src\MyMod\crys_the_swarm_reborn.SC2Mod\原始mod\Mods\XM\XMFinal.SC2Mod\Base.SC2Data\GameData\AbilData.xml	skipped_existing
ability	ArchonWarp	CAbilMerge	references/sc2-build-96883-casc-export/mods/starcoop/starcoop.sc2mod/base.sc2data/gamedata/abildata.xml	D:\MyWork\新建文件夹\mom.report.client\src\MyMod\crys_the_swarm_reborn.SC2Mod\原始mod\Mods\XM\XMFinal.SC2Mod\Base.SC2Data\GameData\AbilData.xml	skipped_existing
ability	AscendantSacrificeInstant	CAbilEffectInstant	references/sc2-build-96883-casc-export/mods/starcoop/starcoop.sc2mod/base.sc2data/gamedata/abildata.xml	D:\MyWork\新建文件夹\mom.report.client\src\MyMod\crys_the_swarm_reborn.SC2Mod\原始mod\Mods\XM\XMFinal.SC2Mod\Base.SC2Data\GameData\AbilData.xml	skipped_existing
ability	AssaultModeMengsk	CAbilMorph	references/sc2-build-96883-casc-export/mods/starcoop/commanders/arcturusmengsk.sc2mod/base.sc2data/gamedata/abildata.xml	D:\MyWork\新建文件夹\mom.report.client\src\MyMod\crys_the_swarm_reborn.SC2Mod\原始mod\Mods\XM\XMFinal.SC2Mod\Base.SC2Data\GameData\AbilData.xml	skipped_existing
ability	BanelingStetmannExplode	CAbilEffectInstant	references/sc2-build-96883-casc-export/mods/starcoop/commanders/egonstetmann.sc2mod/base.sc2data/gamedata/abildata.xml	D:\MyWork\新建文件夹\mom.report.client\src\MyMod\crys_the_swarm_reborn.SC2Mod\原始mod\Mods\XM\XMFinal.SC2Mod\Base.SC2Data\GameData\AbilData.xml	skipped_existing
ability	BanelingStetmannJump	CAbilAugment	references/sc2-build-96883-casc-export/mods/starcoop/commanders/egonstetmann.sc2mod/base.sc2data/gamedata/abildata.xml	D:\MyWork\新建文件夹\mom.report.client\src\MyMod\crys_the_swarm_reborn.SC2Mod\原始mod\Mods\XM\XMFinal.SC2Mod\Base.SC2Data\GameData\AbilData.xml	skipped_existing
ability	Banshee_BlackOpsAirstrike	CAbilEffectTarget	references/sc2-build-96883-casc-export/mods/starcoop/starcoop.sc2mod/base.sc2data/gamedata/abildata.xml	D:\MyWork\新建文件夹\mom.report.client\src\MyMod\crys_the_swarm_reborn.SC2Mod\原始mod\Mods\XM\XMFinal.SC2Mod\Base.SC2Data\GameData\AbilData.xml	skipped_existing
ability	BattlecruiserMengskHyperjump	CAbilEffectTarget	references/sc2-build-96883-casc-export/mods/starcoop/commanders/arcturusmengsk.sc2mod/base.sc2data/gamedata/abildata.xml	D:\MyWork\新建文件夹\mom.report.client\src\MyMod\crys_the_swarm_reborn.SC2Mod\原始mod\Mods\XM\XMFinal.SC2Mod\Base.SC2Data\GameData\AbilData.xml	skipped_existing
ability	BattlecruiserMengskYamato	CAbilEffectTarget	references/sc2-build-96883-casc-export/mods/starcoop/commanders/arcturusmengsk.sc2mod/base.sc2data/gamedata/abildata.xml	D:\MyWork\新建文件夹\mom.report.client\src\MyMod\crys_the_swarm_reborn.SC2Mod\原始mod\Mods\XM\XMFinal.SC2Mod\Base.SC2Data\GameData\AbilData.xml	skipped_existing
ability	Blink	CAbilEffectTarget	references/sc2-build-96883-casc-export/mods/starcoop/starcoop.sc2mod/base.sc2data/gamedata/abildata.xml	D:\MyWork\新建文件夹\mom.report.client\src\MyMod\crys_the_swarm_reborn.SC2Mod\原始mod\Mods\XM\XMFinal.SC2Mod\Base.SC2Data\GameData\AbilData.xml	skipped_existing
ability	BlinkSlayer	CAbilEffectTarget	references/sc2-build-96883-casc-export/mods/starcoop/starcoop.sc2mod/base.sc2data/gamedata/abildata.xml	D:\MyWork\新建文件夹\mom.report.client\src\MyMod\crys_the_swarm_reborn.SC2Mod\原始mod\Mods\XM\XMFinal.SC2Mod\Base.SC2Data\GameData\AbilData.xml	skipped_existing
ability	BroodLordStetmannBomberMagazine	CAbilArmMagazine	references/sc2-build-96883-casc-export/mods/starcoop/commanders/egonstetmann.sc2mod/base.sc2data/gamedata/abildata.xml	D:\MyWork\新建文件夹\mom.report.client\src\MyMod\crys_the_swarm_reborn.SC2Mod\原始mod\Mods\XM\XMFinal.SC2Mod\Base.SC2Data\GameData\AbilData.xml	skipped_existing
ability	BroodLordStetmannBroodlingEscortArmAugment	CAbilAugment	references/sc2-build-96883-casc-export/mods/starcoop/commanders/egonstetmann.sc2mod/base.sc2data/gamedata/abildata.xml	D:\MyWork\新建文件夹\mom.report.client\src\MyMod\crys_the_swarm_reborn.SC2Mod\原始mod\Mods\XM\XMFinal.SC2Mod\Base.SC2Data\GameData\AbilData.xml	skipped_existing
ability	BroodLordStetmannYamatoGun	CAbilEffectTarget	references/sc2-build-96883-casc-export/mods/starcoop/commanders/egonstetmann.sc2mod/base.sc2data/gamedata/abildata.xml	D:\MyWork\新建文件夹\mom.report.client\src\MyMod\crys_the_swarm_reborn.SC2Mod\原始mod\Mods\XM\XMFinal.SC2Mod\Base.SC2Data\GameData\AbilData.xml	skipped_existing
ability	BrutaliskDeepTunnel	CAbilEffectTarget	references/sc2-build-96883-casc-export/mods/starcoop/starcoop.sc2mod/base.sc2data/gamedata/abildata.xml	D:\MyWork\新建文件夹\mom.report.client\src\MyMod\crys_the_swarm_reborn.SC2Mod\原始mod\Mods\XM\XMFinal.SC2Mod\Base.SC2Data\GameData\AbilData.xml	skipped_existing
ability	BuildAutoTurret_BlackOps	CAbilEffectTarget	references/sc2-build-96883-casc-export/mods/starcoop/starcoop.sc2mod/base.sc2data/gamedata/abildata.xml	D:\MyWork\新建文件夹\mom.report.client\src\MyMod\crys_the_swarm_reborn.SC2Mod\原始mod\Mods\XM\XMFinal.SC2Mod\Base.SC2Data\GameData\AbilData.xml	skipped_existing
ability	BurrowBanelingDownStetmann	CAbilMorph	references/sc2-build-96883-casc-export/mods/starcoop/commanders/egonstetmann.sc2mod/base.sc2data/gamedata/abildata.xml	D:\MyWork\新建文件夹\mom.report.client\src\MyMod\crys_the_swarm_reborn.SC2Mod\原始mod\Mods\XM\XMFinal.SC2Mod\Base.SC2Data\GameData\AbilData.xml	skipped_existing
ability	BurrowBrutaliskDown	CAbilMorph	references/sc2-build-96883-casc-export/mods/starcoop/starcoop.sc2mod/base.sc2data/gamedata/abildata.xml	D:\MyWork\新建文件夹\mom.report.client\src\MyMod\crys_the_swarm_reborn.SC2Mod\原始mod\Mods\XM\XMFinal.SC2Mod\Base.SC2Data\GameData\AbilData.xml	skipped_existing
ability	BurrowDehakaHydraliskLevel2Down	CAbilMorph	references/sc2-build-96883-casc-export/mods/starcoop/starcoop.sc2mod/base.sc2data/gamedata/abildata.xml	D:\MyWork\新建文件夹\mom.report.client\src\MyMod\crys_the_swarm_reborn.SC2Mod\原始mod\Mods\XM\XMFinal.SC2Mod\Base.SC2Data\GameData\AbilData.xml	skipped_existing
ability	BurrowDehakaRavasaurDown	CAbilMorph	references/sc2-build-96883-casc-export/mods/starcoop/starcoop.sc2mod/base.sc2data/gamedata/abildata.xml	D:\MyWork\新建文件夹\mom.report.client\src\MyMod\crys_the_swarm_reborn.SC2Mod\原始mod\Mods\XM\XMFinal.SC2Mod\Base.SC2Data\GameData\AbilData.xml	skipped_existing
ability	BurrowDehakaRoachLevel2Down	CAbilMorph	references/sc2-build-96883-casc-export/mods/starcoop/starcoop.sc2mod/base.sc2data/gamedata/abildata.xml	D:\MyWork\新建文件夹\mom.report.client\src\MyMod\crys_the_swarm_reborn.SC2Mod\原始mod\Mods\XM\XMFinal.SC2Mod\Base.SC2Data\GameData\AbilData.xml	skipped_existing
ability	BurrowDehakaRoachLevel3Down	CAbilMorph	references/sc2-build-96883-casc-export/mods/starcoop/starcoop.sc2mod/base.sc2data/gamedata/abildata.xml	D:\MyWork\新建文件夹\mom.report.client\src\MyMod\crys_the_swarm_reborn.SC2Mod\原始mod\Mods\XM\XMFinal.SC2Mod\Base.SC2Data\GameData\AbilData.xml	skipped_existing
ability	BurrowDehakaUltraliskLevel2Down	CAbilMorph	references/sc2-build-96883-casc-export/mods/starcoop/starcoop.sc2mod/base.sc2data/gamedata/abildata.xml	D:\MyWork\新建文件夹\mom.report.client\src\MyMod\crys_the_swarm_reborn.SC2Mod\原始mod\Mods\XM\XMFinal.SC2Mod\Base.SC2Data\GameData\AbilData.xml	skipped_existing
ability	BurrowDehakaUltraliskLevel3Down	CAbilMorph	references/sc2-build-96883-casc-export/mods/starcoop/starcoop.sc2mod/base.sc2data/gamedata/abildata.xml	D:\MyWork\新建文件夹\mom.report.client\src\MyMod\crys_the_swarm_reborn.SC2Mod\原始mod\Mods\XM\XMFinal.SC2Mod\Base.SC2Data\GameData\AbilData.xml	skipped_existing
ability	BurrowDehakaZerglingLevel2Down	CAbilMorph	references/sc2-build-96883-casc-export/mods/starcoop/starcoop.sc2mod/base.sc2data/gamedata/abildata.xml	D:\MyWork\新建文件夹\mom.report.client\src\MyMod\crys_the_swarm_reborn.SC2Mod\原始mod\Mods\XM\XMFinal.SC2Mod\Base.SC2Data\GameData\AbilData.xml	skipped_existing
ability	BurrowHydraliskDownStetmann	CAbilMorph	references/sc2-build-96883-casc-export/mods/starcoop/commanders/egonstetmann.sc2mod/base.sc2data/gamedata/abildata.xml	D:\MyWork\新建文件夹\mom.report.client\src\MyMod\crys_the_swarm_reborn.SC2Mod\原始mod\Mods\XM\XMFinal.SC2Mod\Base.SC2Data\GameData\AbilData.xml	skipped_existing
ability	BurrowImpalerDehakaDown	CAbilMorph	references/sc2-build-96883-casc-export/mods/starcoop/starcoop.sc2mod/base.sc2data/gamedata/abildata.xml	D:\MyWork\新建文件夹\mom.report.client\src\MyMod\crys_the_swarm_reborn.SC2Mod\原始mod\Mods\XM\XMFinal.SC2Mod\Base.SC2Data\GameData\AbilData.xml	skipped_existing
ability	BurrowInfestorDownStetmann	CAbilMorph	references/sc2-build-96883-casc-export/mods/starcoop/commanders/egonstetmann.sc2mod/base.sc2data/gamedata/abildata.xml	D:\MyWork\新建文件夹\mom.report.client\src\MyMod\crys_the_swarm_reborn.SC2Mod\原始mod\Mods\XM\XMFinal.SC2Mod\Base.SC2Data\GameData\AbilData.xml	skipped_existing
ability	BurrowLurkerDownStetmann	CAbilMorph	references/sc2-build-96883-casc-export/mods/starcoop/commanders/egonstetmann.sc2mod/base.sc2data/gamedata/abildata.xml	D:\MyWork\新建文件夹\mom.report.client\src\MyMod\crys_the_swarm_reborn.SC2Mod\原始mod\Mods\XM\XMFinal.SC2Mod\Base.SC2Data\GameData\AbilData.xml	skipped_existing
ability	BurrowLurkerUpStetmann	CAbilMorph	references/sc2-build-96883-casc-export/mods/starcoop/commanders/egonstetmann.sc2mod/base.sc2data/gamedata/abildata.xml	D:\MyWork\新建文件夹\mom.report.client\src\MyMod\crys_the_swarm_reborn.SC2Mod\原始mod\Mods\XM\XMFinal.SC2Mod\Base.SC2Data\GameData\AbilData.xml	skipped_existing
ability	BurrowRavagerAbathurDown	CAbilMorph	references/sc2-build-96883-casc-export/mods/starcoop/starcoop.sc2mod/base.sc2data/gamedata/abildata.xml	D:\MyWork\新建文件夹\mom.report.client\src\MyMod\crys_the_swarm_reborn.SC2Mod\原始mod\Mods\XM\XMFinal.SC2Mod\Base.SC2Data\GameData\AbilData.xml	skipped_existing
ability	BurrowRavagerDownStetmann	CAbilMorph	references/sc2-build-96883-casc-export/mods/starcoop/commanders/egonstetmann.sc2mod/base.sc2data/gamedata/abildata.xml	D:\MyWork\新建文件夹\mom.report.client\src\MyMod\crys_the_swarm_reborn.SC2Mod\原始mod\Mods\XM\XMFinal.SC2Mod\Base.SC2Data\GameData\AbilData.xml	skipped_existing
ability	BurrowRoachDownStetmann	CAbilMorph	references/sc2-build-96883-casc-export/mods/starcoop/commanders/egonstetmann.sc2mod/base.sc2data/gamedata/abildata.xml	D:\MyWork\新建文件夹\mom.report.client\src\MyMod\crys_the_swarm_reborn.SC2Mod\原始mod\Mods\XM\XMFinal.SC2Mod\Base.SC2Data\GameData\AbilData.xml	skipped_existing
ability	BurrowSIInfestedCivilianDown	CAbilMorph	references/sc2-build-96883-casc-export/mods/starcoop/starcoop.sc2mod/base.sc2data/gamedata/abildata.xml	D:\MyWork\新建文件夹\mom.report.client\src\MyMod\crys_the_swarm_reborn.SC2Mod\原始mod\Mods\XM\XMFinal.SC2Mod\Base.SC2Data\GameData\AbilData.xml	skipped_existing
ability	BurrowSIInfestedMarineDown	CAbilMorph	references/sc2-build-96883-casc-export/mods/starcoop/starcoop.sc2mod/base.sc2data/gamedata/abildata.xml	D:\MyWork\新建文件夹\mom.report.client\src\MyMod\crys_the_swarm_reborn.SC2Mod\原始mod\Mods\XM\XMFinal.SC2Mod\Base.SC2Data\GameData\AbilData.xml	skipped_existing
ability	BurrowUltraliskDownStetmann	CAbilMorph	references/sc2-build-96883-casc-export/mods/starcoop/commanders/egonstetmann.sc2mod/base.sc2data/gamedata/abildata.xml	D:\MyWork\新建文件夹\mom.report.client\src\MyMod\crys_the_swarm_reborn.SC2Mod\原始mod\Mods\XM\XMFinal.SC2Mod\Base.SC2Data\GameData\AbilData.xml	skipped_existing
ability	BurrowZerglingDownStetmann	CAbilMorph	references/sc2-build-96883-casc-export/mods/starcoop/commanders/egonstetmann.sc2mod/base.sc2data/gamedata/abildata.xml	D:\MyWork\新建文件夹\mom.report.client\src\MyMod\crys_the_swarm_reborn.SC2Mod\原始mod\Mods\XM\XMFinal.SC2Mod\Base.SC2Data\GameData\AbilData.xml	skipped_existing
ability	CausticSpray	CAbilEffectTarget	references/sc2-build-96883-casc-export/mods/starcoop/starcoop.sc2mod/base.sc2data/gamedata/abildata.xml	D:\MyWork\新建文件夹\mom.report.client\src\MyMod\crys_the_swarm_reborn.SC2Mod\原始mod\Mods\XM\XMFinal.SC2Mod\Base.SC2Data\GameData\AbilData.xml	skipped_existing
ability	Charge	CAbilAugment	references/sc2-build-96883-casc-export/mods/starcoop/starcoop.sc2mod/base.sc2data/gamedata/abildata.xml	D:\MyWork\新建文件夹\mom.report.client\src\MyMod\crys_the_swarm_reborn.SC2Mod\原始mod\Mods\XM\XMFinal.SC2Mod\Base.SC2Data\GameData\AbilData.xml	skipped_existing
ability	CommanderPrestigeDehakaPackLeadersRetreat	CAbilEffectInstant	references/sc2-build-96883-casc-export/mods/starcoop/starcoop.sc2mod/base.sc2data/gamedata/abildata.xml	D:\MyWork\新建文件夹\mom.report.client\src\MyMod\crys_the_swarm_reborn.SC2Mod\原始mod\Mods\XM\XMFinal.SC2Mod\Base.SC2Data\GameData\AbilData.xml	skipped_existing
ability	CommanderPrestigeSwannHerculesScienceVesselTacticalJump	CAbilEffectTarget	references/sc2-build-96883-casc-export/mods/starcoop/starcoop.sc2mod/base.sc2data/gamedata/abildata.xml	D:\MyWork\新建文件夹\mom.report.client\src\MyMod\crys_the_swarm_reborn.SC2Mod\原始mod\Mods\XM\XMFinal.SC2Mod\Base.SC2Data\GameData\AbilData.xml	skipped_existing
ability	CommanderPrestigeZagaraZagaraDeepTunnel	CAbilEffectTarget	references/sc2-build-96883-casc-export/mods/starcoop/starcoop.sc2mod/base.sc2data/gamedata/abildata.xml	D:\MyWork\新建文件夹\mom.report.client\src\MyMod\crys_the_swarm_reborn.SC2Mod\原始mod\Mods\XM\XMFinal.SC2Mod\Base.SC2Data\GameData\AbilData.xml	skipped_existing
ability	CoopMurvarSpawnCreepers	CAbilEffectInstant	references/sc2-build-96883-casc-export/mods/starcoop/starcoop.sc2mod/base.sc2data/gamedata/abildata.xml	D:\MyWork\新建文件夹\mom.report.client\src\MyMod\crys_the_swarm_reborn.SC2Mod\原始mod\Mods\XM\XMFinal.SC2Mod\Base.SC2Data\GameData\AbilData.xml	skipped_existing
ability	Corruption	CAbilEffectTarget	references/sc2-build-96883-casc-export/mods/starcoop/starcoop.sc2mod/base.sc2data/gamedata/abildata.xml	D:\MyWork\新建文件夹\mom.report.client\src\MyMod\crys_the_swarm_reborn.SC2Mod\原始mod\Mods\XM\XMFinal.SC2Mod\Base.SC2Data\GameData\AbilData.xml	skipped_existing
ability	CorruptorStetmannCausticSpray	CAbilEffectTarget	references/sc2-build-96883-casc-export/mods/starcoop/commanders/egonstetmann.sc2mod/base.sc2data/gamedata/abildata.xml	D:\MyWork\新建文件夹\mom.report.client\src\MyMod\crys_the_swarm_reborn.SC2Mod\原始mod\Mods\XM\XMFinal.SC2Mod\Base.SC2Data\GameData\AbilData.xml	skipped_existing
ability	CorruptorStetmannMissilePods	CAbilEffectTarget	references/sc2-build-96883-casc-export/mods/starcoop/commanders/egonstetmann.sc2mod/base.sc2data/gamedata/abildata.xml	D:\MyWork\新建文件夹\mom.report.client\src\MyMod\crys_the_swarm_reborn.SC2Mod\原始mod\Mods\XM\XMFinal.SC2Mod\Base.SC2Data\GameData\AbilData.xml	skipped_existing
ability	CorsairMPDisruptionWeb	CAbilEffectTarget	references/sc2-build-96883-casc-export/mods/starcoop/starcoop.sc2mod/base.sc2data/gamedata/abildata.xml	D:\MyWork\新建文件夹\mom.report.client\src\MyMod\crys_the_swarm_reborn.SC2Mod\原始mod\Mods\XM\XMFinal.SC2Mod\Base.SC2Data\GameData\AbilData.xml	skipped_existing
ability	DarkTemplarShadowDash	CAbilEffectTarget	references/sc2-build-96883-casc-export/mods/starcoop/starcoop.sc2mod/base.sc2data/gamedata/abildata.xml	D:\MyWork\新建文件夹\mom.report.client\src\MyMod\crys_the_swarm_reborn.SC2Mod\原始mod\Mods\XM\XMFinal.SC2Mod\Base.SC2Data\GameData\AbilData.xml	skipped_existing
ability	DarkTemplarShadowFury	CAbilEffectTarget	references/sc2-build-96883-casc-export/mods/starcoop/starcoop.sc2mod/base.sc2data/gamedata/abildata.xml	D:\MyWork\新建文件夹\mom.report.client\src\MyMod\crys_the_swarm_reborn.SC2Mod\原始mod\Mods\XM\XMFinal.SC2Mod\Base.SC2Data\GameData\AbilData.xml	skipped_existing
ability	DefensiveMatrixTarget	CAbilEffectTarget	references/sc2-build-96883-casc-export/mods/starcoop/starcoop.sc2mod/base.sc2data/gamedata/abildata.xml	D:\MyWork\新建文件夹\mom.report.client\src\MyMod\crys_the_swarm_reborn.SC2Mod\原始mod\Mods\XM\XMFinal.SC2Mod\Base.SC2Data\GameData\AbilData.xml	skipped_existing
ability	DehakaAirAttackUpgrade	CAbilBehavior	references/sc2-build-96883-casc-export/mods/starcoop/starcoop.sc2mod/base.sc2data/gamedata/abildata.xml	D:\MyWork\新建文件夹\mom.report.client\src\MyMod\crys_the_swarm_reborn.SC2Mod\原始mod\Mods\XM\XMFinal.SC2Mod\Base.SC2Data\GameData\AbilData.xml	skipped_existing
ability	DehakaArmorUpgrade	CAbilBehavior	references/sc2-build-96883-casc-export/mods/starcoop/starcoop.sc2mod/base.sc2data/gamedata/abildata.xml	D:\MyWork\新建文件夹\mom.report.client\src\MyMod\crys_the_swarm_reborn.SC2Mod\原始mod\Mods\XM\XMFinal.SC2Mod\Base.SC2Data\GameData\AbilData.xml	skipped_existing
ability	DehakaConsume	CAbilEffectTarget	references/sc2-build-96883-casc-export/mods/starcoop/starcoop.sc2mod/base.sc2data/gamedata/abildata.xml	D:\MyWork\新建文件夹\mom.report.client\src\MyMod\crys_the_swarm_reborn.SC2Mod\原始mod\Mods\XM\XMFinal.SC2Mod\Base.SC2Data\GameData\AbilData.xml	skipped_existing
ability	DehakaDetector	CAbilBehavior	references/sc2-build-96883-casc-export/mods/starcoop/starcoop.sc2mod/base.sc2data/gamedata/abildata.xml	D:\MyWork\新建文件夹\mom.report.client\src\MyMod\crys_the_swarm_reborn.SC2Mod\原始mod\Mods\XM\XMFinal.SC2Mod\Base.SC2Data\GameData\AbilData.xml	skipped_existing
ability	DehakaDroneMorph	CAbilBuild	references/sc2-build-96883-casc-export/mods/starcoop/starcoop.sc2mod/base.sc2data/gamedata/abildata.xml	D:\MyWork\新建文件夹\mom.report.client\src\MyMod\crys_the_swarm_reborn.SC2Mod\原始mod\Mods\XM\XMFinal.SC2Mod\Base.SC2Data\GameData\AbilData.xml	skipped_existing
ability	DehakaIntimidatingRoar	CAbilEffectInstant	references/sc2-build-96883-casc-export/mods/starcoop/starcoop.sc2mod/base.sc2data/gamedata/abildata.xml	D:\MyWork\新建文件夹\mom.report.client\src\MyMod\crys_the_swarm_reborn.SC2Mod\原始mod\Mods\XM\XMFinal.SC2Mod\Base.SC2Data\GameData\AbilData.xml	skipped_existing
ability	DehakaLeapStomp	CAbilEffectTarget	references/sc2-build-96883-casc-export/mods/starcoop/starcoop.sc2mod/base.sc2data/gamedata/abildata.xml	D:\MyWork\新建文件夹\mom.report.client\src\MyMod\crys_the_swarm_reborn.SC2Mod\原始mod\Mods\XM\XMFinal.SC2Mod\Base.SC2Data\GameData\AbilData.xml	skipped_existing
ability	DehakaMendingAura	CAbilBehavior	references/sc2-build-96883-casc-export/mods/starcoop/starcoop.sc2mod/base.sc2data/gamedata/abildata.xml	D:\MyWork\新建文件夹\mom.report.client\src\MyMod\crys_the_swarm_reborn.SC2Mod\原始mod\Mods\XM\XMFinal.SC2Mod\Base.SC2Data\GameData\AbilData.xml	skipped_existing
ability	DehakaMorphToPrimalSwarmHostBurrowed	CAbilMorph	references/sc2-build-96883-casc-export/mods/starcoop/starcoop.sc2mod/base.sc2data/gamedata/abildata.xml	D:\MyWork\新建文件夹\mom.report.client\src\MyMod\crys_the_swarm_reborn.SC2Mod\原始mod\Mods\XM\XMFinal.SC2Mod\Base.SC2Data\GameData\AbilData.xml	skipped_existing
ability	DehakaMorphToSwarmHostBurrowed	CAbilMorph	references/sc2-build-96883-casc-export/mods/starcoop/starcoop.sc2mod/base.sc2data/gamedata/abildata.xml	D:\MyWork\新建文件夹\mom.report.client\src\MyMod\crys_the_swarm_reborn.SC2Mod\原始mod\Mods\XM\XMFinal.SC2Mod\Base.SC2Data\GameData\AbilData.xml	skipped_existing
ability	DehakaSpawnCreeperTargeted	CAbilEffectTarget	references/sc2-build-96883-casc-export/mods/starcoop/starcoop.sc2mod/base.sc2data/gamedata/abildata.xml	D:\MyWork\新建文件夹\mom.report.client\src\MyMod\crys_the_swarm_reborn.SC2Mod\原始mod\Mods\XM\XMFinal.SC2Mod\Base.SC2Data\GameData\AbilData.xml	skipped_existing
ability	DehakaSpawnLocustsTargeted	CAbilEffectTarget	references/sc2-build-96883-casc-export/mods/starcoop/starcoop.sc2mod/base.sc2data/gamedata/abildata.xml	D:\MyWork\新建文件夹\mom.report.client\src\MyMod\crys_the_swarm_reborn.SC2Mod\原始mod\Mods\XM\XMFinal.SC2Mod\Base.SC2Data\GameData\AbilData.xml	skipped_existing
ability	DehakaUltraliskCrashingCharge	CAbilEffectTarget	references/sc2-build-96883-casc-export/mods/starcoop/starcoop.sc2mod/base.sc2data/gamedata/abildata.xml	D:\MyWork\新建文件夹\mom.report.client\src\MyMod\crys_the_swarm_reborn.SC2Mod\原始mod\Mods\XM\XMFinal.SC2Mod\Base.SC2Data\GameData\AbilData.xml	skipped_existing
ability	DeploySpiderMines	CAbilEffectTarget	references/sc2-build-96883-casc-export/mods/starcoop/starcoop.sc2mod/base.sc2data/gamedata/abildata.xml	D:\MyWork\新建文件夹\mom.report.client\src\MyMod\crys_the_swarm_reborn.SC2Mod\原始mod\Mods\XM\XMFinal.SC2Mod\Base.SC2Data\GameData\AbilData.xml	skipped_existing
ability	EMPBlackOps	CAbilEffectTarget	references/sc2-build-96883-casc-export/mods/starcoop/starcoop.sc2mod/base.sc2data/gamedata/abildata.xml	D:\MyWork\新建文件夹\mom.report.client\src\MyMod\crys_the_swarm_reborn.SC2Mod\原始mod\Mods\XM\XMFinal.SC2Mod\Base.SC2Data\GameData\AbilData.xml	skipped_existing
ability	Explode	CAbilEffectInstant	references/sc2-build-96883-casc-export/mods/starcoop/starcoop.sc2mod/base.sc2data/gamedata/abildata.xml	D:\MyWork\新建文件夹\mom.report.client\src\MyMod\crys_the_swarm_reborn.SC2Mod\原始mod\Mods\XM\XMFinal.SC2Mod\Base.SC2Data\GameData\AbilData.xml	skipped_existing
ability	FenixSentryGuardianZone	CAbilEffectTarget	references/sc2-build-96883-casc-export/mods/starcoop/starcoop.sc2mod/base.sc2data/gamedata/abildata.xml	D:\MyWork\新建文件夹\mom.report.client\src\MyMod\crys_the_swarm_reborn.SC2Mod\原始mod\Mods\XM\XMFinal.SC2Mod\Base.SC2Data\GameData\AbilData.xml	skipped_existing
ability	FighterModeMengsk	CAbilMorph	references/sc2-build-96883-casc-export/mods/starcoop/commanders/arcturusmengsk.sc2mod/base.sc2data/gamedata/abildata.xml	D:\MyWork\新建文件夹\mom.report.client\src\MyMod\crys_the_swarm_reborn.SC2Mod\原始mod\Mods\XM\XMFinal.SC2Mod\Base.SC2Data\GameData\AbilData.xml	skipped_existing
ability	GaryStetmannOrb	CAbilEffectTarget	references/sc2-build-96883-casc-export/mods/starcoop/commanders/egonstetmann.sc2mod/base.sc2data/gamedata/abildata.xml	D:\MyWork\新建文件夹\mom.report.client\src\MyMod\crys_the_swarm_reborn.SC2Mod\原始mod\Mods\XM\XMFinal.SC2Mod\Base.SC2Data\GameData\AbilData.xml	skipped_existing
ability	GaryStetmannPowerTowerOverchargeEnergy	CAbilEffectTarget	references/sc2-build-96883-casc-export/mods/starcoop/commanders/egonstetmann.sc2mod/base.sc2data/gamedata/abildata.xml	D:\MyWork\新建文件夹\mom.report.client\src\MyMod\crys_the_swarm_reborn.SC2Mod\原始mod\Mods\XM\XMFinal.SC2Mod\Base.SC2Data\GameData\AbilData.xml	skipped_existing
ability	GaryStetmannRecall	CAbilEffectTarget	references/sc2-build-96883-casc-export/mods/starcoop/commanders/egonstetmann.sc2mod/base.sc2data/gamedata/abildata.xml	D:\MyWork\新建文件夹\mom.report.client\src\MyMod\crys_the_swarm_reborn.SC2Mod\原始mod\Mods\XM\XMFinal.SC2Mod\Base.SC2Data\GameData\AbilData.xml	skipped_existing
ability	GhostMengskEMPShortStun	CAbilEffectTarget	references/sc2-build-96883-casc-export/mods/starcoop/commanders/arcturusmengsk.sc2mod/base.sc2data/gamedata/abildata.xml	D:\MyWork\新建文件夹\mom.report.client\src\MyMod\crys_the_swarm_reborn.SC2Mod\原始mod\Mods\XM\XMFinal.SC2Mod\Base.SC2Data\GameData\AbilData.xml	skipped_existing
ability	GhostMengskHoldFire	CAbilEffectInstant	references/sc2-build-96883-casc-export/mods/starcoop/commanders/arcturusmengsk.sc2mod/base.sc2data/gamedata/abildata.xml	D:\MyWork\新建文件夹\mom.report.client\src\MyMod\crys_the_swarm_reborn.SC2Mod\原始mod\Mods\XM\XMFinal.SC2Mod\Base.SC2Data\GameData\AbilData.xml	skipped_existing
ability	GhostMengskIrradiateSmallDamage	CAbilEffectTarget	references/sc2-build-96883-casc-export/mods/starcoop/commanders/arcturusmengsk.sc2mod/base.sc2data/gamedata/abildata.xml	D:\MyWork\新建文件夹\mom.report.client\src\MyMod\crys_the_swarm_reborn.SC2Mod\原始mod\Mods\XM\XMFinal.SC2Mod\Base.SC2Data\GameData\AbilData.xml	skipped_existing
ability	GhostMengskNuke	CAbilEffectTarget	references/sc2-build-96883-casc-export/mods/starcoop/commanders/arcturusmengsk.sc2mod/base.sc2data/gamedata/abildata.xml	D:\MyWork\新建文件夹\mom.report.client\src\MyMod\crys_the_swarm_reborn.SC2Mod\原始mod\Mods\XM\XMFinal.SC2Mod\Base.SC2Data\GameData\AbilData.xml	skipped_existing
ability	GhostMengskSuperCloak	CAbilEffectInstant	references/sc2-build-96883-casc-export/mods/starcoop/commanders/arcturusmengsk.sc2mod/base.sc2data/gamedata/abildata.xml	D:\MyWork\新建文件夹\mom.report.client\src\MyMod\crys_the_swarm_reborn.SC2Mod\原始mod\Mods\XM\XMFinal.SC2Mod\Base.SC2Data\GameData\AbilData.xml	skipped_existing
ability	GhostMengskWeaponsFree	CAbilEffectInstant	references/sc2-build-96883-casc-export/mods/starcoop/commanders/arcturusmengsk.sc2mod/base.sc2data/gamedata/abildata.xml	D:\MyWork\新建文件夹\mom.report.client\src\MyMod\crys_the_swarm_reborn.SC2Mod\原始mod\Mods\XM\XMFinal.SC2Mod\Base.SC2Data\GameData\AbilData.xml	skipped_existing
ability	GlevigDeepTunnel	CAbilEffectTarget	references/sc2-build-96883-casc-export/mods/starcoop/starcoop.sc2mod/base.sc2data/gamedata/abildata.xml	D:\MyWork\新建文件夹\mom.report.client\src\MyMod\crys_the_swarm_reborn.SC2Mod\原始mod\Mods\XM\XMFinal.SC2Mod\Base.SC2Data\GameData\AbilData.xml	skipped_existing
ability	HealPlusMech	CAbilEffectTarget	references/sc2-build-96883-casc-export/mods/starcoop/starcoop.sc2mod/base.sc2data/gamedata/abildata.xml	D:\MyWork\新建文件夹\mom.report.client\src\MyMod\crys_the_swarm_reborn.SC2Mod\原始mod\Mods\XM\XMFinal.SC2Mod\Base.SC2Data\GameData\AbilData.xml	skipped_existing
ability	HellbatCharge	CAbilAugment	references/sc2-build-96883-casc-export/mods/starcoop/starcoop.sc2mod/base.sc2data/gamedata/abildata.xml	D:\MyWork\新建文件夹\mom.report.client\src\MyMod\crys_the_swarm_reborn.SC2Mod\原始mod\Mods\XM\XMFinal.SC2Mod\Base.SC2Data\GameData\AbilData.xml	skipped_existing
ability	HydraliskFrenzy	CAbilEffectInstant	references/sc2-build-96883-casc-export/mods/starcoop/starcoop.sc2mod/base.sc2data/gamedata/abildata.xml	D:\MyWork\新建文件夹\mom.report.client\src\MyMod\crys_the_swarm_reborn.SC2Mod\原始mod\Mods\XM\XMFinal.SC2Mod\Base.SC2Data\GameData\AbilData.xml	skipped_existing
ability	HydraliskStetmannMissilePowerOff	CAbilEffectInstant	references/sc2-build-96883-casc-export/mods/starcoop/commanders/egonstetmann.sc2mod/base.sc2data/gamedata/abildata.xml	D:\MyWork\新建文件夹\mom.report.client\src\MyMod\crys_the_swarm_reborn.SC2Mod\原始mod\Mods\XM\XMFinal.SC2Mod\Base.SC2Data\GameData\AbilData.xml	skipped_existing
ability	HydraliskStetmannMissilePowerOn	CAbilEffectInstant	references/sc2-build-96883-casc-export/mods/starcoop/commanders/egonstetmann.sc2mod/base.sc2data/gamedata/abildata.xml	D:\MyWork\新建文件夹\mom.report.client\src\MyMod\crys_the_swarm_reborn.SC2Mod\原始mod\Mods\XM\XMFinal.SC2Mod\Base.SC2Data\GameData\AbilData.xml	skipped_existing
ability	Hyperjump	CAbilEffectTarget	references/sc2-build-96883-casc-export/mods/starcoop/starcoop.sc2mod/base.sc2data/gamedata/abildata.xml	D:\MyWork\新建文件夹\mom.report.client\src\MyMod\crys_the_swarm_reborn.SC2Mod\原始mod\Mods\XM\XMFinal.SC2Mod\Base.SC2Data\GameData\AbilData.xml	skipped_existing
ability	HyperjumpNoVision	CAbilEffectTarget	references/sc2-build-96883-casc-export/mods/starcoop/starcoop.sc2mod/base.sc2data/gamedata/abildata.xml	D:\MyWork\新建文件夹\mom.report.client\src\MyMod\crys_the_swarm_reborn.SC2Mod\原始mod\Mods\XM\XMFinal.SC2Mod\Base.SC2Data\GameData\AbilData.xml	skipped_existing
ability	ImmortalShakurasShadowCannon	CAbilEffectTarget	references/sc2-build-96883-casc-export/mods/starcoop/starcoop.sc2mod/base.sc2data/gamedata/abildata.xml	D:\MyWork\新建文件夹\mom.report.client\src\MyMod\crys_the_swarm_reborn.SC2Mod\原始mod\Mods\XM\XMFinal.SC2Mod\Base.SC2Data\GameData\AbilData.xml	skipped_existing
ability	InfestorStetmannEggLaunch	CAbilEffectTarget	references/sc2-build-96883-casc-export/mods/starcoop/commanders/egonstetmann.sc2mod/base.sc2data/gamedata/abildata.xml	D:\MyWork\新建文件夹\mom.report.client\src\MyMod\crys_the_swarm_reborn.SC2Mod\原始mod\Mods\XM\XMFinal.SC2Mod\Base.SC2Data\GameData\AbilData.xml	skipped_existing
ability	InfestorStetmannHealingTentacle	CAbilEffectTarget	references/sc2-build-96883-casc-export/mods/starcoop/commanders/egonstetmann.sc2mod/base.sc2data/gamedata/abildata.xml	D:\MyWork\新建文件夹\mom.report.client\src\MyMod\crys_the_swarm_reborn.SC2Mod\原始mod\Mods\XM\XMFinal.SC2Mod\Base.SC2Data\GameData\AbilData.xml	skipped_existing
ability	InfestorStetmannInfestBuilding	CAbilEffectTarget	references/sc2-build-96883-casc-export/mods/starcoop/commanders/egonstetmann.sc2mod/base.sc2data/gamedata/abildata.xml	D:\MyWork\新建文件夹\mom.report.client\src\MyMod\crys_the_swarm_reborn.SC2Mod\原始mod\Mods\XM\XMFinal.SC2Mod\Base.SC2Data\GameData\AbilData.xml	skipped_existing
ability	InstantSeekerMissile_BlackOps	CAbilEffectTarget	references/sc2-build-96883-casc-export/mods/starcoop/starcoop.sc2mod/base.sc2data/gamedata/abildata.xml	D:\MyWork\新建文件夹\mom.report.client\src\MyMod\crys_the_swarm_reborn.SC2Mod\原始mod\Mods\XM\XMFinal.SC2Mod\Base.SC2Data\GameData\AbilData.xml	skipped_existing
ability	KerriganVoidCoopEconDrop	CAbilEffectInstant	references/sc2-build-96883-casc-export/mods/starcoop/starcoop.sc2mod/base.sc2data/gamedata/abildata.xml	D:\MyWork\新建文件夹\mom.report.client\src\MyMod\crys_the_swarm_reborn.SC2Mod\原始mod\Mods\XM\XMFinal.SC2Mod\Base.SC2Data\GameData\AbilData.xml	skipped_existing
ability	KraithCrashingCharge	CAbilEffectTarget	references/sc2-build-96883-casc-export/mods/starcoop/starcoop.sc2mod/base.sc2data/gamedata/abildata.xml	D:\MyWork\新建文件夹\mom.report.client\src\MyMod\crys_the_swarm_reborn.SC2Mod\原始mod\Mods\XM\XMFinal.SC2Mod\Base.SC2Data\GameData\AbilData.xml	skipped_existing
ability	LiberatorAG_BlackOpsTarget	CAbilEffectTarget	references/sc2-build-96883-casc-export/mods/starcoop/starcoop.sc2mod/base.sc2data/gamedata/abildata.xml	D:\MyWork\新建文件夹\mom.report.client\src\MyMod\crys_the_swarm_reborn.SC2Mod\原始mod\Mods\XM\XMFinal.SC2Mod\Base.SC2Data\GameData\AbilData.xml	skipped_existing
ability	LockOn	CAbilEffectTarget	references/sc2-build-96883-casc-export/mods/starcoop/starcoop.sc2mod/base.sc2data/gamedata/abildata.xml	D:\MyWork\新建文件夹\mom.report.client\src\MyMod\crys_the_swarm_reborn.SC2Mod\原始mod\Mods\XM\XMFinal.SC2Mod\Base.SC2Data\GameData\AbilData.xml	skipped_existing
ability	LurkerStetmannChannelingSpines	CAbilEffectTarget	references/sc2-build-96883-casc-export/mods/starcoop/commanders/egonstetmann.sc2mod/base.sc2data/gamedata/abildata.xml	D:\MyWork\新建文件夹\mom.report.client\src\MyMod\crys_the_swarm_reborn.SC2Mod\原始mod\Mods\XM\XMFinal.SC2Mod\Base.SC2Data\GameData\AbilData.xml	skipped_existing
ability	LurkerStetmannTunnelingBurst	CAbilEffectTarget	references/sc2-build-96883-casc-export/mods/starcoop/commanders/egonstetmann.sc2mod/base.sc2data/gamedata/abildata.xml	D:\MyWork\新建文件夹\mom.report.client\src\MyMod\crys_the_swarm_reborn.SC2Mod\原始mod\Mods\XM\XMFinal.SC2Mod\Base.SC2Data\GameData\AbilData.xml	skipped_existing
ability	MagrailMunitionsMarauder	CAbilAugment	references/sc2-build-96883-casc-export/mods/starcoop/starcoop.sc2mod/base.sc2data/gamedata/abildata.xml	D:\MyWork\新建文件夹\mom.report.client\src\MyMod\crys_the_swarm_reborn.SC2Mod\原始mod\Mods\XM\XMFinal.SC2Mod\Base.SC2Data\GameData\AbilData.xml	skipped_existing
ability	MammothBreath	CAbilEffectTarget	references/sc2-build-96883-casc-export/mods/starcoop/starcoop.sc2mod/base.sc2data/gamedata/abildata.xml	D:\MyWork\新建文件夹\mom.report.client\src\MyMod\crys_the_swarm_reborn.SC2Mod\原始mod\Mods\XM\XMFinal.SC2Mod\Base.SC2Data\GameData\AbilData.xml	skipped_existing
ability	MarauderMengskAttackSpeedBoost	CAbilEffectInstant	references/sc2-build-96883-casc-export/mods/starcoop/commanders/arcturusmengsk.sc2mod/base.sc2data/gamedata/abildata.xml	D:\MyWork\新建文件夹\mom.report.client\src\MyMod\crys_the_swarm_reborn.SC2Mod\原始mod\Mods\XM\XMFinal.SC2Mod\Base.SC2Data\GameData\AbilData.xml	skipped_existing
ability	MedivacMengskDoubleBeamHeal	CAbilEffectTarget	references/sc2-build-96883-casc-export/mods/starcoop/commanders/arcturusmengsk.sc2mod/base.sc2data/gamedata/abildata.xml	D:\MyWork\新建文件夹\mom.report.client\src\MyMod\crys_the_swarm_reborn.SC2Mod\原始mod\Mods\XM\XMFinal.SC2Mod\Base.SC2Data\GameData\AbilData.xml	skipped_existing
ability	MedivacMengskSpeedBoost	CAbilEffectInstant	references/sc2-build-96883-casc-export/mods/starcoop/commanders/arcturusmengsk.sc2mod/base.sc2data/gamedata/abildata.xml	D:\MyWork\新建文件夹\mom.report.client\src\MyMod\crys_the_swarm_reborn.SC2Mod\原始mod\Mods\XM\XMFinal.SC2Mod\Base.SC2Data\GameData\AbilData.xml	skipped_existing
ability	MedivacMengskTransport	CAbilTransport	references/sc2-build-96883-casc-export/mods/starcoop/commanders/arcturusmengsk.sc2mod/base.sc2data/gamedata/abildata.xml	D:\MyWork\新建文件夹\mom.report.client\src\MyMod\crys_the_swarm_reborn.SC2Mod\原始mod\Mods\XM\XMFinal.SC2Mod\Base.SC2Data\GameData\AbilData.xml	skipped_existing
ability	MindBolt	CAbilEffectTarget	references/sc2-build-96883-casc-export/mods/starcoop/starcoop.sc2mod/base.sc2data/gamedata/abildata.xml	D:\MyWork\新建文件夹\mom.report.client\src\MyMod\crys_the_swarm_reborn.SC2Mod\原始mod\Mods\XM\XMFinal.SC2Mod\Base.SC2Data\GameData\AbilData.xml	skipped_existing
ability	MirageGravitonBeamVoidCampaign	CAbilEffectTarget	references/sc2-build-96883-casc-export/mods/starcoop/starcoop.sc2mod/base.sc2data/gamedata/abildata.xml	D:\MyWork\新建文件夹\mom.report.client\src\MyMod\crys_the_swarm_reborn.SC2Mod\原始mod\Mods\XM\XMFinal.SC2Mod\Base.SC2Data\GameData\AbilData.xml	skipped_existing
ability	MorphRoachToRavager	CAbilTrain	references/sc2-build-96883-casc-export/mods/starcoop/starcoop.sc2mod/base.sc2data/gamedata/abildata.xml	D:\MyWork\新建文件夹\mom.report.client\src\MyMod\crys_the_swarm_reborn.SC2Mod\原始mod\Mods\XM\XMFinal.SC2Mod\Base.SC2Data\GameData\AbilData.xml	skipped_existing
ability	MorphRoachVileToRavager	CAbilTrain	references/sc2-build-96883-casc-export/mods/starcoop/starcoop.sc2mod/base.sc2data/gamedata/abildata.xml	D:\MyWork\新建文件夹\mom.report.client\src\MyMod\crys_the_swarm_reborn.SC2Mod\原始mod\Mods\XM\XMFinal.SC2Mod\Base.SC2Data\GameData\AbilData.xml	skipped_existing
ability	MorphToBanelingStetmann	CAbilMorph	references/sc2-build-96883-casc-export/mods/starcoop/commanders/egonstetmann.sc2mod/base.sc2data/gamedata/abildata.xml	D:\MyWork\新建文件夹\mom.report.client\src\MyMod\crys_the_swarm_reborn.SC2Mod\原始mod\Mods\XM\XMFinal.SC2Mod\Base.SC2Data\GameData\AbilData.xml	skipped_existing
ability	MorphToCBroodLordStetmann	CAbilMorph	references/sc2-build-96883-casc-export/mods/starcoop/commanders/egonstetmann.sc2mod/base.sc2data/gamedata/abildata.xml	D:\MyWork\新建文件夹\mom.report.client\src\MyMod\crys_the_swarm_reborn.SC2Mod\原始mod\Mods\XM\XMFinal.SC2Mod\Base.SC2Data\GameData\AbilData.xml	skipped_existing
ability	MorphToHellion	CAbilMorph	references/sc2-build-96883-casc-export/mods/starcoop/starcoop.sc2mod/base.sc2data/gamedata/abildata.xml	D:\MyWork\新建文件夹\mom.report.client\src\MyMod\crys_the_swarm_reborn.SC2Mod\原始mod\Mods\XM\XMFinal.SC2Mod\Base.SC2Data\GameData\AbilData.xml	skipped_existing
ability	MorphToHellionBlackOps	CAbilMorph	references/sc2-build-96883-casc-export/mods/starcoop/starcoop.sc2mod/base.sc2data/gamedata/abildata.xml	D:\MyWork\新建文件夹\mom.report.client\src\MyMod\crys_the_swarm_reborn.SC2Mod\原始mod\Mods\XM\XMFinal.SC2Mod\Base.SC2Data\GameData\AbilData.xml	skipped_existing
ability	MorphToHellionTank	CAbilMorph	references/sc2-build-96883-casc-export/mods/starcoop/starcoop.sc2mod/base.sc2data/gamedata/abildata.xml	D:\MyWork\新建文件夹\mom.report.client\src\MyMod\crys_the_swarm_reborn.SC2Mod\原始mod\Mods\XM\XMFinal.SC2Mod\Base.SC2Data\GameData\AbilData.xml	skipped_existing
ability	MorphToLurkerStetmann	CAbilMorph	references/sc2-build-96883-casc-export/mods/starcoop/commanders/egonstetmann.sc2mod/base.sc2data/gamedata/abildata.xml	D:\MyWork\新建文件夹\mom.report.client\src\MyMod\crys_the_swarm_reborn.SC2Mod\原始mod\Mods\XM\XMFinal.SC2Mod\Base.SC2Data\GameData\AbilData.xml	skipped_existing
ability	MorphToRavagerStetmann	CAbilMorph	references/sc2-build-96883-casc-export/mods/starcoop/commanders/egonstetmann.sc2mod/base.sc2data/gamedata/abildata.xml	D:\MyWork\新建文件夹\mom.report.client\src\MyMod\crys_the_swarm_reborn.SC2Mod\原始mod\Mods\XM\XMFinal.SC2Mod\Base.SC2Data\GameData\AbilData.xml	skipped_existing
ability	MorphToSuperGaryStetmann	CAbilMorph	references/sc2-build-96883-casc-export/mods/starcoop/commanders/egonstetmann.sc2mod/base.sc2data/gamedata/abildata.xml	D:\MyWork\新建文件夹\mom.report.client\src\MyMod\crys_the_swarm_reborn.SC2Mod\原始mod\Mods\XM\XMFinal.SC2Mod\Base.SC2Data\GameData\AbilData.xml	skipped_existing
ability	MorphToSwarmHostBurrowed	CAbilMorph	references/sc2-build-96883-casc-export/mods/starcoop/starcoop.sc2mod/base.sc2data/gamedata/abildata.xml	D:\MyWork\新建文件夹\mom.report.client\src\MyMod\crys_the_swarm_reborn.SC2Mod\原始mod\Mods\XM\XMFinal.SC2Mod\Base.SC2Data\GameData\AbilData.xml	skipped_existing
ability	MorphZerglingToBaneling	CAbilTrain	references/sc2-build-96883-casc-export/mods/starcoop/starcoop.sc2mod/base.sc2data/gamedata/abildata.xml	D:\MyWork\新建文件夹\mom.report.client\src\MyMod\crys_the_swarm_reborn.SC2Mod\原始mod\Mods\XM\XMFinal.SC2Mod\Base.SC2Data\GameData\AbilData.xml	skipped_existing
ability	MurvarCoopPuke	CAbilEffectTarget	references/sc2-build-96883-casc-export/mods/starcoop/starcoop.sc2mod/base.sc2data/gamedata/abildata.xml	D:\MyWork\新建文件夹\mom.report.client\src\MyMod\crys_the_swarm_reborn.SC2Mod\原始mod\Mods\XM\XMFinal.SC2Mod\Base.SC2Data\GameData\AbilData.xml	skipped_existing
ability	MutaliskMorphToDevourer	CAbilTrain	references/sc2-build-96883-casc-export/mods/starcoop/starcoop.sc2mod/base.sc2data/gamedata/abildata.xml	D:\MyWork\新建文件夹\mom.report.client\src\MyMod\crys_the_swarm_reborn.SC2Mod\原始mod\Mods\XM\XMFinal.SC2Mod\Base.SC2Data\GameData\AbilData.xml	skipped_existing
ability	NanoRepair	CAbilEffectTarget	references/sc2-build-96883-casc-export/mods/starcoop/starcoop.sc2mod/base.sc2data/gamedata/abildata.xml	D:\MyWork\新建文件夹\mom.report.client\src\MyMod\crys_the_swarm_reborn.SC2Mod\原始mod\Mods\XM\XMFinal.SC2Mod\Base.SC2Data\GameData\AbilData.xml	skipped_existing
ability	NovaUnitLockdown	CAbilEffectTarget	references/sc2-build-96883-casc-export/mods/starcoop/starcoop.sc2mod/base.sc2data/gamedata/abildata.xml	D:\MyWork\新建文件夹\mom.report.client\src\MyMod\crys_the_swarm_reborn.SC2Mod\原始mod\Mods\XM\XMFinal.SC2Mod\Base.SC2Data\GameData\AbilData.xml	skipped_existing
ability	ObserverMorphtoObserverSiege	CAbilMorph	references/sc2-build-96883-casc-export/mods/starcoop/starcoop.sc2mod/base.sc2data/gamedata/abildata.xml	D:\MyWork\新建文件夹\mom.report.client\src\MyMod\crys_the_swarm_reborn.SC2Mod\原始mod\Mods\XM\XMFinal.SC2Mod\Base.SC2Data\GameData\AbilData.xml	skipped_existing
ability	OracleRevelation	CAbilEffectTarget	references/sc2-build-96883-casc-export/mods/starcoop/starcoop.sc2mod/base.sc2data/gamedata/abildata.xml	D:\MyWork\新建文件夹\mom.report.client\src\MyMod\crys_the_swarm_reborn.SC2Mod\原始mod\Mods\XM\XMFinal.SC2Mod\Base.SC2Data\GameData\AbilData.xml	skipped_existing
ability	OracleWeapon	CAbilBehavior	references/sc2-build-96883-casc-export/mods/starcoop/starcoop.sc2mod/base.sc2data/gamedata/abildata.xml	D:\MyWork\新建文件夹\mom.report.client\src\MyMod\crys_the_swarm_reborn.SC2Mod\原始mod\Mods\XM\XMFinal.SC2Mod\Base.SC2Data\GameData\AbilData.xml	skipped_existing
ability	OverseerMorphtoOverseerSiegeStetmann	CAbilMorph	references/sc2-build-96883-casc-export/mods/starcoop/commanders/egonstetmann.sc2mod/base.sc2data/gamedata/abildata.xml	D:\MyWork\新建文件夹\mom.report.client\src\MyMod\crys_the_swarm_reborn.SC2Mod\原始mod\Mods\XM\XMFinal.SC2Mod\Base.SC2Data\GameData\AbilData.xml	skipped_existing
ability	OverseerSiegeMorphtoOverseerStetmann	CAbilMorph	references/sc2-build-96883-casc-export/mods/starcoop/commanders/egonstetmann.sc2mod/base.sc2data/gamedata/abildata.xml	D:\MyWork\新建文件夹\mom.report.client\src\MyMod\crys_the_swarm_reborn.SC2Mod\原始mod\Mods\XM\XMFinal.SC2Mod\Base.SC2Data\GameData\AbilData.xml	skipped_existing
ability	ParasiticBomb	CAbilEffectTarget	references/sc2-build-96883-casc-export/mods/starcoop/starcoop.sc2mod/base.sc2data/gamedata/abildata.xml	D:\MyWork\新建文件夹\mom.report.client\src\MyMod\crys_the_swarm_reborn.SC2Mod\原始mod\Mods\XM\XMFinal.SC2Mod\Base.SC2Data\GameData\AbilData.xml	skipped_existing
ability	PhasingModeTaldarim	CAbilMorph	references/sc2-build-96883-casc-export/mods/starcoop/starcoop.sc2mod/base.sc2data/gamedata/abildata.xml	D:\MyWork\新建文件夹\mom.report.client\src\MyMod\crys_the_swarm_reborn.SC2Mod\原始mod\Mods\XM\XMFinal.SC2Mod\Base.SC2Data\GameData\AbilData.xml	skipped_existing
ability	PlaceHealingDrone	CAbilEffectTarget	references/sc2-build-96883-casc-export/mods/starcoop/starcoop.sc2mod/base.sc2data/gamedata/abildata.xml	D:\MyWork\新建文件夹\mom.report.client\src\MyMod\crys_the_swarm_reborn.SC2Mod\原始mod\Mods\XM\XMFinal.SC2Mod\Base.SC2Data\GameData\AbilData.xml	skipped_existing
ability	PowerFieldSuperGaryStetmannEnergy	CAbilEffectInstant	references/sc2-build-96883-casc-export/mods/starcoop/commanders/egonstetmann.sc2mod/base.sc2data/gamedata/abildata.xml	D:\MyWork\新建文件夹\mom.report.client\src\MyMod\crys_the_swarm_reborn.SC2Mod\原始mod\Mods\XM\XMFinal.SC2Mod\Base.SC2Data\GameData\AbilData.xml	skipped_existing
ability	PrimalHeal	CAbilEffectInstant	references/sc2-build-96883-casc-export/mods/starcoop/starcoop.sc2mod/base.sc2data/gamedata/abildata.xml	D:\MyWork\新建文件夹\mom.report.client\src\MyMod\crys_the_swarm_reborn.SC2Mod\原始mod\Mods\XM\XMFinal.SC2Mod\Base.SC2Data\GameData\AbilData.xml	skipped_existing
ability	PrimalSlash	CAbilEffectTarget	references/sc2-build-96883-casc-export/mods/starcoop/starcoop.sc2mod/base.sc2data/gamedata/abildata.xml	D:\MyWork\新建文件夹\mom.report.client\src\MyMod\crys_the_swarm_reborn.SC2Mod\原始mod\Mods\XM\XMFinal.SC2Mod\Base.SC2Data\GameData\AbilData.xml	skipped_existing
ability	PsionicLift	CAbilEffectTarget	references/sc2-build-96883-casc-export/mods/starcoop/starcoop.sc2mod/base.sc2data/gamedata/abildata.xml	D:\MyWork\新建文件夹\mom.report.client\src\MyMod\crys_the_swarm_reborn.SC2Mod\原始mod\Mods\XM\XMFinal.SC2Mod\Base.SC2Data\GameData\AbilData.xml	skipped_existing
ability	PsiStorm	CAbilEffectTarget	references/sc2-build-96883-casc-export/mods/starcoop/starcoop.sc2mod/base.sc2data/gamedata/abildata.xml	D:\MyWork\新建文件夹\mom.report.client\src\MyMod\crys_the_swarm_reborn.SC2Mod\原始mod\Mods\XM\XMFinal.SC2Mod\Base.SC2Data\GameData\AbilData.xml	skipped_existing
ability	PsiStrikeWalk	CAbilEffectTarget	references/sc2-build-96883-casc-export/mods/starcoop/starcoop.sc2mod/base.sc2data/gamedata/abildata.xml	D:\MyWork\新建文件夹\mom.report.client\src\MyMod\crys_the_swarm_reborn.SC2Mod\原始mod\Mods\XM\XMFinal.SC2Mod\Base.SC2Data\GameData\AbilData.xml	skipped_existing
ability	RavagerAbathurCorrosiveBile	CAbilEffectTarget	references/sc2-build-96883-casc-export/mods/starcoop/starcoop.sc2mod/base.sc2data/gamedata/abildata.xml	D:\MyWork\新建文件夹\mom.report.client\src\MyMod\crys_the_swarm_reborn.SC2Mod\原始mod\Mods\XM\XMFinal.SC2Mod\Base.SC2Data\GameData\AbilData.xml	skipped_existing
ability	RavagerStetmannCorrosiveBile	CAbilEffectTarget	references/sc2-build-96883-casc-export/mods/starcoop/commanders/egonstetmann.sc2mod/base.sc2data/gamedata/abildata.xml	D:\MyWork\新建文件夹\mom.report.client\src\MyMod\crys_the_swarm_reborn.SC2Mod\原始mod\Mods\XM\XMFinal.SC2Mod\Base.SC2Data\GameData\AbilData.xml	skipped_existing
ability	RavenMengskMorphtoRavenMengskSieged	CAbilMorph	references/sc2-build-96883-casc-export/mods/starcoop/commanders/arcturusmengsk.sc2mod/base.sc2data/gamedata/abildata.xml	D:\MyWork\新建文件夹\mom.report.client\src\MyMod\crys_the_swarm_reborn.SC2Mod\原始mod\Mods\XM\XMFinal.SC2Mod\Base.SC2Data\GameData\AbilData.xml	skipped_existing
ability	RavenMengskSiegedMorphtoRavenMengsk	CAbilMorph	references/sc2-build-96883-casc-export/mods/starcoop/commanders/arcturusmengsk.sc2mod/base.sc2data/gamedata/abildata.xml	D:\MyWork\新建文件夹\mom.report.client\src\MyMod\crys_the_swarm_reborn.SC2Mod\原始mod\Mods\XM\XMFinal.SC2Mod\Base.SC2Data\GameData\AbilData.xml	skipped_existing
ability	ScienceVesselNanoRepairDouble	CAbilEffectTarget	references/sc2-build-96883-casc-export/mods/starcoop/starcoop.sc2mod/base.sc2data/gamedata/abildata.xml	D:\MyWork\新建文件夹\mom.report.client\src\MyMod\crys_the_swarm_reborn.SC2Mod\原始mod\Mods\XM\XMFinal.SC2Mod\Base.SC2Data\GameData\AbilData.xml	skipped_existing
ability	ScourgeDetonate	CAbilEffectInstant	references/sc2-build-96883-casc-export/mods/starcoop/starcoop.sc2mod/base.sc2data/gamedata/abildata.xml	D:\MyWork\新建文件夹\mom.report.client\src\MyMod\crys_the_swarm_reborn.SC2Mod\原始mod\Mods\XM\XMFinal.SC2Mod\Base.SC2Data\GameData\AbilData.xml	skipped_existing
ability	SCVMengskEnlist	CAbilEffectInstant	references/sc2-build-96883-casc-export/mods/starcoop/commanders/arcturusmengsk.sc2mod/base.sc2data/gamedata/abildata.xml	D:\MyWork\新建文件夹\mom.report.client\src\MyMod\crys_the_swarm_reborn.SC2Mod\原始mod\Mods\XM\XMFinal.SC2Mod\Base.SC2Data\GameData\AbilData.xml	skipped_existing
ability	SentryFenixPhasingMode	CAbilMorph	references/sc2-build-96883-casc-export/mods/starcoop/starcoop.sc2mod/base.sc2data/gamedata/abildata.xml	D:\MyWork\新建文件夹\mom.report.client\src\MyMod\crys_the_swarm_reborn.SC2Mod\原始mod\Mods\XM\XMFinal.SC2Mod\Base.SC2Data\GameData\AbilData.xml	skipped_existing
ability	SiegeModeMengsk	CAbilMorph	references/sc2-build-96883-casc-export/mods/starcoop/commanders/arcturusmengsk.sc2mod/base.sc2data/gamedata/abildata.xml	D:\MyWork\新建文件夹\mom.report.client\src\MyMod\crys_the_swarm_reborn.SC2Mod\原始mod\Mods\XM\XMFinal.SC2Mod\Base.SC2Data\GameData\AbilData.xml	skipped_existing
ability	SiegeTank_BlackOpsSiege	CAbilMorph	references/sc2-build-96883-casc-export/mods/starcoop/starcoop.sc2mod/base.sc2data/gamedata/abildata.xml	D:\MyWork\新建文件夹\mom.report.client\src\MyMod\crys_the_swarm_reborn.SC2Mod\原始mod\Mods\XM\XMFinal.SC2Mod\Base.SC2Data\GameData\AbilData.xml	skipped_existing
ability	Snipe_BlackOps	CAbilEffectTarget	references/sc2-build-96883-casc-export/mods/starcoop/starcoop.sc2mod/base.sc2data/gamedata/abildata.xml	D:\MyWork\新建文件夹\mom.report.client\src\MyMod\crys_the_swarm_reborn.SC2Mod\原始mod\Mods\XM\XMFinal.SC2Mod\Base.SC2Data\GameData\AbilData.xml	skipped_existing
ability	StukovInfestedSiegeTankDeepTunnel	CAbilEffectTarget	references/sc2-build-96883-casc-export/mods/starcoop/starcoop.sc2mod/base.sc2data/gamedata/abildata.xml	D:\MyWork\新建文件夹\mom.report.client\src\MyMod\crys_the_swarm_reborn.SC2Mod\原始mod\Mods\XM\XMFinal.SC2Mod\Base.SC2Data\GameData\AbilData.xml	skipped_existing
ability	StukovInfestedSiegeTankUproot	CAbilMorph	references/sc2-build-96883-casc-export/mods/starcoop/starcoop.sc2mod/base.sc2data/gamedata/abildata.xml	D:\MyWork\新建文件夹\mom.report.client\src\MyMod\crys_the_swarm_reborn.SC2Mod\原始mod\Mods\XM\XMFinal.SC2Mod\Base.SC2Data\GameData\AbilData.xml	skipped_existing
ability	StukovInfestedWildMutation	CAbilEffectInstant	references/sc2-build-96883-casc-export/mods/starcoop/starcoop.sc2mod/base.sc2data/gamedata/abildata.xml	D:\MyWork\新建文件夹\mom.report.client\src\MyMod\crys_the_swarm_reborn.SC2Mod\原始mod\Mods\XM\XMFinal.SC2Mod\Base.SC2Data\GameData\AbilData.xml	skipped_existing
ability	SuicideBuilding	CAbilBehavior	references/sc2-build-96883-casc-export/mods/starcoop/starcoop.sc2mod/base.sc2data/gamedata/abildata.xml	D:\MyWork\新建文件夹\mom.report.client\src\MyMod\crys_the_swarm_reborn.SC2Mod\原始mod\Mods\XM\XMFinal.SC2Mod\Base.SC2Data\GameData\AbilData.xml	skipped_existing
ability	SuperGaryStetmannOrb	CAbilEffectTarget	references/sc2-build-96883-casc-export/mods/starcoop/commanders/egonstetmann.sc2mod/base.sc2data/gamedata/abildata.xml	D:\MyWork\新建文件夹\mom.report.client\src\MyMod\crys_the_swarm_reborn.SC2Mod\原始mod\Mods\XM\XMFinal.SC2Mod\Base.SC2Data\GameData\AbilData.xml	skipped_existing
ability	SuperGaryStetmannPowerTowerOverchargeEnergy	CAbilEffectTarget	references/sc2-build-96883-casc-export/mods/starcoop/commanders/egonstetmann.sc2mod/base.sc2data/gamedata/abildata.xml	D:\MyWork\新建文件夹\mom.report.client\src\MyMod\crys_the_swarm_reborn.SC2Mod\原始mod\Mods\XM\XMFinal.SC2Mod\Base.SC2Data\GameData\AbilData.xml	skipped_existing
ability	SuperGaryStetmannRecall	CAbilEffectTarget	references/sc2-build-96883-casc-export/mods/starcoop/commanders/egonstetmann.sc2mod/base.sc2data/gamedata/abildata.xml	D:\MyWork\新建文件夹\mom.report.client\src\MyMod\crys_the_swarm_reborn.SC2Mod\原始mod\Mods\XM\XMFinal.SC2Mod\Base.SC2Data\GameData\AbilData.xml	skipped_existing
ability	SuperStimpackMarine	CAbilEffectInstant	references/sc2-build-96883-casc-export/mods/starcoop/starcoop.sc2mod/base.sc2data/gamedata/abildata.xml	D:\MyWork\新建文件夹\mom.report.client\src\MyMod\crys_the_swarm_reborn.SC2Mod\原始mod\Mods\XM\XMFinal.SC2Mod\Base.SC2Data\GameData\AbilData.xml	skipped_existing
ability	SymbioteCarapace	CAbilEffectInstant	references/sc2-build-96883-casc-export/mods/starcoop/starcoop.sc2mod/base.sc2data/gamedata/abildata.xml	D:\MyWork\新建文件夹\mom.report.client\src\MyMod\crys_the_swarm_reborn.SC2Mod\原始mod\Mods\XM\XMFinal.SC2Mod\Base.SC2Data\GameData\AbilData.xml	skipped_existing
ability	TerranBuild	CAbilBuild	references/sc2-build-96883-casc-export/mods/starcoop/starcoop.sc2mod/base.sc2data/gamedata/abildata.xml	D:\MyWork\新建文件夹\mom.report.client\src\MyMod\crys_the_swarm_reborn.SC2Mod\原始mod\Mods\XM\XMFinal.SC2Mod\Base.SC2Data\GameData\AbilData.xml	skipped_existing
ability	TerranBuildFullRefund	CAbilBuild	references/sc2-build-96883-casc-export/mods/starcoop/starcoop.sc2mod/base.sc2data/gamedata/abildata.xml	D:\MyWork\新建文件夹\mom.report.client\src\MyMod\crys_the_swarm_reborn.SC2Mod\原始mod\Mods\XM\XMFinal.SC2Mod\Base.SC2Data\GameData\AbilData.xml	skipped_existing
ability	TerranBuildMengsk	CAbilBuild	references/sc2-build-96883-casc-export/mods/starcoop/commanders/arcturusmengsk.sc2mod/base.sc2data/gamedata/abildata.xml	D:\MyWork\新建文件夹\mom.report.client\src\MyMod\crys_the_swarm_reborn.SC2Mod\原始mod\Mods\XM\XMFinal.SC2Mod\Base.SC2Data\GameData\AbilData.xml	skipped_existing
ability	ThorMengskSiegeTargeted	CAbilEffectTarget	references/sc2-build-96883-casc-export/mods/starcoop/commanders/arcturusmengsk.sc2mod/base.sc2data/gamedata/abildata.xml	D:\MyWork\新建文件夹\mom.report.client\src\MyMod\crys_the_swarm_reborn.SC2Mod\原始mod\Mods\XM\XMFinal.SC2Mod\Base.SC2Data\GameData\AbilData.xml	skipped_existing
ability	TrooperMengskBuild	CAbilBuild	references/sc2-build-96883-casc-export/mods/starcoop/commanders/arcturusmengsk.sc2mod/base.sc2data/gamedata/abildata.xml	D:\MyWork\新建文件夹\mom.report.client\src\MyMod\crys_the_swarm_reborn.SC2Mod\原始mod\Mods\XM\XMFinal.SC2Mod\Base.SC2Data\GameData\AbilData.xml	skipped_existing
ability	TrooperMengskEnlist	CAbilEffectInstant	references/sc2-build-96883-casc-export/mods/starcoop/commanders/arcturusmengsk.sc2mod/base.sc2data/gamedata/abildata.xml	D:\MyWork\新建文件夹\mom.report.client\src\MyMod\crys_the_swarm_reborn.SC2Mod\原始mod\Mods\XM\XMFinal.SC2Mod\Base.SC2Data\GameData\AbilData.xml	skipped_existing
ability	TrooperMengskSpecializeAA	CAbilMorph	references/sc2-build-96883-casc-export/mods/starcoop/commanders/arcturusmengsk.sc2mod/base.sc2data/gamedata/abildata.xml	D:\MyWork\新建文件夹\mom.report.client\src\MyMod\crys_the_swarm_reborn.SC2Mod\原始mod\Mods\XM\XMFinal.SC2Mod\Base.SC2Data\GameData\AbilData.xml	skipped_existing
ability	TrooperMengskSpecializeFlamethrower	CAbilMorph	references/sc2-build-96883-casc-export/mods/starcoop/commanders/arcturusmengsk.sc2mod/base.sc2data/gamedata/abildata.xml	D:\MyWork\新建文件夹\mom.report.client\src\MyMod\crys_the_swarm_reborn.SC2Mod\原始mod\Mods\XM\XMFinal.SC2Mod\Base.SC2Data\GameData\AbilData.xml	skipped_existing
ability	TrooperMengskSpecializeImproved	CAbilMorph	references/sc2-build-96883-casc-export/mods/starcoop/commanders/arcturusmengsk.sc2mod/base.sc2data/gamedata/abildata.xml	D:\MyWork\新建文件夹\mom.report.client\src\MyMod\crys_the_swarm_reborn.SC2Mod\原始mod\Mods\XM\XMFinal.SC2Mod\Base.SC2Data\GameData\AbilData.xml	skipped_existing
ability	TychusACBandofBrothers	CAbilBehavior	references/sc2-build-96883-casc-export/mods/starcoop/starcoop.sc2mod/base.sc2data/gamedata/commanders/commandertychus.xml	D:\MyWork\新建文件夹\mom.report.client\src\MyMod\crys_the_swarm_reborn.SC2Mod\原始mod\Mods\XM\XMFinal.SC2Mod\Base.SC2Data\GameData\AbilData.xml	added_or_newer_duplicate
ability	TychusACImplosionGrenades	CAbilBehavior	references/sc2-build-96883-casc-export/mods/starcoop/starcoop.sc2mod/base.sc2data/gamedata/commanders/commandertychus.xml	D:\MyWork\新建文件夹\mom.report.client\src\MyMod\crys_the_swarm_reborn.SC2Mod\原始mod\Mods\XM\XMFinal.SC2Mod\Base.SC2Data\GameData\AbilData.xml	added_or_newer_duplicate
ability	TychusACPiercingRounds	CAbilBehavior	references/sc2-build-96883-casc-export/mods/starcoop/starcoop.sc2mod/base.sc2data/gamedata/commanders/commandertychus.xml	D:\MyWork\新建文件夹\mom.report.client\src\MyMod\crys_the_swarm_reborn.SC2Mod\原始mod\Mods\XM\XMFinal.SC2Mod\Base.SC2Data\GameData\AbilData.xml	added_or_newer_duplicate
ability	TychusACRageGrenades	CAbilBehavior	references/sc2-build-96883-casc-export/mods/starcoop/starcoop.sc2mod/base.sc2data/gamedata/commanders/commandertychus.xml	D:\MyWork\新建文件夹\mom.report.client\src\MyMod\crys_the_swarm_reborn.SC2Mod\原始mod\Mods\XM\XMFinal.SC2Mod\Base.SC2Data\GameData\AbilData.xml	added_or_newer_duplicate
ability	TychusFirebatBlueFlameOil	CAbilBehavior	references/sc2-build-96883-casc-export/mods/starcoop/starcoop.sc2mod/base.sc2data/gamedata/commanders/commandertychus.xml	D:\MyWork\新建文件夹\mom.report.client\src\MyMod\crys_the_swarm_reborn.SC2Mod\原始mod\Mods\XM\XMFinal.SC2Mod\Base.SC2Data\GameData\AbilData.xml	added_or_newer_duplicate
ability	TychusFirebatIncendiaryPetroleum	CAbilBehavior	references/sc2-build-96883-casc-export/mods/starcoop/starcoop.sc2mod/base.sc2data/gamedata/commanders/commandertychus.xml	D:\MyWork\新建文件夹\mom.report.client\src\MyMod\crys_the_swarm_reborn.SC2Mod\原始mod\Mods\XM\XMFinal.SC2Mod\Base.SC2Data\GameData\AbilData.xml	added_or_newer_duplicate
ability	TychusFirebatOilBomb	CAbilEffectTarget	references/sc2-build-96883-casc-export/mods/starcoop/starcoop.sc2mod/base.sc2data/gamedata/commanders/commandertychus.xml	D:\MyWork\新建文件夹\mom.report.client\src\MyMod\crys_the_swarm_reborn.SC2Mod\原始mod\Mods\XM\XMFinal.SC2Mod\Base.SC2Data\GameData\AbilData.xml	added_or_newer_duplicate
ability	TychusFirebatPremiumPetroleum	CAbilBehavior	references/sc2-build-96883-casc-export/mods/starcoop/starcoop.sc2mod/base.sc2data/gamedata/commanders/commandertychus.xml	D:\MyWork\新建文件夹\mom.report.client\src\MyMod\crys_the_swarm_reborn.SC2Mod\原始mod\Mods\XM\XMFinal.SC2Mod\Base.SC2Data\GameData\AbilData.xml	added_or_newer_duplicate
ability	TychusFirebatShield	CAbilBehavior	references/sc2-build-96883-casc-export/mods/starcoop/starcoop.sc2mod/base.sc2data/gamedata/commanders/commandertychus.xml	D:\MyWork\新建文件夹\mom.report.client\src\MyMod\crys_the_swarm_reborn.SC2Mod\原始mod\Mods\XM\XMFinal.SC2Mod\Base.SC2Data\GameData\AbilData.xml	added_or_newer_duplicate
ability	TychusGhostDominate	CAbilEffectTarget	references/sc2-build-96883-casc-export/mods/starcoop/starcoop.sc2mod/base.sc2data/gamedata/commanders/commandertychus.xml	D:\MyWork\新建文件夹\mom.report.client\src\MyMod\crys_the_swarm_reborn.SC2Mod\原始mod\Mods\XM\XMFinal.SC2Mod\Base.SC2Data\GameData\AbilData.xml	added_or_newer_duplicate
ability	TychusGhostDominateBuff	CAbilBehavior	references/sc2-build-96883-casc-export/mods/starcoop/starcoop.sc2mod/base.sc2data/gamedata/commanders/commandertychus.xml	D:\MyWork\新建文件夹\mom.report.client\src\MyMod\crys_the_swarm_reborn.SC2Mod\原始mod\Mods\XM\XMFinal.SC2Mod\Base.SC2Data\GameData\AbilData.xml	added_or_newer_duplicate
ability	TychusGhostDominatingDomination	CAbilBehavior	references/sc2-build-96883-casc-export/mods/starcoop/starcoop.sc2mod/base.sc2data/gamedata/commanders/commandertychus.xml	D:\MyWork\新建文件夹\mom.report.client\src\MyMod\crys_the_swarm_reborn.SC2Mod\原始mod\Mods\XM\XMFinal.SC2Mod\Base.SC2Data\GameData\AbilData.xml	added_or_newer_duplicate
ability	TychusGhostPsychicSnare	CAbilEffectTarget	references/sc2-build-96883-casc-export/mods/starcoop/starcoop.sc2mod/base.sc2data/gamedata/commanders/commandertychus.xml	D:\MyWork\新建文件夹\mom.report.client\src\MyMod\crys_the_swarm_reborn.SC2Mod\原始mod\Mods\XM\XMFinal.SC2Mod\Base.SC2Data\GameData\AbilData.xml	added_or_newer_duplicate
ability	TychusHercCrit	CAbilBehavior	references/sc2-build-96883-casc-export/mods/starcoop/starcoop.sc2mod/base.sc2data/gamedata/commanders/commandertychus.xml	D:\MyWork\新建文件夹\mom.report.client\src\MyMod\crys_the_swarm_reborn.SC2Mod\原始mod\Mods\XM\XMFinal.SC2Mod\Base.SC2Data\GameData\AbilData.xml	added_or_newer_duplicate
ability	TychusHercGrapple	CAbilEffectTarget	references/sc2-build-96883-casc-export/mods/starcoop/starcoop.sc2mod/base.sc2data/gamedata/commanders/commandertychus.xml	D:\MyWork\新建文件夹\mom.report.client\src\MyMod\crys_the_swarm_reborn.SC2Mod\原始mod\Mods\XM\XMFinal.SC2Mod\Base.SC2Data\GameData\AbilData.xml	added_or_newer_duplicate
ability	TychusHercGrappleStun	CAbilBehavior	references/sc2-build-96883-casc-export/mods/starcoop/starcoop.sc2mod/base.sc2data/gamedata/commanders/commandertychus.xml	D:\MyWork\新建文件夹\mom.report.client\src\MyMod\crys_the_swarm_reborn.SC2Mod\原始mod\Mods\XM\XMFinal.SC2Mod\Base.SC2Data\GameData\AbilData.xml	added_or_newer_duplicate
ability	TychusHercRage	CAbilBehavior	references/sc2-build-96883-casc-export/mods/starcoop/starcoop.sc2mod/base.sc2data/gamedata/commanders/commandertychus.xml	D:\MyWork\新建文件夹\mom.report.client\src\MyMod\crys_the_swarm_reborn.SC2Mod\原始mod\Mods\XM\XMFinal.SC2Mod\Base.SC2Data\GameData\AbilData.xml	added_or_newer_duplicate
ability	TychusHeroCommonAbil2	CAbilEffectInstant	references/sc2-build-96883-casc-export/mods/starcoop/starcoop.sc2mod/base.sc2data/gamedata/commanders/commandertychus.xml	D:\MyWork\新建文件夹\mom.report.client\src\MyMod\crys_the_swarm_reborn.SC2Mod\原始mod\Mods\XM\XMFinal.SC2Mod\Base.SC2Data\GameData\AbilData.xml	added_or_newer_duplicate
ability	TychusHeroCommonAbil3	CAbilEffectInstant	references/sc2-build-96883-casc-export/mods/starcoop/starcoop.sc2mod/base.sc2data/gamedata/commanders/commandertychus.xml	D:\MyWork\新建文件夹\mom.report.client\src\MyMod\crys_the_swarm_reborn.SC2Mod\原始mod\Mods\XM\XMFinal.SC2Mod\Base.SC2Data\GameData\AbilData.xml	added_or_newer_duplicate
ability	TychusHeroCommonAbil4	CAbilEffectInstant	references/sc2-build-96883-casc-export/mods/starcoop/starcoop.sc2mod/base.sc2data/gamedata/commanders/commandertychus.xml	D:\MyWork\新建文件夹\mom.report.client\src\MyMod\crys_the_swarm_reborn.SC2Mod\原始mod\Mods\XM\XMFinal.SC2Mod\Base.SC2Data\GameData\AbilData.xml	added_or_newer_duplicate
ability	TychusHeroCommonAbil5	CAbilEffectInstant	references/sc2-build-96883-casc-export/mods/starcoop/starcoop.sc2mod/base.sc2data/gamedata/commanders/commandertychus.xml	D:\MyWork\新建文件夹\mom.report.client\src\MyMod\crys_the_swarm_reborn.SC2Mod\原始mod\Mods\XM\XMFinal.SC2Mod\Base.SC2Data\GameData\AbilData.xml	added_or_newer_duplicate
ability	TychusMarauderAttackSplash	CAbilBehavior	references/sc2-build-96883-casc-export/mods/starcoop/starcoop.sc2mod/base.sc2data/gamedata/commanders/commandertychus.xml	D:\MyWork\新建文件夹\mom.report.client\src\MyMod\crys_the_swarm_reborn.SC2Mod\原始mod\Mods\XM\XMFinal.SC2Mod\Base.SC2Data\GameData\AbilData.xml	added_or_newer_duplicate
ability	TychusMarauderBuildHealingWard	CAbilEffectTarget	references/sc2-build-96883-casc-export/mods/starcoop/starcoop.sc2mod/base.sc2data/gamedata/commanders/commandertychus.xml	D:\MyWork\新建文件夹\mom.report.client\src\MyMod\crys_the_swarm_reborn.SC2Mod\原始mod\Mods\XM\XMFinal.SC2Mod\Base.SC2Data\GameData\AbilData.xml	added_or_newer_duplicate
ability	TychusMarauderHealingWardBuff	CAbilBehavior	references/sc2-build-96883-casc-export/mods/starcoop/starcoop.sc2mod/base.sc2data/gamedata/commanders/commandertychus.xml	D:\MyWork\新建文件夹\mom.report.client\src\MyMod\crys_the_swarm_reborn.SC2Mod\原始mod\Mods\XM\XMFinal.SC2Mod\Base.SC2Data\GameData\AbilData.xml	added_or_newer_duplicate
ability	TychusMarauderHealingWardSpeedBuff	CAbilBehavior	references/sc2-build-96883-casc-export/mods/starcoop/starcoop.sc2mod/base.sc2data/gamedata/commanders/commandertychus.xml	D:\MyWork\新建文件夹\mom.report.client\src\MyMod\crys_the_swarm_reborn.SC2Mod\原始mod\Mods\XM\XMFinal.SC2Mod\Base.SC2Data\GameData\AbilData.xml	added_or_newer_duplicate
ability	TychusMarauderSuperStimpack	CAbilEffectInstant	references/sc2-build-96883-casc-export/mods/starcoop/starcoop.sc2mod/base.sc2data/gamedata/commanders/commandertychus.xml	D:\MyWork\新建文件夹\mom.report.client\src\MyMod\crys_the_swarm_reborn.SC2Mod\原始mod\Mods\XM\XMFinal.SC2Mod\Base.SC2Data\GameData\AbilData.xml	added_or_newer_duplicate
ability	TychusMedicAoE	CAbilEffectInstant	references/sc2-build-96883-casc-export/mods/starcoop/starcoop.sc2mod/base.sc2data/gamedata/commanders/commandertychus.xml	D:\MyWork\新建文件夹\mom.report.client\src\MyMod\crys_the_swarm_reborn.SC2Mod\原始mod\Mods\XM\XMFinal.SC2Mod\Base.SC2Data\GameData\AbilData.xml	added_or_newer_duplicate
ability	TychusMedicDefensiveMatrix	CAbilEffectTarget	references/sc2-build-96883-casc-export/mods/starcoop/starcoop.sc2mod/base.sc2data/gamedata/commanders/commandertychus.xml	D:\MyWork\新建文件夹\mom.report.client\src\MyMod\crys_the_swarm_reborn.SC2Mod\原始mod\Mods\XM\XMFinal.SC2Mod\Base.SC2Data\GameData\AbilData.xml	added_or_newer_duplicate
ability	TychusMedivacDoubleHealPlusMech	CAbilEffectTarget	references/sc2-build-96883-casc-export/mods/starcoop/starcoop.sc2mod/base.sc2data/gamedata/commanders/commandertychus.xml	D:\MyWork\新建文件夹\mom.report.client\src\MyMod\crys_the_swarm_reborn.SC2Mod\原始mod\Mods\XM\XMFinal.SC2Mod\Base.SC2Data\GameData\AbilData.xml	added_or_newer_duplicate
ability	TychusOdinNuclearStrike	CAbilEffectTarget	references/sc2-build-96883-casc-export/mods/starcoop/starcoop.sc2mod/base.sc2data/gamedata/commanders/commandertychus.xml	D:\MyWork\新建文件夹\mom.report.client\src\MyMod\crys_the_swarm_reborn.SC2Mod\原始mod\Mods\XM\XMFinal.SC2Mod\Base.SC2Data\GameData\AbilData.xml	added_or_newer_duplicate
ability	TychusReaperBomb	CAbilEffectTarget	references/sc2-build-96883-casc-export/mods/starcoop/starcoop.sc2mod/base.sc2data/gamedata/commanders/commandertychus.xml	D:\MyWork\新建文件夹\mom.report.client\src\MyMod\crys_the_swarm_reborn.SC2Mod\原始mod\Mods\XM\XMFinal.SC2Mod\Base.SC2Data\GameData\AbilData.xml	added_or_newer_duplicate
ability	TychusReaperBombCharges	CAbilBehavior	references/sc2-build-96883-casc-export/mods/starcoop/starcoop.sc2mod/base.sc2data/gamedata/commanders/commandertychus.xml	D:\MyWork\新建文件夹\mom.report.client\src\MyMod\crys_the_swarm_reborn.SC2Mod\原始mod\Mods\XM\XMFinal.SC2Mod\Base.SC2Data\GameData\AbilData.xml	added_or_newer_duplicate
ability	TychusReaperBombDamage	CAbilBehavior	references/sc2-build-96883-casc-export/mods/starcoop/starcoop.sc2mod/base.sc2data/gamedata/commanders/commandertychus.xml	D:\MyWork\新建文件夹\mom.report.client\src\MyMod\crys_the_swarm_reborn.SC2Mod\原始mod\Mods\XM\XMFinal.SC2Mod\Base.SC2Data\GameData\AbilData.xml	added_or_newer_duplicate
ability	TychusReaperBombStun	CAbilBehavior	references/sc2-build-96883-casc-export/mods/starcoop/starcoop.sc2mod/base.sc2data/gamedata/commanders/commandertychus.xml	D:\MyWork\新建文件夹\mom.report.client\src\MyMod\crys_the_swarm_reborn.SC2Mod\原始mod\Mods\XM\XMFinal.SC2Mod\Base.SC2Data\GameData\AbilData.xml	added_or_newer_duplicate
ability	TychusReaperSuperCloak	CAbilEffectInstant	references/sc2-build-96883-casc-export/mods/starcoop/starcoop.sc2mod/base.sc2data/gamedata/commanders/commandertychus.xml	D:\MyWork\新建文件夹\mom.report.client\src\MyMod\crys_the_swarm_reborn.SC2Mod\原始mod\Mods\XM\XMFinal.SC2Mod\Base.SC2Data\GameData\AbilData.xml	added_or_newer_duplicate
ability	TychusShredderGrenade	CAbilEffectTarget	references/sc2-build-96883-casc-export/mods/starcoop/starcoop.sc2mod/base.sc2data/gamedata/commanders/commandertychus.xml	D:\MyWork\新建文件夹\mom.report.client\src\MyMod\crys_the_swarm_reborn.SC2Mod\原始mod\Mods\XM\XMFinal.SC2Mod\Base.SC2Data\GameData\AbilData.xml	added_or_newer_duplicate
ability	TychusSpectreBrillianceAura	CAbilBehavior	references/sc2-build-96883-casc-export/mods/starcoop/starcoop.sc2mod/base.sc2data/gamedata/commanders/commandertychus.xml	D:\MyWork\新建文件夹\mom.report.client\src\MyMod\crys_the_swarm_reborn.SC2Mod\原始mod\Mods\XM\XMFinal.SC2Mod\Base.SC2Data\GameData\AbilData.xml	added_or_newer_duplicate
ability	TychusSpectreExtendedPulseGun	CAbilBehavior	references/sc2-build-96883-casc-export/mods/starcoop/starcoop.sc2mod/base.sc2data/gamedata/commanders/commandertychus.xml	D:\MyWork\新建文件夹\mom.report.client\src\MyMod\crys_the_swarm_reborn.SC2Mod\原始mod\Mods\XM\XMFinal.SC2Mod\Base.SC2Data\GameData\AbilData.xml	added_or_newer_duplicate
ability	TychusSpectreSuperUltrasonicPulse	CAbilBehavior	references/sc2-build-96883-casc-export/mods/starcoop/starcoop.sc2mod/base.sc2data/gamedata/commanders/commandertychus.xml	D:\MyWork\新建文件夹\mom.report.client\src\MyMod\crys_the_swarm_reborn.SC2Mod\原始mod\Mods\XM\XMFinal.SC2Mod\Base.SC2Data\GameData\AbilData.xml	added_or_newer_duplicate
ability	TychusSpectreUltrasonicPulse	CAbilEffectTarget	references/sc2-build-96883-casc-export/mods/starcoop/starcoop.sc2mod/base.sc2data/gamedata/commanders/commandertychus.xml	D:\MyWork\新建文件夹\mom.report.client\src\MyMod\crys_the_swarm_reborn.SC2Mod\原始mod\Mods\XM\XMFinal.SC2Mod\Base.SC2Data\GameData\AbilData.xml	added_or_newer_duplicate
ability	TychusSpectreVisionSuit	CAbilBehavior	references/sc2-build-96883-casc-export/mods/starcoop/starcoop.sc2mod/base.sc2data/gamedata/commanders/commandertychus.xml	D:\MyWork\新建文件夹\mom.report.client\src\MyMod\crys_the_swarm_reborn.SC2Mod\原始mod\Mods\XM\XMFinal.SC2Mod\Base.SC2Data\GameData\AbilData.xml	added_or_newer_duplicate
ability	TychusTerranBuild	CAbilBuild	references/sc2-build-96883-casc-export/mods/starcoop/starcoop.sc2mod/base.sc2data/gamedata/commanders/commandertychus.xml	D:\MyWork\新建文件夹\mom.report.client\src\MyMod\crys_the_swarm_reborn.SC2Mod\原始mod\Mods\XM\XMFinal.SC2Mod\Base.SC2Data\GameData\AbilData.xml	added_or_newer_duplicate
ability	TychusWarhoundBuildAutoTurret	CAbilEffectTarget	references/sc2-build-96883-casc-export/mods/starcoop/starcoop.sc2mod/base.sc2data/gamedata/commanders/commandertychus.xml	D:\MyWork\新建文件夹\mom.report.client\src\MyMod\crys_the_swarm_reborn.SC2Mod\原始mod\Mods\XM\XMFinal.SC2Mod\Base.SC2Data\GameData\AbilData.xml	added_or_newer_duplicate
ability	TychusWarhoundTornadoSprayMissile	CAbilEffectInstant	references/sc2-build-96883-casc-export/mods/starcoop/starcoop.sc2mod/base.sc2data/gamedata/commanders/commandertychus.xml	D:\MyWork\新建文件夹\mom.report.client\src\MyMod\crys_the_swarm_reborn.SC2Mod\原始mod\Mods\XM\XMFinal.SC2Mod\Base.SC2Data\GameData\AbilData.xml	added_or_newer_duplicate
ability	UltraliskBurrowCharge	CAbilEffectTarget	references/sc2-build-96883-casc-export/mods/starcoop/starcoop.sc2mod/base.sc2data/gamedata/abildata.xml	D:\MyWork\新建文件夹\mom.report.client\src\MyMod\crys_the_swarm_reborn.SC2Mod\原始mod\Mods\XM\XMFinal.SC2Mod\Base.SC2Data\GameData\AbilData.xml	skipped_existing
ability	UltraliskStetmannBurrowCharge	CAbilEffectTarget	references/sc2-build-96883-casc-export/mods/starcoop/commanders/egonstetmann.sc2mod/base.sc2data/gamedata/abildata.xml	D:\MyWork\新建文件夹\mom.report.client\src\MyMod\crys_the_swarm_reborn.SC2Mod\原始mod\Mods\XM\XMFinal.SC2Mod\Base.SC2Data\GameData\AbilData.xml	skipped_existing
ability	UltraliskStetmannMechanicalLifeLeech	CAbilEffectTarget	references/sc2-build-96883-casc-export/mods/starcoop/commanders/egonstetmann.sc2mod/base.sc2data/gamedata/abildata.xml	D:\MyWork\新建文件夹\mom.report.client\src\MyMod\crys_the_swarm_reborn.SC2Mod\原始mod\Mods\XM\XMFinal.SC2Mod\Base.SC2Data\GameData\AbilData.xml	skipped_existing
ability	UnsiegeMengsk	CAbilMorph	references/sc2-build-96883-casc-export/mods/starcoop/commanders/arcturusmengsk.sc2mod/base.sc2data/gamedata/abildata.xml	D:\MyWork\新建文件夹\mom.report.client\src\MyMod\crys_the_swarm_reborn.SC2Mod\原始mod\Mods\XM\XMFinal.SC2Mod\Base.SC2Data\GameData\AbilData.xml	skipped_existing
ability	VehicleAfterburners	CAbilEffectInstant	references/sc2-build-96883-casc-export/mods/starcoop/starcoop.sc2mod/base.sc2data/gamedata/abildata.xml	D:\MyWork\新建文件夹\mom.report.client\src\MyMod\crys_the_swarm_reborn.SC2Mod\原始mod\Mods\XM\XMFinal.SC2Mod\Base.SC2Data\GameData\AbilData.xml	skipped_existing
ability	WarpPrismTransport	CAbilTransport	references/sc2-build-96883-casc-export/mods/starcoop/starcoop.sc2mod/base.sc2data/gamedata/abildata.xml	D:\MyWork\新建文件夹\mom.report.client\src\MyMod\crys_the_swarm_reborn.SC2Mod\原始mod\Mods\XM\XMFinal.SC2Mod\Base.SC2Data\GameData\AbilData.xml	skipped_existing
ability	WildMutation	CAbilEffectTarget	references/sc2-build-96883-casc-export/mods/starcoop/starcoop.sc2mod/base.sc2data/gamedata/abildata.xml	D:\MyWork\新建文件夹\mom.report.client\src\MyMod\crys_the_swarm_reborn.SC2Mod\原始mod\Mods\XM\XMFinal.SC2Mod\Base.SC2Data\GameData\AbilData.xml	skipped_existing
ability	Yamato	CAbilEffectTarget	references/sc2-build-96883-casc-export/mods/starcoop/starcoop.sc2mod/base.sc2data/gamedata/abildata.xml	D:\MyWork\新建文件夹\mom.report.client\src\MyMod\crys_the_swarm_reborn.SC2Mod\原始mod\Mods\XM\XMFinal.SC2Mod\Base.SC2Data\GameData\AbilData.xml	skipped_existing
ability	ZagaraVoidCoopBanelingBarrage	CAbilEffectTarget	references/sc2-build-96883-casc-export/mods/starcoop/starcoop.sc2mod/base.sc2data/gamedata/abildata.xml	D:\MyWork\新建文件夹\mom.report.client\src\MyMod\crys_the_swarm_reborn.SC2Mod\原始mod\Mods\XM\XMFinal.SC2Mod\Base.SC2Data\GameData\AbilData.xml	skipped_existing
ability	ZagaraVoidCoopBurrow	CAbilMorph	references/sc2-build-96883-casc-export/mods/starcoop/starcoop.sc2mod/base.sc2data/gamedata/abildata.xml	D:\MyWork\新建文件夹\mom.report.client\src\MyMod\crys_the_swarm_reborn.SC2Mod\原始mod\Mods\XM\XMFinal.SC2Mod\Base.SC2Data\GameData\AbilData.xml	skipped_existing
ability	ZagaraVoidCoopMassFrenzy	CAbilEffectInstant	references/sc2-build-96883-casc-export/mods/starcoop/starcoop.sc2mod/base.sc2data/gamedata/abildata.xml	D:\MyWork\新建文件夹\mom.report.client\src\MyMod\crys_the_swarm_reborn.SC2Mod\原始mod\Mods\XM\XMFinal.SC2Mod\Base.SC2Data\GameData\AbilData.xml	skipped_existing
ability	ZagaraVoidCoopSpawnHunterKillers	CAbilEffectTarget	references/sc2-build-96883-casc-export/mods/starcoop/starcoop.sc2mod/base.sc2data/gamedata/abildata.xml	D:\MyWork\新建文件夹\mom.report.client\src\MyMod\crys_the_swarm_reborn.SC2Mod\原始mod\Mods\XM\XMFinal.SC2Mod\Base.SC2Data\GameData\AbilData.xml	skipped_existing
ability	ZeratulCharge	CAbilAugment	references/sc2-build-96883-casc-export/mods/starcoop/starcoop.sc2mod/base.sc2data/gamedata/commanders/futurecommanders.xml	D:\MyWork\新建文件夹\mom.report.client\src\MyMod\crys_the_swarm_reborn.SC2Mod\原始mod\Mods\XM\XMFinal.SC2Mod\Base.SC2Data\GameData\AbilData.xml	added_or_newer_duplicate
ability	ZeratulImmortalBarrierBase	CAbilEffectInstant	references/sc2-build-96883-casc-export/mods/starcoop/starcoop.sc2mod/base.sc2data/gamedata/commanders/futurecommanders.xml	D:\MyWork\新建文件夹\mom.report.client\src\MyMod\crys_the_swarm_reborn.SC2Mod\原始mod\Mods\XM\XMFinal.SC2Mod\Base.SC2Data\GameData\AbilData.xml	added_or_newer_duplicate
ability	ZeratulObserverMorphtoZeratulObserverSiege	CAbilMorph	references/sc2-build-96883-casc-export/mods/starcoop/starcoop.sc2mod/base.sc2data/gamedata/commanders/futurecommanders.xml	D:\MyWork\新建文件夹\mom.report.client\src\MyMod\crys_the_swarm_reborn.SC2Mod\原始mod\Mods\XM\XMFinal.SC2Mod\Base.SC2Data\GameData\AbilData.xml	added_or_newer_duplicate
ability	ZeratulPhasingMode	CAbilMorph	references/sc2-build-96883-casc-export/mods/starcoop/starcoop.sc2mod/base.sc2data/gamedata/commanders/futurecommanders.xml	D:\MyWork\新建文件夹\mom.report.client\src\MyMod\crys_the_swarm_reborn.SC2Mod\原始mod\Mods\XM\XMFinal.SC2Mod\Base.SC2Data\GameData\AbilData.xml	added_or_newer_duplicate
ability	ZeratulPurificationNovaTargeted	CAbilEffectTarget	references/sc2-build-96883-casc-export/mods/starcoop/starcoop.sc2mod/base.sc2data/gamedata/commanders/futurecommanders.xml	D:\MyWork\新建文件夹\mom.report.client\src\MyMod\crys_the_swarm_reborn.SC2Mod\原始mod\Mods\XM\XMFinal.SC2Mod\Base.SC2Data\GameData\AbilData.xml	added_or_newer_duplicate
ability	ZeratulReflectionShield	CAbilEffectInstant	references/sc2-build-96883-casc-export/mods/starcoop/starcoop.sc2mod/base.sc2data/gamedata/commanders/futurecommanders.xml	D:\MyWork\新建文件夹\mom.report.client\src\MyMod\crys_the_swarm_reborn.SC2Mod\原始mod\Mods\XM\XMFinal.SC2Mod\Base.SC2Data\GameData\AbilData.xml	added_or_newer_duplicate
ability	ZeratulSentryShieldRepair	CAbilEffectTarget	references/sc2-build-96883-casc-export/mods/starcoop/starcoop.sc2mod/base.sc2data/gamedata/commanders/futurecommanders.xml	D:\MyWork\新建文件夹\mom.report.client\src\MyMod\crys_the_swarm_reborn.SC2Mod\原始mod\Mods\XM\XMFinal.SC2Mod\Base.SC2Data\GameData\AbilData.xml	added_or_newer_duplicate
ability	ZeratulStalkerBlink	CAbilEffectTarget	references/sc2-build-96883-casc-export/mods/starcoop/starcoop.sc2mod/base.sc2data/gamedata/commanders/futurecommanders.xml	D:\MyWork\新建文件夹\mom.report.client\src\MyMod\crys_the_swarm_reborn.SC2Mod\原始mod\Mods\XM\XMFinal.SC2Mod\Base.SC2Data\GameData\AbilData.xml	added_or_newer_duplicate
ability	ZeratulWarpPrismSelectVoidRift	CAbilEffectInstant	references/sc2-build-96883-casc-export/mods/starcoop/starcoop.sc2mod/base.sc2data/gamedata/commanders/futurecommanders.xml	D:\MyWork\新建文件夹\mom.report.client\src\MyMod\crys_the_swarm_reborn.SC2Mod\原始mod\Mods\XM\XMFinal.SC2Mod\Base.SC2Data\GameData\AbilData.xml	added_or_newer_duplicate
ability	ZeratulZealotWhirlwind	CAbilEffectInstant	references/sc2-build-96883-casc-export/mods/starcoop/starcoop.sc2mod/base.sc2data/gamedata/commanders/futurecommanders.xml	D:\MyWork\新建文件夹\mom.report.client\src\MyMod\crys_the_swarm_reborn.SC2Mod\原始mod\Mods\XM\XMFinal.SC2Mod\Base.SC2Data\GameData\AbilData.xml	added_or_newer_duplicate
ability	ZergBuildStetmann	CAbilBuild	references/sc2-build-96883-casc-export/mods/starcoop/commanders/egonstetmann.sc2mod/base.sc2data/gamedata/abildata.xml	D:\MyWork\新建文件夹\mom.report.client\src\MyMod\crys_the_swarm_reborn.SC2Mod\原始mod\Mods\XM\XMFinal.SC2Mod\Base.SC2Data\GameData\AbilData.xml	skipped_existing
requirement	DynamicPowerRoutingResearched			D:\MyWork\新建文件夹\mom.report.client\src\MyMod\crys_the_swarm_reborn.SC2Mod\原始mod\Mods\XM\XMFinal.SC2Mod\Base.SC2Data\GameData\RequirementData.xml	missing_in_official_sources
requirement	HaveAdeptPiercingAttack			D:\MyWork\新建文件夹\mom.report.client\src\MyMod\crys_the_swarm_reborn.SC2Mod\原始mod\Mods\XM\XMFinal.SC2Mod\Base.SC2Data\GameData\RequirementData.xml	missing_in_official_sources
requirement	HaveArmyOOCRegenMira			D:\MyWork\新建文件夹\mom.report.client\src\MyMod\crys_the_swarm_reborn.SC2Mod\原始mod\Mods\XM\XMFinal.SC2Mod\Base.SC2Data\GameData\RequirementData.xml	missing_in_official_sources
requirement	HaveBattlecruiserYamatoAttacksMira			D:\MyWork\新建文件夹\mom.report.client\src\MyMod\crys_the_swarm_reborn.SC2Mod\原始mod\Mods\XM\XMFinal.SC2Mod\Base.SC2Data\GameData\RequirementData.xml	missing_in_official_sources
requirement	HaveHellionAttackDoTMira			D:\MyWork\新建文件夹\mom.report.client\src\MyMod\crys_the_swarm_reborn.SC2Mod\原始mod\Mods\XM\XMFinal.SC2Mod\Base.SC2Data\GameData\RequirementData.xml	missing_in_official_sources
requirement	HaveHellionFearDeathMira			D:\MyWork\新建文件夹\mom.report.client\src\MyMod\crys_the_swarm_reborn.SC2Mod\原始mod\Mods\XM\XMFinal.SC2Mod\Base.SC2Data\GameData\RequirementData.xml	missing_in_official_sources
requirement	HaveHellionRocketMira			D:\MyWork\新建文件夹\mom.report.client\src\MyMod\crys_the_swarm_reborn.SC2Mod\原始mod\Mods\XM\XMFinal.SC2Mod\Base.SC2Data\GameData\RequirementData.xml	missing_in_official_sources
requirement	HaveHellionStimDeathMira			D:\MyWork\新建文件夹\mom.report.client\src\MyMod\crys_the_swarm_reborn.SC2Mod\原始mod\Mods\XM\XMFinal.SC2Mod\Base.SC2Data\GameData\RequirementData.xml	missing_in_official_sources
requirement	HaveK5Fury			D:\MyWork\新建文件夹\mom.report.client\src\MyMod\crys_the_swarm_reborn.SC2Mod\原始mod\Mods\XM\XMFinal.SC2Mod\Base.SC2Data\GameData\RequirementData.xml	missing_in_official_sources
requirement	HaveK5HeroicFortitude			D:\MyWork\新建文件夹\mom.report.client\src\MyMod\crys_the_swarm_reborn.SC2Mod\原始mod\Mods\XM\XMFinal.SC2Mod\Base.SC2Data\GameData\RequirementData.xml	missing_in_official_sources
requirement	HaveReaperClusterBombMira			D:\MyWork\新建文件夹\mom.report.client\src\MyMod\crys_the_swarm_reborn.SC2Mod\原始mod\Mods\XM\XMFinal.SC2Mod\Base.SC2Data\GameData\RequirementData.xml	missing_in_official_sources
requirement	HaveReaperFlightMira			D:\MyWork\新建文件夹\mom.report.client\src\MyMod\crys_the_swarm_reborn.SC2Mod\原始mod\Mods\XM\XMFinal.SC2Mod\Base.SC2Data\GameData\RequirementData.xml	missing_in_official_sources
requirement	HaveSOBuffMira			D:\MyWork\新建文件夹\mom.report.client\src\MyMod\crys_the_swarm_reborn.SC2Mod\原始mod\Mods\XM\XMFinal.SC2Mod\Base.SC2Data\GameData\RequirementData.xml	missing_in_official_sources
requirement	HaveUltraliskAnabolicSynthesis			D:\MyWork\新建文件夹\mom.report.client\src\MyMod\crys_the_swarm_reborn.SC2Mod\原始mod\Mods\XM\XMFinal.SC2Mod\Base.SC2Data\GameData\RequirementData.xml	missing_in_official_sources
requirement	HaveUltraliskChitnousPlating			D:\MyWork\新建文件夹\mom.report.client\src\MyMod\crys_the_swarm_reborn.SC2Mod\原始mod\Mods\XM\XMFinal.SC2Mod\Base.SC2Data\GameData\RequirementData.xml	missing_in_official_sources
requirement	HaveVikingPiercingAttackMira			D:\MyWork\新建文件夹\mom.report.client\src\MyMod\crys_the_swarm_reborn.SC2Mod\原始mod\Mods\XM\XMFinal.SC2Mod\Base.SC2Data\GameData\RequirementData.xml	missing_in_official_sources
requirement	HaveVikingRocketsMira			D:\MyWork\新建文件夹\mom.report.client\src\MyMod\crys_the_swarm_reborn.SC2Mod\原始mod\Mods\XM\XMFinal.SC2Mod\Base.SC2Data\GameData\RequirementData.xml	missing_in_official_sources
requirement	HaveWidowMineAttackRangeMira			D:\MyWork\新建文件夹\mom.report.client\src\MyMod\crys_the_swarm_reborn.SC2Mod\原始mod\Mods\XM\XMFinal.SC2Mod\Base.SC2Data\GameData\RequirementData.xml	missing_in_official_sources
requirement	HaveWidowMineDeathBlossomMira			D:\MyWork\新建文件夹\mom.report.client\src\MyMod\crys_the_swarm_reborn.SC2Mod\原始mod\Mods\XM\XMFinal.SC2Mod\Base.SC2Data\GameData\RequirementData.xml	missing_in_official_sources
requirement	HaveWraithFuryMira			D:\MyWork\新建文件夹\mom.report.client\src\MyMod\crys_the_swarm_reborn.SC2Mod\原始mod\Mods\XM\XMFinal.SC2Mod\Base.SC2Data\GameData\RequirementData.xml	missing_in_official_sources
requirement	HaveWraithPermaCloakMira			D:\MyWork\新建文件夹\mom.report.client\src\MyMod\crys_the_swarm_reborn.SC2Mod\原始mod\Mods\XM\XMFinal.SC2Mod\Base.SC2Data\GameData\RequirementData.xml	missing_in_official_sources
requirement	UseCombatShield			D:\MyWork\新建文件夹\mom.report.client\src\MyMod\crys_the_swarm_reborn.SC2Mod\原始mod\Mods\XM\XMFinal.SC2Mod\Base.SC2Data\GameData\RequirementData.xml	missing_in_official_sources
requirement	UseGravitonCatapult			D:\MyWork\新建文件夹\mom.report.client\src\MyMod\crys_the_swarm_reborn.SC2Mod\原始mod\Mods\XM\XMFinal.SC2Mod\Base.SC2Data\GameData\RequirementData.xml	missing_in_official_sources
requirement	UsePunisherGrenades			D:\MyWork\新建文件夹\mom.report.client\src\MyMod\crys_the_swarm_reborn.SC2Mod\原始mod\Mods\XM\XMFinal.SC2Mod\Base.SC2Data\GameData\RequirementData.xml	missing_in_official_sources
requirement	AbathurLevel02	CRequirement	references/sc2-build-96883-casc-export/mods/starcoop/starcoop.sc2mod/base.sc2data/gamedata/requirementdata.xml	D:\MyWork\新建文件夹\mom.report.client\src\MyMod\crys_the_swarm_reborn.SC2Mod\原始mod\Mods\XM\XMFinal.SC2Mod\Base.SC2Data\GameData\RequirementData.xml	skipped_existing
requirement	AbathurLevel09	CRequirement	references/sc2-build-96883-casc-export/mods/starcoop/starcoop.sc2mod/base.sc2data/gamedata/requirementdata.xml	D:\MyWork\新建文件夹\mom.report.client\src\MyMod\crys_the_swarm_reborn.SC2Mod\原始mod\Mods\XM\XMFinal.SC2Mod\Base.SC2Data\GameData\RequirementData.xml	skipped_existing
requirement	AbathurLevel09DeepTunnelImproved	CRequirement	references/sc2-build-96883-casc-export/mods/starcoop/starcoop.sc2mod/base.sc2data/gamedata/requirementdata.xml	D:\MyWork\新建文件夹\mom.report.client\src\MyMod\crys_the_swarm_reborn.SC2Mod\原始mod\Mods\XM\XMFinal.SC2Mod\Base.SC2Data\GameData\RequirementData.xml	skipped_existing
requirement	AbathurLevel10	CRequirement	references/sc2-build-96883-casc-export/mods/starcoop/starcoop.sc2mod/base.sc2data/gamedata/requirementdata.xml	D:\MyWork\新建文件夹\mom.report.client\src\MyMod\crys_the_swarm_reborn.SC2Mod\原始mod\Mods\XM\XMFinal.SC2Mod\Base.SC2Data\GameData\RequirementData.xml	skipped_existing
requirement	AlarakLevel15	CRequirement	references/sc2-build-96883-casc-export/mods/starcoop/starcoop.sc2mod/base.sc2data/gamedata/requirementdata.xml	D:\MyWork\新建文件夹\mom.report.client\src\MyMod\crys_the_swarm_reborn.SC2Mod\原始mod\Mods\XM\XMFinal.SC2Mod\Base.SC2Data\GameData\RequirementData.xml	skipped_existing
requirement	ArtanisLevel04	CRequirement	references/sc2-build-96883-casc-export/mods/starcoop/starcoop.sc2mod/base.sc2data/gamedata/requirementdata.xml	D:\MyWork\新建文件夹\mom.report.client\src\MyMod\crys_the_swarm_reborn.SC2Mod\原始mod\Mods\XM\XMFinal.SC2Mod\Base.SC2Data\GameData\RequirementData.xml	skipped_existing
requirement	ArtanisLevel07	CRequirement	references/sc2-build-96883-casc-export/mods/starcoop/starcoop.sc2mod/base.sc2data/gamedata/requirementdata.xml	D:\MyWork\新建文件夹\mom.report.client\src\MyMod\crys_the_swarm_reborn.SC2Mod\原始mod\Mods\XM\XMFinal.SC2Mod\Base.SC2Data\GameData\RequirementData.xml	skipped_existing
requirement	BiomassBuffEmptyVisible	CRequirement	references/sc2-build-96883-casc-export/mods/starcoop/starcoop.sc2mod/base.sc2data/gamedata/requirementdata.xml	D:\MyWork\新建文件夹\mom.report.client\src\MyMod\crys_the_swarm_reborn.SC2Mod\原始mod\Mods\XM\XMFinal.SC2Mod\Base.SC2Data\GameData\RequirementData.xml	skipped_existing
requirement	CommanderPrestigeAbathurBiomass	CRequirement	references/sc2-build-96883-casc-export/mods/starcoop/starcoop.sc2mod/base.sc2data/gamedata/requirementdata.xml	D:\MyWork\新建文件夹\mom.report.client\src\MyMod\crys_the_swarm_reborn.SC2Mod\原始mod\Mods\XM\XMFinal.SC2Mod\Base.SC2Data\GameData\RequirementData.xml	skipped_existing
requirement	CommanderPrestigeAlarakMech	CRequirement	references/sc2-build-96883-casc-export/mods/starcoop/starcoop.sc2mod/base.sc2data/gamedata/requirementdata.xml	D:\MyWork\新建文件夹\mom.report.client\src\MyMod\crys_the_swarm_reborn.SC2Mod\原始mod\Mods\XM\XMFinal.SC2Mod\Base.SC2Data\GameData\RequirementData.xml	skipped_existing
requirement	DehakaLevel02	CRequirement	references/sc2-build-96883-casc-export/mods/starcoop/starcoop.sc2mod/base.sc2data/gamedata/requirementdata.xml	D:\MyWork\新建文件夹\mom.report.client\src\MyMod\crys_the_swarm_reborn.SC2Mod\原始mod\Mods\XM\XMFinal.SC2Mod\Base.SC2Data\GameData\RequirementData.xml	skipped_existing
requirement	DehakaLevel04	CRequirement	references/sc2-build-96883-casc-export/mods/starcoop/starcoop.sc2mod/base.sc2data/gamedata/requirementdata.xml	D:\MyWork\新建文件夹\mom.report.client\src\MyMod\crys_the_swarm_reborn.SC2Mod\原始mod\Mods\XM\XMFinal.SC2Mod\Base.SC2Data\GameData\RequirementData.xml	skipped_existing
requirement	DehakaLevel05	CRequirement	references/sc2-build-96883-casc-export/mods/starcoop/starcoop.sc2mod/base.sc2data/gamedata/requirementdata.xml	D:\MyWork\新建文件夹\mom.report.client\src\MyMod\crys_the_swarm_reborn.SC2Mod\原始mod\Mods\XM\XMFinal.SC2Mod\Base.SC2Data\GameData\RequirementData.xml	skipped_existing
requirement	DehakaLevel06	CRequirement	references/sc2-build-96883-casc-export/mods/starcoop/starcoop.sc2mod/base.sc2data/gamedata/requirementdata.xml	D:\MyWork\新建文件夹\mom.report.client\src\MyMod\crys_the_swarm_reborn.SC2Mod\原始mod\Mods\XM\XMFinal.SC2Mod\Base.SC2Data\GameData\RequirementData.xml	skipped_existing
requirement	DehakaLevel08	CRequirement	references/sc2-build-96883-casc-export/mods/starcoop/starcoop.sc2mod/base.sc2data/gamedata/requirementdata.xml	D:\MyWork\新建文件夹\mom.report.client\src\MyMod\crys_the_swarm_reborn.SC2Mod\原始mod\Mods\XM\XMFinal.SC2Mod\Base.SC2Data\GameData\RequirementData.xml	skipped_existing
requirement	DehakaLevel10	CRequirement	references/sc2-build-96883-casc-export/mods/starcoop/starcoop.sc2mod/base.sc2data/gamedata/requirementdata.xml	D:\MyWork\新建文件夹\mom.report.client\src\MyMod\crys_the_swarm_reborn.SC2Mod\原始mod\Mods\XM\XMFinal.SC2Mod\Base.SC2Data\GameData\RequirementData.xml	skipped_existing
requirement	DehakaLevel11	CRequirement	references/sc2-build-96883-casc-export/mods/starcoop/starcoop.sc2mod/base.sc2data/gamedata/requirementdata.xml	D:\MyWork\新建文件夹\mom.report.client\src\MyMod\crys_the_swarm_reborn.SC2Mod\原始mod\Mods\XM\XMFinal.SC2Mod\Base.SC2Data\GameData\RequirementData.xml	skipped_existing
requirement	DehakaLevel12	CRequirement	references/sc2-build-96883-casc-export/mods/starcoop/starcoop.sc2mod/base.sc2data/gamedata/requirementdata.xml	D:\MyWork\新建文件夹\mom.report.client\src\MyMod\crys_the_swarm_reborn.SC2Mod\原始mod\Mods\XM\XMFinal.SC2Mod\Base.SC2Data\GameData\RequirementData.xml	skipped_existing
requirement	HaveAberrationArmorAura	CRequirement	references/sc2-build-96883-casc-export/mods/starcoop/starcoop.sc2mod/base.sc2data/gamedata/requirementdata.xml	D:\MyWork\新建文件夹\mom.report.client\src\MyMod\crys_the_swarm_reborn.SC2Mod\原始mod\Mods\XM\XMFinal.SC2Mod\Base.SC2Data\GameData\RequirementData.xml	skipped_existing
requirement	HaveAdeptFenixShadeSpawn	CRequirement	references/sc2-build-96883-casc-export/mods/starcoop/starcoop.sc2mod/base.sc2data/gamedata/requirementdata.xml	D:\MyWork\新建文件夹\mom.report.client\src\MyMod\crys_the_swarm_reborn.SC2Mod\原始mod\Mods\XM\XMFinal.SC2Mod\Base.SC2Data\GameData\RequirementData.xml	skipped_existing
requirement	HaveAlarakHavocAbilityRange	CRequirement	references/sc2-build-96883-casc-export/mods/starcoop/starcoop.sc2mod/base.sc2data/gamedata/requirementdata.xml	D:\MyWork\新建文件夹\mom.report.client\src\MyMod\crys_the_swarm_reborn.SC2Mod\原始mod\Mods\XM\XMFinal.SC2Mod\Base.SC2Data\GameData\RequirementData.xml	skipped_existing
requirement	HaveAlarakHavocPermanentCloak	CRequirement	references/sc2-build-96883-casc-export/mods/starcoop/starcoop.sc2mod/base.sc2data/gamedata/requirementdata.xml	D:\MyWork\新建文件夹\mom.report.client\src\MyMod\crys_the_swarm_reborn.SC2Mod\原始mod\Mods\XM\XMFinal.SC2Mod\Base.SC2Data\GameData\RequirementData.xml	skipped_existing
requirement	HaveAlarakHavocTargetLockBuff	CRequirement	references/sc2-build-96883-casc-export/mods/starcoop/starcoop.sc2mod/base.sc2data/gamedata/requirementdata.xml	D:\MyWork\新建文件夹\mom.report.client\src\MyMod\crys_the_swarm_reborn.SC2Mod\原始mod\Mods\XM\XMFinal.SC2Mod\Base.SC2Data\GameData\RequirementData.xml	skipped_existing
requirement	HaveAlarakStalkerPhasingArmor	CRequirement	references/sc2-build-96883-casc-export/mods/starcoop/starcoop.sc2mod/base.sc2data/gamedata/requirementdata.xml	D:\MyWork\新建文件夹\mom.report.client\src\MyMod\crys_the_swarm_reborn.SC2Mod\原始mod\Mods\XM\XMFinal.SC2Mod\Base.SC2Data\GameData\RequirementData.xml	skipped_existing
requirement	HaveAlarakSupplicantMaxShields	CRequirement	references/sc2-build-96883-casc-export/mods/starcoop/starcoop.sc2mod/base.sc2data/gamedata/requirementdata.xml	D:\MyWork\新建文件夹\mom.report.client\src\MyMod\crys_the_swarm_reborn.SC2Mod\原始mod\Mods\XM\XMFinal.SC2Mod\Base.SC2Data\GameData\RequirementData.xml	skipped_existing
requirement	HaveAlarakVanguardIncreaseSplashArea	CRequirement	references/sc2-build-96883-casc-export/mods/starcoop/starcoop.sc2mod/base.sc2data/gamedata/requirementdata.xml	D:\MyWork\新建文件夹\mom.report.client\src\MyMod\crys_the_swarm_reborn.SC2Mod\原始mod\Mods\XM\XMFinal.SC2Mod\Base.SC2Data\GameData\RequirementData.xml	skipped_existing
requirement	HaveBanelingStetmannExtraDamage	CRequirement	references/sc2-build-96883-casc-export/mods/starcoop/commanders/egonstetmann.sc2mod/base.sc2data/gamedata/requirementdata.xml	D:\MyWork\新建文件夹\mom.report.client\src\MyMod\crys_the_swarm_reborn.SC2Mod\原始mod\Mods\XM\XMFinal.SC2Mod\Base.SC2Data\GameData\RequirementData.xml	skipped_existing
requirement	HaveBansheePermaCloak	CRequirement	references/sc2-build-96883-casc-export/mods/starcoop/starcoop.sc2mod/base.sc2data/gamedata/requirementdata.xml	D:\MyWork\新建文件夹\mom.report.client\src\MyMod\crys_the_swarm_reborn.SC2Mod\原始mod\Mods\XM\XMFinal.SC2Mod\Base.SC2Data\GameData\RequirementData.xml	skipped_existing
requirement	HaveBarrier	CRequirement	references/sc2-build-96883-casc-export/mods/starcoop/starcoop.sc2mod/base.sc2data/gamedata/requirementdata.xml	D:\MyWork\新建文件夹\mom.report.client\src\MyMod\crys_the_swarm_reborn.SC2Mod\原始mod\Mods\XM\XMFinal.SC2Mod\Base.SC2Data\GameData\RequirementData.xml	skipped_existing
requirement	HaveBattlecruiserMengskRangeAura	CRequirement	references/sc2-build-96883-casc-export/mods/starcoop/commanders/arcturusmengsk.sc2mod/base.sc2data/gamedata/requirementdata.xml	D:\MyWork\新建文件夹\mom.report.client\src\MyMod\crys_the_swarm_reborn.SC2Mod\原始mod\Mods\XM\XMFinal.SC2Mod\Base.SC2Data\GameData\RequirementData.xml	skipped_existing
requirement	HaveBlimpMengskTopbarRegen	CRequirement	references/sc2-build-96883-casc-export/mods/starcoop/commanders/arcturusmengsk.sc2mod/base.sc2data/gamedata/requirementdata.xml	D:\MyWork\新建文件夹\mom.report.client\src\MyMod\crys_the_swarm_reborn.SC2Mod\原始mod\Mods\XM\XMFinal.SC2Mod\Base.SC2Data\GameData\RequirementData.xml	skipped_existing
requirement	HaveBroodlordSpeed	CRequirement	references/sc2-build-96883-casc-export/mods/starcoop/starcoop.sc2mod/base.sc2data/gamedata/requirementdata.xml	D:\MyWork\新建文件夹\mom.report.client\src\MyMod\crys_the_swarm_reborn.SC2Mod\原始mod\Mods\XM\XMFinal.SC2Mod\Base.SC2Data\GameData\RequirementData.xml	skipped_existing
requirement	HaveBrutaliskgainsSymbioteUpgrade	CRequirement	references/sc2-build-96883-casc-export/mods/starcoop/starcoop.sc2mod/base.sc2data/gamedata/requirementdata.xml	D:\MyWork\新建文件夹\mom.report.client\src\MyMod\crys_the_swarm_reborn.SC2Mod\原始mod\Mods\XM\XMFinal.SC2Mod\Base.SC2Data\GameData\RequirementData.xml	skipped_existing
requirement	HaveColossusChargedBlastAirAttack	CRequirement	references/sc2-build-96883-casc-export/mods/starcoop/starcoop.sc2mod/base.sc2data/gamedata/requirementdata.xml	D:\MyWork\新建文件夹\mom.report.client\src\MyMod\crys_the_swarm_reborn.SC2Mod\原始mod\Mods\XM\XMFinal.SC2Mod\Base.SC2Data\GameData\RequirementData.xml	skipped_existing
requirement	HaveColossusChargedBlastChargeTime	CRequirement	references/sc2-build-96883-casc-export/mods/starcoop/starcoop.sc2mod/base.sc2data/gamedata/requirementdata.xml	D:\MyWork\新建文件夹\mom.report.client\src\MyMod\crys_the_swarm_reborn.SC2Mod\原始mod\Mods\XM\XMFinal.SC2Mod\Base.SC2Data\GameData\RequirementData.xml	skipped_existing
requirement	HaveCorrosiveBileDamageIncrease	CRequirement	references/sc2-build-96883-casc-export/mods/starcoop/starcoop.sc2mod/base.sc2data/gamedata/requirementdata.xml	D:\MyWork\新建文件夹\mom.report.client\src\MyMod\crys_the_swarm_reborn.SC2Mod\原始mod\Mods\XM\XMFinal.SC2Mod\Base.SC2Data\GameData\RequirementData.xml	skipped_existing
requirement	HaveCorrosiveBileRadiusIncrease	CRequirement	references/sc2-build-96883-casc-export/mods/starcoop/starcoop.sc2mod/base.sc2data/gamedata/requirementdata.xml	D:\MyWork\新建文件夹\mom.report.client\src\MyMod\crys_the_swarm_reborn.SC2Mod\原始mod\Mods\XM\XMFinal.SC2Mod\Base.SC2Data\GameData\RequirementData.xml	skipped_existing
requirement	HaveCorsairPermanentCloak	CRequirement	references/sc2-build-96883-casc-export/mods/starcoop/starcoop.sc2mod/base.sc2data/gamedata/requirementdata.xml	D:\MyWork\新建文件夹\mom.report.client\src\MyMod\crys_the_swarm_reborn.SC2Mod\原始mod\Mods\XM\XMFinal.SC2Mod\Base.SC2Data\GameData\RequirementData.xml	skipped_existing
requirement	HaveCycloneLockOnDamageUpgrade	CRequirement	references/sc2-build-96883-casc-export/mods/starcoop/starcoop.sc2mod/base.sc2data/gamedata/requirementdata.xml	D:\MyWork\新建文件夹\mom.report.client\src\MyMod\crys_the_swarm_reborn.SC2Mod\原始mod\Mods\XM\XMFinal.SC2Mod\Base.SC2Data\GameData\RequirementData.xml	skipped_existing
requirement	HaveCycloneLockOnRangeUpgrade2	CRequirement	references/sc2-build-96883-casc-export/mods/starcoop/starcoop.sc2mod/base.sc2data/gamedata/requirementdata.xml	D:\MyWork\新建文件夹\mom.report.client\src\MyMod\crys_the_swarm_reborn.SC2Mod\原始mod\Mods\XM\XMFinal.SC2Mod\Base.SC2Data\GameData\RequirementData.xml	skipped_existing
requirement	HaveDehakaGeneAttackSpeed	CRequirement	references/sc2-build-96883-casc-export/mods/starcoop/starcoop.sc2mod/base.sc2data/gamedata/requirementdata.xml	D:\MyWork\新建文件夹\mom.report.client\src\MyMod\crys_the_swarm_reborn.SC2Mod\原始mod\Mods\XM\XMFinal.SC2Mod\Base.SC2Data\GameData\RequirementData.xml	skipped_existing
requirement	HaveDehakaGeneCarapace	CRequirement	references/sc2-build-96883-casc-export/mods/starcoop/starcoop.sc2mod/base.sc2data/gamedata/requirementdata.xml	D:\MyWork\新建文件夹\mom.report.client\src\MyMod\crys_the_swarm_reborn.SC2Mod\原始mod\Mods\XM\XMFinal.SC2Mod\Base.SC2Data\GameData\RequirementData.xml	skipped_existing
requirement	HaveDehakaGeneCreepers	CRequirement	references/sc2-build-96883-casc-export/mods/starcoop/starcoop.sc2mod/base.sc2data/gamedata/requirementdata.xml	D:\MyWork\新建文件夹\mom.report.client\src\MyMod\crys_the_swarm_reborn.SC2Mod\原始mod\Mods\XM\XMFinal.SC2Mod\Base.SC2Data\GameData\RequirementData.xml	skipped_existing
requirement	HaveDehakaGeneLifeLeech	CRequirement	references/sc2-build-96883-casc-export/mods/starcoop/starcoop.sc2mod/base.sc2data/gamedata/requirementdata.xml	D:\MyWork\新建文件夹\mom.report.client\src\MyMod\crys_the_swarm_reborn.SC2Mod\原始mod\Mods\XM\XMFinal.SC2Mod\Base.SC2Data\GameData\RequirementData.xml	skipped_existing
requirement	HaveDehakaGeneThorns	CRequirement	references/sc2-build-96883-casc-export/mods/starcoop/starcoop.sc2mod/base.sc2data/gamedata/requirementdata.xml	D:\MyWork\新建文件夹\mom.report.client\src\MyMod\crys_the_swarm_reborn.SC2Mod\原始mod\Mods\XM\XMFinal.SC2Mod\Base.SC2Data\GameData\RequirementData.xml	skipped_existing
requirement	HaveDehakaGlevigRoachFireBreath	CRequirement	references/sc2-build-96883-casc-export/mods/starcoop/starcoop.sc2mod/base.sc2data/gamedata/requirementdata.xml	D:\MyWork\新建文件夹\mom.report.client\src\MyMod\crys_the_swarm_reborn.SC2Mod\原始mod\Mods\XM\XMFinal.SC2Mod\Base.SC2Data\GameData\RequirementData.xml	skipped_existing
requirement	HaveDehakaHydraliskSpeed	CRequirement	references/sc2-build-96883-casc-export/mods/starcoop/starcoop.sc2mod/base.sc2data/gamedata/requirementdata.xml	D:\MyWork\新建文件夹\mom.report.client\src\MyMod\crys_the_swarm_reborn.SC2Mod\原始mod\Mods\XM\XMFinal.SC2Mod\Base.SC2Data\GameData\RequirementData.xml	skipped_existing
requirement	HaveDehakaImpalerTenderize	CRequirement	references/sc2-build-96883-casc-export/mods/starcoop/starcoop.sc2mod/base.sc2data/gamedata/requirementdata.xml	D:\MyWork\新建文件夹\mom.report.client\src\MyMod\crys_the_swarm_reborn.SC2Mod\原始mod\Mods\XM\XMFinal.SC2Mod\Base.SC2Data\GameData\RequirementData.xml	skipped_existing
requirement	HaveDehakaMutaliskDamageReduction	CRequirement	references/sc2-build-96883-casc-export/mods/starcoop/starcoop.sc2mod/base.sc2data/gamedata/requirementdata.xml	D:\MyWork\新建文件夹\mom.report.client\src\MyMod\crys_the_swarm_reborn.SC2Mod\原始mod\Mods\XM\XMFinal.SC2Mod\Base.SC2Data\GameData\RequirementData.xml	skipped_existing
requirement	HaveDehakaMutaliskRespawnOnDeath	CRequirement	references/sc2-build-96883-casc-export/mods/starcoop/starcoop.sc2mod/base.sc2data/gamedata/requirementdata.xml	D:\MyWork\新建文件夹\mom.report.client\src\MyMod\crys_the_swarm_reborn.SC2Mod\原始mod\Mods\XM\XMFinal.SC2Mod\Base.SC2Data\GameData\RequirementData.xml	skipped_existing
requirement	HaveDehakaRavasaurRange	CRequirement	references/sc2-build-96883-casc-export/mods/starcoop/starcoop.sc2mod/base.sc2data/gamedata/requirementdata.xml	D:\MyWork\新建文件夹\mom.report.client\src\MyMod\crys_the_swarm_reborn.SC2Mod\原始mod\Mods\XM\XMFinal.SC2Mod\Base.SC2Data\GameData\RequirementData.xml	skipped_existing
requirement	HaveDehakaRavasaurVSArmor	CRequirement	references/sc2-build-96883-casc-export/mods/starcoop/starcoop.sc2mod/base.sc2data/gamedata/requirementdata.xml	D:\MyWork\新建文件夹\mom.report.client\src\MyMod\crys_the_swarm_reborn.SC2Mod\原始mod\Mods\XM\XMFinal.SC2Mod\Base.SC2Data\GameData\RequirementData.xml	skipped_existing
requirement	HaveDehakaRoachMoveSpeed	CRequirement	references/sc2-build-96883-casc-export/mods/starcoop/starcoop.sc2mod/base.sc2data/gamedata/requirementdata.xml	D:\MyWork\新建文件夹\mom.report.client\src\MyMod\crys_the_swarm_reborn.SC2Mod\原始mod\Mods\XM\XMFinal.SC2Mod\Base.SC2Data\GameData\RequirementData.xml	skipped_existing
requirement	HaveDehakaSwarmHostCreepers	CRequirement	references/sc2-build-96883-casc-export/mods/starcoop/starcoop.sc2mod/base.sc2data/gamedata/requirementdata.xml	D:\MyWork\新建文件夹\mom.report.client\src\MyMod\crys_the_swarm_reborn.SC2Mod\原始mod\Mods\XM\XMFinal.SC2Mod\Base.SC2Data\GameData\RequirementData.xml	skipped_existing
requirement	HaveDehakaTyrannozorArmorAura	CRequirement	references/sc2-build-96883-casc-export/mods/starcoop/starcoop.sc2mod/base.sc2data/gamedata/requirementdata.xml	D:\MyWork\新建文件夹\mom.report.client\src\MyMod\crys_the_swarm_reborn.SC2Mod\原始mod\Mods\XM\XMFinal.SC2Mod\Base.SC2Data\GameData\RequirementData.xml	skipped_existing
requirement	HaveDehakaUltraliskBash	CRequirement	references/sc2-build-96883-casc-export/mods/starcoop/starcoop.sc2mod/base.sc2data/gamedata/requirementdata.xml	D:\MyWork\新建文件夹\mom.report.client\src\MyMod\crys_the_swarm_reborn.SC2Mod\原始mod\Mods\XM\XMFinal.SC2Mod\Base.SC2Data\GameData\RequirementData.xml	skipped_existing
requirement	HaveDehakaUltraliskRegen	CRequirement	references/sc2-build-96883-casc-export/mods/starcoop/starcoop.sc2mod/base.sc2data/gamedata/requirementdata.xml	D:\MyWork\新建文件夹\mom.report.client\src\MyMod\crys_the_swarm_reborn.SC2Mod\原始mod\Mods\XM\XMFinal.SC2Mod\Base.SC2Data\GameData\RequirementData.xml	skipped_existing
requirement	HaveDragoonHealth	CRequirement	references/sc2-build-96883-casc-export/mods/starcoop/starcoop.sc2mod/base.sc2data/gamedata/requirementdata.xml	D:\MyWork\新建文件夹\mom.report.client\src\MyMod\crys_the_swarm_reborn.SC2Mod\原始mod\Mods\XM\XMFinal.SC2Mod\Base.SC2Data\GameData\RequirementData.xml	skipped_existing
requirement	HaveFenixScoutWeaponRange	CRequirement	references/sc2-build-96883-casc-export/mods/starcoop/starcoop.sc2mod/base.sc2data/gamedata/requirementdata.xml	D:\MyWork\新建文件夹\mom.report.client\src\MyMod\crys_the_swarm_reborn.SC2Mod\原始mod\Mods\XM\XMFinal.SC2Mod\Base.SC2Data\GameData\RequirementData.xml	skipped_existing
requirement	HaveFireBeam	CRequirement	references/sc2-build-96883-casc-export/mods/starcoop/starcoop.sc2mod/base.sc2data/gamedata/requirementdata.xml	D:\MyWork\新建文件夹\mom.report.client\src\MyMod\crys_the_swarm_reborn.SC2Mod\原始mod\Mods\XM\XMFinal.SC2Mod\Base.SC2Data\GameData\RequirementData.xml	skipped_existing
requirement	HaveGhostMengskGuidedStrike	CRequirement	references/sc2-build-96883-casc-export/mods/starcoop/commanders/arcturusmengsk.sc2mod/base.sc2data/gamedata/requirementdata.xml	D:\MyWork\新建文件夹\mom.report.client\src\MyMod\crys_the_swarm_reborn.SC2Mod\原始mod\Mods\XM\XMFinal.SC2Mod\Base.SC2Data\GameData\RequirementData.xml	skipped_existing
requirement	HaveGlialReconstitution	CRequirement	references/sc2-build-96883-casc-export/mods/starcoop/starcoop.sc2mod/base.sc2data/gamedata/requirementdata.xml	D:\MyWork\新建文件夹\mom.report.client\src\MyMod\crys_the_swarm_reborn.SC2Mod\原始mod\Mods\XM\XMFinal.SC2Mod\Base.SC2Data\GameData\RequirementData.xml	skipped_existing
requirement	HaveGraviticBoosters	CRequirement	references/sc2-build-96883-casc-export/mods/starcoop/starcoop.sc2mod/base.sc2data/gamedata/requirementdata.xml	D:\MyWork\新建文件夹\mom.report.client\src\MyMod\crys_the_swarm_reborn.SC2Mod\原始mod\Mods\XM\XMFinal.SC2Mod\Base.SC2Data\GameData\RequirementData.xml	skipped_existing
requirement	HaveGroovedSpines	CRequirement	references/sc2-build-96883-casc-export/mods/starcoop/starcoop.sc2mod/base.sc2data/gamedata/requirementdata.xml	D:\MyWork\新建文件夹\mom.report.client\src\MyMod\crys_the_swarm_reborn.SC2Mod\原始mod\Mods\XM\XMFinal.SC2Mod\Base.SC2Data\GameData\RequirementData.xml	skipped_existing
requirement	HaveGuardianAttackRangeIncrease	CRequirement	references/sc2-build-96883-casc-export/mods/starcoop/starcoop.sc2mod/base.sc2data/gamedata/requirementdata.xml	D:\MyWork\新建文件夹\mom.report.client\src\MyMod\crys_the_swarm_reborn.SC2Mod\原始mod\Mods\XM\XMFinal.SC2Mod\Base.SC2Data\GameData\RequirementData.xml	skipped_existing
requirement	HaveHealingPsionicStorm	CRequirement	references/sc2-build-96883-casc-export/mods/starcoop/starcoop.sc2mod/base.sc2data/gamedata/requirementdata.xml	D:\MyWork\新建文件夹\mom.report.client\src\MyMod\crys_the_swarm_reborn.SC2Mod\原始mod\Mods\XM\XMFinal.SC2Mod\Base.SC2Data\GameData\RequirementData.xml	skipped_existing
requirement	HaveHealingPsionicStormHighArchon	CRequirement	references/sc2-build-96883-casc-export/mods/starcoop/starcoop.sc2mod/base.sc2data/gamedata/requirementdata.xml	D:\MyWork\新建文件夹\mom.report.client\src\MyMod\crys_the_swarm_reborn.SC2Mod\原始mod\Mods\XM\XMFinal.SC2Mod\Base.SC2Data\GameData\RequirementData.xml	skipped_existing
requirement	HaveHellbatHellArmor	CRequirement	references/sc2-build-96883-casc-export/mods/starcoop/starcoop.sc2mod/base.sc2data/gamedata/requirementdata.xml	D:\MyWork\新建文件夹\mom.report.client\src\MyMod\crys_the_swarm_reborn.SC2Mod\原始mod\Mods\XM\XMFinal.SC2Mod\Base.SC2Data\GameData\RequirementData.xml	skipped_existing
requirement	HaveHHVikingMorph	CRequirement	references/sc2-build-96883-casc-export/mods/starcoop/starcoop.sc2mod/base.sc2data/gamedata/requirementdata.xml	D:\MyWork\新建文件夹\mom.report.client\src\MyMod\crys_the_swarm_reborn.SC2Mod\原始mod\Mods\XM\XMFinal.SC2Mod\Base.SC2Data\GameData\RequirementData.xml	skipped_existing
requirement	HaveHighTemplarEnergyUpgrade	CRequirement	references/sc2-build-96883-casc-export/mods/starcoop/starcoop.sc2mod/base.sc2data/gamedata/requirementdata.xml	D:\MyWork\新建文件夹\mom.report.client\src\MyMod\crys_the_swarm_reborn.SC2Mod\原始mod\Mods\XM\XMFinal.SC2Mod\Base.SC2Data\GameData\RequirementData.xml	skipped_existing
requirement	HaveHighTemplarEnergyUpgradeHighArchon	CRequirement	references/sc2-build-96883-casc-export/mods/starcoop/starcoop.sc2mod/base.sc2data/gamedata/requirementdata.xml	D:\MyWork\新建文件夹\mom.report.client\src\MyMod\crys_the_swarm_reborn.SC2Mod\原始mod\Mods\XM\XMFinal.SC2Mod\Base.SC2Data\GameData\RequirementData.xml	skipped_existing
requirement	HaveHighTemplarImprovedSacrifice	CRequirement	references/sc2-build-96883-casc-export/mods/starcoop/starcoop.sc2mod/base.sc2data/gamedata/requirementdata.xml	D:\MyWork\新建文件夹\mom.report.client\src\MyMod\crys_the_swarm_reborn.SC2Mod\原始mod\Mods\XM\XMFinal.SC2Mod\Base.SC2Data\GameData\RequirementData.xml	skipped_existing
requirement	HaveHighTemplarPsionicOrbTravelDistance	CRequirement	references/sc2-build-96883-casc-export/mods/starcoop/starcoop.sc2mod/base.sc2data/gamedata/requirementdata.xml	D:\MyWork\新建文件夹\mom.report.client\src\MyMod\crys_the_swarm_reborn.SC2Mod\原始mod\Mods\XM\XMFinal.SC2Mod\Base.SC2Data\GameData\RequirementData.xml	skipped_existing
requirement	HaveHotSChitinousPlating	CRequirement	references/sc2-build-96883-casc-export/mods/starcoop/starcoop.sc2mod/base.sc2data/gamedata/requirementdata.xml	D:\MyWork\新建文件夹\mom.report.client\src\MyMod\crys_the_swarm_reborn.SC2Mod\原始mod\Mods\XM\XMFinal.SC2Mod\Base.SC2Data\GameData\RequirementData.xml	skipped_existing
requirement	HaveHotSRoachDamage	CRequirement	references/sc2-build-96883-casc-export/mods/starcoop/starcoop.sc2mod/base.sc2data/gamedata/requirementdata.xml	D:\MyWork\新建文件夹\mom.report.client\src\MyMod\crys_the_swarm_reborn.SC2Mod\原始mod\Mods\XM\XMFinal.SC2Mod\Base.SC2Data\GameData\RequirementData.xml	skipped_existing
requirement	HaveHotSRoachShield	CRequirement	references/sc2-build-96883-casc-export/mods/starcoop/starcoop.sc2mod/base.sc2data/gamedata/requirementdata.xml	D:\MyWork\新建文件夹\mom.report.client\src\MyMod\crys_the_swarm_reborn.SC2Mod\原始mod\Mods\XM\XMFinal.SC2Mod\Base.SC2Data\GameData\RequirementData.xml	skipped_existing
requirement	HaveHotSTissueAssimilation	CRequirement	references/sc2-build-96883-casc-export/mods/starcoop/starcoop.sc2mod/base.sc2data/gamedata/requirementdata.xml	D:\MyWork\新建文件夹\mom.report.client\src\MyMod\crys_the_swarm_reborn.SC2Mod\原始mod\Mods\XM\XMFinal.SC2Mod\Base.SC2Data\GameData\RequirementData.xml	skipped_existing
requirement	HaveHydraliskStetmannMovementSpeed	CRequirement	references/sc2-build-96883-casc-export/mods/starcoop/commanders/egonstetmann.sc2mod/base.sc2data/gamedata/requirementdata.xml	D:\MyWork\新建文件夹\mom.report.client\src\MyMod\crys_the_swarm_reborn.SC2Mod\原始mod\Mods\XM\XMFinal.SC2Mod\Base.SC2Data\GameData\RequirementData.xml	skipped_existing
requirement	HaveHydraliskStetmannRange	CRequirement	references/sc2-build-96883-casc-export/mods/starcoop/commanders/egonstetmann.sc2mod/base.sc2data/gamedata/requirementdata.xml	D:\MyWork\新建文件夹\mom.report.client\src\MyMod\crys_the_swarm_reborn.SC2Mod\原始mod\Mods\XM\XMFinal.SC2Mod\Base.SC2Data\GameData\RequirementData.xml	skipped_existing
requirement	HaveInfernalPreigniter	CRequirement	references/sc2-build-96883-casc-export/mods/starcoop/starcoop.sc2mod/base.sc2data/gamedata/requirementdata.xml	D:\MyWork\新建文件夹\mom.report.client\src\MyMod\crys_the_swarm_reborn.SC2Mod\原始mod\Mods\XM\XMFinal.SC2Mod\Base.SC2Data\GameData\RequirementData.xml	skipped_existing
requirement	HaveInfestedSiegeTankAmmo	CRequirement	references/sc2-build-96883-casc-export/mods/starcoop/starcoop.sc2mod/base.sc2data/gamedata/requirementdata.xml	D:\MyWork\新建文件夹\mom.report.client\src\MyMod\crys_the_swarm_reborn.SC2Mod\原始mod\Mods\XM\XMFinal.SC2Mod\Base.SC2Data\GameData\RequirementData.xml	skipped_existing
requirement	HaveK5ChainLightning	CRequirement	references/sc2-build-96883-casc-export/mods/starcoop/starcoop.sc2mod/base.sc2data/gamedata/requirementdata.xml	D:\MyWork\新建文件夹\mom.report.client\src\MyMod\crys_the_swarm_reborn.SC2Mod\原始mod\Mods\XM\XMFinal.SC2Mod\Base.SC2Data\GameData\RequirementData.xml	skipped_existing
requirement	HaveK5Cooldowns	CRequirement	references/sc2-build-96883-casc-export/mods/starcoop/starcoop.sc2mod/base.sc2data/gamedata/requirementdata.xml	D:\MyWork\新建文件夹\mom.report.client\src\MyMod\crys_the_swarm_reborn.SC2Mod\原始mod\Mods\XM\XMFinal.SC2Mod\Base.SC2Data\GameData\RequirementData.xml	skipped_existing
requirement	HaveKaraxEnergyRegenUpgrade	CRequirement	references/sc2-build-96883-casc-export/mods/starcoop/starcoop.sc2mod/base.sc2data/gamedata/requirementdata.xml	D:\MyWork\新建文件夹\mom.report.client\src\MyMod\crys_the_swarm_reborn.SC2Mod\原始mod\Mods\XM\XMFinal.SC2Mod\Base.SC2Data\GameData\RequirementData.xml	skipped_existing
requirement	HaveKaraxExtendedThermalLance	CRequirement	references/sc2-build-96883-casc-export/mods/starcoop/starcoop.sc2mod/base.sc2data/gamedata/requirementdata.xml	D:\MyWork\新建文件夹\mom.report.client\src\MyMod\crys_the_swarm_reborn.SC2Mod\原始mod\Mods\XM\XMFinal.SC2Mod\Base.SC2Data\GameData\RequirementData.xml	skipped_existing
requirement	HaveKaraxPhoenixRangeUpgrade	CRequirement	references/sc2-build-96883-casc-export/mods/starcoop/starcoop.sc2mod/base.sc2data/gamedata/requirementdata.xml	D:\MyWork\新建文件夹\mom.report.client\src\MyMod\crys_the_swarm_reborn.SC2Mod\原始mod\Mods\XM\XMFinal.SC2Mod\Base.SC2Data\GameData\RequirementData.xml	skipped_existing
requirement	HaveKerriganSunderingGlaive	CRequirement	references/sc2-build-96883-casc-export/mods/starcoop/starcoop.sc2mod/base.sc2data/gamedata/requirementdata.xml	D:\MyWork\新建文件夹\mom.report.client\src\MyMod\crys_the_swarm_reborn.SC2Mod\原始mod\Mods\XM\XMFinal.SC2Mod\Base.SC2Data\GameData\RequirementData.xml	skipped_existing
requirement	HaveKerriganViciousGlaive	CRequirement	references/sc2-build-96883-casc-export/mods/starcoop/starcoop.sc2mod/base.sc2data/gamedata/requirementdata.xml	D:\MyWork\新建文件夹\mom.report.client\src\MyMod\crys_the_swarm_reborn.SC2Mod\原始mod\Mods\XM\XMFinal.SC2Mod\Base.SC2Data\GameData\RequirementData.xml	skipped_existing
requirement	HaveKerriganVoidCoopEnergyRegen	CRequirement	references/sc2-build-96883-casc-export/mods/starcoop/starcoop.sc2mod/base.sc2data/gamedata/requirementdata.xml	D:\MyWork\新建文件夹\mom.report.client\src\MyMod\crys_the_swarm_reborn.SC2Mod\原始mod\Mods\XM\XMFinal.SC2Mod\Base.SC2Data\GameData\RequirementData.xml	skipped_existing
requirement	HaveLaserTargetingSystemNova	CRequirement	references/sc2-build-96883-casc-export/mods/starcoop/starcoop.sc2mod/base.sc2data/gamedata/requirementdata.xml	D:\MyWork\新建文件夹\mom.report.client\src\MyMod\crys_the_swarm_reborn.SC2Mod\原始mod\Mods\XM\XMFinal.SC2Mod\Base.SC2Data\GameData\RequirementData.xml	skipped_existing
requirement	HaveLiberatorMAFServos	CRequirement	references/sc2-build-96883-casc-export/mods/starcoop/starcoop.sc2mod/base.sc2data/gamedata/requirementdata.xml	D:\MyWork\新建文件夹\mom.report.client\src\MyMod\crys_the_swarm_reborn.SC2Mod\原始mod\Mods\XM\XMFinal.SC2Mod\Base.SC2Data\GameData\RequirementData.xml	skipped_existing
requirement	HaveLiberatorStructureAttack	CRequirement	references/sc2-build-96883-casc-export/mods/starcoop/starcoop.sc2mod/base.sc2data/gamedata/requirementdata.xml	D:\MyWork\新建文件夹\mom.report.client\src\MyMod\crys_the_swarm_reborn.SC2Mod\原始mod\Mods\XM\XMFinal.SC2Mod\Base.SC2Data\GameData\RequirementData.xml	skipped_existing
requirement	HaveMaelstromRounds	CRequirement	references/sc2-build-96883-casc-export/mods/starcoop/starcoop.sc2mod/base.sc2data/gamedata/requirementdata.xml	D:\MyWork\新建文件夹\mom.report.client\src\MyMod\crys_the_swarm_reborn.SC2Mod\原始mod\Mods\XM\XMFinal.SC2Mod\Base.SC2Data\GameData\RequirementData.xml	skipped_existing
requirement	HaveMarauderMengskSlow	CRequirement	references/sc2-build-96883-casc-export/mods/starcoop/commanders/arcturusmengsk.sc2mod/base.sc2data/gamedata/requirementdata.xml	D:\MyWork\新建文件夹\mom.report.client\src\MyMod\crys_the_swarm_reborn.SC2Mod\原始mod\Mods\XM\XMFinal.SC2Mod\Base.SC2Data\GameData\RequirementData.xml	skipped_existing
requirement	HaveMasteryZagaraZerglingDodgeChance	CRequirement	references/sc2-build-96883-casc-export/mods/starcoop/starcoop.sc2mod/base.sc2data/gamedata/requirementdata.xml	D:\MyWork\新建文件夹\mom.report.client\src\MyMod\crys_the_swarm_reborn.SC2Mod\原始mod\Mods\XM\XMFinal.SC2Mod\Base.SC2Data\GameData\RequirementData.xml	skipped_existing
requirement	HaveMedivacCloakHealBeam	CRequirement	references/sc2-build-96883-casc-export/mods/starcoop/starcoop.sc2mod/base.sc2data/gamedata/requirementdata.xml	D:\MyWork\新建文件夹\mom.report.client\src\MyMod\crys_the_swarm_reborn.SC2Mod\原始mod\Mods\XM\XMFinal.SC2Mod\Base.SC2Data\GameData\RequirementData.xml	skipped_existing
requirement	HaveMedivacMengskDoubleHealBeam	CRequirement	references/sc2-build-96883-casc-export/mods/starcoop/commanders/arcturusmengsk.sc2mod/base.sc2data/gamedata/requirementdata.xml	D:\MyWork\新建文件夹\mom.report.client\src\MyMod\crys_the_swarm_reborn.SC2Mod\原始mod\Mods\XM\XMFinal.SC2Mod\Base.SC2Data\GameData\RequirementData.xml	skipped_existing
requirement	HaveMedivacMengskPermanentCloak	CRequirement	references/sc2-build-96883-casc-export/mods/starcoop/commanders/arcturusmengsk.sc2mod/base.sc2data/gamedata/requirementdata.xml	D:\MyWork\新建文件夹\mom.report.client\src\MyMod\crys_the_swarm_reborn.SC2Mod\原始mod\Mods\XM\XMFinal.SC2Mod\Base.SC2Data\GameData\RequirementData.xml	skipped_existing
requirement	HaveMedivacMengskSiegeTankAirlift	CRequirement	references/sc2-build-96883-casc-export/mods/starcoop/commanders/arcturusmengsk.sc2mod/base.sc2data/gamedata/requirementdata.xml	D:\MyWork\新建文件夹\mom.report.client\src\MyMod\crys_the_swarm_reborn.SC2Mod\原始mod\Mods\XM\XMFinal.SC2Mod\Base.SC2Data\GameData\RequirementData.xml	skipped_existing
requirement	HaveMengskVeterancyMarauderMengskGELevel2	CRequirement	references/sc2-build-96883-casc-export/mods/starcoop/commanders/arcturusmengsk.sc2mod/base.sc2data/gamedata/requirementdata.xml	D:\MyWork\新建文件夹\mom.report.client\src\MyMod\crys_the_swarm_reborn.SC2Mod\原始mod\Mods\XM\XMFinal.SC2Mod\Base.SC2Data\GameData\RequirementData.xml	skipped_existing
requirement	HaveMengskVeterancySiegeTankMengskGELevel2	CRequirement	references/sc2-build-96883-casc-export/mods/starcoop/commanders/arcturusmengsk.sc2mod/base.sc2data/gamedata/requirementdata.xml	D:\MyWork\新建文件夹\mom.report.client\src\MyMod\crys_the_swarm_reborn.SC2Mod\原始mod\Mods\XM\XMFinal.SC2Mod\Base.SC2Data\GameData\RequirementData.xml	skipped_existing
requirement	HaveMengskVeterancyVikingMengskGELevel3	CRequirement	references/sc2-build-96883-casc-export/mods/starcoop/commanders/arcturusmengsk.sc2mod/base.sc2data/gamedata/requirementdata.xml	D:\MyWork\新建文件夹\mom.report.client\src\MyMod\crys_the_swarm_reborn.SC2Mod\原始mod\Mods\XM\XMFinal.SC2Mod\Base.SC2Data\GameData\RequirementData.xml	skipped_existing
requirement	HaveMengskVeterancyVikingMengskLevel4	CRequirement	references/sc2-build-96883-casc-export/mods/starcoop/commanders/arcturusmengsk.sc2mod/base.sc2data/gamedata/requirementdata.xml	D:\MyWork\新建文件夹\mom.report.client\src\MyMod\crys_the_swarm_reborn.SC2Mod\原始mod\Mods\XM\XMFinal.SC2Mod\Base.SC2Data\GameData\RequirementData.xml	skipped_existing
requirement	HaveMiragePhaseArmor	CRequirement	references/sc2-build-96883-casc-export/mods/starcoop/starcoop.sc2mod/base.sc2data/gamedata/requirementdata.xml	D:\MyWork\新建文件夹\mom.report.client\src\MyMod\crys_the_swarm_reborn.SC2Mod\原始mod\Mods\XM\XMFinal.SC2Mod\Base.SC2Data\GameData\RequirementData.xml	skipped_existing
requirement	HaveMPAdrenalGlands	CRequirement	references/sc2-build-96883-casc-export/mods/starcoop/starcoop.sc2mod/base.sc2data/gamedata/requirementdata.xml	D:\MyWork\新建文件夹\mom.report.client\src\MyMod\crys_the_swarm_reborn.SC2Mod\原始mod\Mods\XM\XMFinal.SC2Mod\Base.SC2Data\GameData\RequirementData.xml	skipped_existing
requirement	HaveMPMetabolicBoost	CRequirement	references/sc2-build-96883-casc-export/mods/starcoop/starcoop.sc2mod/base.sc2data/gamedata/requirementdata.xml	D:\MyWork\新建文件夹\mom.report.client\src\MyMod\crys_the_swarm_reborn.SC2Mod\原始mod\Mods\XM\XMFinal.SC2Mod\Base.SC2Data\GameData\RequirementData.xml	skipped_existing
requirement	HaveNovaCommander	CRequirement	references/sc2-build-96883-casc-export/mods/starcoop/starcoop.sc2mod/base.sc2data/gamedata/requirementdata.xml	D:\MyWork\新建文件夹\mom.report.client\src\MyMod\crys_the_swarm_reborn.SC2Mod\原始mod\Mods\XM\XMFinal.SC2Mod\Base.SC2Data\GameData\RequirementData.xml	skipped_existing
requirement	HaveNovaConcussiveShells	CRequirement	references/sc2-build-96883-casc-export/mods/starcoop/starcoop.sc2mod/base.sc2data/gamedata/requirementdata.xml	D:\MyWork\新建文件夹\mom.report.client\src\MyMod\crys_the_swarm_reborn.SC2Mod\原始mod\Mods\XM\XMFinal.SC2Mod\Base.SC2Data\GameData\RequirementData.xml	skipped_existing
requirement	HaveNovaUnitLockdown	CRequirement	references/sc2-build-96883-casc-export/mods/starcoop/starcoop.sc2mod/base.sc2data/gamedata/requirementdata.xml	D:\MyWork\新建文件夹\mom.report.client\src\MyMod\crys_the_swarm_reborn.SC2Mod\原始mod\Mods\XM\XMFinal.SC2Mod\Base.SC2Data\GameData\RequirementData.xml	skipped_existing
requirement	HaveOracleStasisWardUpgrade	CRequirement	references/sc2-build-96883-casc-export/mods/starcoop/starcoop.sc2mod/base.sc2data/gamedata/requirementdata.xml	D:\MyWork\新建文件夹\mom.report.client\src\MyMod\crys_the_swarm_reborn.SC2Mod\原始mod\Mods\XM\XMFinal.SC2Mod\Base.SC2Data\GameData\RequirementData.xml	skipped_existing
requirement	HaveOrganicCarapace	CRequirement	references/sc2-build-96883-casc-export/mods/starcoop/starcoop.sc2mod/base.sc2data/gamedata/requirementdata.xml	D:\MyWork\新建文件夹\mom.report.client\src\MyMod\crys_the_swarm_reborn.SC2Mod\原始mod\Mods\XM\XMFinal.SC2Mod\Base.SC2Data\GameData\RequirementData.xml	skipped_existing
requirement	HaveOverlordStetmannSpeed	CRequirement	references/sc2-build-96883-casc-export/mods/starcoop/commanders/egonstetmann.sc2mod/base.sc2data/gamedata/requirementdata.xml	D:\MyWork\新建文件夹\mom.report.client\src\MyMod\crys_the_swarm_reborn.SC2Mod\原始mod\Mods\XM\XMFinal.SC2Mod\Base.SC2Data\GameData\RequirementData.xml	skipped_existing
requirement	HavePhoenixRangeUpgrade	CRequirement	references/sc2-build-96883-casc-export/mods/starcoop/starcoop.sc2mod/base.sc2data/gamedata/requirementdata.xml	D:\MyWork\新建文件夹\mom.report.client\src\MyMod\crys_the_swarm_reborn.SC2Mod\原始mod\Mods\XM\XMFinal.SC2Mod\Base.SC2Data\GameData\RequirementData.xml	skipped_existing
requirement	HavePropagandaBlastMengsk	CRequirement	references/sc2-build-96883-casc-export/mods/starcoop/commanders/arcturusmengsk.sc2mod/base.sc2data/gamedata/requirementdata.xml	D:\MyWork\新建文件夹\mom.report.client\src\MyMod\crys_the_swarm_reborn.SC2Mod\原始mod\Mods\XM\XMFinal.SC2Mod\Base.SC2Data\GameData\RequirementData.xml	skipped_existing
requirement	HaveResearchDoubleGravitonBeamPassive	CRequirement	references/sc2-build-96883-casc-export/mods/starcoop/starcoop.sc2mod/base.sc2data/gamedata/requirementdata.xml	D:\MyWork\新建文件夹\mom.report.client\src\MyMod\crys_the_swarm_reborn.SC2Mod\原始mod\Mods\XM\XMFinal.SC2Mod\Base.SC2Data\GameData\RequirementData.xml	skipped_existing
requirement	HaveScienceVesselFreeRepair	CRequirement	references/sc2-build-96883-casc-export/mods/starcoop/starcoop.sc2mod/base.sc2data/gamedata/requirementdata.xml	D:\MyWork\新建文件夹\mom.report.client\src\MyMod\crys_the_swarm_reborn.SC2Mod\原始mod\Mods\XM\XMFinal.SC2Mod\Base.SC2Data\GameData\RequirementData.xml	skipped_existing
requirement	HaveScourgeGasCostReduction	CRequirement	references/sc2-build-96883-casc-export/mods/starcoop/starcoop.sc2mod/base.sc2data/gamedata/requirementdata.xml	D:\MyWork\新建文件夹\mom.report.client\src\MyMod\crys_the_swarm_reborn.SC2Mod\原始mod\Mods\XM\XMFinal.SC2Mod\Base.SC2Data\GameData\RequirementData.xml	skipped_existing
requirement	HaveScourgeSplashDamage	CRequirement	references/sc2-build-96883-casc-export/mods/starcoop/starcoop.sc2mod/base.sc2data/gamedata/requirementdata.xml	D:\MyWork\新建文件夹\mom.report.client\src\MyMod\crys_the_swarm_reborn.SC2Mod\原始mod\Mods\XM\XMFinal.SC2Mod\Base.SC2Data\GameData\RequirementData.xml	skipped_existing
requirement	HaveShieldWall	CRequirement	references/sc2-build-96883-casc-export/mods/starcoop/starcoop.sc2mod/base.sc2data/gamedata/requirementdata.xml	D:\MyWork\新建文件夹\mom.report.client\src\MyMod\crys_the_swarm_reborn.SC2Mod\原始mod\Mods\XM\XMFinal.SC2Mod\Base.SC2Data\GameData\RequirementData.xml	skipped_existing
requirement	HaveSIMarineTrooperRange	CRequirement	references/sc2-build-96883-casc-export/mods/starcoop/starcoop.sc2mod/base.sc2data/gamedata/requirementdata.xml	D:\MyWork\新建文件夹\mom.report.client\src\MyMod\crys_the_swarm_reborn.SC2Mod\原始mod\Mods\XM\XMFinal.SC2Mod\Base.SC2Data\GameData\RequirementData.xml	skipped_existing
requirement	HaveSingularityCharge	CRequirement	references/sc2-build-96883-casc-export/mods/starcoop/starcoop.sc2mod/base.sc2data/gamedata/requirementdata.xml	D:\MyWork\新建文件夹\mom.report.client\src\MyMod\crys_the_swarm_reborn.SC2Mod\原始mod\Mods\XM\XMFinal.SC2Mod\Base.SC2Data\GameData\RequirementData.xml	skipped_existing
requirement	HaveSIPlaguedMunitions	CRequirement	references/sc2-build-96883-casc-export/mods/starcoop/starcoop.sc2mod/base.sc2data/gamedata/requirementdata.xml	D:\MyWork\新建文件夹\mom.report.client\src\MyMod\crys_the_swarm_reborn.SC2Mod\原始mod\Mods\XM\XMFinal.SC2Mod\Base.SC2Data\GameData\RequirementData.xml	skipped_existing
requirement	HaveStukovInfestedCivilianSpawnBroodlingOnDeath	CRequirement	references/sc2-build-96883-casc-export/mods/starcoop/starcoop.sc2mod/base.sc2data/gamedata/requirementdata.xml	D:\MyWork\新建文件夹\mom.report.client\src\MyMod\crys_the_swarm_reborn.SC2Mod\原始mod\Mods\XM\XMFinal.SC2Mod\Base.SC2Data\GameData\RequirementData.xml	skipped_existing
requirement	HaveStukovInfestedInfestedCivilianLeapAttack	CRequirement	references/sc2-build-96883-casc-export/mods/starcoop/starcoop.sc2mod/base.sc2data/gamedata/requirementdata.xml	D:\MyWork\新建文件夹\mom.report.client\src\MyMod\crys_the_swarm_reborn.SC2Mod\原始mod\Mods\XM\XMFinal.SC2Mod\Base.SC2Data\GameData\RequirementData.xml	skipped_existing
requirement	HaveSuperScience	CRequirement	references/sc2-build-96883-casc-export/mods/starcoop/starcoop.sc2mod/base.sc2data/gamedata/requirementdata.xml	D:\MyWork\新建文件夹\mom.report.client\src\MyMod\crys_the_swarm_reborn.SC2Mod\原始mod\Mods\XM\XMFinal.SC2Mod\Base.SC2Data\GameData\RequirementData.xml	skipped_existing
requirement	HaveSupplicantShieldArmor	CRequirement	references/sc2-build-96883-casc-export/mods/starcoop/starcoop.sc2mod/base.sc2data/gamedata/requirementdata.xml	D:\MyWork\新建文件夹\mom.report.client\src\MyMod\crys_the_swarm_reborn.SC2Mod\原始mod\Mods\XM\XMFinal.SC2Mod\Base.SC2Data\GameData\RequirementData.xml	skipped_existing
requirement	HaveSwannCommander	CRequirement	references/sc2-build-96883-casc-export/mods/starcoop/starcoop.sc2mod/base.sc2data/gamedata/requirementdata.xml	D:\MyWork\新建文件夹\mom.report.client\src\MyMod\crys_the_swarm_reborn.SC2Mod\原始mod\Mods\XM\XMFinal.SC2Mod\Base.SC2Data\GameData\RequirementData.xml	skipped_existing
requirement	HaveSwannCommanderImmortalityProtocol	CRequirement	references/sc2-build-96883-casc-export/mods/starcoop/starcoop.sc2mod/base.sc2data/gamedata/requirementdata.xml	D:\MyWork\新建文件夹\mom.report.client\src\MyMod\crys_the_swarm_reborn.SC2Mod\原始mod\Mods\XM\XMFinal.SC2Mod\Base.SC2Data\GameData\RequirementData.xml	skipped_existing
requirement	HaveThorMengskArmorAura	CRequirement	references/sc2-build-96883-casc-export/mods/starcoop/commanders/arcturusmengsk.sc2mod/base.sc2data/gamedata/requirementdata.xml	D:\MyWork\新建文件夹\mom.report.client\src\MyMod\crys_the_swarm_reborn.SC2Mod\原始mod\Mods\XM\XMFinal.SC2Mod\Base.SC2Data\GameData\RequirementData.xml	skipped_existing
requirement	HaveTychusACBandofBrothers	CRequirement	references/sc2-build-96883-casc-export/mods/starcoop/starcoop.sc2mod/base.sc2data/gamedata/commanders/commandertychus.xml	D:\MyWork\新建文件夹\mom.report.client\src\MyMod\crys_the_swarm_reborn.SC2Mod\原始mod\Mods\XM\XMFinal.SC2Mod\Base.SC2Data\GameData\RequirementData.xml	added_or_newer_duplicate
requirement	HaveTychusACImplosionGrenades	CRequirement	references/sc2-build-96883-casc-export/mods/starcoop/starcoop.sc2mod/base.sc2data/gamedata/commanders/commandertychus.xml	D:\MyWork\新建文件夹\mom.report.client\src\MyMod\crys_the_swarm_reborn.SC2Mod\原始mod\Mods\XM\XMFinal.SC2Mod\Base.SC2Data\GameData\RequirementData.xml	added_or_newer_duplicate
requirement	HaveTychusACPiercingRounds	CRequirement	references/sc2-build-96883-casc-export/mods/starcoop/starcoop.sc2mod/base.sc2data/gamedata/commanders/commandertychus.xml	D:\MyWork\新建文件夹\mom.report.client\src\MyMod\crys_the_swarm_reborn.SC2Mod\原始mod\Mods\XM\XMFinal.SC2Mod\Base.SC2Data\GameData\RequirementData.xml	added_or_newer_duplicate
requirement	HaveTychusACRageGrenades	CRequirement	references/sc2-build-96883-casc-export/mods/starcoop/starcoop.sc2mod/base.sc2data/gamedata/commanders/commandertychus.xml	D:\MyWork\新建文件夹\mom.report.client\src\MyMod\crys_the_swarm_reborn.SC2Mod\原始mod\Mods\XM\XMFinal.SC2Mod\Base.SC2Data\GameData\RequirementData.xml	added_or_newer_duplicate
requirement	HaveTychusFirebatBlueFlameOil	CRequirement	references/sc2-build-96883-casc-export/mods/starcoop/starcoop.sc2mod/base.sc2data/gamedata/commanders/commandertychus.xml	D:\MyWork\新建文件夹\mom.report.client\src\MyMod\crys_the_swarm_reborn.SC2Mod\原始mod\Mods\XM\XMFinal.SC2Mod\Base.SC2Data\GameData\RequirementData.xml	added_or_newer_duplicate
requirement	HaveTychusFirebatIncendiaryPetroleum	CRequirement	references/sc2-build-96883-casc-export/mods/starcoop/starcoop.sc2mod/base.sc2data/gamedata/commanders/commandertychus.xml	D:\MyWork\新建文件夹\mom.report.client\src\MyMod\crys_the_swarm_reborn.SC2Mod\原始mod\Mods\XM\XMFinal.SC2Mod\Base.SC2Data\GameData\RequirementData.xml	added_or_newer_duplicate
requirement	HaveTychusFirebatPremiumPetroleum	CRequirement	references/sc2-build-96883-casc-export/mods/starcoop/starcoop.sc2mod/base.sc2data/gamedata/commanders/commandertychus.xml	D:\MyWork\新建文件夹\mom.report.client\src\MyMod\crys_the_swarm_reborn.SC2Mod\原始mod\Mods\XM\XMFinal.SC2Mod\Base.SC2Data\GameData\RequirementData.xml	added_or_newer_duplicate
requirement	HaveTychusFirebatShield	CRequirement	references/sc2-build-96883-casc-export/mods/starcoop/starcoop.sc2mod/base.sc2data/gamedata/commanders/commandertychus.xml	D:\MyWork\新建文件夹\mom.report.client\src\MyMod\crys_the_swarm_reborn.SC2Mod\原始mod\Mods\XM\XMFinal.SC2Mod\Base.SC2Data\GameData\RequirementData.xml	added_or_newer_duplicate
requirement	HaveTychusGhostConcentrationHelmet	CRequirement	references/sc2-build-96883-casc-export/mods/starcoop/starcoop.sc2mod/base.sc2data/gamedata/commanders/commandertychus.xml	D:\MyWork\新建文件夹\mom.report.client\src\MyMod\crys_the_swarm_reborn.SC2Mod\原始mod\Mods\XM\XMFinal.SC2Mod\Base.SC2Data\GameData\RequirementData.xml	added_or_newer_duplicate
requirement	HaveTychusGhostConfusingDomination	CRequirement	references/sc2-build-96883-casc-export/mods/starcoop/starcoop.sc2mod/base.sc2data/gamedata/commanders/commandertychus.xml	D:\MyWork\新建文件夹\mom.report.client\src\MyMod\crys_the_swarm_reborn.SC2Mod\原始mod\Mods\XM\XMFinal.SC2Mod\Base.SC2Data\GameData\RequirementData.xml	added_or_newer_duplicate
requirement	HaveTychusGhostDominateBuff	CRequirement	references/sc2-build-96883-casc-export/mods/starcoop/starcoop.sc2mod/base.sc2data/gamedata/commanders/commandertychus.xml	D:\MyWork\新建文件夹\mom.report.client\src\MyMod\crys_the_swarm_reborn.SC2Mod\原始mod\Mods\XM\XMFinal.SC2Mod\Base.SC2Data\GameData\RequirementData.xml	added_or_newer_duplicate
requirement	HaveTychusGhostPsychicSnare	CRequirement	references/sc2-build-96883-casc-export/mods/starcoop/starcoop.sc2mod/base.sc2data/gamedata/commanders/commandertychus.xml	D:\MyWork\新建文件夹\mom.report.client\src\MyMod\crys_the_swarm_reborn.SC2Mod\原始mod\Mods\XM\XMFinal.SC2Mod\Base.SC2Data\GameData\RequirementData.xml	added_or_newer_duplicate
requirement	HaveTychusHercCrit	CRequirement	references/sc2-build-96883-casc-export/mods/starcoop/starcoop.sc2mod/base.sc2data/gamedata/commanders/commandertychus.xml	D:\MyWork\新建文件夹\mom.report.client\src\MyMod\crys_the_swarm_reborn.SC2Mod\原始mod\Mods\XM\XMFinal.SC2Mod\Base.SC2Data\GameData\RequirementData.xml	added_or_newer_duplicate
requirement	HaveTychusHercGrappleImpacts	CRequirement	references/sc2-build-96883-casc-export/mods/starcoop/starcoop.sc2mod/base.sc2data/gamedata/commanders/commandertychus.xml	D:\MyWork\新建文件夹\mom.report.client\src\MyMod\crys_the_swarm_reborn.SC2Mod\原始mod\Mods\XM\XMFinal.SC2Mod\Base.SC2Data\GameData\RequirementData.xml	added_or_newer_duplicate
requirement	HaveTychusHercRage	CRequirement	references/sc2-build-96883-casc-export/mods/starcoop/starcoop.sc2mod/base.sc2data/gamedata/commanders/commandertychus.xml	D:\MyWork\新建文件夹\mom.report.client\src\MyMod\crys_the_swarm_reborn.SC2Mod\原始mod\Mods\XM\XMFinal.SC2Mod\Base.SC2Data\GameData\RequirementData.xml	added_or_newer_duplicate
requirement	HaveTychusMarauderAttackSplash	CRequirement	references/sc2-build-96883-casc-export/mods/starcoop/starcoop.sc2mod/base.sc2data/gamedata/commanders/commandertychus.xml	D:\MyWork\新建文件夹\mom.report.client\src\MyMod\crys_the_swarm_reborn.SC2Mod\原始mod\Mods\XM\XMFinal.SC2Mod\Base.SC2Data\GameData\RequirementData.xml	added_or_newer_duplicate
requirement	HaveTychusMarauderHealingWardBuffUpgrade	CRequirement	references/sc2-build-96883-casc-export/mods/starcoop/starcoop.sc2mod/base.sc2data/gamedata/commanders/commandertychus.xml	D:\MyWork\新建文件夹\mom.report.client\src\MyMod\crys_the_swarm_reborn.SC2Mod\原始mod\Mods\XM\XMFinal.SC2Mod\Base.SC2Data\GameData\RequirementData.xml	added_or_newer_duplicate
requirement	HaveTychusMarauderHealingWardSpeedBuffUpgrade	CRequirement	references/sc2-build-96883-casc-export/mods/starcoop/starcoop.sc2mod/base.sc2data/gamedata/commanders/commandertychus.xml	D:\MyWork\新建文件夹\mom.report.client\src\MyMod\crys_the_swarm_reborn.SC2Mod\原始mod\Mods\XM\XMFinal.SC2Mod\Base.SC2Data\GameData\RequirementData.xml	added_or_newer_duplicate
requirement	HaveTychusMedicAdvancedHealingSpray	CRequirement	references/sc2-build-96883-casc-export/mods/starcoop/starcoop.sc2mod/base.sc2data/gamedata/commanders/commandertychus.xml	D:\MyWork\新建文件夹\mom.report.client\src\MyMod\crys_the_swarm_reborn.SC2Mod\原始mod\Mods\XM\XMFinal.SC2Mod\Base.SC2Data\GameData\RequirementData.xml	added_or_newer_duplicate
requirement	HaveTychusMedicDoubleBeam	CRequirement	references/sc2-build-96883-casc-export/mods/starcoop/starcoop.sc2mod/base.sc2data/gamedata/commanders/commandertychus.xml	D:\MyWork\新建文件夹\mom.report.client\src\MyMod\crys_the_swarm_reborn.SC2Mod\原始mod\Mods\XM\XMFinal.SC2Mod\Base.SC2Data\GameData\RequirementData.xml	added_or_newer_duplicate
requirement	HaveTychusMedicSuperHealing	CRequirement	references/sc2-build-96883-casc-export/mods/starcoop/starcoop.sc2mod/base.sc2data/gamedata/commanders/commandertychus.xml	D:\MyWork\新建文件夹\mom.report.client\src\MyMod\crys_the_swarm_reborn.SC2Mod\原始mod\Mods\XM\XMFinal.SC2Mod\Base.SC2Data\GameData\RequirementData.xml	added_or_newer_duplicate
requirement	HaveTychusReaperBombCharges	CRequirement	references/sc2-build-96883-casc-export/mods/starcoop/starcoop.sc2mod/base.sc2data/gamedata/commanders/commandertychus.xml	D:\MyWork\新建文件夹\mom.report.client\src\MyMod\crys_the_swarm_reborn.SC2Mod\原始mod\Mods\XM\XMFinal.SC2Mod\Base.SC2Data\GameData\RequirementData.xml	added_or_newer_duplicate
requirement	HaveTychusReaperBombDamage	CRequirement	references/sc2-build-96883-casc-export/mods/starcoop/starcoop.sc2mod/base.sc2data/gamedata/commanders/commandertychus.xml	D:\MyWork\新建文件夹\mom.report.client\src\MyMod\crys_the_swarm_reborn.SC2Mod\原始mod\Mods\XM\XMFinal.SC2Mod\Base.SC2Data\GameData\RequirementData.xml	added_or_newer_duplicate
requirement	HaveTychusReaperBombStun	CRequirement	references/sc2-build-96883-casc-export/mods/starcoop/starcoop.sc2mod/base.sc2data/gamedata/commanders/commandertychus.xml	D:\MyWork\新建文件夹\mom.report.client\src\MyMod\crys_the_swarm_reborn.SC2Mod\原始mod\Mods\XM\XMFinal.SC2Mod\Base.SC2Data\GameData\RequirementData.xml	added_or_newer_duplicate
requirement	HaveTychusReaperSuperCloak	CRequirement	references/sc2-build-96883-casc-export/mods/starcoop/starcoop.sc2mod/base.sc2data/gamedata/commanders/commandertychus.xml	D:\MyWork\新建文件夹\mom.report.client\src\MyMod\crys_the_swarm_reborn.SC2Mod\原始mod\Mods\XM\XMFinal.SC2Mod\Base.SC2Data\GameData\RequirementData.xml	added_or_newer_duplicate
requirement	HaveTychusSpectreBrillianceAura	CRequirement	references/sc2-build-96883-casc-export/mods/starcoop/starcoop.sc2mod/base.sc2data/gamedata/commanders/commandertychus.xml	D:\MyWork\新建文件夹\mom.report.client\src\MyMod\crys_the_swarm_reborn.SC2Mod\原始mod\Mods\XM\XMFinal.SC2Mod\Base.SC2Data\GameData\RequirementData.xml	added_or_newer_duplicate
requirement	HaveTychusSpectreExtendedPulseGun	CRequirement	references/sc2-build-96883-casc-export/mods/starcoop/starcoop.sc2mod/base.sc2data/gamedata/commanders/commandertychus.xml	D:\MyWork\新建文件夹\mom.report.client\src\MyMod\crys_the_swarm_reborn.SC2Mod\原始mod\Mods\XM\XMFinal.SC2Mod\Base.SC2Data\GameData\RequirementData.xml	added_or_newer_duplicate
requirement	HaveTychusSpectreSuperUltrasonicPulse	CRequirement	references/sc2-build-96883-casc-export/mods/starcoop/starcoop.sc2mod/base.sc2data/gamedata/commanders/commandertychus.xml	D:\MyWork\新建文件夹\mom.report.client\src\MyMod\crys_the_swarm_reborn.SC2Mod\原始mod\Mods\XM\XMFinal.SC2Mod\Base.SC2Data\GameData\RequirementData.xml	added_or_newer_duplicate
requirement	HaveTychusSpectreVisionSuit	CRequirement	references/sc2-build-96883-casc-export/mods/starcoop/starcoop.sc2mod/base.sc2data/gamedata/commanders/commandertychus.xml	D:\MyWork\新建文件夹\mom.report.client\src\MyMod\crys_the_swarm_reborn.SC2Mod\原始mod\Mods\XM\XMFinal.SC2Mod\Base.SC2Data\GameData\RequirementData.xml	added_or_newer_duplicate
requirement	HaveTychusWarhoundDeathExplosionUpgrade	CRequirement	references/sc2-build-96883-casc-export/mods/starcoop/starcoop.sc2mod/base.sc2data/gamedata/commanders/commandertychus.xml	D:\MyWork\新建文件夹\mom.report.client\src\MyMod\crys_the_swarm_reborn.SC2Mod\原始mod\Mods\XM\XMFinal.SC2Mod\Base.SC2Data\GameData\RequirementData.xml	added_or_newer_duplicate
requirement	HaveTychusWarhoundFearUpgrade	CRequirement	references/sc2-build-96883-casc-export/mods/starcoop/starcoop.sc2mod/base.sc2data/gamedata/commanders/commandertychus.xml	D:\MyWork\新建文件夹\mom.report.client\src\MyMod\crys_the_swarm_reborn.SC2Mod\原始mod\Mods\XM\XMFinal.SC2Mod\Base.SC2Data\GameData\RequirementData.xml	added_or_newer_duplicate
requirement	HaveTychusWarhoundTurretUpgrade	CRequirement	references/sc2-build-96883-casc-export/mods/starcoop/starcoop.sc2mod/base.sc2data/gamedata/commanders/commandertychus.xml	D:\MyWork\新建文件夹\mom.report.client\src\MyMod\crys_the_swarm_reborn.SC2Mod\原始mod\Mods\XM\XMFinal.SC2Mod\Base.SC2Data\GameData\RequirementData.xml	added_or_newer_duplicate
requirement	HaveUltraliskStetmannArmor	CRequirement	references/sc2-build-96883-casc-export/mods/starcoop/commanders/egonstetmann.sc2mod/base.sc2data/gamedata/requirementdata.xml	D:\MyWork\新建文件夹\mom.report.client\src\MyMod\crys_the_swarm_reborn.SC2Mod\原始mod\Mods\XM\XMFinal.SC2Mod\Base.SC2Data\GameData\RequirementData.xml	skipped_existing
requirement	HaveVanguardArmoredDamage	CRequirement	references/sc2-build-96883-casc-export/mods/starcoop/starcoop.sc2mod/base.sc2data/gamedata/requirementdata.xml	D:\MyWork\新建文件夹\mom.report.client\src\MyMod\crys_the_swarm_reborn.SC2Mod\原始mod\Mods\XM\XMFinal.SC2Mod\Base.SC2Data\GameData\RequirementData.xml	skipped_existing
requirement	HaveVikingMengskCheatDeathCooldown	CRequirement	references/sc2-build-96883-casc-export/mods/starcoop/commanders/arcturusmengsk.sc2mod/base.sc2data/gamedata/requirementdata.xml	D:\MyWork\新建文件夹\mom.report.client\src\MyMod\crys_the_swarm_reborn.SC2Mod\原始mod\Mods\XM\XMFinal.SC2Mod\Base.SC2Data\GameData\RequirementData.xml	skipped_existing
requirement	HaveVikingMengskSpeed	CRequirement	references/sc2-build-96883-casc-export/mods/starcoop/commanders/arcturusmengsk.sc2mod/base.sc2data/gamedata/requirementdata.xml	D:\MyWork\新建文件夹\mom.report.client\src\MyMod\crys_the_swarm_reborn.SC2Mod\原始mod\Mods\XM\XMFinal.SC2Mod\Base.SC2Data\GameData\RequirementData.xml	skipped_existing
requirement	HaveViperAbductImprovedStun	CRequirement	references/sc2-build-96883-casc-export/mods/starcoop/starcoop.sc2mod/base.sc2data/gamedata/requirementdata.xml	D:\MyWork\新建文件夹\mom.report.client\src\MyMod\crys_the_swarm_reborn.SC2Mod\原始mod\Mods\XM\XMFinal.SC2Mod\Base.SC2Data\GameData\RequirementData.xml	skipped_existing
requirement	HaveViperImprovedCastRange	CRequirement	references/sc2-build-96883-casc-export/mods/starcoop/starcoop.sc2mod/base.sc2data/gamedata/requirementdata.xml	D:\MyWork\新建文件夹\mom.report.client\src\MyMod\crys_the_swarm_reborn.SC2Mod\原始mod\Mods\XM\XMFinal.SC2Mod\Base.SC2Data\GameData\RequirementData.xml	skipped_existing
requirement	HaveWraithImprovedBurstLaser	CRequirement	references/sc2-build-96883-casc-export/mods/starcoop/starcoop.sc2mod/base.sc2data/gamedata/requirementdata.xml	D:\MyWork\新建文件夹\mom.report.client\src\MyMod\crys_the_swarm_reborn.SC2Mod\原始mod\Mods\XM\XMFinal.SC2Mod\Base.SC2Data\GameData\RequirementData.xml	skipped_existing
requirement	HaveZeratulArtifactTier1AndCyberCore	CRequirement	references/sc2-build-96883-casc-export/mods/starcoop/starcoop.sc2mod/base.sc2data/gamedata/commanders/futurecommanders.xml	D:\MyWork\新建文件夹\mom.report.client\src\MyMod\crys_the_swarm_reborn.SC2Mod\原始mod\Mods\XM\XMFinal.SC2Mod\Base.SC2Data\GameData\RequirementData.xml	added_or_newer_duplicate
requirement	HaveZeratulArtifactTier1AndRoboticsBay	CRequirement	references/sc2-build-96883-casc-export/mods/starcoop/starcoop.sc2mod/base.sc2data/gamedata/commanders/futurecommanders.xml	D:\MyWork\新建文件夹\mom.report.client\src\MyMod\crys_the_swarm_reborn.SC2Mod\原始mod\Mods\XM\XMFinal.SC2Mod\Base.SC2Data\GameData\RequirementData.xml	added_or_newer_duplicate
requirement	HaveZeratulArtifactTier2AndCyberCore	CRequirement	references/sc2-build-96883-casc-export/mods/starcoop/starcoop.sc2mod/base.sc2data/gamedata/commanders/futurecommanders.xml	D:\MyWork\新建文件夹\mom.report.client\src\MyMod\crys_the_swarm_reborn.SC2Mod\原始mod\Mods\XM\XMFinal.SC2Mod\Base.SC2Data\GameData\RequirementData.xml	added_or_newer_duplicate
requirement	HaveZeratulArtifactTier2AndRoboticsBay	CRequirement	references/sc2-build-96883-casc-export/mods/starcoop/starcoop.sc2mod/base.sc2data/gamedata/commanders/futurecommanders.xml	D:\MyWork\新建文件夹\mom.report.client\src\MyMod\crys_the_swarm_reborn.SC2Mod\原始mod\Mods\XM\XMFinal.SC2Mod\Base.SC2Data\GameData\RequirementData.xml	added_or_newer_duplicate
requirement	HaveZeratulArtifactTier3AndCyberCore	CRequirement	references/sc2-build-96883-casc-export/mods/starcoop/starcoop.sc2mod/base.sc2data/gamedata/commanders/futurecommanders.xml	D:\MyWork\新建文件夹\mom.report.client\src\MyMod\crys_the_swarm_reborn.SC2Mod\原始mod\Mods\XM\XMFinal.SC2Mod\Base.SC2Data\GameData\RequirementData.xml	added_or_newer_duplicate
requirement	HaveZeratulArtifactTier3AndRoboticsBay	CRequirement	references/sc2-build-96883-casc-export/mods/starcoop/starcoop.sc2mod/base.sc2data/gamedata/commanders/futurecommanders.xml	D:\MyWork\新建文件夹\mom.report.client\src\MyMod\crys_the_swarm_reborn.SC2Mod\原始mod\Mods\XM\XMFinal.SC2Mod\Base.SC2Data\GameData\RequirementData.xml	added_or_newer_duplicate
requirement	HaveZerglingArmorShred	CRequirement	references/sc2-build-96883-casc-export/mods/starcoop/starcoop.sc2mod/base.sc2data/gamedata/requirementdata.xml	D:\MyWork\新建文件夹\mom.report.client\src\MyMod\crys_the_swarm_reborn.SC2Mod\原始mod\Mods\XM\XMFinal.SC2Mod\Base.SC2Data\GameData\RequirementData.xml	skipped_existing
requirement	HaveZerglingStetmannAttackSpeed	CRequirement	references/sc2-build-96883-casc-export/mods/starcoop/commanders/egonstetmann.sc2mod/base.sc2data/gamedata/requirementdata.xml	D:\MyWork\新建文件夹\mom.report.client\src\MyMod\crys_the_swarm_reborn.SC2Mod\原始mod\Mods\XM\XMFinal.SC2Mod\Base.SC2Data\GameData\RequirementData.xml	skipped_existing
requirement	HaveZerglingStetmannHardenedShield	CRequirement	references/sc2-build-96883-casc-export/mods/starcoop/commanders/egonstetmann.sc2mod/base.sc2data/gamedata/requirementdata.xml	D:\MyWork\新建文件夹\mom.report.client\src\MyMod\crys_the_swarm_reborn.SC2Mod\原始mod\Mods\XM\XMFinal.SC2Mod\Base.SC2Data\GameData\RequirementData.xml	skipped_existing
requirement	HaveZerglingStetmannMovementSpeed	CRequirement	references/sc2-build-96883-casc-export/mods/starcoop/commanders/egonstetmann.sc2mod/base.sc2data/gamedata/requirementdata.xml	D:\MyWork\新建文件夹\mom.report.client\src\MyMod\crys_the_swarm_reborn.SC2Mod\原始mod\Mods\XM\XMFinal.SC2Mod\Base.SC2Data\GameData\RequirementData.xml	skipped_existing
requirement	KaraxLevel04	CRequirement	references/sc2-build-96883-casc-export/mods/starcoop/starcoop.sc2mod/base.sc2data/gamedata/requirementdata.xml	D:\MyWork\新建文件夹\mom.report.client\src\MyMod\crys_the_swarm_reborn.SC2Mod\原始mod\Mods\XM\XMFinal.SC2Mod\Base.SC2Data\GameData\RequirementData.xml	skipped_existing
requirement	KaraxLevel09	CRequirement	references/sc2-build-96883-casc-export/mods/starcoop/starcoop.sc2mod/base.sc2data/gamedata/requirementdata.xml	D:\MyWork\新建文件夹\mom.report.client\src\MyMod\crys_the_swarm_reborn.SC2Mod\原始mod\Mods\XM\XMFinal.SC2Mod\Base.SC2Data\GameData\RequirementData.xml	skipped_existing
requirement	KerriganLevel06	CRequirement	references/sc2-build-96883-casc-export/mods/starcoop/starcoop.sc2mod/base.sc2data/gamedata/requirementdata.xml	D:\MyWork\新建文件夹\mom.report.client\src\MyMod\crys_the_swarm_reborn.SC2Mod\原始mod\Mods\XM\XMFinal.SC2Mod\Base.SC2Data\GameData\RequirementData.xml	skipped_existing
requirement	KerriganLevel09	CRequirement	references/sc2-build-96883-casc-export/mods/starcoop/starcoop.sc2mod/base.sc2data/gamedata/requirementdata.xml	D:\MyWork\新建文件夹\mom.report.client\src\MyMod\crys_the_swarm_reborn.SC2Mod\原始mod\Mods\XM\XMFinal.SC2Mod\Base.SC2Data\GameData\RequirementData.xml	skipped_existing
requirement	KerriganLevel13	CRequirement	references/sc2-build-96883-casc-export/mods/starcoop/starcoop.sc2mod/base.sc2data/gamedata/requirementdata.xml	D:\MyWork\新建文件夹\mom.report.client\src\MyMod\crys_the_swarm_reborn.SC2Mod\原始mod\Mods\XM\XMFinal.SC2Mod\Base.SC2Data\GameData\RequirementData.xml	skipped_existing
requirement	RaynorLevel06	CRequirement	references/sc2-build-96883-casc-export/mods/starcoop/starcoop.sc2mod/base.sc2data/gamedata/requirementdata.xml	D:\MyWork\新建文件夹\mom.report.client\src\MyMod\crys_the_swarm_reborn.SC2Mod\原始mod\Mods\XM\XMFinal.SC2Mod\Base.SC2Data\GameData\RequirementData.xml	skipped_existing
requirement	RaynorLevel11	CRequirement	references/sc2-build-96883-casc-export/mods/starcoop/starcoop.sc2mod/base.sc2data/gamedata/requirementdata.xml	D:\MyWork\新建文件夹\mom.report.client\src\MyMod\crys_the_swarm_reborn.SC2Mod\原始mod\Mods\XM\XMFinal.SC2Mod\Base.SC2Data\GameData\RequirementData.xml	skipped_existing
requirement	SwannLevel08	CRequirement	references/sc2-build-96883-casc-export/mods/starcoop/starcoop.sc2mod/base.sc2data/gamedata/requirementdata.xml	D:\MyWork\新建文件夹\mom.report.client\src\MyMod\crys_the_swarm_reborn.SC2Mod\原始mod\Mods\XM\XMFinal.SC2Mod\Base.SC2Data\GameData\RequirementData.xml	skipped_existing
requirement	UseAresClassWeaponsSystem	CRequirement	references/sc2-build-96883-casc-export/mods/starcoop/starcoop.sc2mod/base.sc2data/gamedata/requirementdata.xml	D:\MyWork\新建文件夹\mom.report.client\src\MyMod\crys_the_swarm_reborn.SC2Mod\原始mod\Mods\XM\XMFinal.SC2Mod\Base.SC2Data\GameData\RequirementData.xml	skipped_existing
requirement	UseDehakaMutaliskAirDoubleDamage	CRequirement	references/sc2-build-96883-casc-export/mods/starcoop/starcoop.sc2mod/base.sc2data/gamedata/requirementdata.xml	D:\MyWork\新建文件夹\mom.report.client\src\MyMod\crys_the_swarm_reborn.SC2Mod\原始mod\Mods\XM\XMFinal.SC2Mod\Base.SC2Data\GameData\RequirementData.xml	skipped_existing
requirement	UseInfestedSiegeTankArmoredDamage	CRequirement	references/sc2-build-96883-casc-export/mods/starcoop/starcoop.sc2mod/base.sc2data/gamedata/requirementdata.xml	D:\MyWork\新建文件夹\mom.report.client\src\MyMod\crys_the_swarm_reborn.SC2Mod\原始mod\Mods\XM\XMFinal.SC2Mod\Base.SC2Data\GameData\RequirementData.xml	skipped_existing
requirement	VorazunLevel06	CRequirement	references/sc2-build-96883-casc-export/mods/starcoop/starcoop.sc2mod/base.sc2data/gamedata/requirementdata.xml	D:\MyWork\新建文件夹\mom.report.client\src\MyMod\crys_the_swarm_reborn.SC2Mod\原始mod\Mods\XM\XMFinal.SC2Mod\Base.SC2Data\GameData\RequirementData.xml	skipped_existing
requirement	ZagaraHaveCentrificalHooks	CRequirement	references/sc2-build-96883-casc-export/mods/starcoop/starcoop.sc2mod/base.sc2data/gamedata/requirementdata.xml	D:\MyWork\新建文件夹\mom.report.client\src\MyMod\crys_the_swarm_reborn.SC2Mod\原始mod\Mods\XM\XMFinal.SC2Mod\Base.SC2Data\GameData\RequirementData.xml	skipped_existing
requirement	ZagaraLevel02	CRequirement	references/sc2-build-96883-casc-export/mods/starcoop/starcoop.sc2mod/base.sc2data/gamedata/requirementdata.xml	D:\MyWork\新建文件夹\mom.report.client\src\MyMod\crys_the_swarm_reborn.SC2Mod\原始mod\Mods\XM\XMFinal.SC2Mod\Base.SC2Data\GameData\RequirementData.xml	skipped_existing
requirement	ZagaraLevel07	CRequirement	references/sc2-build-96883-casc-export/mods/starcoop/starcoop.sc2mod/base.sc2data/gamedata/requirementdata.xml	D:\MyWork\新建文件夹\mom.report.client\src\MyMod\crys_the_swarm_reborn.SC2Mod\原始mod\Mods\XM\XMFinal.SC2Mod\Base.SC2Data\GameData\RequirementData.xml	skipped_existing
requirement	ZagaraLevel08	CRequirement	references/sc2-build-96883-casc-export/mods/starcoop/starcoop.sc2mod/base.sc2data/gamedata/requirementdata.xml	D:\MyWork\新建文件夹\mom.report.client\src\MyMod\crys_the_swarm_reborn.SC2Mod\原始mod\Mods\XM\XMFinal.SC2Mod\Base.SC2Data\GameData\RequirementData.xml	skipped_existing
requirement	ZagaraLevel09	CRequirement	references/sc2-build-96883-casc-export/mods/starcoop/starcoop.sc2mod/base.sc2data/gamedata/requirementdata.xml	D:\MyWork\新建文件夹\mom.report.client\src\MyMod\crys_the_swarm_reborn.SC2Mod\原始mod\Mods\XM\XMFinal.SC2Mod\Base.SC2Data\GameData\RequirementData.xml	skipped_existing
requirement	ZealotPurifierReviveKaraxHide	CRequirement	references/sc2-build-96883-casc-export/mods/starcoop/starcoop.sc2mod/base.sc2data/gamedata/requirementdata.xml	D:\MyWork\新建文件夹\mom.report.client\src\MyMod\crys_the_swarm_reborn.SC2Mod\原始mod\Mods\XM\XMFinal.SC2Mod\Base.SC2Data\GameData\RequirementData.xml	skipped_existing
