RootKind	RootId	RootCommanders	RootCompleteness	RootManualFallback	FromKind	FromId	RefKind	RefId	Field	Resolution	Source	Depth	Via
ability	AbathurDeepTunnel	Abathur	ability-with-chain	no	effect	AbathurDeepTunnelTeleportSet	effect	AbathurDeepTunnelPrecursor	Effect	official-reference	游戏数据/官方SC2原始文本镜像/mods/starcoop/starcoop.sc2mod/base.sc2data/gamedata/effectdata.xml	3	ability:AbathurDeepTunnel -> effect:AbathurDeepTunnelCU -> effect:AbathurDeepTunnelTeleportSet
ability	AbathurDeepTunnel	Abathur	ability-with-chain	no	effect	AbathurDeepTunnelTeleportSet	effect	AbathurDeepTunnelTeleport	Effect	official-reference	游戏数据/官方SC2原始文本镜像/mods/starcoop/starcoop.sc2mod/base.sc2data/gamedata/effectdata.xml	3	ability:AbathurDeepTunnel -> effect:AbathurDeepTunnelCU -> effect:AbathurDeepTunnelTeleportSet
ability	AbathurDeepTunnelImproved	Abathur	ability-with-chain	no	effect	AbathurDeepTunnelTeleportSet	effect	AbathurDeepTunnelPrecursor	Effect	official-reference	游戏数据/官方SC2原始文本镜像/mods/starcoop/starcoop.sc2mod/base.sc2data/gamedata/effectdata.xml	3	ability:AbathurDeepTunnelImproved -> effect:AbathurDeepTunnelCU -> effect:AbathurDeepTunnelTeleportSet
ability	AbathurDeepTunnelImproved	Abathur	ability-with-chain	no	effect	AbathurDeepTunnelTeleportSet	effect	AbathurDeepTunnelTeleport	Effect	official-reference	游戏数据/官方SC2原始文本镜像/mods/starcoop/starcoop.sc2mod/base.sc2data/gamedata/effectdata.xml	3	ability:AbathurDeepTunnelImproved -> effect:AbathurDeepTunnelCU -> effect:AbathurDeepTunnelTeleportSet
ability	AbathurMend	Abathur	ability-with-chain	no	effect	AbathurMendAB	behavior	AbathurMendInitialHeal	Behavior	official-reference	游戏数据/官方SC2原始文本镜像/mods/starcoop/starcoop.sc2mod/base.sc2data/gamedata/behaviordata.xml	3	ability:AbathurMend -> effect:AbathurMendSearch -> effect:AbathurMendAB
ability	AlarakACSummonDeathfleetTarget	Alarak	ability-with-chain	no	effect	AlarakACSummonDeathFleetInitialSet	validator	HasVision	Validator	official-reference	游戏数据/官方SC2原始文本镜像/mods/liberty.sc2mod/base.sc2data/gamedata/validatordata.xml	2	ability:AlarakACSummonDeathfleetTarget -> effect:AlarakACSummonDeathFleetInitialSet
ability	AlarakACSummonDeathfleetTarget	Alarak	ability-with-chain	no	unit	SOAMothershipv4	button	SOAMothershipLineAttack	Face	official-reference	游戏数据/官方SC2原始文本镜像/campaigns/void.sc2campaign/base.sc2data/gamedata/buttondata.xml	2	ability:AlarakACSummonDeathfleetTarget -> unit:SOAMothershipv4
ability	AlarakACSummonDeathfleetTarget	Alarak	ability-with-chain	no	unit	SOAMothershipv4	button	VoidRayTaldarim	Face	official-reference	游戏数据/官方SC2原始文本镜像/campaigns/void.sc2campaign/base.sc2data/gamedata/buttondata.xml	2	ability:AlarakACSummonDeathfleetTarget -> unit:SOAMothershipv4
ability	AlarakACSummonDeathfleetTarget	Alarak	ability-with-chain	no	effect	DeathFleetClearOldUnits	effect	DeathFleetClearSwitch	EffectAttr	official-reference	游戏数据/官方SC2原始文本镜像/mods/starcoop/starcoop.sc2mod/base.sc2data/gamedata/effectdata.xml	3	ability:AlarakACSummonDeathfleetTarget -> effect:AlarakACSummonDeathFleetInitialSet -> effect:DeathFleetClearOldUnits
ability	AlarakACSummonDeathfleetTarget	Alarak	ability-with-chain	no	effect	AlarakACSummonDeathfleet	validator	HasVision	Validator	official-reference	游戏数据/官方SC2原始文本镜像/mods/liberty.sc2mod/base.sc2data/gamedata/validatordata.xml	3	ability:AlarakACSummonDeathfleetTarget -> effect:AlarakACSummonDeathFleetInitialSet -> effect:AlarakACSummonDeathfleet
ability	AlarakACSummonDeathfleetTarget	Alarak	ability-with-chain	no	ability	AlarakMothershipMassRecall	effect	AlarakMothershipMassRecallPrepare	Effect	official-reference	游戏数据/官方SC2原始文本镜像/mods/starcoop/starcoop.sc2mod/base.sc2data/gamedata/effectdata.xml	3	ability:AlarakACSummonDeathfleetTarget -> unit:SOAMothershipv4 -> ability:AlarakMothershipMassRecall
ability	AlarakACSummonDeathfleetTarget	Alarak	ability-with-chain	no	ability	AlarakMothershipMassRecall	effect	MothershipMassRecallSearch	Effect	official-reference	游戏数据/官方SC2原始文本镜像/mods/starcoop/starcoop.sc2mod/base.sc2data/gamedata/effectdata.xml	3	ability:AlarakACSummonDeathfleetTarget -> unit:SOAMothershipv4 -> ability:AlarakMothershipMassRecall
ability	AlarakACSummonDeathfleetTarget	Alarak	ability-with-chain	no	ability	AlarakACSoAMothershipV4BlackHole	effect	VoidSentryBlackHolePersistent	Effect	official-reference	游戏数据/官方SC2原始文本镜像/campaigns/void.sc2campaign/base.sc2data/gamedata/effectdata.xml	3	ability:AlarakACSummonDeathfleetTarget -> unit:SOAMothershipv4 -> ability:AlarakACSoAMothershipV4BlackHole
ability	AlarakACSummonDeathfleetTarget	Alarak	ability-with-chain	no	ability	AlarakACSoAMothershipV4BlackHole	effect	VoidSentryBlackHoleSearch	Effect	official-reference	游戏数据/官方SC2原始文本镜像/mods/starcoop/starcoop.sc2mod/base.sc2data/gamedata/effectdata.xml	3	ability:AlarakACSummonDeathfleetTarget -> unit:SOAMothershipv4 -> ability:AlarakACSoAMothershipV4BlackHole
ability	AlarakACSummonDeathfleetTarget	Alarak	ability-with-chain	no	ability	AlarakMothershipWarpTrain	button	Phoenix	DefaultButtonFace	official-reference	游戏数据/官方SC2原始文本镜像/mods/liberty.sc2mod/base.sc2data/gamedata/buttondata.xml	3	ability:AlarakACSummonDeathfleetTarget -> unit:SOAMothershipv4 -> ability:AlarakMothershipWarpTrain
ability	AlarakACSummonDeathfleetTarget	Alarak	ability-with-chain	no	ability	AlarakMothershipWarpTrain	button	VoidRay	DefaultButtonFace	official-reference	游戏数据/官方SC2原始文本镜像/mods/liberty.sc2mod/base.sc2data/gamedata/buttondata.xml	3	ability:AlarakACSummonDeathfleetTarget -> unit:SOAMothershipv4 -> ability:AlarakMothershipWarpTrain
ability	AlarakACSummonDeathfleetTarget	Alarak	ability-with-chain	no	ability	AlarakMothershipWarpTrain	button	Scout	DefaultButtonFace	official-reference	游戏数据/官方SC2原始文本镜像/mods/void.sc2mod/base.sc2data/gamedata/buttondata.xml	3	ability:AlarakACSummonDeathfleetTarget -> unit:SOAMothershipv4 -> ability:AlarakMothershipWarpTrain
ability	AlarakACSummonDeathfleetTarget	Alarak	ability-with-chain	no	ability	AlarakMothershipWarpTrain	button	Oracle	DefaultButtonFace	official-reference	游戏数据/官方SC2原始文本镜像/mods/swarm.sc2mod/base.sc2data/gamedata/buttondata.xml	3	ability:AlarakACSummonDeathfleetTarget -> unit:SOAMothershipv4 -> ability:AlarakMothershipWarpTrain
ability	AlarakACSummonDeathfleetTarget	Alarak	ability-with-chain	no	ability	AlarakMothershipWarpTrain	button	Corsair	DefaultButtonFace	official-reference	游戏数据/官方SC2原始文本镜像/mods/void.sc2mod/base.sc2data/gamedata/buttondata.xml	3	ability:AlarakACSummonDeathfleetTarget -> unit:SOAMothershipv4 -> ability:AlarakMothershipWarpTrain
ability	AlarakACSummonDeathfleetTarget	Alarak	ability-with-chain	no	ability	AlarakMothershipWarpTrain	button	Arbiter	DefaultButtonFace	official-reference	游戏数据/官方SC2原始文本镜像/mods/starcoop/starcoop.sc2mod/base.sc2data/gamedata/buttondata.xml	3	ability:AlarakACSummonDeathfleetTarget -> unit:SOAMothershipv4 -> ability:AlarakMothershipWarpTrain
ability	AlarakACSummonDeathfleetTarget	Alarak	ability-with-chain	no	ability	AlarakMothershipWarpTrain	button	CarrierTaldarimMothership	DefaultButtonFace	official-reference	游戏数据/官方SC2原始文本镜像/mods/starcoop/starcoop.sc2mod/base.sc2data/gamedata/buttondata.xml	3	ability:AlarakACSummonDeathfleetTarget -> unit:SOAMothershipv4 -> ability:AlarakMothershipWarpTrain
ability	AlarakACSummonDeathfleetTarget	Alarak	ability-with-chain	no	ability	AlarakMothershipWarpTrain	button	VoidRayTaldarim	DefaultButtonFace	official-reference	游戏数据/官方SC2原始文本镜像/campaigns/void.sc2campaign/base.sc2data/gamedata/buttondata.xml	3	ability:AlarakACSummonDeathfleetTarget -> unit:SOAMothershipv4 -> ability:AlarakMothershipWarpTrain
ability	AlarakACSummonDeathfleetTarget	Alarak	ability-with-chain	no	ability	AlarakMothershipWarpTrain	requirement	HaveFleetBeacon	Requirements	xm-dependency	原始mod/Mods/XM/XMCore.SC2Mod/Base.SC2Data/GameData/RequirementData.xml	3	ability:AlarakACSummonDeathfleetTarget -> unit:SOAMothershipv4 -> ability:AlarakMothershipWarpTrain
ability	AlarakACSummonDeathfleetTarget	Alarak	ability-with-chain	no	ability	AlarakMothershipWarpTrain	requirement	HaveVoidTempestandHaveFleetBeacon	Requirements	official-reference	游戏数据/官方SC2原始文本镜像/campaigns/void.sc2campaign/base.sc2data/gamedata/requirementdata.xml	3	ability:AlarakACSummonDeathfleetTarget -> unit:SOAMothershipv4 -> ability:AlarakMothershipWarpTrain
ability	AlarakACSummonDeathfleetTarget	Alarak	ability-with-chain	no	ability	AlarakMothershipWarpTrain	requirement	TalDarimMothershipRequirements	Requirements	official-reference	游戏数据/官方SC2原始文本镜像/campaigns/void.sc2campaign/base.sc2data/gamedata/requirementdata.xml	3	ability:AlarakACSummonDeathfleetTarget -> unit:SOAMothershipv4 -> ability:AlarakMothershipWarpTrain
ability	AlarakACSummonDeathfleetTarget	Alarak	ability-with-chain	no	ability	AlarakMothershipWarpTrain	unit	ArbiterMP	UnitAttr	official-reference	游戏数据/官方SC2原始文本镜像/mods/starcoop/starcoop.sc2mod/base.sc2data/gamedata/unitdata.xml	3	ability:AlarakACSummonDeathfleetTarget -> unit:SOAMothershipv4 -> ability:AlarakMothershipWarpTrain
ability	AlarakACSummonDeathfleetTarget	Alarak	ability-with-chain	no	ability	AlarakMothershipWarpTrain	unit	TempestPurifier	UnitAttr	official-reference	游戏数据/官方SC2原始文本镜像/mods/starcoop/starcoop.sc2mod/base.sc2data/gamedata/unitdata.xml	3	ability:AlarakACSummonDeathfleetTarget -> unit:SOAMothershipv4 -> ability:AlarakMothershipWarpTrain
ability	AlarakACSummonDeathfleetTarget	Alarak	ability-with-chain	no	weapon	SOAMothershipLineAttack	effect	SOAMothershipLineAttackAutoOnCheck	Effect	xm-dependency	原始mod/Mods/XM/XMCoopMutators.SC2Mod/Base.SC2Data/GameData/EffectData.xml	3	ability:AlarakACSummonDeathfleetTarget -> unit:SOAMothershipv4 -> weapon:SOAMothershipLineAttack
ability	AlarakACSummonDeathfleetTarget	Alarak	ability-with-chain	no	ability	SOAMothershipLineAttack	requirement	HaveAlarakImprovedDeathfleetShow	Requirements	official-reference	游戏数据/官方SC2原始文本镜像/mods/starcoop/starcoop.sc2mod/base.sc2data/gamedata/requirementdata.xml	3	ability:AlarakACSummonDeathfleetTarget -> unit:SOAMothershipv4 -> ability:SOAMothershipLineAttack
ability	AlarakStructureOvercharge	Alarak	ability-with-chain	no	effect	AlarakStructureOverchargeSet	validator	NotSpiderMineBurrowed	Validator	official-reference	游戏数据/官方SC2原始文本镜像/campaigns/liberty.sc2campaign/base.sc2data/gamedata/validatordata.xml	2	ability:AlarakStructureOvercharge -> effect:AlarakStructureOverchargeSet
ability	AlarakStructureOvercharge	Alarak	ability-with-chain	no	effect	AlarakStructureOverchargeShieldAB	behavior	AlarakStructureOverchargeShield	Behavior	official-reference	游戏数据/官方SC2原始文本镜像/mods/starcoop/starcoop.sc2mod/base.sc2data/gamedata/behaviordata.xml	3	ability:AlarakStructureOvercharge -> effect:AlarakStructureOverchargeSet -> effect:AlarakStructureOverchargeShieldAB
ability	AssaultModeMengsk	Mengsk	ability-with-chain	no	effect	VikingMengskWeaponGroundSwitch	effect	VikingMengskWeaponGroundMassive	EffectAttr	xm-dependency	原始mod/Mods/XM/XMMengsk.SC2Mod/Base.SC2Data/GameData/EffectData.xml	3	ability:AssaultModeMengsk -> effect:VikingMengskWeaponChange -> effect:VikingMengskWeaponGroundSwitch
ability	AssaultModeMengsk	Mengsk	ability-with-chain	no	effect	VikingMengskWeaponAirSwitch	validator	CasterVikingMengskFighter	Validator	xm-dependency	原始mod/Mods/XM/XMMengsk.SC2Mod/Base.SC2Data/GameData/ValidatorData.xml	3	ability:AssaultModeMengsk -> effect:VikingMengskWeaponChange -> effect:VikingMengskWeaponAirSwitch
ability	AssaultModeMengsk	Mengsk	ability-with-chain	no	effect	VikingMengskWeaponAirSwitch	effect	VikingMengskWeaponAirMassive	EffectAttr	xm-dependency	原始mod/Mods/XM/XMMengsk.SC2Mod/Base.SC2Data/GameData/EffectData.xml	3	ability:AssaultModeMengsk -> effect:VikingMengskWeaponChange -> effect:VikingMengskWeaponAirSwitch
ability	BanelingStetmannJump	Stetmann	ability-minimal	no	ability	BanelingStetmannJump	validator	CasterNotHoldingPosition	Validator	official-reference	游戏数据/官方SC2原始文本镜像/mods/liberty.sc2mod/base.sc2data/gamedata/validatordata.xml	1	ability:BanelingStetmannJump
ability	Banshee_BlackOpsAirstrike	Nova	ability-with-chain	no	effect	Banshee_BlackOpsAirstrikeFakeShotCP	effect	Banshee_BlackOpsAirstrikeFakeShotLM	Effect	xm-dependency	原始mod/Mods/XM/XMNova.SC2Mod/Base.SC2Data/GameData/EffectData.xml	3	ability:Banshee_BlackOpsAirstrike -> effect:Banshee_BlackOpsAirstrikeSet -> effect:Banshee_BlackOpsAirstrikeFakeShotCP
ability	BattlecruiserMengskHyperjump	Mengsk	ability-with-chain	no	effect	HyperjumpMengskTeleportOutABSet	effect	HyperjumpMengskTeleportOutAB	Effect	xm-dependency	原始mod/Mods/XM/XMMengsk.SC2Mod/Base.SC2Data/GameData/EffectData.xml	3	ability:BattlecruiserMengskHyperjump -> effect:HyperjumpMengskCreatePrecursor -> effect:HyperjumpMengskTeleportOutABSet
ability	BattlecruiserMengskHyperjump	Mengsk	ability-with-chain	no	effect	HyperjumpMengskTeleportOutABSet	effect	HyperjumpMengskTeleportOutTargetAB	Effect	xm-dependency	原始mod/Mods/XM/XMMengsk.SC2Mod/Base.SC2Data/GameData/EffectData.xml	3	ability:BattlecruiserMengskHyperjump -> effect:HyperjumpMengskCreatePrecursor -> effect:HyperjumpMengskTeleportOutABSet
ability	BattlecruiserMengskHyperjump	Mengsk	ability-with-chain	no	unit	BattlecruiserMengsk	behavior	MassiveVoidRayVulnerability	BehaviorArray	official-reference	游戏数据/官方SC2原始文本镜像/mods/libertymulti.sc2mod/base.sc2data/gamedata/behaviordata.xml	3	ability:BattlecruiserMengskHyperjump -> effect:HyperjumpMengskCreatePrecursor -> unit:BattlecruiserMengsk
ability	BattlecruiserMengskYamato	Mengsk	ability-with-chain	no	effect	BattlecruiserMengskYamatoMultipleSet	effect	BattlecruiserMengskYamatoMultipleDelayCP	Effect	xm-dependency	原始mod/Mods/XM/XMMengsk.SC2Mod/Base.SC2Data/GameData/EffectData.xml	3	ability:BattlecruiserMengskYamato -> effect:BattlecruiserMengskYamatoLevelSwitch -> effect:BattlecruiserMengskYamatoMultipleSet
ability	BattlecruiserMengskYamato	Mengsk	ability-with-chain	no	effect	BattlecruiserMengskYamatoAoELM	validator	YamatoTargetFilters	Validator	official-reference	游戏数据/官方SC2原始文本镜像/mods/liberty.sc2mod/base.sc2data/gamedata/validatordata.xml	3	ability:BattlecruiserMengskYamato -> effect:BattlecruiserMengskYamatoLevelSwitch -> effect:BattlecruiserMengskYamatoAoELM
ability	BattlecruiserMengskYamato	Mengsk	ability-with-chain	no	effect	BattlecruiserMengskYamatoAoELM	validator	IsNotWarpBubble	Validator	official-reference	游戏数据/官方SC2原始文本镜像/mods/liberty.sc2mod/base.sc2data/gamedata/validatordata.xml	3	ability:BattlecruiserMengskYamato -> effect:BattlecruiserMengskYamatoLevelSwitch -> effect:BattlecruiserMengskYamatoAoELM
ability	BattlecruiserMengskYamato	Mengsk	ability-with-chain	no	effect	BattlecruiserMengskYamatoAoELM	effect	BattlecruiserMengskYamatoAoEDamage	Effect	xm-dependency	原始mod/Mods/XM/XMMengsk.SC2Mod/Base.SC2Data/GameData/EffectData.xml	3	ability:BattlecruiserMengskYamato -> effect:BattlecruiserMengskYamatoLevelSwitch -> effect:BattlecruiserMengskYamatoAoELM
ability	BattlecruiserMengskYamato	Mengsk	ability-with-chain	no	effect	BattlecruiserMengskYamatoAoELM	effect	BattlecruiserMengskYamatoTargetMarkerAB	Effect	xm-dependency	原始mod/Mods/XM/XMMengsk.SC2Mod/Base.SC2Data/GameData/EffectData.xml	3	ability:BattlecruiserMengskYamato -> effect:BattlecruiserMengskYamatoLevelSwitch -> effect:BattlecruiserMengskYamatoAoELM
ability	BattlecruiserMengskYamato	Mengsk	ability-with-chain	no	effect	BattlecruiserMengskYamatoAoELM	effect	BattlecruiserMengskYamatoTargetMarkerRB	Effect	xm-dependency	原始mod/Mods/XM/XMMengsk.SC2Mod/Base.SC2Data/GameData/EffectData.xml	3	ability:BattlecruiserMengskYamato -> effect:BattlecruiserMengskYamatoLevelSwitch -> effect:BattlecruiserMengskYamatoAoELM
ability	BattlecruiserMengskYamato	Mengsk	ability-with-chain	no	effect	BattlecruiserMengskYamatoAoELM	unit	BattlecruiserMengskYamatoAoE	Unit	xm-dependency	原始mod/Mods/XM/XMMengsk.SC2Mod/Base.SC2Data/GameData/UnitData.xml	3	ability:BattlecruiserMengskYamato -> effect:BattlecruiserMengskYamatoLevelSwitch -> effect:BattlecruiserMengskYamatoAoELM
ability	BroodLordStetmannBomberMagazine	Stetmann	ability-with-chain	no	ability	BroodLordStetmannBomberMagazine	effect	InterceptorFate	Effect	probable-base-game		1	ability:BroodLordStetmannBomberMagazine
ability	BroodLordStetmannBomberMagazine	Stetmann	ability-with-chain	no	effect	BroodLordStetmannInterceptorCreate	effect	InterceptorCreateAB	Effect	official-reference	游戏数据/官方SC2原始文本镜像/campaigns/void.sc2campaign/base.sc2data/gamedata/effectdata.xml	2	ability:BroodLordStetmannBomberMagazine -> effect:BroodLordStetmannInterceptorCreate
ability	BroodLordStetmannBomberMagazine	Stetmann	ability-with-chain	no	effect	BroodLordStetmannInterceptorCreate	effect	CommanderPrestigeStetmannCombatBuff@AttributeTarget	Effect	official-reference	游戏数据/官方SC2原始文本镜像/mods/starcoop/commanders/egonstetmann.sc2mod/base.sc2data/gamedata/effectdata.xml	2	ability:BroodLordStetmannBomberMagazine -> effect:BroodLordStetmannInterceptorCreate
ability	BroodLordStetmannBomberMagazine	Stetmann	ability-with-chain	no	effect	SpawningUnitTrackerSet	effect	SpawningUnitTracker	Effect	official-reference	游戏数据/官方SC2原始文本镜像/mods/starcoop/starcoop.sc2mod/base.sc2data/gamedata/effectdata.xml	3	ability:BroodLordStetmannBomberMagazine -> effect:BroodLordStetmannInterceptorCreate -> effect:SpawningUnitTrackerSet
ability	BroodLordStetmannBomberMagazine	Stetmann	ability-with-chain	no	effect	SpawningUnitTrackerSet	effect	SpawningUnitTrackerAddCaster	Effect	official-reference	游戏数据/官方SC2原始文本镜像/mods/starcoop/starcoop.sc2mod/base.sc2data/gamedata/effectdata.xml	3	ability:BroodLordStetmannBomberMagazine -> effect:BroodLordStetmannInterceptorCreate -> effect:SpawningUnitTrackerSet
ability	BroodLordStetmannBomberMagazine	Stetmann	ability-with-chain	no	effect	SpawnedUnitTrackerSet	effect	SpawnedUnitTracker	Effect	official-reference	游戏数据/官方SC2原始文本镜像/mods/starcoop/starcoop.sc2mod/base.sc2data/gamedata/effectdata.xml	3	ability:BroodLordStetmannBomberMagazine -> effect:BroodLordStetmannInterceptorCreate -> effect:SpawnedUnitTrackerSet
ability	BroodLordStetmannBomberMagazine	Stetmann	ability-with-chain	no	effect	SpawnedUnitTrackerSet	effect	SpawnedUnitTrackerAddTarget	Effect	official-reference	游戏数据/官方SC2原始文本镜像/mods/starcoop/starcoop.sc2mod/base.sc2data/gamedata/effectdata.xml	3	ability:BroodLordStetmannBomberMagazine -> effect:BroodLordStetmannInterceptorCreate -> effect:SpawnedUnitTrackerSet
ability	BroodLordStetmannBroodlingEscortArmAugment	Stetmann	ability-with-chain	no	effect	BroodLordStetmannBroodlingEscortArm	validator	CasterNotDead	Validator	official-reference	游戏数据/官方SC2原始文本镜像/mods/liberty.sc2mod/base.sc2data/gamedata/validatordata.xml	3	ability:BroodLordStetmannBroodlingEscortArmAugment -> effect:BroodLordStetmannBroodlingEscortArmDelay -> effect:BroodLordStetmannBroodlingEscortArm
ability	BroodLordStetmannYamatoGun	Stetmann	ability-with-chain	no	effect	BroodLordStetmannYamatoMissile	validator	YamatoTargetFilters	Validator	official-reference	游戏数据/官方SC2原始文本镜像/mods/liberty.sc2mod/base.sc2data/gamedata/validatordata.xml	2	ability:BroodLordStetmannYamatoGun -> effect:BroodLordStetmannYamatoMissile
ability	BroodLordStetmannYamatoGun	Stetmann	ability-with-chain	no	effect	BroodLordStetmannYamatoMissile	validator	IsNotWarpBubble	Validator	official-reference	游戏数据/官方SC2原始文本镜像/mods/liberty.sc2mod/base.sc2data/gamedata/validatordata.xml	2	ability:BroodLordStetmannYamatoGun -> effect:BroodLordStetmannYamatoMissile
ability	BrutaliskDeepTunnel	Abathur	ability-with-chain	no	effect	BrutaliskDeepTunnelTeleportSet	effect	BrutaliskDeepTunnelTeleport	Effect	xm-dependency	原始mod/Mods/XM/XMCoopMutators.SC2Mod/Base.SC2Data/GameData/EffectData.xml	3	ability:BrutaliskDeepTunnel -> effect:BrutaliskDeepTunnelCU -> effect:BrutaliskDeepTunnelTeleportSet
ability	BrutaliskDeepTunnel	Abathur	ability-with-chain	no	unit	BrutaliskPlacement	behavior	BrutaliskPlacementRemove	BehaviorArray	official-reference	游戏数据/官方SC2原始文本镜像/mods/starcoop/starcoop.sc2mod/base.sc2data/gamedata/behaviordata.xml	3	ability:BrutaliskDeepTunnel -> effect:BrutaliskDeepTunnelCU -> unit:BrutaliskPlacement
ability	BuildAutoTurret_BlackOps	Nova	ability-with-chain	no	unit	NovaACLaserTurret	behavior	TerranBuildingBurnDown	BehaviorArray	official-reference	游戏数据/官方SC2原始文本镜像/mods/liberty.sc2mod/base.sc2data/gamedata/behaviordata.xml	2	ability:BuildAutoTurret_BlackOps -> unit:NovaACLaserTurret
ability	BuildAutoTurret_BlackOps	Nova	ability-with-chain	no	unit	NovaACLaserTurret	button	Salvage	Face	official-reference	游戏数据/官方SC2原始文本镜像/mods/liberty.sc2mod/base.sc2data/gamedata/buttondata.xml	2	ability:BuildAutoTurret_BlackOps -> unit:NovaACLaserTurret
ability	BuildAutoTurret_BlackOps	Nova	ability-with-chain	no	unit	NovaACLaserTurret	button	SelectBuilder	Face	official-reference	游戏数据/官方SC2原始文本镜像/mods/liberty.sc2mod/base.sc2data/gamedata/buttondata.xml	2	ability:BuildAutoTurret_BlackOps -> unit:NovaACLaserTurret
ability	BuildAutoTurret_BlackOps	Nova	ability-with-chain	no	effect	AutoTurret_BlackOpsSet	effect	Autoturret_BlackOpsTimedLife	Effect	xm-dependency	原始mod/Mods/XM/XMNova.SC2Mod/Base.SC2Data/GameData/EffectData.xml	3	ability:BuildAutoTurret_BlackOps -> effect:AutoTurret_BlackOpsRelease -> effect:AutoTurret_BlackOpsSet
ability	BuildAutoTurret_BlackOps	Nova	ability-with-chain	no	effect	AutoTurret_BlackOpsSet	effect	AutoTurret_BlackOpsReleaseLaunch	Effect	xm-dependency	原始mod/Mods/XM/XMNova.SC2Mod/Base.SC2Data/GameData/EffectData.xml	3	ability:BuildAutoTurret_BlackOps -> effect:AutoTurret_BlackOpsRelease -> effect:AutoTurret_BlackOpsSet
ability	BuildAutoTurret_BlackOps	Nova	ability-with-chain	no	effect	AutoTurret_BlackOpsSet	effect	NoScrapDropAB	Effect	official-reference	游戏数据/官方SC2原始文本镜像/mods/starcoop/starcoop.sc2mod/base.sc2data/gamedata/effectdata.xml	3	ability:BuildAutoTurret_BlackOps -> effect:AutoTurret_BlackOpsRelease -> effect:AutoTurret_BlackOpsSet
ability	BuildAutoTurret_BlackOps	Nova	ability-with-chain	no	weapon	LaserTurret	effect	LaserTurretDamage	Effect	xm-dependency	原始mod/Mods/XM/XMNova.SC2Mod/Base.SC2Data/GameData/EffectData.xml	3	ability:BuildAutoTurret_BlackOps -> unit:NovaACLaserTurret -> weapon:LaserTurret
ability	BuildAutoTurret_BlackOps	Nova	ability-with-chain	no	weapon	LaserTurret	effect	LaserTurretSearchCP	Effect	xm-dependency	原始mod/Mods/XM/XMNova.SC2Mod/Base.SC2Data/GameData/EffectData.xml	3	ability:BuildAutoTurret_BlackOps -> unit:NovaACLaserTurret -> weapon:LaserTurret
ability	BunkerDepotMengskDrop	Mengsk	ability-with-chain	no	unit	BunkerDepotMengskDrop	ability	BuildinProgressNonCancellable	AbilArray.Link	official-reference	游戏数据/官方SC2原始文本镜像/mods/voidprologue.sc2mod/base.sc2data/gamedata/abildata.xml	2	ability:BunkerDepotMengskDrop -> unit:BunkerDepotMengskDrop
ability	BurrowBanelingDownStetmann	Stetmann	ability-with-chain	no	ability	BurrowBanelingUpStetmann	validator	TargetNotChangeling	Validator	official-reference	游戏数据/官方SC2原始文本镜像/mods/liberty.sc2mod/base.sc2data/gamedata/validatordata.xml	3	ability:BurrowBanelingDownStetmann -> unit:BanelingStetmannBurrowed -> ability:BurrowBanelingUpStetmann
ability	BurrowBrutaliskDown	Abathur	ability-with-chain	no	unit	BrutaliskBurrowed	behavior	Frenzy	BehaviorArray	official-reference	游戏数据/官方SC2原始文本镜像/mods/liberty.sc2mod/base.sc2data/gamedata/behaviordata.xml	2	ability:BurrowBrutaliskDown -> unit:BrutaliskBurrowed
ability	BurrowBrutaliskDown	Abathur	ability-with-chain	no	unit	BrutaliskBurrowed	behavior	Frenzy	BehaviorAttr	official-reference	游戏数据/官方SC2原始文本镜像/mods/liberty.sc2mod/base.sc2data/gamedata/behaviordata.xml	2	ability:BurrowBrutaliskDown -> unit:BrutaliskBurrowed
ability	BurrowDehakaHydraliskLevel2Down	Dehaka	ability-with-chain	no	ability	BurrowDehakaHydraliskLevel2Up	validator	TargetNotChangeling	Validator	official-reference	游戏数据/官方SC2原始文本镜像/mods/liberty.sc2mod/base.sc2data/gamedata/validatordata.xml	3	ability:BurrowDehakaHydraliskLevel2Down -> unit:DehakaHydraliskLevel2Burrowed -> ability:BurrowDehakaHydraliskLevel2Up
ability	BurrowDehakaRavasaurDown	Dehaka	ability-with-chain	no	ability	BurrowDehakaRavasaurUp	validator	TargetNotChangeling	Validator	official-reference	游戏数据/官方SC2原始文本镜像/mods/liberty.sc2mod/base.sc2data/gamedata/validatordata.xml	3	ability:BurrowDehakaRavasaurDown -> unit:DehakaRavasaurBurrowed -> ability:BurrowDehakaRavasaurUp
ability	BurrowDehakaRoachLevel2Down	Dehaka	ability-with-chain	no	unit	DehakaRoachLevel2Burrowed	behavior	RoachRegenDummy	BehaviorArray	official-reference	游戏数据/官方SC2原始文本镜像/campaigns/swarm.sc2campaign/base.sc2data/gamedata/behaviordata.xml	2	ability:BurrowDehakaRoachLevel2Down -> unit:DehakaRoachLevel2Burrowed
ability	BurrowDehakaRoachLevel2Down	Dehaka	ability-with-chain	no	ability	BurrowDehakaRoachLevel2Up	validator	TargetNotChangeling	Validator	official-reference	游戏数据/官方SC2原始文本镜像/mods/liberty.sc2mod/base.sc2data/gamedata/validatordata.xml	3	ability:BurrowDehakaRoachLevel2Down -> unit:DehakaRoachLevel2Burrowed -> ability:BurrowDehakaRoachLevel2Up
ability	BurrowDehakaRoachLevel3Down	Dehaka	ability-with-chain	no	unit	DehakaRoachLevel3Burrowed	behavior	RoachRegenDummy	BehaviorArray	official-reference	游戏数据/官方SC2原始文本镜像/campaigns/swarm.sc2campaign/base.sc2data/gamedata/behaviordata.xml	2	ability:BurrowDehakaRoachLevel3Down -> unit:DehakaRoachLevel3Burrowed
ability	BurrowDehakaRoachLevel3Down	Dehaka	ability-with-chain	no	ability	BurrowDehakaRoachLevel3Up	validator	TargetNotChangeling	Validator	official-reference	游戏数据/官方SC2原始文本镜像/mods/liberty.sc2mod/base.sc2data/gamedata/validatordata.xml	3	ability:BurrowDehakaRoachLevel3Down -> unit:DehakaRoachLevel3Burrowed -> ability:BurrowDehakaRoachLevel3Up
ability	BurrowDehakaUltraliskLevel2Down	Dehaka	ability-with-chain	no	unit	DehakaUltraliskLevel2Burrowed	behavior	Frenzy	BehaviorArray	official-reference	游戏数据/官方SC2原始文本镜像/mods/liberty.sc2mod/base.sc2data/gamedata/behaviordata.xml	2	ability:BurrowDehakaUltraliskLevel2Down -> unit:DehakaUltraliskLevel2Burrowed
ability	BurrowDehakaUltraliskLevel2Down	Dehaka	ability-with-chain	no	unit	DehakaUltraliskLevel2Burrowed	behavior	Frenzy	BehaviorAttr	official-reference	游戏数据/官方SC2原始文本镜像/mods/liberty.sc2mod/base.sc2data/gamedata/behaviordata.xml	2	ability:BurrowDehakaUltraliskLevel2Down -> unit:DehakaUltraliskLevel2Burrowed
ability	BurrowDehakaUltraliskLevel2Down	Dehaka	ability-with-chain	no	ability	BurrowDehakaUltraliskLevel2Up	validator	TargetNotChangeling	Validator	official-reference	游戏数据/官方SC2原始文本镜像/mods/liberty.sc2mod/base.sc2data/gamedata/validatordata.xml	3	ability:BurrowDehakaUltraliskLevel2Down -> unit:DehakaUltraliskLevel2Burrowed -> ability:BurrowDehakaUltraliskLevel2Up
ability	BurrowDehakaUltraliskLevel3Down	Dehaka	ability-with-chain	no	unit	DehakaUltraliskLevel3Burrowed	behavior	Frenzy	BehaviorArray	official-reference	游戏数据/官方SC2原始文本镜像/mods/liberty.sc2mod/base.sc2data/gamedata/behaviordata.xml	2	ability:BurrowDehakaUltraliskLevel3Down -> unit:DehakaUltraliskLevel3Burrowed
ability	BurrowDehakaUltraliskLevel3Down	Dehaka	ability-with-chain	no	unit	DehakaUltraliskLevel3Burrowed	behavior	Frenzy	BehaviorAttr	official-reference	游戏数据/官方SC2原始文本镜像/mods/liberty.sc2mod/base.sc2data/gamedata/behaviordata.xml	2	ability:BurrowDehakaUltraliskLevel3Down -> unit:DehakaUltraliskLevel3Burrowed
ability	BurrowDehakaUltraliskLevel3Down	Dehaka	ability-with-chain	no	ability	BurrowDehakaUltraliskLevel3Up	validator	TargetNotChangeling	Validator	official-reference	游戏数据/官方SC2原始文本镜像/mods/liberty.sc2mod/base.sc2data/gamedata/validatordata.xml	3	ability:BurrowDehakaUltraliskLevel3Down -> unit:DehakaUltraliskLevel3Burrowed -> ability:BurrowDehakaUltraliskLevel3Up
ability	BurrowDehakaZerglingLevel2Down	Dehaka	ability-with-chain	no	ability	BurrowDehakaZerglingLevel2Up	validator	TargetNotChangeling	Validator	official-reference	游戏数据/官方SC2原始文本镜像/mods/liberty.sc2mod/base.sc2data/gamedata/validatordata.xml	3	ability:BurrowDehakaZerglingLevel2Down -> unit:DehakaZerglingLevel2Burrowed -> ability:BurrowDehakaZerglingLevel2Up
ability	BurrowHydraliskDownStetmann	Stetmann	ability-with-chain	no	ability	BurrowHydraliskUpStetmann	validator	TargetNotChangeling	Validator	official-reference	游戏数据/官方SC2原始文本镜像/mods/liberty.sc2mod/base.sc2data/gamedata/validatordata.xml	3	ability:BurrowHydraliskDownStetmann -> unit:HydraliskStetmannBurrowed -> ability:BurrowHydraliskUpStetmann
ability	BurrowHydraliskDownStetmann	Stetmann	ability-with-chain	no	ability	HydraliskFrenzy	validator	CasterIsFiringWeapon	Validator	official-reference	游戏数据/官方SC2原始文本镜像/mods/balancemulti.sc2mod/base.sc2data/gamedata/validatordata.xml	3	ability:BurrowHydraliskDownStetmann -> unit:HydraliskStetmannBurrowed -> ability:HydraliskFrenzy
ability	BurrowImpalerDehakaDown	Dehaka	ability-with-chain	no	unit	ImpalerDehakaBurrowed	button	ImpalerBurrowUp	Face	official-reference	游戏数据/官方SC2原始文本镜像/campaigns/swarm.sc2campaign/base.sc2data/gamedata/buttondata.xml	2	ability:BurrowImpalerDehakaDown -> unit:ImpalerDehakaBurrowed
ability	BurrowImpalerDehakaDown	Dehaka	ability-with-chain	no	behavior	ImpalerGenerateCreep	validator	CasterIsStationary	Validator	official-reference	游戏数据/官方SC2原始文本镜像/mods/core.sc2mod/base.sc2data/gamedata/validatordata.xml	3	ability:BurrowImpalerDehakaDown -> unit:ImpalerDehakaBurrowed -> behavior:ImpalerGenerateCreep
ability	BurrowImpalerDehakaDown	Dehaka	ability-with-chain	no	behavior	ImpalerGenerateCreep	validator	Pathable	Validator	official-reference	游戏数据/官方SC2原始文本镜像/mods/core.sc2mod/base.sc2data/gamedata/validatordata.xml	3	ability:BurrowImpalerDehakaDown -> unit:ImpalerDehakaBurrowed -> behavior:ImpalerGenerateCreep
ability	BurrowImpalerDehakaDown	Dehaka	ability-with-chain	no	behavior	ImpalerGenerateCreep	validator	HaveGenerateCreepUpgrade	Validator	official-reference	游戏数据/官方SC2原始文本镜像/mods/starcoop/starcoop.sc2mod/base.sc2data/gamedata/validatordata.xml	3	ability:BurrowImpalerDehakaDown -> unit:ImpalerDehakaBurrowed -> behavior:ImpalerGenerateCreep
ability	BurrowInfestorDownStetmann	Stetmann	ability-with-chain	no	ability	BurrowInfestorUpStetmann	validator	TargetNotChangeling	Validator	official-reference	游戏数据/官方SC2原始文本镜像/mods/liberty.sc2mod/base.sc2data/gamedata/validatordata.xml	3	ability:BurrowInfestorDownStetmann -> unit:InfestorStetmannBurrowed -> ability:BurrowInfestorUpStetmann
ability	BurrowRavagerAbathurDown	Abathur	ability-with-chain	no	unit	RavagerAbathurBurrowed	requirement	HaveHotSTunnelingClaws	Requirements.value	official-reference	游戏数据/官方SC2原始文本镜像/campaigns/swarm.sc2campaign/base.sc2data/gamedata/requirementdata.xml	2	ability:BurrowRavagerAbathurDown -> unit:RavagerAbathurBurrowed
ability	BurrowRavagerAbathurDown	Abathur	ability-with-chain	no	ability	BurrowRavagerAbathurUp	validator	TargetNotChangeling	Validator	official-reference	游戏数据/官方SC2原始文本镜像/mods/liberty.sc2mod/base.sc2data/gamedata/validatordata.xml	3	ability:BurrowRavagerAbathurDown -> unit:RavagerAbathurBurrowed -> ability:BurrowRavagerAbathurUp
ability	BurrowRavagerDownStetmann	Stetmann	ability-with-chain	no	ability	BurrowRavagerUpStetmann	validator	TargetNotChangeling	Validator	official-reference	游戏数据/官方SC2原始文本镜像/mods/liberty.sc2mod/base.sc2data/gamedata/validatordata.xml	3	ability:BurrowRavagerDownStetmann -> unit:RavagerStetmannBurrowed -> ability:BurrowRavagerUpStetmann
ability	BurrowRoachDownStetmann	Stetmann	ability-with-chain	no	unit	RoachStetmannBurrowed	button	StopRoachBurrowed	Face	official-reference	游戏数据/官方SC2原始文本镜像/mods/liberty.sc2mod/base.sc2data/gamedata/buttondata.xml	2	ability:BurrowRoachDownStetmann -> unit:RoachStetmannBurrowed
ability	BurrowRoachDownStetmann	Stetmann	ability-with-chain	no	ability	BurrowRoachUpStetmann	validator	TargetNotChangeling	Validator	official-reference	游戏数据/官方SC2原始文本镜像/mods/liberty.sc2mod/base.sc2data/gamedata/validatordata.xml	3	ability:BurrowRoachDownStetmann -> unit:RoachStetmannBurrowed -> ability:BurrowRoachUpStetmann
ability	BurrowStukovInfestedBansheeDown	Stukov	ability-with-chain	no	unit	StukovInfestedBansheeBurrowed	button	AttackChampions	Face	official-reference	游戏数据/官方SC2原始文本镜像/campaigns/void.sc2campaign/base.sc2data/gamedata/buttondata.xml	2	ability:BurrowStukovInfestedBansheeDown -> unit:StukovInfestedBansheeBurrowed
ability	BurrowUltraliskDownStetmann	Stetmann	ability-with-chain	no	unit	UltraliskStetmannBurrowed	behavior	Frenzy	BehaviorArray	official-reference	游戏数据/官方SC2原始文本镜像/mods/liberty.sc2mod/base.sc2data/gamedata/behaviordata.xml	2	ability:BurrowUltraliskDownStetmann -> unit:UltraliskStetmannBurrowed
ability	BurrowUltraliskDownStetmann	Stetmann	ability-with-chain	no	unit	UltraliskStetmannBurrowed	behavior	Frenzy	BehaviorAttr	official-reference	游戏数据/官方SC2原始文本镜像/mods/liberty.sc2mod/base.sc2data/gamedata/behaviordata.xml	2	ability:BurrowUltraliskDownStetmann -> unit:UltraliskStetmannBurrowed
ability	BurrowUltraliskDownStetmann	Stetmann	ability-with-chain	no	ability	BurrowUltraliskUpStetmann	validator	TargetNotChangeling	Validator	official-reference	游戏数据/官方SC2原始文本镜像/mods/liberty.sc2mod/base.sc2data/gamedata/validatordata.xml	3	ability:BurrowUltraliskDownStetmann -> unit:UltraliskStetmannBurrowed -> ability:BurrowUltraliskUpStetmann
ability	BurrowZerglingDownStetmann	Stetmann	ability-with-chain	no	ability	BurrowZerglingUpStetmann	validator	TargetNotChangeling	Validator	official-reference	游戏数据/官方SC2原始文本镜像/mods/liberty.sc2mod/base.sc2data/gamedata/validatordata.xml	3	ability:BurrowZerglingDownStetmann -> unit:ZerglingStetmannBurrowed -> ability:BurrowZerglingUpStetmann
ability	Charge	Artanis,Vorazun	ability-minimal	no	ability	Charge	requirement	UseCharge	Requirements	official-reference	游戏数据/官方SC2原始文本镜像/mods/liberty.sc2mod/base.sc2data/gamedata/requirementdata.xml	1	ability:Charge
ability	CommanderPrestigeVorazunTimeStop	Vorazun	ability-minimal	no	ability	CommanderPrestigeVorazunTimeStop	requirement	HaveSOATimeFreeze	Requirements	official-reference	游戏数据/官方SC2原始文本镜像/campaigns/void.sc2campaign/base.sc2data/gamedata/requirementdata.xml	1	ability:CommanderPrestigeVorazunTimeStop
ability	CommanderPrestigeZagaraZagaraDeepTunnel	Zagara	ability-with-chain	no	effect	AbathurDeepTunnelTeleportSet	effect	AbathurDeepTunnelPrecursor	Effect	official-reference	游戏数据/官方SC2原始文本镜像/mods/starcoop/starcoop.sc2mod/base.sc2data/gamedata/effectdata.xml	3	ability:CommanderPrestigeZagaraZagaraDeepTunnel -> effect:AbathurDeepTunnelCU -> effect:AbathurDeepTunnelTeleportSet
ability	CommanderPrestigeZagaraZagaraDeepTunnel	Zagara	ability-with-chain	no	effect	AbathurDeepTunnelTeleportSet	effect	AbathurDeepTunnelTeleport	Effect	official-reference	游戏数据/官方SC2原始文本镜像/mods/starcoop/starcoop.sc2mod/base.sc2data/gamedata/effectdata.xml	3	ability:CommanderPrestigeZagaraZagaraDeepTunnel -> effect:AbathurDeepTunnelCU -> effect:AbathurDeepTunnelTeleportSet
ability	CoopMurvarSpawnCreepers	Dehaka	ability-minimal	no	validator	EnemiesWithin12	validator	EnemyTarget	Validator	official-reference	游戏数据/官方SC2原始文本镜像/mods/liberty.sc2mod/base.sc2data/gamedata/validatordata.xml	2	ability:CoopMurvarSpawnCreepers -> validator:EnemiesWithin12
ability	CorruptorStetmannCausticSpray	Stetmann	ability-with-chain	no	effect	CorruptorStetmannCausticSprayLevel1PersistentSet	effect	CorruptorStetmannCausticSprayLevel1Persistent	Effect	xm-dependency	原始mod/Mods/XM/XMStetmann.SC2Mod/Base.SC2Data/GameData/effectdata.xml	3	ability:CorruptorStetmannCausticSpray -> effect:CorruptorStetmannCausticSprayBasePersistent -> effect:CorruptorStetmannCausticSprayLevel1PersistentSet
ability	CorruptorStetmannMissilePods	Stetmann	ability-with-chain	no	effect	HurricaneMissileDamageDelayPersistentStetmann	effect	HurricaneMissileDamagePersistentStetmann	Effect	xm-dependency	原始mod/Mods/XM/XMStetmann.SC2Mod/Base.SC2Data/GameData/effectdata.xml	3	ability:CorruptorStetmannMissilePods -> effect:HurricaneMissileStetmann -> effect:HurricaneMissileDamageDelayPersistentStetmann
ability	CorruptorStetmannMissilePods	Stetmann	ability-with-chain	no	effect	HurricaneMissileBurstPersistentStetmann	effect	HurricaneMissileLeftLMStetmann	Effect	xm-dependency	原始mod/Mods/XM/XMStetmann.SC2Mod/Base.SC2Data/GameData/effectdata.xml	3	ability:CorruptorStetmannMissilePods -> effect:HurricaneMissileStetmann -> effect:HurricaneMissileBurstPersistentStetmann
ability	CorruptorStetmannMissilePods	Stetmann	ability-with-chain	no	effect	HurricaneMissileBurstPersistentStetmann	effect	HurricaneMissileRightLMStetmann	Effect	xm-dependency	原始mod/Mods/XM/XMStetmann.SC2Mod/Base.SC2Data/GameData/effectdata.xml	3	ability:CorruptorStetmannMissilePods -> effect:HurricaneMissileStetmann -> effect:HurricaneMissileBurstPersistentStetmann
ability	DefensiveMatrixSwann	Swann	external-xm-dependency-node	no			ability	DefensiveMatrixSwann	profile-root	xm-dependency	原始mod/Mods/XM/XMSwann.SC2Mod/Base.SC2Data/GameData/AbilData.xml	0	ability:DefensiveMatrixSwann
ability	DehakaConsume	Dehaka	ability-with-chain	no	effect	DehakaConsumeLaunchMissile	validator	IsNotEggUnit	Validator	official-reference	游戏数据/官方SC2原始文本镜像/mods/balancemulti.sc2mod/base.sc2data/gamedata/validatordata.xml	2	ability:DehakaConsume -> effect:DehakaConsumeLaunchMissile
ability	DehakaConsume	Dehaka	ability-with-chain	no	effect	DehakaConsumeLaunchMissile	validator	NotWarpingIn	Validator	official-reference	游戏数据/官方SC2原始文本镜像/mods/liberty.sc2mod/base.sc2data/gamedata/validatordata.xml	2	ability:DehakaConsume -> effect:DehakaConsumeLaunchMissile
ability	DehakaConsume	Dehaka	ability-with-chain	no	effect	DehakaConsumeLaunchMissile	validator	IsNotLarva	Validator	official-reference	游戏数据/官方SC2原始文本镜像/mods/swarm.sc2mod/base.sc2data/gamedata/validatordata.xml	2	ability:DehakaConsume -> effect:DehakaConsumeLaunchMissile
ability	DehakaDakrunTopBar	Dehaka	ability-with-chain	no	effect	DehakaDakrunTopBarCU	validator	HasVision	Validator	official-reference	游戏数据/官方SC2原始文本镜像/mods/liberty.sc2mod/base.sc2data/gamedata/validatordata.xml	2	ability:DehakaDakrunTopBar -> effect:DehakaDakrunTopBarCU
ability	DehakaDakrunTopBar	Dehaka	ability-with-chain	no	effect	DakrunSpawningTargetSet	effect	KraithCrashingChargeDamage	Effect	official-reference	游戏数据/官方SC2原始文本镜像/mods/starcoop/starcoop.sc2mod/base.sc2data/gamedata/effectdata.xml	3	ability:DehakaDakrunTopBar -> effect:DakrunSpawningTargetSearch -> effect:DakrunSpawningTargetSet
ability	DehakaDakrunTopBar	Dehaka	ability-with-chain	no	effect	DakrunSpawningTargetSet	effect	KraithCrashingChargeForcePersistent	Effect	official-reference	游戏数据/官方SC2原始文本镜像/campaigns/swarm.sc2campaign/base.sc2data/gamedata/effectdata.xml	3	ability:DehakaDakrunTopBar -> effect:DakrunSpawningTargetSearch -> effect:DakrunSpawningTargetSet
ability	DehakaDroneMorph	Dehaka	ability-with-chain	no	unit	DehakaHatchery	ability	que5Passive	AbilArray.Link	official-reference	游戏数据/官方SC2原始文本镜像/mods/liberty.sc2mod/base.sc2data/gamedata/abildata.xml	2	ability:DehakaDroneMorph -> unit:DehakaHatchery
ability	DehakaDroneMorph	Dehaka	ability-with-chain	no	unit	DehakaHatchery	ability	que5Passive	AbilCmd	official-reference	游戏数据/官方SC2原始文本镜像/mods/liberty.sc2mod/base.sc2data/gamedata/abildata.xml	2	ability:DehakaDroneMorph -> unit:DehakaHatchery
ability	DehakaDroneMorph	Dehaka	ability-with-chain	no	unit	DehakaHatchery	button	PrimalBuildingUproot	Face	official-reference	游戏数据/官方SC2原始文本镜像/campaigns/swarm.sc2campaign/base.sc2data/gamedata/buttondata.xml	2	ability:DehakaDroneMorph -> unit:DehakaHatchery
ability	DehakaDroneMorph	Dehaka	ability-with-chain	no	unit	DehakaBarracks	button	SetRallyPoint2	Face	official-reference	游戏数据/官方SC2原始文本镜像/mods/liberty.sc2mod/base.sc2data/gamedata/buttondata.xml	2	ability:DehakaDroneMorph -> unit:DehakaBarracks
ability	DehakaDroneMorph	Dehaka	ability-with-chain	no	unit	DehakaBarracks	button	PrimalBuildingUproot	Face	official-reference	游戏数据/官方SC2原始文本镜像/campaigns/swarm.sc2campaign/base.sc2data/gamedata/buttondata.xml	2	ability:DehakaDroneMorph -> unit:DehakaBarracks
ability	DehakaDroneMorph	Dehaka	ability-with-chain	no	unit	DehakaNydusDestroyer	behavior	Detector11	BehaviorArray	official-reference	游戏数据/官方SC2原始文本镜像/mods/liberty.sc2mod/base.sc2data/gamedata/behaviordata.xml	2	ability:DehakaDroneMorph -> unit:DehakaNydusDestroyer
ability	DehakaDroneMorph	Dehaka	ability-with-chain	no	unit	DehakaNydusDestroyer	behavior	Detector11	BehaviorAttr	official-reference	游戏数据/官方SC2原始文本镜像/mods/liberty.sc2mod/base.sc2data/gamedata/behaviordata.xml	2	ability:DehakaDroneMorph -> unit:DehakaNydusDestroyer
ability	DehakaDroneMorph	Dehaka	ability-with-chain	no	ability	RallyCommand	button	RallyCasual	DefaultButtonFace	probable-base-game		3	ability:DehakaDroneMorph -> unit:DehakaHatchery -> ability:RallyCommand
ability	DehakaDroneMorph	Dehaka	ability-with-chain	no	ability	RallyCommand	requirement	NotHaveVoidCasualRallyBlock	Requirements	official-reference	游戏数据/官方SC2原始文本镜像/campaigns/void.sc2campaign/base.sc2data/gamedata/requirementdata.xml	3	ability:DehakaDroneMorph -> unit:DehakaHatchery -> ability:RallyCommand
ability	DehakaDroneMorph	Dehaka	ability-with-chain	no	ability	RallyCommand	requirement	HaveVoidCasualRallyBlock	Requirements	official-reference	游戏数据/官方SC2原始文本镜像/campaigns/void.sc2campaign/base.sc2data/gamedata/requirementdata.xml	3	ability:DehakaDroneMorph -> unit:DehakaHatchery -> ability:RallyCommand
ability	DehakaDroneMorph	Dehaka	ability-with-chain	no	ability	DehakaHatcheryBuild	validator	HasVespene	Validator	official-reference	游戏数据/官方SC2原始文本镜像/mods/liberty.sc2mod/base.sc2data/gamedata/validatordata.xml	3	ability:DehakaDroneMorph -> unit:DehakaHatchery -> ability:DehakaHatcheryBuild
ability	DehakaDroneMorph	Dehaka	ability-with-chain	no	ability	DehakaHatcheryBuild	effect	CreepTumorLaunchMissile	Effect	official-reference	游戏数据/官方SC2原始文本镜像/mods/swarm.sc2mod/base.sc2data/gamedata/effectdata.xml	3	ability:DehakaDroneMorph -> unit:DehakaHatchery -> ability:DehakaHatcheryBuild
ability	DehakaDroneMorph	Dehaka	ability-with-chain	no	effect	HatcheryCreateSet	effect	SprayZergInitialUpgrade	Effect	official-reference	游戏数据/官方SC2原始文本镜像/mods/liberty.sc2mod/base.sc2data/gamedata/effectdata.xml	3	ability:DehakaDroneMorph -> unit:DehakaHatchery -> effect:HatcheryCreateSet
ability	DehakaDroneMorph	Dehaka	ability-with-chain	no	effect	HatcheryBirthSet	effect	SprayZergInitialUpgrade	Effect	official-reference	游戏数据/官方SC2原始文本镜像/mods/liberty.sc2mod/base.sc2data/gamedata/effectdata.xml	3	ability:DehakaDroneMorph -> unit:DehakaHatchery -> effect:HatcheryBirthSet
ability	DehakaDroneMorph	Dehaka	ability-with-chain	no	ability	DehakaGlevigResearch	button	DehakaGlevigPackLeaderPromotion	DefaultButtonFace	cross-kind-reference	原始mod/Mods/XM/XMFinal.SC2Mod/Base.SC2Data/GameData/UpgradeData.xml	3	ability:DehakaDroneMorph -> unit:DehakaGlevigStructure -> ability:DehakaGlevigResearch
ability	DehakaDroneMorph	Dehaka	ability-with-chain	no	ability	DehakaGlevigResearch	button	DehakaGlevigPrimalGuardian	DefaultButtonFace	cross-kind-reference	原始mod/Mods/XM/XMFinal.SC2Mod/Base.SC2Data/GameData/UpgradeData.xml	3	ability:DehakaDroneMorph -> unit:DehakaGlevigStructure -> ability:DehakaGlevigResearch
ability	DehakaGlevigTopBar	Dehaka	ability-with-chain	no	effect	DehakaGlevigEggSpawnHydraliskCU	effect	CoopDehakaGlevigEggMorphHydraliskSet	Effect	xm-dependency	原始mod/Mods/XM/XMCoopMutators.SC2Mod/Base.SC2Data/GameData/EffectData.xml	3	ability:DehakaGlevigTopBar -> effect:DehakaGlevigTopBarInitialSet -> effect:DehakaGlevigEggSpawnHydraliskCU
ability	DehakaGlevigTopBar	Dehaka	ability-with-chain	no	effect	DehakaGlevigEggSpawnRoachCU	effect	CoopDehakaGlevigEggMorphRoachSet	Effect	xm-dependency	原始mod/Mods/XM/XMCoopMutators.SC2Mod/Base.SC2Data/GameData/EffectData.xml	3	ability:DehakaGlevigTopBar -> effect:DehakaGlevigTopBarInitialSet -> effect:DehakaGlevigEggSpawnRoachCU
ability	DehakaGlevigTopBar	Dehaka	ability-with-chain	no	effect	DehakaGlevigEggSpawnZerglingCU	effect	CoopDehakaGlevigEggMorphZerglingSet	Effect	xm-dependency	原始mod/Mods/XM/XMCoopMutators.SC2Mod/Base.SC2Data/GameData/EffectData.xml	3	ability:DehakaGlevigTopBar -> effect:DehakaGlevigTopBarInitialSet -> effect:DehakaGlevigEggSpawnZerglingCU
ability	DehakaGlevigTopBar	Dehaka	ability-with-chain	no	effect	CommanderPrestigeDehakaPackLeadersCooldownSet	effect	CommanderPrestigeDehakaPackLeadersDamageHealthBuff	Effect	official-reference	游戏数据/官方SC2原始文本镜像/mods/starcoop/starcoop.sc2mod/base.sc2data/gamedata/effectdata.xml	3	ability:DehakaGlevigTopBar -> effect:DehakaGlevigTopBarInitialSet -> effect:CommanderPrestigeDehakaPackLeadersCooldownSet
ability	DehakaGlevigTopBar	Dehaka	ability-with-chain	no	ability	DehakaGlevigFirebreath	button	YagdraFirebreath	DefaultButtonFace	official-reference	游戏数据/官方SC2原始文本镜像/campaigns/swarm.sc2campaign/base.sc2data/gamedata/buttondata.xml	3	ability:DehakaGlevigTopBar -> unit:DehakaGlevig -> ability:DehakaGlevigFirebreath
ability	DehakaLeapStomp	Dehaka	ability-with-chain	no	effect	DehakaLeapStompPlacementCU	validator	CasterNotFungalGrowthed	Validator	official-reference	游戏数据/官方SC2原始文本镜像/mods/libertymulti.sc2mod/base.sc2data/gamedata/validatordata.xml	2	ability:DehakaLeapStomp -> effect:DehakaLeapStompPlacementCU
ability	DehakaLeapStomp	Dehaka	ability-with-chain	no	effect	DehakaLeapStompInitialSet	effect	DehakaLeapStompPrecursorAB	Effect	official-reference	游戏数据/官方SC2原始文本镜像/mods/starcoop/starcoop.sc2mod/base.sc2data/gamedata/effectdata.xml	3	ability:DehakaLeapStomp -> effect:DehakaLeapStompPlacementCU -> effect:DehakaLeapStompInitialSet
ability	DehakaLeapStomp	Dehaka	ability-with-chain	no	effect	DehakaStompSearchCSet	effect	DehakaStompImpactDummyC	Effect	xm-dependency	原始mod/Mods/XM/XMDehaka.SC2Mod/Base.SC2Data/GameData/EffectData.xml	3	ability:DehakaLeapStomp -> effect:DehakaStompSearchC -> effect:DehakaStompSearchCSet
ability	DehakaLeapStomp	Dehaka	ability-with-chain	no	effect	DehakaStompSearchCSet	effect	DehakaLeapStompArmorAB	Effect	xm-dependency	原始mod/Mods/XM/XMDehaka.SC2Mod/Base.SC2Data/GameData/EffectData.xml	3	ability:DehakaLeapStomp -> effect:DehakaStompSearchC -> effect:DehakaStompSearchCSet
ability	DehakaLocustFlyingSwoopAttack	Dehaka	ability-with-chain	no	ability	DehakaLocustFlyingSwoopAttack	effect	DehakaLocustFlyingSwoopCreatePrecursorOffset	Effect	xm-dependency	原始mod/Mods/XM/XMDehaka.SC2Mod/Base.SC2Data/GameData/EffectData.xml	1	ability:DehakaLocustFlyingSwoopAttack
ability	DehakaMendingAura	Dehaka	ability-with-chain	no	effect	DehakaMendingAuraSearch	effect	DehakaMendingAuraSearchImpactSet	EffectAttr	xm-dependency	原始mod/Mods/XM/XMDehaka.SC2Mod/Base.SC2Data/GameData/EffectData.xml	3	ability:DehakaMendingAura -> behavior:DehakaMendingAuraCaster -> effect:DehakaMendingAuraSearch
ability	DehakaMorphToPrimalSwarmHostBurrowed	Dehaka	ability-with-chain	no	ability	DehakaMorphToPrimalSwarmHostBurrowed	button	MorphToSwarmHostBurrowedMP	DefaultButtonFace	official-reference	游戏数据/官方SC2原始文本镜像/mods/swarm.sc2mod/base.sc2data/gamedata/buttondata.xml	1	ability:DehakaMorphToPrimalSwarmHostBurrowed
ability	DehakaMorphToPrimalSwarmHostBurrowed	Dehaka	ability-with-chain	no	unit	DehakaPrimalSwarmHostBurrowed	behavior	TrainInfestedTerran	BehaviorArray	official-reference	游戏数据/官方SC2原始文本镜像/mods/swarm.sc2mod/base.sc2data/gamedata/behaviordata.xml	2	ability:DehakaMorphToPrimalSwarmHostBurrowed -> unit:DehakaPrimalSwarmHostBurrowed
ability	DehakaMorphToPrimalSwarmHostBurrowed	Dehaka	ability-with-chain	no	unit	DehakaPrimalSwarmHostBurrowed	button	SwarmHostBurrowUp	Face	official-reference	游戏数据/官方SC2原始文本镜像/mods/balancemulti.sc2mod/base.sc2data/gamedata/buttondata.xml	2	ability:DehakaMorphToPrimalSwarmHostBurrowed -> unit:DehakaPrimalSwarmHostBurrowed
ability	DehakaMorphToPrimalSwarmHostBurrowed	Dehaka	ability-with-chain	no	ability	DehakaMorphToPrimalSwarmHost	button	MorphToSwarmHostMP	DefaultButtonFace	official-reference	游戏数据/官方SC2原始文本镜像/mods/swarm.sc2mod/base.sc2data/gamedata/buttondata.xml	3	ability:DehakaMorphToPrimalSwarmHostBurrowed -> unit:DehakaPrimalSwarmHostBurrowed -> ability:DehakaMorphToPrimalSwarmHost
ability	DehakaMorphToSwarmHostBurrowed	Dehaka	ability-with-chain	no	ability	DehakaMorphToSwarmHostBurrowed	button	MorphToSwarmHostBurrowedMP	DefaultButtonFace	official-reference	游戏数据/官方SC2原始文本镜像/mods/swarm.sc2mod/base.sc2data/gamedata/buttondata.xml	1	ability:DehakaMorphToSwarmHostBurrowed
ability	DehakaMorphToSwarmHostBurrowed	Dehaka	ability-with-chain	no	unit	DehakaSwarmHostBurrowed	behavior	TrainInfestedTerran	BehaviorArray	official-reference	游戏数据/官方SC2原始文本镜像/mods/swarm.sc2mod/base.sc2data/gamedata/behaviordata.xml	2	ability:DehakaMorphToSwarmHostBurrowed -> unit:DehakaSwarmHostBurrowed
ability	DehakaMorphToSwarmHostBurrowed	Dehaka	ability-with-chain	no	unit	DehakaSwarmHostBurrowed	button	SwarmHostBurrowUp	Face	official-reference	游戏数据/官方SC2原始文本镜像/mods/balancemulti.sc2mod/base.sc2data/gamedata/buttondata.xml	2	ability:DehakaMorphToSwarmHostBurrowed -> unit:DehakaSwarmHostBurrowed
ability	DehakaMorphToSwarmHostBurrowed	Dehaka	ability-with-chain	no	ability	DehakaMorphToSwarmHost	button	MorphToSwarmHostMP	DefaultButtonFace	official-reference	游戏数据/官方SC2原始文本镜像/mods/swarm.sc2mod/base.sc2data/gamedata/buttondata.xml	3	ability:DehakaMorphToSwarmHostBurrowed -> unit:DehakaSwarmHostBurrowed -> ability:DehakaMorphToSwarmHost
ability	DehakaMurvarTopBar	Dehaka	ability-with-chain	no	effect	DehakaMurvarTopBarCU	validator	HasVision	Validator	official-reference	游戏数据/官方SC2原始文本镜像/mods/liberty.sc2mod/base.sc2data/gamedata/validatordata.xml	2	ability:DehakaMurvarTopBar -> effect:DehakaMurvarTopBarCU
ability	DehakaMurvarTopBar	Dehaka	ability-with-chain	no	effect	DehakaMurvarTopBarSpawnSet	effect	CoopMurvarLaunchCP	Effect	official-reference	游戏数据/官方SC2原始文本镜像/mods/starcoop/starcoop.sc2mod/base.sc2data/gamedata/effectdata.xml	3	ability:DehakaMurvarTopBar -> effect:DehakaMurvarTopBarCU -> effect:DehakaMurvarTopBarSpawnSet
ability	DehakaMurvarTopBar	Dehaka	ability-with-chain	no	effect	CoopMurvarPukePuddleSet	effect	CoopMurvarPukeImpact	Effect	xm-dependency	原始mod/Mods/XM/XMDehaka.SC2Mod/Base.SC2Data/GameData/EffectData.xml	3	ability:DehakaMurvarTopBar -> effect:CoopMurvarLaunchPuddleSearch -> effect:CoopMurvarPukePuddleSet
ability	DehakaMurvarTopBar	Dehaka	ability-with-chain	no	effect	CoopMurvarPukePuddleSet	effect	CoopMurvarPukePuddleDisableAB	Effect	xm-dependency	原始mod/Mods/XM/XMDehaka.SC2Mod/Base.SC2Data/GameData/EffectData.xml	3	ability:DehakaMurvarTopBar -> effect:CoopMurvarLaunchPuddleSearch -> effect:CoopMurvarPukePuddleSet
ability	DehakaMurvarTopBar	Dehaka	ability-with-chain	no	effect	CoopMurvarPukePuddleSet	effect	CoopMurvarPukePuddleIterateTransport	Effect	xm-dependency	原始mod/Mods/XM/XMDehaka.SC2Mod/Base.SC2Data/GameData/EffectData.xml	3	ability:DehakaMurvarTopBar -> effect:CoopMurvarLaunchPuddleSearch -> effect:CoopMurvarPukePuddleSet
ability	DehakaNydusDestroyerTopBar	Dehaka	ability-with-chain	no	unit	DehakaNydusDestroyerTimedNoFood	behavior	Detector11	BehaviorArray	official-reference	游戏数据/官方SC2原始文本镜像/mods/liberty.sc2mod/base.sc2data/gamedata/behaviordata.xml	2	ability:DehakaNydusDestroyerTopBar -> unit:DehakaNydusDestroyerTimedNoFood
ability	DehakaNydusDestroyerTopBar	Dehaka	ability-with-chain	no	unit	DehakaNydusDestroyerTimedNoFood	behavior	Detector11	BehaviorAttr	official-reference	游戏数据/官方SC2原始文本镜像/mods/liberty.sc2mod/base.sc2data/gamedata/behaviordata.xml	2	ability:DehakaNydusDestroyerTopBar -> unit:DehakaNydusDestroyerTimedNoFood
ability	DehakaNydusDestroyerTopBar	Dehaka	ability-with-chain	no	ability	GreaterNydusDestroyerDeepTunnel	effect	GreaterNydusDestroyerDeepTunnelCU	Effect	xm-dependency	原始mod/Mods/XM/XMDehaka.SC2Mod/Base.SC2Data/GameData/EffectData.xml	3	ability:DehakaNydusDestroyerTopBar -> unit:DehakaNydusDestroyerTimedNoFood -> ability:GreaterNydusDestroyerDeepTunnel
ability	DehakaNydusDestroyerTopBar	Dehaka	ability-with-chain	no	ability	GreaterNydusDestroyerDeepTunnel	unit	GreaterNydusDestroyerDeepTunnelPlacement	Unit	xm-dependency	原始mod/Mods/XM/XMDehaka.SC2Mod/Base.SC2Data/GameData/UnitData.xml	3	ability:DehakaNydusDestroyerTopBar -> unit:DehakaNydusDestroyerTimedNoFood -> ability:GreaterNydusDestroyerDeepTunnel
ability	DehakaNydusDestroyerTopBar	Dehaka	ability-with-chain	no	ability	DehakaNydusDestroyerTimedNoFoodBeam	effect	DehakaNydusDestroyerTimedNoFoodBeamCP	Effect	xm-dependency	原始mod/Mods/XM/XMDehaka.SC2Mod/Base.SC2Data/GameData/EffectData.xml	3	ability:DehakaNydusDestroyerTopBar -> unit:DehakaNydusDestroyerTimedNoFood -> ability:DehakaNydusDestroyerTimedNoFoodBeam
ability	DehakaNydusDestroyerTopBar	Dehaka	ability-with-chain	no	weapon	DehakaNydusDestroyerTimedNoFoodWeapon	effect	DehakaNydusDestroyerTimedNoFoodDamage	Effect	xm-dependency	原始mod/Mods/XM/XMDehaka.SC2Mod/Base.SC2Data/GameData/EffectData.xml	3	ability:DehakaNydusDestroyerTopBar -> unit:DehakaNydusDestroyerTimedNoFood -> weapon:DehakaNydusDestroyerTimedNoFoodWeapon
ability	DehakaNydusDestroyerTopBar	Dehaka	ability-with-chain	no	weapon	DehakaNydusDestroyerTimedNoFoodWeapon	effect	DehakaNydusDestroyerTimedNoFoodLaunchMissile	Effect	xm-dependency	原始mod/Mods/XM/XMDehaka.SC2Mod/Base.SC2Data/GameData/EffectData.xml	3	ability:DehakaNydusDestroyerTopBar -> unit:DehakaNydusDestroyerTimedNoFood -> weapon:DehakaNydusDestroyerTimedNoFoodWeapon
ability	DehakaSpawnCreeperTargeted	Dehaka	ability-with-chain	no	validator	EnemiesWithin12	validator	EnemyTarget	Validator	official-reference	游戏数据/官方SC2原始文本镜像/mods/liberty.sc2mod/base.sc2data/gamedata/validatordata.xml	2	ability:DehakaSpawnCreeperTargeted -> validator:EnemiesWithin12
ability	DehakaSpawnCreeperTargeted	Dehaka	ability-with-chain	no	effect	DehakaCreeperCreate4Set	effect	DehakaCreeperCreateUnitA	Effect	xm-dependency	原始mod/Mods/XM/XMDehaka.SC2Mod/Base.SC2Data/GameData/EffectData.xml	3	ability:DehakaSpawnCreeperTargeted -> effect:DehakaCreeperCreateSwitch -> effect:DehakaCreeperCreate4Set
ability	DehakaSpawnCreeperTargeted	Dehaka	ability-with-chain	no	effect	DehakaCreeperCreate4Set	effect	DehakaCreeperCreateUnitB	Effect	xm-dependency	原始mod/Mods/XM/XMDehaka.SC2Mod/Base.SC2Data/GameData/EffectData.xml	3	ability:DehakaSpawnCreeperTargeted -> effect:DehakaCreeperCreateSwitch -> effect:DehakaCreeperCreate4Set
ability	DehakaSpawnLocustsTargeted	Dehaka	ability-with-chain	no	validator	EnemiesWithin14	validator	EnemyTarget	Validator	official-reference	游戏数据/官方SC2原始文本镜像/mods/liberty.sc2mod/base.sc2data/gamedata/validatordata.xml	2	ability:DehakaSpawnLocustsTargeted -> validator:EnemiesWithin14
ability	DehakaSpawnLocustsTargeted	Dehaka	ability-with-chain	no	effect	DehakaLocustCreateUnitA	effect	DehakaLocustCreateSetA	Effect	xm-dependency	原始mod/Mods/XM/XMDehaka.SC2Mod/Base.SC2Data/GameData/EffectData.xml	3	ability:DehakaSpawnLocustsTargeted -> effect:DehakaLocustCreateSet -> effect:DehakaLocustCreateUnitA
ability	DehakaSpawnLocustsTargeted	Dehaka	ability-with-chain	no	effect	DehakaLocustCreateUnitB	effect	DehakaLocustCreateSetB	Effect	xm-dependency	原始mod/Mods/XM/XMDehaka.SC2Mod/Base.SC2Data/GameData/EffectData.xml	3	ability:DehakaSpawnLocustsTargeted -> effect:DehakaLocustCreateSet -> effect:DehakaLocustCreateUnitB
ability	DehakaUltraliskCrashingCharge	Dehaka	ability-with-chain	no	ability	DehakaUltraliskCrashingCharge	validator	CasterNotHoldingPosition	Validator	official-reference	游戏数据/官方SC2原始文本镜像/mods/liberty.sc2mod/base.sc2data/gamedata/validatordata.xml	1	ability:DehakaUltraliskCrashingCharge
ability	DehakaUltraliskCrashingCharge	Dehaka	ability-with-chain	no	ability	DehakaUltraliskCrashingCharge	validator	CasterIsAttacking	Validator	official-reference	游戏数据/官方SC2原始文本镜像/mods/core.sc2mod/base.sc2data/gamedata/validatordata.xml	1	ability:DehakaUltraliskCrashingCharge
ability	DehakaUltraliskCrashingCharge	Dehaka	ability-with-chain	no	ability	DehakaUltraliskCrashingCharge	validator	TargetNotHarmless	Validator	official-reference	游戏数据/官方SC2原始文本镜像/campaigns/swarm.sc2campaign/base.sc2data/gamedata/validatordata.xml	1	ability:DehakaUltraliskCrashingCharge
ability	DehakaUltraliskCrashingCharge	Dehaka	ability-with-chain	no	ability	DehakaUltraliskCrashingCharge	validator	BurrowChargeMinimumRange	Validator	official-reference	游戏数据/官方SC2原始文本镜像/mods/swarm.sc2mod/base.sc2data/gamedata/validatordata.xml	1	ability:DehakaUltraliskCrashingCharge
ability	DehakaUltraliskCrashingCharge	Dehaka	ability-with-chain	no	effect	DehakaUltraliskCrashingChargePlacementCU	validator	TargetNotAcrossCliff	Validator	official-reference	游戏数据/官方SC2原始文本镜像/mods/core.sc2mod/base.sc2data/gamedata/validatordata.xml	2	ability:DehakaUltraliskCrashingCharge -> effect:DehakaUltraliskCrashingChargePlacementCU
ability	DehakaUltraliskCrashingCharge	Dehaka	ability-with-chain	no	effect	DehakaUltraliskCrashingChargePlacementCU	validator	TargetNotAcrossChasm	Validator	official-reference	游戏数据/官方SC2原始文本镜像/mods/core.sc2mod/base.sc2data/gamedata/validatordata.xml	2	ability:DehakaUltraliskCrashingCharge -> effect:DehakaUltraliskCrashingChargePlacementCU
ability	DehakaUltraliskCrashingCharge	Dehaka	ability-with-chain	no	effect	DehakaUltraliskCrashingChargePlacementCU	validator	TargetIsPathable	Validator	official-reference	游戏数据/官方SC2原始文本镜像/mods/core.sc2mod/base.sc2data/gamedata/validatordata.xml	2	ability:DehakaUltraliskCrashingCharge -> effect:DehakaUltraliskCrashingChargePlacementCU
ability	DehakaUltraliskCrashingCharge	Dehaka	ability-with-chain	no	effect	DehakaUltraliskCrashingChargeTargetSearch	validator	CasterNotDead	Validator	official-reference	游戏数据/官方SC2原始文本镜像/mods/liberty.sc2mod/base.sc2data/gamedata/validatordata.xml	2	ability:DehakaUltraliskCrashingCharge -> effect:DehakaUltraliskCrashingChargeTargetSearch
ability	DehakaUltraliskCrashingCharge	Dehaka	ability-with-chain	no	effect	DehakaUltraliskCrashingChargeLaunchSet	effect	DehakaUltraliskCrashingChargePrecursorAB	Effect	xm-dependency	原始mod/Mods/XM/XMDehaka.SC2Mod/Base.SC2Data/GameData/EffectData.xml	3	ability:DehakaUltraliskCrashingCharge -> effect:DehakaUltraliskCrashingChargePlacementCU -> effect:DehakaUltraliskCrashingChargeLaunchSet
ability	DehakaUltraliskCrashingCharge	Dehaka	ability-with-chain	no	effect	DehakaUltraliskCrashingChargeTargetSet	validator	CasterIsNotHidden	Validator	official-reference	游戏数据/官方SC2原始文本镜像/mods/core.sc2mod/base.sc2data/gamedata/validatordata.xml	3	ability:DehakaUltraliskCrashingCharge -> effect:DehakaUltraliskCrashingChargeTargetSearch -> effect:DehakaUltraliskCrashingChargeTargetSet
ability	DehakaUltraliskCrashingCharge	Dehaka	ability-with-chain	no	effect	DehakaUltraliskCrashingChargeTargetSet	validator	NotBurrowCharging	Validator	official-reference	游戏数据/官方SC2原始文本镜像/mods/swarm.sc2mod/base.sc2data/gamedata/validatordata.xml	3	ability:DehakaUltraliskCrashingCharge -> effect:DehakaUltraliskCrashingChargeTargetSearch -> effect:DehakaUltraliskCrashingChargeTargetSet
ability	DehakaUltraliskCrashingCharge	Dehaka	ability-with-chain	no	effect	DehakaUltraliskCrashingChargeTargetSet	validator	NotBurrowChargingRevD	Validator	official-reference	游戏数据/官方SC2原始文本镜像/mods/swarm.sc2mod/base.sc2data/gamedata/validatordata.xml	3	ability:DehakaUltraliskCrashingCharge -> effect:DehakaUltraliskCrashingChargeTargetSearch -> effect:DehakaUltraliskCrashingChargeTargetSet
ability	DehakaUltraliskCrashingCharge	Dehaka	ability-with-chain	no	effect	DehakaUltraliskCrashingChargeTargetSet	validator	NotBurrowChargingApocalisk	Validator	xm-dependency	原始mod/Mods/XM/XMDehaka.SC2Mod/Base.SC2Data/GameData/ModData.xml	3	ability:DehakaUltraliskCrashingCharge -> effect:DehakaUltraliskCrashingChargeTargetSearch -> effect:DehakaUltraliskCrashingChargeTargetSet
ability	DehakaUltraliskCrashingCharge	Dehaka	ability-with-chain	no	effect	DehakaUltraliskCrashingChargeTargetSet	effect	UnitKnockbackBy3	Effect	xm-dependency	原始mod/Mods/XM/XMCoopMutators.SC2Mod/Base.SC2Data/GameData/EffectData.xml	3	ability:DehakaUltraliskCrashingCharge -> effect:DehakaUltraliskCrashingChargeTargetSearch -> effect:DehakaUltraliskCrashingChargeTargetSet
ability	DehakaUltraliskCrashingCharge	Dehaka	ability-with-chain	no	effect	DehakaUltraliskCrashingChargeTargetSet	effect	DehakaUltraliskCrashingChargeDamage	Effect	xm-dependency	原始mod/Mods/XM/XMDehaka.SC2Mod/Base.SC2Data/GameData/EffectData.xml	3	ability:DehakaUltraliskCrashingCharge -> effect:DehakaUltraliskCrashingChargeTargetSearch -> effect:DehakaUltraliskCrashingChargeTargetSet
ability	DeployPowerTowerStetmann	Stetmann	ability-with-chain	no	ability	SuperShieldStetmann	button	SuperShieldStetmann	DefaultButtonFace	cross-kind-reference	原始mod/Mods/XM/XMFinal.SC2Mod/Base.SC2Data/GameData/AbilData.xml	3	ability:DeployPowerTowerStetmann -> unit:PowerTowerStetmann -> ability:SuperShieldStetmann
ability	DeploySpiderMines	Nova	ability-with-chain	no	unit	SpiderMine	behavior	Unrepairable	BehaviorArray	official-reference	游戏数据/官方SC2原始文本镜像/campaigns/void.sc2campaign/base.sc2data/gamedata/behaviordata.xml	2	ability:DeploySpiderMines -> unit:SpiderMine
ability	DeploySpiderMines	Nova	ability-with-chain	no	effect	DeploySpiderMinesCreateUnit	effect	DeploySpiderMinesLaunchStartSet	Effect	official-reference	游戏数据/官方SC2原始文本镜像/mods/novastoryassets.sc2mod/base.sc2data/gamedata/effectdata.xml	3	ability:DeploySpiderMines -> effect:DeploySpiderMinesPersistent -> effect:DeploySpiderMinesCreateUnit
ability	DeploySpiderMines	Nova	ability-with-chain	no	effect	DeploySpiderMinesCreateUnit	unit	SpiderMineBurrowed	Unit	official-reference	游戏数据/官方SC2原始文本镜像/mods/starcoop/starcoop.sc2mod/base.sc2data/gamedata/unitdata.xml	3	ability:DeploySpiderMines -> effect:DeploySpiderMinesPersistent -> effect:DeploySpiderMinesCreateUnit
ability	DrakkenLaserDrillAttackIssueOrder	Swann	ability-with-chain	no	validator	LaserDrillCoopInRange	validator	IsMiniDrakkenLaserDrill	Validator	official-reference	游戏数据/官方SC2原始文本镜像/mods/starcoop/starcoop.sc2mod/base.sc2data/gamedata/validatordata.xml	3	ability:DrakkenLaserDrillAttackIssueOrder -> effect:DrakkenLaserDrillIssueAttackOrderDummyCP -> validator:LaserDrillCoopInRange
ability	EMPBlackOps	Nova	ability-with-chain	no	ability	EMPBlackOps	requirement	HaveGhostBlackOpsEMP	Requirements	official-reference	游戏数据/官方SC2原始文本镜像/mods/starcoop/starcoop.sc2mod/base.sc2data/gamedata/requirementdata.xml	1	ability:EMPBlackOps
ability	EMPBlackOps	Nova	ability-with-chain	no	ability	EMPBlackOps	effect	EMPBlackOpsLaunchMissile	Effect	xm-dependency	原始mod/Mods/XM/XMNova.SC2Mod/Base.SC2Data/GameData/EffectData.xml	1	ability:EMPBlackOps
ability	EMPBlackOps	Nova	ability-with-chain	no	ability	EMPBlackOps	effect	EMPBlackOpsSearch	Effect	xm-dependency	原始mod/Mods/XM/XMNova.SC2Mod/Base.SC2Data/GameData/EffectData.xml	1	ability:EMPBlackOps
ability	FighterModeMengsk	Mengsk	ability-with-chain	no	effect	VikingMengskWeaponGroundSwitch	effect	VikingMengskWeaponGroundMassive	EffectAttr	xm-dependency	原始mod/Mods/XM/XMMengsk.SC2Mod/Base.SC2Data/GameData/EffectData.xml	3	ability:FighterModeMengsk -> effect:VikingMengskWeaponChange -> effect:VikingMengskWeaponGroundSwitch
ability	FighterModeMengsk	Mengsk	ability-with-chain	no	effect	VikingMengskWeaponAirSwitch	validator	CasterVikingMengskFighter	Validator	xm-dependency	原始mod/Mods/XM/XMMengsk.SC2Mod/Base.SC2Data/GameData/ValidatorData.xml	3	ability:FighterModeMengsk -> effect:VikingMengskWeaponChange -> effect:VikingMengskWeaponAirSwitch
ability	FighterModeMengsk	Mengsk	ability-with-chain	no	effect	VikingMengskWeaponAirSwitch	effect	VikingMengskWeaponAirMassive	EffectAttr	xm-dependency	原始mod/Mods/XM/XMMengsk.SC2Mod/Base.SC2Data/GameData/EffectData.xml	3	ability:FighterModeMengsk -> effect:VikingMengskWeaponChange -> effect:VikingMengskWeaponAirSwitch
ability	FleetwideJump	Horner	ability-with-chain	no	effect	FleetwideJumpTeleportOutABSet	effect	FleetwideJumpTeleportOutAB	Effect	official-reference	游戏数据/官方SC2原始文本镜像/mods/starcoop/starcoop.sc2mod/base.sc2data/gamedata/effectdata.xml	3	ability:FleetwideJump -> effect:FleetwideJumpCreatePrecursor -> effect:FleetwideJumpTeleportOutABSet
ability	FleetwideJump	Horner	ability-with-chain	no	effect	FleetwideJumpTeleportOutABSet	effect	FleetwideJumpTeleportOutTargetAB	Effect	official-reference	游戏数据/官方SC2原始文本镜像/mods/starcoop/starcoop.sc2mod/base.sc2data/gamedata/effectdata.xml	3	ability:FleetwideJump -> effect:FleetwideJumpCreatePrecursor -> effect:FleetwideJumpTeleportOutABSet
ability	GaryStetmannOrb	Stetmann	ability-with-chain	no	effect	GaryStetmannOrbEmpoweredInitialPersistent	effect	GaryStetmannOrbEmpoweredLaunchMissile	Effect	xm-dependency	原始mod/Mods/XM/XMStetmann.SC2Mod/Base.SC2Data/GameData/effectdata.xml	3	ability:GaryStetmannOrb -> effect:GaryStetmannOrbInitialSwitch -> effect:GaryStetmannOrbEmpoweredInitialPersistent
ability	GaryStetmannPowerTowerOverchargeEnergy	Stetmann	ability-with-chain	no	effect	PowerTowerOverchargeStetmannAB	validator	IsPowerTower	Validator	xm-dependency	原始mod/Mods/XM/XMStetmann.SC2Mod/Base.SC2Data/GameData/validatordata.xml	3	ability:GaryStetmannPowerTowerOverchargeEnergy -> effect:PowerTowerOverchargeFindTarget -> effect:PowerTowerOverchargeStetmannAB
ability	GaryStetmannPowerTowerOverchargeEnergy	Stetmann	ability-with-chain	no	effect	PowerTowerOverchargeStetmannAB	validator	TargetNotHavePowerTowerOvercharge	Validator	xm-dependency	原始mod/Mods/XM/XMStetmann.SC2Mod/Base.SC2Data/GameData/validatordata.xml	3	ability:GaryStetmannPowerTowerOverchargeEnergy -> effect:PowerTowerOverchargeFindTarget -> effect:PowerTowerOverchargeStetmannAB
ability	GaryStetmannRecall	Stetmann	ability-with-chain	no	effect	GaryStetmannRecallPrepare	validator	IsPowerTower	Validator	xm-dependency	原始mod/Mods/XM/XMStetmann.SC2Mod/Base.SC2Data/GameData/validatordata.xml	3	ability:GaryStetmannRecall -> effect:GaryStetmannRecallFindTarget -> effect:GaryStetmannRecallPrepare
ability	GaryStetmannRecall	Stetmann	ability-with-chain	no	effect	GaryStetmannRecallPrepare	effect	GaryStetmannRecallInvulnerabilityAB	Effect	xm-dependency	原始mod/Mods/XM/XMStetmann.SC2Mod/Base.SC2Data/GameData/effectdata.xml	3	ability:GaryStetmannRecall -> effect:GaryStetmannRecallFindTarget -> effect:GaryStetmannRecallPrepare
ability	GaryStetmannRecall	Stetmann	ability-with-chain	no	effect	GaryStetmannRecallPrepare	effect	GaryStetmannRecallSearch	Effect	xm-dependency	原始mod/Mods/XM/XMStetmann.SC2Mod/Base.SC2Data/GameData/effectdata.xml	3	ability:GaryStetmannRecall -> effect:GaryStetmannRecallFindTarget -> effect:GaryStetmannRecallPrepare
ability	GenerateCreepStukov	Stukov	ability-with-chain	no	ability	GenerateCreepStukov	behavior	makeCreep2x2Overlord	BehaviorArray	official-reference	游戏数据/官方SC2原始文本镜像/mods/balancemulti.sc2mod/base.sc2data/gamedata/behaviordata.xml	1	ability:GenerateCreepStukov
ability	GenerateCreepStukov	Stukov	ability-with-chain	no	ability	GenerateCreepStukov	button	GenerateCreep	DefaultButtonFace	official-reference	游戏数据/官方SC2原始文本镜像/mods/liberty.sc2mod/base.sc2data/gamedata/buttondata.xml	1	ability:GenerateCreepStukov
ability	GenerateCreepStukov	Stukov	ability-with-chain	no	ability	GenerateCreepStukov	button	StopGenerateCreep	DefaultButtonFace	official-reference	游戏数据/官方SC2原始文本镜像/mods/liberty.sc2mod/base.sc2data/gamedata/buttondata.xml	1	ability:GenerateCreepStukov
ability	GenerateCreepStukov	Stukov	ability-with-chain	no	ability	GenerateCreepStukov	behavior	makeCreep2x2Overlord	Behavior	official-reference	游戏数据/官方SC2原始文本镜像/mods/balancemulti.sc2mod/base.sc2data/gamedata/behaviordata.xml	1	ability:GenerateCreepStukov
ability	GhostMengskEMPShortStun	Mengsk	ability-with-chain	no	effect	GhostMengskEMPSmallLM	validator	EMP2TargetFilters	Validator	probable-base-game		2	ability:GhostMengskEMPShortStun -> effect:GhostMengskEMPSmallLM
ability	GhostMengskEMPShortStun	Mengsk	ability-with-chain	no	effect	GhostMengskEMPSet	effect	GhostMengskEMPDamage	Effect	xm-dependency	原始mod/Mods/XM/XMMengsk.SC2Mod/Base.SC2Data/GameData/EffectData.xml	3	ability:GhostMengskEMPShortStun -> effect:GhostMengskEMPSmallSearch -> effect:GhostMengskEMPSet
ability	GhostMengskEMPShortStun	Mengsk	ability-with-chain	no	effect	GhostMengskEMPSet	effect	GhostMengskEMPFeedbackDamage	Effect	xm-dependency	原始mod/Mods/XM/XMMengsk.SC2Mod/Base.SC2Data/GameData/EffectData.xml	3	ability:GhostMengskEMPShortStun -> effect:GhostMengskEMPSmallSearch -> effect:GhostMengskEMPSet
ability	GhostMengskEMPShortStun	Mengsk	ability-with-chain	no	effect	GhostMengskEMPSet	effect	GhostMengskEMPRemoveEnergy	Effect	xm-dependency	原始mod/Mods/XM/XMMengsk.SC2Mod/Base.SC2Data/GameData/EffectData.xml	3	ability:GhostMengskEMPShortStun -> effect:GhostMengskEMPSmallSearch -> effect:GhostMengskEMPSet
ability	GhostMengskEMPShortStun	Mengsk	ability-with-chain	no	effect	GhostMengskEMPSet	effect	GhostMengskEMPDecloakAB	Effect	xm-dependency	原始mod/Mods/XM/XMMengsk.SC2Mod/Base.SC2Data/GameData/EffectData.xml	3	ability:GhostMengskEMPShortStun -> effect:GhostMengskEMPSmallSearch -> effect:GhostMengskEMPSet
ability	GhostMengskEMPShortStun	Mengsk	ability-with-chain	no	effect	GhostMengskEMPSet	effect	GhostMengskEMPStunSwitch	Effect	xm-dependency	原始mod/Mods/XM/XMMengsk.SC2Mod/Base.SC2Data/GameData/EffectData.xml	3	ability:GhostMengskEMPShortStun -> effect:GhostMengskEMPSmallSearch -> effect:GhostMengskEMPSet
ability	GhostMengskNuke	Mengsk	ability-with-chain	no	effect	GhostMengskNukeSwitch	effect	GhostMengskNukeGuidedCP	EffectAttr	xm-dependency	原始mod/Mods/XM/XMMengsk.SC2Mod/Base.SC2Data/GameData/EffectData.xml	3	ability:GhostMengskNuke -> effect:GhostMengskNukeCalldown -> effect:GhostMengskNukeSwitch
ability	GhostMengskSuperCloak	Mengsk	ability-with-chain	no	ability	GhostMengskSuperCloak	validator	CasterInCombat	Validator	official-reference	游戏数据/官方SC2原始文本镜像/mods/core.sc2mod/base.sc2data/gamedata/validatordata.xml	1	ability:GhostMengskSuperCloak
ability	GlevigDeepTunnel	Dehaka	ability-with-chain	no	effect	GlevigDeepTunnelTeleportSet	effect	GlevigDeepTunnelSuppressDetectionAB	Effect	xm-dependency	原始mod/Mods/XM/XMDehaka.SC2Mod/Base.SC2Data/GameData/EffectData.xml	3	ability:GlevigDeepTunnel -> effect:GlevigDeepTunnelCU -> effect:GlevigDeepTunnelTeleportSet
ability	GlevigDeepTunnel	Dehaka	ability-with-chain	no	effect	GlevigDeepTunnelTeleportSet	effect	GlevigDeepTunnelTeleport	Effect	xm-dependency	原始mod/Mods/XM/XMDehaka.SC2Mod/Base.SC2Data/GameData/EffectData.xml	3	ability:GlevigDeepTunnel -> effect:GlevigDeepTunnelCU -> effect:GlevigDeepTunnelTeleportSet
ability	HellbatCharge	Nova	ability-with-chain	no	ability	HellbatCharge	validator	CasterNotHoldingPosition	Validator	official-reference	游戏数据/官方SC2原始文本镜像/mods/liberty.sc2mod/base.sc2data/gamedata/validatordata.xml	1	ability:HellbatCharge
ability	HellbatCharge	Nova	ability-with-chain	no	effect	HellbatLeap	validator	ChargeMinTriggerDistance	Validator	official-reference	游戏数据/官方SC2原始文本镜像/mods/liberty.sc2mod/base.sc2data/gamedata/validatordata.xml	2	ability:HellbatCharge -> effect:HellbatLeap
ability	HellbatCharge	Nova	ability-with-chain	no	effect	HellbatLeap	validator	HasVision	Validator	official-reference	游戏数据/官方SC2原始文本镜像/mods/liberty.sc2mod/base.sc2data/gamedata/validatordata.xml	2	ability:HellbatCharge -> effect:HellbatLeap
ability	HellbatCharge	Nova	ability-with-chain	no	effect	HellbatLeapSet	effect	HellbatLeapSwitch	Effect	official-reference	游戏数据/官方SC2原始文本镜像/mods/novastoryassets.sc2mod/base.sc2data/gamedata/effectdata.xml	3	ability:HellbatCharge -> effect:HellbatLeap -> effect:HellbatLeapSet
ability	HellbatCharge	Nova	ability-with-chain	no	effect	HellbatLeapSet	effect	MakePrecursor	Effect	official-reference	游戏数据/官方SC2原始文本镜像/mods/core.sc2mod/base.sc2data/gamedata/effectdata.xml	3	ability:HellbatCharge -> effect:HellbatLeap -> effect:HellbatLeapSet
ability	HellbatCharge	Nova	ability-with-chain	no	effect	HellbatLeapSet	effect	TempTimeout	Effect	official-reference	游戏数据/官方SC2原始文本镜像/campaigns/swarm.sc2campaign/base.sc2data/gamedata/effectdata.xml	3	ability:HellbatCharge -> effect:HellbatLeap -> effect:HellbatLeapSet
ability	HHAssaultMode	Horner	ability-with-chain	no	unit	HHVikingAssault	button	FighterMode	Face	official-reference	游戏数据/官方SC2原始文本镜像/mods/liberty.sc2mod/base.sc2data/gamedata/buttondata.xml	2	ability:HHAssaultMode -> unit:HHVikingAssault
ability	HHAssaultMode	Horner	ability-with-chain	no	ability	HHFighterMode	button	FighterMode	DefaultButtonFace	official-reference	游戏数据/官方SC2原始文本镜像/mods/liberty.sc2mod/base.sc2data/gamedata/buttondata.xml	3	ability:HHAssaultMode -> unit:HHVikingAssault -> ability:HHFighterMode
ability	HHAssaultMode	Horner	ability-with-chain	no	ability	HHFighterMode	requirement	UseFighterMode	Requirements	official-reference	游戏数据/官方SC2原始文本镜像/mods/liberty.sc2mod/base.sc2data/gamedata/requirementdata.xml	3	ability:HHAssaultMode -> unit:HHVikingAssault -> ability:HHFighterMode
ability	HHBattlecruiserHyperjump	Horner	ability-with-chain	no	effect	FleetwideJumpTeleportOutABSet	effect	FleetwideJumpTeleportOutAB	Effect	official-reference	游戏数据/官方SC2原始文本镜像/mods/starcoop/starcoop.sc2mod/base.sc2data/gamedata/effectdata.xml	3	ability:HHBattlecruiserHyperjump -> effect:FleetwideJumpCreatePrecursor -> effect:FleetwideJumpTeleportOutABSet
ability	HHBattlecruiserHyperjump	Horner	ability-with-chain	no	effect	FleetwideJumpTeleportOutABSet	effect	FleetwideJumpTeleportOutTargetAB	Effect	official-reference	游戏数据/官方SC2原始文本镜像/mods/starcoop/starcoop.sc2mod/base.sc2data/gamedata/effectdata.xml	3	ability:HHBattlecruiserHyperjump -> effect:FleetwideJumpCreatePrecursor -> effect:FleetwideJumpTeleportOutABSet
ability	HHBomberPlatformAreaBombTopBarDummyTimer	Horner	ability-with-chain	no	effect	HHBomberAreaBombDamageSwitch	effect	HHBomberAreaBombDamage	EffectAttr	official-reference	游戏数据/官方SC2原始文本镜像/mods/starcoop/starcoop.sc2mod/base.sc2data/gamedata/effectdata.xml	3	ability:HHBomberPlatformAreaBombTopBarDummyTimer -> effect:HHBomberAreaBombSearchArea -> effect:HHBomberAreaBombDamageSwitch
ability	HHBomberPlatformAreaBombTopBarOrder	Horner	ability-with-chain	no	effect	HHBomberAreaBombDamageSwitch	effect	HHBomberAreaBombDamage	EffectAttr	official-reference	游戏数据/官方SC2原始文本镜像/mods/starcoop/starcoop.sc2mod/base.sc2data/gamedata/effectdata.xml	3	ability:HHBomberPlatformAreaBombTopBarOrder -> effect:HHBomberAreaBombSearchArea -> effect:HHBomberAreaBombDamageSwitch
ability	HHD8SingleCharge	Horner	ability-with-chain	no	effect	HHD8SingleLaunch	effect	HHD8SingleLM	Effect	official-reference	游戏数据/官方SC2原始文本镜像/mods/starcoop/starcoop.sc2mod/base.sc2data/gamedata/effectdata.xml	3	ability:HHD8SingleCharge -> effect:HHD8SingleCluster -> effect:HHD8SingleLaunch
ability	HHD8SingleCharge	Horner	ability-with-chain	no	effect	HHD8SingleLaunch	effect	MakePrecursor	Effect	official-reference	游戏数据/官方SC2原始文本镜像/mods/core.sc2mod/base.sc2data/gamedata/effectdata.xml	3	ability:HHD8SingleCharge -> effect:HHD8SingleCluster -> effect:HHD8SingleLaunch
ability	HHHellionBomb	Horner	ability-with-chain	no	ability	HHHellionBomb	validator	RangeCheckLE6	Validator	official-reference	游戏数据/官方SC2原始文本镜像/mods/liberty.sc2mod/base.sc2data/gamedata/validatordata.xml	1	ability:HHHellionBomb
ability	HHHellionBomb	Horner	ability-with-chain	no	effect	HHHellionBombImpactSet	effect	HHHellionBombDamage	Effect	official-reference	游戏数据/官方SC2原始文本镜像/mods/starcoop/starcoop.sc2mod/base.sc2data/gamedata/effectdata.xml	3	ability:HHHellionBomb -> effect:HHHellionBombLM -> effect:HHHellionBombImpactSet
ability	HHHellionBomb	Horner	ability-with-chain	no	effect	HHHellionBombImpactSet	effect	HHHellionBombSearch	Effect	official-reference	游戏数据/官方SC2原始文本镜像/mods/starcoop/starcoop.sc2mod/base.sc2data/gamedata/effectdata.xml	3	ability:HHHellionBomb -> effect:HHHellionBombLM -> effect:HHHellionBombImpactSet
ability	HHRavenMorphtoHHRavenSiege	Horner	ability-with-chain	no	ability	HHRavenSiegeMorphtoHHRaven	effect	HHRavenCloakRB	Effect	official-reference	游戏数据/官方SC2原始文本镜像/mods/starcoop/starcoop.sc2mod/base.sc2data/gamedata/effectdata.xml	3	ability:HHRavenMorphtoHHRavenSiege -> unit:HHRavenSiegeMode -> ability:HHRavenSiegeMorphtoHHRaven
ability	HHRavenMorphtoHHRavenSiege	Horner	ability-with-chain	no	ability	RavenTargetLock	validator	NotHaveTargetLock	Validator	official-reference	游戏数据/官方SC2原始文本镜像/campaigns/void.sc2campaign/base.sc2data/gamedata/validatordata.xml	3	ability:HHRavenMorphtoHHRavenSiege -> unit:HHRavenSiegeMode -> ability:RavenTargetLock
ability	HHRavenMorphtoHHRavenSiege	Horner	ability-with-chain	no	ability	RavenTargetLock	validator	NotInterceptor	Validator	official-reference	游戏数据/官方SC2原始文本镜像/mods/liberty.sc2mod/base.sc2data/gamedata/validatordata.xml	3	ability:HHRavenMorphtoHHRavenSiege -> unit:HHRavenSiegeMode -> ability:RavenTargetLock
ability	HHReaperFly	Horner	ability-with-chain	no	effect	HHReaperFlyPrecursorSet	effect	HHReaperLandPrecursorAB	Effect	official-reference	游戏数据/官方SC2原始文本镜像/mods/starcoop/starcoop.sc2mod/base.sc2data/gamedata/effectdata.xml	3	ability:HHReaperFly -> effect:HHReaperFlyCreatePrecursor -> effect:HHReaperFlyPrecursorSet
ability	HHReaperFly	Horner	ability-with-chain	no	effect	HHReaperFlyPrecursorSet	effect	HHReaperFlyLM	Effect	official-reference	游戏数据/官方SC2原始文本镜像/mods/starcoop/starcoop.sc2mod/base.sc2data/gamedata/effectdata.xml	3	ability:HHReaperFly -> effect:HHReaperFlyCreatePrecursor -> effect:HHReaperFlyPrecursorSet
ability	HHReaperFly	Horner	ability-with-chain	no	effect	HHReaperFlyPrecursorSet	effect	HHReaperFlyingDurationAB	Effect	official-reference	游戏数据/官方SC2原始文本镜像/mods/starcoop/starcoop.sc2mod/base.sc2data/gamedata/effectdata.xml	3	ability:HHReaperFly -> effect:HHReaperFlyCreatePrecursor -> effect:HHReaperFlyPrecursorSet
ability	HHSummonMercenarySpaceStation	Horner	ability-with-chain	no	effect	HHMercenarySpaceStationSpawnSet	effect	HHMercenarySpaceStationSpawnAB	Effect	official-reference	游戏数据/官方SC2原始文本镜像/mods/starcoop/starcoop.sc2mod/base.sc2data/gamedata/effectdata.xml	3	ability:HHSummonMercenarySpaceStation -> effect:SummonHHMercenarySpaceStationCreateUnit -> effect:HHMercenarySpaceStationSpawnSet
ability	HHSummonMercenarySpaceStation	Horner	ability-with-chain	no	effect	HHMercenarySpaceStationSpawnSet	effect	HHMercenarySpaceStationSpawnSearch	Effect	official-reference	游戏数据/官方SC2原始文本镜像/mods/starcoop/starcoop.sc2mod/base.sc2data/gamedata/effectdata.xml	3	ability:HHSummonMercenarySpaceStation -> effect:SummonHHMercenarySpaceStationCreateUnit -> effect:HHMercenarySpaceStationSpawnSet
ability	HHSummonMercenarySpaceStation	Horner	ability-with-chain	no	unit	HHMercenarySpaceStation	ability	HHMercSpaceStationHangar	AbilArray.Link	official-reference	游戏数据/官方SC2原始文本镜像/mods/starcoop/starcoop.sc2mod/base.sc2data/gamedata/abildata.xml	3	ability:HHSummonMercenarySpaceStation -> effect:SummonHHMercenarySpaceStationCreateUnit -> unit:HHMercenarySpaceStation
ability	HHSummonMercenarySpaceStation	Horner	ability-with-chain	no	unit	HHMercenarySpaceStation	behavior	HHMercenarySpaceStationSuicide	BehaviorArray	official-reference	游戏数据/官方SC2原始文本镜像/mods/starcoop/starcoop.sc2mod/base.sc2data/gamedata/behaviordata.xml	3	ability:HHSummonMercenarySpaceStation -> effect:SummonHHMercenarySpaceStationCreateUnit -> unit:HHMercenarySpaceStation
ability	HHSummonMercenarySpaceStation	Horner	ability-with-chain	no	unit	HHMercenarySpaceStation	effect	ReleaseHHEscortsInitialCP	Effect	official-reference	游戏数据/官方SC2原始文本镜像/mods/starcoop/starcoop.sc2mod/base.sc2data/gamedata/effectdata.xml	3	ability:HHSummonMercenarySpaceStation -> effect:SummonHHMercenarySpaceStationCreateUnit -> unit:HHMercenarySpaceStation
ability	HHSummonMercenarySpaceStation	Horner	ability-with-chain	no	effect	HHMercenarySpaceStationSpawnImpactSwitch	effect	HHMercenarySpaceStationSpawnKill	EffectAttr	official-reference	游戏数据/官方SC2原始文本镜像/mods/starcoop/starcoop.sc2mod/base.sc2data/gamedata/effectdata.xml	3	ability:HHSummonMercenarySpaceStation -> effect:HHMercenarySpaceStationSpawnImpactSearch -> effect:HHMercenarySpaceStationSpawnImpactSwitch
ability	HHTrainTopBar	Horner	ability-with-chain	no	behavior	HHMagneticMineSpawner	effect	HHMagneticMineSpawnerSet	Effect	official-reference	游戏数据/官方SC2原始文本镜像/mods/starcoop/starcoop.sc2mod/base.sc2data/gamedata/effectdata.xml	3	ability:HHTrainTopBar -> unit:HHMagneticMine_SpawnerUnit -> behavior:HHMagneticMineSpawner
ability	HHVikingRockets	Horner	ability-with-chain	no	effect	HHVikingRocketsBurstPersistent	validator	CasterNotDead	Validator	official-reference	游戏数据/官方SC2原始文本镜像/mods/liberty.sc2mod/base.sc2data/gamedata/validatordata.xml	2	ability:HHVikingRockets -> effect:HHVikingRocketsBurstPersistent
ability	HHVikingRockets	Horner	ability-with-chain	no	effect	HHVikingRocketsALM	unit	HHVikingRocketsMissile	Unit	official-reference	游戏数据/官方SC2原始文本镜像/mods/starcoop/starcoop.sc2mod/base.sc2data/gamedata/unitdata.xml	3	ability:HHVikingRockets -> effect:HHVikingRocketsBurstPersistent -> effect:HHVikingRocketsALM
ability	HHVikingRockets	Horner	ability-with-chain	no	effect	HHVikingRocketsBLM	unit	HHVikingRocketsMissile	Unit	official-reference	游戏数据/官方SC2原始文本镜像/mods/starcoop/starcoop.sc2mod/base.sc2data/gamedata/unitdata.xml	3	ability:HHVikingRockets -> effect:HHVikingRocketsBurstPersistent -> effect:HHVikingRocketsBLM
ability	HHVikingRockets	Horner	ability-with-chain	no	effect	HHVikingRocketsCLM	unit	HHVikingRocketsMissile	Unit	official-reference	游戏数据/官方SC2原始文本镜像/mods/starcoop/starcoop.sc2mod/base.sc2data/gamedata/unitdata.xml	3	ability:HHVikingRockets -> effect:HHVikingRocketsBurstPersistent -> effect:HHVikingRocketsCLM
ability	HHVikingRockets	Horner	ability-with-chain	no	effect	HHVikingRocketsDLM	unit	HHVikingRocketsMissile	Unit	official-reference	游戏数据/官方SC2原始文本镜像/mods/starcoop/starcoop.sc2mod/base.sc2data/gamedata/unitdata.xml	3	ability:HHVikingRockets -> effect:HHVikingRocketsBurstPersistent -> effect:HHVikingRocketsDLM
ability	HHVikingRockets	Horner	ability-with-chain	no	effect	HHVikingRocketsELM	unit	HHVikingRocketsMissile	Unit	official-reference	游戏数据/官方SC2原始文本镜像/mods/starcoop/starcoop.sc2mod/base.sc2data/gamedata/unitdata.xml	3	ability:HHVikingRockets -> effect:HHVikingRocketsBurstPersistent -> effect:HHVikingRocketsELM
ability	HHWidowMineAttack	Horner	ability-minimal	no	ability	HHWidowMineAttack	validator	IsNotDisguisedChangeling	Validator	official-reference	游戏数据/官方SC2原始文本镜像/mods/swarm.sc2mod/base.sc2data/gamedata/validatordata.xml	1	ability:HHWidowMineAttack
ability	HHWidowMineAttack	Horner	ability-minimal	no	ability	HHWidowMineAttack	validator	NotHallucinationOrNotDetected	Validator	official-reference	游戏数据/官方SC2原始文本镜像/mods/swarm.sc2mod/base.sc2data/gamedata/validatordata.xml	1	ability:HHWidowMineAttack
ability	HHWidowMineAttack	Horner	ability-minimal	no	ability	HHWidowMineAttack	validator	noMarkers	Validator	official-reference	游戏数据/官方SC2原始文本镜像/mods/liberty.sc2mod/base.sc2data/gamedata/validatordata.xml	1	ability:HHWidowMineAttack
ability	HHWidowMineBurrow	Horner	ability-with-chain	no	unit	HHWidowMineBurrowed	button	WidowMineUnburrow	Face	official-reference	游戏数据/官方SC2原始文本镜像/mods/swarm.sc2mod/base.sc2data/gamedata/buttondata.xml	2	ability:HHWidowMineBurrow -> unit:HHWidowMineBurrowed
ability	HHWidowMineBurrow	Horner	ability-with-chain	no	ability	HHWidowMineUnburrow	button	WidowMineUnburrow	DefaultButtonFace	official-reference	游戏数据/官方SC2原始文本镜像/mods/swarm.sc2mod/base.sc2data/gamedata/buttondata.xml	3	ability:HHWidowMineBurrow -> unit:HHWidowMineBurrowed -> ability:HHWidowMineUnburrow
ability	HHWidowMineBurrow	Horner	ability-with-chain	no	ability	HHWidowMineBurrowedAttack	validator	IsNotDisguisedChangeling	Validator	official-reference	游戏数据/官方SC2原始文本镜像/mods/swarm.sc2mod/base.sc2data/gamedata/validatordata.xml	3	ability:HHWidowMineBurrow -> unit:HHWidowMineBurrowed -> ability:HHWidowMineBurrowedAttack
ability	HHWidowMineBurrow	Horner	ability-with-chain	no	ability	HHWidowMineBurrowedAttack	validator	NotHallucinationOrNotDetected	Validator	official-reference	游戏数据/官方SC2原始文本镜像/mods/swarm.sc2mod/base.sc2data/gamedata/validatordata.xml	3	ability:HHWidowMineBurrow -> unit:HHWidowMineBurrowed -> ability:HHWidowMineBurrowedAttack
ability	HHWidowMineBurrow	Horner	ability-with-chain	no	ability	HHWidowMineBurrowedAttack	validator	noMarkers	Validator	official-reference	游戏数据/官方SC2原始文本镜像/mods/liberty.sc2mod/base.sc2data/gamedata/validatordata.xml	3	ability:HHWidowMineBurrow -> unit:HHWidowMineBurrowed -> ability:HHWidowMineBurrowedAttack
ability	HHWidowMineBurrow	Horner	ability-with-chain	no	ability	HHWidowMineBurrowedAttack	effect	HHWidowMineTargetingBeamDummy	Effect	official-reference	游戏数据/官方SC2原始文本镜像/mods/starcoop/starcoop.sc2mod/base.sc2data/gamedata/effectdata.xml	3	ability:HHWidowMineBurrow -> unit:HHWidowMineBurrowed -> ability:HHWidowMineBurrowedAttack
ability	HHWidowMineBurrow	Horner	ability-with-chain	no	ability	HHWidowMineAttack	validator	IsNotDisguisedChangeling	Validator	official-reference	游戏数据/官方SC2原始文本镜像/mods/swarm.sc2mod/base.sc2data/gamedata/validatordata.xml	3	ability:HHWidowMineBurrow -> unit:HHWidowMineBurrowed -> ability:HHWidowMineAttack
ability	HHWidowMineBurrow	Horner	ability-with-chain	no	ability	HHWidowMineAttack	validator	NotHallucinationOrNotDetected	Validator	official-reference	游戏数据/官方SC2原始文本镜像/mods/swarm.sc2mod/base.sc2data/gamedata/validatordata.xml	3	ability:HHWidowMineBurrow -> unit:HHWidowMineBurrowed -> ability:HHWidowMineAttack
ability	HHWidowMineBurrow	Horner	ability-with-chain	no	ability	HHWidowMineAttack	validator	noMarkers	Validator	official-reference	游戏数据/官方SC2原始文本镜像/mods/liberty.sc2mod/base.sc2data/gamedata/validatordata.xml	3	ability:HHWidowMineBurrow -> unit:HHWidowMineBurrowed -> ability:HHWidowMineAttack
ability	HHWraithCloak	Horner	ability-with-chain	no	ability	HHWraithCloak	behavior	WraithCloak	BehaviorArray	official-reference	游戏数据/官方SC2原始文本镜像/campaigns/liberty.sc2campaign/base.sc2data/gamedata/behaviordata.xml	1	ability:HHWraithCloak
ability	HHWraithCloak	Horner	ability-with-chain	no	ability	HHWraithCloak	button	CloakOn	DefaultButtonFace	probable-base-game		1	ability:HHWraithCloak
ability	HHWraithCloak	Horner	ability-with-chain	no	ability	HHWraithCloak	behavior	WraithCloak	Behavior	official-reference	游戏数据/官方SC2原始文本镜像/campaigns/liberty.sc2campaign/base.sc2data/gamedata/behaviordata.xml	1	ability:HHWraithCloak
ability	HornerAirFleetTargetingDummy	Horner	ability-minimal	no	effect	HornerAirFleetMissileShot	validator	SourceNotDead	Validator	official-reference	游戏数据/官方SC2原始文本镜像/mods/liberty.sc2mod/base.sc2data/gamedata/validatordata.xml	3	ability:HornerAirFleetTargetingDummy -> effect:HornerAirFleetSearch -> effect:HornerAirFleetMissileShot
ability	HornerAirFleetTargetingDummy	Horner	ability-minimal	no	effect	HornerAirFleetMissileShot	effect	HornerAirFleetMissileLM	Effect	xm-dependency	原始mod/Mods/XM/XMMira.SC2Mod/Base.SC2Data/GameData/EffectData.xml	3	ability:HornerAirFleetTargetingDummy -> effect:HornerAirFleetSearch -> effect:HornerAirFleetMissileShot
ability	HydraliskFrenzy	Kerrigan	ability-minimal	no	ability	HydraliskFrenzy	validator	CasterIsFiringWeapon	Validator	official-reference	游戏数据/官方SC2原始文本镜像/mods/balancemulti.sc2mod/base.sc2data/gamedata/validatordata.xml	1	ability:HydraliskFrenzy
ability	HyperjumpRSwann	Swann	external-xm-dependency-node	no			ability	HyperjumpRSwann	profile-root	xm-dependency	原始mod/Mods/XM/XMSwann.SC2Mod/Base.SC2Data/GameData/AbilData.xml	0	ability:HyperjumpRSwann
ability	HyperjumpSwann	Swann	external-xm-dependency-node	no			ability	HyperjumpSwann	profile-root	xm-dependency	原始mod/Mods/XM/XMSwann.SC2Mod/Base.SC2Data/GameData/AbilData.xml	0	ability:HyperjumpSwann
ability	InfestedBansheeCloakingField	Stukov	ability-with-chain	no	behavior	BansheeCloak_Stukov	validator	CanSpendEnergy	Validator	official-reference	游戏数据/官方SC2原始文本镜像/mods/liberty.sc2mod/base.sc2data/gamedata/validatordata.xml	2	ability:InfestedBansheeCloakingField -> behavior:BansheeCloak_Stukov
ability	InfestedBansheeCloakingField	Stukov	ability-with-chain	no	behavior	BansheeCloak_Stukov	validator	hasEnergy	Validator	official-reference	游戏数据/官方SC2原始文本镜像/mods/liberty.sc2mod/base.sc2data/gamedata/validatordata.xml	2	ability:InfestedBansheeCloakingField -> behavior:BansheeCloak_Stukov
ability	InfestorStetmannEggLaunch	Stetmann	ability-with-chain	no	effect	InfestorStetmannEggLaunch	validator	CasterNotDead	Validator	official-reference	游戏数据/官方SC2原始文本镜像/mods/liberty.sc2mod/base.sc2data/gamedata/validatordata.xml	3	ability:InfestorStetmannEggLaunch -> effect:InfestorStetmannEggLaunchDistanceSwitch -> effect:InfestorStetmannEggLaunch
ability	InfestorStetmannHealingTentacle	Stetmann	ability-with-chain	no	effect	InfestorStetmannHealingTentacleLM	validator	noMarkers	Validator	official-reference	游戏数据/官方SC2原始文本镜像/mods/liberty.sc2mod/base.sc2data/gamedata/validatordata.xml	2	ability:InfestorStetmannHealingTentacle -> effect:InfestorStetmannHealingTentacleLM
ability	InfestorStetmannHealingTentacle	Stetmann	ability-with-chain	no	effect	InfestorStetmannHealingTentacleLM	validator	NotWarpingIn	Validator	official-reference	游戏数据/官方SC2原始文本镜像/mods/liberty.sc2mod/base.sc2data/gamedata/validatordata.xml	2	ability:InfestorStetmannHealingTentacle -> effect:InfestorStetmannHealingTentacleLM
ability	InfestorStetmannInfestBuilding	Stetmann	ability-with-chain	no	effect	InfestorStetmannInfestBuildingCP	validator	noMarkers	Validator	official-reference	游戏数据/官方SC2原始文本镜像/mods/liberty.sc2mod/base.sc2data/gamedata/validatordata.xml	2	ability:InfestorStetmannInfestBuilding -> effect:InfestorStetmannInfestBuildingCP
ability	InfestorStetmannInfestBuilding	Stetmann	ability-with-chain	no	effect	InfestorStetmannInfestBuildingCP	validator	NotDead	Validator	official-reference	游戏数据/官方SC2原始文本镜像/mods/liberty.sc2mod/base.sc2data/gamedata/validatordata.xml	2	ability:InfestorStetmannInfestBuilding -> effect:InfestorStetmannInfestBuildingCP
ability	InstantSeekerMissile_BlackOps	Nova	ability-with-chain	no	effect	InstantSeekerMissileLaunchMissile	validator	HunterSeekerLaunchMissileTargetFilters	Validator	probable-base-game		2	ability:InstantSeekerMissile_BlackOps -> effect:InstantSeekerMissileLaunchMissile
ability	InstantSeekerMissile_BlackOps	Nova	ability-with-chain	no	effect	InstantSeekerMissileLaunchMissile	effect	SeekerMissileLaunchSet	Effect	official-reference	游戏数据/官方SC2原始文本镜像/mods/swarmmulti.sc2mod/base.sc2data/gamedata/effectdata.xml	2	ability:InstantSeekerMissile_BlackOps -> effect:InstantSeekerMissileLaunchMissile
ability	InstantSeekerMissile_BlackOps	Nova	ability-with-chain	no	unit	InstantHunterSeekerWeapon	behavior	SeekerMissileTimeout	BehaviorArray	official-reference	游戏数据/官方SC2原始文本镜像/mods/liberty.sc2mod/base.sc2data/gamedata/behaviordata.xml	3	ability:InstantSeekerMissile_BlackOps -> effect:InstantSeekerMissileLaunchMissile -> unit:InstantHunterSeekerWeapon
ability	KerriganVoidCoopCrushingGripWave	Kerrigan	ability-with-chain	no	effect	KerriganVoidCoopCrushingGripWaveCP	effect	KerriganVoidCoopCrushingGripWaveSearch	Effect	official-reference	游戏数据/官方SC2原始文本镜像/mods/starcoop/starcoop.sc2mod/base.sc2data/gamedata/effectdata.xml	3	ability:KerriganVoidCoopCrushingGripWave -> effect:KerriganVoidCoopCrushingGripWaveDelayCP -> effect:KerriganVoidCoopCrushingGripWaveCP
ability	KerriganVoidCoopEconDrop	Kerrigan	ability-with-chain	no	behavior	KerriganVoidCoopEconDropCaster	effect	KerriganVoidCoopEconDropSearch	Effect	official-reference	游戏数据/官方SC2原始文本镜像/mods/starcoop/starcoop.sc2mod/base.sc2data/gamedata/effectdata.xml	3	ability:KerriganVoidCoopEconDrop -> effect:KerriganVoidCoopEconDropCasterAB -> behavior:KerriganVoidCoopEconDropCaster
ability	KraithCrashingCharge	Dehaka	ability-with-chain	no	effect	DehakaDakrunCrashingChargeTargetSearch	validator	CasterNotDead	Validator	official-reference	游戏数据/官方SC2原始文本镜像/mods/liberty.sc2mod/base.sc2data/gamedata/validatordata.xml	2	ability:KraithCrashingCharge -> effect:DehakaDakrunCrashingChargeTargetSearch
ability	KraithCrashingCharge	Dehaka	ability-with-chain	no	effect	DehakaDakrunCrashingChargeLaunchSet	effect	DehakaDakrunCrashingChargePrecursorAB	Effect	official-reference	游戏数据/官方SC2原始文本镜像/mods/starcoop/starcoop.sc2mod/base.sc2data/gamedata/effectdata.xml	3	ability:KraithCrashingCharge -> effect:DehakaDakrunCrashingChargePlacementCU -> effect:DehakaDakrunCrashingChargeLaunchSet
ability	KraithCrashingCharge	Dehaka	ability-with-chain	no	effect	DehakaDakrunCrashingChargeTargetSet	validator	CasterIsNotHidden	Validator	official-reference	游戏数据/官方SC2原始文本镜像/mods/core.sc2mod/base.sc2data/gamedata/validatordata.xml	3	ability:KraithCrashingCharge -> effect:DehakaDakrunCrashingChargeTargetSearch -> effect:DehakaDakrunCrashingChargeTargetSet
ability	KraithCrashingCharge	Dehaka	ability-with-chain	no	effect	DehakaDakrunCrashingChargeTargetSet	validator	NotBurrowCharging	Validator	official-reference	游戏数据/官方SC2原始文本镜像/mods/swarm.sc2mod/base.sc2data/gamedata/validatordata.xml	3	ability:KraithCrashingCharge -> effect:DehakaDakrunCrashingChargeTargetSearch -> effect:DehakaDakrunCrashingChargeTargetSet
ability	KraithCrashingCharge	Dehaka	ability-with-chain	no	effect	DehakaDakrunCrashingChargeTargetSet	validator	NotBurrowChargingRevD	Validator	official-reference	游戏数据/官方SC2原始文本镜像/mods/swarm.sc2mod/base.sc2data/gamedata/validatordata.xml	3	ability:KraithCrashingCharge -> effect:DehakaDakrunCrashingChargeTargetSearch -> effect:DehakaDakrunCrashingChargeTargetSet
ability	KraithCrashingCharge	Dehaka	ability-with-chain	no	effect	DehakaDakrunCrashingChargeTargetSet	validator	NotBurrowChargingApocalisk	Validator	xm-dependency	原始mod/Mods/XM/XMDehaka.SC2Mod/Base.SC2Data/GameData/ModData.xml	3	ability:KraithCrashingCharge -> effect:DehakaDakrunCrashingChargeTargetSearch -> effect:DehakaDakrunCrashingChargeTargetSet
ability	KraithCrashingCharge	Dehaka	ability-with-chain	no	effect	DehakaDakrunCrashingChargeTargetSet	effect	UnitKnockbackBy3	Effect	xm-dependency	原始mod/Mods/XM/XMCoopMutators.SC2Mod/Base.SC2Data/GameData/EffectData.xml	3	ability:KraithCrashingCharge -> effect:DehakaDakrunCrashingChargeTargetSearch -> effect:DehakaDakrunCrashingChargeTargetSet
ability	KraithCrashingCharge	Dehaka	ability-with-chain	no	effect	DehakaDakrunCrashingChargeTargetSet	effect	DehakaDakrunCrashingChargeDamage	Effect	official-reference	游戏数据/官方SC2原始文本镜像/mods/starcoop/starcoop.sc2mod/base.sc2data/gamedata/effectdata.xml	3	ability:KraithCrashingCharge -> effect:DehakaDakrunCrashingChargeTargetSearch -> effect:DehakaDakrunCrashingChargeTargetSet
ability	LiberatorAG_BlackOpsTarget	Nova	ability-with-chain	no	effect	Liberator_BlackOpsTargetMorphAB	behavior	Liberator_BlackOpsTargetMorphBehavior	Behavior	official-reference	游戏数据/官方SC2原始文本镜像/mods/starcoop/starcoop.sc2mod/base.sc2data/gamedata/behaviordata.xml	3	ability:LiberatorAG_BlackOpsTarget -> effect:Liberator_BlackOpsTargetMorphOrderInitialSet -> effect:Liberator_BlackOpsTargetMorphAB
ability	LurkerStetmannChannelingSpines	Stetmann	ability-with-chain	no	effect	LurkerStetmannChannelingSpinesUnburrowedWait	effect	LurkerStetmannFastBurrow	Effect	xm-dependency	原始mod/Mods/XM/XMStetmann.SC2Mod/Base.SC2Data/GameData/effectdata.xml	3	ability:LurkerStetmannChannelingSpines -> effect:LurkerStetmannChannelingSpinesBurrowSwitch -> effect:LurkerStetmannChannelingSpinesUnburrowedWait
ability	LurkerStetmannTunnelingBurst	Stetmann	ability-with-chain	no	effect	LurkerStetmannTunnelingBurstCU	effect	LurkerStetmannTunnelingBurstPrepareSet	Effect	xm-dependency	原始mod/Mods/XM/XMStetmann.SC2Mod/Base.SC2Data/GameData/effectdata.xml	3	ability:LurkerStetmannTunnelingBurst -> effect:LurkerStetmannTunnelingBurstMaxRangeSwitch -> effect:LurkerStetmannTunnelingBurstCU
ability	MagrailMunitionsNova	Nova	external-xm-dependency-node	no			ability	MagrailMunitionsNova	profile-root	xm-dependency	原始mod/Mods/XM/XMNova.SC2Mod/Base.SC2Data/GameData/AbilData.xml	0	ability:MagrailMunitionsNova
ability	MammothBreath	Dehaka	ability-with-chain	no	effect	MammothBreathStartOffset	effect	MammothBreathTargetOffset	Effect	xm-dependency	原始mod/Mods/XM/XMDehaka.SC2Mod/Base.SC2Data/GameData/EffectData.xml	3	ability:MammothBreath -> effect:MammothBreathStartSet -> effect:MammothBreathStartOffset
ability	MammothBreath	Dehaka	ability-with-chain	no	effect	ChargedBusterDamage	validator	noMarkers	Validator	official-reference	游戏数据/官方SC2原始文本镜像/mods/liberty.sc2mod/base.sc2data/gamedata/validatordata.xml	3	ability:MammothBreath -> effect:ChargedBusterSearch -> effect:ChargedBusterDamage
ability	MarauderMengskAttackSpeedBoost	Mengsk	ability-with-chain	no	ability	MarauderMengskAttackSpeedBoost	validator	CasterIsFiringWeapon	Validator	official-reference	游戏数据/官方SC2原始文本镜像/mods/balancemulti.sc2mod/base.sc2data/gamedata/validatordata.xml	1	ability:MarauderMengskAttackSpeedBoost
ability	MedivacMengskDoubleBeamHeal	Mengsk	ability-with-chain	no	ability	MedivacMengskDoubleBeamHeal	validator	healSmartTargetFilters	Validator	official-reference	游戏数据/官方SC2原始文本镜像/mods/liberty.sc2mod/base.sc2data/gamedata/validatordata.xml	1	ability:MedivacMengskDoubleBeamHeal
ability	MedivacMengskDoubleBeamHeal	Mengsk	ability-with-chain	no	ability	MedivacMengskDoubleBeamHeal	validator	NotWarpingIn	Validator	official-reference	游戏数据/官方SC2原始文本镜像/mods/liberty.sc2mod/base.sc2data/gamedata/validatordata.xml	1	ability:MedivacMengskDoubleBeamHeal
ability	MedivacMengskDoubleBeamHeal	Mengsk	ability-with-chain	no	ability	MedivacMengskDoubleBeamHeal	validator	healCasterMinEnergy	Validator	official-reference	游戏数据/官方SC2原始文本镜像/mods/liberty.sc2mod/base.sc2data/gamedata/validatordata.xml	1	ability:MedivacMengskDoubleBeamHeal
ability	MedivacMengskDoubleBeamHeal	Mengsk	ability-with-chain	no	ability	MedivacMengskDoubleBeamHeal	validator	NotStopping	Validator	official-reference	游戏数据/官方SC2原始文本镜像/campaigns/liberty.sc2campaign/base.sc2data/gamedata/validatordata.xml	1	ability:MedivacMengskDoubleBeamHeal
ability	MedivacMengskDoubleBeamHeal	Mengsk	ability-with-chain	no	effect	MedivacMengskHealInitialSwitch	validator	NotMaxHP	Validator	official-reference	游戏数据/官方SC2原始文本镜像/campaigns/liberty.sc2campaign/base.sc2data/gamedata/validatordata.xml	2	ability:MedivacMengskDoubleBeamHeal -> effect:MedivacMengskHealInitialSwitch
ability	MedivacMengskDoubleBeamHeal	Mengsk	ability-with-chain	no	effect	MedivacMengskHealInitialSwitch	validator	NotWarpingIn	Validator	official-reference	游戏数据/官方SC2原始文本镜像/mods/liberty.sc2mod/base.sc2data/gamedata/validatordata.xml	2	ability:MedivacMengskDoubleBeamHeal -> effect:MedivacMengskHealInitialSwitch
ability	MedivacMengskDoubleBeamHeal	Mengsk	ability-with-chain	no	validator	MedivacMengskTargetNotBeingHealed	behavior	MedivacMengskTargetBeingHealed	Behavior	xm-dependency	原始mod/Mods/XM/XMMengsk.SC2Mod/Base.SC2Data/GameData/BehaviorData.xml	3	ability:MedivacMengskDoubleBeamHeal -> effect:MedivacMengskHealInitialSwitch -> validator:MedivacMengskTargetNotBeingHealed
ability	MedivacMengskDoubleBeamHeal	Mengsk	ability-with-chain	no	effect	MedivacMengskHealInitialSet	effect	MedivacMengskHealScanPersistent	Effect	xm-dependency	原始mod/Mods/XM/XMMengsk.SC2Mod/Base.SC2Data/GameData/EffectData.xml	3	ability:MedivacMengskDoubleBeamHeal -> effect:MedivacMengskHealInitialSwitch -> effect:MedivacMengskHealInitialSet
ability	MedivacMengskTransport	Mengsk	ability-minimal	no	ability	MedivacMengskTransport	validator	NotWidowMineTarget	Validator	official-reference	游戏数据/官方SC2原始文本镜像/mods/swarm.sc2mod/base.sc2data/gamedata/validatordata.xml	1	ability:MedivacMengskTransport
ability	MedivacMengskTransport	Mengsk	ability-minimal	no	effect	MedivacMengskSiegeTankAirliftLoadTrigger	validator	IsSiegeTankMengskSieged	Validator	xm-dependency	原始mod/Mods/XM/XMMengsk.SC2Mod/Base.SC2Data/GameData/ValidatorData.xml	3	ability:MedivacMengskTransport -> effect:MedivacMengskLoadSet -> effect:MedivacMengskSiegeTankAirliftLoadTrigger
ability	MedivacMengskTransport	Mengsk	ability-minimal	no	effect	MedivacMengskThorAirliftAB	validator	ThorMengskSiegedOrUnsieged	Validator	xm-dependency	原始mod/Mods/XM/XMMengsk.SC2Mod/Base.SC2Data/GameData/ValidatorData.xml	3	ability:MedivacMengskTransport -> effect:MedivacMengskLoadSet -> effect:MedivacMengskThorAirliftAB
ability	MedivacMengskTransport	Mengsk	ability-minimal	no	effect	MedivacMengskThorAirliftAB	behavior	MedivacMengskThorAirlift	Behavior	official-reference	游戏数据/官方SC2原始文本镜像/mods/starcoop/commanders/arcturusmengsk.sc2mod/base.sc2data/gamedata/behaviordata.xml	3	ability:MedivacMengskTransport -> effect:MedivacMengskLoadSet -> effect:MedivacMengskThorAirliftAB
ability	MedivacMengskTransport	Mengsk	ability-minimal	no	effect	MedivacMengskSiegeTankAirliftUnloadTrigger	validator	IsSiegeTankMengskSieged	Validator	xm-dependency	原始mod/Mods/XM/XMMengsk.SC2Mod/Base.SC2Data/GameData/ValidatorData.xml	3	ability:MedivacMengskTransport -> effect:MedivacMengskUnloadSet -> effect:MedivacMengskSiegeTankAirliftUnloadTrigger
ability	MedivacMengskTransport	Mengsk	ability-minimal	no	effect	MedivacMengskThorAirliftRB	validator	ThorMengskSiegedOrUnsieged	Validator	xm-dependency	原始mod/Mods/XM/XMMengsk.SC2Mod/Base.SC2Data/GameData/ValidatorData.xml	3	ability:MedivacMengskTransport -> effect:MedivacMengskUnloadSet -> effect:MedivacMengskThorAirliftRB
ability	MedivacMengskTransport	Mengsk	ability-minimal	no	effect	MedivacMengskThorAirliftRB	behavior	MedivacMengskThorAirlift	Behavior	official-reference	游戏数据/官方SC2原始文本镜像/mods/starcoop/commanders/arcturusmengsk.sc2mod/base.sc2data/gamedata/behaviordata.xml	3	ability:MedivacMengskTransport -> effect:MedivacMengskUnloadSet -> effect:MedivacMengskThorAirliftRB
ability	MedivacMengskTransport	Mengsk	ability-minimal	no	effect	MedivacMengskUnloadTracker	validator	NotDead	Validator	official-reference	游戏数据/官方SC2原始文本镜像/mods/liberty.sc2mod/base.sc2data/gamedata/validatordata.xml	3	ability:MedivacMengskTransport -> effect:MedivacMengskUnloadSet -> effect:MedivacMengskUnloadTracker
ability	MengskZergCalldownLevel2	Mengsk	ability-with-chain	no	effect	HydraliskMengskSpawnCP	effect	HydraliskMengskSpawnTrigger	Effect	official-reference	游戏数据/官方SC2原始文本镜像/mods/starcoop/commanders/arcturusmengsk.sc2mod/base.sc2data/gamedata/effectdata.xml	3	ability:MengskZergCalldownLevel2 -> effect:MengskZergCalldownLevel2Set -> effect:HydraliskMengskSpawnCP
ability	MengskZergCalldownLevel3	Mengsk	ability-with-chain	no	effect	MutaliskMengskSpawnCP	effect	MutaliskMengskSpawnTrigger	Effect	official-reference	游戏数据/官方SC2原始文本镜像/mods/starcoop/commanders/arcturusmengsk.sc2mod/base.sc2data/gamedata/effectdata.xml	3	ability:MengskZergCalldownLevel3 -> effect:MengskZergCalldownLevel3Set -> effect:MutaliskMengskSpawnCP
ability	MengskZergCalldownLevel3	Mengsk	ability-with-chain	no	effect	HydraliskMengskSpawnCP	effect	HydraliskMengskSpawnTrigger	Effect	official-reference	游戏数据/官方SC2原始文本镜像/mods/starcoop/commanders/arcturusmengsk.sc2mod/base.sc2data/gamedata/effectdata.xml	3	ability:MengskZergCalldownLevel3 -> effect:MengskZergCalldownLevel3Set -> effect:HydraliskMengskSpawnCP
ability	MengskZergCalldownLevel4	Mengsk	ability-with-chain	no	effect	UltraliskMengskSpawnCP	effect	UltraliskMengskSpawnTrigger	Effect	official-reference	游戏数据/官方SC2原始文本镜像/mods/starcoop/commanders/arcturusmengsk.sc2mod/base.sc2data/gamedata/effectdata.xml	3	ability:MengskZergCalldownLevel4 -> effect:MengskZergCalldownLevel4Set -> effect:UltraliskMengskSpawnCP
ability	MengskZergCalldownLevel4	Mengsk	ability-with-chain	no	effect	MutaliskMengskSpawnCP	effect	MutaliskMengskSpawnTrigger	Effect	official-reference	游戏数据/官方SC2原始文本镜像/mods/starcoop/commanders/arcturusmengsk.sc2mod/base.sc2data/gamedata/effectdata.xml	3	ability:MengskZergCalldownLevel4 -> effect:MengskZergCalldownLevel4Set -> effect:MutaliskMengskSpawnCP
ability	MengskZergCalldownLevel4	Mengsk	ability-with-chain	no	effect	HydraliskMengskSpawnCP	effect	HydraliskMengskSpawnTrigger	Effect	official-reference	游戏数据/官方SC2原始文本镜像/mods/starcoop/commanders/arcturusmengsk.sc2mod/base.sc2data/gamedata/effectdata.xml	3	ability:MengskZergCalldownLevel4 -> effect:MengskZergCalldownLevel4Set -> effect:HydraliskMengskSpawnCP
ability	MirageGravitonBeamVoidCampaign	Karax	ability-with-chain	no	ability	MirageGravitonBeamVoidCampaign	validator	IsNotEgg	Validator	official-reference	游戏数据/官方SC2原始文本镜像/mods/liberty.sc2mod/base.sc2data/gamedata/validatordata.xml	1	ability:MirageGravitonBeamVoidCampaign
ability	MirageGravitonBeamVoidCampaign	Karax	ability-with-chain	no	ability	MirageGravitonBeamVoidCampaign	validator	IsNotLarva	Validator	official-reference	游戏数据/官方SC2原始文本镜像/mods/swarm.sc2mod/base.sc2data/gamedata/validatordata.xml	1	ability:MirageGravitonBeamVoidCampaign
ability	MorphRoachToRavager	Abathur	ability-with-chain	no	ability	MorphRoachToRavager	requirement	HaveLair	Requirements	official-reference	游戏数据/官方SC2原始文本镜像/mods/liberty.sc2mod/base.sc2data/gamedata/requirementdata.xml	1	ability:MorphRoachToRavager
ability	MorphRoachToRavager	Abathur	ability-with-chain	no	unit	RavagerAbathurCocoon	button	CancelCocoonMorph	Face	official-reference	游戏数据/官方SC2原始文本镜像/mods/liberty.sc2mod/base.sc2data/gamedata/buttondata.xml	2	ability:MorphRoachToRavager -> unit:RavagerAbathurCocoon
ability	MorphRoachVileToRavager	Abathur	ability-with-chain	no	ability	MorphRoachVileToRavager	requirement	HaveLair	Requirements	official-reference	游戏数据/官方SC2原始文本镜像/mods/liberty.sc2mod/base.sc2data/gamedata/requirementdata.xml	1	ability:MorphRoachVileToRavager
ability	MorphRoachVileToRavager	Abathur	ability-with-chain	no	unit	RavagerVileAbathurCocoon	button	CancelCocoonMorph	Face	official-reference	游戏数据/官方SC2原始文本镜像/mods/liberty.sc2mod/base.sc2data/gamedata/buttondata.xml	2	ability:MorphRoachVileToRavager -> unit:RavagerVileAbathurCocoon
ability	MorphToBanelingStetmann	Stetmann	ability-with-chain	no	ability	MorphToBanelingStetmann	effect	PostMorphHeal	Effect	official-reference	游戏数据/官方SC2原始文本镜像/mods/liberty.sc2mod/base.sc2data/gamedata/effectdata.xml	1	ability:MorphToBanelingStetmann
ability	MorphToBanelingStetmann	Stetmann	ability-with-chain	no	unit	BanelingStetmannCocoon	button	CancelCocoonMorph	Face	official-reference	游戏数据/官方SC2原始文本镜像/mods/liberty.sc2mod/base.sc2data/gamedata/buttondata.xml	2	ability:MorphToBanelingStetmann -> unit:BanelingStetmannCocoon
ability	MorphToBanelingStetmann	Stetmann	ability-with-chain	no	ability	BanelingStetmannJump	validator	CasterNotHoldingPosition	Validator	official-reference	游戏数据/官方SC2原始文本镜像/mods/liberty.sc2mod/base.sc2data/gamedata/validatordata.xml	3	ability:MorphToBanelingStetmann -> unit:BanelingStetmann -> ability:BanelingStetmannJump
ability	MorphToCBroodLordStetmann	Stetmann	ability-with-chain	no	ability	MorphToCBroodLordStetmann	effect	PostMorphHeal	Effect	official-reference	游戏数据/官方SC2原始文本镜像/mods/liberty.sc2mod/base.sc2data/gamedata/effectdata.xml	1	ability:MorphToCBroodLordStetmann
ability	MorphToCBroodLordStetmann	Stetmann	ability-with-chain	no	unit	BroodLordStetmannCocoon	button	CancelCocoonMorph	Face	official-reference	游戏数据/官方SC2原始文本镜像/mods/liberty.sc2mod/base.sc2data/gamedata/buttondata.xml	2	ability:MorphToCBroodLordStetmann -> unit:BroodLordStetmannCocoon
ability	MorphToCBroodLordStetmann	Stetmann	ability-with-chain	no	ability	BroodLordStetmannBomberMagazine	effect	InterceptorFate	Effect	probable-base-game		3	ability:MorphToCBroodLordStetmann -> unit:BroodLordStetmann -> ability:BroodLordStetmannBomberMagazine
ability	MorphToCBroodLordStetmann	Stetmann	ability-with-chain	no	ability	BroodLordHangarStetmann	effect	InterceptorFate	Effect	probable-base-game		3	ability:MorphToCBroodLordStetmann -> unit:BroodLordStetmann -> ability:BroodLordHangarStetmann
ability	MorphToCBroodLordStetmann	Stetmann	ability-with-chain	no	ability	BroodLordHangarStetmann	effect	KillsToCaster	Effect	official-reference	游戏数据/官方SC2原始文本镜像/mods/liberty.sc2mod/base.sc2data/gamedata/effectdata.xml	3	ability:MorphToCBroodLordStetmann -> unit:BroodLordStetmann -> ability:BroodLordHangarStetmann
ability	MorphToHHHellion	Horner	ability-with-chain	no	ability	HHHellionBomb	validator	RangeCheckLE6	Validator	official-reference	游戏数据/官方SC2原始文本镜像/mods/liberty.sc2mod/base.sc2data/gamedata/validatordata.xml	3	ability:MorphToHHHellion -> unit:HHHellion -> ability:HHHellionBomb
ability	MorphToLurkerStetmann	Stetmann	ability-with-chain	no	ability	MorphToLurkerStetmann	effect	PostMorphHeal	Effect	official-reference	游戏数据/官方SC2原始文本镜像/mods/liberty.sc2mod/base.sc2data/gamedata/effectdata.xml	1	ability:MorphToLurkerStetmann
ability	MorphToLurkerStetmann	Stetmann	ability-with-chain	no	unit	LurkerStetmannCocoon	button	CancelCocoonMorph	Face	official-reference	游戏数据/官方SC2原始文本镜像/mods/liberty.sc2mod/base.sc2data/gamedata/buttondata.xml	2	ability:MorphToLurkerStetmann -> unit:LurkerStetmannCocoon
ability	MorphToRavagerStetmann	Stetmann	ability-with-chain	no	ability	MorphToRavagerStetmann	effect	PostMorphHeal	Effect	official-reference	游戏数据/官方SC2原始文本镜像/mods/liberty.sc2mod/base.sc2data/gamedata/effectdata.xml	1	ability:MorphToRavagerStetmann
ability	MorphToRavagerStetmann	Stetmann	ability-with-chain	no	unit	RavagerStetmannCocoon	button	CancelCocoonMorph	Face	official-reference	游戏数据/官方SC2原始文本镜像/mods/liberty.sc2mod/base.sc2data/gamedata/buttondata.xml	2	ability:MorphToRavagerStetmann -> unit:RavagerStetmannCocoon
ability	MorphToSuperGaryStetmann	Stetmann	ability-with-chain	no	unit	SuperGaryStetmann	behavior	Detector11	BehaviorArray	official-reference	游戏数据/官方SC2原始文本镜像/mods/liberty.sc2mod/base.sc2data/gamedata/behaviordata.xml	2	ability:MorphToSuperGaryStetmann -> unit:SuperGaryStetmann
ability	MorphToSuperGaryStetmann	Stetmann	ability-with-chain	no	unit	SuperGaryStetmann	button	MoveChampions	Face	official-reference	游戏数据/官方SC2原始文本镜像/campaigns/void.sc2campaign/base.sc2data/gamedata/buttondata.xml	2	ability:MorphToSuperGaryStetmann -> unit:SuperGaryStetmann
ability	MorphToSuperGaryStetmann	Stetmann	ability-with-chain	no	unit	SuperGaryStetmann	button	AttackChampions	Face	official-reference	游戏数据/官方SC2原始文本镜像/campaigns/void.sc2campaign/base.sc2data/gamedata/buttondata.xml	2	ability:MorphToSuperGaryStetmann -> unit:SuperGaryStetmann
ability	MurvarCoopPuke	Dehaka	ability-with-chain	no	effect	CoopMurvarPukeLM	effect	CoopMurvarPukeCP	Effect	xm-dependency	原始mod/Mods/XM/XMDehaka.SC2Mod/Base.SC2Data/GameData/EffectData.xml	3	ability:MurvarCoopPuke -> effect:CoopMurvarPukeInitialSet -> effect:CoopMurvarPukeLM
ability	MurvarCoopPuke	Dehaka	ability-with-chain	no	effect	CoopMurvarPukeLM	unit	CoopMurvarPukeWeapon	Unit	xm-dependency	原始mod/Mods/XM/XMDehaka.SC2Mod/Base.SC2Data/GameData/UnitData.xml	3	ability:MurvarCoopPuke -> effect:CoopMurvarPukeInitialSet -> effect:CoopMurvarPukeLM
ability	MurvarCoopPuke	Dehaka	ability-with-chain	no	effect	CoopMurvarPukePuddleSet	effect	CoopMurvarPukeImpact	Effect	xm-dependency	原始mod/Mods/XM/XMDehaka.SC2Mod/Base.SC2Data/GameData/EffectData.xml	3	ability:MurvarCoopPuke -> effect:CoopMurvarPukePuddleSearch -> effect:CoopMurvarPukePuddleSet
ability	MurvarCoopPuke	Dehaka	ability-with-chain	no	effect	CoopMurvarPukePuddleSet	effect	CoopMurvarPukePuddleDisableAB	Effect	xm-dependency	原始mod/Mods/XM/XMDehaka.SC2Mod/Base.SC2Data/GameData/EffectData.xml	3	ability:MurvarCoopPuke -> effect:CoopMurvarPukePuddleSearch -> effect:CoopMurvarPukePuddleSet
ability	MurvarCoopPuke	Dehaka	ability-with-chain	no	effect	CoopMurvarPukePuddleSet	effect	CoopMurvarPukePuddleIterateTransport	Effect	xm-dependency	原始mod/Mods/XM/XMDehaka.SC2Mod/Base.SC2Data/GameData/EffectData.xml	3	ability:MurvarCoopPuke -> effect:CoopMurvarPukePuddleSearch -> effect:CoopMurvarPukePuddleSet
ability	MutaliskMorphToDevourer	Abathur	ability-with-chain	no	ability	MutaliskMorphToDevourer	requirement	HaveGreaterSpire	Requirements	official-reference	游戏数据/官方SC2原始文本镜像/mods/liberty.sc2mod/base.sc2data/gamedata/requirementdata.xml	1	ability:MutaliskMorphToDevourer
ability	MutaliskMorphToDevourer	Abathur	ability-with-chain	no	ability	CorrosiveAcid	effect	CorrosiveAcidLM	Effect	xm-dependency	原始mod/Mods/XM/XMCoopMutators.SC2Mod/Base.SC2Data/GameData/EffectData.xml	3	ability:MutaliskMorphToDevourer -> unit:Devourer -> ability:CorrosiveAcid
ability	MutaliskMorphToDevourer	Abathur	ability-with-chain	no	ability	CorrosiveAcid	effect	CorrosiveAcidSearch	Effect	xm-dependency	原始mod/Mods/XM/XMCoopMutators.SC2Mod/Base.SC2Data/GameData/EffectData.xml	3	ability:MutaliskMorphToDevourer -> unit:Devourer -> ability:CorrosiveAcid
ability	NanoRepairSwann	Swann	external-xm-dependency-node	no			ability	NanoRepairSwann	profile-root	xm-dependency	原始mod/Mods/XM/XMSwann.SC2Mod/Base.SC2Data/GameData/AbilData.xml	0	ability:NanoRepairSwann
ability	NovaCoopCasterNuke	Nova	ability-with-chain	no	effect	NovaCoopCasterNukeLaunchSearch	effect	NovaCoopCasterNukeLaunchDummy	EffectAttr	xm-dependency	原始mod/Mods/XM/XMNova.SC2Mod/Base.SC2Data/GameData/EffectData.xml	3	ability:NovaCoopCasterNuke -> effect:NovaCoopCasterNukePersistent -> effect:NovaCoopCasterNukeLaunchSearch
ability	NovaCoopDecoyTarget	Nova	ability-with-chain	no	unit	NovaCoopDecoy	button	MoveChampions	Face	official-reference	游戏数据/官方SC2原始文本镜像/campaigns/void.sc2campaign/base.sc2data/gamedata/buttondata.xml	2	ability:NovaCoopDecoyTarget -> unit:NovaCoopDecoy
ability	NovaCoopDecoyTarget	Nova	ability-with-chain	no	unit	NovaCoopDecoy	button	AttackChampions	Face	official-reference	游戏数据/官方SC2原始文本镜像/campaigns/void.sc2campaign/base.sc2data/gamedata/buttondata.xml	2	ability:NovaCoopDecoyTarget -> unit:NovaCoopDecoy
ability	NovaCoopDecoyTarget	Nova	ability-with-chain	no	unit	NovaCoopDecoy	button	NovaWeaponPsiBlade	Face	official-reference	游戏数据/官方SC2原始文本镜像/campaigns/void.sc2campaign/base.sc2data/gamedata/buttondata.xml	2	ability:NovaCoopDecoyTarget -> unit:NovaCoopDecoy
ability	NovaGriffinBombingRunExecute	Nova	ability-with-chain	no	effect	NovaGriffinBombingRunCreateStrafer	effect	NovaGriffinBombingRunAB	Effect	xm-dependency	原始mod/Mods/XM/XMNova.SC2Mod/Base.SC2Data/GameData/EffectData.xml	3	ability:NovaGriffinBombingRunExecute -> effect:NovaGriffinBombingRunInitialSet -> effect:NovaGriffinBombingRunCreateStrafer
ability	NovaGriffinBombingRunExecute	Nova	ability-with-chain	no	effect	NovaGriffinBombingRunCreateStrafer	unit	NovaGriffinBombingRunStrafer	Unit	xm-dependency	原始mod/Mods/XM/XMNova.SC2Mod/Base.SC2Data/GameData/UnitData.xml	3	ability:NovaGriffinBombingRunExecute -> effect:NovaGriffinBombingRunInitialSet -> effect:NovaGriffinBombingRunCreateStrafer
ability	NovaGriffinBombingRunExecute	Nova	ability-with-chain	no	effect	NovaGriffinBombingRunDamage	validator	noMarkers	Validator	official-reference	游戏数据/官方SC2原始文本镜像/mods/liberty.sc2mod/base.sc2data/gamedata/validatordata.xml	3	ability:NovaGriffinBombingRunExecute -> effect:NovaGriffinBombingRunDummySearch -> effect:NovaGriffinBombingRunDamage
ability	NovaGriffinTransportLoadUnits	Nova	ability-with-chain	no	effect	NovaGriffinTransportUnitsInitialSet	validator	NovaTransportPickupMinimum	Validator	xm-dependency	原始mod/Mods/XM/XMNova.SC2Mod/Base.SC2Data/GameData/ValidatorData.xml	2	ability:NovaGriffinTransportLoadUnits -> effect:NovaGriffinTransportUnitsInitialSet
ability	NovaGriffinTransportLoadUnits	Nova	ability-with-chain	no	effect	NovaGriffinTransportUnitsInitialSet	effect	NovaGriffinTransportUnitsSpawnGriffin	Effect	official-reference	游戏数据/官方SC2原始文本镜像/mods/starcoop/starcoop.sc2mod/base.sc2data/gamedata/effectdata.xml	2	ability:NovaGriffinTransportLoadUnits -> effect:NovaGriffinTransportUnitsInitialSet
ability	NovaGriffinTransportLoadUnits	Nova	ability-with-chain	no	effect	NovaGriffinTransportUnitsSearchDummy	effect	NovaGriffinTransportUnitsSearchDummySet	EffectAttr	official-reference	游戏数据/官方SC2原始文本镜像/mods/starcoop/starcoop.sc2mod/base.sc2data/gamedata/effectdata.xml	2	ability:NovaGriffinTransportLoadUnits -> effect:NovaGriffinTransportUnitsSearchDummy
ability	NuclearAnnihilationMengsk	Mengsk	ability-with-chain	no	effect	NuclearAnnihilationMengskBigNukeDamageSearch	effect	NuclearAnnihilationMengskDamage	EffectAttr	xm-dependency	原始mod/Mods/XM/XMMengsk.SC2Mod/Base.SC2Data/GameData/EffectData.xml	3	ability:NuclearAnnihilationMengsk -> effect:NuclearAnnihilationMengskBigNukeDropDelayCP -> effect:NuclearAnnihilationMengskBigNukeDamageSearch
ability	ObserverMorphtoObserverSiege	Artanis,Fenix,Karax,Zeratul	ability-with-chain	no	unit	ObserverSiegeMode	behavior	Detector16.5	BehaviorArray	xm-dependency	原始mod/Mods/XM/XMCore.SC2Mod/Base.SC2Data/GameData/BehaviorData.xml	2	ability:ObserverMorphtoObserverSiege -> unit:ObserverSiegeMode
ability	OverseerMorphtoOverseerSiegeStetmann	Stetmann	ability-with-chain	no	unit	OverseerStetmannSiegeMode	behavior	Detector16.5	BehaviorArray	xm-dependency	原始mod/Mods/XM/XMCore.SC2Mod/Base.SC2Data/GameData/BehaviorData.xml	2	ability:OverseerMorphtoOverseerSiegeStetmann -> unit:OverseerStetmannSiegeMode
ability	OverseerSiegeMorphtoOverseerStetmann	Stetmann	ability-with-chain	no	unit	OverseerStetmann	behavior	Detector11	BehaviorArray	official-reference	游戏数据/官方SC2原始文本镜像/mods/liberty.sc2mod/base.sc2data/gamedata/behaviordata.xml	2	ability:OverseerSiegeMorphtoOverseerStetmann -> unit:OverseerStetmann
ability	OverseerSiegeMorphtoOverseerStetmann	Stetmann	ability-with-chain	no	unit	OverseerStetmann	button	SpawnChangeling	Face	official-reference	游戏数据/官方SC2原始文本镜像/mods/liberty.sc2mod/base.sc2data/gamedata/buttondata.xml	2	ability:OverseerSiegeMorphtoOverseerStetmann -> unit:OverseerStetmann
ability	PhasingModeTaldarim	Alarak	ability-with-chain	no	ability	WarpPrismTransport	behavior	TransportDummy	Behavior	official-reference	游戏数据/官方SC2原始文本镜像/mods/liberty.sc2mod/base.sc2data/gamedata/behaviordata.xml	3	ability:PhasingModeTaldarim -> unit:WarpPrismPhasingTaldarim -> ability:WarpPrismTransport
ability	PlaceHealingDrone	Nova	ability-with-chain	no	unit	HealingDrone	behavior	TerranBuildingBurnDown	BehaviorArray	official-reference	游戏数据/官方SC2原始文本镜像/mods/liberty.sc2mod/base.sc2data/gamedata/behaviordata.xml	2	ability:PlaceHealingDrone -> unit:HealingDrone
ability	PlaceHealingDrone	Nova	ability-with-chain	no	ability	HealingDroneHeal	requirement	AdvancedHealingAINotPurchased	Requirements	official-reference	游戏数据/官方SC2原始文本镜像/campaigns/liberty.sc2campaign/base.sc2data/gamedata/requirementdata.xml	3	ability:PlaceHealingDrone -> unit:HealingDrone -> ability:HealingDroneHeal
ability	PlaceHealingDrone	Nova	ability-with-chain	no	ability	HealingDroneHeal	validator	healSmartTargetFilters	Validator	official-reference	游戏数据/官方SC2原始文本镜像/mods/liberty.sc2mod/base.sc2data/gamedata/validatordata.xml	3	ability:PlaceHealingDrone -> unit:HealingDrone -> ability:HealingDroneHeal
ability	PlaceHealingDrone	Nova	ability-with-chain	no	ability	HealingDroneHeal	validator	NotWarpingIn	Validator	official-reference	游戏数据/官方SC2原始文本镜像/mods/liberty.sc2mod/base.sc2data/gamedata/validatordata.xml	3	ability:PlaceHealingDrone -> unit:HealingDrone -> ability:HealingDroneHeal
ability	PrimalSlash	Kerrigan	ability-with-chain	no	effect	PrimalSlashInitialSet	effect	PrimalSlashUpgraded	Effect	official-reference	游戏数据/官方SC2原始文本镜像/campaigns/swarm.sc2campaign/base.sc2data/gamedata/effectdata.xml	2	ability:PrimalSlash -> effect:PrimalSlashInitialSet
ability	PsionicLift	Kerrigan	ability-with-chain	no	effect	PsionicLiftDoTSet	effect	PsionicLiftDoT	Effect	official-reference	游戏数据/官方SC2原始文本镜像/mods/starcoop/starcoop.sc2mod/base.sc2data/gamedata/effectdata.xml	3	ability:PsionicLift -> effect:PsionicLiftRaiseSearch -> effect:PsionicLiftDoTSet
ability	PsionicLift	Kerrigan	ability-with-chain	no	effect	PsionicLiftDoTSet	effect	PsionicLiftControllerShort	Effect	xm-dependency	原始mod/Mods/XM/XMCoopMutators.SC2Mod/Base.SC2Data/GameData/EffectData.xml	3	ability:PsionicLift -> effect:PsionicLiftRaiseSearch -> effect:PsionicLiftDoTSet
ability	PsiStorm	Artanis	ability-minimal	no	ability	PsiStorm	requirement	UsePsiStorm	Requirements	official-reference	游戏数据/官方SC2原始文本镜像/mods/liberty.sc2mod/base.sc2data/gamedata/requirementdata.xml	1	ability:PsiStorm
ability	RavagerAbathurCorrosiveBile	Abathur	ability-with-chain	no	effect	RavagerCorrosiveBileAoeCP	effect	RavagerCorrosiveBileAoeLaunchUp	Effect	official-reference	游戏数据/官方SC2原始文本镜像/mods/starcoop/starcoop.sc2mod/base.sc2data/gamedata/effectdata.xml	3	ability:RavagerAbathurCorrosiveBile -> effect:RavagerCorrosiveBileAoeLaunchSet -> effect:RavagerCorrosiveBileAoeCP
ability	RavagerAbathurCorrosiveBile	Abathur	ability-with-chain	no	effect	RavagerCorrosiveBileAoeCP	effect	RavagerCorrosiveBileAoeLaunchDown	Effect	official-reference	游戏数据/官方SC2原始文本镜像/mods/starcoop/starcoop.sc2mod/base.sc2data/gamedata/effectdata.xml	3	ability:RavagerAbathurCorrosiveBile -> effect:RavagerCorrosiveBileAoeLaunchSet -> effect:RavagerCorrosiveBileAoeCP
ability	RavagerAbathurCorrosiveBile	Abathur	ability-with-chain	no	effect	RavagerCorrosiveBileAoeWarningDummySearch	effect	RavagerCorrosiveBileAoeWarningDummyDamage	EffectAttr	official-reference	游戏数据/官方SC2原始文本镜像/mods/starcoop/starcoop.sc2mod/base.sc2data/gamedata/effectdata.xml	3	ability:RavagerAbathurCorrosiveBile -> effect:RavagerCorrosiveBileAoeLaunchSet -> effect:RavagerCorrosiveBileAoeWarningDummySearch
ability	RavagerStetmannCorrosiveBile	Stetmann	ability-with-chain	no	effect	RavagerStetmannCorrosiveBileMarkerAB	behavior	RavagerStetmannCorrosiveBileMarker	Behavior	xm-dependency	原始mod/Mods/XM/XMStetmann.SC2Mod/Base.SC2Data/GameData/behaviordata.xml	3	ability:RavagerStetmannCorrosiveBile -> effect:RavagerStetmannCorrosiveBileAoELaunchSet -> effect:RavagerStetmannCorrosiveBileMarkerAB
ability	RavagerStetmannCorrosiveBile	Stetmann	ability-with-chain	no	effect	RavagerStetmannCorrosiveBileAoECP	effect	RavagerStetmannCorrosiveBileAoELaunchUp	Effect	xm-dependency	原始mod/Mods/XM/XMStetmann.SC2Mod/Base.SC2Data/GameData/effectdata.xml	3	ability:RavagerStetmannCorrosiveBile -> effect:RavagerStetmannCorrosiveBileAoELaunchSet -> effect:RavagerStetmannCorrosiveBileAoECP
ability	RavagerStetmannCorrosiveBile	Stetmann	ability-with-chain	no	effect	RavagerStetmannCorrosiveBileAoECP	effect	RavagerStetmannCorrosiveBileAoELaunchDown	Effect	xm-dependency	原始mod/Mods/XM/XMStetmann.SC2Mod/Base.SC2Data/GameData/effectdata.xml	3	ability:RavagerStetmannCorrosiveBile -> effect:RavagerStetmannCorrosiveBileAoELaunchSet -> effect:RavagerStetmannCorrosiveBileAoECP
ability	RavagerStetmannCorrosiveBile	Stetmann	ability-with-chain	no	effect	RavagerStetmannCorrosiveBileAoEWarningDummySearch	effect	RavagerStetmannCorrosiveBileAoEWarningDummyDamage	EffectAttr	xm-dependency	原始mod/Mods/XM/XMStetmann.SC2Mod/Base.SC2Data/GameData/effectdata.xml	3	ability:RavagerStetmannCorrosiveBile -> effect:RavagerStetmannCorrosiveBileAoELaunchSet -> effect:RavagerStetmannCorrosiveBileAoEWarningDummySearch
ability	RavenMengskMorphtoRavenMengskSieged	Mengsk	ability-with-chain	no	unit	RavenMengskSieged	button	AttackWorker	Face	official-reference	游戏数据/官方SC2原始文本镜像/mods/liberty.sc2mod/base.sc2data/gamedata/buttondata.xml	2	ability:RavenMengskMorphtoRavenMengskSieged -> unit:RavenMengskSieged
ability	RavenMengskSiegedMorphtoRavenMengsk	Mengsk	ability-with-chain	no	unit	RavenMengsk	behavior	Detector11	BehaviorArray	official-reference	游戏数据/官方SC2原始文本镜像/mods/liberty.sc2mod/base.sc2data/gamedata/behaviordata.xml	2	ability:RavenMengskSiegedMorphtoRavenMengsk -> unit:RavenMengsk
ability	RavenMengskSiegedMorphtoRavenMengsk	Mengsk	ability-with-chain	no	unit	RavenMengsk	button	AttackWorker	Face	official-reference	游戏数据/官方SC2原始文本镜像/mods/liberty.sc2mod/base.sc2data/gamedata/buttondata.xml	2	ability:RavenMengskSiegedMorphtoRavenMengsk -> unit:RavenMengsk
ability	RavenTargetLock	Horner	ability-with-chain	no	ability	RavenTargetLock	validator	NotHaveTargetLock	Validator	official-reference	游戏数据/官方SC2原始文本镜像/campaigns/void.sc2campaign/base.sc2data/gamedata/validatordata.xml	1	ability:RavenTargetLock
ability	RavenTargetLock	Horner	ability-with-chain	no	ability	RavenTargetLock	validator	NotInterceptor	Validator	official-reference	游戏数据/官方SC2原始文本镜像/mods/liberty.sc2mod/base.sc2data/gamedata/validatordata.xml	1	ability:RavenTargetLock
ability	RavenTargetLock	Horner	ability-with-chain	no	validator	NotHaveRavenAnalyze	behavior	RavenAnalyze	Behavior	official-reference	游戏数据/官方SC2原始文本镜像/mods/starcoop/starcoop.sc2mod/base.sc2data/gamedata/behaviordata.xml	3	ability:RavenTargetLock -> effect:RavenAnalyzeCP -> validator:NotHaveRavenAnalyze
ability	RavenTargetLock	Horner	ability-with-chain	no	effect	RavenAnalyzeStartSet	effect	RavenAnalyzeABTarget	Effect	official-reference	游戏数据/官方SC2原始文本镜像/mods/starcoop/starcoop.sc2mod/base.sc2data/gamedata/effectdata.xml	3	ability:RavenTargetLock -> effect:RavenAnalyzeCP -> effect:RavenAnalyzeStartSet
ability	RavenTargetLock	Horner	ability-with-chain	no	effect	RavenAnalyzeStartSet	effect	RavenAnalyzeABCaster	Effect	official-reference	游戏数据/官方SC2原始文本镜像/mods/starcoop/starcoop.sc2mod/base.sc2data/gamedata/effectdata.xml	3	ability:RavenTargetLock -> effect:RavenAnalyzeCP -> effect:RavenAnalyzeStartSet
ability	RavenTargetLock	Horner	ability-with-chain	no	effect	RavenAnalyzeFinishSet	effect	RavenAnalyzeRB	Effect	official-reference	游戏数据/官方SC2原始文本镜像/mods/starcoop/starcoop.sc2mod/base.sc2data/gamedata/effectdata.xml	3	ability:RavenTargetLock -> effect:RavenAnalyzeCP -> effect:RavenAnalyzeFinishSet
ability	RavenTargetLock	Horner	ability-with-chain	no	effect	RavenAnalyzeFinishSet	effect	RavenAnalyzeRBCaster	Effect	official-reference	游戏数据/官方SC2原始文本镜像/mods/starcoop/starcoop.sc2mod/base.sc2data/gamedata/effectdata.xml	3	ability:RavenTargetLock -> effect:RavenAnalyzeCP -> effect:RavenAnalyzeFinishSet
ability	ScourgeDetonate	Zagara	ability-with-chain	no	ability	ScourgeDetonate	effect	SuicideSet	Effect	official-reference	游戏数据/官方SC2原始文本镜像/campaigns/liberty.sc2campaign/base.sc2data/gamedata/effectdata.xml	1	ability:ScourgeDetonate
ability	SCVMengskEnlist	Mengsk	ability-with-chain	no	effect	DropWorkerResourcesSet	effect	FuelCellPickupForceDropCU	Effect	official-reference	游戏数据/官方SC2原始文本镜像/mods/starcoop/starcoop.sc2mod/base.sc2data/gamedata/effectdata.xml	3	ability:SCVMengskEnlist -> effect:TrooperMengskMorphSet -> effect:DropWorkerResourcesSet
ability	SCVMengskEnlist	Mengsk	ability-with-chain	no	effect	DropWorkerResourcesSet	effect	RemoveAllCarryResources	Effect	official-reference	游戏数据/官方SC2原始文本镜像/mods/starcoop/starcoop.sc2mod/base.sc2data/gamedata/effectdata.xml	3	ability:SCVMengskEnlist -> effect:TrooperMengskMorphSet -> effect:DropWorkerResourcesSet
ability	SCVMengskEnlist	Mengsk	ability-with-chain	no	effect	TrooperMengskMorphNoWeaponSet	effect	TrooperMengskMorph	Effect	xm-dependency	原始mod/Mods/XM/XMMengsk.SC2Mod/Base.SC2Data/GameData/EffectData.xml	3	ability:SCVMengskEnlist -> effect:TrooperMengskMorphSet -> effect:TrooperMengskMorphNoWeaponSet
ability	SentryFenixPhasingMode	Fenix	ability-with-chain	no	unit	SentryFenixPhasing	behavior	SentryPowerSource	BehaviorArray	official-reference	游戏数据/官方SC2原始文本镜像/campaigns/void.sc2campaign/base.sc2data/gamedata/behaviordata.xml	2	ability:SentryFenixPhasingMode -> unit:SentryFenixPhasing
ability	SentryFenixPhasingMode	Fenix	ability-with-chain	no	behavior	FenixSentryGuardianZonePhasingMode	effect	FenixSentryGuardianZonePhasingModeSearch	Effect	official-reference	游戏数据/官方SC2原始文本镜像/mods/starcoop/starcoop.sc2mod/base.sc2data/gamedata/effectdata.xml	3	ability:SentryFenixPhasingMode -> unit:SentryFenixPhasing -> behavior:FenixSentryGuardianZonePhasingMode
ability	SiegeTank_BlackOpsSiege	Nova	ability-with-chain	no	behavior	SiegeTankSiegeModeProgressiveRangeIncease	validator	IsSiegeTankSiegedBlackOps	Validator	xm-dependency	原始mod/Mods/XM/XMNova.SC2Mod/Base.SC2Data/GameData/ValidatorData.xml	3	ability:SiegeTank_BlackOpsSiege -> effect:SiegeTankSiegeModeProgressiveRangeInceaseAB -> behavior:SiegeTankSiegeModeProgressiveRangeIncease
ability	SiegeTank_BlackOpsSiege	Nova	ability-with-chain	no	behavior	SiegeTankSiegeModeProgressiveRangeIncease	effect	SiegeTankSiegeModeProgressiveRangeInceaseRB	Effect	official-reference	游戏数据/官方SC2原始文本镜像/mods/starcoop/starcoop.sc2mod/base.sc2data/gamedata/effectdata.xml	3	ability:SiegeTank_BlackOpsSiege -> effect:SiegeTankSiegeModeProgressiveRangeInceaseAB -> behavior:SiegeTankSiegeModeProgressiveRangeIncease
ability	SIMorphToOverseer	Stukov	ability-with-chain	no	ability	SIMorphToOverseer	button	MorphToOverseer	DefaultButtonFace	official-reference	游戏数据/官方SC2原始文本镜像/mods/liberty.sc2mod/base.sc2data/gamedata/buttondata.xml	1	ability:SIMorphToOverseer
ability	SIMorphToOverseer	Stukov	ability-with-chain	no	ability	SIMorphToOverseer	validator	HasNoCargo	Validator	official-reference	游戏数据/官方SC2原始文本镜像/mods/liberty.sc2mod/base.sc2data/gamedata/validatordata.xml	1	ability:SIMorphToOverseer
ability	SIMorphToOverseer	Stukov	ability-with-chain	no	ability	SIMorphToOverseer	effect	PostMorphHeal	Effect	official-reference	游戏数据/官方SC2原始文本镜像/mods/liberty.sc2mod/base.sc2data/gamedata/effectdata.xml	1	ability:SIMorphToOverseer
ability	SIMorphToOverseer	Stukov	ability-with-chain	no	unit	Overseer	behavior	Detector11	BehaviorArray	official-reference	游戏数据/官方SC2原始文本镜像/mods/liberty.sc2mod/base.sc2data/gamedata/behaviordata.xml	2	ability:SIMorphToOverseer -> unit:Overseer
ability	SIMorphToOverseer	Stukov	ability-with-chain	no	unit	Overseer	button	MorphtoOverseerSiege	Face	official-reference	游戏数据/官方SC2原始文本镜像/mods/liberty.sc2mod/base.sc2data/gamedata/buttondata.xml	2	ability:SIMorphToOverseer -> unit:Overseer
ability	SIMorphToOverseer	Stukov	ability-with-chain	no	ability	OverseerMorphtoOverseerSiege	button	MorphtoOverseerSiege	DefaultButtonFace	official-reference	游戏数据/官方SC2原始文本镜像/mods/liberty.sc2mod/base.sc2data/gamedata/buttondata.xml	3	ability:SIMorphToOverseer -> unit:Overseer -> ability:OverseerMorphtoOverseerSiege
ability	SIStukovInfestStructure	Stukov	ability-with-chain	no	validator	NotUnrepairable	behavior	Unrepairable	Behavior	official-reference	游戏数据/官方SC2原始文本镜像/campaigns/void.sc2campaign/base.sc2data/gamedata/behaviordata.xml	3	ability:SIStukovInfestStructure -> effect:SIStukovInfestStructureInitialSet -> validator:NotUnrepairable
ability	SIStukovInfestStructure	Stukov	ability-with-chain	no	effect	SIStukovInfestStructureEnemyTarget	validator	EnemyTarget	Validator	official-reference	游戏数据/官方SC2原始文本镜像/mods/liberty.sc2mod/base.sc2data/gamedata/validatordata.xml	3	ability:SIStukovInfestStructure -> effect:SIStukovInfestStructureInitialSet -> effect:SIStukovInfestStructureEnemyTarget
ability	SIStukovInfestStructure	Stukov	ability-with-chain	no	effect	SIStukovInfestStructureFriendlyTarget	validator	TargetIsNotEnemy	Validator	official-reference	游戏数据/官方SC2原始文本镜像/mods/starcoop/starcoop.sc2mod/base.sc2data/gamedata/validatordata.xml	3	ability:SIStukovInfestStructure -> effect:SIStukovInfestStructureInitialSet -> effect:SIStukovInfestStructureFriendlyTarget
ability	SIStukovInfestStructureUpgraded	Stukov	ability-with-chain	no	validator	NotUnrepairable	behavior	Unrepairable	Behavior	official-reference	游戏数据/官方SC2原始文本镜像/campaigns/void.sc2campaign/base.sc2data/gamedata/behaviordata.xml	3	ability:SIStukovInfestStructureUpgraded -> effect:SIStukovInfestStructureInitialSet -> validator:NotUnrepairable
ability	SIStukovInfestStructureUpgraded	Stukov	ability-with-chain	no	effect	SIStukovInfestStructureEnemyTarget	validator	EnemyTarget	Validator	official-reference	游戏数据/官方SC2原始文本镜像/mods/liberty.sc2mod/base.sc2data/gamedata/validatordata.xml	3	ability:SIStukovInfestStructureUpgraded -> effect:SIStukovInfestStructureInitialSet -> effect:SIStukovInfestStructureEnemyTarget
ability	SIStukovInfestStructureUpgraded	Stukov	ability-with-chain	no	effect	SIStukovInfestStructureFriendlyTarget	validator	TargetIsNotEnemy	Validator	official-reference	游戏数据/官方SC2原始文本镜像/mods/starcoop/starcoop.sc2mod/base.sc2data/gamedata/validatordata.xml	3	ability:SIStukovInfestStructureUpgraded -> effect:SIStukovInfestStructureInitialSet -> effect:SIStukovInfestStructureFriendlyTarget
ability	Snipe_BlackOps	Nova	ability-with-chain	no	effect	Snipe_BlackOpsTripleTapDelayCP	effect	Snipe_BlackOpsTripleTapSwitch	Effect	xm-dependency	原始mod/Mods/XM/XMNova.SC2Mod/Base.SC2Data/GameData/EffectData.xml	3	ability:Snipe_BlackOps -> effect:Snipe_BlackOpsSet -> effect:Snipe_BlackOpsTripleTapDelayCP
ability	SOADarkPylon	Vorazun	ability-with-chain	no	ability	SOADarkPylon	validator	HasVisionOfTarget	Validator	official-reference	游戏数据/官方SC2原始文本镜像/mods/core.sc2mod/base.sc2data/gamedata/validatordata.xml	1	ability:SOADarkPylon
ability	SOADarkPylon	Vorazun	ability-with-chain	no	ability	SOADarkPylon	effect	SOAProxyPylonVisualAB	Effect	official-reference	游戏数据/官方SC2原始文本镜像/campaigns/void.sc2campaign/base.sc2data/gamedata/effectdata.xml	1	ability:SOADarkPylon
ability	SOAMapWideChrono	Karax	ability-with-chain	no	effect	SOAMapWideChronoAB	validator	ValidChronoBoostTarget	Validator	official-reference	游戏数据/官方SC2原始文本镜像/mods/starcoop/starcoop.sc2mod/base.sc2data/gamedata/validatordata.xml	3	ability:SOAMapWideChrono -> effect:SOAMapWideChronoSearch -> effect:SOAMapWideChronoAB
ability	SOAMapWideChrono	Karax	ability-with-chain	no	effect	SOAMapWideChronoAB	validator	IsStructure	Validator	official-reference	游戏数据/官方SC2原始文本镜像/mods/liberty.sc2mod/base.sc2data/gamedata/validatordata.xml	3	ability:SOAMapWideChrono -> effect:SOAMapWideChronoSearch -> effect:SOAMapWideChronoAB
ability	SOAMapWideChrono	Karax	ability-with-chain	no	effect	SOAMapWideChronoAB	validator	NotDeadOrConstruction	Validator	official-reference	游戏数据/官方SC2原始文本镜像/mods/liberty.sc2mod/base.sc2data/gamedata/validatordata.xml	3	ability:SOAMapWideChrono -> effect:SOAMapWideChronoSearch -> effect:SOAMapWideChronoAB
ability	SOAOrbitalStrikeActivate	Artanis	external-official-reference-node	no			ability	SOAOrbitalStrikeActivate	profile-root	official-reference	游戏数据/官方SC2原始文本镜像/campaigns/void.sc2campaign/base.sc2data/gamedata/abildata.xml	0	ability:SOAOrbitalStrikeActivate
ability	SOAOrbitalStrikeExecute	Artanis	external-official-reference-node	no			ability	SOAOrbitalStrikeExecute	profile-root	official-reference	游戏数据/官方SC2原始文本镜像/campaigns/void.sc2campaign/base.sc2data/gamedata/abildata.xml	0	ability:SOAOrbitalStrikeExecute
ability	SOAOrbitalStrikeKarax	Karax	ability-with-chain	no	ability	SOAOrbitalStrikeKarax	requirement	HaveSOAOrbitalStrike	Requirements	official-reference	游戏数据/官方SC2原始文本镜像/campaigns/void.sc2campaign/base.sc2data/gamedata/requirementdata.xml	1	ability:SOAOrbitalStrikeKarax
ability	SOAOrbitalStrikeKarax	Karax	ability-with-chain	no	effect	SOAOrbitalStrikeImpactSet	effect	SOAOrbitalStrikeImpactDummy	Effect	official-reference	游戏数据/官方SC2原始文本镜像/campaigns/void.sc2campaign/base.sc2data/gamedata/effectdata.xml	3	ability:SOAOrbitalStrikeKarax -> effect:SOAOrbitalStrikeCP -> effect:SOAOrbitalStrikeImpactSet
ability	SOAOrbitalStrikeKarax	Karax	ability-with-chain	no	effect	SOAOrbitalStrikeDamageSet	effect	SOAOrbitalStrikeDamage	Effect	official-reference	游戏数据/官方SC2原始文本镜像/campaigns/void.sc2campaign/base.sc2data/gamedata/effectdata.xml	3	ability:SOAOrbitalStrikeKarax -> effect:SOAOrbitalStrikeImpactSearch -> effect:SOAOrbitalStrikeDamageSet
ability	SOAOrbitalStrikeKarax	Karax	ability-with-chain	no	effect	SOAOrbitalStrikeDamageSet	effect	OrbitalStrikeStunSet	Effect	official-reference	游戏数据/官方SC2原始文本镜像/mods/starcoop/starcoop.sc2mod/base.sc2data/gamedata/effectdata.xml	3	ability:SOAOrbitalStrikeKarax -> effect:SOAOrbitalStrikeImpactSearch -> effect:SOAOrbitalStrikeDamageSet
ability	SOAPylonPower	Artanis	ability-with-chain	no	effect	SOAPylonPowerCoopCreateSet	effect	SOAPylonPowerCoopRB	Effect	official-reference	游戏数据/官方SC2原始文本镜像/mods/starcoop/starcoop.sc2mod/base.sc2data/gamedata/effectdata.xml	3	ability:SOAPylonPower -> effect:SOAPylonPowerCoop -> effect:SOAPylonPowerCoopCreateSet
ability	SOAPylonPower	Artanis	ability-with-chain	no	effect	SOAPylonPowerCoopCreateUnitSet	effect	SOAPylonPowerCoopAB	Effect	official-reference	游戏数据/官方SC2原始文本镜像/mods/starcoop/starcoop.sc2mod/base.sc2data/gamedata/effectdata.xml	3	ability:SOAPylonPower -> effect:SOAPylonPowerCoop -> effect:SOAPylonPowerCoopCreateUnitSet
ability	SOAPylonPower	Artanis	ability-with-chain	no	effect	SOAPylonPowerCoopCreateUnitSet	effect	SOAPylonPowerCoopCU	Effect	official-reference	游戏数据/官方SC2原始文本镜像/mods/starcoop/starcoop.sc2mod/base.sc2data/gamedata/effectdata.xml	3	ability:SOAPylonPower -> effect:SOAPylonPowerCoop -> effect:SOAPylonPowerCoopCreateUnitSet
ability	SOAPylonPower	Artanis	ability-with-chain	no	effect	SOAPylonPowerCoopCreateUnitSet	effect	SOAPylonPowerCoopCUAllySearch	Effect	official-reference	游戏数据/官方SC2原始文本镜像/mods/starcoop/starcoop.sc2mod/base.sc2data/gamedata/effectdata.xml	3	ability:SOAPylonPower -> effect:SOAPylonPowerCoop -> effect:SOAPylonPowerCoopCreateUnitSet
ability	SOAShadowGuardCalldown	Vorazun	ability-with-chain	no	effect	ShadowGuardCU	validator	Pathable	Validator	official-reference	游戏数据/官方SC2原始文本镜像/mods/core.sc2mod/base.sc2data/gamedata/validatordata.xml	2	ability:SOAShadowGuardCalldown -> effect:ShadowGuardCU
ability	SOAShadowGuardCalldown	Vorazun	ability-with-chain	no	effect	ShadowGuardSpawnSet	effect	ShadowGuardSpawnMakePrecursorAB	Effect	official-reference	游戏数据/官方SC2原始文本镜像/mods/starcoop/starcoop.sc2mod/base.sc2data/gamedata/effectdata.xml	3	ability:SOAShadowGuardCalldown -> effect:ShadowGuardCU -> effect:ShadowGuardSpawnSet
ability	SOAShadowGuardCalldown	Vorazun	ability-with-chain	no	effect	ShadowGuardSpawnSet	effect	ShadowGuardSpawnDelayAB	Effect	official-reference	游戏数据/官方SC2原始文本镜像/mods/starcoop/starcoop.sc2mod/base.sc2data/gamedata/effectdata.xml	3	ability:SOAShadowGuardCalldown -> effect:ShadowGuardCU -> effect:ShadowGuardSpawnSet
ability	SOAShadowGuardCalldown	Vorazun	ability-with-chain	no	effect	ShadowGuardSpawnSet	effect	CommanderPrestigeVorazunTimeStopDeathWatch	Effect	official-reference	游戏数据/官方SC2原始文本镜像/mods/starcoop/starcoop.sc2mod/base.sc2data/gamedata/effectdata.xml	3	ability:SOAShadowGuardCalldown -> effect:ShadowGuardCU -> effect:ShadowGuardSpawnSet
ability	SOAShadowGuardCalldown	Vorazun	ability-with-chain	no	unit	VorazunShadowGuard	ability	Warpable	AbilArray.Link	official-reference	游戏数据/官方SC2原始文本镜像/mods/liberty.sc2mod/base.sc2data/gamedata/abildata.xml	3	ability:SOAShadowGuardCalldown -> effect:ShadowGuardCU -> unit:VorazunShadowGuard
ability	SOAShadowGuardCalldown	Vorazun	ability-with-chain	no	unit	VorazunShadowGuard	ability	ShadowGuardShadowDash	AbilArray.Link	official-reference	游戏数据/官方SC2原始文本镜像/mods/starcoop/starcoop.sc2mod/base.sc2data/gamedata/abildata.xml	3	ability:SOAShadowGuardCalldown -> effect:ShadowGuardCU -> unit:VorazunShadowGuard
ability	SOAShadowGuardCalldown	Vorazun	ability-with-chain	no	unit	VorazunShadowGuard	ability	ShadowGuardShadowFury	AbilArray.Link	official-reference	游戏数据/官方SC2原始文本镜像/mods/starcoop/starcoop.sc2mod/base.sc2data/gamedata/abildata.xml	3	ability:SOAShadowGuardCalldown -> effect:ShadowGuardCU -> unit:VorazunShadowGuard
ability	SOAShadowGuardCalldown	Vorazun	ability-with-chain	no	unit	VorazunShadowGuard	ability	ShadowGuardVoidStasis	AbilArray.Link	official-reference	游戏数据/官方SC2原始文本镜像/mods/starcoop/starcoop.sc2mod/base.sc2data/gamedata/abildata.xml	3	ability:SOAShadowGuardCalldown -> effect:ShadowGuardCU -> unit:VorazunShadowGuard
ability	SOAShadowGuardCalldown	Vorazun	ability-with-chain	no	unit	VorazunShadowGuard	behavior	ShadowGuardDetectionDisableAura	BehaviorArray	official-reference	游戏数据/官方SC2原始文本镜像/mods/starcoop/starcoop.sc2mod/base.sc2data/gamedata/behaviordata.xml	3	ability:SOAShadowGuardCalldown -> effect:ShadowGuardCU -> unit:VorazunShadowGuard
ability	SOAShadowGuardCalldown	Vorazun	ability-with-chain	no	unit	VorazunShadowGuard	behavior	VoidDetectorRadar	BehaviorArray	official-reference	游戏数据/官方SC2原始文本镜像/campaigns/void.sc2campaign/base.sc2data/gamedata/behaviordata.xml	3	ability:SOAShadowGuardCalldown -> effect:ShadowGuardCU -> unit:VorazunShadowGuard
ability	SOAShadowGuardCalldown	Vorazun	ability-with-chain	no	unit	VorazunShadowGuard	weapon	DarkTemplarChampionWeapon	WeaponArray.Link	official-reference	游戏数据/官方SC2原始文本镜像/campaigns/void.sc2campaign/base.sc2data/gamedata/weapondata.xml	3	ability:SOAShadowGuardCalldown -> effect:ShadowGuardCU -> unit:VorazunShadowGuard
ability	SOAShadowGuardCalldown	Vorazun	ability-with-chain	no	unit	VorazunShadowGuard	ability	ShadowGuardShadowDash	AbilCmd	official-reference	游戏数据/官方SC2原始文本镜像/mods/starcoop/starcoop.sc2mod/base.sc2data/gamedata/abildata.xml	3	ability:SOAShadowGuardCalldown -> effect:ShadowGuardCU -> unit:VorazunShadowGuard
ability	SOAShadowGuardCalldown	Vorazun	ability-with-chain	no	unit	VorazunShadowGuard	ability	ShadowGuardShadowFury	AbilCmd	official-reference	游戏数据/官方SC2原始文本镜像/mods/starcoop/starcoop.sc2mod/base.sc2data/gamedata/abildata.xml	3	ability:SOAShadowGuardCalldown -> effect:ShadowGuardCU -> unit:VorazunShadowGuard
ability	SOAShadowGuardCalldown	Vorazun	ability-with-chain	no	unit	VorazunShadowGuard	ability	ShadowGuardVoidStasis	AbilCmd	official-reference	游戏数据/官方SC2原始文本镜像/mods/starcoop/starcoop.sc2mod/base.sc2data/gamedata/abildata.xml	3	ability:SOAShadowGuardCalldown -> effect:ShadowGuardCU -> unit:VorazunShadowGuard
ability	SOAShadowGuardCalldown	Vorazun	ability-with-chain	no	unit	VorazunShadowGuard	button	ShadowGuardBlink	Face	official-reference	游戏数据/官方SC2原始文本镜像/mods/starcoop/starcoop.sc2mod/base.sc2data/gamedata/buttondata.xml	3	ability:SOAShadowGuardCalldown -> effect:ShadowGuardCU -> unit:VorazunShadowGuard
ability	SOAShadowGuardCalldown	Vorazun	ability-with-chain	no	unit	VorazunShadowGuard	button	VoidShadowGuardShadowFury	Face	official-reference	游戏数据/官方SC2原始文本镜像/mods/starcoop/starcoop.sc2mod/base.sc2data/gamedata/buttondata.xml	3	ability:SOAShadowGuardCalldown -> effect:ShadowGuardCU -> unit:VorazunShadowGuard
ability	SOAShadowGuardCalldown	Vorazun	ability-with-chain	no	unit	VorazunShadowGuard	button	ShadowGuardPermanentlyCloaked	Face	official-reference	游戏数据/官方SC2原始文本镜像/mods/starcoop/starcoop.sc2mod/base.sc2data/gamedata/buttondata.xml	3	ability:SOAShadowGuardCalldown -> effect:ShadowGuardCU -> unit:VorazunShadowGuard
ability	SOAStrafeAttack	Artanis	external-official-reference-node	no			ability	SOAStrafeAttack	profile-root	official-reference	游戏数据/官方SC2原始文本镜像/campaigns/void.sc2campaign/base.sc2data/gamedata/abildata.xml	0	ability:SOAStrafeAttack
ability	SOAStrafeAttackExecute	Artanis	external-official-reference-node	no			ability	SOAStrafeAttackExecute	profile-root	official-reference	游戏数据/官方SC2原始文本镜像/campaigns/void.sc2campaign/base.sc2data/gamedata/abildata.xml	0	ability:SOAStrafeAttackExecute
ability	SOASummonFenix	Fenix	ability-with-chain	no	effect	SOASummonFenixHeroSummonCasterBehaviorCleanup	effect	SOASummonFenixActiveRB	Effect	xm-dependency	原始mod/Mods/XM/XMCoopMutators.SC2Mod/Base.SC2Data/GameData/EffectData.xml	3	ability:SOASummonFenix -> effect:SOASummonFenixInitialSet -> effect:SOASummonFenixHeroSummonCasterBehaviorCleanup
ability	SOASummonFenix	Fenix	ability-with-chain	no	effect	SOASummonFenixHeroSummonCasterBehaviorCleanup	effect	SOASummonFenixDragoonActiveRB	Effect	xm-dependency	原始mod/Mods/XM/XMCoopMutators.SC2Mod/Base.SC2Data/GameData/EffectData.xml	3	ability:SOASummonFenix -> effect:SOASummonFenixInitialSet -> effect:SOASummonFenixHeroSummonCasterBehaviorCleanup
ability	SOASummonFenix	Fenix	ability-with-chain	no	effect	SOASummonFenixHeroSummonCasterBehaviorCleanup	effect	SOASummonFenixArbiterActiveRB	Effect	xm-dependency	原始mod/Mods/XM/XMCoopMutators.SC2Mod/Base.SC2Data/GameData/EffectData.xml	3	ability:SOASummonFenix -> effect:SOASummonFenixInitialSet -> effect:SOASummonFenixHeroSummonCasterBehaviorCleanup
ability	SOASummonFenix	Fenix	ability-with-chain	no	effect	SOASummonFenixCU	validator	HasVision	Validator	official-reference	游戏数据/官方SC2原始文本镜像/mods/liberty.sc2mod/base.sc2data/gamedata/validatordata.xml	3	ability:SOASummonFenix -> effect:SOASummonFenixInitialSet -> effect:SOASummonFenixCU
ability	SOASummonFenix	Fenix	ability-with-chain	no	effect	SOASummonFenixCU	effect	SOASummonFenixSpawnSet	Effect	xm-dependency	原始mod/Mods/XM/XMCoopMutators.SC2Mod/Base.SC2Data/GameData/EffectData.xml	3	ability:SOASummonFenix -> effect:SOASummonFenixInitialSet -> effect:SOASummonFenixCU
ability	SOASummonFenix	Fenix	ability-with-chain	no	effect	SOASummonFenixCU	unit	FenixCoop	Unit	official-reference	游戏数据/官方SC2原始文本镜像/mods/starcoop/starcoop.sc2mod/base.sc2data/gamedata/unitdata.xml	3	ability:SOASummonFenix -> effect:SOASummonFenixInitialSet -> effect:SOASummonFenixCU
ability	SOASummonFenix	Fenix	ability-with-chain	no	effect	SOASummonFenixActiveAB	behavior	SOASummonFenixActive	Behavior	official-reference	游戏数据/官方SC2原始文本镜像/mods/starcoop/starcoop.sc2mod/base.sc2data/gamedata/behaviordata.xml	3	ability:SOASummonFenix -> effect:SOASummonFenixInitialSet -> effect:SOASummonFenixActiveAB
ability	SOASummonFenixArbiter	Fenix	ability-with-chain	no	effect	SOASummonFenixHeroSummonCasterBehaviorCleanup	effect	SOASummonFenixActiveRB	Effect	xm-dependency	原始mod/Mods/XM/XMCoopMutators.SC2Mod/Base.SC2Data/GameData/EffectData.xml	3	ability:SOASummonFenixArbiter -> effect:SOASummonFenixArbiterInitialSet -> effect:SOASummonFenixHeroSummonCasterBehaviorCleanup
ability	SOASummonFenixArbiter	Fenix	ability-with-chain	no	effect	SOASummonFenixHeroSummonCasterBehaviorCleanup	effect	SOASummonFenixDragoonActiveRB	Effect	xm-dependency	原始mod/Mods/XM/XMCoopMutators.SC2Mod/Base.SC2Data/GameData/EffectData.xml	3	ability:SOASummonFenixArbiter -> effect:SOASummonFenixArbiterInitialSet -> effect:SOASummonFenixHeroSummonCasterBehaviorCleanup
ability	SOASummonFenixArbiter	Fenix	ability-with-chain	no	effect	SOASummonFenixHeroSummonCasterBehaviorCleanup	effect	SOASummonFenixArbiterActiveRB	Effect	xm-dependency	原始mod/Mods/XM/XMCoopMutators.SC2Mod/Base.SC2Data/GameData/EffectData.xml	3	ability:SOASummonFenixArbiter -> effect:SOASummonFenixArbiterInitialSet -> effect:SOASummonFenixHeroSummonCasterBehaviorCleanup
ability	SOASummonFenixArbiter	Fenix	ability-with-chain	no	effect	SOASummonFenixArbiterCU	validator	HasVision	Validator	official-reference	游戏数据/官方SC2原始文本镜像/mods/liberty.sc2mod/base.sc2data/gamedata/validatordata.xml	3	ability:SOASummonFenixArbiter -> effect:SOASummonFenixArbiterInitialSet -> effect:SOASummonFenixArbiterCU
ability	SOASummonFenixArbiter	Fenix	ability-with-chain	no	effect	SOASummonFenixArbiterCU	effect	SOASummonFenixArbiterSpawnSet	Effect	xm-dependency	原始mod/Mods/XM/XMCoopMutators.SC2Mod/Base.SC2Data/GameData/EffectData.xml	3	ability:SOASummonFenixArbiter -> effect:SOASummonFenixArbiterInitialSet -> effect:SOASummonFenixArbiterCU
ability	SOASummonFenixArbiter	Fenix	ability-with-chain	no	effect	SOASummonFenixArbiterCU	unit	FenixArbiter	Unit	official-reference	游戏数据/官方SC2原始文本镜像/mods/starcoop/starcoop.sc2mod/base.sc2data/gamedata/unitdata.xml	3	ability:SOASummonFenixArbiter -> effect:SOASummonFenixArbiterInitialSet -> effect:SOASummonFenixArbiterCU
ability	SOASummonFenixArbiter	Fenix	ability-with-chain	no	effect	SOASummonFenixArbiterActiveAB	behavior	SOASummonFenixArbiterActive	Behavior	official-reference	游戏数据/官方SC2原始文本镜像/mods/starcoop/starcoop.sc2mod/base.sc2data/gamedata/behaviordata.xml	3	ability:SOASummonFenixArbiter -> effect:SOASummonFenixArbiterInitialSet -> effect:SOASummonFenixArbiterActiveAB
ability	SOASummonFenixDragoon	Fenix	ability-with-chain	no	effect	SOASummonFenixHeroSummonCasterBehaviorCleanup	effect	SOASummonFenixActiveRB	Effect	xm-dependency	原始mod/Mods/XM/XMCoopMutators.SC2Mod/Base.SC2Data/GameData/EffectData.xml	3	ability:SOASummonFenixDragoon -> effect:SOASummonFenixDragoonInitialSet -> effect:SOASummonFenixHeroSummonCasterBehaviorCleanup
ability	SOASummonFenixDragoon	Fenix	ability-with-chain	no	effect	SOASummonFenixHeroSummonCasterBehaviorCleanup	effect	SOASummonFenixDragoonActiveRB	Effect	xm-dependency	原始mod/Mods/XM/XMCoopMutators.SC2Mod/Base.SC2Data/GameData/EffectData.xml	3	ability:SOASummonFenixDragoon -> effect:SOASummonFenixDragoonInitialSet -> effect:SOASummonFenixHeroSummonCasterBehaviorCleanup
ability	SOASummonFenixDragoon	Fenix	ability-with-chain	no	effect	SOASummonFenixHeroSummonCasterBehaviorCleanup	effect	SOASummonFenixArbiterActiveRB	Effect	xm-dependency	原始mod/Mods/XM/XMCoopMutators.SC2Mod/Base.SC2Data/GameData/EffectData.xml	3	ability:SOASummonFenixDragoon -> effect:SOASummonFenixDragoonInitialSet -> effect:SOASummonFenixHeroSummonCasterBehaviorCleanup
ability	SOASummonFenixDragoon	Fenix	ability-with-chain	no	effect	SOASummonFenixDragoonCU	validator	HasVision	Validator	official-reference	游戏数据/官方SC2原始文本镜像/mods/liberty.sc2mod/base.sc2data/gamedata/validatordata.xml	3	ability:SOASummonFenixDragoon -> effect:SOASummonFenixDragoonInitialSet -> effect:SOASummonFenixDragoonCU
ability	SOASummonFenixDragoon	Fenix	ability-with-chain	no	effect	SOASummonFenixDragoonCU	effect	SOASummonFenixDragoonSpawnSet	Effect	xm-dependency	原始mod/Mods/XM/XMCoopMutators.SC2Mod/Base.SC2Data/GameData/EffectData.xml	3	ability:SOASummonFenixDragoon -> effect:SOASummonFenixDragoonInitialSet -> effect:SOASummonFenixDragoonCU
ability	SOASummonFenixDragoon	Fenix	ability-with-chain	no	effect	SOASummonFenixDragoonCU	unit	FenixDragoon	Unit	official-reference	游戏数据/官方SC2原始文本镜像/mods/starcoop/starcoop.sc2mod/base.sc2data/gamedata/unitdata.xml	3	ability:SOASummonFenixDragoon -> effect:SOASummonFenixDragoonInitialSet -> effect:SOASummonFenixDragoonCU
ability	SOASummonFenixDragoon	Fenix	ability-with-chain	no	effect	SOASummonFenixDragoonActiveAB	behavior	SOASummonFenixDragoonActive	Behavior	official-reference	游戏数据/官方SC2原始文本镜像/mods/starcoop/starcoop.sc2mod/base.sc2data/gamedata/behaviordata.xml	3	ability:SOASummonFenixDragoon -> effect:SOASummonFenixDragoonInitialSet -> effect:SOASummonFenixDragoonActiveAB
ability	SoASuperShield	Artanis	external-official-reference-node	no			ability	SoASuperShield	profile-root	official-reference	游戏数据/官方SC2原始文本镜像/campaigns/void.sc2campaign/base.sc2data/gamedata/abildata.xml	0	ability:SoASuperShield
ability	SOAThermalLanceExecute	Karax	ability-with-chain	no	effect	SOASolarLanceFireBeamInitialCP	effect	SOASolarLanceFireBeamCP	Effect	official-reference	游戏数据/官方SC2原始文本镜像/mods/starcoop/starcoop.sc2mod/base.sc2data/gamedata/effectdata.xml	3	ability:SOAThermalLanceExecute -> effect:SOAThermalLanceSet -> effect:SOASolarLanceFireBeamInitialCP
ability	SOATimeFreeze	Vorazun	external-official-reference-node	no			ability	SOATimeFreeze	profile-root	official-reference	游戏数据/官方SC2原始文本镜像/campaigns/void.sc2campaign/base.sc2data/gamedata/abildata.xml	0	ability:SOATimeFreeze
ability	SpecialDelivery	Swann	ability-with-chain	no	effect	SpecialDeliveryInitialSet	validator	Pathable	Validator	official-reference	游戏数据/官方SC2原始文本镜像/mods/core.sc2mod/base.sc2data/gamedata/validatordata.xml	2	ability:SpecialDelivery -> effect:SpecialDeliveryInitialSet
ability	SpecialDelivery	Swann	ability-with-chain	no	effect	SpecialDeliveryCU	effect	SpecialDeliveryDropSet	Effect	official-reference	游戏数据/官方SC2原始文本镜像/mods/starcoop/starcoop.sc2mod/base.sc2data/gamedata/effectdata.xml	3	ability:SpecialDelivery -> effect:SpecialDeliveryInitialSet -> effect:SpecialDeliveryCU
ability	SpecialDelivery	Swann	ability-with-chain	no	effect	DropPodStunSet	effect	DropPodStunAB	Effect	official-reference	游戏数据/官方SC2原始文本镜像/mods/starcoop/starcoop.sc2mod/base.sc2data/gamedata/effectdata.xml	3	ability:SpecialDelivery -> effect:DropPodStunSearch -> effect:DropPodStunSet
ability	SpecialDelivery	Swann	ability-with-chain	no	effect	DropPodStunSet	effect	DropPodSlowAB	Effect	official-reference	游戏数据/官方SC2原始文本镜像/mods/starcoop/starcoop.sc2mod/base.sc2data/gamedata/effectdata.xml	3	ability:SpecialDelivery -> effect:DropPodStunSearch -> effect:DropPodStunSet
ability	StukovInfestedSiegeTankDeepTunnel	Stukov	ability-with-chain	no	effect	StukovInfestedSiegeTankDeepTunnelCU	validator	TargetPointIsCreep	Validator	official-reference	游戏数据/官方SC2原始文本镜像/mods/liberty.sc2mod/base.sc2data/gamedata/validatordata.xml	2	ability:StukovInfestedSiegeTankDeepTunnel -> effect:StukovInfestedSiegeTankDeepTunnelCU
ability	StukovInfestedSiegeTankDeepTunnel	Stukov	ability-with-chain	no	effect	StukovInfestedSiegeTankDeepTunnelTeleportSet	effect	StukovInfestedSiegeTankDeepTunnelTeleport	Effect	xm-dependency	原始mod/Mods/XM/XMCoopMutators.SC2Mod/Base.SC2Data/GameData/EffectData.xml	3	ability:StukovInfestedSiegeTankDeepTunnel -> effect:StukovInfestedSiegeTankDeepTunnelCU -> effect:StukovInfestedSiegeTankDeepTunnelTeleportSet
ability	StukovInfestedSiegeTankDeepTunnel	Stukov	ability-with-chain	no	unit	StukovInfestedSiegeTankDeepTunnelPlacementUnit	behavior	ImpalerPlacementRemove	BehaviorArray	official-reference	游戏数据/官方SC2原始文本镜像/mods/starcoop/starcoop.sc2mod/base.sc2data/gamedata/behaviordata.xml	3	ability:StukovInfestedSiegeTankDeepTunnel -> effect:StukovInfestedSiegeTankDeepTunnelCU -> unit:StukovInfestedSiegeTankDeepTunnelPlacementUnit
ability	StukovInfestedSiegeTankUproot	Stukov	ability-with-chain	no	behavior	StukovInfestedSiegeTankOnCreep	validator	OnCreep	Validator	official-reference	游戏数据/官方SC2原始文本镜像/mods/core.sc2mod/base.sc2data/gamedata/validatordata.xml	3	ability:StukovInfestedSiegeTankUproot -> unit:StukovInfestedSiegeTankUprooted -> behavior:StukovInfestedSiegeTankOnCreep
ability	StukovSummonAleksander	Stukov	ability-with-chain	no	effect	StukovSummonAleksanderCU	validator	HasVision	Validator	official-reference	游戏数据/官方SC2原始文本镜像/mods/liberty.sc2mod/base.sc2data/gamedata/validatordata.xml	2	ability:StukovSummonAleksander -> effect:StukovSummonAleksanderCU
ability	StukovSummonAleksander	Stukov	ability-with-chain	no	unit	StukovAleksander	behavior	MercAirDrop	BehaviorArray	official-reference	游戏数据/官方SC2原始文本镜像/campaigns/liberty.sc2campaign/base.sc2data/gamedata/behaviordata.xml	2	ability:StukovSummonAleksander -> unit:StukovAleksander
ability	StukovSummonAleksander	Stukov	ability-with-chain	no	effect	StukovSummonAleksanderSet	effect	StukovSummonAleksanderTimedLifeAB	Effect	xm-dependency	原始mod/Mods/XM/XMCoopMutators.SC2Mod/Base.SC2Data/GameData/EffectData.xml	3	ability:StukovSummonAleksander -> effect:StukovSummonAleksanderCU -> effect:StukovSummonAleksanderSet
ability	StukovSummonAleksander	Stukov	ability-with-chain	no	ability	StukovAleksanderCrashed	effect	StukovAleksanderCrashedDamageSearch	Effect	xm-dependency	原始mod/Mods/XM/XMCoopMutators.SC2Mod/Base.SC2Data/GameData/EffectData.xml	3	ability:StukovSummonAleksander -> unit:StukovAleksander -> ability:StukovAleksanderCrashed
ability	StukovSummonAleksander	Stukov	ability-with-chain	no	ability	StukovAleksanderCrashedInstant	effect	StukovAleksanderCrashedToAPathableLocationPrecursor	Effect	xm-dependency	原始mod/Mods/XM/XMCoopMutators.SC2Mod/Base.SC2Data/GameData/EffectData.xml	3	ability:StukovSummonAleksander -> unit:StukovAleksander -> ability:StukovAleksanderCrashedInstant
ability	StukovSummonAleksander	Stukov	ability-with-chain	no	behavior	StukovAleksanderInfestedSwarm	effect	StukovAleksanderInfestedSwarmSearch	Effect	xm-dependency	原始mod/Mods/XM/XMCoopMutators.SC2Mod/Base.SC2Data/GameData/EffectData.xml	3	ability:StukovSummonAleksander -> unit:StukovAleksander -> behavior:StukovAleksanderInfestedSwarm
ability	StukovSummonAleksander	Stukov	ability-with-chain	no	weapon	StukovAleksanderInfestedCannon	effect	StukovAleksanderInfestedDropPodLaunchMissileDamage	Effect	official-reference	游戏数据/官方SC2原始文本镜像/mods/starcoop/starcoop.sc2mod/base.sc2data/gamedata/effectdata.xml	3	ability:StukovSummonAleksander -> unit:StukovAleksander -> weapon:StukovAleksanderInfestedCannon
ability	StukovSummonAleksander	Stukov	ability-with-chain	no	weapon	StukovAleksanderInfestedCannon	effect	StukovAleksanderInfestedDropPod	Effect	xm-dependency	原始mod/Mods/XM/XMCoopMutators.SC2Mod/Base.SC2Data/GameData/EffectData.xml	3	ability:StukovSummonAleksander -> unit:StukovAleksander -> weapon:StukovAleksanderInfestedCannon
ability	StukovSummonAleksander	Stukov	ability-with-chain	no	weapon	StukovAleksanderTentacleDisplayWeapon	effect	StukovAleksanderAirStunDamageVisual	Effect	xm-dependency	原始mod/Mods/XM/XMCoopMutators.SC2Mod/Base.SC2Data/GameData/EffectData.xml	3	ability:StukovSummonAleksander -> unit:StukovAleksander -> weapon:StukovAleksanderTentacleDisplayWeapon
ability	StukovSummonApocalisk	Stukov	ability-with-chain	no	effect	StukovSummonApocaliskCU	validator	HasVision	Validator	official-reference	游戏数据/官方SC2原始文本镜像/mods/liberty.sc2mod/base.sc2data/gamedata/validatordata.xml	2	ability:StukovSummonApocalisk -> effect:StukovSummonApocaliskCU
ability	StukovSummonApocalisk	Stukov	ability-with-chain	no	unit	StukovApocalisk	behavior	Frenzy	BehaviorArray	official-reference	游戏数据/官方SC2原始文本镜像/mods/liberty.sc2mod/base.sc2data/gamedata/behaviordata.xml	2	ability:StukovSummonApocalisk -> unit:StukovApocalisk
ability	StukovSummonApocalisk	Stukov	ability-with-chain	no	effect	StukovSummonApocaliskSet	effect	StukovSummonApocaliskBirthingAB	Effect	xm-dependency	原始mod/Mods/XM/XMCoopMutators.SC2Mod/Base.SC2Data/GameData/EffectData.xml	3	ability:StukovSummonApocalisk -> effect:StukovSummonApocaliskCU -> effect:StukovSummonApocaliskSet
ability	StukovSummonApocalisk	Stukov	ability-with-chain	no	ability	SIClusterRockets	validator	ApocaliskRocketSmartTarget	Validator	official-reference	游戏数据/官方SC2原始文本镜像/mods/starcoop/starcoop.sc2mod/base.sc2data/gamedata/validatordata.xml	3	ability:StukovSummonApocalisk -> unit:StukovApocalisk -> ability:SIClusterRockets
ability	StukovSummonApocalisk	Stukov	ability-with-chain	no	ability	SIClusterRockets	effect	SIClusterRocketsBurstPersistent	Effect	xm-dependency	原始mod/Mods/XM/XMStukov.SC2Mod/Base.SC2Data/GameData/EffectData.xml	3	ability:StukovSummonApocalisk -> unit:StukovApocalisk -> ability:SIClusterRockets
ability	StukovSummonApocalisk	Stukov	ability-with-chain	no	ability	SIClusterRockets	effect	SIClusterRocketsDamage	Effect	xm-dependency	原始mod/Mods/XM/XMStukov.SC2Mod/Base.SC2Data/GameData/EffectData.xml	3	ability:StukovSummonApocalisk -> unit:StukovApocalisk -> ability:SIClusterRockets
ability	StukovSummonApocalisk	Stukov	ability-with-chain	no	ability	ApocaliskBurrowCharge	effect	ApocaliskBurrowChargeSwitch	Effect	xm-dependency	原始mod/Mods/XM/XMStukov.SC2Mod/Base.SC2Data/GameData/EffectData.xml	3	ability:StukovSummonApocalisk -> unit:StukovApocalisk -> ability:ApocaliskBurrowCharge
ability	StukovSummonApocalisk	Stukov	ability-with-chain	no	weapon	ApocaliskBlades	effect	ApocaliskBladesDamage	Effect	xm-dependency	原始mod/Mods/XM/XMCoopMutators.SC2Mod/Base.SC2Data/GameData/EffectData.xml	3	ability:StukovSummonApocalisk -> unit:StukovApocalisk -> weapon:ApocaliskBlades
ability	SuicideBuilding	Zagara	ability-with-chain	no	behavior	SuicideBuilding	weapon	Suicide	Weapon	official-reference	游戏数据/官方SC2原始文本镜像/campaigns/liberty.sc2campaign/base.sc2data/gamedata/weapondata.xml	2	ability:SuicideBuilding -> behavior:SuicideBuilding
ability	SuicideBuilding	Zagara	ability-with-chain	no	weapon	SuicideBuilding	effect	SuicideSet	Effect	official-reference	游戏数据/官方SC2原始文本镜像/campaigns/liberty.sc2campaign/base.sc2data/gamedata/effectdata.xml	3	ability:SuicideBuilding -> behavior:SuicideBuilding -> weapon:SuicideBuilding
ability	SuperGaryStetmannOrb	Stetmann	ability-with-chain	no	effect	GaryStetmannOrbEmpoweredInitialPersistent	effect	GaryStetmannOrbEmpoweredLaunchMissile	Effect	xm-dependency	原始mod/Mods/XM/XMStetmann.SC2Mod/Base.SC2Data/GameData/effectdata.xml	3	ability:SuperGaryStetmannOrb -> effect:GaryStetmannOrbInitialSwitch -> effect:GaryStetmannOrbEmpoweredInitialPersistent
ability	SuperGaryStetmannPowerTowerOverchargeEnergy	Stetmann	ability-with-chain	no	effect	PowerTowerOverchargeStetmannAB	validator	IsPowerTower	Validator	xm-dependency	原始mod/Mods/XM/XMStetmann.SC2Mod/Base.SC2Data/GameData/validatordata.xml	3	ability:SuperGaryStetmannPowerTowerOverchargeEnergy -> effect:PowerTowerOverchargeFindTarget -> effect:PowerTowerOverchargeStetmannAB
ability	SuperGaryStetmannPowerTowerOverchargeEnergy	Stetmann	ability-with-chain	no	effect	PowerTowerOverchargeStetmannAB	validator	TargetNotHavePowerTowerOvercharge	Validator	xm-dependency	原始mod/Mods/XM/XMStetmann.SC2Mod/Base.SC2Data/GameData/validatordata.xml	3	ability:SuperGaryStetmannPowerTowerOverchargeEnergy -> effect:PowerTowerOverchargeFindTarget -> effect:PowerTowerOverchargeStetmannAB
ability	SuperGaryStetmannRecall	Stetmann	ability-with-chain	no	effect	GaryStetmannRecallPrepare	validator	IsPowerTower	Validator	xm-dependency	原始mod/Mods/XM/XMStetmann.SC2Mod/Base.SC2Data/GameData/validatordata.xml	3	ability:SuperGaryStetmannRecall -> effect:GaryStetmannRecallFindTarget -> effect:GaryStetmannRecallPrepare
ability	SuperGaryStetmannRecall	Stetmann	ability-with-chain	no	effect	GaryStetmannRecallPrepare	effect	GaryStetmannRecallInvulnerabilityAB	Effect	xm-dependency	原始mod/Mods/XM/XMStetmann.SC2Mod/Base.SC2Data/GameData/effectdata.xml	3	ability:SuperGaryStetmannRecall -> effect:GaryStetmannRecallFindTarget -> effect:GaryStetmannRecallPrepare
ability	SuperGaryStetmannRecall	Stetmann	ability-with-chain	no	effect	GaryStetmannRecallPrepare	effect	GaryStetmannRecallSearch	Effect	xm-dependency	原始mod/Mods/XM/XMStetmann.SC2Mod/Base.SC2Data/GameData/effectdata.xml	3	ability:SuperGaryStetmannRecall -> effect:GaryStetmannRecallFindTarget -> effect:GaryStetmannRecallPrepare
ability	SymbioteCarapace	Abathur	ability-with-chain	no	ability	SymbioteCarapace	button	CommanderKerriganMutatingCarapace	DefaultButtonFace	official-reference	游戏数据/官方SC2原始文本镜像/mods/liberty.sc2mod/base.sc2data/gamedata/buttondata.xml	1	ability:SymbioteCarapace
ability	SymbioteCarapace	Abathur	ability-with-chain	no	ability	SymbioteCarapace	validator	IsNotBuried	Validator	official-reference	游戏数据/官方SC2原始文本镜像/mods/liberty.sc2mod/base.sc2data/gamedata/validatordata.xml	1	ability:SymbioteCarapace
ability	SymbioteCarapace	Abathur	ability-with-chain	no	effect	SymbioteCarapaceTauntAB	behavior	SymbioteCarapaceTaunt	Behavior	official-reference	游戏数据/官方SC2原始文本镜像/mods/starcoop/starcoop.sc2mod/base.sc2data/gamedata/behaviordata.xml	3	ability:SymbioteCarapace -> effect:SymbioteCarapaceSet -> effect:SymbioteCarapaceTauntAB
ability	SymbioteCarapace	Abathur	ability-with-chain	no	effect	SymbioteCarapaceTauntInvulSearch	effect	SymbioteCarapaceTauntInvulAB	EffectAttr	official-reference	游戏数据/官方SC2原始文本镜像/mods/starcoop/starcoop.sc2mod/base.sc2data/gamedata/effectdata.xml	3	ability:SymbioteCarapace -> effect:SymbioteCarapaceSet -> effect:SymbioteCarapaceTauntInvulSearch
ability	TerranBuildMengsk	Mengsk	ability-with-chain	no	ability	TerranBuildMengsk	validator	HasVespene	Validator	official-reference	游戏数据/官方SC2原始文本镜像/mods/liberty.sc2mod/base.sc2data/gamedata/validatordata.xml	1	ability:TerranBuildMengsk
ability	TerranBuildMengsk	Mengsk	ability-with-chain	no	unit	CommandCenterMengsk	behavior	TerranBuildingBurnDown	BehaviorArray	official-reference	游戏数据/官方SC2原始文本镜像/mods/liberty.sc2mod/base.sc2data/gamedata/behaviordata.xml	2	ability:TerranBuildMengsk -> unit:CommandCenterMengsk
ability	TerranBuildMengsk	Mengsk	ability-with-chain	no	unit	CommandCenterMengsk	behavior	CommandCenterQueue	BehaviorArray	official-reference	游戏数据/官方SC2原始文本镜像/campaigns/liberty.sc2campaign/base.sc2data/gamedata/behaviordata.xml	2	ability:TerranBuildMengsk -> unit:CommandCenterMengsk
ability	TerranBuildMengsk	Mengsk	ability-with-chain	no	unit	CommandCenterMengsk	behavior	GameTime5Seconds	BehaviorArray	official-reference	游戏数据/官方SC2原始文本镜像/campaigns/void.sc2campaign/base.sc2data/gamedata/behaviordata.xml	2	ability:TerranBuildMengsk -> unit:CommandCenterMengsk
ability	TerranBuildMengsk	Mengsk	ability-with-chain	no	unit	CommandCenterMengsk	button	OrbitalCommand	Face	official-reference	游戏数据/官方SC2原始文本镜像/mods/liberty.sc2mod/base.sc2data/gamedata/buttondata.xml	2	ability:TerranBuildMengsk -> unit:CommandCenterMengsk
ability	TerranBuildMengsk	Mengsk	ability-with-chain	no	unit	CommandCenterMengsk	button	UpgradeToPlanetaryFortress	Face	official-reference	游戏数据/官方SC2原始文本镜像/mods/liberty.sc2mod/base.sc2data/gamedata/buttondata.xml	2	ability:TerranBuildMengsk -> unit:CommandCenterMengsk
ability	TerranBuildMengsk	Mengsk	ability-with-chain	no	unit	CommandCenterMengsk	button	Lift	Face	official-reference	游戏数据/官方SC2原始文本镜像/mods/liberty.sc2mod/base.sc2data/gamedata/buttondata.xml	2	ability:TerranBuildMengsk -> unit:CommandCenterMengsk
ability	TerranBuildMengsk	Mengsk	ability-with-chain	no	unit	CommandCenterMengsk	button	CancelUpgradeMorph	Face	official-reference	游戏数据/官方SC2原始文本镜像/mods/liberty.sc2mod/base.sc2data/gamedata/buttondata.xml	2	ability:TerranBuildMengsk -> unit:CommandCenterMengsk
ability	TerranBuildMengsk	Mengsk	ability-with-chain	no	unit	CommandCenterMengsk	button	SelectBuilder	Face	official-reference	游戏数据/官方SC2原始文本镜像/mods/liberty.sc2mod/base.sc2data/gamedata/buttondata.xml	2	ability:TerranBuildMengsk -> unit:CommandCenterMengsk
ability	TerranBuildMengsk	Mengsk	ability-with-chain	no	unit	BarracksMengsk	behavior	TerranBuildingBurnDown	BehaviorArray	official-reference	游戏数据/官方SC2原始文本镜像/mods/liberty.sc2mod/base.sc2data/gamedata/behaviordata.xml	2	ability:TerranBuildMengsk -> unit:BarracksMengsk
ability	TerranBuildMengsk	Mengsk	ability-with-chain	no	unit	BarracksMengsk	behavior	ReactorQueue	BehaviorArray	official-reference	游戏数据/官方SC2原始文本镜像/mods/liberty.sc2mod/base.sc2data/gamedata/behaviordata.xml	2	ability:TerranBuildMengsk -> unit:BarracksMengsk
ability	TerranBuildMengsk	Mengsk	ability-with-chain	no	unit	BarracksMengsk	button	Lift	Face	official-reference	游戏数据/官方SC2原始文本镜像/mods/liberty.sc2mod/base.sc2data/gamedata/buttondata.xml	2	ability:TerranBuildMengsk -> unit:BarracksMengsk
ability	TerranBuildMengsk	Mengsk	ability-with-chain	no	unit	BarracksMengsk	button	SelectBuilder	Face	official-reference	游戏数据/官方SC2原始文本镜像/mods/liberty.sc2mod/base.sc2data/gamedata/buttondata.xml	2	ability:TerranBuildMengsk -> unit:BarracksMengsk
ability	TerranBuildMengsk	Mengsk	ability-with-chain	no	unit	EngineeringBayMengsk	behavior	TerranBuildingBurnDown	BehaviorArray	official-reference	游戏数据/官方SC2原始文本镜像/mods/liberty.sc2mod/base.sc2data/gamedata/behaviordata.xml	2	ability:TerranBuildMengsk -> unit:EngineeringBayMengsk
ability	TerranBuildMengsk	Mengsk	ability-with-chain	no	unit	EngineeringBayMengsk	button	SelectBuilder	Face	official-reference	游戏数据/官方SC2原始文本镜像/mods/liberty.sc2mod/base.sc2data/gamedata/buttondata.xml	2	ability:TerranBuildMengsk -> unit:EngineeringBayMengsk
ability	TerranBuildMengsk	Mengsk	ability-with-chain	no	unit	GhostAcademyMengsk	behavior	TerranBuildingBurnDown	BehaviorArray	official-reference	游戏数据/官方SC2原始文本镜像/mods/liberty.sc2mod/base.sc2data/gamedata/behaviordata.xml	2	ability:TerranBuildMengsk -> unit:GhostAcademyMengsk
ability	TerranBuildMengsk	Mengsk	ability-with-chain	no	unit	GhostAcademyMengsk	behavior	ReactorQueue	BehaviorArray	official-reference	游戏数据/官方SC2原始文本镜像/mods/liberty.sc2mod/base.sc2data/gamedata/behaviordata.xml	2	ability:TerranBuildMengsk -> unit:GhostAcademyMengsk
ability	TerranBuildMengsk	Mengsk	ability-with-chain	no	unit	GhostAcademyMengsk	button	SelectBuilder	Face	official-reference	游戏数据/官方SC2原始文本镜像/mods/liberty.sc2mod/base.sc2data/gamedata/buttondata.xml	2	ability:TerranBuildMengsk -> unit:GhostAcademyMengsk
ability	TerranBuildMengsk	Mengsk	ability-with-chain	no	unit	FactoryMengsk	ability	TrainKorhalMercenaries	AbilArray.Link	official-reference	游戏数据/官方SC2原始文本镜像/campaigns/swarm.sc2campaign/base.sc2data/gamedata/abildata.xml	2	ability:TerranBuildMengsk -> unit:FactoryMengsk
ability	TerranBuildMengsk	Mengsk	ability-with-chain	no	unit	FactoryMengsk	behavior	TerranBuildingBurnDown	BehaviorArray	official-reference	游戏数据/官方SC2原始文本镜像/mods/liberty.sc2mod/base.sc2data/gamedata/behaviordata.xml	2	ability:TerranBuildMengsk -> unit:FactoryMengsk
ability	TerranBuildMengsk	Mengsk	ability-with-chain	no	unit	FactoryMengsk	behavior	ReactorQueue	BehaviorArray	official-reference	游戏数据/官方SC2原始文本镜像/mods/liberty.sc2mod/base.sc2data/gamedata/behaviordata.xml	2	ability:TerranBuildMengsk -> unit:FactoryMengsk
ability	TerranBuildMengsk	Mengsk	ability-with-chain	no	unit	FactoryMengsk	button	Lift	Face	official-reference	游戏数据/官方SC2原始文本镜像/mods/liberty.sc2mod/base.sc2data/gamedata/buttondata.xml	2	ability:TerranBuildMengsk -> unit:FactoryMengsk
ability	TerranBuildMengsk	Mengsk	ability-with-chain	no	unit	FactoryMengsk	button	SelectBuilder	Face	official-reference	游戏数据/官方SC2原始文本镜像/mods/liberty.sc2mod/base.sc2data/gamedata/buttondata.xml	2	ability:TerranBuildMengsk -> unit:FactoryMengsk
ability	TerranBuildMengsk	Mengsk	ability-with-chain	no	unit	StarportMengsk	behavior	TerranBuildingBurnDown	BehaviorArray	official-reference	游戏数据/官方SC2原始文本镜像/mods/liberty.sc2mod/base.sc2data/gamedata/behaviordata.xml	2	ability:TerranBuildMengsk -> unit:StarportMengsk
ability	TerranBuildMengsk	Mengsk	ability-with-chain	no	unit	StarportMengsk	behavior	ReactorQueue	BehaviorArray	official-reference	游戏数据/官方SC2原始文本镜像/mods/liberty.sc2mod/base.sc2data/gamedata/behaviordata.xml	2	ability:TerranBuildMengsk -> unit:StarportMengsk
ability	TerranBuildMengsk	Mengsk	ability-with-chain	no	unit	StarportMengsk	button	Lift	Face	official-reference	游戏数据/官方SC2原始文本镜像/mods/liberty.sc2mod/base.sc2data/gamedata/buttondata.xml	2	ability:TerranBuildMengsk -> unit:StarportMengsk
ability	TerranBuildMengsk	Mengsk	ability-with-chain	no	unit	StarportMengsk	button	SelectBuilder	Face	official-reference	游戏数据/官方SC2原始文本镜像/mods/liberty.sc2mod/base.sc2data/gamedata/buttondata.xml	2	ability:TerranBuildMengsk -> unit:StarportMengsk
ability	TerranBuildMengsk	Mengsk	ability-with-chain	no	unit	ArmoryMengsk	behavior	TerranBuildingBurnDown	BehaviorArray	official-reference	游戏数据/官方SC2原始文本镜像/mods/liberty.sc2mod/base.sc2data/gamedata/behaviordata.xml	2	ability:TerranBuildMengsk -> unit:ArmoryMengsk
ability	TerranBuildMengsk	Mengsk	ability-with-chain	no	unit	ArmoryMengsk	button	SelectBuilder	Face	official-reference	游戏数据/官方SC2原始文本镜像/mods/liberty.sc2mod/base.sc2data/gamedata/buttondata.xml	2	ability:TerranBuildMengsk -> unit:ArmoryMengsk
ability	TerranBuildMengsk	Mengsk	ability-with-chain	no	unit	FusionCoreMengsk	behavior	TerranBuildingBurnDown	BehaviorArray	official-reference	游戏数据/官方SC2原始文本镜像/mods/liberty.sc2mod/base.sc2data/gamedata/behaviordata.xml	2	ability:TerranBuildMengsk -> unit:FusionCoreMengsk
ability	TerranBuildMengsk	Mengsk	ability-with-chain	no	unit	FusionCoreMengsk	button	SelectBuilder	Face	official-reference	游戏数据/官方SC2原始文本镜像/mods/liberty.sc2mod/base.sc2data/gamedata/buttondata.xml	2	ability:TerranBuildMengsk -> unit:FusionCoreMengsk
ability	TerranBuildMengsk	Mengsk	ability-with-chain	no	ability	CommandCenterMengskRally	button	RallyEgg	DefaultButtonFace	official-reference	游戏数据/官方SC2原始文本镜像/mods/liberty.sc2mod/base.sc2data/gamedata/buttondata.xml	3	ability:TerranBuildMengsk -> unit:CommandCenterMengsk -> ability:CommandCenterMengskRally
ability	TerranBuildMengsk	Mengsk	ability-with-chain	no	ability	CommandCenterMengskRally	button	RallyEggCasual	DefaultButtonFace	probable-base-game		3	ability:TerranBuildMengsk -> unit:CommandCenterMengsk -> ability:CommandCenterMengskRally
ability	TerranBuildMengsk	Mengsk	ability-with-chain	no	ability	CommandCenterMengskRally	requirement	NotHaveVoidCasualRallyBlock	Requirements	official-reference	游戏数据/官方SC2原始文本镜像/campaigns/void.sc2campaign/base.sc2data/gamedata/requirementdata.xml	3	ability:TerranBuildMengsk -> unit:CommandCenterMengsk -> ability:CommandCenterMengskRally
ability	TerranBuildMengsk	Mengsk	ability-with-chain	no	ability	CommandCenterMengskRally	requirement	HaveVoidCasualRallyBlock	Requirements	official-reference	游戏数据/官方SC2原始文本镜像/campaigns/void.sc2campaign/base.sc2data/gamedata/requirementdata.xml	3	ability:TerranBuildMengsk -> unit:CommandCenterMengsk -> ability:CommandCenterMengskRally
ability	TerranBuildMengsk	Mengsk	ability-with-chain	no	ability	CommandCenterMengskLiftOff	button	Lift	DefaultButtonFace	official-reference	游戏数据/官方SC2原始文本镜像/mods/liberty.sc2mod/base.sc2data/gamedata/buttondata.xml	3	ability:TerranBuildMengsk -> unit:CommandCenterMengsk -> ability:CommandCenterMengskLiftOff
ability	TerranBuildMengsk	Mengsk	ability-with-chain	no	ability	UpgradeToPlanetaryFortress	button	UpgradeToPlanetaryFortress	DefaultButtonFace	official-reference	游戏数据/官方SC2原始文本镜像/mods/liberty.sc2mod/base.sc2data/gamedata/buttondata.xml	3	ability:TerranBuildMengsk -> unit:CommandCenterMengsk -> ability:UpgradeToPlanetaryFortress
ability	TerranBuildMengsk	Mengsk	ability-with-chain	no	effect	CCCreateSet	effect	SprayTerranInitialUpgrade	Effect	official-reference	游戏数据/官方SC2原始文本镜像/mods/liberty.sc2mod/base.sc2data/gamedata/effectdata.xml	3	ability:TerranBuildMengsk -> unit:CommandCenterMengsk -> effect:CCCreateSet
ability	TerranBuildMengsk	Mengsk	ability-with-chain	no	effect	CCBirthSet	effect	SprayTerranInitialUpgrade	Effect	official-reference	游戏数据/官方SC2原始文本镜像/mods/liberty.sc2mod/base.sc2data/gamedata/effectdata.xml	3	ability:TerranBuildMengsk -> unit:CommandCenterMengsk -> effect:CCBirthSet
ability	TerranBuildMengsk	Mengsk	ability-with-chain	no	unit	SCV	ability	SprayTerran	AbilArray.Link	official-reference	游戏数据/官方SC2原始文本镜像/mods/liberty.sc2mod/base.sc2data/gamedata/abildata.xml	3	ability:TerranBuildMengsk -> unit:CommandCenterMengsk -> unit:SCV
ability	TerranBuildMengsk	Mengsk	ability-with-chain	no	unit	SCV	ability	SprayTerran	AbilCmd	official-reference	游戏数据/官方SC2原始文本镜像/mods/liberty.sc2mod/base.sc2data/gamedata/abildata.xml	3	ability:TerranBuildMengsk -> unit:CommandCenterMengsk -> unit:SCV
ability	TerranBuildMengsk	Mengsk	ability-with-chain	no	unit	SCV	button	CommandCenterOrbRelay	Face	official-reference	游戏数据/官方SC2原始文本镜像/campaigns/liberty.sc2campaign/base.sc2data/gamedata/buttondata.xml	3	ability:TerranBuildMengsk -> unit:CommandCenterMengsk -> unit:SCV
ability	TerranBuildMengsk	Mengsk	ability-with-chain	no	unit	SCV	button	BunkerFortified	Face	official-reference	游戏数据/官方SC2原始文本镜像/campaigns/liberty.sc2campaign/base.sc2data/gamedata/buttondata.xml	3	ability:TerranBuildMengsk -> unit:CommandCenterMengsk -> unit:SCV
ability	TerranBuildMengsk	Mengsk	ability-with-chain	no	unit	SCV	button	HiveMindEmulator	Face	official-reference	游戏数据/官方SC2原始文本镜像/campaigns/liberty.sc2campaign/base.sc2data/gamedata/buttondata.xml	3	ability:TerranBuildMengsk -> unit:CommandCenterMengsk -> unit:SCV
ability	TerranBuildMengsk	Mengsk	ability-with-chain	no	unit	SCV	button	PsiDisruptor	Face	official-reference	游戏数据/官方SC2原始文本镜像/campaigns/liberty.sc2campaign/base.sc2data/gamedata/buttondata.xml	3	ability:TerranBuildMengsk -> unit:CommandCenterMengsk -> unit:SCV
ability	TerranBuildMengsk	Mengsk	ability-with-chain	no	unit	OrbitalCommand	button	SupplyDrop	Face	official-reference	游戏数据/官方SC2原始文本镜像/mods/liberty.sc2mod/base.sc2data/gamedata/buttondata.xml	3	ability:TerranBuildMengsk -> unit:CommandCenterMengsk -> unit:OrbitalCommand
ability	TerranBuildMengsk	Mengsk	ability-with-chain	no	unit	Reaper	button	SpiderMine	Face	official-reference	游戏数据/官方SC2原始文本镜像/mods/novastoryassets.sc2mod/base.sc2data/gamedata/buttondata.xml	3	ability:TerranBuildMengsk -> unit:BarracksMengsk -> unit:Reaper
ability	TerranBuildMengsk	Mengsk	ability-with-chain	no	unit	Reaper	button	U238Rounds	Face	official-reference	游戏数据/官方SC2原始文本镜像/campaigns/liberty.sc2campaign/base.sc2data/gamedata/buttondata.xml	3	ability:TerranBuildMengsk -> unit:BarracksMengsk -> unit:Reaper
ability	TerranBuildMengsk	Mengsk	ability-with-chain	no	unit	Reaper	requirement	UseReaperU238Rounds	Requirements	official-reference	游戏数据/官方SC2原始文本镜像/campaigns/liberty.sc2campaign/base.sc2data/gamedata/requirementdata.xml	3	ability:TerranBuildMengsk -> unit:BarracksMengsk -> unit:Reaper
ability	TerranBuildMengsk	Mengsk	ability-with-chain	no	unit	Ghost	requirement	GhostPermanentCloak	Requirements	official-reference	游戏数据/官方SC2原始文本镜像/campaigns/liberty.sc2campaign/base.sc2data/gamedata/requirementdata.xml	3	ability:TerranBuildMengsk -> unit:BarracksMengsk -> unit:Ghost
ability	TerranBuildMengsk	Mengsk	ability-with-chain	no	unit	Thor	ability	330mmBarrageCannons	AbilArray.Link	official-reference	游戏数据/官方SC2原始文本镜像/mods/starcoop/starcoop.sc2mod/base.sc2data/gamedata/abildata.xml	3	ability:TerranBuildMengsk -> unit:FactoryMengsk -> unit:Thor
ability	TerranBuildMengsk	Mengsk	ability-with-chain	no	unit	Thor	ability	ThorAPMode	AbilCmd	official-reference	游戏数据/官方SC2原始文本镜像/mods/balancemulti.sc2mod/base.sc2data/gamedata/abildata.xml	3	ability:TerranBuildMengsk -> unit:FactoryMengsk -> unit:Thor
ability	TerranBuildMengsk	Mengsk	ability-with-chain	no	unit	Thor	ability	330mmBarrageCannons	AbilCmd	official-reference	游戏数据/官方SC2原始文本镜像/mods/starcoop/starcoop.sc2mod/base.sc2data/gamedata/abildata.xml	3	ability:TerranBuildMengsk -> unit:FactoryMengsk -> unit:Thor
ability	TerranBuildMengsk	Mengsk	ability-with-chain	no	unit	Thor	button	330mmBarrageCannons	Face	official-reference	游戏数据/官方SC2原始文本镜像/mods/starcoop/starcoop.sc2mod/base.sc2data/gamedata/buttondata.xml	3	ability:TerranBuildMengsk -> unit:FactoryMengsk -> unit:Thor
ability	TerranBuildMengsk	Mengsk	ability-with-chain	no	unit	Thor	button	330mmBarrageCannonLocked	Face	official-reference	游戏数据/官方SC2原始文本镜像/mods/starcoop/starcoop.sc2mod/base.sc2data/gamedata/buttondata.xml	3	ability:TerranBuildMengsk -> unit:FactoryMengsk -> unit:Thor
ability	TerranBuildMengsk	Mengsk	ability-with-chain	no	unit	Thor	button	SelfRepair	Face	official-reference	游戏数据/官方SC2原始文本镜像/mods/void.sc2mod/base.sc2data/gamedata/buttondata.xml	3	ability:TerranBuildMengsk -> unit:FactoryMengsk -> unit:Thor
ability	TerranBuildMengsk	Mengsk	ability-with-chain	no	unit	Raven	ability	SeekerMissile	AbilCmd	official-reference	游戏数据/官方SC2原始文本镜像/mods/balancemulti.sc2mod/base.sc2data/gamedata/abildata.xml	3	ability:TerranBuildMengsk -> unit:StarportMengsk -> unit:Raven
ability	TerranBuildMengsk	Mengsk	ability-with-chain	no	unit	Raven	button	HunterSeekerMissile	Face	official-reference	游戏数据/官方SC2原始文本镜像/mods/liberty.sc2mod/base.sc2data/gamedata/buttondata.xml	3	ability:TerranBuildMengsk -> unit:StarportMengsk -> unit:Raven
ability	ThorMengskSiegeTargeted	Mengsk	ability-with-chain	no	effect	ThorMengskSiegeTargetDelayCP	validator	CasterNotDead	Validator	official-reference	游戏数据/官方SC2原始文本镜像/mods/liberty.sc2mod/base.sc2data/gamedata/validatordata.xml	2	ability:ThorMengskSiegeTargeted -> effect:ThorMengskSiegeTargetDelayCP
ability	ThorMengskSiegeTargeted	Mengsk	ability-with-chain	no	effect	ThorMengskSiegeTargetCP	validator	CasterThorMengskSiegedSmallAoE	Validator	xm-dependency	原始mod/Mods/XM/XMMengsk.SC2Mod/Base.SC2Data/GameData/ValidatorData.xml	3	ability:ThorMengskSiegeTargeted -> effect:ThorMengskSiegeTargetDelayCP -> effect:ThorMengskSiegeTargetCP
ability	ThorMengskSiegeTargeted	Mengsk	ability-with-chain	no	effect	ThorMengskSiegeTargetCP	effect	ThorMengskSiegeTargetSearch	Effect	official-reference	游戏数据/官方SC2原始文本镜像/mods/starcoop/commanders/arcturusmengsk.sc2mod/base.sc2data/gamedata/effectdata.xml	3	ability:ThorMengskSiegeTargeted -> effect:ThorMengskSiegeTargetDelayCP -> effect:ThorMengskSiegeTargetCP
ability	ThorMengskSiegeTargeted	Mengsk	ability-with-chain	no	effect	ThorMengskSiegeTargetCP	effect	ThorMengskSiegeTargetSuddenUpgradeWrapper	Effect	official-reference	游戏数据/官方SC2原始文本镜像/mods/starcoop/commanders/arcturusmengsk.sc2mod/base.sc2data/gamedata/effectdata.xml	3	ability:ThorMengskSiegeTargeted -> effect:ThorMengskSiegeTargetDelayCP -> effect:ThorMengskSiegeTargetCP
ability	TrooperMengskBuild	Mengsk	ability-with-chain	no	unit	BunkerDepotMengsk	ability	StopRedirect	AbilArray.Link	official-reference	游戏数据/官方SC2原始文本镜像/mods/liberty.sc2mod/base.sc2data/gamedata/abildata.xml	2	ability:TrooperMengskBuild -> unit:BunkerDepotMengsk
ability	TrooperMengskBuild	Mengsk	ability-with-chain	no	unit	BunkerDepotMengsk	ability	AttackRedirect	AbilArray.Link	official-reference	游戏数据/官方SC2原始文本镜像/mods/liberty.sc2mod/base.sc2data/gamedata/abildata.xml	2	ability:TrooperMengskBuild -> unit:BunkerDepotMengsk
ability	TrooperMengskBuild	Mengsk	ability-with-chain	no	unit	BunkerDepotMengsk	behavior	TerranBuildingBurnDown	BehaviorArray	official-reference	游戏数据/官方SC2原始文本镜像/mods/liberty.sc2mod/base.sc2data/gamedata/behaviordata.xml	2	ability:TrooperMengskBuild -> unit:BunkerDepotMengsk
ability	TrooperMengskBuild	Mengsk	ability-with-chain	no	unit	BunkerDepotMengsk	ability	AttackRedirect	AbilCmd	official-reference	游戏数据/官方SC2原始文本镜像/mods/liberty.sc2mod/base.sc2data/gamedata/abildata.xml	2	ability:TrooperMengskBuild -> unit:BunkerDepotMengsk
ability	TrooperMengskBuild	Mengsk	ability-with-chain	no	unit	BunkerDepotMengsk	ability	StopRedirect	AbilCmd	official-reference	游戏数据/官方SC2原始文本镜像/mods/liberty.sc2mod/base.sc2data/gamedata/abildata.xml	2	ability:TrooperMengskBuild -> unit:BunkerDepotMengsk
ability	TrooperMengskBuild	Mengsk	ability-with-chain	no	unit	BunkerDepotMengsk	button	AttackRedirect	Face	official-reference	游戏数据/官方SC2原始文本镜像/mods/liberty.sc2mod/base.sc2data/gamedata/buttondata.xml	2	ability:TrooperMengskBuild -> unit:BunkerDepotMengsk
ability	TrooperMengskBuild	Mengsk	ability-with-chain	no	unit	BunkerDepotMengsk	button	SelectBuilder	Face	official-reference	游戏数据/官方SC2原始文本镜像/mods/liberty.sc2mod/base.sc2data/gamedata/buttondata.xml	2	ability:TrooperMengskBuild -> unit:BunkerDepotMengsk
ability	TrooperMengskBuild	Mengsk	ability-with-chain	no	unit	ArtilleryMengsk	behavior	TerranBuildingBurnDown	BehaviorArray	official-reference	游戏数据/官方SC2原始文本镜像/mods/liberty.sc2mod/base.sc2data/gamedata/behaviordata.xml	2	ability:TrooperMengskBuild -> unit:ArtilleryMengsk
ability	TrooperMengskBuild	Mengsk	ability-with-chain	no	unit	ArtilleryMengsk	behavior	UnderConstruction	BehaviorArray	official-reference	游戏数据/官方SC2原始文本镜像/mods/liberty.sc2mod/base.sc2data/gamedata/behaviordata.xml	2	ability:TrooperMengskBuild -> unit:ArtilleryMengsk
ability	TrooperMengskBuild	Mengsk	ability-with-chain	no	unit	ArtilleryMengsk	button	Salvage	Face	official-reference	游戏数据/官方SC2原始文本镜像/mods/liberty.sc2mod/base.sc2data/gamedata/buttondata.xml	2	ability:TrooperMengskBuild -> unit:ArtilleryMengsk
ability	TrooperMengskBuild	Mengsk	ability-with-chain	no	unit	ArtilleryMengsk	button	SelectBuilder	Face	official-reference	游戏数据/官方SC2原始文本镜像/mods/liberty.sc2mod/base.sc2data/gamedata/buttondata.xml	2	ability:TrooperMengskBuild -> unit:ArtilleryMengsk
ability	TrooperMengskBuild	Mengsk	ability-with-chain	no	unit	MissileTurretMengsk	behavior	TerranBuildingBurnDown	BehaviorArray	official-reference	游戏数据/官方SC2原始文本镜像/mods/liberty.sc2mod/base.sc2data/gamedata/behaviordata.xml	2	ability:TrooperMengskBuild -> unit:MissileTurretMengsk
ability	TrooperMengskBuild	Mengsk	ability-with-chain	no	unit	MissileTurretMengsk	behavior	Detector11	BehaviorArray	official-reference	游戏数据/官方SC2原始文本镜像/mods/liberty.sc2mod/base.sc2data/gamedata/behaviordata.xml	2	ability:TrooperMengskBuild -> unit:MissileTurretMengsk
ability	TrooperMengskBuild	Mengsk	ability-with-chain	no	unit	MissileTurretMengsk	behavior	UnderConstruction	BehaviorArray	official-reference	游戏数据/官方SC2原始文本镜像/mods/liberty.sc2mod/base.sc2data/gamedata/behaviordata.xml	2	ability:TrooperMengskBuild -> unit:MissileTurretMengsk
ability	TrooperMengskBuild	Mengsk	ability-with-chain	no	unit	MissileTurretMengsk	button	SelectBuilder	Face	official-reference	游戏数据/官方SC2原始文本镜像/mods/liberty.sc2mod/base.sc2data/gamedata/buttondata.xml	2	ability:TrooperMengskBuild -> unit:MissileTurretMengsk
ability	TrooperMengskBuild	Mengsk	ability-with-chain	no	unit	MissileTurretMengsk	button	Salvage	Face	official-reference	游戏数据/官方SC2原始文本镜像/mods/liberty.sc2mod/base.sc2data/gamedata/buttondata.xml	2	ability:TrooperMengskBuild -> unit:MissileTurretMengsk
ability	TrooperMengskBuild	Mengsk	ability-with-chain	no	unit	MissileTurretMengsk	requirement	NotUnderConstruction	Requirements	official-reference	游戏数据/官方SC2原始文本镜像/mods/liberty.sc2mod/base.sc2data/gamedata/requirementdata.xml	2	ability:TrooperMengskBuild -> unit:MissileTurretMengsk
ability	TrooperMengskBuild	Mengsk	ability-with-chain	no	ability	BunkerMengskTransport	button	BunkerLoad	DefaultButtonFace	official-reference	游戏数据/官方SC2原始文本镜像/mods/liberty.sc2mod/base.sc2data/gamedata/buttondata.xml	3	ability:TrooperMengskBuild -> unit:BunkerDepotMengsk -> ability:BunkerMengskTransport
ability	TrooperMengskBuild	Mengsk	ability-with-chain	no	ability	BunkerMengskTransport	button	BunkerUnloadAll	DefaultButtonFace	official-reference	游戏数据/官方SC2原始文本镜像/mods/liberty.sc2mod/base.sc2data/gamedata/buttondata.xml	3	ability:TrooperMengskBuild -> unit:BunkerDepotMengsk -> ability:BunkerMengskTransport
ability	TrooperMengskBuild	Mengsk	ability-with-chain	no	ability	BunkerMengskSalvage	button	Salvage	DefaultButtonFace	official-reference	游戏数据/官方SC2原始文本镜像/mods/liberty.sc2mod/base.sc2data/gamedata/buttondata.xml	3	ability:TrooperMengskBuild -> unit:BunkerDepotMengsk -> ability:BunkerMengskSalvage
ability	TrooperMengskBuild	Mengsk	ability-with-chain	no	ability	BunkerMengskSalvage	validator	HasNoCargo	Validator	official-reference	游戏数据/官方SC2原始文本镜像/mods/liberty.sc2mod/base.sc2data/gamedata/validatordata.xml	3	ability:TrooperMengskBuild -> unit:BunkerDepotMengsk -> ability:BunkerMengskSalvage
ability	TrooperMengskBuild	Mengsk	ability-with-chain	no	ability	SalvageSharedMengsk	button	Salvage	DefaultButtonFace	official-reference	游戏数据/官方SC2原始文本镜像/mods/liberty.sc2mod/base.sc2data/gamedata/buttondata.xml	3	ability:TrooperMengskBuild -> unit:ArtilleryMengsk -> ability:SalvageSharedMengsk
ability	TrooperMengskBuild	Mengsk	ability-with-chain	no	behavior	ArtilleryMengskUnderConstruction	validator	BurnDownUnderConstruction	Validator	official-reference	游戏数据/官方SC2原始文本镜像/mods/liberty.sc2mod/base.sc2data/gamedata/validatordata.xml	3	ability:TrooperMengskBuild -> unit:ArtilleryMengsk -> behavior:ArtilleryMengskUnderConstruction
ability	TrooperMengskSpecializeAA	Mengsk	ability-with-chain	no	ability	TrooperMengskMorphSCV	button	SCVMengskEnlistOrbital	DefaultButtonFace	xm-dependency	原始mod/Mods/XM/XMMengsk.SC2Mod/Base.SC2Data/GameData/ButtonData.xml	3	ability:TrooperMengskSpecializeAA -> unit:TrooperMengskAA -> ability:TrooperMengskMorphSCV
ability	TrooperMengskSpecializeFlamethrower	Mengsk	ability-with-chain	no	ability	TrooperMengskMorphSCV	button	SCVMengskEnlistOrbital	DefaultButtonFace	xm-dependency	原始mod/Mods/XM/XMMengsk.SC2Mod/Base.SC2Data/GameData/ButtonData.xml	3	ability:TrooperMengskSpecializeFlamethrower -> unit:TrooperMengskFlamethrower -> ability:TrooperMengskMorphSCV
ability	TrooperMengskSpecializeImproved	Mengsk	ability-with-chain	no	ability	TrooperMengskMorphSCV	button	SCVMengskEnlistOrbital	DefaultButtonFace	xm-dependency	原始mod/Mods/XM/XMMengsk.SC2Mod/Base.SC2Data/GameData/ButtonData.xml	3	ability:TrooperMengskSpecializeImproved -> unit:TrooperMengskImproved -> ability:TrooperMengskMorphSCV
ability	TychusCalldownOdinTargeted	Tychus	ability-with-chain	no	effect	TychusCalldownOdinCreateUnit	effect	TychusCalldownOdinDamageSet	Effect	xm-dependency	原始mod/Mods/XM/XMTychus.SC2Mod/Base.SC2Data/GameData/EffectData.xml	3	ability:TychusCalldownOdinTargeted -> effect:TychusCalldownOdinTargetedSwitch -> effect:TychusCalldownOdinCreateUnit
ability	TychusFirebatOilBomb	Tychus	ability-with-chain	no	effect	TychusFirebatApplyOilBomb	behavior	TychusFirebatOilBombed	Behavior	xm-dependency	原始mod/Mods/XM/XMTychus.SC2Mod/Base.SC2Data/GameData/BehaviorData.xml	3	ability:TychusFirebatOilBomb -> effect:TychusFirebatOilBombSearch -> effect:TychusFirebatApplyOilBomb
ability	TychusGhostDominate	Tychus	ability-with-chain	no	effect	TychusGhostDominateSet	validator	noMarkers	Validator	official-reference	游戏数据/官方SC2原始文本镜像/mods/liberty.sc2mod/base.sc2data/gamedata/validatordata.xml	2	ability:TychusGhostDominate -> effect:TychusGhostDominateSet
ability	TychusGhostDominate	Tychus	ability-with-chain	no	effect	TychusGhostDominateSet	validator	NotWarpingIn	Validator	official-reference	游戏数据/官方SC2原始文本镜像/mods/liberty.sc2mod/base.sc2data/gamedata/validatordata.xml	2	ability:TychusGhostDominate -> effect:TychusGhostDominateSet
ability	TychusGhostDominate	Tychus	ability-with-chain	no	effect	TychusGhostDominateSet	validator	HasNoCargo	Validator	official-reference	游戏数据/官方SC2原始文本镜像/mods/liberty.sc2mod/base.sc2data/gamedata/validatordata.xml	2	ability:TychusGhostDominate -> effect:TychusGhostDominateSet
ability	TychusGhostDominate	Tychus	ability-with-chain	no	effect	TychusGhostDominateSet	validator	NotPointDefenseDrone	Validator	official-reference	游戏数据/官方SC2原始文本镜像/mods/liberty.sc2mod/base.sc2data/gamedata/validatordata.xml	2	ability:TychusGhostDominate -> effect:TychusGhostDominateSet
ability	TychusGhostDominate	Tychus	ability-with-chain	no	effect	TychusGhostDominateSet	validator	IsNotEgg	Validator	official-reference	游戏数据/官方SC2原始文本镜像/mods/liberty.sc2mod/base.sc2data/gamedata/validatordata.xml	2	ability:TychusGhostDominate -> effect:TychusGhostDominateSet
ability	TychusGhostDominate	Tychus	ability-with-chain	no	effect	TychusGhostDominateSet	validator	NotLarva	Validator	official-reference	游戏数据/官方SC2原始文本镜像/mods/liberty.sc2mod/base.sc2data/gamedata/validatordata.xml	2	ability:TychusGhostDominate -> effect:TychusGhostDominateSet
ability	TychusGhostDominate	Tychus	ability-with-chain	no	effect	TychusGhostDominateSet	validator	NotInfestedSpire	Validator	official-reference	游戏数据/官方SC2原始文本镜像/campaigns/void.sc2campaign/base.sc2data/gamedata/validatordata.xml	2	ability:TychusGhostDominate -> effect:TychusGhostDominateSet
ability	TychusGhostDominate	Tychus	ability-with-chain	no	effect	TychusGhostDominateSet	validator	NoDarkArchonMindControlPrevention	Validator	official-reference	游戏数据/官方SC2原始文本镜像/campaigns/void.sc2campaign/base.sc2data/gamedata/validatordata.xml	2	ability:TychusGhostDominate -> effect:TychusGhostDominateSet
ability	TychusGhostDominate	Tychus	ability-with-chain	no	effect	TychusGhostDominateSet	validator	NoTerrazineShadow	Validator	official-reference	游戏数据/官方SC2原始文本镜像/campaigns/void.sc2campaign/base.sc2data/gamedata/validatordata.xml	2	ability:TychusGhostDominate -> effect:TychusGhostDominateSet
ability	TychusGhostDominate	Tychus	ability-with-chain	no	effect	TychusGhostConfusionSearch	validator	HaveTychusGhostConfusion	Validator	xm-dependency	原始mod/Mods/XM/XMTychus.SC2Mod/Base.SC2Data/GameData/ValidatorData.xml	3	ability:TychusGhostDominate -> effect:TychusGhostDominateSet -> effect:TychusGhostConfusionSearch
ability	TychusGhostDominate	Tychus	ability-with-chain	no	effect	TychusGhostConfusionSearch	effect	TychusGhostConfusionApply	EffectAttr	xm-dependency	原始mod/Mods/XM/XMTychus.SC2Mod/Base.SC2Data/GameData/EffectData.xml	3	ability:TychusGhostDominate -> effect:TychusGhostDominateSet -> effect:TychusGhostConfusionSearch
ability	TychusGhostPsychicSnare	Tychus	ability-with-chain	no	ability	TychusGhostPsychicSnare	validator	noMarkers	Validator	official-reference	游戏数据/官方SC2原始文本镜像/mods/liberty.sc2mod/base.sc2data/gamedata/validatordata.xml	1	ability:TychusGhostPsychicSnare
ability	TychusGhostPsychicSnare	Tychus	ability-with-chain	no	effect	TychusGhostPsychicSnareLM	validator	IsNotInterceptor	Validator	official-reference	游戏数据/官方SC2原始文本镜像/mods/void.sc2mod/base.sc2data/gamedata/validatordata.xml	2	ability:TychusGhostPsychicSnare -> effect:TychusGhostPsychicSnareLM
ability	TychusGhostPsychicSnare	Tychus	ability-with-chain	no	effect	TychusGhostPsychicSnareLM	validator	NotFrenzied	Validator	official-reference	游戏数据/官方SC2原始文本镜像/mods/liberty.sc2mod/base.sc2data/gamedata/validatordata.xml	2	ability:TychusGhostPsychicSnare -> effect:TychusGhostPsychicSnareLM
ability	TychusHercGrapple	Tychus	ability-with-chain	no	effect	TychusHercGrappleCreatePlaceholder	validator	Walkable	Validator	official-reference	游戏数据/官方SC2原始文本镜像/mods/core.sc2mod/base.sc2data/gamedata/validatordata.xml	2	ability:TychusHercGrapple -> effect:TychusHercGrappleCreatePlaceholder
ability	TychusHercGrapple	Tychus	ability-with-chain	no	effect	TychusHercGrappleCreatePlaceholderSet	effect	TychusGrappleCreatePlaceholderAB	Effect	xm-dependency	原始mod/Mods/XM/XMTychus.SC2Mod/Base.SC2Data/GameData/EffectData.xml	3	ability:TychusHercGrapple -> effect:TychusHercGrappleCreatePlaceholder -> effect:TychusHercGrappleCreatePlaceholderSet
ability	TychusHercGrapple	Tychus	ability-with-chain	no	effect	TychusHercGrappleCreatePlaceholderSet	effect	TychusHercGrappleLM	Effect	xm-dependency	原始mod/Mods/XM/XMTychus.SC2Mod/Base.SC2Data/GameData/EffectData.xml	3	ability:TychusHercGrapple -> effect:TychusHercGrappleCreatePlaceholder -> effect:TychusHercGrappleCreatePlaceholderSet
ability	TychusHercGrapple	Tychus	ability-with-chain	no	effect	TychusHercGrappleLaunchCasterSearchSet	effect	TychusHercGrappleLaunchCasterPassiveSet	Effect	xm-dependency	原始mod/Mods/XM/XMTychus.SC2Mod/Base.SC2Data/GameData/EffectData.xml	3	ability:TychusHercGrapple -> effect:TychusHercGrappleLaunchCasterImpactSearch -> effect:TychusHercGrappleLaunchCasterSearchSet
ability	TychusHercGrapple	Tychus	ability-with-chain	no	effect	TychusHercGrappleLaunchCasterSearchSet	effect	TychusHercGrappleLaunchCasterImpactDamage	Effect	xm-dependency	原始mod/Mods/XM/XMTychus.SC2Mod/Base.SC2Data/GameData/EffectData.xml	3	ability:TychusHercGrapple -> effect:TychusHercGrappleLaunchCasterImpactSearch -> effect:TychusHercGrappleLaunchCasterSearchSet
ability	TychusMarauderBuildHealingWard	Tychus	ability-with-chain	no	effect	TychusMarauderHealingWardSet	effect	TychusMarauderHealingWardReleaseLaunch	Effect	xm-dependency	原始mod/Mods/XM/XMTychus.SC2Mod/Base.SC2Data/GameData/EffectData.xml	3	ability:TychusMarauderBuildHealingWard -> effect:TychusMarauderHealingWardRelease -> effect:TychusMarauderHealingWardSet
ability	TychusMarauderBuildHealingWard	Tychus	ability-with-chain	no	unit	TychusMarauderHealingWard	behavior	TerranBuildingBurnDown	BehaviorArray	official-reference	游戏数据/官方SC2原始文本镜像/mods/liberty.sc2mod/base.sc2data/gamedata/behaviordata.xml	3	ability:TychusMarauderBuildHealingWard -> effect:TychusMarauderHealingWardRelease -> unit:TychusMarauderHealingWard
ability	TychusMedicAoE	Tychus	ability-with-chain	no	effect	TychusMedicAoESearchSet	validator	TargetIsAllyorPlayer	Validator	official-reference	游戏数据/官方SC2原始文本镜像/mods/swarm.sc2mod/base.sc2data/gamedata/validatordata.xml	3	ability:TychusMedicAoE -> effect:TychusMedicAoESearch -> effect:TychusMedicAoESearchSet
ability	TychusMedicAoE	Tychus	ability-with-chain	no	effect	TychusMedicAoESearchSet	effect	TychusMedicAoEApplyHoT	Effect	xm-dependency	原始mod/Mods/XM/XMTychus.SC2Mod/Base.SC2Data/GameData/EffectData.xml	3	ability:TychusMedicAoE -> effect:TychusMedicAoESearch -> effect:TychusMedicAoESearchSet
ability	TychusMedicDefensiveMatrix	Tychus	ability-with-chain	no	ability	TychusMedicDefensiveMatrix	validator	TargetInCombat	Validator	official-reference	游戏数据/官方SC2原始文本镜像/mods/core.sc2mod/base.sc2data/gamedata/validatordata.xml	1	ability:TychusMedicDefensiveMatrix
ability	TychusMedicDefensiveMatrix	Tychus	ability-with-chain	no	validator	NotUnrepairable	behavior	Unrepairable	Behavior	official-reference	游戏数据/官方SC2原始文本镜像/campaigns/void.sc2campaign/base.sc2data/gamedata/behaviordata.xml	3	ability:TychusMedicDefensiveMatrix -> effect:TychusMedicDefensiveMatrixSet -> validator:NotUnrepairable
ability	TychusMedicTransportLoadUnits	Tychus	ability-with-chain	no	validator	TychusTransportPickupMinimum	validator	NotLarvaAndNotEncasedAndDominatedOrPlayerOwned	Validator	xm-dependency	原始mod/Mods/XM/XMTychus.SC2Mod/Base.SC2Data/GameData/ValidatorData.xml	3	ability:TychusMedicTransportLoadUnits -> effect:TychusMedicTransportUnitsInitialSet -> validator:TychusTransportPickupMinimum
ability	TychusMedicTransportLoadUnits	Tychus	ability-with-chain	no	effect	TychusMedicTransportUnitsSpawnMedic	effect	TychusMedicTransportUnitSpawnSet	Effect	official-reference	游戏数据/官方SC2原始文本镜像/mods/starcoop/starcoop.sc2mod/base.sc2data/gamedata/commanders/commandertychus.xml	3	ability:TychusMedicTransportLoadUnits -> effect:TychusMedicTransportUnitsInitialSet -> effect:TychusMedicTransportUnitsSpawnMedic
ability	TychusMedicTransportLoadUnits	Tychus	ability-with-chain	no	effect	TychusMedicTransportUnitsSpawnMedic	unit	TychusMedicTransportUnit	Unit	official-reference	游戏数据/官方SC2原始文本镜像/mods/starcoop/starcoop.sc2mod/base.sc2data/gamedata/commanders/commandertychus.xml	3	ability:TychusMedicTransportLoadUnits -> effect:TychusMedicTransportUnitsInitialSet -> effect:TychusMedicTransportUnitsSpawnMedic
ability	TychusMedicTransportLoadUnits	Tychus	ability-with-chain	no	effect	TychusMedicTransportUnitsSearchDummySet	validator	NotLarva	Validator	official-reference	游戏数据/官方SC2原始文本镜像/mods/liberty.sc2mod/base.sc2data/gamedata/validatordata.xml	3	ability:TychusMedicTransportLoadUnits -> effect:TychusMedicTransportUnitsSearchDummy -> effect:TychusMedicTransportUnitsSearchDummySet
ability	TychusMedicTransportLoadUnits	Tychus	ability-with-chain	no	effect	TychusMedicTransportUnitsSearchDummySet	validator	IsNotEgg	Validator	official-reference	游戏数据/官方SC2原始文本镜像/mods/liberty.sc2mod/base.sc2data/gamedata/validatordata.xml	3	ability:TychusMedicTransportLoadUnits -> effect:TychusMedicTransportUnitsSearchDummy -> effect:TychusMedicTransportUnitsSearchDummySet
ability	TychusMedicTransportLoadUnits	Tychus	ability-with-chain	no	effect	TychusMedicTransportUnitsSearchDummySet	validator	NotSlaynElementalCocooned	Validator	official-reference	游戏数据/官方SC2原始文本镜像/mods/starcoop/starcoop.sc2mod/base.sc2data/gamedata/validatordata.xml	3	ability:TychusMedicTransportLoadUnits -> effect:TychusMedicTransportUnitsSearchDummy -> effect:TychusMedicTransportUnitsSearchDummySet
ability	TychusMedivacDoubleHealPlusMech	Tychus	ability-with-chain	no	ability	TychusMedivacDoubleHealPlusMech	validator	healSmartTargetFilters	Validator	official-reference	游戏数据/官方SC2原始文本镜像/mods/liberty.sc2mod/base.sc2data/gamedata/validatordata.xml	1	ability:TychusMedivacDoubleHealPlusMech
ability	TychusMedivacDoubleHealPlusMech	Tychus	ability-with-chain	no	ability	TychusMedivacDoubleHealPlusMech	validator	NotWarpingIn	Validator	official-reference	游戏数据/官方SC2原始文本镜像/mods/liberty.sc2mod/base.sc2data/gamedata/validatordata.xml	1	ability:TychusMedivacDoubleHealPlusMech
ability	TychusMedivacDoubleHealPlusMech	Tychus	ability-with-chain	no	ability	TychusMedivacDoubleHealPlusMech	validator	NotMaxHP	Validator	official-reference	游戏数据/官方SC2原始文本镜像/campaigns/liberty.sc2campaign/base.sc2data/gamedata/validatordata.xml	1	ability:TychusMedivacDoubleHealPlusMech
ability	TychusMedivacDoubleHealPlusMech	Tychus	ability-with-chain	no	ability	TychusMedivacDoubleHealPlusMech	validator	NotStopping	Validator	official-reference	游戏数据/官方SC2原始文本镜像/campaigns/liberty.sc2campaign/base.sc2data/gamedata/validatordata.xml	1	ability:TychusMedivacDoubleHealPlusMech
ability	TychusMedivacDoubleHealPlusMech	Tychus	ability-with-chain	no	validator	NotUnrepairable	behavior	Unrepairable	Behavior	official-reference	游戏数据/官方SC2原始文本镜像/campaigns/void.sc2campaign/base.sc2data/gamedata/behaviordata.xml	2	ability:TychusMedivacDoubleHealPlusMech -> validator:NotUnrepairable
ability	TychusMedivacDoubleHealPlusMech	Tychus	ability-with-chain	no	effect	TychusMedivacHealInitialSwitch	validator	NotMaxHP	Validator	official-reference	游戏数据/官方SC2原始文本镜像/campaigns/liberty.sc2campaign/base.sc2data/gamedata/validatordata.xml	2	ability:TychusMedivacDoubleHealPlusMech -> effect:TychusMedivacHealInitialSwitch
ability	TychusMedivacDoubleHealPlusMech	Tychus	ability-with-chain	no	effect	TychusMedivacHealInitialSwitch	validator	NotWarpingIn	Validator	official-reference	游戏数据/官方SC2原始文本镜像/mods/liberty.sc2mod/base.sc2data/gamedata/validatordata.xml	2	ability:TychusMedivacDoubleHealPlusMech -> effect:TychusMedivacHealInitialSwitch
ability	TychusMedivacDoubleHealPlusMech	Tychus	ability-with-chain	no	validator	TargetNotBeingTychusHealed	behavior	TychusMedivacTargetBeingHealed	Behavior	xm-dependency	原始mod/Mods/XM/XMTychus.SC2Mod/Base.SC2Data/GameData/BehaviorData.xml	3	ability:TychusMedivacDoubleHealPlusMech -> effect:TychusMedivacHealInitialSwitch -> validator:TargetNotBeingTychusHealed
ability	TychusMedivacDoubleHealPlusMech	Tychus	ability-with-chain	no	effect	TychusMedivacHealInitialSet	effect	TychusMedivacHealTargetPersistent	Effect	xm-dependency	原始mod/Mods/XM/XMTychus.SC2Mod/Base.SC2Data/GameData/EffectData.xml	3	ability:TychusMedivacDoubleHealPlusMech -> effect:TychusMedivacHealInitialSwitch -> effect:TychusMedivacHealInitialSet
ability	TychusMedivacDoubleHealPlusMech	Tychus	ability-with-chain	no	effect	TychusMedivacHealInitialSet	effect	TychusHealScanPersistent	Effect	xm-dependency	原始mod/Mods/XM/XMTychus.SC2Mod/Base.SC2Data/GameData/EffectData.xml	3	ability:TychusMedivacDoubleHealPlusMech -> effect:TychusMedivacHealInitialSwitch -> effect:TychusMedivacHealInitialSet
ability	TychusOdinBarrage	Tychus	ability-with-chain	no	ability	TychusOdinBarrage	button	OdinBarrage	DefaultButtonFace	official-reference	游戏数据/官方SC2原始文本镜像/campaigns/liberty.sc2campaign/base.sc2data/gamedata/buttondata.xml	1	ability:TychusOdinBarrage
ability	TychusOdinBarrage	Tychus	ability-with-chain	no	ability	TychusOdinBarrage	effect	BarrageSearchArea	Effect	official-reference	游戏数据/官方SC2原始文本镜像/campaigns/liberty.sc2campaign/base.sc2data/gamedata/effectdata.xml	1	ability:TychusOdinBarrage
ability	TychusOdinBarrage	Tychus	ability-with-chain	no	effect	TychusOdinBarrageSearchArea	effect	TychusOdinBarrageCannonsSet	EffectAttr	xm-dependency	原始mod/Mods/XM/XMTychus.SC2Mod/Base.SC2Data/GameData/EffectData.xml	3	ability:TychusOdinBarrage -> effect:TychusOdinBarrageCP -> effect:TychusOdinBarrageSearchArea
ability	TychusOdinNuclearStrike	Tychus	ability-with-chain	no	effect	OdinNukePersistent	validator	OdinRepairing	Validator	official-reference	游戏数据/官方SC2原始文本镜像/campaigns/liberty.sc2campaign/base.sc2data/gamedata/validatordata.xml	2	ability:TychusOdinNuclearStrike -> effect:OdinNukePersistent
ability	TychusReaperBomb	Tychus	ability-with-chain	no	effect	TychusReaperBombSet	effect	TychusReaperBombAB	Effect	xm-dependency	原始mod/Mods/XM/XMTychus.SC2Mod/Base.SC2Data/GameData/EffectData.xml	3	ability:TychusReaperBomb -> effect:TychusReaperBombDamageLM -> effect:TychusReaperBombSet
ability	TychusReaperBomb	Tychus	ability-with-chain	no	effect	TychusReaperBombSet	effect	TychusReaperBombStunAB	Effect	xm-dependency	原始mod/Mods/XM/XMTychus.SC2Mod/Base.SC2Data/GameData/EffectData.xml	3	ability:TychusReaperBomb -> effect:TychusReaperBombDamageLM -> effect:TychusReaperBombSet
ability	TychusShredderGrenade	Tychus	ability-with-chain	no	effect	TychusShredderGrenadeLaunchMissile	validator	HasVision	Validator	official-reference	游戏数据/官方SC2原始文本镜像/mods/liberty.sc2mod/base.sc2data/gamedata/validatordata.xml	3	ability:TychusShredderGrenade -> effect:TychusShredderGrenadeDelay -> effect:TychusShredderGrenadeLaunchMissile
ability	TychusShredderGrenade	Tychus	ability-with-chain	no	effect	TychusShredderGrenadeSearchSet	effect	TychusSGUnitPullBy2	Effect	official-reference	游戏数据/官方SC2原始文本镜像/mods/starcoop/starcoop.sc2mod/base.sc2data/gamedata/commanders/commandertychus.xml	3	ability:TychusShredderGrenade -> effect:TychusShredderGrenadeSearch -> effect:TychusShredderGrenadeSearchSet
ability	TychusTerranBuild	Tychus	ability-with-chain	no	ability	TychusTerranBuild	button	Refinery	DefaultButtonFace	official-reference	游戏数据/官方SC2原始文本镜像/mods/liberty.sc2mod/base.sc2data/gamedata/buttondata.xml	1	ability:TychusTerranBuild
ability	TychusTerranBuild	Tychus	ability-with-chain	no	ability	TychusTerranBuild	button	Bunker	DefaultButtonFace	official-reference	游戏数据/官方SC2原始文本镜像/mods/liberty.sc2mod/base.sc2data/gamedata/buttondata.xml	1	ability:TychusTerranBuild
ability	TychusTerranBuild	Tychus	ability-with-chain	no	ability	TychusTerranBuild	button	EngineeringBay	DefaultButtonFace	official-reference	游戏数据/官方SC2原始文本镜像/mods/liberty.sc2mod/base.sc2data/gamedata/buttondata.xml	1	ability:TychusTerranBuild
ability	TychusTerranBuild	Tychus	ability-with-chain	no	ability	TychusTerranBuild	validator	HasVespene	Validator	official-reference	游戏数据/官方SC2原始文本镜像/mods/liberty.sc2mod/base.sc2data/gamedata/validatordata.xml	1	ability:TychusTerranBuild
ability	TychusTerranBuild	Tychus	ability-with-chain	no	unit	TychusSCVAutoTurret	behavior	TerranBuildingBurnDown	BehaviorArray	official-reference	游戏数据/官方SC2原始文本镜像/mods/liberty.sc2mod/base.sc2data/gamedata/behaviordata.xml	2	ability:TychusTerranBuild -> unit:TychusSCVAutoTurret
ability	TychusTerranBuild	Tychus	ability-with-chain	no	unit	TychusSCVAutoTurret	behavior	Detector7	BehaviorArray	official-reference	游戏数据/官方SC2原始文本镜像/mods/void.sc2mod/base.sc2data/gamedata/behaviordata.xml	2	ability:TychusTerranBuild -> unit:TychusSCVAutoTurret
ability	TychusTerranBuild	Tychus	ability-with-chain	no	unit	TychusSCVAutoTurret	button	Salvage	Face	official-reference	游戏数据/官方SC2原始文本镜像/mods/liberty.sc2mod/base.sc2data/gamedata/buttondata.xml	2	ability:TychusTerranBuild -> unit:TychusSCVAutoTurret
ability	TychusTerranBuild	Tychus	ability-with-chain	no	unit	TychusSCVAutoTurret	button	SelectBuilder	Face	official-reference	游戏数据/官方SC2原始文本镜像/mods/liberty.sc2mod/base.sc2data/gamedata/buttondata.xml	2	ability:TychusTerranBuild -> unit:TychusSCVAutoTurret
ability	TychusTerranBuild	Tychus	ability-with-chain	no	unit	TychusCommandCenter	ability	que5CancelToSelection	AbilArray.Link	official-reference	游戏数据/官方SC2原始文本镜像/mods/liberty.sc2mod/base.sc2data/gamedata/abildata.xml	2	ability:TychusTerranBuild -> unit:TychusCommandCenter
ability	TychusTerranBuild	Tychus	ability-with-chain	no	unit	TychusCommandCenter	ability	CommandCenterTransport	AbilArray.Link	xm-dependency	原始mod/Mods/XM/XMCore.SC2Mod/Base.SC2Data/GameData/AbilData.xml	2	ability:TychusTerranBuild -> unit:TychusCommandCenter
ability	TychusTerranBuild	Tychus	ability-with-chain	no	unit	TychusCommandCenter	behavior	TerranBuildingBurnDown	BehaviorArray	official-reference	游戏数据/官方SC2原始文本镜像/mods/liberty.sc2mod/base.sc2data/gamedata/behaviordata.xml	2	ability:TychusTerranBuild -> unit:TychusCommandCenter
ability	TychusTerranBuild	Tychus	ability-with-chain	no	unit	TychusCommandCenter	behavior	CommandCenterQueue	BehaviorArray	official-reference	游戏数据/官方SC2原始文本镜像/campaigns/liberty.sc2campaign/base.sc2data/gamedata/behaviordata.xml	2	ability:TychusTerranBuild -> unit:TychusCommandCenter
ability	TychusTerranBuild	Tychus	ability-with-chain	no	unit	TychusCommandCenter	behavior	GameTime5Seconds	BehaviorArray	official-reference	游戏数据/官方SC2原始文本镜像/campaigns/void.sc2campaign/base.sc2data/gamedata/behaviordata.xml	2	ability:TychusTerranBuild -> unit:TychusCommandCenter
ability	TychusTerranBuild	Tychus	ability-with-chain	no	unit	TychusCommandCenter	ability	CommandCenterTransport	AbilCmd	xm-dependency	原始mod/Mods/XM/XMCore.SC2Mod/Base.SC2Data/GameData/AbilData.xml	2	ability:TychusTerranBuild -> unit:TychusCommandCenter
ability	TychusTerranBuild	Tychus	ability-with-chain	no	unit	TychusCommandCenter	ability	que5CancelToSelection	AbilCmd	official-reference	游戏数据/官方SC2原始文本镜像/mods/liberty.sc2mod/base.sc2data/gamedata/abildata.xml	2	ability:TychusTerranBuild -> unit:TychusCommandCenter
ability	TychusTerranBuild	Tychus	ability-with-chain	no	unit	TychusCommandCenter	button	CommandCenterLoad	Face	official-reference	游戏数据/官方SC2原始文本镜像/mods/liberty.sc2mod/base.sc2data/gamedata/buttondata.xml	2	ability:TychusTerranBuild -> unit:TychusCommandCenter
ability	TychusTerranBuild	Tychus	ability-with-chain	no	unit	TychusCommandCenter	button	CommandCenterUnloadAll	Face	official-reference	游戏数据/官方SC2原始文本镜像/mods/liberty.sc2mod/base.sc2data/gamedata/buttondata.xml	2	ability:TychusTerranBuild -> unit:TychusCommandCenter
ability	TychusTerranBuild	Tychus	ability-with-chain	no	unit	TychusCommandCenter	button	Lift	Face	official-reference	游戏数据/官方SC2原始文本镜像/mods/liberty.sc2mod/base.sc2data/gamedata/buttondata.xml	2	ability:TychusTerranBuild -> unit:TychusCommandCenter
ability	TychusTerranBuild	Tychus	ability-with-chain	no	unit	TychusCommandCenter	button	SelectBuilder	Face	official-reference	游戏数据/官方SC2原始文本镜像/mods/liberty.sc2mod/base.sc2data/gamedata/buttondata.xml	2	ability:TychusTerranBuild -> unit:TychusCommandCenter
ability	TychusTerranBuild	Tychus	ability-with-chain	no	unit	TychusEngineeringBay	behavior	TerranBuildingBurnDown	BehaviorArray	official-reference	游戏数据/官方SC2原始文本镜像/mods/liberty.sc2mod/base.sc2data/gamedata/behaviordata.xml	2	ability:TychusTerranBuild -> unit:TychusEngineeringBay
ability	TychusTerranBuild	Tychus	ability-with-chain	no	unit	TychusEngineeringBay	behavior	UnderConstruction	BehaviorArray	official-reference	游戏数据/官方SC2原始文本镜像/mods/liberty.sc2mod/base.sc2data/gamedata/behaviordata.xml	2	ability:TychusTerranBuild -> unit:TychusEngineeringBay
ability	TychusTerranBuild	Tychus	ability-with-chain	no	unit	TychusEngineeringBay	button	SelectBuilder	Face	official-reference	游戏数据/官方SC2原始文本镜像/mods/liberty.sc2mod/base.sc2data/gamedata/buttondata.xml	2	ability:TychusTerranBuild -> unit:TychusEngineeringBay
ability	TychusTerranBuild	Tychus	ability-with-chain	no	unit	TychusResearchCenter	behavior	TerranBuildingBurnDown	BehaviorArray	official-reference	游戏数据/官方SC2原始文本镜像/mods/liberty.sc2mod/base.sc2data/gamedata/behaviordata.xml	2	ability:TychusTerranBuild -> unit:TychusResearchCenter
ability	TychusTerranBuild	Tychus	ability-with-chain	no	unit	TychusMedivacPlatform	behavior	TerranBuildingBurnDown	BehaviorArray	official-reference	游戏数据/官方SC2原始文本镜像/mods/liberty.sc2mod/base.sc2data/gamedata/behaviordata.xml	2	ability:TychusTerranBuild -> unit:TychusMedivacPlatform
ability	TychusTerranBuild	Tychus	ability-with-chain	no	unit	TychusMedivacPlatform	button	SelectBuilder	Face	official-reference	游戏数据/官方SC2原始文本镜像/mods/liberty.sc2mod/base.sc2data/gamedata/buttondata.xml	2	ability:TychusTerranBuild -> unit:TychusMedivacPlatform
ability	TychusTerranBuild	Tychus	ability-with-chain	no	unit	TychusArmory	behavior	TerranBuildingBurnDown	BehaviorArray	official-reference	游戏数据/官方SC2原始文本镜像/mods/liberty.sc2mod/base.sc2data/gamedata/behaviordata.xml	2	ability:TychusTerranBuild -> unit:TychusArmory
ability	TychusTerranBuild	Tychus	ability-with-chain	no	unit	TychusArmory	behavior	UnderConstruction	BehaviorArray	official-reference	游戏数据/官方SC2原始文本镜像/mods/liberty.sc2mod/base.sc2data/gamedata/behaviordata.xml	2	ability:TychusTerranBuild -> unit:TychusArmory
ability	TychusTerranBuild	Tychus	ability-with-chain	no	unit	TychusArmory	button	SelectBuilder	Face	official-reference	游戏数据/官方SC2原始文本镜像/mods/liberty.sc2mod/base.sc2data/gamedata/buttondata.xml	2	ability:TychusTerranBuild -> unit:TychusArmory
ability	TychusTerranBuild	Tychus	ability-with-chain	no	unit	TychusGhostAcademy	behavior	TerranBuildingBurnDown	BehaviorArray	official-reference	游戏数据/官方SC2原始文本镜像/mods/liberty.sc2mod/base.sc2data/gamedata/behaviordata.xml	2	ability:TychusTerranBuild -> unit:TychusGhostAcademy
ability	TychusTerranBuild	Tychus	ability-with-chain	no	unit	TychusGhostAcademy	behavior	UnderConstruction	BehaviorArray	official-reference	游戏数据/官方SC2原始文本镜像/mods/liberty.sc2mod/base.sc2data/gamedata/behaviordata.xml	2	ability:TychusTerranBuild -> unit:TychusGhostAcademy
ability	TychusTerranBuild	Tychus	ability-with-chain	no	unit	TychusGhostAcademy	button	SelectBuilder	Face	official-reference	游戏数据/官方SC2原始文本镜像/mods/liberty.sc2mod/base.sc2data/gamedata/buttondata.xml	2	ability:TychusTerranBuild -> unit:TychusGhostAcademy
ability	TychusTerranBuild	Tychus	ability-with-chain	no	unit	TychusMercCompound	behavior	TerranBuildingBurnDown	BehaviorArray	official-reference	游戏数据/官方SC2原始文本镜像/mods/liberty.sc2mod/base.sc2data/gamedata/behaviordata.xml	2	ability:TychusTerranBuild -> unit:TychusMercCompound
ability	TychusTerranBuild	Tychus	ability-with-chain	no	unit	TychusMercCompound	behavior	UnderConstruction	BehaviorArray	official-reference	游戏数据/官方SC2原始文本镜像/mods/liberty.sc2mod/base.sc2data/gamedata/behaviordata.xml	2	ability:TychusTerranBuild -> unit:TychusMercCompound
ability	TychusTerranBuild	Tychus	ability-with-chain	no	unit	TychusMercCompound	button	SelectBuilder	Face	official-reference	游戏数据/官方SC2原始文本镜像/mods/liberty.sc2mod/base.sc2data/gamedata/buttondata.xml	2	ability:TychusTerranBuild -> unit:TychusMercCompound
ability	TychusTerranBuild	Tychus	ability-with-chain	no	ability	RallyCommand	button	RallyCasual	DefaultButtonFace	probable-base-game		3	ability:TychusTerranBuild -> unit:TychusCommandCenter -> ability:RallyCommand
ability	TychusTerranBuild	Tychus	ability-with-chain	no	ability	RallyCommand	requirement	NotHaveVoidCasualRallyBlock	Requirements	official-reference	游戏数据/官方SC2原始文本镜像/campaigns/void.sc2campaign/base.sc2data/gamedata/requirementdata.xml	3	ability:TychusTerranBuild -> unit:TychusCommandCenter -> ability:RallyCommand
ability	TychusTerranBuild	Tychus	ability-with-chain	no	ability	RallyCommand	requirement	HaveVoidCasualRallyBlock	Requirements	official-reference	游戏数据/官方SC2原始文本镜像/campaigns/void.sc2campaign/base.sc2data/gamedata/requirementdata.xml	3	ability:TychusTerranBuild -> unit:TychusCommandCenter -> ability:RallyCommand
ability	TychusTerranBuild	Tychus	ability-with-chain	no	effect	CCCreateSet	effect	SprayTerranInitialUpgrade	Effect	official-reference	游戏数据/官方SC2原始文本镜像/mods/liberty.sc2mod/base.sc2data/gamedata/effectdata.xml	3	ability:TychusTerranBuild -> unit:TychusCommandCenter -> effect:CCCreateSet
ability	TychusTerranBuild	Tychus	ability-with-chain	no	effect	CCBirthSet	effect	SprayTerranInitialUpgrade	Effect	official-reference	游戏数据/官方SC2原始文本镜像/mods/liberty.sc2mod/base.sc2data/gamedata/effectdata.xml	3	ability:TychusTerranBuild -> unit:TychusCommandCenter -> effect:CCBirthSet
ability	TychusTerranBuild	Tychus	ability-with-chain	no	unit	SCV	ability	SprayTerran	AbilArray.Link	official-reference	游戏数据/官方SC2原始文本镜像/mods/liberty.sc2mod/base.sc2data/gamedata/abildata.xml	3	ability:TychusTerranBuild -> unit:TychusCommandCenter -> unit:SCV
ability	TychusTerranBuild	Tychus	ability-with-chain	no	unit	SCV	ability	SprayTerran	AbilCmd	official-reference	游戏数据/官方SC2原始文本镜像/mods/liberty.sc2mod/base.sc2data/gamedata/abildata.xml	3	ability:TychusTerranBuild -> unit:TychusCommandCenter -> unit:SCV
ability	TychusTerranBuild	Tychus	ability-with-chain	no	unit	SCV	button	CommandCenterOrbRelay	Face	official-reference	游戏数据/官方SC2原始文本镜像/campaigns/liberty.sc2campaign/base.sc2data/gamedata/buttondata.xml	3	ability:TychusTerranBuild -> unit:TychusCommandCenter -> unit:SCV
ability	TychusTerranBuild	Tychus	ability-with-chain	no	unit	SCV	button	BunkerFortified	Face	official-reference	游戏数据/官方SC2原始文本镜像/campaigns/liberty.sc2campaign/base.sc2data/gamedata/buttondata.xml	3	ability:TychusTerranBuild -> unit:TychusCommandCenter -> unit:SCV
ability	TychusTerranBuild	Tychus	ability-with-chain	no	unit	SCV	button	HiveMindEmulator	Face	official-reference	游戏数据/官方SC2原始文本镜像/campaigns/liberty.sc2campaign/base.sc2data/gamedata/buttondata.xml	3	ability:TychusTerranBuild -> unit:TychusCommandCenter -> unit:SCV
ability	TychusTerranBuild	Tychus	ability-with-chain	no	unit	SCV	button	PsiDisruptor	Face	official-reference	游戏数据/官方SC2原始文本镜像/campaigns/liberty.sc2campaign/base.sc2data/gamedata/buttondata.xml	3	ability:TychusTerranBuild -> unit:TychusCommandCenter -> unit:SCV
ability	TychusTerranBuild	Tychus	ability-with-chain	no	unit	OrbitalCommand	button	SupplyDrop	Face	official-reference	游戏数据/官方SC2原始文本镜像/mods/liberty.sc2mod/base.sc2data/gamedata/buttondata.xml	3	ability:TychusTerranBuild -> unit:TychusCommandCenter -> unit:OrbitalCommand
ability	TychusTerranBuild	Tychus	ability-with-chain	no	ability	TychusResearchCenterBuild	unit	TychusMedivac	UnitAttr	cross-kind-reference	原始mod/Mods/XM/XMFinal.SC2Mod/Base.SC2Data/GameData/ActorData.xml	3	ability:TychusTerranBuild -> unit:TychusEngineeringBay -> ability:TychusResearchCenterBuild
ability	TychusTerranBuild	Tychus	ability-with-chain	no	ability	TychusFactoryTrain	requirement	CanBuildTychusHERC	Requirements	xm-dependency	原始mod/Mods/XM/XMTychus.SC2Mod/Base.SC2Data/GameData/RequirementData.xml	3	ability:TychusTerranBuild -> unit:TychusResearchCenter -> ability:TychusFactoryTrain
ability	TychusTerranBuild	Tychus	ability-with-chain	no	ability	TychusFactoryTrain	requirement	CanBuildTychusWarhound	Requirements	xm-dependency	原始mod/Mods/XM/XMTychus.SC2Mod/Base.SC2Data/GameData/RequirementData.xml	3	ability:TychusTerranBuild -> unit:TychusResearchCenter -> ability:TychusFactoryTrain
ability	TychusTerranBuild	Tychus	ability-with-chain	no	ability	TychusStarportTrain	requirement	CanBuildTychus	Requirements	xm-dependency	原始mod/Mods/XM/XMTychus.SC2Mod/Base.SC2Data/GameData/RequirementData.xml	3	ability:TychusTerranBuild -> unit:TychusResearchCenter -> ability:TychusStarportTrain
ability	TychusTerranBuild	Tychus	ability-with-chain	no	ability	TychusStarportTrain	effect	TychusResearchCenterTychusBuilt	EffectAttr	official-reference	游戏数据/官方SC2原始文本镜像/mods/starcoop/starcoop.sc2mod/base.sc2data/gamedata/commanders/commandertychus.xml	3	ability:TychusTerranBuild -> unit:TychusResearchCenter -> ability:TychusStarportTrain
ability	TychusTerranBuild	Tychus	ability-with-chain	no	ability	TychusReviveHeroes	button	KerriganRevive	DefaultButtonFace	official-reference	游戏数据/官方SC2原始文本镜像/campaigns/swarm.sc2campaign/base.sc2data/gamedata/buttondata.xml	3	ability:TychusTerranBuild -> unit:TychusResearchCenter -> ability:TychusReviveHeroes
ability	TychusTerranBuild	Tychus	ability-with-chain	no	ability	TychusReviveHeroes	validator	IsDead	Validator	official-reference	游戏数据/官方SC2原始文本镜像/mods/liberty.sc2mod/base.sc2data/gamedata/validatordata.xml	3	ability:TychusTerranBuild -> unit:TychusResearchCenter -> ability:TychusReviveHeroes
ability	TychusTerranBuild	Tychus	ability-with-chain	no	ability	TychusFakeReviveTrain	requirement	TychusCanReviveTychus	Requirements	xm-dependency	原始mod/Mods/XM/XMTychus.SC2Mod/Base.SC2Data/GameData/RequirementData.xml	3	ability:TychusTerranBuild -> unit:TychusResearchCenter -> ability:TychusFakeReviveTrain
ability	TychusTerranBuild	Tychus	ability-with-chain	no	ability	TychusFakeReviveTrain	requirement	TychusCanReviveReaper	Requirements	xm-dependency	原始mod/Mods/XM/XMTychus.SC2Mod/Base.SC2Data/GameData/RequirementData.xml	3	ability:TychusTerranBuild -> unit:TychusResearchCenter -> ability:TychusFakeReviveTrain
ability	TychusTerranBuild	Tychus	ability-with-chain	no	ability	TychusFakeReviveTrain	requirement	TychusCanReviveWarhound	Requirements	xm-dependency	原始mod/Mods/XM/XMTychus.SC2Mod/Base.SC2Data/GameData/RequirementData.xml	3	ability:TychusTerranBuild -> unit:TychusResearchCenter -> ability:TychusFakeReviveTrain
ability	TychusTerranBuild	Tychus	ability-with-chain	no	ability	TychusFakeReviveTrain	requirement	TychusCanReviveFirebat	Requirements	xm-dependency	原始mod/Mods/XM/XMTychus.SC2Mod/Base.SC2Data/GameData/RequirementData.xml	3	ability:TychusTerranBuild -> unit:TychusResearchCenter -> ability:TychusFakeReviveTrain
ability	TychusTerranBuild	Tychus	ability-with-chain	no	ability	TychusFakeReviveTrain	requirement	TychusCanReviveMarauder	Requirements	xm-dependency	原始mod/Mods/XM/XMTychus.SC2Mod/Base.SC2Data/GameData/RequirementData.xml	3	ability:TychusTerranBuild -> unit:TychusResearchCenter -> ability:TychusFakeReviveTrain
ability	TychusTerranBuild	Tychus	ability-with-chain	no	ability	TychusFakeReviveTrain	requirement	TychusCanReviveHERC	Requirements	xm-dependency	原始mod/Mods/XM/XMTychus.SC2Mod/Base.SC2Data/GameData/RequirementData.xml	3	ability:TychusTerranBuild -> unit:TychusResearchCenter -> ability:TychusFakeReviveTrain
ability	TychusTerranBuild	Tychus	ability-with-chain	no	ability	TychusFakeReviveTrain	requirement	TychusCanReviveGhost	Requirements	xm-dependency	原始mod/Mods/XM/XMTychus.SC2Mod/Base.SC2Data/GameData/RequirementData.xml	3	ability:TychusTerranBuild -> unit:TychusResearchCenter -> ability:TychusFakeReviveTrain
ability	TychusTerranBuild	Tychus	ability-with-chain	no	ability	TychusFakeReviveTrain	requirement	TychusCanReviveSpectre	Requirements	xm-dependency	原始mod/Mods/XM/XMTychus.SC2Mod/Base.SC2Data/GameData/RequirementData.xml	3	ability:TychusTerranBuild -> unit:TychusResearchCenter -> ability:TychusFakeReviveTrain
ability	TychusTerranBuild	Tychus	ability-with-chain	no	ability	TychusFakeReviveTrain	requirement	TychusCanReviveMedic	Requirements	xm-dependency	原始mod/Mods/XM/XMTychus.SC2Mod/Base.SC2Data/GameData/RequirementData.xml	3	ability:TychusTerranBuild -> unit:TychusResearchCenter -> ability:TychusFakeReviveTrain
ability	TychusTerranBuild	Tychus	ability-with-chain	no	effect	TychusResearchCenterBirthSet	effect	TychusResearchCenterIssueOrder	Effect	official-reference	游戏数据/官方SC2原始文本镜像/mods/starcoop/starcoop.sc2mod/base.sc2data/gamedata/commanders/commandertychus.xml	3	ability:TychusTerranBuild -> unit:TychusResearchCenter -> effect:TychusResearchCenterBirthSet
ability	TychusTerranBuild	Tychus	ability-with-chain	no	effect	TychusResearchCenterBirthSet	effect	TychusResearchCenterDisableCommandsAB	Effect	official-reference	游戏数据/官方SC2原始文本镜像/mods/starcoop/starcoop.sc2mod/base.sc2data/gamedata/commanders/commandertychus.xml	3	ability:TychusTerranBuild -> unit:TychusResearchCenter -> effect:TychusResearchCenterBirthSet
ability	TychusTerranBuild	Tychus	ability-with-chain	no	behavior	TychusMedivacCooldownTracker	validator	MedivacPlatformReady	Validator	xm-dependency	原始mod/Mods/XM/XMTychus.SC2Mod/Base.SC2Data/GameData/ValidatorData.xml	3	ability:TychusTerranBuild -> unit:TychusMedivacPlatform -> behavior:TychusMedivacCooldownTracker
ability	TychusWarhoundBuildAutoTurret	Tychus	ability-with-chain	no	unit	TychusWarhoundAutoTurret	behavior	TerranBuildingBurnDown	BehaviorArray	official-reference	游戏数据/官方SC2原始文本镜像/mods/liberty.sc2mod/base.sc2data/gamedata/behaviordata.xml	2	ability:TychusWarhoundBuildAutoTurret -> unit:TychusWarhoundAutoTurret
ability	TychusWarhoundBuildAutoTurret	Tychus	ability-with-chain	no	unit	TychusWarhoundAutoTurret	behavior	Detector7	BehaviorArray	official-reference	游戏数据/官方SC2原始文本镜像/mods/void.sc2mod/base.sc2data/gamedata/behaviordata.xml	2	ability:TychusWarhoundBuildAutoTurret -> unit:TychusWarhoundAutoTurret
ability	TychusWarhoundBuildAutoTurret	Tychus	ability-with-chain	no	effect	TychusWarhoundAutoTurretSet	effect	TychusWarhoundAutoTurretTimedLife	Effect	xm-dependency	原始mod/Mods/XM/XMTychus.SC2Mod/Base.SC2Data/GameData/EffectData.xml	3	ability:TychusWarhoundBuildAutoTurret -> effect:TychusWarhoundAutoTurretRelease -> effect:TychusWarhoundAutoTurretSet
ability	TychusWarhoundBuildAutoTurret	Tychus	ability-with-chain	no	effect	TychusWarhoundAutoTurretSet	effect	TychusWarhoundAutoTurretReleaseLaunch	Effect	xm-dependency	原始mod/Mods/XM/XMTychus.SC2Mod/Base.SC2Data/GameData/EffectData.xml	3	ability:TychusWarhoundBuildAutoTurret -> effect:TychusWarhoundAutoTurretRelease -> effect:TychusWarhoundAutoTurretSet
ability	TychusWarhoundBuildAutoTurret	Tychus	ability-with-chain	no	effect	TychusWarhoundTurretExplosionDeathSet	effect	Suicide	Effect	official-reference	游戏数据/官方SC2原始文本镜像/mods/core.sc2mod/base.sc2data/gamedata/effectdata.xml	3	ability:TychusWarhoundBuildAutoTurret -> unit:TychusWarhoundAutoTurret -> effect:TychusWarhoundTurretExplosionDeathSet
ability	TychusWarhoundTornadoSprayMissile	Tychus	ability-with-chain	no	effect	TychusTornadoMissileCPSearch	effect	TychusTornadoMissileLM	EffectAttr	xm-dependency	原始mod/Mods/XM/XMTychus.SC2Mod/Base.SC2Data/GameData/EffectData.xml	3	ability:TychusWarhoundTornadoSprayMissile -> effect:TychusWarhoundTornadoMissileCP -> effect:TychusTornadoMissileCPSearch
ability	UltraliskStetmannBurrowCharge	Stetmann	ability-with-chain	no	effect	UltraliskStetmannBurrowChargeTargetSearch	validator	CasterNotDead	Validator	official-reference	游戏数据/官方SC2原始文本镜像/mods/liberty.sc2mod/base.sc2data/gamedata/validatordata.xml	2	ability:UltraliskStetmannBurrowCharge -> effect:UltraliskStetmannBurrowChargeTargetSearch
ability	UltraliskStetmannBurrowCharge	Stetmann	ability-with-chain	no	effect	UltraliskStetmannBurrowChargeStructureSet	validator	TargetIsPathable	Validator	official-reference	游戏数据/官方SC2原始文本镜像/mods/core.sc2mod/base.sc2data/gamedata/validatordata.xml	3	ability:UltraliskStetmannBurrowCharge -> effect:UltraliskStetmannBurrowChargeSwitch -> effect:UltraliskStetmannBurrowChargeStructureSet
ability	UltraliskStetmannBurrowCharge	Stetmann	ability-with-chain	no	effect	UltraliskStetmannBurrowChargeStructureSet	effect	UltraliskStetmannBurrowChargeCasterApplyBehavior	Effect	xm-dependency	原始mod/Mods/XM/XMStetmann.SC2Mod/Base.SC2Data/GameData/effectdata.xml	3	ability:UltraliskStetmannBurrowCharge -> effect:UltraliskStetmannBurrowChargeSwitch -> effect:UltraliskStetmannBurrowChargeStructureSet
ability	UltraliskStetmannBurrowCharge	Stetmann	ability-with-chain	no	effect	UltraliskStetmannBurrowChargeStructureSet	effect	UltraliskStetmannBurrowChargeStructure	Effect	xm-dependency	原始mod/Mods/XM/XMStetmann.SC2Mod/Base.SC2Data/GameData/effectdata.xml	3	ability:UltraliskStetmannBurrowCharge -> effect:UltraliskStetmannBurrowChargeSwitch -> effect:UltraliskStetmannBurrowChargeStructureSet
ability	UltraliskStetmannBurrowCharge	Stetmann	ability-with-chain	no	effect	UltraliskStetmannBurrowChargeTargetSet	validator	CasterIsNotHidden	Validator	official-reference	游戏数据/官方SC2原始文本镜像/mods/core.sc2mod/base.sc2data/gamedata/validatordata.xml	3	ability:UltraliskStetmannBurrowCharge -> effect:UltraliskStetmannBurrowChargeTargetSearch -> effect:UltraliskStetmannBurrowChargeTargetSet
ability	UltraliskStetmannBurrowCharge	Stetmann	ability-with-chain	no	effect	UltraliskStetmannBurrowChargeTargetSet	validator	NotBurrowCharging	Validator	official-reference	游戏数据/官方SC2原始文本镜像/mods/swarm.sc2mod/base.sc2data/gamedata/validatordata.xml	3	ability:UltraliskStetmannBurrowCharge -> effect:UltraliskStetmannBurrowChargeTargetSearch -> effect:UltraliskStetmannBurrowChargeTargetSet
ability	UltraliskStetmannBurrowCharge	Stetmann	ability-with-chain	no	effect	UltraliskStetmannBurrowChargeTargetSet	validator	NotBurrowChargingRevD	Validator	official-reference	游戏数据/官方SC2原始文本镜像/mods/swarm.sc2mod/base.sc2data/gamedata/validatordata.xml	3	ability:UltraliskStetmannBurrowCharge -> effect:UltraliskStetmannBurrowChargeTargetSearch -> effect:UltraliskStetmannBurrowChargeTargetSet
ability	UltraliskStetmannBurrowCharge	Stetmann	ability-with-chain	no	effect	UltraliskStetmannBurrowChargeTargetSet	effect	UltraliskStetmannBurrowChargeMPForcePersistent	Effect	xm-dependency	原始mod/Mods/XM/XMStetmann.SC2Mod/Base.SC2Data/GameData/effectdata.xml	3	ability:UltraliskStetmannBurrowCharge -> effect:UltraliskStetmannBurrowChargeTargetSearch -> effect:UltraliskStetmannBurrowChargeTargetSet
ability	UltraliskStetmannBurrowCharge	Stetmann	ability-with-chain	no	effect	UltraliskStetmannBurrowChargeTargetSet	effect	UltraliskStetmannBurrowChargeTargetDamage	Effect	xm-dependency	原始mod/Mods/XM/XMStetmann.SC2Mod/Base.SC2Data/GameData/effectdata.xml	3	ability:UltraliskStetmannBurrowCharge -> effect:UltraliskStetmannBurrowChargeTargetSearch -> effect:UltraliskStetmannBurrowChargeTargetSet
ability	UnsiegeMengsk	Mengsk	ability-with-chain	no	unit	SiegeTankMengsk	weapon	90mmCannonsMengskLookAt	WeaponArray.Link	official-reference	游戏数据/官方SC2原始文本镜像/mods/starcoop/commanders/arcturusmengsk.sc2mod/base.sc2data/gamedata/weapondata.xml	2	ability:UnsiegeMengsk -> unit:SiegeTankMengsk
ability	ViperConsumption	Abathur	external-official-reference-node	no			ability	ViperConsumption	profile-root	official-reference	游戏数据/官方SC2原始文本镜像/mods/voidprologue.sc2mod/base.sc2data/gamedata/abildata.xml	0	ability:ViperConsumption
ability	VoidCoopSummonHyperion	Raynor	ability-with-chain	no	ability	VoidCoopSummonHyperion	button	SummonHyperion	DefaultButtonFace	official-reference	游戏数据/官方SC2原始文本镜像/campaigns/void.sc2campaign/base.sc2data/gamedata/buttondata.xml	1	ability:VoidCoopSummonHyperion
ability	VoidCoopSummonHyperion	Raynor	ability-with-chain	no	effect	HyperionVoidCoopSpawnSet	effect	HyperionVoidCoopSpawnAB	Effect	official-reference	游戏数据/官方SC2原始文本镜像/mods/starcoop/starcoop.sc2mod/base.sc2data/gamedata/effectdata.xml	3	ability:VoidCoopSummonHyperion -> effect:SummonHyperionCreateUnit -> effect:HyperionVoidCoopSpawnSet
ability	VoidCoopSummonHyperion	Raynor	ability-with-chain	no	effect	HyperionVoidCoopSpawnSet	effect	HyperionVoidCoopSpawnTimedLifeAB	Effect	official-reference	游戏数据/官方SC2原始文本镜像/mods/starcoop/starcoop.sc2mod/base.sc2data/gamedata/effectdata.xml	3	ability:VoidCoopSummonHyperion -> effect:SummonHyperionCreateUnit -> effect:HyperionVoidCoopSpawnSet
ability	VoidCoopSummonHyperion	Raynor	ability-with-chain	no	unit	HyperionVoidCoop	button	HyperionVoidCoopHyperjump	Face	official-reference	游戏数据/官方SC2原始文本镜像/campaigns/void.sc2campaign/base.sc2data/gamedata/buttondata.xml	3	ability:VoidCoopSummonHyperion -> effect:SummonHyperionCreateUnit -> unit:HyperionVoidCoop
ability	VoidCoopSummonHyperion	Raynor	ability-with-chain	no	unit	HyperionVoidCoop	button	HyperionVoidCoopYamatoCannon	Face	official-reference	游戏数据/官方SC2原始文本镜像/campaigns/void.sc2campaign/base.sc2data/gamedata/buttondata.xml	3	ability:VoidCoopSummonHyperion -> effect:SummonHyperionCreateUnit -> unit:HyperionVoidCoop
ability	WarpPrismTransport	Alarak	ability-minimal	no	ability	WarpPrismTransport	behavior	TransportDummy	Behavior	official-reference	游戏数据/官方SC2原始文本镜像/mods/liberty.sc2mod/base.sc2data/gamedata/behaviordata.xml	1	ability:WarpPrismTransport
ability	ZagaraVoidCoopBanelingBarrage	Zagara	ability-with-chain	no	ability	ZagaraVoidCoopBanelingBarrage	effect	ZagaraVoidCoopBanelingBarrageCP	Effect	official-reference	游戏数据/官方SC2原始文本镜像/campaigns/void.sc2campaign/base.sc2data/gamedata/effectdata.xml	1	ability:ZagaraVoidCoopBanelingBarrage
ability	ZagaraVoidCoopBurrow	Zagara	ability-with-chain	no	unit	ZagaraVoidCoopBurrowed	behavior	KerriganVeterancyDummy	BehaviorArray	official-reference	游戏数据/官方SC2原始文本镜像/campaigns/swarm.sc2campaign/base.sc2data/gamedata/behaviordata.xml	2	ability:ZagaraVoidCoopBurrow -> unit:ZagaraVoidCoopBurrowed
ability	ZagaraVoidCoopBurrow	Zagara	ability-with-chain	no	unit	ZagaraVoidCoopBurrowed	behavior	ZagaraVoidCoopCreepMasterRegen	BehaviorArray	official-reference	游戏数据/官方SC2原始文本镜像/campaigns/void.sc2campaign/base.sc2data/gamedata/behaviordata.xml	2	ability:ZagaraVoidCoopBurrow -> unit:ZagaraVoidCoopBurrowed
ability	ZagaraVoidCoopBurrow	Zagara	ability-with-chain	no	unit	ZagaraVoidCoopBurrowed	button	MoveChampions	Face	official-reference	游戏数据/官方SC2原始文本镜像/campaigns/void.sc2campaign/base.sc2data/gamedata/buttondata.xml	2	ability:ZagaraVoidCoopBurrow -> unit:ZagaraVoidCoopBurrowed
ability	ZagaraVoidCoopBurrow	Zagara	ability-with-chain	no	unit	ZagaraVoidCoopBurrowed	button	AttackChampions	Face	official-reference	游戏数据/官方SC2原始文本镜像/campaigns/void.sc2campaign/base.sc2data/gamedata/buttondata.xml	2	ability:ZagaraVoidCoopBurrow -> unit:ZagaraVoidCoopBurrowed
ability	ZagaraVoidCoopBurrow	Zagara	ability-with-chain	no	unit	ZagaraVoidCoopBurrowed	button	ZagaraVoidCoopAttackUpgrade	Face	official-reference	游戏数据/官方SC2原始文本镜像/campaigns/void.sc2campaign/base.sc2data/gamedata/buttondata.xml	2	ability:ZagaraVoidCoopBurrow -> unit:ZagaraVoidCoopBurrowed
ability	ZagaraVoidCoopBurrow	Zagara	ability-with-chain	no	unit	ZagaraVoidCoopBurrowed	requirement	HaveZagaraVoidCoopBanelingSpawner	Requirements	official-reference	游戏数据/官方SC2原始文本镜像/campaigns/void.sc2campaign/base.sc2data/gamedata/requirementdata.xml	2	ability:ZagaraVoidCoopBurrow -> unit:ZagaraVoidCoopBurrowed
ability	ZagaraVoidCoopBurrow	Zagara	ability-with-chain	no	ability	ZagaraVoidCoopBanelingBarrage	effect	ZagaraVoidCoopBanelingBarrageCP	Effect	official-reference	游戏数据/官方SC2原始文本镜像/campaigns/void.sc2campaign/base.sc2data/gamedata/effectdata.xml	3	ability:ZagaraVoidCoopBurrow -> unit:ZagaraVoidCoopBurrowed -> ability:ZagaraVoidCoopBanelingBarrage
ability	ZagaraVoidCoopBurrow	Zagara	ability-with-chain	no	ability	ZagaraVoidCoopSpawnBroodlings	button	ZagaraVoidCoopSpawnBroodlings	DefaultButtonFace	official-reference	游戏数据/官方SC2原始文本镜像/campaigns/void.sc2campaign/base.sc2data/gamedata/buttondata.xml	3	ability:ZagaraVoidCoopBurrow -> unit:ZagaraVoidCoopBurrowed -> ability:ZagaraVoidCoopSpawnBroodlings
ability	ZagaraVoidCoopBurrow	Zagara	ability-with-chain	no	ability	ZagaraVoidCoopSpawnBroodlings	requirement	HaveZagaraVoidCoopSpawnBroodlings	Requirements	official-reference	游戏数据/官方SC2原始文本镜像/campaigns/void.sc2campaign/base.sc2data/gamedata/requirementdata.xml	3	ability:ZagaraVoidCoopBurrow -> unit:ZagaraVoidCoopBurrowed -> ability:ZagaraVoidCoopSpawnBroodlings
ability	ZagaraVoidCoopBurrow	Zagara	ability-with-chain	no	ability	ZagaraVoidCoopSpawnBroodlings	effect	ZagaraVoidCoopSpawnBroodlingsLaunch	Effect	official-reference	游戏数据/官方SC2原始文本镜像/campaigns/void.sc2campaign/base.sc2data/gamedata/effectdata.xml	3	ability:ZagaraVoidCoopBurrow -> unit:ZagaraVoidCoopBurrowed -> ability:ZagaraVoidCoopSpawnBroodlings
ability	ZagaraVoidCoopBurrow	Zagara	ability-with-chain	no	ability	ZagaraVoidCoopCreepMaster	button	CreepTumor	DefaultButtonFace	official-reference	游戏数据/官方SC2原始文本镜像/mods/liberty.sc2mod/base.sc2data/gamedata/buttondata.xml	3	ability:ZagaraVoidCoopBurrow -> unit:ZagaraVoidCoopBurrowed -> ability:ZagaraVoidCoopCreepMaster
ability	ZagaraVoidCoopBurrow	Zagara	ability-with-chain	no	ability	ZagaraVoidCoopCreepMaster	requirement	HaveZagaraVoidCoopCreepMaster	Requirements	official-reference	游戏数据/官方SC2原始文本镜像/campaigns/void.sc2campaign/base.sc2data/gamedata/requirementdata.xml	3	ability:ZagaraVoidCoopBurrow -> unit:ZagaraVoidCoopBurrowed -> ability:ZagaraVoidCoopCreepMaster
ability	ZagaraVoidCoopBurrow	Zagara	ability-with-chain	no	ability	ZagaraVoidCoopCreepMaster	unit	CreepTumorZagara	UnitAttr	official-reference	游戏数据/官方SC2原始文本镜像/campaigns/void.sc2campaign/base.sc2data/gamedata/unitdata.xml	3	ability:ZagaraVoidCoopBurrow -> unit:ZagaraVoidCoopBurrowed -> ability:ZagaraVoidCoopCreepMaster
ability	ZagaraVoidCoopBurrow	Zagara	ability-with-chain	no	ability	ZagaraVoidCoopSpawnHunterKillers	effect	ZagaraVoidCoopSpawnHunterKillersInitialSet	Effect	official-reference	游戏数据/官方SC2原始文本镜像/campaigns/void.sc2campaign/base.sc2data/gamedata/effectdata.xml	3	ability:ZagaraVoidCoopBurrow -> unit:ZagaraVoidCoopBurrowed -> ability:ZagaraVoidCoopSpawnHunterKillers
ability	ZagaraVoidCoopBurrow	Zagara	ability-with-chain	no	ability	ZagaraVoidCoopSpawnMutalisk	button	ZagaraVoidCoopSpawnMutalisk	DefaultButtonFace	official-reference	游戏数据/官方SC2原始文本镜像/campaigns/void.sc2campaign/base.sc2data/gamedata/buttondata.xml	3	ability:ZagaraVoidCoopBurrow -> unit:ZagaraVoidCoopBurrowed -> ability:ZagaraVoidCoopSpawnMutalisk
ability	ZagaraVoidCoopBurrow	Zagara	ability-with-chain	no	ability	ZagaraVoidCoopSpawnMutalisk	requirement	HaveZagaraVoidCoopSpawnMutalisk	Requirements	official-reference	游戏数据/官方SC2原始文本镜像/campaigns/void.sc2campaign/base.sc2data/gamedata/requirementdata.xml	3	ability:ZagaraVoidCoopBurrow -> unit:ZagaraVoidCoopBurrowed -> ability:ZagaraVoidCoopSpawnMutalisk
ability	ZagaraVoidCoopBurrow	Zagara	ability-with-chain	no	ability	ZagaraVoidCoopWildInfestation	button	ZagaraVoidCoopWildInfestation	DefaultButtonFace	official-reference	游戏数据/官方SC2原始文本镜像/campaigns/void.sc2campaign/base.sc2data/gamedata/buttondata.xml	3	ability:ZagaraVoidCoopBurrow -> unit:ZagaraVoidCoopBurrowed -> ability:ZagaraVoidCoopWildInfestation
ability	ZagaraVoidCoopBurrow	Zagara	ability-with-chain	no	ability	ZagaraVoidCoopWildInfestation	requirement	HaveZagaraVoidCoopWildInfestation	Requirements	official-reference	游戏数据/官方SC2原始文本镜像/campaigns/void.sc2campaign/base.sc2data/gamedata/requirementdata.xml	3	ability:ZagaraVoidCoopBurrow -> unit:ZagaraVoidCoopBurrowed -> ability:ZagaraVoidCoopWildInfestation
ability	ZagaraVoidCoopBurrow	Zagara	ability-with-chain	no	ability	ZagaraVoidCoopDeepTunnel	button	ZagaraVoidCoopDeepTunnel	DefaultButtonFace	official-reference	游戏数据/官方SC2原始文本镜像/campaigns/void.sc2campaign/base.sc2data/gamedata/buttondata.xml	3	ability:ZagaraVoidCoopBurrow -> unit:ZagaraVoidCoopBurrowed -> ability:ZagaraVoidCoopDeepTunnel
ability	ZagaraVoidCoopBurrow	Zagara	ability-with-chain	no	ability	ZagaraVoidCoopDeepTunnel	requirement	HaveZagaraVoidCoopDeepTunnel	Requirements	official-reference	游戏数据/官方SC2原始文本镜像/campaigns/void.sc2campaign/base.sc2data/gamedata/requirementdata.xml	3	ability:ZagaraVoidCoopBurrow -> unit:ZagaraVoidCoopBurrowed -> ability:ZagaraVoidCoopDeepTunnel
ability	ZagaraVoidCoopBurrow	Zagara	ability-with-chain	no	ability	ZagaraVoidCoopNydusWorm	validator	HasVisionOfTarget	Validator	official-reference	游戏数据/官方SC2原始文本镜像/mods/core.sc2mod/base.sc2data/gamedata/validatordata.xml	3	ability:ZagaraVoidCoopBurrow -> unit:ZagaraVoidCoopBurrowed -> ability:ZagaraVoidCoopNydusWorm
ability	ZagaraVoidCoopBurrow	Zagara	ability-with-chain	no	ability	ZagaraVoidCoopTransfusionWave	button	ZagaraVoidCoopTransfusionWave	DefaultButtonFace	official-reference	游戏数据/官方SC2原始文本镜像/campaigns/void.sc2campaign/base.sc2data/gamedata/buttondata.xml	3	ability:ZagaraVoidCoopBurrow -> unit:ZagaraVoidCoopBurrowed -> ability:ZagaraVoidCoopTransfusionWave
ability	ZagaraVoidCoopBurrow	Zagara	ability-with-chain	no	ability	ZagaraVoidCoopTransfusionWave	requirement	HaveZagaraVoidCoopTransfusionWave	Requirements	official-reference	游戏数据/官方SC2原始文本镜像/campaigns/void.sc2campaign/base.sc2data/gamedata/requirementdata.xml	3	ability:ZagaraVoidCoopBurrow -> unit:ZagaraVoidCoopBurrowed -> ability:ZagaraVoidCoopTransfusionWave
ability	ZagaraVoidCoopBurrow	Zagara	ability-with-chain	no	ability	ZagaraVoidCoopTransfusionWave	effect	ZagaraVoidCoopTransfusionWaveSet1	Effect	official-reference	游戏数据/官方SC2原始文本镜像/campaigns/void.sc2campaign/base.sc2data/gamedata/effectdata.xml	3	ability:ZagaraVoidCoopBurrow -> unit:ZagaraVoidCoopBurrowed -> ability:ZagaraVoidCoopTransfusionWave
ability	ZagaraVoidCoopBurrow	Zagara	ability-with-chain	no	ability	ZagaraVoidCoopDevouringMaw	button	ZagaraVoidCoopDevouringMaw	DefaultButtonFace	official-reference	游戏数据/官方SC2原始文本镜像/campaigns/void.sc2campaign/base.sc2data/gamedata/buttondata.xml	3	ability:ZagaraVoidCoopBurrow -> unit:ZagaraVoidCoopBurrowed -> ability:ZagaraVoidCoopDevouringMaw
ability	ZagaraVoidCoopBurrow	Zagara	ability-with-chain	no	ability	ZagaraVoidCoopDevouringMaw	requirement	HaveZagaraVoidCoopDevouringMaw	Requirements	official-reference	游戏数据/官方SC2原始文本镜像/campaigns/void.sc2campaign/base.sc2data/gamedata/requirementdata.xml	3	ability:ZagaraVoidCoopBurrow -> unit:ZagaraVoidCoopBurrowed -> ability:ZagaraVoidCoopDevouringMaw
ability	ZagaraVoidCoopBurrow	Zagara	ability-with-chain	no	ability	ZagaraVoidCoopDevouringMaw	effect	ZagaraVoidCoopDevouringMawCP	Effect	official-reference	游戏数据/官方SC2原始文本镜像/campaigns/void.sc2campaign/base.sc2data/gamedata/effectdata.xml	3	ability:ZagaraVoidCoopBurrow -> unit:ZagaraVoidCoopBurrowed -> ability:ZagaraVoidCoopDevouringMaw
ability	ZagaraVoidCoopBurrow	Zagara	ability-with-chain	no	ability	ZagaraVoidCoopDevouringMaw	effect	ZagaraVoidCoopDevouringMawInitialSearchArea	Effect	official-reference	游戏数据/官方SC2原始文本镜像/campaigns/void.sc2campaign/base.sc2data/gamedata/effectdata.xml	3	ability:ZagaraVoidCoopBurrow -> unit:ZagaraVoidCoopBurrowed -> ability:ZagaraVoidCoopDevouringMaw
ability	ZagaraVoidCoopMassFrenzy	Zagara	ability-with-chain	no	effect	CommanderPrestigeZagaraZagaraFrenzySearch	effect	ZagaraVoidCoopMassFrenzySet	EffectAttr	official-reference	游戏数据/官方SC2原始文本镜像/mods/starcoop/starcoop.sc2mod/base.sc2data/gamedata/effectdata.xml	3	ability:ZagaraVoidCoopMassFrenzy -> effect:ZagaraVoidCoopMassFrenzySwitch -> effect:CommanderPrestigeZagaraZagaraFrenzySearch
ability	ZagaraVoidCoopMassRoachDrop	Zagara	ability-with-chain	no	effect	ZagaraVoidCoopMassRoachDropCP	validator	Pathable	Validator	official-reference	游戏数据/官方SC2原始文本镜像/mods/core.sc2mod/base.sc2data/gamedata/validatordata.xml	2	ability:ZagaraVoidCoopMassRoachDrop -> effect:ZagaraVoidCoopMassRoachDropCP
ability	ZagaraVoidCoopMassRoachDrop	Zagara	ability-with-chain	no	effect	ZagaraVoidCoopMassRoachDropCP	effect	ZagaraVoidCoopInfestedPodsCP	Effect	official-reference	游戏数据/官方SC2原始文本镜像/campaigns/void.sc2campaign/base.sc2data/gamedata/effectdata.xml	2	ability:ZagaraVoidCoopMassRoachDrop -> effect:ZagaraVoidCoopMassRoachDropCP
ability	ZagaraVoidCoopMassRoachDrop	Zagara	ability-with-chain	no	effect	ZagaraVoidCoopInfestedPodsImpactDamage	validator	NotInvulnerable	Validator	official-reference	游戏数据/官方SC2原始文本镜像/mods/liberty.sc2mod/base.sc2data/gamedata/validatordata.xml	3	ability:ZagaraVoidCoopMassRoachDrop -> effect:ZagaraVoidCoopMassRoachlingDropSearch -> effect:ZagaraVoidCoopInfestedPodsImpactDamage
ability	ZagaraVoidCoopMassRoachDrop	Zagara	ability-with-chain	no	effect	ZagaraVoidCoopInfestedPodsImpactDamage	unit	NotInvulnerable	Unit	cross-kind-reference	游戏数据/官方SC2原始文本镜像/mods/liberty.sc2mod/base.sc2data/gamedata/validatordata.xml	3	ability:ZagaraVoidCoopMassRoachDrop -> effect:ZagaraVoidCoopMassRoachlingDropSearch -> effect:ZagaraVoidCoopInfestedPodsImpactDamage
ability	ZagaraVoidCoopSpawnHunterKillers	Zagara	ability-with-chain	no	ability	ZagaraVoidCoopSpawnHunterKillers	effect	ZagaraVoidCoopSpawnHunterKillersInitialSet	Effect	official-reference	游戏数据/官方SC2原始文本镜像/campaigns/void.sc2campaign/base.sc2data/gamedata/effectdata.xml	1	ability:ZagaraVoidCoopSpawnHunterKillers
ability	ZeratulCharge	Zeratul	ability-with-chain	no	ability	ZeratulCharge	validator	CasterNotHoldingPosition	Validator	official-reference	游戏数据/官方SC2原始文本镜像/mods/liberty.sc2mod/base.sc2data/gamedata/validatordata.xml	1	ability:ZeratulCharge
ability	ZeratulCharge	Zeratul	ability-with-chain	no	ability	ZeratulCharge	effect	Charge	Effect	official-reference	游戏数据/官方SC2原始文本镜像/mods/liberty.sc2mod/base.sc2data/gamedata/effectdata.xml	1	ability:ZeratulCharge
ability	ZeratulImmortalBarrierBase	Zeratul	ability-with-chain	no	ability	ZeratulImmortalBarrierBase	validator	CasterShieldsLT1	Validator	official-reference	游戏数据/官方SC2原始文本镜像/mods/liberty.sc2mod/base.sc2data/gamedata/validatordata.xml	1	ability:ZeratulImmortalBarrierBase
ability	ZeratulImmortalBarrierBase	Zeratul	ability-with-chain	no	effect	ZeratulImmortalBarrierSet	effect	ImmortalBarrierBaseAB	Effect	official-reference	游戏数据/官方SC2原始文本镜像/mods/voidprologue.sc2mod/base.sc2data/gamedata/effectdata.xml	2	ability:ZeratulImmortalBarrierBase -> effect:ZeratulImmortalBarrierSet
ability	ZeratulObserverMorphtoZeratulObserverSiege	Zeratul	ability-with-chain	no	behavior	VorazunCloakedShieldRegenPermanent	validator	IsCloaked	Validator	official-reference	游戏数据/官方SC2原始文本镜像/campaigns/liberty.sc2campaign/base.sc2data/gamedata/validatordata.xml	3	ability:ZeratulObserverMorphtoZeratulObserverSiege -> unit:ZeratulObserverSiegeMode -> behavior:VorazunCloakedShieldRegenPermanent
ability	ZeratulObserverMorphtoZeratulObserverSiege	Zeratul	ability-with-chain	no	behavior	VorazunCloakedShieldRegenPermanent	validator	ShieldsNotFull	Validator	official-reference	游戏数据/官方SC2原始文本镜像/mods/liberty.sc2mod/base.sc2data/gamedata/validatordata.xml	3	ability:ZeratulObserverMorphtoZeratulObserverSiege -> unit:ZeratulObserverSiegeMode -> behavior:VorazunCloakedShieldRegenPermanent
ability	ZeratulPhasingMode	Zeratul	ability-with-chain	no	ability	ZeratulPhasingMode	button	PhasingMode	DefaultButtonFace	official-reference	游戏数据/官方SC2原始文本镜像/mods/liberty.sc2mod/base.sc2data/gamedata/buttondata.xml	1	ability:ZeratulPhasingMode
ability	ZeratulPhasingMode	Zeratul	ability-with-chain	no	unit	ZeratulWarpPrismPhasing	ability	AttackWarpPrism	AbilArray.Link	official-reference	游戏数据/官方SC2原始文本镜像/mods/liberty.sc2mod/base.sc2data/gamedata/abildata.xml	2	ability:ZeratulPhasingMode -> unit:ZeratulWarpPrismPhasing
ability	ZeratulPhasingMode	Zeratul	ability-with-chain	no	behavior	ZeratulWarpPrismPhasingRegenAura	effect	ZeratulWarpPrismPhasingRegenAuraSearch	Effect	official-reference	游戏数据/官方SC2原始文本镜像/mods/starcoop/starcoop.sc2mod/base.sc2data/gamedata/commanders/futurecommanders.xml	3	ability:ZeratulPhasingMode -> unit:ZeratulWarpPrismPhasing -> behavior:ZeratulWarpPrismPhasingRegenAura
ability	ZeratulReflectionShield	Zeratul	ability-with-chain	no	ability	ZeratulReflectionShield	validator	VoidSentryNearbyFriendlyUnitInCombat	Validator	official-reference	游戏数据/官方SC2原始文本镜像/campaigns/void.sc2campaign/base.sc2data/gamedata/validatordata.xml	1	ability:ZeratulReflectionShield
ability	ZeratulReflectionShield	Zeratul	ability-with-chain	no	effect	ZeratulReflectionShieldCP	validator	NotVortexd	Validator	official-reference	游戏数据/官方SC2原始文本镜像/mods/liberty.sc2mod/base.sc2data/gamedata/validatordata.xml	2	ability:ZeratulReflectionShield -> effect:ZeratulReflectionShieldCP
ability	ZeratulReflectionShield	Zeratul	ability-with-chain	no	effect	ZeratulReflectionShieldSearch	effect	ZeratulReflectionShieldReflectSet	EffectAttr	official-reference	游戏数据/官方SC2原始文本镜像/mods/starcoop/starcoop.sc2mod/base.sc2data/gamedata/commanders/futurecommanders.xml	3	ability:ZeratulReflectionShield -> effect:ZeratulReflectionShieldCP -> effect:ZeratulReflectionShieldSearch
ability	ZeratulSentryShieldRepair	Zeratul	ability-with-chain	no	ability	ZeratulSentryShieldRepair	validator	NotWarpingIn	Validator	official-reference	游戏数据/官方SC2原始文本镜像/mods/liberty.sc2mod/base.sc2data/gamedata/validatordata.xml	1	ability:ZeratulSentryShieldRepair
ability	ZeratulSentryShieldRepair	Zeratul	ability-with-chain	no	ability	ZeratulSentryShieldRepair	validator	CasterHas10Energy	Validator	official-reference	游戏数据/官方SC2原始文本镜像/mods/liberty.sc2mod/base.sc2data/gamedata/validatordata.xml	1	ability:ZeratulSentryShieldRepair
ability	ZeratulTopBarBuild	Zeratul	ability-with-chain	no	ability	ZeratulTopBarBuild	validator	HasVision	Validator	official-reference	游戏数据/官方SC2原始文本镜像/mods/liberty.sc2mod/base.sc2data/gamedata/validatordata.xml	1	ability:ZeratulTopBarBuild
ability	ZeratulTopBarBuild	Zeratul	ability-with-chain	no	unit	ZeratulKhaydarinMonolith	behavior	UnderConstruction	BehaviorArray	official-reference	游戏数据/官方SC2原始文本镜像/mods/liberty.sc2mod/base.sc2data/gamedata/behaviordata.xml	2	ability:ZeratulTopBarBuild -> unit:ZeratulKhaydarinMonolith
ability	ZeratulTopBarBuild	Zeratul	ability-with-chain	no	unit	ZeratulKhaydarinMonolith	behavior	Detector12	BehaviorArray	official-reference	游戏数据/官方SC2原始文本镜像/mods/liberty.sc2mod/base.sc2data/gamedata/behaviordata.xml	2	ability:ZeratulTopBarBuild -> unit:ZeratulKhaydarinMonolith
ability	ZeratulTopBarBuild	Zeratul	ability-with-chain	no	ability	ZeratulStructureBarrier	validator	CasterInCombat	Validator	official-reference	游戏数据/官方SC2原始文本镜像/mods/core.sc2mod/base.sc2data/gamedata/validatordata.xml	3	ability:ZeratulTopBarBuild -> unit:ZeratulKhaydarinMonolith -> ability:ZeratulStructureBarrier
ability	ZeratulTopBarUltimateWarpTrain	Zeratul	ability-with-chain	no	ability	ZeratulXelNagaConstructDevolve	requirement	HaveZeratulTalentUltimatePurity	Requirements	official-reference	游戏数据/官方SC2原始文本镜像/mods/starcoop/starcoop.sc2mod/base.sc2data/gamedata/commanders/futurecommanders.xml	3	ability:ZeratulTopBarUltimateWarpTrain -> unit:ZeratulXelNagaConstruct -> ability:ZeratulXelNagaConstructDevolve
ability	ZeratulTopBarUltimateWarpTrain	Zeratul	ability-with-chain	no	ability	ZeratulXelNagaConstructDevolve	effect	ZeratulXelNagaConstructDevolveSearch	Effect	official-reference	游戏数据/官方SC2原始文本镜像/mods/starcoop/starcoop.sc2mod/base.sc2data/gamedata/commanders/futurecommanders.xml	3	ability:ZeratulTopBarUltimateWarpTrain -> unit:ZeratulXelNagaConstruct -> ability:ZeratulXelNagaConstructDevolve
ability	ZeratulTopBarUltimateWarpTrain	Zeratul	ability-with-chain	no	behavior	ZeratulXelNagaConstructEvolveCaster	effect	ZeratulXelNagaConstructEvolveSearch	Effect	official-reference	游戏数据/官方SC2原始文本镜像/mods/starcoop/starcoop.sc2mod/base.sc2data/gamedata/commanders/futurecommanders.xml	3	ability:ZeratulTopBarUltimateWarpTrain -> unit:ZeratulXelNagaConstruct -> behavior:ZeratulXelNagaConstructEvolveCaster
ability	ZeratulTopBarUltimateWarpTrain	Zeratul	ability-with-chain	no	behavior	ZeratulXelNagaConstructTimedLife	effect	Kill	Effect	official-reference	游戏数据/官方SC2原始文本镜像/mods/liberty.sc2mod/base.sc2data/gamedata/effectdata.xml	3	ability:ZeratulTopBarUltimateWarpTrain -> unit:ZeratulXelNagaConstruct -> behavior:ZeratulXelNagaConstructTimedLife
ability	ZeratulTopBarUltimateWarpTrain	Zeratul	ability-with-chain	no	weapon	ZeratulXelNagaConstructWeapon	effect	ZeratulXelNagaConstructDamage	Effect	official-reference	游戏数据/官方SC2原始文本镜像/mods/starcoop/starcoop.sc2mod/base.sc2data/gamedata/commanders/futurecommanders.xml	3	ability:ZeratulTopBarUltimateWarpTrain -> unit:ZeratulXelNagaConstruct -> weapon:ZeratulXelNagaConstructWeapon
ability	ZeratulTopBarUltimateWarpTrain	Zeratul	ability-with-chain	no	weapon	ZeratulXelNagaConstructWeapon	effect	ZeratulXelNagaConstructPersistent	Effect	official-reference	游戏数据/官方SC2原始文本镜像/mods/starcoop/starcoop.sc2mod/base.sc2data/gamedata/commanders/futurecommanders.xml	3	ability:ZeratulTopBarUltimateWarpTrain -> unit:ZeratulXelNagaConstruct -> weapon:ZeratulXelNagaConstructWeapon
ability	ZeratulTopBarUltimateWarpTrain	Zeratul	ability-with-chain	no	ability	ZeratulEntropicBlastCyan	requirement	HaveZeratulTalentUltimatePurity	Requirements	official-reference	游戏数据/官方SC2原始文本镜像/mods/starcoop/starcoop.sc2mod/base.sc2data/gamedata/commanders/futurecommanders.xml	3	ability:ZeratulTopBarUltimateWarpTrain -> unit:ZeratulXelNagaConstructCyan -> ability:ZeratulEntropicBlastCyan
ability	ZeratulTopBarUltimateWarpTrain	Zeratul	ability-with-chain	no	ability	ZeratulEntropicBlastCyan	effect	ZeratulEntropicBlastCyanLM	Effect	official-reference	游戏数据/官方SC2原始文本镜像/mods/starcoop/starcoop.sc2mod/base.sc2data/gamedata/commanders/futurecommanders.xml	3	ability:ZeratulTopBarUltimateWarpTrain -> unit:ZeratulXelNagaConstructCyan -> ability:ZeratulEntropicBlastCyan
ability	ZeratulTopBarUltimateWarpTrain	Zeratul	ability-with-chain	no	ability	ZeratulEntropicBlastCyan	effect	ZeratulEntropicBlastCyanDamage	Effect	official-reference	游戏数据/官方SC2原始文本镜像/mods/starcoop/starcoop.sc2mod/base.sc2data/gamedata/commanders/futurecommanders.xml	3	ability:ZeratulTopBarUltimateWarpTrain -> unit:ZeratulXelNagaConstructCyan -> ability:ZeratulEntropicBlastCyan
ability	ZeratulTopBarUltimateWarpTrain	Zeratul	ability-with-chain	no	ability	ZeratulXelNagaConstructPsiStorm	validator	ZeratulXelNagaConstructPsiStormMinimum3EnemyTargets	Validator	official-reference	游戏数据/官方SC2原始文本镜像/mods/starcoop/starcoop.sc2mod/base.sc2data/gamedata/commanders/futurecommanders.xml	3	ability:ZeratulTopBarUltimateWarpTrain -> unit:ZeratulXelNagaConstructCyan -> ability:ZeratulXelNagaConstructPsiStorm
ability	ZeratulTopBarUltimateWarpTrain	Zeratul	ability-with-chain	no	ability	ZeratulXelNagaConstructPsiStorm	effect	ZeratulXelNagaConstructPsiStormPersistent	Effect	official-reference	游戏数据/官方SC2原始文本镜像/mods/starcoop/starcoop.sc2mod/base.sc2data/gamedata/commanders/futurecommanders.xml	3	ability:ZeratulTopBarUltimateWarpTrain -> unit:ZeratulXelNagaConstructCyan -> ability:ZeratulXelNagaConstructPsiStorm
ability	ZeratulTopBarUltimateWarpTrain	Zeratul	ability-with-chain	no	ability	ZeratulXelNagaConstructPsiStorm	effect	ZeratulXelNagaConstructPsiStormSearch	Effect	official-reference	游戏数据/官方SC2原始文本镜像/mods/starcoop/starcoop.sc2mod/base.sc2data/gamedata/commanders/futurecommanders.xml	3	ability:ZeratulTopBarUltimateWarpTrain -> unit:ZeratulXelNagaConstructCyan -> ability:ZeratulXelNagaConstructPsiStorm
ability	ZeratulTopBarUltimateWarpTrain	Zeratul	ability-with-chain	no	ability	ZeratulXelNagaConstructPsiBlast	effect	ZeratulXelNagaConstructPsiBlastLaunchMissile	Effect	official-reference	游戏数据/官方SC2原始文本镜像/mods/starcoop/starcoop.sc2mod/base.sc2data/gamedata/commanders/futurecommanders.xml	3	ability:ZeratulTopBarUltimateWarpTrain -> unit:ZeratulXelNagaConstructCyan -> ability:ZeratulXelNagaConstructPsiBlast
ability	ZeratulTopBarUltimateWarpTrain	Zeratul	ability-with-chain	no	weapon	ZeratulXelNagaConstructCyanWeapon	effect	ZeratulXelNagaConstructDamage	Effect	official-reference	游戏数据/官方SC2原始文本镜像/mods/starcoop/starcoop.sc2mod/base.sc2data/gamedata/commanders/futurecommanders.xml	3	ability:ZeratulTopBarUltimateWarpTrain -> unit:ZeratulXelNagaConstructCyan -> weapon:ZeratulXelNagaConstructCyanWeapon
ability	ZeratulTopBarUltimateWarpTrain	Zeratul	ability-with-chain	no	weapon	ZeratulXelNagaConstructCyanWeapon	effect	ZeratulXelNagaConstructCyanPersistent	Effect	official-reference	游戏数据/官方SC2原始文本镜像/mods/starcoop/starcoop.sc2mod/base.sc2data/gamedata/commanders/futurecommanders.xml	3	ability:ZeratulTopBarUltimateWarpTrain -> unit:ZeratulXelNagaConstructCyan -> weapon:ZeratulXelNagaConstructCyanWeapon
ability	ZeratulTopBarWarpTrain	Zeratul	ability-with-chain	no	unit	ZeratulSummonKarass	ability	ForceField	AbilCmd	official-reference	游戏数据/官方SC2原始文本镜像/mods/liberty.sc2mod/base.sc2data/gamedata/abildata.xml	2	ability:ZeratulTopBarWarpTrain -> unit:ZeratulSummonKarass
ability	ZeratulTopBarWarpTrain	Zeratul	ability-with-chain	no	unit	ZeratulKhaydarinMonolith	behavior	UnderConstruction	BehaviorArray	official-reference	游戏数据/官方SC2原始文本镜像/mods/liberty.sc2mod/base.sc2data/gamedata/behaviordata.xml	2	ability:ZeratulTopBarWarpTrain -> unit:ZeratulKhaydarinMonolith
ability	ZeratulTopBarWarpTrain	Zeratul	ability-with-chain	no	unit	ZeratulKhaydarinMonolith	behavior	Detector12	BehaviorArray	official-reference	游戏数据/官方SC2原始文本镜像/mods/liberty.sc2mod/base.sc2data/gamedata/behaviordata.xml	2	ability:ZeratulTopBarWarpTrain -> unit:ZeratulKhaydarinMonolith
ability	ZeratulTopBarWarpTrain	Zeratul	ability-with-chain	no	ability	ZeratulDarkArchonMindControl	validator	TargetHasFoodGTE3	Validator	official-reference	游戏数据/官方SC2原始文本镜像/mods/starcoop/starcoop.sc2mod/base.sc2data/gamedata/validatordata.xml	3	ability:ZeratulTopBarWarpTrain -> unit:ZeratulHeroDarkArchon -> ability:ZeratulDarkArchonMindControl
ability	ZeratulTopBarWarpTrain	Zeratul	ability-with-chain	no	ability	ZeratulDarkArchonMindControl	effect	ZeratulDarkArchonMindControlSet	Effect	official-reference	游戏数据/官方SC2原始文本镜像/mods/starcoop/starcoop.sc2mod/base.sc2data/gamedata/commanders/futurecommanders.xml	3	ability:ZeratulTopBarWarpTrain -> unit:ZeratulHeroDarkArchon -> ability:ZeratulDarkArchonMindControl
ability	ZeratulTopBarWarpTrain	Zeratul	ability-with-chain	no	ability	ZeratulDarkArchonMaelstrom	validator	ZeratulDarkArchonMaelstromValidator	Validator	official-reference	游戏数据/官方SC2原始文本镜像/mods/starcoop/starcoop.sc2mod/base.sc2data/gamedata/commanders/futurecommanders.xml	3	ability:ZeratulTopBarWarpTrain -> unit:ZeratulHeroDarkArchon -> ability:ZeratulDarkArchonMaelstrom
ability	ZeratulTopBarWarpTrain	Zeratul	ability-with-chain	no	ability	ZeratulDarkArchonMaelstrom	effect	ZeratulDarkArchonMaelstromSearch	Effect	official-reference	游戏数据/官方SC2原始文本镜像/mods/starcoop/starcoop.sc2mod/base.sc2data/gamedata/commanders/futurecommanders.xml	3	ability:ZeratulTopBarWarpTrain -> unit:ZeratulHeroDarkArchon -> ability:ZeratulDarkArchonMaelstrom
ability	ZeratulTopBarWarpTrain	Zeratul	ability-with-chain	no	weapon	DarkArchonHeroWeapon	effect	DarkArchonHeroWeaponDamage	Effect	official-reference	游戏数据/官方SC2原始文本镜像/mods/starcoop/starcoop.sc2mod/base.sc2data/gamedata/commanders/futurecommanders.xml	3	ability:ZeratulTopBarWarpTrain -> unit:ZeratulHeroDarkArchon -> weapon:DarkArchonHeroWeapon
ability	ZeratulTopBarWarpTrain	Zeratul	ability-with-chain	no	ability	ZeratulStructureBarrier	validator	CasterInCombat	Validator	official-reference	游戏数据/官方SC2原始文本镜像/mods/core.sc2mod/base.sc2data/gamedata/validatordata.xml	3	ability:ZeratulTopBarWarpTrain -> unit:ZeratulKhaydarinMonolith -> ability:ZeratulStructureBarrier
ability	ZeratulTopBarWarpTrain	Zeratul	ability-with-chain	no	ability	ZeratulXelNagaConstructDevolve	requirement	HaveZeratulTalentUltimatePurity	Requirements	official-reference	游戏数据/官方SC2原始文本镜像/mods/starcoop/starcoop.sc2mod/base.sc2data/gamedata/commanders/futurecommanders.xml	3	ability:ZeratulTopBarWarpTrain -> unit:ZeratulXelNagaConstruct -> ability:ZeratulXelNagaConstructDevolve
ability	ZeratulTopBarWarpTrain	Zeratul	ability-with-chain	no	ability	ZeratulXelNagaConstructDevolve	effect	ZeratulXelNagaConstructDevolveSearch	Effect	official-reference	游戏数据/官方SC2原始文本镜像/mods/starcoop/starcoop.sc2mod/base.sc2data/gamedata/commanders/futurecommanders.xml	3	ability:ZeratulTopBarWarpTrain -> unit:ZeratulXelNagaConstruct -> ability:ZeratulXelNagaConstructDevolve
ability	ZeratulTopBarWarpTrain	Zeratul	ability-with-chain	no	behavior	ZeratulXelNagaConstructEvolveCaster	effect	ZeratulXelNagaConstructEvolveSearch	Effect	official-reference	游戏数据/官方SC2原始文本镜像/mods/starcoop/starcoop.sc2mod/base.sc2data/gamedata/commanders/futurecommanders.xml	3	ability:ZeratulTopBarWarpTrain -> unit:ZeratulXelNagaConstruct -> behavior:ZeratulXelNagaConstructEvolveCaster
ability	ZeratulTopBarWarpTrain	Zeratul	ability-with-chain	no	behavior	ZeratulXelNagaConstructTimedLife	effect	Kill	Effect	official-reference	游戏数据/官方SC2原始文本镜像/mods/liberty.sc2mod/base.sc2data/gamedata/effectdata.xml	3	ability:ZeratulTopBarWarpTrain -> unit:ZeratulXelNagaConstruct -> behavior:ZeratulXelNagaConstructTimedLife
ability	ZeratulTopBarWarpTrain	Zeratul	ability-with-chain	no	weapon	ZeratulXelNagaConstructWeapon	effect	ZeratulXelNagaConstructDamage	Effect	official-reference	游戏数据/官方SC2原始文本镜像/mods/starcoop/starcoop.sc2mod/base.sc2data/gamedata/commanders/futurecommanders.xml	3	ability:ZeratulTopBarWarpTrain -> unit:ZeratulXelNagaConstruct -> weapon:ZeratulXelNagaConstructWeapon
ability	ZeratulTopBarWarpTrain	Zeratul	ability-with-chain	no	weapon	ZeratulXelNagaConstructWeapon	effect	ZeratulXelNagaConstructPersistent	Effect	official-reference	游戏数据/官方SC2原始文本镜像/mods/starcoop/starcoop.sc2mod/base.sc2data/gamedata/commanders/futurecommanders.xml	3	ability:ZeratulTopBarWarpTrain -> unit:ZeratulXelNagaConstruct -> weapon:ZeratulXelNagaConstructWeapon
ability	ZeratulZealotWhirlwind	Zeratul	ability-with-chain	no	ability	ZeratulZealotWhirlwind	validator	VoidZealotWhirlwindCheck	Validator	official-reference	游戏数据/官方SC2原始文本镜像/campaigns/void.sc2campaign/base.sc2data/gamedata/validatordata.xml	1	ability:ZeratulZealotWhirlwind
ability	ZeratulZealotWhirlwind	Zeratul	ability-with-chain	no	ability	ZeratulZealotWhirlwind	effect	VoidZealotWhirlwindSet	Effect	official-reference	游戏数据/官方SC2原始文本镜像/campaigns/void.sc2campaign/base.sc2data/gamedata/effectdata.xml	1	ability:ZeratulZealotWhirlwind
ability	ZergBuildStetmann	Stetmann	ability-with-chain	no	ability	ZergBuildStetmann	requirement	HideExtractor	Requirements	official-reference	游戏数据/官方SC2原始文本镜像/campaigns/swarm.sc2campaign/base.sc2data/gamedata/requirementdata.xml	1	ability:ZergBuildStetmann
ability	ZergBuildStetmann	Stetmann	ability-with-chain	no	ability	ZergBuildStetmann	validator	HasVespene	Validator	official-reference	游戏数据/官方SC2原始文本镜像/mods/liberty.sc2mod/base.sc2data/gamedata/validatordata.xml	1	ability:ZergBuildStetmann
ability	ZergBuildStetmann	Stetmann	ability-with-chain	no	unit	HatcheryStetmann	ability	que5CancelToSelection	AbilArray.Link	official-reference	游戏数据/官方SC2原始文本镜像/mods/liberty.sc2mod/base.sc2data/gamedata/abildata.xml	2	ability:ZergBuildStetmann -> unit:HatcheryStetmann
ability	ZergBuildStetmann	Stetmann	ability-with-chain	no	unit	HatcheryStetmann	behavior	GameTime5Seconds	BehaviorArray	official-reference	游戏数据/官方SC2原始文本镜像/campaigns/void.sc2campaign/base.sc2data/gamedata/behaviordata.xml	2	ability:ZergBuildStetmann -> unit:HatcheryStetmann
ability	ZergBuildStetmann	Stetmann	ability-with-chain	no	unit	HatcheryStetmann	behavior	TerranBuildingBurnDown	BehaviorArray	official-reference	游戏数据/官方SC2原始文本镜像/mods/liberty.sc2mod/base.sc2data/gamedata/behaviordata.xml	2	ability:ZergBuildStetmann -> unit:HatcheryStetmann
ability	ZergBuildStetmann	Stetmann	ability-with-chain	no	unit	HatcheryStetmann	ability	que5CancelToSelection	AbilCmd	official-reference	游戏数据/官方SC2原始文本镜像/mods/liberty.sc2mod/base.sc2data/gamedata/abildata.xml	2	ability:ZergBuildStetmann -> unit:HatcheryStetmann
ability	ZergBuildStetmann	Stetmann	ability-with-chain	no	unit	HatcheryStetmann	ability	RallyBlock	AbilCmd	official-reference	游戏数据/官方SC2原始文本镜像/mods/voidprologue.sc2mod/base.sc2data/gamedata/abildata.xml	2	ability:ZergBuildStetmann -> unit:HatcheryStetmann
ability	ZergBuildStetmann	Stetmann	ability-with-chain	no	unit	HatcheryStetmann	button	CancelMutateMorph	Face	official-reference	游戏数据/官方SC2原始文本镜像/mods/liberty.sc2mod/base.sc2data/gamedata/buttondata.xml	2	ability:ZergBuildStetmann -> unit:HatcheryStetmann
ability	ZergBuildStetmann	Stetmann	ability-with-chain	no	unit	HatcheryStetmann	button	SetRallyPoint2	Face	official-reference	游戏数据/官方SC2原始文本镜像/mods/liberty.sc2mod/base.sc2data/gamedata/buttondata.xml	2	ability:ZergBuildStetmann -> unit:HatcheryStetmann
ability	ZergBuildStetmann	Stetmann	ability-with-chain	no	unit	HatcheryStetmann	button	RallyBlock	Face	cross-kind-reference	游戏数据/官方SC2原始文本镜像/mods/voidprologue.sc2mod/base.sc2data/gamedata/abildata.xml	2	ability:ZergBuildStetmann -> unit:HatcheryStetmann
ability	ZergBuildStetmann	Stetmann	ability-with-chain	no	unit	ExtractorStetmann	ability	ExtractorToAutomatedExtractor	AbilArray.Link	official-reference	游戏数据/官方SC2原始文本镜像/campaigns/swarm.sc2campaign/base.sc2data/gamedata/abildata.xml	2	ability:ZergBuildStetmann -> unit:ExtractorStetmann
ability	ZergBuildStetmann	Stetmann	ability-with-chain	no	unit	ExtractorStetmann	behavior	HarvestableVespeneGeyserGasZerg	BehaviorArray	official-reference	游戏数据/官方SC2原始文本镜像/mods/liberty.sc2mod/base.sc2data/gamedata/behaviordata.xml	2	ability:ZergBuildStetmann -> unit:ExtractorStetmann
ability	ZergBuildStetmann	Stetmann	ability-with-chain	no	unit	ExtractorStetmann	behavior	ExtractorMorph	BehaviorArray	official-reference	游戏数据/官方SC2原始文本镜像/campaigns/swarm.sc2campaign/base.sc2data/gamedata/behaviordata.xml	2	ability:ZergBuildStetmann -> unit:ExtractorStetmann
ability	ZergBuildStetmann	Stetmann	ability-with-chain	no	unit	ExtractorStetmann	button	K5GasBonuses	Face	official-reference	游戏数据/官方SC2原始文本镜像/campaigns/swarm.sc2campaign/base.sc2data/gamedata/buttondata.xml	2	ability:ZergBuildStetmann -> unit:ExtractorStetmann
ability	ZergBuildStetmann	Stetmann	ability-with-chain	no	unit	ExtractorStetmann	requirement	HaveK5GasBonuses	Requirements	official-reference	游戏数据/官方SC2原始文本镜像/campaigns/swarm.sc2campaign/base.sc2data/gamedata/requirementdata.xml	2	ability:ZergBuildStetmann -> unit:ExtractorStetmann
ability	ZergBuildStetmann	Stetmann	ability-with-chain	no	unit	SpawningPoolStetmann	behavior	TerranBuildingBurnDown	BehaviorArray	official-reference	游戏数据/官方SC2原始文本镜像/mods/liberty.sc2mod/base.sc2data/gamedata/behaviordata.xml	2	ability:ZergBuildStetmann -> unit:SpawningPoolStetmann
ability	ZergBuildStetmann	Stetmann	ability-with-chain	no	unit	EvolutionChamberStetmann	behavior	EvolutionChamberQueue	BehaviorArray	official-reference	游戏数据/官方SC2原始文本镜像/campaigns/swarm.sc2campaign/base.sc2data/gamedata/behaviordata.xml	2	ability:ZergBuildStetmann -> unit:EvolutionChamberStetmann
ability	ZergBuildStetmann	Stetmann	ability-with-chain	no	unit	EvolutionChamberStetmann	behavior	TerranBuildingBurnDown	BehaviorArray	official-reference	游戏数据/官方SC2原始文本镜像/mods/liberty.sc2mod/base.sc2data/gamedata/behaviordata.xml	2	ability:ZergBuildStetmann -> unit:EvolutionChamberStetmann
ability	ZergBuildStetmann	Stetmann	ability-with-chain	no	unit	HydraliskDenStetmann	ability	que5CancelToSelection	AbilArray.Link	official-reference	游戏数据/官方SC2原始文本镜像/mods/liberty.sc2mod/base.sc2data/gamedata/abildata.xml	2	ability:ZergBuildStetmann -> unit:HydraliskDenStetmann
ability	ZergBuildStetmann	Stetmann	ability-with-chain	no	unit	HydraliskDenStetmann	behavior	TerranBuildingBurnDown	BehaviorArray	official-reference	游戏数据/官方SC2原始文本镜像/mods/liberty.sc2mod/base.sc2data/gamedata/behaviordata.xml	2	ability:ZergBuildStetmann -> unit:HydraliskDenStetmann
ability	ZergBuildStetmann	Stetmann	ability-with-chain	no	unit	HydraliskDenStetmann	ability	que5CancelToSelection	AbilCmd	official-reference	游戏数据/官方SC2原始文本镜像/mods/liberty.sc2mod/base.sc2data/gamedata/abildata.xml	2	ability:ZergBuildStetmann -> unit:HydraliskDenStetmann
ability	ZergBuildStetmann	Stetmann	ability-with-chain	no	unit	SpireStetmann	ability	que5CancelToSelection	AbilArray.Link	official-reference	游戏数据/官方SC2原始文本镜像/mods/liberty.sc2mod/base.sc2data/gamedata/abildata.xml	2	ability:ZergBuildStetmann -> unit:SpireStetmann
ability	ZergBuildStetmann	Stetmann	ability-with-chain	no	unit	SpireStetmann	behavior	TerranBuildingBurnDown	BehaviorArray	official-reference	游戏数据/官方SC2原始文本镜像/mods/liberty.sc2mod/base.sc2data/gamedata/behaviordata.xml	2	ability:ZergBuildStetmann -> unit:SpireStetmann
ability	ZergBuildStetmann	Stetmann	ability-with-chain	no	unit	SpireStetmann	ability	que5CancelToSelection	AbilCmd	official-reference	游戏数据/官方SC2原始文本镜像/mods/liberty.sc2mod/base.sc2data/gamedata/abildata.xml	2	ability:ZergBuildStetmann -> unit:SpireStetmann
ability	ZergBuildStetmann	Stetmann	ability-with-chain	no	unit	SpireStetmann	button	CancelMutateMorph	Face	official-reference	游戏数据/官方SC2原始文本镜像/mods/liberty.sc2mod/base.sc2data/gamedata/buttondata.xml	2	ability:ZergBuildStetmann -> unit:SpireStetmann
ability	ZergBuildStetmann	Stetmann	ability-with-chain	no	unit	UltraliskCavernStetmann	behavior	TerranBuildingBurnDown	BehaviorArray	official-reference	游戏数据/官方SC2原始文本镜像/mods/liberty.sc2mod/base.sc2data/gamedata/behaviordata.xml	2	ability:ZergBuildStetmann -> unit:UltraliskCavernStetmann
ability	ZergBuildStetmann	Stetmann	ability-with-chain	no	unit	InfestationPitStetmann	behavior	TerranBuildingBurnDown	BehaviorArray	official-reference	游戏数据/官方SC2原始文本镜像/mods/liberty.sc2mod/base.sc2data/gamedata/behaviordata.xml	2	ability:ZergBuildStetmann -> unit:InfestationPitStetmann
ability	ZergBuildStetmann	Stetmann	ability-with-chain	no	unit	BanelingNestStetmann	behavior	TerranBuildingBurnDown	BehaviorArray	official-reference	游戏数据/官方SC2原始文本镜像/mods/liberty.sc2mod/base.sc2data/gamedata/behaviordata.xml	2	ability:ZergBuildStetmann -> unit:BanelingNestStetmann
ability	ZergBuildStetmann	Stetmann	ability-with-chain	no	unit	SpineCrawlerStetmann	behavior	TerranBuildingBurnDown	BehaviorArray	official-reference	游戏数据/官方SC2原始文本镜像/mods/liberty.sc2mod/base.sc2data/gamedata/behaviordata.xml	2	ability:ZergBuildStetmann -> unit:SpineCrawlerStetmann
ability	ZergBuildStetmann	Stetmann	ability-with-chain	no	unit	SporeCrawlerStetmann	behavior	Detector11	BehaviorArray	official-reference	游戏数据/官方SC2原始文本镜像/mods/liberty.sc2mod/base.sc2data/gamedata/behaviordata.xml	2	ability:ZergBuildStetmann -> unit:SporeCrawlerStetmann
ability	ZergBuildStetmann	Stetmann	ability-with-chain	no	unit	SporeCrawlerStetmann	behavior	UnderConstruction	BehaviorArray	official-reference	游戏数据/官方SC2原始文本镜像/mods/liberty.sc2mod/base.sc2data/gamedata/behaviordata.xml	2	ability:ZergBuildStetmann -> unit:SporeCrawlerStetmann
ability	ZergBuildStetmann	Stetmann	ability-with-chain	no	unit	SporeCrawlerStetmann	behavior	TerranBuildingBurnDown	BehaviorArray	official-reference	游戏数据/官方SC2原始文本镜像/mods/liberty.sc2mod/base.sc2data/gamedata/behaviordata.xml	2	ability:ZergBuildStetmann -> unit:SporeCrawlerStetmann
ability	ZergBuildStetmann	Stetmann	ability-with-chain	no	unit	SporeCrawlerStetmann	requirement	NotUnderConstruction	Requirements	official-reference	游戏数据/官方SC2原始文本镜像/mods/liberty.sc2mod/base.sc2data/gamedata/requirementdata.xml	2	ability:ZergBuildStetmann -> unit:SporeCrawlerStetmann
ability	ZergBuildStetmann	Stetmann	ability-with-chain	no	ability	UpgradeToLairStetmann	button	CancelMutateMorph	DefaultButtonFace	official-reference	游戏数据/官方SC2原始文本镜像/mods/liberty.sc2mod/base.sc2data/gamedata/buttondata.xml	3	ability:ZergBuildStetmann -> unit:HatcheryStetmann -> ability:UpgradeToLairStetmann
ability	ZergBuildStetmann	Stetmann	ability-with-chain	no	ability	RallyHatcheryStetmann	button	RallyEgg	DefaultButtonFace	official-reference	游戏数据/官方SC2原始文本镜像/mods/liberty.sc2mod/base.sc2data/gamedata/buttondata.xml	3	ability:ZergBuildStetmann -> unit:HatcheryStetmann -> ability:RallyHatcheryStetmann
ability	ZergBuildStetmann	Stetmann	ability-with-chain	no	ability	RallyHatcheryStetmann	button	RallyEggCasual	DefaultButtonFace	probable-base-game		3	ability:ZergBuildStetmann -> unit:HatcheryStetmann -> ability:RallyHatcheryStetmann
ability	ZergBuildStetmann	Stetmann	ability-with-chain	no	ability	RallyHatcheryStetmann	requirement	NotHaveVoidCasualRallyBlock	Requirements	official-reference	游戏数据/官方SC2原始文本镜像/campaigns/void.sc2campaign/base.sc2data/gamedata/requirementdata.xml	3	ability:ZergBuildStetmann -> unit:HatcheryStetmann -> ability:RallyHatcheryStetmann
ability	ZergBuildStetmann	Stetmann	ability-with-chain	no	ability	RallyHatcheryStetmann	requirement	HaveVoidCasualRallyBlock	Requirements	official-reference	游戏数据/官方SC2原始文本镜像/campaigns/void.sc2campaign/base.sc2data/gamedata/requirementdata.xml	3	ability:ZergBuildStetmann -> unit:HatcheryStetmann -> ability:RallyHatcheryStetmann
ability	ZergBuildStetmann	Stetmann	ability-with-chain	no	behavior	SpawnLarvaStetmann	requirement	HaveSpawnLarvaInstant	Requirements	official-reference	游戏数据/官方SC2原始文本镜像/mods/challenges.sc2mod/base.sc2data/gamedata/requirementdata.xml	3	ability:ZergBuildStetmann -> unit:HatcheryStetmann -> behavior:SpawnLarvaStetmann
ability	ZergBuildStetmann	Stetmann	ability-with-chain	no	behavior	SpawnLarvaStetmann	effect	SpawnLarvaInstantRemoveBehavior	EffectAttr	official-reference	游戏数据/官方SC2原始文本镜像/mods/challenges.sc2mod/base.sc2data/gamedata/effectdata.xml	3	ability:ZergBuildStetmann -> unit:HatcheryStetmann -> behavior:SpawnLarvaStetmann
ability	ZergBuildStetmann	Stetmann	ability-with-chain	no	effect	HatcheryCreateSet	effect	SprayZergInitialUpgrade	Effect	official-reference	游戏数据/官方SC2原始文本镜像/mods/liberty.sc2mod/base.sc2data/gamedata/effectdata.xml	3	ability:ZergBuildStetmann -> unit:HatcheryStetmann -> effect:HatcheryCreateSet
ability	ZergBuildStetmann	Stetmann	ability-with-chain	no	effect	HatcheryBirthSet	effect	SprayZergInitialUpgrade	Effect	official-reference	游戏数据/官方SC2原始文本镜像/mods/liberty.sc2mod/base.sc2data/gamedata/effectdata.xml	3	ability:ZergBuildStetmann -> unit:HatcheryStetmann -> effect:HatcheryBirthSet
ability	ZergBuildStetmann	Stetmann	ability-with-chain	no	unit	Larva	button	Hydralisk	Face	official-reference	游戏数据/官方SC2原始文本镜像/mods/liberty.sc2mod/base.sc2data/gamedata/buttondata.xml	3	ability:ZergBuildStetmann -> unit:HatcheryStetmann -> unit:Larva
ability	ZergBuildStetmann	Stetmann	ability-with-chain	no	unit	Larva	button	Ultralisk	Face	official-reference	游戏数据/官方SC2原始文本镜像/mods/liberty.sc2mod/base.sc2data/gamedata/buttondata.xml	3	ability:ZergBuildStetmann -> unit:HatcheryStetmann -> unit:Larva
ability	ZergBuildStetmann	Stetmann	ability-with-chain	no	unit	Queen	ability	BurrowQueenDown	AbilCmd	official-reference	游戏数据/官方SC2原始文本镜像/mods/balancemulti.sc2mod/base.sc2data/gamedata/abildata.xml	3	ability:ZergBuildStetmann -> unit:HatcheryStetmann -> unit:Queen
ability	ZergBuildStetmann	Stetmann	ability-with-chain	no	unit	Queen	ability	DeepTunnel	AbilCmd	official-reference	游戏数据/官方SC2原始文本镜像/mods/voidprologue.sc2mod/base.sc2data/gamedata/abildata.xml	3	ability:ZergBuildStetmann -> unit:HatcheryStetmann -> unit:Queen
ability	ZergBuildStetmann	Stetmann	ability-with-chain	no	unit	Queen	ability	KerriganEnhance	AbilCmd	official-reference	游戏数据/官方SC2原始文本镜像/campaigns/swarm.sc2campaign/base.sc2data/gamedata/abildata.xml	3	ability:ZergBuildStetmann -> unit:HatcheryStetmann -> unit:Queen
ability	ZergBuildStetmann	Stetmann	ability-with-chain	no	unit	Queen	button	DeepTunnel	Face	official-reference	游戏数据/官方SC2原始文本镜像/campaigns/liberty.sc2campaign/base.sc2data/gamedata/buttondata.xml	3	ability:ZergBuildStetmann -> unit:HatcheryStetmann -> unit:Queen
ability	ZergBuildStetmann	Stetmann	ability-with-chain	no	unit	Queen	button	BuildCreepTumor	Face	official-reference	游戏数据/官方SC2原始文本镜像/mods/liberty.sc2mod/base.sc2data/gamedata/buttondata.xml	3	ability:ZergBuildStetmann -> unit:HatcheryStetmann -> unit:Queen
ability	ZergBuildStetmann	Stetmann	ability-with-chain	no	unit	Queen	button	QueenBurstHeal	Face	official-reference	游戏数据/官方SC2原始文本镜像/campaigns/swarm.sc2campaign/base.sc2data/gamedata/buttondata.xml	3	ability:ZergBuildStetmann -> unit:HatcheryStetmann -> unit:Queen
ability	ZergBuildStetmann	Stetmann	ability-with-chain	no	ability	UpgradeToLurkerDenStetmann	effect	HydraliskDenMorphFinishDummy	Effect	official-reference	游戏数据/官方SC2原始文本镜像/campaigns/swarm.sc2campaign/base.sc2data/gamedata/effectdata.xml	3	ability:ZergBuildStetmann -> unit:HydraliskDenStetmann -> ability:UpgradeToLurkerDenStetmann
ability	ZergBuildStetmann	Stetmann	ability-with-chain	no	unit	Hydralisk	button	MorphToHydraliskLurker	Face	official-reference	游戏数据/官方SC2原始文本镜像/campaigns/swarm.sc2campaign/base.sc2data/gamedata/buttondata.xml	3	ability:ZergBuildStetmann -> unit:HydraliskDenStetmann -> unit:Hydralisk
ability	ZergBuildStetmann	Stetmann	ability-with-chain	no	unit	Hydralisk	requirement	HaveLurkerDen	Requirements	xm-dependency	原始mod/Mods/XM/XMCore.SC2Mod/Base.SC2Data/GameData/RequirementData.xml	3	ability:ZergBuildStetmann -> unit:HydraliskDenStetmann -> unit:Hydralisk
ability	ZergBuildStetmann	Stetmann	ability-with-chain	no	ability	UpgradeToGreaterSpireStetmann	button	CancelMutateMorph	DefaultButtonFace	official-reference	游戏数据/官方SC2原始文本镜像/mods/liberty.sc2mod/base.sc2data/gamedata/buttondata.xml	3	ability:ZergBuildStetmann -> unit:SpireStetmann -> ability:UpgradeToGreaterSpireStetmann
ability	ZergBuildStetmann	Stetmann	ability-with-chain	no	unit	Ultralisk	behavior	UltraliskOutOfCombat1	BehaviorArray	official-reference	游戏数据/官方SC2原始文本镜像/campaigns/swarm.sc2campaign/base.sc2data/gamedata/behaviordata.xml	3	ability:ZergBuildStetmann -> unit:UltraliskCavernStetmann -> unit:Ultralisk
button	MagrailMunitionsNova	Nova	external-xm-dependency-node	no			button	MagrailMunitionsNova	profile-root	xm-dependency	原始mod/Mods/XM/XMNova.SC2Mod/Base.SC2Data/GameData/ButtonData.xml	0	button:MagrailMunitionsNova
button	MorphToOverseer	Stukov	external-official-reference-node	no			button	MorphToOverseer	profile-root	official-reference	游戏数据/官方SC2原始文本镜像/mods/liberty.sc2mod/base.sc2data/gamedata/buttondata.xml	0	button:MorphToOverseer
button	SOAPurifierBeam	Karax	external-official-reference-node	no			button	SOAPurifierBeam	profile-root	official-reference	游戏数据/官方SC2原始文本镜像/campaigns/void.sc2campaign/base.sc2data/gamedata/buttondata.xml	0	button:SOAPurifierBeam
button	SOAThermalLance	Karax	external-official-reference-node	no			button	SOAThermalLance	profile-root	official-reference	游戏数据/官方SC2原始文本镜像/campaigns/void.sc2campaign/base.sc2data/gamedata/buttondata.xml	0	button:SOAThermalLance
button	StopGenerateCreep	Stukov	external-official-reference-node	no			button	StopGenerateCreep	profile-root	official-reference	游戏数据/官方SC2原始文本镜像/mods/liberty.sc2mod/base.sc2data/gamedata/buttondata.xml	0	button:StopGenerateCreep
requirement	HaveSOAOrbitalStrike	Artanis,Karax	external-official-reference-node	no			requirement	HaveSOAOrbitalStrike	profile-root	official-reference	游戏数据/官方SC2原始文本镜像/campaigns/void.sc2campaign/base.sc2data/gamedata/requirementdata.xml	0	requirement:HaveSOAOrbitalStrike
requirement	HaveSOAPylonPower	Artanis	external-official-reference-node	no			requirement	HaveSOAPylonPower	profile-root	official-reference	游戏数据/官方SC2原始文本镜像/campaigns/void.sc2campaign/base.sc2data/gamedata/requirementdata.xml	0	requirement:HaveSOAPylonPower
requirement	HaveSOAStrafeAttack	Artanis	external-official-reference-node	no			requirement	HaveSOAStrafeAttack	profile-root	official-reference	游戏数据/官方SC2原始文本镜像/campaigns/void.sc2campaign/base.sc2data/gamedata/requirementdata.xml	0	requirement:HaveSOAStrafeAttack
requirement	HaveSOATimeFreeze	Vorazun	external-official-reference-node	no			requirement	HaveSOATimeFreeze	profile-root	official-reference	游戏数据/官方SC2原始文本镜像/campaigns/void.sc2campaign/base.sc2data/gamedata/requirementdata.xml	0	requirement:HaveSOATimeFreeze
unit	CoopCasterAlarak	Alarak	catalog-node	no	effect	AlarakStructureOverchargeSet	validator	NotSpiderMineBurrowed	Validator	official-reference	游戏数据/官方SC2原始文本镜像/campaigns/liberty.sc2campaign/base.sc2data/gamedata/validatordata.xml	3	unit:CoopCasterAlarak -> ability:AlarakStructureOvercharge -> effect:AlarakStructureOverchargeSet
unit	CoopCasterAlarak	Alarak	catalog-node	no	effect	AlarakACSummonDeathFleetInitialSet	validator	HasVision	Validator	official-reference	游戏数据/官方SC2原始文本镜像/mods/liberty.sc2mod/base.sc2data/gamedata/validatordata.xml	3	unit:CoopCasterAlarak -> ability:AlarakACSummonDeathfleetTarget -> effect:AlarakACSummonDeathFleetInitialSet
unit	CoopCasterAlarak	Alarak	catalog-node	no	unit	SOAMothershipv4	button	SOAMothershipLineAttack	Face	official-reference	游戏数据/官方SC2原始文本镜像/campaigns/void.sc2campaign/base.sc2data/gamedata/buttondata.xml	3	unit:CoopCasterAlarak -> ability:AlarakACSummonDeathfleetTarget -> unit:SOAMothershipv4
unit	CoopCasterAlarak	Alarak	catalog-node	no	unit	SOAMothershipv4	button	VoidRayTaldarim	Face	official-reference	游戏数据/官方SC2原始文本镜像/campaigns/void.sc2campaign/base.sc2data/gamedata/buttondata.xml	3	unit:CoopCasterAlarak -> ability:AlarakACSummonDeathfleetTarget -> unit:SOAMothershipv4
unit	CoopCasterDehaka	Dehaka	catalog-node	no	unit	DehakaNydusDestroyerTimedNoFood	behavior	Detector11	BehaviorArray	official-reference	游戏数据/官方SC2原始文本镜像/mods/liberty.sc2mod/base.sc2data/gamedata/behaviordata.xml	3	unit:CoopCasterDehaka -> ability:DehakaNydusDestroyerTopBar -> unit:DehakaNydusDestroyerTimedNoFood
unit	CoopCasterDehaka	Dehaka	catalog-node	no	unit	DehakaNydusDestroyerTimedNoFood	behavior	Detector11	BehaviorAttr	official-reference	游戏数据/官方SC2原始文本镜像/mods/liberty.sc2mod/base.sc2data/gamedata/behaviordata.xml	3	unit:CoopCasterDehaka -> ability:DehakaNydusDestroyerTopBar -> unit:DehakaNydusDestroyerTimedNoFood
unit	CoopCasterDehaka	Dehaka	catalog-node	no	effect	DehakaMurvarTopBarCU	validator	HasVision	Validator	official-reference	游戏数据/官方SC2原始文本镜像/mods/liberty.sc2mod/base.sc2data/gamedata/validatordata.xml	3	unit:CoopCasterDehaka -> ability:DehakaMurvarTopBar -> effect:DehakaMurvarTopBarCU
unit	CoopCasterDehaka	Dehaka	catalog-node	no	effect	DehakaDakrunTopBarCU	validator	HasVision	Validator	official-reference	游戏数据/官方SC2原始文本镜像/mods/liberty.sc2mod/base.sc2data/gamedata/validatordata.xml	3	unit:CoopCasterDehaka -> ability:DehakaDakrunTopBar -> effect:DehakaDakrunTopBarCU
unit	CoopCasterMengsk	Mengsk	catalog-node	no	unit	BunkerDepotMengskDrop	ability	BuildinProgressNonCancellable	AbilArray.Link	official-reference	游戏数据/官方SC2原始文本镜像/mods/voidprologue.sc2mod/base.sc2data/gamedata/abildata.xml	3	unit:CoopCasterMengsk -> ability:BunkerDepotMengskDrop -> unit:BunkerDepotMengskDrop
unit	CoopCasterNova	Nova	catalog-node	no	effect	NovaGadgetFlashBangGrenadeSearch	effect	NovaGadgetFlashBangGrenadeApplyBehavior	EffectAttr	official-reference	游戏数据/官方SC2原始文本镜像/campaigns/void.sc2campaign/base.sc2data/gamedata/effectdata.xml	3	unit:CoopCasterNova -> ability:NovaStunDrone -> effect:NovaGadgetFlashBangGrenadeSearch
unit	CoopCasterNova	Nova	catalog-node	no	unit	Odin	behavior	Detector12	BehaviorArray	official-reference	游戏数据/官方SC2原始文本镜像/mods/liberty.sc2mod/base.sc2data/gamedata/behaviordata.xml	3	unit:CoopCasterNova -> ability:NovaCoopCasterSummonOdin -> unit:Odin
unit	CoopCasterNova	Nova	catalog-node	no	effect	NovaReviveInstantBuybackDummy	effect	NovaGriffinGCD	Effect	xm-dependency	原始mod/Mods/XM/XMCoopMutators.SC2Mod/Base.SC2Data/GameData/EffectData.xml	3	unit:CoopCasterNova -> ability:NovaReviveInstantBuyback -> effect:NovaReviveInstantBuybackDummy
unit	CoopCasterNova	Nova	catalog-node	no	effect	NovaGriffinTransportUnitsInitialSet	validator	NovaTransportPickupMinimum	Validator	xm-dependency	原始mod/Mods/XM/XMNova.SC2Mod/Base.SC2Data/GameData/ValidatorData.xml	3	unit:CoopCasterNova -> ability:NovaGriffinTransportLoadUnits -> effect:NovaGriffinTransportUnitsInitialSet
unit	CoopCasterNova	Nova	catalog-node	no	effect	NovaGriffinTransportUnitsInitialSet	effect	NovaGriffinTransportUnitsSpawnGriffin	Effect	official-reference	游戏数据/官方SC2原始文本镜像/mods/starcoop/starcoop.sc2mod/base.sc2data/gamedata/effectdata.xml	3	unit:CoopCasterNova -> ability:NovaGriffinTransportLoadUnits -> effect:NovaGriffinTransportUnitsInitialSet
unit	CoopCasterNova	Nova	catalog-node	no	effect	NovaGriffinTransportUnitsSearchDummy	effect	NovaGriffinTransportUnitsSearchDummySet	EffectAttr	official-reference	游戏数据/官方SC2原始文本镜像/mods/starcoop/starcoop.sc2mod/base.sc2data/gamedata/effectdata.xml	3	unit:CoopCasterNova -> ability:NovaGriffinTransportLoadUnits -> effect:NovaGriffinTransportUnitsSearchDummy
unit	CoopCasterRaynor	Raynor	catalog-node	no	ability	VoidCoopSummonHyperion	button	SummonHyperion	DefaultButtonFace	official-reference	游戏数据/官方SC2原始文本镜像/campaigns/void.sc2campaign/base.sc2data/gamedata/buttondata.xml	2	unit:CoopCasterRaynor -> ability:VoidCoopSummonHyperion
unit	CoopCasterStetmann	Stetmann	catalog-node	no	ability	SuperShieldStetmann	button	SuperShieldStetmann	DefaultButtonFace	cross-kind-reference	原始mod/Mods/XM/XMFinal.SC2Mod/Base.SC2Data/GameData/AbilData.xml	2	unit:CoopCasterStetmann -> ability:SuperShieldStetmann
unit	CoopCasterStetmann	Stetmann	catalog-node	no	effect	SuperShieldSearchStetmann	effect	SuperShieldStetmannAB	EffectAttr	xm-dependency	原始mod/Mods/XM/XMStetmann.SC2Mod/Base.SC2Data/GameData/effectdata.xml	3	unit:CoopCasterStetmann -> ability:SuperShieldStetmann -> effect:SuperShieldSearchStetmann
unit	CoopCasterStukov	Stukov	catalog-node	no	effect	StukovSummonApocaliskCU	validator	HasVision	Validator	official-reference	游戏数据/官方SC2原始文本镜像/mods/liberty.sc2mod/base.sc2data/gamedata/validatordata.xml	3	unit:CoopCasterStukov -> ability:StukovSummonApocalisk -> effect:StukovSummonApocaliskCU
unit	CoopCasterStukov	Stukov	catalog-node	no	unit	StukovApocalisk	behavior	Frenzy	BehaviorArray	official-reference	游戏数据/官方SC2原始文本镜像/mods/liberty.sc2mod/base.sc2data/gamedata/behaviordata.xml	3	unit:CoopCasterStukov -> ability:StukovSummonApocalisk -> unit:StukovApocalisk
unit	CoopCasterStukov	Stukov	catalog-node	no	effect	StukovSummonAleksanderCU	validator	HasVision	Validator	official-reference	游戏数据/官方SC2原始文本镜像/mods/liberty.sc2mod/base.sc2data/gamedata/validatordata.xml	3	unit:CoopCasterStukov -> ability:StukovSummonAleksander -> effect:StukovSummonAleksanderCU
unit	CoopCasterStukov	Stukov	catalog-node	no	unit	StukovAleksander	behavior	MercAirDrop	BehaviorArray	official-reference	游戏数据/官方SC2原始文本镜像/campaigns/liberty.sc2campaign/base.sc2data/gamedata/behaviordata.xml	3	unit:CoopCasterStukov -> ability:StukovSummonAleksander -> unit:StukovAleksander
unit	CoopCasterSwann	Swann	catalog-node	no	effect	SpecialDeliveryInitialSet	validator	Pathable	Validator	official-reference	游戏数据/官方SC2原始文本镜像/mods/core.sc2mod/base.sc2data/gamedata/validatordata.xml	3	unit:CoopCasterSwann -> ability:SpecialDelivery -> effect:SpecialDeliveryInitialSet
unit	CoopCasterTychus	Tychus	catalog-node	no	unit	TychusFirebat	button	AttackChampions	Face	official-reference	游戏数据/官方SC2原始文本镜像/campaigns/void.sc2campaign/base.sc2data/gamedata/buttondata.xml	3	unit:CoopCasterTychus -> ability:TychusBarracksTrain -> unit:TychusFirebat
unit	CoopCasterTychus	Tychus	catalog-node	no	unit	TychusGhost	button	AttackChampions	Face	official-reference	游戏数据/官方SC2原始文本镜像/campaigns/void.sc2campaign/base.sc2data/gamedata/buttondata.xml	3	unit:CoopCasterTychus -> ability:TychusBarracksTrain -> unit:TychusGhost
unit	CoopCasterTychus	Tychus	catalog-node	no	unit	TychusReaper	behavior	ReaperJump	BehaviorArray	official-reference	游戏数据/官方SC2原始文本镜像/mods/liberty.sc2mod/base.sc2data/gamedata/behaviordata.xml	3	unit:CoopCasterTychus -> ability:TychusBarracksTrain -> unit:TychusReaper
unit	CoopCasterTychus	Tychus	catalog-node	no	unit	TychusReaper	button	AttackChampions	Face	official-reference	游戏数据/官方SC2原始文本镜像/campaigns/void.sc2campaign/base.sc2data/gamedata/buttondata.xml	3	unit:CoopCasterTychus -> ability:TychusBarracksTrain -> unit:TychusReaper
unit	CoopCasterTychus	Tychus	catalog-node	no	unit	TychusMarauder	button	AttackChampions	Face	official-reference	游戏数据/官方SC2原始文本镜像/campaigns/void.sc2campaign/base.sc2data/gamedata/buttondata.xml	3	unit:CoopCasterTychus -> ability:TychusBarracksTrain -> unit:TychusMarauder
unit	CoopCasterTychus	Tychus	catalog-node	no	unit	TychusSpectre	button	AttackChampions	Face	official-reference	游戏数据/官方SC2原始文本镜像/campaigns/void.sc2campaign/base.sc2data/gamedata/buttondata.xml	3	unit:CoopCasterTychus -> ability:TychusBarracksTrain -> unit:TychusSpectre
unit	CoopCasterZeratul	Zeratul	catalog-node	no	ability	ZeratulTopBarBuild	validator	HasVision	Validator	official-reference	游戏数据/官方SC2原始文本镜像/mods/liberty.sc2mod/base.sc2data/gamedata/validatordata.xml	2	unit:CoopCasterZeratul -> ability:ZeratulTopBarBuild
unit	CoopCasterZeratul	Zeratul	catalog-node	no	behavior	ZeratulTopBarFullEnergy	validator	EnergyFullCaster	Validator	official-reference	游戏数据/官方SC2原始文本镜像/mods/liberty.sc2mod/base.sc2data/gamedata/validatordata.xml	2	unit:CoopCasterZeratul -> behavior:ZeratulTopBarFullEnergy
unit	CoopCasterZeratul	Zeratul	catalog-node	no	unit	ZeratulSummonKarass	ability	ForceField	AbilCmd	official-reference	游戏数据/官方SC2原始文本镜像/mods/liberty.sc2mod/base.sc2data/gamedata/abildata.xml	3	unit:CoopCasterZeratul -> ability:ZeratulTopBarWarpTrain -> unit:ZeratulSummonKarass
unit	CoopCasterZeratul	Zeratul	catalog-node	no	unit	ZeratulKhaydarinMonolith	behavior	UnderConstruction	BehaviorArray	official-reference	游戏数据/官方SC2原始文本镜像/mods/liberty.sc2mod/base.sc2data/gamedata/behaviordata.xml	3	unit:CoopCasterZeratul -> ability:ZeratulTopBarWarpTrain -> unit:ZeratulKhaydarinMonolith
unit	CoopCasterZeratul	Zeratul	catalog-node	no	unit	ZeratulKhaydarinMonolith	behavior	Detector12	BehaviorArray	official-reference	游戏数据/官方SC2原始文本镜像/mods/liberty.sc2mod/base.sc2data/gamedata/behaviordata.xml	3	unit:CoopCasterZeratul -> ability:ZeratulTopBarWarpTrain -> unit:ZeratulKhaydarinMonolith
unit	CoopCasterZeratul	Zeratul	catalog-node	no	effect	ZeratulBlackHoleSearch	effect	ZeratulBlackHoleImpactSet	EffectAttr	official-reference	游戏数据/官方SC2原始文本镜像/mods/starcoop/starcoop.sc2mod/base.sc2data/gamedata/commanders/futurecommanders.xml	3	unit:CoopCasterZeratul -> ability:ZeratulBlackHole -> effect:ZeratulBlackHoleSearch
unit	CoopCasterZeratul	Zeratul	catalog-node	no	effect	ZeratulStasisSearchArea	effect	ZeratulStasisFieldApply	EffectAttr	official-reference	游戏数据/官方SC2原始文本镜像/mods/starcoop/starcoop.sc2mod/base.sc2data/gamedata/commanders/futurecommanders.xml	3	unit:CoopCasterZeratul -> ability:ZeratulStasisField -> effect:ZeratulStasisSearchArea
unit	CoopCasterZeratul	Zeratul	catalog-node	no	effect	ZeratulStasisSearchAreaUpgraded	effect	ZeratulStasisFieldApply	EffectAttr	official-reference	游戏数据/官方SC2原始文本镜像/mods/starcoop/starcoop.sc2mod/base.sc2data/gamedata/commanders/futurecommanders.xml	3	unit:CoopCasterZeratul -> ability:ZeratulStasisFieldUpgraded -> effect:ZeratulStasisSearchAreaUpgraded
unit	K5Kerrigan	Kerrigan	catalog-node	no	unit	K5Kerrigan	behavior	KerriganUnburrowedDummy	BehaviorArray	official-reference	游戏数据/官方SC2原始文本镜像/campaigns/swarm.sc2campaign/base.sc2data/gamedata/behaviordata.xml	1	unit:K5Kerrigan
unit	K5Kerrigan	Kerrigan	catalog-node	no	unit	K5Kerrigan	button	Apocalypse	Face	official-reference	游戏数据/官方SC2原始文本镜像/campaigns/swarm.sc2campaign/base.sc2data/gamedata/buttondata.xml	1	unit:K5Kerrigan
unit	K5Kerrigan	Kerrigan	catalog-node	no	effect	AllUnitBehaviorControllerSet	effect	OnDeathControllerDeathPreventAB	Effect	official-reference	游戏数据/官方SC2原始文本镜像/mods/starcoop/starcoop.sc2mod/base.sc2data/gamedata/effectdata.xml	3	unit:K5Kerrigan -> behavior:AllUnitBehaviorController -> effect:AllUnitBehaviorControllerSet
unit	K5Kerrigan	Kerrigan	catalog-node	no	effect	AllUnitBehaviorControllerSet	effect	UnityBarrierBootstrapper	Effect	official-reference	游戏数据/官方SC2原始文本镜像/mods/starcoop/starcoop.sc2mod/base.sc2data/gamedata/effectdata.xml	3	unit:K5Kerrigan -> behavior:AllUnitBehaviorController -> effect:AllUnitBehaviorControllerSet
unit	K5Kerrigan	Kerrigan	catalog-node	no	effect	AllUnitBehaviorControllerSet	effect	VorazunCloakDamageBoostPermanentAB	Effect	official-reference	游戏数据/官方SC2原始文本镜像/mods/starcoop/starcoop.sc2mod/base.sc2data/gamedata/effectdata.xml	3	unit:K5Kerrigan -> behavior:AllUnitBehaviorController -> effect:AllUnitBehaviorControllerSet
unit	K5Kerrigan	Kerrigan	catalog-node	no	effect	AllUnitBehaviorControllerSet	effect	TimeStopHasteAB	Effect	official-reference	游戏数据/官方SC2原始文本镜像/mods/starcoop/starcoop.sc2mod/base.sc2data/gamedata/effectdata.xml	3	unit:K5Kerrigan -> behavior:AllUnitBehaviorController -> effect:AllUnitBehaviorControllerSet
unit	K5Kerrigan	Kerrigan	catalog-node	no	effect	AllUnitBehaviorControllerSet	effect	MasteryNovaArmyOOCRegenSpeedAB	Effect	official-reference	游戏数据/官方SC2原始文本镜像/mods/starcoop/starcoop.sc2mod/base.sc2data/gamedata/effectdata.xml	3	unit:K5Kerrigan -> behavior:AllUnitBehaviorController -> effect:AllUnitBehaviorControllerSet
unit	K5Kerrigan	Kerrigan	catalog-node	no	effect	AllUnitBehaviorControllerSet	effect	NovaStunResistanceAB	Effect	xm-dependency	原始mod/Mods/XM/XMNova.SC2Mod/Base.SC2Data/GameData/EffectData.xml	3	unit:K5Kerrigan -> behavior:AllUnitBehaviorController -> effect:AllUnitBehaviorControllerSet
unit	K5Kerrigan	Kerrigan	catalog-node	no	effect	AllUnitBehaviorControllerSet	effect	HornerStunResistanceAB	Effect	official-reference	游戏数据/官方SC2原始文本镜像/mods/starcoop/starcoop.sc2mod/base.sc2data/gamedata/effectdata.xml	3	unit:K5Kerrigan -> behavior:AllUnitBehaviorController -> effect:AllUnitBehaviorControllerSet
unit	K5Kerrigan	Kerrigan	catalog-node	no	effect	AllUnitBehaviorControllerSet	effect	AllUnitBehaviorControllerSubset1	Effect	xm-dependency	原始mod/Mods/XM/XMStetmann.SC2Mod/Base.SC2Data/GameData/effectdata.xml	3	unit:K5Kerrigan -> behavior:AllUnitBehaviorController -> effect:AllUnitBehaviorControllerSet
unit	K5Kerrigan	Kerrigan	catalog-node	no	effect	PrimalSlashInitialSet	effect	PrimalSlashUpgraded	Effect	official-reference	游戏数据/官方SC2原始文本镜像/campaigns/swarm.sc2campaign/base.sc2data/gamedata/effectdata.xml	3	unit:K5Kerrigan -> ability:PrimalSlash -> effect:PrimalSlashInitialSet
unit	SoACasterArtanis	Artanis	catalog-node	no	unit	SoACasterArtanis	ability	SOAOrbitalStrikeActivate	AbilArray.Link	official-reference	游戏数据/官方SC2原始文本镜像/campaigns/void.sc2campaign/base.sc2data/gamedata/abildata.xml	1	unit:SoACasterArtanis
unit	SoACasterArtanis	Artanis	catalog-node	no	unit	SoACasterArtanis	ability	SOAOrbitalStrikeExecute	AbilArray.Link	official-reference	游戏数据/官方SC2原始文本镜像/campaigns/void.sc2campaign/base.sc2data/gamedata/abildata.xml	1	unit:SoACasterArtanis
unit	SoACasterArtanis	Artanis	catalog-node	no	unit	SoACasterArtanis	ability	SOAOrbitalStrikeTargetingDummy	AbilArray.Link	official-reference	游戏数据/官方SC2原始文本镜像/campaigns/void.sc2campaign/base.sc2data/gamedata/abildata.xml	1	unit:SoACasterArtanis
unit	SoACasterArtanis	Artanis	catalog-node	no	unit	SoACasterArtanis	ability	SoASuperShield	AbilArray.Link	official-reference	游戏数据/官方SC2原始文本镜像/campaigns/void.sc2campaign/base.sc2data/gamedata/abildata.xml	1	unit:SoACasterArtanis
unit	SoACasterArtanis	Artanis	catalog-node	no	unit	SoACasterArtanis	ability	SOAStrafeAttack	AbilArray.Link	official-reference	游戏数据/官方SC2原始文本镜像/campaigns/void.sc2campaign/base.sc2data/gamedata/abildata.xml	1	unit:SoACasterArtanis
unit	SoACasterArtanis	Artanis	catalog-node	no	unit	SoACasterArtanis	ability	SOAStrafeAttackExecute	AbilArray.Link	official-reference	游戏数据/官方SC2原始文本镜像/campaigns/void.sc2campaign/base.sc2data/gamedata/abildata.xml	1	unit:SoACasterArtanis
unit	SoACasterArtanis	Artanis	catalog-node	no	unit	SoACasterArtanis	ability	SOAOrbitalStrikeActivate	AbilCmd	official-reference	游戏数据/官方SC2原始文本镜像/campaigns/void.sc2campaign/base.sc2data/gamedata/abildata.xml	1	unit:SoACasterArtanis
unit	SoACasterArtanis	Artanis	catalog-node	no	unit	SoACasterArtanis	ability	SoASuperShield	AbilCmd	official-reference	游戏数据/官方SC2原始文本镜像/campaigns/void.sc2campaign/base.sc2data/gamedata/abildata.xml	1	unit:SoACasterArtanis
unit	SoACasterArtanis	Artanis	catalog-node	no	unit	SoACasterArtanis	ability	SOAStrafeAttack	AbilCmd	official-reference	游戏数据/官方SC2原始文本镜像/campaigns/void.sc2campaign/base.sc2data/gamedata/abildata.xml	1	unit:SoACasterArtanis
unit	SoACasterArtanis	Artanis	catalog-node	no	unit	SoACasterArtanis	ability	SOAOrbitalStrikeTargetingDummy	AbilCmd	official-reference	游戏数据/官方SC2原始文本镜像/campaigns/void.sc2campaign/base.sc2data/gamedata/abildata.xml	1	unit:SoACasterArtanis
unit	SoACasterArtanis	Artanis	catalog-node	no	unit	SoACasterArtanis	ability	SOAOrbitalStrikeExecute	AbilCmd	official-reference	游戏数据/官方SC2原始文本镜像/campaigns/void.sc2campaign/base.sc2data/gamedata/abildata.xml	1	unit:SoACasterArtanis
unit	SoACasterArtanis	Artanis	catalog-node	no	unit	SoACasterArtanis	button	SOAWarpTech	Face	official-reference	游戏数据/官方SC2原始文本镜像/campaigns/void.sc2campaign/base.sc2data/gamedata/buttondata.xml	1	unit:SoACasterArtanis
unit	SoACasterArtanis	Artanis	catalog-node	no	unit	SoACasterArtanis	requirement	HaveSOAHeroicShield	Requirements	official-reference	游戏数据/官方SC2原始文本镜像/campaigns/void.sc2campaign/base.sc2data/gamedata/requirementdata.xml	1	unit:SoACasterArtanis
unit	SoACasterArtanis	Artanis	catalog-node	no	unit	SoACasterArtanis	requirement	HaveSOAWarpTech	Requirements	official-reference	游戏数据/官方SC2原始文本镜像/campaigns/void.sc2campaign/base.sc2data/gamedata/requirementdata.xml	1	unit:SoACasterArtanis
unit	SoACasterArtanis	Artanis	catalog-node	no	effect	CommanderPrestigeArtanisOrbitalStrikeShieldOverchargeTargetedSearch	validator	CommanderPrestigeArtanisOrbitalStrikeShieldOverchargeMinimum	Validator	official-reference	游戏数据/官方SC2原始文本镜像/mods/starcoop/starcoop.sc2mod/base.sc2data/gamedata/validatordata.xml	3	unit:SoACasterArtanis -> ability:CommanderPrestigeArtanisOrbitalStrikeShieldOverchargeTargeted -> effect:CommanderPrestigeArtanisOrbitalStrikeShieldOverchargeTargetedSearch
unit	SoACasterArtanis	Artanis	catalog-node	no	effect	CommanderPrestigeArtanisOrbitalStrikeShieldOverchargeTargetedSearch	effect	SOASuperShieldApply	EffectAttr	official-reference	游戏数据/官方SC2原始文本镜像/mods/starcoop/starcoop.sc2mod/base.sc2data/gamedata/effectdata.xml	3	unit:SoACasterArtanis -> ability:CommanderPrestigeArtanisOrbitalStrikeShieldOverchargeTargeted -> effect:CommanderPrestigeArtanisOrbitalStrikeShieldOverchargeTargetedSearch
unit	SoACasterKarax	Karax	catalog-node	no	unit	SoACasterKarax	ability	SOAThermalLanceTargetingDummy	AbilArray.Link	official-reference	游戏数据/官方SC2原始文本镜像/campaigns/void.sc2campaign/base.sc2data/gamedata/abildata.xml	1	unit:SoACasterKarax
unit	SoACasterKarax	Karax	catalog-node	no	unit	SoACasterKarax	ability	SOAThermalLanceTargetingDummy	AbilCmd	official-reference	游戏数据/官方SC2原始文本镜像/campaigns/void.sc2campaign/base.sc2data/gamedata/abildata.xml	1	unit:SoACasterKarax
unit	SoACasterKarax	Karax	catalog-node	no	unit	SoACasterKarax	button	SOAThermalLance	Face	official-reference	游戏数据/官方SC2原始文本镜像/campaigns/void.sc2campaign/base.sc2data/gamedata/buttondata.xml	1	unit:SoACasterKarax
unit	SoACasterKarax	Karax	catalog-node	no	unit	SoACasterKarax	button	SOAPurifierBeam	Face	official-reference	游戏数据/官方SC2原始文本镜像/campaigns/void.sc2campaign/base.sc2data/gamedata/buttondata.xml	1	unit:SoACasterKarax
unit	SoACasterKarax	Karax	catalog-node	no	unit	SoACasterKarax	requirement	HaveSOARepairBeam	Requirements	official-reference	游戏数据/官方SC2原始文本镜像/campaigns/void.sc2campaign/base.sc2data/gamedata/requirementdata.xml	1	unit:SoACasterKarax
unit	SoACasterKarax	Karax	catalog-node	no	ability	SOAOrbitalStrikeKarax	requirement	HaveSOAOrbitalStrike	Requirements	official-reference	游戏数据/官方SC2原始文本镜像/campaigns/void.sc2campaign/base.sc2data/gamedata/requirementdata.xml	2	unit:SoACasterKarax -> ability:SOAOrbitalStrikeKarax
unit	SoACasterKarax	Karax	catalog-node	no	ability	SOASuperChronoMapwide	requirement	HaveSOASuperChrono	Requirements	official-reference	游戏数据/官方SC2原始文本镜像/campaigns/void.sc2campaign/base.sc2data/gamedata/requirementdata.xml	2	unit:SoACasterKarax -> ability:SOASuperChronoMapwide
unit	SoACasterKarax	Karax	catalog-node	no	effect	SOASuperChronoMapWideSearch	effect	SOASuperChrono	EffectAttr	official-reference	游戏数据/官方SC2原始文本镜像/campaigns/void.sc2campaign/base.sc2data/gamedata/effectdata.xml	3	unit:SoACasterKarax -> ability:SOASuperChronoMapwide -> effect:SOASuperChronoMapWideSearch
unit	SoACasterKarax	Karax	catalog-node	no	validator	NotUnrepairable	behavior	Unrepairable	Behavior	official-reference	游戏数据/官方SC2原始文本镜像/campaigns/void.sc2campaign/base.sc2data/gamedata/behaviordata.xml	3	unit:SoACasterKarax -> ability:SOARepairBeam -> validator:NotUnrepairable
unit	SoACasterVorazun	Vorazun	catalog-node	no	unit	SoACasterVorazun	ability	SOATimeFreeze	AbilArray.Link	official-reference	游戏数据/官方SC2原始文本镜像/campaigns/void.sc2campaign/base.sc2data/gamedata/abildata.xml	1	unit:SoACasterVorazun
unit	SoACasterVorazun	Vorazun	catalog-node	no	unit	SoACasterVorazun	ability	SOATimeFreeze	AbilCmd	official-reference	游戏数据/官方SC2原始文本镜像/campaigns/void.sc2campaign/base.sc2data/gamedata/abildata.xml	1	unit:SoACasterVorazun
unit	SoACasterVorazun	Vorazun	catalog-node	no	ability	SOADarkPylon	validator	HasVisionOfTarget	Validator	official-reference	游戏数据/官方SC2原始文本镜像/mods/core.sc2mod/base.sc2data/gamedata/validatordata.xml	2	unit:SoACasterVorazun -> ability:SOADarkPylon
unit	SoACasterVorazun	Vorazun	catalog-node	no	ability	SOADarkPylon	effect	SOAProxyPylonVisualAB	Effect	official-reference	游戏数据/官方SC2原始文本镜像/campaigns/void.sc2campaign/base.sc2data/gamedata/effectdata.xml	2	unit:SoACasterVorazun -> ability:SOADarkPylon
unit	SoACasterVorazun	Vorazun	catalog-node	no	ability	CommanderPrestigeVorazunTimeStop	requirement	HaveSOATimeFreeze	Requirements	official-reference	游戏数据/官方SC2原始文本镜像/campaigns/void.sc2campaign/base.sc2data/gamedata/requirementdata.xml	2	unit:SoACasterVorazun -> ability:CommanderPrestigeVorazunTimeStop
unit	SoACasterVorazun	Vorazun	catalog-node	no	effect	ShadowGuardCU	validator	Pathable	Validator	official-reference	游戏数据/官方SC2原始文本镜像/mods/core.sc2mod/base.sc2data/gamedata/validatordata.xml	3	unit:SoACasterVorazun -> ability:SOAShadowGuardCalldown -> effect:ShadowGuardCU
unit	TychusOdin	Tychus	catalog-node	no	unit	TychusOdin	behavior	Frenzy	BehaviorArray	official-reference	游戏数据/官方SC2原始文本镜像/mods/liberty.sc2mod/base.sc2data/gamedata/behaviordata.xml	1	unit:TychusOdin
unit	TychusOdin	Tychus	catalog-node	no	ability	TychusOdinBarrage	button	OdinBarrage	DefaultButtonFace	official-reference	游戏数据/官方SC2原始文本镜像/campaigns/liberty.sc2campaign/base.sc2data/gamedata/buttondata.xml	2	unit:TychusOdin -> ability:TychusOdinBarrage
unit	TychusOdin	Tychus	catalog-node	no	ability	TychusOdinBarrage	effect	BarrageSearchArea	Effect	official-reference	游戏数据/官方SC2原始文本镜像/campaigns/liberty.sc2campaign/base.sc2data/gamedata/effectdata.xml	2	unit:TychusOdin -> ability:TychusOdinBarrage
unit	TychusOdin	Tychus	catalog-node	no	effect	OdinNukePersistent	validator	OdinRepairing	Validator	official-reference	游戏数据/官方SC2原始文本镜像/campaigns/liberty.sc2campaign/base.sc2data/gamedata/validatordata.xml	3	unit:TychusOdin -> ability:TychusOdinNuclearStrike -> effect:OdinNukePersistent
unit	TychusOdin	Tychus	catalog-node	no	effect	AllUnitBehaviorControllerSet	effect	OnDeathControllerDeathPreventAB	Effect	official-reference	游戏数据/官方SC2原始文本镜像/mods/starcoop/starcoop.sc2mod/base.sc2data/gamedata/effectdata.xml	3	unit:TychusOdin -> behavior:AllUnitBehaviorController -> effect:AllUnitBehaviorControllerSet
unit	TychusOdin	Tychus	catalog-node	no	effect	AllUnitBehaviorControllerSet	effect	UnityBarrierBootstrapper	Effect	official-reference	游戏数据/官方SC2原始文本镜像/mods/starcoop/starcoop.sc2mod/base.sc2data/gamedata/effectdata.xml	3	unit:TychusOdin -> behavior:AllUnitBehaviorController -> effect:AllUnitBehaviorControllerSet
unit	TychusOdin	Tychus	catalog-node	no	effect	AllUnitBehaviorControllerSet	effect	VorazunCloakDamageBoostPermanentAB	Effect	official-reference	游戏数据/官方SC2原始文本镜像/mods/starcoop/starcoop.sc2mod/base.sc2data/gamedata/effectdata.xml	3	unit:TychusOdin -> behavior:AllUnitBehaviorController -> effect:AllUnitBehaviorControllerSet
unit	TychusOdin	Tychus	catalog-node	no	effect	AllUnitBehaviorControllerSet	effect	TimeStopHasteAB	Effect	official-reference	游戏数据/官方SC2原始文本镜像/mods/starcoop/starcoop.sc2mod/base.sc2data/gamedata/effectdata.xml	3	unit:TychusOdin -> behavior:AllUnitBehaviorController -> effect:AllUnitBehaviorControllerSet
unit	TychusOdin	Tychus	catalog-node	no	effect	AllUnitBehaviorControllerSet	effect	MasteryNovaArmyOOCRegenSpeedAB	Effect	official-reference	游戏数据/官方SC2原始文本镜像/mods/starcoop/starcoop.sc2mod/base.sc2data/gamedata/effectdata.xml	3	unit:TychusOdin -> behavior:AllUnitBehaviorController -> effect:AllUnitBehaviorControllerSet
unit	TychusOdin	Tychus	catalog-node	no	effect	AllUnitBehaviorControllerSet	effect	NovaStunResistanceAB	Effect	xm-dependency	原始mod/Mods/XM/XMNova.SC2Mod/Base.SC2Data/GameData/EffectData.xml	3	unit:TychusOdin -> behavior:AllUnitBehaviorController -> effect:AllUnitBehaviorControllerSet
unit	TychusOdin	Tychus	catalog-node	no	effect	AllUnitBehaviorControllerSet	effect	HornerStunResistanceAB	Effect	official-reference	游戏数据/官方SC2原始文本镜像/mods/starcoop/starcoop.sc2mod/base.sc2data/gamedata/effectdata.xml	3	unit:TychusOdin -> behavior:AllUnitBehaviorController -> effect:AllUnitBehaviorControllerSet
unit	TychusOdin	Tychus	catalog-node	no	effect	AllUnitBehaviorControllerSet	effect	AllUnitBehaviorControllerSubset1	Effect	xm-dependency	原始mod/Mods/XM/XMStetmann.SC2Mod/Base.SC2Data/GameData/effectdata.xml	3	unit:TychusOdin -> behavior:AllUnitBehaviorController -> effect:AllUnitBehaviorControllerSet
unit	ZagaraVoidCoop	Zagara	catalog-node	no	unit	ZagaraVoidCoop	behavior	KerriganVeterancyDummy	BehaviorArray	official-reference	游戏数据/官方SC2原始文本镜像/campaigns/swarm.sc2campaign/base.sc2data/gamedata/behaviordata.xml	1	unit:ZagaraVoidCoop
unit	ZagaraVoidCoop	Zagara	catalog-node	no	unit	ZagaraVoidCoop	behavior	KerriganUnburrowedDummy	BehaviorArray	official-reference	游戏数据/官方SC2原始文本镜像/campaigns/swarm.sc2campaign/base.sc2data/gamedata/behaviordata.xml	1	unit:ZagaraVoidCoop
unit	ZagaraVoidCoop	Zagara	catalog-node	no	unit	ZagaraVoidCoop	behavior	ZagaraVoidCoopCreepMasterRegen	BehaviorArray	official-reference	游戏数据/官方SC2原始文本镜像/campaigns/void.sc2campaign/base.sc2data/gamedata/behaviordata.xml	1	unit:ZagaraVoidCoop
unit	ZagaraVoidCoop	Zagara	catalog-node	no	unit	ZagaraVoidCoop	button	MoveChampions	Face	official-reference	游戏数据/官方SC2原始文本镜像/campaigns/void.sc2campaign/base.sc2data/gamedata/buttondata.xml	1	unit:ZagaraVoidCoop
unit	ZagaraVoidCoop	Zagara	catalog-node	no	unit	ZagaraVoidCoop	button	AttackChampions	Face	official-reference	游戏数据/官方SC2原始文本镜像/campaigns/void.sc2campaign/base.sc2data/gamedata/buttondata.xml	1	unit:ZagaraVoidCoop
unit	ZagaraVoidCoop	Zagara	catalog-node	no	unit	ZagaraVoidCoop	button	ZagaraVoidCoopAttackUpgrade	Face	official-reference	游戏数据/官方SC2原始文本镜像/campaigns/void.sc2campaign/base.sc2data/gamedata/buttondata.xml	1	unit:ZagaraVoidCoop
unit	ZagaraVoidCoop	Zagara	catalog-node	no	unit	ZagaraVoidCoop	requirement	HaveZagaraVoidCoopBanelingSpawner	Requirements	official-reference	游戏数据/官方SC2原始文本镜像/campaigns/void.sc2campaign/base.sc2data/gamedata/requirementdata.xml	1	unit:ZagaraVoidCoop
unit	ZagaraVoidCoop	Zagara	catalog-node	no	ability	ZagaraVoidCoopBanelingBarrage	effect	ZagaraVoidCoopBanelingBarrageCP	Effect	official-reference	游戏数据/官方SC2原始文本镜像/campaigns/void.sc2campaign/base.sc2data/gamedata/effectdata.xml	2	unit:ZagaraVoidCoop -> ability:ZagaraVoidCoopBanelingBarrage
unit	ZagaraVoidCoop	Zagara	catalog-node	no	ability	ZagaraVoidCoopSpawnBroodlings	button	ZagaraVoidCoopSpawnBroodlings	DefaultButtonFace	official-reference	游戏数据/官方SC2原始文本镜像/campaigns/void.sc2campaign/base.sc2data/gamedata/buttondata.xml	2	unit:ZagaraVoidCoop -> ability:ZagaraVoidCoopSpawnBroodlings
unit	ZagaraVoidCoop	Zagara	catalog-node	no	ability	ZagaraVoidCoopSpawnBroodlings	requirement	HaveZagaraVoidCoopSpawnBroodlings	Requirements	official-reference	游戏数据/官方SC2原始文本镜像/campaigns/void.sc2campaign/base.sc2data/gamedata/requirementdata.xml	2	unit:ZagaraVoidCoop -> ability:ZagaraVoidCoopSpawnBroodlings
unit	ZagaraVoidCoop	Zagara	catalog-node	no	ability	ZagaraVoidCoopSpawnBroodlings	effect	ZagaraVoidCoopSpawnBroodlingsLaunch	Effect	official-reference	游戏数据/官方SC2原始文本镜像/campaigns/void.sc2campaign/base.sc2data/gamedata/effectdata.xml	2	unit:ZagaraVoidCoop -> ability:ZagaraVoidCoopSpawnBroodlings
unit	ZagaraVoidCoop	Zagara	catalog-node	no	ability	ZagaraVoidCoopCreepMaster	button	CreepTumor	DefaultButtonFace	official-reference	游戏数据/官方SC2原始文本镜像/mods/liberty.sc2mod/base.sc2data/gamedata/buttondata.xml	2	unit:ZagaraVoidCoop -> ability:ZagaraVoidCoopCreepMaster
unit	ZagaraVoidCoop	Zagara	catalog-node	no	ability	ZagaraVoidCoopCreepMaster	requirement	HaveZagaraVoidCoopCreepMaster	Requirements	official-reference	游戏数据/官方SC2原始文本镜像/campaigns/void.sc2campaign/base.sc2data/gamedata/requirementdata.xml	2	unit:ZagaraVoidCoop -> ability:ZagaraVoidCoopCreepMaster
unit	ZagaraVoidCoop	Zagara	catalog-node	no	ability	ZagaraVoidCoopCreepMaster	unit	CreepTumorZagara	UnitAttr	official-reference	游戏数据/官方SC2原始文本镜像/campaigns/void.sc2campaign/base.sc2data/gamedata/unitdata.xml	2	unit:ZagaraVoidCoop -> ability:ZagaraVoidCoopCreepMaster
unit	ZagaraVoidCoop	Zagara	catalog-node	no	ability	ZagaraVoidCoopSpawnHunterKillers	effect	ZagaraVoidCoopSpawnHunterKillersInitialSet	Effect	official-reference	游戏数据/官方SC2原始文本镜像/campaigns/void.sc2campaign/base.sc2data/gamedata/effectdata.xml	2	unit:ZagaraVoidCoop -> ability:ZagaraVoidCoopSpawnHunterKillers
unit	ZagaraVoidCoop	Zagara	catalog-node	no	ability	ZagaraVoidCoopSpawnMutalisk	button	ZagaraVoidCoopSpawnMutalisk	DefaultButtonFace	official-reference	游戏数据/官方SC2原始文本镜像/campaigns/void.sc2campaign/base.sc2data/gamedata/buttondata.xml	2	unit:ZagaraVoidCoop -> ability:ZagaraVoidCoopSpawnMutalisk
unit	ZagaraVoidCoop	Zagara	catalog-node	no	ability	ZagaraVoidCoopSpawnMutalisk	requirement	HaveZagaraVoidCoopSpawnMutalisk	Requirements	official-reference	游戏数据/官方SC2原始文本镜像/campaigns/void.sc2campaign/base.sc2data/gamedata/requirementdata.xml	2	unit:ZagaraVoidCoop -> ability:ZagaraVoidCoopSpawnMutalisk
unit	ZagaraVoidCoop	Zagara	catalog-node	no	ability	ZagaraVoidCoopWildInfestation	button	ZagaraVoidCoopWildInfestation	DefaultButtonFace	official-reference	游戏数据/官方SC2原始文本镜像/campaigns/void.sc2campaign/base.sc2data/gamedata/buttondata.xml	2	unit:ZagaraVoidCoop -> ability:ZagaraVoidCoopWildInfestation
unit	ZagaraVoidCoop	Zagara	catalog-node	no	ability	ZagaraVoidCoopWildInfestation	requirement	HaveZagaraVoidCoopWildInfestation	Requirements	official-reference	游戏数据/官方SC2原始文本镜像/campaigns/void.sc2campaign/base.sc2data/gamedata/requirementdata.xml	2	unit:ZagaraVoidCoop -> ability:ZagaraVoidCoopWildInfestation
unit	ZagaraVoidCoop	Zagara	catalog-node	no	ability	ZagaraVoidCoopDeepTunnel	button	ZagaraVoidCoopDeepTunnel	DefaultButtonFace	official-reference	游戏数据/官方SC2原始文本镜像/campaigns/void.sc2campaign/base.sc2data/gamedata/buttondata.xml	2	unit:ZagaraVoidCoop -> ability:ZagaraVoidCoopDeepTunnel
unit	ZagaraVoidCoop	Zagara	catalog-node	no	ability	ZagaraVoidCoopDeepTunnel	requirement	HaveZagaraVoidCoopDeepTunnel	Requirements	official-reference	游戏数据/官方SC2原始文本镜像/campaigns/void.sc2campaign/base.sc2data/gamedata/requirementdata.xml	2	unit:ZagaraVoidCoop -> ability:ZagaraVoidCoopDeepTunnel
unit	ZagaraVoidCoop	Zagara	catalog-node	no	ability	ZagaraVoidCoopNydusWorm	validator	HasVisionOfTarget	Validator	official-reference	游戏数据/官方SC2原始文本镜像/mods/core.sc2mod/base.sc2data/gamedata/validatordata.xml	2	unit:ZagaraVoidCoop -> ability:ZagaraVoidCoopNydusWorm
unit	ZagaraVoidCoop	Zagara	catalog-node	no	ability	ZagaraVoidCoopTransfusionWave	button	ZagaraVoidCoopTransfusionWave	DefaultButtonFace	official-reference	游戏数据/官方SC2原始文本镜像/campaigns/void.sc2campaign/base.sc2data/gamedata/buttondata.xml	2	unit:ZagaraVoidCoop -> ability:ZagaraVoidCoopTransfusionWave
unit	ZagaraVoidCoop	Zagara	catalog-node	no	ability	ZagaraVoidCoopTransfusionWave	requirement	HaveZagaraVoidCoopTransfusionWave	Requirements	official-reference	游戏数据/官方SC2原始文本镜像/campaigns/void.sc2campaign/base.sc2data/gamedata/requirementdata.xml	2	unit:ZagaraVoidCoop -> ability:ZagaraVoidCoopTransfusionWave
unit	ZagaraVoidCoop	Zagara	catalog-node	no	ability	ZagaraVoidCoopTransfusionWave	effect	ZagaraVoidCoopTransfusionWaveSet1	Effect	official-reference	游戏数据/官方SC2原始文本镜像/campaigns/void.sc2campaign/base.sc2data/gamedata/effectdata.xml	2	unit:ZagaraVoidCoop -> ability:ZagaraVoidCoopTransfusionWave
unit	ZagaraVoidCoop	Zagara	catalog-node	no	ability	ZagaraVoidCoopDevouringMaw	button	ZagaraVoidCoopDevouringMaw	DefaultButtonFace	official-reference	游戏数据/官方SC2原始文本镜像/campaigns/void.sc2campaign/base.sc2data/gamedata/buttondata.xml	2	unit:ZagaraVoidCoop -> ability:ZagaraVoidCoopDevouringMaw
unit	ZagaraVoidCoop	Zagara	catalog-node	no	ability	ZagaraVoidCoopDevouringMaw	requirement	HaveZagaraVoidCoopDevouringMaw	Requirements	official-reference	游戏数据/官方SC2原始文本镜像/campaigns/void.sc2campaign/base.sc2data/gamedata/requirementdata.xml	2	unit:ZagaraVoidCoop -> ability:ZagaraVoidCoopDevouringMaw
unit	ZagaraVoidCoop	Zagara	catalog-node	no	ability	ZagaraVoidCoopDevouringMaw	effect	ZagaraVoidCoopDevouringMawCP	Effect	official-reference	游戏数据/官方SC2原始文本镜像/campaigns/void.sc2campaign/base.sc2data/gamedata/effectdata.xml	2	unit:ZagaraVoidCoop -> ability:ZagaraVoidCoopDevouringMaw
unit	ZagaraVoidCoop	Zagara	catalog-node	no	ability	ZagaraVoidCoopDevouringMaw	effect	ZagaraVoidCoopDevouringMawInitialSearchArea	Effect	official-reference	游戏数据/官方SC2原始文本镜像/campaigns/void.sc2campaign/base.sc2data/gamedata/effectdata.xml	2	unit:ZagaraVoidCoop -> ability:ZagaraVoidCoopDevouringMaw
unit	ZagaraVoidCoop	Zagara	catalog-node	no	unit	GreaterNydusWorm	behavior	Detector10	BehaviorArray	official-reference	游戏数据/官方SC2原始文本镜像/mods/liberty.sc2mod/base.sc2data/gamedata/behaviordata.xml	3	unit:ZagaraVoidCoop -> ability:ZagaraVoidCoopNydusWorm -> unit:GreaterNydusWorm
unit	ZagaraVoidCoop	Zagara	catalog-node	no	unit	ZagaraVoidCoopBurrowed	behavior	KerriganVeterancyDummy	BehaviorArray	official-reference	游戏数据/官方SC2原始文本镜像/campaigns/swarm.sc2campaign/base.sc2data/gamedata/behaviordata.xml	3	unit:ZagaraVoidCoop -> ability:ZagaraVoidCoopBurrow -> unit:ZagaraVoidCoopBurrowed
unit	ZagaraVoidCoop	Zagara	catalog-node	no	unit	ZagaraVoidCoopBurrowed	behavior	ZagaraVoidCoopCreepMasterRegen	BehaviorArray	official-reference	游戏数据/官方SC2原始文本镜像/campaigns/void.sc2campaign/base.sc2data/gamedata/behaviordata.xml	3	unit:ZagaraVoidCoop -> ability:ZagaraVoidCoopBurrow -> unit:ZagaraVoidCoopBurrowed
unit	ZagaraVoidCoop	Zagara	catalog-node	no	unit	ZagaraVoidCoopBurrowed	button	MoveChampions	Face	official-reference	游戏数据/官方SC2原始文本镜像/campaigns/void.sc2campaign/base.sc2data/gamedata/buttondata.xml	3	unit:ZagaraVoidCoop -> ability:ZagaraVoidCoopBurrow -> unit:ZagaraVoidCoopBurrowed
unit	ZagaraVoidCoop	Zagara	catalog-node	no	unit	ZagaraVoidCoopBurrowed	button	AttackChampions	Face	official-reference	游戏数据/官方SC2原始文本镜像/campaigns/void.sc2campaign/base.sc2data/gamedata/buttondata.xml	3	unit:ZagaraVoidCoop -> ability:ZagaraVoidCoopBurrow -> unit:ZagaraVoidCoopBurrowed
unit	ZagaraVoidCoop	Zagara	catalog-node	no	unit	ZagaraVoidCoopBurrowed	button	ZagaraVoidCoopAttackUpgrade	Face	official-reference	游戏数据/官方SC2原始文本镜像/campaigns/void.sc2campaign/base.sc2data/gamedata/buttondata.xml	3	unit:ZagaraVoidCoop -> ability:ZagaraVoidCoopBurrow -> unit:ZagaraVoidCoopBurrowed
unit	ZagaraVoidCoop	Zagara	catalog-node	no	unit	ZagaraVoidCoopBurrowed	requirement	HaveZagaraVoidCoopBanelingSpawner	Requirements	official-reference	游戏数据/官方SC2原始文本镜像/campaigns/void.sc2campaign/base.sc2data/gamedata/requirementdata.xml	3	unit:ZagaraVoidCoop -> ability:ZagaraVoidCoopBurrow -> unit:ZagaraVoidCoopBurrowed
unit	ZagaraVoidCoop	Zagara	catalog-node	no	effect	ZagaraVoidCoopMassRoachDropCP	validator	Pathable	Validator	official-reference	游戏数据/官方SC2原始文本镜像/mods/core.sc2mod/base.sc2data/gamedata/validatordata.xml	3	unit:ZagaraVoidCoop -> ability:ZagaraVoidCoopMassRoachDrop -> effect:ZagaraVoidCoopMassRoachDropCP
unit	ZagaraVoidCoop	Zagara	catalog-node	no	effect	ZagaraVoidCoopMassRoachDropCP	effect	ZagaraVoidCoopInfestedPodsCP	Effect	official-reference	游戏数据/官方SC2原始文本镜像/campaigns/void.sc2campaign/base.sc2data/gamedata/effectdata.xml	3	unit:ZagaraVoidCoop -> ability:ZagaraVoidCoopMassRoachDrop -> effect:ZagaraVoidCoopMassRoachDropCP
unit	ZagaraVoidCoop	Zagara	catalog-node	no	effect	AllUnitBehaviorControllerSet	effect	OnDeathControllerDeathPreventAB	Effect	official-reference	游戏数据/官方SC2原始文本镜像/mods/starcoop/starcoop.sc2mod/base.sc2data/gamedata/effectdata.xml	3	unit:ZagaraVoidCoop -> behavior:AllUnitBehaviorController -> effect:AllUnitBehaviorControllerSet
unit	ZagaraVoidCoop	Zagara	catalog-node	no	effect	AllUnitBehaviorControllerSet	effect	UnityBarrierBootstrapper	Effect	official-reference	游戏数据/官方SC2原始文本镜像/mods/starcoop/starcoop.sc2mod/base.sc2data/gamedata/effectdata.xml	3	unit:ZagaraVoidCoop -> behavior:AllUnitBehaviorController -> effect:AllUnitBehaviorControllerSet
unit	ZagaraVoidCoop	Zagara	catalog-node	no	effect	AllUnitBehaviorControllerSet	effect	VorazunCloakDamageBoostPermanentAB	Effect	official-reference	游戏数据/官方SC2原始文本镜像/mods/starcoop/starcoop.sc2mod/base.sc2data/gamedata/effectdata.xml	3	unit:ZagaraVoidCoop -> behavior:AllUnitBehaviorController -> effect:AllUnitBehaviorControllerSet
unit	ZagaraVoidCoop	Zagara	catalog-node	no	effect	AllUnitBehaviorControllerSet	effect	TimeStopHasteAB	Effect	official-reference	游戏数据/官方SC2原始文本镜像/mods/starcoop/starcoop.sc2mod/base.sc2data/gamedata/effectdata.xml	3	unit:ZagaraVoidCoop -> behavior:AllUnitBehaviorController -> effect:AllUnitBehaviorControllerSet
unit	ZagaraVoidCoop	Zagara	catalog-node	no	effect	AllUnitBehaviorControllerSet	effect	MasteryNovaArmyOOCRegenSpeedAB	Effect	official-reference	游戏数据/官方SC2原始文本镜像/mods/starcoop/starcoop.sc2mod/base.sc2data/gamedata/effectdata.xml	3	unit:ZagaraVoidCoop -> behavior:AllUnitBehaviorController -> effect:AllUnitBehaviorControllerSet
unit	ZagaraVoidCoop	Zagara	catalog-node	no	effect	AllUnitBehaviorControllerSet	effect	NovaStunResistanceAB	Effect	xm-dependency	原始mod/Mods/XM/XMNova.SC2Mod/Base.SC2Data/GameData/EffectData.xml	3	unit:ZagaraVoidCoop -> behavior:AllUnitBehaviorController -> effect:AllUnitBehaviorControllerSet
unit	ZagaraVoidCoop	Zagara	catalog-node	no	effect	AllUnitBehaviorControllerSet	effect	HornerStunResistanceAB	Effect	official-reference	游戏数据/官方SC2原始文本镜像/mods/starcoop/starcoop.sc2mod/base.sc2data/gamedata/effectdata.xml	3	unit:ZagaraVoidCoop -> behavior:AllUnitBehaviorController -> effect:AllUnitBehaviorControllerSet
unit	ZagaraVoidCoop	Zagara	catalog-node	no	effect	AllUnitBehaviorControllerSet	effect	AllUnitBehaviorControllerSubset1	Effect	xm-dependency	原始mod/Mods/XM/XMStetmann.SC2Mod/Base.SC2Data/GameData/effectdata.xml	3	unit:ZagaraVoidCoop -> behavior:AllUnitBehaviorController -> effect:AllUnitBehaviorControllerSet
