Kind	Id	Commanders	Scenarios	ProfileUsageCount	LocalTag	LocalSource	Completeness	ManualFallback	ManualFactory	DirectReferenceCount	IssueRows	MissingRows	ExternalRows
ability	AbathurDeepTunnel	Abathur	unit_or_evolution_dynamic	1	CAbilEffectTarget	原始mod/Mods/XM/XMFinal.SC2Mod/Base.SC2Data/GameData/AbilData.xml	ability-with-chain	no		4	2	0	2
ability	AbathurDeepTunnelImproved	Abathur	unit_or_evolution_dynamic	1	CAbilEffectTarget	原始mod/Mods/XM/XMFinal.SC2Mod/Base.SC2Data/GameData/AbilData.xml	ability-with-chain	no		4	2	0	2
ability	AdvancedConstructionAuto	Swann	unit_or_evolution_dynamic	1	CAbilEffectTarget	原始mod/Mods/XM/XMFinal.SC2Mod/Base.SC2Data/GameData/AbilData.xml	ability-minimal	no		2	1	0	1
ability	ArchonWarp	Artanis	unit_or_evolution_dynamic	1	CAbilMerge	原始mod/Mods/XM/XMFinal.SC2Mod/Base.SC2Data/GameData/AbilData.xml	ability-minimal	no		1	1	0	1
ability	AscendantSacrificeInstant	Alarak	unit_or_evolution_dynamic	1	CAbilEffectInstant	原始mod/Mods/XM/XMFinal.SC2Mod/Base.SC2Data/GameData/AbilData.xml	ability-with-chain	no		3	3	1	2
ability	AssaultModeMengsk	Mengsk	unit_or_evolution_dynamic	1	CAbilMorph	原始mod/Mods/XM/XMFinal.SC2Mod/Base.SC2Data/GameData/AbilData.xml	ability-with-chain	no		4	3	0	3
ability	BanelingStetmannExplode	Stetmann	unit_or_evolution_dynamic	1	CAbilEffectInstant	原始mod/Mods/XM/XMFinal.SC2Mod/Base.SC2Data/GameData/AbilData.xml	ability-with-chain	no		3	2	1	1
ability	BanelingStetmannJump	Stetmann	unit_or_evolution_dynamic	1	CAbilAugment	原始mod/Mods/XM/XMFinal.SC2Mod/Base.SC2Data/GameData/AbilData.xml	ability-minimal	no		3	2	1	1
ability	Banshee_BlackOpsAirstrike	Nova	unit_or_evolution_dynamic	1	CAbilEffectTarget	原始mod/Mods/XM/XMFinal.SC2Mod/Base.SC2Data/GameData/AbilData.xml	ability-with-chain	no		5	4	0	4
ability	BansheeCloak	Raynor	unit_or_evolution_dynamic	2	CAbilBehavior	原始mod/Mods/XM/XMFinal.SC2Mod/Base.SC2Data/GameData/AbilData.xml	manual-ability-stub	yes	behaviorToggleStub	2	0	0	0
ability	BattlecruiserMengskHyperjump	Mengsk	unit_or_evolution_dynamic	1	CAbilEffectTarget	原始mod/Mods/XM/XMFinal.SC2Mod/Base.SC2Data/GameData/AbilData.xml	ability-with-chain	no		4	2	0	2
ability	BattlecruiserMengskYamato	Mengsk	unit_or_evolution_dynamic	1	CAbilEffectTarget	原始mod/Mods/XM/XMFinal.SC2Mod/Base.SC2Data/GameData/AbilData.xml	ability-with-chain	no		5	3	1	2
ability	Blink	Alarak,Vorazun	unit_or_evolution_dynamic	2	CAbilEffectTarget	原始mod/Mods/XM/XMFinal.SC2Mod/Base.SC2Data/GameData/AbilData.xml	ability-minimal	no		1	1	0	1
ability	BlinkSlayer	Alarak,Vorazun	unit_or_evolution_dynamic	2	CAbilEffectTarget	原始mod/Mods/XM/XMFinal.SC2Mod/Base.SC2Data/GameData/AbilData.xml	ability-with-chain	no		2	2	0	2
ability	BroodLordStetmannBomberMagazine	Stetmann	unit_or_evolution_dynamic	1	CAbilArmMagazine	原始mod/Mods/XM/XMFinal.SC2Mod/Base.SC2Data/GameData/AbilData.xml	ability-with-chain	no		5	4	1	3
ability	BroodLordStetmannBroodlingEscortArmAugment	Stetmann	unit_or_evolution_dynamic	1	CAbilAugment	原始mod/Mods/XM/XMFinal.SC2Mod/Base.SC2Data/GameData/AbilData.xml	ability-with-chain	no		4	3	0	3
ability	BroodLordStetmannYamatoGun	Stetmann	unit_or_evolution_dynamic	1	CAbilEffectTarget	原始mod/Mods/XM/XMFinal.SC2Mod/Base.SC2Data/GameData/AbilData.xml	ability-with-chain	no		5	3	1	2
ability	BrutaliskDeepTunnel	Abathur	unit_or_evolution_dynamic	1	CAbilEffectTarget	原始mod/Mods/XM/XMFinal.SC2Mod/Base.SC2Data/GameData/AbilData.xml	ability-with-chain	no		3	1	0	1
ability	BuildAutoTurret_BlackOps	Nova	unit_or_evolution_dynamic	1	CAbilEffectTarget	原始mod/Mods/XM/XMFinal.SC2Mod/Base.SC2Data/GameData/AbilData.xml	ability-with-chain	no		4	4	0	4
ability	BurrowBanelingDownStetmann	Stetmann	unit_or_evolution_dynamic	1	CAbilMorph	原始mod/Mods/XM/XMFinal.SC2Mod/Base.SC2Data/GameData/AbilData.xml	ability-with-chain	no		3	1	0	1
ability	BurrowBrutaliskDown	Abathur	unit_or_evolution_dynamic	1	CAbilMorph	原始mod/Mods/XM/XMFinal.SC2Mod/Base.SC2Data/GameData/AbilData.xml	ability-with-chain	no		2	1	0	1
ability	BurrowDehakaHydraliskLevel2Down	Dehaka	unit_or_evolution_dynamic	1	CAbilMorph	原始mod/Mods/XM/XMFinal.SC2Mod/Base.SC2Data/GameData/AbilData.xml	ability-with-chain	no		3	1	0	1
ability	BurrowDehakaRavasaurDown	Dehaka	unit_or_evolution_dynamic	1	CAbilMorph	原始mod/Mods/XM/XMFinal.SC2Mod/Base.SC2Data/GameData/AbilData.xml	ability-with-chain	no		3	1	0	1
ability	BurrowDehakaRoachLevel2Down	Dehaka	unit_or_evolution_dynamic	1	CAbilMorph	原始mod/Mods/XM/XMFinal.SC2Mod/Base.SC2Data/GameData/AbilData.xml	ability-with-chain	no		3	1	0	1
ability	BurrowDehakaRoachLevel3Down	Dehaka	unit_or_evolution_dynamic	1	CAbilMorph	原始mod/Mods/XM/XMFinal.SC2Mod/Base.SC2Data/GameData/AbilData.xml	ability-with-chain	no		3	1	0	1
ability	BurrowDehakaUltraliskLevel2Down	Dehaka	unit_or_evolution_dynamic	1	CAbilMorph	原始mod/Mods/XM/XMFinal.SC2Mod/Base.SC2Data/GameData/AbilData.xml	ability-with-chain	no		2	1	0	1
ability	BurrowDehakaUltraliskLevel3Down	Dehaka	unit_or_evolution_dynamic	1	CAbilMorph	原始mod/Mods/XM/XMFinal.SC2Mod/Base.SC2Data/GameData/AbilData.xml	ability-with-chain	no		2	1	0	1
ability	BurrowDehakaZerglingLevel2Down	Dehaka	unit_or_evolution_dynamic	1	CAbilMorph	原始mod/Mods/XM/XMFinal.SC2Mod/Base.SC2Data/GameData/AbilData.xml	ability-with-chain	no		3	1	0	1
ability	BurrowHydraliskDownStetmann	Stetmann	unit_or_evolution_dynamic	1	CAbilMorph	原始mod/Mods/XM/XMFinal.SC2Mod/Base.SC2Data/GameData/AbilData.xml	ability-with-chain	no		3	1	0	1
ability	BurrowImpalerDehakaDown	Dehaka	unit_or_evolution_dynamic	1	CAbilMorph	原始mod/Mods/XM/XMFinal.SC2Mod/Base.SC2Data/GameData/AbilData.xml	ability-with-chain	no		3	1	0	1
ability	BurrowInfestorDownStetmann	Stetmann	unit_or_evolution_dynamic	1	CAbilMorph	原始mod/Mods/XM/XMFinal.SC2Mod/Base.SC2Data/GameData/AbilData.xml	ability-with-chain	no		3	1	0	1
ability	BurrowLurkerDownStetmann	Stetmann	unit_or_evolution_dynamic	1	CAbilMorph	原始mod/Mods/XM/XMFinal.SC2Mod/Base.SC2Data/GameData/AbilData.xml	ability-with-chain	no		3	1	0	1
ability	BurrowLurkerUpStetmann	Stetmann	unit_or_evolution_dynamic	1	CAbilMorph	原始mod/Mods/XM/XMFinal.SC2Mod/Base.SC2Data/GameData/AbilData.xml	ability-with-chain	no		2	1	0	1
ability	BurrowRavagerAbathurDown	Abathur	unit_or_evolution_dynamic	1	CAbilMorph	原始mod/Mods/XM/XMFinal.SC2Mod/Base.SC2Data/GameData/AbilData.xml	ability-with-chain	no		3	1	0	1
ability	BurrowRavagerDownStetmann	Stetmann	unit_or_evolution_dynamic	1	CAbilMorph	原始mod/Mods/XM/XMFinal.SC2Mod/Base.SC2Data/GameData/AbilData.xml	ability-with-chain	no		3	1	0	1
ability	BurrowRoachDownStetmann	Stetmann	unit_or_evolution_dynamic	1	CAbilMorph	原始mod/Mods/XM/XMFinal.SC2Mod/Base.SC2Data/GameData/AbilData.xml	ability-with-chain	no		3	1	0	1
ability	BurrowSIInfestedCivilianDown	Stukov	unit_or_evolution_dynamic	1	CAbilMorph	原始mod/Mods/XM/XMFinal.SC2Mod/Base.SC2Data/GameData/AbilData.xml	ability-with-chain	no		2	1	0	1
ability	BurrowSIInfestedMarineDown	Stukov	unit_or_evolution_dynamic	1	CAbilMorph	原始mod/Mods/XM/XMFinal.SC2Mod/Base.SC2Data/GameData/AbilData.xml	ability-with-chain	no		2	1	0	1
ability	BurrowUltraliskDown	Kerrigan,Stukov,Zagara	unit_or_evolution_dynamic	6	CAbilMorph	原始mod/Mods/XM/XMFinal.SC2Mod/Base.SC2Data/GameData/AbilData.xml	manual-ability-stub	yes	abilityStub	1	0	0	0
ability	BurrowUltraliskDownStetmann	Stetmann	unit_or_evolution_dynamic	1	CAbilMorph	原始mod/Mods/XM/XMFinal.SC2Mod/Base.SC2Data/GameData/AbilData.xml	ability-with-chain	no		2	1	0	1
ability	BurrowUltraliskUp	Abathur,Kerrigan,Stukov,Zagara	unit_or_evolution_dynamic	7	CAbilMorph	原始mod/Mods/XM/XMFinal.SC2Mod/Base.SC2Data/GameData/AbilData.xml	manual-ability-stub	yes	abilityStub	1	0	0	0
ability	BurrowZerglingDownStetmann	Stetmann	unit_or_evolution_dynamic	1	CAbilMorph	原始mod/Mods/XM/XMFinal.SC2Mod/Base.SC2Data/GameData/AbilData.xml	ability-with-chain	no		3	1	0	1
ability	CarrierHangar	Fenix,Karax	unit_or_evolution_dynamic	2	CAbilArmMagazine	原始mod/Mods/XM/XMFinal.SC2Mod/Base.SC2Data/GameData/AbilData.xml	manual-ability-stub	yes	abilityCommandStub	1	0	0	0
ability	CausticSpray	Zagara	unit_or_evolution_dynamic	1	CAbilEffectTarget	原始mod/Mods/XM/XMFinal.SC2Mod/Base.SC2Data/GameData/AbilData.xml	ability-minimal	no		1	1	0	1
ability	Charge	Artanis,Vorazun	unit_or_evolution_dynamic	2	CAbilAugment	原始mod/Mods/XM/XMFinal.SC2Mod/Base.SC2Data/GameData/AbilData.xml	ability-minimal	no		1	1	1	0
ability	CommanderPrestigeDehakaPackLeadersRetreat	Dehaka	unit_or_evolution_dynamic	3	CAbilEffectInstant	原始mod/Mods/XM/XMFinal.SC2Mod/Base.SC2Data/GameData/AbilData.xml	ability-with-chain	no		3	2	0	2
ability	CommanderPrestigeSwannHerculesScienceVesselTacticalJump	Swann	unit_or_evolution_dynamic	1	CAbilEffectTarget	原始mod/Mods/XM/XMFinal.SC2Mod/Base.SC2Data/GameData/AbilData.xml	ability-with-chain	no		4	2	0	2
ability	CommanderPrestigeZagaraZagaraDeepTunnel	Zagara	unit_or_evolution_dynamic	1	CAbilEffectTarget	原始mod/Mods/XM/XMFinal.SC2Mod/Base.SC2Data/GameData/AbilData.xml	ability-with-chain	no		3	1	0	1
ability	CoopMurvarSpawnCreepers	Dehaka	unit_or_evolution_dynamic	1	CAbilEffectInstant	原始mod/Mods/XM/XMFinal.SC2Mod/Base.SC2Data/GameData/AbilData.xml	ability-minimal	no		2	1	0	1
ability	Corruption	Zagara	unit_or_evolution_dynamic	1	CAbilEffectTarget	原始mod/Mods/XM/XMFinal.SC2Mod/Base.SC2Data/GameData/AbilData.xml	ability-minimal	no		0	0	0	0
ability	CorruptorStetmannCausticSpray	Stetmann	unit_or_evolution_dynamic	1	CAbilEffectTarget	原始mod/Mods/XM/XMFinal.SC2Mod/Base.SC2Data/GameData/AbilData.xml	ability-with-chain	no		3	2	0	2
ability	CorruptorStetmannMissilePods	Stetmann	unit_or_evolution_dynamic	1	CAbilEffectTarget	原始mod/Mods/XM/XMFinal.SC2Mod/Base.SC2Data/GameData/AbilData.xml	ability-with-chain	no		4	3	1	2
ability	CorsairMPDisruptionWeb	Vorazun	unit_or_evolution_dynamic	1	CAbilEffectTarget	原始mod/Mods/XM/XMFinal.SC2Mod/Base.SC2Data/GameData/AbilData.xml	ability-minimal	no		1	1	0	1
ability	DarkTemplarShadowDash	Vorazun	unit_or_evolution_dynamic	1	CAbilEffectTarget	原始mod/Mods/XM/XMFinal.SC2Mod/Base.SC2Data/GameData/AbilData.xml	ability-minimal	no		2	1	0	1
ability	DarkTemplarShadowFury	Vorazun	unit_or_evolution_dynamic	2	CAbilEffectTarget	原始mod/Mods/XM/XMFinal.SC2Mod/Base.SC2Data/GameData/AbilData.xml	ability-minimal	no		1	1	0	1
ability	DefensiveMatrixTarget	Swann	unit_or_evolution_dynamic	1	CAbilEffectTarget	原始mod/Mods/XM/XMFinal.SC2Mod/Base.SC2Data/GameData/AbilData.xml	ability-with-chain	no		3	2	0	2
ability	DehakaAirAttackUpgrade	Dehaka	unit_or_evolution_dynamic	1	CAbilBehavior	原始mod/Mods/XM/XMFinal.SC2Mod/Base.SC2Data/GameData/AbilData.xml	ability-with-chain	no		4	3	0	3
ability	DehakaArmorUpgrade	Dehaka	unit_or_evolution_dynamic	1	CAbilBehavior	原始mod/Mods/XM/XMFinal.SC2Mod/Base.SC2Data/GameData/AbilData.xml	ability-with-chain	no		4	3	0	3
ability	DehakaConsume	Dehaka	unit_or_evolution_dynamic	1	CAbilEffectTarget	原始mod/Mods/XM/XMFinal.SC2Mod/Base.SC2Data/GameData/AbilData.xml	ability-with-chain	no		3	2	1	1
ability	DehakaDetector	Dehaka	unit_or_evolution_dynamic	1	CAbilBehavior	原始mod/Mods/XM/XMFinal.SC2Mod/Base.SC2Data/GameData/AbilData.xml	ability-with-chain	no		4	2	0	2
ability	DehakaDroneMorph	Dehaka	unit_or_evolution_dynamic	6	CAbilBuild	原始mod/Mods/XM/XMFinal.SC2Mod/Base.SC2Data/GameData/AbilData.xml	ability-with-chain	no		16	10	0	10
ability	DehakaIntimidatingRoar	Dehaka	unit_or_evolution_dynamic	1	CAbilEffectInstant	原始mod/Mods/XM/XMFinal.SC2Mod/Base.SC2Data/GameData/AbilData.xml	ability-with-chain	no		7	6	0	6
ability	DehakaLeapStomp	Dehaka	unit_or_evolution_dynamic	1	CAbilEffectTarget	原始mod/Mods/XM/XMFinal.SC2Mod/Base.SC2Data/GameData/AbilData.xml	ability-with-chain	no		3	2	0	2
ability	DehakaLearn	Dehaka	unit_or_evolution_dynamic	4	CAbilLearn	原始mod/Mods/XM/XMFinal.SC2Mod/Base.SC2Data/GameData/AbilData.xml	ability-with-chain	no		9	5	1	4
ability	DehakaLocustFlyingSwoopAttack	Dehaka	unit_or_evolution_dynamic	1	CAbilEffectTarget	原始mod/Mods/XM/XMFinal.SC2Mod/Base.SC2Data/GameData/AbilData.xml	ability-with-chain	no		2	1	0	1
ability	DehakaMendingAura	Dehaka	unit_or_evolution_dynamic	1	CAbilBehavior	原始mod/Mods/XM/XMFinal.SC2Mod/Base.SC2Data/GameData/AbilData.xml	ability-with-chain	no		4	2	0	2
ability	DehakaMorphToPrimalSwarmHostBurrowed	Dehaka	unit_or_evolution_dynamic	1	CAbilMorph	原始mod/Mods/XM/XMFinal.SC2Mod/Base.SC2Data/GameData/AbilData.xml	ability-with-chain	no		3	2	1	1
ability	DehakaMorphToSwarmHostBurrowed	Dehaka	unit_or_evolution_dynamic	1	CAbilMorph	原始mod/Mods/XM/XMFinal.SC2Mod/Base.SC2Data/GameData/AbilData.xml	ability-with-chain	no		3	2	1	1
ability	DehakaSpawnCreeperTargeted	Dehaka	unit_or_evolution_dynamic	1	CAbilEffectTarget	原始mod/Mods/XM/XMFinal.SC2Mod/Base.SC2Data/GameData/AbilData.xml	ability-with-chain	no		3	2	0	2
ability	DehakaSpawnLocustsTargeted	Dehaka	unit_or_evolution_dynamic	1	CAbilEffectTarget	原始mod/Mods/XM/XMFinal.SC2Mod/Base.SC2Data/GameData/AbilData.xml	ability-with-chain	no		3	2	0	2
ability	DehakaUltraliskCrashingCharge	Dehaka	unit_or_evolution_dynamic	1	CAbilEffectTarget	原始mod/Mods/XM/XMFinal.SC2Mod/Base.SC2Data/GameData/AbilData.xml	ability-with-chain	no		9	7	4	3
ability	DeploySpiderMines	Nova	unit_or_evolution_dynamic	1	CAbilEffectTarget	原始mod/Mods/XM/XMFinal.SC2Mod/Base.SC2Data/GameData/AbilData.xml	ability-with-chain	no		4	3	0	3
ability	EMPBlackOps	Nova	unit_or_evolution_dynamic	1	CAbilEffectTarget	原始mod/Mods/XM/XMFinal.SC2Mod/Base.SC2Data/GameData/AbilData.xml	ability-with-chain	no		5	4	1	3
ability	Explode	Zagara	unit_or_evolution_dynamic	2	CAbilEffectInstant	原始mod/Mods/XM/XMFinal.SC2Mod/Base.SC2Data/GameData/AbilData.xml	ability-minimal	no		0	0	0	0
ability	Feedback	Artanis	unit_or_evolution_dynamic	1	CAbilEffectTarget	原始mod/Mods/XM/XMFinal.SC2Mod/Base.SC2Data/GameData/AbilData.xml	manual-ability-stub	yes	abilityStub	1	0	0	0
ability	FenixSentryGuardianZone	Fenix	unit_or_evolution_dynamic	1	CAbilEffectTarget	原始mod/Mods/XM/XMFinal.SC2Mod/Base.SC2Data/GameData/AbilData.xml	ability-with-chain	no		3	2	0	2
ability	FighterModeMengsk	Mengsk	unit_or_evolution_dynamic	1	CAbilMorph	原始mod/Mods/XM/XMFinal.SC2Mod/Base.SC2Data/GameData/AbilData.xml	ability-with-chain	no		4	3	0	3
ability	FleetwideJump	Horner	unit_or_evolution_dynamic	3	CAbilEffectTarget	原始mod/Mods/XM/XMFinal.SC2Mod/Base.SC2Data/GameData/AbilData.xml	ability-with-chain	no		4	2	0	2
ability	GaryStetmannOrb	Stetmann	unit_or_evolution_dynamic	1	CAbilEffectTarget	原始mod/Mods/XM/XMFinal.SC2Mod/Base.SC2Data/GameData/AbilData.xml	ability-with-chain	no		2	1	0	1
ability	GaryStetmannPowerTowerOverchargeEnergy	Stetmann	unit_or_evolution_dynamic	1	CAbilEffectTarget	原始mod/Mods/XM/XMFinal.SC2Mod/Base.SC2Data/GameData/AbilData.xml	ability-with-chain	no		3	2	0	2
ability	GaryStetmannRecall	Stetmann	unit_or_evolution_dynamic	1	CAbilEffectTarget	原始mod/Mods/XM/XMFinal.SC2Mod/Base.SC2Data/GameData/AbilData.xml	ability-with-chain	no		3	2	1	1
ability	GhostCloak	Nova	unit_or_evolution_dynamic	2	CAbilBehavior	原始mod/Mods/XM/XMFinal.SC2Mod/Base.SC2Data/GameData/AbilData.xml	ability-minimal	no		1	1	0	1
ability	GhostHoldFire	Nova	unit_or_evolution_dynamic	1	CAbilEffectInstant	原始mod/Mods/XM/XMFinal.SC2Mod/Base.SC2Data/GameData/AbilData.xml	manual-ability-stub	yes	abilityStub	1	0	0	0
ability	GhostMengskEMPShortStun	Mengsk	unit_or_evolution_dynamic	1	CAbilEffectTarget	原始mod/Mods/XM/XMFinal.SC2Mod/Base.SC2Data/GameData/AbilData.xml	ability-with-chain	no		5	4	0	4
ability	GhostMengskHoldFire	Mengsk	unit_or_evolution_dynamic	1	CAbilEffectInstant	原始mod/Mods/XM/XMFinal.SC2Mod/Base.SC2Data/GameData/AbilData.xml	ability-minimal	no		2	2	1	1
ability	GhostMengskIrradiateSmallDamage	Mengsk	unit_or_evolution_dynamic	1	CAbilEffectTarget	原始mod/Mods/XM/XMFinal.SC2Mod/Base.SC2Data/GameData/AbilData.xml	ability-with-chain	no		7	5	0	5
ability	GhostMengskNuke	Mengsk	unit_or_evolution_dynamic	1	CAbilEffectTarget	原始mod/Mods/XM/XMFinal.SC2Mod/Base.SC2Data/GameData/AbilData.xml	ability-with-chain	no		5	3	0	3
ability	GhostMengskSuperCloak	Mengsk	unit_or_evolution_dynamic	1	CAbilEffectInstant	原始mod/Mods/XM/XMFinal.SC2Mod/Base.SC2Data/GameData/AbilData.xml	ability-with-chain	no		4	3	1	2
ability	GhostMengskWeaponsFree	Mengsk	unit_or_evolution_dynamic	1	CAbilEffectInstant	原始mod/Mods/XM/XMFinal.SC2Mod/Base.SC2Data/GameData/AbilData.xml	ability-minimal	no		2	1	0	1
ability	GhostWeaponsFree	Nova	unit_or_evolution_dynamic	1	CAbilEffectInstant	原始mod/Mods/XM/XMFinal.SC2Mod/Base.SC2Data/GameData/AbilData.xml	manual-ability-stub	yes	abilityStub	1	0	0	0
ability	GlevigDeepTunnel	Dehaka	unit_or_evolution_dynamic	1	CAbilEffectTarget	原始mod/Mods/XM/XMFinal.SC2Mod/Base.SC2Data/GameData/AbilData.xml	ability-with-chain	no		4	2	0	2
ability	GravitonBeamVoidCampaign	Karax	unit_or_evolution_dynamic	1	CAbilEffectTarget	原始mod/Mods/XM/XMFinal.SC2Mod/Base.SC2Data/GameData/AbilData.xml	manual-ability-stub	yes	abilityStub	1	0	0	0
ability	HealPlusMech	Raynor	unit_or_evolution_dynamic	1	CAbilEffectTarget	原始mod/Mods/XM/XMFinal.SC2Mod/Base.SC2Data/GameData/AbilData.xml	ability-minimal	no		1	1	0	1
ability	HellbatCharge	Nova	unit_or_evolution_dynamic	1	CAbilAugment	原始mod/Mods/XM/XMFinal.SC2Mod/Base.SC2Data/GameData/AbilData.xml	ability-with-chain	no		4	3	1	2
ability	HHAssaultMode	Horner	unit_or_evolution_dynamic	1	CAbilMorph	原始mod/Mods/XM/XMFinal.SC2Mod/Base.SC2Data/GameData/AbilData.xml	ability-with-chain	no		2	1	0	1
ability	HHBattlecruiserHyperjump	Horner	unit_or_evolution_dynamic	1	CAbilEffectTarget	原始mod/Mods/XM/XMFinal.SC2Mod/Base.SC2Data/GameData/AbilData.xml	ability-with-chain	no		4	2	1	1
ability	HHD8SingleCharge	Horner	unit_or_evolution_dynamic	1	CAbilEffectTarget	原始mod/Mods/XM/XMFinal.SC2Mod/Base.SC2Data/GameData/AbilData.xml	ability-with-chain	no		2	1	0	1
ability	HHHellionBomb	Horner	unit_or_evolution_dynamic	1	CAbilEffectTarget	原始mod/Mods/XM/XMFinal.SC2Mod/Base.SC2Data/GameData/AbilData.xml	ability-with-chain	no		4	3	1	2
ability	HHRavenMorphtoHHRavenSiege	Horner	unit_or_evolution_dynamic	1	CAbilMorph	原始mod/Mods/XM/XMFinal.SC2Mod/Base.SC2Data/GameData/AbilData.xml	ability-with-chain	no		3	2	0	2
ability	HHReaperFly	Horner	unit_or_evolution_dynamic	1	CAbilEffectInstant	原始mod/Mods/XM/XMFinal.SC2Mod/Base.SC2Data/GameData/AbilData.xml	ability-with-chain	no		3	2	0	2
ability	HHVikingRockets	Horner	unit_or_evolution_dynamic	1	CAbilEffectTarget	原始mod/Mods/XM/XMFinal.SC2Mod/Base.SC2Data/GameData/AbilData.xml	ability-with-chain	no		5	4	0	4
ability	HHWidowMineAttack	Horner	unit_or_evolution_dynamic	1	CAbilEffectTarget	原始mod/Mods/XM/XMFinal.SC2Mod/Base.SC2Data/GameData/AbilData.xml	ability-minimal	no		6	5	3	2
ability	HHWidowMineBurrow	Horner	unit_or_evolution_dynamic	1	CAbilMorph	原始mod/Mods/XM/XMFinal.SC2Mod/Base.SC2Data/GameData/AbilData.xml	ability-with-chain	no		3	1	0	1
ability	HHWraithCloak	Horner	unit_or_evolution_dynamic	1	CAbilBehavior	原始mod/Mods/XM/XMFinal.SC2Mod/Base.SC2Data/GameData/AbilData.xml	ability-with-chain	no		5	4	3	1
ability	HHYamatoShots	Horner	unit_or_evolution_dynamic	2	CAbilBehavior	原始mod/Mods/XM/XMFinal.SC2Mod/Base.SC2Data/GameData/AbilData.xml	ability-with-chain	no		5	3	0	3
ability	HydraliskFrenzy	Kerrigan	unit_or_evolution_dynamic	1	CAbilEffectInstant	原始mod/Mods/XM/XMFinal.SC2Mod/Base.SC2Data/GameData/AbilData.xml	ability-minimal	no		2	2	1	1
ability	HydraliskStetmannMissilePowerOff	Stetmann	unit_or_evolution_dynamic	1	CAbilEffectInstant	原始mod/Mods/XM/XMFinal.SC2Mod/Base.SC2Data/GameData/AbilData.xml	ability-minimal	no		2	1	0	1
ability	HydraliskStetmannMissilePowerOn	Stetmann	unit_or_evolution_dynamic	1	CAbilEffectInstant	原始mod/Mods/XM/XMFinal.SC2Mod/Base.SC2Data/GameData/AbilData.xml	ability-minimal	no		2	1	0	1
ability	Hyperjump	Raynor,Swann	unit_or_evolution_dynamic	2	CAbilEffectTarget	原始mod/Mods/XM/XMFinal.SC2Mod/Base.SC2Data/GameData/AbilData.xml	ability-minimal	no		0	0	0	0
ability	ImmortalBarrierBase	Artanis,Karax	unit_or_evolution_dynamic	2	CAbilEffectInstant	原始mod/Mods/XM/XMFinal.SC2Mod/Base.SC2Data/GameData/AbilData.xml	manual-ability-stub	yes	abilityStub	1	0	0	0
ability	ImmortalOverload	Fenix	unit_or_evolution_dynamic	1	CAbilEffectInstant	原始mod/Mods/XM/XMFinal.SC2Mod/Base.SC2Data/GameData/AbilData.xml	manual-ability-stub	yes	abilityStub	1	0	0	0
ability	ImmortalShakurasShadowCannon	Artanis,Karax	unit_or_evolution_dynamic	2	CAbilEffectTarget	原始mod/Mods/XM/XMFinal.SC2Mod/Base.SC2Data/GameData/AbilData.xml	ability-minimal	no		1	1	0	1
ability	InfestorStetmannEggLaunch	Stetmann	unit_or_evolution_dynamic	1	CAbilEffectTarget	原始mod/Mods/XM/XMFinal.SC2Mod/Base.SC2Data/GameData/AbilData.xml	ability-with-chain	no		3	2	0	2
ability	InfestorStetmannHealingTentacle	Stetmann	unit_or_evolution_dynamic	1	CAbilEffectTarget	原始mod/Mods/XM/XMFinal.SC2Mod/Base.SC2Data/GameData/AbilData.xml	ability-with-chain	no		3	2	0	2
ability	InfestorStetmannInfestBuilding	Stetmann	unit_or_evolution_dynamic	1	CAbilEffectTarget	原始mod/Mods/XM/XMFinal.SC2Mod/Base.SC2Data/GameData/AbilData.xml	ability-with-chain	no		2	1	0	1
ability	InstantSeekerMissile_BlackOps	Nova	unit_or_evolution_dynamic	1	CAbilEffectTarget	原始mod/Mods/XM/XMFinal.SC2Mod/Base.SC2Data/GameData/AbilData.xml	ability-with-chain	no		2	1	0	1
ability	K5DropPods	Kerrigan	unit_or_evolution_dynamic	1	CAbilEffectTarget	原始mod/Mods/XM/XMFinal.SC2Mod/Base.SC2Data/GameData/AbilData.xml	manual-ability-stub	yes	abilityStub	1	0	0	0
ability	KerriganVoidCoopEconDrop	Kerrigan	unit_or_evolution_dynamic	1	CAbilEffectInstant	原始mod/Mods/XM/XMFinal.SC2Mod/Base.SC2Data/GameData/AbilData.xml	ability-with-chain	no		2	1	0	1
ability	KraithCrashingCharge	Dehaka	unit_or_evolution_dynamic	1	CAbilEffectTarget	原始mod/Mods/XM/XMFinal.SC2Mod/Base.SC2Data/GameData/AbilData.xml	ability-with-chain	no		3	2	0	2
ability	LiberatorAG_BlackOpsTarget	Nova	unit_or_evolution_dynamic	1	CAbilEffectTarget	原始mod/Mods/XM/XMFinal.SC2Mod/Base.SC2Data/GameData/AbilData.xml	ability-with-chain	no		2	1	0	1
ability	LiberatorAGTarget	Horner	unit_or_evolution_dynamic	1	CAbilEffectTarget	原始mod/Mods/XM/XMFinal.SC2Mod/Base.SC2Data/GameData/AbilData.xml	manual-ability-stub	yes	abilityStub	1	0	0	0
ability	LockOn	Swann	unit_or_evolution_dynamic	1	CAbilEffectTarget	原始mod/Mods/XM/XMFinal.SC2Mod/Base.SC2Data/GameData/AbilData.xml	ability-with-chain	no		1	1	0	1
ability	LockOnCancel	Swann	unit_or_evolution_dynamic	1	CAbilEffectInstant	原始mod/Mods/XM/XMFinal.SC2Mod/Base.SC2Data/GameData/AbilData.xml	manual-ability-stub	yes	abilityStub	1	0	0	0
ability	LocustLaunch	Abathur	unit_or_evolution_dynamic	1	CAbilEffectInstant	原始mod/Mods/XM/XMFinal.SC2Mod/Base.SC2Data/GameData/AbilData.xml	manual-ability-stub	yes	abilityStub	1	0	0	0
ability	LurkerHoldFire	Stetmann	unit_or_evolution_dynamic	1	CAbilEffectInstant	原始mod/Mods/XM/XMFinal.SC2Mod/Base.SC2Data/GameData/AbilData.xml	manual-ability-stub	yes	abilityStub	1	0	0	0
ability	LurkerRemoveHoldFire	Stetmann	unit_or_evolution_dynamic	1	CAbilEffectInstant	原始mod/Mods/XM/XMFinal.SC2Mod/Base.SC2Data/GameData/AbilData.xml	manual-ability-stub	yes	abilityStub	1	0	0	0
ability	LurkerStetmannChannelingSpines	Stetmann	unit_or_evolution_dynamic	2	CAbilEffectTarget	原始mod/Mods/XM/XMFinal.SC2Mod/Base.SC2Data/GameData/AbilData.xml	ability-with-chain	no		3	2	0	2
ability	LurkerStetmannTunnelingBurst	Stetmann	unit_or_evolution_dynamic	2	CAbilEffectTarget	原始mod/Mods/XM/XMFinal.SC2Mod/Base.SC2Data/GameData/AbilData.xml	ability-with-chain	no		2	1	0	1
ability	MagrailMunitionsNova	Nova	unit_or_evolution_dynamic	1			external-xm-dependency-node	no		0	1	0	1
ability	MammothBreath	Dehaka	unit_or_evolution_dynamic	1	CAbilEffectTarget	原始mod/Mods/XM/XMFinal.SC2Mod/Base.SC2Data/GameData/AbilData.xml	ability-with-chain	no		3	2	0	2
ability	MarauderMengskAttackSpeedBoost	Mengsk	unit_or_evolution_dynamic	1	CAbilEffectInstant	原始mod/Mods/XM/XMFinal.SC2Mod/Base.SC2Data/GameData/AbilData.xml	ability-with-chain	no		4	3	1	2
ability	MedivacMengskDoubleBeamHeal	Mengsk	unit_or_evolution_dynamic	1	CAbilEffectTarget	原始mod/Mods/XM/XMFinal.SC2Mod/Base.SC2Data/GameData/AbilData.xml	ability-with-chain	no		8	6	4	2
ability	MedivacMengskSpeedBoost	Mengsk	unit_or_evolution_dynamic	1	CAbilEffectInstant	原始mod/Mods/XM/XMFinal.SC2Mod/Base.SC2Data/GameData/AbilData.xml	ability-minimal	no		1	0	0	0
ability	MedivacMengskTransport	Mengsk	unit_or_evolution_dynamic	2	CAbilTransport	原始mod/Mods/XM/XMFinal.SC2Mod/Base.SC2Data/GameData/AbilData.xml	ability-minimal	no		6	4	1	3
ability	MindBolt	Kerrigan	unit_or_evolution_dynamic	1	CAbilEffectTarget	原始mod/Mods/XM/XMFinal.SC2Mod/Base.SC2Data/GameData/AbilData.xml	ability-minimal	no		0	0	0	0
ability	MirageGravitonBeamVoidCampaign	Karax	unit_or_evolution_dynamic	1	CAbilEffectTarget	原始mod/Mods/XM/XMFinal.SC2Mod/Base.SC2Data/GameData/AbilData.xml	ability-with-chain	no		5	3	2	1
ability	MorphRoachToRavager	Abathur	unit_or_evolution_dynamic	2	CAbilTrain	原始mod/Mods/XM/XMFinal.SC2Mod/Base.SC2Data/GameData/AbilData.xml	ability-with-chain	no		5	16	1	15
ability	MorphRoachVileToRavager	Abathur	unit_or_evolution_dynamic	1	CAbilTrain	原始mod/Mods/XM/XMFinal.SC2Mod/Base.SC2Data/GameData/AbilData.xml	ability-with-chain	no		5	16	1	15
ability	MorphToBaneling	Kerrigan,Stukov,Zagara	unit_or_evolution_dynamic	3	CAbilMorph	原始mod/Mods/XM/XMFinal.SC2Mod/Base.SC2Data/GameData/AbilData.xml	manual-ability-stub	yes	abilityStub	1	0	0	0
ability	MorphToBanelingStetmann	Stetmann	unit_or_evolution_dynamic	1	CAbilMorph	原始mod/Mods/XM/XMFinal.SC2Mod/Base.SC2Data/GameData/AbilData.xml	ability-with-chain	no		6	4	1	3
ability	MorphToBroodLord	Zagara	unit_or_evolution_dynamic	1	CAbilMorph	原始mod/Mods/XM/XMFinal.SC2Mod/Base.SC2Data/GameData/AbilData.xml	manual-ability-stub	yes	abilityStub	1	0	0	0
ability	MorphToCBroodLordStetmann	Stetmann	unit_or_evolution_dynamic	1	CAbilMorph	原始mod/Mods/XM/XMFinal.SC2Mod/Base.SC2Data/GameData/AbilData.xml	ability-with-chain	no		6	4	1	3
ability	MorphToHellion	Swann	unit_or_evolution_dynamic	1	CAbilMorph	原始mod/Mods/XM/XMFinal.SC2Mod/Base.SC2Data/GameData/AbilData.xml	ability-minimal	no		0	0	0	0
ability	MorphToHellionBlackOps	Nova	unit_or_evolution_dynamic	1	CAbilMorph	原始mod/Mods/XM/XMFinal.SC2Mod/Base.SC2Data/GameData/AbilData.xml	ability-with-chain	no		2	1	0	1
ability	MorphToHellionTank	Swann	unit_or_evolution_dynamic	1	CAbilMorph	原始mod/Mods/XM/XMFinal.SC2Mod/Base.SC2Data/GameData/AbilData.xml	ability-minimal	no		0	0	0	0
ability	MorphToHHHellion	Horner	unit_or_evolution_dynamic	1	CAbilMorph	原始mod/Mods/XM/XMFinal.SC2Mod/Base.SC2Data/GameData/AbilData.xml	ability-with-chain	no		2	1	0	1
ability	MorphToHHHellionTank	Horner	unit_or_evolution_dynamic	1	CAbilMorph	原始mod/Mods/XM/XMFinal.SC2Mod/Base.SC2Data/GameData/AbilData.xml	ability-with-chain	no		2	1	0	1
ability	MorphToLurkerStetmann	Stetmann	unit_or_evolution_dynamic	1	CAbilMorph	原始mod/Mods/XM/XMFinal.SC2Mod/Base.SC2Data/GameData/AbilData.xml	ability-with-chain	no		6	4	1	3
ability	MorphToRavagerStetmann	Stetmann	unit_or_evolution_dynamic	1	CAbilMorph	原始mod/Mods/XM/XMFinal.SC2Mod/Base.SC2Data/GameData/AbilData.xml	ability-with-chain	no		6	4	1	3
ability	MorphToSuperGaryStetmann	Stetmann	unit_or_evolution_dynamic	2	CAbilMorph	原始mod/Mods/XM/XMFinal.SC2Mod/Base.SC2Data/GameData/AbilData.xml	ability-with-chain	no		6	3	0	3
ability	MorphToSwarmHostBurrowed	Abathur	unit_or_evolution_dynamic	1	CAbilMorph	原始mod/Mods/XM/XMFinal.SC2Mod/Base.SC2Data/GameData/AbilData.xml	manual-ability-stub	yes	abilityStub	0	0	0	0
ability	MorphZerglingToBaneling	Kerrigan,Stukov,Zagara	unit_or_evolution_dynamic	3	CAbilTrain	原始mod/Mods/XM/XMFinal.SC2Mod/Base.SC2Data/GameData/AbilData.xml	ability-with-chain	no		1	1	0	1
ability	MurvarCoopPuke	Dehaka	unit_or_evolution_dynamic	1	CAbilEffectTarget	原始mod/Mods/XM/XMFinal.SC2Mod/Base.SC2Data/GameData/AbilData.xml	ability-with-chain	no		5	3	0	3
ability	MutaliskMorphToDevourer	Abathur	unit_or_evolution_dynamic	1	CAbilTrain	原始mod/Mods/XM/XMFinal.SC2Mod/Base.SC2Data/GameData/AbilData.xml	ability-with-chain	no		4	3	1	2
ability	NanoRepair	Swann	unit_or_evolution_dynamic	1	CAbilEffectTarget	原始mod/Mods/XM/XMFinal.SC2Mod/Base.SC2Data/GameData/AbilData.xml	ability-minimal	no		2	2	0	2
ability	ObserverMorphtoObserverSiege	Artanis,Fenix,Karax,Zeratul	unit_or_evolution_dynamic	4	CAbilMorph	原始mod/Mods/XM/XMFinal.SC2Mod/Base.SC2Data/GameData/AbilData.xml	ability-with-chain	no		2	1	0	1
ability	OracleRevelation	Vorazun	unit_or_evolution_dynamic	1	CAbilEffectTarget	原始mod/Mods/XM/XMFinal.SC2Mod/Base.SC2Data/GameData/AbilData.xml	ability-minimal	no		0	0	0	0
ability	OracleStasisTrapBuild	Vorazun	unit_or_evolution_dynamic	1	CAbilBuild	原始mod/Mods/XM/XMFinal.SC2Mod/Base.SC2Data/GameData/AbilData.xml	manual-ability-stub	yes	abilityCommandStub	1	0	0	0
ability	OracleWeapon	Vorazun	unit_or_evolution_dynamic	1	CAbilBehavior	原始mod/Mods/XM/XMFinal.SC2Mod/Base.SC2Data/GameData/AbilData.xml	ability-minimal	no		0	0	0	0
ability	OverseerMorphtoOverseerSiegeStetmann	Stetmann	unit_or_evolution_dynamic	1	CAbilMorph	原始mod/Mods/XM/XMFinal.SC2Mod/Base.SC2Data/GameData/AbilData.xml	ability-with-chain	no		2	1	0	1
ability	OverseerSiegeMorphtoOverseerStetmann	Stetmann	unit_or_evolution_dynamic	1	CAbilMorph	原始mod/Mods/XM/XMFinal.SC2Mod/Base.SC2Data/GameData/AbilData.xml	ability-with-chain	no		2	1	0	1
ability	ParasiticBomb	Abathur	unit_or_evolution_dynamic	1	CAbilEffectTarget	原始mod/Mods/XM/XMFinal.SC2Mod/Base.SC2Data/GameData/AbilData.xml	ability-minimal	no		0	0	0	0
ability	PhasingModeTaldarim	Alarak	unit_or_evolution_dynamic	1	CAbilMorph	原始mod/Mods/XM/XMFinal.SC2Mod/Base.SC2Data/GameData/AbilData.xml	ability-with-chain	no		3	1	0	1
ability	PlaceHealingDrone	Nova	unit_or_evolution_dynamic	1	CAbilEffectTarget	原始mod/Mods/XM/XMFinal.SC2Mod/Base.SC2Data/GameData/AbilData.xml	ability-with-chain	no		4	3	0	3
ability	PowerFieldSuperGaryStetmannEnergy	Stetmann	unit_or_evolution_dynamic	1	CAbilEffectInstant	原始mod/Mods/XM/XMFinal.SC2Mod/Base.SC2Data/GameData/AbilData.xml	ability-with-chain	no		4	3	1	2
ability	PrimalHeal	Kerrigan	unit_or_evolution_dynamic	1	CAbilEffectInstant	原始mod/Mods/XM/XMFinal.SC2Mod/Base.SC2Data/GameData/AbilData.xml	ability-minimal	no		0	0	0	0
ability	PrimalSlash	Kerrigan	unit_or_evolution_dynamic	1	CAbilEffectTarget	原始mod/Mods/XM/XMFinal.SC2Mod/Base.SC2Data/GameData/AbilData.xml	ability-with-chain	no		1	1	0	1
ability	PsionicLift	Kerrigan	unit_or_evolution_dynamic	1	CAbilEffectTarget	原始mod/Mods/XM/XMFinal.SC2Mod/Base.SC2Data/GameData/AbilData.xml	ability-with-chain	no		1	1	0	1
ability	PsiStorm	Artanis	unit_or_evolution_dynamic	1	CAbilEffectTarget	原始mod/Mods/XM/XMFinal.SC2Mod/Base.SC2Data/GameData/AbilData.xml	ability-minimal	no		1	1	1	0
ability	PsiStrikeWalk	Kerrigan	unit_or_evolution_dynamic	1	CAbilEffectTarget	原始mod/Mods/XM/XMFinal.SC2Mod/Base.SC2Data/GameData/AbilData.xml	ability-minimal	no		0	0	0	0
ability	RavagerAbathurCorrosiveBile	Abathur	unit_or_evolution_dynamic	1	CAbilEffectTarget	原始mod/Mods/XM/XMFinal.SC2Mod/Base.SC2Data/GameData/AbilData.xml	ability-with-chain	no		3	2	0	2
ability	RavagerStetmannCorrosiveBile	Stetmann	unit_or_evolution_dynamic	1	CAbilEffectTarget	原始mod/Mods/XM/XMFinal.SC2Mod/Base.SC2Data/GameData/AbilData.xml	ability-with-chain	no		4	3	0	3
ability	RavenMengskMorphtoRavenMengskSieged	Mengsk	unit_or_evolution_dynamic	1	CAbilMorph	原始mod/Mods/XM/XMFinal.SC2Mod/Base.SC2Data/GameData/AbilData.xml	ability-with-chain	no		2	1	0	1
ability	RavenMengskSiegedMorphtoRavenMengsk	Mengsk	unit_or_evolution_dynamic	1	CAbilMorph	原始mod/Mods/XM/XMFinal.SC2Mod/Base.SC2Data/GameData/AbilData.xml	ability-with-chain	no		2	1	0	1
ability	RavenTargetLock	Horner	unit_or_evolution_dynamic	1	CAbilEffectTarget	原始mod/Mods/XM/XMFinal.SC2Mod/Base.SC2Data/GameData/AbilData.xml	ability-with-chain	no		4	3	2	1
ability	ScienceVesselNanoRepairDouble	Swann	unit_or_evolution_dynamic	1	CAbilEffectTarget	原始mod/Mods/XM/XMFinal.SC2Mod/Base.SC2Data/GameData/AbilData.xml	ability-with-chain	no		5	4	2	2
ability	ScourgeDetonate	Zagara	unit_or_evolution_dynamic	1	CAbilEffectInstant	原始mod/Mods/XM/XMFinal.SC2Mod/Base.SC2Data/GameData/AbilData.xml	ability-with-chain	no		3	1	1	0
ability	SCVHarvest	Mengsk,Tychus	unit_or_evolution_dynamic	2	CAbilHarvest	原始mod/Mods/XM/XMFinal.SC2Mod/Base.SC2Data/GameData/AbilData.xml	ability-minimal	no		0	0	0	0
ability	SCVMengskEnlist	Mengsk	unit_or_evolution_dynamic	1	CAbilEffectInstant	原始mod/Mods/XM/XMFinal.SC2Mod/Base.SC2Data/GameData/AbilData.xml	ability-with-chain	no		2	1	0	1
ability	SentryFenixPhasingMode	Fenix	unit_or_evolution_dynamic	1	CAbilMorph	原始mod/Mods/XM/XMFinal.SC2Mod/Base.SC2Data/GameData/AbilData.xml	ability-with-chain	no		2	1	0	1
ability	SiegeMode	Raynor,Swann	unit_or_evolution_dynamic	2	CAbilMorph	原始mod/Mods/XM/XMFinal.SC2Mod/Base.SC2Data/GameData/AbilData.xml	manual-ability-stub	yes	abilityStub	1	0	0	0
ability	SiegeModeMengsk	Mengsk	unit_or_evolution_dynamic	1	CAbilMorph	原始mod/Mods/XM/XMFinal.SC2Mod/Base.SC2Data/GameData/AbilData.xml	ability-with-chain	no		2	1	0	1
ability	SiegeTank_BlackOpsSiege	Nova	unit_or_evolution_dynamic	1	CAbilMorph	原始mod/Mods/XM/XMFinal.SC2Mod/Base.SC2Data/GameData/AbilData.xml	ability-with-chain	no		3	2	0	2
ability	Snipe_BlackOps	Nova	unit_or_evolution_dynamic	2	CAbilEffectTarget	原始mod/Mods/XM/XMFinal.SC2Mod/Base.SC2Data/GameData/AbilData.xml	ability-with-chain	no		3	2	1	1
ability	SpawnBanelings	Kerrigan	unit_or_evolution_dynamic	1	CAbilEffectInstant	原始mod/Mods/XM/XMFinal.SC2Mod/Base.SC2Data/GameData/AbilData.xml	manual-ability-stub	yes	abilityStub	1	0	0	0
ability	Stimpack	Raynor	unit_or_evolution_dynamic	1	CAbilEffectInstant	原始mod/Mods/XM/XMFinal.SC2Mod/Base.SC2Data/GameData/AbilData.xml	manual-ability-stub	yes	abilityStub	1	0	0	0
ability	StimpackMarauder	Raynor,Tychus	unit_or_evolution_dynamic	3	CAbilEffectInstant	原始mod/Mods/XM/XMFinal.SC2Mod/Base.SC2Data/GameData/AbilData.xml	manual-ability-stub	yes	abilityStub	1	0	0	0
ability	StukovInfestedSiegeTankDeepTunnel	Stukov	unit_or_evolution_dynamic	1	CAbilEffectTarget	原始mod/Mods/XM/XMFinal.SC2Mod/Base.SC2Data/GameData/AbilData.xml	ability-with-chain	no		5	3	0	3
ability	StukovInfestedSiegeTankUproot	Stukov	unit_or_evolution_dynamic	1	CAbilMorph	原始mod/Mods/XM/XMFinal.SC2Mod/Base.SC2Data/GameData/AbilData.xml	ability-with-chain	no		3	1	0	1
ability	StukovInfestedWildMutation	Abathur	unit_or_evolution_dynamic	1	CAbilEffectInstant	原始mod/Mods/XM/XMFinal.SC2Mod/Base.SC2Data/GameData/AbilData.xml	ability-with-chain	no		3	2	0	2
ability	SuicideBuilding	Zagara	unit_or_evolution_dynamic	1	CAbilBehavior	原始mod/Mods/XM/XMFinal.SC2Mod/Base.SC2Data/GameData/AbilData.xml	ability-with-chain	no		4	2	0	2
ability	SuperGaryStetmannOrb	Stetmann	unit_or_evolution_dynamic	1	CAbilEffectTarget	原始mod/Mods/XM/XMFinal.SC2Mod/Base.SC2Data/GameData/AbilData.xml	ability-with-chain	no		2	1	0	1
ability	SuperGaryStetmannPowerTowerOverchargeEnergy	Stetmann	unit_or_evolution_dynamic	1	CAbilEffectTarget	原始mod/Mods/XM/XMFinal.SC2Mod/Base.SC2Data/GameData/AbilData.xml	ability-with-chain	no		3	2	0	2
ability	SuperGaryStetmannRecall	Stetmann	unit_or_evolution_dynamic	1	CAbilEffectTarget	原始mod/Mods/XM/XMFinal.SC2Mod/Base.SC2Data/GameData/AbilData.xml	ability-with-chain	no		3	2	1	1
ability	SuperStimpackMarine	Nova	unit_or_evolution_dynamic	1	CAbilEffectInstant	原始mod/Mods/XM/XMFinal.SC2Mod/Base.SC2Data/GameData/AbilData.xml	ability-minimal	no		3	2	0	2
ability	SymbioteCarapace	Abathur	unit_or_evolution_dynamic	1	CAbilEffectInstant	原始mod/Mods/XM/XMFinal.SC2Mod/Base.SC2Data/GameData/AbilData.xml	ability-with-chain	no		5	4	2	2
ability	TacNukeStrike	Nova	unit_or_evolution_dynamic	1	CAbilEffectTarget	原始mod/Mods/XM/XMFinal.SC2Mod/Base.SC2Data/GameData/AbilData.xml	manual-ability-stub	yes	abilityStub	1	0	0	0
ability	TerranBuildMengsk	Mengsk	unit_or_evolution_dynamic	10	CAbilBuild	原始mod/Mods/XM/XMFinal.SC2Mod/Base.SC2Data/GameData/AbilData.xml	ability-with-chain	no		23	14	1	13
ability	ThorMengskSiegeTargeted	Mengsk	unit_or_evolution_dynamic	1	CAbilEffectTarget	原始mod/Mods/XM/XMFinal.SC2Mod/Base.SC2Data/GameData/AbilData.xml	ability-with-chain	no		2	1	0	1
ability	TrooperMengskBuild	Mengsk	unit_or_evolution_dynamic	15	CAbilBuild	原始mod/Mods/XM/XMFinal.SC2Mod/Base.SC2Data/GameData/AbilData.xml	ability-with-chain	no		8	5	0	5
ability	TrooperMengskEnlist	Mengsk	unit_or_evolution_dynamic	4	CAbilEffectInstant	原始mod/Mods/XM/XMFinal.SC2Mod/Base.SC2Data/GameData/AbilData.xml	ability-with-chain	no		2	1	0	1
ability	TrooperMengskSpecializeAA	Mengsk	unit_or_evolution_dynamic	4	CAbilMorph	原始mod/Mods/XM/XMFinal.SC2Mod/Base.SC2Data/GameData/AbilData.xml	ability-with-chain	no		3	2	0	2
ability	TrooperMengskSpecializeFlamethrower	Mengsk	unit_or_evolution_dynamic	4	CAbilMorph	原始mod/Mods/XM/XMFinal.SC2Mod/Base.SC2Data/GameData/AbilData.xml	ability-with-chain	no		3	2	0	2
ability	TrooperMengskSpecializeImproved	Mengsk	unit_or_evolution_dynamic	4	CAbilMorph	原始mod/Mods/XM/XMFinal.SC2Mod/Base.SC2Data/GameData/AbilData.xml	ability-with-chain	no		3	2	0	2
ability	TychusFirebatOilBomb	Tychus	unit_or_evolution_dynamic	1	CAbilEffectTarget	原始mod/Mods/XM/XMFinal.SC2Mod/Base.SC2Data/GameData/AbilData.xml	ability-with-chain	no		3	2	0	2
ability	TychusGhostDominate	Tychus	unit_or_evolution_dynamic	1	CAbilEffectTarget	原始mod/Mods/XM/XMFinal.SC2Mod/Base.SC2Data/GameData/AbilData.xml	ability-with-chain	no		3	1	0	1
ability	TychusGhostPsychicSnare	Tychus	unit_or_evolution_dynamic	1	CAbilEffectTarget	原始mod/Mods/XM/XMFinal.SC2Mod/Base.SC2Data/GameData/AbilData.xml	ability-with-chain	no		5	3	1	2
ability	TychusHercGrapple	Tychus	unit_or_evolution_dynamic	1	CAbilEffectTarget	原始mod/Mods/XM/XMFinal.SC2Mod/Base.SC2Data/GameData/AbilData.xml	ability-with-chain	no		3	2	0	2
ability	TychusHeroCommonAbil2	Tychus	unit_or_evolution_dynamic	9	CAbilEffectInstant	原始mod/Mods/XM/XMFinal.SC2Mod/Base.SC2Data/GameData/AbilData.xml	ability-minimal	no		1	0	0	0
ability	TychusHeroCommonAbil3	Tychus	unit_or_evolution_dynamic	9	CAbilEffectInstant	原始mod/Mods/XM/XMFinal.SC2Mod/Base.SC2Data/GameData/AbilData.xml	ability-minimal	no		1	0	0	0
ability	TychusHeroCommonAbil4	Tychus	unit_or_evolution_dynamic	9	CAbilEffectInstant	原始mod/Mods/XM/XMFinal.SC2Mod/Base.SC2Data/GameData/AbilData.xml	ability-minimal	no		1	0	0	0
ability	TychusHeroCommonAbil5	Tychus	unit_or_evolution_dynamic	9	CAbilEffectInstant	原始mod/Mods/XM/XMFinal.SC2Mod/Base.SC2Data/GameData/AbilData.xml	ability-minimal	no		1	0	0	0
ability	TychusMarauderBuildHealingWard	Tychus	unit_or_evolution_dynamic	1	CAbilEffectTarget	原始mod/Mods/XM/XMFinal.SC2Mod/Base.SC2Data/GameData/AbilData.xml	ability-with-chain	no		2	1	0	1
ability	TychusMarauderSuperStimpack	Tychus	unit_or_evolution_dynamic	1	CAbilEffectInstant	原始mod/Mods/XM/XMFinal.SC2Mod/Base.SC2Data/GameData/AbilData.xml	ability-with-chain	no		4	3	0	3
ability	TychusMedicAoE	Tychus	unit_or_evolution_dynamic	1	CAbilEffectInstant	原始mod/Mods/XM/XMFinal.SC2Mod/Base.SC2Data/GameData/AbilData.xml	ability-with-chain	no		2	1	0	1
ability	TychusMedicDefensiveMatrix	Tychus	unit_or_evolution_dynamic	1	CAbilEffectTarget	原始mod/Mods/XM/XMFinal.SC2Mod/Base.SC2Data/GameData/AbilData.xml	ability-with-chain	no		5	4	1	3
ability	TychusMedivacDoubleHealPlusMech	Tychus	unit_or_evolution_dynamic	1	CAbilEffectTarget	原始mod/Mods/XM/XMFinal.SC2Mod/Base.SC2Data/GameData/AbilData.xml	ability-with-chain	no		10	8	5	3
ability	TychusOdinNuclearStrike	Tychus	unit_or_evolution_dynamic	9	CAbilEffectTarget	原始mod/Mods/XM/XMFinal.SC2Mod/Base.SC2Data/GameData/AbilData.xml	ability-with-chain	no		5	3	0	3
ability	TychusReaperBomb	Tychus	unit_or_evolution_dynamic	1	CAbilEffectTarget	原始mod/Mods/XM/XMFinal.SC2Mod/Base.SC2Data/GameData/AbilData.xml	ability-with-chain	no		2	1	0	1
ability	TychusReaperSuperCloak	Tychus	unit_or_evolution_dynamic	1	CAbilEffectInstant	原始mod/Mods/XM/XMFinal.SC2Mod/Base.SC2Data/GameData/AbilData.xml	ability-with-chain	no		3	1	0	1
ability	TychusShredderGrenade	Tychus	unit_or_evolution_dynamic	1	CAbilEffectTarget	原始mod/Mods/XM/XMFinal.SC2Mod/Base.SC2Data/GameData/AbilData.xml	ability-with-chain	no		4	3	1	2
ability	TychusSpectreUltrasonicPulse	Tychus	unit_or_evolution_dynamic	1	CAbilEffectTarget	原始mod/Mods/XM/XMFinal.SC2Mod/Base.SC2Data/GameData/AbilData.xml	ability-with-chain	no		3	2	0	2
ability	TychusTerranBuild	Tychus	unit_or_evolution_dynamic	10	CAbilBuild	原始mod/Mods/XM/XMFinal.SC2Mod/Base.SC2Data/GameData/AbilData.xml	ability-with-chain	no		27	20	4	16
ability	TychusWarhoundBuildAutoTurret	Tychus	unit_or_evolution_dynamic	1	CAbilEffectTarget	原始mod/Mods/XM/XMFinal.SC2Mod/Base.SC2Data/GameData/AbilData.xml	ability-with-chain	no		3	2	0	2
ability	TychusWarhoundTornadoSprayMissile	Tychus	unit_or_evolution_dynamic	1	CAbilEffectInstant	原始mod/Mods/XM/XMFinal.SC2Mod/Base.SC2Data/GameData/AbilData.xml	ability-with-chain	no		4	3	0	3
ability	UltraliskBurrowCharge	Kerrigan	unit_or_evolution_dynamic	1	CAbilEffectTarget	原始mod/Mods/XM/XMFinal.SC2Mod/Base.SC2Data/GameData/AbilData.xml	ability-minimal	no		0	0	0	0
ability	UltraliskStetmannBurrowCharge	Stetmann	unit_or_evolution_dynamic	1	CAbilEffectTarget	原始mod/Mods/XM/XMFinal.SC2Mod/Base.SC2Data/GameData/AbilData.xml	ability-with-chain	no		3	2	0	2
ability	UltraliskStetmannMechanicalLifeLeech	Stetmann	unit_or_evolution_dynamic	1	CAbilEffectTarget	原始mod/Mods/XM/XMFinal.SC2Mod/Base.SC2Data/GameData/AbilData.xml	ability-with-chain	no		4	3	0	3
ability	UnsiegeMengsk	Mengsk	unit_or_evolution_dynamic	1	CAbilMorph	原始mod/Mods/XM/XMFinal.SC2Mod/Base.SC2Data/GameData/AbilData.xml	ability-with-chain	no		2	1	0	1
ability	VehicleAfterburners	Horner	unit_or_evolution_dynamic	1	CAbilEffectInstant	原始mod/Mods/XM/XMFinal.SC2Mod/Base.SC2Data/GameData/AbilData.xml	ability-with-chain	no		3	2	0	2
ability	ViperConsumeStructure	Abathur	unit_or_evolution_dynamic	1	CAbilEffectTarget	原始mod/Mods/XM/XMFinal.SC2Mod/Base.SC2Data/GameData/AbilData.xml	manual-ability-stub	yes	abilityStub	1	0	0	0
ability	VoidRaySwarmDamageBoost	Vorazun	unit_or_evolution_dynamic	1	CAbilEffectInstant	原始mod/Mods/XM/XMFinal.SC2Mod/Base.SC2Data/GameData/AbilData.xml	manual-ability-stub	yes	abilityStub	1	0	0	0
ability	VoidScienceVesselNanoRepair	Swann	unit_or_evolution_dynamic	1	CAbilEffectTarget	原始mod/Mods/XM/XMFinal.SC2Mod/Base.SC2Data/GameData/AbilData.xml	manual-ability-stub	yes	abilityStub	1	0	0	0
ability	VolatileBurstBuilding	Stetmann,Zagara	unit_or_evolution_dynamic	2	CAbilBehavior	原始mod/Mods/XM/XMFinal.SC2Mod/Base.SC2Data/GameData/AbilData.xml	manual-ability-stub	yes	abilityCommandStub	1	0	0	0
ability	WarpPrismTransport	Alarak	unit_or_evolution_dynamic	2	CAbilTransport	原始mod/Mods/XM/XMFinal.SC2Mod/Base.SC2Data/GameData/AbilData.xml	ability-minimal	no		2	2	1	1
ability	WildMutation	Kerrigan	unit_or_evolution_dynamic	1	CAbilEffectTarget	原始mod/Mods/XM/XMFinal.SC2Mod/Base.SC2Data/GameData/AbilData.xml	ability-minimal	no		0	0	0	0
ability	WraithCloak	Stukov	unit_or_evolution_dynamic	2	CAbilBehavior	原始mod/Mods/XM/XMFinal.SC2Mod/Base.SC2Data/GameData/AbilData.xml	manual-ability-stub	yes	behaviorToggleStub	2	0	0	0
ability	Yamato	Raynor	unit_or_evolution_dynamic	1	CAbilEffectTarget	原始mod/Mods/XM/XMFinal.SC2Mod/Base.SC2Data/GameData/AbilData.xml	ability-minimal	no		0	0	0	0
ability	Yoink	Abathur	unit_or_evolution_dynamic	1	CAbilEffectTarget	原始mod/Mods/XM/XMFinal.SC2Mod/Base.SC2Data/GameData/AbilData.xml	manual-ability-stub	yes	abilityStub	1	0	0	0
ability	ZagaraVoidCoopBanelingBarrage	Zagara	unit_or_evolution_dynamic	1	CAbilEffectTarget	原始mod/Mods/XM/XMFinal.SC2Mod/Base.SC2Data/GameData/AbilData.xml	ability-with-chain	no		2	1	1	0
ability	ZagaraVoidCoopBurrow	Zagara	unit_or_evolution_dynamic	1	CAbilMorph	原始mod/Mods/XM/XMFinal.SC2Mod/Base.SC2Data/GameData/AbilData.xml	ability-with-chain	no		3	1	0	1
ability	ZagaraVoidCoopMassFrenzy	Zagara	unit_or_evolution_dynamic	1	CAbilEffectInstant	原始mod/Mods/XM/XMFinal.SC2Mod/Base.SC2Data/GameData/AbilData.xml	ability-with-chain	no		2	1	0	1
ability	ZagaraVoidCoopSpawnHunterKillers	Zagara	unit_or_evolution_dynamic	1	CAbilEffectTarget	原始mod/Mods/XM/XMFinal.SC2Mod/Base.SC2Data/GameData/AbilData.xml	ability-with-chain	no		2	1	1	0
ability	ZeratulCharge	Zeratul	unit_or_evolution_dynamic	1	CAbilAugment	原始mod/Mods/XM/XMFinal.SC2Mod/Base.SC2Data/GameData/AbilData.xml	ability-with-chain	no		4	3	2	1
ability	ZeratulImmortalBarrierBase	Zeratul	unit_or_evolution_dynamic	1	CAbilEffectInstant	原始mod/Mods/XM/XMFinal.SC2Mod/Base.SC2Data/GameData/AbilData.xml	ability-with-chain	no		4	2	1	1
ability	ZeratulObserverMorphtoZeratulObserverSiege	Zeratul	unit_or_evolution_dynamic	1	CAbilMorph	原始mod/Mods/XM/XMFinal.SC2Mod/Base.SC2Data/GameData/AbilData.xml	ability-with-chain	no		2	1	0	1
ability	ZeratulPhasingMode	Zeratul	unit_or_evolution_dynamic	1	CAbilMorph	原始mod/Mods/XM/XMFinal.SC2Mod/Base.SC2Data/GameData/AbilData.xml	ability-with-chain	no		3	2	1	1
ability	ZeratulReflectionShield	Zeratul	unit_or_evolution_dynamic	1	CAbilEffectInstant	原始mod/Mods/XM/XMFinal.SC2Mod/Base.SC2Data/GameData/AbilData.xml	ability-with-chain	no		4	2	1	1
ability	ZeratulSentryShieldRepair	Zeratul	unit_or_evolution_dynamic	1	CAbilEffectTarget	原始mod/Mods/XM/XMFinal.SC2Mod/Base.SC2Data/GameData/AbilData.xml	ability-with-chain	no		6	4	2	2
ability	ZeratulStalkerBlink	Zeratul	unit_or_evolution_dynamic	1	CAbilEffectTarget	原始mod/Mods/XM/XMFinal.SC2Mod/Base.SC2Data/GameData/AbilData.xml	ability-minimal	no		2	0	0	0
ability	ZeratulWarpPrismSelectVoidRift	Zeratul	unit_or_evolution_dynamic	1	CAbilEffectInstant	原始mod/Mods/XM/XMFinal.SC2Mod/Base.SC2Data/GameData/AbilData.xml	ability-minimal	no		2	1	0	1
ability	ZeratulZealotWhirlwind	Zeratul	unit_or_evolution_dynamic	1	CAbilEffectInstant	原始mod/Mods/XM/XMFinal.SC2Mod/Base.SC2Data/GameData/AbilData.xml	ability-with-chain	no		4	3	3	0
ability	ZergBuildStetmann	Stetmann	unit_or_evolution_dynamic	11	CAbilBuild	原始mod/Mods/XM/XMFinal.SC2Mod/Base.SC2Data/GameData/AbilData.xml	ability-with-chain	no		32	21	2	19
button	AbathurBrutaliskLeviathanSymbioteLocked	Abathur	unit_or_evolution_dynamic	1	CButton	原始mod/Mods/XM/XMFinal.SC2Mod/Base.SC2Data/GameData/ButtonData.xml	button-with-metadata	no		0	0	0	0
button	AbathurDeepTunnel	Abathur	unit_or_evolution_dynamic	1	CButton	原始mod/Mods/XM/XMFinal.SC2Mod/Base.SC2Data/GameData/ButtonData.xml	button-with-metadata	no		0	0	0	0
button	AberrationBanelingIncubationLocked	Zagara	unit_or_evolution_dynamic	1	CButton	原始mod/Mods/XM/XMFinal.SC2Mod/Base.SC2Data/GameData/ButtonData.xml	button-with-metadata	no		0	0	0	0
button	AberrationProtectiveCover	Zagara	unit_or_evolution_dynamic	1	CButton	原始mod/Mods/XM/XMFinal.SC2Mod/Base.SC2Data/GameData/ButtonData.xml	button-with-metadata	no		0	0	0	0
button	ACAlarakPhasingMode	Alarak	unit_or_evolution_dynamic	1	CButton	原始mod/Mods/XM/XMFinal.SC2Mod/Base.SC2Data/GameData/ButtonData.xml	button-with-metadata	no		0	0	0	0
button	AdeptFenixShadeSpawn	Fenix	unit_or_evolution_dynamic	1	CButton	原始mod/Mods/XM/XMFinal.SC2Mod/Base.SC2Data/GameData/ButtonData.xml	button-with-metadata	no		0	0	0	0
button	AdeptPiercingUpgrade	Fenix	unit_or_evolution_dynamic	1	CButton	原始mod/Mods/XM/XMFinal.SC2Mod/Base.SC2Data/GameData/ButtonData.xml	button-with-metadata	no		0	0	0	0
button	AdvancedConstructionAuto	Swann	unit_or_evolution_dynamic	1	CButton	原始mod/Mods/XM/XMFinal.SC2Mod/Base.SC2Data/GameData/ButtonData.xml	button-with-metadata	no		0	0	0	0
button	AdvancedConstructionLocked	Swann	unit_or_evolution_dynamic	1	CButton	原始mod/Mods/XM/XMFinal.SC2Mod/Base.SC2Data/GameData/ButtonData.xml	button-with-metadata	no		0	0	0	0
button	AfterburnersLocked	Raynor,Swann	unit_or_evolution_dynamic	5	CButton	原始mod/Mods/XM/XMFinal.SC2Mod/Base.SC2Data/GameData/ButtonData.xml	button-with-metadata	no		0	0	0	0
button	AlarakACMyLifefortheHighlord	Alarak	unit_or_evolution_dynamic	1	CButton	原始mod/Mods/XM/XMFinal.SC2Mod/Base.SC2Data/GameData/ButtonData.xml	button-with-metadata	no		0	0	0	0
button	AlarakColossusAerialTracking	Alarak	unit_or_evolution_dynamic	1	CButton	原始mod/Mods/XM/XMFinal.SC2Mod/Base.SC2Data/GameData/ButtonData.xml	button-with-metadata	no		0	0	0	0
button	AlarakColossusChargedBlastChargeTime	Alarak	unit_or_evolution_dynamic	1	CButton	原始mod/Mods/XM/XMFinal.SC2Mod/Base.SC2Data/GameData/ButtonData.xml	button-with-metadata	no		0	0	0	0
button	AlarakHavocAbilityRange	Alarak	unit_or_evolution_dynamic	1	CButton	原始mod/Mods/XM/XMFinal.SC2Mod/Base.SC2Data/GameData/ButtonData.xml	button-with-metadata	no		0	0	0	0
button	AlarakHighTemplarImprovedSacrifice	Alarak	unit_or_evolution_dynamic	1	CButton	原始mod/Mods/XM/XMFinal.SC2Mod/Base.SC2Data/GameData/ButtonData.xml	button-with-metadata	no		0	0	0	0
button	AlarakStalkerPhasingArmor	Alarak,Vorazun	unit_or_evolution_dynamic	2	CButton	原始mod/Mods/XM/XMFinal.SC2Mod/Base.SC2Data/GameData/ButtonData.xml	button-with-metadata	no		0	0	0	0
button	AlarakSupplicantMaxShields	Alarak	unit_or_evolution_dynamic	1	CButton	原始mod/Mods/XM/XMFinal.SC2Mod/Base.SC2Data/GameData/ButtonData.xml	button-with-metadata	no		0	0	0	0
button	AlarakTargetLockBuff	Alarak	unit_or_evolution_dynamic	1	CButton	原始mod/Mods/XM/XMFinal.SC2Mod/Base.SC2Data/GameData/ButtonData.xml	button-with-metadata	no		0	0	0	0
button	AlarakVanguardIncreaseSplashArea	Alarak	unit_or_evolution_dynamic	1	CButton	原始mod/Mods/XM/XMFinal.SC2Mod/Base.SC2Data/GameData/ButtonData.xml	button-with-metadata	no		0	0	0	0
button	AnionPulseCrystal	Karax	unit_or_evolution_dynamic	1	CButton	原始mod/Mods/XM/XMFinal.SC2Mod/Base.SC2Data/GameData/ButtonData.xml	button-with-metadata	no		0	0	0	0
button	AresClassWeaponsSystem	Nova	unit_or_evolution_dynamic	1	CButton	原始mod/Mods/XM/XMFinal.SC2Mod/Base.SC2Data/GameData/ButtonData.xml	button-with-metadata	no		0	0	0	0
button	ArmoryMengsk	Mengsk	unit_or_evolution_dynamic	1	CButton	原始mod/Mods/XM/XMFinal.SC2Mod/Base.SC2Data/GameData/ButtonData.xml	button-with-metadata	no		0	0	0	0
button	ArtilleryMengsk	Mengsk	unit_or_evolution_dynamic	5	CButton	原始mod/Mods/XM/XMFinal.SC2Mod/Base.SC2Data/GameData/ButtonData.xml	button-with-metadata	no		0	0	0	0
button	AssaultMode	Horner	unit_or_evolution_dynamic	1	CButton	原始mod/Mods/XM/XMFinal.SC2Mod/Base.SC2Data/GameData/ButtonData.xml	button-with-metadata	no		0	0	0	0
button	AssaultModeMengsk	Mengsk	unit_or_evolution_dynamic	1	CButton	原始mod/Mods/XM/XMFinal.SC2Mod/Base.SC2Data/GameData/ButtonData.xml	button-with-metadata	no		0	0	0	0
button	AttackGhost	Abathur	unit_or_evolution_dynamic	1	CButton	原始mod/Mods/XM/XMFinal.SC2Mod/Base.SC2Data/GameData/ButtonData.xml	button-with-metadata	no		0	0	0	0
button	AutoCreateInfestedCivilianAmmo	Stukov	unit_or_evolution_dynamic	1	CButton	原始mod/Mods/XM/XMFinal.SC2Mod/Base.SC2Data/GameData/ButtonData.xml	button-with-metadata	no		0	0	0	0
button	AWrp	Artanis	unit_or_evolution_dynamic	1	CButton	原始mod/Mods/XM/XMFinal.SC2Mod/Base.SC2Data/GameData/ButtonData.xml	button-minimal	no		0	0	0	0
button	Baneling	Kerrigan,Stukov,Zagara	unit_or_evolution_dynamic	3	CButton	原始mod/Mods/XM/XMFinal.SC2Mod/Base.SC2Data/GameData/ButtonData.xml	button-with-metadata	no		0	0	0	0
button	BanelingNestStetmann	Stetmann	unit_or_evolution_dynamic	1	CButton	原始mod/Mods/XM/XMFinal.SC2Mod/Base.SC2Data/GameData/ButtonData.xml	button-with-metadata	no		0	0	0	0
button	BanelingStetmann	Stetmann	unit_or_evolution_dynamic	1	CButton	原始mod/Mods/XM/XMFinal.SC2Mod/Base.SC2Data/GameData/ButtonData.xml	button-with-metadata	no		0	0	0	0
button	BanelingStetmannExtraDamage	Stetmann	unit_or_evolution_dynamic	1	CButton	原始mod/Mods/XM/XMFinal.SC2Mod/Base.SC2Data/GameData/ButtonData.xml	button-with-metadata	no		0	0	0	0
button	BanelingStetmannManaShield	Stetmann	unit_or_evolution_dynamic	1	CButton	原始mod/Mods/XM/XMFinal.SC2Mod/Base.SC2Data/GameData/ButtonData.xml	button-with-metadata	no		0	0	0	0
button	BanelingStetmannMovementSpeed	Stetmann	unit_or_evolution_dynamic	1	CButton	原始mod/Mods/XM/XMFinal.SC2Mod/Base.SC2Data/GameData/ButtonData.xml	button-with-metadata	no		0	0	0	0
button	BanelingStetmannScrapDrop	Stetmann	unit_or_evolution_dynamic	1	CButton	原始mod/Mods/XM/XMFinal.SC2Mod/Base.SC2Data/GameData/ButtonData.xml	button-with-metadata	no		0	0	0	0
button	Banshee_BlackOpsAirstrike	Nova	unit_or_evolution_dynamic	1	CButton	原始mod/Mods/XM/XMFinal.SC2Mod/Base.SC2Data/GameData/ButtonData.xml	button-with-metadata	no		0	0	0	0
button	BarracksMengsk	Mengsk	unit_or_evolution_dynamic	1	CButton	原始mod/Mods/XM/XMFinal.SC2Mod/Base.SC2Data/GameData/ButtonData.xml	button-with-metadata	no		0	0	0	0
button	BarrageofSpikesLocked	Dehaka	unit_or_evolution_dynamic	1	CButton	原始mod/Mods/XM/XMFinal.SC2Mod/Base.SC2Data/GameData/ButtonData.xml	button-with-metadata	no		0	0	0	0
button	BattlecruiserMengskHyperjump	Mengsk	unit_or_evolution_dynamic	1	CButton	原始mod/Mods/XM/XMFinal.SC2Mod/Base.SC2Data/GameData/ButtonData.xml	button-with-metadata	no		0	0	0	0
button	BattlecruiserMengskImperialMandateGeneration	Mengsk	unit_or_evolution_dynamic	1	CButton	原始mod/Mods/XM/XMFinal.SC2Mod/Base.SC2Data/GameData/ButtonData.xml	button-with-metadata	no		0	0	0	0
button	BattlecruiserMengskRangeAura	Mengsk	unit_or_evolution_dynamic	1	CButton	原始mod/Mods/XM/XMFinal.SC2Mod/Base.SC2Data/GameData/ButtonData.xml	button-with-metadata	no		0	0	0	0
button	BattlecruiserMengskVeterancy	Mengsk	unit_or_evolution_dynamic	1	CButton	原始mod/Mods/XM/XMFinal.SC2Mod/Base.SC2Data/GameData/ButtonData.xml	button-minimal	no		0	0	0	0
button	BiomassPassiveEmpty	Abathur	unit_or_evolution_dynamic	7	CButton	原始mod/Mods/XM/XMFinal.SC2Mod/Base.SC2Data/GameData/ButtonData.xml	button-with-metadata	no		0	0	0	0
button	BlimpMengskTopbarRegen	Mengsk	unit_or_evolution_dynamic	1	CButton	原始mod/Mods/XM/XMFinal.SC2Mod/Base.SC2Data/GameData/ButtonData.xml	button-with-metadata	no		0	0	0	0
button	Blink	Alarak,Vorazun	unit_or_evolution_dynamic	2	CButton	原始mod/Mods/XM/XMFinal.SC2Mod/Base.SC2Data/GameData/ButtonData.xml	button-with-metadata	no		0	0	0	0
button	BroodLord	Zagara	unit_or_evolution_dynamic	1	CButton	原始mod/Mods/XM/XMFinal.SC2Mod/Base.SC2Data/GameData/ButtonData.xml	button-with-metadata	no		0	0	0	0
button	BroodlordSpeed	Kerrigan	unit_or_evolution_dynamic	1	CButton	原始mod/Mods/XM/XMFinal.SC2Mod/Base.SC2Data/GameData/ButtonData.xml	button-with-metadata	no		0	0	0	0
button	BroodLordStetmann	Stetmann	unit_or_evolution_dynamic	1	CButton	原始mod/Mods/XM/XMFinal.SC2Mod/Base.SC2Data/GameData/ButtonData.xml	button-with-metadata	no		0	0	0	0
button	BroodLordStetmannBombers	Stetmann	unit_or_evolution_dynamic	1	CButton	原始mod/Mods/XM/XMFinal.SC2Mod/Base.SC2Data/GameData/ButtonData.xml	button-with-metadata	no		0	0	0	0
button	BroodLordStetmannBroodlings	Stetmann	unit_or_evolution_dynamic	1	CButton	原始mod/Mods/XM/XMFinal.SC2Mod/Base.SC2Data/GameData/ButtonData.xml	button-with-metadata	no		0	0	0	0
button	BroodLordStetmannScrapDrop	Stetmann	unit_or_evolution_dynamic	1	CButton	原始mod/Mods/XM/XMFinal.SC2Mod/Base.SC2Data/GameData/ButtonData.xml	button-with-metadata	no		0	0	0	0
button	BroodLordStetmannYamatoCannon	Stetmann	unit_or_evolution_dynamic	1	CButton	原始mod/Mods/XM/XMFinal.SC2Mod/Base.SC2Data/GameData/ButtonData.xml	button-with-metadata	no		0	0	0	0
button	BrutaliskDeepTunnel	Abathur	unit_or_evolution_dynamic	2	CButton	原始mod/Mods/XM/XMFinal.SC2Mod/Base.SC2Data/GameData/ButtonData.xml	button-with-metadata	no		0	0	0	0
button	BuildFusionCoreLocked	Swann	unit_or_evolution_dynamic	1	CButton	原始mod/Mods/XM/XMFinal.SC2Mod/Base.SC2Data/GameData/ButtonData.xml	button-with-metadata	no		0	0	0	0
button	BuildHealingDrone	Nova	unit_or_evolution_dynamic	1	CButton	原始mod/Mods/XM/XMFinal.SC2Mod/Base.SC2Data/GameData/ButtonData.xml	button-with-metadata	no		0	0	0	0
button	BuildLaserTurretRaven	Nova	unit_or_evolution_dynamic	1	CButton	原始mod/Mods/XM/XMFinal.SC2Mod/Base.SC2Data/GameData/ButtonData.xml	button-with-metadata	no		0	0	0	0
button	BuildLurkerLocked	Kerrigan	unit_or_evolution_dynamic	1	CButton	原始mod/Mods/XM/XMFinal.SC2Mod/Base.SC2Data/GameData/ButtonData.xml	button-with-metadata	no		0	0	0	0
button	BuildTychusBar	Tychus	unit_or_evolution_dynamic	1	CButton	原始mod/Mods/XM/XMFinal.SC2Mod/Base.SC2Data/GameData/ButtonData.xml	button-with-metadata	no		0	0	0	0
button	BuildTychusMedivacPlatform	Tychus	unit_or_evolution_dynamic	1	CButton	原始mod/Mods/XM/XMFinal.SC2Mod/Base.SC2Data/GameData/ButtonData.xml	button-with-metadata	no		0	0	0	0
button	BunkerMengsk	Mengsk	unit_or_evolution_dynamic	5	CButton	原始mod/Mods/XM/XMFinal.SC2Mod/Base.SC2Data/GameData/ButtonData.xml	button-with-metadata	no		0	0	0	0
button	BurrowChargeCampaign	Kerrigan	unit_or_evolution_dynamic	1	CButton	原始mod/Mods/XM/XMFinal.SC2Mod/Base.SC2Data/GameData/ButtonData.xml	button-with-metadata	no		0	0	0	0
button	BurrowChargeLocked	Kerrigan	unit_or_evolution_dynamic	1	CButton	原始mod/Mods/XM/XMFinal.SC2Mod/Base.SC2Data/GameData/ButtonData.xml	button-with-metadata	no		0	0	0	0
button	BurrowDown	Abathur,Dehaka,Kerrigan,Stetmann,Stukov,Zagara	unit_or_evolution_dynamic	24	CButton	原始mod/Mods/XM/XMFinal.SC2Mod/Base.SC2Data/GameData/ButtonData.xml	manual-button-with-metadata	yes	buttonStub	0	0	0	0
button	BurrowMove	Stetmann	unit_or_evolution_dynamic	1	CButton	原始mod/Mods/XM/XMFinal.SC2Mod/Base.SC2Data/GameData/ButtonData.xml	button-with-metadata	no		0	0	0	0
button	BurrowUp	Abathur,Kerrigan,Stukov,Zagara	unit_or_evolution_dynamic	7	CButton	原始mod/Mods/XM/XMFinal.SC2Mod/Base.SC2Data/GameData/ButtonData.xml	button-with-metadata	no		0	0	0	0
button	CancelSuperGaryStetmannMorph	Stetmann	unit_or_evolution_dynamic	1	CButton	原始mod/Mods/XM/XMFinal.SC2Mod/Base.SC2Data/GameData/ButtonData.xml	button-with-metadata	no		0	0	0	0
button	CausticSpray	Zagara	unit_or_evolution_dynamic	1	CButton	原始mod/Mods/XM/XMFinal.SC2Mod/Base.SC2Data/GameData/ButtonData.xml	button-with-metadata	no		0	0	0	0
button	CausticSprayStetmann	Stetmann	unit_or_evolution_dynamic	1	CButton	原始mod/Mods/XM/XMFinal.SC2Mod/Base.SC2Data/GameData/ButtonData.xml	button-with-metadata	no		0	0	0	0
button	ChainReaction	Kerrigan	unit_or_evolution_dynamic	1	CButton	原始mod/Mods/XM/XMFinal.SC2Mod/Base.SC2Data/GameData/ButtonData.xml	manual-button-stub	yes	buttonStub	0	0	0	0
button	Charge	Artanis,Vorazun,Zeratul	unit_or_evolution_dynamic	3	CButton	原始mod/Mods/XM/XMFinal.SC2Mod/Base.SC2Data/GameData/ButtonData.xml	button-minimal	no		0	0	0	0
button	CliffWalk	Karax	unit_or_evolution_dynamic	1	CButton	原始mod/Mods/XM/XMFinal.SC2Mod/Base.SC2Data/GameData/ButtonData.xml	button-with-metadata	no		0	0	0	0
button	CloakOff	Nova,Raynor	unit_or_evolution_dynamic	2	CButton	原始mod/Mods/XM/XMFinal.SC2Mod/Base.SC2Data/GameData/ButtonData.xml	manual-button-with-metadata	yes	buttonStub	0	0	0	0
button	CloakOnBanshee	Raynor	unit_or_evolution_dynamic	1	CButton	原始mod/Mods/XM/XMFinal.SC2Mod/Base.SC2Data/GameData/ButtonData.xml	manual-button-with-metadata	yes	buttonStub	0	0	0	0
button	CloakOnGhost	Nova	unit_or_evolution_dynamic	1	CButton	原始mod/Mods/XM/XMFinal.SC2Mod/Base.SC2Data/GameData/ButtonData.xml	manual-button-with-metadata	yes	buttonStub	0	0	0	0
button	CombatDrugs	Horner,Nova	unit_or_evolution_dynamic	2	CButton	原始mod/Mods/XM/XMFinal.SC2Mod/Base.SC2Data/GameData/ButtonData.xml	manual-button-with-metadata	yes	buttonStub	0	0	0	0
button	CombatShield	Nova	unit_or_evolution_dynamic	1	CButton	原始mod/Mods/XM/XMFinal.SC2Mod/Base.SC2Data/GameData/ButtonData.xml	button-minimal	no		0	0	0	0
button	CommandCenterMengsk	Mengsk	unit_or_evolution_dynamic	1	CButton	原始mod/Mods/XM/XMFinal.SC2Mod/Base.SC2Data/GameData/ButtonData.xml	button-with-metadata	no		0	0	0	0
button	CommanderAbathurBrutaliskSymbiote	Abathur	unit_or_evolution_dynamic	1	CButton	原始mod/Mods/XM/XMFinal.SC2Mod/Base.SC2Data/GameData/ButtonData.xml	manual-button-stub	yes	buttonStub	0	0	0	0
button	CommanderKerriganKerriganEnergyRegeneration	Kerrigan	unit_or_evolution_dynamic	1	CButton	原始mod/Mods/XM/XMFinal.SC2Mod/Base.SC2Data/GameData/ButtonData.xml	button-with-metadata	no		0	0	0	0
button	CommanderPrestigeAbathurLeviathanLocked	Abathur	unit_or_evolution_dynamic	1	CButton	原始mod/Mods/XM/XMFinal.SC2Mod/Base.SC2Data/GameData/ButtonData.xml	button-minimal	no		0	0	0	0
button	CommanderPrestigeAlarakMechBuff	Alarak,Vorazun	unit_or_evolution_dynamic	5	CButton	原始mod/Mods/XM/XMFinal.SC2Mod/Base.SC2Data/GameData/ButtonData.xml	button-with-metadata	no		0	0	0	0
button	CommanderPrestigeDehakaPackLeadersRetreat	Dehaka	unit_or_evolution_dynamic	3	CButton	原始mod/Mods/XM/XMFinal.SC2Mod/Base.SC2Data/GameData/ButtonData.xml	button-with-metadata	no		0	0	0	0
button	CommanderPrestigeZagaraZagaraDeepTunnel	Zagara	unit_or_evolution_dynamic	1	CButton	原始mod/Mods/XM/XMFinal.SC2Mod/Base.SC2Data/GameData/ButtonData.xml	button-with-metadata	no		0	0	0	0
button	CommanderSwannImmortalityProtocol	Raynor,Swann	unit_or_evolution_dynamic	2	CButton	原始mod/Mods/XM/XMFinal.SC2Mod/Base.SC2Data/GameData/ButtonData.xml	button-minimal	no		0	0	0	0
button	ConcussiveGrenade	Raynor,Tychus	unit_or_evolution_dynamic	2	CButton	原始mod/Mods/XM/XMFinal.SC2Mod/Base.SC2Data/GameData/ButtonData.xml	manual-button-with-metadata	yes	buttonStub	0	0	0	0
button	CoopMurvarSpawnCreepers	Dehaka	unit_or_evolution_dynamic	1	CButton	原始mod/Mods/XM/XMFinal.SC2Mod/Base.SC2Data/GameData/ButtonData.xml	button-with-metadata	no		0	0	0	0
button	CorrosiveBileDamageIncrease	Abathur	unit_or_evolution_dynamic	1	CButton	原始mod/Mods/XM/XMFinal.SC2Mod/Base.SC2Data/GameData/ButtonData.xml	button-with-metadata	no		0	0	0	0
button	CorrosiveBileRadiusIncrease	Abathur	unit_or_evolution_dynamic	1	CButton	原始mod/Mods/XM/XMFinal.SC2Mod/Base.SC2Data/GameData/ButtonData.xml	button-with-metadata	no		0	0	0	0
button	CorruptionAbility	Zagara	unit_or_evolution_dynamic	1	CButton	原始mod/Mods/XM/XMFinal.SC2Mod/Base.SC2Data/GameData/ButtonData.xml	button-with-metadata	no		0	0	0	0
button	CorruptorStetmannMissilePods	Stetmann	unit_or_evolution_dynamic	1	CButton	原始mod/Mods/XM/XMFinal.SC2Mod/Base.SC2Data/GameData/ButtonData.xml	button-with-metadata	no		0	0	0	0
button	CorruptorStetmannScrapDrop	Stetmann	unit_or_evolution_dynamic	1	CButton	原始mod/Mods/XM/XMFinal.SC2Mod/Base.SC2Data/GameData/ButtonData.xml	button-with-metadata	no		0	0	0	0
button	CorsairMPDisruptionWeb	Vorazun	unit_or_evolution_dynamic	1	CButton	原始mod/Mods/XM/XMFinal.SC2Mod/Base.SC2Data/GameData/ButtonData.xml	button-minimal	no		0	0	0	0
button	CycloneLockOnDamageUpgrade	Swann	unit_or_evolution_dynamic	1	CButton	原始mod/Mods/XM/XMFinal.SC2Mod/Base.SC2Data/GameData/ButtonData.xml	button-with-metadata	no		0	0	0	0
button	DakrunCrashingCharge	Dehaka	unit_or_evolution_dynamic	1	CButton	原始mod/Mods/XM/XMFinal.SC2Mod/Base.SC2Data/GameData/ButtonData.xml	button-with-metadata	no		0	0	0	0
button	DakrunGreaterSpikedHideLocked	Dehaka	unit_or_evolution_dynamic	1	CButton	原始mod/Mods/XM/XMFinal.SC2Mod/Base.SC2Data/GameData/ButtonData.xml	button-with-metadata	no		0	0	0	0
button	DarkTemplarShadowDash	Vorazun	unit_or_evolution_dynamic	1	CButton	原始mod/Mods/XM/XMFinal.SC2Mod/Base.SC2Data/GameData/ButtonData.xml	button-with-metadata	no		0	0	0	0
button	DeepTunnelLocked	Abathur	unit_or_evolution_dynamic	4	CButton	原始mod/Mods/XM/XMFinal.SC2Mod/Base.SC2Data/GameData/ButtonData.xml	button-with-metadata	no		0	0	0	0
button	DefensiveMatrixTarget	Swann	unit_or_evolution_dynamic	1	CButton	原始mod/Mods/XM/XMFinal.SC2Mod/Base.SC2Data/GameData/ButtonData.xml	button-with-metadata	no		0	0	0	0
button	DehakaAirAttack	Dehaka	unit_or_evolution_dynamic	1	CButton	原始mod/Mods/XM/XMFinal.SC2Mod/Base.SC2Data/GameData/ButtonData.xml	button-with-metadata	no		0	0	0	0
button	DehakaArmorUpgrade	Dehaka	unit_or_evolution_dynamic	1	CButton	原始mod/Mods/XM/XMFinal.SC2Mod/Base.SC2Data/GameData/ButtonData.xml	button-with-metadata	no		0	0	0	0
button	DehakaBarracks	Dehaka	unit_or_evolution_dynamic	1	CButton	原始mod/Mods/XM/XMFinal.SC2Mod/Base.SC2Data/GameData/ButtonData.xml	button-with-metadata	no		0	0	0	0
button	DehakaConsume	Dehaka	unit_or_evolution_dynamic	1	CButton	原始mod/Mods/XM/XMFinal.SC2Mod/Base.SC2Data/GameData/ButtonData.xml	button-with-metadata	no		0	0	0	0
button	DehakaCreeperAirSuicide	Dehaka	unit_or_evolution_dynamic	1	CButton	原始mod/Mods/XM/XMFinal.SC2Mod/Base.SC2Data/GameData/ButtonData.xml	button-with-metadata	no		0	0	0	0
button	DehakaDakrunStructure	Dehaka	unit_or_evolution_dynamic	1	CButton	原始mod/Mods/XM/XMFinal.SC2Mod/Base.SC2Data/GameData/ButtonData.xml	button-with-metadata	no		0	0	0	0
button	DehakaDeepTunnelLocked	Dehaka	unit_or_evolution_dynamic	1	CButton	原始mod/Mods/XM/XMFinal.SC2Mod/Base.SC2Data/GameData/ButtonData.xml	button-with-metadata	no		0	0	0	0
button	DehakaDetector	Dehaka	unit_or_evolution_dynamic	1	CButton	原始mod/Mods/XM/XMFinal.SC2Mod/Base.SC2Data/GameData/ButtonData.xml	button-with-metadata	no		0	0	0	0
button	DehakaFlyingCreeperLocusts	Dehaka	unit_or_evolution_dynamic	1	CButton	原始mod/Mods/XM/XMFinal.SC2Mod/Base.SC2Data/GameData/ButtonData.xml	button-with-metadata	no		0	0	0	0
button	DehakaFlyingLocusts	Dehaka	unit_or_evolution_dynamic	1	CButton	原始mod/Mods/XM/XMFinal.SC2Mod/Base.SC2Data/GameData/ButtonData.xml	button-with-metadata	no		0	0	0	0
button	DehakaGeneAttackSpeedPassive	Dehaka	unit_or_evolution_dynamic	5	CButton	原始mod/Mods/XM/XMFinal.SC2Mod/Base.SC2Data/GameData/ButtonData.xml	button-with-metadata	no		0	0	0	0
button	DehakaGeneCarapacePassive	Dehaka	unit_or_evolution_dynamic	6	CButton	原始mod/Mods/XM/XMFinal.SC2Mod/Base.SC2Data/GameData/ButtonData.xml	button-with-metadata	no		0	0	0	0
button	DehakaGeneCreepersPassive	Dehaka	unit_or_evolution_dynamic	1	CButton	原始mod/Mods/XM/XMFinal.SC2Mod/Base.SC2Data/GameData/ButtonData.xml	button-with-metadata	no		0	0	0	0
button	DehakaGeneLifeLeechPassive	Dehaka	unit_or_evolution_dynamic	5	CButton	原始mod/Mods/XM/XMFinal.SC2Mod/Base.SC2Data/GameData/ButtonData.xml	button-with-metadata	no		0	0	0	0
button	DehakaGeneThornsPassive	Dehaka	unit_or_evolution_dynamic	1	CButton	原始mod/Mods/XM/XMFinal.SC2Mod/Base.SC2Data/GameData/ButtonData.xml	button-with-metadata	no		0	0	0	0
button	DehakaGlevigHaveRoachFireBreath	Dehaka	unit_or_evolution_dynamic	1	CButton	原始mod/Mods/XM/XMFinal.SC2Mod/Base.SC2Data/GameData/ButtonData.xml	button-with-metadata	no		0	0	0	0
button	DehakaGlevigStructure	Dehaka	unit_or_evolution_dynamic	1	CButton	原始mod/Mods/XM/XMFinal.SC2Mod/Base.SC2Data/GameData/ButtonData.xml	button-with-metadata	no		0	0	0	0
button	DehakaGlialReconstitution	Dehaka	unit_or_evolution_dynamic	2	CButton	原始mod/Mods/XM/XMFinal.SC2Mod/Base.SC2Data/GameData/ButtonData.xml	button-with-metadata	no		0	0	0	0
button	DehakaHatchery	Dehaka	unit_or_evolution_dynamic	1	CButton	原始mod/Mods/XM/XMFinal.SC2Mod/Base.SC2Data/GameData/ButtonData.xml	button-with-metadata	no		0	0	0	0
button	DehakaHydraliskSpeed	Dehaka	unit_or_evolution_dynamic	1	CButton	原始mod/Mods/XM/XMFinal.SC2Mod/Base.SC2Data/GameData/ButtonData.xml	button-with-metadata	no		0	0	0	0
button	DehakaImpalerTenderize	Dehaka	unit_or_evolution_dynamic	1	CButton	原始mod/Mods/XM/XMFinal.SC2Mod/Base.SC2Data/GameData/ButtonData.xml	button-with-metadata	no		0	0	0	0
button	DehakaIntimidatingRoar	Dehaka	unit_or_evolution_dynamic	1	CButton	原始mod/Mods/XM/XMFinal.SC2Mod/Base.SC2Data/GameData/ButtonData.xml	button-with-metadata	no		0	0	0	0
button	DehakaLeapStomp	Dehaka	unit_or_evolution_dynamic	1	CButton	原始mod/Mods/XM/XMFinal.SC2Mod/Base.SC2Data/GameData/ButtonData.xml	button-with-metadata	no		0	0	0	0
button	DehakaLearnAbilities	Dehaka	unit_or_evolution_dynamic	1	CButton	原始mod/Mods/XM/XMFinal.SC2Mod/Base.SC2Data/GameData/ButtonData.xml	button-with-metadata	no		0	0	0	0
button	DehakaLocustSwoop	Dehaka	unit_or_evolution_dynamic	1	CButton	原始mod/Mods/XM/XMFinal.SC2Mod/Base.SC2Data/GameData/ButtonData.xml	button-with-metadata	no		0	0	0	0
button	DehakaMendingAura	Dehaka	unit_or_evolution_dynamic	1	CButton	原始mod/Mods/XM/XMFinal.SC2Mod/Base.SC2Data/GameData/ButtonData.xml	button-with-metadata	no		0	0	0	0
button	DehakaMurvarStructure	Dehaka	unit_or_evolution_dynamic	1	CButton	原始mod/Mods/XM/XMFinal.SC2Mod/Base.SC2Data/GameData/ButtonData.xml	button-with-metadata	no		0	0	0	0
button	DehakaMutaliskDamageReduction	Dehaka	unit_or_evolution_dynamic	1	CButton	原始mod/Mods/XM/XMFinal.SC2Mod/Base.SC2Data/GameData/ButtonData.xml	button-with-metadata	no		0	0	0	0
button	DehakaMutaliskRespawnOnDeath	Dehaka	unit_or_evolution_dynamic	1	CButton	原始mod/Mods/XM/XMFinal.SC2Mod/Base.SC2Data/GameData/ButtonData.xml	button-with-metadata	no		0	0	0	0
button	DehakaNydusDestroyer	Dehaka	unit_or_evolution_dynamic	1	CButton	原始mod/Mods/XM/XMFinal.SC2Mod/Base.SC2Data/GameData/ButtonData.xml	button-with-metadata	no		0	0	0	0
button	DehakaRavasaurRange	Dehaka	unit_or_evolution_dynamic	1	CButton	原始mod/Mods/XM/XMFinal.SC2Mod/Base.SC2Data/GameData/ButtonData.xml	button-with-metadata	no		0	0	0	0
button	DehakaRavasaurVSArmor	Dehaka	unit_or_evolution_dynamic	1	CButton	原始mod/Mods/XM/XMFinal.SC2Mod/Base.SC2Data/GameData/ButtonData.xml	button-with-metadata	no		0	0	0	0
button	DehakaSpawnLocusts	Dehaka	unit_or_evolution_dynamic	1	CButton	原始mod/Mods/XM/XMFinal.SC2Mod/Base.SC2Data/GameData/ButtonData.xml	button-with-metadata	no		0	0	0	0
button	DehakaSpawnLocustsBomb	Dehaka	unit_or_evolution_dynamic	1	CButton	原始mod/Mods/XM/XMFinal.SC2Mod/Base.SC2Data/GameData/ButtonData.xml	button-with-metadata	no		0	0	0	0
button	DehakaTyrannozorArmorAura	Dehaka	unit_or_evolution_dynamic	1	CButton	原始mod/Mods/XM/XMFinal.SC2Mod/Base.SC2Data/GameData/ButtonData.xml	button-with-metadata	no		0	0	0	0
button	DehakaUltraliskBash	Dehaka	unit_or_evolution_dynamic	2	CButton	原始mod/Mods/XM/XMFinal.SC2Mod/Base.SC2Data/GameData/ButtonData.xml	button-with-metadata	no		0	0	0	0
button	DehakaUltraliskCrashingCharge	Dehaka	unit_or_evolution_dynamic	1	CButton	原始mod/Mods/XM/XMFinal.SC2Mod/Base.SC2Data/GameData/ButtonData.xml	button-with-metadata	no		0	0	0	0
button	DehakaUltraliskRegen	Dehaka	unit_or_evolution_dynamic	2	CButton	原始mod/Mods/XM/XMFinal.SC2Mod/Base.SC2Data/GameData/ButtonData.xml	button-with-metadata	no		0	0	0	0
button	DeploySpiderMines	Nova	unit_or_evolution_dynamic	1	CButton	原始mod/Mods/XM/XMFinal.SC2Mod/Base.SC2Data/GameData/ButtonData.xml	button-with-metadata	no		0	0	0	0
button	Detector	Alarak,Artanis,Fenix,Horner,Karax,Mengsk,Nova,Stetmann,Zeratul	unit_or_evolution_dynamic	13	CButton	原始mod/Mods/XM/XMFinal.SC2Mod/Base.SC2Data/GameData/ButtonData.xml	manual-button-with-metadata	yes	buttonStub	0	0	0	0
button	DetonateScourge	Zagara	unit_or_evolution_dynamic	1	CButton	原始mod/Mods/XM/XMFinal.SC2Mod/Base.SC2Data/GameData/ButtonData.xml	button-with-metadata	no		0	0	0	0
button	DisableBuildingAttack	Stetmann	unit_or_evolution_dynamic	1	CButton	原始mod/Mods/XM/XMFinal.SC2Mod/Base.SC2Data/GameData/ButtonData.xml	button-with-metadata	no		0	0	0	0
button	DisableBuildingAttackScourge	Zagara	unit_or_evolution_dynamic	1	CButton	原始mod/Mods/XM/XMFinal.SC2Mod/Base.SC2Data/GameData/ButtonData.xml	button-with-metadata	no		0	0	0	0
button	EMP	Nova	unit_or_evolution_dynamic	1	CButton	原始mod/Mods/XM/XMFinal.SC2Mod/Base.SC2Data/GameData/ButtonData.xml	manual-button-with-metadata	yes	buttonStub	0	0	0	0
button	EnableBuildingAttack	Zagara	unit_or_evolution_dynamic	1	CButton	原始mod/Mods/XM/XMFinal.SC2Mod/Base.SC2Data/GameData/ButtonData.xml	button-with-metadata	no		0	0	0	0
button	EngineeringBayMengsk	Mengsk	unit_or_evolution_dynamic	1	CButton	原始mod/Mods/XM/XMFinal.SC2Mod/Base.SC2Data/GameData/ButtonData.xml	button-with-metadata	no		0	0	0	0
button	EvolutionChamberStetmann	Stetmann	unit_or_evolution_dynamic	1	CButton	原始mod/Mods/XM/XMFinal.SC2Mod/Base.SC2Data/GameData/ButtonData.xml	button-with-metadata	no		0	0	0	0
button	EvolveAnabolicSynthesis2	Kerrigan	unit_or_evolution_dynamic	1	CButton	原始mod/Mods/XM/XMFinal.SC2Mod/Base.SC2Data/GameData/ButtonData.xml	button-with-metadata	no		0	0	0	0
button	EvolveChitinousPlating	Kerrigan	unit_or_evolution_dynamic	1	CButton	原始mod/Mods/XM/XMFinal.SC2Mod/Base.SC2Data/GameData/ButtonData.xml	button-with-metadata	no		0	0	0	0
button	EvolveDehakaChitinousPlatingLocked	Dehaka	unit_or_evolution_dynamic	1	CButton	原始mod/Mods/XM/XMFinal.SC2Mod/Base.SC2Data/GameData/ButtonData.xml	button-with-metadata	no		0	0	0	0
button	EvolveDehakaKeenSensesLocked	Dehaka	unit_or_evolution_dynamic	1	CButton	原始mod/Mods/XM/XMFinal.SC2Mod/Base.SC2Data/GameData/ButtonData.xml	button-with-metadata	no		0	0	0	0
button	EvolveDehakaPrimalRegenerationLocked	Dehaka	unit_or_evolution_dynamic	1	CButton	原始mod/Mods/XM/XMFinal.SC2Mod/Base.SC2Data/GameData/ButtonData.xml	button-with-metadata	no		0	0	0	0
button	EvolveDehakaReachingtheSkyLocked	Dehaka	unit_or_evolution_dynamic	1	CButton	原始mod/Mods/XM/XMFinal.SC2Mod/Base.SC2Data/GameData/ButtonData.xml	button-with-metadata	no		0	0	0	0
button	EvolveToBrutaliskLocked	Abathur	unit_or_evolution_dynamic	4	CButton	原始mod/Mods/XM/XMFinal.SC2Mod/Base.SC2Data/GameData/ButtonData.xml	button-with-metadata	no		0	0	0	0
button	EvolveToLeviathanLocked	Abathur	unit_or_evolution_dynamic	3	CButton	原始mod/Mods/XM/XMFinal.SC2Mod/Base.SC2Data/GameData/ButtonData.xml	button-with-metadata	no		0	0	0	0
button	Explode	Zagara	unit_or_evolution_dynamic	1	CButton	原始mod/Mods/XM/XMFinal.SC2Mod/Base.SC2Data/GameData/ButtonData.xml	button-minimal	no		0	0	0	0
button	ExplodeStetmann	Stetmann	unit_or_evolution_dynamic	1	CButton	原始mod/Mods/XM/XMFinal.SC2Mod/Base.SC2Data/GameData/ButtonData.xml	button-with-metadata	no		0	0	0	0
button	ExtendedThermalLance	Fenix,Karax	unit_or_evolution_dynamic	2	CButton	原始mod/Mods/XM/XMFinal.SC2Mod/Base.SC2Data/GameData/ButtonData.xml	button-with-metadata	no		0	0	0	0
button	ExtractorStetmann	Stetmann	unit_or_evolution_dynamic	1	CButton	原始mod/Mods/XM/XMFinal.SC2Mod/Base.SC2Data/GameData/ButtonData.xml	button-with-metadata	no		0	0	0	0
button	FaceEmbrace	Abathur	unit_or_evolution_dynamic	1	CButton	原始mod/Mods/XM/XMFinal.SC2Mod/Base.SC2Data/GameData/ButtonData.xml	button-minimal	no		0	0	0	0
button	FactoryMengsk	Mengsk	unit_or_evolution_dynamic	1	CButton	原始mod/Mods/XM/XMFinal.SC2Mod/Base.SC2Data/GameData/ButtonData.xml	button-with-metadata	no		0	0	0	0
button	Feedback	Artanis	unit_or_evolution_dynamic	1	CButton	原始mod/Mods/XM/XMFinal.SC2Mod/Base.SC2Data/GameData/ButtonData.xml	button-minimal	no		0	0	0	0
button	FeedbackLocked	Artanis	unit_or_evolution_dynamic	1	CButton	原始mod/Mods/XM/XMFinal.SC2Mod/Base.SC2Data/GameData/ButtonData.xml	button-with-metadata	no		0	0	0	0
button	FenixSentryGuardianZone	Fenix	unit_or_evolution_dynamic	1	CButton	原始mod/Mods/XM/XMFinal.SC2Mod/Base.SC2Data/GameData/ButtonData.xml	button-with-metadata	no		0	0	0	0
button	FenixSentryPhasingMode	Fenix	unit_or_evolution_dynamic	1	CButton	原始mod/Mods/XM/XMFinal.SC2Mod/Base.SC2Data/GameData/ButtonData.xml	button-with-metadata	no		0	0	0	0
button	FighterModeMengsk	Mengsk	unit_or_evolution_dynamic	1	CButton	原始mod/Mods/XM/XMFinal.SC2Mod/Base.SC2Data/GameData/ButtonData.xml	button-with-metadata	no		0	0	0	0
button	FleetwideJump	Horner,Swann	unit_or_evolution_dynamic	4	CButton	原始mod/Mods/XM/XMFinal.SC2Mod/Base.SC2Data/GameData/ButtonData.xml	button-with-metadata	no		0	0	0	0
button	Frenzied	Dehaka,Kerrigan,Stetmann	unit_or_evolution_dynamic	4	CButton	原始mod/Mods/XM/XMFinal.SC2Mod/Base.SC2Data/GameData/ButtonData.xml	manual-button-with-metadata	yes	buttonStub	0	0	0	0
button	FrenzyLocked	Kerrigan	unit_or_evolution_dynamic	1	CButton	原始mod/Mods/XM/XMFinal.SC2Mod/Base.SC2Data/GameData/ButtonData.xml	button-with-metadata	no		0	0	0	0
button	FusionCoreMengsk	Mengsk	unit_or_evolution_dynamic	1	CButton	原始mod/Mods/XM/XMFinal.SC2Mod/Base.SC2Data/GameData/ButtonData.xml	button-with-metadata	no		0	0	0	0
button	GaryStetmannMechanicalReconstruction	Stetmann	unit_or_evolution_dynamic	2	CButton	原始mod/Mods/XM/XMFinal.SC2Mod/Base.SC2Data/GameData/ButtonData.xml	button-with-metadata	no		0	0	0	0
button	GaryStetmannOrb	Stetmann	unit_or_evolution_dynamic	2	CButton	原始mod/Mods/XM/XMFinal.SC2Mod/Base.SC2Data/GameData/ButtonData.xml	button-with-metadata	no		0	0	0	0
button	GaryStetmannRecall	Stetmann	unit_or_evolution_dynamic	2	CButton	原始mod/Mods/XM/XMFinal.SC2Mod/Base.SC2Data/GameData/ButtonData.xml	button-with-metadata	no		0	0	0	0
button	GaryStetmannTheBestOil	Stetmann	unit_or_evolution_dynamic	1	CButton	原始mod/Mods/XM/XMFinal.SC2Mod/Base.SC2Data/GameData/ButtonData.xml	button-with-metadata	no		0	0	0	0
button	GatherMengsk	Mengsk	unit_or_evolution_dynamic	1	CButton	原始mod/Mods/XM/XMFinal.SC2Mod/Base.SC2Data/GameData/ButtonData.xml	button-with-metadata	no		0	0	0	0
button	GatherTerr	Tychus	unit_or_evolution_dynamic	1	CButton	原始mod/Mods/XM/XMFinal.SC2Mod/Base.SC2Data/GameData/ButtonData.xml	button-with-metadata	no		0	0	0	0
button	GhostAcademyMengsk	Mengsk	unit_or_evolution_dynamic	1	CButton	原始mod/Mods/XM/XMFinal.SC2Mod/Base.SC2Data/GameData/ButtonData.xml	button-with-metadata	no		0	0	0	0
button	GhostHoldFire	Nova	unit_or_evolution_dynamic	1	CButton	原始mod/Mods/XM/XMFinal.SC2Mod/Base.SC2Data/GameData/ButtonData.xml	manual-button-with-metadata	yes	buttonStub	0	0	0	0
button	GhostMengskEMP	Mengsk	unit_or_evolution_dynamic	1	CButton	原始mod/Mods/XM/XMFinal.SC2Mod/Base.SC2Data/GameData/ButtonData.xml	button-with-metadata	no		0	0	0	0
button	GhostMengskGuidedStrike	Mengsk	unit_or_evolution_dynamic	1	CButton	原始mod/Mods/XM/XMFinal.SC2Mod/Base.SC2Data/GameData/ButtonData.xml	button-with-metadata	no		0	0	0	0
button	GhostMengskHoldFire	Mengsk	unit_or_evolution_dynamic	1	CButton	原始mod/Mods/XM/XMFinal.SC2Mod/Base.SC2Data/GameData/ButtonData.xml	button-with-metadata	no		0	0	0	0
button	GhostMengskImperialMandateGeneration	Mengsk	unit_or_evolution_dynamic	1	CButton	原始mod/Mods/XM/XMFinal.SC2Mod/Base.SC2Data/GameData/ButtonData.xml	button-with-metadata	no		0	0	0	0
button	GhostMengskIrradiate	Mengsk	unit_or_evolution_dynamic	1	CButton	原始mod/Mods/XM/XMFinal.SC2Mod/Base.SC2Data/GameData/ButtonData.xml	button-with-metadata	no		0	0	0	0
button	GhostMengskSuperCloak	Mengsk	unit_or_evolution_dynamic	1	CButton	原始mod/Mods/XM/XMFinal.SC2Mod/Base.SC2Data/GameData/ButtonData.xml	button-with-metadata	no		0	0	0	0
button	GhostMengskVeterancy	Mengsk	unit_or_evolution_dynamic	1	CButton	原始mod/Mods/XM/XMFinal.SC2Mod/Base.SC2Data/GameData/ButtonData.xml	button-minimal	no		0	0	0	0
button	GlevigFireBreathLocked	Dehaka	unit_or_evolution_dynamic	1	CButton	原始mod/Mods/XM/XMFinal.SC2Mod/Base.SC2Data/GameData/ButtonData.xml	button-with-metadata	no		0	0	0	0
button	GlevigSpitfirePassive	Dehaka	unit_or_evolution_dynamic	1	CButton	原始mod/Mods/XM/XMFinal.SC2Mod/Base.SC2Data/GameData/ButtonData.xml	button-with-metadata	no		0	0	0	0
button	GlevigTunnel	Dehaka	unit_or_evolution_dynamic	1	CButton	原始mod/Mods/XM/XMFinal.SC2Mod/Base.SC2Data/GameData/ButtonData.xml	button-with-metadata	no		0	0	0	0
button	GlialReconstitutionPassive	Abathur	unit_or_evolution_dynamic	2	CButton	原始mod/Mods/XM/XMFinal.SC2Mod/Base.SC2Data/GameData/ButtonData.xml	button-with-metadata	no		0	0	0	0
button	GravitonBeam	Karax	unit_or_evolution_dynamic	1	CButton	原始mod/Mods/XM/XMFinal.SC2Mod/Base.SC2Data/GameData/ButtonData.xml	button-minimal	no		0	0	0	0
button	GravitonBeamVoidCampaign	Karax	unit_or_evolution_dynamic	1	CButton	原始mod/Mods/XM/XMFinal.SC2Mod/Base.SC2Data/GameData/ButtonData.xml	manual-button-with-metadata	yes	buttonStubWithIcon	0	0	0	0
button	GravitonCatapult	Fenix,Karax	unit_or_evolution_dynamic	2	CButton	原始mod/Mods/XM/XMFinal.SC2Mod/Base.SC2Data/GameData/ButtonData.xml	button-with-metadata	no		0	0	0	0
button	GuardianAttackRangeIncrease	Abathur	unit_or_evolution_dynamic	1	CButton	原始mod/Mods/XM/XMFinal.SC2Mod/Base.SC2Data/GameData/ButtonData.xml	button-with-metadata	no		0	0	0	0
button	Halt	Mengsk,Tychus	unit_or_evolution_dynamic	2	CButton	原始mod/Mods/XM/XMFinal.SC2Mod/Base.SC2Data/GameData/ButtonData.xml	button-with-metadata	no		0	0	0	0
button	HardenedShield	Fenix	unit_or_evolution_dynamic	1	CButton	原始mod/Mods/XM/XMFinal.SC2Mod/Base.SC2Data/GameData/ButtonData.xml	button-with-metadata	no		0	0	0	0
button	HatcheryStetmann	Stetmann	unit_or_evolution_dynamic	1	CButton	原始mod/Mods/XM/XMFinal.SC2Mod/Base.SC2Data/GameData/ButtonData.xml	button-with-metadata	no		0	0	0	0
button	HaveAnionPulseCrystals	Artanis	unit_or_evolution_dynamic	1	CButton	原始mod/Mods/XM/XMFinal.SC2Mod/Base.SC2Data/GameData/ButtonData.xml	manual-button-with-metadata	yes	buttonStubWithIcon	0	0	0	0
button	HaveBarrier	Artanis,Karax	unit_or_evolution_dynamic	2	CButton	原始mod/Mods/XM/XMFinal.SC2Mod/Base.SC2Data/GameData/ButtonData.xml	button-with-metadata	no		0	0	0	0
button	HaveCentrificalHooks	Zagara	unit_or_evolution_dynamic	1	CButton	原始mod/Mods/XM/XMFinal.SC2Mod/Base.SC2Data/GameData/ButtonData.xml	button-with-metadata	no		0	0	0	0
button	HaveChitinousPlating	Kerrigan	unit_or_evolution_dynamic	1	CButton	原始mod/Mods/XM/XMFinal.SC2Mod/Base.SC2Data/GameData/ButtonData.xml	button-with-metadata	no		0	0	0	0
button	HaveFenixScoutWeaponRange	Fenix,Karax	unit_or_evolution_dynamic	2	CButton	原始mod/Mods/XM/XMFinal.SC2Mod/Base.SC2Data/GameData/ButtonData.xml	button-with-metadata	no		0	0	0	0
button	HaveGraviticBoosters	Artanis,Fenix,Karax,Zeratul	unit_or_evolution_dynamic	4	CButton	原始mod/Mods/XM/XMFinal.SC2Mod/Base.SC2Data/GameData/ButtonData.xml	button-with-metadata	no		0	0	0	0
button	HaveOracleStasisWardUpgrade	Vorazun	unit_or_evolution_dynamic	1	CButton	原始mod/Mods/XM/XMFinal.SC2Mod/Base.SC2Data/GameData/ButtonData.xml	button-with-metadata	no		0	0	0	0
button	HaveScourgeGasCostReduction	Zagara	unit_or_evolution_dynamic	1	CButton	原始mod/Mods/XM/XMFinal.SC2Mod/Base.SC2Data/GameData/ButtonData.xml	button-with-metadata	no		0	0	0	0
button	HaveShieldWall	Raynor	unit_or_evolution_dynamic	1	CButton	原始mod/Mods/XM/XMFinal.SC2Mod/Base.SC2Data/GameData/ButtonData.xml	button-with-metadata	no		0	0	0	0
button	HaveZeratulImmortalImprovedBarrier	Zeratul	unit_or_evolution_dynamic	1	CButton	原始mod/Mods/XM/XMFinal.SC2Mod/Base.SC2Data/GameData/ButtonData.xml	button-with-metadata	no		0	0	0	0
button	HaveZeratulImmortalRange	Zeratul	unit_or_evolution_dynamic	1	CButton	原始mod/Mods/XM/XMFinal.SC2Mod/Base.SC2Data/GameData/ButtonData.xml	button-with-metadata	no		0	0	0	0
button	HavocPermanentCloak	Alarak	unit_or_evolution_dynamic	1	CButton	原始mod/Mods/XM/XMFinal.SC2Mod/Base.SC2Data/GameData/ButtonData.xml	button-with-metadata	no		0	0	0	0
button	HealingPsionicStorm	Artanis	unit_or_evolution_dynamic	2	CButton	原始mod/Mods/XM/XMFinal.SC2Mod/Base.SC2Data/GameData/ButtonData.xml	button-with-metadata	no		0	0	0	0
button	HealMengsk	Mengsk	unit_or_evolution_dynamic	1	CButton	原始mod/Mods/XM/XMFinal.SC2Mod/Base.SC2Data/GameData/ButtonData.xml	button-with-metadata	no		0	0	0	0
button	HellArmor	Swann	unit_or_evolution_dynamic	2	CButton	原始mod/Mods/XM/XMFinal.SC2Mod/Base.SC2Data/GameData/ButtonData.xml	button-with-metadata	no		0	0	0	0
button	HellbatJumpJetAssault	Nova	unit_or_evolution_dynamic	1	CButton	原始mod/Mods/XM/XMFinal.SC2Mod/Base.SC2Data/GameData/ButtonData.xml	button-with-metadata	no		0	0	0	0
button	HHArmyOOCRegen	Horner	unit_or_evolution_dynamic	4	CButton	原始mod/Mods/XM/XMFinal.SC2Mod/Base.SC2Data/GameData/ButtonData.xml	button-with-metadata	no		0	0	0	0
button	HHBattlecruiserShots	Horner	unit_or_evolution_dynamic	1	CButton	原始mod/Mods/XM/XMFinal.SC2Mod/Base.SC2Data/GameData/ButtonData.xml	button-with-metadata	no		0	0	0	0
button	HHHellionAttackDoT	Horner	unit_or_evolution_dynamic	1	CButton	原始mod/Mods/XM/XMFinal.SC2Mod/Base.SC2Data/GameData/ButtonData.xml	button-with-metadata	no		0	0	0	0
button	HHHellionBomb	Horner	unit_or_evolution_dynamic	1	CButton	原始mod/Mods/XM/XMFinal.SC2Mod/Base.SC2Data/GameData/ButtonData.xml	button-with-metadata	no		0	0	0	0
button	HHHellionDeathFear	Horner	unit_or_evolution_dynamic	1	CButton	原始mod/Mods/XM/XMFinal.SC2Mod/Base.SC2Data/GameData/ButtonData.xml	button-with-metadata	no		0	0	0	0
button	HHHellionDeathStim	Horner	unit_or_evolution_dynamic	1	CButton	原始mod/Mods/XM/XMFinal.SC2Mod/Base.SC2Data/GameData/ButtonData.xml	button-with-metadata	no		0	0	0	0
button	HHKD8Charge	Horner	unit_or_evolution_dynamic	1	CButton	原始mod/Mods/XM/XMFinal.SC2Mod/Base.SC2Data/GameData/ButtonData.xml	button-with-metadata	no		0	0	0	0
button	HHMSOAttackSpeed	Horner	unit_or_evolution_dynamic	4	CButton	原始mod/Mods/XM/XMFinal.SC2Mod/Base.SC2Data/GameData/ButtonData.xml	button-with-metadata	no		0	0	0	0
button	HHMSOHealth	Horner	unit_or_evolution_dynamic	4	CButton	原始mod/Mods/XM/XMFinal.SC2Mod/Base.SC2Data/GameData/ButtonData.xml	button-with-metadata	no		0	0	0	0
button	HHNomadTargetLock	Horner	unit_or_evolution_dynamic	1	CButton	原始mod/Mods/XM/XMFinal.SC2Mod/Base.SC2Data/GameData/ButtonData.xml	button-with-metadata	no		0	0	0	0
button	HHReaperClusterBombs	Horner	unit_or_evolution_dynamic	1	CButton	原始mod/Mods/XM/XMFinal.SC2Mod/Base.SC2Data/GameData/ButtonData.xml	button-with-metadata	no		0	0	0	0
button	HHReaperFly	Horner	unit_or_evolution_dynamic	1	CButton	原始mod/Mods/XM/XMFinal.SC2Mod/Base.SC2Data/GameData/ButtonData.xml	button-with-metadata	no		0	0	0	0
button	HHSuperRadar	Horner	unit_or_evolution_dynamic	1	CButton	原始mod/Mods/XM/XMFinal.SC2Mod/Base.SC2Data/GameData/ButtonData.xml	button-with-metadata	no		0	0	0	0
button	HHVikingMorphSpeed	Horner	unit_or_evolution_dynamic	1	CButton	原始mod/Mods/XM/XMFinal.SC2Mod/Base.SC2Data/GameData/ButtonData.xml	button-with-metadata	no		0	0	0	0
button	HHVikingPiercingAttacks	Horner	unit_or_evolution_dynamic	1	CButton	原始mod/Mods/XM/XMFinal.SC2Mod/Base.SC2Data/GameData/ButtonData.xml	button-with-metadata	no		0	0	0	0
button	HHVikingRockets	Horner	unit_or_evolution_dynamic	1	CButton	原始mod/Mods/XM/XMFinal.SC2Mod/Base.SC2Data/GameData/ButtonData.xml	button-with-metadata	no		0	0	0	0
button	HHWidowMineDeathBlossom	Horner	unit_or_evolution_dynamic	1	CButton	原始mod/Mods/XM/XMFinal.SC2Mod/Base.SC2Data/GameData/ButtonData.xml	button-with-metadata	no		0	0	0	0
button	HHWidowMineRangeAttack	Horner	unit_or_evolution_dynamic	1	CButton	原始mod/Mods/XM/XMFinal.SC2Mod/Base.SC2Data/GameData/ButtonData.xml	button-with-metadata	no		0	0	0	0
button	HHWraithFury	Horner	unit_or_evolution_dynamic	1	CButton	原始mod/Mods/XM/XMFinal.SC2Mod/Base.SC2Data/GameData/ButtonData.xml	button-with-metadata	no		0	0	0	0
button	HHWraithPermaCloak	Horner	unit_or_evolution_dynamic	1	CButton	原始mod/Mods/XM/XMFinal.SC2Mod/Base.SC2Data/GameData/ButtonData.xml	button-with-metadata	no		0	0	0	0
button	HHYamatoShots	Horner	unit_or_evolution_dynamic	1	CButton	原始mod/Mods/XM/XMFinal.SC2Mod/Base.SC2Data/GameData/ButtonData.xml	button-with-metadata	no		0	0	0	0
button	HighTemplarEnergyUpgrade	Artanis	unit_or_evolution_dynamic	2	CButton	原始mod/Mods/XM/XMFinal.SC2Mod/Base.SC2Data/GameData/ButtonData.xml	button-with-metadata	no		0	0	0	0
button	HotSRoachDamage	Abathur	unit_or_evolution_dynamic	1	CButton	原始mod/Mods/XM/XMFinal.SC2Mod/Base.SC2Data/GameData/ButtonData.xml	button-with-metadata	no		0	0	0	0
button	HotSRoachShield	Abathur	unit_or_evolution_dynamic	2	CButton	原始mod/Mods/XM/XMFinal.SC2Mod/Base.SC2Data/GameData/ButtonData.xml	manual-button-stub	yes	buttonStub	0	0	0	0
button	HydraliskDenStetmann	Stetmann	unit_or_evolution_dynamic	1	CButton	原始mod/Mods/XM/XMFinal.SC2Mod/Base.SC2Data/GameData/ButtonData.xml	button-with-metadata	no		0	0	0	0
button	HydraliskFrenzy	Kerrigan	unit_or_evolution_dynamic	1	CButton	原始mod/Mods/XM/XMFinal.SC2Mod/Base.SC2Data/GameData/ButtonData.xml	button-with-metadata	no		0	0	0	0
button	HydraliskStetmannMissilePowerOff	Stetmann	unit_or_evolution_dynamic	1	CButton	原始mod/Mods/XM/XMFinal.SC2Mod/Base.SC2Data/GameData/ButtonData.xml	button-with-metadata	no		0	0	0	0
button	HydraliskStetmannMissilePowerOn	Stetmann	unit_or_evolution_dynamic	1	CButton	原始mod/Mods/XM/XMFinal.SC2Mod/Base.SC2Data/GameData/ButtonData.xml	button-with-metadata	no		0	0	0	0
button	HydraliskStetmannMovementSpeedPassive	Stetmann	unit_or_evolution_dynamic	1	CButton	原始mod/Mods/XM/XMFinal.SC2Mod/Base.SC2Data/GameData/ButtonData.xml	button-with-metadata	no		0	0	0	0
button	HydraliskStetmannRangePassive	Stetmann	unit_or_evolution_dynamic	1	CButton	原始mod/Mods/XM/XMFinal.SC2Mod/Base.SC2Data/GameData/ButtonData.xml	button-with-metadata	no		0	0	0	0
button	HydraliskStetmannScrapDrop	Stetmann	unit_or_evolution_dynamic	1	CButton	原始mod/Mods/XM/XMFinal.SC2Mod/Base.SC2Data/GameData/ButtonData.xml	button-with-metadata	no		0	0	0	0
button	Hyperjump	Horner,Raynor	unit_or_evolution_dynamic	2	CButton	原始mod/Mods/XM/XMFinal.SC2Mod/Base.SC2Data/GameData/ButtonData.xml	manual-button-with-metadata	yes	buttonStub	0	0	0	0
button	HyperjumpHercules	Swann	unit_or_evolution_dynamic	1	CButton	原始mod/Mods/XM/XMFinal.SC2Mod/Base.SC2Data/GameData/ButtonData.xml	button-with-metadata	no		0	0	0	0
button	IgniteAfterburners	Horner	unit_or_evolution_dynamic	1	CButton	原始mod/Mods/XM/XMFinal.SC2Mod/Base.SC2Data/GameData/ButtonData.xml	button-with-metadata	no		0	0	0	0
button	IgniteAfterburnersMengsk	Mengsk	unit_or_evolution_dynamic	1	CButton	原始mod/Mods/XM/XMFinal.SC2Mod/Base.SC2Data/GameData/ButtonData.xml	button-with-metadata	no		0	0	0	0
button	ImmortalBarrierBase	Artanis,Karax,Zeratul	unit_or_evolution_dynamic	3	CButton	原始mod/Mods/XM/XMFinal.SC2Mod/Base.SC2Data/GameData/ButtonData.xml	button-minimal	no		0	0	0	0
button	ImmortalOverload	Fenix	unit_or_evolution_dynamic	1	CButton	原始mod/Mods/XM/XMFinal.SC2Mod/Base.SC2Data/GameData/ButtonData.xml	button-with-metadata	no		0	0	0	0
button	ImmortalShakurasShadowCannon	Artanis,Karax	unit_or_evolution_dynamic	2	CButton	原始mod/Mods/XM/XMFinal.SC2Mod/Base.SC2Data/GameData/ButtonData.xml	manual-button-with-metadata	yes	buttonStubWithIcon	0	0	0	0
button	ImpalerBurrowDown	Dehaka	unit_or_evolution_dynamic	1	CButton	原始mod/Mods/XM/XMFinal.SC2Mod/Base.SC2Data/GameData/ButtonData.xml	manual-button-stub	yes	buttonStub	0	0	0	0
button	ImprovedBurstLaser	Stukov,Swann	unit_or_evolution_dynamic	2	CButton	原始mod/Mods/XM/XMFinal.SC2Mod/Base.SC2Data/GameData/ButtonData.xml	button-with-metadata	no		0	0	0	0
button	ImprovedNanoRepair	Swann	unit_or_evolution_dynamic	1	CButton	原始mod/Mods/XM/XMFinal.SC2Mod/Base.SC2Data/GameData/ButtonData.xml	button-with-metadata	no		0	0	0	0
button	InfestationPitStetmann	Stetmann	unit_or_evolution_dynamic	1	CButton	原始mod/Mods/XM/XMFinal.SC2Mod/Base.SC2Data/GameData/ButtonData.xml	button-with-metadata	no		0	0	0	0
button	InfestedSiegeTankArmoredDamage	Stukov	unit_or_evolution_dynamic	1	CButton	原始mod/Mods/XM/XMFinal.SC2Mod/Base.SC2Data/GameData/ButtonData.xml	button-with-metadata	no		0	0	0	0
button	InfestorStetmannEggLaunch	Stetmann	unit_or_evolution_dynamic	1	CButton	原始mod/Mods/XM/XMFinal.SC2Mod/Base.SC2Data/GameData/ButtonData.xml	button-with-metadata	no		0	0	0	0
button	InfestorStetmannHealingTentacle	Stetmann	unit_or_evolution_dynamic	1	CButton	原始mod/Mods/XM/XMFinal.SC2Mod/Base.SC2Data/GameData/ButtonData.xml	button-with-metadata	no		0	0	0	0
button	InfestorStetmannInfestBuilding	Stetmann	unit_or_evolution_dynamic	1	CButton	原始mod/Mods/XM/XMFinal.SC2Mod/Base.SC2Data/GameData/ButtonData.xml	button-with-metadata	no		0	0	0	0
button	InfestorStetmannScrapDrop	Stetmann	unit_or_evolution_dynamic	1	CButton	原始mod/Mods/XM/XMFinal.SC2Mod/Base.SC2Data/GameData/ButtonData.xml	button-with-metadata	no		0	0	0	0
button	InstantHunterSeekerMissile	Nova	unit_or_evolution_dynamic	1	CButton	原始mod/Mods/XM/XMFinal.SC2Mod/Base.SC2Data/GameData/ButtonData.xml	button-with-metadata	no		0	0	0	0
button	Interceptor	Fenix,Karax	unit_or_evolution_dynamic	2	CButton	原始mod/Mods/XM/XMFinal.SC2Mod/Base.SC2Data/GameData/ButtonData.xml	button-with-metadata	no		0	0	0	0
button	JetPack	Horner	unit_or_evolution_dynamic	1	CButton	原始mod/Mods/XM/XMFinal.SC2Mod/Base.SC2Data/GameData/ButtonData.xml	button-with-metadata	no		0	0	0	0
button	K5Cooldowns	Kerrigan	unit_or_evolution_dynamic	1	CButton	原始mod/Mods/XM/XMFinal.SC2Mod/Base.SC2Data/GameData/ButtonData.xml	manual-button-stub	yes	buttonStub	0	0	0	0
button	K5CooldownsLocked	Kerrigan	unit_or_evolution_dynamic	1	CButton	原始mod/Mods/XM/XMFinal.SC2Mod/Base.SC2Data/GameData/ButtonData.xml	button-with-metadata	no		0	0	0	0
button	K5DropPods	Kerrigan	unit_or_evolution_dynamic	1	CButton	原始mod/Mods/XM/XMFinal.SC2Mod/Base.SC2Data/GameData/ButtonData.xml	manual-button-stub	yes	buttonStub	0	0	0	0
button	K5Fury	Kerrigan	unit_or_evolution_dynamic	1	CButton	原始mod/Mods/XM/XMFinal.SC2Mod/Base.SC2Data/GameData/ButtonData.xml	manual-button-stub	yes	buttonStub	0	0	0	0
button	K5HeroicFortitude	Kerrigan	unit_or_evolution_dynamic	1	CButton	原始mod/Mods/XM/XMFinal.SC2Mod/Base.SC2Data/GameData/ButtonData.xml	manual-button-stub	yes	buttonStub	0	0	0	0
button	K5ZerglingRespawn	Kerrigan	unit_or_evolution_dynamic	1	CButton	原始mod/Mods/XM/XMFinal.SC2Mod/Base.SC2Data/GameData/ButtonData.xml	manual-button-stub	yes	buttonStub	0	0	0	0
button	KaraxEnergyRegenUpgrade	Karax	unit_or_evolution_dynamic	1	CButton	原始mod/Mods/XM/XMFinal.SC2Mod/Base.SC2Data/GameData/ButtonData.xml	button-with-metadata	no		0	0	0	0
button	KerriganChainLightning	Kerrigan	unit_or_evolution_dynamic	1	CButton	原始mod/Mods/XM/XMFinal.SC2Mod/Base.SC2Data/GameData/ButtonData.xml	button-with-metadata	no		0	0	0	0
button	KerriganVoidCoopEconDrop	Kerrigan	unit_or_evolution_dynamic	1	CButton	原始mod/Mods/XM/XMFinal.SC2Mod/Base.SC2Data/GameData/ButtonData.xml	button-with-metadata	no		0	0	0	0
button	LaserTargetingSystemMarine	Nova	unit_or_evolution_dynamic	1	CButton	原始mod/Mods/XM/XMFinal.SC2Mod/Base.SC2Data/GameData/ButtonData.xml	manual-button-stub	yes	buttonStub	0	0	0	0
button	LearnDehakaConsume	Dehaka	unit_or_evolution_dynamic	1	CButton	原始mod/Mods/XM/XMFinal.SC2Mod/Base.SC2Data/GameData/ButtonData.xml	button-with-metadata	no		0	0	0	0
button	LearnDehakaIntimidatingRoar	Dehaka	unit_or_evolution_dynamic	1	CButton	原始mod/Mods/XM/XMFinal.SC2Mod/Base.SC2Data/GameData/ButtonData.xml	button-with-metadata	no		0	0	0	0
button	LearnDehakaLeapStomp	Dehaka	unit_or_evolution_dynamic	1	CButton	原始mod/Mods/XM/XMFinal.SC2Mod/Base.SC2Data/GameData/ButtonData.xml	button-with-metadata	no		0	0	0	0
button	LearnDehakaMammothBreath	Dehaka	unit_or_evolution_dynamic	1	CButton	原始mod/Mods/XM/XMFinal.SC2Mod/Base.SC2Data/GameData/ButtonData.xml	button-with-metadata	no		0	0	0	0
button	Liberator_BlackOpsMorphtoAG	Nova	unit_or_evolution_dynamic	1	CButton	原始mod/Mods/XM/XMFinal.SC2Mod/Base.SC2Data/GameData/ButtonData.xml	button-with-metadata	no		0	0	0	0
button	LiberatorAGMode	Horner	unit_or_evolution_dynamic	1	CButton	原始mod/Mods/XM/XMFinal.SC2Mod/Base.SC2Data/GameData/ButtonData.xml	button-with-metadata	no		0	0	0	0
button	LiberatorAGRangeUpgrade	Horner	unit_or_evolution_dynamic	1	CButton	原始mod/Mods/XM/XMFinal.SC2Mod/Base.SC2Data/GameData/ButtonData.xml	button-with-metadata	no		0	0	0	0
button	LiberatorStructureAttack	Nova	unit_or_evolution_dynamic	1	CButton	原始mod/Mods/XM/XMFinal.SC2Mod/Base.SC2Data/GameData/ButtonData.xml	button-with-metadata	no		0	0	0	0
button	LockOn	Swann	unit_or_evolution_dynamic	1	CButton	原始mod/Mods/XM/XMFinal.SC2Mod/Base.SC2Data/GameData/ButtonData.xml	button-with-metadata	no		0	0	0	0
button	LockOnCancel	Swann	unit_or_evolution_dynamic	1	CButton	原始mod/Mods/XM/XMFinal.SC2Mod/Base.SC2Data/GameData/ButtonData.xml	button-with-metadata	no		0	0	0	0
button	LockOnRangeUpgrade	Swann	unit_or_evolution_dynamic	1	CButton	原始mod/Mods/XM/XMFinal.SC2Mod/Base.SC2Data/GameData/ButtonData.xml	button-with-metadata	no		0	0	0	0
button	LocustLaunch	Abathur	unit_or_evolution_dynamic	1	CButton	原始mod/Mods/XM/XMFinal.SC2Mod/Base.SC2Data/GameData/ButtonData.xml	button-minimal	no		0	0	0	0
button	LurkerBurrowDown	Stetmann	unit_or_evolution_dynamic	1	CButton	原始mod/Mods/XM/XMFinal.SC2Mod/Base.SC2Data/GameData/ButtonData.xml	manual-button-with-metadata	yes	buttonStubWithIcon	0	0	0	0
button	LurkerBurrowUp	Stetmann	unit_or_evolution_dynamic	1	CButton	原始mod/Mods/XM/XMFinal.SC2Mod/Base.SC2Data/GameData/ButtonData.xml	button-with-metadata	no		0	0	0	0
button	LurkerCancelHoldFire	Stetmann	unit_or_evolution_dynamic	1	CButton	原始mod/Mods/XM/XMFinal.SC2Mod/Base.SC2Data/GameData/ButtonData.xml	button-with-metadata	no		0	0	0	0
button	LurkerHoldFire	Stetmann	unit_or_evolution_dynamic	1	CButton	原始mod/Mods/XM/XMFinal.SC2Mod/Base.SC2Data/GameData/ButtonData.xml	button-with-metadata	no		0	0	0	0
button	LurkerStetmann	Stetmann	unit_or_evolution_dynamic	1	CButton	原始mod/Mods/XM/XMFinal.SC2Mod/Base.SC2Data/GameData/ButtonData.xml	button-with-metadata	no		0	0	0	0
button	LurkerStetmannChannelingSpines	Stetmann	unit_or_evolution_dynamic	2	CButton	原始mod/Mods/XM/XMFinal.SC2Mod/Base.SC2Data/GameData/ButtonData.xml	button-with-metadata	no		0	0	0	0
button	LurkerStetmannScrapDrop	Stetmann	unit_or_evolution_dynamic	2	CButton	原始mod/Mods/XM/XMFinal.SC2Mod/Base.SC2Data/GameData/ButtonData.xml	button-with-metadata	no		0	0	0	0
button	LurkerStetmannTunnelingBurst	Stetmann	unit_or_evolution_dynamic	2	CButton	原始mod/Mods/XM/XMFinal.SC2Mod/Base.SC2Data/GameData/ButtonData.xml	button-with-metadata	no		0	0	0	0
button	MaelstromRounds	Raynor,Swann	unit_or_evolution_dynamic	2	CButton	原始mod/Mods/XM/XMFinal.SC2Mod/Base.SC2Data/GameData/ButtonData.xml	button-with-metadata	no		0	0	0	0
button	MAFServosLiberator	Nova	unit_or_evolution_dynamic	1	CButton	原始mod/Mods/XM/XMFinal.SC2Mod/Base.SC2Data/GameData/ButtonData.xml	button-with-metadata	no		0	0	0	0
button	MagrailMunitionsNova	Nova	unit_or_evolution_dynamic	1			external-xm-dependency-node	no		0	1	0	1
button	MammothBreath	Dehaka	unit_or_evolution_dynamic	1	CButton	原始mod/Mods/XM/XMFinal.SC2Mod/Base.SC2Data/GameData/ButtonData.xml	button-with-metadata	no		0	0	0	0
button	MarauderMengskAttackSpeedBoost	Mengsk	unit_or_evolution_dynamic	1	CButton	原始mod/Mods/XM/XMFinal.SC2Mod/Base.SC2Data/GameData/ButtonData.xml	button-with-metadata	no		0	0	0	0
button	MarauderMengskImperialMandateGeneration	Mengsk	unit_or_evolution_dynamic	1	CButton	原始mod/Mods/XM/XMFinal.SC2Mod/Base.SC2Data/GameData/ButtonData.xml	button-with-metadata	no		0	0	0	0
button	MarauderMengskShield	Mengsk	unit_or_evolution_dynamic	1	CButton	原始mod/Mods/XM/XMFinal.SC2Mod/Base.SC2Data/GameData/ButtonData.xml	button-with-metadata	no		0	0	0	0
button	MarauderMengskSlow	Mengsk	unit_or_evolution_dynamic	1	CButton	原始mod/Mods/XM/XMFinal.SC2Mod/Base.SC2Data/GameData/ButtonData.xml	button-with-metadata	no		0	0	0	0
button	MarauderMengskVeterancy	Mengsk	unit_or_evolution_dynamic	1	CButton	原始mod/Mods/XM/XMFinal.SC2Mod/Base.SC2Data/GameData/ButtonData.xml	button-minimal	no		0	0	0	0
button	MarineSuperStimpack	Nova	unit_or_evolution_dynamic	1	CButton	原始mod/Mods/XM/XMFinal.SC2Mod/Base.SC2Data/GameData/ButtonData.xml	button-with-metadata	no		0	0	0	0
button	MedicHealPlusMech	Raynor	unit_or_evolution_dynamic	1	CButton	原始mod/Mods/XM/XMFinal.SC2Mod/Base.SC2Data/GameData/ButtonData.xml	button-with-metadata	no		0	0	0	0
button	MedivacLoad	Mengsk	unit_or_evolution_dynamic	1	CButton	原始mod/Mods/XM/XMFinal.SC2Mod/Base.SC2Data/GameData/ButtonData.xml	button-with-metadata	no		0	0	0	0
button	MedivacMengskDoubleHealBeam	Mengsk	unit_or_evolution_dynamic	1	CButton	原始mod/Mods/XM/XMFinal.SC2Mod/Base.SC2Data/GameData/ButtonData.xml	button-with-metadata	no		0	0	0	0
button	MedivacMengskPermanentCloak	Mengsk	unit_or_evolution_dynamic	1	CButton	原始mod/Mods/XM/XMFinal.SC2Mod/Base.SC2Data/GameData/ButtonData.xml	button-with-metadata	no		0	0	0	0
button	MedivacMengskSiegeTankAirlift	Mengsk	unit_or_evolution_dynamic	1	CButton	原始mod/Mods/XM/XMFinal.SC2Mod/Base.SC2Data/GameData/ButtonData.xml	button-with-metadata	no		0	0	0	0
button	MedivacUnloadAll	Mengsk	unit_or_evolution_dynamic	1	CButton	原始mod/Mods/XM/XMFinal.SC2Mod/Base.SC2Data/GameData/ButtonData.xml	button-with-metadata	no		0	0	0	0
button	MedusasBladesLocked	Zagara	unit_or_evolution_dynamic	1	CButton	原始mod/Mods/XM/XMFinal.SC2Mod/Base.SC2Data/GameData/ButtonData.xml	button-with-metadata	no		0	0	0	0
button	MindBolt	Kerrigan	unit_or_evolution_dynamic	1	CButton	原始mod/Mods/XM/XMFinal.SC2Mod/Base.SC2Data/GameData/ButtonData.xml	button-minimal	no		0	0	0	0
button	MissileTurretMengsk	Mengsk	unit_or_evolution_dynamic	5	CButton	原始mod/Mods/XM/XMFinal.SC2Mod/Base.SC2Data/GameData/ButtonData.xml	button-with-metadata	no		0	0	0	0
button	MorphtoDevourer	Abathur	unit_or_evolution_dynamic	1	CButton	原始mod/Mods/XM/XMFinal.SC2Mod/Base.SC2Data/GameData/ButtonData.xml	button-with-metadata	no		0	0	0	0
button	MorphToHellion	Swann	unit_or_evolution_dynamic	1	CButton	原始mod/Mods/XM/XMFinal.SC2Mod/Base.SC2Data/GameData/ButtonData.xml	button-with-metadata	no		0	0	0	0
button	MorphToHellionBlackOps	Nova	unit_or_evolution_dynamic	1	CButton	原始mod/Mods/XM/XMFinal.SC2Mod/Base.SC2Data/GameData/ButtonData.xml	button-with-metadata	no		0	0	0	0
button	MorphToHellionTank	Horner,Swann	unit_or_evolution_dynamic	2	CButton	原始mod/Mods/XM/XMFinal.SC2Mod/Base.SC2Data/GameData/ButtonData.xml	button-with-metadata	no		0	0	0	0
button	MorphToHHHellion	Horner	unit_or_evolution_dynamic	1	CButton	原始mod/Mods/XM/XMFinal.SC2Mod/Base.SC2Data/GameData/ButtonData.xml	button-with-metadata	no		0	0	0	0
button	MorphtoHHRavenSiege	Horner	unit_or_evolution_dynamic	1	CButton	原始mod/Mods/XM/XMFinal.SC2Mod/Base.SC2Data/GameData/ButtonData.xml	button-with-metadata	no		0	0	0	0
button	MorphtoObserverSiege	Artanis,Fenix,Karax,Zeratul	unit_or_evolution_dynamic	4	CButton	原始mod/Mods/XM/XMFinal.SC2Mod/Base.SC2Data/GameData/ButtonData.xml	button-with-metadata	no		0	0	0	0
button	MorphtoOverseerNormalStetmann	Stetmann	unit_or_evolution_dynamic	1	CButton	原始mod/Mods/XM/XMFinal.SC2Mod/Base.SC2Data/GameData/ButtonData.xml	button-with-metadata	no		0	0	0	0
button	MorphtoOverseerSiegeStetmann	Stetmann	unit_or_evolution_dynamic	1	CButton	原始mod/Mods/XM/XMFinal.SC2Mod/Base.SC2Data/GameData/ButtonData.xml	button-with-metadata	no		0	0	0	0
button	MorphtoRavenMengsk	Mengsk	unit_or_evolution_dynamic	1	CButton	原始mod/Mods/XM/XMFinal.SC2Mod/Base.SC2Data/GameData/ButtonData.xml	button-with-metadata	no		0	0	0	0
button	MorphtoRavenMengskSieged	Mengsk	unit_or_evolution_dynamic	1	CButton	原始mod/Mods/XM/XMFinal.SC2Mod/Base.SC2Data/GameData/ButtonData.xml	button-with-metadata	no		0	0	0	0
button	MorphToSuperGaryStetmann	Stetmann	unit_or_evolution_dynamic	1	CButton	原始mod/Mods/XM/XMFinal.SC2Mod/Base.SC2Data/GameData/ButtonData.xml	button-with-metadata	no		0	0	0	0
button	MorphtoZeratulObserverSiege	Zeratul	unit_or_evolution_dynamic	1	CButton	原始mod/Mods/XM/XMFinal.SC2Mod/Base.SC2Data/GameData/ButtonData.xml	button-with-metadata	no		0	0	0	0
button	MurvarPukeCoop	Dehaka	unit_or_evolution_dynamic	1	CButton	原始mod/Mods/XM/XMFinal.SC2Mod/Base.SC2Data/GameData/ButtonData.xml	button-with-metadata	no		0	0	0	0
button	MuscularAugmentsCoop	Kerrigan	unit_or_evolution_dynamic	1	CButton	原始mod/Mods/XM/XMFinal.SC2Mod/Base.SC2Data/GameData/ButtonData.xml	button-with-metadata	no		0	0	0	0
button	NanoRepair	Swann	unit_or_evolution_dynamic	1	CButton	原始mod/Mods/XM/XMFinal.SC2Mod/Base.SC2Data/GameData/ButtonData.xml	button-with-metadata	no		0	0	0	0
button	NovaUnitLockdown	Nova	unit_or_evolution_dynamic	1	CButton	原始mod/Mods/XM/XMFinal.SC2Mod/Base.SC2Data/GameData/ButtonData.xml	button-with-metadata	no		0	0	0	0
button	NukeCalldown	Nova	unit_or_evolution_dynamic	1	CButton	原始mod/Mods/XM/XMFinal.SC2Mod/Base.SC2Data/GameData/ButtonData.xml	manual-button-with-metadata	yes	buttonStub	0	0	0	0
button	NukeCalldownMengsk	Mengsk	unit_or_evolution_dynamic	1	CButton	原始mod/Mods/XM/XMFinal.SC2Mod/Base.SC2Data/GameData/ButtonData.xml	button-with-metadata	no		0	0	0	0
button	OracleBuildStasisTrap	Vorazun	unit_or_evolution_dynamic	1	CButton	原始mod/Mods/XM/XMFinal.SC2Mod/Base.SC2Data/GameData/ButtonData.xml	button-minimal	no		0	0	0	0
button	OracleRevelation	Vorazun	unit_or_evolution_dynamic	1	CButton	原始mod/Mods/XM/XMFinal.SC2Mod/Base.SC2Data/GameData/ButtonData.xml	button-with-metadata	no		0	0	0	0
button	OracleWeaponOn	Vorazun	unit_or_evolution_dynamic	1	CButton	原始mod/Mods/XM/XMFinal.SC2Mod/Base.SC2Data/GameData/ButtonData.xml	button-with-metadata	no		0	0	0	0
button	OverlordStetmannSpeed	Stetmann	unit_or_evolution_dynamic	1	CButton	原始mod/Mods/XM/XMFinal.SC2Mod/Base.SC2Data/GameData/ButtonData.xml	button-with-metadata	no		0	0	0	0
button	ParasiticBomb	Abathur	unit_or_evolution_dynamic	1	CButton	原始mod/Mods/XM/XMFinal.SC2Mod/Base.SC2Data/GameData/ButtonData.xml	button-with-metadata	no		0	0	0	0
button	PassiveInfernalPreIgniter	Nova,Swann	unit_or_evolution_dynamic	3	CButton	原始mod/Mods/XM/XMFinal.SC2Mod/Base.SC2Data/GameData/ButtonData.xml	button-with-metadata	no		0	0	0	0
button	PermanentlyCloakedCorsair	Vorazun	unit_or_evolution_dynamic	1	CButton	原始mod/Mods/XM/XMFinal.SC2Mod/Base.SC2Data/GameData/ButtonData.xml	button-with-metadata	no		0	0	0	0
button	PermanentlyCloakedGhost	Nova	unit_or_evolution_dynamic	1	CButton	原始mod/Mods/XM/XMFinal.SC2Mod/Base.SC2Data/GameData/ButtonData.xml	manual-button-stub	yes	buttonStub	0	0	0	0
button	PermanentlyCloakedOracle	Vorazun	unit_or_evolution_dynamic	1	CButton	原始mod/Mods/XM/XMFinal.SC2Mod/Base.SC2Data/GameData/ButtonData.xml	button-with-metadata	no		0	0	0	0
button	PermanentlyCloakedZeratulObserver	Zeratul	unit_or_evolution_dynamic	1	CButton	原始mod/Mods/XM/XMFinal.SC2Mod/Base.SC2Data/GameData/ButtonData.xml	button-with-metadata	no		0	0	0	0
button	PHSupplicantShieldArmor	Alarak	unit_or_evolution_dynamic	1	CButton	原始mod/Mods/XM/XMFinal.SC2Mod/Base.SC2Data/GameData/ButtonData.xml	button-with-metadata	no		0	0	0	0
button	PowerFieldSuperGaryStetmannEnergy	Stetmann	unit_or_evolution_dynamic	1	CButton	原始mod/Mods/XM/XMFinal.SC2Mod/Base.SC2Data/GameData/ButtonData.xml	button-with-metadata	no		0	0	0	0
button	PowerTowerOverchargeStetmannEnergy	Stetmann	unit_or_evolution_dynamic	2	CButton	原始mod/Mods/XM/XMFinal.SC2Mod/Base.SC2Data/GameData/ButtonData.xml	button-with-metadata	no		0	0	0	0
button	PredictiveBlinkPassive	Zeratul	unit_or_evolution_dynamic	1	CButton	原始mod/Mods/XM/XMFinal.SC2Mod/Base.SC2Data/GameData/ButtonData.xml	button-with-metadata	no		0	0	0	0
button	PrimalCombatPrimalCreeperHostLocked	Dehaka	unit_or_evolution_dynamic	1	CButton	原始mod/Mods/XM/XMFinal.SC2Mod/Base.SC2Data/GameData/ButtonData.xml	button-with-metadata	no		0	0	0	0
button	PrimalCombatPrimalGuardianLocked	Dehaka	unit_or_evolution_dynamic	1	CButton	原始mod/Mods/XM/XMFinal.SC2Mod/Base.SC2Data/GameData/ButtonData.xml	button-with-metadata	no		0	0	0	0
button	PrimalCombatPrimalIgniterLocked	Dehaka	unit_or_evolution_dynamic	1	CButton	原始mod/Mods/XM/XMFinal.SC2Mod/Base.SC2Data/GameData/ButtonData.xml	button-with-metadata	no		0	0	0	0
button	PrimalCombatPrimalImpalerLocked	Dehaka	unit_or_evolution_dynamic	1	CButton	原始mod/Mods/XM/XMFinal.SC2Mod/Base.SC2Data/GameData/ButtonData.xml	button-with-metadata	no		0	0	0	0
button	PrimalCombatPrimalMutaliskLocked	Dehaka	unit_or_evolution_dynamic	1	CButton	原始mod/Mods/XM/XMFinal.SC2Mod/Base.SC2Data/GameData/ButtonData.xml	button-with-metadata	no		0	0	0	0
button	PrimalCombatRavasaurLocked	Dehaka	unit_or_evolution_dynamic	1	CButton	原始mod/Mods/XM/XMFinal.SC2Mod/Base.SC2Data/GameData/ButtonData.xml	button-with-metadata	no		0	0	0	0
button	PrimalCombatTyrannozorLocked	Dehaka	unit_or_evolution_dynamic	1	CButton	原始mod/Mods/XM/XMFinal.SC2Mod/Base.SC2Data/GameData/ButtonData.xml	button-with-metadata	no		0	0	0	0
button	PrimalHeal	Kerrigan	unit_or_evolution_dynamic	1	CButton	原始mod/Mods/XM/XMFinal.SC2Mod/Base.SC2Data/GameData/ButtonData.xml	manual-button-stub	yes	buttonStub	0	0	0	0
button	PrimalSlash	Kerrigan	unit_or_evolution_dynamic	1	CButton	原始mod/Mods/XM/XMFinal.SC2Mod/Base.SC2Data/GameData/ButtonData.xml	button-minimal	no		0	0	0	0
button	PropagandaBlastMengsk	Mengsk	unit_or_evolution_dynamic	1	CButton	原始mod/Mods/XM/XMFinal.SC2Mod/Base.SC2Data/GameData/ButtonData.xml	button-with-metadata	no		0	0	0	0
button	PsionicLift	Kerrigan	unit_or_evolution_dynamic	1	CButton	原始mod/Mods/XM/XMFinal.SC2Mod/Base.SC2Data/GameData/ButtonData.xml	button-minimal	no		0	0	0	0
button	PsionicStormLocked	Artanis	unit_or_evolution_dynamic	1	CButton	原始mod/Mods/XM/XMFinal.SC2Mod/Base.SC2Data/GameData/ButtonData.xml	button-with-metadata	no		0	0	0	0
button	PsiStorm	Artanis	unit_or_evolution_dynamic	1	CButton	原始mod/Mods/XM/XMFinal.SC2Mod/Base.SC2Data/GameData/ButtonData.xml	button-minimal	no		0	0	0	0
button	PsiStrike	Kerrigan	unit_or_evolution_dynamic	1	CButton	原始mod/Mods/XM/XMFinal.SC2Mod/Base.SC2Data/GameData/ButtonData.xml	button-minimal	no		0	0	0	0
button	RapidDeploymentHercules	Swann	unit_or_evolution_dynamic	1	CButton	原始mod/Mods/XM/XMFinal.SC2Mod/Base.SC2Data/GameData/ButtonData.xml	button-with-metadata	no		0	0	0	0
button	RapidRegeneration	Dehaka	unit_or_evolution_dynamic	2	CButton	原始mod/Mods/XM/XMFinal.SC2Mod/Base.SC2Data/GameData/ButtonData.xml	manual-button-with-metadata	yes	buttonStub	0	0	0	0
button	Ravager	Abathur	unit_or_evolution_dynamic	3	CButton	原始mod/Mods/XM/XMFinal.SC2Mod/Base.SC2Data/GameData/ButtonData.xml	button-with-metadata	no		0	0	0	0
button	RavagerAbathurCorrosiveBile	Abathur	unit_or_evolution_dynamic	1	CButton	原始mod/Mods/XM/XMFinal.SC2Mod/Base.SC2Data/GameData/ButtonData.xml	button-with-metadata	no		0	0	0	0
button	RavagerStetmann	Stetmann	unit_or_evolution_dynamic	1	CButton	原始mod/Mods/XM/XMFinal.SC2Mod/Base.SC2Data/GameData/ButtonData.xml	manual-button-stub	yes	buttonStub	0	0	0	0
button	RavagerStetmannCorrosiveBile	Stetmann	unit_or_evolution_dynamic	1	CButton	原始mod/Mods/XM/XMFinal.SC2Mod/Base.SC2Data/GameData/ButtonData.xml	button-with-metadata	no		0	0	0	0
button	RavenBioMechanicalRepairDroneCloakedHealBeam	Nova	unit_or_evolution_dynamic	1	CButton	原始mod/Mods/XM/XMFinal.SC2Mod/Base.SC2Data/GameData/ButtonData.xml	button-with-metadata	no		0	0	0	0
button	ReclamationLocked	Karax	unit_or_evolution_dynamic	1	CButton	原始mod/Mods/XM/XMFinal.SC2Mod/Base.SC2Data/GameData/ButtonData.xml	button-with-metadata	no		0	0	0	0
button	ReconstructionLocked	Fenix,Karax	unit_or_evolution_dynamic	2	CButton	原始mod/Mods/XM/XMFinal.SC2Mod/Base.SC2Data/GameData/ButtonData.xml	button-with-metadata	no		0	0	0	0
button	RefineryMengsk	Mengsk	unit_or_evolution_dynamic	1	CButton	原始mod/Mods/XM/XMFinal.SC2Mod/Base.SC2Data/GameData/ButtonData.xml	button-with-metadata	no		0	0	0	0
button	ResearchAlarakHighTemplarPsionicOrbTravelDistancePassive	Alarak	unit_or_evolution_dynamic	1	CButton	原始mod/Mods/XM/XMFinal.SC2Mod/Base.SC2Data/GameData/ButtonData.xml	button-with-metadata	no		0	0	0	0
button	ResearchHighCapacityBarrels	Swann	unit_or_evolution_dynamic	2	CButton	原始mod/Mods/XM/XMFinal.SC2Mod/Base.SC2Data/GameData/ButtonData.xml	button-with-metadata	no		0	0	0	0
button	RoachStetmannRapidRegeneration	Stetmann	unit_or_evolution_dynamic	1	CButton	原始mod/Mods/XM/XMFinal.SC2Mod/Base.SC2Data/GameData/ButtonData.xml	button-with-metadata	no		0	0	0	0
button	ScourgeSplashDamagePassive	Zagara	unit_or_evolution_dynamic	1	CButton	原始mod/Mods/XM/XMFinal.SC2Mod/Base.SC2Data/GameData/ButtonData.xml	button-with-metadata	no		0	0	0	0
button	SCVMengskAdvancedConstruction	Mengsk	unit_or_evolution_dynamic	5	CButton	原始mod/Mods/XM/XMFinal.SC2Mod/Base.SC2Data/GameData/ButtonData.xml	button-with-metadata	no		0	0	0	0
button	SCVMengskEnlist	Mengsk	unit_or_evolution_dynamic	4	CButton	原始mod/Mods/XM/XMFinal.SC2Mod/Base.SC2Data/GameData/ButtonData.xml	button-with-metadata	no		0	0	0	0
button	SeveringGlave	Kerrigan	unit_or_evolution_dynamic	1	CButton	原始mod/Mods/XM/XMFinal.SC2Mod/Base.SC2Data/GameData/ButtonData.xml	button-with-metadata	no		0	0	0	0
button	ShadowCannonLocked	Artanis,Karax	unit_or_evolution_dynamic	2	CButton	原始mod/Mods/XM/XMFinal.SC2Mod/Base.SC2Data/GameData/ButtonData.xml	button-with-metadata	no		0	0	0	0
button	ShadowDashLocked	Vorazun	unit_or_evolution_dynamic	1	CButton	原始mod/Mods/XM/XMFinal.SC2Mod/Base.SC2Data/GameData/ButtonData.xml	button-with-metadata	no		0	0	0	0
button	SiegeMode	Raynor,Swann	unit_or_evolution_dynamic	2	CButton	原始mod/Mods/XM/XMFinal.SC2Mod/Base.SC2Data/GameData/ButtonData.xml	manual-button-with-metadata	yes	buttonStub	0	0	0	0
button	SiegeModeMengsk	Mengsk	unit_or_evolution_dynamic	1	CButton	原始mod/Mods/XM/XMFinal.SC2Mod/Base.SC2Data/GameData/ButtonData.xml	button-with-metadata	no		0	0	0	0
button	SiegeTank_BlackOpsSiege	Nova	unit_or_evolution_dynamic	1	CButton	原始mod/Mods/XM/XMFinal.SC2Mod/Base.SC2Data/GameData/ButtonData.xml	button-with-metadata	no		0	0	0	0
button	SiegeTankMengskAirlift	Mengsk	unit_or_evolution_dynamic	2	CButton	原始mod/Mods/XM/XMFinal.SC2Mod/Base.SC2Data/GameData/ButtonData.xml	button-with-metadata	no		0	0	0	0
button	SiegeTankMengskImperialMandateGeneration	Mengsk	unit_or_evolution_dynamic	2	CButton	原始mod/Mods/XM/XMFinal.SC2Mod/Base.SC2Data/GameData/ButtonData.xml	button-with-metadata	no		0	0	0	0
button	SiegeTankMengskStun	Mengsk	unit_or_evolution_dynamic	2	CButton	原始mod/Mods/XM/XMFinal.SC2Mod/Base.SC2Data/GameData/ButtonData.xml	button-with-metadata	no		0	0	0	0
button	SiegeTankMengskVeterancy	Mengsk	unit_or_evolution_dynamic	2	CButton	原始mod/Mods/XM/XMFinal.SC2Mod/Base.SC2Data/GameData/ButtonData.xml	button-minimal	no		0	0	0	0
button	SIMarineTrooperImprovedRange	Stukov	unit_or_evolution_dynamic	1	CButton	原始mod/Mods/XM/XMFinal.SC2Mod/Base.SC2Data/GameData/ButtonData.xml	button-with-metadata	no		0	0	0	0
button	SingularityAnchor	Stukov	unit_or_evolution_dynamic	1	CButton	原始mod/Mods/XM/XMFinal.SC2Mod/Base.SC2Data/GameData/ButtonData.xml	manual-button-stub	yes	buttonStub	0	0	0	0
button	SIPlaguedMunitions	Stukov	unit_or_evolution_dynamic	1	CButton	原始mod/Mods/XM/XMFinal.SC2Mod/Base.SC2Data/GameData/ButtonData.xml	button-with-metadata	no		0	0	0	0
button	SlicingGlave	Dehaka	unit_or_evolution_dynamic	1	CButton	原始mod/Mods/XM/XMFinal.SC2Mod/Base.SC2Data/GameData/ButtonData.xml	button-with-metadata	no		0	0	0	0
button	Snipe_BlackOps	Nova	unit_or_evolution_dynamic	1	CButton	原始mod/Mods/XM/XMFinal.SC2Mod/Base.SC2Data/GameData/ButtonData.xml	button-with-metadata	no		0	0	0	0
button	SpawnBanelings	Kerrigan	unit_or_evolution_dynamic	1	CButton	原始mod/Mods/XM/XMFinal.SC2Mod/Base.SC2Data/GameData/ButtonData.xml	manual-button-stub	yes	buttonStub	0	0	0	0
button	SpawningPoolStetmann	Stetmann	unit_or_evolution_dynamic	1	CButton	原始mod/Mods/XM/XMFinal.SC2Mod/Base.SC2Data/GameData/ButtonData.xml	button-with-metadata	no		0	0	0	0
button	SpineCrawlerStetmann	Stetmann	unit_or_evolution_dynamic	1	CButton	原始mod/Mods/XM/XMFinal.SC2Mod/Base.SC2Data/GameData/ButtonData.xml	button-with-metadata	no		0	0	0	0
button	SpireStetmann	Stetmann	unit_or_evolution_dynamic	1	CButton	原始mod/Mods/XM/XMFinal.SC2Mod/Base.SC2Data/GameData/ButtonData.xml	button-with-metadata	no		0	0	0	0
button	SporeCrawlerStetmann	Stetmann	unit_or_evolution_dynamic	1	CButton	原始mod/Mods/XM/XMFinal.SC2Mod/Base.SC2Data/GameData/ButtonData.xml	button-with-metadata	no		0	0	0	0
button	StarportMengsk	Mengsk	unit_or_evolution_dynamic	1	CButton	原始mod/Mods/XM/XMFinal.SC2Mod/Base.SC2Data/GameData/ButtonData.xml	button-with-metadata	no		0	0	0	0
button	Stim	Raynor	unit_or_evolution_dynamic	1	CButton	原始mod/Mods/XM/XMFinal.SC2Mod/Base.SC2Data/GameData/ButtonData.xml	button-minimal	no		0	0	0	0
button	StimMarauder	Raynor,Tychus	unit_or_evolution_dynamic	3	CButton	原始mod/Mods/XM/XMFinal.SC2Mod/Base.SC2Data/GameData/ButtonData.xml	button-minimal	no		0	0	0	0
button	StukovInfestedCivilianSpawnBroodlingsOnDeath	Stukov	unit_or_evolution_dynamic	1	CButton	原始mod/Mods/XM/XMFinal.SC2Mod/Base.SC2Data/GameData/ButtonData.xml	button-with-metadata	no		0	0	0	0
button	StukovInfestedInfestedCivilianLeap	Stukov	unit_or_evolution_dynamic	1	CButton	原始mod/Mods/XM/XMFinal.SC2Mod/Base.SC2Data/GameData/ButtonData.xml	button-with-metadata	no		0	0	0	0
button	StukovInfestedSiegeTankAmmo	Stukov	unit_or_evolution_dynamic	1	CButton	原始mod/Mods/XM/XMFinal.SC2Mod/Base.SC2Data/GameData/ButtonData.xml	button-with-metadata	no		0	0	0	0
button	StukovInfestedSiegeTankDeepTunnel	Stukov	unit_or_evolution_dynamic	1	CButton	原始mod/Mods/XM/XMFinal.SC2Mod/Base.SC2Data/GameData/ButtonData.xml	button-with-metadata	no		0	0	0	0
button	StukovInfestedSiegeTankUproot	Stukov	unit_or_evolution_dynamic	1	CButton	原始mod/Mods/XM/XMFinal.SC2Mod/Base.SC2Data/GameData/ButtonData.xml	button-with-metadata	no		0	0	0	0
button	StukovInfestedWildMutation	Abathur	unit_or_evolution_dynamic	1	CButton	原始mod/Mods/XM/XMFinal.SC2Mod/Base.SC2Data/GameData/ButtonData.xml	button-with-metadata	no		0	0	0	0
button	SuperConcussiveShells	Nova	unit_or_evolution_dynamic	1	CButton	原始mod/Mods/XM/XMFinal.SC2Mod/Base.SC2Data/GameData/ButtonData.xml	button-with-metadata	no		0	0	0	0
button	SuperScience	Nova	unit_or_evolution_dynamic	1	CButton	原始mod/Mods/XM/XMFinal.SC2Mod/Base.SC2Data/GameData/ButtonData.xml	button-with-metadata	no		0	0	0	0
button	SupplicantSacrificeCDRLocked	Alarak	unit_or_evolution_dynamic	1	CButton	原始mod/Mods/XM/XMFinal.SC2Mod/Base.SC2Data/GameData/ButtonData.xml	button-with-metadata	no		0	0	0	0
button	SwannBarracks	Swann	unit_or_evolution_dynamic	1	CButton	原始mod/Mods/XM/XMFinal.SC2Mod/Base.SC2Data/GameData/ButtonData.xml	button-with-metadata	no		0	0	0	0
button	SwarmHostBurrowDown	Dehaka	unit_or_evolution_dynamic	2	CButton	原始mod/Mods/XM/XMFinal.SC2Mod/Base.SC2Data/GameData/ButtonData.xml	manual-button-with-metadata	yes	buttonStub	0	0	0	0
button	SwarmHostRootBurrow	Abathur	unit_or_evolution_dynamic	1	CButton	原始mod/Mods/XM/XMFinal.SC2Mod/Base.SC2Data/GameData/ButtonData.xml	manual-button-with-metadata	yes	buttonStubWithIcon	0	0	0	0
button	SwarmSeeds	Kerrigan	unit_or_evolution_dynamic	1	CButton	原始mod/Mods/XM/XMFinal.SC2Mod/Base.SC2Data/GameData/ButtonData.xml	button-with-metadata	no		0	0	0	0
button	SymbioteCarapace	Abathur	unit_or_evolution_dynamic	1	CButton	原始mod/Mods/XM/XMFinal.SC2Mod/Base.SC2Data/GameData/ButtonData.xml	button-with-metadata	no		0	0	0	0
button	TaldarimWarpConduit	Alarak	unit_or_evolution_dynamic	1	CButton	原始mod/Mods/XM/XMFinal.SC2Mod/Base.SC2Data/GameData/ButtonData.xml	button-with-metadata	no		0	0	0	0
button	TerranBuildAdvanced	Mengsk	unit_or_evolution_dynamic	1	CButton	原始mod/Mods/XM/XMFinal.SC2Mod/Base.SC2Data/GameData/ButtonData.xml	button-minimal	no		0	0	0	0
button	ThorMengskArmorAura	Mengsk	unit_or_evolution_dynamic	1	CButton	原始mod/Mods/XM/XMFinal.SC2Mod/Base.SC2Data/GameData/ButtonData.xml	button-with-metadata	no		0	0	0	0
button	ThorMengskImperialMandateGeneration	Mengsk	unit_or_evolution_dynamic	1	CButton	原始mod/Mods/XM/XMFinal.SC2Mod/Base.SC2Data/GameData/ButtonData.xml	button-with-metadata	no		0	0	0	0
button	ThorMengskSiege	Mengsk	unit_or_evolution_dynamic	1	CButton	原始mod/Mods/XM/XMFinal.SC2Mod/Base.SC2Data/GameData/ButtonData.xml	button-with-metadata	no		0	0	0	0
button	ThorMengskVeterancy	Mengsk	unit_or_evolution_dynamic	1	CButton	原始mod/Mods/XM/XMFinal.SC2Mod/Base.SC2Data/GameData/ButtonData.xml	button-minimal	no		0	0	0	0
button	TissueAssimilation	Kerrigan	unit_or_evolution_dynamic	1	CButton	原始mod/Mods/XM/XMFinal.SC2Mod/Base.SC2Data/GameData/ButtonData.xml	manual-button-stub	yes	buttonStub	0	0	0	0
button	TrooperMengskBuild	Mengsk	unit_or_evolution_dynamic	4	CButton	原始mod/Mods/XM/XMFinal.SC2Mod/Base.SC2Data/GameData/ButtonData.xml	button-with-metadata	no		0	0	0	0
button	TrooperMengskEnlist	Mengsk	unit_or_evolution_dynamic	1	CButton	原始mod/Mods/XM/XMFinal.SC2Mod/Base.SC2Data/GameData/ButtonData.xml	button-with-metadata	no		0	0	0	0
button	TrooperMengskImperialMandateGeneration	Mengsk	unit_or_evolution_dynamic	5	CButton	原始mod/Mods/XM/XMFinal.SC2Mod/Base.SC2Data/GameData/ButtonData.xml	button-with-metadata	no		0	0	0	0
button	TrooperMengskSpecializeAA	Mengsk	unit_or_evolution_dynamic	4	CButton	原始mod/Mods/XM/XMFinal.SC2Mod/Base.SC2Data/GameData/ButtonData.xml	button-with-metadata	no		0	0	0	0
button	TrooperMengskSpecializeFlamethrower	Mengsk	unit_or_evolution_dynamic	4	CButton	原始mod/Mods/XM/XMFinal.SC2Mod/Base.SC2Data/GameData/ButtonData.xml	button-with-metadata	no		0	0	0	0
button	TrooperMengskSpecializeImproved	Mengsk	unit_or_evolution_dynamic	4	CButton	原始mod/Mods/XM/XMFinal.SC2Mod/Base.SC2Data/GameData/ButtonData.xml	button-with-metadata	no		0	0	0	0
button	TychusACBandofBrothers	Tychus	unit_or_evolution_dynamic	1	CButton	原始mod/Mods/XM/XMFinal.SC2Mod/Base.SC2Data/GameData/ButtonData.xml	button-with-metadata	no		0	0	0	0
button	TychusACImplosionGrenades	Tychus	unit_or_evolution_dynamic	1	CButton	原始mod/Mods/XM/XMFinal.SC2Mod/Base.SC2Data/GameData/ButtonData.xml	button-with-metadata	no		0	0	0	0
button	TychusACPiercingRounds	Tychus	unit_or_evolution_dynamic	1	CButton	原始mod/Mods/XM/XMFinal.SC2Mod/Base.SC2Data/GameData/ButtonData.xml	button-with-metadata	no		0	0	0	0
button	TychusACRageGrenades	Tychus	unit_or_evolution_dynamic	1	CButton	原始mod/Mods/XM/XMFinal.SC2Mod/Base.SC2Data/GameData/ButtonData.xml	button-with-metadata	no		0	0	0	0
button	TychusArmory	Tychus	unit_or_evolution_dynamic	1	CButton	原始mod/Mods/XM/XMFinal.SC2Mod/Base.SC2Data/GameData/ButtonData.xml	button-with-metadata	no		0	0	0	0
button	TychusCommandCenter	Tychus	unit_or_evolution_dynamic	1	CButton	原始mod/Mods/XM/XMFinal.SC2Mod/Base.SC2Data/GameData/ButtonData.xml	button-with-metadata	no		0	0	0	0
button	TychusEngineeringBay	Tychus	unit_or_evolution_dynamic	1	CButton	原始mod/Mods/XM/XMFinal.SC2Mod/Base.SC2Data/GameData/ButtonData.xml	button-with-metadata	no		0	0	0	0
button	TychusFirebatBlueFlameOil	Tychus	unit_or_evolution_dynamic	1	CButton	原始mod/Mods/XM/XMFinal.SC2Mod/Base.SC2Data/GameData/ButtonData.xml	button-with-metadata	no		0	0	0	0
button	TychusFirebatIncendiaryPetroleum	Tychus	unit_or_evolution_dynamic	1	CButton	原始mod/Mods/XM/XMFinal.SC2Mod/Base.SC2Data/GameData/ButtonData.xml	button-with-metadata	no		0	0	0	0
button	TychusFirebatOilBomb	Tychus	unit_or_evolution_dynamic	1	CButton	原始mod/Mods/XM/XMFinal.SC2Mod/Base.SC2Data/GameData/ButtonData.xml	button-with-metadata	no		0	0	0	0
button	TychusFirebatPremiumPetroleum	Tychus	unit_or_evolution_dynamic	1	CButton	原始mod/Mods/XM/XMFinal.SC2Mod/Base.SC2Data/GameData/ButtonData.xml	button-with-metadata	no		0	0	0	0
button	TychusFirebatShield	Tychus	unit_or_evolution_dynamic	1	CButton	原始mod/Mods/XM/XMFinal.SC2Mod/Base.SC2Data/GameData/ButtonData.xml	button-with-metadata	no		0	0	0	0
button	TychusGhostAcademy	Tychus	unit_or_evolution_dynamic	1	CButton	原始mod/Mods/XM/XMFinal.SC2Mod/Base.SC2Data/GameData/ButtonData.xml	button-with-metadata	no		0	0	0	0
button	TychusGhostConcentrationHelmet	Tychus	unit_or_evolution_dynamic	1	CButton	原始mod/Mods/XM/XMFinal.SC2Mod/Base.SC2Data/GameData/ButtonData.xml	button-with-metadata	no		0	0	0	0
button	TychusGhostConfusingDomination	Tychus	unit_or_evolution_dynamic	1	CButton	原始mod/Mods/XM/XMFinal.SC2Mod/Base.SC2Data/GameData/ButtonData.xml	button-with-metadata	no		0	0	0	0
button	TychusGhostDominate	Tychus	unit_or_evolution_dynamic	1	CButton	原始mod/Mods/XM/XMFinal.SC2Mod/Base.SC2Data/GameData/ButtonData.xml	button-with-metadata	no		0	0	0	0
button	TychusGhostDominateBuff	Tychus	unit_or_evolution_dynamic	1	CButton	原始mod/Mods/XM/XMFinal.SC2Mod/Base.SC2Data/GameData/ButtonData.xml	button-with-metadata	no		0	0	0	0
button	TychusGhostPsychicSnare	Tychus	unit_or_evolution_dynamic	1	CButton	原始mod/Mods/XM/XMFinal.SC2Mod/Base.SC2Data/GameData/ButtonData.xml	button-with-metadata	no		0	0	0	0
button	TychusHercCritLevels	Tychus	unit_or_evolution_dynamic	1	CButton	原始mod/Mods/XM/XMFinal.SC2Mod/Base.SC2Data/GameData/ButtonData.xml	button-with-metadata	no		0	0	0	0
button	TychusHercGrapple	Tychus	unit_or_evolution_dynamic	1	CButton	原始mod/Mods/XM/XMFinal.SC2Mod/Base.SC2Data/GameData/ButtonData.xml	button-with-metadata	no		0	0	0	0
button	TychusHercGrappleArmorLevels	Tychus	unit_or_evolution_dynamic	1	CButton	原始mod/Mods/XM/XMFinal.SC2Mod/Base.SC2Data/GameData/ButtonData.xml	button-with-metadata	no		0	0	0	0
button	TychusHercGrappleImpactsLevels	Tychus	unit_or_evolution_dynamic	1	CButton	原始mod/Mods/XM/XMFinal.SC2Mod/Base.SC2Data/GameData/ButtonData.xml	button-with-metadata	no		0	0	0	0
button	TychusHercRage	Tychus	unit_or_evolution_dynamic	1	CButton	原始mod/Mods/XM/XMFinal.SC2Mod/Base.SC2Data/GameData/ButtonData.xml	button-with-metadata	no		0	0	0	0
button	TychusHeroCommonAbil2	Tychus	unit_or_evolution_dynamic	9	CButton	原始mod/Mods/XM/XMFinal.SC2Mod/Base.SC2Data/GameData/ButtonData.xml	button-with-metadata	no		0	0	0	0
button	TychusHeroCommonAbil3	Tychus	unit_or_evolution_dynamic	9	CButton	原始mod/Mods/XM/XMFinal.SC2Mod/Base.SC2Data/GameData/ButtonData.xml	button-with-metadata	no		0	0	0	0
button	TychusHeroCommonAbil4	Tychus	unit_or_evolution_dynamic	9	CButton	原始mod/Mods/XM/XMFinal.SC2Mod/Base.SC2Data/GameData/ButtonData.xml	button-with-metadata	no		0	0	0	0
button	TychusHeroCommonAbil5	Tychus	unit_or_evolution_dynamic	9	CButton	原始mod/Mods/XM/XMFinal.SC2Mod/Base.SC2Data/GameData/ButtonData.xml	button-with-metadata	no		0	0	0	0
button	TychusMarauderAttackSplash	Tychus	unit_or_evolution_dynamic	1	CButton	原始mod/Mods/XM/XMFinal.SC2Mod/Base.SC2Data/GameData/ButtonData.xml	button-with-metadata	no		0	0	0	0
button	TychusMarauderHealingWard	Tychus	unit_or_evolution_dynamic	1	CButton	原始mod/Mods/XM/XMFinal.SC2Mod/Base.SC2Data/GameData/ButtonData.xml	button-with-metadata	no		0	0	0	0
button	TychusMarauderHealingWardBuff	Tychus	unit_or_evolution_dynamic	1	CButton	原始mod/Mods/XM/XMFinal.SC2Mod/Base.SC2Data/GameData/ButtonData.xml	button-with-metadata	no		0	0	0	0
button	TychusMarauderHealingWardSpeedBuff	Tychus	unit_or_evolution_dynamic	1	CButton	原始mod/Mods/XM/XMFinal.SC2Mod/Base.SC2Data/GameData/ButtonData.xml	button-with-metadata	no		0	0	0	0
button	TychusMarauderSuperStim	Tychus	unit_or_evolution_dynamic	1	CButton	原始mod/Mods/XM/XMFinal.SC2Mod/Base.SC2Data/GameData/ButtonData.xml	button-with-metadata	no		0	0	0	0
button	TychusMedicAoE	Tychus	unit_or_evolution_dynamic	1	CButton	原始mod/Mods/XM/XMFinal.SC2Mod/Base.SC2Data/GameData/ButtonData.xml	button-with-metadata	no		0	0	0	0
button	TychusMedicDefensiveMatrix	Tychus	unit_or_evolution_dynamic	1	CButton	原始mod/Mods/XM/XMFinal.SC2Mod/Base.SC2Data/GameData/ButtonData.xml	button-with-metadata	no		0	0	0	0
button	TychusMedicDoubleHeal	Tychus	unit_or_evolution_dynamic	1	CButton	原始mod/Mods/XM/XMFinal.SC2Mod/Base.SC2Data/GameData/ButtonData.xml	button-with-metadata	no		0	0	0	0
button	TychusMedicHeal	Tychus	unit_or_evolution_dynamic	1	CButton	原始mod/Mods/XM/XMFinal.SC2Mod/Base.SC2Data/GameData/ButtonData.xml	button-with-metadata	no		0	0	0	0
button	TychusMedicHealingSprayUpgradePassive	Tychus	unit_or_evolution_dynamic	1	CButton	原始mod/Mods/XM/XMFinal.SC2Mod/Base.SC2Data/GameData/ButtonData.xml	button-with-metadata	no		0	0	0	0
button	TychusMedicHealUpgradeLevels	Tychus	unit_or_evolution_dynamic	1	CButton	原始mod/Mods/XM/XMFinal.SC2Mod/Base.SC2Data/GameData/ButtonData.xml	button-with-metadata	no		0	0	0	0
button	TychusMercCompound	Tychus	unit_or_evolution_dynamic	1	CButton	原始mod/Mods/XM/XMFinal.SC2Mod/Base.SC2Data/GameData/ButtonData.xml	button-with-metadata	no		0	0	0	0
button	TychusOdinNuclearStrike	Tychus	unit_or_evolution_dynamic	9	CButton	原始mod/Mods/XM/XMFinal.SC2Mod/Base.SC2Data/GameData/ButtonData.xml	button-with-metadata	no		0	0	0	0
button	TychusReaperBomb	Tychus	unit_or_evolution_dynamic	1	CButton	原始mod/Mods/XM/XMFinal.SC2Mod/Base.SC2Data/GameData/ButtonData.xml	button-with-metadata	no		0	0	0	0
button	TychusReaperBombCharges	Tychus	unit_or_evolution_dynamic	1	CButton	原始mod/Mods/XM/XMFinal.SC2Mod/Base.SC2Data/GameData/ButtonData.xml	button-with-metadata	no		0	0	0	0
button	TychusReaperBombDamage	Tychus	unit_or_evolution_dynamic	1	CButton	原始mod/Mods/XM/XMFinal.SC2Mod/Base.SC2Data/GameData/ButtonData.xml	button-with-metadata	no		0	0	0	0
button	TychusReaperBombStun	Tychus	unit_or_evolution_dynamic	1	CButton	原始mod/Mods/XM/XMFinal.SC2Mod/Base.SC2Data/GameData/ButtonData.xml	button-with-metadata	no		0	0	0	0
button	TychusReaperEvasionBuff	Tychus	unit_or_evolution_dynamic	1	CButton	原始mod/Mods/XM/XMFinal.SC2Mod/Base.SC2Data/GameData/ButtonData.xml	button-with-metadata	no		0	0	0	0
button	TychusRefinery	Tychus	unit_or_evolution_dynamic	1	CButton	原始mod/Mods/XM/XMFinal.SC2Mod/Base.SC2Data/GameData/ButtonData.xml	button-with-metadata	no		0	0	0	0
button	TychusSCVAutoTurret	Tychus	unit_or_evolution_dynamic	1	CButton	原始mod/Mods/XM/XMFinal.SC2Mod/Base.SC2Data/GameData/ButtonData.xml	button-with-metadata	no		0	0	0	0
button	TychusShredderGrenade	Tychus	unit_or_evolution_dynamic	1	CButton	原始mod/Mods/XM/XMFinal.SC2Mod/Base.SC2Data/GameData/ButtonData.xml	button-with-metadata	no		0	0	0	0
button	TychusSpectreBrillianceAura	Tychus	unit_or_evolution_dynamic	1	CButton	原始mod/Mods/XM/XMFinal.SC2Mod/Base.SC2Data/GameData/ButtonData.xml	button-with-metadata	no		0	0	0	0
button	TychusSpectreExtendedPulseGun	Tychus	unit_or_evolution_dynamic	1	CButton	原始mod/Mods/XM/XMFinal.SC2Mod/Base.SC2Data/GameData/ButtonData.xml	button-with-metadata	no		0	0	0	0
button	TychusSpectreSuperUltrasonicPulse	Tychus	unit_or_evolution_dynamic	1	CButton	原始mod/Mods/XM/XMFinal.SC2Mod/Base.SC2Data/GameData/ButtonData.xml	button-with-metadata	no		0	0	0	0
button	TychusSpectreUltrasonicPulse	Tychus	unit_or_evolution_dynamic	1	CButton	原始mod/Mods/XM/XMFinal.SC2Mod/Base.SC2Data/GameData/ButtonData.xml	button-with-metadata	no		0	0	0	0
button	TychusSpectreVisionSuit	Tychus	unit_or_evolution_dynamic	1	CButton	原始mod/Mods/XM/XMFinal.SC2Mod/Base.SC2Data/GameData/ButtonData.xml	button-with-metadata	no		0	0	0	0
button	TychusWarhoundAutoTurret	Tychus	unit_or_evolution_dynamic	1	CButton	原始mod/Mods/XM/XMFinal.SC2Mod/Base.SC2Data/GameData/ButtonData.xml	button-with-metadata	no		0	0	0	0
button	TychusWarhoundDeathExplosionUpgradePassive	Tychus	unit_or_evolution_dynamic	1	CButton	原始mod/Mods/XM/XMFinal.SC2Mod/Base.SC2Data/GameData/ButtonData.xml	button-with-metadata	no		0	0	0	0
button	TychusWarhoundFearUpgradePassive	Tychus	unit_or_evolution_dynamic	1	CButton	原始mod/Mods/XM/XMFinal.SC2Mod/Base.SC2Data/GameData/ButtonData.xml	button-with-metadata	no		0	0	0	0
button	TychusWarhoundHaywireMissiles	Tychus	unit_or_evolution_dynamic	1	CButton	原始mod/Mods/XM/XMFinal.SC2Mod/Base.SC2Data/GameData/ButtonData.xml	button-with-metadata	no		0	0	0	0
button	TychusWarhoundTurretUpgradePassive	Tychus	unit_or_evolution_dynamic	1	CButton	原始mod/Mods/XM/XMFinal.SC2Mod/Base.SC2Data/GameData/ButtonData.xml	button-with-metadata	no		0	0	0	0
button	UltraliskCavernStetmann	Stetmann	unit_or_evolution_dynamic	1	CButton	原始mod/Mods/XM/XMFinal.SC2Mod/Base.SC2Data/GameData/ButtonData.xml	button-with-metadata	no		0	0	0	0
button	UltraliskStetmannArmorPassive	Stetmann	unit_or_evolution_dynamic	1	CButton	原始mod/Mods/XM/XMFinal.SC2Mod/Base.SC2Data/GameData/ButtonData.xml	button-with-metadata	no		0	0	0	0
button	UltraliskStetmannBurrowCharge	Stetmann	unit_or_evolution_dynamic	1	CButton	原始mod/Mods/XM/XMFinal.SC2Mod/Base.SC2Data/GameData/ButtonData.xml	button-with-metadata	no		0	0	0	0
button	UltraliskStetmannMechanicalLifeLeech	Stetmann	unit_or_evolution_dynamic	1	CButton	原始mod/Mods/XM/XMFinal.SC2Mod/Base.SC2Data/GameData/ButtonData.xml	button-with-metadata	no		0	0	0	0
button	UltraliskStetmannScrapDrop	Stetmann	unit_or_evolution_dynamic	1	CButton	原始mod/Mods/XM/XMFinal.SC2Mod/Base.SC2Data/GameData/ButtonData.xml	button-with-metadata	no		0	0	0	0
button	UnsiegeMengsk	Mengsk	unit_or_evolution_dynamic	1	CButton	原始mod/Mods/XM/XMFinal.SC2Mod/Base.SC2Data/GameData/ButtonData.xml	button-with-metadata	no		0	0	0	0
button	VanguardArmoredDamage	Alarak	unit_or_evolution_dynamic	1	CButton	原始mod/Mods/XM/XMFinal.SC2Mod/Base.SC2Data/GameData/ButtonData.xml	button-with-metadata	no		0	0	0	0
button	VikingMengskAttackDamage	Mengsk	unit_or_evolution_dynamic	2	CButton	原始mod/Mods/XM/XMFinal.SC2Mod/Base.SC2Data/GameData/ButtonData.xml	button-with-metadata	no		0	0	0	0
button	VikingMengskCheatDeath	Mengsk	unit_or_evolution_dynamic	1	CButton	原始mod/Mods/XM/XMFinal.SC2Mod/Base.SC2Data/GameData/ButtonData.xml	button-with-metadata	no		0	0	0	0
button	VikingMengskDodge	Mengsk	unit_or_evolution_dynamic	1	CButton	原始mod/Mods/XM/XMFinal.SC2Mod/Base.SC2Data/GameData/ButtonData.xml	button-with-metadata	no		0	0	0	0
button	VikingMengskImperialMandateGeneration	Mengsk	unit_or_evolution_dynamic	2	CButton	原始mod/Mods/XM/XMFinal.SC2Mod/Base.SC2Data/GameData/ButtonData.xml	button-with-metadata	no		0	0	0	0
button	VikingMengskSpeed	Mengsk	unit_or_evolution_dynamic	1	CButton	原始mod/Mods/XM/XMFinal.SC2Mod/Base.SC2Data/GameData/ButtonData.xml	button-with-metadata	no		0	0	0	0
button	VikingMengskVeterancy	Mengsk	unit_or_evolution_dynamic	2	CButton	原始mod/Mods/XM/XMFinal.SC2Mod/Base.SC2Data/GameData/ButtonData.xml	button-minimal	no		0	0	0	0
button	VilePassive	Abathur	unit_or_evolution_dynamic	1	CButton	原始mod/Mods/XM/XMFinal.SC2Mod/Base.SC2Data/GameData/ButtonData.xml	manual-button-stub	yes	buttonStub	0	0	0	0
button	ViperAbductImprovedStunPassive	Abathur	unit_or_evolution_dynamic	1	CButton	原始mod/Mods/XM/XMFinal.SC2Mod/Base.SC2Data/GameData/ButtonData.xml	button-with-metadata	no		0	0	0	0
button	ViperConsume	Abathur	unit_or_evolution_dynamic	1	CButton	原始mod/Mods/XM/XMFinal.SC2Mod/Base.SC2Data/GameData/ButtonData.xml	button-with-metadata	no		0	0	0	0
button	ViperImprovedCastRangePassive	Abathur	unit_or_evolution_dynamic	1	CButton	原始mod/Mods/XM/XMFinal.SC2Mod/Base.SC2Data/GameData/ButtonData.xml	button-with-metadata	no		0	0	0	0
button	VoidDarkTemplarShadowFury	Vorazun	unit_or_evolution_dynamic	1	CButton	原始mod/Mods/XM/XMFinal.SC2Mod/Base.SC2Data/GameData/ButtonData.xml	manual-button-with-metadata	yes	buttonStubWithIcon	0	0	0	0
button	VoidRaySwarmDamageBoost	Vorazun	unit_or_evolution_dynamic	1	CButton	原始mod/Mods/XM/XMFinal.SC2Mod/Base.SC2Data/GameData/ButtonData.xml	button-with-metadata	no		0	0	0	0
button	VoidSentryShieldRepair	Zeratul	unit_or_evolution_dynamic	1	CButton	原始mod/Mods/XM/XMFinal.SC2Mod/Base.SC2Data/GameData/ButtonData.xml	manual-button-with-metadata	yes	buttonStubWithIcon	0	0	0	0
button	VoidStalkerDragoonRange	Artanis	unit_or_evolution_dynamic	1	CButton	原始mod/Mods/XM/XMFinal.SC2Mod/Base.SC2Data/GameData/ButtonData.xml	button-with-metadata	no		0	0	0	0
button	VoidStasisLocked	Vorazun	unit_or_evolution_dynamic	1	CButton	原始mod/Mods/XM/XMFinal.SC2Mod/Base.SC2Data/GameData/ButtonData.xml	button-with-metadata	no		0	0	0	0
button	VoidZealotWhirlwind	Zeratul	unit_or_evolution_dynamic	1	CButton	原始mod/Mods/XM/XMFinal.SC2Mod/Base.SC2Data/GameData/ButtonData.xml	button-minimal	no		0	0	0	0
button	VolatileNestLocked	Zagara	unit_or_evolution_dynamic	1	CButton	原始mod/Mods/XM/XMFinal.SC2Mod/Base.SC2Data/GameData/ButtonData.xml	button-with-metadata	no		0	0	0	0
button	WarpPrismLoad	Alarak	unit_or_evolution_dynamic	1	CButton	原始mod/Mods/XM/XMFinal.SC2Mod/Base.SC2Data/GameData/ButtonData.xml	button-with-metadata	no		0	0	0	0
button	WarpPrismUnloadAll	Alarak	unit_or_evolution_dynamic	1	CButton	原始mod/Mods/XM/XMFinal.SC2Mod/Base.SC2Data/GameData/ButtonData.xml	button-with-metadata	no		0	0	0	0
button	WeaponsFree	Nova	unit_or_evolution_dynamic	1	CButton	原始mod/Mods/XM/XMFinal.SC2Mod/Base.SC2Data/GameData/ButtonData.xml	manual-button-with-metadata	yes	buttonStub	0	0	0	0
button	WeaponsFreeMengsk	Mengsk	unit_or_evolution_dynamic	1	CButton	原始mod/Mods/XM/XMFinal.SC2Mod/Base.SC2Data/GameData/ButtonData.xml	button-with-metadata	no		0	0	0	0
button	WhirlwindLocked	Artanis,Vorazun	unit_or_evolution_dynamic	2	CButton	原始mod/Mods/XM/XMFinal.SC2Mod/Base.SC2Data/GameData/ButtonData.xml	button-with-metadata	no		0	0	0	0
button	WidowMineAttack	Horner	unit_or_evolution_dynamic	1	CButton	原始mod/Mods/XM/XMFinal.SC2Mod/Base.SC2Data/GameData/ButtonData.xml	button-with-metadata	no		0	0	0	0
button	WidowMineBurrow	Horner	unit_or_evolution_dynamic	1	CButton	原始mod/Mods/XM/XMFinal.SC2Mod/Base.SC2Data/GameData/ButtonData.xml	button-with-metadata	no		0	0	0	0
button	WildMutation	Kerrigan	unit_or_evolution_dynamic	1	CButton	原始mod/Mods/XM/XMFinal.SC2Mod/Base.SC2Data/GameData/ButtonData.xml	manual-button-stub	yes	buttonStub	0	0	0	0
button	WraithCloakOff	Horner,Stukov	unit_or_evolution_dynamic	2	CButton	原始mod/Mods/XM/XMFinal.SC2Mod/Base.SC2Data/GameData/ButtonData.xml	button-minimal	no		0	0	0	0
button	WraithCloakOn	Stukov	unit_or_evolution_dynamic	1	CButton	原始mod/Mods/XM/XMFinal.SC2Mod/Base.SC2Data/GameData/ButtonData.xml	button-minimal	no		0	0	0	0
button	XN51CloakTechnology	Nova	unit_or_evolution_dynamic	1	CButton	原始mod/Mods/XM/XMFinal.SC2Mod/Base.SC2Data/GameData/ButtonData.xml	button-with-metadata	no		0	0	0	0
button	YamatoGun	Raynor	unit_or_evolution_dynamic	1	CButton	原始mod/Mods/XM/XMFinal.SC2Mod/Base.SC2Data/GameData/ButtonData.xml	manual-button-with-metadata	yes	buttonStub	0	0	0	0
button	YamatoGunMengsk	Mengsk	unit_or_evolution_dynamic	1	CButton	原始mod/Mods/XM/XMFinal.SC2Mod/Base.SC2Data/GameData/ButtonData.xml	button-with-metadata	no		0	0	0	0
button	ZagaraVoidCoopBanelingBarrage	Zagara	unit_or_evolution_dynamic	1	CButton	原始mod/Mods/XM/XMFinal.SC2Mod/Base.SC2Data/GameData/ButtonData.xml	button-minimal	no		0	0	0	0
button	ZagaraVoidCoopMassFrenzy	Zagara	unit_or_evolution_dynamic	1	CButton	原始mod/Mods/XM/XMFinal.SC2Mod/Base.SC2Data/GameData/ButtonData.xml	button-with-metadata	no		0	0	0	0
button	ZagaraVoidCoopMassRoachDropLocked	Zagara	unit_or_evolution_dynamic	1	CButton	原始mod/Mods/XM/XMFinal.SC2Mod/Base.SC2Data/GameData/ButtonData.xml	button-with-metadata	no		0	0	0	0
button	ZagaraVoidCoopRelentlessSwarmer	Zagara	unit_or_evolution_dynamic	1	CButton	原始mod/Mods/XM/XMFinal.SC2Mod/Base.SC2Data/GameData/ButtonData.xml	button-minimal	no		0	0	0	0
button	ZagaraVoidCoopSpawnHunterKillers	Zagara	unit_or_evolution_dynamic	1	CButton	原始mod/Mods/XM/XMFinal.SC2Mod/Base.SC2Data/GameData/ButtonData.xml	manual-button-stub	yes	buttonStub	0	0	0	0
button	ZagaraVoidCoopZerglingDodge	Kerrigan,Stukov,Zagara	unit_or_evolution_dynamic	3	CButton	原始mod/Mods/XM/XMFinal.SC2Mod/Base.SC2Data/GameData/ButtonData.xml	button-with-metadata	no		0	0	0	0
button	ZeratulGraviticBoostersPassive	Zeratul	unit_or_evolution_dynamic	1	CButton	原始mod/Mods/XM/XMFinal.SC2Mod/Base.SC2Data/GameData/ButtonData.xml	button-with-metadata	no		0	0	0	0
button	ZeratulImmortalBarrierPassive	Zeratul	unit_or_evolution_dynamic	1	CButton	原始mod/Mods/XM/XMFinal.SC2Mod/Base.SC2Data/GameData/ButtonData.xml	button-with-metadata	no		0	0	0	0
button	ZeratulObserverSightRange	Zeratul	unit_or_evolution_dynamic	1	CButton	原始mod/Mods/XM/XMFinal.SC2Mod/Base.SC2Data/GameData/ButtonData.xml	button-with-metadata	no		0	0	0	0
button	ZeratulPurificationNovaBattery	Zeratul	unit_or_evolution_dynamic	1	CButton	原始mod/Mods/XM/XMFinal.SC2Mod/Base.SC2Data/GameData/ButtonData.xml	button-with-metadata	no		0	0	0	0
button	ZeratulPurificationNovaSplit	Zeratul	unit_or_evolution_dynamic	1	CButton	原始mod/Mods/XM/XMFinal.SC2Mod/Base.SC2Data/GameData/ButtonData.xml	button-with-metadata	no		0	0	0	0
button	ZeratulReflectionShield	Zeratul	unit_or_evolution_dynamic	1	CButton	原始mod/Mods/XM/XMFinal.SC2Mod/Base.SC2Data/GameData/ButtonData.xml	button-with-metadata	no		0	0	0	0
button	ZeratulReflectionShieldPassive	Zeratul	unit_or_evolution_dynamic	1	CButton	原始mod/Mods/XM/XMFinal.SC2Mod/Base.SC2Data/GameData/ButtonData.xml	button-with-metadata	no		0	0	0	0
button	ZeratulSentryEnergyRegen	Zeratul	unit_or_evolution_dynamic	1	CButton	原始mod/Mods/XM/XMFinal.SC2Mod/Base.SC2Data/GameData/ButtonData.xml	button-with-metadata	no		0	0	0	0
button	ZeratulShieldRechargePassive	Zeratul	unit_or_evolution_dynamic	1	CButton	原始mod/Mods/XM/XMFinal.SC2Mod/Base.SC2Data/GameData/ButtonData.xml	button-with-metadata	no		0	0	0	0
button	ZeratulStalkerBlinkCharges	Zeratul	unit_or_evolution_dynamic	1	CButton	原始mod/Mods/XM/XMFinal.SC2Mod/Base.SC2Data/GameData/ButtonData.xml	button-with-metadata	no		0	0	0	0
button	ZeratulStalkerGhost	Zeratul	unit_or_evolution_dynamic	1	CButton	原始mod/Mods/XM/XMFinal.SC2Mod/Base.SC2Data/GameData/ButtonData.xml	button-with-metadata	no		0	0	0	0
button	ZeratulStalkerShadowBlink	Zeratul	unit_or_evolution_dynamic	1	CButton	原始mod/Mods/XM/XMFinal.SC2Mod/Base.SC2Data/GameData/ButtonData.xml	button-with-metadata	no		0	0	0	0
button	ZeratulWarpPrismSelectVoidRift	Zeratul	unit_or_evolution_dynamic	1	CButton	原始mod/Mods/XM/XMFinal.SC2Mod/Base.SC2Data/GameData/ButtonData.xml	button-with-metadata	no		0	0	0	0
button	ZeratulWarpPrismWormholeMode	Zeratul	unit_or_evolution_dynamic	1	CButton	原始mod/Mods/XM/XMFinal.SC2Mod/Base.SC2Data/GameData/ButtonData.xml	button-with-metadata	no		0	0	0	0
button	ZergBuild	Stetmann	unit_or_evolution_dynamic	1	CButton	原始mod/Mods/XM/XMFinal.SC2Mod/Base.SC2Data/GameData/ButtonData.xml	button-minimal	no		0	0	0	0
button	ZergBuildAdvanced	Stetmann	unit_or_evolution_dynamic	1	CButton	原始mod/Mods/XM/XMFinal.SC2Mod/Base.SC2Data/GameData/ButtonData.xml	button-minimal	no		0	0	0	0
button	ZerglingArmorShred	Kerrigan,Stukov,Zagara	unit_or_evolution_dynamic	3	CButton	原始mod/Mods/XM/XMFinal.SC2Mod/Base.SC2Data/GameData/ButtonData.xml	button-with-metadata	no		0	0	0	0
button	ZerglingBurrowMove	Abathur	unit_or_evolution_dynamic	2	CButton	原始mod/Mods/XM/XMFinal.SC2Mod/Base.SC2Data/GameData/ButtonData.xml	manual-button-with-metadata	yes	buttonStubWithIcon	0	0	0	0
button	ZerglingStetmannAttackSpeedPassive	Stetmann	unit_or_evolution_dynamic	1	CButton	原始mod/Mods/XM/XMFinal.SC2Mod/Base.SC2Data/GameData/ButtonData.xml	button-with-metadata	no		0	0	0	0
button	ZerglingStetmannHardenedShield	Stetmann	unit_or_evolution_dynamic	1	CButton	原始mod/Mods/XM/XMFinal.SC2Mod/Base.SC2Data/GameData/ButtonData.xml	button-with-metadata	no		0	0	0	0
button	ZerglingStetmannMovementSpeedPassive	Stetmann	unit_or_evolution_dynamic	1	CButton	原始mod/Mods/XM/XMFinal.SC2Mod/Base.SC2Data/GameData/ButtonData.xml	button-with-metadata	no		0	0	0	0
button	ZerglingStetmannScrapDrop	Stetmann	unit_or_evolution_dynamic	1	CButton	原始mod/Mods/XM/XMFinal.SC2Mod/Base.SC2Data/GameData/ButtonData.xml	button-with-metadata	no		0	0	0	0
requirement	AbathurLevel02	Abathur	unit_or_evolution_dynamic	7	CRequirement	原始mod/Mods/XM/XMFinal.SC2Mod/Base.SC2Data/GameData/RequirementData.xml	requirement-with-logic	no		0	0	0	0
requirement	AbathurLevel09	Abathur	unit_or_evolution_dynamic	1	CRequirement	原始mod/Mods/XM/XMFinal.SC2Mod/Base.SC2Data/GameData/RequirementData.xml	requirement-with-logic	no		0	0	0	0
requirement	AbathurLevel09DeepTunnelImproved	Abathur	unit_or_evolution_dynamic	3	CRequirement	原始mod/Mods/XM/XMFinal.SC2Mod/Base.SC2Data/GameData/RequirementData.xml	requirement-with-logic	no		0	0	0	0
requirement	AbathurLevel10	Abathur	unit_or_evolution_dynamic	1	CRequirement	原始mod/Mods/XM/XMFinal.SC2Mod/Base.SC2Data/GameData/RequirementData.xml	requirement-with-logic	no		0	0	0	0
requirement	AlarakLevel15	Alarak	unit_or_evolution_dynamic	1	CRequirement	原始mod/Mods/XM/XMFinal.SC2Mod/Base.SC2Data/GameData/RequirementData.xml	requirement-with-logic	no		0	0	0	0
requirement	ArtanisLevel04	Artanis,Vorazun	unit_or_evolution_dynamic	2	CRequirement	原始mod/Mods/XM/XMFinal.SC2Mod/Base.SC2Data/GameData/RequirementData.xml	requirement-with-logic	no		0	0	0	0
requirement	ArtanisLevel07	Artanis	unit_or_evolution_dynamic	2	CRequirement	原始mod/Mods/XM/XMFinal.SC2Mod/Base.SC2Data/GameData/RequirementData.xml	requirement-with-logic	no		0	0	0	0
requirement	BiomassBuffEmptyVisible	Abathur	unit_or_evolution_dynamic	7	CRequirement	原始mod/Mods/XM/XMFinal.SC2Mod/Base.SC2Data/GameData/RequirementData.xml	requirement-with-logic	no		0	0	0	0
requirement	CommanderPrestigeAbathurBiomass	Abathur	unit_or_evolution_dynamic	1	CRequirement	原始mod/Mods/XM/XMFinal.SC2Mod/Base.SC2Data/GameData/RequirementData.xml	requirement-with-logic	no		0	0	0	0
requirement	CommanderPrestigeAlarakMech	Alarak,Vorazun	unit_or_evolution_dynamic	5	CRequirement	原始mod/Mods/XM/XMFinal.SC2Mod/Base.SC2Data/GameData/RequirementData.xml	requirement-with-logic	no		0	0	0	0
requirement	DehakaLevel02	Dehaka	unit_or_evolution_dynamic	2	CRequirement	原始mod/Mods/XM/XMFinal.SC2Mod/Base.SC2Data/GameData/RequirementData.xml	requirement-with-logic	no		0	0	0	0
requirement	DehakaLevel04	Dehaka	unit_or_evolution_dynamic	1	CRequirement	原始mod/Mods/XM/XMFinal.SC2Mod/Base.SC2Data/GameData/RequirementData.xml	requirement-with-logic	no		0	0	0	0
requirement	DehakaLevel05	Dehaka	unit_or_evolution_dynamic	2	CRequirement	原始mod/Mods/XM/XMFinal.SC2Mod/Base.SC2Data/GameData/RequirementData.xml	requirement-with-logic	no		0	0	0	0
requirement	DehakaLevel06	Dehaka	unit_or_evolution_dynamic	2	CRequirement	原始mod/Mods/XM/XMFinal.SC2Mod/Base.SC2Data/GameData/RequirementData.xml	requirement-with-logic	no		0	0	0	0
requirement	DehakaLevel08	Dehaka	unit_or_evolution_dynamic	2	CRequirement	原始mod/Mods/XM/XMFinal.SC2Mod/Base.SC2Data/GameData/RequirementData.xml	requirement-with-logic	no		0	0	0	0
requirement	DehakaLevel10	Dehaka	unit_or_evolution_dynamic	2	CRequirement	原始mod/Mods/XM/XMFinal.SC2Mod/Base.SC2Data/GameData/RequirementData.xml	requirement-with-logic	no		0	0	0	0
requirement	DehakaLevel11	Dehaka	unit_or_evolution_dynamic	2	CRequirement	原始mod/Mods/XM/XMFinal.SC2Mod/Base.SC2Data/GameData/RequirementData.xml	requirement-with-logic	no		0	0	0	0
requirement	DehakaLevel12	Dehaka	unit_or_evolution_dynamic	2	CRequirement	原始mod/Mods/XM/XMFinal.SC2Mod/Base.SC2Data/GameData/RequirementData.xml	requirement-with-logic	no		0	0	0	0
requirement	DynamicPowerRoutingResearched	Stukov	unit_or_evolution_dynamic	1	CRequirement	原始mod/Mods/XM/XMFinal.SC2Mod/Base.SC2Data/GameData/RequirementData.xml	manual-requirement-stub	yes	requirementStub	0	0	0	0
requirement	HaveAberrationArmorAura	Zagara	unit_or_evolution_dynamic	1	CRequirement	原始mod/Mods/XM/XMFinal.SC2Mod/Base.SC2Data/GameData/RequirementData.xml	requirement-with-logic	no		0	0	0	0
requirement	HaveAdeptFenixShadeSpawn	Fenix	unit_or_evolution_dynamic	1	CRequirement	原始mod/Mods/XM/XMFinal.SC2Mod/Base.SC2Data/GameData/RequirementData.xml	requirement-with-logic	no		0	0	0	0
requirement	HaveAdeptPiercingAttack	Fenix	unit_or_evolution_dynamic	1	CRequirement	原始mod/Mods/XM/XMFinal.SC2Mod/Base.SC2Data/GameData/RequirementData.xml	manual-requirement-stub	yes	requirementStub	0	0	0	0
requirement	HaveAlarakHavocAbilityRange	Alarak	unit_or_evolution_dynamic	1	CRequirement	原始mod/Mods/XM/XMFinal.SC2Mod/Base.SC2Data/GameData/RequirementData.xml	requirement-with-logic	no		0	0	0	0
requirement	HaveAlarakHavocPermanentCloak	Alarak	unit_or_evolution_dynamic	1	CRequirement	原始mod/Mods/XM/XMFinal.SC2Mod/Base.SC2Data/GameData/RequirementData.xml	requirement-with-logic	no		0	0	0	0
requirement	HaveAlarakHavocTargetLockBuff	Alarak	unit_or_evolution_dynamic	1	CRequirement	原始mod/Mods/XM/XMFinal.SC2Mod/Base.SC2Data/GameData/RequirementData.xml	requirement-with-logic	no		0	0	0	0
requirement	HaveAlarakStalkerPhasingArmor	Alarak,Vorazun	unit_or_evolution_dynamic	2	CRequirement	原始mod/Mods/XM/XMFinal.SC2Mod/Base.SC2Data/GameData/RequirementData.xml	requirement-with-logic	no		0	0	0	0
requirement	HaveAlarakSupplicantMaxShields	Alarak	unit_or_evolution_dynamic	1	CRequirement	原始mod/Mods/XM/XMFinal.SC2Mod/Base.SC2Data/GameData/RequirementData.xml	requirement-with-logic	no		0	0	0	0
requirement	HaveAlarakVanguardIncreaseSplashArea	Alarak	unit_or_evolution_dynamic	1	CRequirement	原始mod/Mods/XM/XMFinal.SC2Mod/Base.SC2Data/GameData/RequirementData.xml	requirement-with-logic	no		0	0	0	0
requirement	HaveBanelingStetmannExtraDamage	Stetmann	unit_or_evolution_dynamic	1	CRequirement	原始mod/Mods/XM/XMFinal.SC2Mod/Base.SC2Data/GameData/RequirementData.xml	requirement-with-logic	no		0	0	0	0
requirement	HaveBansheePermaCloak	Nova	unit_or_evolution_dynamic	1	CRequirement	原始mod/Mods/XM/XMFinal.SC2Mod/Base.SC2Data/GameData/RequirementData.xml	requirement-with-logic	no		0	0	0	0
requirement	HaveBarrier	Artanis,Karax	unit_or_evolution_dynamic	2	CRequirement	原始mod/Mods/XM/XMFinal.SC2Mod/Base.SC2Data/GameData/RequirementData.xml	requirement-with-logic	no		0	0	0	0
requirement	HaveBattlecruiserMengskRangeAura	Mengsk	unit_or_evolution_dynamic	1	CRequirement	原始mod/Mods/XM/XMFinal.SC2Mod/Base.SC2Data/GameData/RequirementData.xml	requirement-with-logic	no		0	0	0	0
requirement	HaveBlimpMengskTopbarRegen	Mengsk	unit_or_evolution_dynamic	1	CRequirement	原始mod/Mods/XM/XMFinal.SC2Mod/Base.SC2Data/GameData/RequirementData.xml	requirement-with-logic	no		0	0	0	0
requirement	HaveBroodlordSpeed	Kerrigan	unit_or_evolution_dynamic	1	CRequirement	原始mod/Mods/XM/XMFinal.SC2Mod/Base.SC2Data/GameData/RequirementData.xml	requirement-with-logic	no		0	0	0	0
requirement	HaveBrutaliskgainsSymbioteUpgrade	Abathur	unit_or_evolution_dynamic	1	CRequirement	原始mod/Mods/XM/XMFinal.SC2Mod/Base.SC2Data/GameData/RequirementData.xml	requirement-with-logic	no		0	0	0	0
requirement	HaveColossusChargedBlastAirAttack	Alarak	unit_or_evolution_dynamic	1	CRequirement	原始mod/Mods/XM/XMFinal.SC2Mod/Base.SC2Data/GameData/RequirementData.xml	requirement-with-logic	no		0	0	0	0
requirement	HaveColossusChargedBlastChargeTime	Alarak	unit_or_evolution_dynamic	1	CRequirement	原始mod/Mods/XM/XMFinal.SC2Mod/Base.SC2Data/GameData/RequirementData.xml	requirement-with-logic	no		0	0	0	0
requirement	HaveCorrosiveBileDamageIncrease	Abathur	unit_or_evolution_dynamic	1	CRequirement	原始mod/Mods/XM/XMFinal.SC2Mod/Base.SC2Data/GameData/RequirementData.xml	requirement-with-logic	no		0	0	0	0
requirement	HaveCorrosiveBileRadiusIncrease	Abathur	unit_or_evolution_dynamic	1	CRequirement	原始mod/Mods/XM/XMFinal.SC2Mod/Base.SC2Data/GameData/RequirementData.xml	requirement-with-logic	no		0	0	0	0
requirement	HaveCorsairPermanentCloak	Vorazun	unit_or_evolution_dynamic	2	CRequirement	原始mod/Mods/XM/XMFinal.SC2Mod/Base.SC2Data/GameData/RequirementData.xml	requirement-with-logic	no		0	0	0	0
requirement	HaveCycloneLockOnDamageUpgrade	Swann	unit_or_evolution_dynamic	1	CRequirement	原始mod/Mods/XM/XMFinal.SC2Mod/Base.SC2Data/GameData/RequirementData.xml	requirement-with-logic	no		0	0	0	0
requirement	HaveCycloneLockOnRangeUpgrade2	Swann	unit_or_evolution_dynamic	1	CRequirement	原始mod/Mods/XM/XMFinal.SC2Mod/Base.SC2Data/GameData/RequirementData.xml	requirement-with-logic	no		0	0	0	0
requirement	HaveDehakaGeneAttackSpeed	Dehaka	unit_or_evolution_dynamic	5	CRequirement	原始mod/Mods/XM/XMFinal.SC2Mod/Base.SC2Data/GameData/RequirementData.xml	requirement-with-logic	no		0	0	0	0
requirement	HaveDehakaGeneCarapace	Dehaka	unit_or_evolution_dynamic	6	CRequirement	原始mod/Mods/XM/XMFinal.SC2Mod/Base.SC2Data/GameData/RequirementData.xml	requirement-with-logic	no		0	0	0	0
requirement	HaveDehakaGeneCreepers	Dehaka	unit_or_evolution_dynamic	1	CRequirement	原始mod/Mods/XM/XMFinal.SC2Mod/Base.SC2Data/GameData/RequirementData.xml	requirement-with-logic	no		0	0	0	0
requirement	HaveDehakaGeneLifeLeech	Dehaka	unit_or_evolution_dynamic	5	CRequirement	原始mod/Mods/XM/XMFinal.SC2Mod/Base.SC2Data/GameData/RequirementData.xml	requirement-with-logic	no		0	0	0	0
requirement	HaveDehakaGeneThorns	Dehaka	unit_or_evolution_dynamic	1	CRequirement	原始mod/Mods/XM/XMFinal.SC2Mod/Base.SC2Data/GameData/RequirementData.xml	requirement-with-logic	no		0	0	0	0
requirement	HaveDehakaGlevigRoachFireBreath	Dehaka	unit_or_evolution_dynamic	1	CRequirement	原始mod/Mods/XM/XMFinal.SC2Mod/Base.SC2Data/GameData/RequirementData.xml	requirement-with-logic	no		0	0	0	0
requirement	HaveDehakaHydraliskSpeed	Dehaka	unit_or_evolution_dynamic	1	CRequirement	原始mod/Mods/XM/XMFinal.SC2Mod/Base.SC2Data/GameData/RequirementData.xml	requirement-with-logic	no		0	0	0	0
requirement	HaveDehakaImpalerTenderize	Dehaka	unit_or_evolution_dynamic	1	CRequirement	原始mod/Mods/XM/XMFinal.SC2Mod/Base.SC2Data/GameData/RequirementData.xml	requirement-with-logic	no		0	0	0	0
requirement	HaveDehakaMutaliskDamageReduction	Dehaka	unit_or_evolution_dynamic	1	CRequirement	原始mod/Mods/XM/XMFinal.SC2Mod/Base.SC2Data/GameData/RequirementData.xml	requirement-with-logic	no		0	0	0	0
requirement	HaveDehakaMutaliskRespawnOnDeath	Dehaka	unit_or_evolution_dynamic	1	CRequirement	原始mod/Mods/XM/XMFinal.SC2Mod/Base.SC2Data/GameData/RequirementData.xml	requirement-with-logic	no		0	0	0	0
requirement	HaveDehakaRavasaurRange	Dehaka	unit_or_evolution_dynamic	1	CRequirement	原始mod/Mods/XM/XMFinal.SC2Mod/Base.SC2Data/GameData/RequirementData.xml	requirement-with-logic	no		0	0	0	0
requirement	HaveDehakaRavasaurVSArmor	Dehaka	unit_or_evolution_dynamic	1	CRequirement	原始mod/Mods/XM/XMFinal.SC2Mod/Base.SC2Data/GameData/RequirementData.xml	requirement-with-logic	no		0	0	0	0
requirement	HaveDehakaRoachMoveSpeed	Dehaka	unit_or_evolution_dynamic	2	CRequirement	原始mod/Mods/XM/XMFinal.SC2Mod/Base.SC2Data/GameData/RequirementData.xml	requirement-with-logic	no		0	0	0	0
requirement	HaveDehakaSwarmHostCreepers	Dehaka	unit_or_evolution_dynamic	1	CRequirement	原始mod/Mods/XM/XMFinal.SC2Mod/Base.SC2Data/GameData/RequirementData.xml	requirement-with-logic	no		0	0	0	0
requirement	HaveDehakaTyrannozorArmorAura	Dehaka	unit_or_evolution_dynamic	1	CRequirement	原始mod/Mods/XM/XMFinal.SC2Mod/Base.SC2Data/GameData/RequirementData.xml	requirement-with-logic	no		0	0	0	0
requirement	HaveDehakaUltraliskBash	Dehaka	unit_or_evolution_dynamic	2	CRequirement	原始mod/Mods/XM/XMFinal.SC2Mod/Base.SC2Data/GameData/RequirementData.xml	requirement-with-logic	no		0	0	0	0
requirement	HaveDehakaUltraliskRegen	Dehaka	unit_or_evolution_dynamic	2	CRequirement	原始mod/Mods/XM/XMFinal.SC2Mod/Base.SC2Data/GameData/RequirementData.xml	requirement-with-logic	no		0	0	0	0
requirement	HaveDragoonHealth	Artanis	unit_or_evolution_dynamic	1	CRequirement	原始mod/Mods/XM/XMFinal.SC2Mod/Base.SC2Data/GameData/RequirementData.xml	requirement-with-logic	no		0	0	0	0
requirement	HaveFenixScoutWeaponRange	Fenix,Karax	unit_or_evolution_dynamic	2	CRequirement	原始mod/Mods/XM/XMFinal.SC2Mod/Base.SC2Data/GameData/RequirementData.xml	requirement-with-logic	no		0	0	0	0
requirement	HaveFireBeam	Fenix	unit_or_evolution_dynamic	1	CRequirement	原始mod/Mods/XM/XMFinal.SC2Mod/Base.SC2Data/GameData/RequirementData.xml	requirement-with-logic	no		0	0	0	0
requirement	HaveGhostMengskGuidedStrike	Mengsk	unit_or_evolution_dynamic	1	CRequirement	原始mod/Mods/XM/XMFinal.SC2Mod/Base.SC2Data/GameData/RequirementData.xml	requirement-with-logic	no		0	0	0	0
requirement	HaveGlialReconstitution	Abathur	unit_or_evolution_dynamic	2	CRequirement	原始mod/Mods/XM/XMFinal.SC2Mod/Base.SC2Data/GameData/RequirementData.xml	requirement-with-logic	no		0	0	0	0
requirement	HaveGraviticBoosters	Artanis,Fenix,Karax,Zeratul	unit_or_evolution_dynamic	4	CRequirement	原始mod/Mods/XM/XMFinal.SC2Mod/Base.SC2Data/GameData/RequirementData.xml	requirement-with-logic	no		0	0	0	0
requirement	HaveGroovedSpines	Kerrigan	unit_or_evolution_dynamic	1	CRequirement	原始mod/Mods/XM/XMFinal.SC2Mod/Base.SC2Data/GameData/RequirementData.xml	requirement-with-logic	no		0	0	0	0
requirement	HaveGuardianAttackRangeIncrease	Abathur	unit_or_evolution_dynamic	1	CRequirement	原始mod/Mods/XM/XMFinal.SC2Mod/Base.SC2Data/GameData/RequirementData.xml	requirement-with-logic	no		0	0	0	0
requirement	HaveHealingPsionicStorm	Artanis	unit_or_evolution_dynamic	1	CRequirement	原始mod/Mods/XM/XMFinal.SC2Mod/Base.SC2Data/GameData/RequirementData.xml	requirement-with-logic	no		0	0	0	0
requirement	HaveHealingPsionicStormHighArchon	Artanis	unit_or_evolution_dynamic	1	CRequirement	原始mod/Mods/XM/XMFinal.SC2Mod/Base.SC2Data/GameData/RequirementData.xml	requirement-with-logic	no		0	0	0	0
requirement	HaveHellbatHellArmor	Swann	unit_or_evolution_dynamic	2	CRequirement	原始mod/Mods/XM/XMFinal.SC2Mod/Base.SC2Data/GameData/RequirementData.xml	requirement-with-logic	no		0	0	0	0
requirement	HaveHHArmyOOCRegen	Horner	unit_or_evolution_dynamic	4	CRequirement	原始mod/Mods/XM/XMFinal.SC2Mod/Base.SC2Data/GameData/RequirementData.xml	requirement-with-logic	no		0	0	0	0
requirement	HaveHHHellionAttackDoT	Horner	unit_or_evolution_dynamic	1	CRequirement	原始mod/Mods/XM/XMFinal.SC2Mod/Base.SC2Data/GameData/RequirementData.xml	requirement-with-logic	no		0	0	0	0
requirement	HaveHHHellionFearDeath	Horner	unit_or_evolution_dynamic	1	CRequirement	原始mod/Mods/XM/XMFinal.SC2Mod/Base.SC2Data/GameData/RequirementData.xml	requirement-with-logic	no		0	0	0	0
requirement	HaveHHHellionStimDeath	Horner	unit_or_evolution_dynamic	1	CRequirement	原始mod/Mods/XM/XMFinal.SC2Mod/Base.SC2Data/GameData/RequirementData.xml	requirement-with-logic	no		0	0	0	0
requirement	HaveHHReaperClusterBomb	Horner	unit_or_evolution_dynamic	1	CRequirement	原始mod/Mods/XM/XMFinal.SC2Mod/Base.SC2Data/GameData/RequirementData.xml	requirement-with-logic	no		0	0	0	0
requirement	HaveHHSOBuff	Horner	unit_or_evolution_dynamic	8	CRequirement	原始mod/Mods/XM/XMFinal.SC2Mod/Base.SC2Data/GameData/RequirementData.xml	requirement-with-logic	no		0	0	0	0
requirement	HaveHHVikingMorph	Horner	unit_or_evolution_dynamic	1	CRequirement	原始mod/Mods/XM/XMFinal.SC2Mod/Base.SC2Data/GameData/RequirementData.xml	requirement-with-logic	no		0	0	0	0
requirement	HaveHHVikingPiercingAttack	Horner	unit_or_evolution_dynamic	1	CRequirement	原始mod/Mods/XM/XMFinal.SC2Mod/Base.SC2Data/GameData/RequirementData.xml	requirement-with-logic	no		0	0	0	0
requirement	HaveHHWidowMineAttackRange	Horner	unit_or_evolution_dynamic	1	CRequirement	原始mod/Mods/XM/XMFinal.SC2Mod/Base.SC2Data/GameData/RequirementData.xml	requirement-with-logic	no		0	0	0	0
requirement	HaveHHWidowMineDeathBlossom	Horner	unit_or_evolution_dynamic	1	CRequirement	原始mod/Mods/XM/XMFinal.SC2Mod/Base.SC2Data/GameData/RequirementData.xml	requirement-with-logic	no		0	0	0	0
requirement	HaveHHWraithFury	Horner	unit_or_evolution_dynamic	1	CRequirement	原始mod/Mods/XM/XMFinal.SC2Mod/Base.SC2Data/GameData/RequirementData.xml	requirement-with-logic	no		0	0	0	0
requirement	HaveHHWraithPermaCloak	Horner	unit_or_evolution_dynamic	1	CRequirement	原始mod/Mods/XM/XMFinal.SC2Mod/Base.SC2Data/GameData/RequirementData.xml	requirement-with-logic	no		0	0	0	0
requirement	HaveHighTemplarEnergyUpgrade	Artanis	unit_or_evolution_dynamic	1	CRequirement	原始mod/Mods/XM/XMFinal.SC2Mod/Base.SC2Data/GameData/RequirementData.xml	requirement-with-logic	no		0	0	0	0
requirement	HaveHighTemplarEnergyUpgradeHighArchon	Artanis	unit_or_evolution_dynamic	1	CRequirement	原始mod/Mods/XM/XMFinal.SC2Mod/Base.SC2Data/GameData/RequirementData.xml	requirement-with-logic	no		0	0	0	0
requirement	HaveHighTemplarImprovedSacrifice	Alarak	unit_or_evolution_dynamic	1	CRequirement	原始mod/Mods/XM/XMFinal.SC2Mod/Base.SC2Data/GameData/RequirementData.xml	requirement-with-logic	no		0	0	0	0
requirement	HaveHighTemplarPsionicOrbTravelDistance	Alarak	unit_or_evolution_dynamic	1	CRequirement	原始mod/Mods/XM/XMFinal.SC2Mod/Base.SC2Data/GameData/RequirementData.xml	requirement-with-logic	no		0	0	0	0
requirement	HaveHotSChitinousPlating	Kerrigan	unit_or_evolution_dynamic	1	CRequirement	原始mod/Mods/XM/XMFinal.SC2Mod/Base.SC2Data/GameData/RequirementData.xml	requirement-with-logic	no		0	0	0	0
requirement	HaveHotSRoachDamage	Abathur	unit_or_evolution_dynamic	1	CRequirement	原始mod/Mods/XM/XMFinal.SC2Mod/Base.SC2Data/GameData/RequirementData.xml	requirement-with-logic	no		0	0	0	0
requirement	HaveHotSRoachShield	Abathur	unit_or_evolution_dynamic	2	CRequirement	原始mod/Mods/XM/XMFinal.SC2Mod/Base.SC2Data/GameData/RequirementData.xml	requirement-with-logic	no		0	0	0	0
requirement	HaveHotSTissueAssimilation	Kerrigan	unit_or_evolution_dynamic	1	CRequirement	原始mod/Mods/XM/XMFinal.SC2Mod/Base.SC2Data/GameData/RequirementData.xml	requirement-with-logic	no		0	0	0	0
requirement	HaveHydraliskStetmannMovementSpeed	Stetmann	unit_or_evolution_dynamic	1	CRequirement	原始mod/Mods/XM/XMFinal.SC2Mod/Base.SC2Data/GameData/RequirementData.xml	requirement-with-logic	no		0	0	0	0
requirement	HaveHydraliskStetmannRange	Stetmann	unit_or_evolution_dynamic	1	CRequirement	原始mod/Mods/XM/XMFinal.SC2Mod/Base.SC2Data/GameData/RequirementData.xml	requirement-with-logic	no		0	0	0	0
requirement	HaveInfernalPreigniter	Nova,Swann	unit_or_evolution_dynamic	5	CRequirement	原始mod/Mods/XM/XMFinal.SC2Mod/Base.SC2Data/GameData/RequirementData.xml	requirement-with-logic	no		0	0	0	0
requirement	HaveInfestedSiegeTankAmmo	Stukov	unit_or_evolution_dynamic	1	CRequirement	原始mod/Mods/XM/XMFinal.SC2Mod/Base.SC2Data/GameData/RequirementData.xml	requirement-with-logic	no		0	0	0	0
requirement	HaveK5ChainLightning	Kerrigan	unit_or_evolution_dynamic	1	CRequirement	原始mod/Mods/XM/XMFinal.SC2Mod/Base.SC2Data/GameData/RequirementData.xml	manual-requirement-with-logic	yes	requirementStub	0	0	0	0
requirement	HaveK5Cooldowns	Kerrigan	unit_or_evolution_dynamic	1	CRequirement	原始mod/Mods/XM/XMFinal.SC2Mod/Base.SC2Data/GameData/RequirementData.xml	manual-requirement-with-logic	yes	requirementStub	0	0	0	0
requirement	HaveK5Fury	Kerrigan	unit_or_evolution_dynamic	1	CRequirement	原始mod/Mods/XM/XMFinal.SC2Mod/Base.SC2Data/GameData/RequirementData.xml	manual-requirement-stub	yes	requirementStub	0	0	0	0
requirement	HaveK5HeroicFortitude	Kerrigan	unit_or_evolution_dynamic	1	CRequirement	原始mod/Mods/XM/XMFinal.SC2Mod/Base.SC2Data/GameData/RequirementData.xml	manual-requirement-stub	yes	requirementStub	0	0	0	0
requirement	HaveKaraxEnergyRegenUpgrade	Karax	unit_or_evolution_dynamic	1	CRequirement	原始mod/Mods/XM/XMFinal.SC2Mod/Base.SC2Data/GameData/RequirementData.xml	requirement-with-logic	no		0	0	0	0
requirement	HaveKaraxExtendedThermalLance	Fenix,Karax	unit_or_evolution_dynamic	2	CRequirement	原始mod/Mods/XM/XMFinal.SC2Mod/Base.SC2Data/GameData/RequirementData.xml	requirement-with-logic	no		0	0	0	0
requirement	HaveKaraxPhoenixRangeUpgrade	Karax	unit_or_evolution_dynamic	1	CRequirement	原始mod/Mods/XM/XMFinal.SC2Mod/Base.SC2Data/GameData/RequirementData.xml	requirement-with-logic	no		0	0	0	0
requirement	HaveKerriganSunderingGlaive	Kerrigan	unit_or_evolution_dynamic	1	CRequirement	原始mod/Mods/XM/XMFinal.SC2Mod/Base.SC2Data/GameData/RequirementData.xml	requirement-with-logic	no		0	0	0	0
requirement	HaveKerriganViciousGlaive	Kerrigan	unit_or_evolution_dynamic	1	CRequirement	原始mod/Mods/XM/XMFinal.SC2Mod/Base.SC2Data/GameData/RequirementData.xml	requirement-with-logic	no		0	0	0	0
requirement	HaveKerriganVoidCoopEnergyRegen	Kerrigan	unit_or_evolution_dynamic	1	CRequirement	原始mod/Mods/XM/XMFinal.SC2Mod/Base.SC2Data/GameData/RequirementData.xml	requirement-with-logic	no		0	0	0	0
requirement	HaveLaserTargetingSystemNova	Nova	unit_or_evolution_dynamic	1	CRequirement	原始mod/Mods/XM/XMFinal.SC2Mod/Base.SC2Data/GameData/RequirementData.xml	requirement-with-logic	no		0	0	0	0
requirement	HaveLiberatorMAFServos	Nova	unit_or_evolution_dynamic	1	CRequirement	原始mod/Mods/XM/XMFinal.SC2Mod/Base.SC2Data/GameData/RequirementData.xml	requirement-with-logic	no		0	0	0	0
requirement	HaveLiberatorRange	Horner	unit_or_evolution_dynamic	1	CRequirement	原始mod/Mods/XM/XMFinal.SC2Mod/Base.SC2Data/GameData/RequirementData.xml	manual-requirement-stub	yes	requirementStub	0	0	0	0
requirement	HaveLiberatorStructureAttack	Nova	unit_or_evolution_dynamic	1	CRequirement	原始mod/Mods/XM/XMFinal.SC2Mod/Base.SC2Data/GameData/RequirementData.xml	requirement-with-logic	no		0	0	0	0
requirement	HaveMaelstromRounds	Raynor,Swann	unit_or_evolution_dynamic	2	CRequirement	原始mod/Mods/XM/XMFinal.SC2Mod/Base.SC2Data/GameData/RequirementData.xml	requirement-with-logic	no		0	0	0	0
requirement	HaveMarauderMengskSlow	Mengsk	unit_or_evolution_dynamic	1	CRequirement	原始mod/Mods/XM/XMFinal.SC2Mod/Base.SC2Data/GameData/RequirementData.xml	requirement-with-logic	no		0	0	0	0
requirement	HaveMasteryZagaraZerglingDodgeChance	Kerrigan,Stukov,Zagara	unit_or_evolution_dynamic	3	CRequirement	原始mod/Mods/XM/XMFinal.SC2Mod/Base.SC2Data/GameData/RequirementData.xml	requirement-with-logic	no		0	0	0	0
requirement	HaveMedivacCloakHealBeam	Nova	unit_or_evolution_dynamic	1	CRequirement	原始mod/Mods/XM/XMFinal.SC2Mod/Base.SC2Data/GameData/RequirementData.xml	requirement-with-logic	no		0	0	0	0
requirement	HaveMedivacMengskDoubleHealBeam	Mengsk	unit_or_evolution_dynamic	1	CRequirement	原始mod/Mods/XM/XMFinal.SC2Mod/Base.SC2Data/GameData/RequirementData.xml	requirement-with-logic	no		0	0	0	0
requirement	HaveMedivacMengskPermanentCloak	Mengsk	unit_or_evolution_dynamic	1	CRequirement	原始mod/Mods/XM/XMFinal.SC2Mod/Base.SC2Data/GameData/RequirementData.xml	requirement-with-logic	no		0	0	0	0
requirement	HaveMedivacMengskSiegeTankAirlift	Mengsk	unit_or_evolution_dynamic	3	CRequirement	原始mod/Mods/XM/XMFinal.SC2Mod/Base.SC2Data/GameData/RequirementData.xml	requirement-with-logic	no		0	0	0	0
requirement	HaveMengskVeterancyMarauderMengskGELevel2	Mengsk	unit_or_evolution_dynamic	1	CRequirement	原始mod/Mods/XM/XMFinal.SC2Mod/Base.SC2Data/GameData/RequirementData.xml	requirement-with-logic	no		0	0	0	0
requirement	HaveMengskVeterancySiegeTankMengskGELevel2	Mengsk	unit_or_evolution_dynamic	2	CRequirement	原始mod/Mods/XM/XMFinal.SC2Mod/Base.SC2Data/GameData/RequirementData.xml	requirement-with-logic	no		0	0	0	0
requirement	HaveMengskVeterancyVikingMengskGELevel3	Mengsk	unit_or_evolution_dynamic	2	CRequirement	原始mod/Mods/XM/XMFinal.SC2Mod/Base.SC2Data/GameData/RequirementData.xml	requirement-with-logic	no		0	0	0	0
requirement	HaveMengskVeterancyVikingMengskLevel4	Mengsk	unit_or_evolution_dynamic	1	CRequirement	原始mod/Mods/XM/XMFinal.SC2Mod/Base.SC2Data/GameData/RequirementData.xml	requirement-with-logic	no		0	0	0	0
requirement	HaveMiragePhaseArmor	Karax	unit_or_evolution_dynamic	1	CRequirement	原始mod/Mods/XM/XMFinal.SC2Mod/Base.SC2Data/GameData/RequirementData.xml	requirement-with-logic	no		0	0	0	0
requirement	HaveMPAdrenalGlands	Kerrigan,Stukov,Zagara	unit_or_evolution_dynamic	3	CRequirement	原始mod/Mods/XM/XMFinal.SC2Mod/Base.SC2Data/GameData/RequirementData.xml	requirement-with-logic	no		0	0	0	0
requirement	HaveMPMetabolicBoost	Kerrigan,Stukov,Zagara	unit_or_evolution_dynamic	3	CRequirement	原始mod/Mods/XM/XMFinal.SC2Mod/Base.SC2Data/GameData/RequirementData.xml	requirement-with-logic	no		0	0	0	0
requirement	HaveNovaCommander	Nova	unit_or_evolution_dynamic	1	CRequirement	原始mod/Mods/XM/XMFinal.SC2Mod/Base.SC2Data/GameData/RequirementData.xml	requirement-with-logic	no		0	0	0	0
requirement	HaveNovaConcussiveShells	Nova	unit_or_evolution_dynamic	1	CRequirement	原始mod/Mods/XM/XMFinal.SC2Mod/Base.SC2Data/GameData/RequirementData.xml	requirement-with-logic	no		0	0	0	0
requirement	HaveNovaUnitLockdown	Nova	unit_or_evolution_dynamic	1	CRequirement	原始mod/Mods/XM/XMFinal.SC2Mod/Base.SC2Data/GameData/RequirementData.xml	requirement-with-logic	no		0	0	0	0
requirement	HaveOracleStasisWardUpgrade	Vorazun	unit_or_evolution_dynamic	1	CRequirement	原始mod/Mods/XM/XMFinal.SC2Mod/Base.SC2Data/GameData/RequirementData.xml	requirement-with-logic	no		0	0	0	0
requirement	HaveOrganicCarapace	Abathur	unit_or_evolution_dynamic	3	CRequirement	原始mod/Mods/XM/XMFinal.SC2Mod/Base.SC2Data/GameData/RequirementData.xml	requirement-with-logic	no		0	0	0	0
requirement	HaveOverlordStetmannSpeed	Stetmann	unit_or_evolution_dynamic	1	CRequirement	原始mod/Mods/XM/XMFinal.SC2Mod/Base.SC2Data/GameData/RequirementData.xml	requirement-with-logic	no		0	0	0	0
requirement	HavePhoenixRangeUpgrade	Artanis	unit_or_evolution_dynamic	1	CRequirement	原始mod/Mods/XM/XMFinal.SC2Mod/Base.SC2Data/GameData/RequirementData.xml	requirement-with-logic	no		0	0	0	0
requirement	HavePropagandaBlastMengsk	Mengsk	unit_or_evolution_dynamic	5	CRequirement	原始mod/Mods/XM/XMFinal.SC2Mod/Base.SC2Data/GameData/RequirementData.xml	requirement-with-logic	no		0	0	0	0
requirement	HaveResearchDoubleGravitonBeamPassive	Artanis	unit_or_evolution_dynamic	1	CRequirement	原始mod/Mods/XM/XMFinal.SC2Mod/Base.SC2Data/GameData/RequirementData.xml	requirement-with-logic	no		0	0	0	0
requirement	HaveScienceVesselFreeRepair	Swann	unit_or_evolution_dynamic	1	CRequirement	原始mod/Mods/XM/XMFinal.SC2Mod/Base.SC2Data/GameData/RequirementData.xml	requirement-with-logic	no		0	0	0	0
requirement	HaveScourgeGasCostReduction	Zagara	unit_or_evolution_dynamic	1	CRequirement	原始mod/Mods/XM/XMFinal.SC2Mod/Base.SC2Data/GameData/RequirementData.xml	requirement-with-logic	no		0	0	0	0
requirement	HaveScourgeSplashDamage	Zagara	unit_or_evolution_dynamic	1	CRequirement	原始mod/Mods/XM/XMFinal.SC2Mod/Base.SC2Data/GameData/RequirementData.xml	requirement-with-logic	no		0	0	0	0
requirement	HaveShieldWall	Raynor	unit_or_evolution_dynamic	1	CRequirement	原始mod/Mods/XM/XMFinal.SC2Mod/Base.SC2Data/GameData/RequirementData.xml	requirement-with-logic	no		0	0	0	0
requirement	HaveSIMarineTrooperRange	Stukov	unit_or_evolution_dynamic	1	CRequirement	原始mod/Mods/XM/XMFinal.SC2Mod/Base.SC2Data/GameData/RequirementData.xml	requirement-with-logic	no		0	0	0	0
requirement	HaveSingularityCharge	Artanis	unit_or_evolution_dynamic	1	CRequirement	原始mod/Mods/XM/XMFinal.SC2Mod/Base.SC2Data/GameData/RequirementData.xml	requirement-with-logic	no		0	0	0	0
requirement	HaveSIPlaguedMunitions	Stukov	unit_or_evolution_dynamic	1	CRequirement	原始mod/Mods/XM/XMFinal.SC2Mod/Base.SC2Data/GameData/RequirementData.xml	requirement-with-logic	no		0	0	0	0
requirement	HaveStukovInfestedCivilianSpawnBroodlingOnDeath	Stukov	unit_or_evolution_dynamic	1	CRequirement	原始mod/Mods/XM/XMFinal.SC2Mod/Base.SC2Data/GameData/RequirementData.xml	requirement-with-logic	no		0	0	0	0
requirement	HaveStukovInfestedInfestedCivilianLeapAttack	Stukov	unit_or_evolution_dynamic	1	CRequirement	原始mod/Mods/XM/XMFinal.SC2Mod/Base.SC2Data/GameData/RequirementData.xml	requirement-with-logic	no		0	0	0	0
requirement	HaveSuperScience	Nova	unit_or_evolution_dynamic	1	CRequirement	原始mod/Mods/XM/XMFinal.SC2Mod/Base.SC2Data/GameData/RequirementData.xml	requirement-with-logic	no		0	0	0	0
requirement	HaveSupplicantShieldArmor	Alarak	unit_or_evolution_dynamic	1	CRequirement	原始mod/Mods/XM/XMFinal.SC2Mod/Base.SC2Data/GameData/RequirementData.xml	requirement-with-logic	no		0	0	0	0
requirement	HaveSwannCommander	Swann	unit_or_evolution_dynamic	1	CRequirement	原始mod/Mods/XM/XMFinal.SC2Mod/Base.SC2Data/GameData/RequirementData.xml	requirement-with-logic	no		0	0	0	0
requirement	HaveSwannCommanderImmortalityProtocol	Raynor,Swann	unit_or_evolution_dynamic	2	CRequirement	原始mod/Mods/XM/XMFinal.SC2Mod/Base.SC2Data/GameData/RequirementData.xml	requirement-with-logic	no		0	0	0	0
requirement	HaveThorMengskArmorAura	Mengsk	unit_or_evolution_dynamic	1	CRequirement	原始mod/Mods/XM/XMFinal.SC2Mod/Base.SC2Data/GameData/RequirementData.xml	requirement-with-logic	no		0	0	0	0
requirement	HaveTychusACBandofBrothers	Tychus	unit_or_evolution_dynamic	1	CRequirement	原始mod/Mods/XM/XMFinal.SC2Mod/Base.SC2Data/GameData/RequirementData.xml	requirement-with-logic	no		0	0	0	0
requirement	HaveTychusACImplosionGrenades	Tychus	unit_or_evolution_dynamic	1	CRequirement	原始mod/Mods/XM/XMFinal.SC2Mod/Base.SC2Data/GameData/RequirementData.xml	requirement-with-logic	no		0	0	0	0
requirement	HaveTychusACPiercingRounds	Tychus	unit_or_evolution_dynamic	1	CRequirement	原始mod/Mods/XM/XMFinal.SC2Mod/Base.SC2Data/GameData/RequirementData.xml	requirement-with-logic	no		0	0	0	0
requirement	HaveTychusACRageGrenades	Tychus	unit_or_evolution_dynamic	1	CRequirement	原始mod/Mods/XM/XMFinal.SC2Mod/Base.SC2Data/GameData/RequirementData.xml	requirement-with-logic	no		0	0	0	0
requirement	HaveTychusFirebatBlueFlameOil	Tychus	unit_or_evolution_dynamic	1	CRequirement	原始mod/Mods/XM/XMFinal.SC2Mod/Base.SC2Data/GameData/RequirementData.xml	requirement-with-logic	no		0	0	0	0
requirement	HaveTychusFirebatIncendiaryPetroleum	Tychus	unit_or_evolution_dynamic	1	CRequirement	原始mod/Mods/XM/XMFinal.SC2Mod/Base.SC2Data/GameData/RequirementData.xml	requirement-with-logic	no		0	0	0	0
requirement	HaveTychusFirebatPremiumPetroleum	Tychus	unit_or_evolution_dynamic	1	CRequirement	原始mod/Mods/XM/XMFinal.SC2Mod/Base.SC2Data/GameData/RequirementData.xml	requirement-with-logic	no		0	0	0	0
requirement	HaveTychusFirebatShield	Tychus	unit_or_evolution_dynamic	1	CRequirement	原始mod/Mods/XM/XMFinal.SC2Mod/Base.SC2Data/GameData/RequirementData.xml	requirement-with-logic	no		0	0	0	0
requirement	HaveTychusGhostConcentrationHelmet	Tychus	unit_or_evolution_dynamic	1	CRequirement	原始mod/Mods/XM/XMFinal.SC2Mod/Base.SC2Data/GameData/RequirementData.xml	requirement-with-logic	no		0	0	0	0
requirement	HaveTychusGhostConfusingDomination	Tychus	unit_or_evolution_dynamic	1	CRequirement	原始mod/Mods/XM/XMFinal.SC2Mod/Base.SC2Data/GameData/RequirementData.xml	requirement-with-logic	no		0	0	0	0
requirement	HaveTychusGhostDominateBuff	Tychus	unit_or_evolution_dynamic	1	CRequirement	原始mod/Mods/XM/XMFinal.SC2Mod/Base.SC2Data/GameData/RequirementData.xml	requirement-with-logic	no		0	0	0	0
requirement	HaveTychusGhostPsychicSnare	Tychus	unit_or_evolution_dynamic	1	CRequirement	原始mod/Mods/XM/XMFinal.SC2Mod/Base.SC2Data/GameData/RequirementData.xml	requirement-with-logic	no		0	0	0	0
requirement	HaveTychusHercCrit	Tychus	unit_or_evolution_dynamic	1	CRequirement	原始mod/Mods/XM/XMFinal.SC2Mod/Base.SC2Data/GameData/RequirementData.xml	requirement-with-logic	no		0	0	0	0
requirement	HaveTychusHercGrappleImpacts	Tychus	unit_or_evolution_dynamic	1	CRequirement	原始mod/Mods/XM/XMFinal.SC2Mod/Base.SC2Data/GameData/RequirementData.xml	requirement-with-logic	no		0	0	0	0
requirement	HaveTychusHercRage	Tychus	unit_or_evolution_dynamic	1	CRequirement	原始mod/Mods/XM/XMFinal.SC2Mod/Base.SC2Data/GameData/RequirementData.xml	requirement-with-logic	no		0	0	0	0
requirement	HaveTychusMarauderAttackSplash	Tychus	unit_or_evolution_dynamic	1	CRequirement	原始mod/Mods/XM/XMFinal.SC2Mod/Base.SC2Data/GameData/RequirementData.xml	requirement-with-logic	no		0	0	0	0
requirement	HaveTychusMarauderHealingWardBuffUpgrade	Tychus	unit_or_evolution_dynamic	1	CRequirement	原始mod/Mods/XM/XMFinal.SC2Mod/Base.SC2Data/GameData/RequirementData.xml	requirement-with-logic	no		0	0	0	0
requirement	HaveTychusMarauderHealingWardSpeedBuffUpgrade	Tychus	unit_or_evolution_dynamic	1	CRequirement	原始mod/Mods/XM/XMFinal.SC2Mod/Base.SC2Data/GameData/RequirementData.xml	requirement-with-logic	no		0	0	0	0
requirement	HaveTychusMedicAdvancedHealingSpray	Tychus	unit_or_evolution_dynamic	1	CRequirement	原始mod/Mods/XM/XMFinal.SC2Mod/Base.SC2Data/GameData/RequirementData.xml	requirement-with-logic	no		0	0	0	0
requirement	HaveTychusMedicDoubleBeam	Tychus	unit_or_evolution_dynamic	1	CRequirement	原始mod/Mods/XM/XMFinal.SC2Mod/Base.SC2Data/GameData/RequirementData.xml	requirement-with-logic	no		0	0	0	0
requirement	HaveTychusMedicSuperHealing	Tychus	unit_or_evolution_dynamic	1	CRequirement	原始mod/Mods/XM/XMFinal.SC2Mod/Base.SC2Data/GameData/RequirementData.xml	requirement-with-logic	no		0	0	0	0
requirement	HaveTychusReaperBombCharges	Tychus	unit_or_evolution_dynamic	1	CRequirement	原始mod/Mods/XM/XMFinal.SC2Mod/Base.SC2Data/GameData/RequirementData.xml	requirement-with-logic	no		0	0	0	0
requirement	HaveTychusReaperBombDamage	Tychus	unit_or_evolution_dynamic	1	CRequirement	原始mod/Mods/XM/XMFinal.SC2Mod/Base.SC2Data/GameData/RequirementData.xml	requirement-with-logic	no		0	0	0	0
requirement	HaveTychusReaperBombStun	Tychus	unit_or_evolution_dynamic	1	CRequirement	原始mod/Mods/XM/XMFinal.SC2Mod/Base.SC2Data/GameData/RequirementData.xml	requirement-with-logic	no		0	0	0	0
requirement	HaveTychusReaperSuperCloak	Tychus	unit_or_evolution_dynamic	1	CRequirement	原始mod/Mods/XM/XMFinal.SC2Mod/Base.SC2Data/GameData/RequirementData.xml	requirement-with-logic	no		0	0	0	0
requirement	HaveTychusSpectreBrillianceAura	Tychus	unit_or_evolution_dynamic	1	CRequirement	原始mod/Mods/XM/XMFinal.SC2Mod/Base.SC2Data/GameData/RequirementData.xml	requirement-with-logic	no		0	0	0	0
requirement	HaveTychusSpectreExtendedPulseGun	Tychus	unit_or_evolution_dynamic	1	CRequirement	原始mod/Mods/XM/XMFinal.SC2Mod/Base.SC2Data/GameData/RequirementData.xml	requirement-with-logic	no		0	0	0	0
requirement	HaveTychusSpectreSuperUltrasonicPulse	Tychus	unit_or_evolution_dynamic	1	CRequirement	原始mod/Mods/XM/XMFinal.SC2Mod/Base.SC2Data/GameData/RequirementData.xml	requirement-with-logic	no		0	0	0	0
requirement	HaveTychusSpectreVisionSuit	Tychus	unit_or_evolution_dynamic	1	CRequirement	原始mod/Mods/XM/XMFinal.SC2Mod/Base.SC2Data/GameData/RequirementData.xml	requirement-with-logic	no		0	0	0	0
requirement	HaveTychusWarhoundDeathExplosionUpgrade	Tychus	unit_or_evolution_dynamic	1	CRequirement	原始mod/Mods/XM/XMFinal.SC2Mod/Base.SC2Data/GameData/RequirementData.xml	requirement-with-logic	no		0	0	0	0
requirement	HaveTychusWarhoundFearUpgrade	Tychus	unit_or_evolution_dynamic	1	CRequirement	原始mod/Mods/XM/XMFinal.SC2Mod/Base.SC2Data/GameData/RequirementData.xml	requirement-with-logic	no		0	0	0	0
requirement	HaveTychusWarhoundTurretUpgrade	Tychus	unit_or_evolution_dynamic	1	CRequirement	原始mod/Mods/XM/XMFinal.SC2Mod/Base.SC2Data/GameData/RequirementData.xml	requirement-with-logic	no		0	0	0	0
requirement	HaveUltraliskAnabolicSynthesis	Kerrigan	unit_or_evolution_dynamic	1	CRequirement	原始mod/Mods/XM/XMFinal.SC2Mod/Base.SC2Data/GameData/RequirementData.xml	manual-requirement-stub	yes	requirementStub	0	0	0	0
requirement	HaveUltraliskChitnousPlating	Kerrigan	unit_or_evolution_dynamic	1	CRequirement	原始mod/Mods/XM/XMFinal.SC2Mod/Base.SC2Data/GameData/RequirementData.xml	manual-requirement-stub	yes	requirementStub	0	0	0	0
requirement	HaveUltraliskStetmannArmor	Stetmann	unit_or_evolution_dynamic	1	CRequirement	原始mod/Mods/XM/XMFinal.SC2Mod/Base.SC2Data/GameData/RequirementData.xml	requirement-with-logic	no		0	0	0	0
requirement	HaveVanguardArmoredDamage	Alarak	unit_or_evolution_dynamic	1	CRequirement	原始mod/Mods/XM/XMFinal.SC2Mod/Base.SC2Data/GameData/RequirementData.xml	requirement-with-logic	no		0	0	0	0
requirement	HaveVikingMengskCheatDeathCooldown	Mengsk	unit_or_evolution_dynamic	1	CRequirement	原始mod/Mods/XM/XMFinal.SC2Mod/Base.SC2Data/GameData/RequirementData.xml	requirement-with-logic	no		0	0	0	0
requirement	HaveVikingMengskSpeed	Mengsk	unit_or_evolution_dynamic	1	CRequirement	原始mod/Mods/XM/XMFinal.SC2Mod/Base.SC2Data/GameData/RequirementData.xml	requirement-with-logic	no		0	0	0	0
requirement	HaveViperAbductImprovedStun	Abathur	unit_or_evolution_dynamic	1	CRequirement	原始mod/Mods/XM/XMFinal.SC2Mod/Base.SC2Data/GameData/RequirementData.xml	requirement-with-logic	no		0	0	0	0
requirement	HaveViperImprovedCastRange	Abathur	unit_or_evolution_dynamic	1	CRequirement	原始mod/Mods/XM/XMFinal.SC2Mod/Base.SC2Data/GameData/RequirementData.xml	requirement-with-logic	no		0	0	0	0
requirement	HaveWraithImprovedBurstLaser	Stukov,Swann	unit_or_evolution_dynamic	2	CRequirement	原始mod/Mods/XM/XMFinal.SC2Mod/Base.SC2Data/GameData/RequirementData.xml	requirement-with-logic	no		0	0	0	0
requirement	HaveZeratulArtifactTier1AndCyberCore	Zeratul	unit_or_evolution_dynamic	2	CRequirement	原始mod/Mods/XM/XMFinal.SC2Mod/Base.SC2Data/GameData/RequirementData.xml	requirement-with-logic	no		0	0	0	0
requirement	HaveZeratulArtifactTier1AndRoboticsBay	Zeratul	unit_or_evolution_dynamic	1	CRequirement	原始mod/Mods/XM/XMFinal.SC2Mod/Base.SC2Data/GameData/RequirementData.xml	requirement-with-logic	no		0	0	0	0
requirement	HaveZeratulArtifactTier2AndCyberCore	Zeratul	unit_or_evolution_dynamic	2	CRequirement	原始mod/Mods/XM/XMFinal.SC2Mod/Base.SC2Data/GameData/RequirementData.xml	requirement-with-logic	no		0	0	0	0
requirement	HaveZeratulArtifactTier2AndRoboticsBay	Zeratul	unit_or_evolution_dynamic	3	CRequirement	原始mod/Mods/XM/XMFinal.SC2Mod/Base.SC2Data/GameData/RequirementData.xml	requirement-with-logic	no		0	0	0	0
requirement	HaveZeratulArtifactTier3AndCyberCore	Zeratul	unit_or_evolution_dynamic	2	CRequirement	原始mod/Mods/XM/XMFinal.SC2Mod/Base.SC2Data/GameData/RequirementData.xml	requirement-with-logic	no		0	0	0	0
requirement	HaveZeratulArtifactTier3AndRoboticsBay	Zeratul	unit_or_evolution_dynamic	3	CRequirement	原始mod/Mods/XM/XMFinal.SC2Mod/Base.SC2Data/GameData/RequirementData.xml	requirement-with-logic	no		0	0	0	0
requirement	HaveZerglingArmorShred	Kerrigan,Stukov,Zagara	unit_or_evolution_dynamic	3	CRequirement	原始mod/Mods/XM/XMFinal.SC2Mod/Base.SC2Data/GameData/RequirementData.xml	requirement-with-logic	no		0	0	0	0
requirement	HaveZerglingStetmannAttackSpeed	Stetmann	unit_or_evolution_dynamic	1	CRequirement	原始mod/Mods/XM/XMFinal.SC2Mod/Base.SC2Data/GameData/RequirementData.xml	requirement-with-logic	no		0	0	0	0
requirement	HaveZerglingStetmannHardenedShield	Stetmann	unit_or_evolution_dynamic	1	CRequirement	原始mod/Mods/XM/XMFinal.SC2Mod/Base.SC2Data/GameData/RequirementData.xml	requirement-with-logic	no		0	0	0	0
requirement	HaveZerglingStetmannMovementSpeed	Stetmann	unit_or_evolution_dynamic	1	CRequirement	原始mod/Mods/XM/XMFinal.SC2Mod/Base.SC2Data/GameData/RequirementData.xml	requirement-with-logic	no		0	0	0	0
requirement	KaraxLevel04	Fenix,Karax	unit_or_evolution_dynamic	3	CRequirement	原始mod/Mods/XM/XMFinal.SC2Mod/Base.SC2Data/GameData/RequirementData.xml	requirement-with-logic	no		0	0	0	0
requirement	KaraxLevel09	Artanis,Karax	unit_or_evolution_dynamic	2	CRequirement	原始mod/Mods/XM/XMFinal.SC2Mod/Base.SC2Data/GameData/RequirementData.xml	requirement-with-logic	no		0	0	0	0
requirement	KerriganLevel06	Kerrigan	unit_or_evolution_dynamic	2	CRequirement	原始mod/Mods/XM/XMFinal.SC2Mod/Base.SC2Data/GameData/RequirementData.xml	requirement-with-logic	no		0	0	0	0
requirement	KerriganLevel09	Kerrigan	unit_or_evolution_dynamic	2	CRequirement	原始mod/Mods/XM/XMFinal.SC2Mod/Base.SC2Data/GameData/RequirementData.xml	requirement-with-logic	no		0	0	0	0
requirement	KerriganLevel13	Kerrigan	unit_or_evolution_dynamic	1	CRequirement	原始mod/Mods/XM/XMFinal.SC2Mod/Base.SC2Data/GameData/RequirementData.xml	requirement-with-logic	no		0	0	0	0
requirement	RaynorLevel06	Swann	unit_or_evolution_dynamic	1	CRequirement	原始mod/Mods/XM/XMFinal.SC2Mod/Base.SC2Data/GameData/RequirementData.xml	requirement-with-logic	no		0	0	0	0
requirement	RaynorLevel11	Raynor,Swann	unit_or_evolution_dynamic	5	CRequirement	原始mod/Mods/XM/XMFinal.SC2Mod/Base.SC2Data/GameData/RequirementData.xml	requirement-with-logic	no		0	0	0	0
requirement	SwannLevel08	Swann	unit_or_evolution_dynamic	1	CRequirement	原始mod/Mods/XM/XMFinal.SC2Mod/Base.SC2Data/GameData/RequirementData.xml	requirement-with-logic	no		0	0	0	0
requirement	UseAresClassWeaponsSystem	Nova	unit_or_evolution_dynamic	1	CRequirement	原始mod/Mods/XM/XMFinal.SC2Mod/Base.SC2Data/GameData/RequirementData.xml	requirement-with-logic	no		0	0	0	0
requirement	UseCombatShield	Nova	unit_or_evolution_dynamic	1	CRequirement	原始mod/Mods/XM/XMFinal.SC2Mod/Base.SC2Data/GameData/RequirementData.xml	requirement-with-logic	no		0	0	0	0
requirement	UseDehakaMutaliskAirDoubleDamage	Dehaka	unit_or_evolution_dynamic	1	CRequirement	原始mod/Mods/XM/XMFinal.SC2Mod/Base.SC2Data/GameData/RequirementData.xml	requirement-with-logic	no		0	0	0	0
requirement	UseGravitonCatapult	Fenix,Karax	unit_or_evolution_dynamic	2	CRequirement	原始mod/Mods/XM/XMFinal.SC2Mod/Base.SC2Data/GameData/RequirementData.xml	manual-requirement-stub	yes	requirementStub	0	0	0	0
requirement	UseInfestedSiegeTankArmoredDamage	Stukov	unit_or_evolution_dynamic	1	CRequirement	原始mod/Mods/XM/XMFinal.SC2Mod/Base.SC2Data/GameData/RequirementData.xml	requirement-with-logic	no		0	0	0	0
requirement	UsePunisherGrenades	Raynor,Tychus	unit_or_evolution_dynamic	2	CRequirement	原始mod/Mods/XM/XMFinal.SC2Mod/Base.SC2Data/GameData/RequirementData.xml	manual-requirement-stub	yes	requirementStub	0	0	0	0
requirement	VorazunLevel06	Vorazun	unit_or_evolution_dynamic	2	CRequirement	原始mod/Mods/XM/XMFinal.SC2Mod/Base.SC2Data/GameData/RequirementData.xml	requirement-with-logic	no		0	0	0	0
requirement	ZagaraHaveCentrificalHooks	Zagara	unit_or_evolution_dynamic	1	CRequirement	原始mod/Mods/XM/XMFinal.SC2Mod/Base.SC2Data/GameData/RequirementData.xml	requirement-with-logic	no		0	0	0	0
requirement	ZagaraLevel02	Zagara	unit_or_evolution_dynamic	1	CRequirement	原始mod/Mods/XM/XMFinal.SC2Mod/Base.SC2Data/GameData/RequirementData.xml	requirement-with-logic	no		0	0	0	0
requirement	ZagaraLevel07	Zagara	unit_or_evolution_dynamic	1	CRequirement	原始mod/Mods/XM/XMFinal.SC2Mod/Base.SC2Data/GameData/RequirementData.xml	requirement-with-logic	no		0	0	0	0
requirement	ZagaraLevel08	Zagara	unit_or_evolution_dynamic	1	CRequirement	原始mod/Mods/XM/XMFinal.SC2Mod/Base.SC2Data/GameData/RequirementData.xml	requirement-with-logic	no		0	0	0	0
requirement	ZagaraLevel09	Zagara	unit_or_evolution_dynamic	1	CRequirement	原始mod/Mods/XM/XMFinal.SC2Mod/Base.SC2Data/GameData/RequirementData.xml	requirement-with-logic	no		0	0	0	0
requirement	ZealotPurifierReviveKaraxHide	Fenix,Karax	unit_or_evolution_dynamic	2	CRequirement	原始mod/Mods/XM/XMFinal.SC2Mod/Base.SC2Data/GameData/RequirementData.xml	requirement-with-logic	no		0	0	0	0
