ObjectId	CatalogType	OfficialSource	TargetFile	Status
AbathurDeepTunnel	CAbilEffectTarget	游戏数据/官方SC2原始文本镜像/mods/starcoop/starcoop.sc2mod/base.sc2data/gamedata/abildata.xml	C:\Users\22448\Downloads\重生虫心0.71汉化版（新）\reborn_workrepo\合作指挥官版起义狂潮\Mods\XM\XMFinal.SC2Mod\Base.SC2Data\GameData\AbilData.xml	skipped_existing
AbathurDeepTunnelImproved	CAbilEffectTarget	游戏数据/官方SC2原始文本镜像/mods/starcoop/starcoop.sc2mod/base.sc2data/gamedata/abildata.xml	C:\Users\22448\Downloads\重生虫心0.71汉化版（新）\reborn_workrepo\合作指挥官版起义狂潮\Mods\XM\XMFinal.SC2Mod\Base.SC2Data\GameData\AbilData.xml	skipped_existing
AbathurSymbioteHangerBrutalisk	CAbilArmMagazine	游戏数据/官方SC2原始文本镜像/mods/starcoop/starcoop.sc2mod/base.sc2data/gamedata/abildata.xml	C:\Users\22448\Downloads\重生虫心0.71汉化版（新）\reborn_workrepo\合作指挥官版起义狂潮\Mods\XM\XMFinal.SC2Mod\Base.SC2Data\GameData\AbilData.xml	skipped_existing
AbathurSymbioteHangerLeviathan	CAbilArmMagazine	游戏数据/官方SC2原始文本镜像/mods/starcoop/starcoop.sc2mod/base.sc2data/gamedata/abildata.xml	C:\Users\22448\Downloads\重生虫心0.71汉化版（新）\reborn_workrepo\合作指挥官版起义狂潮\Mods\XM\XMFinal.SC2Mod\Base.SC2Data\GameData\AbilData.xml	skipped_existing
Apocalypse	CAbilEffectTarget	游戏数据/官方SC2原始文本镜像/mods/starcoop/starcoop.sc2mod/base.sc2data/gamedata/abildata.xml	C:\Users\22448\Downloads\重生虫心0.71汉化版（新）\reborn_workrepo\合作指挥官版起义狂潮\Mods\XM\XMFinal.SC2Mod\Base.SC2Data\GameData\AbilData.xml	skipped_existing
Apocalypse	CAbilEffectTarget	游戏数据/官方SC2原始文本镜像/campaigns/swarm.sc2campaign/base.sc2data/gamedata/abildata.xml	C:\Users\22448\Downloads\重生虫心0.71汉化版（新）\reborn_workrepo\合作指挥官版起义狂潮\Mods\XM\XMFinal.SC2Mod\Base.SC2Data\GameData\AbilData.xml	skipped_existing
ArchonWarp	CAbilMerge	游戏数据/官方SC2原始文本镜像/mods/starcoop/starcoop.sc2mod/base.sc2data/gamedata/abildata.xml	C:\Users\22448\Downloads\重生虫心0.71汉化版（新）\reborn_workrepo\合作指挥官版起义狂潮\Mods\XM\XMFinal.SC2Mod\Base.SC2Data\GameData\AbilData.xml	skipped_existing
AutomatedExtractorToExtractor	CAbilMorph	游戏数据/官方SC2原始文本镜像/campaigns/swarm.sc2campaign/base.sc2data/gamedata/abildata.xml	C:\Users\22448\Downloads\重生虫心0.71汉化版（新）\reborn_workrepo\合作指挥官版起义狂潮\Mods\XM\XMFinal.SC2Mod\Base.SC2Data\GameData\AbilData.xml	skipped_existing
BanelingNestResearch	CAbilResearch	游戏数据/官方SC2原始文本镜像/mods/starcoop/starcoop.sc2mod/base.sc2data/gamedata/abildata.xml	C:\Users\22448\Downloads\重生虫心0.71汉化版（新）\reborn_workrepo\合作指挥官版起义狂潮\Mods\XM\XMFinal.SC2Mod\Base.SC2Data\GameData\AbilData.xml	skipped_existing
BanelingNestResearch	CAbilResearch	游戏数据/官方SC2原始文本镜像/campaigns/swarm.sc2campaign/base.sc2data/gamedata/abildata.xml	C:\Users\22448\Downloads\重生虫心0.71汉化版（新）\reborn_workrepo\合作指挥官版起义狂潮\Mods\XM\XMFinal.SC2Mod\Base.SC2Data\GameData\AbilData.xml	skipped_existing
BioMechanicalTransfusion	CAbilEffectTarget	游戏数据/官方SC2原始文本镜像/mods/starcoop/starcoop.sc2mod/base.sc2data/gamedata/abildata.xml	C:\Users\22448\Downloads\重生虫心0.71汉化版（新）\reborn_workrepo\合作指挥官版起义狂潮\Mods\XM\XMFinal.SC2Mod\Base.SC2Data\GameData\AbilData.xml	skipped_existing
BrutaliskDeepTunnel	CAbilEffectTarget	游戏数据/官方SC2原始文本镜像/mods/starcoop/starcoop.sc2mod/base.sc2data/gamedata/abildata.xml	C:\Users\22448\Downloads\重生虫心0.71汉化版（新）\reborn_workrepo\合作指挥官版起义狂潮\Mods\XM\XMFinal.SC2Mod\Base.SC2Data\GameData\AbilData.xml	skipped_existing
BurrowBrutaliskDown	CAbilMorph	游戏数据/官方SC2原始文本镜像/mods/starcoop/starcoop.sc2mod/base.sc2data/gamedata/abildata.xml	C:\Users\22448\Downloads\重生虫心0.71汉化版（新）\reborn_workrepo\合作指挥官版起义狂潮\Mods\XM\XMFinal.SC2Mod\Base.SC2Data\GameData\AbilData.xml	skipped_existing
BurrowBrutaliskUp	CAbilMorph	游戏数据/官方SC2原始文本镜像/mods/starcoop/starcoop.sc2mod/base.sc2data/gamedata/abildata.xml	C:\Users\22448\Downloads\重生虫心0.71汉化版（新）\reborn_workrepo\合作指挥官版起义狂潮\Mods\XM\XMFinal.SC2Mod\Base.SC2Data\GameData\AbilData.xml	skipped_existing
BurrowDehakaDown	CAbilMorph	游戏数据/官方SC2原始文本镜像/campaigns/swarm.sc2campaign/base.sc2data/gamedata/abildata.xml	C:\Users\22448\Downloads\重生虫心0.71汉化版（新）\reborn_workrepo\合作指挥官版起义狂潮\Mods\XM\XMFinal.SC2Mod\Base.SC2Data\GameData\AbilData.xml	skipped_existing
BurrowDehakaMirrorImageDown	CAbilMorph	游戏数据/官方SC2原始文本镜像/campaigns/swarm.sc2campaign/base.sc2data/gamedata/abildata.xml	C:\Users\22448\Downloads\重生虫心0.71汉化版（新）\reborn_workrepo\合作指挥官版起义狂潮\Mods\XM\XMFinal.SC2Mod\Base.SC2Data\GameData\AbilData.xml	skipped_existing
BurrowDehakaMirrorImageUp	CAbilMorph	游戏数据/官方SC2原始文本镜像/campaigns/swarm.sc2campaign/base.sc2data/gamedata/abildata.xml	C:\Users\22448\Downloads\重生虫心0.71汉化版（新）\reborn_workrepo\合作指挥官版起义狂潮\Mods\XM\XMFinal.SC2Mod\Base.SC2Data\GameData\AbilData.xml	skipped_existing
BurrowDehakaUp	CAbilMorph	游戏数据/官方SC2原始文本镜像/campaigns/swarm.sc2campaign/base.sc2data/gamedata/abildata.xml	C:\Users\22448\Downloads\重生虫心0.71汉化版（新）\reborn_workrepo\合作指挥官版起义狂潮\Mods\XM\XMFinal.SC2Mod\Base.SC2Data\GameData\AbilData.xml	skipped_existing
burrowedStop	CAbilStop	游戏数据/官方SC2原始文本镜像/campaigns/swarm.sc2campaign/base.sc2data/gamedata/abildata.xml	C:\Users\22448\Downloads\重生虫心0.71汉化版（新）\reborn_workrepo\合作指挥官版起义狂潮\Mods\XM\XMFinal.SC2Mod\Base.SC2Data\GameData\AbilData.xml	skipped_existing
BurrowHotSCorpserDown	CAbilMorph	游戏数据/官方SC2原始文本镜像/campaigns/swarm.sc2campaign/base.sc2data/gamedata/abildata.xml	C:\Users\22448\Downloads\重生虫心0.71汉化版（新）\reborn_workrepo\合作指挥官版起义狂潮\Mods\XM\XMFinal.SC2Mod\Base.SC2Data\GameData\AbilData.xml	skipped_existing
BurrowHotSCorpserUp	CAbilMorph	游戏数据/官方SC2原始文本镜像/campaigns/swarm.sc2campaign/base.sc2data/gamedata/abildata.xml	C:\Users\22448\Downloads\重生虫心0.71汉化版（新）\reborn_workrepo\合作指挥官版起义狂潮\Mods\XM\XMFinal.SC2Mod\Base.SC2Data\GameData\AbilData.xml	skipped_existing
BurrowHotSRaptorDown	CAbilMorph	游戏数据/官方SC2原始文本镜像/campaigns/swarm.sc2campaign/base.sc2data/gamedata/abildata.xml	C:\Users\22448\Downloads\重生虫心0.71汉化版（新）\reborn_workrepo\合作指挥官版起义狂潮\Mods\XM\XMFinal.SC2Mod\Base.SC2Data\GameData\AbilData.xml	skipped_existing
BurrowHotSRaptorUp	CAbilMorph	游戏数据/官方SC2原始文本镜像/campaigns/swarm.sc2campaign/base.sc2data/gamedata/abildata.xml	C:\Users\22448\Downloads\重生虫心0.71汉化版（新）\reborn_workrepo\合作指挥官版起义狂潮\Mods\XM\XMFinal.SC2Mod\Base.SC2Data\GameData\AbilData.xml	skipped_existing
BurrowHotSSplitterlingBigDown	CAbilMorph	游戏数据/官方SC2原始文本镜像/campaigns/swarm.sc2campaign/base.sc2data/gamedata/abildata.xml	C:\Users\22448\Downloads\重生虫心0.71汉化版（新）\reborn_workrepo\合作指挥官版起义狂潮\Mods\XM\XMFinal.SC2Mod\Base.SC2Data\GameData\AbilData.xml	skipped_existing
BurrowHotSSplitterlingBigUp	CAbilMorph	游戏数据/官方SC2原始文本镜像/campaigns/swarm.sc2campaign/base.sc2data/gamedata/abildata.xml	C:\Users\22448\Downloads\重生虫心0.71汉化版（新）\reborn_workrepo\合作指挥官版起义狂潮\Mods\XM\XMFinal.SC2Mod\Base.SC2Data\GameData\AbilData.xml	skipped_existing
BurrowHotSSplitterlingMediumDown	CAbilMorph	游戏数据/官方SC2原始文本镜像/campaigns/swarm.sc2campaign/base.sc2data/gamedata/abildata.xml	C:\Users\22448\Downloads\重生虫心0.71汉化版（新）\reborn_workrepo\合作指挥官版起义狂潮\Mods\XM\XMFinal.SC2Mod\Base.SC2Data\GameData\AbilData.xml	skipped_existing
BurrowHotSSplitterlingMediumUp	CAbilMorph	游戏数据/官方SC2原始文本镜像/campaigns/swarm.sc2campaign/base.sc2data/gamedata/abildata.xml	C:\Users\22448\Downloads\重生虫心0.71汉化版（新）\reborn_workrepo\合作指挥官版起义狂潮\Mods\XM\XMFinal.SC2Mod\Base.SC2Data\GameData\AbilData.xml	skipped_existing
BurrowHotSSwarmlingDown	CAbilMorph	游戏数据/官方SC2原始文本镜像/campaigns/swarm.sc2campaign/base.sc2data/gamedata/abildata.xml	C:\Users\22448\Downloads\重生虫心0.71汉化版（新）\reborn_workrepo\合作指挥官版起义狂潮\Mods\XM\XMFinal.SC2Mod\Base.SC2Data\GameData\AbilData.xml	skipped_existing
BurrowHotSSwarmlingUp	CAbilMorph	游戏数据/官方SC2原始文本镜像/campaigns/swarm.sc2campaign/base.sc2data/gamedata/abildata.xml	C:\Users\22448\Downloads\重生虫心0.71汉化版（新）\reborn_workrepo\合作指挥官版起义狂潮\Mods\XM\XMFinal.SC2Mod\Base.SC2Data\GameData\AbilData.xml	skipped_existing
BurrowHugeSwarmQueenDown	CAbilMorph	游戏数据/官方SC2原始文本镜像/campaigns/swarm.sc2campaign/base.sc2data/gamedata/abildata.xml	C:\Users\22448\Downloads\重生虫心0.71汉化版（新）\reborn_workrepo\合作指挥官版起义狂潮\Mods\XM\XMFinal.SC2Mod\Base.SC2Data\GameData\AbilData.xml	skipped_existing
BurrowHugeSwarmQueenUp	CAbilMorph	游戏数据/官方SC2原始文本镜像/campaigns/swarm.sc2campaign/base.sc2data/gamedata/abildata.xml	C:\Users\22448\Downloads\重生虫心0.71汉化版（新）\reborn_workrepo\合作指挥官版起义狂潮\Mods\XM\XMFinal.SC2Mod\Base.SC2Data\GameData\AbilData.xml	skipped_existing
BurrowHunterDown	CAbilMorph	游戏数据/官方SC2原始文本镜像/campaigns/swarm.sc2campaign/base.sc2data/gamedata/abildata.xml	C:\Users\22448\Downloads\重生虫心0.71汉化版（新）\reborn_workrepo\合作指挥官版起义狂潮\Mods\XM\XMFinal.SC2Mod\Base.SC2Data\GameData\AbilData.xml	skipped_existing
BurrowHunterUp	CAbilMorph	游戏数据/官方SC2原始文本镜像/campaigns/swarm.sc2campaign/base.sc2data/gamedata/abildata.xml	C:\Users\22448\Downloads\重生虫心0.71汉化版（新）\reborn_workrepo\合作指挥官版起义狂潮\Mods\XM\XMFinal.SC2Mod\Base.SC2Data\GameData\AbilData.xml	skipped_existing
BurrowHydraliskImpalerDown	CAbilMorph	游戏数据/官方SC2原始文本镜像/campaigns/swarm.sc2campaign/base.sc2data/gamedata/abildata.xml	C:\Users\22448\Downloads\重生虫心0.71汉化版（新）\reborn_workrepo\合作指挥官版起义狂潮\Mods\XM\XMFinal.SC2Mod\Base.SC2Data\GameData\AbilData.xml	skipped_existing
BurrowHydraliskImpalerUp	CAbilMorph	游戏数据/官方SC2原始文本镜像/campaigns/swarm.sc2campaign/base.sc2data/gamedata/abildata.xml	C:\Users\22448\Downloads\重生虫心0.71汉化版（新）\reborn_workrepo\合作指挥官版起义狂潮\Mods\XM\XMFinal.SC2Mod\Base.SC2Data\GameData\AbilData.xml	skipped_existing
BurrowHydraliskLurkerDown	CAbilMorph	游戏数据/官方SC2原始文本镜像/campaigns/swarm.sc2campaign/base.sc2data/gamedata/abildata.xml	C:\Users\22448\Downloads\重生虫心0.71汉化版（新）\reborn_workrepo\合作指挥官版起义狂潮\Mods\XM\XMFinal.SC2Mod\Base.SC2Data\GameData\AbilData.xml	skipped_existing
BurrowHydraliskLurkerUp	CAbilMorph	游戏数据/官方SC2原始文本镜像/campaigns/swarm.sc2campaign/base.sc2data/gamedata/abildata.xml	C:\Users\22448\Downloads\重生虫心0.71汉化版（新）\reborn_workrepo\合作指挥官版起义狂潮\Mods\XM\XMFinal.SC2Mod\Base.SC2Data\GameData\AbilData.xml	skipped_existing
BurrowLargeSwarmQueenDown	CAbilMorph	游戏数据/官方SC2原始文本镜像/campaigns/swarm.sc2campaign/base.sc2data/gamedata/abildata.xml	C:\Users\22448\Downloads\重生虫心0.71汉化版（新）\reborn_workrepo\合作指挥官版起义狂潮\Mods\XM\XMFinal.SC2Mod\Base.SC2Data\GameData\AbilData.xml	skipped_existing
BurrowLargeSwarmQueenUp	CAbilMorph	游戏数据/官方SC2原始文本镜像/campaigns/swarm.sc2campaign/base.sc2data/gamedata/abildata.xml	C:\Users\22448\Downloads\重生虫心0.71汉化版（新）\reborn_workrepo\合作指挥官版起义狂潮\Mods\XM\XMFinal.SC2Mod\Base.SC2Data\GameData\AbilData.xml	skipped_existing
BurrowNoxiousDown	CAbilMorph	游戏数据/官方SC2原始文本镜像/campaigns/swarm.sc2campaign/base.sc2data/gamedata/abildata.xml	C:\Users\22448\Downloads\重生虫心0.71汉化版（新）\reborn_workrepo\合作指挥官版起义狂潮\Mods\XM\XMFinal.SC2Mod\Base.SC2Data\GameData\AbilData.xml	skipped_existing
BurrowNoxiousUp	CAbilMorph	游戏数据/官方SC2原始文本镜像/campaigns/swarm.sc2campaign/base.sc2data/gamedata/abildata.xml	C:\Users\22448\Downloads\重生虫心0.71汉化版（新）\reborn_workrepo\合作指挥官版起义狂潮\Mods\XM\XMFinal.SC2Mod\Base.SC2Data\GameData\AbilData.xml	skipped_existing
BurrowPrimalHydraliskDown	CAbilMorph	游戏数据/官方SC2原始文本镜像/campaigns/swarm.sc2campaign/base.sc2data/gamedata/abildata.xml	C:\Users\22448\Downloads\重生虫心0.71汉化版（新）\reborn_workrepo\合作指挥官版起义狂潮\Mods\XM\XMFinal.SC2Mod\Base.SC2Data\GameData\AbilData.xml	skipped_existing
BurrowQueenDown	CAbilMorph	游戏数据/官方SC2原始文本镜像/campaigns/swarm.sc2campaign/base.sc2data/gamedata/abildata.xml	C:\Users\22448\Downloads\重生虫心0.71汉化版（新）\reborn_workrepo\合作指挥官版起义狂潮\Mods\XM\XMFinal.SC2Mod\Base.SC2Data\GameData\AbilData.xml	skipped_existing
BurrowSIVolatileInfestedDown	CAbilMorph	游戏数据/官方SC2原始文本镜像/mods/starcoop/starcoop.sc2mod/base.sc2data/gamedata/abildata.xml	C:\Users\22448\Downloads\重生虫心0.71汉化版（新）\reborn_workrepo\合作指挥官版起义狂潮\Mods\XM\XMFinal.SC2Mod\Base.SC2Data\GameData\AbilData.xml	skipped_existing
BurrowSurge	CAbilEffectTarget	游戏数据/官方SC2原始文本镜像/campaigns/swarm.sc2campaign/base.sc2data/gamedata/abildata.xml	C:\Users\22448\Downloads\重生虫心0.71汉化版（新）\reborn_workrepo\合作指挥官版起义狂潮\Mods\XM\XMFinal.SC2Mod\Base.SC2Data\GameData\AbilData.xml	skipped_existing
BurrowSwarmQueenDown	CAbilMorph	游戏数据/官方SC2原始文本镜像/campaigns/swarm.sc2campaign/base.sc2data/gamedata/abildata.xml	C:\Users\22448\Downloads\重生虫心0.71汉化版（新）\reborn_workrepo\合作指挥官版起义狂潮\Mods\XM\XMFinal.SC2Mod\Base.SC2Data\GameData\AbilData.xml	skipped_existing
BurrowSwarmQueenUp	CAbilMorph	游戏数据/官方SC2原始文本镜像/campaigns/swarm.sc2campaign/base.sc2data/gamedata/abildata.xml	C:\Users\22448\Downloads\重生虫心0.71汉化版（新）\reborn_workrepo\合作指挥官版起义狂潮\Mods\XM\XMFinal.SC2Mod\Base.SC2Data\GameData\AbilData.xml	skipped_existing
BurrowTorrasqueDown	CAbilMorph	游戏数据/官方SC2原始文本镜像/campaigns/swarm.sc2campaign/base.sc2data/gamedata/abildata.xml	C:\Users\22448\Downloads\重生虫心0.71汉化版（新）\reborn_workrepo\合作指挥官版起义狂潮\Mods\XM\XMFinal.SC2Mod\Base.SC2Data\GameData\AbilData.xml	skipped_existing
BurrowTorrasqueUp	CAbilMorph	游戏数据/官方SC2原始文本镜像/campaigns/swarm.sc2campaign/base.sc2data/gamedata/abildata.xml	C:\Users\22448\Downloads\重生虫心0.71汉化版（新）\reborn_workrepo\合作指挥官版起义狂潮\Mods\XM\XMFinal.SC2Mod\Base.SC2Data\GameData\AbilData.xml	skipped_existing
BurrowZerglingDown	CAbilMorph	游戏数据/官方SC2原始文本镜像/campaigns/swarm.sc2campaign/base.sc2data/gamedata/abildata.xml	C:\Users\22448\Downloads\重生虫心0.71汉化版（新）\reborn_workrepo\合作指挥官版起义狂潮\Mods\XM\XMFinal.SC2Mod\Base.SC2Data\GameData\AbilData.xml	skipped_existing
Charge	CAbilAugment	游戏数据/官方SC2原始文本镜像/mods/starcoop/starcoop.sc2mod/base.sc2data/gamedata/abildata.xml	C:\Users\22448\Downloads\重生虫心0.71汉化版（新）\reborn_workrepo\合作指挥官版起义狂潮\Mods\XM\XMFinal.SC2Mod\Base.SC2Data\GameData\AbilData.xml	skipped_existing
CommanderPrestigeZagaraMaxSupplyScourgeSpawner	CAbilTrain	游戏数据/官方SC2原始文本镜像/mods/starcoop/starcoop.sc2mod/base.sc2data/gamedata/abildata.xml	C:\Users\22448\Downloads\重生虫心0.71汉化版（新）\reborn_workrepo\合作指挥官版起义狂潮\Mods\XM\XMFinal.SC2Mod\Base.SC2Data\GameData\AbilData.xml	skipped_existing
Contaminate	CAbilEffectTarget	游戏数据/官方SC2原始文本镜像/mods/starcoop/starcoop.sc2mod/base.sc2data/gamedata/abildata.xml	C:\Users\22448\Downloads\重生虫心0.71汉化版（新）\reborn_workrepo\合作指挥官版起义狂潮\Mods\XM\XMFinal.SC2Mod\Base.SC2Data\GameData\AbilData.xml	skipped_existing
CorrosiveAcid	CAbilEffectTarget	游戏数据/官方SC2原始文本镜像/mods/starcoop/starcoop.sc2mod/base.sc2data/gamedata/abildata.xml	C:\Users\22448\Downloads\重生虫心0.71汉化版（新）\reborn_workrepo\合作指挥官版起义狂潮\Mods\XM\XMFinal.SC2Mod\Base.SC2Data\GameData\AbilData.xml	skipped_existing
CreateSymbiotes	CAbilEffectTarget	游戏数据/官方SC2原始文本镜像/mods/starcoop/starcoop.sc2mod/base.sc2data/gamedata/abildata.xml	C:\Users\22448\Downloads\重生虫心0.71汉化版（新）\reborn_workrepo\合作指挥官版起义狂潮\Mods\XM\XMFinal.SC2Mod\Base.SC2Data\GameData\AbilData.xml	skipped_existing
CreepTumorBuild	CAbilBuild	游戏数据/官方SC2原始文本镜像/mods/starcoop/starcoop.sc2mod/base.sc2data/gamedata/abildata.xml	C:\Users\22448\Downloads\重生虫心0.71汉化版（新）\reborn_workrepo\合作指挥官版起义狂潮\Mods\XM\XMFinal.SC2Mod\Base.SC2Data\GameData\AbilData.xml	skipped_existing
CreepTumorBuild	CAbilBuild	游戏数据/官方SC2原始文本镜像/campaigns/swarm.sc2campaign/base.sc2data/gamedata/abildata.xml	C:\Users\22448\Downloads\重生虫心0.71汉化版（新）\reborn_workrepo\合作指挥官版起义狂潮\Mods\XM\XMFinal.SC2Mod\Base.SC2Data\GameData\AbilData.xml	skipped_existing
CreepTumorUsed	CAbilMorph	游戏数据/官方SC2原始文本镜像/campaigns/swarm.sc2campaign/base.sc2data/gamedata/abildata.xml	C:\Users\22448\Downloads\重生虫心0.71汉化版（新）\reborn_workrepo\合作指挥官版起义狂潮\Mods\XM\XMFinal.SC2Mod\Base.SC2Data\GameData\AbilData.xml	skipped_existing
DeepTunnel	CAbilEffectTarget	游戏数据/官方SC2原始文本镜像/campaigns/swarm.sc2campaign/base.sc2data/gamedata/abildata.xml	C:\Users\22448\Downloads\重生虫心0.71汉化版（新）\reborn_workrepo\合作指挥官版起义狂潮\Mods\XM\XMFinal.SC2Mod\Base.SC2Data\GameData\AbilData.xml	skipped_existing
DehakaHeal	CAbilEffectInstant	游戏数据/官方SC2原始文本镜像/campaigns/swarm.sc2campaign/base.sc2data/gamedata/abildata.xml	C:\Users\22448\Downloads\重生虫心0.71汉化版（新）\reborn_workrepo\合作指挥官版起义狂潮\Mods\XM\XMFinal.SC2Mod\Base.SC2Data\GameData\AbilData.xml	skipped_existing
DehakaMirrorImage	CAbilEffectTarget	游戏数据/官方SC2原始文本镜像/campaigns/swarm.sc2campaign/base.sc2data/gamedata/abildata.xml	C:\Users\22448\Downloads\重生虫心0.71汉化版（新）\reborn_workrepo\合作指挥官版起义狂潮\Mods\XM\XMFinal.SC2Mod\Base.SC2Data\GameData\AbilData.xml	skipped_existing
DehakaRevive	CAbilRevive	游戏数据/官方SC2原始文本镜像/mods/starcoop/starcoop.sc2mod/base.sc2data/gamedata/abildata.xml	C:\Users\22448\Downloads\重生虫心0.71汉化版（新）\reborn_workrepo\合作指挥官版起义狂潮\Mods\XM\XMFinal.SC2Mod\Base.SC2Data\GameData\AbilData.xml	skipped_existing
DehakaRevive	CAbilRevive	游戏数据/官方SC2原始文本镜像/campaigns/swarm.sc2campaign/base.sc2data/gamedata/abildata.xml	C:\Users\22448\Downloads\重生虫心0.71汉化版（新）\reborn_workrepo\合作指挥官版起义狂潮\Mods\XM\XMFinal.SC2Mod\Base.SC2Data\GameData\AbilData.xml	skipped_existing
DevastatingShot	CAbilEffectTarget	游戏数据/官方SC2原始文本镜像/campaigns/swarm.sc2campaign/base.sc2data/gamedata/abildata.xml	C:\Users\22448\Downloads\重生虫心0.71汉化版（新）\reborn_workrepo\合作指挥官版起义狂潮\Mods\XM\XMFinal.SC2Mod\Base.SC2Data\GameData\AbilData.xml	skipped_existing
Drag	CAbilEffectTarget	游戏数据/官方SC2原始文本镜像/mods/starcoop/starcoop.sc2mod/base.sc2data/gamedata/abildata.xml	C:\Users\22448\Downloads\重生虫心0.71汉化版（新）\reborn_workrepo\合作指挥官版起义狂潮\Mods\XM\XMFinal.SC2Mod\Base.SC2Data\GameData\AbilData.xml	skipped_existing
Drag	CAbilEffectTarget	游戏数据/官方SC2原始文本镜像/campaigns/swarm.sc2campaign/base.sc2data/gamedata/abildata.xml	C:\Users\22448\Downloads\重生虫心0.71汉化版（新）\reborn_workrepo\合作指挥官版起义狂潮\Mods\XM\XMFinal.SC2Mod\Base.SC2Data\GameData\AbilData.xml	skipped_existing
DroneCarcassHarvest	CAbilEffectTarget	游戏数据/官方SC2原始文本镜像/campaigns/swarm.sc2campaign/base.sc2data/gamedata/abildata.xml	C:\Users\22448\Downloads\重生虫心0.71汉化版（新）\reborn_workrepo\合作指挥官版起义狂潮\Mods\XM\XMFinal.SC2Mod\Base.SC2Data\GameData\AbilData.xml	skipped_existing
evolutionchamberresearch	CAbilResearch	游戏数据/官方SC2原始文本镜像/mods/starcoop/starcoop.sc2mod/base.sc2data/gamedata/abildata.xml	C:\Users\22448\Downloads\重生虫心0.71汉化版（新）\reborn_workrepo\合作指挥官版起义狂潮\Mods\XM\XMFinal.SC2Mod\Base.SC2Data\GameData\AbilData.xml	skipped_existing
evolutionchamberresearch	CAbilResearch	游戏数据/官方SC2原始文本镜像/campaigns/swarm.sc2campaign/base.sc2data/gamedata/abildata.xml	C:\Users\22448\Downloads\重生虫心0.71汉化版（新）\reborn_workrepo\合作指挥官版起义狂潮\Mods\XM\XMFinal.SC2Mod\Base.SC2Data\GameData\AbilData.xml	skipped_existing
EvolutionPitScalingCostResearch	CAbilResearch	游戏数据/官方SC2原始文本镜像/mods/starcoop/starcoop.sc2mod/base.sc2data/gamedata/abildata.xml	C:\Users\22448\Downloads\重生虫心0.71汉化版（新）\reborn_workrepo\合作指挥官版起义狂潮\Mods\XM\XMFinal.SC2Mod\Base.SC2Data\GameData\AbilData.xml	skipped_existing
EvolveToBrutalisk	CAbilTrain	游戏数据/官方SC2原始文本镜像/mods/starcoop/starcoop.sc2mod/base.sc2data/gamedata/abildata.xml	C:\Users\22448\Downloads\重生虫心0.71汉化版（新）\reborn_workrepo\合作指挥官版起义狂潮\Mods\XM\XMFinal.SC2Mod\Base.SC2Data\GameData\AbilData.xml	skipped_existing
EvolveToBrutaliskQueen	CAbilTrain	游戏数据/官方SC2原始文本镜像/mods/starcoop/starcoop.sc2mod/base.sc2data/gamedata/abildata.xml	C:\Users\22448\Downloads\重生虫心0.71汉化版（新）\reborn_workrepo\合作指挥官版起义狂潮\Mods\XM\XMFinal.SC2Mod\Base.SC2Data\GameData\AbilData.xml	skipped_existing
EvolveToBrutaliskRoach	CAbilTrain	游戏数据/官方SC2原始文本镜像/mods/starcoop/starcoop.sc2mod/base.sc2data/gamedata/abildata.xml	C:\Users\22448\Downloads\重生虫心0.71汉化版（新）\reborn_workrepo\合作指挥官版起义狂潮\Mods\XM\XMFinal.SC2Mod\Base.SC2Data\GameData\AbilData.xml	skipped_existing
EvolveToBrutaliskRoachVile	CAbilTrain	游戏数据/官方SC2原始文本镜像/mods/starcoop/starcoop.sc2mod/base.sc2data/gamedata/abildata.xml	C:\Users\22448\Downloads\重生虫心0.71汉化版（新）\reborn_workrepo\合作指挥官版起义狂潮\Mods\XM\XMFinal.SC2Mod\Base.SC2Data\GameData\AbilData.xml	skipped_existing
EvolveToBrutaliskSwarmHost	CAbilTrain	游戏数据/官方SC2原始文本镜像/mods/starcoop/starcoop.sc2mod/base.sc2data/gamedata/abildata.xml	C:\Users\22448\Downloads\重生虫心0.71汉化版（新）\reborn_workrepo\合作指挥官版起义狂潮\Mods\XM\XMFinal.SC2Mod\Base.SC2Data\GameData\AbilData.xml	skipped_existing
Explode	CAbilEffectInstant	游戏数据/官方SC2原始文本镜像/mods/starcoop/starcoop.sc2mod/base.sc2data/gamedata/abildata.xml	C:\Users\22448\Downloads\重生虫心0.71汉化版（新）\reborn_workrepo\合作指挥官版起义狂潮\Mods\XM\XMFinal.SC2Mod\Base.SC2Data\GameData\AbilData.xml	skipped_existing
Explode	CAbilEffectInstant	游戏数据/官方SC2原始文本镜像/campaigns/swarm.sc2campaign/base.sc2data/gamedata/abildata.xml	C:\Users\22448\Downloads\重生虫心0.71汉化版（新）\reborn_workrepo\合作指挥官版起义狂潮\Mods\XM\XMFinal.SC2Mod\Base.SC2Data\GameData\AbilData.xml	skipped_existing
ExplodeHeal	CAbilEffectInstant	游戏数据/官方SC2原始文本镜像/mods/starcoop/starcoop.sc2mod/base.sc2data/gamedata/abildata.xml	C:\Users\22448\Downloads\重生虫心0.71汉化版（新）\reborn_workrepo\合作指挥官版起义狂潮\Mods\XM\XMFinal.SC2Mod\Base.SC2Data\GameData\AbilData.xml	skipped_existing
ExplodeHeal	CAbilEffectInstant	游戏数据/官方SC2原始文本镜像/campaigns/swarm.sc2campaign/base.sc2data/gamedata/abildata.xml	C:\Users\22448\Downloads\重生虫心0.71汉化版（新）\reborn_workrepo\合作指挥官版起义狂潮\Mods\XM\XMFinal.SC2Mod\Base.SC2Data\GameData\AbilData.xml	skipped_existing
ExplodeHealSmall	CAbilEffectInstant	游戏数据/官方SC2原始文本镜像/mods/starcoop/starcoop.sc2mod/base.sc2data/gamedata/abildata.xml	C:\Users\22448\Downloads\重生虫心0.71汉化版（新）\reborn_workrepo\合作指挥官版起义狂潮\Mods\XM\XMFinal.SC2Mod\Base.SC2Data\GameData\AbilData.xml	skipped_existing
ExplodeHealSmall	CAbilEffectInstant	游戏数据/官方SC2原始文本镜像/campaigns/swarm.sc2campaign/base.sc2data/gamedata/abildata.xml	C:\Users\22448\Downloads\重生虫心0.71汉化版（新）\reborn_workrepo\合作指挥官版起义狂潮\Mods\XM\XMFinal.SC2Mod\Base.SC2Data\GameData\AbilData.xml	skipped_existing
ExplodeSIVolatileInfested	CAbilEffectInstant	游戏数据/官方SC2原始文本镜像/mods/starcoop/starcoop.sc2mod/base.sc2data/gamedata/abildata.xml	C:\Users\22448\Downloads\重生虫心0.71汉化版（新）\reborn_workrepo\合作指挥官版起义狂潮\Mods\XM\XMFinal.SC2Mod\Base.SC2Data\GameData\AbilData.xml	skipped_existing
ExplodeSmall	CAbilEffectInstant	游戏数据/官方SC2原始文本镜像/mods/starcoop/starcoop.sc2mod/base.sc2data/gamedata/abildata.xml	C:\Users\22448\Downloads\重生虫心0.71汉化版（新）\reborn_workrepo\合作指挥官版起义狂潮\Mods\XM\XMFinal.SC2Mod\Base.SC2Data\GameData\AbilData.xml	skipped_existing
ExplodeSmall	CAbilEffectInstant	游戏数据/官方SC2原始文本镜像/campaigns/swarm.sc2campaign/base.sc2data/gamedata/abildata.xml	C:\Users\22448\Downloads\重生虫心0.71汉化版（新）\reborn_workrepo\合作指挥官版起义狂潮\Mods\XM\XMFinal.SC2Mod\Base.SC2Data\GameData\AbilData.xml	skipped_existing
ExtractorToAutomatedExtractor	CAbilMorph	游戏数据/官方SC2原始文本镜像/campaigns/swarm.sc2campaign/base.sc2data/gamedata/abildata.xml	C:\Users\22448\Downloads\重生虫心0.71汉化版（新）\reborn_workrepo\合作指挥官版起义狂潮\Mods\XM\XMFinal.SC2Mod\Base.SC2Data\GameData\AbilData.xml	skipped_existing
GreaterNydusWormTransport	CAbilTransport	游戏数据/官方SC2原始文本镜像/mods/starcoop/starcoop.sc2mod/base.sc2data/gamedata/abildata.xml	C:\Users\22448\Downloads\重生虫心0.71汉化版（新）\reborn_workrepo\合作指挥官版起义狂潮\Mods\XM\XMFinal.SC2Mod\Base.SC2Data\GameData\AbilData.xml	skipped_existing
GreaterNydusWormTransport	CAbilTransport	游戏数据/官方SC2原始文本镜像/campaigns/swarm.sc2campaign/base.sc2data/gamedata/abildata.xml	C:\Users\22448\Downloads\重生虫心0.71汉化版（新）\reborn_workrepo\合作指挥官版起义狂潮\Mods\XM\XMFinal.SC2Mod\Base.SC2Data\GameData\AbilData.xml	skipped_existing
heal	CAbilEffectTarget	游戏数据/官方SC2原始文本镜像/mods/starcoop/starcoop.sc2mod/base.sc2data/gamedata/abildata.xml	C:\Users\22448\Downloads\重生虫心0.71汉化版（新）\reborn_workrepo\合作指挥官版起义狂潮\Mods\XM\XMFinal.SC2Mod\Base.SC2Data\GameData\AbilData.xml	skipped_existing
heal	CAbilEffectTarget	游戏数据/官方SC2原始文本镜像/campaigns/swarm.sc2campaign/base.sc2data/gamedata/abildata.xml	C:\Users\22448\Downloads\重生虫心0.71汉化版（新）\reborn_workrepo\合作指挥官版起义狂潮\Mods\XM\XMFinal.SC2Mod\Base.SC2Data\GameData\AbilData.xml	skipped_existing
HotSBioPlasmidDischarge	CAbilEffectTarget	游戏数据/官方SC2原始文本镜像/campaigns/swarm.sc2campaign/base.sc2data/gamedata/abildata.xml	C:\Users\22448\Downloads\重生虫心0.71汉化版（新）\reborn_workrepo\合作指挥官版起义狂潮\Mods\XM\XMFinal.SC2Mod\Base.SC2Data\GameData\AbilData.xml	skipped_existing
HotSBioStasis	CAbilEffectTarget	游戏数据/官方SC2原始文本镜像/campaigns/swarm.sc2campaign/base.sc2data/gamedata/abildata.xml	C:\Users\22448\Downloads\重生虫心0.71汉化版（新）\reborn_workrepo\合作指挥官版起义狂潮\Mods\XM\XMFinal.SC2Mod\Base.SC2Data\GameData\AbilData.xml	skipped_existing
HotSBurrowVileDown	CAbilMorph	游戏数据/官方SC2原始文本镜像/campaigns/swarm.sc2campaign/base.sc2data/gamedata/abildata.xml	C:\Users\22448\Downloads\重生虫心0.71汉化版（新）\reborn_workrepo\合作指挥官版起义狂潮\Mods\XM\XMFinal.SC2Mod\Base.SC2Data\GameData\AbilData.xml	skipped_existing
HotSBurrowVileUp	CAbilMorph	游戏数据/官方SC2原始文本镜像/campaigns/swarm.sc2campaign/base.sc2data/gamedata/abildata.xml	C:\Users\22448\Downloads\重生虫心0.71汉化版（新）\reborn_workrepo\合作指挥官版起义狂潮\Mods\XM\XMFinal.SC2Mod\Base.SC2Data\GameData\AbilData.xml	skipped_existing
HotSRaptorCharge	CAbilAugment	游戏数据/官方SC2原始文本镜像/campaigns/swarm.sc2campaign/base.sc2data/gamedata/abildata.xml	C:\Users\22448\Downloads\重生虫心0.71汉化版（新）\reborn_workrepo\合作指挥官版起义狂潮\Mods\XM\XMFinal.SC2Mod\Base.SC2Data\GameData\AbilData.xml	skipped_existing
HydraliskDenResearch	CAbilResearch	游戏数据/官方SC2原始文本镜像/mods/starcoop/starcoop.sc2mod/base.sc2data/gamedata/abildata.xml	C:\Users\22448\Downloads\重生虫心0.71汉化版（新）\reborn_workrepo\合作指挥官版起义狂潮\Mods\XM\XMFinal.SC2Mod\Base.SC2Data\GameData\AbilData.xml	skipped_existing
HydraliskDenResearch	CAbilResearch	游戏数据/官方SC2原始文本镜像/campaigns/swarm.sc2campaign/base.sc2data/gamedata/abildata.xml	C:\Users\22448\Downloads\重生虫心0.71汉化版（新）\reborn_workrepo\合作指挥官版起义狂潮\Mods\XM\XMFinal.SC2Mod\Base.SC2Data\GameData\AbilData.xml	skipped_existing
HydraliskFrenzy	CAbilEffectInstant	游戏数据/官方SC2原始文本镜像/mods/starcoop/starcoop.sc2mod/base.sc2data/gamedata/abildata.xml	C:\Users\22448\Downloads\重生虫心0.71汉化版（新）\reborn_workrepo\合作指挥官版起义狂潮\Mods\XM\XMFinal.SC2Mod\Base.SC2Data\GameData\AbilData.xml	skipped_existing
HydraliskFrenzy	CAbilEffectInstant	游戏数据/官方SC2原始文本镜像/campaigns/swarm.sc2campaign/base.sc2data/gamedata/abildata.xml	C:\Users\22448\Downloads\重生虫心0.71汉化版（新）\reborn_workrepo\合作指挥官版起义狂潮\Mods\XM\XMFinal.SC2Mod\Base.SC2Data\GameData\AbilData.xml	skipped_existing
ImpalerDenResearch	CAbilResearch	游戏数据/官方SC2原始文本镜像/mods/starcoop/starcoop.sc2mod/base.sc2data/gamedata/abildata.xml	C:\Users\22448\Downloads\重生虫心0.71汉化版（新）\reborn_workrepo\合作指挥官版起义狂潮\Mods\XM\XMFinal.SC2Mod\Base.SC2Data\GameData\AbilData.xml	skipped_existing
InfestationPitResearch	CAbilResearch	游戏数据/官方SC2原始文本镜像/mods/starcoop/starcoop.sc2mod/base.sc2data/gamedata/abildata.xml	C:\Users\22448\Downloads\重生虫心0.71汉化版（新）\reborn_workrepo\合作指挥官版起义狂潮\Mods\XM\XMFinal.SC2Mod\Base.SC2Data\GameData\AbilData.xml	skipped_existing
InfestationPitResearch	CAbilResearch	游戏数据/官方SC2原始文本镜像/campaigns/swarm.sc2campaign/base.sc2data/gamedata/abildata.xml	C:\Users\22448\Downloads\重生虫心0.71汉化版（新）\reborn_workrepo\合作指挥官版起义狂潮\Mods\XM\XMFinal.SC2Mod\Base.SC2Data\GameData\AbilData.xml	skipped_existing
InfestorConsumption	CAbilEffectTarget	游戏数据/官方SC2原始文本镜像/mods/starcoop/starcoop.sc2mod/base.sc2data/gamedata/abildata.xml	C:\Users\22448\Downloads\重生虫心0.71汉化版（新）\reborn_workrepo\合作指挥官版起义狂潮\Mods\XM\XMFinal.SC2Mod\Base.SC2Data\GameData\AbilData.xml	skipped_existing
InfestorConsumption	CAbilEffectTarget	游戏数据/官方SC2原始文本镜像/campaigns/swarm.sc2campaign/base.sc2data/gamedata/abildata.xml	C:\Users\22448\Downloads\重生虫心0.71汉化版（新）\reborn_workrepo\合作指挥官版起义狂潮\Mods\XM\XMFinal.SC2Mod\Base.SC2Data\GameData\AbilData.xml	skipped_existing
K5DropPods	CAbilEffectTarget	游戏数据/官方SC2原始文本镜像/campaigns/swarm.sc2campaign/base.sc2data/gamedata/abildata.xml	C:\Users\22448\Downloads\重生虫心0.71汉化版（新）\reborn_workrepo\合作指挥官版起义狂潮\Mods\XM\XMFinal.SC2Mod\Base.SC2Data\GameData\AbilData.xml	skipped_existing
K5KerriganBurrow	CAbilMorph	游戏数据/官方SC2原始文本镜像/campaigns/swarm.sc2campaign/base.sc2data/gamedata/abildata.xml	C:\Users\22448\Downloads\重生虫心0.71汉化版（新）\reborn_workrepo\合作指挥官版起义狂潮\Mods\XM\XMFinal.SC2Mod\Base.SC2Data\GameData\AbilData.xml	skipped_existing
K5KerriganMorph	CAbilMorph	游戏数据/官方SC2原始文本镜像/campaigns/swarm.sc2campaign/base.sc2data/gamedata/abildata.xml	C:\Users\22448\Downloads\重生虫心0.71汉化版（新）\reborn_workrepo\合作指挥官版起义狂潮\Mods\XM\XMFinal.SC2Mod\Base.SC2Data\GameData\AbilData.xml	skipped_existing
K5KerriganPsiStrikeMorph	CAbilMorph	游戏数据/官方SC2原始文本镜像/campaigns/swarm.sc2campaign/base.sc2data/gamedata/abildata.xml	C:\Users\22448\Downloads\重生虫心0.71汉化版（新）\reborn_workrepo\合作指挥官版起义狂潮\Mods\XM\XMFinal.SC2Mod\Base.SC2Data\GameData\AbilData.xml	skipped_existing
K5KerriganUnburrow	CAbilMorph	游戏数据/官方SC2原始文本镜像/campaigns/swarm.sc2campaign/base.sc2data/gamedata/abildata.xml	C:\Users\22448\Downloads\重生虫心0.71汉化版（新）\reborn_workrepo\合作指挥官版起义狂潮\Mods\XM\XMFinal.SC2Mod\Base.SC2Data\GameData\AbilData.xml	skipped_existing
K5Leviathan	CAbilEffectInstant	游戏数据/官方SC2原始文本镜像/mods/starcoop/starcoop.sc2mod/base.sc2data/gamedata/abildata.xml	C:\Users\22448\Downloads\重生虫心0.71汉化版（新）\reborn_workrepo\合作指挥官版起义狂潮\Mods\XM\XMFinal.SC2Mod\Base.SC2Data\GameData\AbilData.xml	skipped_existing
K5Leviathan	CAbilEffectInstant	游戏数据/官方SC2原始文本镜像/campaigns/swarm.sc2campaign/base.sc2data/gamedata/abildata.xml	C:\Users\22448\Downloads\重生虫心0.71汉化版（新）\reborn_workrepo\合作指挥官版起义狂潮\Mods\XM\XMFinal.SC2Mod\Base.SC2Data\GameData\AbilData.xml	skipped_existing
KerriganEnhance	CAbilBehavior	游戏数据/官方SC2原始文本镜像/campaigns/swarm.sc2campaign/base.sc2data/gamedata/abildata.xml	C:\Users\22448\Downloads\重生虫心0.71汉化版（新）\reborn_workrepo\合作指挥官版起义狂潮\Mods\XM\XMFinal.SC2Mod\Base.SC2Data\GameData\AbilData.xml	skipped_existing
KerriganMaelstrom	CAbilEffectInstant	游戏数据/官方SC2原始文本镜像/mods/starcoop/starcoop.sc2mod/base.sc2data/gamedata/abildata.xml	C:\Users\22448\Downloads\重生虫心0.71汉化版（新）\reborn_workrepo\合作指挥官版起义狂潮\Mods\XM\XMFinal.SC2Mod\Base.SC2Data\GameData\AbilData.xml	skipped_existing
KerriganRevive	CAbilRevive	游戏数据/官方SC2原始文本镜像/campaigns/swarm.sc2campaign/base.sc2data/gamedata/abildata.xml	C:\Users\22448\Downloads\重生虫心0.71汉化版（新）\reborn_workrepo\合作指挥官版起义狂潮\Mods\XM\XMFinal.SC2Mod\Base.SC2Data\GameData\AbilData.xml	skipped_existing
KerriganVoidCoopCrushingGripWave	CAbilEffectInstant	游戏数据/官方SC2原始文本镜像/mods/starcoop/starcoop.sc2mod/base.sc2data/gamedata/abildata.xml	C:\Users\22448\Downloads\重生虫心0.71汉化版（新）\reborn_workrepo\合作指挥官版起义狂潮\Mods\XM\XMFinal.SC2Mod\Base.SC2Data\GameData\AbilData.xml	skipped_existing
KerriganVoidCoopEconDrop	CAbilEffectInstant	游戏数据/官方SC2原始文本镜像/mods/starcoop/starcoop.sc2mod/base.sc2data/gamedata/abildata.xml	C:\Users\22448\Downloads\重生虫心0.71汉化版（新）\reborn_workrepo\合作指挥官版起义狂潮\Mods\XM\XMFinal.SC2Mod\Base.SC2Data\GameData\AbilData.xml	skipped_existing
KorhalSporeCannonBombardment	CAbilEffectTarget	游戏数据/官方SC2原始文本镜像/campaigns/swarm.sc2campaign/base.sc2data/gamedata/abildata.xml	C:\Users\22448\Downloads\重生虫心0.71汉化版（新）\reborn_workrepo\合作指挥官版起义狂潮\Mods\XM\XMFinal.SC2Mod\Base.SC2Data\GameData\AbilData.xml	skipped_existing
KorhalSporeCannonRoot	CAbilEffectInstant	游戏数据/官方SC2原始文本镜像/campaigns/swarm.sc2campaign/base.sc2data/gamedata/abildata.xml	C:\Users\22448\Downloads\重生虫心0.71汉化版（新）\reborn_workrepo\合作指挥官版起义狂潮\Mods\XM\XMFinal.SC2Mod\Base.SC2Data\GameData\AbilData.xml	skipped_existing
LairResearch	CAbilResearch	游戏数据/官方SC2原始文本镜像/mods/starcoop/starcoop.sc2mod/base.sc2data/gamedata/abildata.xml	C:\Users\22448\Downloads\重生虫心0.71汉化版（新）\reborn_workrepo\合作指挥官版起义狂潮\Mods\XM\XMFinal.SC2Mod\Base.SC2Data\GameData\AbilData.xml	skipped_existing
LairResearch	CAbilResearch	游戏数据/官方SC2原始文本镜像/campaigns/swarm.sc2campaign/base.sc2data/gamedata/abildata.xml	C:\Users\22448\Downloads\重生虫心0.71汉化版（新）\reborn_workrepo\合作指挥官版起义狂潮\Mods\XM\XMFinal.SC2Mod\Base.SC2Data\GameData\AbilData.xml	skipped_existing
LarvaTrain	CAbilTrain	游戏数据/官方SC2原始文本镜像/mods/starcoop/starcoop.sc2mod/base.sc2data/gamedata/abildata.xml	C:\Users\22448\Downloads\重生虫心0.71汉化版（新）\reborn_workrepo\合作指挥官版起义狂潮\Mods\XM\XMFinal.SC2Mod\Base.SC2Data\GameData\AbilData.xml	skipped_existing
LarvaTrain	CAbilTrain	游戏数据/官方SC2原始文本镜像/campaigns/swarm.sc2campaign/base.sc2data/gamedata/abildata.xml	C:\Users\22448\Downloads\重生虫心0.71汉化版（新）\reborn_workrepo\合作指挥官版起义狂潮\Mods\XM\XMFinal.SC2Mod\Base.SC2Data\GameData\AbilData.xml	skipped_existing
LarvaTrainSwarm	CAbilTrain	游戏数据/官方SC2原始文本镜像/mods/starcoop/starcoop.sc2mod/base.sc2data/gamedata/abildata.xml	C:\Users\22448\Downloads\重生虫心0.71汉化版（新）\reborn_workrepo\合作指挥官版起义狂潮\Mods\XM\XMFinal.SC2Mod\Base.SC2Data\GameData\AbilData.xml	skipped_existing
LarvaTrainSwarm	CAbilTrain	游戏数据/官方SC2原始文本镜像/campaigns/swarm.sc2campaign/base.sc2data/gamedata/abildata.xml	C:\Users\22448\Downloads\重生虫心0.71汉化版（新）\reborn_workrepo\合作指挥官版起义狂潮\Mods\XM\XMFinal.SC2Mod\Base.SC2Data\GameData\AbilData.xml	skipped_existing
LocustFlyingLaunch	CAbilEffectTarget	游戏数据/官方SC2原始文本镜像/campaigns/swarm.sc2campaign/base.sc2data/gamedata/abildata.xml	C:\Users\22448\Downloads\重生虫心0.71汉化版（新）\reborn_workrepo\合作指挥官版起义狂潮\Mods\XM\XMFinal.SC2Mod\Base.SC2Data\GameData\AbilData.xml	skipped_existing
LocustLaunch	CAbilEffectTarget	游戏数据/官方SC2原始文本镜像/campaigns/swarm.sc2campaign/base.sc2data/gamedata/abildata.xml	C:\Users\22448\Downloads\重生虫心0.71汉化版（新）\reborn_workrepo\合作指挥官版起义狂潮\Mods\XM\XMFinal.SC2Mod\Base.SC2Data\GameData\AbilData.xml	skipped_existing
LocustLaunchCreeper	CAbilEffectTarget	游戏数据/官方SC2原始文本镜像/campaigns/swarm.sc2campaign/base.sc2data/gamedata/abildata.xml	C:\Users\22448\Downloads\重生虫心0.71汉化版（新）\reborn_workrepo\合作指挥官版起义狂潮\Mods\XM\XMFinal.SC2Mod\Base.SC2Data\GameData\AbilData.xml	skipped_existing
LurkerDenResearch	CAbilResearch	游戏数据/官方SC2原始文本镜像/mods/starcoop/starcoop.sc2mod/base.sc2data/gamedata/abildata.xml	C:\Users\22448\Downloads\重生虫心0.71汉化版（新）\reborn_workrepo\合作指挥官版起义狂潮\Mods\XM\XMFinal.SC2Mod\Base.SC2Data\GameData\AbilData.xml	skipped_existing
MapObjectInteract	CAbilEffectTarget	游戏数据/官方SC2原始文本镜像/mods/starcoop/starcoop.sc2mod/base.sc2data/gamedata/abildata.xml	C:\Users\22448\Downloads\重生虫心0.71汉化版（新）\reborn_workrepo\合作指挥官版起义狂潮\Mods\XM\XMFinal.SC2Mod\Base.SC2Data\GameData\AbilData.xml	skipped_existing
MengskMedicHeal	CAbilEffectTarget	游戏数据/官方SC2原始文本镜像/campaigns/swarm.sc2campaign/base.sc2data/gamedata/abildata.xml	C:\Users\22448\Downloads\重生虫心0.71汉化版（新）\reborn_workrepo\合作指挥官版起义狂潮\Mods\XM\XMFinal.SC2Mod\Base.SC2Data\GameData\AbilData.xml	skipped_existing
MercMedicHeal	CAbilEffectTarget	游戏数据/官方SC2原始文本镜像/mods/starcoop/starcoop.sc2mod/base.sc2data/gamedata/abildata.xml	C:\Users\22448\Downloads\重生虫心0.71汉化版（新）\reborn_workrepo\合作指挥官版起义狂潮\Mods\XM\XMFinal.SC2Mod\Base.SC2Data\GameData\AbilData.xml	skipped_existing
MercMedicHeal	CAbilEffectTarget	游戏数据/官方SC2原始文本镜像/campaigns/swarm.sc2campaign/base.sc2data/gamedata/abildata.xml	C:\Users\22448\Downloads\重生虫心0.71汉化版（新）\reborn_workrepo\合作指挥官版起义狂潮\Mods\XM\XMFinal.SC2Mod\Base.SC2Data\GameData\AbilData.xml	skipped_existing
MindBolt	CAbilEffectTarget	游戏数据/官方SC2原始文本镜像/mods/starcoop/starcoop.sc2mod/base.sc2data/gamedata/abildata.xml	C:\Users\22448\Downloads\重生虫心0.71汉化版（新）\reborn_workrepo\合作指挥官版起义狂潮\Mods\XM\XMFinal.SC2Mod\Base.SC2Data\GameData\AbilData.xml	skipped_existing
MindBolt	CAbilEffectTarget	游戏数据/官方SC2原始文本镜像/campaigns/swarm.sc2campaign/base.sc2data/gamedata/abildata.xml	C:\Users\22448\Downloads\重生虫心0.71汉化版（新）\reborn_workrepo\合作指挥官版起义狂潮\Mods\XM\XMFinal.SC2Mod\Base.SC2Data\GameData\AbilData.xml	skipped_existing
MorphBanelingToHunter	CAbilTrain	游戏数据/官方SC2原始文本镜像/campaigns/swarm.sc2campaign/base.sc2data/gamedata/abildata.xml	C:\Users\22448\Downloads\重生虫心0.71汉化版（新）\reborn_workrepo\合作指挥官版起义狂潮\Mods\XM\XMFinal.SC2Mod\Base.SC2Data\GameData\AbilData.xml	skipped_existing
MorphBanelingToSplitterling	CAbilTrain	游戏数据/官方SC2原始文本镜像/campaigns/swarm.sc2campaign/base.sc2data/gamedata/abildata.xml	C:\Users\22448\Downloads\重生虫心0.71汉化版（新）\reborn_workrepo\合作指挥官版起义狂潮\Mods\XM\XMFinal.SC2Mod\Base.SC2Data\GameData\AbilData.xml	skipped_existing
MorphHotSRaptorToBaneling	CAbilTrain	游戏数据/官方SC2原始文本镜像/campaigns/swarm.sc2campaign/base.sc2data/gamedata/abildata.xml	C:\Users\22448\Downloads\重生虫心0.71汉化版（新）\reborn_workrepo\合作指挥官版起义狂潮\Mods\XM\XMFinal.SC2Mod\Base.SC2Data\GameData\AbilData.xml	skipped_existing
MorphHotSSwarmlingToBaneling	CAbilTrain	游戏数据/官方SC2原始文本镜像/campaigns/swarm.sc2campaign/base.sc2data/gamedata/abildata.xml	C:\Users\22448\Downloads\重生虫心0.71汉化版（新）\reborn_workrepo\合作指挥官版起义狂潮\Mods\XM\XMFinal.SC2Mod\Base.SC2Data\GameData\AbilData.xml	skipped_existing
MorphHydraliskToHydraliskEvolved	CAbilTrain	游戏数据/官方SC2原始文本镜像/mods/starcoop/starcoop.sc2mod/base.sc2data/gamedata/abildata.xml	C:\Users\22448\Downloads\重生虫心0.71汉化版（新）\reborn_workrepo\合作指挥官版起义狂潮\Mods\XM\XMFinal.SC2Mod\Base.SC2Data\GameData\AbilData.xml	skipped_existing
MorphHydraliskToHydraliskImpaler	CAbilTrain	游戏数据/官方SC2原始文本镜像/campaigns/swarm.sc2campaign/base.sc2data/gamedata/abildata.xml	C:\Users\22448\Downloads\重生虫心0.71汉化版（新）\reborn_workrepo\合作指挥官版起义狂潮\Mods\XM\XMFinal.SC2Mod\Base.SC2Data\GameData\AbilData.xml	skipped_existing
MorphHydraliskToHydraliskLurker	CAbilTrain	游戏数据/官方SC2原始文本镜像/campaigns/swarm.sc2campaign/base.sc2data/gamedata/abildata.xml	C:\Users\22448\Downloads\重生虫心0.71汉化版（新）\reborn_workrepo\合作指挥官版起义狂潮\Mods\XM\XMFinal.SC2Mod\Base.SC2Data\GameData\AbilData.xml	skipped_existing
MorphHydraliskToLurker	CAbilTrain	游戏数据/官方SC2原始文本镜像/campaigns/swarm.sc2campaign/base.sc2data/gamedata/abildata.xml	C:\Users\22448\Downloads\重生虫心0.71汉化版（新）\reborn_workrepo\合作指挥官版起义狂潮\Mods\XM\XMFinal.SC2Mod\Base.SC2Data\GameData\AbilData.xml	skipped_existing
MorphRoachToCorpser	CAbilTrain	游戏数据/官方SC2原始文本镜像/mods/starcoop/starcoop.sc2mod/base.sc2data/gamedata/abildata.xml	C:\Users\22448\Downloads\重生虫心0.71汉化版（新）\reborn_workrepo\合作指挥官版起义狂潮\Mods\XM\XMFinal.SC2Mod\Base.SC2Data\GameData\AbilData.xml	skipped_existing
MorphRoachToCorpser	CAbilTrain	游戏数据/官方SC2原始文本镜像/campaigns/swarm.sc2campaign/base.sc2data/gamedata/abildata.xml	C:\Users\22448\Downloads\重生虫心0.71汉化版（新）\reborn_workrepo\合作指挥官版起义狂潮\Mods\XM\XMFinal.SC2Mod\Base.SC2Data\GameData\AbilData.xml	skipped_existing
MorphRoachToImpaler	CAbilTrain	游戏数据/官方SC2原始文本镜像/mods/starcoop/starcoop.sc2mod/base.sc2data/gamedata/abildata.xml	C:\Users\22448\Downloads\重生虫心0.71汉化版（新）\reborn_workrepo\合作指挥官版起义狂潮\Mods\XM\XMFinal.SC2Mod\Base.SC2Data\GameData\AbilData.xml	skipped_existing
MorphRoachToImpaler	CAbilTrain	游戏数据/官方SC2原始文本镜像/campaigns/swarm.sc2campaign/base.sc2data/gamedata/abildata.xml	C:\Users\22448\Downloads\重生虫心0.71汉化版（新）\reborn_workrepo\合作指挥官版起义狂潮\Mods\XM\XMFinal.SC2Mod\Base.SC2Data\GameData\AbilData.xml	skipped_existing
MorphRoachToRavager	CAbilTrain	游戏数据/官方SC2原始文本镜像/mods/starcoop/starcoop.sc2mod/base.sc2data/gamedata/abildata.xml	C:\Users\22448\Downloads\重生虫心0.71汉化版（新）\reborn_workrepo\合作指挥官版起义狂潮\Mods\XM\XMFinal.SC2Mod\Base.SC2Data\GameData\AbilData.xml	skipped_existing
MorphRoachToVile	CAbilTrain	游戏数据/官方SC2原始文本镜像/mods/starcoop/starcoop.sc2mod/base.sc2data/gamedata/abildata.xml	C:\Users\22448\Downloads\重生虫心0.71汉化版（新）\reborn_workrepo\合作指挥官版起义狂潮\Mods\XM\XMFinal.SC2Mod\Base.SC2Data\GameData\AbilData.xml	skipped_existing
MorphRoachToVile	CAbilTrain	游戏数据/官方SC2原始文本镜像/campaigns/swarm.sc2campaign/base.sc2data/gamedata/abildata.xml	C:\Users\22448\Downloads\重生虫心0.71汉化版（新）\reborn_workrepo\合作指挥官版起义狂潮\Mods\XM\XMFinal.SC2Mod\Base.SC2Data\GameData\AbilData.xml	skipped_existing
MorphRoachVileToRavager	CAbilTrain	游戏数据/官方SC2原始文本镜像/mods/starcoop/starcoop.sc2mod/base.sc2data/gamedata/abildata.xml	C:\Users\22448\Downloads\重生虫心0.71汉化版（新）\reborn_workrepo\合作指挥官版起义狂潮\Mods\XM\XMFinal.SC2Mod\Base.SC2Data\GameData\AbilData.xml	skipped_existing
MorphSplitterlingBigToMedium	CAbilTrain	游戏数据/官方SC2原始文本镜像/campaigns/swarm.sc2campaign/base.sc2data/gamedata/abildata.xml	C:\Users\22448\Downloads\重生虫心0.71汉化版（新）\reborn_workrepo\合作指挥官版起义狂潮\Mods\XM\XMFinal.SC2Mod\Base.SC2Data\GameData\AbilData.xml	skipped_existing
MorphSwarmHostToSplitA	CAbilTrain	游戏数据/官方SC2原始文本镜像/campaigns/swarm.sc2campaign/base.sc2data/gamedata/abildata.xml	C:\Users\22448\Downloads\重生虫心0.71汉化版（新）\reborn_workrepo\合作指挥官版起义狂潮\Mods\XM\XMFinal.SC2Mod\Base.SC2Data\GameData\AbilData.xml	skipped_existing
MorphSwarmHostToSplitB	CAbilTrain	游戏数据/官方SC2原始文本镜像/campaigns/swarm.sc2campaign/base.sc2data/gamedata/abildata.xml	C:\Users\22448\Downloads\重生虫心0.71汉化版（新）\reborn_workrepo\合作指挥官版起义狂潮\Mods\XM\XMFinal.SC2Mod\Base.SC2Data\GameData\AbilData.xml	skipped_existing
MorphToHugeSwarmQueen	CAbilMorph	游戏数据/官方SC2原始文本镜像/campaigns/swarm.sc2campaign/base.sc2data/gamedata/abildata.xml	C:\Users\22448\Downloads\重生虫心0.71汉化版（新）\reborn_workrepo\合作指挥官版起义狂潮\Mods\XM\XMFinal.SC2Mod\Base.SC2Data\GameData\AbilData.xml	skipped_existing
MorphToLargeSwarmQueen	CAbilMorph	游戏数据/官方SC2原始文本镜像/campaigns/swarm.sc2campaign/base.sc2data/gamedata/abildata.xml	C:\Users\22448\Downloads\重生虫心0.71汉化版（新）\reborn_workrepo\合作指挥官版起义狂潮\Mods\XM\XMFinal.SC2Mod\Base.SC2Data\GameData\AbilData.xml	skipped_existing
MorphToOverseer	CAbilMorph	游戏数据/官方SC2原始文本镜像/mods/starcoop/starcoop.sc2mod/base.sc2data/gamedata/abildata.xml	C:\Users\22448\Downloads\重生虫心0.71汉化版（新）\reborn_workrepo\合作指挥官版起义狂潮\Mods\XM\XMFinal.SC2Mod\Base.SC2Data\GameData\AbilData.xml	skipped_existing
MorphToSwarmHost	CAbilMorph	游戏数据/官方SC2原始文本镜像/campaigns/swarm.sc2campaign/base.sc2data/gamedata/abildata.xml	C:\Users\22448\Downloads\重生虫心0.71汉化版（新）\reborn_workrepo\合作指挥官版起义狂潮\Mods\XM\XMFinal.SC2Mod\Base.SC2Data\GameData\AbilData.xml	skipped_existing
MorphToSwarmHostBurrowed	CAbilMorph	游戏数据/官方SC2原始文本镜像/mods/starcoop/starcoop.sc2mod/base.sc2data/gamedata/abildata.xml	C:\Users\22448\Downloads\重生虫心0.71汉化版（新）\reborn_workrepo\合作指挥官版起义狂潮\Mods\XM\XMFinal.SC2Mod\Base.SC2Data\GameData\AbilData.xml	skipped_existing
MorphToSwarmHostBurrowed	CAbilMorph	游戏数据/官方SC2原始文本镜像/campaigns/swarm.sc2campaign/base.sc2data/gamedata/abildata.xml	C:\Users\22448\Downloads\重生虫心0.71汉化版（新）\reborn_workrepo\合作指挥官版起义狂潮\Mods\XM\XMFinal.SC2Mod\Base.SC2Data\GameData\AbilData.xml	skipped_existing
MorphToSwarmHostRooted	CAbilMorph	游戏数据/官方SC2原始文本镜像/campaigns/swarm.sc2campaign/base.sc2data/gamedata/abildata.xml	C:\Users\22448\Downloads\重生虫心0.71汉化版（新）\reborn_workrepo\合作指挥官版起义狂潮\Mods\XM\XMFinal.SC2Mod\Base.SC2Data\GameData\AbilData.xml	skipped_existing
MorphToSwarmHostSplitA	CAbilMorph	游戏数据/官方SC2原始文本镜像/campaigns/swarm.sc2campaign/base.sc2data/gamedata/abildata.xml	C:\Users\22448\Downloads\重生虫心0.71汉化版（新）\reborn_workrepo\合作指挥官版起义狂潮\Mods\XM\XMFinal.SC2Mod\Base.SC2Data\GameData\AbilData.xml	skipped_existing
MorphToSwarmHostSplitABurrowed	CAbilMorph	游戏数据/官方SC2原始文本镜像/campaigns/swarm.sc2campaign/base.sc2data/gamedata/abildata.xml	C:\Users\22448\Downloads\重生虫心0.71汉化版（新）\reborn_workrepo\合作指挥官版起义狂潮\Mods\XM\XMFinal.SC2Mod\Base.SC2Data\GameData\AbilData.xml	skipped_existing
MorphToSwarmHostSplitARooted	CAbilMorph	游戏数据/官方SC2原始文本镜像/campaigns/swarm.sc2campaign/base.sc2data/gamedata/abildata.xml	C:\Users\22448\Downloads\重生虫心0.71汉化版（新）\reborn_workrepo\合作指挥官版起义狂潮\Mods\XM\XMFinal.SC2Mod\Base.SC2Data\GameData\AbilData.xml	skipped_existing
MorphToSwarmHostSplitAUprooted	CAbilMorph	游戏数据/官方SC2原始文本镜像/campaigns/swarm.sc2campaign/base.sc2data/gamedata/abildata.xml	C:\Users\22448\Downloads\重生虫心0.71汉化版（新）\reborn_workrepo\合作指挥官版起义狂潮\Mods\XM\XMFinal.SC2Mod\Base.SC2Data\GameData\AbilData.xml	skipped_existing
MorphToSwarmHostSplitB	CAbilMorph	游戏数据/官方SC2原始文本镜像/campaigns/swarm.sc2campaign/base.sc2data/gamedata/abildata.xml	C:\Users\22448\Downloads\重生虫心0.71汉化版（新）\reborn_workrepo\合作指挥官版起义狂潮\Mods\XM\XMFinal.SC2Mod\Base.SC2Data\GameData\AbilData.xml	skipped_existing
MorphToSwarmHostSplitBBurrowed	CAbilMorph	游戏数据/官方SC2原始文本镜像/campaigns/swarm.sc2campaign/base.sc2data/gamedata/abildata.xml	C:\Users\22448\Downloads\重生虫心0.71汉化版（新）\reborn_workrepo\合作指挥官版起义狂潮\Mods\XM\XMFinal.SC2Mod\Base.SC2Data\GameData\AbilData.xml	skipped_existing
MorphToSwarmHostSplitBRooted	CAbilMorph	游戏数据/官方SC2原始文本镜像/campaigns/swarm.sc2campaign/base.sc2data/gamedata/abildata.xml	C:\Users\22448\Downloads\重生虫心0.71汉化版（新）\reborn_workrepo\合作指挥官版起义狂潮\Mods\XM\XMFinal.SC2Mod\Base.SC2Data\GameData\AbilData.xml	skipped_existing
MorphToSwarmHostSplitBUprooted	CAbilMorph	游戏数据/官方SC2原始文本镜像/campaigns/swarm.sc2campaign/base.sc2data/gamedata/abildata.xml	C:\Users\22448\Downloads\重生虫心0.71汉化版（新）\reborn_workrepo\合作指挥官版起义狂潮\Mods\XM\XMFinal.SC2Mod\Base.SC2Data\GameData\AbilData.xml	skipped_existing
MorphToSwarmHostUprooted	CAbilMorph	游戏数据/官方SC2原始文本镜像/campaigns/swarm.sc2campaign/base.sc2data/gamedata/abildata.xml	C:\Users\22448\Downloads\重生虫心0.71汉化版（新）\reborn_workrepo\合作指挥官版起义狂潮\Mods\XM\XMFinal.SC2Mod\Base.SC2Data\GameData\AbilData.xml	skipped_existing
MorphUltraliskToNoxious	CAbilTrain	游戏数据/官方SC2原始文本镜像/campaigns/swarm.sc2campaign/base.sc2data/gamedata/abildata.xml	C:\Users\22448\Downloads\重生虫心0.71汉化版（新）\reborn_workrepo\合作指挥官版起义狂潮\Mods\XM\XMFinal.SC2Mod\Base.SC2Data\GameData\AbilData.xml	skipped_existing
MorphUltraliskToTorrasque	CAbilTrain	游戏数据/官方SC2原始文本镜像/campaigns/swarm.sc2campaign/base.sc2data/gamedata/abildata.xml	C:\Users\22448\Downloads\重生虫心0.71汉化版（新）\reborn_workrepo\合作指挥官版起义狂潮\Mods\XM\XMFinal.SC2Mod\Base.SC2Data\GameData\AbilData.xml	skipped_existing
MorphZerglingToBaneling	CAbilTrain	游戏数据/官方SC2原始文本镜像/mods/starcoop/starcoop.sc2mod/base.sc2data/gamedata/abildata.xml	C:\Users\22448\Downloads\重生虫心0.71汉化版（新）\reborn_workrepo\合作指挥官版起义狂潮\Mods\XM\XMFinal.SC2Mod\Base.SC2Data\GameData\AbilData.xml	skipped_existing
MorphZerglingToBaneling	CAbilTrain	游戏数据/官方SC2原始文本镜像/campaigns/swarm.sc2campaign/base.sc2data/gamedata/abildata.xml	C:\Users\22448\Downloads\重生虫心0.71汉化版（新）\reborn_workrepo\合作指挥官版起义狂潮\Mods\XM\XMFinal.SC2Mod\Base.SC2Data\GameData\AbilData.xml	skipped_existing
MorphZerglingToHunter	CAbilTrain	游戏数据/官方SC2原始文本镜像/mods/starcoop/starcoop.sc2mod/base.sc2data/gamedata/abildata.xml	C:\Users\22448\Downloads\重生虫心0.71汉化版（新）\reborn_workrepo\合作指挥官版起义狂潮\Mods\XM\XMFinal.SC2Mod\Base.SC2Data\GameData\AbilData.xml	skipped_existing
MorphZerglingToHunter	CAbilTrain	游戏数据/官方SC2原始文本镜像/campaigns/swarm.sc2campaign/base.sc2data/gamedata/abildata.xml	C:\Users\22448\Downloads\重生虫心0.71汉化版（新）\reborn_workrepo\合作指挥官版起义狂潮\Mods\XM\XMFinal.SC2Mod\Base.SC2Data\GameData\AbilData.xml	skipped_existing
MorphZerglingToRaptor	CAbilTrain	游戏数据/官方SC2原始文本镜像/campaigns/swarm.sc2campaign/base.sc2data/gamedata/abildata.xml	C:\Users\22448\Downloads\重生虫心0.71汉化版（新）\reborn_workrepo\合作指挥官版起义狂潮\Mods\XM\XMFinal.SC2Mod\Base.SC2Data\GameData\AbilData.xml	skipped_existing
MorphZerglingToSplitterling	CAbilTrain	游戏数据/官方SC2原始文本镜像/mods/starcoop/starcoop.sc2mod/base.sc2data/gamedata/abildata.xml	C:\Users\22448\Downloads\重生虫心0.71汉化版（新）\reborn_workrepo\合作指挥官版起义狂潮\Mods\XM\XMFinal.SC2Mod\Base.SC2Data\GameData\AbilData.xml	skipped_existing
MorphZerglingToSplitterling	CAbilTrain	游戏数据/官方SC2原始文本镜像/campaigns/swarm.sc2campaign/base.sc2data/gamedata/abildata.xml	C:\Users\22448\Downloads\重生虫心0.71汉化版（新）\reborn_workrepo\合作指挥官版起义狂潮\Mods\XM\XMFinal.SC2Mod\Base.SC2Data\GameData\AbilData.xml	skipped_existing
MorphZerglingToSwarmling	CAbilTrain	游戏数据/官方SC2原始文本镜像/campaigns/swarm.sc2campaign/base.sc2data/gamedata/abildata.xml	C:\Users\22448\Downloads\重生虫心0.71汉化版（新）\reborn_workrepo\合作指挥官版起义狂潮\Mods\XM\XMFinal.SC2Mod\Base.SC2Data\GameData\AbilData.xml	skipped_existing
move	CAbilMove	游戏数据/官方SC2原始文本镜像/mods/starcoop/starcoop.sc2mod/base.sc2data/gamedata/abildata.xml	C:\Users\22448\Downloads\重生虫心0.71汉化版（新）\reborn_workrepo\合作指挥官版起义狂潮\Mods\XM\XMFinal.SC2Mod\Base.SC2Data\GameData\AbilData.xml	skipped_existing
MutatorRemoveWorkerSleep	CAbilEffectInstant	游戏数据/官方SC2原始文本镜像/mods/starcoop/starcoop.sc2mod/base.sc2data/gamedata/abildata.xml	C:\Users\22448\Downloads\重生虫心0.71汉化版（新）\reborn_workrepo\合作指挥官版起义狂潮\Mods\XM\XMFinal.SC2Mod\Base.SC2Data\GameData\AbilData.xml	skipped_existing
NeuralParasite	CAbilEffectTarget	游戏数据/官方SC2原始文本镜像/campaigns/swarm.sc2campaign/base.sc2data/gamedata/abildata.xml	C:\Users\22448\Downloads\重生虫心0.71汉化版（新）\reborn_workrepo\合作指挥官版起义狂潮\Mods\XM\XMFinal.SC2Mod\Base.SC2Data\GameData\AbilData.xml	skipped_existing
NoxiousCreep	CAbilEffectTarget	游戏数据/官方SC2原始文本镜像/campaigns/swarm.sc2campaign/base.sc2data/gamedata/abildata.xml	C:\Users\22448\Downloads\重生虫心0.71汉化版（新）\reborn_workrepo\合作指挥官版起义狂潮\Mods\XM\XMFinal.SC2Mod\Base.SC2Data\GameData\AbilData.xml	skipped_existing
NPSwarm	CAbilEffectTarget	游戏数据/官方SC2原始文本镜像/mods/starcoop/starcoop.sc2mod/base.sc2data/gamedata/abildata.xml	C:\Users\22448\Downloads\重生虫心0.71汉化版（新）\reborn_workrepo\合作指挥官版起义狂潮\Mods\XM\XMFinal.SC2Mod\Base.SC2Data\GameData\AbilData.xml	skipped_existing
NPSwarm	CAbilEffectTarget	游戏数据/官方SC2原始文本镜像/campaigns/swarm.sc2campaign/base.sc2data/gamedata/abildata.xml	C:\Users\22448\Downloads\重生虫心0.71汉化版（新）\reborn_workrepo\合作指挥官版起义狂潮\Mods\XM\XMFinal.SC2Mod\Base.SC2Data\GameData\AbilData.xml	skipped_existing
OverseerMorphtoOverseerSiege	CAbilMorph	游戏数据/官方SC2原始文本镜像/mods/starcoop/starcoop.sc2mod/base.sc2data/gamedata/abildata.xml	C:\Users\22448\Downloads\重生虫心0.71汉化版（新）\reborn_workrepo\合作指挥官版起义狂潮\Mods\XM\XMFinal.SC2Mod\Base.SC2Data\GameData\AbilData.xml	skipped_existing
OverseerSiegeMorphtoOverseer	CAbilMorph	游戏数据/官方SC2原始文本镜像/mods/starcoop/starcoop.sc2mod/base.sc2data/gamedata/abildata.xml	C:\Users\22448\Downloads\重生虫心0.71汉化版（新）\reborn_workrepo\合作指挥官版起义狂潮\Mods\XM\XMFinal.SC2Mod\Base.SC2Data\GameData\AbilData.xml	skipped_existing
PoisonNova	CAbilEffectInstant	游戏数据/官方SC2原始文本镜像/campaigns/swarm.sc2campaign/base.sc2data/gamedata/abildata.xml	C:\Users\22448\Downloads\重生虫心0.71汉化版（新）\reborn_workrepo\合作指挥官版起义狂潮\Mods\XM\XMFinal.SC2Mod\Base.SC2Data\GameData\AbilData.xml	skipped_existing
PrimalHeal	CAbilEffectInstant	游戏数据/官方SC2原始文本镜像/mods/starcoop/starcoop.sc2mod/base.sc2data/gamedata/abildata.xml	C:\Users\22448\Downloads\重生虫心0.71汉化版（新）\reborn_workrepo\合作指挥官版起义狂潮\Mods\XM\XMFinal.SC2Mod\Base.SC2Data\GameData\AbilData.xml	skipped_existing
PrimalHeal	CAbilEffectInstant	游戏数据/官方SC2原始文本镜像/campaigns/swarm.sc2campaign/base.sc2data/gamedata/abildata.xml	C:\Users\22448\Downloads\重生虫心0.71汉化版（新）\reborn_workrepo\合作指挥官版起义狂潮\Mods\XM\XMFinal.SC2Mod\Base.SC2Data\GameData\AbilData.xml	skipped_existing
PrimalSlash	CAbilEffectTarget	游戏数据/官方SC2原始文本镜像/mods/starcoop/starcoop.sc2mod/base.sc2data/gamedata/abildata.xml	C:\Users\22448\Downloads\重生虫心0.71汉化版（新）\reborn_workrepo\合作指挥官版起义狂潮\Mods\XM\XMFinal.SC2Mod\Base.SC2Data\GameData\AbilData.xml	skipped_existing
PrimalSlash	CAbilEffectTarget	游戏数据/官方SC2原始文本镜像/campaigns/swarm.sc2campaign/base.sc2data/gamedata/abildata.xml	C:\Users\22448\Downloads\重生虫心0.71汉化版（新）\reborn_workrepo\合作指挥官版起义狂潮\Mods\XM\XMFinal.SC2Mod\Base.SC2Data\GameData\AbilData.xml	skipped_existing
PrimalSlashUpgraded	CAbilEffectTarget	游戏数据/官方SC2原始文本镜像/campaigns/swarm.sc2campaign/base.sc2data/gamedata/abildata.xml	C:\Users\22448\Downloads\重生虫心0.71汉化版（新）\reborn_workrepo\合作指挥官版起义狂潮\Mods\XM\XMFinal.SC2Mod\Base.SC2Data\GameData\AbilData.xml	skipped_existing
PsionicLift	CAbilEffectTarget	游戏数据/官方SC2原始文本镜像/mods/starcoop/starcoop.sc2mod/base.sc2data/gamedata/abildata.xml	C:\Users\22448\Downloads\重生虫心0.71汉化版（新）\reborn_workrepo\合作指挥官版起义狂潮\Mods\XM\XMFinal.SC2Mod\Base.SC2Data\GameData\AbilData.xml	skipped_existing
PsionicLift	CAbilEffectTarget	游戏数据/官方SC2原始文本镜像/campaigns/swarm.sc2campaign/base.sc2data/gamedata/abildata.xml	C:\Users\22448\Downloads\重生虫心0.71汉化版（新）\reborn_workrepo\合作指挥官版起义狂潮\Mods\XM\XMFinal.SC2Mod\Base.SC2Data\GameData\AbilData.xml	skipped_existing
PsiStrike	CAbilEffectTarget	游戏数据/官方SC2原始文本镜像/campaigns/swarm.sc2campaign/base.sc2data/gamedata/abildata.xml	C:\Users\22448\Downloads\重生虫心0.71汉化版（新）\reborn_workrepo\合作指挥官版起义狂潮\Mods\XM\XMFinal.SC2Mod\Base.SC2Data\GameData\AbilData.xml	skipped_existing
PsiStrikeWalk	CAbilEffectTarget	游戏数据/官方SC2原始文本镜像/mods/starcoop/starcoop.sc2mod/base.sc2data/gamedata/abildata.xml	C:\Users\22448\Downloads\重生虫心0.71汉化版（新）\reborn_workrepo\合作指挥官版起义狂潮\Mods\XM\XMFinal.SC2Mod\Base.SC2Data\GameData\AbilData.xml	skipped_existing
PsiStrikeWalk	CAbilEffectTarget	游戏数据/官方SC2原始文本镜像/campaigns/swarm.sc2campaign/base.sc2data/gamedata/abildata.xml	C:\Users\22448\Downloads\重生虫心0.71汉化版（新）\reborn_workrepo\合作指挥官版起义狂潮\Mods\XM\XMFinal.SC2Mod\Base.SC2Data\GameData\AbilData.xml	skipped_existing
que1Passive	CAbilQueue	游戏数据/官方SC2原始文本镜像/mods/starcoop/starcoop.sc2mod/base.sc2data/gamedata/abildata.xml	C:\Users\22448\Downloads\重生虫心0.71汉化版（新）\reborn_workrepo\合作指挥官版起义狂潮\Mods\XM\XMFinal.SC2Mod\Base.SC2Data\GameData\AbilData.xml	skipped_existing
que5	CAbilQueue	游戏数据/官方SC2原始文本镜像/mods/starcoop/starcoop.sc2mod/base.sc2data/gamedata/abildata.xml	C:\Users\22448\Downloads\重生虫心0.71汉化版（新）\reborn_workrepo\合作指挥官版起义狂潮\Mods\XM\XMFinal.SC2Mod\Base.SC2Data\GameData\AbilData.xml	skipped_existing
QueenBuild	CAbilBuild	游戏数据/官方SC2原始文本镜像/mods/starcoop/starcoop.sc2mod/base.sc2data/gamedata/abildata.xml	C:\Users\22448\Downloads\重生虫心0.71汉化版（新）\reborn_workrepo\合作指挥官版起义狂潮\Mods\XM\XMFinal.SC2Mod\Base.SC2Data\GameData\AbilData.xml	skipped_existing
QueenBuild	CAbilBuild	游戏数据/官方SC2原始文本镜像/campaigns/swarm.sc2campaign/base.sc2data/gamedata/abildata.xml	C:\Users\22448\Downloads\重生虫心0.71汉化版（新）\reborn_workrepo\合作指挥官版起义狂潮\Mods\XM\XMFinal.SC2Mod\Base.SC2Data\GameData\AbilData.xml	skipped_existing
QueenBurstHeal	CAbilEffectTarget	游戏数据/官方SC2原始文本镜像/mods/starcoop/starcoop.sc2mod/base.sc2data/gamedata/abildata.xml	C:\Users\22448\Downloads\重生虫心0.71汉化版（新）\reborn_workrepo\合作指挥官版起义狂潮\Mods\XM\XMFinal.SC2Mod\Base.SC2Data\GameData\AbilData.xml	skipped_existing
QueenBurstHeal	CAbilEffectTarget	游戏数据/官方SC2原始文本镜像/campaigns/swarm.sc2campaign/base.sc2data/gamedata/abildata.xml	C:\Users\22448\Downloads\重生虫心0.71汉化版（新）\reborn_workrepo\合作指挥官版起义狂潮\Mods\XM\XMFinal.SC2Mod\Base.SC2Data\GameData\AbilData.xml	skipped_existing
Rally	CAbilRally	游戏数据/官方SC2原始文本镜像/mods/starcoop/starcoop.sc2mod/base.sc2data/gamedata/abildata.xml	C:\Users\22448\Downloads\重生虫心0.71汉化版（新）\reborn_workrepo\合作指挥官版起义狂潮\Mods\XM\XMFinal.SC2Mod\Base.SC2Data\GameData\AbilData.xml	skipped_existing
RallyBanelingNest	CAbilRally	游戏数据/官方SC2原始文本镜像/mods/starcoop/starcoop.sc2mod/base.sc2data/gamedata/abildata.xml	C:\Users\22448\Downloads\重生虫心0.71汉化版（新）\reborn_workrepo\合作指挥官版起义狂潮\Mods\XM\XMFinal.SC2Mod\Base.SC2Data\GameData\AbilData.xml	skipped_existing
RallyBlock	CAbilEffectTarget	游戏数据/官方SC2原始文本镜像/campaigns/swarm.sc2campaign/base.sc2data/gamedata/abildata.xml	C:\Users\22448\Downloads\重生虫心0.71汉化版（新）\reborn_workrepo\合作指挥官版起义狂潮\Mods\XM\XMFinal.SC2Mod\Base.SC2Data\GameData\AbilData.xml	skipped_existing
RallyHatchery	CAbilRally	游戏数据/官方SC2原始文本镜像/mods/starcoop/starcoop.sc2mod/base.sc2data/gamedata/abildata.xml	C:\Users\22448\Downloads\重生虫心0.71汉化版（新）\reborn_workrepo\合作指挥官版起义狂潮\Mods\XM\XMFinal.SC2Mod\Base.SC2Data\GameData\AbilData.xml	skipped_existing
RallyHatchery	CAbilRally	游戏数据/官方SC2原始文本镜像/campaigns/swarm.sc2campaign/base.sc2data/gamedata/abildata.xml	C:\Users\22448\Downloads\重生虫心0.71汉化版（新）\reborn_workrepo\合作指挥官版起义狂潮\Mods\XM\XMFinal.SC2Mod\Base.SC2Data\GameData\AbilData.xml	skipped_existing
RallyNydus	CAbilRally	游戏数据/官方SC2原始文本镜像/mods/starcoop/starcoop.sc2mod/base.sc2data/gamedata/abildata.xml	C:\Users\22448\Downloads\重生虫心0.71汉化版（新）\reborn_workrepo\合作指挥官版起义狂潮\Mods\XM\XMFinal.SC2Mod\Base.SC2Data\GameData\AbilData.xml	skipped_existing
RallyScourgeNest	CAbilRally	游戏数据/官方SC2原始文本镜像/mods/starcoop/starcoop.sc2mod/base.sc2data/gamedata/abildata.xml	C:\Users\22448\Downloads\重生虫心0.71汉化版（新）\reborn_workrepo\合作指挥官版起义狂潮\Mods\XM\XMFinal.SC2Mod\Base.SC2Data\GameData\AbilData.xml	skipped_existing
RapidIncubation	CAbilEffectInstant	游戏数据/官方SC2原始文本镜像/campaigns/swarm.sc2campaign/base.sc2data/gamedata/abildata.xml	C:\Users\22448\Downloads\重生虫心0.71汉化版（新）\reborn_workrepo\合作指挥官版起义狂潮\Mods\XM\XMFinal.SC2Mod\Base.SC2Data\GameData\AbilData.xml	skipped_existing
RoachWarrenResearch	CAbilResearch	游戏数据/官方SC2原始文本镜像/mods/starcoop/starcoop.sc2mod/base.sc2data/gamedata/abildata.xml	C:\Users\22448\Downloads\重生虫心0.71汉化版（新）\reborn_workrepo\合作指挥官版起义狂潮\Mods\XM\XMFinal.SC2Mod\Base.SC2Data\GameData\AbilData.xml	skipped_existing
RoachWarrenResearch	CAbilResearch	游戏数据/官方SC2原始文本镜像/campaigns/swarm.sc2campaign/base.sc2data/gamedata/abildata.xml	C:\Users\22448\Downloads\重生虫心0.71汉化版（新）\reborn_workrepo\合作指挥官版起义狂潮\Mods\XM\XMFinal.SC2Mod\Base.SC2Data\GameData\AbilData.xml	skipped_existing
ScourgeNestResearch	CAbilResearch	游戏数据/官方SC2原始文本镜像/mods/starcoop/starcoop.sc2mod/base.sc2data/gamedata/abildata.xml	C:\Users\22448\Downloads\重生虫心0.71汉化版（新）\reborn_workrepo\合作指挥官版起义狂潮\Mods\XM\XMFinal.SC2Mod\Base.SC2Data\GameData\AbilData.xml	skipped_existing
SIQueenFungalGrowth	CAbilEffectTarget	游戏数据/官方SC2原始文本镜像/mods/starcoop/starcoop.sc2mod/base.sc2data/gamedata/abildata.xml	C:\Users\22448\Downloads\重生虫心0.71汉化版（新）\reborn_workrepo\合作指挥官版起义狂潮\Mods\XM\XMFinal.SC2Mod\Base.SC2Data\GameData\AbilData.xml	skipped_existing
SpawnBanelings	CAbilEffectTarget	游戏数据/官方SC2原始文本镜像/campaigns/swarm.sc2campaign/base.sc2data/gamedata/abildata.xml	C:\Users\22448\Downloads\重生虫心0.71汉化版（新）\reborn_workrepo\合作指挥官版起义狂潮\Mods\XM\XMFinal.SC2Mod\Base.SC2Data\GameData\AbilData.xml	skipped_existing
SpawnChangeling	CAbilEffectInstant	游戏数据/官方SC2原始文本镜像/mods/starcoop/starcoop.sc2mod/base.sc2data/gamedata/abildata.xml	C:\Users\22448\Downloads\重生虫心0.71汉化版（新）\reborn_workrepo\合作指挥官版起义狂潮\Mods\XM\XMFinal.SC2Mod\Base.SC2Data\GameData\AbilData.xml	skipped_existing
SpawningPoolResearch	CAbilResearch	游戏数据/官方SC2原始文本镜像/mods/starcoop/starcoop.sc2mod/base.sc2data/gamedata/abildata.xml	C:\Users\22448\Downloads\重生虫心0.71汉化版（新）\reborn_workrepo\合作指挥官版起义狂潮\Mods\XM\XMFinal.SC2Mod\Base.SC2Data\GameData\AbilData.xml	skipped_existing
SpawningPoolResearch	CAbilResearch	游戏数据/官方SC2原始文本镜像/campaigns/swarm.sc2campaign/base.sc2data/gamedata/abildata.xml	C:\Users\22448\Downloads\重生虫心0.71汉化版（新）\reborn_workrepo\合作指挥官版起义狂潮\Mods\XM\XMFinal.SC2Mod\Base.SC2Data\GameData\AbilData.xml	skipped_existing
SpireResearch	CAbilResearch	游戏数据/官方SC2原始文本镜像/mods/starcoop/starcoop.sc2mod/base.sc2data/gamedata/abildata.xml	C:\Users\22448\Downloads\重生虫心0.71汉化版（新）\reborn_workrepo\合作指挥官版起义狂潮\Mods\XM\XMFinal.SC2Mod\Base.SC2Data\GameData\AbilData.xml	skipped_existing
SpireResearch	CAbilResearch	游戏数据/官方SC2原始文本镜像/campaigns/swarm.sc2campaign/base.sc2data/gamedata/abildata.xml	C:\Users\22448\Downloads\重生虫心0.71汉化版（新）\reborn_workrepo\合作指挥官版起义狂潮\Mods\XM\XMFinal.SC2Mod\Base.SC2Data\GameData\AbilData.xml	skipped_existing
StukovCrystalChannel	CAbilBehavior	游戏数据/官方SC2原始文本镜像/campaigns/swarm.sc2campaign/base.sc2data/gamedata/abildata.xml	C:\Users\22448\Downloads\重生虫心0.71汉化版（新）\reborn_workrepo\合作指挥官版起义狂潮\Mods\XM\XMFinal.SC2Mod\Base.SC2Data\GameData\AbilData.xml	skipped_existing
StukovInfestedInfestedCivilianLeapAttack	CAbilAugment	游戏数据/官方SC2原始文本镜像/mods/starcoop/starcoop.sc2mod/base.sc2data/gamedata/abildata.xml	C:\Users\22448\Downloads\重生虫心0.71汉化版（新）\reborn_workrepo\合作指挥官版起义狂潮\Mods\XM\XMFinal.SC2Mod\Base.SC2Data\GameData\AbilData.xml	skipped_existing
StukovInfestedTerrans	CAbilEffectTarget	游戏数据/官方SC2原始文本镜像/campaigns/swarm.sc2campaign/base.sc2data/gamedata/abildata.xml	C:\Users\22448\Downloads\重生虫心0.71汉化版（新）\reborn_workrepo\合作指挥官版起义狂潮\Mods\XM\XMFinal.SC2Mod\Base.SC2Data\GameData\AbilData.xml	skipped_existing
StukovRevive	CAbilRevive	游戏数据/官方SC2原始文本镜像/campaigns/swarm.sc2campaign/base.sc2data/gamedata/abildata.xml	C:\Users\22448\Downloads\重生虫心0.71汉化版（新）\reborn_workrepo\合作指挥官版起义狂潮\Mods\XM\XMFinal.SC2Mod\Base.SC2Data\GameData\AbilData.xml	skipped_existing
SwarmHostDeepBurrow	CAbilEffectTarget	游戏数据/官方SC2原始文本镜像/campaigns/swarm.sc2campaign/base.sc2data/gamedata/abildata.xml	C:\Users\22448\Downloads\重生虫心0.71汉化版（新）\reborn_workrepo\合作指挥官版起义狂潮\Mods\XM\XMFinal.SC2Mod\Base.SC2Data\GameData\AbilData.xml	skipped_existing
SwarmQueenParasiticInvasion	CAbilEffectTarget	游戏数据/官方SC2原始文本镜像/campaigns/swarm.sc2campaign/base.sc2data/gamedata/abildata.xml	C:\Users\22448\Downloads\重生虫心0.71汉化版（新）\reborn_workrepo\合作指挥官版起义狂潮\Mods\XM\XMFinal.SC2Mod\Base.SC2Data\GameData\AbilData.xml	skipped_existing
SwarmQueenTrain	CAbilTrain	游戏数据/官方SC2原始文本镜像/campaigns/swarm.sc2campaign/base.sc2data/gamedata/abildata.xml	C:\Users\22448\Downloads\重生虫心0.71汉化版（新）\reborn_workrepo\合作指挥官版起义狂潮\Mods\XM\XMFinal.SC2Mod\Base.SC2Data\GameData\AbilData.xml	skipped_existing
SymbioteCarapace	CAbilEffectInstant	游戏数据/官方SC2原始文本镜像/mods/starcoop/starcoop.sc2mod/base.sc2data/gamedata/abildata.xml	C:\Users\22448\Downloads\重生虫心0.71汉化版（新）\reborn_workrepo\合作指挥官版起义狂潮\Mods\XM\XMFinal.SC2Mod\Base.SC2Data\GameData\AbilData.xml	skipped_existing
TentacleAttack	CAbilEffectTarget	游戏数据/官方SC2原始文本镜像/mods/starcoop/starcoop.sc2mod/base.sc2data/gamedata/abildata.xml	C:\Users\22448\Downloads\重生虫心0.71汉化版（新）\reborn_workrepo\合作指挥官版起义狂潮\Mods\XM\XMFinal.SC2Mod\Base.SC2Data\GameData\AbilData.xml	skipped_existing
TorrasqueChrysalis	CAbilMorph	游戏数据/官方SC2原始文本镜像/campaigns/swarm.sc2campaign/base.sc2data/gamedata/abildata.xml	C:\Users\22448\Downloads\重生虫心0.71汉化版（新）\reborn_workrepo\合作指挥官版起义狂潮\Mods\XM\XMFinal.SC2Mod\Base.SC2Data\GameData\AbilData.xml	skipped_existing
TorrasqueCorpse	CAbilMorph	游戏数据/官方SC2原始文本镜像/campaigns/swarm.sc2campaign/base.sc2data/gamedata/abildata.xml	C:\Users\22448\Downloads\重生虫心0.71汉化版（新）\reborn_workrepo\合作指挥官版起义狂潮\Mods\XM\XMFinal.SC2Mod\Base.SC2Data\GameData\AbilData.xml	skipped_existing
TrainQueen	CAbilTrain	游戏数据/官方SC2原始文本镜像/mods/starcoop/starcoop.sc2mod/base.sc2data/gamedata/abildata.xml	C:\Users\22448\Downloads\重生虫心0.71汉化版（新）\reborn_workrepo\合作指挥官版起义狂潮\Mods\XM\XMFinal.SC2Mod\Base.SC2Data\GameData\AbilData.xml	skipped_existing
TrainQueen	CAbilTrain	游戏数据/官方SC2原始文本镜像/campaigns/swarm.sc2campaign/base.sc2data/gamedata/abildata.xml	C:\Users\22448\Downloads\重生虫心0.71汉化版（新）\reborn_workrepo\合作指挥官版起义狂潮\Mods\XM\XMFinal.SC2Mod\Base.SC2Data\GameData\AbilData.xml	skipped_existing
Transfusion	CAbilEffectTarget	游戏数据/官方SC2原始文本镜像/mods/starcoop/starcoop.sc2mod/base.sc2data/gamedata/abildata.xml	C:\Users\22448\Downloads\重生虫心0.71汉化版（新）\reborn_workrepo\合作指挥官版起义狂潮\Mods\XM\XMFinal.SC2Mod\Base.SC2Data\GameData\AbilData.xml	skipped_existing
Transfusion	CAbilEffectTarget	游戏数据/官方SC2原始文本镜像/campaigns/swarm.sc2campaign/base.sc2data/gamedata/abildata.xml	C:\Users\22448\Downloads\重生虫心0.71汉化版（新）\reborn_workrepo\合作指挥官版起义狂潮\Mods\XM\XMFinal.SC2Mod\Base.SC2Data\GameData\AbilData.xml	skipped_existing
UltraliskBurrowCharge	CAbilEffectTarget	游戏数据/官方SC2原始文本镜像/mods/starcoop/starcoop.sc2mod/base.sc2data/gamedata/abildata.xml	C:\Users\22448\Downloads\重生虫心0.71汉化版（新）\reborn_workrepo\合作指挥官版起义狂潮\Mods\XM\XMFinal.SC2Mod\Base.SC2Data\GameData\AbilData.xml	skipped_existing
UltraliskBurrowCharge	CAbilEffectTarget	游戏数据/官方SC2原始文本镜像/campaigns/swarm.sc2campaign/base.sc2data/gamedata/abildata.xml	C:\Users\22448\Downloads\重生虫心0.71汉化版（新）\reborn_workrepo\合作指挥官版起义狂潮\Mods\XM\XMFinal.SC2Mod\Base.SC2Data\GameData\AbilData.xml	skipped_existing
UltraliskBurrowChargeNoxious	CAbilEffectTarget	游戏数据/官方SC2原始文本镜像/campaigns/swarm.sc2campaign/base.sc2data/gamedata/abildata.xml	C:\Users\22448\Downloads\重生虫心0.71汉化版（新）\reborn_workrepo\合作指挥官版起义狂潮\Mods\XM\XMFinal.SC2Mod\Base.SC2Data\GameData\AbilData.xml	skipped_existing
UltraliskCavernResearch	CAbilResearch	游戏数据/官方SC2原始文本镜像/mods/starcoop/starcoop.sc2mod/base.sc2data/gamedata/abildata.xml	C:\Users\22448\Downloads\重生虫心0.71汉化版（新）\reborn_workrepo\合作指挥官版起义狂潮\Mods\XM\XMFinal.SC2Mod\Base.SC2Data\GameData\AbilData.xml	skipped_existing
UltraliskCavernResearch	CAbilResearch	游戏数据/官方SC2原始文本镜像/campaigns/swarm.sc2campaign/base.sc2data/gamedata/abildata.xml	C:\Users\22448\Downloads\重生虫心0.71汉化版（新）\reborn_workrepo\合作指挥官版起义狂潮\Mods\XM\XMFinal.SC2Mod\Base.SC2Data\GameData\AbilData.xml	skipped_existing
UpgradeToGreaterRoachWarren	CAbilMorph	游戏数据/官方SC2原始文本镜像/mods/starcoop/starcoop.sc2mod/base.sc2data/gamedata/abildata.xml	C:\Users\22448\Downloads\重生虫心0.71汉化版（新）\reborn_workrepo\合作指挥官版起义狂潮\Mods\XM\XMFinal.SC2Mod\Base.SC2Data\GameData\AbilData.xml	skipped_existing
UpgradeToGreaterSpire	CAbilMorph	游戏数据/官方SC2原始文本镜像/mods/starcoop/starcoop.sc2mod/base.sc2data/gamedata/abildata.xml	C:\Users\22448\Downloads\重生虫心0.71汉化版（新）\reborn_workrepo\合作指挥官版起义狂潮\Mods\XM\XMFinal.SC2Mod\Base.SC2Data\GameData\AbilData.xml	skipped_existing
UpgradeToGreaterSpire	CAbilMorph	游戏数据/官方SC2原始文本镜像/campaigns/swarm.sc2campaign/base.sc2data/gamedata/abildata.xml	C:\Users\22448\Downloads\重生虫心0.71汉化版（新）\reborn_workrepo\合作指挥官版起义狂潮\Mods\XM\XMFinal.SC2Mod\Base.SC2Data\GameData\AbilData.xml	skipped_existing
UpgradeToGreaterSpireBroodlord	CAbilMorph	游戏数据/官方SC2原始文本镜像/mods/starcoop/starcoop.sc2mod/base.sc2data/gamedata/abildata.xml	C:\Users\22448\Downloads\重生虫心0.71汉化版（新）\reborn_workrepo\合作指挥官版起义狂潮\Mods\XM\XMFinal.SC2Mod\Base.SC2Data\GameData\AbilData.xml	skipped_existing
UpgradeToGreaterSpireBroodlord	CAbilMorph	游戏数据/官方SC2原始文本镜像/campaigns/swarm.sc2campaign/base.sc2data/gamedata/abildata.xml	C:\Users\22448\Downloads\重生虫心0.71汉化版（新）\reborn_workrepo\合作指挥官版起义狂潮\Mods\XM\XMFinal.SC2Mod\Base.SC2Data\GameData\AbilData.xml	skipped_existing
UpgradeToGreaterSpireViper	CAbilMorph	游戏数据/官方SC2原始文本镜像/mods/starcoop/starcoop.sc2mod/base.sc2data/gamedata/abildata.xml	C:\Users\22448\Downloads\重生虫心0.71汉化版（新）\reborn_workrepo\合作指挥官版起义狂潮\Mods\XM\XMFinal.SC2Mod\Base.SC2Data\GameData\AbilData.xml	skipped_existing
UpgradeToGreaterSpireViper	CAbilMorph	游戏数据/官方SC2原始文本镜像/campaigns/swarm.sc2campaign/base.sc2data/gamedata/abildata.xml	C:\Users\22448\Downloads\重生虫心0.71汉化版（新）\reborn_workrepo\合作指挥官版起义狂潮\Mods\XM\XMFinal.SC2Mod\Base.SC2Data\GameData\AbilData.xml	skipped_existing
UpgradeToImpalerDen	CAbilMorph	游戏数据/官方SC2原始文本镜像/campaigns/swarm.sc2campaign/base.sc2data/gamedata/abildata.xml	C:\Users\22448\Downloads\重生虫心0.71汉化版（新）\reborn_workrepo\合作指挥官版起义狂潮\Mods\XM\XMFinal.SC2Mod\Base.SC2Data\GameData\AbilData.xml	skipped_existing
UpgradeToLairInstantFree	CAbilMorph	游戏数据/官方SC2原始文本镜像/mods/starcoop/starcoop.sc2mod/base.sc2data/gamedata/abildata.xml	C:\Users\22448\Downloads\重生虫心0.71汉化版（新）\reborn_workrepo\合作指挥官版起义狂潮\Mods\XM\XMFinal.SC2Mod\Base.SC2Data\GameData\AbilData.xml	skipped_existing
UpgradeToLurkerDen	CAbilMorph	游戏数据/官方SC2原始文本镜像/campaigns/swarm.sc2campaign/base.sc2data/gamedata/abildata.xml	C:\Users\22448\Downloads\重生虫心0.71汉化版（新）\reborn_workrepo\合作指挥官版起义狂潮\Mods\XM\XMFinal.SC2Mod\Base.SC2Data\GameData\AbilData.xml	skipped_existing
WildMutation	CAbilEffectTarget	游戏数据/官方SC2原始文本镜像/mods/starcoop/starcoop.sc2mod/base.sc2data/gamedata/abildata.xml	C:\Users\22448\Downloads\重生虫心0.71汉化版（新）\reborn_workrepo\合作指挥官版起义狂潮\Mods\XM\XMFinal.SC2Mod\Base.SC2Data\GameData\AbilData.xml	skipped_existing
WildMutation	CAbilEffectTarget	游戏数据/官方SC2原始文本镜像/campaigns/swarm.sc2campaign/base.sc2data/gamedata/abildata.xml	C:\Users\22448\Downloads\重生虫心0.71汉化版（新）\reborn_workrepo\合作指挥官版起义狂潮\Mods\XM\XMFinal.SC2Mod\Base.SC2Data\GameData\AbilData.xml	skipped_existing
WildMutationMapWide	CAbilEffectInstant	游戏数据/官方SC2原始文本镜像/mods/starcoop/starcoop.sc2mod/base.sc2data/gamedata/abildata.xml	C:\Users\22448\Downloads\重生虫心0.71汉化版（新）\reborn_workrepo\合作指挥官版起义狂潮\Mods\XM\XMFinal.SC2Mod\Base.SC2Data\GameData\AbilData.xml	skipped_existing
ZagaraVoidCoopBanelingSpawner	CAbilEffectInstant	游戏数据/官方SC2原始文本镜像/mods/starcoop/starcoop.sc2mod/base.sc2data/gamedata/abildata.xml	C:\Users\22448\Downloads\重生虫心0.71汉化版（新）\reborn_workrepo\合作指挥官版起义狂潮\Mods\XM\XMFinal.SC2Mod\Base.SC2Data\GameData\AbilData.xml	skipped_existing
ZagaraVoidCoopBanelingSpawnerTrain	CAbilTrain	游戏数据/官方SC2原始文本镜像/mods/starcoop/starcoop.sc2mod/base.sc2data/gamedata/abildata.xml	C:\Users\22448\Downloads\重生虫心0.71汉化版（新）\reborn_workrepo\合作指挥官版起义狂潮\Mods\XM\XMFinal.SC2Mod\Base.SC2Data\GameData\AbilData.xml	skipped_existing
ZagaraVoidCoopCreepMaster	CAbilBuild	游戏数据/官方SC2原始文本镜像/mods/starcoop/starcoop.sc2mod/base.sc2data/gamedata/abildata.xml	C:\Users\22448\Downloads\重生虫心0.71汉化版（新）\reborn_workrepo\合作指挥官版起义狂潮\Mods\XM\XMFinal.SC2Mod\Base.SC2Data\GameData\AbilData.xml	skipped_existing
ZagaraVoidCoopNydusWorm	CAbilBuild	游戏数据/官方SC2原始文本镜像/mods/starcoop/starcoop.sc2mod/base.sc2data/gamedata/abildata.xml	C:\Users\22448\Downloads\重生虫心0.71汉化版（新）\reborn_workrepo\合作指挥官版起义狂潮\Mods\XM\XMFinal.SC2Mod\Base.SC2Data\GameData\AbilData.xml	skipped_existing
ZergBuild	CAbilBuild	游戏数据/官方SC2原始文本镜像/mods/starcoop/starcoop.sc2mod/base.sc2data/gamedata/abildata.xml	C:\Users\22448\Downloads\重生虫心0.71汉化版（新）\reborn_workrepo\合作指挥官版起义狂潮\Mods\XM\XMFinal.SC2Mod\Base.SC2Data\GameData\AbilData.xml	skipped_existing
ZergBuild	CAbilBuild	游戏数据/官方SC2原始文本镜像/campaigns/swarm.sc2campaign/base.sc2data/gamedata/abildata.xml	C:\Users\22448\Downloads\重生虫心0.71汉化版（新）\reborn_workrepo\合作指挥官版起义狂潮\Mods\XM\XMFinal.SC2Mod\Base.SC2Data\GameData\AbilData.xml	skipped_existing
ZerglingRespawn	CAbilEffectInstant	游戏数据/官方SC2原始文本镜像/campaigns/swarm.sc2campaign/base.sc2data/gamedata/abildata.xml	C:\Users\22448\Downloads\重生虫心0.71汉化版（新）\reborn_workrepo\合作指挥官版起义狂潮\Mods\XM\XMFinal.SC2Mod\Base.SC2Data\GameData\AbilData.xml	skipped_existing
ZerglingRespawnCounter	CAbilEffectInstant	游戏数据/官方SC2原始文本镜像/campaigns/swarm.sc2campaign/base.sc2data/gamedata/abildata.xml	C:\Users\22448\Downloads\重生虫心0.71汉化版（新）\reborn_workrepo\合作指挥官版起义狂潮\Mods\XM\XMFinal.SC2Mod\Base.SC2Data\GameData\AbilData.xml	skipped_existing
ZerglingRespawnDeath	CAbilEffectInstant	游戏数据/官方SC2原始文本镜像/campaigns/swarm.sc2campaign/base.sc2data/gamedata/abildata.xml	C:\Users\22448\Downloads\重生虫心0.71汉化版（新）\reborn_workrepo\合作指挥官版起义狂潮\Mods\XM\XMFinal.SC2Mod\Base.SC2Data\GameData\AbilData.xml	skipped_existing
ZerglingRespawnPrimary	CAbilEffectInstant	游戏数据/官方SC2原始文本镜像/campaigns/swarm.sc2campaign/base.sc2data/gamedata/abildata.xml	C:\Users\22448\Downloads\重生虫心0.71汉化版（新）\reborn_workrepo\合作指挥官版起义狂潮\Mods\XM\XMFinal.SC2Mod\Base.SC2Data\GameData\AbilData.xml	skipped_existing
ZerglingRespawnTrain	CAbilTrain	游戏数据/官方SC2原始文本镜像/mods/starcoop/starcoop.sc2mod/base.sc2data/gamedata/abildata.xml	C:\Users\22448\Downloads\重生虫心0.71汉化版（新）\reborn_workrepo\合作指挥官版起义狂潮\Mods\XM\XMFinal.SC2Mod\Base.SC2Data\GameData\AbilData.xml	skipped_existing
ZerglingRespawnTrain	CAbilTrain	游戏数据/官方SC2原始文本镜像/campaigns/swarm.sc2campaign/base.sc2data/gamedata/abildata.xml	C:\Users\22448\Downloads\重生虫心0.71汉化版（新）\reborn_workrepo\合作指挥官版起义狂潮\Mods\XM\XMFinal.SC2Mod\Base.SC2Data\GameData\AbilData.xml	skipped_existing
AbathurDeepTunnelImprovedMacro	CActorEventMacro	游戏数据/官方SC2原始文本镜像/mods/starcoop/starcoop.sc2mod/base.sc2data/gamedata/actordata.xml	C:\Users\22448\Downloads\重生虫心0.71汉化版（新）\reborn_workrepo\合作指挥官版起义狂潮\Mods\XM\XMFinal.SC2Mod\Base.SC2Data\GameData\ActorData.xml	skipped_existing
AbathurLavaWorm	CActorUnit	游戏数据/官方SC2原始文本镜像/mods/starcoop/starcoop.sc2mod/base.sc2data/gamedata/actordata.xml	C:\Users\22448\Downloads\重生虫心0.71汉化版（新）\reborn_workrepo\合作指挥官版起义狂潮\Mods\XM\XMFinal.SC2Mod\Base.SC2Data\GameData\ActorData.xml	skipped_existing
AbathurLocust	CActorUnit	游戏数据/官方SC2原始文本镜像/mods/starcoop/starcoop.sc2mod/base.sc2data/gamedata/actordata.xml	C:\Users\22448\Downloads\重生虫心0.71汉化版（新）\reborn_workrepo\合作指挥官版起义狂潮\Mods\XM\XMFinal.SC2Mod\Base.SC2Data\GameData\ActorData.xml	skipped_existing
AbathurSymbioteBrutalisk	CActorUnit	游戏数据/官方SC2原始文本镜像/mods/starcoop/starcoop.sc2mod/base.sc2data/gamedata/actordata.xml	C:\Users\22448\Downloads\重生虫心0.71汉化版（新）\reborn_workrepo\合作指挥官版起义狂潮\Mods\XM\XMFinal.SC2Mod\Base.SC2Data\GameData\ActorData.xml	skipped_existing
Aberration_Land	CActorSound	游戏数据/官方SC2原始文本镜像/campaigns/swarm.sc2campaign/base.sc2data/gamedata/actordata.xml	C:\Users\22448\Downloads\重生虫心0.71汉化版（新）\reborn_workrepo\合作指挥官版起义狂潮\Mods\XM\XMFinal.SC2Mod\Base.SC2Data\GameData\ActorData.xml	skipped_existing
Archon	CActorUnit	游戏数据/官方SC2原始文本镜像/mods/starcoop/starcoop.sc2mod/base.sc2data/gamedata/actordata.xml	C:\Users\22448\Downloads\重生虫心0.71汉化版（新）\reborn_workrepo\合作指挥官版起义狂潮\Mods\XM\XMFinal.SC2Mod\Base.SC2Data\GameData\ActorData.xml	skipped_existing
Archon	CActorUnit	游戏数据/官方SC2原始文本镜像/campaigns/swarm.sc2campaign/base.sc2data/gamedata/actordata.xml	C:\Users\22448\Downloads\重生虫心0.71汉化版（新）\reborn_workrepo\合作指挥官版起义狂潮\Mods\XM\XMFinal.SC2Mod\Base.SC2Data\GameData\ActorData.xml	skipped_existing
AutomatedExtractor	CActorUnit	游戏数据/官方SC2原始文本镜像/campaigns/swarm.sc2campaign/base.sc2data/gamedata/actordata.xml	C:\Users\22448\Downloads\重生虫心0.71汉化版（新）\reborn_workrepo\合作指挥官版起义狂潮\Mods\XM\XMFinal.SC2Mod\Base.SC2Data\GameData\ActorData.xml	skipped_existing
AutomatedExtractorTextKicker4	CActorText	游戏数据/官方SC2原始文本镜像/campaigns/swarm.sc2campaign/base.sc2data/gamedata/actordata.xml	C:\Users\22448\Downloads\重生虫心0.71汉化版（新）\reborn_workrepo\合作指挥官版起义狂潮\Mods\XM\XMFinal.SC2Mod\Base.SC2Data\GameData\ActorData.xml	skipped_existing
AutomatedExtractorTextKicker5	CActorText	游戏数据/官方SC2原始文本镜像/campaigns/swarm.sc2campaign/base.sc2data/gamedata/actordata.xml	C:\Users\22448\Downloads\重生虫心0.71汉化版（新）\reborn_workrepo\合作指挥官版起义狂潮\Mods\XM\XMFinal.SC2Mod\Base.SC2Data\GameData\ActorData.xml	skipped_existing
Baneling	CActorUnit	游戏数据/官方SC2原始文本镜像/mods/starcoop/starcoop.sc2mod/base.sc2data/gamedata/actordata.xml	C:\Users\22448\Downloads\重生虫心0.71汉化版（新）\reborn_workrepo\合作指挥官版起义狂潮\Mods\XM\XMFinal.SC2Mod\Base.SC2Data\GameData\ActorData.xml	skipped_existing
Baneling	CActorUnit	游戏数据/官方SC2原始文本镜像/campaigns/swarm.sc2campaign/base.sc2data/gamedata/actordata.xml	C:\Users\22448\Downloads\重生虫心0.71汉化版（新）\reborn_workrepo\合作指挥官版起义狂潮\Mods\XM\XMFinal.SC2Mod\Base.SC2Data\GameData\ActorData.xml	skipped_existing
Banshee	CActorUnit	游戏数据/官方SC2原始文本镜像/mods/starcoop/starcoop.sc2mod/base.sc2data/gamedata/actordata.xml	C:\Users\22448\Downloads\重生虫心0.71汉化版（新）\reborn_workrepo\合作指挥官版起义狂潮\Mods\XM\XMFinal.SC2Mod\Base.SC2Data\GameData\ActorData.xml	skipped_existing
Battlecruiser	CActorUnit	游戏数据/官方SC2原始文本镜像/mods/starcoop/starcoop.sc2mod/base.sc2data/gamedata/actordata.xml	C:\Users\22448\Downloads\重生虫心0.71汉化版（新）\reborn_workrepo\合作指挥官版起义狂潮\Mods\XM\XMFinal.SC2Mod\Base.SC2Data\GameData\ActorData.xml	skipped_existing
BileLauncherZagara	CActorUnit	游戏数据/官方SC2原始文本镜像/mods/starcoop/starcoop.sc2mod/base.sc2data/gamedata/actordata.xml	C:\Users\22448\Downloads\重生虫心0.71汉化版（新）\reborn_workrepo\合作指挥官版起义狂潮\Mods\XM\XMFinal.SC2Mod\Base.SC2Data\GameData\ActorData.xml	skipped_existing
Broodling	CActorUnit	游戏数据/官方SC2原始文本镜像/campaigns/swarm.sc2campaign/base.sc2data/gamedata/actordata.xml	C:\Users\22448\Downloads\重生虫心0.71汉化版（新）\reborn_workrepo\合作指挥官版起义狂潮\Mods\XM\XMFinal.SC2Mod\Base.SC2Data\GameData\ActorData.xml	skipped_existing
BroodMother	CActorUnit	游戏数据/官方SC2原始文本镜像/campaigns/swarm.sc2campaign/base.sc2data/gamedata/actordata.xml	C:\Users\22448\Downloads\重生虫心0.71汉化版（新）\reborn_workrepo\合作指挥官版起义狂潮\Mods\XM\XMFinal.SC2Mod\Base.SC2Data\GameData\ActorData.xml	skipped_existing
Brutalisk_Morph_Complete_AS	CActorSound	游戏数据/官方SC2原始文本镜像/mods/starcoop/starcoop.sc2mod/base.sc2data/gamedata/actordata.xml	C:\Users\22448\Downloads\重生虫心0.71汉化版（新）\reborn_workrepo\合作指挥官版起义狂潮\Mods\XM\XMFinal.SC2Mod\Base.SC2Data\GameData\ActorData.xml	skipped_existing
Brutalisk	CActorUnit	游戏数据/官方SC2原始文本镜像/mods/starcoop/starcoop.sc2mod/base.sc2data/gamedata/actordata.xml	C:\Users\22448\Downloads\重生虫心0.71汉化版（新）\reborn_workrepo\合作指挥官版起义狂潮\Mods\XM\XMFinal.SC2Mod\Base.SC2Data\GameData\ActorData.xml	skipped_existing
Bunker	CActorUnit	游戏数据/官方SC2原始文本镜像/mods/starcoop/starcoop.sc2mod/base.sc2data/gamedata/actordata.xml	C:\Users\22448\Downloads\重生虫心0.71汉化版（新）\reborn_workrepo\合作指挥官版起义狂潮\Mods\XM\XMFinal.SC2Mod\Base.SC2Data\GameData\ActorData.xml	skipped_existing
Bunker	CActorUnit	游戏数据/官方SC2原始文本镜像/campaigns/swarm.sc2campaign/base.sc2data/gamedata/actordata.xml	C:\Users\22448\Downloads\重生虫心0.71汉化版（新）\reborn_workrepo\合作指挥官版起义狂潮\Mods\XM\XMFinal.SC2Mod\Base.SC2Data\GameData\ActorData.xml	skipped_existing
Colossus	CActorUnit	游戏数据/官方SC2原始文本镜像/mods/starcoop/starcoop.sc2mod/base.sc2data/gamedata/actordata.xml	C:\Users\22448\Downloads\重生虫心0.71汉化版（新）\reborn_workrepo\合作指挥官版起义狂潮\Mods\XM\XMFinal.SC2Mod\Base.SC2Data\GameData\ActorData.xml	skipped_existing
Colossus	CActorUnit	游戏数据/官方SC2原始文本镜像/campaigns/swarm.sc2campaign/base.sc2data/gamedata/actordata.xml	C:\Users\22448\Downloads\重生虫心0.71汉化版（新）\reborn_workrepo\合作指挥官版起义狂潮\Mods\XM\XMFinal.SC2Mod\Base.SC2Data\GameData\ActorData.xml	skipped_existing
CorpserBirth	CActorModel	游戏数据/官方SC2原始文本镜像/campaigns/swarm.sc2campaign/base.sc2data/gamedata/actordata.xml	C:\Users\22448\Downloads\重生虫心0.71汉化版（新）\reborn_workrepo\合作指挥官版起义狂潮\Mods\XM\XMFinal.SC2Mod\Base.SC2Data\GameData\ActorData.xml	skipped_existing
CorrosiveAcid	CActorModel	游戏数据/官方SC2原始文本镜像/campaigns/swarm.sc2campaign/base.sc2data/gamedata/actordata.xml	C:\Users\22448\Downloads\重生虫心0.71汉化版（新）\reborn_workrepo\合作指挥官版起义狂潮\Mods\XM\XMFinal.SC2Mod\Base.SC2Data\GameData\ActorData.xml	skipped_existing
CreepColony	CActorUnit	游戏数据/官方SC2原始文本镜像/mods/starcoop/starcoop.sc2mod/base.sc2data/gamedata/actordata.xml	C:\Users\22448\Downloads\重生虫心0.71汉化版（新）\reborn_workrepo\合作指挥官版起义狂潮\Mods\XM\XMFinal.SC2Mod\Base.SC2Data\GameData\ActorData.xml	skipped_existing
CreepFrenzy13CreepTumor	CActorModel	游戏数据/官方SC2原始文本镜像/campaigns/swarm.sc2campaign/base.sc2data/gamedata/actordata.xml	C:\Users\22448\Downloads\重生虫心0.71汉化版（新）\reborn_workrepo\合作指挥官版起义狂潮\Mods\XM\XMFinal.SC2Mod\Base.SC2Data\GameData\ActorData.xml	skipped_existing
CreepTumor	CActorUnit	游戏数据/官方SC2原始文本镜像/campaigns/swarm.sc2campaign/base.sc2data/gamedata/actordata.xml	C:\Users\22448\Downloads\重生虫心0.71汉化版（新）\reborn_workrepo\合作指挥官版起义狂潮\Mods\XM\XMFinal.SC2Mod\Base.SC2Data\GameData\ActorData.xml	skipped_existing
CreepTumorUsed	CActorUnit	游戏数据/官方SC2原始文本镜像/campaigns/swarm.sc2campaign/base.sc2data/gamedata/actordata.xml	C:\Users\22448\Downloads\重生虫心0.71汉化版（新）\reborn_workrepo\合作指挥官版起义狂潮\Mods\XM\XMFinal.SC2Mod\Base.SC2Data\GameData\ActorData.xml	skipped_existing
Dehaka_Jump_Land	CActorSound	游戏数据/官方SC2原始文本镜像/campaigns/swarm.sc2campaign/base.sc2data/gamedata/actordata.xml	C:\Users\22448\Downloads\重生虫心0.71汉化版（新）\reborn_workrepo\合作指挥官版起义狂潮\Mods\XM\XMFinal.SC2Mod\Base.SC2Data\GameData\ActorData.xml	skipped_existing
Dehaka	CActorMissile	游戏数据/官方SC2原始文本镜像/campaigns/swarm.sc2campaign/base.sc2data/gamedata/actordata.xml	C:\Users\22448\Downloads\重生虫心0.71汉化版（新）\reborn_workrepo\合作指挥官版起义狂潮\Mods\XM\XMFinal.SC2Mod\Base.SC2Data\GameData\ActorData.xml	skipped_existing
DehakaAttackSound	CActorSound	游戏数据/官方SC2原始文本镜像/campaigns/swarm.sc2campaign/base.sc2data/gamedata/actordata.xml	C:\Users\22448\Downloads\重生虫心0.71汉化版（新）\reborn_workrepo\合作指挥官版起义狂潮\Mods\XM\XMFinal.SC2Mod\Base.SC2Data\GameData\ActorData.xml	skipped_existing
DehakaBurrowDown	CActorSound	游戏数据/官方SC2原始文本镜像/campaigns/swarm.sc2campaign/base.sc2data/gamedata/actordata.xml	C:\Users\22448\Downloads\重生虫心0.71汉化版（新）\reborn_workrepo\合作指挥官版起义狂潮\Mods\XM\XMFinal.SC2Mod\Base.SC2Data\GameData\ActorData.xml	skipped_existing
DehakaBurrowUp	CActorSound	游戏数据/官方SC2原始文本镜像/campaigns/swarm.sc2campaign/base.sc2data/gamedata/actordata.xml	C:\Users\22448\Downloads\重生虫心0.71汉化版（新）\reborn_workrepo\合作指挥官版起义狂潮\Mods\XM\XMFinal.SC2Mod\Base.SC2Data\GameData\ActorData.xml	skipped_existing
DehakaHeroGlow	CActorModel	游戏数据/官方SC2原始文本镜像/campaigns/swarm.sc2campaign/base.sc2data/gamedata/actordata.xml	C:\Users\22448\Downloads\重生虫心0.71汉化版（新）\reborn_workrepo\合作指挥官版起义狂潮\Mods\XM\XMFinal.SC2Mod\Base.SC2Data\GameData\ActorData.xml	skipped_existing
DehakaMini_Jump_land	CActorSound	游戏数据/官方SC2原始文本镜像/campaigns/swarm.sc2campaign/base.sc2data/gamedata/actordata.xml	C:\Users\22448\Downloads\重生虫心0.71汉化版（新）\reborn_workrepo\合作指挥官版起义狂潮\Mods\XM\XMFinal.SC2Mod\Base.SC2Data\GameData\ActorData.xml	skipped_existing
DehakaMirrorImage	CActorMissile	游戏数据/官方SC2原始文本镜像/campaigns/swarm.sc2campaign/base.sc2data/gamedata/actordata.xml	C:\Users\22448\Downloads\重生虫心0.71汉化版（新）\reborn_workrepo\合作指挥官版起义狂潮\Mods\XM\XMFinal.SC2Mod\Base.SC2Data\GameData\ActorData.xml	skipped_existing
DehakaPortrait	CActorPortrait	游戏数据/官方SC2原始文本镜像/campaigns/swarm.sc2campaign/base.sc2data/gamedata/actordata.xml	C:\Users\22448\Downloads\重生虫心0.71汉化版（新）\reborn_workrepo\合作指挥官版起义狂潮\Mods\XM\XMFinal.SC2Mod\Base.SC2Data\GameData\ActorData.xml	skipped_existing
Drag	CActorAction	游戏数据/官方SC2原始文本镜像/campaigns/swarm.sc2campaign/base.sc2data/gamedata/actordata.xml	C:\Users\22448\Downloads\重生虫心0.71汉化版（新）\reborn_workrepo\合作指挥官版起义狂潮\Mods\XM\XMFinal.SC2Mod\Base.SC2Data\GameData\ActorData.xml	skipped_existing
Drone	CActorUnit	游戏数据/官方SC2原始文本镜像/campaigns/swarm.sc2campaign/base.sc2data/gamedata/actordata.xml	C:\Users\22448\Downloads\重生虫心0.71汉化版（新）\reborn_workrepo\合作指挥官版起义狂潮\Mods\XM\XMFinal.SC2Mod\Base.SC2Data\GameData\ActorData.xml	skipped_existing
DroneEatingCast	CActorModel	游戏数据/官方SC2原始文本镜像/campaigns/swarm.sc2campaign/base.sc2data/gamedata/actordata.xml	C:\Users\22448\Downloads\重生虫心0.71汉化版（新）\reborn_workrepo\合作指挥官版起义狂潮\Mods\XM\XMFinal.SC2Mod\Base.SC2Data\GameData\ActorData.xml	skipped_existing
DroneFull	CActorUnit	游戏数据/官方SC2原始文本镜像/campaigns/swarm.sc2campaign/base.sc2data/gamedata/actordata.xml	C:\Users\22448\Downloads\重生虫心0.71汉化版（新）\reborn_workrepo\合作指挥官版起义狂潮\Mods\XM\XMFinal.SC2Mod\Base.SC2Data\GameData\ActorData.xml	skipped_existing
Egg	CActorUnit	游戏数据/官方SC2原始文本镜像/mods/starcoop/starcoop.sc2mod/base.sc2data/gamedata/actordata.xml	C:\Users\22448\Downloads\重生虫心0.71汉化版（新）\reborn_workrepo\合作指挥官版起义狂潮\Mods\XM\XMFinal.SC2Mod\Base.SC2Data\GameData\ActorData.xml	skipped_existing
Egg	CActorUnit	游戏数据/官方SC2原始文本镜像/campaigns/swarm.sc2campaign/base.sc2data/gamedata/actordata.xml	C:\Users\22448\Downloads\重生虫心0.71汉化版（新）\reborn_workrepo\合作指挥官版起义狂潮\Mods\XM\XMFinal.SC2Mod\Base.SC2Data\GameData\ActorData.xml	skipped_existing
ExpQueenCreepBombExplosion	CActorModel	游戏数据/官方SC2原始文本镜像/campaigns/swarm.sc2campaign/base.sc2data/gamedata/actordata.xml	C:\Users\22448\Downloads\重生虫心0.71汉化版（新）\reborn_workrepo\合作指挥官版起义狂潮\Mods\XM\XMFinal.SC2Mod\Base.SC2Data\GameData\ActorData.xml	skipped_existing
Extractor	CActorUnit	游戏数据/官方SC2原始文本镜像/campaigns/swarm.sc2campaign/base.sc2data/gamedata/actordata.xml	C:\Users\22448\Downloads\重生虫心0.71汉化版（新）\reborn_workrepo\合作指挥官版起义狂潮\Mods\XM\XMFinal.SC2Mod\Base.SC2Data\GameData\ActorData.xml	skipped_existing
ForceField	CActorUnit	游戏数据/官方SC2原始文本镜像/mods/starcoop/starcoop.sc2mod/base.sc2data/gamedata/actordata.xml	C:\Users\22448\Downloads\重生虫心0.71汉化版（新）\reborn_workrepo\合作指挥官版起义狂潮\Mods\XM\XMFinal.SC2Mod\Base.SC2Data\GameData\ActorData.xml	skipped_existing
FuelCellPickupUnit	CActorUnit	游戏数据/官方SC2原始文本镜像/mods/starcoop/starcoop.sc2mod/base.sc2data/gamedata/actordata.xml	C:\Users\22448\Downloads\重生虫心0.71汉化版（新）\reborn_workrepo\合作指挥官版起义狂潮\Mods\XM\XMFinal.SC2Mod\Base.SC2Data\GameData\ActorData.xml	skipped_existing
FungalGrowth	CActorModel	游戏数据/官方SC2原始文本镜像/mods/starcoop/starcoop.sc2mod/base.sc2data/gamedata/actordata.xml	C:\Users\22448\Downloads\重生虫心0.71汉化版（新）\reborn_workrepo\合作指挥官版起义狂潮\Mods\XM\XMFinal.SC2Mod\Base.SC2Data\GameData\ActorData.xml	skipped_existing
GreaterNydusWorm	CActorUnit	游戏数据/官方SC2原始文本镜像/mods/starcoop/starcoop.sc2mod/base.sc2data/gamedata/actordata.xml	C:\Users\22448\Downloads\重生虫心0.71汉化版（新）\reborn_workrepo\合作指挥官版起义狂潮\Mods\XM\XMFinal.SC2Mod\Base.SC2Data\GameData\ActorData.xml	skipped_existing
GreaterNydusWorm	CActorUnit	游戏数据/官方SC2原始文本镜像/campaigns/swarm.sc2campaign/base.sc2data/gamedata/actordata.xml	C:\Users\22448\Downloads\重生虫心0.71汉化版（新）\reborn_workrepo\合作指挥官版起义狂潮\Mods\XM\XMFinal.SC2Mod\Base.SC2Data\GameData\ActorData.xml	skipped_existing
GreaterRoachWarren	CActorUnit	游戏数据/官方SC2原始文本镜像/mods/starcoop/starcoop.sc2mod/base.sc2data/gamedata/actordata.xml	C:\Users\22448\Downloads\重生虫心0.71汉化版（新）\reborn_workrepo\合作指挥官版起义狂潮\Mods\XM\XMFinal.SC2Mod\Base.SC2Data\GameData\ActorData.xml	skipped_existing
Hatchery	CActorUnit	游戏数据/官方SC2原始文本镜像/mods/starcoop/starcoop.sc2mod/base.sc2data/gamedata/actordata.xml	C:\Users\22448\Downloads\重生虫心0.71汉化版（新）\reborn_workrepo\合作指挥官版起义狂潮\Mods\XM\XMFinal.SC2Mod\Base.SC2Data\GameData\ActorData.xml	skipped_existing
Hatchery	CActorUnit	游戏数据/官方SC2原始文本镜像/campaigns/swarm.sc2campaign/base.sc2data/gamedata/actordata.xml	C:\Users\22448\Downloads\重生虫心0.71汉化版（新）\reborn_workrepo\合作指挥官版起义狂潮\Mods\XM\XMFinal.SC2Mod\Base.SC2Data\GameData\ActorData.xml	skipped_existing
Hellion	CActorUnit	游戏数据/官方SC2原始文本镜像/mods/starcoop/starcoop.sc2mod/base.sc2data/gamedata/actordata.xml	C:\Users\22448\Downloads\重生虫心0.71汉化版（新）\reborn_workrepo\合作指挥官版起义狂潮\Mods\XM\XMFinal.SC2Mod\Base.SC2Data\GameData\ActorData.xml	skipped_existing
HighTemplar	CActorUnit	游戏数据/官方SC2原始文本镜像/mods/starcoop/starcoop.sc2mod/base.sc2data/gamedata/actordata.xml	C:\Users\22448\Downloads\重生虫心0.71汉化版（新）\reborn_workrepo\合作指挥官版起义狂潮\Mods\XM\XMFinal.SC2Mod\Base.SC2Data\GameData\ActorData.xml	skipped_existing
HighTemplar	CActorUnit	游戏数据/官方SC2原始文本镜像/campaigns/swarm.sc2campaign/base.sc2data/gamedata/actordata.xml	C:\Users\22448\Downloads\重生虫心0.71汉化版（新）\reborn_workrepo\合作指挥官版起义狂潮\Mods\XM\XMFinal.SC2Mod\Base.SC2Data\GameData\ActorData.xml	skipped_existing
Hive	CActorUnit	游戏数据/官方SC2原始文本镜像/mods/starcoop/starcoop.sc2mod/base.sc2data/gamedata/actordata.xml	C:\Users\22448\Downloads\重生虫心0.71汉化版（新）\reborn_workrepo\合作指挥官版起义狂潮\Mods\XM\XMFinal.SC2Mod\Base.SC2Data\GameData\ActorData.xml	skipped_existing
Hive	CActorUnit	游戏数据/官方SC2原始文本镜像/campaigns/swarm.sc2campaign/base.sc2data/gamedata/actordata.xml	C:\Users\22448\Downloads\重生虫心0.71汉化版（新）\reborn_workrepo\合作指挥官版起义狂潮\Mods\XM\XMFinal.SC2Mod\Base.SC2Data\GameData\ActorData.xml	skipped_existing
HotSBioStasis	CActorAction	游戏数据/官方SC2原始文本镜像/campaigns/swarm.sc2campaign/base.sc2data/gamedata/actordata.xml	C:\Users\22448\Downloads\重生虫心0.71汉化版（新）\reborn_workrepo\合作指挥官版起义狂潮\Mods\XM\XMFinal.SC2Mod\Base.SC2Data\GameData\ActorData.xml	skipped_existing
HotSBioStasisMissile	CActorMissile	游戏数据/官方SC2原始文本镜像/campaigns/swarm.sc2campaign/base.sc2data/gamedata/actordata.xml	C:\Users\22448\Downloads\重生虫心0.71汉化版（新）\reborn_workrepo\合作指挥官版起义狂潮\Mods\XM\XMFinal.SC2Mod\Base.SC2Data\GameData\ActorData.xml	skipped_existing
HotSHunter	CActorMissile	游戏数据/官方SC2原始文本镜像/mods/starcoop/starcoop.sc2mod/base.sc2data/gamedata/actordata.xml	C:\Users\22448\Downloads\重生虫心0.71汉化版（新）\reborn_workrepo\合作指挥官版起义狂潮\Mods\XM\XMFinal.SC2Mod\Base.SC2Data\GameData\ActorData.xml	skipped_existing
HotSHunter	CActorMissile	游戏数据/官方SC2原始文本镜像/campaigns/swarm.sc2campaign/base.sc2data/gamedata/actordata.xml	C:\Users\22448\Downloads\重生虫心0.71汉化版（新）\reborn_workrepo\合作指挥官版起义狂潮\Mods\XM\XMFinal.SC2Mod\Base.SC2Data\GameData\ActorData.xml	skipped_existing
HotSHunterBurrowedSplat	CActorSplat	游戏数据/官方SC2原始文本镜像/campaigns/swarm.sc2campaign/base.sc2data/gamedata/actordata.xml	C:\Users\22448\Downloads\重生虫心0.71汉化版（新）\reborn_workrepo\合作指挥官版起义狂潮\Mods\XM\XMFinal.SC2Mod\Base.SC2Data\GameData\ActorData.xml	skipped_existing
HotSLeviathan	CActorUnit	游戏数据/官方SC2原始文本镜像/mods/starcoop/starcoop.sc2mod/base.sc2data/gamedata/actordata.xml	C:\Users\22448\Downloads\重生虫心0.71汉化版（新）\reborn_workrepo\合作指挥官版起义狂潮\Mods\XM\XMFinal.SC2Mod\Base.SC2Data\GameData\ActorData.xml	skipped_existing
HotSLeviathan	CActorUnit	游戏数据/官方SC2原始文本镜像/campaigns/swarm.sc2campaign/base.sc2data/gamedata/actordata.xml	C:\Users\22448\Downloads\重生虫心0.71汉化版（新）\reborn_workrepo\合作指挥官版起义狂潮\Mods\XM\XMFinal.SC2Mod\Base.SC2Data\GameData\ActorData.xml	skipped_existing
HotSLeviathanTentacle	CActorModel	游戏数据/官方SC2原始文本镜像/campaigns/swarm.sc2campaign/base.sc2data/gamedata/actordata.xml	C:\Users\22448\Downloads\重生虫心0.71汉化版（新）\reborn_workrepo\合作指挥官版起义狂潮\Mods\XM\XMFinal.SC2Mod\Base.SC2Data\GameData\ActorData.xml	skipped_existing
HotSLeviathanTentacleA	CActorModel	游戏数据/官方SC2原始文本镜像/campaigns/swarm.sc2campaign/base.sc2data/gamedata/actordata.xml	C:\Users\22448\Downloads\重生虫心0.71汉化版（新）\reborn_workrepo\合作指挥官版起义狂潮\Mods\XM\XMFinal.SC2Mod\Base.SC2Data\GameData\ActorData.xml	skipped_existing
HotSLeviathanTentacleB	CActorModel	游戏数据/官方SC2原始文本镜像/campaigns/swarm.sc2campaign/base.sc2data/gamedata/actordata.xml	C:\Users\22448\Downloads\重生虫心0.71汉化版（新）\reborn_workrepo\合作指挥官版起义狂潮\Mods\XM\XMFinal.SC2Mod\Base.SC2Data\GameData\ActorData.xml	skipped_existing
HotSLeviathanTentacleC	CActorModel	游戏数据/官方SC2原始文本镜像/campaigns/swarm.sc2campaign/base.sc2data/gamedata/actordata.xml	C:\Users\22448\Downloads\重生虫心0.71汉化版（新）\reborn_workrepo\合作指挥官版起义狂潮\Mods\XM\XMFinal.SC2Mod\Base.SC2Data\GameData\ActorData.xml	skipped_existing
HotSLeviathanTentacleD	CActorModel	游戏数据/官方SC2原始文本镜像/campaigns/swarm.sc2campaign/base.sc2data/gamedata/actordata.xml	C:\Users\22448\Downloads\重生虫心0.71汉化版（新）\reborn_workrepo\合作指挥官版起义狂潮\Mods\XM\XMFinal.SC2Mod\Base.SC2Data\GameData\ActorData.xml	skipped_existing
HotSNoxious	CActorUnit	游戏数据/官方SC2原始文本镜像/campaigns/swarm.sc2campaign/base.sc2data/gamedata/actordata.xml	C:\Users\22448\Downloads\重生虫心0.71汉化版（新）\reborn_workrepo\合作指挥官版起义狂潮\Mods\XM\XMFinal.SC2Mod\Base.SC2Data\GameData\ActorData.xml	skipped_existing
HotSRaptor	CActorMissile	游戏数据/官方SC2原始文本镜像/campaigns/swarm.sc2campaign/base.sc2data/gamedata/actordata.xml	C:\Users\22448\Downloads\重生虫心0.71汉化版（新）\reborn_workrepo\合作指挥官版起义狂潮\Mods\XM\XMFinal.SC2Mod\Base.SC2Data\GameData\ActorData.xml	skipped_existing
HotSSplitterlingBig	CActorUnit	游戏数据/官方SC2原始文本镜像/mods/starcoop/starcoop.sc2mod/base.sc2data/gamedata/actordata.xml	C:\Users\22448\Downloads\重生虫心0.71汉化版（新）\reborn_workrepo\合作指挥官版起义狂潮\Mods\XM\XMFinal.SC2Mod\Base.SC2Data\GameData\ActorData.xml	skipped_existing
HotSSplitterlingBig	CActorUnit	游戏数据/官方SC2原始文本镜像/campaigns/swarm.sc2campaign/base.sc2data/gamedata/actordata.xml	C:\Users\22448\Downloads\重生虫心0.71汉化版（新）\reborn_workrepo\合作指挥官版起义狂潮\Mods\XM\XMFinal.SC2Mod\Base.SC2Data\GameData\ActorData.xml	skipped_existing
HotSSplitterlingMedium	CActorUnit	游戏数据/官方SC2原始文本镜像/mods/starcoop/starcoop.sc2mod/base.sc2data/gamedata/actordata.xml	C:\Users\22448\Downloads\重生虫心0.71汉化版（新）\reborn_workrepo\合作指挥官版起义狂潮\Mods\XM\XMFinal.SC2Mod\Base.SC2Data\GameData\ActorData.xml	skipped_existing
HotSSplitterlingMedium	CActorUnit	游戏数据/官方SC2原始文本镜像/campaigns/swarm.sc2campaign/base.sc2data/gamedata/actordata.xml	C:\Users\22448\Downloads\重生虫心0.71汉化版（新）\reborn_workrepo\合作指挥官版起义狂潮\Mods\XM\XMFinal.SC2Mod\Base.SC2Data\GameData\ActorData.xml	skipped_existing
HotSSwarmling	CActorUnit	游戏数据/官方SC2原始文本镜像/mods/starcoop/starcoop.sc2mod/base.sc2data/gamedata/actordata.xml	C:\Users\22448\Downloads\重生虫心0.71汉化版（新）\reborn_workrepo\合作指挥官版起义狂潮\Mods\XM\XMFinal.SC2Mod\Base.SC2Data\GameData\ActorData.xml	skipped_existing
HotSSwarmling	CActorUnit	游戏数据/官方SC2原始文本镜像/campaigns/swarm.sc2campaign/base.sc2data/gamedata/actordata.xml	C:\Users\22448\Downloads\重生虫心0.71汉化版（新）\reborn_workrepo\合作指挥官版起义狂潮\Mods\XM\XMFinal.SC2Mod\Base.SC2Data\GameData\ActorData.xml	skipped_existing
HotSTorrasque	CActorUnit	游戏数据/官方SC2原始文本镜像/mods/starcoop/starcoop.sc2mod/base.sc2data/gamedata/actordata.xml	C:\Users\22448\Downloads\重生虫心0.71汉化版（新）\reborn_workrepo\合作指挥官版起义狂潮\Mods\XM\XMFinal.SC2Mod\Base.SC2Data\GameData\ActorData.xml	skipped_existing
HotSTorrasque	CActorUnit	游戏数据/官方SC2原始文本镜像/campaigns/swarm.sc2campaign/base.sc2data/gamedata/actordata.xml	C:\Users\22448\Downloads\重生虫心0.71汉化版（新）\reborn_workrepo\合作指挥官版起义狂潮\Mods\XM\XMFinal.SC2Mod\Base.SC2Data\GameData\ActorData.xml	skipped_existing
HotSTorrasqueDeathNormalSound	CActorSound	游戏数据/官方SC2原始文本镜像/mods/starcoop/starcoop.sc2mod/base.sc2data/gamedata/actordata.xml	C:\Users\22448\Downloads\重生虫心0.71汉化版（新）\reborn_workrepo\合作指挥官版起义狂潮\Mods\XM\XMFinal.SC2Mod\Base.SC2Data\GameData\ActorData.xml	skipped_existing
HugeSwarmQueen	CActorUnit	游戏数据/官方SC2原始文本镜像/campaigns/swarm.sc2campaign/base.sc2data/gamedata/actordata.xml	C:\Users\22448\Downloads\重生虫心0.71汉化版（新）\reborn_workrepo\合作指挥官版起义狂潮\Mods\XM\XMFinal.SC2Mod\Base.SC2Data\GameData\ActorData.xml	skipped_existing
Hydralisk	CActorUnit	游戏数据/官方SC2原始文本镜像/campaigns/swarm.sc2campaign/base.sc2data/gamedata/actordata.xml	C:\Users\22448\Downloads\重生虫心0.71汉化版（新）\reborn_workrepo\合作指挥官版起义狂潮\Mods\XM\XMFinal.SC2Mod\Base.SC2Data\GameData\ActorData.xml	skipped_existing
HydraliskDen	CActorUnit	游戏数据/官方SC2原始文本镜像/campaigns/swarm.sc2campaign/base.sc2data/gamedata/actordata.xml	C:\Users\22448\Downloads\重生虫心0.71汉化版（新）\reborn_workrepo\合作指挥官版起义狂潮\Mods\XM\XMFinal.SC2Mod\Base.SC2Data\GameData\ActorData.xml	skipped_existing
HydraliskImpaler	CActorUnit	游戏数据/官方SC2原始文本镜像/mods/starcoop/starcoop.sc2mod/base.sc2data/gamedata/actordata.xml	C:\Users\22448\Downloads\重生虫心0.71汉化版（新）\reborn_workrepo\合作指挥官版起义狂潮\Mods\XM\XMFinal.SC2Mod\Base.SC2Data\GameData\ActorData.xml	skipped_existing
HydraliskImpaler	CActorUnit	游戏数据/官方SC2原始文本镜像/campaigns/swarm.sc2campaign/base.sc2data/gamedata/actordata.xml	C:\Users\22448\Downloads\重生虫心0.71汉化版（新）\reborn_workrepo\合作指挥官版起义狂潮\Mods\XM\XMFinal.SC2Mod\Base.SC2Data\GameData\ActorData.xml	skipped_existing
HydraliskLurker	CActorUnit	游戏数据/官方SC2原始文本镜像/campaigns/swarm.sc2campaign/base.sc2data/gamedata/actordata.xml	C:\Users\22448\Downloads\重生虫心0.71汉化版（新）\reborn_workrepo\合作指挥官版起义狂潮\Mods\XM\XMFinal.SC2Mod\Base.SC2Data\GameData\ActorData.xml	skipped_existing
Immortal	CActorUnit	游戏数据/官方SC2原始文本镜像/mods/starcoop/starcoop.sc2mod/base.sc2data/gamedata/actordata.xml	C:\Users\22448\Downloads\重生虫心0.71汉化版（新）\reborn_workrepo\合作指挥官版起义狂潮\Mods\XM\XMFinal.SC2Mod\Base.SC2Data\GameData\ActorData.xml	skipped_existing
Immortal	CActorUnit	游戏数据/官方SC2原始文本镜像/campaigns/swarm.sc2campaign/base.sc2data/gamedata/actordata.xml	C:\Users\22448\Downloads\重生虫心0.71汉化版（新）\reborn_workrepo\合作指挥官版起义狂潮\Mods\XM\XMFinal.SC2Mod\Base.SC2Data\GameData\ActorData.xml	skipped_existing
ImmortalAiur	CActorUnit	游戏数据/官方SC2原始文本镜像/mods/starcoop/starcoop.sc2mod/base.sc2data/gamedata/actordata.xml	C:\Users\22448\Downloads\重生虫心0.71汉化版（新）\reborn_workrepo\合作指挥官版起义狂潮\Mods\XM\XMFinal.SC2Mod\Base.SC2Data\GameData\ActorData.xml	skipped_existing
Impaler	CActorUnit	游戏数据/官方SC2原始文本镜像/campaigns/swarm.sc2campaign/base.sc2data/gamedata/actordata.xml	C:\Users\22448\Downloads\重生虫心0.71汉化版（新）\reborn_workrepo\合作指挥官版起义狂潮\Mods\XM\XMFinal.SC2Mod\Base.SC2Data\GameData\ActorData.xml	skipped_existing
ImpalerDen	CActorUnit	游戏数据/官方SC2原始文本镜像/campaigns/swarm.sc2campaign/base.sc2data/gamedata/actordata.xml	C:\Users\22448\Downloads\重生虫心0.71汉化版（新）\reborn_workrepo\合作指挥官版起义狂潮\Mods\XM\XMFinal.SC2Mod\Base.SC2Data\GameData\ActorData.xml	skipped_existing
ImpalerDenBuild	CActorModel	游戏数据/官方SC2原始文本镜像/campaigns/swarm.sc2campaign/base.sc2data/gamedata/actordata.xml	C:\Users\22448\Downloads\重生虫心0.71汉化版（新）\reborn_workrepo\合作指挥官版起义狂潮\Mods\XM\XMFinal.SC2Mod\Base.SC2Data\GameData\ActorData.xml	skipped_existing
ImpalerDenMorph	CActorProgress	游戏数据/官方SC2原始文本镜像/campaigns/swarm.sc2campaign/base.sc2data/gamedata/actordata.xml	C:\Users\22448\Downloads\重生虫心0.71汉化版（新）\reborn_workrepo\合作指挥官版起义狂潮\Mods\XM\XMFinal.SC2Mod\Base.SC2Data\GameData\ActorData.xml	skipped_existing
InfestedAbomination	CActorUnit	游戏数据/官方SC2原始文本镜像/campaigns/swarm.sc2campaign/base.sc2data/gamedata/actordata.xml	C:\Users\22448\Downloads\重生虫心0.71汉化版（新）\reborn_workrepo\合作指挥官版起义狂潮\Mods\XM\XMFinal.SC2Mod\Base.SC2Data\GameData\ActorData.xml	skipped_existing
InfestedCivilian_BirthVoxSound	CActorSound	游戏数据/官方SC2原始文本镜像/mods/starcoop/starcoop.sc2mod/base.sc2data/gamedata/actordata.xml	C:\Users\22448\Downloads\重生虫心0.71汉化版（新）\reborn_workrepo\合作指挥官版起义狂潮\Mods\XM\XMFinal.SC2Mod\Base.SC2Data\GameData\ActorData.xml	skipped_existing
InfestedCivilian	CActorUnit	游戏数据/官方SC2原始文本镜像/mods/starcoop/starcoop.sc2mod/base.sc2data/gamedata/actordata.xml	C:\Users\22448\Downloads\重生虫心0.71汉化版（新）\reborn_workrepo\合作指挥官版起义狂潮\Mods\XM\XMFinal.SC2Mod\Base.SC2Data\GameData\ActorData.xml	skipped_existing
InfestedCivilian	CActorUnit	游戏数据/官方SC2原始文本镜像/campaigns/swarm.sc2campaign/base.sc2data/gamedata/actordata.xml	C:\Users\22448\Downloads\重生虫心0.71汉化版（新）\reborn_workrepo\合作指挥官版起义狂潮\Mods\XM\XMFinal.SC2Mod\Base.SC2Data\GameData\ActorData.xml	skipped_existing
InfestedStukov	CActorUnit	游戏数据/官方SC2原始文本镜像/campaigns/swarm.sc2campaign/base.sc2data/gamedata/actordata.xml	C:\Users\22448\Downloads\重生虫心0.71汉化版（新）\reborn_workrepo\合作指挥官版起义狂潮\Mods\XM\XMFinal.SC2Mod\Base.SC2Data\GameData\ActorData.xml	skipped_existing
InfestedStukovPortrait	CActorPortrait	游戏数据/官方SC2原始文本镜像/campaigns/swarm.sc2campaign/base.sc2data/gamedata/actordata.xml	C:\Users\22448\Downloads\重生虫心0.71汉化版（新）\reborn_workrepo\合作指挥官版起义狂潮\Mods\XM\XMFinal.SC2Mod\Base.SC2Data\GameData\ActorData.xml	skipped_existing
InfestedStukovRegenAuraSplat	CActorModel	游戏数据/官方SC2原始文本镜像/campaigns/swarm.sc2campaign/base.sc2data/gamedata/actordata.xml	C:\Users\22448\Downloads\重生虫心0.71汉化版（新）\reborn_workrepo\合作指挥官版起义狂潮\Mods\XM\XMFinal.SC2Mod\Base.SC2Data\GameData\ActorData.xml	skipped_existing
InfestedTerran_BirthVoxSound	CActorSound	游戏数据/官方SC2原始文本镜像/mods/starcoop/starcoop.sc2mod/base.sc2data/gamedata/actordata.xml	C:\Users\22448\Downloads\重生虫心0.71汉化版（新）\reborn_workrepo\合作指挥官版起义狂潮\Mods\XM\XMFinal.SC2Mod\Base.SC2Data\GameData\ActorData.xml	skipped_existing
InfestedTerran	CActorUnit	游戏数据/官方SC2原始文本镜像/campaigns/swarm.sc2campaign/base.sc2data/gamedata/actordata.xml	C:\Users\22448\Downloads\重生虫心0.71汉化版（新）\reborn_workrepo\合作指挥官版起义狂潮\Mods\XM\XMFinal.SC2Mod\Base.SC2Data\GameData\ActorData.xml	skipped_existing
InfestedTerranCampaign	CActorUnit	游戏数据/官方SC2原始文本镜像/mods/starcoop/starcoop.sc2mod/base.sc2data/gamedata/actordata.xml	C:\Users\22448\Downloads\重生虫心0.71汉化版（新）\reborn_workrepo\合作指挥官版起义狂潮\Mods\XM\XMFinal.SC2Mod\Base.SC2Data\GameData\ActorData.xml	skipped_existing
InfestedTerranCampaign	CActorUnit	游戏数据/官方SC2原始文本镜像/campaigns/swarm.sc2campaign/base.sc2data/gamedata/actordata.xml	C:\Users\22448\Downloads\重生虫心0.71汉化版（新）\reborn_workrepo\合作指挥官版起义狂潮\Mods\XM\XMFinal.SC2Mod\Base.SC2Data\GameData\ActorData.xml	skipped_existing
Infestor	CActorUnit	游戏数据/官方SC2原始文本镜像/campaigns/swarm.sc2campaign/base.sc2data/gamedata/actordata.xml	C:\Users\22448\Downloads\重生虫心0.71汉化版（新）\reborn_workrepo\合作指挥官版起义狂潮\Mods\XM\XMFinal.SC2Mod\Base.SC2Data\GameData\ActorData.xml	skipped_existing
InfestorTerran	CActorUnit	游戏数据/官方SC2原始文本镜像/campaigns/swarm.sc2campaign/base.sc2data/gamedata/actordata.xml	C:\Users\22448\Downloads\重生虫心0.71汉化版（新）\reborn_workrepo\合作指挥官版起义狂潮\Mods\XM\XMFinal.SC2Mod\Base.SC2Data\GameData\ActorData.xml	skipped_existing
K5DroppodPlacement	CActorUnit	游戏数据/官方SC2原始文本镜像/campaigns/swarm.sc2campaign/base.sc2data/gamedata/actordata.xml	C:\Users\22448\Downloads\重生虫心0.71汉化版（新）\reborn_workrepo\合作指挥官版起义狂潮\Mods\XM\XMFinal.SC2Mod\Base.SC2Data\GameData\ActorData.xml	skipped_existing
K5FurySound	CActorSound	游戏数据/官方SC2原始文本镜像/campaigns/swarm.sc2campaign/base.sc2data/gamedata/actordata.xml	C:\Users\22448\Downloads\重生虫心0.71汉化版（新）\reborn_workrepo\合作指挥官版起义狂潮\Mods\XM\XMFinal.SC2Mod\Base.SC2Data\GameData\ActorData.xml	skipped_existing
K5KerriganLevelUp	CActorModel	游戏数据/官方SC2原始文本镜像/campaigns/swarm.sc2campaign/base.sc2data/gamedata/actordata.xml	C:\Users\22448\Downloads\重生虫心0.71汉化版（新）\reborn_workrepo\合作指挥官版起义狂潮\Mods\XM\XMFinal.SC2Mod\Base.SC2Data\GameData\ActorData.xml	skipped_existing
K5KerriganLevelUpText	CActorText	游戏数据/官方SC2原始文本镜像/campaigns/swarm.sc2campaign/base.sc2data/gamedata/actordata.xml	C:\Users\22448\Downloads\重生虫心0.71汉化版（新）\reborn_workrepo\合作指挥官版起义狂潮\Mods\XM\XMFinal.SC2Mod\Base.SC2Data\GameData\ActorData.xml	skipped_existing
K5KerriganLevelUpTextMover	CActorSiteMover	游戏数据/官方SC2原始文本镜像/campaigns/swarm.sc2campaign/base.sc2data/gamedata/actordata.xml	C:\Users\22448\Downloads\重生虫心0.71汉化版（新）\reborn_workrepo\合作指挥官版起义狂潮\Mods\XM\XMFinal.SC2Mod\Base.SC2Data\GameData\ActorData.xml	skipped_existing
KelMorianAutoTurret	CActorUnit	游戏数据/官方SC2原始文本镜像/mods/starcoop/starcoop.sc2mod/base.sc2data/gamedata/actordata.xml	C:\Users\22448\Downloads\重生虫心0.71汉化版（新）\reborn_workrepo\合作指挥官版起义狂潮\Mods\XM\XMFinal.SC2Mod\Base.SC2Data\GameData\ActorData.xml	skipped_existing
KelMorianAutoTurretProtectRange	CActorRange	游戏数据/官方SC2原始文本镜像/mods/starcoop/starcoop.sc2mod/base.sc2data/gamedata/actordata.xml	C:\Users\22448\Downloads\重生虫心0.71汉化版（新）\reborn_workrepo\合作指挥官版起义狂潮\Mods\XM\XMFinal.SC2Mod\Base.SC2Data\GameData\ActorData.xml	skipped_existing
KelMorianRocketTurretProtectRange	CActorRange	游戏数据/官方SC2原始文本镜像/mods/starcoop/starcoop.sc2mod/base.sc2data/gamedata/actordata.xml	C:\Users\22448\Downloads\重生虫心0.71汉化版（新）\reborn_workrepo\合作指挥官版起义狂潮\Mods\XM\XMFinal.SC2Mod\Base.SC2Data\GameData\ActorData.xml	skipped_existing
KerriganBeamOfDeath	CActorBeamSimple	游戏数据/官方SC2原始文本镜像/campaigns/swarm.sc2campaign/base.sc2data/gamedata/actordata.xml	C:\Users\22448\Downloads\重生虫心0.71汉化版（新）\reborn_workrepo\合作指挥官版起义狂潮\Mods\XM\XMFinal.SC2Mod\Base.SC2Data\GameData\ActorData.xml	skipped_existing
KerriganCoop_BurrowSound	CActorSound	游戏数据/官方SC2原始文本镜像/mods/starcoop/starcoop.sc2mod/base.sc2data/gamedata/actordata.xml	C:\Users\22448\Downloads\重生虫心0.71汉化版（新）\reborn_workrepo\合作指挥官版起义狂潮\Mods\XM\XMFinal.SC2Mod\Base.SC2Data\GameData\ActorData.xml	skipped_existing
KerriganCoop_UnburrowSound	CActorSound	游戏数据/官方SC2原始文本镜像/mods/starcoop/starcoop.sc2mod/base.sc2data/gamedata/actordata.xml	C:\Users\22448\Downloads\重生虫心0.71汉化版（新）\reborn_workrepo\合作指挥官版起义狂潮\Mods\XM\XMFinal.SC2Mod\Base.SC2Data\GameData\ActorData.xml	skipped_existing
KerriganCosmeticMacro	CActorEventMacro	游戏数据/官方SC2原始文本镜像/campaigns/swarm.sc2campaign/base.sc2data/gamedata/actordata.xml	C:\Users\22448\Downloads\重生虫心0.71汉化版（新）\reborn_workrepo\合作指挥官版起义狂潮\Mods\XM\XMFinal.SC2Mod\Base.SC2Data\GameData\ActorData.xml	skipped_existing
KerriganDoorBeamOfDeath	CActorBeamSimple	游戏数据/官方SC2原始文本镜像/campaigns/swarm.sc2campaign/base.sc2data/gamedata/actordata.xml	C:\Users\22448\Downloads\重生虫心0.71汉化版（新）\reborn_workrepo\合作指挥官版起义狂潮\Mods\XM\XMFinal.SC2Mod\Base.SC2Data\GameData\ActorData.xml	skipped_existing
KerriganEnhanceBeam	CActorBeamSimple	游戏数据/官方SC2原始文本镜像/campaigns/swarm.sc2campaign/base.sc2data/gamedata/actordata.xml	C:\Users\22448\Downloads\重生虫心0.71汉化版（新）\reborn_workrepo\合作指挥官版起义狂潮\Mods\XM\XMFinal.SC2Mod\Base.SC2Data\GameData\ActorData.xml	skipped_existing
KerriganGhostPortrait	CActorPortrait	游戏数据/官方SC2原始文本镜像/campaigns/swarm.sc2campaign/base.sc2data/gamedata/actordata.xml	C:\Users\22448\Downloads\重生虫心0.71汉化版（新）\reborn_workrepo\合作指挥官版起义狂潮\Mods\XM\XMFinal.SC2Mod\Base.SC2Data\GameData\ActorData.xml	skipped_existing
KerriganHeroGlow	CActorModel	游戏数据/官方SC2原始文本镜像/campaigns/swarm.sc2campaign/base.sc2data/gamedata/actordata.xml	C:\Users\22448\Downloads\重生虫心0.71汉化版（新）\reborn_workrepo\合作指挥官版起义狂潮\Mods\XM\XMFinal.SC2Mod\Base.SC2Data\GameData\ActorData.xml	skipped_existing
KerriganHeroGlowPurple	CActorModel	游戏数据/官方SC2原始文本镜像/campaigns/swarm.sc2campaign/base.sc2data/gamedata/actordata.xml	C:\Users\22448\Downloads\重生虫心0.71汉化版（新）\reborn_workrepo\合作指挥官版起义狂潮\Mods\XM\XMFinal.SC2Mod\Base.SC2Data\GameData\ActorData.xml	skipped_existing
KerriganInfestBroodling	CActorUnit	游戏数据/官方SC2原始文本镜像/campaigns/swarm.sc2campaign/base.sc2data/gamedata/actordata.xml	C:\Users\22448\Downloads\重生虫心0.71汉化版（新）\reborn_workrepo\合作指挥官版起义狂潮\Mods\XM\XMFinal.SC2Mod\Base.SC2Data\GameData\ActorData.xml	skipped_existing
KerriganLevelUpSound	CActorSound	游戏数据/官方SC2原始文本镜像/campaigns/swarm.sc2campaign/base.sc2data/gamedata/actordata.xml	C:\Users\22448\Downloads\重生虫心0.71汉化版（新）\reborn_workrepo\合作指挥官版起义狂潮\Mods\XM\XMFinal.SC2Mod\Base.SC2Data\GameData\ActorData.xml	skipped_existing
KerriganPrimalPortrait	CActorPortrait	游戏数据/官方SC2原始文本镜像/campaigns/swarm.sc2campaign/base.sc2data/gamedata/actordata.xml	C:\Users\22448\Downloads\重生虫心0.71汉化版（新）\reborn_workrepo\合作指挥官版起义狂潮\Mods\XM\XMFinal.SC2Mod\Base.SC2Data\GameData\ActorData.xml	skipped_existing
KerriganSpells	CActorEventMacro	游戏数据/官方SC2原始文本镜像/mods/starcoop/starcoop.sc2mod/base.sc2data/gamedata/actordata.xml	C:\Users\22448\Downloads\重生虫心0.71汉化版（新）\reborn_workrepo\合作指挥官版起义狂潮\Mods\XM\XMFinal.SC2Mod\Base.SC2Data\GameData\ActorData.xml	skipped_existing
KerriganSpells	CActorEventMacro	游戏数据/官方SC2原始文本镜像/campaigns/swarm.sc2campaign/base.sc2data/gamedata/actordata.xml	C:\Users\22448\Downloads\重生虫心0.71汉化版（新）\reborn_workrepo\合作指挥官版起义狂潮\Mods\XM\XMFinal.SC2Mod\Base.SC2Data\GameData\ActorData.xml	skipped_existing
KerriganWallMelt	CActorBeamSimple	游戏数据/官方SC2原始文本镜像/campaigns/swarm.sc2campaign/base.sc2data/gamedata/actordata.xml	C:\Users\22448\Downloads\重生虫心0.71汉化版（新）\reborn_workrepo\合作指挥官版起义狂潮\Mods\XM\XMFinal.SC2Mod\Base.SC2Data\GameData\ActorData.xml	skipped_existing
KerriganX1_Death_Primal	CActorSound	游戏数据/官方SC2原始文本镜像/campaigns/swarm.sc2campaign/base.sc2data/gamedata/actordata.xml	C:\Users\22448\Downloads\重生虫心0.71汉化版（新）\reborn_workrepo\合作指挥官版起义狂潮\Mods\XM\XMFinal.SC2Mod\Base.SC2Data\GameData\ActorData.xml	skipped_existing
KerriganX1_Death_Queen	CActorSound	游戏数据/官方SC2原始文本镜像/campaigns/swarm.sc2campaign/base.sc2data/gamedata/actordata.xml	C:\Users\22448\Downloads\重生虫心0.71汉化版（新）\reborn_workrepo\合作指挥官版起义狂潮\Mods\XM\XMFinal.SC2Mod\Base.SC2Data\GameData\ActorData.xml	skipped_existing
KerriganX1_Death	CActorSound	游戏数据/官方SC2原始文本镜像/campaigns/swarm.sc2campaign/base.sc2data/gamedata/actordata.xml	C:\Users\22448\Downloads\重生虫心0.71汉化版（新）\reborn_workrepo\合作指挥官版起义狂潮\Mods\XM\XMFinal.SC2Mod\Base.SC2Data\GameData\ActorData.xml	skipped_existing
KerriganX1_Ready_Primal	CActorSound	游戏数据/官方SC2原始文本镜像/campaigns/swarm.sc2campaign/base.sc2data/gamedata/actordata.xml	C:\Users\22448\Downloads\重生虫心0.71汉化版（新）\reborn_workrepo\合作指挥官版起义狂潮\Mods\XM\XMFinal.SC2Mod\Base.SC2Data\GameData\ActorData.xml	skipped_existing
KerriganX1_Ready_Queen	CActorSound	游戏数据/官方SC2原始文本镜像/campaigns/swarm.sc2campaign/base.sc2data/gamedata/actordata.xml	C:\Users\22448\Downloads\重生虫心0.71汉化版（新）\reborn_workrepo\合作指挥官版起义狂潮\Mods\XM\XMFinal.SC2Mod\Base.SC2Data\GameData\ActorData.xml	skipped_existing
KerriganX1_Ready	CActorSound	游戏数据/官方SC2原始文本镜像/campaigns/swarm.sc2campaign/base.sc2data/gamedata/actordata.xml	C:\Users\22448\Downloads\重生虫心0.71汉化版（新）\reborn_workrepo\合作指挥官版起义狂潮\Mods\XM\XMFinal.SC2Mod\Base.SC2Data\GameData\ActorData.xml	skipped_existing
KorhalSporeCannon	CActorUnit	游戏数据/官方SC2原始文本镜像/campaigns/swarm.sc2campaign/base.sc2data/gamedata/actordata.xml	C:\Users\22448\Downloads\重生虫心0.71汉化版（新）\reborn_workrepo\合作指挥官版起义狂潮\Mods\XM\XMFinal.SC2Mod\Base.SC2Data\GameData\ActorData.xml	skipped_existing
Lair	CActorUnit	游戏数据/官方SC2原始文本镜像/mods/starcoop/starcoop.sc2mod/base.sc2data/gamedata/actordata.xml	C:\Users\22448\Downloads\重生虫心0.71汉化版（新）\reborn_workrepo\合作指挥官版起义狂潮\Mods\XM\XMFinal.SC2Mod\Base.SC2Data\GameData\ActorData.xml	skipped_existing
Lair	CActorUnit	游戏数据/官方SC2原始文本镜像/campaigns/swarm.sc2campaign/base.sc2data/gamedata/actordata.xml	C:\Users\22448\Downloads\重生虫心0.71汉化版（新）\reborn_workrepo\合作指挥官版起义狂潮\Mods\XM\XMFinal.SC2Mod\Base.SC2Data\GameData\ActorData.xml	skipped_existing
LargeBurrowDownEffectsDehaka	CActorModel	游戏数据/官方SC2原始文本镜像/campaigns/swarm.sc2campaign/base.sc2data/gamedata/actordata.xml	C:\Users\22448\Downloads\重生虫心0.71汉化版（新）\reborn_workrepo\合作指挥官版起义狂潮\Mods\XM\XMFinal.SC2Mod\Base.SC2Data\GameData\ActorData.xml	skipped_existing
LargeSwarmQueen	CActorUnit	游戏数据/官方SC2原始文本镜像/campaigns/swarm.sc2campaign/base.sc2data/gamedata/actordata.xml	C:\Users\22448\Downloads\重生虫心0.71汉化版（新）\reborn_workrepo\合作指挥官版起义狂潮\Mods\XM\XMFinal.SC2Mod\Base.SC2Data\GameData\ActorData.xml	skipped_existing
LarvaTrain	CActorProgress	游戏数据/官方SC2原始文本镜像/mods/starcoop/starcoop.sc2mod/base.sc2data/gamedata/actordata.xml	C:\Users\22448\Downloads\重生虫心0.71汉化版（新）\reborn_workrepo\合作指挥官版起义狂潮\Mods\XM\XMFinal.SC2Mod\Base.SC2Data\GameData\ActorData.xml	skipped_existing
LarvaTrain	CActorProgress	游戏数据/官方SC2原始文本镜像/campaigns/swarm.sc2campaign/base.sc2data/gamedata/actordata.xml	C:\Users\22448\Downloads\重生虫心0.71汉化版（新）\reborn_workrepo\合作指挥官版起义狂潮\Mods\XM\XMFinal.SC2Mod\Base.SC2Data\GameData\ActorData.xml	skipped_existing
Locust_Land	CActorSound	游戏数据/官方SC2原始文本镜像/mods/starcoop/starcoop.sc2mod/base.sc2data/gamedata/actordata.xml	C:\Users\22448\Downloads\重生虫心0.71汉化版（新）\reborn_workrepo\合作指挥官版起义狂潮\Mods\XM\XMFinal.SC2Mod\Base.SC2Data\GameData\ActorData.xml	skipped_existing
Locust	CActorUnit	游戏数据/官方SC2原始文本镜像/campaigns/swarm.sc2campaign/base.sc2data/gamedata/actordata.xml	C:\Users\22448\Downloads\重生虫心0.71汉化版（新）\reborn_workrepo\合作指挥官版起义狂潮\Mods\XM\XMFinal.SC2Mod\Base.SC2Data\GameData\ActorData.xml	skipped_existing
Lurker	CActorUnit	游戏数据/官方SC2原始文本镜像/campaigns/swarm.sc2campaign/base.sc2data/gamedata/actordata.xml	C:\Users\22448\Downloads\重生虫心0.71汉化版（新）\reborn_workrepo\合作指挥官版起义狂潮\Mods\XM\XMFinal.SC2Mod\Base.SC2Data\GameData\ActorData.xml	skipped_existing
Mutalisk	CActorUnit	游戏数据/官方SC2原始文本镜像/mods/starcoop/starcoop.sc2mod/base.sc2data/gamedata/actordata.xml	C:\Users\22448\Downloads\重生虫心0.71汉化版（新）\reborn_workrepo\合作指挥官版起义狂潮\Mods\XM\XMFinal.SC2Mod\Base.SC2Data\GameData\ActorData.xml	skipped_existing
Mutalisk	CActorUnit	游戏数据/官方SC2原始文本镜像/campaigns/swarm.sc2campaign/base.sc2data/gamedata/actordata.xml	C:\Users\22448\Downloads\重生虫心0.71汉化版（新）\reborn_workrepo\合作指挥官版起义狂潮\Mods\XM\XMFinal.SC2Mod\Base.SC2Data\GameData\ActorData.xml	skipped_existing
MutatorWorkerSleep	CActorModel	游戏数据/官方SC2原始文本镜像/mods/starcoop/starcoop.sc2mod/base.sc2data/gamedata/actordata.xml	C:\Users\22448\Downloads\重生虫心0.71汉化版（新）\reborn_workrepo\合作指挥官版起义狂潮\Mods\XM\XMFinal.SC2Mod\Base.SC2Data\GameData\ActorData.xml	skipped_existing
NoxiousCloud	CActorModel	游戏数据/官方SC2原始文本镜像/campaigns/swarm.sc2campaign/base.sc2data/gamedata/actordata.xml	C:\Users\22448\Downloads\重生虫心0.71汉化版（新）\reborn_workrepo\合作指挥官版起义狂潮\Mods\XM\XMFinal.SC2Mod\Base.SC2Data\GameData\ActorData.xml	skipped_existing
NoxiousCreep	CActorModel	游戏数据/官方SC2原始文本镜像/campaigns/swarm.sc2campaign/base.sc2data/gamedata/actordata.xml	C:\Users\22448\Downloads\重生虫心0.71汉化版（新）\reborn_workrepo\合作指挥官版起义狂潮\Mods\XM\XMFinal.SC2Mod\Base.SC2Data\GameData\ActorData.xml	skipped_existing
NPSwarm	CActorAction	游戏数据/官方SC2原始文本镜像/campaigns/swarm.sc2campaign/base.sc2data/gamedata/actordata.xml	C:\Users\22448\Downloads\重生虫心0.71汉化版（新）\reborn_workrepo\合作指挥官版起义狂潮\Mods\XM\XMFinal.SC2Mod\Base.SC2Data\GameData\ActorData.xml	skipped_existing
Nydus_Unburrow	CActorSound	游戏数据/官方SC2原始文本镜像/campaigns/swarm.sc2campaign/base.sc2data/gamedata/actordata.xml	C:\Users\22448\Downloads\重生虫心0.71汉化版（新）\reborn_workrepo\合作指挥官版起义狂潮\Mods\XM\XMFinal.SC2Mod\Base.SC2Data\GameData\ActorData.xml	skipped_existing
NydusCanal	CActorUnit	游戏数据/官方SC2原始文本镜像/mods/starcoop/starcoop.sc2mod/base.sc2data/gamedata/actordata.xml	C:\Users\22448\Downloads\重生虫心0.71汉化版（新）\reborn_workrepo\合作指挥官版起义狂潮\Mods\XM\XMFinal.SC2Mod\Base.SC2Data\GameData\ActorData.xml	skipped_existing
NydusNetwork	CActorUnit	游戏数据/官方SC2原始文本镜像/mods/starcoop/starcoop.sc2mod/base.sc2data/gamedata/actordata.xml	C:\Users\22448\Downloads\重生虫心0.71汉化版（新）\reborn_workrepo\合作指挥官版起义狂潮\Mods\XM\XMFinal.SC2Mod\Base.SC2Data\GameData\ActorData.xml	skipped_existing
NydusRumble	CActorModel	游戏数据/官方SC2原始文本镜像/campaigns/swarm.sc2campaign/base.sc2data/gamedata/actordata.xml	C:\Users\22448\Downloads\重生虫心0.71汉化版（新）\reborn_workrepo\合作指挥官版起义狂潮\Mods\XM\XMFinal.SC2Mod\Base.SC2Data\GameData\ActorData.xml	skipped_existing
Overlord	CActorUnit	游戏数据/官方SC2原始文本镜像/campaigns/swarm.sc2campaign/base.sc2data/gamedata/actordata.xml	C:\Users\22448\Downloads\重生虫心0.71汉化版（新）\reborn_workrepo\合作指挥官版起义狂潮\Mods\XM\XMFinal.SC2Mod\Base.SC2Data\GameData\ActorData.xml	skipped_existing
OverlordCocoon	CActorUnit	游戏数据/官方SC2原始文本镜像/mods/starcoop/starcoop.sc2mod/base.sc2data/gamedata/actordata.xml	C:\Users\22448\Downloads\重生虫心0.71汉化版（新）\reborn_workrepo\合作指挥官版起义狂潮\Mods\XM\XMFinal.SC2Mod\Base.SC2Data\GameData\ActorData.xml	skipped_existing
OverlordCocoon	CActorUnit	游戏数据/官方SC2原始文本镜像/campaigns/swarm.sc2campaign/base.sc2data/gamedata/actordata.xml	C:\Users\22448\Downloads\重生虫心0.71汉化版（新）\reborn_workrepo\合作指挥官版起义狂潮\Mods\XM\XMFinal.SC2Mod\Base.SC2Data\GameData\ActorData.xml	skipped_existing
Overseer	CActorUnit	游戏数据/官方SC2原始文本镜像/mods/starcoop/starcoop.sc2mod/base.sc2data/gamedata/actordata.xml	C:\Users\22448\Downloads\重生虫心0.71汉化版（新）\reborn_workrepo\合作指挥官版起义狂潮\Mods\XM\XMFinal.SC2Mod\Base.SC2Data\GameData\ActorData.xml	skipped_existing
Overseer	CActorUnit	游戏数据/官方SC2原始文本镜像/campaigns/swarm.sc2campaign/base.sc2data/gamedata/actordata.xml	C:\Users\22448\Downloads\重生虫心0.71汉化版（新）\reborn_workrepo\合作指挥官版起义狂潮\Mods\XM\XMFinal.SC2Mod\Base.SC2Data\GameData\ActorData.xml	skipped_existing
PlacementModel	CActorModel	游戏数据/官方SC2原始文本镜像/mods/starcoop/starcoop.sc2mod/base.sc2data/gamedata/actordata.xml	C:\Users\22448\Downloads\重生虫心0.71汉化版（新）\reborn_workrepo\合作指挥官版起义狂潮\Mods\XM\XMFinal.SC2Mod\Base.SC2Data\GameData\ActorData.xml	skipped_existing
PrimalHydralisk	CActorUnit	游戏数据/官方SC2原始文本镜像/campaigns/swarm.sc2campaign/base.sc2data/gamedata/actordata.xml	C:\Users\22448\Downloads\重生虫心0.71汉化版（新）\reborn_workrepo\合作指挥官版起义狂潮\Mods\XM\XMFinal.SC2Mod\Base.SC2Data\GameData\ActorData.xml	skipped_existing
Queen	CActorUnit	游戏数据/官方SC2原始文本镜像/mods/starcoop/starcoop.sc2mod/base.sc2data/gamedata/actordata.xml	C:\Users\22448\Downloads\重生虫心0.71汉化版（新）\reborn_workrepo\合作指挥官版起义狂潮\Mods\XM\XMFinal.SC2Mod\Base.SC2Data\GameData\ActorData.xml	skipped_existing
Queen	CActorUnit	游戏数据/官方SC2原始文本镜像/campaigns/swarm.sc2campaign/base.sc2data/gamedata/actordata.xml	C:\Users\22448\Downloads\重生虫心0.71汉化版（新）\reborn_workrepo\合作指挥官版起义狂潮\Mods\XM\XMFinal.SC2Mod\Base.SC2Data\GameData\ActorData.xml	skipped_existing
QueenClassic	CActorUnit	游戏数据/官方SC2原始文本镜像/mods/starcoop/starcoop.sc2mod/base.sc2data/gamedata/actordata.xml	C:\Users\22448\Downloads\重生虫心0.71汉化版（新）\reborn_workrepo\合作指挥官版起义狂潮\Mods\XM\XMFinal.SC2Mod\Base.SC2Data\GameData\ActorData.xml	skipped_existing
QueenClassic	CActorUnit	游戏数据/官方SC2原始文本镜像/campaigns/swarm.sc2campaign/base.sc2data/gamedata/actordata.xml	C:\Users\22448\Downloads\重生虫心0.71汉化版（新）\reborn_workrepo\合作指挥官版起义狂潮\Mods\XM\XMFinal.SC2Mod\Base.SC2Data\GameData\ActorData.xml	skipped_existing
QueenCoop	CActorUnit	游戏数据/官方SC2原始文本镜像/mods/starcoop/starcoop.sc2mod/base.sc2data/gamedata/actordata.xml	C:\Users\22448\Downloads\重生虫心0.71汉化版（新）\reborn_workrepo\合作指挥官版起义狂潮\Mods\XM\XMFinal.SC2Mod\Base.SC2Data\GameData\ActorData.xml	skipped_existing
QueueAnim	CActorEventMacro	游戏数据/官方SC2原始文本镜像/mods/starcoop/starcoop.sc2mod/base.sc2data/gamedata/actordata.xml	C:\Users\22448\Downloads\重生虫心0.71汉化版（新）\reborn_workrepo\合作指挥官版起义狂潮\Mods\XM\XMFinal.SC2Mod\Base.SC2Data\GameData\ActorData.xml	skipped_existing
RavagerAbathurCocoon	CActorUnit	游戏数据/官方SC2原始文本镜像/mods/starcoop/starcoop.sc2mod/base.sc2data/gamedata/actordata.xml	C:\Users\22448\Downloads\重生虫心0.71汉化版（新）\reborn_workrepo\合作指挥官版起义狂潮\Mods\XM\XMFinal.SC2Mod\Base.SC2Data\GameData\ActorData.xml	skipped_existing
RavagerVileAbathurCocoon	CActorUnit	游戏数据/官方SC2原始文本镜像/mods/starcoop/starcoop.sc2mod/base.sc2data/gamedata/actordata.xml	C:\Users\22448\Downloads\重生虫心0.71汉化版（新）\reborn_workrepo\合作指挥官版起义狂潮\Mods\XM\XMFinal.SC2Mod\Base.SC2Data\GameData\ActorData.xml	skipped_existing
Roach	CActorUnit	游戏数据/官方SC2原始文本镜像/mods/starcoop/starcoop.sc2mod/base.sc2data/gamedata/actordata.xml	C:\Users\22448\Downloads\重生虫心0.71汉化版（新）\reborn_workrepo\合作指挥官版起义狂潮\Mods\XM\XMFinal.SC2Mod\Base.SC2Data\GameData\ActorData.xml	skipped_existing
Roach	CActorUnit	游戏数据/官方SC2原始文本镜像/campaigns/swarm.sc2campaign/base.sc2data/gamedata/actordata.xml	C:\Users\22448\Downloads\重生虫心0.71汉化版（新）\reborn_workrepo\合作指挥官版起义狂潮\Mods\XM\XMFinal.SC2Mod\Base.SC2Data\GameData\ActorData.xml	skipped_existing
RoachCorpser	CActorUnit	游戏数据/官方SC2原始文本镜像/mods/starcoop/starcoop.sc2mod/base.sc2data/gamedata/actordata.xml	C:\Users\22448\Downloads\重生虫心0.71汉化版（新）\reborn_workrepo\合作指挥官版起义狂潮\Mods\XM\XMFinal.SC2Mod\Base.SC2Data\GameData\ActorData.xml	skipped_existing
RoachCorpser	CActorUnit	游戏数据/官方SC2原始文本镜像/campaigns/swarm.sc2campaign/base.sc2data/gamedata/actordata.xml	C:\Users\22448\Downloads\重生虫心0.71汉化版（新）\reborn_workrepo\合作指挥官版起义狂潮\Mods\XM\XMFinal.SC2Mod\Base.SC2Data\GameData\ActorData.xml	skipped_existing
RoachCorpserBurrowedSplat	CActorSplat	游戏数据/官方SC2原始文本镜像/campaigns/swarm.sc2campaign/base.sc2data/gamedata/actordata.xml	C:\Users\22448\Downloads\重生虫心0.71汉化版（新）\reborn_workrepo\合作指挥官版起义狂潮\Mods\XM\XMFinal.SC2Mod\Base.SC2Data\GameData\ActorData.xml	skipped_existing
Roachling	CActorUnit	游戏数据/官方SC2原始文本镜像/campaigns/swarm.sc2campaign/base.sc2data/gamedata/actordata.xml	C:\Users\22448\Downloads\重生虫心0.71汉化版（新）\reborn_workrepo\合作指挥官版起义狂潮\Mods\XM\XMFinal.SC2Mod\Base.SC2Data\GameData\ActorData.xml	skipped_existing
RoachRegenDummy	CActorModel	游戏数据/官方SC2原始文本镜像/campaigns/swarm.sc2campaign/base.sc2data/gamedata/actordata.xml	C:\Users\22448\Downloads\重生虫心0.71汉化版（新）\reborn_workrepo\合作指挥官版起义狂潮\Mods\XM\XMFinal.SC2Mod\Base.SC2Data\GameData\ActorData.xml	skipped_existing
RoachShield	CActorModel	游戏数据/官方SC2原始文本镜像/campaigns/swarm.sc2campaign/base.sc2data/gamedata/actordata.xml	C:\Users\22448\Downloads\重生虫心0.71汉化版（新）\reborn_workrepo\合作指挥官版起义狂潮\Mods\XM\XMFinal.SC2Mod\Base.SC2Data\GameData\ActorData.xml	skipped_existing
RoachVile	CActorUnit	游戏数据/官方SC2原始文本镜像/mods/starcoop/starcoop.sc2mod/base.sc2data/gamedata/actordata.xml	C:\Users\22448\Downloads\重生虫心0.71汉化版（新）\reborn_workrepo\合作指挥官版起义狂潮\Mods\XM\XMFinal.SC2Mod\Base.SC2Data\GameData\ActorData.xml	skipped_existing
RoachVile	CActorUnit	游戏数据/官方SC2原始文本镜像/campaigns/swarm.sc2campaign/base.sc2data/gamedata/actordata.xml	C:\Users\22448\Downloads\重生虫心0.71汉化版（新）\reborn_workrepo\合作指挥官版起义狂潮\Mods\XM\XMFinal.SC2Mod\Base.SC2Data\GameData\ActorData.xml	skipped_existing
RoachVileBurrowedSplat	CActorSplat	游戏数据/官方SC2原始文本镜像/campaigns/swarm.sc2campaign/base.sc2data/gamedata/actordata.xml	C:\Users\22448\Downloads\重生虫心0.71汉化版（新）\reborn_workrepo\合作指挥官版起义狂潮\Mods\XM\XMFinal.SC2Mod\Base.SC2Data\GameData\ActorData.xml	skipped_existing
RoachWarren	CActorUnit	游戏数据/官方SC2原始文本镜像/mods/starcoop/starcoop.sc2mod/base.sc2data/gamedata/actordata.xml	C:\Users\22448\Downloads\重生虫心0.71汉化版（新）\reborn_workrepo\合作指挥官版起义狂潮\Mods\XM\XMFinal.SC2Mod\Base.SC2Data\GameData\ActorData.xml	skipped_existing
RoachWarren	CActorUnit	游戏数据/官方SC2原始文本镜像/campaigns/swarm.sc2campaign/base.sc2data/gamedata/actordata.xml	C:\Users\22448\Downloads\重生虫心0.71汉化版（新）\reborn_workrepo\合作指挥官版起义狂潮\Mods\XM\XMFinal.SC2Mod\Base.SC2Data\GameData\ActorData.xml	skipped_existing
ScourgeNest	CActorUnit	游戏数据/官方SC2原始文本镜像/mods/starcoop/starcoop.sc2mod/base.sc2data/gamedata/actordata.xml	C:\Users\22448\Downloads\重生虫心0.71汉化版（新）\reborn_workrepo\合作指挥官版起义狂潮\Mods\XM\XMFinal.SC2Mod\Base.SC2Data\GameData\ActorData.xml	skipped_existing
SiegeTankSieged	CActorUnit	游戏数据/官方SC2原始文本镜像/mods/starcoop/starcoop.sc2mod/base.sc2data/gamedata/actordata.xml	C:\Users\22448\Downloads\重生虫心0.71汉化版（新）\reborn_workrepo\合作指挥官版起义狂潮\Mods\XM\XMFinal.SC2Mod\Base.SC2Data\GameData\ActorData.xml	skipped_existing
SiegeTankSiegedTargetImpactFire	CActorModel	游戏数据/官方SC2原始文本镜像/campaigns/swarm.sc2campaign/base.sc2data/gamedata/actordata.xml	C:\Users\22448\Downloads\重生虫心0.71汉化版（新）\reborn_workrepo\合作指挥官版起义狂潮\Mods\XM\XMFinal.SC2Mod\Base.SC2Data\GameData\ActorData.xml	skipped_existing
SIOverlord	CActorUnit	游戏数据/官方SC2原始文本镜像/mods/starcoop/starcoop.sc2mod/base.sc2data/gamedata/actordata.xml	C:\Users\22448\Downloads\重生虫心0.71汉化版（新）\reborn_workrepo\合作指挥官版起义狂潮\Mods\XM\XMFinal.SC2Mod\Base.SC2Data\GameData\ActorData.xml	skipped_existing
SIVolatileInfested	CActorMissile	游戏数据/官方SC2原始文本镜像/mods/starcoop/starcoop.sc2mod/base.sc2data/gamedata/actordata.xml	C:\Users\22448\Downloads\重生虫心0.71汉化版（新）\reborn_workrepo\合作指挥官版起义狂潮\Mods\XM\XMFinal.SC2Mod\Base.SC2Data\GameData\ActorData.xml	skipped_existing
Snapshot	CActorSnapshot	游戏数据/官方SC2原始文本镜像/mods/starcoop/starcoop.sc2mod/base.sc2data/gamedata/actordata.xml	C:\Users\22448\Downloads\重生虫心0.71汉化版（新）\reborn_workrepo\合作指挥官版起义狂潮\Mods\XM\XMFinal.SC2Mod\Base.SC2Data\GameData\ActorData.xml	skipped_existing
SOpForwardMeatGuide	CActorSiteOpForward	游戏数据/官方SC2原始文本镜像/campaigns/swarm.sc2campaign/base.sc2data/gamedata/actordata.xml	C:\Users\22448\Downloads\重生虫心0.71汉化版（新）\reborn_workrepo\合作指挥官版起义狂潮\Mods\XM\XMFinal.SC2Mod\Base.SC2Data\GameData\ActorData.xml	skipped_existing
SOpMeatSite	CActorSite	游戏数据/官方SC2原始文本镜像/campaigns/swarm.sc2campaign/base.sc2data/gamedata/actordata.xml	C:\Users\22448\Downloads\重生虫心0.71汉化版（新）\reborn_workrepo\合作指挥官版起义狂潮\Mods\XM\XMFinal.SC2Mod\Base.SC2Data\GameData\ActorData.xml	skipped_existing
Spell_DeepTunnel_Burrow	CActorSound	游戏数据/官方SC2原始文本镜像/campaigns/swarm.sc2campaign/base.sc2data/gamedata/actordata.xml	C:\Users\22448\Downloads\重生虫心0.71汉化版（新）\reborn_workrepo\合作指挥官版起义狂潮\Mods\XM\XMFinal.SC2Mod\Base.SC2Data\GameData\ActorData.xml	skipped_existing
Spell_DeepTunnel_Unburrow	CActorSound	游戏数据/官方SC2原始文本镜像/campaigns/swarm.sc2campaign/base.sc2data/gamedata/actordata.xml	C:\Users\22448\Downloads\重生虫心0.71汉化版（新）\reborn_workrepo\合作指挥官版起义狂潮\Mods\XM\XMFinal.SC2Mod\Base.SC2Data\GameData\ActorData.xml	skipped_existing
Spell_SpawnLeviathan_WarpIn	CActorSound	游戏数据/官方SC2原始文本镜像/campaigns/swarm.sc2campaign/base.sc2data/gamedata/actordata.xml	C:\Users\22448\Downloads\重生虫心0.71汉化版（新）\reborn_workrepo\合作指挥官版起义狂潮\Mods\XM\XMFinal.SC2Mod\Base.SC2Data\GameData\ActorData.xml	skipped_existing
SpineCrawler	CActorUnit	游戏数据/官方SC2原始文本镜像/mods/starcoop/starcoop.sc2mod/base.sc2data/gamedata/actordata.xml	C:\Users\22448\Downloads\重生虫心0.71汉化版（新）\reborn_workrepo\合作指挥官版起义狂潮\Mods\XM\XMFinal.SC2Mod\Base.SC2Data\GameData\ActorData.xml	skipped_existing
Stalker	CActorUnit	游戏数据/官方SC2原始文本镜像/campaigns/swarm.sc2campaign/base.sc2data/gamedata/actordata.xml	C:\Users\22448\Downloads\重生虫心0.71汉化版（新）\reborn_workrepo\合作指挥官版起义狂潮\Mods\XM\XMFinal.SC2Mod\Base.SC2Data\GameData\ActorData.xml	skipped_existing
StukovCoopSpawnVolatileTerranBirthModel	CActorModel	游戏数据/官方SC2原始文本镜像/mods/starcoop/starcoop.sc2mod/base.sc2data/gamedata/actordata.xml	C:\Users\22448\Downloads\重生虫心0.71汉化版（新）\reborn_workrepo\合作指挥官版起义狂潮\Mods\XM\XMFinal.SC2Mod\Base.SC2Data\GameData\ActorData.xml	skipped_existing
StukovCoopSpawnVolatileTerransImpactSound	CActorSound	游戏数据/官方SC2原始文本镜像/mods/starcoop/starcoop.sc2mod/base.sc2data/gamedata/actordata.xml	C:\Users\22448\Downloads\重生虫心0.71汉化版（新）\reborn_workrepo\合作指挥官版起义狂潮\Mods\XM\XMFinal.SC2Mod\Base.SC2Data\GameData\ActorData.xml	skipped_existing
StukovHeroGlow	CActorModel	游戏数据/官方SC2原始文本镜像/campaigns/swarm.sc2campaign/base.sc2data/gamedata/actordata.xml	C:\Users\22448\Downloads\重生虫心0.71汉化版（新）\reborn_workrepo\合作指挥官版起义狂潮\Mods\XM\XMFinal.SC2Mod\Base.SC2Data\GameData\ActorData.xml	skipped_existing
StukovInfestedTerran	CActorMissile	游戏数据/官方SC2原始文本镜像/campaigns/swarm.sc2campaign/base.sc2data/gamedata/actordata.xml	C:\Users\22448\Downloads\重生虫心0.71汉化版（新）\reborn_workrepo\合作指挥官版起义狂潮\Mods\XM\XMFinal.SC2Mod\Base.SC2Data\GameData\ActorData.xml	skipped_existing
StukovInfestedTerranBirthModel	CActorModel	游戏数据/官方SC2原始文本镜像/campaigns/swarm.sc2campaign/base.sc2data/gamedata/actordata.xml	C:\Users\22448\Downloads\重生虫心0.71汉化版（新）\reborn_workrepo\合作指挥官版起义狂潮\Mods\XM\XMFinal.SC2Mod\Base.SC2Data\GameData\ActorData.xml	skipped_existing
StukovInfestedTerrans	CActorAction	游戏数据/官方SC2原始文本镜像/campaigns/swarm.sc2campaign/base.sc2data/gamedata/actordata.xml	C:\Users\22448\Downloads\重生虫心0.71汉化版（新）\reborn_workrepo\合作指挥官版起义狂潮\Mods\XM\XMFinal.SC2Mod\Base.SC2Data\GameData\ActorData.xml	skipped_existing
SwarmHost	CActorUnit	游戏数据/官方SC2原始文本镜像/mods/starcoop/starcoop.sc2mod/base.sc2data/gamedata/actordata.xml	C:\Users\22448\Downloads\重生虫心0.71汉化版（新）\reborn_workrepo\合作指挥官版起义狂潮\Mods\XM\XMFinal.SC2Mod\Base.SC2Data\GameData\ActorData.xml	skipped_existing
SwarmHost	CActorUnit	游戏数据/官方SC2原始文本镜像/campaigns/swarm.sc2campaign/base.sc2data/gamedata/actordata.xml	C:\Users\22448\Downloads\重生虫心0.71汉化版（新）\reborn_workrepo\合作指挥官版起义狂潮\Mods\XM\XMFinal.SC2Mod\Base.SC2Data\GameData\ActorData.xml	skipped_existing
SwarmHostDeepBurrow	CActorModel	游戏数据/官方SC2原始文本镜像/campaigns/swarm.sc2campaign/base.sc2data/gamedata/actordata.xml	C:\Users\22448\Downloads\重生虫心0.71汉化版（新）\reborn_workrepo\合作指挥官版起义狂潮\Mods\XM\XMFinal.SC2Mod\Base.SC2Data\GameData\ActorData.xml	skipped_existing
SwarmHostEggCampaign	CActorModel	游戏数据/官方SC2原始文本镜像/campaigns/swarm.sc2campaign/base.sc2data/gamedata/actordata.xml	C:\Users\22448\Downloads\重生虫心0.71汉化版（新）\reborn_workrepo\合作指挥官版起义狂潮\Mods\XM\XMFinal.SC2Mod\Base.SC2Data\GameData\ActorData.xml	skipped_existing
SwarmHostEggCreeperCampaign	CActorModel	游戏数据/官方SC2原始文本镜像/campaigns/swarm.sc2campaign/base.sc2data/gamedata/actordata.xml	C:\Users\22448\Downloads\重生虫心0.71汉化版（新）\reborn_workrepo\合作指挥官版起义狂潮\Mods\XM\XMFinal.SC2Mod\Base.SC2Data\GameData\ActorData.xml	skipped_existing
SwarmHostMP	CActorUnit	游戏数据/官方SC2原始文本镜像/mods/starcoop/starcoop.sc2mod/base.sc2data/gamedata/actordata.xml	C:\Users\22448\Downloads\重生虫心0.71汉化版（新）\reborn_workrepo\合作指挥官版起义狂潮\Mods\XM\XMFinal.SC2Mod\Base.SC2Data\GameData\ActorData.xml	skipped_existing
SwarmHostSplitA	CActorUnit	游戏数据/官方SC2原始文本镜像/campaigns/swarm.sc2campaign/base.sc2data/gamedata/actordata.xml	C:\Users\22448\Downloads\重生虫心0.71汉化版（新）\reborn_workrepo\合作指挥官版起义狂潮\Mods\XM\XMFinal.SC2Mod\Base.SC2Data\GameData\ActorData.xml	skipped_existing
SwarmHostSplitB	CActorUnit	游戏数据/官方SC2原始文本镜像/campaigns/swarm.sc2campaign/base.sc2data/gamedata/actordata.xml	C:\Users\22448\Downloads\重生虫心0.71汉化版（新）\reborn_workrepo\合作指挥官版起义狂潮\Mods\XM\XMFinal.SC2Mod\Base.SC2Data\GameData\ActorData.xml	skipped_existing
SwarmHostSplitBBurrowedSplat	CActorSplat	游戏数据/官方SC2原始文本镜像/campaigns/swarm.sc2campaign/base.sc2data/gamedata/actordata.xml	C:\Users\22448\Downloads\重生虫心0.71汉化版（新）\reborn_workrepo\合作指挥官版起义狂潮\Mods\XM\XMFinal.SC2Mod\Base.SC2Data\GameData\ActorData.xml	skipped_existing
SwarmQueen	CActorUnit	游戏数据/官方SC2原始文本镜像/campaigns/swarm.sc2campaign/base.sc2data/gamedata/actordata.xml	C:\Users\22448\Downloads\重生虫心0.71汉化版（新）\reborn_workrepo\合作指挥官版起义狂潮\Mods\XM\XMFinal.SC2Mod\Base.SC2Data\GameData\ActorData.xml	skipped_existing
SwarmQueenBirth	CActorModel	游戏数据/官方SC2原始文本镜像/campaigns/swarm.sc2campaign/base.sc2data/gamedata/actordata.xml	C:\Users\22448\Downloads\重生虫心0.71汉化版（新）\reborn_workrepo\合作指挥官版起义狂潮\Mods\XM\XMFinal.SC2Mod\Base.SC2Data\GameData\ActorData.xml	skipped_existing
SwarmQueenMorphing	CActorUnit	游戏数据/官方SC2原始文本镜像/campaigns/swarm.sc2campaign/base.sc2data/gamedata/actordata.xml	C:\Users\22448\Downloads\重生虫心0.71汉化版（新）\reborn_workrepo\合作指挥官版起义狂潮\Mods\XM\XMFinal.SC2Mod\Base.SC2Data\GameData\ActorData.xml	skipped_existing
SwarmQueenMorphingLarge	CActorUnit	游戏数据/官方SC2原始文本镜像/campaigns/swarm.sc2campaign/base.sc2data/gamedata/actordata.xml	C:\Users\22448\Downloads\重生虫心0.71汉化版（新）\reborn_workrepo\合作指挥官版起义狂潮\Mods\XM\XMFinal.SC2Mod\Base.SC2Data\GameData\ActorData.xml	skipped_existing
SwarmQueenParasiticInvasion	CActorAction	游戏数据/官方SC2原始文本镜像/campaigns/swarm.sc2campaign/base.sc2data/gamedata/actordata.xml	C:\Users\22448\Downloads\重生虫心0.71汉化版（新）\reborn_workrepo\合作指挥官版起义狂潮\Mods\XM\XMFinal.SC2Mod\Base.SC2Data\GameData\ActorData.xml	skipped_existing
SwarmQueenPortrait	CActorPortrait	游戏数据/官方SC2原始文本镜像/campaigns/swarm.sc2campaign/base.sc2data/gamedata/actordata.xml	C:\Users\22448\Downloads\重生虫心0.71汉化版（新）\reborn_workrepo\合作指挥官版起义狂潮\Mods\XM\XMFinal.SC2Mod\Base.SC2Data\GameData\ActorData.xml	skipped_existing
SymbioteCarapace	CActorModel	游戏数据/官方SC2原始文本镜像/mods/starcoop/starcoop.sc2mod/base.sc2data/gamedata/actordata.xml	C:\Users\22448\Downloads\重生虫心0.71汉化版（新）\reborn_workrepo\合作指挥官版起义狂潮\Mods\XM\XMFinal.SC2Mod\Base.SC2Data\GameData\ActorData.xml	skipped_existing
Tempest	CActorUnit	游戏数据/官方SC2原始文本镜像/mods/starcoop/starcoop.sc2mod/base.sc2data/gamedata/actordata.xml	C:\Users\22448\Downloads\重生虫心0.71汉化版（新）\reborn_workrepo\合作指挥官版起义狂潮\Mods\XM\XMFinal.SC2Mod\Base.SC2Data\GameData\ActorData.xml	skipped_existing
TentacleDeathSound	CActorSound	游戏数据/官方SC2原始文本镜像/mods/starcoop/starcoop.sc2mod/base.sc2data/gamedata/actordata.xml	C:\Users\22448\Downloads\重生虫心0.71汉化版（新）\reborn_workrepo\合作指挥官版起义狂潮\Mods\XM\XMFinal.SC2Mod\Base.SC2Data\GameData\ActorData.xml	skipped_existing
Thor	CActorUnit	游戏数据/官方SC2原始文本镜像/mods/starcoop/starcoop.sc2mod/base.sc2data/gamedata/actordata.xml	C:\Users\22448\Downloads\重生虫心0.71汉化版（新）\reborn_workrepo\合作指挥官版起义狂潮\Mods\XM\XMFinal.SC2Mod\Base.SC2Data\GameData\ActorData.xml	skipped_existing
TorrasqueChrysalis	CActorUnit	游戏数据/官方SC2原始文本镜像/campaigns/swarm.sc2campaign/base.sc2data/gamedata/actordata.xml	C:\Users\22448\Downloads\重生虫心0.71汉化版（新）\reborn_workrepo\合作指挥官版起义狂潮\Mods\XM\XMFinal.SC2Mod\Base.SC2Data\GameData\ActorData.xml	skipped_existing
TorrasqueCorpse	CActorUnit	游戏数据/官方SC2原始文本镜像/campaigns/swarm.sc2campaign/base.sc2data/gamedata/actordata.xml	C:\Users\22448\Downloads\重生虫心0.71汉化版（新）\reborn_workrepo\合作指挥官版起义狂潮\Mods\XM\XMFinal.SC2Mod\Base.SC2Data\GameData\ActorData.xml	skipped_existing
Ultralisk	CActorUnit	游戏数据/官方SC2原始文本镜像/campaigns/swarm.sc2campaign/base.sc2data/gamedata/actordata.xml	C:\Users\22448\Downloads\重生虫心0.71汉化版（新）\reborn_workrepo\合作指挥官版起义狂潮\Mods\XM\XMFinal.SC2Mod\Base.SC2Data\GameData\ActorData.xml	skipped_existing
UltraliskHeadAttack	CActorAction	游戏数据/官方SC2原始文本镜像/campaigns/swarm.sc2campaign/base.sc2data/gamedata/actordata.xml	C:\Users\22448\Downloads\重生虫心0.71汉化版（新）\reborn_workrepo\合作指挥官版起义狂潮\Mods\XM\XMFinal.SC2Mod\Base.SC2Data\GameData\ActorData.xml	skipped_existing
UnitDeathModelDehaka	CActorModel	游戏数据/官方SC2原始文本镜像/mods/starcoop/starcoop.sc2mod/base.sc2data/gamedata/actordata.xml	C:\Users\22448\Downloads\重生虫心0.71汉化版（新）\reborn_workrepo\合作指挥官版起义狂潮\Mods\XM\XMFinal.SC2Mod\Base.SC2Data\GameData\ActorData.xml	skipped_existing
UnitDeathModelDehaka	CActorModel	游戏数据/官方SC2原始文本镜像/campaigns/swarm.sc2campaign/base.sc2data/gamedata/actordata.xml	C:\Users\22448\Downloads\重生虫心0.71汉化版（新）\reborn_workrepo\合作指挥官版起义狂潮\Mods\XM\XMFinal.SC2Mod\Base.SC2Data\GameData\ActorData.xml	skipped_existing
UnloadDropAnim	CActorEventMacro	游戏数据/官方SC2原始文本镜像/mods/starcoop/starcoop.sc2mod/base.sc2data/gamedata/actordata.xml	C:\Users\22448\Downloads\重生虫心0.71汉化版（新）\reborn_workrepo\合作指挥官版起义狂潮\Mods\XM\XMFinal.SC2Mod\Base.SC2Data\GameData\ActorData.xml	skipped_existing
UnloadDropAnim	CActorEventMacro	游戏数据/官方SC2原始文本镜像/mods/starcoop/commanders/arcturusmengsk.sc2mod/base.sc2data/gamedata/actordata.xml	C:\Users\22448\Downloads\重生虫心0.71汉化版（新）\reborn_workrepo\合作指挥官版起义狂潮\Mods\XM\XMFinal.SC2Mod\Base.SC2Data\GameData\ActorData.xml	skipped_existing
VoidRay	CActorUnit	游戏数据/官方SC2原始文本镜像/campaigns/swarm.sc2campaign/base.sc2data/gamedata/actordata.xml	C:\Users\22448\Downloads\重生虫心0.71汉化版（新）\reborn_workrepo\合作指挥官版起义狂潮\Mods\XM\XMFinal.SC2Mod\Base.SC2Data\GameData\ActorData.xml	skipped_existing
Zealot	CActorUnit	游戏数据/官方SC2原始文本镜像/mods/starcoop/starcoop.sc2mod/base.sc2data/gamedata/actordata.xml	C:\Users\22448\Downloads\重生虫心0.71汉化版（新）\reborn_workrepo\合作指挥官版起义狂潮\Mods\XM\XMFinal.SC2Mod\Base.SC2Data\GameData\ActorData.xml	skipped_existing
Zealot	CActorUnit	游戏数据/官方SC2原始文本镜像/campaigns/swarm.sc2campaign/base.sc2data/gamedata/actordata.xml	C:\Users\22448\Downloads\重生虫心0.71汉化版（新）\reborn_workrepo\合作指挥官版起义狂潮\Mods\XM\XMFinal.SC2Mod\Base.SC2Data\GameData\ActorData.xml	skipped_existing
ZergHeroRevive	CActorModel	游戏数据/官方SC2原始文本镜像/campaigns/swarm.sc2campaign/base.sc2data/gamedata/actordata.xml	C:\Users\22448\Downloads\重生虫心0.71汉化版（新）\reborn_workrepo\合作指挥官版起义狂潮\Mods\XM\XMFinal.SC2Mod\Base.SC2Data\GameData\ActorData.xml	skipped_existing
Zergling	CActorUnit	游戏数据/官方SC2原始文本镜像/campaigns/swarm.sc2campaign/base.sc2data/gamedata/actordata.xml	C:\Users\22448\Downloads\重生虫心0.71汉化版（新）\reborn_workrepo\合作指挥官版起义狂潮\Mods\XM\XMFinal.SC2Mod\Base.SC2Data\GameData\ActorData.xml	skipped_existing
ZerglingRespawnAnim	CActorEventMacro	游戏数据/官方SC2原始文本镜像/campaigns/swarm.sc2campaign/base.sc2data/gamedata/actordata.xml	C:\Users\22448\Downloads\重生虫心0.71汉化版（新）\reborn_workrepo\合作指挥官版起义狂潮\Mods\XM\XMFinal.SC2Mod\Base.SC2Data\GameData\ActorData.xml	skipped_existing
ZergTowerArtillery	CActorUnit	游戏数据/官方SC2原始文本镜像/mods/starcoop/starcoop.sc2mod/base.sc2data/gamedata/actordata.xml	C:\Users\22448\Downloads\重生虫心0.71汉化版（新）\reborn_workrepo\合作指挥官版起义狂潮\Mods\XM\XMFinal.SC2Mod\Base.SC2Data\GameData\ActorData.xml	skipped_existing
ZergTowerArtillery	CActorUnit	游戏数据/官方SC2原始文本镜像/campaigns/swarm.sc2campaign/base.sc2data/gamedata/actordata.xml	C:\Users\22448\Downloads\重生虫心0.71汉化版（新）\reborn_workrepo\合作指挥官版起义狂潮\Mods\XM\XMFinal.SC2Mod\Base.SC2Data\GameData\ActorData.xml	skipped_existing
KerriganReviveComplete	CAlert	游戏数据/官方SC2原始文本镜像/campaigns/swarm.sc2campaign/base.sc2data/gamedata/alertdata.xml	C:\Users\22448\Downloads\重生虫心0.71汉化版（新）\reborn_workrepo\合作指挥官版起义狂潮\Mods\XM\XMFinal.SC2Mod\Base.SC2Data\GameData\AlertData.xml	skipped_existing
AbathurPropArmor	CBehaviorAttribute	游戏数据/官方SC2原始文本镜像/mods/starcoop/starcoop.sc2mod/base.sc2data/gamedata/behaviordata.xml	C:\Users\22448\Downloads\重生虫心0.71汉化版（新）\reborn_workrepo\合作指挥官版起义狂潮\Mods\XM\XMFinal.SC2Mod\Base.SC2Data\GameData\BehaviorData.xml	skipped_existing
AbberationBanelingIncubation	CBehaviorBuff	游戏数据/官方SC2原始文本镜像/mods/starcoop/starcoop.sc2mod/base.sc2data/gamedata/behaviordata.xml	C:\Users\22448\Downloads\重生虫心0.71汉化版（新）\reborn_workrepo\合作指挥官版起义狂潮\Mods\XM\XMFinal.SC2Mod\Base.SC2Data\GameData\BehaviorData.xml	skipped_existing
AberrationArmorAura	CBehaviorBuff	游戏数据/官方SC2原始文本镜像/mods/starcoop/starcoop.sc2mod/base.sc2data/gamedata/behaviordata.xml	C:\Users\22448\Downloads\重生虫心0.71汉化版（新）\reborn_workrepo\合作指挥官版起义狂潮\Mods\XM\XMFinal.SC2Mod\Base.SC2Data\GameData\BehaviorData.xml	skipped_existing
AllUnitBehaviorController	CBehaviorBuff	游戏数据/官方SC2原始文本镜像/mods/starcoop/starcoop.sc2mod/base.sc2data/gamedata/behaviordata.xml	C:\Users\22448\Downloads\重生虫心0.71汉化版（新）\reborn_workrepo\合作指挥官版起义狂潮\Mods\XM\XMFinal.SC2Mod\Base.SC2Data\GameData\BehaviorData.xml	skipped_existing
AutoHarvestVespene	CBehaviorBuff	游戏数据/官方SC2原始文本镜像/mods/starcoop/starcoop.sc2mod/base.sc2data/gamedata/behaviordata.xml	C:\Users\22448\Downloads\重生虫心0.71汉化版（新）\reborn_workrepo\合作指挥官版起义狂潮\Mods\XM\XMFinal.SC2Mod\Base.SC2Data\GameData\BehaviorData.xml	skipped_existing
AutoHarvestVespeneZerg	CBehaviorBuff	游戏数据/官方SC2原始文本镜像/campaigns/swarm.sc2campaign/base.sc2data/gamedata/behaviordata.xml	C:\Users\22448\Downloads\重生虫心0.71汉化版（新）\reborn_workrepo\合作指挥官版起义狂潮\Mods\XM\XMFinal.SC2Mod\Base.SC2Data\GameData\BehaviorData.xml	skipped_existing
AutomatedExtractorMorph	CBehaviorBuff	游戏数据/官方SC2原始文本镜像/campaigns/swarm.sc2campaign/base.sc2data/gamedata/behaviordata.xml	C:\Users\22448\Downloads\重生虫心0.71汉化版（新）\reborn_workrepo\合作指挥官版起义狂潮\Mods\XM\XMFinal.SC2Mod\Base.SC2Data\GameData\BehaviorData.xml	skipped_existing
BanelingExplode	CBehaviorBuff	游戏数据/官方SC2原始文本镜像/mods/starcoop/starcoop.sc2mod/base.sc2data/gamedata/behaviordata.xml	C:\Users\22448\Downloads\重生虫心0.71汉化版（新）\reborn_workrepo\合作指挥官版起义狂潮\Mods\XM\XMFinal.SC2Mod\Base.SC2Data\GameData\BehaviorData.xml	skipped_existing
BanelingExplode	CBehaviorBuff	游戏数据/官方SC2原始文本镜像/campaigns/swarm.sc2campaign/base.sc2data/gamedata/behaviordata.xml	C:\Users\22448\Downloads\重生虫心0.71汉化版（新）\reborn_workrepo\合作指挥官版起义狂潮\Mods\XM\XMFinal.SC2Mod\Base.SC2Data\GameData\BehaviorData.xml	skipped_existing
BanelingExplodeSmall	CBehaviorBuff	游戏数据/官方SC2原始文本镜像/campaigns/swarm.sc2campaign/base.sc2data/gamedata/behaviordata.xml	C:\Users\22448\Downloads\重生虫心0.71汉化版（新）\reborn_workrepo\合作指挥官版起义狂潮\Mods\XM\XMFinal.SC2Mod\Base.SC2Data\GameData\BehaviorData.xml	skipped_existing
BanelingTimedLifeHiddenBuff	CBehaviorBuff	游戏数据/官方SC2原始文本镜像/campaigns/swarm.sc2campaign/base.sc2data/gamedata/behaviordata.xml	C:\Users\22448\Downloads\重生虫心0.71汉化版（新）\reborn_workrepo\合作指挥官版起义狂潮\Mods\XM\XMFinal.SC2Mod\Base.SC2Data\GameData\BehaviorData.xml	skipped_existing
BiomassPassive	CBehaviorBuff	游戏数据/官方SC2原始文本镜像/mods/starcoop/starcoop.sc2mod/base.sc2data/gamedata/behaviordata.xml	C:\Users\22448\Downloads\重生虫心0.71汉化版（新）\reborn_workrepo\合作指挥官版起义狂潮\Mods\XM\XMFinal.SC2Mod\Base.SC2Data\GameData\BehaviorData.xml	skipped_existing
ButtonDisablerDummy	CBehaviorBuff	游戏数据/官方SC2原始文本镜像/mods/starcoop/starcoop.sc2mod/base.sc2data/gamedata/behaviordata.xml	C:\Users\22448\Downloads\重生虫心0.71汉化版（新）\reborn_workrepo\合作指挥官版起义狂潮\Mods\XM\XMFinal.SC2Mod\Base.SC2Data\GameData\BehaviorData.xml	skipped_existing
CarapaceDamageResponse	CBehaviorBuff	游戏数据/官方SC2原始文本镜像/mods/starcoop/starcoop.sc2mod/base.sc2data/gamedata/behaviordata.xml	C:\Users\22448\Downloads\重生虫心0.71汉化版（新）\reborn_workrepo\合作指挥官版起义狂潮\Mods\XM\XMFinal.SC2Mod\Base.SC2Data\GameData\BehaviorData.xml	skipped_existing
CarapaceTakenDamage	CBehaviorBuff	游戏数据/官方SC2原始文本镜像/mods/starcoop/starcoop.sc2mod/base.sc2data/gamedata/behaviordata.xml	C:\Users\22448\Downloads\重生虫心0.71汉化版（新）\reborn_workrepo\合作指挥官版起义狂潮\Mods\XM\XMFinal.SC2Mod\Base.SC2Data\GameData\BehaviorData.xml	skipped_existing
ChainReactionMarker	CBehaviorBuff	游戏数据/官方SC2原始文本镜像/campaigns/swarm.sc2campaign/base.sc2data/gamedata/behaviordata.xml	C:\Users\22448\Downloads\重生虫心0.71汉化版（新）\reborn_workrepo\合作指挥官版起义狂潮\Mods\XM\XMFinal.SC2Mod\Base.SC2Data\GameData\BehaviorData.xml	skipped_existing
ChronoBoostTarget	CBehaviorBuff	游戏数据/官方SC2原始文本镜像/mods/starcoop/starcoop.sc2mod/base.sc2data/gamedata/behaviordata.xml	C:\Users\22448\Downloads\重生虫心0.71汉化版（新）\reborn_workrepo\合作指挥官版起义狂潮\Mods\XM\XMFinal.SC2Mod\Base.SC2Data\GameData\BehaviorData.xml	skipped_existing
CommanderPrestigeKerriganAbilitiesFuryExpend	CBehaviorBuff	游戏数据/官方SC2原始文本镜像/mods/starcoop/starcoop.sc2mod/base.sc2data/gamedata/behaviordata.xml	C:\Users\22448\Downloads\重生虫心0.71汉化版（新）\reborn_workrepo\合作指挥官版起义狂潮\Mods\XM\XMFinal.SC2Mod\Base.SC2Data\GameData\BehaviorData.xml	skipped_existing
CommanderPrestigeKerriganCreepGrowth	CBehaviorCreepSource	游戏数据/官方SC2原始文本镜像/mods/starcoop/starcoop.sc2mod/base.sc2data/gamedata/behaviordata.xml	C:\Users\22448\Downloads\重生虫心0.71汉化版（新）\reborn_workrepo\合作指挥官版起义狂潮\Mods\XM\XMFinal.SC2Mod\Base.SC2Data\GameData\BehaviorData.xml	skipped_existing
COOPHeroJustRevive	CBehaviorBuff	游戏数据/官方SC2原始文本镜像/mods/starcoop/starcoop.sc2mod/base.sc2data/gamedata/behaviordata.xml	C:\Users\22448\Downloads\重生虫心0.71汉化版（新）\reborn_workrepo\合作指挥官版起义狂潮\Mods\XM\XMFinal.SC2Mod\Base.SC2Data\GameData\BehaviorData.xml	skipped_existing
CorrosiveAcid	CBehaviorBuff	游戏数据/官方SC2原始文本镜像/campaigns/swarm.sc2campaign/base.sc2data/gamedata/behaviordata.xml	C:\Users\22448\Downloads\重生虫心0.71汉化版（新）\reborn_workrepo\合作指挥官版起义狂潮\Mods\XM\XMFinal.SC2Mod\Base.SC2Data\GameData\BehaviorData.xml	skipped_existing
CreateSymbiotes	CBehaviorBuff	游戏数据/官方SC2原始文本镜像/mods/starcoop/starcoop.sc2mod/base.sc2data/gamedata/behaviordata.xml	C:\Users\22448\Downloads\重生虫心0.71汉化版（新）\reborn_workrepo\合作指挥官版起义狂潮\Mods\XM\XMFinal.SC2Mod\Base.SC2Data\GameData\BehaviorData.xml	skipped_existing
CreepFrenzy13CreepTumor	CBehaviorBuff	游戏数据/官方SC2原始文本镜像/campaigns/swarm.sc2campaign/base.sc2data/gamedata/behaviordata.xml	C:\Users\22448\Downloads\重生虫心0.71汉化版（新）\reborn_workrepo\合作指挥官版起义狂潮\Mods\XM\XMFinal.SC2Mod\Base.SC2Data\GameData\BehaviorData.xml	skipped_existing
CreepTumorExhausted	CBehaviorBuff	游戏数据/官方SC2原始文本镜像/campaigns/swarm.sc2campaign/base.sc2data/gamedata/behaviordata.xml	C:\Users\22448\Downloads\重生虫心0.71汉化版（新）\reborn_workrepo\合作指挥官版起义狂潮\Mods\XM\XMFinal.SC2Mod\Base.SC2Data\GameData\BehaviorData.xml	skipped_existing
CreepTumorVisible	CBehaviorBuff	游戏数据/官方SC2原始文本镜像/mods/starcoop/starcoop.sc2mod/base.sc2data/gamedata/behaviordata.xml	C:\Users\22448\Downloads\重生虫心0.71汉化版（新）\reborn_workrepo\合作指挥官版起义狂潮\Mods\XM\XMFinal.SC2Mod\Base.SC2Data\GameData\BehaviorData.xml	skipped_existing
DehakaJump	CBehaviorJump	游戏数据/官方SC2原始文本镜像/campaigns/swarm.sc2campaign/base.sc2data/gamedata/behaviordata.xml	C:\Users\22448\Downloads\重生虫心0.71汉化版（新）\reborn_workrepo\合作指挥官版起义狂潮\Mods\XM\XMFinal.SC2Mod\Base.SC2Data\GameData\BehaviorData.xml	skipped_existing
Drag	CBehaviorBuff	游戏数据/官方SC2原始文本镜像/campaigns/swarm.sc2campaign/base.sc2data/gamedata/behaviordata.xml	C:\Users\22448\Downloads\重生虫心0.71汉化版（新）\reborn_workrepo\合作指挥官版起义狂潮\Mods\XM\XMFinal.SC2Mod\Base.SC2Data\GameData\BehaviorData.xml	skipped_existing
EvolutionChamberQueue	CBehaviorBuff	游戏数据/官方SC2原始文本镜像/campaigns/swarm.sc2campaign/base.sc2data/gamedata/behaviordata.xml	C:\Users\22448\Downloads\重生虫心0.71汉化版（新）\reborn_workrepo\合作指挥官版起义狂潮\Mods\XM\XMFinal.SC2Mod\Base.SC2Data\GameData\BehaviorData.xml	skipped_existing
EvolveBrutaliskTimedLife	CBehaviorBuff	游戏数据/官方SC2原始文本镜像/mods/starcoop/starcoop.sc2mod/base.sc2data/gamedata/behaviordata.xml	C:\Users\22448\Downloads\重生虫心0.71汉化版（新）\reborn_workrepo\合作指挥官版起义狂潮\Mods\XM\XMFinal.SC2Mod\Base.SC2Data\GameData\BehaviorData.xml	skipped_existing
Explode	CBehaviorBuff	游戏数据/官方SC2原始文本镜像/mods/starcoop/starcoop.sc2mod/base.sc2data/gamedata/behaviordata.xml	C:\Users\22448\Downloads\重生虫心0.71汉化版（新）\reborn_workrepo\合作指挥官版起义狂潮\Mods\XM\XMFinal.SC2Mod\Base.SC2Data\GameData\BehaviorData.xml	skipped_existing
ExtractorMorph	CBehaviorBuff	游戏数据/官方SC2原始文本镜像/campaigns/swarm.sc2campaign/base.sc2data/gamedata/behaviordata.xml	C:\Users\22448\Downloads\重生虫心0.71汉化版（新）\reborn_workrepo\合作指挥官版起义狂潮\Mods\XM\XMFinal.SC2Mod\Base.SC2Data\GameData\BehaviorData.xml	skipped_existing
FuelCellPickupUnit	CBehaviorBuff	游戏数据/官方SC2原始文本镜像/mods/starcoop/starcoop.sc2mod/base.sc2data/gamedata/behaviordata.xml	C:\Users\22448\Downloads\重生虫心0.71汉化版（新）\reborn_workrepo\合作指挥官版起义狂潮\Mods\XM\XMFinal.SC2Mod\Base.SC2Data\GameData\BehaviorData.xml	skipped_existing
FungalGrowth	CBehaviorBuff	游戏数据/官方SC2原始文本镜像/mods/starcoop/starcoop.sc2mod/base.sc2data/gamedata/behaviordata.xml	C:\Users\22448\Downloads\重生虫心0.71汉化版（新）\reborn_workrepo\合作指挥官版起义狂潮\Mods\XM\XMFinal.SC2Mod\Base.SC2Data\GameData\BehaviorData.xml	skipped_existing
FungalGrowth	CBehaviorBuff	游戏数据/官方SC2原始文本镜像/campaigns/swarm.sc2campaign/base.sc2data/gamedata/behaviordata.xml	C:\Users\22448\Downloads\重生虫心0.71汉化版（新）\reborn_workrepo\合作指挥官版起义狂潮\Mods\XM\XMFinal.SC2Mod\Base.SC2Data\GameData\BehaviorData.xml	skipped_existing
GenerateCreepHealingBehavior	CBehaviorBuff	游戏数据/官方SC2原始文本镜像/mods/starcoop/starcoop.sc2mod/base.sc2data/gamedata/behaviordata.xml	C:\Users\22448\Downloads\重生虫心0.71汉化版（新）\reborn_workrepo\合作指挥官版起义狂潮\Mods\XM\XMFinal.SC2Mod\Base.SC2Data\GameData\BehaviorData.xml	skipped_existing
GreaterNydusWormAllyCreate	CBehaviorBuff	游戏数据/官方SC2原始文本镜像/mods/starcoop/starcoop.sc2mod/base.sc2data/gamedata/behaviordata.xml	C:\Users\22448\Downloads\重生虫心0.71汉化版（新）\reborn_workrepo\合作指挥官版起义狂潮\Mods\XM\XMFinal.SC2Mod\Base.SC2Data\GameData\BehaviorData.xml	skipped_existing
GreaterNydusWormConjoined	CBehaviorConjoined	游戏数据/官方SC2原始文本镜像/mods/starcoop/starcoop.sc2mod/base.sc2data/gamedata/behaviordata.xml	C:\Users\22448\Downloads\重生虫心0.71汉化版（新）\reborn_workrepo\合作指挥官版起义狂潮\Mods\XM\XMFinal.SC2Mod\Base.SC2Data\GameData\BehaviorData.xml	skipped_existing
HatcheryDoubleQueue	CBehaviorBuff	游戏数据/官方SC2原始文本镜像/mods/starcoop/starcoop.sc2mod/base.sc2data/gamedata/behaviordata.xml	C:\Users\22448\Downloads\重生虫心0.71汉化版（新）\reborn_workrepo\合作指挥官版起义狂潮\Mods\XM\XMFinal.SC2Mod\Base.SC2Data\GameData\BehaviorData.xml	skipped_existing
HatcheryLarvaDeath	CBehaviorBuff	游戏数据/官方SC2原始文本镜像/mods/starcoop/starcoop.sc2mod/base.sc2data/gamedata/behaviordata.xml	C:\Users\22448\Downloads\重生虫心0.71汉化版（新）\reborn_workrepo\合作指挥官版起义狂潮\Mods\XM\XMFinal.SC2Mod\Base.SC2Data\GameData\BehaviorData.xml	skipped_existing
HeroCCImmunity	CBehaviorBuff	游戏数据/官方SC2原始文本镜像/mods/starcoop/starcoop.sc2mod/base.sc2data/gamedata/behaviordata.xml	C:\Users\22448\Downloads\重生虫心0.71汉化版（新）\reborn_workrepo\合作指挥官版起义狂潮\Mods\XM\XMFinal.SC2Mod\Base.SC2Data\GameData\BehaviorData.xml	skipped_existing
HeroicFortitude	CBehaviorBuff	游戏数据/官方SC2原始文本镜像/mods/starcoop/starcoop.sc2mod/base.sc2data/gamedata/behaviordata.xml	C:\Users\22448\Downloads\重生虫心0.71汉化版（新）\reborn_workrepo\合作指挥官版起义狂潮\Mods\XM\XMFinal.SC2Mod\Base.SC2Data\GameData\BehaviorData.xml	skipped_existing
Hidden	CBehaviorBuff	游戏数据/官方SC2原始文本镜像/campaigns/swarm.sc2campaign/base.sc2data/gamedata/behaviordata.xml	C:\Users\22448\Downloads\重生虫心0.71汉化版（新）\reborn_workrepo\合作指挥官版起义狂潮\Mods\XM\XMFinal.SC2Mod\Base.SC2Data\GameData\BehaviorData.xml	skipped_existing
HotSBioStasis	CBehaviorBuff	游戏数据/官方SC2原始文本镜像/campaigns/swarm.sc2campaign/base.sc2data/gamedata/behaviordata.xml	C:\Users\22448\Downloads\重生虫心0.71汉化版（新）\reborn_workrepo\合作指挥官版起义狂潮\Mods\XM\XMFinal.SC2Mod\Base.SC2Data\GameData\BehaviorData.xml	skipped_existing
HotSHunterJump	CBehaviorJump	游戏数据/官方SC2原始文本镜像/campaigns/swarm.sc2campaign/base.sc2data/gamedata/behaviordata.xml	C:\Users\22448\Downloads\重生虫心0.71汉化版（新）\reborn_workrepo\合作指挥官版起义狂潮\Mods\XM\XMFinal.SC2Mod\Base.SC2Data\GameData\BehaviorData.xml	skipped_existing
HotSHunterTimedLife	CBehaviorBuff	游戏数据/官方SC2原始文本镜像/mods/starcoop/starcoop.sc2mod/base.sc2data/gamedata/behaviordata.xml	C:\Users\22448\Downloads\重生虫心0.71汉化版（新）\reborn_workrepo\合作指挥官版起义狂潮\Mods\XM\XMFinal.SC2Mod\Base.SC2Data\GameData\BehaviorData.xml	skipped_existing
HotSLeviathanWeapon1	CBehaviorBuff	游戏数据/官方SC2原始文本镜像/campaigns/swarm.sc2campaign/base.sc2data/gamedata/behaviordata.xml	C:\Users\22448\Downloads\重生虫心0.71汉化版（新）\reborn_workrepo\合作指挥官版起义狂潮\Mods\XM\XMFinal.SC2Mod\Base.SC2Data\GameData\BehaviorData.xml	skipped_existing
HotSRaptorCharging	CBehaviorBuff	游戏数据/官方SC2原始文本镜像/campaigns/swarm.sc2campaign/base.sc2data/gamedata/behaviordata.xml	C:\Users\22448\Downloads\重生虫心0.71汉化版（新）\reborn_workrepo\合作指挥官版起义狂潮\Mods\XM\XMFinal.SC2Mod\Base.SC2Data\GameData\BehaviorData.xml	skipped_existing
HotSRaptorJump	CBehaviorJump	游戏数据/官方SC2原始文本镜像/campaigns/swarm.sc2campaign/base.sc2data/gamedata/behaviordata.xml	C:\Users\22448\Downloads\重生虫心0.71汉化版（新）\reborn_workrepo\合作指挥官版起义狂潮\Mods\XM\XMFinal.SC2Mod\Base.SC2Data\GameData\BehaviorData.xml	skipped_existing
HunterLaunchDisable	CBehaviorBuff	游戏数据/官方SC2原始文本镜像/campaigns/swarm.sc2campaign/base.sc2data/gamedata/behaviordata.xml	C:\Users\22448\Downloads\重生虫心0.71汉化版（新）\reborn_workrepo\合作指挥官版起义狂潮\Mods\XM\XMFinal.SC2Mod\Base.SC2Data\GameData\BehaviorData.xml	skipped_existing
HydraliskFrenzy	CBehaviorBuff	游戏数据/官方SC2原始文本镜像/campaigns/swarm.sc2campaign/base.sc2data/gamedata/behaviordata.xml	C:\Users\22448\Downloads\重生虫心0.71汉化版（新）\reborn_workrepo\合作指挥官版起义狂潮\Mods\XM\XMFinal.SC2Mod\Base.SC2Data\GameData\BehaviorData.xml	skipped_existing
K5DropPodDelay	CBehaviorBuff	游戏数据/官方SC2原始文本镜像/campaigns/swarm.sc2campaign/base.sc2data/gamedata/behaviordata.xml	C:\Users\22448\Downloads\重生虫心0.71汉化版（新）\reborn_workrepo\合作指挥官版起义狂潮\Mods\XM\XMFinal.SC2Mod\Base.SC2Data\GameData\BehaviorData.xml	skipped_existing
K5DropPodDelay2	CBehaviorBuff	游戏数据/官方SC2原始文本镜像/campaigns/swarm.sc2campaign/base.sc2data/gamedata/behaviordata.xml	C:\Users\22448\Downloads\重生虫心0.71汉化版（新）\reborn_workrepo\合作指挥官版起义狂潮\Mods\XM\XMFinal.SC2Mod\Base.SC2Data\GameData\BehaviorData.xml	skipped_existing
K5DropPodDelay3	CBehaviorBuff	游戏数据/官方SC2原始文本镜像/campaigns/swarm.sc2campaign/base.sc2data/gamedata/behaviordata.xml	C:\Users\22448\Downloads\重生虫心0.71汉化版（新）\reborn_workrepo\合作指挥官版起义狂潮\Mods\XM\XMFinal.SC2Mod\Base.SC2Data\GameData\BehaviorData.xml	skipped_existing
K5DropPodDelay4	CBehaviorBuff	游戏数据/官方SC2原始文本镜像/campaigns/swarm.sc2campaign/base.sc2data/gamedata/behaviordata.xml	C:\Users\22448\Downloads\重生虫心0.71汉化版（新）\reborn_workrepo\合作指挥官版起义狂潮\Mods\XM\XMFinal.SC2Mod\Base.SC2Data\GameData\BehaviorData.xml	skipped_existing
K5DropPodDelay5	CBehaviorBuff	游戏数据/官方SC2原始文本镜像/campaigns/swarm.sc2campaign/base.sc2data/gamedata/behaviordata.xml	C:\Users\22448\Downloads\重生虫心0.71汉化版（新）\reborn_workrepo\合作指挥官版起义狂潮\Mods\XM\XMFinal.SC2Mod\Base.SC2Data\GameData\BehaviorData.xml	skipped_existing
K5DroppodPlacementRemove	CBehaviorBuff	游戏数据/官方SC2原始文本镜像/campaigns/swarm.sc2campaign/base.sc2data/gamedata/behaviordata.xml	C:\Users\22448\Downloads\重生虫心0.71汉化版（新）\reborn_workrepo\合作指挥官版起义狂潮\Mods\XM\XMFinal.SC2Mod\Base.SC2Data\GameData\BehaviorData.xml	skipped_existing
K5InfestBroodlings	CBehaviorBuff	游戏数据/官方SC2原始文本镜像/campaigns/swarm.sc2campaign/base.sc2data/gamedata/behaviordata.xml	C:\Users\22448\Downloads\重生虫心0.71汉化版（新）\reborn_workrepo\合作指挥官版起义狂潮\Mods\XM\XMFinal.SC2Mod\Base.SC2Data\GameData\BehaviorData.xml	skipped_existing
K5KerriganBurrowedDisabler	CBehaviorBuff	游戏数据/官方SC2原始文本镜像/mods/starcoop/starcoop.sc2mod/base.sc2data/gamedata/behaviordata.xml	C:\Users\22448\Downloads\重生虫心0.71汉化版（新）\reborn_workrepo\合作指挥官版起义狂潮\Mods\XM\XMFinal.SC2Mod\Base.SC2Data\GameData\BehaviorData.xml	skipped_existing
K5KerriganBurrowedDisabler	CBehaviorBuff	游戏数据/官方SC2原始文本镜像/campaigns/swarm.sc2campaign/base.sc2data/gamedata/behaviordata.xml	C:\Users\22448\Downloads\重生虫心0.71汉化版（新）\reborn_workrepo\合作指挥官版起义狂潮\Mods\XM\XMFinal.SC2Mod\Base.SC2Data\GameData\BehaviorData.xml	skipped_existing
KerriganAbilityEfficiency	CBehaviorBuff	游戏数据/官方SC2原始文本镜像/campaigns/swarm.sc2campaign/base.sc2data/gamedata/behaviordata.xml	C:\Users\22448\Downloads\重生虫心0.71汉化版（新）\reborn_workrepo\合作指挥官版起义狂潮\Mods\XM\XMFinal.SC2Mod\Base.SC2Data\GameData\BehaviorData.xml	skipped_existing
KerriganAssimilation	CBehaviorBuff	游戏数据/官方SC2原始文本镜像/mods/starcoop/starcoop.sc2mod/base.sc2data/gamedata/behaviordata.xml	C:\Users\22448\Downloads\重生虫心0.71汉化版（新）\reborn_workrepo\合作指挥官版起义狂潮\Mods\XM\XMFinal.SC2Mod\Base.SC2Data\GameData\BehaviorData.xml	skipped_existing
KerriganAssimilationLifesteal	CBehaviorBuff	游戏数据/官方SC2原始文本镜像/mods/starcoop/starcoop.sc2mod/base.sc2data/gamedata/behaviordata.xml	C:\Users\22448\Downloads\重生虫心0.71汉化版（新）\reborn_workrepo\合作指挥官版起义狂潮\Mods\XM\XMFinal.SC2Mod\Base.SC2Data\GameData\BehaviorData.xml	skipped_existing
KerriganBanelingTimedLife	CBehaviorBuff	游戏数据/官方SC2原始文本镜像/campaigns/swarm.sc2campaign/base.sc2data/gamedata/behaviordata.xml	C:\Users\22448\Downloads\重生虫心0.71汉化版（新）\reborn_workrepo\合作指挥官版起义狂潮\Mods\XM\XMFinal.SC2Mod\Base.SC2Data\GameData\BehaviorData.xml	skipped_existing
KerriganBeamOfDeath	CBehaviorBuff	游戏数据/官方SC2原始文本镜像/campaigns/swarm.sc2campaign/base.sc2data/gamedata/behaviordata.xml	C:\Users\22448\Downloads\重生虫心0.71汉化版（新）\reborn_workrepo\合作指挥官版起义狂潮\Mods\XM\XMFinal.SC2Mod\Base.SC2Data\GameData\BehaviorData.xml	skipped_existing
KerriganDoorBeamOfDeath	CBehaviorBuff	游戏数据/官方SC2原始文本镜像/campaigns/swarm.sc2campaign/base.sc2data/gamedata/behaviordata.xml	C:\Users\22448\Downloads\重生虫心0.71汉化版（新）\reborn_workrepo\合作指挥官版起义狂潮\Mods\XM\XMFinal.SC2Mod\Base.SC2Data\GameData\BehaviorData.xml	skipped_existing
KerriganEnhanceBeam	CBehaviorBuff	游戏数据/官方SC2原始文本镜像/campaigns/swarm.sc2campaign/base.sc2data/gamedata/behaviordata.xml	C:\Users\22448\Downloads\重生虫心0.71汉化版（新）\reborn_workrepo\合作指挥官版起义狂潮\Mods\XM\XMFinal.SC2Mod\Base.SC2Data\GameData\BehaviorData.xml	skipped_existing
KerriganInfestBroodlingTimedLife	CBehaviorBuff	游戏数据/官方SC2原始文本镜像/campaigns/swarm.sc2campaign/base.sc2data/gamedata/behaviordata.xml	C:\Users\22448\Downloads\重生虫心0.71汉化版（新）\reborn_workrepo\合作指挥官版起义狂潮\Mods\XM\XMFinal.SC2Mod\Base.SC2Data\GameData\BehaviorData.xml	skipped_existing
KerriganLeviathanTimedLife	CBehaviorBuff	游戏数据/官方SC2原始文本镜像/mods/starcoop/starcoop.sc2mod/base.sc2data/gamedata/behaviordata.xml	C:\Users\22448\Downloads\重生虫心0.71汉化版（新）\reborn_workrepo\合作指挥官版起义狂潮\Mods\XM\XMFinal.SC2Mod\Base.SC2Data\GameData\BehaviorData.xml	skipped_existing
KerriganLeviathanTimedLife	CBehaviorBuff	游戏数据/官方SC2原始文本镜像/campaigns/swarm.sc2campaign/base.sc2data/gamedata/behaviordata.xml	C:\Users\22448\Downloads\重生虫心0.71汉化版（新）\reborn_workrepo\合作指挥官版起义狂潮\Mods\XM\XMFinal.SC2Mod\Base.SC2Data\GameData\BehaviorData.xml	skipped_existing
KerriganMaelstrom	CBehaviorBuff	游戏数据/官方SC2原始文本镜像/mods/starcoop/starcoop.sc2mod/base.sc2data/gamedata/behaviordata.xml	C:\Users\22448\Downloads\重生虫心0.71汉化版（新）\reborn_workrepo\合作指挥官版起义狂潮\Mods\XM\XMFinal.SC2Mod\Base.SC2Data\GameData\BehaviorData.xml	skipped_existing
KerriganPrimalRage1	CBehaviorBuff	游戏数据/官方SC2原始文本镜像/mods/starcoop/starcoop.sc2mod/base.sc2data/gamedata/behaviordata.xml	C:\Users\22448\Downloads\重生虫心0.71汉化版（新）\reborn_workrepo\合作指挥官版起义狂潮\Mods\XM\XMFinal.SC2Mod\Base.SC2Data\GameData\BehaviorData.xml	skipped_existing
KerriganPrimalRage1	CBehaviorBuff	游戏数据/官方SC2原始文本镜像/campaigns/swarm.sc2campaign/base.sc2data/gamedata/behaviordata.xml	C:\Users\22448\Downloads\重生虫心0.71汉化版（新）\reborn_workrepo\合作指挥官版起义狂潮\Mods\XM\XMFinal.SC2Mod\Base.SC2Data\GameData\BehaviorData.xml	skipped_existing
KerriganPrimalRage2	CBehaviorBuff	游戏数据/官方SC2原始文本镜像/mods/starcoop/starcoop.sc2mod/base.sc2data/gamedata/behaviordata.xml	C:\Users\22448\Downloads\重生虫心0.71汉化版（新）\reborn_workrepo\合作指挥官版起义狂潮\Mods\XM\XMFinal.SC2Mod\Base.SC2Data\GameData\BehaviorData.xml	skipped_existing
KerriganPrimalRage2	CBehaviorBuff	游戏数据/官方SC2原始文本镜像/campaigns/swarm.sc2campaign/base.sc2data/gamedata/behaviordata.xml	C:\Users\22448\Downloads\重生虫心0.71汉化版（新）\reborn_workrepo\合作指挥官版起义狂潮\Mods\XM\XMFinal.SC2Mod\Base.SC2Data\GameData\BehaviorData.xml	skipped_existing
KerriganPrimalRage3	CBehaviorBuff	游戏数据/官方SC2原始文本镜像/mods/starcoop/starcoop.sc2mod/base.sc2data/gamedata/behaviordata.xml	C:\Users\22448\Downloads\重生虫心0.71汉化版（新）\reborn_workrepo\合作指挥官版起义狂潮\Mods\XM\XMFinal.SC2Mod\Base.SC2Data\GameData\BehaviorData.xml	skipped_existing
KerriganPrimalRage3	CBehaviorBuff	游戏数据/官方SC2原始文本镜像/campaigns/swarm.sc2campaign/base.sc2data/gamedata/behaviordata.xml	C:\Users\22448\Downloads\重生虫心0.71汉化版（新）\reborn_workrepo\合作指挥官版起义狂潮\Mods\XM\XMFinal.SC2Mod\Base.SC2Data\GameData\BehaviorData.xml	skipped_existing
KerriganPrimalRage4	CBehaviorBuff	游戏数据/官方SC2原始文本镜像/mods/starcoop/starcoop.sc2mod/base.sc2data/gamedata/behaviordata.xml	C:\Users\22448\Downloads\重生虫心0.71汉化版（新）\reborn_workrepo\合作指挥官版起义狂潮\Mods\XM\XMFinal.SC2Mod\Base.SC2Data\GameData\BehaviorData.xml	skipped_existing
KerriganPrimalRage4	CBehaviorBuff	游戏数据/官方SC2原始文本镜像/campaigns/swarm.sc2campaign/base.sc2data/gamedata/behaviordata.xml	C:\Users\22448\Downloads\重生虫心0.71汉化版（新）\reborn_workrepo\合作指挥官版起义狂潮\Mods\XM\XMFinal.SC2Mod\Base.SC2Data\GameData\BehaviorData.xml	skipped_existing
KerriganPrimalRage5	CBehaviorBuff	游戏数据/官方SC2原始文本镜像/mods/starcoop/starcoop.sc2mod/base.sc2data/gamedata/behaviordata.xml	C:\Users\22448\Downloads\重生虫心0.71汉化版（新）\reborn_workrepo\合作指挥官版起义狂潮\Mods\XM\XMFinal.SC2Mod\Base.SC2Data\GameData\BehaviorData.xml	skipped_existing
KerriganPrimalRage5	CBehaviorBuff	游戏数据/官方SC2原始文本镜像/campaigns/swarm.sc2campaign/base.sc2data/gamedata/behaviordata.xml	C:\Users\22448\Downloads\重生虫心0.71汉化版（新）\reborn_workrepo\合作指挥官版起义狂潮\Mods\XM\XMFinal.SC2Mod\Base.SC2Data\GameData\BehaviorData.xml	skipped_existing
KerriganPsiStrikeDamaged	CBehaviorBuff	游戏数据/官方SC2原始文本镜像/campaigns/swarm.sc2campaign/base.sc2data/gamedata/behaviordata.xml	C:\Users\22448\Downloads\重生虫心0.71汉化版（新）\reborn_workrepo\合作指挥官版起义狂潮\Mods\XM\XMFinal.SC2Mod\Base.SC2Data\GameData\BehaviorData.xml	skipped_existing
KerriganUnburrowedDummy	CBehaviorBuff	游戏数据/官方SC2原始文本镜像/campaigns/swarm.sc2campaign/base.sc2data/gamedata/behaviordata.xml	C:\Users\22448\Downloads\重生虫心0.71汉化版（新）\reborn_workrepo\合作指挥官版起义狂潮\Mods\XM\XMFinal.SC2Mod\Base.SC2Data\GameData\BehaviorData.xml	skipped_existing
KerriganVeterancyDummy	CBehaviorVeterancy	游戏数据/官方SC2原始文本镜像/campaigns/swarm.sc2campaign/base.sc2data/gamedata/behaviordata.xml	C:\Users\22448\Downloads\重生虫心0.71汉化版（新）\reborn_workrepo\合作指挥官版起义狂潮\Mods\XM\XMFinal.SC2Mod\Base.SC2Data\GameData\BehaviorData.xml	skipped_existing
KerriganVoidCoopCrushingGripWaveStun	CBehaviorBuff	游戏数据/官方SC2原始文本镜像/mods/starcoop/starcoop.sc2mod/base.sc2data/gamedata/behaviordata.xml	C:\Users\22448\Downloads\重生虫心0.71汉化版（新）\reborn_workrepo\合作指挥官版起义狂潮\Mods\XM\XMFinal.SC2Mod\Base.SC2Data\GameData\BehaviorData.xml	skipped_existing
KerriganVoidCoopEconDrop	CBehaviorBuff	游戏数据/官方SC2原始文本镜像/mods/starcoop/starcoop.sc2mod/base.sc2data/gamedata/behaviordata.xml	C:\Users\22448\Downloads\重生虫心0.71汉化版（新）\reborn_workrepo\合作指挥官版起义狂潮\Mods\XM\XMFinal.SC2Mod\Base.SC2Data\GameData\BehaviorData.xml	skipped_existing
KerriganVoidCoopEconDropCaster	CBehaviorBuff	游戏数据/官方SC2原始文本镜像/mods/starcoop/starcoop.sc2mod/base.sc2data/gamedata/behaviordata.xml	C:\Users\22448\Downloads\重生虫心0.71汉化版（新）\reborn_workrepo\合作指挥官版起义狂潮\Mods\XM\XMFinal.SC2Mod\Base.SC2Data\GameData\BehaviorData.xml	skipped_existing
KorhalSporeCannonRegen	CBehaviorBuff	游戏数据/官方SC2原始文本镜像/campaigns/swarm.sc2campaign/base.sc2data/gamedata/behaviordata.xml	C:\Users\22448\Downloads\重生虫心0.71汉化版（新）\reborn_workrepo\合作指挥官版起义狂潮\Mods\XM\XMFinal.SC2Mod\Base.SC2Data\GameData\BehaviorData.xml	skipped_existing
LocustCreeperStun	CBehaviorBuff	游戏数据/官方SC2原始文本镜像/campaigns/swarm.sc2campaign/base.sc2data/gamedata/behaviordata.xml	C:\Users\22448\Downloads\重生虫心0.71汉化版（新）\reborn_workrepo\合作指挥官版起义狂潮\Mods\XM\XMFinal.SC2Mod\Base.SC2Data\GameData\BehaviorData.xml	skipped_existing
LocustLaunchDisabled	CBehaviorBuff	游戏数据/官方SC2原始文本镜像/campaigns/swarm.sc2campaign/base.sc2data/gamedata/behaviordata.xml	C:\Users\22448\Downloads\重生虫心0.71汉化版（新）\reborn_workrepo\合作指挥官版起义狂潮\Mods\XM\XMFinal.SC2Mod\Base.SC2Data\GameData\BehaviorData.xml	skipped_existing
LocustStun	CBehaviorBuff	游戏数据/官方SC2原始文本镜像/campaigns/swarm.sc2campaign/base.sc2data/gamedata/behaviordata.xml	C:\Users\22448\Downloads\重生虫心0.71汉化版（新）\reborn_workrepo\合作指挥官版起义狂潮\Mods\XM\XMFinal.SC2Mod\Base.SC2Data\GameData\BehaviorData.xml	skipped_existing
makeCreep4x4	CBehaviorCreepSource	游戏数据/官方SC2原始文本镜像/mods/starcoop/starcoop.sc2mod/base.sc2data/gamedata/behaviordata.xml	C:\Users\22448\Downloads\重生虫心0.71汉化版（新）\reborn_workrepo\合作指挥官版起义狂潮\Mods\XM\XMFinal.SC2Mod\Base.SC2Data\GameData\BehaviorData.xml	skipped_existing
makeCreep4x4	CBehaviorCreepSource	游戏数据/官方SC2原始文本镜像/campaigns/swarm.sc2campaign/base.sc2data/gamedata/behaviordata.xml	C:\Users\22448\Downloads\重生虫心0.71汉化版（新）\reborn_workrepo\合作指挥官版起义狂潮\Mods\XM\XMFinal.SC2Mod\Base.SC2Data\GameData\BehaviorData.xml	skipped_existing
makeCreep4x4Enhanced	CBehaviorCreepSource	游戏数据/官方SC2原始文本镜像/campaigns/swarm.sc2campaign/base.sc2data/gamedata/behaviordata.xml	C:\Users\22448\Downloads\重生虫心0.71汉化版（新）\reborn_workrepo\合作指挥官版起义狂潮\Mods\XM\XMFinal.SC2Mod\Base.SC2Data\GameData\BehaviorData.xml	skipped_existing
makeCreep8x6	CBehaviorCreepSource	游戏数据/官方SC2原始文本镜像/campaigns/swarm.sc2campaign/base.sc2data/gamedata/behaviordata.xml	C:\Users\22448\Downloads\重生虫心0.71汉化版（新）\reborn_workrepo\合作指挥官版起义狂潮\Mods\XM\XMFinal.SC2Mod\Base.SC2Data\GameData\BehaviorData.xml	skipped_existing
makeCreep8x6Enhanced	CBehaviorCreepSource	游戏数据/官方SC2原始文本镜像/campaigns/swarm.sc2campaign/base.sc2data/gamedata/behaviordata.xml	C:\Users\22448\Downloads\重生虫心0.71汉化版（新）\reborn_workrepo\合作指挥官版起义狂潮\Mods\XM\XMFinal.SC2Mod\Base.SC2Data\GameData\BehaviorData.xml	skipped_existing
MakeCreepSwarmHost	CBehaviorCreepSource	游戏数据/官方SC2原始文本镜像/campaigns/swarm.sc2campaign/base.sc2data/gamedata/behaviordata.xml	C:\Users\22448\Downloads\重生虫心0.71汉化版（新）\reborn_workrepo\合作指挥官版起义狂潮\Mods\XM\XMFinal.SC2Mod\Base.SC2Data\GameData\BehaviorData.xml	skipped_existing
MasteryZagaraZerglingDodgeChance	CBehaviorBuff	游戏数据/官方SC2原始文本镜像/mods/starcoop/starcoop.sc2mod/base.sc2data/gamedata/behaviordata.xml	C:\Users\22448\Downloads\重生虫心0.71汉化版（新）\reborn_workrepo\合作指挥官版起义狂潮\Mods\XM\XMFinal.SC2Mod\Base.SC2Data\GameData\BehaviorData.xml	skipped_existing
MutatorWorkerSleep	CBehaviorBuff	游戏数据/官方SC2原始文本镜像/mods/starcoop/starcoop.sc2mod/base.sc2data/gamedata/behaviordata.xml	C:\Users\22448\Downloads\重生虫心0.71汉化版（新）\reborn_workrepo\合作指挥官版起义狂潮\Mods\XM\XMFinal.SC2Mod\Base.SC2Data\GameData\BehaviorData.xml	skipped_existing
NeuralParasite	CBehaviorBuff	游戏数据/官方SC2原始文本镜像/mods/starcoop/starcoop.sc2mod/base.sc2data/gamedata/behaviordata.xml	C:\Users\22448\Downloads\重生虫心0.71汉化版（新）\reborn_workrepo\合作指挥官版起义狂潮\Mods\XM\XMFinal.SC2Mod\Base.SC2Data\GameData\BehaviorData.xml	skipped_existing
NeuralParasite	CBehaviorBuff	游戏数据/官方SC2原始文本镜像/campaigns/swarm.sc2campaign/base.sc2data/gamedata/behaviordata.xml	C:\Users\22448\Downloads\重生虫心0.71汉化版（新）\reborn_workrepo\合作指挥官版起义狂潮\Mods\XM\XMFinal.SC2Mod\Base.SC2Data\GameData\BehaviorData.xml	skipped_existing
NoBiomassDrop	CBehaviorBuff	游戏数据/官方SC2原始文本镜像/mods/starcoop/starcoop.sc2mod/base.sc2data/gamedata/behaviordata.xml	C:\Users\22448\Downloads\重生虫心0.71汉化版（新）\reborn_workrepo\合作指挥官版起义狂潮\Mods\XM\XMFinal.SC2Mod\Base.SC2Data\GameData\BehaviorData.xml	skipped_existing
NoScrapDrop	CBehaviorBuff	游戏数据/官方SC2原始文本镜像/mods/starcoop/starcoop.sc2mod/base.sc2data/gamedata/behaviordata.xml	C:\Users\22448\Downloads\重生虫心0.71汉化版（新）\reborn_workrepo\合作指挥官版起义狂潮\Mods\XM\XMFinal.SC2Mod\Base.SC2Data\GameData\BehaviorData.xml	skipped_existing
NoxiousCreep	CBehaviorBuff	游戏数据/官方SC2原始文本镜像/campaigns/swarm.sc2campaign/base.sc2data/gamedata/behaviordata.xml	C:\Users\22448\Downloads\重生虫心0.71汉化版（新）\reborn_workrepo\合作指挥官版起义狂潮\Mods\XM\XMFinal.SC2Mod\Base.SC2Data\GameData\BehaviorData.xml	skipped_existing
NoxiousDamageAura	CBehaviorBuff	游戏数据/官方SC2原始文本镜像/campaigns/swarm.sc2campaign/base.sc2data/gamedata/behaviordata.xml	C:\Users\22448\Downloads\重生虫心0.71汉化版（新）\reborn_workrepo\合作指挥官版起义狂潮\Mods\XM\XMFinal.SC2Mod\Base.SC2Data\GameData\BehaviorData.xml	skipped_existing
NPSwarm	CBehaviorBuff	游戏数据/官方SC2原始文本镜像/campaigns/swarm.sc2campaign/base.sc2data/gamedata/behaviordata.xml	C:\Users\22448\Downloads\重生虫心0.71汉化版（新）\reborn_workrepo\合作指挥官版起义狂潮\Mods\XM\XMFinal.SC2Mod\Base.SC2Data\GameData\BehaviorData.xml	skipped_existing
NydusNetworkAllyCreate	CBehaviorBuff	游戏数据/官方SC2原始文本镜像/mods/starcoop/starcoop.sc2mod/base.sc2data/gamedata/behaviordata.xml	C:\Users\22448\Downloads\重生虫心0.71汉化版（新）\reborn_workrepo\合作指挥官版起义狂潮\Mods\XM\XMFinal.SC2Mod\Base.SC2Data\GameData\BehaviorData.xml	skipped_existing
NydusNetworkConjoined	CBehaviorConjoined	游戏数据/官方SC2原始文本镜像/mods/starcoop/starcoop.sc2mod/base.sc2data/gamedata/behaviordata.xml	C:\Users\22448\Downloads\重生虫心0.71汉化版（新）\reborn_workrepo\合作指挥官版起义狂潮\Mods\XM\XMFinal.SC2Mod\Base.SC2Data\GameData\BehaviorData.xml	skipped_existing
NydusWormAllyCreate	CBehaviorBuff	游戏数据/官方SC2原始文本镜像/mods/starcoop/starcoop.sc2mod/base.sc2data/gamedata/behaviordata.xml	C:\Users\22448\Downloads\重生虫心0.71汉化版（新）\reborn_workrepo\合作指挥官版起义狂潮\Mods\XM\XMFinal.SC2Mod\Base.SC2Data\GameData\BehaviorData.xml	skipped_existing
NydusWormConjoined	CBehaviorConjoined	游戏数据/官方SC2原始文本镜像/mods/starcoop/starcoop.sc2mod/base.sc2data/gamedata/behaviordata.xml	C:\Users\22448\Downloads\重生虫心0.71汉化版（新）\reborn_workrepo\合作指挥官版起义狂潮\Mods\XM\XMFinal.SC2Mod\Base.SC2Data\GameData\BehaviorData.xml	skipped_existing
PowerUserWarpableAnywhere	CBehaviorPowerUser	游戏数据/官方SC2原始文本镜像/mods/starcoop/starcoop.sc2mod/base.sc2data/gamedata/behaviordata.xml	C:\Users\22448\Downloads\重生虫心0.71汉化版（新）\reborn_workrepo\合作指挥官版起义狂潮\Mods\XM\XMFinal.SC2Mod\Base.SC2Data\GameData\BehaviorData.xml	skipped_existing
PrimalHealBig	CBehaviorBuff	游戏数据/官方SC2原始文本镜像/campaigns/swarm.sc2campaign/base.sc2data/gamedata/behaviordata.xml	C:\Users\22448\Downloads\重生虫心0.71汉化版（新）\reborn_workrepo\合作指挥官版起义狂潮\Mods\XM\XMFinal.SC2Mod\Base.SC2Data\GameData\BehaviorData.xml	skipped_existing
PrimalHealSmall	CBehaviorBuff	游戏数据/官方SC2原始文本镜像/campaigns/swarm.sc2campaign/base.sc2data/gamedata/behaviordata.xml	C:\Users\22448\Downloads\重生虫心0.71汉化版（新）\reborn_workrepo\合作指挥官版起义狂潮\Mods\XM\XMFinal.SC2Mod\Base.SC2Data\GameData\BehaviorData.xml	skipped_existing
PrimalSlash	CBehaviorBuff	游戏数据/官方SC2原始文本镜像/campaigns/swarm.sc2campaign/base.sc2data/gamedata/behaviordata.xml	C:\Users\22448\Downloads\重生虫心0.71汉化版（新）\reborn_workrepo\合作指挥官版起义狂潮\Mods\XM\XMFinal.SC2Mod\Base.SC2Data\GameData\BehaviorData.xml	skipped_existing
PsionicLift	CBehaviorBuff	游戏数据/官方SC2原始文本镜像/campaigns/swarm.sc2campaign/base.sc2data/gamedata/behaviordata.xml	C:\Users\22448\Downloads\重生虫心0.71汉化版（新）\reborn_workrepo\合作指挥官版起义狂潮\Mods\XM\XMFinal.SC2Mod\Base.SC2Data\GameData\BehaviorData.xml	skipped_existing
PsionicLiftController	CBehaviorBuff	游戏数据/官方SC2原始文本镜像/mods/starcoop/starcoop.sc2mod/base.sc2data/gamedata/behaviordata.xml	C:\Users\22448\Downloads\重生虫心0.71汉化版（新）\reborn_workrepo\合作指挥官版起义狂潮\Mods\XM\XMFinal.SC2Mod\Base.SC2Data\GameData\BehaviorData.xml	skipped_existing
PsionicLiftDamage	CBehaviorBuff	游戏数据/官方SC2原始文本镜像/campaigns/swarm.sc2campaign/base.sc2data/gamedata/behaviordata.xml	C:\Users\22448\Downloads\重生虫心0.71汉化版（新）\reborn_workrepo\合作指挥官版起义狂潮\Mods\XM\XMFinal.SC2Mod\Base.SC2Data\GameData\BehaviorData.xml	skipped_existing
PsionicLiftDoT	CBehaviorBuff	游戏数据/官方SC2原始文本镜像/mods/starcoop/starcoop.sc2mod/base.sc2data/gamedata/behaviordata.xml	C:\Users\22448\Downloads\重生虫心0.71汉化版（新）\reborn_workrepo\合作指挥官版起义狂潮\Mods\XM\XMFinal.SC2Mod\Base.SC2Data\GameData\BehaviorData.xml	skipped_existing
PsionicLiftFlier	CBehaviorBuff	游戏数据/官方SC2原始文本镜像/campaigns/swarm.sc2campaign/base.sc2data/gamedata/behaviordata.xml	C:\Users\22448\Downloads\重生虫心0.71汉化版（新）\reborn_workrepo\合作指挥官版起义狂潮\Mods\XM\XMFinal.SC2Mod\Base.SC2Data\GameData\BehaviorData.xml	skipped_existing
PsionicLiftRaise	CBehaviorBuff	游戏数据/官方SC2原始文本镜像/campaigns/swarm.sc2campaign/base.sc2data/gamedata/behaviordata.xml	C:\Users\22448\Downloads\重生虫心0.71汉化版（新）\reborn_workrepo\合作指挥官版起义狂潮\Mods\XM\XMFinal.SC2Mod\Base.SC2Data\GameData\BehaviorData.xml	skipped_existing
PsiStrikeAbort	CBehaviorBuff	游戏数据/官方SC2原始文本镜像/campaigns/swarm.sc2campaign/base.sc2data/gamedata/behaviordata.xml	C:\Users\22448\Downloads\重生虫心0.71汉化版（新）\reborn_workrepo\合作指挥官版起义狂潮\Mods\XM\XMFinal.SC2Mod\Base.SC2Data\GameData\BehaviorData.xml	skipped_existing
PsiStrikeSpeed	CBehaviorBuff	游戏数据/官方SC2原始文本镜像/campaigns/swarm.sc2campaign/base.sc2data/gamedata/behaviordata.xml	C:\Users\22448\Downloads\重生虫心0.71汉化版（新）\reborn_workrepo\合作指挥官版起义狂潮\Mods\XM\XMFinal.SC2Mod\Base.SC2Data\GameData\BehaviorData.xml	skipped_existing
PsiStrikeWalkSpeed	CBehaviorBuff	游戏数据/官方SC2原始文本镜像/mods/starcoop/starcoop.sc2mod/base.sc2data/gamedata/behaviordata.xml	C:\Users\22448\Downloads\重生虫心0.71汉化版（新）\reborn_workrepo\合作指挥官版起义狂潮\Mods\XM\XMFinal.SC2Mod\Base.SC2Data\GameData\BehaviorData.xml	skipped_existing
PsiStrikeWalkSpeed	CBehaviorBuff	游戏数据/官方SC2原始文本镜像/campaigns/swarm.sc2campaign/base.sc2data/gamedata/behaviordata.xml	C:\Users\22448\Downloads\重生虫心0.71汉化版（新）\reborn_workrepo\合作指挥官版起义狂潮\Mods\XM\XMFinal.SC2Mod\Base.SC2Data\GameData\BehaviorData.xml	skipped_existing
QueenBurstHeal	CBehaviorBuff	游戏数据/官方SC2原始文本镜像/campaigns/swarm.sc2campaign/base.sc2data/gamedata/behaviordata.xml	C:\Users\22448\Downloads\重生虫心0.71汉化版（新）\reborn_workrepo\合作指挥官版起义狂潮\Mods\XM\XMFinal.SC2Mod\Base.SC2Data\GameData\BehaviorData.xml	skipped_existing
RaynorMedicSafeguard	CBehaviorBuff	游戏数据/官方SC2原始文本镜像/mods/starcoop/starcoop.sc2mod/base.sc2data/gamedata/behaviordata.xml	C:\Users\22448\Downloads\重生虫心0.71汉化版（新）\reborn_workrepo\合作指挥官版起义狂潮\Mods\XM\XMFinal.SC2Mod\Base.SC2Data\GameData\BehaviorData.xml	skipped_existing
RoachCorpser	CBehaviorBuff	游戏数据/官方SC2原始文本镜像/campaigns/swarm.sc2campaign/base.sc2data/gamedata/behaviordata.xml	C:\Users\22448\Downloads\重生虫心0.71汉化版（新）\reborn_workrepo\合作指挥官版起义狂潮\Mods\XM\XMFinal.SC2Mod\Base.SC2Data\GameData\BehaviorData.xml	skipped_existing
RoachRegenDummy	CBehaviorBuff	游戏数据/官方SC2原始文本镜像/campaigns/swarm.sc2campaign/base.sc2data/gamedata/behaviordata.xml	C:\Users\22448\Downloads\重生虫心0.71汉化版（新）\reborn_workrepo\合作指挥官版起义狂潮\Mods\XM\XMFinal.SC2Mod\Base.SC2Data\GameData\BehaviorData.xml	skipped_existing
RoachShield	CBehaviorBuff	游戏数据/官方SC2原始文本镜像/mods/starcoop/starcoop.sc2mod/base.sc2data/gamedata/behaviordata.xml	C:\Users\22448\Downloads\重生虫心0.71汉化版（新）\reborn_workrepo\合作指挥官版起义狂潮\Mods\XM\XMFinal.SC2Mod\Base.SC2Data\GameData\BehaviorData.xml	skipped_existing
RoachShield	CBehaviorBuff	游戏数据/官方SC2原始文本镜像/campaigns/swarm.sc2campaign/base.sc2data/gamedata/behaviordata.xml	C:\Users\22448\Downloads\重生虫心0.71汉化版（新）\reborn_workrepo\合作指挥官版起义狂潮\Mods\XM\XMFinal.SC2Mod\Base.SC2Data\GameData\BehaviorData.xml	skipped_existing
SIQueenFungalGrowth	CBehaviorBuff	游戏数据/官方SC2原始文本镜像/mods/starcoop/starcoop.sc2mod/base.sc2data/gamedata/behaviordata.xml	C:\Users\22448\Downloads\重生虫心0.71汉化版（新）\reborn_workrepo\合作指挥官版起义狂潮\Mods\XM\XMFinal.SC2Mod\Base.SC2Data\GameData\BehaviorData.xml	skipped_existing
SIVolatileInfestedDeathPreExplode	CBehaviorBuff	游戏数据/官方SC2原始文本镜像/mods/starcoop/starcoop.sc2mod/base.sc2data/gamedata/behaviordata.xml	C:\Users\22448\Downloads\重生虫心0.71汉化版（新）\reborn_workrepo\合作指挥官版起义狂潮\Mods\XM\XMFinal.SC2Mod\Base.SC2Data\GameData\BehaviorData.xml	skipped_existing
StukovArmorAura	CBehaviorBuff	游戏数据/官方SC2原始文本镜像/campaigns/swarm.sc2campaign/base.sc2data/gamedata/behaviordata.xml	C:\Users\22448\Downloads\重生虫心0.71汉化版（新）\reborn_workrepo\合作指挥官版起义狂潮\Mods\XM\XMFinal.SC2Mod\Base.SC2Data\GameData\BehaviorData.xml	skipped_existing
StukovCrystalChannel	CBehaviorBuff	游戏数据/官方SC2原始文本镜像/campaigns/swarm.sc2campaign/base.sc2data/gamedata/behaviordata.xml	C:\Users\22448\Downloads\重生虫心0.71汉化版（新）\reborn_workrepo\合作指挥官版起义狂潮\Mods\XM\XMFinal.SC2Mod\Base.SC2Data\GameData\BehaviorData.xml	skipped_existing
StukovInfestedCivilianSpawnBroodlingOnDeath	CBehaviorBuff	游戏数据/官方SC2原始文本镜像/mods/starcoop/starcoop.sc2mod/base.sc2data/gamedata/behaviordata.xml	C:\Users\22448\Downloads\重生虫心0.71汉化版（新）\reborn_workrepo\合作指挥官版起义狂潮\Mods\XM\XMFinal.SC2Mod\Base.SC2Data\GameData\BehaviorData.xml	skipped_existing
StukovInfestedTerranBirth	CBehaviorBuff	游戏数据/官方SC2原始文本镜像/campaigns/swarm.sc2campaign/base.sc2data/gamedata/behaviordata.xml	C:\Users\22448\Downloads\重生虫心0.71汉化版（新）\reborn_workrepo\合作指挥官版起义狂潮\Mods\XM\XMFinal.SC2Mod\Base.SC2Data\GameData\BehaviorData.xml	skipped_existing
StukovRegenAura	CBehaviorBuff	游戏数据/官方SC2原始文本镜像/campaigns/swarm.sc2campaign/base.sc2data/gamedata/behaviordata.xml	C:\Users\22448\Downloads\重生虫心0.71汉化版（新）\reborn_workrepo\合作指挥官版起义狂潮\Mods\XM\XMFinal.SC2Mod\Base.SC2Data\GameData\BehaviorData.xml	skipped_existing
SupplyLT1	CBehaviorBuff	游戏数据/官方SC2原始文本镜像/mods/starcoop/starcoop.sc2mod/base.sc2data/gamedata/behaviordata.xml	C:\Users\22448\Downloads\重生虫心0.71汉化版（新）\reborn_workrepo\合作指挥官版起义狂潮\Mods\XM\XMFinal.SC2Mod\Base.SC2Data\GameData\BehaviorData.xml	skipped_existing
SwarmHostCreep	CBehaviorCreepSource	游戏数据/官方SC2原始文本镜像/campaigns/swarm.sc2campaign/base.sc2data/gamedata/behaviordata.xml	C:\Users\22448\Downloads\重生虫心0.71汉化版（新）\reborn_workrepo\合作指挥官版起义狂潮\Mods\XM\XMFinal.SC2Mod\Base.SC2Data\GameData\BehaviorData.xml	skipped_existing
SwarmHostEggAnimation	CBehaviorBuff	游戏数据/官方SC2原始文本镜像/campaigns/swarm.sc2campaign/base.sc2data/gamedata/behaviordata.xml	C:\Users\22448\Downloads\重生虫心0.71汉化版（新）\reborn_workrepo\合作指挥官版起义狂潮\Mods\XM\XMFinal.SC2Mod\Base.SC2Data\GameData\BehaviorData.xml	skipped_existing
SwarmHostPressurizedGlands	CBehaviorBuff	游戏数据/官方SC2原始文本镜像/campaigns/swarm.sc2campaign/base.sc2data/gamedata/behaviordata.xml	C:\Users\22448\Downloads\重生虫心0.71汉化版（新）\reborn_workrepo\合作指挥官版起义狂潮\Mods\XM\XMFinal.SC2Mod\Base.SC2Data\GameData\BehaviorData.xml	skipped_existing
SwarmQueenParasiticInvasion	CBehaviorBuff	游戏数据/官方SC2原始文本镜像/campaigns/swarm.sc2campaign/base.sc2data/gamedata/behaviordata.xml	C:\Users\22448\Downloads\重生虫心0.71汉化版（新）\reborn_workrepo\合作指挥官版起义狂潮\Mods\XM\XMFinal.SC2Mod\Base.SC2Data\GameData\BehaviorData.xml	skipped_existing
SwarmQueenRegenAura	CBehaviorBuff	游戏数据/官方SC2原始文本镜像/campaigns/swarm.sc2campaign/base.sc2data/gamedata/behaviordata.xml	C:\Users\22448\Downloads\重生虫心0.71汉化版（新）\reborn_workrepo\合作指挥官版起义狂潮\Mods\XM\XMFinal.SC2Mod\Base.SC2Data\GameData\BehaviorData.xml	skipped_existing
SymbioteCarapace	CBehaviorBuff	游戏数据/官方SC2原始文本镜像/mods/starcoop/starcoop.sc2mod/base.sc2data/gamedata/behaviordata.xml	C:\Users\22448\Downloads\重生虫心0.71汉化版（新）\reborn_workrepo\合作指挥官版起义狂潮\Mods\XM\XMFinal.SC2Mod\Base.SC2Data\GameData\BehaviorData.xml	skipped_existing
SymbioteRecall	CBehaviorBuff	游戏数据/官方SC2原始文本镜像/mods/starcoop/starcoop.sc2mod/base.sc2data/gamedata/behaviordata.xml	C:\Users\22448\Downloads\重生虫心0.71汉化版（新）\reborn_workrepo\合作指挥官版起义狂潮\Mods\XM\XMFinal.SC2Mod\Base.SC2Data\GameData\BehaviorData.xml	skipped_existing
TimeStopHaste	CBehaviorBuff	游戏数据/官方SC2原始文本镜像/mods/starcoop/starcoop.sc2mod/base.sc2data/gamedata/behaviordata.xml	C:\Users\22448\Downloads\重生虫心0.71汉化版（新）\reborn_workrepo\合作指挥官版起义狂潮\Mods\XM\XMFinal.SC2Mod\Base.SC2Data\GameData\BehaviorData.xml	skipped_existing
TorrasqueDontDie	CBehaviorBuff	游戏数据/官方SC2原始文本镜像/campaigns/swarm.sc2campaign/base.sc2data/gamedata/behaviordata.xml	C:\Users\22448\Downloads\重生虫心0.71汉化版（新）\reborn_workrepo\合作指挥官版起义狂潮\Mods\XM\XMFinal.SC2Mod\Base.SC2Data\GameData\BehaviorData.xml	skipped_existing
TorrasqueTimerBehavior	CBehaviorBuff	游戏数据/官方SC2原始文本镜像/mods/starcoop/starcoop.sc2mod/base.sc2data/gamedata/behaviordata.xml	C:\Users\22448\Downloads\重生虫心0.71汉化版（新）\reborn_workrepo\合作指挥官版起义狂潮\Mods\XM\XMFinal.SC2Mod\Base.SC2Data\GameData\BehaviorData.xml	skipped_existing
TorrasqueTimerBehavior	CBehaviorBuff	游戏数据/官方SC2原始文本镜像/campaigns/swarm.sc2campaign/base.sc2data/gamedata/behaviordata.xml	C:\Users\22448\Downloads\重生虫心0.71汉化版（新）\reborn_workrepo\合作指挥官版起义狂潮\Mods\XM\XMFinal.SC2Mod\Base.SC2Data\GameData\BehaviorData.xml	skipped_existing
TriggerInheritsParentBuffs	CBehaviorBuff	游戏数据/官方SC2原始文本镜像/mods/starcoop/starcoop.sc2mod/base.sc2data/gamedata/behaviordata.xml	C:\Users\22448\Downloads\重生虫心0.71汉化版（新）\reborn_workrepo\合作指挥官版起义狂潮\Mods\XM\XMFinal.SC2Mod\Base.SC2Data\GameData\BehaviorData.xml	skipped_existing
UltraliskOutOfCombat1	CBehaviorBuff	游戏数据/官方SC2原始文本镜像/campaigns/swarm.sc2campaign/base.sc2data/gamedata/behaviordata.xml	C:\Users\22448\Downloads\重生虫心0.71汉化版（新）\reborn_workrepo\合作指挥官版起义狂潮\Mods\XM\XMFinal.SC2Mod\Base.SC2Data\GameData\BehaviorData.xml	skipped_existing
VolatileBurstBuilding	CBehaviorBuff	游戏数据/官方SC2原始文本镜像/mods/starcoop/starcoop.sc2mod/base.sc2data/gamedata/behaviordata.xml	C:\Users\22448\Downloads\重生虫心0.71汉化版（新）\reborn_workrepo\合作指挥官版起义狂潮\Mods\XM\XMFinal.SC2Mod\Base.SC2Data\GameData\BehaviorData.xml	skipped_existing
VolatileBurstBuilding	CBehaviorBuff	游戏数据/官方SC2原始文本镜像/mods/starcoop/commanders/egonstetmann.sc2mod/base.sc2data/gamedata/behaviordata.xml	C:\Users\22448\Downloads\重生虫心0.71汉化版（新）\reborn_workrepo\合作指挥官版起义狂潮\Mods\XM\XMFinal.SC2Mod\Base.SC2Data\GameData\BehaviorData.xml	skipped_existing
VolatileBurstBuilding	CBehaviorBuff	游戏数据/官方SC2原始文本镜像/campaigns/swarm.sc2campaign/base.sc2data/gamedata/behaviordata.xml	C:\Users\22448\Downloads\重生虫心0.71汉化版（新）\reborn_workrepo\合作指挥官版起义狂潮\Mods\XM\XMFinal.SC2Mod\Base.SC2Data\GameData\BehaviorData.xml	skipped_existing
VorazunCloakDamageBoostPermanentUltraliskBurrowCharge	CBehaviorBuff	游戏数据/官方SC2原始文本镜像/mods/starcoop/starcoop.sc2mod/base.sc2data/gamedata/behaviordata.xml	C:\Users\22448\Downloads\重生虫心0.71汉化版（新）\reborn_workrepo\合作指挥官版起义狂潮\Mods\XM\XMFinal.SC2Mod\Base.SC2Data\GameData\BehaviorData.xml	skipped_existing
WildMutation	CBehaviorBuff	游戏数据/官方SC2原始文本镜像/campaigns/swarm.sc2campaign/base.sc2data/gamedata/behaviordata.xml	C:\Users\22448\Downloads\重生虫心0.71汉化版（新）\reborn_workrepo\合作指挥官版起义狂潮\Mods\XM\XMFinal.SC2Mod\Base.SC2Data\GameData\BehaviorData.xml	skipped_existing
ZagaraOwned	CBehaviorBuff	游戏数据/官方SC2原始文本镜像/mods/starcoop/starcoop.sc2mod/base.sc2data/gamedata/behaviordata.xml	C:\Users\22448\Downloads\重生虫心0.71汉化版（新）\reborn_workrepo\合作指挥官版起义狂潮\Mods\XM\XMFinal.SC2Mod\Base.SC2Data\GameData\BehaviorData.xml	skipped_existing
ZagaraVoidCoopAberrationBanelingIncubationBirthHeight	CBehaviorBuff	游戏数据/官方SC2原始文本镜像/mods/starcoop/starcoop.sc2mod/base.sc2data/gamedata/behaviordata.xml	C:\Users\22448\Downloads\重生虫心0.71汉化版（新）\reborn_workrepo\合作指挥官版起义狂潮\Mods\XM\XMFinal.SC2Mod\Base.SC2Data\GameData\BehaviorData.xml	skipped_existing
ZerglingRespawnDeath	CBehaviorBuff	游戏数据/官方SC2原始文本镜像/campaigns/swarm.sc2campaign/base.sc2data/gamedata/behaviordata.xml	C:\Users\22448\Downloads\重生虫心0.71汉化版（新）\reborn_workrepo\合作指挥官版起义狂潮\Mods\XM\XMFinal.SC2Mod\Base.SC2Data\GameData\BehaviorData.xml	skipped_existing
ZerglingRespawnPrimary	CBehaviorBuff	游戏数据/官方SC2原始文本镜像/mods/starcoop/starcoop.sc2mod/base.sc2data/gamedata/behaviordata.xml	C:\Users\22448\Downloads\重生虫心0.71汉化版（新）\reborn_workrepo\合作指挥官版起义狂潮\Mods\XM\XMFinal.SC2Mod\Base.SC2Data\GameData\BehaviorData.xml	skipped_existing
ZerglingRespawnPrimary	CBehaviorBuff	游戏数据/官方SC2原始文本镜像/campaigns/swarm.sc2campaign/base.sc2data/gamedata/behaviordata.xml	C:\Users\22448\Downloads\重生虫心0.71汉化版（新）\reborn_workrepo\合作指挥官版起义狂潮\Mods\XM\XMFinal.SC2Mod\Base.SC2Data\GameData\BehaviorData.xml	skipped_existing
AbathurBrutaliskLeviathanSymbiote	CButton	游戏数据/官方SC2原始文本镜像/mods/starcoop/starcoop.sc2mod/base.sc2data/gamedata/buttondata.xml	C:\Users\22448\Downloads\重生虫心0.71汉化版（新）\reborn_workrepo\合作指挥官版起义狂潮\Mods\XM\XMFinal.SC2Mod\Base.SC2Data\GameData\ButtonData.xml	skipped_existing
AbathurBrutaliskLeviathanSymbioteLocked	CButton	游戏数据/官方SC2原始文本镜像/mods/starcoop/starcoop.sc2mod/base.sc2data/gamedata/buttondata.xml	C:\Users\22448\Downloads\重生虫心0.71汉化版（新）\reborn_workrepo\合作指挥官版起义狂潮\Mods\XM\XMFinal.SC2Mod\Base.SC2Data\GameData\ButtonData.xml	skipped_existing
AbathurDeepTunnel	CButton	游戏数据/官方SC2原始文本镜像/mods/starcoop/starcoop.sc2mod/base.sc2data/gamedata/buttondata.xml	C:\Users\22448\Downloads\重生虫心0.71汉化版（新）\reborn_workrepo\合作指挥官版起义狂潮\Mods\XM\XMFinal.SC2Mod\Base.SC2Data\GameData\ButtonData.xml	skipped_existing
AbathurSpawningPool	CButton	游戏数据/官方SC2原始文本镜像/mods/starcoop/starcoop.sc2mod/base.sc2data/gamedata/buttondata.xml	C:\Users\22448\Downloads\重生虫心0.71汉化版（新）\reborn_workrepo\合作指挥官版起义狂潮\Mods\XM\XMFinal.SC2Mod\Base.SC2Data\GameData\ButtonData.xml	skipped_existing
AberrationBanelingIncubationLocked	CButton	游戏数据/官方SC2原始文本镜像/mods/starcoop/starcoop.sc2mod/base.sc2data/gamedata/buttondata.xml	C:\Users\22448\Downloads\重生虫心0.71汉化版（新）\reborn_workrepo\合作指挥官版起义狂潮\Mods\XM\XMFinal.SC2Mod\Base.SC2Data\GameData\ButtonData.xml	skipped_existing
AberrationPassive	CButton	游戏数据/官方SC2原始文本镜像/campaigns/swarm.sc2campaign/base.sc2data/gamedata/buttondata.xml	C:\Users\22448\Downloads\重生虫心0.71汉化版（新）\reborn_workrepo\合作指挥官版起义狂潮\Mods\XM\XMFinal.SC2Mod\Base.SC2Data\GameData\ButtonData.xml	skipped_existing
AberrationProtectiveCover	CButton	游戏数据/官方SC2原始文本镜像/mods/starcoop/starcoop.sc2mod/base.sc2data/gamedata/buttondata.xml	C:\Users\22448\Downloads\重生虫心0.71汉化版（新）\reborn_workrepo\合作指挥官版起义狂潮\Mods\XM\XMFinal.SC2Mod\Base.SC2Data\GameData\ButtonData.xml	skipped_existing
AberrationTowering	CButton	游戏数据/官方SC2原始文本镜像/campaigns/swarm.sc2campaign/base.sc2data/gamedata/buttondata.xml	C:\Users\22448\Downloads\重生虫心0.71汉化版（新）\reborn_workrepo\合作指挥官版起义狂潮\Mods\XM\XMFinal.SC2Mod\Base.SC2Data\GameData\ButtonData.xml	skipped_existing
AncillaryCarapaceHydralisk	CButton	游戏数据/官方SC2原始文本镜像/campaigns/swarm.sc2campaign/base.sc2data/gamedata/buttondata.xml	C:\Users\22448\Downloads\重生虫心0.71汉化版（新）\reborn_workrepo\合作指挥官版起义狂潮\Mods\XM\XMFinal.SC2Mod\Base.SC2Data\GameData\ButtonData.xml	skipped_existing
Apocalypse	CButton	游戏数据/官方SC2原始文本镜像/campaigns/swarm.sc2campaign/base.sc2data/gamedata/buttondata.xml	C:\Users\22448\Downloads\重生虫心0.71汉化版（新）\reborn_workrepo\合作指挥官版起义狂潮\Mods\XM\XMFinal.SC2Mod\Base.SC2Data\GameData\ButtonData.xml	skipped_existing
AutomatedExtractor	CButton	游戏数据/官方SC2原始文本镜像/campaigns/swarm.sc2campaign/base.sc2data/gamedata/buttondata.xml	C:\Users\22448\Downloads\重生虫心0.71汉化版（新）\reborn_workrepo\合作指挥官版起义狂潮\Mods\XM\XMFinal.SC2Mod\Base.SC2Data\GameData\ButtonData.xml	skipped_existing
BanelingCorrosiveBile	CButton	游戏数据/官方SC2原始文本镜像/campaigns/swarm.sc2campaign/base.sc2data/gamedata/buttondata.xml	C:\Users\22448\Downloads\重生虫心0.71汉化版（新）\reborn_workrepo\合作指挥官版起义狂潮\Mods\XM\XMFinal.SC2Mod\Base.SC2Data\GameData\ButtonData.xml	skipped_existing
BanelingHeal	CButton	游戏数据/官方SC2原始文本镜像/campaigns/swarm.sc2campaign/base.sc2data/gamedata/buttondata.xml	C:\Users\22448\Downloads\重生虫心0.71汉化版（新）\reborn_workrepo\合作指挥官版起义狂潮\Mods\XM\XMFinal.SC2Mod\Base.SC2Data\GameData\ButtonData.xml	skipped_existing
BanelingHealSmall	CButton	游戏数据/官方SC2原始文本镜像/campaigns/swarm.sc2campaign/base.sc2data/gamedata/buttondata.xml	C:\Users\22448\Downloads\重生虫心0.71汉化版（新）\reborn_workrepo\合作指挥官版起义狂潮\Mods\XM\XMFinal.SC2Mod\Base.SC2Data\GameData\ButtonData.xml	skipped_existing
BanelingHunterPassive	CButton	游戏数据/官方SC2原始文本镜像/campaigns/swarm.sc2campaign/base.sc2data/gamedata/buttondata.xml	C:\Users\22448\Downloads\重生虫心0.71汉化版（新）\reborn_workrepo\合作指挥官版起义狂潮\Mods\XM\XMFinal.SC2Mod\Base.SC2Data\GameData\ButtonData.xml	skipped_existing
BanelingPassive	CButton	游戏数据/官方SC2原始文本镜像/campaigns/swarm.sc2campaign/base.sc2data/gamedata/buttondata.xml	C:\Users\22448\Downloads\重生虫心0.71汉化版（新）\reborn_workrepo\合作指挥官版起义狂潮\Mods\XM\XMFinal.SC2Mod\Base.SC2Data\GameData\ButtonData.xml	skipped_existing
BanelingSplitterlingPassive	CButton	游戏数据/官方SC2原始文本镜像/campaigns/swarm.sc2campaign/base.sc2data/gamedata/buttondata.xml	C:\Users\22448\Downloads\重生虫心0.71汉化版（新）\reborn_workrepo\合作指挥官版起义狂潮\Mods\XM\XMFinal.SC2Mod\Base.SC2Data\GameData\ButtonData.xml	skipped_existing
BanelingSplitterlingSplitPassive	CButton	游戏数据/官方SC2原始文本镜像/campaigns/swarm.sc2campaign/base.sc2data/gamedata/buttondata.xml	C:\Users\22448\Downloads\重生虫心0.71汉化版（新）\reborn_workrepo\合作指挥官版起义狂潮\Mods\XM\XMFinal.SC2Mod\Base.SC2Data\GameData\ButtonData.xml	skipped_existing
BiomassPassive	CButton	游戏数据/官方SC2原始文本镜像/mods/starcoop/starcoop.sc2mod/base.sc2data/gamedata/buttondata.xml	C:\Users\22448\Downloads\重生虫心0.71汉化版（新）\reborn_workrepo\合作指挥官版起义狂潮\Mods\XM\XMFinal.SC2Mod\Base.SC2Data\GameData\ButtonData.xml	skipped_existing
BiomassPassiveArmor	CButton	游戏数据/官方SC2原始文本镜像/mods/starcoop/starcoop.sc2mod/base.sc2data/gamedata/buttondata.xml	C:\Users\22448\Downloads\重生虫心0.71汉化版（新）\reborn_workrepo\合作指挥官版起义狂潮\Mods\XM\XMFinal.SC2Mod\Base.SC2Data\GameData\ButtonData.xml	skipped_existing
BiomassPassiveEmpty	CButton	游戏数据/官方SC2原始文本镜像/mods/starcoop/starcoop.sc2mod/base.sc2data/gamedata/buttondata.xml	C:\Users\22448\Downloads\重生虫心0.71汉化版（新）\reborn_workrepo\合作指挥官版起义狂潮\Mods\XM\XMFinal.SC2Mod\Base.SC2Data\GameData\ButtonData.xml	skipped_existing
BiomassPassiveEnergy	CButton	游戏数据/官方SC2原始文本镜像/mods/starcoop/starcoop.sc2mod/base.sc2data/gamedata/buttondata.xml	C:\Users\22448\Downloads\重生虫心0.71汉化版（新）\reborn_workrepo\合作指挥官版起义狂潮\Mods\XM\XMFinal.SC2Mod\Base.SC2Data\GameData\ButtonData.xml	skipped_existing
BioMechanicalTransfusion	CButton	游戏数据/官方SC2原始文本镜像/mods/starcoop/starcoop.sc2mod/base.sc2data/gamedata/buttondata.xml	C:\Users\22448\Downloads\重生虫心0.71汉化版（新）\reborn_workrepo\合作指挥官版起义狂潮\Mods\XM\XMFinal.SC2Mod\Base.SC2Data\GameData\ButtonData.xml	skipped_existing
BioMechanicalTransfusionPassive	CButton	游戏数据/官方SC2原始文本镜像/mods/starcoop/starcoop.sc2mod/base.sc2data/gamedata/buttondata.xml	C:\Users\22448\Downloads\重生虫心0.71汉化版（新）\reborn_workrepo\合作指挥官版起义狂潮\Mods\XM\XMFinal.SC2Mod\Base.SC2Data\GameData\ButtonData.xml	skipped_existing
BroodLordPassive	CButton	游戏数据/官方SC2原始文本镜像/campaigns/swarm.sc2campaign/base.sc2data/gamedata/buttondata.xml	C:\Users\22448\Downloads\重生虫心0.71汉化版（新）\reborn_workrepo\合作指挥官版起义狂潮\Mods\XM\XMFinal.SC2Mod\Base.SC2Data\GameData\ButtonData.xml	skipped_existing
BroodMother	CButton	游戏数据/官方SC2原始文本镜像/campaigns/swarm.sc2campaign/base.sc2data/gamedata/buttondata.xml	C:\Users\22448\Downloads\重生虫心0.71汉化版（新）\reborn_workrepo\合作指挥官版起义狂潮\Mods\XM\XMFinal.SC2Mod\Base.SC2Data\GameData\ButtonData.xml	skipped_existing
Brutalisk	CButton	游戏数据/官方SC2原始文本镜像/mods/starcoop/starcoop.sc2mod/base.sc2data/gamedata/buttondata.xml	C:\Users\22448\Downloads\重生虫心0.71汉化版（新）\reborn_workrepo\合作指挥官版起义狂潮\Mods\XM\XMFinal.SC2Mod\Base.SC2Data\GameData\ButtonData.xml	skipped_existing
BrutaliskDeepTunnel	CButton	游戏数据/官方SC2原始文本镜像/mods/starcoop/starcoop.sc2mod/base.sc2data/gamedata/buttondata.xml	C:\Users\22448\Downloads\重生虫心0.71汉化版（新）\reborn_workrepo\合作指挥官版起义狂潮\Mods\XM\XMFinal.SC2Mod\Base.SC2Data\GameData\ButtonData.xml	skipped_existing
BuildBileLauncherLocked	CButton	游戏数据/官方SC2原始文本镜像/mods/starcoop/starcoop.sc2mod/base.sc2data/gamedata/buttondata.xml	C:\Users\22448\Downloads\重生虫心0.71汉化版（新）\reborn_workrepo\合作指挥官版起义狂潮\Mods\XM\XMFinal.SC2Mod\Base.SC2Data\GameData\ButtonData.xml	skipped_existing
BuildKorhalSporeCannon	CButton	游戏数据/官方SC2原始文本镜像/campaigns/swarm.sc2campaign/base.sc2data/gamedata/buttondata.xml	C:\Users\22448\Downloads\重生虫心0.71汉化版（新）\reborn_workrepo\合作指挥官版起义狂潮\Mods\XM\XMFinal.SC2Mod\Base.SC2Data\GameData\ButtonData.xml	skipped_existing
BuildLurkerLocked	CButton	游戏数据/官方SC2原始文本镜像/mods/starcoop/starcoop.sc2mod/base.sc2data/gamedata/buttondata.xml	C:\Users\22448\Downloads\重生虫心0.71汉化版（新）\reborn_workrepo\合作指挥官版起义狂潮\Mods\XM\XMFinal.SC2Mod\Base.SC2Data\GameData\ButtonData.xml	skipped_existing
BurrowChargeCampaign	CButton	游戏数据/官方SC2原始文本镜像/campaigns/swarm.sc2campaign/base.sc2data/gamedata/buttondata.xml	C:\Users\22448\Downloads\重生虫心0.71汉化版（新）\reborn_workrepo\合作指挥官版起义狂潮\Mods\XM\XMFinal.SC2Mod\Base.SC2Data\GameData\ButtonData.xml	skipped_existing
BurrowChargeCampaignNoxious	CButton	游戏数据/官方SC2原始文本镜像/campaigns/swarm.sc2campaign/base.sc2data/gamedata/buttondata.xml	C:\Users\22448\Downloads\重生虫心0.71汉化版（新）\reborn_workrepo\合作指挥官版起义狂潮\Mods\XM\XMFinal.SC2Mod\Base.SC2Data\GameData\ButtonData.xml	skipped_existing
BurrowChargeLocked	CButton	游戏数据/官方SC2原始文本镜像/mods/starcoop/starcoop.sc2mod/base.sc2data/gamedata/buttondata.xml	C:\Users\22448\Downloads\重生虫心0.71汉化版（新）\reborn_workrepo\合作指挥官版起义狂潮\Mods\XM\XMFinal.SC2Mod\Base.SC2Data\GameData\ButtonData.xml	skipped_existing
BurrowSurge	CButton	游戏数据/官方SC2原始文本镜像/campaigns/swarm.sc2campaign/base.sc2data/gamedata/buttondata.xml	C:\Users\22448\Downloads\重生虫心0.71汉化版（新）\reborn_workrepo\合作指挥官版起义狂潮\Mods\XM\XMFinal.SC2Mod\Base.SC2Data\GameData\ButtonData.xml	skipped_existing
BurrowSwarmHost	CButton	游戏数据/官方SC2原始文本镜像/campaigns/swarm.sc2campaign/base.sc2data/gamedata/buttondata.xml	C:\Users\22448\Downloads\重生虫心0.71汉化版（新）\reborn_workrepo\合作指挥官版起义狂潮\Mods\XM\XMFinal.SC2Mod\Base.SC2Data\GameData\ButtonData.xml	skipped_existing
ChainReaction	CButton	游戏数据/官方SC2原始文本镜像/campaigns/swarm.sc2campaign/base.sc2data/gamedata/buttondata.xml	C:\Users\22448\Downloads\重生虫心0.71汉化版（新）\reborn_workrepo\合作指挥官版起义狂潮\Mods\XM\XMFinal.SC2Mod\Base.SC2Data\GameData\ButtonData.xml	skipped_existing
Charge	CButton	游戏数据/官方SC2原始文本镜像/mods/starcoop/starcoop.sc2mod/base.sc2data/gamedata/buttondata.xml	C:\Users\22448\Downloads\重生虫心0.71汉化版（新）\reborn_workrepo\合作指挥官版起义狂潮\Mods\XM\XMFinal.SC2Mod\Base.SC2Data\GameData\ButtonData.xml	skipped_existing
CommanderPrestigeAbathurBrutaliskLocked	CButton	游戏数据/官方SC2原始文本镜像/mods/starcoop/starcoop.sc2mod/base.sc2data/gamedata/buttondata.xml	C:\Users\22448\Downloads\重生虫心0.71汉化版（新）\reborn_workrepo\合作指挥官版起义狂潮\Mods\XM\XMFinal.SC2Mod\Base.SC2Data\GameData\ButtonData.xml	skipped_existing
CommanderPrestigeKerriganNydusWormBuildLocked	CButton	游戏数据/官方SC2原始文本镜像/mods/starcoop/starcoop.sc2mod/base.sc2data/gamedata/buttondata.xml	C:\Users\22448\Downloads\重生虫心0.71汉化版（新）\reborn_workrepo\合作指挥官版起义狂潮\Mods\XM\XMFinal.SC2Mod\Base.SC2Data\GameData\ButtonData.xml	skipped_existing
CommanderPrestigeZagaraBirthingChamberLocked	CButton	游戏数据/官方SC2原始文本镜像/mods/starcoop/starcoop.sc2mod/base.sc2data/gamedata/buttondata.xml	C:\Users\22448\Downloads\重生虫心0.71汉化版（新）\reborn_workrepo\合作指挥官版起义狂潮\Mods\XM\XMFinal.SC2Mod\Base.SC2Data\GameData\ButtonData.xml	skipped_existing
CommanderPrestigeZagaraHeroicFortitudeResearchLocked	CButton	游戏数据/官方SC2原始文本镜像/mods/starcoop/starcoop.sc2mod/base.sc2data/gamedata/buttondata.xml	C:\Users\22448\Downloads\重生虫心0.71汉化版（新）\reborn_workrepo\合作指挥官版起义狂潮\Mods\XM\XMFinal.SC2Mod\Base.SC2Data\GameData\ButtonData.xml	skipped_existing
CommanderPrestigeZagaraMaxSupplyScourgeSpawn	CButton	游戏数据/官方SC2原始文本镜像/mods/starcoop/starcoop.sc2mod/base.sc2data/gamedata/buttondata.xml	C:\Users\22448\Downloads\重生虫心0.71汉化版（新）\reborn_workrepo\合作指挥官版起义狂潮\Mods\XM\XMFinal.SC2Mod\Base.SC2Data\GameData\ButtonData.xml	skipped_existing
CommanderPrestigeZagaraMedusaBladesResearchLocked	CButton	游戏数据/官方SC2原始文本镜像/mods/starcoop/starcoop.sc2mod/base.sc2data/gamedata/buttondata.xml	C:\Users\22448\Downloads\重生虫心0.71汉化版（新）\reborn_workrepo\合作指挥官版起义狂潮\Mods\XM\XMFinal.SC2Mod\Base.SC2Data\GameData\ButtonData.xml	skipped_existing
CorpserPassive	CButton	游戏数据/官方SC2原始文本镜像/campaigns/swarm.sc2campaign/base.sc2data/gamedata/buttondata.xml	C:\Users\22448\Downloads\重生虫心0.71汉化版（新）\reborn_workrepo\合作指挥官版起义狂潮\Mods\XM\XMFinal.SC2Mod\Base.SC2Data\GameData\ButtonData.xml	skipped_existing
CorrosiveAcidDevourer	CButton	游戏数据/官方SC2原始文本镜像/mods/starcoop/starcoop.sc2mod/base.sc2data/gamedata/buttondata.xml	C:\Users\22448\Downloads\重生虫心0.71汉化版（新）\reborn_workrepo\合作指挥官版起义狂潮\Mods\XM\XMFinal.SC2Mod\Base.SC2Data\GameData\ButtonData.xml	skipped_existing
CorruptorPassive	CButton	游戏数据/官方SC2原始文本镜像/mods/starcoop/starcoop.sc2mod/base.sc2data/gamedata/buttondata.xml	C:\Users\22448\Downloads\重生虫心0.71汉化版（新）\reborn_workrepo\合作指挥官版起义狂潮\Mods\XM\XMFinal.SC2Mod\Base.SC2Data\GameData\ButtonData.xml	skipped_existing
CreateSymbiotes	CButton	游戏数据/官方SC2原始文本镜像/mods/starcoop/starcoop.sc2mod/base.sc2data/gamedata/buttondata.xml	C:\Users\22448\Downloads\重生虫心0.71汉化版（新）\reborn_workrepo\合作指挥官版起义狂潮\Mods\XM\XMFinal.SC2Mod\Base.SC2Data\GameData\ButtonData.xml	skipped_existing
CreepColony	CButton	游戏数据/官方SC2原始文本镜像/mods/starcoop/starcoop.sc2mod/base.sc2data/gamedata/buttondata.xml	C:\Users\22448\Downloads\重生虫心0.71汉化版（新）\reborn_workrepo\合作指挥官版起义狂潮\Mods\XM\XMFinal.SC2Mod\Base.SC2Data\GameData\ButtonData.xml	skipped_existing
CreepTumorPassive	CButton	游戏数据/官方SC2原始文本镜像/campaigns/swarm.sc2campaign/base.sc2data/gamedata/buttondata.xml	C:\Users\22448\Downloads\重生虫心0.71汉化版（新）\reborn_workrepo\合作指挥官版起义狂潮\Mods\XM\XMFinal.SC2Mod\Base.SC2Data\GameData\ButtonData.xml	skipped_existing
DeepBurrow	CButton	游戏数据/官方SC2原始文本镜像/campaigns/swarm.sc2campaign/base.sc2data/gamedata/buttondata.xml	C:\Users\22448\Downloads\重生虫心0.71汉化版（新）\reborn_workrepo\合作指挥官版起义狂潮\Mods\XM\XMFinal.SC2Mod\Base.SC2Data\GameData\ButtonData.xml	skipped_existing
DeepTunnelLocked	CButton	游戏数据/官方SC2原始文本镜像/mods/starcoop/starcoop.sc2mod/base.sc2data/gamedata/buttondata.xml	C:\Users\22448\Downloads\重生虫心0.71汉化版（新）\reborn_workrepo\合作指挥官版起义狂潮\Mods\XM\XMFinal.SC2Mod\Base.SC2Data\GameData\ButtonData.xml	skipped_existing
DefilerPassive	CButton	游戏数据/官方SC2原始文本镜像/mods/starcoop/starcoop.sc2mod/base.sc2data/gamedata/buttondata.xml	C:\Users\22448\Downloads\重生虫心0.71汉化版（新）\reborn_workrepo\合作指挥官版起义狂潮\Mods\XM\XMFinal.SC2Mod\Base.SC2Data\GameData\ButtonData.xml	skipped_existing
Dehaka	CButton	游戏数据/官方SC2原始文本镜像/campaigns/swarm.sc2campaign/base.sc2data/gamedata/buttondata.xml	C:\Users\22448\Downloads\重生虫心0.71汉化版（新）\reborn_workrepo\合作指挥官版起义狂潮\Mods\XM\XMFinal.SC2Mod\Base.SC2Data\GameData\ButtonData.xml	skipped_existing
DehakaCliffJumper	CButton	游戏数据/官方SC2原始文本镜像/campaigns/swarm.sc2campaign/base.sc2data/gamedata/buttondata.xml	C:\Users\22448\Downloads\重生虫心0.71汉化版（新）\reborn_workrepo\合作指挥官版起义狂潮\Mods\XM\XMFinal.SC2Mod\Base.SC2Data\GameData\ButtonData.xml	skipped_existing
DehakaHeal	CButton	游戏数据/官方SC2原始文本镜像/campaigns/swarm.sc2campaign/base.sc2data/gamedata/buttondata.xml	C:\Users\22448\Downloads\重生虫心0.71汉化版（新）\reborn_workrepo\合作指挥官版起义狂潮\Mods\XM\XMFinal.SC2Mod\Base.SC2Data\GameData\ButtonData.xml	skipped_existing
DehakaMirrorImage	CButton	游戏数据/官方SC2原始文本镜像/campaigns/swarm.sc2campaign/base.sc2data/gamedata/buttondata.xml	C:\Users\22448\Downloads\重生虫心0.71汉化版（新）\reborn_workrepo\合作指挥官版起义狂潮\Mods\XM\XMFinal.SC2Mod\Base.SC2Data\GameData\ButtonData.xml	skipped_existing
DehakaMirrorImageCliffJumper	CButton	游戏数据/官方SC2原始文本镜像/campaigns/swarm.sc2campaign/base.sc2data/gamedata/buttondata.xml	C:\Users\22448\Downloads\重生虫心0.71汉化版（新）\reborn_workrepo\合作指挥官版起义狂潮\Mods\XM\XMFinal.SC2Mod\Base.SC2Data\GameData\ButtonData.xml	skipped_existing
DevastatingShot	CButton	游戏数据/官方SC2原始文本镜像/campaigns/swarm.sc2campaign/base.sc2data/gamedata/buttondata.xml	C:\Users\22448\Downloads\重生虫心0.71汉化版（新）\reborn_workrepo\合作指挥官版起义狂潮\Mods\XM\XMFinal.SC2Mod\Base.SC2Data\GameData\ButtonData.xml	skipped_existing
DevourerPassive	CButton	游戏数据/官方SC2原始文本镜像/mods/starcoop/starcoop.sc2mod/base.sc2data/gamedata/buttondata.xml	C:\Users\22448\Downloads\重生虫心0.71汉化版（新）\reborn_workrepo\合作指挥官版起义狂潮\Mods\XM\XMFinal.SC2Mod\Base.SC2Data\GameData\ButtonData.xml	skipped_existing
DisableBuildingAttackSplitterling	CButton	游戏数据/官方SC2原始文本镜像/campaigns/swarm.sc2campaign/base.sc2data/gamedata/buttondata.xml	C:\Users\22448\Downloads\重生虫心0.71汉化版（新）\reborn_workrepo\合作指挥官版起义狂潮\Mods\XM\XMFinal.SC2Mod\Base.SC2Data\GameData\ButtonData.xml	skipped_existing
DisableBuildingAttackVolatileInfested	CButton	游戏数据/官方SC2原始文本镜像/mods/starcoop/starcoop.sc2mod/base.sc2data/gamedata/buttondata.xml	C:\Users\22448\Downloads\重生虫心0.71汉化版（新）\reborn_workrepo\合作指挥官版起义狂潮\Mods\XM\XMFinal.SC2Mod\Base.SC2Data\GameData\ButtonData.xml	skipped_existing
Drag	CButton	游戏数据/官方SC2原始文本镜像/campaigns/swarm.sc2campaign/base.sc2data/gamedata/buttondata.xml	C:\Users\22448\Downloads\重生虫心0.71汉化版（新）\reborn_workrepo\合作指挥官版起义狂潮\Mods\XM\XMFinal.SC2Mod\Base.SC2Data\GameData\ButtonData.xml	skipped_existing
EnableBuildingAttackSplitterling	CButton	游戏数据/官方SC2原始文本镜像/campaigns/swarm.sc2campaign/base.sc2data/gamedata/buttondata.xml	C:\Users\22448\Downloads\重生虫心0.71汉化版（新）\reborn_workrepo\合作指挥官版起义狂潮\Mods\XM\XMFinal.SC2Mod\Base.SC2Data\GameData\ButtonData.xml	skipped_existing
EnableBuildingAttackVolatileInfested	CButton	游戏数据/官方SC2原始文本镜像/mods/starcoop/starcoop.sc2mod/base.sc2data/gamedata/buttondata.xml	C:\Users\22448\Downloads\重生虫心0.71汉化版（新）\reborn_workrepo\合作指挥官版起义狂潮\Mods\XM\XMFinal.SC2Mod\Base.SC2Data\GameData\ButtonData.xml	skipped_existing
EvolveAberrationArmorAura	CButton	游戏数据/官方SC2原始文本镜像/mods/starcoop/starcoop.sc2mod/base.sc2data/gamedata/buttondata.xml	C:\Users\22448\Downloads\重生虫心0.71汉化版（新）\reborn_workrepo\合作指挥官版起义狂潮\Mods\XM\XMFinal.SC2Mod\Base.SC2Data\GameData\ButtonData.xml	skipped_existing
EvolveAberrationArmorAuraLocked	CButton	游戏数据/官方SC2原始文本镜像/mods/starcoop/starcoop.sc2mod/base.sc2data/gamedata/buttondata.xml	C:\Users\22448\Downloads\重生虫心0.71汉化版（新）\reborn_workrepo\合作指挥官版起义狂潮\Mods\XM\XMFinal.SC2Mod\Base.SC2Data\GameData\ButtonData.xml	skipped_existing
EvolveAdaptivePlating	CButton	游戏数据/官方SC2原始文本镜像/mods/starcoop/starcoop.sc2mod/base.sc2data/gamedata/buttondata.xml	C:\Users\22448\Downloads\重生虫心0.71汉化版（新）\reborn_workrepo\合作指挥官版起义狂潮\Mods\XM\XMFinal.SC2Mod\Base.SC2Data\GameData\ButtonData.xml	skipped_existing
EvolveAdaptivePlatingLocked	CButton	游戏数据/官方SC2原始文本镜像/mods/starcoop/starcoop.sc2mod/base.sc2data/gamedata/buttondata.xml	C:\Users\22448\Downloads\重生虫心0.71汉化版（新）\reborn_workrepo\合作指挥官版起义狂潮\Mods\XM\XMFinal.SC2Mod\Base.SC2Data\GameData\ButtonData.xml	skipped_existing
EvolveAncilarryCarapaceLocked	CButton	游戏数据/官方SC2原始文本镜像/mods/starcoop/starcoop.sc2mod/base.sc2data/gamedata/buttondata.xml	C:\Users\22448\Downloads\重生虫心0.71汉化版（新）\reborn_workrepo\合作指挥官版起义狂潮\Mods\XM\XMFinal.SC2Mod\Base.SC2Data\GameData\ButtonData.xml	skipped_existing
EvolveAncillaryCarapace	CButton	游戏数据/官方SC2原始文本镜像/mods/starcoop/starcoop.sc2mod/base.sc2data/gamedata/buttondata.xml	C:\Users\22448\Downloads\重生虫心0.71汉化版（新）\reborn_workrepo\合作指挥官版起义狂潮\Mods\XM\XMFinal.SC2Mod\Base.SC2Data\GameData\ButtonData.xml	skipped_existing
EvolveBanelingCorrosiveBile	CButton	游戏数据/官方SC2原始文本镜像/mods/starcoop/starcoop.sc2mod/base.sc2data/gamedata/buttondata.xml	C:\Users\22448\Downloads\重生虫心0.71汉化版（新）\reborn_workrepo\合作指挥官版起义狂潮\Mods\XM\XMFinal.SC2Mod\Base.SC2Data\GameData\ButtonData.xml	skipped_existing
EvolveBanelingHeal	CButton	游戏数据/官方SC2原始文本镜像/mods/starcoop/starcoop.sc2mod/base.sc2data/gamedata/buttondata.xml	C:\Users\22448\Downloads\重生虫心0.71汉化版（新）\reborn_workrepo\合作指挥官版起义狂潮\Mods\XM\XMFinal.SC2Mod\Base.SC2Data\GameData\ButtonData.xml	skipped_existing
EvolveBanelingRupture	CButton	游戏数据/官方SC2原始文本镜像/mods/starcoop/starcoop.sc2mod/base.sc2data/gamedata/buttondata.xml	C:\Users\22448\Downloads\重生虫心0.71汉化版（新）\reborn_workrepo\合作指挥官版起义狂潮\Mods\XM\XMFinal.SC2Mod\Base.SC2Data\GameData\ButtonData.xml	skipped_existing
EvolveBileLauncherBombardmentCooldown	CButton	游戏数据/官方SC2原始文本镜像/mods/starcoop/starcoop.sc2mod/base.sc2data/gamedata/buttondata.xml	C:\Users\22448\Downloads\重生虫心0.71汉化版（新）\reborn_workrepo\合作指挥官版起义狂潮\Mods\XM\XMFinal.SC2Mod\Base.SC2Data\GameData\ButtonData.xml	skipped_existing
EvolveBileLauncherBombardmentCooldownLocked	CButton	游戏数据/官方SC2原始文本镜像/mods/starcoop/starcoop.sc2mod/base.sc2data/gamedata/buttondata.xml	C:\Users\22448\Downloads\重生虫心0.71汉化版（新）\reborn_workrepo\合作指挥官版起义狂潮\Mods\XM\XMFinal.SC2Mod\Base.SC2Data\GameData\ButtonData.xml	skipped_existing
EvolveBileLauncherIncreasedRange	CButton	游戏数据/官方SC2原始文本镜像/mods/starcoop/starcoop.sc2mod/base.sc2data/gamedata/buttondata.xml	C:\Users\22448\Downloads\重生虫心0.71汉化版（新）\reborn_workrepo\合作指挥官版起义狂潮\Mods\XM\XMFinal.SC2Mod\Base.SC2Data\GameData\ButtonData.xml	skipped_existing
EvolveBileLauncherIncreasedRangeLocked	CButton	游戏数据/官方SC2原始文本镜像/mods/starcoop/starcoop.sc2mod/base.sc2data/gamedata/buttondata.xml	C:\Users\22448\Downloads\重生虫心0.71汉化版（新）\reborn_workrepo\合作指挥官版起义狂潮\Mods\XM\XMFinal.SC2Mod\Base.SC2Data\GameData\ButtonData.xml	skipped_existing
EvolveBioMechanicalTransfusion	CButton	游戏数据/官方SC2原始文本镜像/mods/starcoop/starcoop.sc2mod/base.sc2data/gamedata/buttondata.xml	C:\Users\22448\Downloads\重生虫心0.71汉化版（新）\reborn_workrepo\合作指挥官版起义狂潮\Mods\XM\XMFinal.SC2Mod\Base.SC2Data\GameData\ButtonData.xml	skipped_existing
EvolveBioMechanicalTransfusionLocked	CButton	游戏数据/官方SC2原始文本镜像/mods/starcoop/starcoop.sc2mod/base.sc2data/gamedata/buttondata.xml	C:\Users\22448\Downloads\重生虫心0.71汉化版（新）\reborn_workrepo\合作指挥官版起义狂潮\Mods\XM\XMFinal.SC2Mod\Base.SC2Data\GameData\ButtonData.xml	skipped_existing
EvolveBroodLordSpeed	CButton	游戏数据/官方SC2原始文本镜像/mods/starcoop/starcoop.sc2mod/base.sc2data/gamedata/buttondata.xml	C:\Users\22448\Downloads\重生虫心0.71汉化版（新）\reborn_workrepo\合作指挥官版起义狂潮\Mods\XM\XMFinal.SC2Mod\Base.SC2Data\GameData\ButtonData.xml	skipped_existing
EvolveBroodlordSpeedLocked	CButton	游戏数据/官方SC2原始文本镜像/mods/starcoop/starcoop.sc2mod/base.sc2data/gamedata/buttondata.xml	C:\Users\22448\Downloads\重生虫心0.71汉化版（新）\reborn_workrepo\合作指挥官版起义狂潮\Mods\XM\XMFinal.SC2Mod\Base.SC2Data\GameData\ButtonData.xml	skipped_existing
EvolveBurrowChargeLocked	CButton	游戏数据/官方SC2原始文本镜像/mods/starcoop/starcoop.sc2mod/base.sc2data/gamedata/buttondata.xml	C:\Users\22448\Downloads\重生虫心0.71汉化版（新）\reborn_workrepo\合作指挥官版起义狂潮\Mods\XM\XMFinal.SC2Mod\Base.SC2Data\GameData\ButtonData.xml	skipped_existing
EvolveCorrosiveAcidLocked	CButton	游戏数据/官方SC2原始文本镜像/mods/starcoop/starcoop.sc2mod/base.sc2data/gamedata/buttondata.xml	C:\Users\22448\Downloads\重生虫心0.71汉化版（新）\reborn_workrepo\合作指挥官版起义狂潮\Mods\XM\XMFinal.SC2Mod\Base.SC2Data\GameData\ButtonData.xml	skipped_existing
EvolveCorrosiveBileDamageIncrease	CButton	游戏数据/官方SC2原始文本镜像/mods/starcoop/starcoop.sc2mod/base.sc2data/gamedata/buttondata.xml	C:\Users\22448\Downloads\重生虫心0.71汉化版（新）\reborn_workrepo\合作指挥官版起义狂潮\Mods\XM\XMFinal.SC2Mod\Base.SC2Data\GameData\ButtonData.xml	skipped_existing
EvolveCorrosiveBileDamageIncreaseLocked	CButton	游戏数据/官方SC2原始文本镜像/mods/starcoop/starcoop.sc2mod/base.sc2data/gamedata/buttondata.xml	C:\Users\22448\Downloads\重生虫心0.71汉化版（新）\reborn_workrepo\合作指挥官版起义狂潮\Mods\XM\XMFinal.SC2Mod\Base.SC2Data\GameData\ButtonData.xml	skipped_existing
EvolveCorrosiveBileRadiusIncrease	CButton	游戏数据/官方SC2原始文本镜像/mods/starcoop/starcoop.sc2mod/base.sc2data/gamedata/buttondata.xml	C:\Users\22448\Downloads\重生虫心0.71汉化版（新）\reborn_workrepo\合作指挥官版起义狂潮\Mods\XM\XMFinal.SC2Mod\Base.SC2Data\GameData\ButtonData.xml	skipped_existing
EvolveDeepTunnelLocked	CButton	游戏数据/官方SC2原始文本镜像/mods/starcoop/starcoop.sc2mod/base.sc2data/gamedata/buttondata.xml	C:\Users\22448\Downloads\重生虫心0.71汉化版（新）\reborn_workrepo\合作指挥官版起义狂潮\Mods\XM\XMFinal.SC2Mod\Base.SC2Data\GameData\ButtonData.xml	skipped_existing
EvolveDevourerAoEDamage	CButton	游戏数据/官方SC2原始文本镜像/mods/starcoop/starcoop.sc2mod/base.sc2data/gamedata/buttondata.xml	C:\Users\22448\Downloads\重生虫心0.71汉化版（新）\reborn_workrepo\合作指挥官版起义狂潮\Mods\XM\XMFinal.SC2Mod\Base.SC2Data\GameData\ButtonData.xml	skipped_existing
EvolveDevourerAoEDamageLocked	CButton	游戏数据/官方SC2原始文本镜像/mods/starcoop/starcoop.sc2mod/base.sc2data/gamedata/buttondata.xml	C:\Users\22448\Downloads\重生虫心0.71汉化版（新）\reborn_workrepo\合作指挥官版起义狂潮\Mods\XM\XMFinal.SC2Mod\Base.SC2Data\GameData\ButtonData.xml	skipped_existing
EvolveFrenzy	CButton	游戏数据/官方SC2原始文本镜像/mods/starcoop/starcoop.sc2mod/base.sc2data/gamedata/buttondata.xml	C:\Users\22448\Downloads\重生虫心0.71汉化版（新）\reborn_workrepo\合作指挥官版起义狂潮\Mods\XM\XMFinal.SC2Mod\Base.SC2Data\GameData\ButtonData.xml	skipped_existing
EvolveFrenzyLocked	CButton	游戏数据/官方SC2原始文本镜像/mods/starcoop/starcoop.sc2mod/base.sc2data/gamedata/buttondata.xml	C:\Users\22448\Downloads\重生虫心0.71汉化版（新）\reborn_workrepo\合作指挥官版起义狂潮\Mods\XM\XMFinal.SC2Mod\Base.SC2Data\GameData\ButtonData.xml	skipped_existing
EvolveGuardianAttackRangeIncrease	CButton	游戏数据/官方SC2原始文本镜像/mods/starcoop/starcoop.sc2mod/base.sc2data/gamedata/buttondata.xml	C:\Users\22448\Downloads\重生虫心0.71汉化版（新）\reborn_workrepo\合作指挥官版起义狂潮\Mods\XM\XMFinal.SC2Mod\Base.SC2Data\GameData\ButtonData.xml	skipped_existing
EvolveGuardianAttackRangeIncreaseLocked	CButton	游戏数据/官方SC2原始文本镜像/mods/starcoop/starcoop.sc2mod/base.sc2data/gamedata/buttondata.xml	C:\Users\22448\Downloads\重生虫心0.71汉化版（新）\reborn_workrepo\合作指挥官版起义狂潮\Mods\XM\XMFinal.SC2Mod\Base.SC2Data\GameData\ButtonData.xml	skipped_existing
EvolveHardenedCarapace	CButton	游戏数据/官方SC2原始文本镜像/mods/starcoop/starcoop.sc2mod/base.sc2data/gamedata/buttondata.xml	C:\Users\22448\Downloads\重生虫心0.71汉化版（新）\reborn_workrepo\合作指挥官版起义狂潮\Mods\XM\XMFinal.SC2Mod\Base.SC2Data\GameData\ButtonData.xml	skipped_existing
EvolveHardenedCarapaceLocked	CButton	游戏数据/官方SC2原始文本镜像/mods/starcoop/starcoop.sc2mod/base.sc2data/gamedata/buttondata.xml	C:\Users\22448\Downloads\重生虫心0.71汉化版（新）\reborn_workrepo\合作指挥官版起义狂潮\Mods\XM\XMFinal.SC2Mod\Base.SC2Data\GameData\ButtonData.xml	skipped_existing
EvolveHardenedCarapaceZagaraLocked	CButton	游戏数据/官方SC2原始文本镜像/mods/starcoop/starcoop.sc2mod/base.sc2data/gamedata/buttondata.xml	C:\Users\22448\Downloads\重生虫心0.71汉化版（新）\reborn_workrepo\合作指挥官版起义狂潮\Mods\XM\XMFinal.SC2Mod\Base.SC2Data\GameData\ButtonData.xml	skipped_existing
EvolveHatcheryDoubleQueue	CButton	游戏数据/官方SC2原始文本镜像/mods/starcoop/starcoop.sc2mod/base.sc2data/gamedata/buttondata.xml	C:\Users\22448\Downloads\重生虫心0.71汉化版（新）\reborn_workrepo\合作指挥官版起义狂潮\Mods\XM\XMFinal.SC2Mod\Base.SC2Data\GameData\ButtonData.xml	skipped_existing
EvolveHatcheryDoubleQueueLocked	CButton	游戏数据/官方SC2原始文本镜像/mods/starcoop/starcoop.sc2mod/base.sc2data/gamedata/buttondata.xml	C:\Users\22448\Downloads\重生虫心0.71汉化版（新）\reborn_workrepo\合作指挥官版起义狂潮\Mods\XM\XMFinal.SC2Mod\Base.SC2Data\GameData\ButtonData.xml	skipped_existing
EvolveHydriodicBile	CButton	游戏数据/官方SC2原始文本镜像/mods/starcoop/starcoop.sc2mod/base.sc2data/gamedata/buttondata.xml	C:\Users\22448\Downloads\重生虫心0.71汉化版（新）\reborn_workrepo\合作指挥官版起义狂潮\Mods\XM\XMFinal.SC2Mod\Base.SC2Data\GameData\ButtonData.xml	skipped_existing
EvolveK5ChainLightning	CButton	游戏数据/官方SC2原始文本镜像/mods/starcoop/starcoop.sc2mod/base.sc2data/gamedata/buttondata.xml	C:\Users\22448\Downloads\重生虫心0.71汉化版（新）\reborn_workrepo\合作指挥官版起义狂潮\Mods\XM\XMFinal.SC2Mod\Base.SC2Data\GameData\ButtonData.xml	skipped_existing
EvolveK5ChainLightningLocked	CButton	游戏数据/官方SC2原始文本镜像/mods/starcoop/starcoop.sc2mod/base.sc2data/gamedata/buttondata.xml	C:\Users\22448\Downloads\重生虫心0.71汉化版（新）\reborn_workrepo\合作指挥官版起义狂潮\Mods\XM\XMFinal.SC2Mod\Base.SC2Data\GameData\ButtonData.xml	skipped_existing
EvolveK5Cooldowns	CButton	游戏数据/官方SC2原始文本镜像/mods/starcoop/starcoop.sc2mod/base.sc2data/gamedata/buttondata.xml	C:\Users\22448\Downloads\重生虫心0.71汉化版（新）\reborn_workrepo\合作指挥官版起义狂潮\Mods\XM\XMFinal.SC2Mod\Base.SC2Data\GameData\ButtonData.xml	skipped_existing
EvolveK5CooldownsLocked	CButton	游戏数据/官方SC2原始文本镜像/mods/starcoop/starcoop.sc2mod/base.sc2data/gamedata/buttondata.xml	C:\Users\22448\Downloads\重生虫心0.71汉化版（新）\reborn_workrepo\合作指挥官版起义狂潮\Mods\XM\XMFinal.SC2Mod\Base.SC2Data\GameData\ButtonData.xml	skipped_existing
EvolveKerriganHeroicFortitude	CButton	游戏数据/官方SC2原始文本镜像/mods/starcoop/starcoop.sc2mod/base.sc2data/gamedata/buttondata.xml	C:\Users\22448\Downloads\重生虫心0.71汉化版（新）\reborn_workrepo\合作指挥官版起义狂潮\Mods\XM\XMFinal.SC2Mod\Base.SC2Data\GameData\ButtonData.xml	skipped_existing
EvolveKerriganViciousGlaive	CButton	游戏数据/官方SC2原始文本镜像/mods/starcoop/starcoop.sc2mod/base.sc2data/gamedata/buttondata.xml	C:\Users\22448\Downloads\重生虫心0.71汉化版（新）\reborn_workrepo\合作指挥官版起义狂潮\Mods\XM\XMFinal.SC2Mod\Base.SC2Data\GameData\ButtonData.xml	skipped_existing
EvolveMedusaBlades	CButton	游戏数据/官方SC2原始文本镜像/mods/starcoop/starcoop.sc2mod/base.sc2data/gamedata/buttondata.xml	C:\Users\22448\Downloads\重生虫心0.71汉化版（新）\reborn_workrepo\合作指挥官版起义狂潮\Mods\XM\XMFinal.SC2Mod\Base.SC2Data\GameData\ButtonData.xml	skipped_existing
EvolveMedusasBladesLocked	CButton	游戏数据/官方SC2原始文本镜像/mods/starcoop/starcoop.sc2mod/base.sc2data/gamedata/buttondata.xml	C:\Users\22448\Downloads\重生虫心0.71汉化版（新）\reborn_workrepo\合作指挥官版起义狂潮\Mods\XM\XMFinal.SC2Mod\Base.SC2Data\GameData\ButtonData.xml	skipped_existing
EvolveMuscularAugments	CButton	游戏数据/官方SC2原始文本镜像/mods/starcoop/starcoop.sc2mod/base.sc2data/gamedata/buttondata.xml	C:\Users\22448\Downloads\重生虫心0.71汉化版（新）\reborn_workrepo\合作指挥官版起义狂潮\Mods\XM\XMFinal.SC2Mod\Base.SC2Data\GameData\ButtonData.xml	skipped_existing
EvolveMutaliskRapidRegeneration	CButton	游戏数据/官方SC2原始文本镜像/mods/starcoop/starcoop.sc2mod/base.sc2data/gamedata/buttondata.xml	C:\Users\22448\Downloads\重生虫心0.71汉化版（新）\reborn_workrepo\合作指挥官版起义狂潮\Mods\XM\XMFinal.SC2Mod\Base.SC2Data\GameData\ButtonData.xml	skipped_existing
EvolveRuptureLocked	CButton	游戏数据/官方SC2原始文本镜像/mods/starcoop/starcoop.sc2mod/base.sc2data/gamedata/buttondata.xml	C:\Users\22448\Downloads\重生虫心0.71汉化版（新）\reborn_workrepo\合作指挥官版起义狂潮\Mods\XM\XMFinal.SC2Mod\Base.SC2Data\GameData\ButtonData.xml	skipped_existing
EvolveScourgeGasCostReduction	CButton	游戏数据/官方SC2原始文本镜像/mods/starcoop/starcoop.sc2mod/base.sc2data/gamedata/buttondata.xml	C:\Users\22448\Downloads\重生虫心0.71汉化版（新）\reborn_workrepo\合作指挥官版起义狂潮\Mods\XM\XMFinal.SC2Mod\Base.SC2Data\GameData\ButtonData.xml	skipped_existing
EvolveScourgeGasCostReductionLocked	CButton	游戏数据/官方SC2原始文本镜像/mods/starcoop/starcoop.sc2mod/base.sc2data/gamedata/buttondata.xml	C:\Users\22448\Downloads\重生虫心0.71汉化版（新）\reborn_workrepo\合作指挥官版起义狂潮\Mods\XM\XMFinal.SC2Mod\Base.SC2Data\GameData\ButtonData.xml	skipped_existing
EvolveScourgeSplashDamage	CButton	游戏数据/官方SC2原始文本镜像/mods/starcoop/starcoop.sc2mod/base.sc2data/gamedata/buttondata.xml	C:\Users\22448\Downloads\重生虫心0.71汉化版（新）\reborn_workrepo\合作指挥官版起义狂潮\Mods\XM\XMFinal.SC2Mod\Base.SC2Data\GameData\ButtonData.xml	skipped_existing
EvolveScourgeSplashDamageLocked	CButton	游戏数据/官方SC2原始文本镜像/mods/starcoop/starcoop.sc2mod/base.sc2data/gamedata/buttondata.xml	C:\Users\22448\Downloads\重生虫心0.71汉化版（新）\reborn_workrepo\合作指挥官版起义狂潮\Mods\XM\XMFinal.SC2Mod\Base.SC2Data\GameData\ButtonData.xml	skipped_existing
EvolveSeismicSpinesLocked	CButton	游戏数据/官方SC2原始文本镜像/mods/starcoop/starcoop.sc2mod/base.sc2data/gamedata/buttondata.xml	C:\Users\22448\Downloads\重生虫心0.71汉化版（新）\reborn_workrepo\合作指挥官版起义狂潮\Mods\XM\XMFinal.SC2Mod\Base.SC2Data\GameData\ButtonData.xml	skipped_existing
EvolveSeveringGlave	CButton	游戏数据/官方SC2原始文本镜像/mods/starcoop/starcoop.sc2mod/base.sc2data/gamedata/buttondata.xml	C:\Users\22448\Downloads\重生虫心0.71汉化版（新）\reborn_workrepo\合作指挥官版起义狂潮\Mods\XM\XMFinal.SC2Mod\Base.SC2Data\GameData\ButtonData.xml	skipped_existing
EvolveSeveringGlaveLocked	CButton	游戏数据/官方SC2原始文本镜像/mods/starcoop/starcoop.sc2mod/base.sc2data/gamedata/buttondata.xml	C:\Users\22448\Downloads\重生虫心0.71汉化版（新）\reborn_workrepo\合作指挥官版起义狂潮\Mods\XM\XMFinal.SC2Mod\Base.SC2Data\GameData\ButtonData.xml	skipped_existing
EvolveStukovInfestedInfestedCivilianLeap	CButton	游戏数据/官方SC2原始文本镜像/mods/starcoop/starcoop.sc2mod/base.sc2data/gamedata/buttondata.xml	C:\Users\22448\Downloads\重生虫心0.71汉化版（新）\reborn_workrepo\合作指挥官版起义狂潮\Mods\XM\XMFinal.SC2Mod\Base.SC2Data\GameData\ButtonData.xml	skipped_existing
EvolveSunderingGlave	CButton	游戏数据/官方SC2原始文本镜像/mods/starcoop/starcoop.sc2mod/base.sc2data/gamedata/buttondata.xml	C:\Users\22448\Downloads\重生虫心0.71汉化版（新）\reborn_workrepo\合作指挥官版起义狂潮\Mods\XM\XMFinal.SC2Mod\Base.SC2Data\GameData\ButtonData.xml	skipped_existing
EvolveSunderingGlaveLocked	CButton	游戏数据/官方SC2原始文本镜像/mods/starcoop/starcoop.sc2mod/base.sc2data/gamedata/buttondata.xml	C:\Users\22448\Downloads\重生虫心0.71汉化版（新）\reborn_workrepo\合作指挥官版起义狂潮\Mods\XM\XMFinal.SC2Mod\Base.SC2Data\GameData\ButtonData.xml	skipped_existing
EvolveTissueAssimilation	CButton	游戏数据/官方SC2原始文本镜像/mods/starcoop/starcoop.sc2mod/base.sc2data/gamedata/buttondata.xml	C:\Users\22448\Downloads\重生虫心0.71汉化版（新）\reborn_workrepo\合作指挥官版起义狂潮\Mods\XM\XMFinal.SC2Mod\Base.SC2Data\GameData\ButtonData.xml	skipped_existing
EvolveTissueAssimilationLocked	CButton	游戏数据/官方SC2原始文本镜像/mods/starcoop/starcoop.sc2mod/base.sc2data/gamedata/buttondata.xml	C:\Users\22448\Downloads\重生虫心0.71汉化版（新）\reborn_workrepo\合作指挥官版起义狂潮\Mods\XM\XMFinal.SC2Mod\Base.SC2Data\GameData\ButtonData.xml	skipped_existing
EvolveToBrutalisk	CButton	游戏数据/官方SC2原始文本镜像/mods/starcoop/starcoop.sc2mod/base.sc2data/gamedata/buttondata.xml	C:\Users\22448\Downloads\重生虫心0.71汉化版（新）\reborn_workrepo\合作指挥官版起义狂潮\Mods\XM\XMFinal.SC2Mod\Base.SC2Data\GameData\ButtonData.xml	skipped_existing
EvolveToBrutaliskLocked	CButton	游戏数据/官方SC2原始文本镜像/mods/starcoop/starcoop.sc2mod/base.sc2data/gamedata/buttondata.xml	C:\Users\22448\Downloads\重生虫心0.71汉化版（新）\reborn_workrepo\合作指挥官版起义狂潮\Mods\XM\XMFinal.SC2Mod\Base.SC2Data\GameData\ButtonData.xml	skipped_existing
EvolveViciousGlaive	CButton	游戏数据/官方SC2原始文本镜像/mods/starcoop/starcoop.sc2mod/base.sc2data/gamedata/buttondata.xml	C:\Users\22448\Downloads\重生虫心0.71汉化版（新）\reborn_workrepo\合作指挥官版起义狂潮\Mods\XM\XMFinal.SC2Mod\Base.SC2Data\GameData\ButtonData.xml	skipped_existing
EvolveViperAbductImprovedStun	CButton	游戏数据/官方SC2原始文本镜像/mods/starcoop/starcoop.sc2mod/base.sc2data/gamedata/buttondata.xml	C:\Users\22448\Downloads\重生虫心0.71汉化版（新）\reborn_workrepo\合作指挥官版起义狂潮\Mods\XM\XMFinal.SC2Mod\Base.SC2Data\GameData\ButtonData.xml	skipped_existing
EvolveViperAbductImprovedStunLocked	CButton	游戏数据/官方SC2原始文本镜像/mods/starcoop/starcoop.sc2mod/base.sc2data/gamedata/buttondata.xml	C:\Users\22448\Downloads\重生虫心0.71汉化版（新）\reborn_workrepo\合作指挥官版起义狂潮\Mods\XM\XMFinal.SC2Mod\Base.SC2Data\GameData\ButtonData.xml	skipped_existing
EvolveViperImprovedCastRange	CButton	游戏数据/官方SC2原始文本镜像/mods/starcoop/starcoop.sc2mod/base.sc2data/gamedata/buttondata.xml	C:\Users\22448\Downloads\重生虫心0.71汉化版（新）\reborn_workrepo\合作指挥官版起义狂潮\Mods\XM\XMFinal.SC2Mod\Base.SC2Data\GameData\ButtonData.xml	skipped_existing
EvolveViperImprovedCastRangeLocked	CButton	游戏数据/官方SC2原始文本镜像/mods/starcoop/starcoop.sc2mod/base.sc2data/gamedata/buttondata.xml	C:\Users\22448\Downloads\重生虫心0.71汉化版（新）\reborn_workrepo\合作指挥官版起义狂潮\Mods\XM\XMFinal.SC2Mod\Base.SC2Data\GameData\ButtonData.xml	skipped_existing
EvolveZerglingArmorShred	CButton	游戏数据/官方SC2原始文本镜像/mods/starcoop/starcoop.sc2mod/base.sc2data/gamedata/buttondata.xml	C:\Users\22448\Downloads\重生虫心0.71汉化版（新）\reborn_workrepo\合作指挥官版起义狂潮\Mods\XM\XMFinal.SC2Mod\Base.SC2Data\GameData\ButtonData.xml	skipped_existing
EvolveZerglingArmorShredLocked	CButton	游戏数据/官方SC2原始文本镜像/mods/starcoop/starcoop.sc2mod/base.sc2data/gamedata/buttondata.xml	C:\Users\22448\Downloads\重生虫心0.71汉化版（新）\reborn_workrepo\合作指挥官版起义狂潮\Mods\XM\XMFinal.SC2Mod\Base.SC2Data\GameData\ButtonData.xml	skipped_existing
EvolveZerglingArmorShredZagaraLocked	CButton	游戏数据/官方SC2原始文本镜像/mods/starcoop/starcoop.sc2mod/base.sc2data/gamedata/buttondata.xml	C:\Users\22448\Downloads\重生虫心0.71汉化版（新）\reborn_workrepo\合作指挥官版起义狂潮\Mods\XM\XMFinal.SC2Mod\Base.SC2Data\GameData\ButtonData.xml	skipped_existing
Explode	CButton	游戏数据/官方SC2原始文本镜像/mods/starcoop/starcoop.sc2mod/base.sc2data/gamedata/buttondata.xml	C:\Users\22448\Downloads\重生虫心0.71汉化版（新）\reborn_workrepo\合作指挥官版起义狂潮\Mods\XM\XMFinal.SC2Mod\Base.SC2Data\GameData\ButtonData.xml	skipped_existing
ExplodeVolatileInfested	CButton	游戏数据/官方SC2原始文本镜像/mods/starcoop/starcoop.sc2mod/base.sc2data/gamedata/buttondata.xml	C:\Users\22448\Downloads\重生虫心0.71汉化版（新）\reborn_workrepo\合作指挥官版起义狂潮\Mods\XM\XMFinal.SC2Mod\Base.SC2Data\GameData\ButtonData.xml	skipped_existing
ExtendedThermalLance	CButton	游戏数据/官方SC2原始文本镜像/mods/starcoop/starcoop.sc2mod/base.sc2data/gamedata/buttondata.xml	C:\Users\22448\Downloads\重生虫心0.71汉化版（新）\reborn_workrepo\合作指挥官版起义狂潮\Mods\XM\XMFinal.SC2Mod\Base.SC2Data\GameData\ButtonData.xml	skipped_existing
Feedback	CButton	游戏数据/官方SC2原始文本镜像/mods/starcoop/starcoop.sc2mod/base.sc2data/gamedata/buttondata.xml	C:\Users\22448\Downloads\重生虫心0.71汉化版（新）\reborn_workrepo\合作指挥官版起义狂潮\Mods\XM\XMFinal.SC2Mod\Base.SC2Data\GameData\ButtonData.xml	skipped_existing
FrenzyLocked	CButton	游戏数据/官方SC2原始文本镜像/mods/starcoop/starcoop.sc2mod/base.sc2data/gamedata/buttondata.xml	C:\Users\22448\Downloads\重生虫心0.71汉化版（新）\reborn_workrepo\合作指挥官版起义狂潮\Mods\XM\XMFinal.SC2Mod\Base.SC2Data\GameData\ButtonData.xml	skipped_existing
GlialReconstitutionPassive	CButton	游戏数据/官方SC2原始文本镜像/mods/starcoop/starcoop.sc2mod/base.sc2data/gamedata/buttondata.xml	C:\Users\22448\Downloads\重生虫心0.71汉化版（新）\reborn_workrepo\合作指挥官版起义狂潮\Mods\XM\XMFinal.SC2Mod\Base.SC2Data\GameData\ButtonData.xml	skipped_existing
GreaterRoachWarren	CButton	游戏数据/官方SC2原始文本镜像/mods/starcoop/starcoop.sc2mod/base.sc2data/gamedata/buttondata.xml	C:\Users\22448\Downloads\重生虫心0.71汉化版（新）\reborn_workrepo\合作指挥官版起义狂潮\Mods\XM\XMFinal.SC2Mod\Base.SC2Data\GameData\ButtonData.xml	skipped_existing
GreaterSpireBroodlord	CButton	游戏数据/官方SC2原始文本镜像/campaigns/swarm.sc2campaign/base.sc2data/gamedata/buttondata.xml	C:\Users\22448\Downloads\重生虫心0.71汉化版（新）\reborn_workrepo\合作指挥官版起义狂潮\Mods\XM\XMFinal.SC2Mod\Base.SC2Data\GameData\ButtonData.xml	skipped_existing
GreaterSpireViper	CButton	游戏数据/官方SC2原始文本镜像/mods/starcoop/starcoop.sc2mod/base.sc2data/gamedata/buttondata.xml	C:\Users\22448\Downloads\重生虫心0.71汉化版（新）\reborn_workrepo\合作指挥官版起义狂潮\Mods\XM\XMFinal.SC2Mod\Base.SC2Data\GameData\ButtonData.xml	skipped_existing
GreaterSpireViper	CButton	游戏数据/官方SC2原始文本镜像/campaigns/swarm.sc2campaign/base.sc2data/gamedata/buttondata.xml	C:\Users\22448\Downloads\重生虫心0.71汉化版（新）\reborn_workrepo\合作指挥官版起义狂潮\Mods\XM\XMFinal.SC2Mod\Base.SC2Data\GameData\ButtonData.xml	skipped_existing
GroovedSpines	CButton	游戏数据/官方SC2原始文本镜像/campaigns/swarm.sc2campaign/base.sc2data/gamedata/buttondata.xml	C:\Users\22448\Downloads\重生虫心0.71汉化版（新）\reborn_workrepo\合作指挥官版起义狂潮\Mods\XM\XMFinal.SC2Mod\Base.SC2Data\GameData\ButtonData.xml	skipped_existing
GrowHugeQueen	CButton	游戏数据/官方SC2原始文本镜像/campaigns/swarm.sc2campaign/base.sc2data/gamedata/buttondata.xml	C:\Users\22448\Downloads\重生虫心0.71汉化版（新）\reborn_workrepo\合作指挥官版起义狂潮\Mods\XM\XMFinal.SC2Mod\Base.SC2Data\GameData\ButtonData.xml	skipped_existing
GrowLargeQueen	CButton	游戏数据/官方SC2原始文本镜像/campaigns/swarm.sc2campaign/base.sc2data/gamedata/buttondata.xml	C:\Users\22448\Downloads\重生虫心0.71汉化版（新）\reborn_workrepo\合作指挥官版起义狂潮\Mods\XM\XMFinal.SC2Mod\Base.SC2Data\GameData\ButtonData.xml	skipped_existing
GuardianPassive	CButton	游戏数据/官方SC2原始文本镜像/mods/starcoop/starcoop.sc2mod/base.sc2data/gamedata/buttondata.xml	C:\Users\22448\Downloads\重生虫心0.71汉化版（新）\reborn_workrepo\合作指挥官版起义狂潮\Mods\XM\XMFinal.SC2Mod\Base.SC2Data\GameData\ButtonData.xml	skipped_existing
HaveCentrificalHooks	CButton	游戏数据/官方SC2原始文本镜像/mods/starcoop/starcoop.sc2mod/base.sc2data/gamedata/buttondata.xml	C:\Users\22448\Downloads\重生虫心0.71汉化版（新）\reborn_workrepo\合作指挥官版起义狂潮\Mods\XM\XMFinal.SC2Mod\Base.SC2Data\GameData\ButtonData.xml	skipped_existing
HaveChitinousPlating	CButton	游戏数据/官方SC2原始文本镜像/mods/starcoop/starcoop.sc2mod/base.sc2data/gamedata/buttondata.xml	C:\Users\22448\Downloads\重生虫心0.71汉化版（新）\reborn_workrepo\合作指挥官版起义狂潮\Mods\XM\XMFinal.SC2Mod\Base.SC2Data\GameData\ButtonData.xml	skipped_existing
HaveOverlordSpeed	CButton	游戏数据/官方SC2原始文本镜像/mods/starcoop/starcoop.sc2mod/base.sc2data/gamedata/buttondata.xml	C:\Users\22448\Downloads\重生虫心0.71汉化版（新）\reborn_workrepo\合作指挥官版起义狂潮\Mods\XM\XMFinal.SC2Mod\Base.SC2Data\GameData\ButtonData.xml	skipped_existing
Haymaker	CButton	游戏数据/官方SC2原始文本镜像/campaigns/swarm.sc2campaign/base.sc2data/gamedata/buttondata.xml	C:\Users\22448\Downloads\重生虫心0.71汉化版（新）\reborn_workrepo\合作指挥官版起义狂潮\Mods\XM\XMFinal.SC2Mod\Base.SC2Data\GameData\ButtonData.xml	skipped_existing
HotSBioPlasmidDischarge	CButton	游戏数据/官方SC2原始文本镜像/campaigns/swarm.sc2campaign/base.sc2data/gamedata/buttondata.xml	C:\Users\22448\Downloads\重生虫心0.71汉化版（新）\reborn_workrepo\合作指挥官版起义狂潮\Mods\XM\XMFinal.SC2Mod\Base.SC2Data\GameData\ButtonData.xml	skipped_existing
HotSBioStasis	CButton	游戏数据/官方SC2原始文本镜像/campaigns/swarm.sc2campaign/base.sc2data/gamedata/buttondata.xml	C:\Users\22448\Downloads\重生虫心0.71汉化版（新）\reborn_workrepo\合作指挥官版起义狂潮\Mods\XM\XMFinal.SC2Mod\Base.SC2Data\GameData\ButtonData.xml	skipped_existing
HotSLeviathan	CButton	游戏数据/官方SC2原始文本镜像/campaigns/swarm.sc2campaign/base.sc2data/gamedata/buttondata.xml	C:\Users\22448\Downloads\重生虫心0.71汉化版（新）\reborn_workrepo\合作指挥官版起义狂潮\Mods\XM\XMFinal.SC2Mod\Base.SC2Data\GameData\ButtonData.xml	skipped_existing
HotSMetabolicBoost	CButton	游戏数据/官方SC2原始文本镜像/mods/starcoop/starcoop.sc2mod/base.sc2data/gamedata/buttondata.xml	C:\Users\22448\Downloads\重生虫心0.71汉化版（新）\reborn_workrepo\合作指挥官版起义狂潮\Mods\XM\XMFinal.SC2Mod\Base.SC2Data\GameData\ButtonData.xml	skipped_existing
HotSMetabolicBoost	CButton	游戏数据/官方SC2原始文本镜像/campaigns/swarm.sc2campaign/base.sc2data/gamedata/buttondata.xml	C:\Users\22448\Downloads\重生虫心0.71汉化版（新）\reborn_workrepo\合作指挥官版起义狂潮\Mods\XM\XMFinal.SC2Mod\Base.SC2Data\GameData\ButtonData.xml	skipped_existing
HotSNoxious	CButton	游戏数据/官方SC2原始文本镜像/campaigns/swarm.sc2campaign/base.sc2data/gamedata/buttondata.xml	C:\Users\22448\Downloads\重生虫心0.71汉化版（新）\reborn_workrepo\合作指挥官版起义狂潮\Mods\XM\XMFinal.SC2Mod\Base.SC2Data\GameData\ButtonData.xml	skipped_existing
HotSPressurizedGlands	CButton	游戏数据/官方SC2原始文本镜像/campaigns/swarm.sc2campaign/base.sc2data/gamedata/buttondata.xml	C:\Users\22448\Downloads\重生虫心0.71汉化版（新）\reborn_workrepo\合作指挥官版起义狂潮\Mods\XM\XMFinal.SC2Mod\Base.SC2Data\GameData\ButtonData.xml	skipped_existing
HotSRaptorCharge	CButton	游戏数据/官方SC2原始文本镜像/campaigns/swarm.sc2campaign/base.sc2data/gamedata/buttondata.xml	C:\Users\22448\Downloads\重生虫心0.71汉化版（新）\reborn_workrepo\合作指挥官版起义狂潮\Mods\XM\XMFinal.SC2Mod\Base.SC2Data\GameData\ButtonData.xml	skipped_existing
HotSRedundantMembranes	CButton	游戏数据/官方SC2原始文本镜像/campaigns/swarm.sc2campaign/base.sc2data/gamedata/buttondata.xml	C:\Users\22448\Downloads\重生虫心0.71汉化版（新）\reborn_workrepo\合作指挥官版起义狂潮\Mods\XM\XMFinal.SC2Mod\Base.SC2Data\GameData\ButtonData.xml	skipped_existing
HotSRoachDamage	CButton	游戏数据/官方SC2原始文本镜像/campaigns/swarm.sc2campaign/base.sc2data/gamedata/buttondata.xml	C:\Users\22448\Downloads\重生虫心0.71汉化版（新）\reborn_workrepo\合作指挥官版起义狂潮\Mods\XM\XMFinal.SC2Mod\Base.SC2Data\GameData\ButtonData.xml	skipped_existing
HotSRoachShield	CButton	游戏数据/官方SC2原始文本镜像/campaigns/swarm.sc2campaign/base.sc2data/gamedata/buttondata.xml	C:\Users\22448\Downloads\重生虫心0.71汉化版（新）\reborn_workrepo\合作指挥官版起义狂潮\Mods\XM\XMFinal.SC2Mod\Base.SC2Data\GameData\ButtonData.xml	skipped_existing
HotSTorrasque	CButton	游戏数据/官方SC2原始文本镜像/campaigns/swarm.sc2campaign/base.sc2data/gamedata/buttondata.xml	C:\Users\22448\Downloads\重生虫心0.71汉化版（新）\reborn_workrepo\合作指挥官版起义狂潮\Mods\XM\XMFinal.SC2Mod\Base.SC2Data\GameData\ButtonData.xml	skipped_existing
HotSZerglingFrenzy	CButton	游戏数据/官方SC2原始文本镜像/mods/starcoop/starcoop.sc2mod/base.sc2data/gamedata/buttondata.xml	C:\Users\22448\Downloads\重生虫心0.71汉化版（新）\reborn_workrepo\合作指挥官版起义狂潮\Mods\XM\XMFinal.SC2Mod\Base.SC2Data\GameData\ButtonData.xml	skipped_existing
HotSZerglingFrenzy	CButton	游戏数据/官方SC2原始文本镜像/campaigns/swarm.sc2campaign/base.sc2data/gamedata/buttondata.xml	C:\Users\22448\Downloads\重生虫心0.71汉化版（新）\reborn_workrepo\合作指挥官版起义狂潮\Mods\XM\XMFinal.SC2Mod\Base.SC2Data\GameData\ButtonData.xml	skipped_existing
HunterCliffJumper	CButton	游戏数据/官方SC2原始文本镜像/campaigns/swarm.sc2campaign/base.sc2data/gamedata/buttondata.xml	C:\Users\22448\Downloads\重生虫心0.71汉化版（新）\reborn_workrepo\合作指挥官版起义狂潮\Mods\XM\XMFinal.SC2Mod\Base.SC2Data\GameData\ButtonData.xml	skipped_existing
HydraliskDenImpalerPassive	CButton	游戏数据/官方SC2原始文本镜像/campaigns/swarm.sc2campaign/base.sc2data/gamedata/buttondata.xml	C:\Users\22448\Downloads\重生虫心0.71汉化版（新）\reborn_workrepo\合作指挥官版起义狂潮\Mods\XM\XMFinal.SC2Mod\Base.SC2Data\GameData\ButtonData.xml	skipped_existing
HydraliskDenLurkerPassive	CButton	游戏数据/官方SC2原始文本镜像/campaigns/swarm.sc2campaign/base.sc2data/gamedata/buttondata.xml	C:\Users\22448\Downloads\重生虫心0.71汉化版（新）\reborn_workrepo\合作指挥官版起义狂潮\Mods\XM\XMFinal.SC2Mod\Base.SC2Data\GameData\ButtonData.xml	skipped_existing
HydraliskFrenzy	CButton	游戏数据/官方SC2原始文本镜像/campaigns/swarm.sc2campaign/base.sc2data/gamedata/buttondata.xml	C:\Users\22448\Downloads\重生虫心0.71汉化版（新）\reborn_workrepo\合作指挥官版起义狂潮\Mods\XM\XMFinal.SC2Mod\Base.SC2Data\GameData\ButtonData.xml	skipped_existing
HydraliskImpaler	CButton	游戏数据/官方SC2原始文本镜像/campaigns/swarm.sc2campaign/base.sc2data/gamedata/buttondata.xml	C:\Users\22448\Downloads\重生虫心0.71汉化版（新）\reborn_workrepo\合作指挥官版起义狂潮\Mods\XM\XMFinal.SC2Mod\Base.SC2Data\GameData\ButtonData.xml	skipped_existing
HydraliskImpalerPassive	CButton	游戏数据/官方SC2原始文本镜像/campaigns/swarm.sc2campaign/base.sc2data/gamedata/buttondata.xml	C:\Users\22448\Downloads\重生虫心0.71汉化版（新）\reborn_workrepo\合作指挥官版起义狂潮\Mods\XM\XMFinal.SC2Mod\Base.SC2Data\GameData\ButtonData.xml	skipped_existing
HydraliskLurker	CButton	游戏数据/官方SC2原始文本镜像/campaigns/swarm.sc2campaign/base.sc2data/gamedata/buttondata.xml	C:\Users\22448\Downloads\重生虫心0.71汉化版（新）\reborn_workrepo\合作指挥官版起义狂潮\Mods\XM\XMFinal.SC2Mod\Base.SC2Data\GameData\ButtonData.xml	skipped_existing
HydraliskLurkerPassive	CButton	游戏数据/官方SC2原始文本镜像/campaigns/swarm.sc2campaign/base.sc2data/gamedata/buttondata.xml	C:\Users\22448\Downloads\重生虫心0.71汉化版（新）\reborn_workrepo\合作指挥官版起义狂潮\Mods\XM\XMFinal.SC2Mod\Base.SC2Data\GameData\ButtonData.xml	skipped_existing
HydraliskPassive	CButton	游戏数据/官方SC2原始文本镜像/campaigns/swarm.sc2campaign/base.sc2data/gamedata/buttondata.xml	C:\Users\22448\Downloads\重生虫心0.71汉化版（新）\reborn_workrepo\合作指挥官版起义狂潮\Mods\XM\XMFinal.SC2Mod\Base.SC2Data\GameData\ButtonData.xml	skipped_existing
ImmortalBarrierBase	CButton	游戏数据/官方SC2原始文本镜像/mods/starcoop/starcoop.sc2mod/base.sc2data/gamedata/buttondata.xml	C:\Users\22448\Downloads\重生虫心0.71汉化版（新）\reborn_workrepo\合作指挥官版起义狂潮\Mods\XM\XMFinal.SC2Mod\Base.SC2Data\GameData\ButtonData.xml	skipped_existing
Impaler	CButton	游戏数据/官方SC2原始文本镜像/campaigns/swarm.sc2campaign/base.sc2data/gamedata/buttondata.xml	C:\Users\22448\Downloads\重生虫心0.71汉化版（新）\reborn_workrepo\合作指挥官版起义狂潮\Mods\XM\XMFinal.SC2Mod\Base.SC2Data\GameData\ButtonData.xml	skipped_existing
ImpalerDen	CButton	游戏数据/官方SC2原始文本镜像/campaigns/swarm.sc2campaign/base.sc2data/gamedata/buttondata.xml	C:\Users\22448\Downloads\重生虫心0.71汉化版（新）\reborn_workrepo\合作指挥官版起义狂潮\Mods\XM\XMFinal.SC2Mod\Base.SC2Data\GameData\ButtonData.xml	skipped_existing
ImpalerPassive	CButton	游戏数据/官方SC2原始文本镜像/campaigns/swarm.sc2campaign/base.sc2data/gamedata/buttondata.xml	C:\Users\22448\Downloads\重生虫心0.71汉化版（新）\reborn_workrepo\合作指挥官版起义狂潮\Mods\XM\XMFinal.SC2Mod\Base.SC2Data\GameData\ButtonData.xml	skipped_existing
InfestorConsumption	CButton	游戏数据/官方SC2原始文本镜像/campaigns/swarm.sc2campaign/base.sc2data/gamedata/buttondata.xml	C:\Users\22448\Downloads\重生虫心0.71汉化版（新）\reborn_workrepo\合作指挥官版起义狂潮\Mods\XM\XMFinal.SC2Mod\Base.SC2Data\GameData\ButtonData.xml	skipped_existing
InfestorPassive	CButton	游戏数据/官方SC2原始文本镜像/campaigns/swarm.sc2campaign/base.sc2data/gamedata/buttondata.xml	C:\Users\22448\Downloads\重生虫心0.71汉化版（新）\reborn_workrepo\合作指挥官版起义狂潮\Mods\XM\XMFinal.SC2Mod\Base.SC2Data\GameData\ButtonData.xml	skipped_existing
K5AutoExtractor	CButton	游戏数据/官方SC2原始文本镜像/campaigns/swarm.sc2campaign/base.sc2data/gamedata/buttondata.xml	C:\Users\22448\Downloads\重生虫心0.71汉化版（新）\reborn_workrepo\合作指挥官版起义狂潮\Mods\XM\XMFinal.SC2Mod\Base.SC2Data\GameData\ButtonData.xml	skipped_existing
K5ChainLightning	CButton	游戏数据/官方SC2原始文本镜像/campaigns/swarm.sc2campaign/base.sc2data/gamedata/buttondata.xml	C:\Users\22448\Downloads\重生虫心0.71汉化版（新）\reborn_workrepo\合作指挥官版起义狂潮\Mods\XM\XMFinal.SC2Mod\Base.SC2Data\GameData\ButtonData.xml	skipped_existing
K5Cooldowns	CButton	游戏数据/官方SC2原始文本镜像/campaigns/swarm.sc2campaign/base.sc2data/gamedata/buttondata.xml	C:\Users\22448\Downloads\重生虫心0.71汉化版（新）\reborn_workrepo\合作指挥官版起义狂潮\Mods\XM\XMFinal.SC2Mod\Base.SC2Data\GameData\ButtonData.xml	skipped_existing
K5CooldownsLocked	CButton	游戏数据/官方SC2原始文本镜像/mods/starcoop/starcoop.sc2mod/base.sc2data/gamedata/buttondata.xml	C:\Users\22448\Downloads\重生虫心0.71汉化版（新）\reborn_workrepo\合作指挥官版起义狂潮\Mods\XM\XMFinal.SC2Mod\Base.SC2Data\GameData\ButtonData.xml	skipped_existing
K5CreepBonuses	CButton	游戏数据/官方SC2原始文本镜像/campaigns/swarm.sc2campaign/base.sc2data/gamedata/buttondata.xml	C:\Users\22448\Downloads\重生虫心0.71汉化版（新）\reborn_workrepo\合作指挥官版起义狂潮\Mods\XM\XMFinal.SC2Mod\Base.SC2Data\GameData\ButtonData.xml	skipped_existing
K5DropPods	CButton	游戏数据/官方SC2原始文本镜像/campaigns/swarm.sc2campaign/base.sc2data/gamedata/buttondata.xml	C:\Users\22448\Downloads\重生虫心0.71汉化版（新）\reborn_workrepo\合作指挥官版起义狂潮\Mods\XM\XMFinal.SC2Mod\Base.SC2Data\GameData\ButtonData.xml	skipped_existing
K5Fury	CButton	游戏数据/官方SC2原始文本镜像/campaigns/swarm.sc2campaign/base.sc2data/gamedata/buttondata.xml	C:\Users\22448\Downloads\重生虫心0.71汉化版（新）\reborn_workrepo\合作指挥官版起义狂潮\Mods\XM\XMFinal.SC2Mod\Base.SC2Data\GameData\ButtonData.xml	skipped_existing
K5GasBonuses	CButton	游戏数据/官方SC2原始文本镜像/campaigns/swarm.sc2campaign/base.sc2data/gamedata/buttondata.xml	C:\Users\22448\Downloads\重生虫心0.71汉化版（新）\reborn_workrepo\合作指挥官版起义狂潮\Mods\XM\XMFinal.SC2Mod\Base.SC2Data\GameData\ButtonData.xml	skipped_existing
K5HeroicFortitude	CButton	游戏数据/官方SC2原始文本镜像/campaigns/swarm.sc2campaign/base.sc2data/gamedata/buttondata.xml	C:\Users\22448\Downloads\重生虫心0.71汉化版（新）\reborn_workrepo\合作指挥官版起义狂潮\Mods\XM\XMFinal.SC2Mod\Base.SC2Data\GameData\ButtonData.xml	skipped_existing
K5ImprovedOverlords	CButton	游戏数据/官方SC2原始文本镜像/campaigns/swarm.sc2campaign/base.sc2data/gamedata/buttondata.xml	C:\Users\22448\Downloads\重生虫心0.71汉化版（新）\reborn_workrepo\合作指挥官版起义狂潮\Mods\XM\XMFinal.SC2Mod\Base.SC2Data\GameData\ButtonData.xml	skipped_existing
K5InfestBroodlings	CButton	游戏数据/官方SC2原始文本镜像/campaigns/swarm.sc2campaign/base.sc2data/gamedata/buttondata.xml	C:\Users\22448\Downloads\重生虫心0.71汉化版（新）\reborn_workrepo\合作指挥官版起义狂潮\Mods\XM\XMFinal.SC2Mod\Base.SC2Data\GameData\ButtonData.xml	skipped_existing
K5Leviathan	CButton	游戏数据/官方SC2原始文本镜像/campaigns/swarm.sc2campaign/base.sc2data/gamedata/buttondata.xml	C:\Users\22448\Downloads\重生虫心0.71汉化版（新）\reborn_workrepo\合作指挥官版起义狂潮\Mods\XM\XMFinal.SC2Mod\Base.SC2Data\GameData\ButtonData.xml	skipped_existing
K5TwoDrones	CButton	游戏数据/官方SC2原始文本镜像/campaigns/swarm.sc2campaign/base.sc2data/gamedata/buttondata.xml	C:\Users\22448\Downloads\重生虫心0.71汉化版（新）\reborn_workrepo\合作指挥官版起义狂潮\Mods\XM\XMFinal.SC2Mod\Base.SC2Data\GameData\ButtonData.xml	skipped_existing
K5ZerglingRespawn	CButton	游戏数据/官方SC2原始文本镜像/campaigns/swarm.sc2campaign/base.sc2data/gamedata/buttondata.xml	C:\Users\22448\Downloads\重生虫心0.71汉化版（新）\reborn_workrepo\合作指挥官版起义狂潮\Mods\XM\XMFinal.SC2Mod\Base.SC2Data\GameData\ButtonData.xml	skipped_existing
KerriganAssimilation	CButton	游戏数据/官方SC2原始文本镜像/mods/starcoop/starcoop.sc2mod/base.sc2data/gamedata/buttondata.xml	C:\Users\22448\Downloads\重生虫心0.71汉化版（新）\reborn_workrepo\合作指挥官版起义狂潮\Mods\XM\XMFinal.SC2Mod\Base.SC2Data\GameData\ButtonData.xml	skipped_existing
KerriganChainLightning	CButton	游戏数据/官方SC2原始文本镜像/mods/starcoop/starcoop.sc2mod/base.sc2data/gamedata/buttondata.xml	C:\Users\22448\Downloads\重生虫心0.71汉化版（新）\reborn_workrepo\合作指挥官版起义狂潮\Mods\XM\XMFinal.SC2Mod\Base.SC2Data\GameData\ButtonData.xml	skipped_existing
KerriganCrushingGripWaveLocked	CButton	游戏数据/官方SC2原始文本镜像/mods/starcoop/starcoop.sc2mod/base.sc2data/gamedata/buttondata.xml	C:\Users\22448\Downloads\重生虫心0.71汉化版（新）\reborn_workrepo\合作指挥官版起义狂潮\Mods\XM\XMFinal.SC2Mod\Base.SC2Data\GameData\ButtonData.xml	skipped_existing
KerriganEnhance	CButton	游戏数据/官方SC2原始文本镜像/campaigns/swarm.sc2campaign/base.sc2data/gamedata/buttondata.xml	C:\Users\22448\Downloads\重生虫心0.71汉化版（新）\reborn_workrepo\合作指挥官版起义狂潮\Mods\XM\XMFinal.SC2Mod\Base.SC2Data\GameData\ButtonData.xml	skipped_existing
KerriganFuryLocked	CButton	游戏数据/官方SC2原始文本镜像/mods/starcoop/starcoop.sc2mod/base.sc2data/gamedata/buttondata.xml	C:\Users\22448\Downloads\重生虫心0.71汉化版（新）\reborn_workrepo\合作指挥官版起义狂潮\Mods\XM\XMFinal.SC2Mod\Base.SC2Data\GameData\ButtonData.xml	skipped_existing
KerriganMaelstrom	CButton	游戏数据/官方SC2原始文本镜像/mods/starcoop/starcoop.sc2mod/base.sc2data/gamedata/buttondata.xml	C:\Users\22448\Downloads\重生虫心0.71汉化版（新）\reborn_workrepo\合作指挥官版起义狂潮\Mods\XM\XMFinal.SC2Mod\Base.SC2Data\GameData\ButtonData.xml	skipped_existing
KerriganNydusWyrm	CButton	游戏数据/官方SC2原始文本镜像/campaigns/swarm.sc2campaign/base.sc2data/gamedata/buttondata.xml	C:\Users\22448\Downloads\重生虫心0.71汉化版（新）\reborn_workrepo\合作指挥官版起义狂潮\Mods\XM\XMFinal.SC2Mod\Base.SC2Data\GameData\ButtonData.xml	skipped_existing
KerriganRevive	CButton	游戏数据/官方SC2原始文本镜像/campaigns/swarm.sc2campaign/base.sc2data/gamedata/buttondata.xml	C:\Users\22448\Downloads\重生虫心0.71汉化版（新）\reborn_workrepo\合作指挥官版起义狂潮\Mods\XM\XMFinal.SC2Mod\Base.SC2Data\GameData\ButtonData.xml	skipped_existing
KerriganRevivePlacement	CButton	游戏数据/官方SC2原始文本镜像/campaigns/swarm.sc2campaign/base.sc2data/gamedata/buttondata.xml	C:\Users\22448\Downloads\重生虫心0.71汉化版（新）\reborn_workrepo\合作指挥官版起义狂潮\Mods\XM\XMFinal.SC2Mod\Base.SC2Data\GameData\ButtonData.xml	skipped_existing
KerriganVoidCoopCrushingGripWave	CButton	游戏数据/官方SC2原始文本镜像/mods/starcoop/starcoop.sc2mod/base.sc2data/gamedata/buttondata.xml	C:\Users\22448\Downloads\重生虫心0.71汉化版（新）\reborn_workrepo\合作指挥官版起义狂潮\Mods\XM\XMFinal.SC2Mod\Base.SC2Data\GameData\ButtonData.xml	skipped_existing
KerriganVoidCoopEconDrop	CButton	游戏数据/官方SC2原始文本镜像/mods/starcoop/starcoop.sc2mod/base.sc2data/gamedata/buttondata.xml	C:\Users\22448\Downloads\重生虫心0.71汉化版（新）\reborn_workrepo\合作指挥官版起义狂潮\Mods\XM\XMFinal.SC2Mod\Base.SC2Data\GameData\ButtonData.xml	skipped_existing
KorhalSporeCannon	CButton	游戏数据/官方SC2原始文本镜像/campaigns/swarm.sc2campaign/base.sc2data/gamedata/buttondata.xml	C:\Users\22448\Downloads\重生虫心0.71汉化版（新）\reborn_workrepo\合作指挥官版起义狂潮\Mods\XM\XMFinal.SC2Mod\Base.SC2Data\GameData\ButtonData.xml	skipped_existing
KorhalSporeCannonBombardment	CButton	游戏数据/官方SC2原始文本镜像/campaigns/swarm.sc2campaign/base.sc2data/gamedata/buttondata.xml	C:\Users\22448\Downloads\重生虫心0.71汉化版（新）\reborn_workrepo\合作指挥官版起义狂潮\Mods\XM\XMFinal.SC2Mod\Base.SC2Data\GameData\ButtonData.xml	skipped_existing
KorhalSporeCannonRegen	CButton	游戏数据/官方SC2原始文本镜像/campaigns/swarm.sc2campaign/base.sc2data/gamedata/buttondata.xml	C:\Users\22448\Downloads\重生虫心0.71汉化版（新）\reborn_workrepo\合作指挥官版起义狂潮\Mods\XM\XMFinal.SC2Mod\Base.SC2Data\GameData\ButtonData.xml	skipped_existing
KorhalSporeCannonRoot	CButton	游戏数据/官方SC2原始文本镜像/campaigns/swarm.sc2campaign/base.sc2data/gamedata/buttondata.xml	C:\Users\22448\Downloads\重生虫心0.71汉化版（新）\reborn_workrepo\合作指挥官版起义狂潮\Mods\XM\XMFinal.SC2Mod\Base.SC2Data\GameData\ButtonData.xml	skipped_existing
LocustFlyingLaunch	CButton	游戏数据/官方SC2原始文本镜像/campaigns/swarm.sc2campaign/base.sc2data/gamedata/buttondata.xml	C:\Users\22448\Downloads\重生虫心0.71汉化版（新）\reborn_workrepo\合作指挥官版起义狂潮\Mods\XM\XMFinal.SC2Mod\Base.SC2Data\GameData\ButtonData.xml	skipped_existing
LocustLaunch	CButton	游戏数据/官方SC2原始文本镜像/mods/starcoop/starcoop.sc2mod/base.sc2data/gamedata/buttondata.xml	C:\Users\22448\Downloads\重生虫心0.71汉化版（新）\reborn_workrepo\合作指挥官版起义狂潮\Mods\XM\XMFinal.SC2Mod\Base.SC2Data\GameData\ButtonData.xml	skipped_existing
LocustLaunch	CButton	游戏数据/官方SC2原始文本镜像/campaigns/swarm.sc2campaign/base.sc2data/gamedata/buttondata.xml	C:\Users\22448\Downloads\重生虫心0.71汉化版（新）\reborn_workrepo\合作指挥官版起义狂潮\Mods\XM\XMFinal.SC2Mod\Base.SC2Data\GameData\ButtonData.xml	skipped_existing
LocustLaunchCreeper	CButton	游戏数据/官方SC2原始文本镜像/campaigns/swarm.sc2campaign/base.sc2data/gamedata/buttondata.xml	C:\Users\22448\Downloads\重生虫心0.71汉化版（新）\reborn_workrepo\合作指挥官版起义狂潮\Mods\XM\XMFinal.SC2Mod\Base.SC2Data\GameData\ButtonData.xml	skipped_existing
LocustSpeed	CButton	游戏数据/官方SC2原始文本镜像/campaigns/swarm.sc2campaign/base.sc2data/gamedata/buttondata.xml	C:\Users\22448\Downloads\重生虫心0.71汉化版（新）\reborn_workrepo\合作指挥官版起义狂潮\Mods\XM\XMFinal.SC2Mod\Base.SC2Data\GameData\ButtonData.xml	skipped_existing
LurkerPassive	CButton	游戏数据/官方SC2原始文本镜像/campaigns/swarm.sc2campaign/base.sc2data/gamedata/buttondata.xml	C:\Users\22448\Downloads\重生虫心0.71汉化版（新）\reborn_workrepo\合作指挥官版起义狂潮\Mods\XM\XMFinal.SC2Mod\Base.SC2Data\GameData\ButtonData.xml	skipped_existing
MapObjectInteract	CButton	游戏数据/官方SC2原始文本镜像/mods/starcoop/starcoop.sc2mod/base.sc2data/gamedata/buttondata.xml	C:\Users\22448\Downloads\重生虫心0.71汉化版（新）\reborn_workrepo\合作指挥官版起义狂潮\Mods\XM\XMFinal.SC2Mod\Base.SC2Data\GameData\ButtonData.xml	skipped_existing
MercMedicHeal	CButton	游戏数据/官方SC2原始文本镜像/campaigns/swarm.sc2campaign/base.sc2data/gamedata/buttondata.xml	C:\Users\22448\Downloads\重生虫心0.71汉化版（新）\reborn_workrepo\合作指挥官版起义狂潮\Mods\XM\XMFinal.SC2Mod\Base.SC2Data\GameData\ButtonData.xml	skipped_existing
MindBolt	CButton	游戏数据/官方SC2原始文本镜像/mods/starcoop/starcoop.sc2mod/base.sc2data/gamedata/buttondata.xml	C:\Users\22448\Downloads\重生虫心0.71汉化版（新）\reborn_workrepo\合作指挥官版起义狂潮\Mods\XM\XMFinal.SC2Mod\Base.SC2Data\GameData\ButtonData.xml	skipped_existing
MindBolt	CButton	游戏数据/官方SC2原始文本镜像/campaigns/swarm.sc2campaign/base.sc2data/gamedata/buttondata.xml	C:\Users\22448\Downloads\重生虫心0.71汉化版（新）\reborn_workrepo\合作指挥官版起义狂潮\Mods\XM\XMFinal.SC2Mod\Base.SC2Data\GameData\ButtonData.xml	skipped_existing
MonarchBlades	CButton	游戏数据/官方SC2原始文本镜像/campaigns/swarm.sc2campaign/base.sc2data/gamedata/buttondata.xml	C:\Users\22448\Downloads\重生虫心0.71汉化版（新）\reborn_workrepo\合作指挥官版起义狂潮\Mods\XM\XMFinal.SC2Mod\Base.SC2Data\GameData\ButtonData.xml	skipped_existing
MorphBanelingToHunter	CButton	游戏数据/官方SC2原始文本镜像/campaigns/swarm.sc2campaign/base.sc2data/gamedata/buttondata.xml	C:\Users\22448\Downloads\重生虫心0.71汉化版（新）\reborn_workrepo\合作指挥官版起义狂潮\Mods\XM\XMFinal.SC2Mod\Base.SC2Data\GameData\ButtonData.xml	skipped_existing
MorphBanelingToSplitterling	CButton	游戏数据/官方SC2原始文本镜像/campaigns/swarm.sc2campaign/base.sc2data/gamedata/buttondata.xml	C:\Users\22448\Downloads\重生虫心0.71汉化版（新）\reborn_workrepo\合作指挥官版起义狂潮\Mods\XM\XMFinal.SC2Mod\Base.SC2Data\GameData\ButtonData.xml	skipped_existing
MorphHydraliskToHydraliskImpaler	CButton	游戏数据/官方SC2原始文本镜像/campaigns/swarm.sc2campaign/base.sc2data/gamedata/buttondata.xml	C:\Users\22448\Downloads\重生虫心0.71汉化版（新）\reborn_workrepo\合作指挥官版起义狂潮\Mods\XM\XMFinal.SC2Mod\Base.SC2Data\GameData\ButtonData.xml	skipped_existing
MorphHydraliskToHydraliskLurker	CButton	游戏数据/官方SC2原始文本镜像/campaigns/swarm.sc2campaign/base.sc2data/gamedata/buttondata.xml	C:\Users\22448\Downloads\重生虫心0.71汉化版（新）\reborn_workrepo\合作指挥官版起义狂潮\Mods\XM\XMFinal.SC2Mod\Base.SC2Data\GameData\ButtonData.xml	skipped_existing
MorphRoachToCorpser	CButton	游戏数据/官方SC2原始文本镜像/campaigns/swarm.sc2campaign/base.sc2data/gamedata/buttondata.xml	C:\Users\22448\Downloads\重生虫心0.71汉化版（新）\reborn_workrepo\合作指挥官版起义狂潮\Mods\XM\XMFinal.SC2Mod\Base.SC2Data\GameData\ButtonData.xml	skipped_existing
MorphRoachToVile	CButton	游戏数据/官方SC2原始文本镜像/campaigns/swarm.sc2campaign/base.sc2data/gamedata/buttondata.xml	C:\Users\22448\Downloads\重生虫心0.71汉化版（新）\reborn_workrepo\合作指挥官版起义狂潮\Mods\XM\XMFinal.SC2Mod\Base.SC2Data\GameData\ButtonData.xml	skipped_existing
MorphSwarmHostToSplitA	CButton	游戏数据/官方SC2原始文本镜像/campaigns/swarm.sc2campaign/base.sc2data/gamedata/buttondata.xml	C:\Users\22448\Downloads\重生虫心0.71汉化版（新）\reborn_workrepo\合作指挥官版起义狂潮\Mods\XM\XMFinal.SC2Mod\Base.SC2Data\GameData\ButtonData.xml	skipped_existing
MorphSwarmHostToSplitB	CButton	游戏数据/官方SC2原始文本镜像/campaigns/swarm.sc2campaign/base.sc2data/gamedata/buttondata.xml	C:\Users\22448\Downloads\重生虫心0.71汉化版（新）\reborn_workrepo\合作指挥官版起义狂潮\Mods\XM\XMFinal.SC2Mod\Base.SC2Data\GameData\ButtonData.xml	skipped_existing
MorphtoHunter	CButton	游戏数据/官方SC2原始文本镜像/campaigns/swarm.sc2campaign/base.sc2data/gamedata/buttondata.xml	C:\Users\22448\Downloads\重生虫心0.71汉化版（新）\reborn_workrepo\合作指挥官版起义狂潮\Mods\XM\XMFinal.SC2Mod\Base.SC2Data\GameData\ButtonData.xml	skipped_existing
MorphtoSplitterling	CButton	游戏数据/官方SC2原始文本镜像/campaigns/swarm.sc2campaign/base.sc2data/gamedata/buttondata.xml	C:\Users\22448\Downloads\重生虫心0.71汉化版（新）\reborn_workrepo\合作指挥官版起义狂潮\Mods\XM\XMFinal.SC2Mod\Base.SC2Data\GameData\ButtonData.xml	skipped_existing
MorphToSwarmHost	CButton	游戏数据/官方SC2原始文本镜像/campaigns/swarm.sc2campaign/base.sc2data/gamedata/buttondata.xml	C:\Users\22448\Downloads\重生虫心0.71汉化版（新）\reborn_workrepo\合作指挥官版起义狂潮\Mods\XM\XMFinal.SC2Mod\Base.SC2Data\GameData\ButtonData.xml	skipped_existing
MorphToSwarmHostBurrowed	CButton	游戏数据/官方SC2原始文本镜像/campaigns/swarm.sc2campaign/base.sc2data/gamedata/buttondata.xml	C:\Users\22448\Downloads\重生虫心0.71汉化版（新）\reborn_workrepo\合作指挥官版起义狂潮\Mods\XM\XMFinal.SC2Mod\Base.SC2Data\GameData\ButtonData.xml	skipped_existing
MorphToSwarmHostSplitA	CButton	游戏数据/官方SC2原始文本镜像/mods/starcoop/starcoop.sc2mod/base.sc2data/gamedata/buttondata.xml	C:\Users\22448\Downloads\重生虫心0.71汉化版（新）\reborn_workrepo\合作指挥官版起义狂潮\Mods\XM\XMFinal.SC2Mod\Base.SC2Data\GameData\ButtonData.xml	skipped_existing
MorphToSwarmHostSplitA	CButton	游戏数据/官方SC2原始文本镜像/campaigns/swarm.sc2campaign/base.sc2data/gamedata/buttondata.xml	C:\Users\22448\Downloads\重生虫心0.71汉化版（新）\reborn_workrepo\合作指挥官版起义狂潮\Mods\XM\XMFinal.SC2Mod\Base.SC2Data\GameData\ButtonData.xml	skipped_existing
MorphToSwarmHostSplitB	CButton	游戏数据/官方SC2原始文本镜像/mods/starcoop/starcoop.sc2mod/base.sc2data/gamedata/buttondata.xml	C:\Users\22448\Downloads\重生虫心0.71汉化版（新）\reborn_workrepo\合作指挥官版起义狂潮\Mods\XM\XMFinal.SC2Mod\Base.SC2Data\GameData\ButtonData.xml	skipped_existing
MorphToSwarmHostSplitB	CButton	游戏数据/官方SC2原始文本镜像/campaigns/swarm.sc2campaign/base.sc2data/gamedata/buttondata.xml	C:\Users\22448\Downloads\重生虫心0.71汉化版（新）\reborn_workrepo\合作指挥官版起义狂潮\Mods\XM\XMFinal.SC2Mod\Base.SC2Data\GameData\ButtonData.xml	skipped_existing
MorphUltraliskToNoxious	CButton	游戏数据/官方SC2原始文本镜像/campaigns/swarm.sc2campaign/base.sc2data/gamedata/buttondata.xml	C:\Users\22448\Downloads\重生虫心0.71汉化版（新）\reborn_workrepo\合作指挥官版起义狂潮\Mods\XM\XMFinal.SC2Mod\Base.SC2Data\GameData\ButtonData.xml	skipped_existing
MorphUltraliskToTorrasque	CButton	游戏数据/官方SC2原始文本镜像/campaigns/swarm.sc2campaign/base.sc2data/gamedata/buttondata.xml	C:\Users\22448\Downloads\重生虫心0.71汉化版（新）\reborn_workrepo\合作指挥官版起义狂潮\Mods\XM\XMFinal.SC2Mod\Base.SC2Data\GameData\ButtonData.xml	skipped_existing
MorphZerglingToRaptor	CButton	游戏数据/官方SC2原始文本镜像/campaigns/swarm.sc2campaign/base.sc2data/gamedata/buttondata.xml	C:\Users\22448\Downloads\重生虫心0.71汉化版（新）\reborn_workrepo\合作指挥官版起义狂潮\Mods\XM\XMFinal.SC2Mod\Base.SC2Data\GameData\ButtonData.xml	skipped_existing
MorphZerglingToSwarmling	CButton	游戏数据/官方SC2原始文本镜像/campaigns/swarm.sc2campaign/base.sc2data/gamedata/buttondata.xml	C:\Users\22448\Downloads\重生虫心0.71汉化版（新）\reborn_workrepo\合作指挥官版起义狂潮\Mods\XM\XMFinal.SC2Mod\Base.SC2Data\GameData\ButtonData.xml	skipped_existing
MuscularAugmentsCoop	CButton	游戏数据/官方SC2原始文本镜像/mods/starcoop/starcoop.sc2mod/base.sc2data/gamedata/buttondata.xml	C:\Users\22448\Downloads\重生虫心0.71汉化版（新）\reborn_workrepo\合作指挥官版起义狂潮\Mods\XM\XMFinal.SC2Mod\Base.SC2Data\GameData\ButtonData.xml	skipped_existing
MutaliskBroodlordPassive	CButton	游戏数据/官方SC2原始文本镜像/campaigns/swarm.sc2campaign/base.sc2data/gamedata/buttondata.xml	C:\Users\22448\Downloads\重生虫心0.71汉化版（新）\reborn_workrepo\合作指挥官版起义狂潮\Mods\XM\XMFinal.SC2Mod\Base.SC2Data\GameData\ButtonData.xml	skipped_existing
MutaliskBroodlordPassiveGreater	CButton	游戏数据/官方SC2原始文本镜像/campaigns/swarm.sc2campaign/base.sc2data/gamedata/buttondata.xml	C:\Users\22448\Downloads\重生虫心0.71汉化版（新）\reborn_workrepo\合作指挥官版起义狂潮\Mods\XM\XMFinal.SC2Mod\Base.SC2Data\GameData\ButtonData.xml	skipped_existing
MutaliskPassive	CButton	游戏数据/官方SC2原始文本镜像/campaigns/swarm.sc2campaign/base.sc2data/gamedata/buttondata.xml	C:\Users\22448\Downloads\重生虫心0.71汉化版（新）\reborn_workrepo\合作指挥官版起义狂潮\Mods\XM\XMFinal.SC2Mod\Base.SC2Data\GameData\ButtonData.xml	skipped_existing
MutaliskPassiveGreater	CButton	游戏数据/官方SC2原始文本镜像/campaigns/swarm.sc2campaign/base.sc2data/gamedata/buttondata.xml	C:\Users\22448\Downloads\重生虫心0.71汉化版（新）\reborn_workrepo\合作指挥官版起义狂潮\Mods\XM\XMFinal.SC2Mod\Base.SC2Data\GameData\ButtonData.xml	skipped_existing
MutaliskViperPassive	CButton	游戏数据/官方SC2原始文本镜像/campaigns/swarm.sc2campaign/base.sc2data/gamedata/buttondata.xml	C:\Users\22448\Downloads\重生虫心0.71汉化版（新）\reborn_workrepo\合作指挥官版起义狂潮\Mods\XM\XMFinal.SC2Mod\Base.SC2Data\GameData\ButtonData.xml	skipped_existing
MutaliskViperPassiveGreater	CButton	游戏数据/官方SC2原始文本镜像/campaigns/swarm.sc2campaign/base.sc2data/gamedata/buttondata.xml	C:\Users\22448\Downloads\重生虫心0.71汉化版（新）\reborn_workrepo\合作指挥官版起义狂潮\Mods\XM\XMFinal.SC2Mod\Base.SC2Data\GameData\ButtonData.xml	skipped_existing
MutateintoLurkerDenLocked	CButton	游戏数据/官方SC2原始文本镜像/mods/starcoop/starcoop.sc2mod/base.sc2data/gamedata/buttondata.xml	C:\Users\22448\Downloads\重生虫心0.71汉化版（新）\reborn_workrepo\合作指挥官版起义狂潮\Mods\XM\XMFinal.SC2Mod\Base.SC2Data\GameData\ButtonData.xml	skipped_existing
MutatorWorkerSleep	CButton	游戏数据/官方SC2原始文本镜像/mods/starcoop/starcoop.sc2mod/base.sc2data/gamedata/buttondata.xml	C:\Users\22448\Downloads\重生虫心0.71汉化版（新）\reborn_workrepo\合作指挥官版起义狂潮\Mods\XM\XMFinal.SC2Mod\Base.SC2Data\GameData\ButtonData.xml	skipped_existing
NoxiousCloud	CButton	游戏数据/官方SC2原始文本镜像/campaigns/swarm.sc2campaign/base.sc2data/gamedata/buttondata.xml	C:\Users\22448\Downloads\重生虫心0.71汉化版（新）\reborn_workrepo\合作指挥官版起义狂潮\Mods\XM\XMFinal.SC2Mod\Base.SC2Data\GameData\ButtonData.xml	skipped_existing
NoxiousCreep	CButton	游戏数据/官方SC2原始文本镜像/campaigns/swarm.sc2campaign/base.sc2data/gamedata/buttondata.xml	C:\Users\22448\Downloads\重生虫心0.71汉化版（新）\reborn_workrepo\合作指挥官版起义狂潮\Mods\XM\XMFinal.SC2Mod\Base.SC2Data\GameData\ButtonData.xml	skipped_existing
NPSwarm	CButton	游戏数据/官方SC2原始文本镜像/campaigns/swarm.sc2campaign/base.sc2data/gamedata/buttondata.xml	C:\Users\22448\Downloads\重生虫心0.71汉化版（新）\reborn_workrepo\合作指挥官版起义狂潮\Mods\XM\XMFinal.SC2Mod\Base.SC2Data\GameData\ButtonData.xml	skipped_existing
OmegaLoad	CButton	游戏数据/官方SC2原始文本镜像/mods/starcoop/starcoop.sc2mod/base.sc2data/gamedata/buttondata.xml	C:\Users\22448\Downloads\重生虫心0.71汉化版（新）\reborn_workrepo\合作指挥官版起义狂潮\Mods\XM\XMFinal.SC2Mod\Base.SC2Data\GameData\ButtonData.xml	skipped_existing
PassiveBileLauncher	CButton	游戏数据/官方SC2原始文本镜像/mods/starcoop/starcoop.sc2mod/base.sc2data/gamedata/buttondata.xml	C:\Users\22448\Downloads\重生虫心0.71汉化版（新）\reborn_workrepo\合作指挥官版起义狂潮\Mods\XM\XMFinal.SC2Mod\Base.SC2Data\GameData\ButtonData.xml	skipped_existing
PassiveBileLauncherLocked	CButton	游戏数据/官方SC2原始文本镜像/mods/starcoop/starcoop.sc2mod/base.sc2data/gamedata/buttondata.xml	C:\Users\22448\Downloads\重生虫心0.71汉化版（新）\reborn_workrepo\合作指挥官版起义狂潮\Mods\XM\XMFinal.SC2Mod\Base.SC2Data\GameData\ButtonData.xml	skipped_existing
PoisonNova	CButton	游戏数据/官方SC2原始文本镜像/campaigns/swarm.sc2campaign/base.sc2data/gamedata/buttondata.xml	C:\Users\22448\Downloads\重生虫心0.71汉化版（新）\reborn_workrepo\合作指挥官版起义狂潮\Mods\XM\XMFinal.SC2Mod\Base.SC2Data\GameData\ButtonData.xml	skipped_existing
PrestigeAbilLocked	CButton	游戏数据/官方SC2原始文本镜像/mods/starcoop/starcoop.sc2mod/base.sc2data/gamedata/buttondata.xml	C:\Users\22448\Downloads\重生虫心0.71汉化版（新）\reborn_workrepo\合作指挥官版起义狂潮\Mods\XM\XMFinal.SC2Mod\Base.SC2Data\GameData\ButtonData.xml	skipped_existing
PrimalHeal	CButton	游戏数据/官方SC2原始文本镜像/campaigns/swarm.sc2campaign/base.sc2data/gamedata/buttondata.xml	C:\Users\22448\Downloads\重生虫心0.71汉化版（新）\reborn_workrepo\合作指挥官版起义狂潮\Mods\XM\XMFinal.SC2Mod\Base.SC2Data\GameData\ButtonData.xml	skipped_existing
PrimalHydralisk	CButton	游戏数据/官方SC2原始文本镜像/campaigns/swarm.sc2campaign/base.sc2data/gamedata/buttondata.xml	C:\Users\22448\Downloads\重生虫心0.71汉化版（新）\reborn_workrepo\合作指挥官版起义狂潮\Mods\XM\XMFinal.SC2Mod\Base.SC2Data\GameData\ButtonData.xml	skipped_existing
PrimalSlash	CButton	游戏数据/官方SC2原始文本镜像/mods/starcoop/starcoop.sc2mod/base.sc2data/gamedata/buttondata.xml	C:\Users\22448\Downloads\重生虫心0.71汉化版（新）\reborn_workrepo\合作指挥官版起义狂潮\Mods\XM\XMFinal.SC2Mod\Base.SC2Data\GameData\ButtonData.xml	skipped_existing
PrimalSlash	CButton	游戏数据/官方SC2原始文本镜像/campaigns/swarm.sc2campaign/base.sc2data/gamedata/buttondata.xml	C:\Users\22448\Downloads\重生虫心0.71汉化版（新）\reborn_workrepo\合作指挥官版起义狂潮\Mods\XM\XMFinal.SC2Mod\Base.SC2Data\GameData\ButtonData.xml	skipped_existing
PsionicLift	CButton	游戏数据/官方SC2原始文本镜像/mods/starcoop/starcoop.sc2mod/base.sc2data/gamedata/buttondata.xml	C:\Users\22448\Downloads\重生虫心0.71汉化版（新）\reborn_workrepo\合作指挥官版起义狂潮\Mods\XM\XMFinal.SC2Mod\Base.SC2Data\GameData\ButtonData.xml	skipped_existing
PsionicLift	CButton	游戏数据/官方SC2原始文本镜像/campaigns/swarm.sc2campaign/base.sc2data/gamedata/buttondata.xml	C:\Users\22448\Downloads\重生虫心0.71汉化版（新）\reborn_workrepo\合作指挥官版起义狂潮\Mods\XM\XMFinal.SC2Mod\Base.SC2Data\GameData\ButtonData.xml	skipped_existing
PsiStrike	CButton	游戏数据/官方SC2原始文本镜像/mods/starcoop/starcoop.sc2mod/base.sc2data/gamedata/buttondata.xml	C:\Users\22448\Downloads\重生虫心0.71汉化版（新）\reborn_workrepo\合作指挥官版起义狂潮\Mods\XM\XMFinal.SC2Mod\Base.SC2Data\GameData\ButtonData.xml	skipped_existing
PsiStrike	CButton	游戏数据/官方SC2原始文本镜像/campaigns/swarm.sc2campaign/base.sc2data/gamedata/buttondata.xml	C:\Users\22448\Downloads\重生虫心0.71汉化版（新）\reborn_workrepo\合作指挥官版起义狂潮\Mods\XM\XMFinal.SC2Mod\Base.SC2Data\GameData\ButtonData.xml	skipped_existing
Queen	CButton	游戏数据/官方SC2原始文本镜像/mods/starcoop/starcoop.sc2mod/base.sc2data/gamedata/buttondata.xml	C:\Users\22448\Downloads\重生虫心0.71汉化版（新）\reborn_workrepo\合作指挥官版起义狂潮\Mods\XM\XMFinal.SC2Mod\Base.SC2Data\GameData\ButtonData.xml	skipped_existing
QueenBurstHeal	CButton	游戏数据/官方SC2原始文本镜像/campaigns/swarm.sc2campaign/base.sc2data/gamedata/buttondata.xml	C:\Users\22448\Downloads\重生虫心0.71汉化版（新）\reborn_workrepo\合作指挥官版起义狂潮\Mods\XM\XMFinal.SC2Mod\Base.SC2Data\GameData\ButtonData.xml	skipped_existing
QueenClassic	CButton	游戏数据/官方SC2原始文本镜像/mods/starcoop/starcoop.sc2mod/base.sc2data/gamedata/buttondata.xml	C:\Users\22448\Downloads\重生虫心0.71汉化版（新）\reborn_workrepo\合作指挥官版起义狂潮\Mods\XM\XMFinal.SC2Mod\Base.SC2Data\GameData\ButtonData.xml	skipped_existing
QueenCoop	CButton	游戏数据/官方SC2原始文本镜像/mods/starcoop/starcoop.sc2mod/base.sc2data/gamedata/buttondata.xml	C:\Users\22448\Downloads\重生虫心0.71汉化版（新）\reborn_workrepo\合作指挥官版起义狂潮\Mods\XM\XMFinal.SC2Mod\Base.SC2Data\GameData\ButtonData.xml	skipped_existing
QueenofBladesLocked	CButton	游戏数据/官方SC2原始文本镜像/mods/starcoop/starcoop.sc2mod/base.sc2data/gamedata/buttondata.xml	C:\Users\22448\Downloads\重生虫心0.71汉化版（新）\reborn_workrepo\合作指挥官版起义狂潮\Mods\XM\XMFinal.SC2Mod\Base.SC2Data\GameData\ButtonData.xml	skipped_existing
QueenPassive	CButton	游戏数据/官方SC2原始文本镜像/campaigns/swarm.sc2campaign/base.sc2data/gamedata/buttondata.xml	C:\Users\22448\Downloads\重生虫心0.71汉化版（新）\reborn_workrepo\合作指挥官版起义狂潮\Mods\XM\XMFinal.SC2Mod\Base.SC2Data\GameData\ButtonData.xml	skipped_existing
RapidIncubation	CButton	游戏数据/官方SC2原始文本镜像/campaigns/swarm.sc2campaign/base.sc2data/gamedata/buttondata.xml	C:\Users\22448\Downloads\重生虫心0.71汉化版（新）\reborn_workrepo\合作指挥官版起义狂潮\Mods\XM\XMFinal.SC2Mod\Base.SC2Data\GameData\ButtonData.xml	skipped_existing
RaptorCliffJumper	CButton	游戏数据/官方SC2原始文本镜像/campaigns/swarm.sc2campaign/base.sc2data/gamedata/buttondata.xml	C:\Users\22448\Downloads\重生虫心0.71汉化版（新）\reborn_workrepo\合作指挥官版起义狂潮\Mods\XM\XMFinal.SC2Mod\Base.SC2Data\GameData\ButtonData.xml	skipped_existing
RaptorPassive	CButton	游戏数据/官方SC2原始文本镜像/campaigns/swarm.sc2campaign/base.sc2data/gamedata/buttondata.xml	C:\Users\22448\Downloads\重生虫心0.71汉化版（新）\reborn_workrepo\合作指挥官版起义狂潮\Mods\XM\XMFinal.SC2Mod\Base.SC2Data\GameData\ButtonData.xml	skipped_existing
RavagerPassive	CButton	游戏数据/官方SC2原始文本镜像/mods/starcoop/starcoop.sc2mod/base.sc2data/gamedata/buttondata.xml	C:\Users\22448\Downloads\重生虫心0.71汉化版（新）\reborn_workrepo\合作指挥官版起义狂潮\Mods\XM\XMFinal.SC2Mod\Base.SC2Data\GameData\ButtonData.xml	skipped_existing
ResearchLurkerRange	CButton	游戏数据/官方SC2原始文本镜像/mods/starcoop/starcoop.sc2mod/base.sc2data/gamedata/buttondata.xml	C:\Users\22448\Downloads\重生虫心0.71汉化版（新）\reborn_workrepo\合作指挥官版起义狂潮\Mods\XM\XMFinal.SC2Mod\Base.SC2Data\GameData\ButtonData.xml	skipped_existing
ResearchSeismicSpinesAbathur	CButton	游戏数据/官方SC2原始文本镜像/mods/starcoop/starcoop.sc2mod/base.sc2data/gamedata/buttondata.xml	C:\Users\22448\Downloads\重生虫心0.71汉化版（新）\reborn_workrepo\合作指挥官版起义狂潮\Mods\XM\XMFinal.SC2Mod\Base.SC2Data\GameData\ButtonData.xml	skipped_existing
RespawnZergling	CButton	游戏数据/官方SC2原始文本镜像/campaigns/swarm.sc2campaign/base.sc2data/gamedata/buttondata.xml	C:\Users\22448\Downloads\重生虫心0.71汉化版（新）\reborn_workrepo\合作指挥官版起义狂潮\Mods\XM\XMFinal.SC2Mod\Base.SC2Data\GameData\ButtonData.xml	skipped_existing
RoachCorpser	CButton	游戏数据/官方SC2原始文本镜像/campaigns/swarm.sc2campaign/base.sc2data/gamedata/buttondata.xml	C:\Users\22448\Downloads\重生虫心0.71汉化版（新）\reborn_workrepo\合作指挥官版起义狂潮\Mods\XM\XMFinal.SC2Mod\Base.SC2Data\GameData\ButtonData.xml	skipped_existing
RoachCorpserPassive	CButton	游戏数据/官方SC2原始文本镜像/campaigns/swarm.sc2campaign/base.sc2data/gamedata/buttondata.xml	C:\Users\22448\Downloads\重生虫心0.71汉化版（新）\reborn_workrepo\合作指挥官版起义狂潮\Mods\XM\XMFinal.SC2Mod\Base.SC2Data\GameData\ButtonData.xml	skipped_existing
RoachPassive	CButton	游戏数据/官方SC2原始文本镜像/campaigns/swarm.sc2campaign/base.sc2data/gamedata/buttondata.xml	C:\Users\22448\Downloads\重生虫心0.71汉化版（新）\reborn_workrepo\合作指挥官版起义狂潮\Mods\XM\XMFinal.SC2Mod\Base.SC2Data\GameData\ButtonData.xml	skipped_existing
RoachVile	CButton	游戏数据/官方SC2原始文本镜像/campaigns/swarm.sc2campaign/base.sc2data/gamedata/buttondata.xml	C:\Users\22448\Downloads\重生虫心0.71汉化版（新）\reborn_workrepo\合作指挥官版起义狂潮\Mods\XM\XMFinal.SC2Mod\Base.SC2Data\GameData\ButtonData.xml	skipped_existing
RoachVilePassive	CButton	游戏数据/官方SC2原始文本镜像/campaigns/swarm.sc2campaign/base.sc2data/gamedata/buttondata.xml	C:\Users\22448\Downloads\重生虫心0.71汉化版（新）\reborn_workrepo\合作指挥官版起义狂潮\Mods\XM\XMFinal.SC2Mod\Base.SC2Data\GameData\ButtonData.xml	skipped_existing
RuptureUpgrade	CButton	游戏数据/官方SC2原始文本镜像/campaigns/swarm.sc2campaign/base.sc2data/gamedata/buttondata.xml	C:\Users\22448\Downloads\重生虫心0.71汉化版（新）\reborn_workrepo\合作指挥官版起义狂潮\Mods\XM\XMFinal.SC2Mod\Base.SC2Data\GameData\ButtonData.xml	skipped_existing
ScourgeNest	CButton	游戏数据/官方SC2原始文本镜像/mods/starcoop/starcoop.sc2mod/base.sc2data/gamedata/buttondata.xml	C:\Users\22448\Downloads\重生虫心0.71汉化版（新）\reborn_workrepo\合作指挥官版起义狂潮\Mods\XM\XMFinal.SC2Mod\Base.SC2Data\GameData\ButtonData.xml	skipped_existing
ScourgeNestSpawnerLocked	CButton	游戏数据/官方SC2原始文本镜像/mods/starcoop/starcoop.sc2mod/base.sc2data/gamedata/buttondata.xml	C:\Users\22448\Downloads\重生虫心0.71汉化版（新）\reborn_workrepo\合作指挥官版起义狂潮\Mods\XM\XMFinal.SC2Mod\Base.SC2Data\GameData\ButtonData.xml	skipped_existing
ScourgePassive	CButton	游戏数据/官方SC2原始文本镜像/mods/starcoop/starcoop.sc2mod/base.sc2data/gamedata/buttondata.xml	C:\Users\22448\Downloads\重生虫心0.71汉化版（新）\reborn_workrepo\合作指挥官版起义狂潮\Mods\XM\XMFinal.SC2Mod\Base.SC2Data\GameData\ButtonData.xml	skipped_existing
SIOverlord	CButton	游戏数据/官方SC2原始文本镜像/mods/starcoop/starcoop.sc2mod/base.sc2data/gamedata/buttondata.xml	C:\Users\22448\Downloads\重生虫心0.71汉化版（新）\reborn_workrepo\合作指挥官版起义狂潮\Mods\XM\XMFinal.SC2Mod\Base.SC2Data\GameData\ButtonData.xml	skipped_existing
SIQueenFungalGrowth	CButton	游戏数据/官方SC2原始文本镜像/mods/starcoop/starcoop.sc2mod/base.sc2data/gamedata/buttondata.xml	C:\Users\22448\Downloads\重生虫心0.71汉化版（新）\reborn_workrepo\合作指挥官版起义狂潮\Mods\XM\XMFinal.SC2Mod\Base.SC2Data\GameData\ButtonData.xml	skipped_existing
SpawnBanelings	CButton	游戏数据/官方SC2原始文本镜像/campaigns/swarm.sc2campaign/base.sc2data/gamedata/buttondata.xml	C:\Users\22448\Downloads\重生虫心0.71汉化版（新）\reborn_workrepo\合作指挥官版起义狂潮\Mods\XM\XMFinal.SC2Mod\Base.SC2Data\GameData\ButtonData.xml	skipped_existing
SpineCrawlerPassive	CButton	游戏数据/官方SC2原始文本镜像/campaigns/swarm.sc2campaign/base.sc2data/gamedata/buttondata.xml	C:\Users\22448\Downloads\重生虫心0.71汉化版（新）\reborn_workrepo\合作指挥官版起义狂潮\Mods\XM\XMFinal.SC2Mod\Base.SC2Data\GameData\ButtonData.xml	skipped_existing
Splitterling	CButton	游戏数据/官方SC2原始文本镜像/campaigns/swarm.sc2campaign/base.sc2data/gamedata/buttondata.xml	C:\Users\22448\Downloads\重生虫心0.71汉化版（新）\reborn_workrepo\合作指挥官版起义狂潮\Mods\XM\XMFinal.SC2Mod\Base.SC2Data\GameData\ButtonData.xml	skipped_existing
SporeCrawlerPassive	CButton	游戏数据/官方SC2原始文本镜像/campaigns/swarm.sc2campaign/base.sc2data/gamedata/buttondata.xml	C:\Users\22448\Downloads\重生虫心0.71汉化版（新）\reborn_workrepo\合作指挥官版起义狂潮\Mods\XM\XMFinal.SC2Mod\Base.SC2Data\GameData\ButtonData.xml	skipped_existing
Spray	CButton	游戏数据/官方SC2原始文本镜像/mods/starcoop/starcoop.sc2mod/base.sc2data/gamedata/buttondata.xml	C:\Users\22448\Downloads\重生虫心0.71汉化版（新）\reborn_workrepo\合作指挥官版起义狂潮\Mods\XM\XMFinal.SC2Mod\Base.SC2Data\GameData\ButtonData.xml	skipped_existing
StukovCrystalChannel	CButton	游戏数据/官方SC2原始文本镜像/campaigns/swarm.sc2campaign/base.sc2data/gamedata/buttondata.xml	C:\Users\22448\Downloads\重生虫心0.71汉化版（新）\reborn_workrepo\合作指挥官版起义狂潮\Mods\XM\XMFinal.SC2Mod\Base.SC2Data\GameData\ButtonData.xml	skipped_existing
StukovInfestedCivilianSpawnBroodlingsOnDeath	CButton	游戏数据/官方SC2原始文本镜像/mods/starcoop/starcoop.sc2mod/base.sc2data/gamedata/buttondata.xml	C:\Users\22448\Downloads\重生虫心0.71汉化版（新）\reborn_workrepo\合作指挥官版起义狂潮\Mods\XM\XMFinal.SC2Mod\Base.SC2Data\GameData\ButtonData.xml	skipped_existing
StukovInfestedTerrans	CButton	游戏数据/官方SC2原始文本镜像/campaigns/swarm.sc2campaign/base.sc2data/gamedata/buttondata.xml	C:\Users\22448\Downloads\重生虫心0.71汉化版（新）\reborn_workrepo\合作指挥官版起义狂潮\Mods\XM\XMFinal.SC2Mod\Base.SC2Data\GameData\ButtonData.xml	skipped_existing
StukovRegenAura	CButton	游戏数据/官方SC2原始文本镜像/campaigns/swarm.sc2campaign/base.sc2data/gamedata/buttondata.xml	C:\Users\22448\Downloads\重生虫心0.71汉化版（新）\reborn_workrepo\合作指挥官版起义狂潮\Mods\XM\XMFinal.SC2Mod\Base.SC2Data\GameData\ButtonData.xml	skipped_existing
SwarmHostCarrionPassive	CButton	游戏数据/官方SC2原始文本镜像/campaigns/swarm.sc2campaign/base.sc2data/gamedata/buttondata.xml	C:\Users\22448\Downloads\重生虫心0.71汉化版（新）\reborn_workrepo\合作指挥官版起义狂潮\Mods\XM\XMFinal.SC2Mod\Base.SC2Data\GameData\ButtonData.xml	skipped_existing
SwarmHostCreeperPassive	CButton	游戏数据/官方SC2原始文本镜像/campaigns/swarm.sc2campaign/base.sc2data/gamedata/buttondata.xml	C:\Users\22448\Downloads\重生虫心0.71汉化版（新）\reborn_workrepo\合作指挥官版起义狂潮\Mods\XM\XMFinal.SC2Mod\Base.SC2Data\GameData\ButtonData.xml	skipped_existing
SwarmHostDeepBurrow	CButton	游戏数据/官方SC2原始文本镜像/mods/starcoop/starcoop.sc2mod/base.sc2data/gamedata/buttondata.xml	C:\Users\22448\Downloads\重生虫心0.71汉化版（新）\reborn_workrepo\合作指挥官版起义狂潮\Mods\XM\XMFinal.SC2Mod\Base.SC2Data\GameData\ButtonData.xml	skipped_existing
SwarmHostDeepBurrow	CButton	游戏数据/官方SC2原始文本镜像/campaigns/swarm.sc2campaign/base.sc2data/gamedata/buttondata.xml	C:\Users\22448\Downloads\重生虫心0.71汉化版（新）\reborn_workrepo\合作指挥官版起义狂潮\Mods\XM\XMFinal.SC2Mod\Base.SC2Data\GameData\ButtonData.xml	skipped_existing
SwarmHostGenerateCreep	CButton	游戏数据/官方SC2原始文本镜像/campaigns/swarm.sc2campaign/base.sc2data/gamedata/buttondata.xml	C:\Users\22448\Downloads\重生虫心0.71汉化版（新）\reborn_workrepo\合作指挥官版起义狂潮\Mods\XM\XMFinal.SC2Mod\Base.SC2Data\GameData\ButtonData.xml	skipped_existing
SwarmHostMP	CButton	游戏数据/官方SC2原始文本镜像/mods/starcoop/starcoop.sc2mod/base.sc2data/gamedata/buttondata.xml	C:\Users\22448\Downloads\重生虫心0.71汉化版（新）\reborn_workrepo\合作指挥官版起义狂潮\Mods\XM\XMFinal.SC2Mod\Base.SC2Data\GameData\ButtonData.xml	skipped_existing
SwarmHostPassive	CButton	游戏数据/官方SC2原始文本镜像/campaigns/swarm.sc2campaign/base.sc2data/gamedata/buttondata.xml	C:\Users\22448\Downloads\重生虫心0.71汉化版（新）\reborn_workrepo\合作指挥官版起义狂潮\Mods\XM\XMFinal.SC2Mod\Base.SC2Data\GameData\ButtonData.xml	skipped_existing
SwarmHostRoot	CButton	游戏数据/官方SC2原始文本镜像/campaigns/swarm.sc2campaign/base.sc2data/gamedata/buttondata.xml	C:\Users\22448\Downloads\重生虫心0.71汉化版（新）\reborn_workrepo\合作指挥官版起义狂潮\Mods\XM\XMFinal.SC2Mod\Base.SC2Data\GameData\ButtonData.xml	skipped_existing
SwarmHostRootBurrow	CButton	游戏数据/官方SC2原始文本镜像/campaigns/swarm.sc2campaign/base.sc2data/gamedata/buttondata.xml	C:\Users\22448\Downloads\重生虫心0.71汉化版（新）\reborn_workrepo\合作指挥官版起义狂潮\Mods\XM\XMFinal.SC2Mod\Base.SC2Data\GameData\ButtonData.xml	skipped_existing
SwarmHostSplitA	CButton	游戏数据/官方SC2原始文本镜像/campaigns/swarm.sc2campaign/base.sc2data/gamedata/buttondata.xml	C:\Users\22448\Downloads\重生虫心0.71汉化版（新）\reborn_workrepo\合作指挥官版起义狂潮\Mods\XM\XMFinal.SC2Mod\Base.SC2Data\GameData\ButtonData.xml	skipped_existing
SwarmHostSplitB	CButton	游戏数据/官方SC2原始文本镜像/campaigns/swarm.sc2campaign/base.sc2data/gamedata/buttondata.xml	C:\Users\22448\Downloads\重生虫心0.71汉化版（新）\reborn_workrepo\合作指挥官版起义狂潮\Mods\XM\XMFinal.SC2Mod\Base.SC2Data\GameData\ButtonData.xml	skipped_existing
SwarmHostUproot	CButton	游戏数据/官方SC2原始文本镜像/campaigns/swarm.sc2campaign/base.sc2data/gamedata/buttondata.xml	C:\Users\22448\Downloads\重生虫心0.71汉化版（新）\reborn_workrepo\合作指挥官版起义狂潮\Mods\XM\XMFinal.SC2Mod\Base.SC2Data\GameData\ButtonData.xml	skipped_existing
SwarmHostUprootUnburrow	CButton	游戏数据/官方SC2原始文本镜像/campaigns/swarm.sc2campaign/base.sc2data/gamedata/buttondata.xml	C:\Users\22448\Downloads\重生虫心0.71汉化版（新）\reborn_workrepo\合作指挥官版起义狂潮\Mods\XM\XMFinal.SC2Mod\Base.SC2Data\GameData\ButtonData.xml	skipped_existing
SwarmlingPassive	CButton	游戏数据/官方SC2原始文本镜像/campaigns/swarm.sc2campaign/base.sc2data/gamedata/buttondata.xml	C:\Users\22448\Downloads\重生虫心0.71汉化版（新）\reborn_workrepo\合作指挥官版起义狂潮\Mods\XM\XMFinal.SC2Mod\Base.SC2Data\GameData\ButtonData.xml	skipped_existing
SwarmQueen	CButton	游戏数据/官方SC2原始文本镜像/campaigns/swarm.sc2campaign/base.sc2data/gamedata/buttondata.xml	C:\Users\22448\Downloads\重生虫心0.71汉化版（新）\reborn_workrepo\合作指挥官版起义狂潮\Mods\XM\XMFinal.SC2Mod\Base.SC2Data\GameData\ButtonData.xml	skipped_existing
SwarmQueenCorpser	CButton	游戏数据/官方SC2原始文本镜像/campaigns/swarm.sc2campaign/base.sc2data/gamedata/buttondata.xml	C:\Users\22448\Downloads\重生虫心0.71汉化版（新）\reborn_workrepo\合作指挥官版起义狂潮\Mods\XM\XMFinal.SC2Mod\Base.SC2Data\GameData\ButtonData.xml	skipped_existing
SwarmQueenHydralisk	CButton	游戏数据/官方SC2原始文本镜像/campaigns/swarm.sc2campaign/base.sc2data/gamedata/buttondata.xml	C:\Users\22448\Downloads\重生虫心0.71汉化版（新）\reborn_workrepo\合作指挥官版起义狂潮\Mods\XM\XMFinal.SC2Mod\Base.SC2Data\GameData\ButtonData.xml	skipped_existing
SwarmQueenHydraliskImpaler	CButton	游戏数据/官方SC2原始文本镜像/campaigns/swarm.sc2campaign/base.sc2data/gamedata/buttondata.xml	C:\Users\22448\Downloads\重生虫心0.71汉化版（新）\reborn_workrepo\合作指挥官版起义狂潮\Mods\XM\XMFinal.SC2Mod\Base.SC2Data\GameData\ButtonData.xml	skipped_existing
SwarmQueenHydraliskLurker	CButton	游戏数据/官方SC2原始文本镜像/campaigns/swarm.sc2campaign/base.sc2data/gamedata/buttondata.xml	C:\Users\22448\Downloads\重生虫心0.71汉化版（新）\reborn_workrepo\合作指挥官版起义狂潮\Mods\XM\XMFinal.SC2Mod\Base.SC2Data\GameData\ButtonData.xml	skipped_existing
SwarmQueenParasiticInvasion	CButton	游戏数据/官方SC2原始文本镜像/campaigns/swarm.sc2campaign/base.sc2data/gamedata/buttondata.xml	C:\Users\22448\Downloads\重生虫心0.71汉化版（新）\reborn_workrepo\合作指挥官版起义狂潮\Mods\XM\XMFinal.SC2Mod\Base.SC2Data\GameData\ButtonData.xml	skipped_existing
SwarmQueenRaptor	CButton	游戏数据/官方SC2原始文本镜像/campaigns/swarm.sc2campaign/base.sc2data/gamedata/buttondata.xml	C:\Users\22448\Downloads\重生虫心0.71汉化版（新）\reborn_workrepo\合作指挥官版起义狂潮\Mods\XM\XMFinal.SC2Mod\Base.SC2Data\GameData\ButtonData.xml	skipped_existing
SwarmQueenRegenAura	CButton	游戏数据/官方SC2原始文本镜像/campaigns/swarm.sc2campaign/base.sc2data/gamedata/buttondata.xml	C:\Users\22448\Downloads\重生虫心0.71汉化版（新）\reborn_workrepo\合作指挥官版起义狂潮\Mods\XM\XMFinal.SC2Mod\Base.SC2Data\GameData\ButtonData.xml	skipped_existing
SwarmQueenRoach	CButton	游戏数据/官方SC2原始文本镜像/campaigns/swarm.sc2campaign/base.sc2data/gamedata/buttondata.xml	C:\Users\22448\Downloads\重生虫心0.71汉化版（新）\reborn_workrepo\合作指挥官版起义狂潮\Mods\XM\XMFinal.SC2Mod\Base.SC2Data\GameData\ButtonData.xml	skipped_existing
SwarmQueenSwarmling	CButton	游戏数据/官方SC2原始文本镜像/campaigns/swarm.sc2campaign/base.sc2data/gamedata/buttondata.xml	C:\Users\22448\Downloads\重生虫心0.71汉化版（新）\reborn_workrepo\合作指挥官版起义狂潮\Mods\XM\XMFinal.SC2Mod\Base.SC2Data\GameData\ButtonData.xml	skipped_existing
SwarmQueenVile	CButton	游戏数据/官方SC2原始文本镜像/campaigns/swarm.sc2campaign/base.sc2data/gamedata/buttondata.xml	C:\Users\22448\Downloads\重生虫心0.71汉化版（新）\reborn_workrepo\合作指挥官版起义狂潮\Mods\XM\XMFinal.SC2Mod\Base.SC2Data\GameData\ButtonData.xml	skipped_existing
SwarmQueenZergling	CButton	游戏数据/官方SC2原始文本镜像/campaigns/swarm.sc2campaign/base.sc2data/gamedata/buttondata.xml	C:\Users\22448\Downloads\重生虫心0.71汉化版（新）\reborn_workrepo\合作指挥官版起义狂潮\Mods\XM\XMFinal.SC2Mod\Base.SC2Data\GameData\ButtonData.xml	skipped_existing
SymbioteCarapace	CButton	游戏数据/官方SC2原始文本镜像/mods/starcoop/starcoop.sc2mod/base.sc2data/gamedata/buttondata.xml	C:\Users\22448\Downloads\重生虫心0.71汉化版（新）\reborn_workrepo\合作指挥官版起义狂潮\Mods\XM\XMFinal.SC2Mod\Base.SC2Data\GameData\ButtonData.xml	skipped_existing
Tempest	CButton	游戏数据/官方SC2原始文本镜像/mods/starcoop/starcoop.sc2mod/base.sc2data/gamedata/buttondata.xml	C:\Users\22448\Downloads\重生虫心0.71汉化版（新）\reborn_workrepo\合作指挥官版起义狂潮\Mods\XM\XMFinal.SC2Mod\Base.SC2Data\GameData\ButtonData.xml	skipped_existing
TentacleAttack	CButton	游戏数据/官方SC2原始文本镜像/mods/starcoop/starcoop.sc2mod/base.sc2data/gamedata/buttondata.xml	C:\Users\22448\Downloads\重生虫心0.71汉化版（新）\reborn_workrepo\合作指挥官版起义狂潮\Mods\XM\XMFinal.SC2Mod\Base.SC2Data\GameData\ButtonData.xml	skipped_existing
TissueAssimilation	CButton	游戏数据/官方SC2原始文本镜像/campaigns/swarm.sc2campaign/base.sc2data/gamedata/buttondata.xml	C:\Users\22448\Downloads\重生虫心0.71汉化版（新）\reborn_workrepo\合作指挥官版起义狂潮\Mods\XM\XMFinal.SC2Mod\Base.SC2Data\GameData\ButtonData.xml	skipped_existing
TorrasqueChrysalis	CButton	游戏数据/官方SC2原始文本镜像/campaigns/swarm.sc2campaign/base.sc2data/gamedata/buttondata.xml	C:\Users\22448\Downloads\重生虫心0.71汉化版（新）\reborn_workrepo\合作指挥官版起义狂潮\Mods\XM\XMFinal.SC2Mod\Base.SC2Data\GameData\ButtonData.xml	skipped_existing
TorrasqueChrysalisFakeTimer	CButton	游戏数据/官方SC2原始文本镜像/campaigns/swarm.sc2campaign/base.sc2data/gamedata/buttondata.xml	C:\Users\22448\Downloads\重生虫心0.71汉化版（新）\reborn_workrepo\合作指挥官版起义狂潮\Mods\XM\XMFinal.SC2Mod\Base.SC2Data\GameData\ButtonData.xml	skipped_existing
TunnelingClaws	CButton	游戏数据/官方SC2原始文本镜像/campaigns/swarm.sc2campaign/base.sc2data/gamedata/buttondata.xml	C:\Users\22448\Downloads\重生虫心0.71汉化版（新）\reborn_workrepo\合作指挥官版起义狂潮\Mods\XM\XMFinal.SC2Mod\Base.SC2Data\GameData\ButtonData.xml	skipped_existing
UltraliskBurrowCharge	CButton	游戏数据/官方SC2原始文本镜像/campaigns/swarm.sc2campaign/base.sc2data/gamedata/buttondata.xml	C:\Users\22448\Downloads\重生虫心0.71汉化版（新）\reborn_workrepo\合作指挥官版起义狂潮\Mods\XM\XMFinal.SC2Mod\Base.SC2Data\GameData\ButtonData.xml	skipped_existing
UltraliskNoxiousPassive	CButton	游戏数据/官方SC2原始文本镜像/campaigns/swarm.sc2campaign/base.sc2data/gamedata/buttondata.xml	C:\Users\22448\Downloads\重生虫心0.71汉化版（新）\reborn_workrepo\合作指挥官版起义狂潮\Mods\XM\XMFinal.SC2Mod\Base.SC2Data\GameData\ButtonData.xml	skipped_existing
UltraliskPassive	CButton	游戏数据/官方SC2原始文本镜像/campaigns/swarm.sc2campaign/base.sc2data/gamedata/buttondata.xml	C:\Users\22448\Downloads\重生虫心0.71汉化版（新）\reborn_workrepo\合作指挥官版起义狂潮\Mods\XM\XMFinal.SC2Mod\Base.SC2Data\GameData\ButtonData.xml	skipped_existing
UltraliskTorrasquePassive	CButton	游戏数据/官方SC2原始文本镜像/campaigns/swarm.sc2campaign/base.sc2data/gamedata/buttondata.xml	C:\Users\22448\Downloads\重生虫心0.71汉化版（新）\reborn_workrepo\合作指挥官版起义狂潮\Mods\XM\XMFinal.SC2Mod\Base.SC2Data\GameData\ButtonData.xml	skipped_existing
VilePassive	CButton	游戏数据/官方SC2原始文本镜像/campaigns/swarm.sc2campaign/base.sc2data/gamedata/buttondata.xml	C:\Users\22448\Downloads\重生虫心0.71汉化版（新）\reborn_workrepo\合作指挥官版起义狂潮\Mods\XM\XMFinal.SC2Mod\Base.SC2Data\GameData\ButtonData.xml	skipped_existing
ViperPassive	CButton	游戏数据/官方SC2原始文本镜像/campaigns/swarm.sc2campaign/base.sc2data/gamedata/buttondata.xml	C:\Users\22448\Downloads\重生虫心0.71汉化版（新）\reborn_workrepo\合作指挥官版起义狂潮\Mods\XM\XMFinal.SC2Mod\Base.SC2Data\GameData\ButtonData.xml	skipped_existing
VolatileNestLocked	CButton	游戏数据/官方SC2原始文本镜像/mods/starcoop/starcoop.sc2mod/base.sc2data/gamedata/buttondata.xml	C:\Users\22448\Downloads\重生虫心0.71汉化版（新）\reborn_workrepo\合作指挥官版起义狂潮\Mods\XM\XMFinal.SC2Mod\Base.SC2Data\GameData\ButtonData.xml	skipped_existing
WildMutation	CButton	游戏数据/官方SC2原始文本镜像/campaigns/swarm.sc2campaign/base.sc2data/gamedata/buttondata.xml	C:\Users\22448\Downloads\重生虫心0.71汉化版（新）\reborn_workrepo\合作指挥官版起义狂潮\Mods\XM\XMFinal.SC2Mod\Base.SC2Data\GameData\ButtonData.xml	skipped_existing
WildMutationMapWide	CButton	游戏数据/官方SC2原始文本镜像/mods/starcoop/starcoop.sc2mod/base.sc2data/gamedata/buttondata.xml	C:\Users\22448\Downloads\重生虫心0.71汉化版（新）\reborn_workrepo\合作指挥官版起义狂潮\Mods\XM\XMFinal.SC2Mod\Base.SC2Data\GameData\ButtonData.xml	skipped_existing
ZagaraBileLauncher	CButton	游戏数据/官方SC2原始文本镜像/mods/starcoop/starcoop.sc2mod/base.sc2data/gamedata/buttondata.xml	C:\Users\22448\Downloads\重生虫心0.71汉化版（新）\reborn_workrepo\合作指挥官版起义狂潮\Mods\XM\XMFinal.SC2Mod\Base.SC2Data\GameData\ButtonData.xml	skipped_existing
ZagaraVoidCoopBanelingSpawner	CButton	游戏数据/官方SC2原始文本镜像/mods/starcoop/starcoop.sc2mod/base.sc2data/gamedata/buttondata.xml	C:\Users\22448\Downloads\重生虫心0.71汉化版（新）\reborn_workrepo\合作指挥官版起义狂潮\Mods\XM\XMFinal.SC2Mod\Base.SC2Data\GameData\ButtonData.xml	skipped_existing
ZagaraVoidCoopCreepMaster	CButton	游戏数据/官方SC2原始文本镜像/mods/starcoop/starcoop.sc2mod/base.sc2data/gamedata/buttondata.xml	C:\Users\22448\Downloads\重生虫心0.71汉化版（新）\reborn_workrepo\合作指挥官版起义狂潮\Mods\XM\XMFinal.SC2Mod\Base.SC2Data\GameData\ButtonData.xml	skipped_existing
ZagaraVoidCoopIncubateBanelings	CButton	游戏数据/官方SC2原始文本镜像/mods/starcoop/starcoop.sc2mod/base.sc2data/gamedata/buttondata.xml	C:\Users\22448\Downloads\重生虫心0.71汉化版（新）\reborn_workrepo\合作指挥官版起义狂潮\Mods\XM\XMFinal.SC2Mod\Base.SC2Data\GameData\ButtonData.xml	skipped_existing
ZagaraVoidCoopNydusWorm	CButton	游戏数据/官方SC2原始文本镜像/mods/starcoop/starcoop.sc2mod/base.sc2data/gamedata/buttondata.xml	C:\Users\22448\Downloads\重生虫心0.71汉化版（新）\reborn_workrepo\合作指挥官版起义狂潮\Mods\XM\XMFinal.SC2Mod\Base.SC2Data\GameData\ButtonData.xml	skipped_existing
ZagaraVoidCoopZerglingDodge	CButton	游戏数据/官方SC2原始文本镜像/mods/starcoop/starcoop.sc2mod/base.sc2data/gamedata/buttondata.xml	C:\Users\22448\Downloads\重生虫心0.71汉化版（新）\reborn_workrepo\合作指挥官版起义狂潮\Mods\XM\XMFinal.SC2Mod\Base.SC2Data\GameData\ButtonData.xml	skipped_existing
ZergBuild	CButton	游戏数据/官方SC2原始文本镜像/mods/starcoop/starcoop.sc2mod/base.sc2data/gamedata/buttondata.xml	C:\Users\22448\Downloads\重生虫心0.71汉化版（新）\reborn_workrepo\合作指挥官版起义狂潮\Mods\XM\XMFinal.SC2Mod\Base.SC2Data\GameData\ButtonData.xml	skipped_existing
ZergBuild	CButton	游戏数据/官方SC2原始文本镜像/mods/starcoop/commanders/egonstetmann.sc2mod/base.sc2data/gamedata/buttondata.xml	C:\Users\22448\Downloads\重生虫心0.71汉化版（新）\reborn_workrepo\合作指挥官版起义狂潮\Mods\XM\XMFinal.SC2Mod\Base.SC2Data\GameData\ButtonData.xml	skipped_existing
ZergGroundAttacksLevel1	CButton	游戏数据/官方SC2原始文本镜像/mods/starcoop/starcoop.sc2mod/base.sc2data/gamedata/buttondata.xml	C:\Users\22448\Downloads\重生虫心0.71汉化版（新）\reborn_workrepo\合作指挥官版起义狂潮\Mods\XM\XMFinal.SC2Mod\Base.SC2Data\GameData\ButtonData.xml	skipped_existing
ZergGroundAttacksLevel2	CButton	游戏数据/官方SC2原始文本镜像/mods/starcoop/starcoop.sc2mod/base.sc2data/gamedata/buttondata.xml	C:\Users\22448\Downloads\重生虫心0.71汉化版（新）\reborn_workrepo\合作指挥官版起义狂潮\Mods\XM\XMFinal.SC2Mod\Base.SC2Data\GameData\ButtonData.xml	skipped_existing
ZergGroundAttacksLevel3	CButton	游戏数据/官方SC2原始文本镜像/mods/starcoop/starcoop.sc2mod/base.sc2data/gamedata/buttondata.xml	C:\Users\22448\Downloads\重生虫心0.71汉化版（新）\reborn_workrepo\合作指挥官版起义狂潮\Mods\XM\XMFinal.SC2Mod\Base.SC2Data\GameData\ButtonData.xml	skipped_existing
ZerglingArmorShred	CButton	游戏数据/官方SC2原始文本镜像/mods/starcoop/starcoop.sc2mod/base.sc2data/gamedata/buttondata.xml	C:\Users\22448\Downloads\重生虫心0.71汉化版（新）\reborn_workrepo\合作指挥官版起义狂潮\Mods\XM\XMFinal.SC2Mod\Base.SC2Data\GameData\ButtonData.xml	skipped_existing
ZerglingBurrowMove	CButton	游戏数据/官方SC2原始文本镜像/campaigns/swarm.sc2campaign/base.sc2data/gamedata/buttondata.xml	C:\Users\22448\Downloads\重生虫心0.71汉化版（新）\reborn_workrepo\合作指挥官版起义狂潮\Mods\XM\XMFinal.SC2Mod\Base.SC2Data\GameData\ButtonData.xml	skipped_existing
ZerglingPassive	CButton	游戏数据/官方SC2原始文本镜像/campaigns/swarm.sc2campaign/base.sc2data/gamedata/buttondata.xml	C:\Users\22448\Downloads\重生虫心0.71汉化版（新）\reborn_workrepo\合作指挥官版起义狂潮\Mods\XM\XMFinal.SC2Mod\Base.SC2Data\GameData\ButtonData.xml	skipped_existing
ZerglingRaptorPassive	CButton	游戏数据/官方SC2原始文本镜像/campaigns/swarm.sc2campaign/base.sc2data/gamedata/buttondata.xml	C:\Users\22448\Downloads\重生虫心0.71汉化版（新）\reborn_workrepo\合作指挥官版起义狂潮\Mods\XM\XMFinal.SC2Mod\Base.SC2Data\GameData\ButtonData.xml	skipped_existing
ZerglingRespawnCounter	CButton	游戏数据/官方SC2原始文本镜像/campaigns/swarm.sc2campaign/base.sc2data/gamedata/buttondata.xml	C:\Users\22448\Downloads\重生虫心0.71汉化版（新）\reborn_workrepo\合作指挥官版起义狂潮\Mods\XM\XMFinal.SC2Mod\Base.SC2Data\GameData\ButtonData.xml	skipped_existing
ZerglingRespawnPrimary	CButton	游戏数据/官方SC2原始文本镜像/campaigns/swarm.sc2campaign/base.sc2data/gamedata/buttondata.xml	C:\Users\22448\Downloads\重生虫心0.71汉化版（新）\reborn_workrepo\合作指挥官版起义狂潮\Mods\XM\XMFinal.SC2Mod\Base.SC2Data\GameData\ButtonData.xml	skipped_existing
ZerglingSwarmlingPassive	CButton	游戏数据/官方SC2原始文本镜像/campaigns/swarm.sc2campaign/base.sc2data/gamedata/buttondata.xml	C:\Users\22448\Downloads\重生虫心0.71汉化版（新）\reborn_workrepo\合作指挥官版起义狂潮\Mods\XM\XMFinal.SC2Mod\Base.SC2Data\GameData\ButtonData.xml	skipped_existing
Dehaka	CCommander	游戏数据/官方SC2原始文本镜像/mods/starcoop/starcoop.sc2mod/base.sc2data/gamedata/commanderdata.xml	C:\Users\22448\Downloads\重生虫心0.71汉化版（新）\reborn_workrepo\合作指挥官版起义狂潮\Mods\XM\XMFinal.SC2Mod\Base.SC2Data\GameData\CommanderData.xml	skipped_existing
Kerrigan	CCommander	游戏数据/官方SC2原始文本镜像/mods/starcoop/starcoop.sc2mod/base.sc2data/gamedata/commanderdata.xml	C:\Users\22448\Downloads\重生虫心0.71汉化版（新）\reborn_workrepo\合作指挥官版起义狂潮\Mods\XM\XMFinal.SC2Mod\Base.SC2Data\GameData\CommanderData.xml	skipped_existing
Stukov	CCommander	游戏数据/官方SC2原始文本镜像/mods/starcoop/starcoop.sc2mod/base.sc2data/gamedata/commanderdata.xml	C:\Users\22448\Downloads\重生虫心0.71汉化版（新）\reborn_workrepo\合作指挥官版起义狂潮\Mods\XM\XMFinal.SC2Mod\Base.SC2Data\GameData\CommanderData.xml	skipped_existing
AllUnitBehaviorControllerSet	CEffectSet	游戏数据/官方SC2原始文本镜像/mods/starcoop/starcoop.sc2mod/base.sc2data/gamedata/effectdata.xml	C:\Users\22448\Downloads\重生虫心0.71汉化版（新）\reborn_workrepo\合作指挥官版起义狂潮\Mods\XM\XMFinal.SC2Mod\Base.SC2Data\GameData\EffectData.xml	skipped_existing
AllUnitBehaviorControllerSubset1	CEffectSet	游戏数据/官方SC2原始文本镜像/mods/starcoop/starcoop.sc2mod/base.sc2data/gamedata/effectdata.xml	C:\Users\22448\Downloads\重生虫心0.71汉化版（新）\reborn_workrepo\合作指挥官版起义狂潮\Mods\XM\XMFinal.SC2Mod\Base.SC2Data\GameData\EffectData.xml	skipped_existing
AllUnitBehaviorControllerSubset1	CEffectSet	游戏数据/官方SC2原始文本镜像/mods/starcoop/commanders/egonstetmann.sc2mod/base.sc2data/gamedata/effectdata.xml	C:\Users\22448\Downloads\重生虫心0.71汉化版（新）\reborn_workrepo\合作指挥官版起义狂潮\Mods\XM\XMFinal.SC2Mod\Base.SC2Data\GameData\EffectData.xml	skipped_existing
Apocalypse	CEffectEnumArea	游戏数据/官方SC2原始文本镜像/campaigns/swarm.sc2campaign/base.sc2data/gamedata/effectdata.xml	C:\Users\22448\Downloads\重生虫心0.71汉化版（新）\reborn_workrepo\合作指挥官版起义狂潮\Mods\XM\XMFinal.SC2Mod\Base.SC2Data\GameData\EffectData.xml	skipped_existing
ApocalypseDamage	CEffectDamage	游戏数据/官方SC2原始文本镜像/campaigns/swarm.sc2campaign/base.sc2data/gamedata/effectdata.xml	C:\Users\22448\Downloads\重生虫心0.71汉化版（新）\reborn_workrepo\合作指挥官版起义狂潮\Mods\XM\XMFinal.SC2Mod\Base.SC2Data\GameData\EffectData.xml	skipped_existing
ApocalypseInitialSet	CEffectSet	游戏数据/官方SC2原始文本镜像/campaigns/swarm.sc2campaign/base.sc2data/gamedata/effectdata.xml	C:\Users\22448\Downloads\重生虫心0.71汉化版（新）\reborn_workrepo\合作指挥官版起义狂潮\Mods\XM\XMFinal.SC2Mod\Base.SC2Data\GameData\EffectData.xml	skipped_existing
ApocalypseSet	CEffectSet	游戏数据/官方SC2原始文本镜像/campaigns/swarm.sc2campaign/base.sc2data/gamedata/effectdata.xml	C:\Users\22448\Downloads\重生虫心0.71汉化版（新）\reborn_workrepo\合作指挥官版起义狂潮\Mods\XM\XMFinal.SC2Mod\Base.SC2Data\GameData\EffectData.xml	skipped_existing
ApplyPsiStrikeSpeed	CEffectApplyBehavior	游戏数据/官方SC2原始文本镜像/campaigns/swarm.sc2campaign/base.sc2data/gamedata/effectdata.xml	C:\Users\22448\Downloads\重生虫心0.71汉化版（新）\reborn_workrepo\合作指挥官版起义狂潮\Mods\XM\XMFinal.SC2Mod\Base.SC2Data\GameData\EffectData.xml	skipped_existing
ApplyPsiStrikeWalkSpeed	CEffectApplyBehavior	游戏数据/官方SC2原始文本镜像/campaigns/swarm.sc2campaign/base.sc2data/gamedata/effectdata.xml	C:\Users\22448\Downloads\重生虫心0.71汉化版（新）\reborn_workrepo\合作指挥官版起义狂潮\Mods\XM\XMFinal.SC2Mod\Base.SC2Data\GameData\EffectData.xml	skipped_existing
AutomatedExtractorMorph	CEffectIssueOrder	游戏数据/官方SC2原始文本镜像/campaigns/swarm.sc2campaign/base.sc2data/gamedata/effectdata.xml	C:\Users\22448\Downloads\重生虫心0.71汉化版（新）\reborn_workrepo\合作指挥官版起义狂潮\Mods\XM\XMFinal.SC2Mod\Base.SC2Data\GameData\EffectData.xml	skipped_existing
BanelingExplodeLargeDirectStetmann	CEffectDamage	游戏数据/官方SC2原始文本镜像/mods/starcoop/commanders/egonstetmann.sc2mod/base.sc2data/gamedata/effectdata.xml	C:\Users\22448\Downloads\重生虫心0.71汉化版（新）\reborn_workrepo\合作指挥官版起义狂潮\Mods\XM\XMFinal.SC2Mod\Base.SC2Data\GameData\EffectData.xml	skipped_existing
BanelingStetmannExplodeWeaponSwitch	CEffectSwitch	游戏数据/官方SC2原始文本镜像/mods/starcoop/commanders/egonstetmann.sc2mod/base.sc2data/gamedata/effectdata.xml	C:\Users\22448\Downloads\重生虫心0.71汉化版（新）\reborn_workrepo\合作指挥官版起义狂潮\Mods\XM\XMFinal.SC2Mod\Base.SC2Data\GameData\EffectData.xml	skipped_existing
BroodMother	CEffectDamage	游戏数据/官方SC2原始文本镜像/campaigns/swarm.sc2campaign/base.sc2data/gamedata/effectdata.xml	C:\Users\22448\Downloads\重生虫心0.71汉化版（新）\reborn_workrepo\合作指挥官版起义狂潮\Mods\XM\XMFinal.SC2Mod\Base.SC2Data\GameData\EffectData.xml	skipped_existing
BurrowChargeStructureTargetSearch	CEffectEnumArea	游戏数据/官方SC2原始文本镜像/campaigns/swarm.sc2campaign/base.sc2data/gamedata/effectdata.xml	C:\Users\22448\Downloads\重生虫心0.71汉化版（新）\reborn_workrepo\合作指挥官版起义狂潮\Mods\XM\XMFinal.SC2Mod\Base.SC2Data\GameData\EffectData.xml	skipped_existing
BurrowChargeTargetSearch	CEffectEnumArea	游戏数据/官方SC2原始文本镜像/campaigns/swarm.sc2campaign/base.sc2data/gamedata/effectdata.xml	C:\Users\22448\Downloads\重生虫心0.71汉化版（新）\reborn_workrepo\合作指挥官版起义狂潮\Mods\XM\XMFinal.SC2Mod\Base.SC2Data\GameData\EffectData.xml	skipped_existing
BurrowSurge	CEffectTeleport	游戏数据/官方SC2原始文本镜像/campaigns/swarm.sc2campaign/base.sc2data/gamedata/effectdata.xml	C:\Users\22448\Downloads\重生虫心0.71汉化版（新）\reborn_workrepo\合作指挥官版起义狂潮\Mods\XM\XMFinal.SC2Mod\Base.SC2Data\GameData\EffectData.xml	skipped_existing
CarryCarcassApplyBehaviorMedium	CEffectApplyBehavior	游戏数据/官方SC2原始文本镜像/campaigns/swarm.sc2campaign/base.sc2data/gamedata/effectdata.xml	C:\Users\22448\Downloads\重生虫心0.71汉化版（新）\reborn_workrepo\合作指挥官版起义狂潮\Mods\XM\XMFinal.SC2Mod\Base.SC2Data\GameData\EffectData.xml	skipped_existing
CarryCarcassApplyForce	CEffectApplyForce	游戏数据/官方SC2原始文本镜像/campaigns/swarm.sc2campaign/base.sc2data/gamedata/effectdata.xml	C:\Users\22448\Downloads\重生虫心0.71汉化版（新）\reborn_workrepo\合作指挥官版起义狂潮\Mods\XM\XMFinal.SC2Mod\Base.SC2Data\GameData\EffectData.xml	skipped_existing
CarryCarcassCreatePersistent	CEffectCreatePersistent	游戏数据/官方SC2原始文本镜像/campaigns/swarm.sc2campaign/base.sc2data/gamedata/effectdata.xml	C:\Users\22448\Downloads\重生虫心0.71汉化版（新）\reborn_workrepo\合作指挥官版起义狂潮\Mods\XM\XMFinal.SC2Mod\Base.SC2Data\GameData\EffectData.xml	skipped_existing
ChainReaction1	CEffectSet	游戏数据/官方SC2原始文本镜像/campaigns/swarm.sc2campaign/base.sc2data/gamedata/effectdata.xml	C:\Users\22448\Downloads\重生虫心0.71汉化版（新）\reborn_workrepo\合作指挥官版起义狂潮\Mods\XM\XMFinal.SC2Mod\Base.SC2Data\GameData\EffectData.xml	skipped_existing
ChainReaction1Damage	CEffectDamage	游戏数据/官方SC2原始文本镜像/mods/starcoop/starcoop.sc2mod/base.sc2data/gamedata/effectdata.xml	C:\Users\22448\Downloads\重生虫心0.71汉化版（新）\reborn_workrepo\合作指挥官版起义狂潮\Mods\XM\XMFinal.SC2Mod\Base.SC2Data\GameData\EffectData.xml	skipped_existing
ChainReaction1Damage	CEffectDamage	游戏数据/官方SC2原始文本镜像/campaigns/swarm.sc2campaign/base.sc2data/gamedata/effectdata.xml	C:\Users\22448\Downloads\重生虫心0.71汉化版（新）\reborn_workrepo\合作指挥官版起义狂潮\Mods\XM\XMFinal.SC2Mod\Base.SC2Data\GameData\EffectData.xml	skipped_existing
ChainReaction1Delay	CEffectCreatePersistent	游戏数据/官方SC2原始文本镜像/campaigns/swarm.sc2campaign/base.sc2data/gamedata/effectdata.xml	C:\Users\22448\Downloads\重生虫心0.71汉化版（新）\reborn_workrepo\合作指挥官版起义狂潮\Mods\XM\XMFinal.SC2Mod\Base.SC2Data\GameData\EffectData.xml	skipped_existing
ChainReaction1Melee	CEffectSet	游戏数据/官方SC2原始文本镜像/campaigns/swarm.sc2campaign/base.sc2data/gamedata/effectdata.xml	C:\Users\22448\Downloads\重生虫心0.71汉化版（新）\reborn_workrepo\合作指挥官版起义狂潮\Mods\XM\XMFinal.SC2Mod\Base.SC2Data\GameData\EffectData.xml	skipped_existing
ChainReactionMarker	CEffectApplyBehavior	游戏数据/官方SC2原始文本镜像/campaigns/swarm.sc2campaign/base.sc2data/gamedata/effectdata.xml	C:\Users\22448\Downloads\重生虫心0.71汉化版（新）\reborn_workrepo\合作指挥官版起义狂潮\Mods\XM\XMFinal.SC2Mod\Base.SC2Data\GameData\EffectData.xml	skipped_existing
CommanderPrestigeKerriganAbilitiesConvertRage	CEffectSwitch	游戏数据/官方SC2原始文本镜像/mods/starcoop/starcoop.sc2mod/base.sc2data/gamedata/effectdata.xml	C:\Users\22448\Downloads\重生虫心0.71汉化版（新）\reborn_workrepo\合作指挥官版起义狂潮\Mods\XM\XMFinal.SC2Mod\Base.SC2Data\GameData\EffectData.xml	skipped_existing
CommanderPrestigeKerriganAbilitiesCP	CEffectCreatePersistent	游戏数据/官方SC2原始文本镜像/mods/starcoop/starcoop.sc2mod/base.sc2data/gamedata/effectdata.xml	C:\Users\22448\Downloads\重生虫心0.71汉化版（新）\reborn_workrepo\合作指挥官版起义狂潮\Mods\XM\XMFinal.SC2Mod\Base.SC2Data\GameData\EffectData.xml	skipped_existing
CommanderPrestigeKerriganAbilitiesExhaust	CEffectRemoveBehavior	游戏数据/官方SC2原始文本镜像/mods/starcoop/starcoop.sc2mod/base.sc2data/gamedata/effectdata.xml	C:\Users\22448\Downloads\重生虫心0.71汉化版（新）\reborn_workrepo\合作指挥官版起义狂潮\Mods\XM\XMFinal.SC2Mod\Base.SC2Data\GameData\EffectData.xml	skipped_existing
CommanderPrestigeKerriganAbilitiesExpendSet	CEffectSet	游戏数据/官方SC2原始文本镜像/mods/starcoop/starcoop.sc2mod/base.sc2data/gamedata/effectdata.xml	C:\Users\22448\Downloads\重生虫心0.71汉化版（新）\reborn_workrepo\合作指挥官版起义狂潮\Mods\XM\XMFinal.SC2Mod\Base.SC2Data\GameData\EffectData.xml	skipped_existing
CommanderPrestigeKerriganAbilitiesExpendSet2	CEffectSet	游戏数据/官方SC2原始文本镜像/mods/starcoop/starcoop.sc2mod/base.sc2data/gamedata/effectdata.xml	C:\Users\22448\Downloads\重生虫心0.71汉化版（新）\reborn_workrepo\合作指挥官版起义狂潮\Mods\XM\XMFinal.SC2Mod\Base.SC2Data\GameData\EffectData.xml	skipped_existing
CommanderPrestigeKerriganAbilitiesExpendSet3	CEffectSet	游戏数据/官方SC2原始文本镜像/mods/starcoop/starcoop.sc2mod/base.sc2data/gamedata/effectdata.xml	C:\Users\22448\Downloads\重生虫心0.71汉化版（新）\reborn_workrepo\合作指挥官版起义狂潮\Mods\XM\XMFinal.SC2Mod\Base.SC2Data\GameData\EffectData.xml	skipped_existing
CommanderPrestigeKerriganAbilitiesExpendSet4	CEffectSet	游戏数据/官方SC2原始文本镜像/mods/starcoop/starcoop.sc2mod/base.sc2data/gamedata/effectdata.xml	C:\Users\22448\Downloads\重生虫心0.71汉化版（新）\reborn_workrepo\合作指挥官版起义狂潮\Mods\XM\XMFinal.SC2Mod\Base.SC2Data\GameData\EffectData.xml	skipped_existing
CommanderPrestigeKerriganAbilitiesExpendSet5	CEffectSet	游戏数据/官方SC2原始文本镜像/mods/starcoop/starcoop.sc2mod/base.sc2data/gamedata/effectdata.xml	C:\Users\22448\Downloads\重生虫心0.71汉化版（新）\reborn_workrepo\合作指挥官版起义狂潮\Mods\XM\XMFinal.SC2Mod\Base.SC2Data\GameData\EffectData.xml	skipped_existing
CommanderPrestigeKerriganAbilitiesFuryExpend	CEffectApplyBehavior	游戏数据/官方SC2原始文本镜像/mods/starcoop/starcoop.sc2mod/base.sc2data/gamedata/effectdata.xml	C:\Users\22448\Downloads\重生虫心0.71汉化版（新）\reborn_workrepo\合作指挥官版起义狂潮\Mods\XM\XMFinal.SC2Mod\Base.SC2Data\GameData\EffectData.xml	skipped_existing
CommanderPrestigeKerriganAbilitiesFuryExpendX2	CEffectApplyBehavior	游戏数据/官方SC2原始文本镜像/mods/starcoop/starcoop.sc2mod/base.sc2data/gamedata/effectdata.xml	C:\Users\22448\Downloads\重生虫心0.71汉化版（新）\reborn_workrepo\合作指挥官版起义狂潮\Mods\XM\XMFinal.SC2Mod\Base.SC2Data\GameData\EffectData.xml	skipped_existing
CommanderPrestigeKerriganAbilitiesFuryExpendX3	CEffectApplyBehavior	游戏数据/官方SC2原始文本镜像/mods/starcoop/starcoop.sc2mod/base.sc2data/gamedata/effectdata.xml	C:\Users\22448\Downloads\重生虫心0.71汉化版（新）\reborn_workrepo\合作指挥官版起义狂潮\Mods\XM\XMFinal.SC2Mod\Base.SC2Data\GameData\EffectData.xml	skipped_existing
CommanderPrestigeKerriganAbilitiesFuryExpendX4	CEffectApplyBehavior	游戏数据/官方SC2原始文本镜像/mods/starcoop/starcoop.sc2mod/base.sc2data/gamedata/effectdata.xml	C:\Users\22448\Downloads\重生虫心0.71汉化版（新）\reborn_workrepo\合作指挥官版起义狂潮\Mods\XM\XMFinal.SC2Mod\Base.SC2Data\GameData\EffectData.xml	skipped_existing
CommanderPrestigeKerriganAbilitiesFuryExpendX5	CEffectApplyBehavior	游戏数据/官方SC2原始文本镜像/mods/starcoop/starcoop.sc2mod/base.sc2data/gamedata/effectdata.xml	C:\Users\22448\Downloads\重生虫心0.71汉化版（新）\reborn_workrepo\合作指挥官版起义狂潮\Mods\XM\XMFinal.SC2Mod\Base.SC2Data\GameData\EffectData.xml	skipped_existing
CommanderPrestigeKerriganAbilitiesRemoveFury	CEffectRemoveBehavior	游戏数据/官方SC2原始文本镜像/mods/starcoop/starcoop.sc2mod/base.sc2data/gamedata/effectdata.xml	C:\Users\22448\Downloads\重生虫心0.71汉化版（新）\reborn_workrepo\合作指挥官版起义狂潮\Mods\XM\XMFinal.SC2Mod\Base.SC2Data\GameData\EffectData.xml	skipped_existing
CommanderPrestigeKerriganAbilitiesStunSearch	CEffectEnumArea	游戏数据/官方SC2原始文本镜像/mods/starcoop/starcoop.sc2mod/base.sc2data/gamedata/effectdata.xml	C:\Users\22448\Downloads\重生虫心0.71汉化版（新）\reborn_workrepo\合作指挥官版起义狂潮\Mods\XM\XMFinal.SC2Mod\Base.SC2Data\GameData\EffectData.xml	skipped_existing
CommanderPrestigeKerriganAbilitiesStunSearch2	CEffectEnumArea	游戏数据/官方SC2原始文本镜像/mods/starcoop/starcoop.sc2mod/base.sc2data/gamedata/effectdata.xml	C:\Users\22448\Downloads\重生虫心0.71汉化版（新）\reborn_workrepo\合作指挥官版起义狂潮\Mods\XM\XMFinal.SC2Mod\Base.SC2Data\GameData\EffectData.xml	skipped_existing
CommanderPrestigeKerriganAbilitiesStunSearch3	CEffectEnumArea	游戏数据/官方SC2原始文本镜像/mods/starcoop/starcoop.sc2mod/base.sc2data/gamedata/effectdata.xml	C:\Users\22448\Downloads\重生虫心0.71汉化版（新）\reborn_workrepo\合作指挥官版起义狂潮\Mods\XM\XMFinal.SC2Mod\Base.SC2Data\GameData\EffectData.xml	skipped_existing
CommanderPrestigeKerriganAbilitiesStunSearch4	CEffectEnumArea	游戏数据/官方SC2原始文本镜像/mods/starcoop/starcoop.sc2mod/base.sc2data/gamedata/effectdata.xml	C:\Users\22448\Downloads\重生虫心0.71汉化版（新）\reborn_workrepo\合作指挥官版起义狂潮\Mods\XM\XMFinal.SC2Mod\Base.SC2Data\GameData\EffectData.xml	skipped_existing
CommanderPrestigeKerriganAbilitiesStunSearch5	CEffectEnumArea	游戏数据/官方SC2原始文本镜像/mods/starcoop/starcoop.sc2mod/base.sc2data/gamedata/effectdata.xml	C:\Users\22448\Downloads\重生虫心0.71汉化版（新）\reborn_workrepo\合作指挥官版起义狂潮\Mods\XM\XMFinal.SC2Mod\Base.SC2Data\GameData\EffectData.xml	skipped_existing
COOPHeroJustRevive	CEffectApplyBehavior	游戏数据/官方SC2原始文本镜像/mods/starcoop/starcoop.sc2mod/base.sc2data/gamedata/effectdata.xml	C:\Users\22448\Downloads\重生虫心0.71汉化版（新）\reborn_workrepo\合作指挥官版起义狂潮\Mods\XM\XMFinal.SC2Mod\Base.SC2Data\GameData\EffectData.xml	skipped_existing
CorpserSet	CEffectSet	游戏数据/官方SC2原始文本镜像/campaigns/swarm.sc2campaign/base.sc2data/gamedata/effectdata.xml	C:\Users\22448\Downloads\重生虫心0.71汉化版（新）\reborn_workrepo\合作指挥官版起义狂潮\Mods\XM\XMFinal.SC2Mod\Base.SC2Data\GameData\EffectData.xml	skipped_existing
CorrosiveAcidLM	CEffectLaunchMissile	游戏数据/官方SC2原始文本镜像/mods/starcoop/starcoop.sc2mod/base.sc2data/gamedata/effectdata.xml	C:\Users\22448\Downloads\重生虫心0.71汉化版（新）\reborn_workrepo\合作指挥官版起义狂潮\Mods\XM\XMFinal.SC2Mod\Base.SC2Data\GameData\EffectData.xml	skipped_existing
CorrosiveAcidSearch	CEffectEnumArea	游戏数据/官方SC2原始文本镜像/mods/starcoop/starcoop.sc2mod/base.sc2data/gamedata/effectdata.xml	C:\Users\22448\Downloads\重生虫心0.71汉化版（新）\reborn_workrepo\合作指挥官版起义狂潮\Mods\XM\XMFinal.SC2Mod\Base.SC2Data\GameData\EffectData.xml	skipped_existing
CreepTumorExhausted	CEffectApplyBehavior	游戏数据/官方SC2原始文本镜像/campaigns/swarm.sc2campaign/base.sc2data/gamedata/effectdata.xml	C:\Users\22448\Downloads\重生虫心0.71汉化版（新）\reborn_workrepo\合作指挥官版起义狂潮\Mods\XM\XMFinal.SC2Mod\Base.SC2Data\GameData\EffectData.xml	skipped_existing
CreepTumorUsed	CEffectIssueOrder	游戏数据/官方SC2原始文本镜像/campaigns/swarm.sc2campaign/base.sc2data/gamedata/effectdata.xml	C:\Users\22448\Downloads\重生虫心0.71汉化版（新）\reborn_workrepo\合作指挥官版起义狂潮\Mods\XM\XMFinal.SC2Mod\Base.SC2Data\GameData\EffectData.xml	skipped_existing
DamageTakenCarapaceAutocastAB	CEffectApplyBehavior	游戏数据/官方SC2原始文本镜像/mods/starcoop/starcoop.sc2mod/base.sc2data/gamedata/effectdata.xml	C:\Users\22448\Downloads\重生虫心0.71汉化版（新）\reborn_workrepo\合作指挥官版起义狂潮\Mods\XM\XMFinal.SC2Mod\Base.SC2Data\GameData\EffectData.xml	skipped_existing
DeepBurrow	CEffectTeleport	游戏数据/官方SC2原始文本镜像/campaigns/swarm.sc2campaign/base.sc2data/gamedata/effectdata.xml	C:\Users\22448\Downloads\重生虫心0.71汉化版（新）\reborn_workrepo\合作指挥官版起义狂潮\Mods\XM\XMFinal.SC2Mod\Base.SC2Data\GameData\EffectData.xml	skipped_existing
DeepTunnel	CEffectTeleport	游戏数据/官方SC2原始文本镜像/campaigns/swarm.sc2campaign/base.sc2data/gamedata/effectdata.xml	C:\Users\22448\Downloads\重生虫心0.71汉化版（新）\reborn_workrepo\合作指挥官版起义狂潮\Mods\XM\XMFinal.SC2Mod\Base.SC2Data\GameData\EffectData.xml	skipped_existing
Dehaka	CEffectDamage	游戏数据/官方SC2原始文本镜像/campaigns/swarm.sc2campaign/base.sc2data/gamedata/effectdata.xml	C:\Users\22448\Downloads\重生虫心0.71汉化版（新）\reborn_workrepo\合作指挥官版起义狂潮\Mods\XM\XMFinal.SC2Mod\Base.SC2Data\GameData\EffectData.xml	skipped_existing
DehakaHeal	CEffectSet	游戏数据/官方SC2原始文本镜像/campaigns/swarm.sc2campaign/base.sc2data/gamedata/effectdata.xml	C:\Users\22448\Downloads\重生虫心0.71汉化版（新）\reborn_workrepo\合作指挥官版起义狂潮\Mods\XM\XMFinal.SC2Mod\Base.SC2Data\GameData\EffectData.xml	skipped_existing
DehakaMirrorImage	CEffectCreatePersistent	游戏数据/官方SC2原始文本镜像/campaigns/swarm.sc2campaign/base.sc2data/gamedata/effectdata.xml	C:\Users\22448\Downloads\重生虫心0.71汉化版（新）\reborn_workrepo\合作指挥官版起义狂潮\Mods\XM\XMFinal.SC2Mod\Base.SC2Data\GameData\EffectData.xml	skipped_existing
DehakaMirrorImageLayEgg	CEffectCreateUnit	游戏数据/官方SC2原始文本镜像/campaigns/swarm.sc2campaign/base.sc2data/gamedata/effectdata.xml	C:\Users\22448\Downloads\重生虫心0.71汉化版（新）\reborn_workrepo\合作指挥官版起义狂潮\Mods\XM\XMFinal.SC2Mod\Base.SC2Data\GameData\EffectData.xml	skipped_existing
DevastatingShot	CEffectLaunchMissile	游戏数据/官方SC2原始文本镜像/campaigns/swarm.sc2campaign/base.sc2data/gamedata/effectdata.xml	C:\Users\22448\Downloads\重生虫心0.71汉化版（新）\reborn_workrepo\合作指挥官版起义狂潮\Mods\XM\XMFinal.SC2Mod\Base.SC2Data\GameData\EffectData.xml	skipped_existing
DroneCarcassCarryIssueOrder	CEffectIssueOrder	游戏数据/官方SC2原始文本镜像/campaigns/swarm.sc2campaign/base.sc2data/gamedata/effectdata.xml	C:\Users\22448\Downloads\重生虫心0.71汉化版（新）\reborn_workrepo\合作指挥官版起义狂潮\Mods\XM\XMFinal.SC2Mod\Base.SC2Data\GameData\EffectData.xml	skipped_existing
DroneCarcassHarvest	CEffectSet	游戏数据/官方SC2原始文本镜像/campaigns/swarm.sc2campaign/base.sc2data/gamedata/effectdata.xml	C:\Users\22448\Downloads\重生虫心0.71汉化版（新）\reborn_workrepo\合作指挥官版起义狂潮\Mods\XM\XMFinal.SC2Mod\Base.SC2Data\GameData\EffectData.xml	skipped_existing
DroneCarcassHarvestIssueOrder	CEffectIssueOrder	游戏数据/官方SC2原始文本镜像/campaigns/swarm.sc2campaign/base.sc2data/gamedata/effectdata.xml	C:\Users\22448\Downloads\重生虫心0.71汉化版（新）\reborn_workrepo\合作指挥官版起义狂潮\Mods\XM\XMFinal.SC2Mod\Base.SC2Data\GameData\EffectData.xml	skipped_existing
ExtractorMorph	CEffectIssueOrder	游戏数据/官方SC2原始文本镜像/campaigns/swarm.sc2campaign/base.sc2data/gamedata/effectdata.xml	C:\Users\22448\Downloads\重生虫心0.71汉化版（新）\reborn_workrepo\合作指挥官版起义狂潮\Mods\XM\XMFinal.SC2Mod\Base.SC2Data\GameData\EffectData.xml	skipped_existing
FuelCellPickupUnit	CEffectSet	游戏数据/官方SC2原始文本镜像/mods/starcoop/starcoop.sc2mod/base.sc2data/gamedata/effectdata.xml	C:\Users\22448\Downloads\重生虫心0.71汉化版（新）\reborn_workrepo\合作指挥官版起义狂潮\Mods\XM\XMFinal.SC2Mod\Base.SC2Data\GameData\EffectData.xml	skipped_existing
GravitonBeamVoidCampaign	CEffectCreatePersistent	游戏数据/官方SC2原始文本镜像/mods/starcoop/starcoop.sc2mod/base.sc2data/gamedata/effectdata.xml	C:\Users\22448\Downloads\重生虫心0.71汉化版（新）\reborn_workrepo\合作指挥官版起义狂潮\Mods\XM\XMFinal.SC2Mod\Base.SC2Data\GameData\EffectData.xml	skipped_existing
GreaterNydusWormAllyCU	CEffectCreateUnit	游戏数据/官方SC2原始文本镜像/mods/starcoop/starcoop.sc2mod/base.sc2data/gamedata/effectdata.xml	C:\Users\22448\Downloads\重生虫心0.71汉化版（新）\reborn_workrepo\合作指挥官版起义狂潮\Mods\XM\XMFinal.SC2Mod\Base.SC2Data\GameData\EffectData.xml	skipped_existing
heal	CEffectCreateHealer	游戏数据/官方SC2原始文本镜像/mods/starcoop/starcoop.sc2mod/base.sc2data/gamedata/effectdata.xml	C:\Users\22448\Downloads\重生虫心0.71汉化版（新）\reborn_workrepo\合作指挥官版起义狂潮\Mods\XM\XMFinal.SC2Mod\Base.SC2Data\GameData\EffectData.xml	skipped_existing
HealRemoveTargetBehavior	CEffectRemoveBehavior	游戏数据/官方SC2原始文本镜像/mods/starcoop/starcoop.sc2mod/base.sc2data/gamedata/effectdata.xml	C:\Users\22448\Downloads\重生虫心0.71汉化版（新）\reborn_workrepo\合作指挥官版起义狂潮\Mods\XM\XMFinal.SC2Mod\Base.SC2Data\GameData\EffectData.xml	skipped_existing
HighArchonPsiStormHeal	CEffectCreateHealer	游戏数据/官方SC2原始文本镜像/mods/starcoop/starcoop.sc2mod/base.sc2data/gamedata/effectdata.xml	C:\Users\22448\Downloads\重生虫心0.71汉化版（新）\reborn_workrepo\合作指挥官版起义狂潮\Mods\XM\XMFinal.SC2Mod\Base.SC2Data\GameData\EffectData.xml	skipped_existing
HornerStunResistanceAB	CEffectApplyBehavior	游戏数据/官方SC2原始文本镜像/mods/starcoop/starcoop.sc2mod/base.sc2data/gamedata/effectdata.xml	C:\Users\22448\Downloads\重生虫心0.71汉化版（新）\reborn_workrepo\合作指挥官版起义狂潮\Mods\XM\XMFinal.SC2Mod\Base.SC2Data\GameData\EffectData.xml	skipped_existing
HotSBanelingExplodeLargeDirect	CEffectDamage	游戏数据/官方SC2原始文本镜像/campaigns/swarm.sc2campaign/base.sc2data/gamedata/effectdata.xml	C:\Users\22448\Downloads\重生虫心0.71汉化版（新）\reborn_workrepo\合作指挥官版起义狂潮\Mods\XM\XMFinal.SC2Mod\Base.SC2Data\GameData\EffectData.xml	skipped_existing
HotSBanelingExplodeLargeTarget	CEffectSwitch	游戏数据/官方SC2原始文本镜像/campaigns/swarm.sc2campaign/base.sc2data/gamedata/effectdata.xml	C:\Users\22448\Downloads\重生虫心0.71汉化版（新）\reborn_workrepo\合作指挥官版起义狂潮\Mods\XM\XMFinal.SC2Mod\Base.SC2Data\GameData\EffectData.xml	skipped_existing
HotSBanelingExplodeSmallDirect	CEffectDamage	游戏数据/官方SC2原始文本镜像/campaigns/swarm.sc2campaign/base.sc2data/gamedata/effectdata.xml	C:\Users\22448\Downloads\重生虫心0.71汉化版（新）\reborn_workrepo\合作指挥官版起义狂潮\Mods\XM\XMFinal.SC2Mod\Base.SC2Data\GameData\EffectData.xml	skipped_existing
HotSBanelingExplodeSmallTarget	CEffectSwitch	游戏数据/官方SC2原始文本镜像/campaigns/swarm.sc2campaign/base.sc2data/gamedata/effectdata.xml	C:\Users\22448\Downloads\重生虫心0.71汉化版（新）\reborn_workrepo\合作指挥官版起义狂潮\Mods\XM\XMFinal.SC2Mod\Base.SC2Data\GameData\EffectData.xml	skipped_existing
HotSBioPlasmidDischargeDamage	CEffectDamage	游戏数据/官方SC2原始文本镜像/campaigns/swarm.sc2campaign/base.sc2data/gamedata/effectdata.xml	C:\Users\22448\Downloads\重生虫心0.71汉化版（新）\reborn_workrepo\合作指挥官版起义狂潮\Mods\XM\XMFinal.SC2Mod\Base.SC2Data\GameData\EffectData.xml	skipped_existing
HotSBioPlasmidDischargeLaunchMissile	CEffectLaunchMissile	游戏数据/官方SC2原始文本镜像/campaigns/swarm.sc2campaign/base.sc2data/gamedata/effectdata.xml	C:\Users\22448\Downloads\重生虫心0.71汉化版（新）\reborn_workrepo\合作指挥官版起义狂潮\Mods\XM\XMFinal.SC2Mod\Base.SC2Data\GameData\EffectData.xml	skipped_existing
HotSBioStasisApplyBehavior	CEffectApplyBehavior	游戏数据/官方SC2原始文本镜像/campaigns/swarm.sc2campaign/base.sc2data/gamedata/effectdata.xml	C:\Users\22448\Downloads\重生虫心0.71汉化版（新）\reborn_workrepo\合作指挥官版起义狂潮\Mods\XM\XMFinal.SC2Mod\Base.SC2Data\GameData\EffectData.xml	skipped_existing
HotSBioStasisLaunchMissile	CEffectLaunchMissile	游戏数据/官方SC2原始文本镜像/campaigns/swarm.sc2campaign/base.sc2data/gamedata/effectdata.xml	C:\Users\22448\Downloads\重生虫心0.71汉化版（新）\reborn_workrepo\合作指挥官版起义狂潮\Mods\XM\XMFinal.SC2Mod\Base.SC2Data\GameData\EffectData.xml	skipped_existing
HotSBioStasisSearchArea	CEffectEnumArea	游戏数据/官方SC2原始文本镜像/campaigns/swarm.sc2campaign/base.sc2data/gamedata/effectdata.xml	C:\Users\22448\Downloads\重生虫心0.71汉化版（新）\reborn_workrepo\合作指挥官版起义狂潮\Mods\XM\XMFinal.SC2Mod\Base.SC2Data\GameData\EffectData.xml	skipped_existing
HotSHunterTimedLife	CEffectApplyBehavior	游戏数据/官方SC2原始文本镜像/mods/starcoop/starcoop.sc2mod/base.sc2data/gamedata/effectdata.xml	C:\Users\22448\Downloads\重生虫心0.71汉化版（新）\reborn_workrepo\合作指挥官版起义狂潮\Mods\XM\XMFinal.SC2Mod\Base.SC2Data\GameData\EffectData.xml	skipped_existing
HotSLeviathanAirAttackCreatePersistent	CEffectCreatePersistent	游戏数据/官方SC2原始文本镜像/campaigns/swarm.sc2campaign/base.sc2data/gamedata/effectdata.xml	C:\Users\22448\Downloads\重生虫心0.71汉化版（新）\reborn_workrepo\合作指挥官版起义狂潮\Mods\XM\XMFinal.SC2Mod\Base.SC2Data\GameData\EffectData.xml	skipped_existing
HotSLeviathanAirAttackDamage	CEffectDamage	游戏数据/官方SC2原始文本镜像/campaigns/swarm.sc2campaign/base.sc2data/gamedata/effectdata.xml	C:\Users\22448\Downloads\重生虫心0.71汉化版（新）\reborn_workrepo\合作指挥官版起义狂潮\Mods\XM\XMFinal.SC2Mod\Base.SC2Data\GameData\EffectData.xml	skipped_existing
HotSLeviathanAirAttackLaunchMissile	CEffectLaunchMissile	游戏数据/官方SC2原始文本镜像/campaigns/swarm.sc2campaign/base.sc2data/gamedata/effectdata.xml	C:\Users\22448\Downloads\重生虫心0.71汉化版（新）\reborn_workrepo\合作指挥官版起义狂潮\Mods\XM\XMFinal.SC2Mod\Base.SC2Data\GameData\EffectData.xml	skipped_existing
HotSLeviathanGroundAttackDamage	CEffectDamage	游戏数据/官方SC2原始文本镜像/campaigns/swarm.sc2campaign/base.sc2data/gamedata/effectdata.xml	C:\Users\22448\Downloads\重生虫心0.71汉化版（新）\reborn_workrepo\合作指挥官版起义狂潮\Mods\XM\XMFinal.SC2Mod\Base.SC2Data\GameData\EffectData.xml	skipped_existing
HotSLeviathanWeaponGround1	CEffectSet	游戏数据/官方SC2原始文本镜像/campaigns/swarm.sc2campaign/base.sc2data/gamedata/effectdata.xml	C:\Users\22448\Downloads\重生虫心0.71汉化版（新）\reborn_workrepo\合作指挥官版起义狂潮\Mods\XM\XMFinal.SC2Mod\Base.SC2Data\GameData\EffectData.xml	skipped_existing
HotSLeviathanWeaponGround2	CEffectSet	游戏数据/官方SC2原始文本镜像/campaigns/swarm.sc2campaign/base.sc2data/gamedata/effectdata.xml	C:\Users\22448\Downloads\重生虫心0.71汉化版（新）\reborn_workrepo\合作指挥官版起义狂潮\Mods\XM\XMFinal.SC2Mod\Base.SC2Data\GameData\EffectData.xml	skipped_existing
HotSLeviathanWeaponGround3	CEffectSet	游戏数据/官方SC2原始文本镜像/campaigns/swarm.sc2campaign/base.sc2data/gamedata/effectdata.xml	C:\Users\22448\Downloads\重生虫心0.71汉化版（新）\reborn_workrepo\合作指挥官版起义狂潮\Mods\XM\XMFinal.SC2Mod\Base.SC2Data\GameData\EffectData.xml	skipped_existing
HotSLeviathanWeaponGround4	CEffectSet	游戏数据/官方SC2原始文本镜像/campaigns/swarm.sc2campaign/base.sc2data/gamedata/effectdata.xml	C:\Users\22448\Downloads\重生虫心0.71汉化版（新）\reborn_workrepo\合作指挥官版起义狂潮\Mods\XM\XMFinal.SC2Mod\Base.SC2Data\GameData\EffectData.xml	skipped_existing
HotSLeviathanWeaponGroundSwitch	CEffectSwitch	游戏数据/官方SC2原始文本镜像/campaigns/swarm.sc2campaign/base.sc2data/gamedata/effectdata.xml	C:\Users\22448\Downloads\重生虫心0.71汉化版（新）\reborn_workrepo\合作指挥官版起义狂潮\Mods\XM\XMFinal.SC2Mod\Base.SC2Data\GameData\EffectData.xml	skipped_existing
HotSRaptorCharge	CEffectCreatePersistent	游戏数据/官方SC2原始文本镜像/campaigns/swarm.sc2campaign/base.sc2data/gamedata/effectdata.xml	C:\Users\22448\Downloads\重生虫心0.71汉化版（新）\reborn_workrepo\合作指挥官版起义狂潮\Mods\XM\XMFinal.SC2Mod\Base.SC2Data\GameData\EffectData.xml	skipped_existing
HotSRaptorClaws	CEffectSet	游戏数据/官方SC2原始文本镜像/mods/starcoop/starcoop.sc2mod/base.sc2data/gamedata/effectdata.xml	C:\Users\22448\Downloads\重生虫心0.71汉化版（新）\reborn_workrepo\合作指挥官版起义狂潮\Mods\XM\XMFinal.SC2Mod\Base.SC2Data\GameData\EffectData.xml	skipped_existing
HotSRaptorClaws	CEffectSet	游戏数据/官方SC2原始文本镜像/campaigns/swarm.sc2campaign/base.sc2data/gamedata/effectdata.xml	C:\Users\22448\Downloads\重生虫心0.71汉化版（新）\reborn_workrepo\合作指挥官版起义狂潮\Mods\XM\XMFinal.SC2Mod\Base.SC2Data\GameData\EffectData.xml	skipped_existing
HotSRaptorLeapLM	CEffectLaunchMissile	游戏数据/官方SC2原始文本镜像/campaigns/swarm.sc2campaign/base.sc2data/gamedata/effectdata.xml	C:\Users\22448\Downloads\重生虫心0.71汉化版（新）\reborn_workrepo\合作指挥官版起义狂潮\Mods\XM\XMFinal.SC2Mod\Base.SC2Data\GameData\EffectData.xml	skipped_existing
HotSRaptorLeapRemove	CEffectDamage	游戏数据/官方SC2原始文本镜像/campaigns/swarm.sc2campaign/base.sc2data/gamedata/effectdata.xml	C:\Users\22448\Downloads\重生虫心0.71汉化版（新）\reborn_workrepo\合作指挥官版起义狂潮\Mods\XM\XMFinal.SC2Mod\Base.SC2Data\GameData\EffectData.xml	skipped_existing
HotSSplitterlingTimedLifeCreationAB	CEffectApplyBehavior	游戏数据/官方SC2原始文本镜像/campaigns/swarm.sc2campaign/base.sc2data/gamedata/effectdata.xml	C:\Users\22448\Downloads\重生虫心0.71汉化版（新）\reborn_workrepo\合作指挥官版起义狂潮\Mods\XM\XMFinal.SC2Mod\Base.SC2Data\GameData\EffectData.xml	skipped_existing
HotSSwarmlingClaws	CEffectSet	游戏数据/官方SC2原始文本镜像/mods/starcoop/starcoop.sc2mod/base.sc2data/gamedata/effectdata.xml	C:\Users\22448\Downloads\重生虫心0.71汉化版（新）\reborn_workrepo\合作指挥官版起义狂潮\Mods\XM\XMFinal.SC2Mod\Base.SC2Data\GameData\EffectData.xml	skipped_existing
HotSSwarmlingClaws	CEffectSet	游戏数据/官方SC2原始文本镜像/campaigns/swarm.sc2campaign/base.sc2data/gamedata/effectdata.xml	C:\Users\22448\Downloads\重生虫心0.71汉化版（新）\reborn_workrepo\合作指挥官版起义狂潮\Mods\XM\XMFinal.SC2Mod\Base.SC2Data\GameData\EffectData.xml	skipped_existing
HunterLaunchDisable	CEffectApplyBehavior	游戏数据/官方SC2原始文本镜像/campaigns/swarm.sc2campaign/base.sc2data/gamedata/effectdata.xml	C:\Users\22448\Downloads\重生虫心0.71汉化版（新）\reborn_workrepo\合作指挥官版起义狂潮\Mods\XM\XMFinal.SC2Mod\Base.SC2Data\GameData\EffectData.xml	skipped_existing
HunterLaunchLandDummy	CEffectSet	游戏数据/官方SC2原始文本镜像/campaigns/swarm.sc2campaign/base.sc2data/gamedata/effectdata.xml	C:\Users\22448\Downloads\重生虫心0.71汉化版（新）\reborn_workrepo\合作指挥官版起义狂潮\Mods\XM\XMFinal.SC2Mod\Base.SC2Data\GameData\EffectData.xml	skipped_existing
HunterVolatileBurstLaunchMissile	CEffectLaunchMissile	游戏数据/官方SC2原始文本镜像/campaigns/swarm.sc2campaign/base.sc2data/gamedata/effectdata.xml	C:\Users\22448\Downloads\重生虫心0.71汉化版（新）\reborn_workrepo\合作指挥官版起义狂潮\Mods\XM\XMFinal.SC2Mod\Base.SC2Data\GameData\EffectData.xml	skipped_existing
HydraliskDenMorphFinishDummy	CEffectDamage	游戏数据/官方SC2原始文本镜像/campaigns/swarm.sc2campaign/base.sc2data/gamedata/effectdata.xml	C:\Users\22448\Downloads\重生虫心0.71汉化版（新）\reborn_workrepo\合作指挥官版起义狂潮\Mods\XM\XMFinal.SC2Mod\Base.SC2Data\GameData\EffectData.xml	skipped_existing
Impaler	CEffectLaunchMissile	游戏数据/官方SC2原始文本镜像/campaigns/swarm.sc2campaign/base.sc2data/gamedata/effectdata.xml	C:\Users\22448\Downloads\重生虫心0.71汉化版（新）\reborn_workrepo\合作指挥官版起义狂潮\Mods\XM\XMFinal.SC2Mod\Base.SC2Data\GameData\EffectData.xml	skipped_existing
InfestedAbomination	CEffectDamage	游戏数据/官方SC2原始文本镜像/campaigns/swarm.sc2campaign/base.sc2data/gamedata/effectdata.xml	C:\Users\22448\Downloads\重生虫心0.71汉化版（新）\reborn_workrepo\合作指挥官版起义狂潮\Mods\XM\XMFinal.SC2Mod\Base.SC2Data\GameData\EffectData.xml	skipped_existing
InfestedStukov	CEffectLaunchMissile	游戏数据/官方SC2原始文本镜像/campaigns/swarm.sc2campaign/base.sc2data/gamedata/effectdata.xml	C:\Users\22448\Downloads\重生虫心0.71汉化版（新）\reborn_workrepo\合作指挥官版起义狂潮\Mods\XM\XMFinal.SC2Mod\Base.SC2Data\GameData\EffectData.xml	skipped_existing
InfestedStukovDamage	CEffectDamage	游戏数据/官方SC2原始文本镜像/campaigns/swarm.sc2campaign/base.sc2data/gamedata/effectdata.xml	C:\Users\22448\Downloads\重生虫心0.71汉化版（新）\reborn_workrepo\合作指挥官版起义狂潮\Mods\XM\XMFinal.SC2Mod\Base.SC2Data\GameData\EffectData.xml	skipped_existing
InfestorConsumption	CEffectCreatePersistent	游戏数据/官方SC2原始文本镜像/mods/starcoop/starcoop.sc2mod/base.sc2data/gamedata/effectdata.xml	C:\Users\22448\Downloads\重生虫心0.71汉化版（新）\reborn_workrepo\合作指挥官版起义狂潮\Mods\XM\XMFinal.SC2Mod\Base.SC2Data\GameData\EffectData.xml	skipped_existing
InfestorConsumption	CEffectCreatePersistent	游戏数据/官方SC2原始文本镜像/campaigns/swarm.sc2campaign/base.sc2data/gamedata/effectdata.xml	C:\Users\22448\Downloads\重生虫心0.71汉化版（新）\reborn_workrepo\合作指挥官版起义狂潮\Mods\XM\XMFinal.SC2Mod\Base.SC2Data\GameData\EffectData.xml	skipped_existing
InstantUnburrow	CEffectSet	游戏数据/官方SC2原始文本镜像/mods/starcoop/starcoop.sc2mod/base.sc2data/gamedata/effectdata.xml	C:\Users\22448\Downloads\重生虫心0.71汉化版（新）\reborn_workrepo\合作指挥官版起义狂潮\Mods\XM\XMFinal.SC2Mod\Base.SC2Data\GameData\EffectData.xml	skipped_existing
InstantUnburrow	CEffectSet	游戏数据/官方SC2原始文本镜像/campaigns/swarm.sc2campaign/base.sc2data/gamedata/effectdata.xml	C:\Users\22448\Downloads\重生虫心0.71汉化版（新）\reborn_workrepo\合作指挥官版起义狂潮\Mods\XM\XMFinal.SC2Mod\Base.SC2Data\GameData\EffectData.xml	skipped_existing
K5DropPodDelay1	CEffectApplyBehavior	游戏数据/官方SC2原始文本镜像/campaigns/swarm.sc2campaign/base.sc2data/gamedata/effectdata.xml	C:\Users\22448\Downloads\重生虫心0.71汉化版（新）\reborn_workrepo\合作指挥官版起义狂潮\Mods\XM\XMFinal.SC2Mod\Base.SC2Data\GameData\EffectData.xml	skipped_existing
K5DropPodDelay2	CEffectApplyBehavior	游戏数据/官方SC2原始文本镜像/campaigns/swarm.sc2campaign/base.sc2data/gamedata/effectdata.xml	C:\Users\22448\Downloads\重生虫心0.71汉化版（新）\reborn_workrepo\合作指挥官版起义狂潮\Mods\XM\XMFinal.SC2Mod\Base.SC2Data\GameData\EffectData.xml	skipped_existing
K5DropPodDelay3	CEffectApplyBehavior	游戏数据/官方SC2原始文本镜像/campaigns/swarm.sc2campaign/base.sc2data/gamedata/effectdata.xml	C:\Users\22448\Downloads\重生虫心0.71汉化版（新）\reborn_workrepo\合作指挥官版起义狂潮\Mods\XM\XMFinal.SC2Mod\Base.SC2Data\GameData\EffectData.xml	skipped_existing
K5DropPodDelay4	CEffectApplyBehavior	游戏数据/官方SC2原始文本镜像/campaigns/swarm.sc2campaign/base.sc2data/gamedata/effectdata.xml	C:\Users\22448\Downloads\重生虫心0.71汉化版（新）\reborn_workrepo\合作指挥官版起义狂潮\Mods\XM\XMFinal.SC2Mod\Base.SC2Data\GameData\EffectData.xml	skipped_existing
K5DropPodDelay5	CEffectApplyBehavior	游戏数据/官方SC2原始文本镜像/campaigns/swarm.sc2campaign/base.sc2data/gamedata/effectdata.xml	C:\Users\22448\Downloads\重生虫心0.71汉化版（新）\reborn_workrepo\合作指挥官版起义狂潮\Mods\XM\XMFinal.SC2Mod\Base.SC2Data\GameData\EffectData.xml	skipped_existing
K5DropPodInitialPlacement1	CEffectCreateUnit	游戏数据/官方SC2原始文本镜像/campaigns/swarm.sc2campaign/base.sc2data/gamedata/effectdata.xml	C:\Users\22448\Downloads\重生虫心0.71汉化版（新）\reborn_workrepo\合作指挥官版起义狂潮\Mods\XM\XMFinal.SC2Mod\Base.SC2Data\GameData\EffectData.xml	skipped_existing
K5DropPodInitialPlacement2	CEffectCreateUnit	游戏数据/官方SC2原始文本镜像/campaigns/swarm.sc2campaign/base.sc2data/gamedata/effectdata.xml	C:\Users\22448\Downloads\重生虫心0.71汉化版（新）\reborn_workrepo\合作指挥官版起义狂潮\Mods\XM\XMFinal.SC2Mod\Base.SC2Data\GameData\EffectData.xml	skipped_existing
K5DropPodInitialPlacement3	CEffectCreateUnit	游戏数据/官方SC2原始文本镜像/campaigns/swarm.sc2campaign/base.sc2data/gamedata/effectdata.xml	C:\Users\22448\Downloads\重生虫心0.71汉化版（新）\reborn_workrepo\合作指挥官版起义狂潮\Mods\XM\XMFinal.SC2Mod\Base.SC2Data\GameData\EffectData.xml	skipped_existing
K5DropPodInitialPlacement4	CEffectCreateUnit	游戏数据/官方SC2原始文本镜像/campaigns/swarm.sc2campaign/base.sc2data/gamedata/effectdata.xml	C:\Users\22448\Downloads\重生虫心0.71汉化版（新）\reborn_workrepo\合作指挥官版起义狂潮\Mods\XM\XMFinal.SC2Mod\Base.SC2Data\GameData\EffectData.xml	skipped_existing
K5DropPodInitialPlacement5	CEffectCreateUnit	游戏数据/官方SC2原始文本镜像/campaigns/swarm.sc2campaign/base.sc2data/gamedata/effectdata.xml	C:\Users\22448\Downloads\重生虫心0.71汉化版（新）\reborn_workrepo\合作指挥官版起义狂潮\Mods\XM\XMFinal.SC2Mod\Base.SC2Data\GameData\EffectData.xml	skipped_existing
K5DropPodInitialPlacementTeleportCP2	CEffectCreatePersistent	游戏数据/官方SC2原始文本镜像/campaigns/swarm.sc2campaign/base.sc2data/gamedata/effectdata.xml	C:\Users\22448\Downloads\重生虫心0.71汉化版（新）\reborn_workrepo\合作指挥官版起义狂潮\Mods\XM\XMFinal.SC2Mod\Base.SC2Data\GameData\EffectData.xml	skipped_existing
K5DropPodInitialPlacementTeleportCP3	CEffectCreatePersistent	游戏数据/官方SC2原始文本镜像/campaigns/swarm.sc2campaign/base.sc2data/gamedata/effectdata.xml	C:\Users\22448\Downloads\重生虫心0.71汉化版（新）\reborn_workrepo\合作指挥官版起义狂潮\Mods\XM\XMFinal.SC2Mod\Base.SC2Data\GameData\EffectData.xml	skipped_existing
K5DropPodInitialPlacementTeleportCP4	CEffectCreatePersistent	游戏数据/官方SC2原始文本镜像/campaigns/swarm.sc2campaign/base.sc2data/gamedata/effectdata.xml	C:\Users\22448\Downloads\重生虫心0.71汉化版（新）\reborn_workrepo\合作指挥官版起义狂潮\Mods\XM\XMFinal.SC2Mod\Base.SC2Data\GameData\EffectData.xml	skipped_existing
K5DropPodInitialPlacementTeleportCP5	CEffectCreatePersistent	游戏数据/官方SC2原始文本镜像/campaigns/swarm.sc2campaign/base.sc2data/gamedata/effectdata.xml	C:\Users\22448\Downloads\重生虫心0.71汉化版（新）\reborn_workrepo\合作指挥官版起义狂潮\Mods\XM\XMFinal.SC2Mod\Base.SC2Data\GameData\EffectData.xml	skipped_existing
K5DropPodInitialPlacementTeleportSet2	CEffectSet	游戏数据/官方SC2原始文本镜像/campaigns/swarm.sc2campaign/base.sc2data/gamedata/effectdata.xml	C:\Users\22448\Downloads\重生虫心0.71汉化版（新）\reborn_workrepo\合作指挥官版起义狂潮\Mods\XM\XMFinal.SC2Mod\Base.SC2Data\GameData\EffectData.xml	skipped_existing
K5DropPodInitialPlacementTeleportSet3	CEffectSet	游戏数据/官方SC2原始文本镜像/campaigns/swarm.sc2campaign/base.sc2data/gamedata/effectdata.xml	C:\Users\22448\Downloads\重生虫心0.71汉化版（新）\reborn_workrepo\合作指挥官版起义狂潮\Mods\XM\XMFinal.SC2Mod\Base.SC2Data\GameData\EffectData.xml	skipped_existing
K5DropPodInitialPlacementTeleportSet4	CEffectSet	游戏数据/官方SC2原始文本镜像/campaigns/swarm.sc2campaign/base.sc2data/gamedata/effectdata.xml	C:\Users\22448\Downloads\重生虫心0.71汉化版（新）\reborn_workrepo\合作指挥官版起义狂潮\Mods\XM\XMFinal.SC2Mod\Base.SC2Data\GameData\EffectData.xml	skipped_existing
K5DropPodInitialPlacementTeleportSet5	CEffectSet	游戏数据/官方SC2原始文本镜像/campaigns/swarm.sc2campaign/base.sc2data/gamedata/effectdata.xml	C:\Users\22448\Downloads\重生虫心0.71汉化版（新）\reborn_workrepo\合作指挥官版起义狂潮\Mods\XM\XMFinal.SC2Mod\Base.SC2Data\GameData\EffectData.xml	skipped_existing
K5DropPods	CEffectCreateUnit	游戏数据/官方SC2原始文本镜像/campaigns/swarm.sc2campaign/base.sc2data/gamedata/effectdata.xml	C:\Users\22448\Downloads\重生虫心0.71汉化版（新）\reborn_workrepo\合作指挥官版起义狂潮\Mods\XM\XMFinal.SC2Mod\Base.SC2Data\GameData\EffectData.xml	skipped_existing
K5DropPodsSet	CEffectSet	游戏数据/官方SC2原始文本镜像/campaigns/swarm.sc2campaign/base.sc2data/gamedata/effectdata.xml	C:\Users\22448\Downloads\重生虫心0.71汉化版（新）\reborn_workrepo\合作指挥官版起义狂潮\Mods\XM\XMFinal.SC2Mod\Base.SC2Data\GameData\EffectData.xml	skipped_existing
K5InfestBroodlings	CEffectApplyBehavior	游戏数据/官方SC2原始文本镜像/campaigns/swarm.sc2campaign/base.sc2data/gamedata/effectdata.xml	C:\Users\22448\Downloads\重生虫心0.71汉化版（新）\reborn_workrepo\合作指挥官版起义狂潮\Mods\XM\XMFinal.SC2Mod\Base.SC2Data\GameData\EffectData.xml	skipped_existing
K5InfestBroodlingsDeathCU	CEffectCreateUnit	游戏数据/官方SC2原始文本镜像/campaigns/swarm.sc2campaign/base.sc2data/gamedata/effectdata.xml	C:\Users\22448\Downloads\重生虫心0.71汉化版（新）\reborn_workrepo\合作指挥官版起义狂潮\Mods\XM\XMFinal.SC2Mod\Base.SC2Data\GameData\EffectData.xml	skipped_existing
K5Leviathan	CEffectCreateUnit	游戏数据/官方SC2原始文本镜像/campaigns/swarm.sc2campaign/base.sc2data/gamedata/effectdata.xml	C:\Users\22448\Downloads\重生虫心0.71汉化版（新）\reborn_workrepo\合作指挥官版起义狂潮\Mods\XM\XMFinal.SC2Mod\Base.SC2Data\GameData\EffectData.xml	skipped_existing
K5LeviathanSpawnSet	CEffectSet	游戏数据/官方SC2原始文本镜像/campaigns/swarm.sc2campaign/base.sc2data/gamedata/effectdata.xml	C:\Users\22448\Downloads\重生虫心0.71汉化版（新）\reborn_workrepo\合作指挥官版起义狂潮\Mods\XM\XMFinal.SC2Mod\Base.SC2Data\GameData\EffectData.xml	skipped_existing
KelMorianAutoTurret	CEffectDamage	游戏数据/官方SC2原始文本镜像/mods/starcoop/starcoop.sc2mod/base.sc2data/gamedata/effectdata.xml	C:\Users\22448\Downloads\重生虫心0.71汉化版（新）\reborn_workrepo\合作指挥官版起义狂潮\Mods\XM\XMFinal.SC2Mod\Base.SC2Data\GameData\EffectData.xml	skipped_existing
KelMorianRocketTurret	CEffectDamage	游戏数据/官方SC2原始文本镜像/mods/starcoop/starcoop.sc2mod/base.sc2data/gamedata/effectdata.xml	C:\Users\22448\Downloads\重生虫心0.71汉化版（新）\reborn_workrepo\合作指挥官版起义狂潮\Mods\XM\XMFinal.SC2Mod\Base.SC2Data\GameData\EffectData.xml	skipped_existing
KerriganAbilityEfficiency	CEffectApplyBehavior	游戏数据/官方SC2原始文本镜像/campaigns/swarm.sc2campaign/base.sc2data/gamedata/effectdata.xml	C:\Users\22448\Downloads\重生虫心0.71汉化版（新）\reborn_workrepo\合作指挥官版起义狂潮\Mods\XM\XMFinal.SC2Mod\Base.SC2Data\GameData\EffectData.xml	skipped_existing
KerriganAbilityEfficiencyAwardDummy	CEffectSet	游戏数据/官方SC2原始文本镜像/campaigns/swarm.sc2campaign/base.sc2data/gamedata/effectdata.xml	C:\Users\22448\Downloads\重生虫心0.71汉化版（新）\reborn_workrepo\合作指挥官版起义狂潮\Mods\XM\XMFinal.SC2Mod\Base.SC2Data\GameData\EffectData.xml	skipped_existing
KerriganAssimilationUpdate	CEffectRemoveBehavior	游戏数据/官方SC2原始文本镜像/mods/starcoop/starcoop.sc2mod/base.sc2data/gamedata/effectdata.xml	C:\Users\22448\Downloads\重生虫心0.71汉化版（新）\reborn_workrepo\合作指挥官版起义狂潮\Mods\XM\XMFinal.SC2Mod\Base.SC2Data\GameData\EffectData.xml	skipped_existing
KerriganBanelingTimedLife	CEffectApplyBehavior	游戏数据/官方SC2原始文本镜像/campaigns/swarm.sc2campaign/base.sc2data/gamedata/effectdata.xml	C:\Users\22448\Downloads\重生虫心0.71汉化版（新）\reborn_workrepo\合作指挥官版起义狂潮\Mods\XM\XMFinal.SC2Mod\Base.SC2Data\GameData\EffectData.xml	skipped_existing
KerriganFuryExpired	CEffectSet	游戏数据/官方SC2原始文本镜像/mods/starcoop/starcoop.sc2mod/base.sc2data/gamedata/effectdata.xml	C:\Users\22448\Downloads\重生虫心0.71汉化版（新）\reborn_workrepo\合作指挥官版起义狂潮\Mods\XM\XMFinal.SC2Mod\Base.SC2Data\GameData\EffectData.xml	skipped_existing
KerriganInfestBroodling	CEffectDamage	游戏数据/官方SC2原始文本镜像/campaigns/swarm.sc2campaign/base.sc2data/gamedata/effectdata.xml	C:\Users\22448\Downloads\重生虫心0.71汉化版（新）\reborn_workrepo\合作指挥官版起义狂潮\Mods\XM\XMFinal.SC2Mod\Base.SC2Data\GameData\EffectData.xml	skipped_existing
KerriganInfestBroodlingTimedLife	CEffectApplyBehavior	游戏数据/官方SC2原始文本镜像/campaigns/swarm.sc2campaign/base.sc2data/gamedata/effectdata.xml	C:\Users\22448\Downloads\重生虫心0.71汉化版（新）\reborn_workrepo\合作指挥官版起义狂潮\Mods\XM\XMFinal.SC2Mod\Base.SC2Data\GameData\EffectData.xml	skipped_existing
KerriganLab	CEffectDamage	游戏数据/官方SC2原始文本镜像/campaigns/swarm.sc2campaign/base.sc2data/gamedata/effectdata.xml	C:\Users\22448\Downloads\重生虫心0.71汉化版（新）\reborn_workrepo\合作指挥官版起义狂潮\Mods\XM\XMFinal.SC2Mod\Base.SC2Data\GameData\EffectData.xml	skipped_existing
KerriganLeviathanTimedLife	CEffectApplyBehavior	游戏数据/官方SC2原始文本镜像/campaigns/swarm.sc2campaign/base.sc2data/gamedata/effectdata.xml	C:\Users\22448\Downloads\重生虫心0.71汉化版（新）\reborn_workrepo\合作指挥官版起义狂潮\Mods\XM\XMFinal.SC2Mod\Base.SC2Data\GameData\EffectData.xml	skipped_existing
KerriganMaelstromAB	CEffectApplyBehavior	游戏数据/官方SC2原始文本镜像/mods/starcoop/starcoop.sc2mod/base.sc2data/gamedata/effectdata.xml	C:\Users\22448\Downloads\重生虫心0.71汉化版（新）\reborn_workrepo\合作指挥官版起义狂潮\Mods\XM\XMFinal.SC2Mod\Base.SC2Data\GameData\EffectData.xml	skipped_existing
KerriganMaelstromDamage	CEffectDamage	游戏数据/官方SC2原始文本镜像/mods/starcoop/starcoop.sc2mod/base.sc2data/gamedata/effectdata.xml	C:\Users\22448\Downloads\重生虫心0.71汉化版（新）\reborn_workrepo\合作指挥官版起义狂潮\Mods\XM\XMFinal.SC2Mod\Base.SC2Data\GameData\EffectData.xml	skipped_existing
KerriganMaelstromInitialSet	CEffectSet	游戏数据/官方SC2原始文本镜像/mods/starcoop/starcoop.sc2mod/base.sc2data/gamedata/effectdata.xml	C:\Users\22448\Downloads\重生虫心0.71汉化版（新）\reborn_workrepo\合作指挥官版起义狂潮\Mods\XM\XMFinal.SC2Mod\Base.SC2Data\GameData\EffectData.xml	skipped_existing
KerriganMaelstromSearch	CEffectEnumArea	游戏数据/官方SC2原始文本镜像/mods/starcoop/starcoop.sc2mod/base.sc2data/gamedata/effectdata.xml	C:\Users\22448\Downloads\重生虫心0.71汉化版（新）\reborn_workrepo\合作指挥官版起义狂潮\Mods\XM\XMFinal.SC2Mod\Base.SC2Data\GameData\EffectData.xml	skipped_existing
KerriganMaelstromSet	CEffectSet	游戏数据/官方SC2原始文本镜像/mods/starcoop/starcoop.sc2mod/base.sc2data/gamedata/effectdata.xml	C:\Users\22448\Downloads\重生虫心0.71汉化版（新）\reborn_workrepo\合作指挥官版起义狂潮\Mods\XM\XMFinal.SC2Mod\Base.SC2Data\GameData\EffectData.xml	skipped_existing
KerriganMalignantCreepAttackSpeedDummy	CEffectDamage	游戏数据/官方SC2原始文本镜像/mods/starcoop/starcoop.sc2mod/base.sc2data/gamedata/effectdata.xml	C:\Users\22448\Downloads\重生虫心0.71汉化版（新）\reborn_workrepo\合作指挥官版起义狂潮\Mods\XM\XMFinal.SC2Mod\Base.SC2Data\GameData\EffectData.xml	skipped_existing
KerriganMalignantCreepLifeRegenDummy	CEffectDamage	游戏数据/官方SC2原始文本镜像/mods/starcoop/starcoop.sc2mod/base.sc2data/gamedata/effectdata.xml	C:\Users\22448\Downloads\重生虫心0.71汉化版（新）\reborn_workrepo\合作指挥官版起义狂潮\Mods\XM\XMFinal.SC2Mod\Base.SC2Data\GameData\EffectData.xml	skipped_existing
KerriganPrimalRageSwitch	CEffectSwitch	游戏数据/官方SC2原始文本镜像/campaigns/swarm.sc2campaign/base.sc2data/gamedata/effectdata.xml	C:\Users\22448\Downloads\重生虫心0.71汉化版（新）\reborn_workrepo\合作指挥官版起义狂潮\Mods\XM\XMFinal.SC2Mod\Base.SC2Data\GameData\EffectData.xml	skipped_existing
KerriganReviveHeal	CEffectSet	游戏数据/官方SC2原始文本镜像/mods/starcoop/starcoop.sc2mod/base.sc2data/gamedata/effectdata.xml	C:\Users\22448\Downloads\重生虫心0.71汉化版（新）\reborn_workrepo\合作指挥官版起义狂潮\Mods\XM\XMFinal.SC2Mod\Base.SC2Data\GameData\EffectData.xml	skipped_existing
KerriganReviveHeal	CEffectSet	游戏数据/官方SC2原始文本镜像/campaigns/swarm.sc2campaign/base.sc2data/gamedata/effectdata.xml	C:\Users\22448\Downloads\重生虫心0.71汉化版（新）\reborn_workrepo\合作指挥官版起义狂潮\Mods\XM\XMFinal.SC2Mod\Base.SC2Data\GameData\EffectData.xml	skipped_existing
KerriganReviveHealA	CEffectModifyUnit	游戏数据/官方SC2原始文本镜像/mods/starcoop/starcoop.sc2mod/base.sc2data/gamedata/effectdata.xml	C:\Users\22448\Downloads\重生虫心0.71汉化版（新）\reborn_workrepo\合作指挥官版起义狂潮\Mods\XM\XMFinal.SC2Mod\Base.SC2Data\GameData\EffectData.xml	skipped_existing
KerriganReviveHealA	CEffectModifyUnit	游戏数据/官方SC2原始文本镜像/campaigns/swarm.sc2campaign/base.sc2data/gamedata/effectdata.xml	C:\Users\22448\Downloads\重生虫心0.71汉化版（新）\reborn_workrepo\合作指挥官版起义狂潮\Mods\XM\XMFinal.SC2Mod\Base.SC2Data\GameData\EffectData.xml	skipped_existing
KerriganReviveHealB	CEffectModifyUnit	游戏数据/官方SC2原始文本镜像/mods/starcoop/starcoop.sc2mod/base.sc2data/gamedata/effectdata.xml	C:\Users\22448\Downloads\重生虫心0.71汉化版（新）\reborn_workrepo\合作指挥官版起义狂潮\Mods\XM\XMFinal.SC2Mod\Base.SC2Data\GameData\EffectData.xml	skipped_existing
KerriganReviveHealB	CEffectModifyUnit	游戏数据/官方SC2原始文本镜像/campaigns/swarm.sc2campaign/base.sc2data/gamedata/effectdata.xml	C:\Users\22448\Downloads\重生虫心0.71汉化版（新）\reborn_workrepo\合作指挥官版起义狂潮\Mods\XM\XMFinal.SC2Mod\Base.SC2Data\GameData\EffectData.xml	skipped_existing
KerriganVoidCoopCrushingGripWaveCP	CEffectCreatePersistent	游戏数据/官方SC2原始文本镜像/mods/starcoop/starcoop.sc2mod/base.sc2data/gamedata/effectdata.xml	C:\Users\22448\Downloads\重生虫心0.71汉化版（新）\reborn_workrepo\合作指挥官版起义狂潮\Mods\XM\XMFinal.SC2Mod\Base.SC2Data\GameData\EffectData.xml	skipped_existing
KerriganVoidCoopCrushingGripWaveDelayCP	CEffectCreatePersistent	游戏数据/官方SC2原始文本镜像/mods/starcoop/starcoop.sc2mod/base.sc2data/gamedata/effectdata.xml	C:\Users\22448\Downloads\重生虫心0.71汉化版（新）\reborn_workrepo\合作指挥官版起义狂潮\Mods\XM\XMFinal.SC2Mod\Base.SC2Data\GameData\EffectData.xml	skipped_existing
KerriganVoidCoopCrushingGripWaveDummyCP	CEffectCreatePersistent	游戏数据/官方SC2原始文本镜像/mods/starcoop/starcoop.sc2mod/base.sc2data/gamedata/effectdata.xml	C:\Users\22448\Downloads\重生虫心0.71汉化版（新）\reborn_workrepo\合作指挥官版起义狂潮\Mods\XM\XMFinal.SC2Mod\Base.SC2Data\GameData\EffectData.xml	skipped_existing
KerriganVoidCoopCrushingGripWaveSearch	CEffectEnumArea	游戏数据/官方SC2原始文本镜像/mods/starcoop/starcoop.sc2mod/base.sc2data/gamedata/effectdata.xml	C:\Users\22448\Downloads\重生虫心0.71汉化版（新）\reborn_workrepo\合作指挥官版起义狂潮\Mods\XM\XMFinal.SC2Mod\Base.SC2Data\GameData\EffectData.xml	skipped_existing
KerriganVoidCoopCrushingGripWaveStunAB	CEffectApplyBehavior	游戏数据/官方SC2原始文本镜像/mods/starcoop/starcoop.sc2mod/base.sc2data/gamedata/effectdata.xml	C:\Users\22448\Downloads\重生虫心0.71汉化版（新）\reborn_workrepo\合作指挥官版起义狂潮\Mods\XM\XMFinal.SC2Mod\Base.SC2Data\GameData\EffectData.xml	skipped_existing
KerriganVoidCoopEconDropCasterAB	CEffectApplyBehavior	游戏数据/官方SC2原始文本镜像/mods/starcoop/starcoop.sc2mod/base.sc2data/gamedata/effectdata.xml	C:\Users\22448\Downloads\重生虫心0.71汉化版（新）\reborn_workrepo\合作指挥官版起义狂潮\Mods\XM\XMFinal.SC2Mod\Base.SC2Data\GameData\EffectData.xml	skipped_existing
KerriganVoidCoopEconDropSearch	CEffectEnumArea	游戏数据/官方SC2原始文本镜像/mods/starcoop/starcoop.sc2mod/base.sc2data/gamedata/effectdata.xml	C:\Users\22448\Downloads\重生虫心0.71汉化版（新）\reborn_workrepo\合作指挥官版起义狂潮\Mods\XM\XMFinal.SC2Mod\Base.SC2Data\GameData\EffectData.xml	skipped_existing
KerriganVoidCoopEconDropSet	CEffectSet	游戏数据/官方SC2原始文本镜像/mods/starcoop/starcoop.sc2mod/base.sc2data/gamedata/effectdata.xml	C:\Users\22448\Downloads\重生虫心0.71汉化版（新）\reborn_workrepo\合作指挥官版起义狂潮\Mods\XM\XMFinal.SC2Mod\Base.SC2Data\GameData\EffectData.xml	skipped_existing
KorhalSporeCannonDamage	CEffectDamage	游戏数据/官方SC2原始文本镜像/campaigns/swarm.sc2campaign/base.sc2data/gamedata/effectdata.xml	C:\Users\22448\Downloads\重生虫心0.71汉化版（新）\reborn_workrepo\合作指挥官版起义狂潮\Mods\XM\XMFinal.SC2Mod\Base.SC2Data\GameData\EffectData.xml	skipped_existing
KorhalSporeCannonLaunchMissile	CEffectLaunchMissile	游戏数据/官方SC2原始文本镜像/campaigns/swarm.sc2campaign/base.sc2data/gamedata/effectdata.xml	C:\Users\22448\Downloads\重生虫心0.71汉化版（新）\reborn_workrepo\合作指挥官版起义狂潮\Mods\XM\XMFinal.SC2Mod\Base.SC2Data\GameData\EffectData.xml	skipped_existing
LocustCreeperStun	CEffectApplyBehavior	游戏数据/官方SC2原始文本镜像/campaigns/swarm.sc2campaign/base.sc2data/gamedata/effectdata.xml	C:\Users\22448\Downloads\重生虫心0.71汉化版（新）\reborn_workrepo\合作指挥官版起义狂潮\Mods\XM\XMFinal.SC2Mod\Base.SC2Data\GameData\EffectData.xml	skipped_existing
LocustDamage	CEffectDamage	游戏数据/官方SC2原始文本镜像/campaigns/swarm.sc2campaign/base.sc2data/gamedata/effectdata.xml	C:\Users\22448\Downloads\重生虫心0.71汉化版（新）\reborn_workrepo\合作指挥官版起义狂潮\Mods\XM\XMFinal.SC2Mod\Base.SC2Data\GameData\EffectData.xml	skipped_existing
LocustLM	CEffectLaunchMissile	游戏数据/官方SC2原始文本镜像/campaigns/swarm.sc2campaign/base.sc2data/gamedata/effectdata.xml	C:\Users\22448\Downloads\重生虫心0.71汉化版（新）\reborn_workrepo\合作指挥官版起义狂潮\Mods\XM\XMFinal.SC2Mod\Base.SC2Data\GameData\EffectData.xml	skipped_existing
LocustStun	CEffectApplyBehavior	游戏数据/官方SC2原始文本镜像/campaigns/swarm.sc2campaign/base.sc2data/gamedata/effectdata.xml	C:\Users\22448\Downloads\重生虫心0.71汉化版（新）\reborn_workrepo\合作指挥官版起义狂潮\Mods\XM\XMFinal.SC2Mod\Base.SC2Data\GameData\EffectData.xml	skipped_existing
Lurker	CEffectCreatePersistent	游戏数据/官方SC2原始文本镜像/mods/starcoop/starcoop.sc2mod/base.sc2data/gamedata/effectdata.xml	C:\Users\22448\Downloads\重生虫心0.71汉化版（新）\reborn_workrepo\合作指挥官版起义狂潮\Mods\XM\XMFinal.SC2Mod\Base.SC2Data\GameData\EffectData.xml	skipped_existing
Lurker	CEffectCreatePersistent	游戏数据/官方SC2原始文本镜像/campaigns/swarm.sc2campaign/base.sc2data/gamedata/effectdata.xml	C:\Users\22448\Downloads\重生虫心0.71汉化版（新）\reborn_workrepo\合作指挥官版起义狂潮\Mods\XM\XMFinal.SC2Mod\Base.SC2Data\GameData\EffectData.xml	skipped_existing
makeCreep4x4Enhanced	CEffectApplyBehavior	游戏数据/官方SC2原始文本镜像/campaigns/swarm.sc2campaign/base.sc2data/gamedata/effectdata.xml	C:\Users\22448\Downloads\重生虫心0.71汉化版（新）\reborn_workrepo\合作指挥官版起义狂潮\Mods\XM\XMFinal.SC2Mod\Base.SC2Data\GameData\EffectData.xml	skipped_existing
makeCreep8x6Enhanced	CEffectApplyBehavior	游戏数据/官方SC2原始文本镜像/campaigns/swarm.sc2campaign/base.sc2data/gamedata/effectdata.xml	C:\Users\22448\Downloads\重生虫心0.71汉化版（新）\reborn_workrepo\合作指挥官版起义狂潮\Mods\XM\XMFinal.SC2Mod\Base.SC2Data\GameData\EffectData.xml	skipped_existing
MapObjectInteract	CEffectSwitch	游戏数据/官方SC2原始文本镜像/mods/starcoop/starcoop.sc2mod/base.sc2data/gamedata/effectdata.xml	C:\Users\22448\Downloads\重生虫心0.71汉化版（新）\reborn_workrepo\合作指挥官版起义狂潮\Mods\XM\XMFinal.SC2Mod\Base.SC2Data\GameData\EffectData.xml	skipped_existing
MapObjectInteractDummy	CEffectSet	游戏数据/官方SC2原始文本镜像/mods/starcoop/starcoop.sc2mod/base.sc2data/gamedata/effectdata.xml	C:\Users\22448\Downloads\重生虫心0.71汉化版（新）\reborn_workrepo\合作指挥官版起义狂潮\Mods\XM\XMFinal.SC2Mod\Base.SC2Data\GameData\EffectData.xml	skipped_existing
MasteryKerriganCrushingGripDamageDummy	CEffectDamage	游戏数据/官方SC2原始文本镜像/mods/starcoop/starcoop.sc2mod/base.sc2data/gamedata/effectdata.xml	C:\Users\22448\Downloads\重生虫心0.71汉化版（新）\reborn_workrepo\合作指挥官版起义狂潮\Mods\XM\XMFinal.SC2Mod\Base.SC2Data\GameData\EffectData.xml	skipped_existing
MasteryKerriganImmobilizationWaveDisplayDummy	CEffectDamage	游戏数据/官方SC2原始文本镜像/mods/starcoop/starcoop.sc2mod/base.sc2data/gamedata/effectdata.xml	C:\Users\22448\Downloads\重生虫心0.71汉化版（新）\reborn_workrepo\合作指挥官版起义狂潮\Mods\XM\XMFinal.SC2Mod\Base.SC2Data\GameData\EffectData.xml	skipped_existing
MasteryKerriganLeapingStrikeDamageDummy	CEffectDamage	游戏数据/官方SC2原始文本镜像/mods/starcoop/starcoop.sc2mod/base.sc2data/gamedata/effectdata.xml	C:\Users\22448\Downloads\重生虫心0.71汉化版（新）\reborn_workrepo\合作指挥官版起义狂潮\Mods\XM\XMFinal.SC2Mod\Base.SC2Data\GameData\EffectData.xml	skipped_existing
MasteryKerriganMindBoltDamageDummy	CEffectDamage	游戏数据/官方SC2原始文本镜像/mods/starcoop/starcoop.sc2mod/base.sc2data/gamedata/effectdata.xml	C:\Users\22448\Downloads\重生虫心0.71汉化版（新）\reborn_workrepo\合作指挥官版起义狂潮\Mods\XM\XMFinal.SC2Mod\Base.SC2Data\GameData\EffectData.xml	skipped_existing
MasteryKerriganPsiStrikeDamageDummy	CEffectDamage	游戏数据/官方SC2原始文本镜像/mods/starcoop/starcoop.sc2mod/base.sc2data/gamedata/effectdata.xml	C:\Users\22448\Downloads\重生虫心0.71汉化版（新）\reborn_workrepo\合作指挥官版起义狂潮\Mods\XM\XMFinal.SC2Mod\Base.SC2Data\GameData\EffectData.xml	skipped_existing
MasteryNovaArmyOOCRegenSpeedAB	CEffectApplyBehavior	游戏数据/官方SC2原始文本镜像/mods/starcoop/starcoop.sc2mod/base.sc2data/gamedata/effectdata.xml	C:\Users\22448\Downloads\重生虫心0.71汉化版（新）\reborn_workrepo\合作指挥官版起义狂潮\Mods\XM\XMFinal.SC2Mod\Base.SC2Data\GameData\EffectData.xml	skipped_existing
MedicHealACSearch	CEffectEnumArea	游戏数据/官方SC2原始文本镜像/mods/starcoop/starcoop.sc2mod/base.sc2data/gamedata/effectdata.xml	C:\Users\22448\Downloads\重生虫心0.71汉化版（新）\reborn_workrepo\合作指挥官版起义狂潮\Mods\XM\XMFinal.SC2Mod\Base.SC2Data\GameData\EffectData.xml	skipped_existing
MedicHealACSwitch	CEffectSwitch	游戏数据/官方SC2原始文本镜像/mods/starcoop/starcoop.sc2mod/base.sc2data/gamedata/effectdata.xml	C:\Users\22448\Downloads\重生虫心0.71汉化版（新）\reborn_workrepo\合作指挥官版起义狂潮\Mods\XM\XMFinal.SC2Mod\Base.SC2Data\GameData\EffectData.xml	skipped_existing
MedivacHeal	CEffectCreateHealer	游戏数据/官方SC2原始文本镜像/mods/starcoop/starcoop.sc2mod/base.sc2data/gamedata/effectdata.xml	C:\Users\22448\Downloads\重生虫心0.71汉化版（新）\reborn_workrepo\合作指挥官版起义狂潮\Mods\XM\XMFinal.SC2Mod\Base.SC2Data\GameData\EffectData.xml	skipped_existing
MengskMedicHeal	CEffectCreateHealer	游戏数据/官方SC2原始文本镜像/campaigns/swarm.sc2campaign/base.sc2data/gamedata/effectdata.xml	C:\Users\22448\Downloads\重生虫心0.71汉化版（新）\reborn_workrepo\合作指挥官版起义狂潮\Mods\XM\XMFinal.SC2Mod\Base.SC2Data\GameData\EffectData.xml	skipped_existing
MercMedicHeal	CEffectCreateHealer	游戏数据/官方SC2原始文本镜像/mods/starcoop/starcoop.sc2mod/base.sc2data/gamedata/effectdata.xml	C:\Users\22448\Downloads\重生虫心0.71汉化版（新）\reborn_workrepo\合作指挥官版起义狂潮\Mods\XM\XMFinal.SC2Mod\Base.SC2Data\GameData\EffectData.xml	skipped_existing
MercMedicHeal	CEffectCreateHealer	游戏数据/官方SC2原始文本镜像/campaigns/swarm.sc2campaign/base.sc2data/gamedata/effectdata.xml	C:\Users\22448\Downloads\重生虫心0.71汉化版（新）\reborn_workrepo\合作指挥官版起义狂潮\Mods\XM\XMFinal.SC2Mod\Base.SC2Data\GameData\EffectData.xml	skipped_existing
MercMedicHealExtraDelay1	CEffectCreatePersistent	游戏数据/官方SC2原始文本镜像/mods/starcoop/starcoop.sc2mod/base.sc2data/gamedata/effectdata.xml	C:\Users\22448\Downloads\重生虫心0.71汉化版（新）\reborn_workrepo\合作指挥官版起义狂潮\Mods\XM\XMFinal.SC2Mod\Base.SC2Data\GameData\EffectData.xml	skipped_existing
MercMedicHealExtraSearch1	CEffectEnumArea	游戏数据/官方SC2原始文本镜像/mods/starcoop/starcoop.sc2mod/base.sc2data/gamedata/effectdata.xml	C:\Users\22448\Downloads\重生虫心0.71汉化版（新）\reborn_workrepo\合作指挥官版起义狂潮\Mods\XM\XMFinal.SC2Mod\Base.SC2Data\GameData\EffectData.xml	skipped_existing
MercMedicHealInitialSet	CEffectSet	游戏数据/官方SC2原始文本镜像/mods/starcoop/starcoop.sc2mod/base.sc2data/gamedata/effectdata.xml	C:\Users\22448\Downloads\重生虫心0.71汉化版（新）\reborn_workrepo\合作指挥官版起义狂潮\Mods\XM\XMFinal.SC2Mod\Base.SC2Data\GameData\EffectData.xml	skipped_existing
MercMedicHealPeriodicSet	CEffectSet	游戏数据/官方SC2原始文本镜像/mods/starcoop/starcoop.sc2mod/base.sc2data/gamedata/effectdata.xml	C:\Users\22448\Downloads\重生虫心0.71汉化版（新）\reborn_workrepo\合作指挥官版起义狂潮\Mods\XM\XMFinal.SC2Mod\Base.SC2Data\GameData\EffectData.xml	skipped_existing
MindBoltDamage	CEffectDamage	游戏数据/官方SC2原始文本镜像/mods/starcoop/starcoop.sc2mod/base.sc2data/gamedata/effectdata.xml	C:\Users\22448\Downloads\重生虫心0.71汉化版（新）\reborn_workrepo\合作指挥官版起义狂潮\Mods\XM\XMFinal.SC2Mod\Base.SC2Data\GameData\EffectData.xml	skipped_existing
MindBoltDamage	CEffectDamage	游戏数据/官方SC2原始文本镜像/campaigns/swarm.sc2campaign/base.sc2data/gamedata/effectdata.xml	C:\Users\22448\Downloads\重生虫心0.71汉化版（新）\reborn_workrepo\合作指挥官版起义狂潮\Mods\XM\XMFinal.SC2Mod\Base.SC2Data\GameData\EffectData.xml	skipped_existing
MindBoltDamageSet	CEffectSet	游戏数据/官方SC2原始文本镜像/campaigns/swarm.sc2campaign/base.sc2data/gamedata/effectdata.xml	C:\Users\22448\Downloads\重生虫心0.71汉化版（新）\reborn_workrepo\合作指挥官版起义狂潮\Mods\XM\XMFinal.SC2Mod\Base.SC2Data\GameData\EffectData.xml	skipped_existing
MindBoltLaunchMissile	CEffectLaunchMissile	游戏数据/官方SC2原始文本镜像/campaigns/swarm.sc2campaign/base.sc2data/gamedata/effectdata.xml	C:\Users\22448\Downloads\重生虫心0.71汉化版（新）\reborn_workrepo\合作指挥官版起义狂潮\Mods\XM\XMFinal.SC2Mod\Base.SC2Data\GameData\EffectData.xml	skipped_existing
MutatorRemoveWorkerSleep	CEffectRemoveBehavior	游戏数据/官方SC2原始文本镜像/mods/starcoop/starcoop.sc2mod/base.sc2data/gamedata/effectdata.xml	C:\Users\22448\Downloads\重生虫心0.71汉化版（新）\reborn_workrepo\合作指挥官版起义狂潮\Mods\XM\XMFinal.SC2Mod\Base.SC2Data\GameData\EffectData.xml	skipped_existing
NovaStunResistanceAB	CEffectApplyBehavior	游戏数据/官方SC2原始文本镜像/mods/starcoop/starcoop.sc2mod/base.sc2data/gamedata/effectdata.xml	C:\Users\22448\Downloads\重生虫心0.71汉化版（新）\reborn_workrepo\合作指挥官版起义狂潮\Mods\XM\XMFinal.SC2Mod\Base.SC2Data\GameData\EffectData.xml	skipped_existing
NydusNetworkAllyCU	CEffectCreateUnit	游戏数据/官方SC2原始文本镜像/mods/starcoop/starcoop.sc2mod/base.sc2data/gamedata/effectdata.xml	C:\Users\22448\Downloads\重生虫心0.71汉化版（新）\reborn_workrepo\合作指挥官版起义狂潮\Mods\XM\XMFinal.SC2Mod\Base.SC2Data\GameData\EffectData.xml	skipped_existing
NydusWormAllyCU	CEffectCreateUnit	游戏数据/官方SC2原始文本镜像/mods/starcoop/starcoop.sc2mod/base.sc2data/gamedata/effectdata.xml	C:\Users\22448\Downloads\重生虫心0.71汉化版（新）\reborn_workrepo\合作指挥官版起义狂潮\Mods\XM\XMFinal.SC2Mod\Base.SC2Data\GameData\EffectData.xml	skipped_existing
OnDeathControllerDeathPreventAB	CEffectApplyBehavior	游戏数据/官方SC2原始文本镜像/mods/starcoop/starcoop.sc2mod/base.sc2data/gamedata/effectdata.xml	C:\Users\22448\Downloads\重生虫心0.71汉化版（新）\reborn_workrepo\合作指挥官版起义狂潮\Mods\XM\XMFinal.SC2Mod\Base.SC2Data\GameData\EffectData.xml	skipped_existing
PoisonNova	CEffectEnumArea	游戏数据/官方SC2原始文本镜像/campaigns/swarm.sc2campaign/base.sc2data/gamedata/effectdata.xml	C:\Users\22448\Downloads\重生虫心0.71汉化版（新）\reborn_workrepo\合作指挥官版起义狂潮\Mods\XM\XMFinal.SC2Mod\Base.SC2Data\GameData\EffectData.xml	skipped_existing
Pop	CEffectApplyBehavior	游戏数据/官方SC2原始文本镜像/campaigns/swarm.sc2campaign/base.sc2data/gamedata/effectdata.xml	C:\Users\22448\Downloads\重生虫心0.71汉化版（新）\reborn_workrepo\合作指挥官版起义狂潮\Mods\XM\XMFinal.SC2Mod\Base.SC2Data\GameData\EffectData.xml	skipped_existing
PostMorphOverseerHealSet	CEffectSet	游戏数据/官方SC2原始文本镜像/mods/starcoop/starcoop.sc2mod/base.sc2data/gamedata/effectdata.xml	C:\Users\22448\Downloads\重生虫心0.71汉化版（新）\reborn_workrepo\合作指挥官版起义狂潮\Mods\XM\XMFinal.SC2Mod\Base.SC2Data\GameData\EffectData.xml	skipped_existing
PrimalHeal	CEffectSet	游戏数据/官方SC2原始文本镜像/campaigns/swarm.sc2campaign/base.sc2data/gamedata/effectdata.xml	C:\Users\22448\Downloads\重生虫心0.71汉化版（新）\reborn_workrepo\合作指挥官版起义狂潮\Mods\XM\XMFinal.SC2Mod\Base.SC2Data\GameData\EffectData.xml	skipped_existing
PrimalHealBig	CEffectModifyUnit	游戏数据/官方SC2原始文本镜像/campaigns/swarm.sc2campaign/base.sc2data/gamedata/effectdata.xml	C:\Users\22448\Downloads\重生虫心0.71汉化版（新）\reborn_workrepo\合作指挥官版起义狂潮\Mods\XM\XMFinal.SC2Mod\Base.SC2Data\GameData\EffectData.xml	skipped_existing
PrimalHealBigAB	CEffectApplyBehavior	游戏数据/官方SC2原始文本镜像/campaigns/swarm.sc2campaign/base.sc2data/gamedata/effectdata.xml	C:\Users\22448\Downloads\重生虫心0.71汉化版（新）\reborn_workrepo\合作指挥官版起义狂潮\Mods\XM\XMFinal.SC2Mod\Base.SC2Data\GameData\EffectData.xml	skipped_existing
PrimalHealSearch	CEffectEnumArea	游戏数据/官方SC2原始文本镜像/mods/starcoop/starcoop.sc2mod/base.sc2data/gamedata/effectdata.xml	C:\Users\22448\Downloads\重生虫心0.71汉化版（新）\reborn_workrepo\合作指挥官版起义狂潮\Mods\XM\XMFinal.SC2Mod\Base.SC2Data\GameData\EffectData.xml	skipped_existing
PrimalHealSearch	CEffectEnumArea	游戏数据/官方SC2原始文本镜像/campaigns/swarm.sc2campaign/base.sc2data/gamedata/effectdata.xml	C:\Users\22448\Downloads\重生虫心0.71汉化版（新）\reborn_workrepo\合作指挥官版起义狂潮\Mods\XM\XMFinal.SC2Mod\Base.SC2Data\GameData\EffectData.xml	skipped_existing
PrimalHealSmall	CEffectModifyUnit	游戏数据/官方SC2原始文本镜像/campaigns/swarm.sc2campaign/base.sc2data/gamedata/effectdata.xml	C:\Users\22448\Downloads\重生虫心0.71汉化版（新）\reborn_workrepo\合作指挥官版起义狂潮\Mods\XM\XMFinal.SC2Mod\Base.SC2Data\GameData\EffectData.xml	skipped_existing
PrimalHealSmallAB	CEffectApplyBehavior	游戏数据/官方SC2原始文本镜像/campaigns/swarm.sc2campaign/base.sc2data/gamedata/effectdata.xml	C:\Users\22448\Downloads\重生虫心0.71汉化版（新）\reborn_workrepo\合作指挥官版起义狂潮\Mods\XM\XMFinal.SC2Mod\Base.SC2Data\GameData\EffectData.xml	skipped_existing
PrimalHealSmallSet	CEffectSet	游戏数据/官方SC2原始文本镜像/campaigns/swarm.sc2campaign/base.sc2data/gamedata/effectdata.xml	C:\Users\22448\Downloads\重生虫心0.71汉化版（新）\reborn_workrepo\合作指挥官版起义狂潮\Mods\XM\XMFinal.SC2Mod\Base.SC2Data\GameData\EffectData.xml	skipped_existing
PrimalHydralisk	CEffectLaunchMissile	游戏数据/官方SC2原始文本镜像/campaigns/swarm.sc2campaign/base.sc2data/gamedata/effectdata.xml	C:\Users\22448\Downloads\重生虫心0.71汉化版（新）\reborn_workrepo\合作指挥官版起义狂潮\Mods\XM\XMFinal.SC2Mod\Base.SC2Data\GameData\EffectData.xml	skipped_existing
PrimalHydraliskDamage	CEffectDamage	游戏数据/官方SC2原始文本镜像/campaigns/swarm.sc2campaign/base.sc2data/gamedata/effectdata.xml	C:\Users\22448\Downloads\重生虫心0.71汉化版（新）\reborn_workrepo\合作指挥官版起义狂潮\Mods\XM\XMFinal.SC2Mod\Base.SC2Data\GameData\EffectData.xml	skipped_existing
PrimalHydraliskMelee	CEffectDamage	游戏数据/官方SC2原始文本镜像/campaigns/swarm.sc2campaign/base.sc2data/gamedata/effectdata.xml	C:\Users\22448\Downloads\重生虫心0.71汉化版（新）\reborn_workrepo\合作指挥官版起义狂潮\Mods\XM\XMFinal.SC2Mod\Base.SC2Data\GameData\EffectData.xml	skipped_existing
PrimalSlash	CEffectDamage	游戏数据/官方SC2原始文本镜像/campaigns/swarm.sc2campaign/base.sc2data/gamedata/effectdata.xml	C:\Users\22448\Downloads\重生虫心0.71汉化版（新）\reborn_workrepo\合作指挥官版起义狂潮\Mods\XM\XMFinal.SC2Mod\Base.SC2Data\GameData\EffectData.xml	skipped_existing
PrimalSlashAttackOrder	CEffectIssueOrder	游戏数据/官方SC2原始文本镜像/campaigns/swarm.sc2campaign/base.sc2data/gamedata/effectdata.xml	C:\Users\22448\Downloads\重生虫心0.71汉化版（新）\reborn_workrepo\合作指挥官版起义狂潮\Mods\XM\XMFinal.SC2Mod\Base.SC2Data\GameData\EffectData.xml	skipped_existing
PrimalSlashImpactSet	CEffectSet	游戏数据/官方SC2原始文本镜像/mods/starcoop/starcoop.sc2mod/base.sc2data/gamedata/effectdata.xml	C:\Users\22448\Downloads\重生虫心0.71汉化版（新）\reborn_workrepo\合作指挥官版起义狂潮\Mods\XM\XMFinal.SC2Mod\Base.SC2Data\GameData\EffectData.xml	skipped_existing
PrimalSlashImpactSet	CEffectSet	游戏数据/官方SC2原始文本镜像/campaigns/swarm.sc2campaign/base.sc2data/gamedata/effectdata.xml	C:\Users\22448\Downloads\重生虫心0.71汉化版（新）\reborn_workrepo\合作指挥官版起义狂潮\Mods\XM\XMFinal.SC2Mod\Base.SC2Data\GameData\EffectData.xml	skipped_existing
PrimalSlashInitialSet	CEffectSet	游戏数据/官方SC2原始文本镜像/mods/starcoop/starcoop.sc2mod/base.sc2data/gamedata/effectdata.xml	C:\Users\22448\Downloads\重生虫心0.71汉化版（新）\reborn_workrepo\合作指挥官版起义狂潮\Mods\XM\XMFinal.SC2Mod\Base.SC2Data\GameData\EffectData.xml	skipped_existing
PrimalSlashJumpOnly	CEffectLaunchMissile	游戏数据/官方SC2原始文本镜像/campaigns/swarm.sc2campaign/base.sc2data/gamedata/effectdata.xml	C:\Users\22448\Downloads\重生虫心0.71汉化版（新）\reborn_workrepo\合作指挥官版起义狂潮\Mods\XM\XMFinal.SC2Mod\Base.SC2Data\GameData\EffectData.xml	skipped_existing
PrimalSlashJumpOnlyUnit	CEffectLaunchMissile	游戏数据/官方SC2原始文本镜像/mods/starcoop/starcoop.sc2mod/base.sc2data/gamedata/effectdata.xml	C:\Users\22448\Downloads\重生虫心0.71汉化版（新）\reborn_workrepo\合作指挥官版起义狂潮\Mods\XM\XMFinal.SC2Mod\Base.SC2Data\GameData\EffectData.xml	skipped_existing
PrimalSlashJumpOnlyUnit	CEffectLaunchMissile	游戏数据/官方SC2原始文本镜像/campaigns/swarm.sc2campaign/base.sc2data/gamedata/effectdata.xml	C:\Users\22448\Downloads\重生虫心0.71汉化版（新）\reborn_workrepo\合作指挥官版起义狂潮\Mods\XM\XMFinal.SC2Mod\Base.SC2Data\GameData\EffectData.xml	skipped_existing
PrimalSlashPointSearch	CEffectEnumArea	游戏数据/官方SC2原始文本镜像/mods/starcoop/starcoop.sc2mod/base.sc2data/gamedata/effectdata.xml	C:\Users\22448\Downloads\重生虫心0.71汉化版（新）\reborn_workrepo\合作指挥官版起义狂潮\Mods\XM\XMFinal.SC2Mod\Base.SC2Data\GameData\EffectData.xml	skipped_existing
PrimalSlashPointSearch	CEffectEnumArea	游戏数据/官方SC2原始文本镜像/campaigns/swarm.sc2campaign/base.sc2data/gamedata/effectdata.xml	C:\Users\22448\Downloads\重生虫心0.71汉化版（新）\reborn_workrepo\合作指挥官版起义狂潮\Mods\XM\XMFinal.SC2Mod\Base.SC2Data\GameData\EffectData.xml	skipped_existing
PrimalSlashPointSearchImpactSet	CEffectSet	游戏数据/官方SC2原始文本镜像/campaigns/swarm.sc2campaign/base.sc2data/gamedata/effectdata.xml	C:\Users\22448\Downloads\重生虫心0.71汉化版（新）\reborn_workrepo\合作指挥官版起义狂潮\Mods\XM\XMFinal.SC2Mod\Base.SC2Data\GameData\EffectData.xml	skipped_existing
PrimalSlashPointSearchSet	CEffectSet	游戏数据/官方SC2原始文本镜像/mods/starcoop/starcoop.sc2mod/base.sc2data/gamedata/effectdata.xml	C:\Users\22448\Downloads\重生虫心0.71汉化版（新）\reborn_workrepo\合作指挥官版起义狂潮\Mods\XM\XMFinal.SC2Mod\Base.SC2Data\GameData\EffectData.xml	skipped_existing
PrimalSlashPointSearchSet	CEffectSet	游戏数据/官方SC2原始文本镜像/campaigns/swarm.sc2campaign/base.sc2data/gamedata/effectdata.xml	C:\Users\22448\Downloads\重生虫心0.71汉化版（新）\reborn_workrepo\合作指挥官版起义狂潮\Mods\XM\XMFinal.SC2Mod\Base.SC2Data\GameData\EffectData.xml	skipped_existing
PrimalSlashSet	CEffectSet	游戏数据/官方SC2原始文本镜像/campaigns/swarm.sc2campaign/base.sc2data/gamedata/effectdata.xml	C:\Users\22448\Downloads\重生虫心0.71汉化版（新）\reborn_workrepo\合作指挥官版起义狂潮\Mods\XM\XMFinal.SC2Mod\Base.SC2Data\GameData\EffectData.xml	skipped_existing
PrimalSlashUpgraded	CEffectSwitch	游戏数据/官方SC2原始文本镜像/campaigns/swarm.sc2campaign/base.sc2data/gamedata/effectdata.xml	C:\Users\22448\Downloads\重生虫心0.71汉化版（新）\reborn_workrepo\合作指挥官版起义狂潮\Mods\XM\XMFinal.SC2Mod\Base.SC2Data\GameData\EffectData.xml	skipped_existing
PrimalSlashUpgradedLMWings	CEffectLaunchMissile	游戏数据/官方SC2原始文本镜像/campaigns/swarm.sc2campaign/base.sc2data/gamedata/effectdata.xml	C:\Users\22448\Downloads\重生虫心0.71汉化版（新）\reborn_workrepo\合作指挥官版起义狂潮\Mods\XM\XMFinal.SC2Mod\Base.SC2Data\GameData\EffectData.xml	skipped_existing
PsionicLift	CEffectSet	游戏数据/官方SC2原始文本镜像/campaigns/swarm.sc2campaign/base.sc2data/gamedata/effectdata.xml	C:\Users\22448\Downloads\重生虫心0.71汉化版（新）\reborn_workrepo\合作指挥官版起义狂潮\Mods\XM\XMFinal.SC2Mod\Base.SC2Data\GameData\EffectData.xml	skipped_existing
PsionicLiftApplyBehavior	CEffectApplyBehavior	游戏数据/官方SC2原始文本镜像/mods/starcoop/starcoop.sc2mod/base.sc2data/gamedata/effectdata.xml	C:\Users\22448\Downloads\重生虫心0.71汉化版（新）\reborn_workrepo\合作指挥官版起义狂潮\Mods\XM\XMFinal.SC2Mod\Base.SC2Data\GameData\EffectData.xml	skipped_existing
PsionicLiftApplyBehavior	CEffectApplyBehavior	游戏数据/官方SC2原始文本镜像/campaigns/swarm.sc2campaign/base.sc2data/gamedata/effectdata.xml	C:\Users\22448\Downloads\重生虫心0.71汉化版（新）\reborn_workrepo\合作指挥官版起义狂潮\Mods\XM\XMFinal.SC2Mod\Base.SC2Data\GameData\EffectData.xml	skipped_existing
PsionicLiftApplyBehaviorFlier	CEffectApplyBehavior	游戏数据/官方SC2原始文本镜像/campaigns/swarm.sc2campaign/base.sc2data/gamedata/effectdata.xml	C:\Users\22448\Downloads\重生虫心0.71汉化版（新）\reborn_workrepo\合作指挥官版起义狂潮\Mods\XM\XMFinal.SC2Mod\Base.SC2Data\GameData\EffectData.xml	skipped_existing
PsionicLiftApplyBehaviorSet	CEffectSet	游戏数据/官方SC2原始文本镜像/mods/starcoop/starcoop.sc2mod/base.sc2data/gamedata/effectdata.xml	C:\Users\22448\Downloads\重生虫心0.71汉化版（新）\reborn_workrepo\合作指挥官版起义狂潮\Mods\XM\XMFinal.SC2Mod\Base.SC2Data\GameData\EffectData.xml	skipped_existing
PsionicLiftApplyBehaviorSet	CEffectSet	游戏数据/官方SC2原始文本镜像/campaigns/swarm.sc2campaign/base.sc2data/gamedata/effectdata.xml	C:\Users\22448\Downloads\重生虫心0.71汉化版（新）\reborn_workrepo\合作指挥官版起义狂潮\Mods\XM\XMFinal.SC2Mod\Base.SC2Data\GameData\EffectData.xml	skipped_existing
PsionicLiftController	CEffectApplyBehavior	游戏数据/官方SC2原始文本镜像/mods/starcoop/starcoop.sc2mod/base.sc2data/gamedata/effectdata.xml	C:\Users\22448\Downloads\重生虫心0.71汉化版（新）\reborn_workrepo\合作指挥官版起义狂潮\Mods\XM\XMFinal.SC2Mod\Base.SC2Data\GameData\EffectData.xml	skipped_existing
PsionicLiftControllerShort	CEffectApplyBehavior	游戏数据/官方SC2原始文本镜像/mods/starcoop/starcoop.sc2mod/base.sc2data/gamedata/effectdata.xml	C:\Users\22448\Downloads\重生虫心0.71汉化版（新）\reborn_workrepo\合作指挥官版起义狂潮\Mods\XM\XMFinal.SC2Mod\Base.SC2Data\GameData\EffectData.xml	skipped_existing
PsionicLiftDamage	CEffectDamage	游戏数据/官方SC2原始文本镜像/mods/starcoop/starcoop.sc2mod/base.sc2data/gamedata/effectdata.xml	C:\Users\22448\Downloads\重生虫心0.71汉化版（新）\reborn_workrepo\合作指挥官版起义狂潮\Mods\XM\XMFinal.SC2Mod\Base.SC2Data\GameData\EffectData.xml	skipped_existing
PsionicLiftDamage	CEffectDamage	游戏数据/官方SC2原始文本镜像/campaigns/swarm.sc2campaign/base.sc2data/gamedata/effectdata.xml	C:\Users\22448\Downloads\重生虫心0.71汉化版（新）\reborn_workrepo\合作指挥官版起义狂潮\Mods\XM\XMFinal.SC2Mod\Base.SC2Data\GameData\EffectData.xml	skipped_existing
PsionicLiftDamageAB	CEffectApplyBehavior	游戏数据/官方SC2原始文本镜像/mods/starcoop/starcoop.sc2mod/base.sc2data/gamedata/effectdata.xml	C:\Users\22448\Downloads\重生虫心0.71汉化版（新）\reborn_workrepo\合作指挥官版起义狂潮\Mods\XM\XMFinal.SC2Mod\Base.SC2Data\GameData\EffectData.xml	skipped_existing
PsionicLiftDamageAB	CEffectApplyBehavior	游戏数据/官方SC2原始文本镜像/campaigns/swarm.sc2campaign/base.sc2data/gamedata/effectdata.xml	C:\Users\22448\Downloads\重生虫心0.71汉化版（新）\reborn_workrepo\合作指挥官版起义狂潮\Mods\XM\XMFinal.SC2Mod\Base.SC2Data\GameData\EffectData.xml	skipped_existing
PsionicLiftDamageSearch	CEffectEnumArea	游戏数据/官方SC2原始文本镜像/campaigns/swarm.sc2campaign/base.sc2data/gamedata/effectdata.xml	C:\Users\22448\Downloads\重生虫心0.71汉化版（新）\reborn_workrepo\合作指挥官版起义狂潮\Mods\XM\XMFinal.SC2Mod\Base.SC2Data\GameData\EffectData.xml	skipped_existing
PsionicLiftDoT	CEffectApplyBehavior	游戏数据/官方SC2原始文本镜像/mods/starcoop/starcoop.sc2mod/base.sc2data/gamedata/effectdata.xml	C:\Users\22448\Downloads\重生虫心0.71汉化版（新）\reborn_workrepo\合作指挥官版起义狂潮\Mods\XM\XMFinal.SC2Mod\Base.SC2Data\GameData\EffectData.xml	skipped_existing
PsionicLiftDoTSet	CEffectSet	游戏数据/官方SC2原始文本镜像/mods/starcoop/starcoop.sc2mod/base.sc2data/gamedata/effectdata.xml	C:\Users\22448\Downloads\重生虫心0.71汉化版（新）\reborn_workrepo\合作指挥官版起义狂潮\Mods\XM\XMFinal.SC2Mod\Base.SC2Data\GameData\EffectData.xml	skipped_existing
PsionicLiftDummyImpactEffect	CEffectDamage	游戏数据/官方SC2原始文本镜像/campaigns/swarm.sc2campaign/base.sc2data/gamedata/effectdata.xml	C:\Users\22448\Downloads\重生虫心0.71汉化版（新）\reborn_workrepo\合作指挥官版起义狂潮\Mods\XM\XMFinal.SC2Mod\Base.SC2Data\GameData\EffectData.xml	skipped_existing
PsionicLiftDummySearch	CEffectEnumArea	游戏数据/官方SC2原始文本镜像/campaigns/swarm.sc2campaign/base.sc2data/gamedata/effectdata.xml	C:\Users\22448\Downloads\重生虫心0.71汉化版（新）\reborn_workrepo\合作指挥官版起义狂潮\Mods\XM\XMFinal.SC2Mod\Base.SC2Data\GameData\EffectData.xml	skipped_existing
PsionicLiftPeriodicDamage	CEffectDamage	游戏数据/官方SC2原始文本镜像/mods/starcoop/starcoop.sc2mod/base.sc2data/gamedata/effectdata.xml	C:\Users\22448\Downloads\重生虫心0.71汉化版（新）\reborn_workrepo\合作指挥官版起义狂潮\Mods\XM\XMFinal.SC2Mod\Base.SC2Data\GameData\EffectData.xml	skipped_existing
PsionicLiftRaiseApplyBehavior	CEffectApplyBehavior	游戏数据/官方SC2原始文本镜像/mods/starcoop/starcoop.sc2mod/base.sc2data/gamedata/effectdata.xml	C:\Users\22448\Downloads\重生虫心0.71汉化版（新）\reborn_workrepo\合作指挥官版起义狂潮\Mods\XM\XMFinal.SC2Mod\Base.SC2Data\GameData\EffectData.xml	skipped_existing
PsionicLiftRaiseApplyBehavior	CEffectApplyBehavior	游戏数据/官方SC2原始文本镜像/campaigns/swarm.sc2campaign/base.sc2data/gamedata/effectdata.xml	C:\Users\22448\Downloads\重生虫心0.71汉化版（新）\reborn_workrepo\合作指挥官版起义狂潮\Mods\XM\XMFinal.SC2Mod\Base.SC2Data\GameData\EffectData.xml	skipped_existing
PsionicLiftRaiseSearch	CEffectEnumArea	游戏数据/官方SC2原始文本镜像/mods/starcoop/starcoop.sc2mod/base.sc2data/gamedata/effectdata.xml	C:\Users\22448\Downloads\重生虫心0.71汉化版（新）\reborn_workrepo\合作指挥官版起义狂潮\Mods\XM\XMFinal.SC2Mod\Base.SC2Data\GameData\EffectData.xml	skipped_existing
PsionicLiftRaiseSearch	CEffectEnumArea	游戏数据/官方SC2原始文本镜像/campaigns/swarm.sc2campaign/base.sc2data/gamedata/effectdata.xml	C:\Users\22448\Downloads\重生虫心0.71汉化版（新）\reborn_workrepo\合作指挥官版起义狂潮\Mods\XM\XMFinal.SC2Mod\Base.SC2Data\GameData\EffectData.xml	skipped_existing
PsionicLiftSwitch	CEffectSwitch	游戏数据/官方SC2原始文本镜像/campaigns/swarm.sc2campaign/base.sc2data/gamedata/effectdata.xml	C:\Users\22448\Downloads\重生虫心0.71汉化版（新）\reborn_workrepo\合作指挥官版起义狂潮\Mods\XM\XMFinal.SC2Mod\Base.SC2Data\GameData\EffectData.xml	skipped_existing
PsiStrike	CEffectCreatePersistent	游戏数据/官方SC2原始文本镜像/campaigns/swarm.sc2campaign/base.sc2data/gamedata/effectdata.xml	C:\Users\22448\Downloads\重生虫心0.71汉化版（新）\reborn_workrepo\合作指挥官版起义狂潮\Mods\XM\XMFinal.SC2Mod\Base.SC2Data\GameData\EffectData.xml	skipped_existing
PsiStrikeCasterApplyForce	CEffectApplyForce	游戏数据/官方SC2原始文本镜像/campaigns/swarm.sc2campaign/base.sc2data/gamedata/effectdata.xml	C:\Users\22448\Downloads\重生虫心0.71汉化版（新）\reborn_workrepo\合作指挥官版起义狂潮\Mods\XM\XMFinal.SC2Mod\Base.SC2Data\GameData\EffectData.xml	skipped_existing
PsiStrikeDamage	CEffectDamage	游戏数据/官方SC2原始文本镜像/campaigns/swarm.sc2campaign/base.sc2data/gamedata/effectdata.xml	C:\Users\22448\Downloads\重生虫心0.71汉化版（新）\reborn_workrepo\合作指挥官版起义狂潮\Mods\XM\XMFinal.SC2Mod\Base.SC2Data\GameData\EffectData.xml	skipped_existing
PsiStrikePersistent2	CEffectCreatePersistent	游戏数据/官方SC2原始文本镜像/campaigns/swarm.sc2campaign/base.sc2data/gamedata/effectdata.xml	C:\Users\22448\Downloads\重生虫心0.71汉化版（新）\reborn_workrepo\合作指挥官版起义狂潮\Mods\XM\XMFinal.SC2Mod\Base.SC2Data\GameData\EffectData.xml	skipped_existing
PsiStrikeSet	CEffectSet	游戏数据/官方SC2原始文本镜像/campaigns/swarm.sc2campaign/base.sc2data/gamedata/effectdata.xml	C:\Users\22448\Downloads\重生虫心0.71汉化版（新）\reborn_workrepo\合作指挥官版起义狂潮\Mods\XM\XMFinal.SC2Mod\Base.SC2Data\GameData\EffectData.xml	skipped_existing
PsiStrikeStopSearch	CEffectEnumArea	游戏数据/官方SC2原始文本镜像/campaigns/swarm.sc2campaign/base.sc2data/gamedata/effectdata.xml	C:\Users\22448\Downloads\重生虫心0.71汉化版（新）\reborn_workrepo\合作指挥官版起义狂潮\Mods\XM\XMFinal.SC2Mod\Base.SC2Data\GameData\EffectData.xml	skipped_existing
PsiStrikeTargetSearch	CEffectEnumArea	游戏数据/官方SC2原始文本镜像/mods/starcoop/starcoop.sc2mod/base.sc2data/gamedata/effectdata.xml	C:\Users\22448\Downloads\重生虫心0.71汉化版（新）\reborn_workrepo\合作指挥官版起义狂潮\Mods\XM\XMFinal.SC2Mod\Base.SC2Data\GameData\EffectData.xml	skipped_existing
PsiStrikeTargetSearch	CEffectEnumArea	游戏数据/官方SC2原始文本镜像/campaigns/swarm.sc2campaign/base.sc2data/gamedata/effectdata.xml	C:\Users\22448\Downloads\重生虫心0.71汉化版（新）\reborn_workrepo\合作指挥官版起义狂潮\Mods\XM\XMFinal.SC2Mod\Base.SC2Data\GameData\EffectData.xml	skipped_existing
PsiStrikeTargetSet	CEffectSet	游戏数据/官方SC2原始文本镜像/mods/starcoop/starcoop.sc2mod/base.sc2data/gamedata/effectdata.xml	C:\Users\22448\Downloads\重生虫心0.71汉化版（新）\reborn_workrepo\合作指挥官版起义狂潮\Mods\XM\XMFinal.SC2Mod\Base.SC2Data\GameData\EffectData.xml	skipped_existing
PsiStrikeTargetSet	CEffectSet	游戏数据/官方SC2原始文本镜像/campaigns/swarm.sc2campaign/base.sc2data/gamedata/effectdata.xml	C:\Users\22448\Downloads\重生虫心0.71汉化版（新）\reborn_workrepo\合作指挥官版起义狂潮\Mods\XM\XMFinal.SC2Mod\Base.SC2Data\GameData\EffectData.xml	skipped_existing
PsiStrikeWalk	CEffectSet	游戏数据/官方SC2原始文本镜像/mods/starcoop/starcoop.sc2mod/base.sc2data/gamedata/effectdata.xml	C:\Users\22448\Downloads\重生虫心0.71汉化版（新）\reborn_workrepo\合作指挥官版起义狂潮\Mods\XM\XMFinal.SC2Mod\Base.SC2Data\GameData\EffectData.xml	skipped_existing
PsiStrikeWalk	CEffectSet	游戏数据/官方SC2原始文本镜像/campaigns/swarm.sc2campaign/base.sc2data/gamedata/effectdata.xml	C:\Users\22448\Downloads\重生虫心0.71汉化版（新）\reborn_workrepo\合作指挥官版起义狂潮\Mods\XM\XMFinal.SC2Mod\Base.SC2Data\GameData\EffectData.xml	skipped_existing
PsiStrikeWalkStopOrder	CEffectIssueOrder	游戏数据/官方SC2原始文本镜像/campaigns/swarm.sc2campaign/base.sc2data/gamedata/effectdata.xml	C:\Users\22448\Downloads\重生虫心0.71汉化版（新）\reborn_workrepo\合作指挥官版起义狂潮\Mods\XM\XMFinal.SC2Mod\Base.SC2Data\GameData\EffectData.xml	skipped_existing
PsiStrikeWalkStopSet	CEffectSet	游戏数据/官方SC2原始文本镜像/campaigns/swarm.sc2campaign/base.sc2data/gamedata/effectdata.xml	C:\Users\22448\Downloads\重生虫心0.71汉化版（新）\reborn_workrepo\合作指挥官版起义狂潮\Mods\XM\XMFinal.SC2Mod\Base.SC2Data\GameData\EffectData.xml	skipped_existing
QueenBurstHeal	CEffectModifyUnit	游戏数据/官方SC2原始文本镜像/mods/starcoop/starcoop.sc2mod/base.sc2data/gamedata/effectdata.xml	C:\Users\22448\Downloads\重生虫心0.71汉化版（新）\reborn_workrepo\合作指挥官版起义狂潮\Mods\XM\XMFinal.SC2Mod\Base.SC2Data\GameData\EffectData.xml	skipped_existing
QueenBurstHeal	CEffectModifyUnit	游戏数据/官方SC2原始文本镜像/campaigns/swarm.sc2campaign/base.sc2data/gamedata/effectdata.xml	C:\Users\22448\Downloads\重生虫心0.71汉化版（新）\reborn_workrepo\合作指挥官版起义狂潮\Mods\XM\XMFinal.SC2Mod\Base.SC2Data\GameData\EffectData.xml	skipped_existing
QueenofVenomCreepTumorSearch	CEffectEnumArea	游戏数据/官方SC2原始文本镜像/campaigns/swarm.sc2campaign/base.sc2data/gamedata/effectdata.xml	C:\Users\22448\Downloads\重生虫心0.71汉化版（新）\reborn_workrepo\合作指挥官版起义狂潮\Mods\XM\XMFinal.SC2Mod\Base.SC2Data\GameData\EffectData.xml	skipped_existing
QueenofVenomHatcherySearch	CEffectEnumArea	游戏数据/官方SC2原始文本镜像/campaigns/swarm.sc2campaign/base.sc2data/gamedata/effectdata.xml	C:\Users\22448\Downloads\重生虫心0.71汉化版（新）\reborn_workrepo\合作指挥官版起义狂潮\Mods\XM\XMFinal.SC2Mod\Base.SC2Data\GameData\EffectData.xml	skipped_existing
RallyBlock	CEffectSet	游戏数据/官方SC2原始文本镜像/campaigns/swarm.sc2campaign/base.sc2data/gamedata/effectdata.xml	C:\Users\22448\Downloads\重生虫心0.71汉化版（新）\reborn_workrepo\合作指挥官版起义狂潮\Mods\XM\XMFinal.SC2Mod\Base.SC2Data\GameData\EffectData.xml	skipped_existing
RaynorMasteryHealSecondaryCP	CEffectCreatePersistent	游戏数据/官方SC2原始文本镜像/mods/starcoop/starcoop.sc2mod/base.sc2data/gamedata/effectdata.xml	C:\Users\22448\Downloads\重生虫心0.71汉化版（新）\reborn_workrepo\合作指挥官版起义狂潮\Mods\XM\XMFinal.SC2Mod\Base.SC2Data\GameData\EffectData.xml	skipped_existing
RaynorMedicSafeguard	CEffectSet	游戏数据/官方SC2原始文本镜像/mods/starcoop/starcoop.sc2mod/base.sc2data/gamedata/effectdata.xml	C:\Users\22448\Downloads\重生虫心0.71汉化版（新）\reborn_workrepo\合作指挥官版起义狂潮\Mods\XM\XMFinal.SC2Mod\Base.SC2Data\GameData\EffectData.xml	skipped_existing
RaynorMedicSafeguardSwitch	CEffectSwitch	游戏数据/官方SC2原始文本镜像/mods/starcoop/starcoop.sc2mod/base.sc2data/gamedata/effectdata.xml	C:\Users\22448\Downloads\重生虫心0.71汉化版（新）\reborn_workrepo\合作指挥官版起义狂潮\Mods\XM\XMFinal.SC2Mod\Base.SC2Data\GameData\EffectData.xml	skipped_existing
RemovePsiStrikeSpeed	CEffectRemoveBehavior	游戏数据/官方SC2原始文本镜像/campaigns/swarm.sc2campaign/base.sc2data/gamedata/effectdata.xml	C:\Users\22448\Downloads\重生虫心0.71汉化版（新）\reborn_workrepo\合作指挥官版起义狂潮\Mods\XM\XMFinal.SC2Mod\Base.SC2Data\GameData\EffectData.xml	skipped_existing
RoachCorpserMelee	CEffectDamage	游戏数据/官方SC2原始文本镜像/campaigns/swarm.sc2campaign/base.sc2data/gamedata/effectdata.xml	C:\Users\22448\Downloads\重生虫心0.71汉化版（新）\reborn_workrepo\合作指挥官版起义狂潮\Mods\XM\XMFinal.SC2Mod\Base.SC2Data\GameData\EffectData.xml	skipped_existing
SIBarracksTrainTimedLifeABInfestedExploder	CEffectApplyBehavior	游戏数据/官方SC2原始文本镜像/mods/starcoop/starcoop.sc2mod/base.sc2data/gamedata/effectdata.xml	C:\Users\22448\Downloads\重生虫心0.71汉化版（新）\reborn_workrepo\合作指挥官版起义狂潮\Mods\XM\XMFinal.SC2Mod\Base.SC2Data\GameData\EffectData.xml	skipped_existing
SIVolatileInfested	CEffectCreateUnit	游戏数据/官方SC2原始文本镜像/mods/starcoop/starcoop.sc2mod/base.sc2data/gamedata/effectdata.xml	C:\Users\22448\Downloads\重生虫心0.71汉化版（新）\reborn_workrepo\合作指挥官版起义狂潮\Mods\XM\XMFinal.SC2Mod\Base.SC2Data\GameData\EffectData.xml	skipped_existing
SIVolatileInfestedExplodeSet	CEffectSet	游戏数据/官方SC2原始文本镜像/mods/starcoop/starcoop.sc2mod/base.sc2data/gamedata/effectdata.xml	C:\Users\22448\Downloads\重生虫心0.71汉化版（新）\reborn_workrepo\合作指挥官版起义狂潮\Mods\XM\XMFinal.SC2Mod\Base.SC2Data\GameData\EffectData.xml	skipped_existing
SpawnBanelings	CEffectCreateUnit	游戏数据/官方SC2原始文本镜像/campaigns/swarm.sc2campaign/base.sc2data/gamedata/effectdata.xml	C:\Users\22448\Downloads\重生虫心0.71汉化版（新）\reborn_workrepo\合作指挥官版起义狂潮\Mods\XM\XMFinal.SC2Mod\Base.SC2Data\GameData\EffectData.xml	skipped_existing
StukovInfestedCivilianSpawnBroodlingOnDeath	CEffectCreateUnit	游戏数据/官方SC2原始文本镜像/mods/starcoop/starcoop.sc2mod/base.sc2data/gamedata/effectdata.xml	C:\Users\22448\Downloads\重生虫心0.71汉化版（新）\reborn_workrepo\合作指挥官版起义狂潮\Mods\XM\XMFinal.SC2Mod\Base.SC2Data\GameData\EffectData.xml	skipped_existing
StukovInfestedTerran	CEffectDamage	游戏数据/官方SC2原始文本镜像/campaigns/swarm.sc2campaign/base.sc2data/gamedata/effectdata.xml	C:\Users\22448\Downloads\重生虫心0.71汉化版（新）\reborn_workrepo\合作指挥官版起义狂潮\Mods\XM\XMFinal.SC2Mod\Base.SC2Data\GameData\EffectData.xml	skipped_existing
StukovInfestedTerrans	CEffectCreatePersistent	游戏数据/官方SC2原始文本镜像/campaigns/swarm.sc2campaign/base.sc2data/gamedata/effectdata.xml	C:\Users\22448\Downloads\重生虫心0.71汉化版（新）\reborn_workrepo\合作指挥官版起义狂潮\Mods\XM\XMFinal.SC2Mod\Base.SC2Data\GameData\EffectData.xml	skipped_existing
StukovInfestedTerranSet	CEffectSet	游戏数据/官方SC2原始文本镜像/campaigns/swarm.sc2campaign/base.sc2data/gamedata/effectdata.xml	C:\Users\22448\Downloads\重生虫心0.71汉化版（新）\reborn_workrepo\合作指挥官版起义狂潮\Mods\XM\XMFinal.SC2Mod\Base.SC2Data\GameData\EffectData.xml	skipped_existing
SuicideRemove	CEffectDamage	游戏数据/官方SC2原始文本镜像/mods/starcoop/starcoop.sc2mod/base.sc2data/gamedata/commanders/commandertychus.xml	C:\Users\22448\Downloads\重生虫心0.71汉化版（新）\reborn_workrepo\合作指挥官版起义狂潮\Mods\XM\XMFinal.SC2Mod\Base.SC2Data\GameData\EffectData.xml	skipped_existing
SwarmHostDeepBurrow	CEffectCreateUnit	游戏数据/官方SC2原始文本镜像/campaigns/swarm.sc2campaign/base.sc2data/gamedata/effectdata.xml	C:\Users\22448\Downloads\重生虫心0.71汉化版（新）\reborn_workrepo\合作指挥官版起义狂潮\Mods\XM\XMFinal.SC2Mod\Base.SC2Data\GameData\EffectData.xml	skipped_existing
SwarmHostFakeWeapon	CEffectSet	游戏数据/官方SC2原始文本镜像/mods/starcoop/starcoop.sc2mod/base.sc2data/gamedata/effectdata.xml	C:\Users\22448\Downloads\重生虫心0.71汉化版（新）\reborn_workrepo\合作指挥官版起义狂潮\Mods\XM\XMFinal.SC2Mod\Base.SC2Data\GameData\EffectData.xml	skipped_existing
SwarmHostUproot	CEffectIssueOrder	游戏数据/官方SC2原始文本镜像/campaigns/swarm.sc2campaign/base.sc2data/gamedata/effectdata.xml	C:\Users\22448\Downloads\重生虫心0.71汉化版（新）\reborn_workrepo\合作指挥官版起义狂潮\Mods\XM\XMFinal.SC2Mod\Base.SC2Data\GameData\EffectData.xml	skipped_existing
SwarmQueenTalons	CEffectDamage	游戏数据/官方SC2原始文本镜像/mods/starcoop/starcoop.sc2mod/base.sc2data/gamedata/effectdata.xml	C:\Users\22448\Downloads\重生虫心0.71汉化版（新）\reborn_workrepo\合作指挥官版起义狂潮\Mods\XM\XMFinal.SC2Mod\Base.SC2Data\GameData\EffectData.xml	skipped_existing
SymbioteCarapaceAB	CEffectApplyBehavior	游戏数据/官方SC2原始文本镜像/mods/starcoop/starcoop.sc2mod/base.sc2data/gamedata/effectdata.xml	C:\Users\22448\Downloads\重生虫心0.71汉化版（新）\reborn_workrepo\合作指挥官版起义狂潮\Mods\XM\XMFinal.SC2Mod\Base.SC2Data\GameData\EffectData.xml	skipped_existing
SymbioteCarapaceSet	CEffectSet	游戏数据/官方SC2原始文本镜像/mods/starcoop/starcoop.sc2mod/base.sc2data/gamedata/effectdata.xml	C:\Users\22448\Downloads\重生虫心0.71汉化版（新）\reborn_workrepo\合作指挥官版起义狂潮\Mods\XM\XMFinal.SC2Mod\Base.SC2Data\GameData\EffectData.xml	skipped_existing
SymbioteCarapaceTauntAB	CEffectApplyBehavior	游戏数据/官方SC2原始文本镜像/mods/starcoop/starcoop.sc2mod/base.sc2data/gamedata/effectdata.xml	C:\Users\22448\Downloads\重生虫心0.71汉化版（新）\reborn_workrepo\合作指挥官版起义狂潮\Mods\XM\XMFinal.SC2Mod\Base.SC2Data\GameData\EffectData.xml	skipped_existing
SymbioteCarapaceTauntInvulSearch	CEffectEnumArea	游戏数据/官方SC2原始文本镜像/mods/starcoop/starcoop.sc2mod/base.sc2data/gamedata/effectdata.xml	C:\Users\22448\Downloads\重生虫心0.71汉化版（新）\reborn_workrepo\合作指挥官版起义狂潮\Mods\XM\XMFinal.SC2Mod\Base.SC2Data\GameData\EffectData.xml	skipped_existing
SymbioteCreateSet	CEffectSet	游戏数据/官方SC2原始文本镜像/mods/starcoop/starcoop.sc2mod/base.sc2data/gamedata/effectdata.xml	C:\Users\22448\Downloads\重生虫心0.71汉化版（新）\reborn_workrepo\合作指挥官版起义狂潮\Mods\XM\XMFinal.SC2Mod\Base.SC2Data\GameData\EffectData.xml	skipped_existing
SymbioteRecall	CEffectApplyBehavior	游戏数据/官方SC2原始文本镜像/mods/starcoop/starcoop.sc2mod/base.sc2data/gamedata/effectdata.xml	C:\Users\22448\Downloads\重生虫心0.71汉化版（新）\reborn_workrepo\合作指挥官版起义狂潮\Mods\XM\XMFinal.SC2Mod\Base.SC2Data\GameData\EffectData.xml	skipped_existing
SymbioteRecallPush	CEffectApplyForce	游戏数据/官方SC2原始文本镜像/mods/starcoop/starcoop.sc2mod/base.sc2data/gamedata/effectdata.xml	C:\Users\22448\Downloads\重生虫心0.71汉化版（新）\reborn_workrepo\合作指挥官版起义狂潮\Mods\XM\XMFinal.SC2Mod\Base.SC2Data\GameData\EffectData.xml	skipped_existing
SymbioteRecallSet	CEffectSet	游戏数据/官方SC2原始文本镜像/mods/starcoop/starcoop.sc2mod/base.sc2data/gamedata/effectdata.xml	C:\Users\22448\Downloads\重生虫心0.71汉化版（新）\reborn_workrepo\合作指挥官版起义狂潮\Mods\XM\XMFinal.SC2Mod\Base.SC2Data\GameData\EffectData.xml	skipped_existing
SymbioteRecallTeleport	CEffectTeleport	游戏数据/官方SC2原始文本镜像/mods/starcoop/starcoop.sc2mod/base.sc2data/gamedata/effectdata.xml	C:\Users\22448\Downloads\重生虫心0.71汉化版（新）\reborn_workrepo\合作指挥官版起义狂潮\Mods\XM\XMFinal.SC2Mod\Base.SC2Data\GameData\EffectData.xml	skipped_existing
TimedLifeFate	CEffectDamage	游戏数据/官方SC2原始文本镜像/mods/starcoop/starcoop.sc2mod/base.sc2data/gamedata/effectdata.xml	C:\Users\22448\Downloads\重生虫心0.71汉化版（新）\reborn_workrepo\合作指挥官版起义狂潮\Mods\XM\XMFinal.SC2Mod\Base.SC2Data\GameData\EffectData.xml	skipped_existing
TimeStopHasteAB	CEffectApplyBehavior	游戏数据/官方SC2原始文本镜像/mods/starcoop/starcoop.sc2mod/base.sc2data/gamedata/effectdata.xml	C:\Users\22448\Downloads\重生虫心0.71汉化版（新）\reborn_workrepo\合作指挥官版起义狂潮\Mods\XM\XMFinal.SC2Mod\Base.SC2Data\GameData\EffectData.xml	skipped_existing
TissueAssimilation	CEffectModifyUnit	游戏数据/官方SC2原始文本镜像/campaigns/swarm.sc2campaign/base.sc2data/gamedata/effectdata.xml	C:\Users\22448\Downloads\重生虫心0.71汉化版（新）\reborn_workrepo\合作指挥官版起义狂潮\Mods\XM\XMFinal.SC2Mod\Base.SC2Data\GameData\EffectData.xml	skipped_existing
TorrasqueCorpse	CEffectIssueOrder	游戏数据/官方SC2原始文本镜像/campaigns/swarm.sc2campaign/base.sc2data/gamedata/effectdata.xml	C:\Users\22448\Downloads\重生虫心0.71汉化版（新）\reborn_workrepo\合作指挥官版起义狂潮\Mods\XM\XMFinal.SC2Mod\Base.SC2Data\GameData\EffectData.xml	skipped_existing
UnburrowAndFollow	CEffectSet	游戏数据/官方SC2原始文本镜像/campaigns/swarm.sc2campaign/base.sc2data/gamedata/effectdata.xml	C:\Users\22448\Downloads\重生虫心0.71汉化版（新）\reborn_workrepo\合作指挥官版起义狂潮\Mods\XM\XMFinal.SC2Mod\Base.SC2Data\GameData\EffectData.xml	skipped_existing
UnityBarrierBootstrapper	CEffectSet	游戏数据/官方SC2原始文本镜像/mods/starcoop/starcoop.sc2mod/base.sc2data/gamedata/effectdata.xml	C:\Users\22448\Downloads\重生虫心0.71汉化版（新）\reborn_workrepo\合作指挥官版起义狂潮\Mods\XM\XMFinal.SC2Mod\Base.SC2Data\GameData\EffectData.xml	skipped_existing
Upgrade	CEffectModifyPlayer	游戏数据/官方SC2原始文本镜像/mods/starcoop/starcoop.sc2mod/base.sc2data/gamedata/effectdata.xml	C:\Users\22448\Downloads\重生虫心0.71汉化版（新）\reborn_workrepo\合作指挥官版起义狂潮\Mods\XM\XMFinal.SC2Mod\Base.SC2Data\GameData\EffectData.xml	skipped_existing
VolatileBurst	CEffectSet	游戏数据/官方SC2原始文本镜像/campaigns/swarm.sc2campaign/base.sc2data/gamedata/effectdata.xml	C:\Users\22448\Downloads\重生虫心0.71汉化版（新）\reborn_workrepo\合作指挥官版起义狂潮\Mods\XM\XMFinal.SC2Mod\Base.SC2Data\GameData\EffectData.xml	skipped_existing
VolatileBurstBuildingOn	CEffectIssueOrder	游戏数据/官方SC2原始文本镜像/mods/starcoop/starcoop.sc2mod/base.sc2data/gamedata/effectdata.xml	C:\Users\22448\Downloads\重生虫心0.71汉化版（新）\reborn_workrepo\合作指挥官版起义狂潮\Mods\XM\XMFinal.SC2Mod\Base.SC2Data\GameData\EffectData.xml	skipped_existing
VorazunCloakDamageBoostPermanentAB	CEffectApplyBehavior	游戏数据/官方SC2原始文本镜像/mods/starcoop/starcoop.sc2mod/base.sc2data/gamedata/effectdata.xml	C:\Users\22448\Downloads\重生虫心0.71汉化版（新）\reborn_workrepo\合作指挥官版起义狂潮\Mods\XM\XMFinal.SC2Mod\Base.SC2Data\GameData\EffectData.xml	skipped_existing
WildMutation	CEffectApplyBehavior	游戏数据/官方SC2原始文本镜像/mods/starcoop/starcoop.sc2mod/base.sc2data/gamedata/effectdata.xml	C:\Users\22448\Downloads\重生虫心0.71汉化版（新）\reborn_workrepo\合作指挥官版起义狂潮\Mods\XM\XMFinal.SC2Mod\Base.SC2Data\GameData\EffectData.xml	skipped_existing
WildMutation	CEffectApplyBehavior	游戏数据/官方SC2原始文本镜像/campaigns/swarm.sc2campaign/base.sc2data/gamedata/effectdata.xml	C:\Users\22448\Downloads\重生虫心0.71汉化版（新）\reborn_workrepo\合作指挥官版起义狂潮\Mods\XM\XMFinal.SC2Mod\Base.SC2Data\GameData\EffectData.xml	skipped_existing
WildMutationSearch	CEffectEnumArea	游戏数据/官方SC2原始文本镜像/mods/starcoop/starcoop.sc2mod/base.sc2data/gamedata/effectdata.xml	C:\Users\22448\Downloads\重生虫心0.71汉化版（新）\reborn_workrepo\合作指挥官版起义狂潮\Mods\XM\XMFinal.SC2Mod\Base.SC2Data\GameData\EffectData.xml	skipped_existing
WildMutationSearch	CEffectEnumArea	游戏数据/官方SC2原始文本镜像/campaigns/swarm.sc2campaign/base.sc2data/gamedata/effectdata.xml	C:\Users\22448\Downloads\重生虫心0.71汉化版（新）\reborn_workrepo\合作指挥官版起义狂潮\Mods\XM\XMFinal.SC2Mod\Base.SC2Data\GameData\EffectData.xml	skipped_existing
WildMutationSet	CEffectSet	游戏数据/官方SC2原始文本镜像/campaigns/swarm.sc2campaign/base.sc2data/gamedata/effectdata.xml	C:\Users\22448\Downloads\重生虫心0.71汉化版（新）\reborn_workrepo\合作指挥官版起义狂潮\Mods\XM\XMFinal.SC2Mod\Base.SC2Data\GameData\EffectData.xml	skipped_existing
ZergTowerArtillery	CEffectCreatePersistent	游戏数据/官方SC2原始文本镜像/campaigns/swarm.sc2campaign/base.sc2data/gamedata/effectdata.xml	C:\Users\22448\Downloads\重生虫心0.71汉化版（新）\reborn_workrepo\合作指挥官版起义狂潮\Mods\XM\XMFinal.SC2Mod\Base.SC2Data\GameData\EffectData.xml	skipped_existing
CorpserPortrait	CLight	游戏数据/官方SC2原始文本镜像/campaigns/swarm.sc2campaign/base.sc2data/gamedata/lightdata.xml	C:\Users\22448\Downloads\重生虫心0.71汉化版（新）\reborn_workrepo\合作指挥官版起义狂潮\Mods\XM\XMFinal.SC2Mod\Base.SC2Data\GameData\LightData.xml	skipped_existing
DehakaPortrait	CLight	游戏数据/官方SC2原始文本镜像/campaigns/swarm.sc2campaign/base.sc2data/gamedata/lightdata.xml	C:\Users\22448\Downloads\重生虫心0.71汉化版（新）\reborn_workrepo\合作指挥官版起义狂潮\Mods\XM\XMFinal.SC2Mod\Base.SC2Data\GameData\LightData.xml	skipped_existing
HunterPortrait	CLight	游戏数据/官方SC2原始文本镜像/campaigns/swarm.sc2campaign/base.sc2data/gamedata/lightdata.xml	C:\Users\22448\Downloads\重生虫心0.71汉化版（新）\reborn_workrepo\合作指挥官版起义狂潮\Mods\XM\XMFinal.SC2Mod\Base.SC2Data\GameData\LightData.xml	skipped_existing
HydraliskImpalerPortrait	CLight	游戏数据/官方SC2原始文本镜像/campaigns/swarm.sc2campaign/base.sc2data/gamedata/lightdata.xml	C:\Users\22448\Downloads\重生虫心0.71汉化版（新）\reborn_workrepo\合作指挥官版起义狂潮\Mods\XM\XMFinal.SC2Mod\Base.SC2Data\GameData\LightData.xml	skipped_existing
HydraliskLurkerPortrait	CLight	游戏数据/官方SC2原始文本镜像/campaigns/swarm.sc2campaign/base.sc2data/gamedata/lightdata.xml	C:\Users\22448\Downloads\重生虫心0.71汉化版（新）\reborn_workrepo\合作指挥官版起义狂潮\Mods\XM\XMFinal.SC2Mod\Base.SC2Data\GameData\LightData.xml	skipped_existing
InfestedGenericUnit_Portrait_Stukov	CLight	游戏数据/官方SC2原始文本镜像/mods/starcoop/starcoop.sc2mod/base.sc2data/gamedata/lightdata.xml	C:\Users\22448\Downloads\重生虫心0.71汉化版（新）\reborn_workrepo\合作指挥官版起义狂潮\Mods\XM\XMFinal.SC2Mod\Base.SC2Data\GameData\LightData.xml	skipped_existing
InfestedStukovPortrait	CLight	游戏数据/官方SC2原始文本镜像/campaigns/swarm.sc2campaign/base.sc2data/gamedata/lightdata.xml	C:\Users\22448\Downloads\重生虫心0.71汉化版（新）\reborn_workrepo\合作指挥官版起义狂潮\Mods\XM\XMFinal.SC2Mod\Base.SC2Data\GameData\LightData.xml	skipped_existing
KerriganGhostPortrait	CLight	游戏数据/官方SC2原始文本镜像/campaigns/swarm.sc2campaign/base.sc2data/gamedata/lightdata.xml	C:\Users\22448\Downloads\重生虫心0.71汉化版（新）\reborn_workrepo\合作指挥官版起义狂潮\Mods\XM\XMFinal.SC2Mod\Base.SC2Data\GameData\LightData.xml	skipped_existing
KerriganPrimalPortrait	CLight	游戏数据/官方SC2原始文本镜像/campaigns/swarm.sc2campaign/base.sc2data/gamedata/lightdata.xml	C:\Users\22448\Downloads\重生虫心0.71汉化版（新）\reborn_workrepo\合作指挥官版起义狂潮\Mods\XM\XMFinal.SC2Mod\Base.SC2Data\GameData\LightData.xml	skipped_existing
NoxiousPortrait	CLight	游戏数据/官方SC2原始文本镜像/campaigns/swarm.sc2campaign/base.sc2data/gamedata/lightdata.xml	C:\Users\22448\Downloads\重生虫心0.71汉化版（新）\reborn_workrepo\合作指挥官版起义狂潮\Mods\XM\XMFinal.SC2Mod\Base.SC2Data\GameData\LightData.xml	skipped_existing
PrimalHydraliskPortrait	CLight	游戏数据/官方SC2原始文本镜像/campaigns/swarm.sc2campaign/base.sc2data/gamedata/lightdata.xml	C:\Users\22448\Downloads\重生虫心0.71汉化版（新）\reborn_workrepo\合作指挥官版起义狂潮\Mods\XM\XMFinal.SC2Mod\Base.SC2Data\GameData\LightData.xml	skipped_existing
RaptorPortrait	CLight	游戏数据/官方SC2原始文本镜像/campaigns/swarm.sc2campaign/base.sc2data/gamedata/lightdata.xml	C:\Users\22448\Downloads\重生虫心0.71汉化版（新）\reborn_workrepo\合作指挥官版起义狂潮\Mods\XM\XMFinal.SC2Mod\Base.SC2Data\GameData\LightData.xml	skipped_existing
RoachVilePortrait	CLight	游戏数据/官方SC2原始文本镜像/campaigns/swarm.sc2campaign/base.sc2data/gamedata/lightdata.xml	C:\Users\22448\Downloads\重生虫心0.71汉化版（新）\reborn_workrepo\合作指挥官版起义狂潮\Mods\XM\XMFinal.SC2Mod\Base.SC2Data\GameData\LightData.xml	skipped_existing
SplitterlingPortrait	CLight	游戏数据/官方SC2原始文本镜像/campaigns/swarm.sc2campaign/base.sc2data/gamedata/lightdata.xml	C:\Users\22448\Downloads\重生虫心0.71汉化版（新）\reborn_workrepo\合作指挥官版起义狂潮\Mods\XM\XMFinal.SC2Mod\Base.SC2Data\GameData\LightData.xml	skipped_existing
SwarmHostSplitAPortrait	CLight	游戏数据/官方SC2原始文本镜像/campaigns/swarm.sc2campaign/base.sc2data/gamedata/lightdata.xml	C:\Users\22448\Downloads\重生虫心0.71汉化版（新）\reborn_workrepo\合作指挥官版起义狂潮\Mods\XM\XMFinal.SC2Mod\Base.SC2Data\GameData\LightData.xml	skipped_existing
SwarmHostSplitBPortrait	CLight	游戏数据/官方SC2原始文本镜像/campaigns/swarm.sc2campaign/base.sc2data/gamedata/lightdata.xml	C:\Users\22448\Downloads\重生虫心0.71汉化版（新）\reborn_workrepo\合作指挥官版起义狂潮\Mods\XM\XMFinal.SC2Mod\Base.SC2Data\GameData\LightData.xml	skipped_existing
SwarmlingPortrait	CLight	游戏数据/官方SC2原始文本镜像/campaigns/swarm.sc2campaign/base.sc2data/gamedata/lightdata.xml	C:\Users\22448\Downloads\重生虫心0.71汉化版（新）\reborn_workrepo\合作指挥官版起义狂潮\Mods\XM\XMFinal.SC2Mod\Base.SC2Data\GameData\LightData.xml	skipped_existing
SwarmQueenPortrait	CLight	游戏数据/官方SC2原始文本镜像/campaigns/swarm.sc2campaign/base.sc2data/gamedata/lightdata.xml	C:\Users\22448\Downloads\重生虫心0.71汉化版（新）\reborn_workrepo\合作指挥官版起义狂潮\Mods\XM\XMFinal.SC2Mod\Base.SC2Data\GameData\LightData.xml	skipped_existing
TorrasquePortrait	CLight	游戏数据/官方SC2原始文本镜像/campaigns/swarm.sc2campaign/base.sc2data/gamedata/lightdata.xml	C:\Users\22448\Downloads\重生虫心0.71汉化版（新）\reborn_workrepo\合作指挥官版起义狂潮\Mods\XM\XMFinal.SC2Mod\Base.SC2Data\GameData\LightData.xml	skipped_existing
AutomatedExtractor	CModel	游戏数据/官方SC2原始文本镜像/campaigns/swarm.sc2campaign/base.sc2data/gamedata/modeldata.xml	C:\Users\22448\Downloads\重生虫心0.71汉化版（新）\reborn_workrepo\合作指挥官版起义狂潮\Mods\XM\XMFinal.SC2Mod\Base.SC2Data\GameData\ModelData.xml	skipped_existing
AutomatedExtractorDeath	CModel	游戏数据/官方SC2原始文本镜像/campaigns/swarm.sc2campaign/base.sc2data/gamedata/modeldata.xml	C:\Users\22448\Downloads\重生虫心0.71汉化版（新）\reborn_workrepo\合作指挥官版起义狂潮\Mods\XM\XMFinal.SC2Mod\Base.SC2Data\GameData\ModelData.xml	skipped_existing
AutomatedExtractorEmptyDeath	CModel	游戏数据/官方SC2原始文本镜像/campaigns/swarm.sc2campaign/base.sc2data/gamedata/modeldata.xml	C:\Users\22448\Downloads\重生虫心0.71汉化版（新）\reborn_workrepo\合作指挥官版起义狂潮\Mods\XM\XMFinal.SC2Mod\Base.SC2Data\GameData\ModelData.xml	skipped_existing
Baneling	CModel	游戏数据/官方SC2原始文本镜像/mods/starcoop/starcoop.sc2mod/base.sc2data/gamedata/modeldata.xml	C:\Users\22448\Downloads\重生虫心0.71汉化版（新）\reborn_workrepo\合作指挥官版起义狂潮\Mods\XM\XMFinal.SC2Mod\Base.SC2Data\GameData\ModelData.xml	skipped_existing
BanelingCorrosiveExplosion	CModel	游戏数据/官方SC2原始文本镜像/campaigns/swarm.sc2campaign/base.sc2data/gamedata/modeldata.xml	C:\Users\22448\Downloads\重生虫心0.71汉化版（新）\reborn_workrepo\合作指挥官版起义狂潮\Mods\XM\XMFinal.SC2Mod\Base.SC2Data\GameData\ModelData.xml	skipped_existing
BanelingRuptureExplosion	CModel	游戏数据/官方SC2原始文本镜像/campaigns/swarm.sc2campaign/base.sc2data/gamedata/modeldata.xml	C:\Users\22448\Downloads\重生虫心0.71汉化版（新）\reborn_workrepo\合作指挥官版起义狂潮\Mods\XM\XMFinal.SC2Mod\Base.SC2Data\GameData\ModelData.xml	skipped_existing
BileLauncherZagara	CModel	游戏数据/官方SC2原始文本镜像/mods/starcoop/starcoop.sc2mod/base.sc2data/gamedata/modeldata.xml	C:\Users\22448\Downloads\重生虫心0.71汉化版（新）\reborn_workrepo\合作指挥官版起义狂潮\Mods\XM\XMFinal.SC2Mod\Base.SC2Data\GameData\ModelData.xml	skipped_existing
BroodMother	CModel	游戏数据/官方SC2原始文本镜像/campaigns/swarm.sc2campaign/base.sc2data/gamedata/modeldata.xml	C:\Users\22448\Downloads\重生虫心0.71汉化版（新）\reborn_workrepo\合作指挥官版起义狂潮\Mods\XM\XMFinal.SC2Mod\Base.SC2Data\GameData\ModelData.xml	skipped_existing
Brutalisk	CModel	游戏数据/官方SC2原始文本镜像/mods/starcoop/starcoop.sc2mod/base.sc2data/gamedata/modeldata.xml	C:\Users\22448\Downloads\重生虫心0.71汉化版（新）\reborn_workrepo\合作指挥官版起义狂潮\Mods\XM\XMFinal.SC2Mod\Base.SC2Data\GameData\ModelData.xml	skipped_existing
Brutalisk	CModel	游戏数据/官方SC2原始文本镜像/campaigns/swarm.sc2campaign/base.sc2data/gamedata/modeldata.xml	C:\Users\22448\Downloads\重生虫心0.71汉化版（新）\reborn_workrepo\合作指挥官版起义狂潮\Mods\XM\XMFinal.SC2Mod\Base.SC2Data\GameData\ModelData.xml	skipped_existing
ColossusWarpIn	CModel	游戏数据/官方SC2原始文本镜像/campaigns/swarm.sc2campaign/base.sc2data/gamedata/modeldata.xml	C:\Users\22448\Downloads\重生虫心0.71汉化版（新）\reborn_workrepo\合作指挥官版起义狂潮\Mods\XM\XMFinal.SC2Mod\Base.SC2Data\GameData\ModelData.xml	skipped_existing
CorpserBirth	CModel	游戏数据/官方SC2原始文本镜像/campaigns/swarm.sc2campaign/base.sc2data/gamedata/modeldata.xml	C:\Users\22448\Downloads\重生虫心0.71汉化版（新）\reborn_workrepo\合作指挥官版起义狂潮\Mods\XM\XMFinal.SC2Mod\Base.SC2Data\GameData\ModelData.xml	skipped_existing
CorpserPortrait	CModel	游戏数据/官方SC2原始文本镜像/campaigns/swarm.sc2campaign/base.sc2data/gamedata/modeldata.xml	C:\Users\22448\Downloads\重生虫心0.71汉化版（新）\reborn_workrepo\合作指挥官版起义狂潮\Mods\XM\XMFinal.SC2Mod\Base.SC2Data\GameData\ModelData.xml	skipped_existing
CorrosiveAcid	CModel	游戏数据/官方SC2原始文本镜像/campaigns/swarm.sc2campaign/base.sc2data/gamedata/modeldata.xml	C:\Users\22448\Downloads\重生虫心0.71汉化版（新）\reborn_workrepo\合作指挥官版起义狂潮\Mods\XM\XMFinal.SC2Mod\Base.SC2Data\GameData\ModelData.xml	skipped_existing
CreepColony	CModel	游戏数据/官方SC2原始文本镜像/mods/starcoop/starcoop.sc2mod/base.sc2data/gamedata/modeldata.xml	C:\Users\22448\Downloads\重生虫心0.71汉化版（新）\reborn_workrepo\合作指挥官版起义狂潮\Mods\XM\XMFinal.SC2Mod\Base.SC2Data\GameData\ModelData.xml	skipped_existing
CreepFrenzy13CreepTumor	CModel	游戏数据/官方SC2原始文本镜像/campaigns/swarm.sc2campaign/base.sc2data/gamedata/modeldata.xml	C:\Users\22448\Downloads\重生虫心0.71汉化版（新）\reborn_workrepo\合作指挥官版起义狂潮\Mods\XM\XMFinal.SC2Mod\Base.SC2Data\GameData\ModelData.xml	skipped_existing
DarkArchon_Zeratul_COOP	CModel	游戏数据/官方SC2原始文本镜像/mods/starcoop/starcoop.sc2mod/base.sc2data/gamedata/commanders/futurecommanders.xml	C:\Users\22448\Downloads\重生虫心0.71汉化版（新）\reborn_workrepo\合作指挥官版起义狂潮\Mods\XM\XMFinal.SC2Mod\Base.SC2Data\GameData\ModelData.xml	skipped_existing
DarkColossus	CModel	游戏数据/官方SC2原始文本镜像/campaigns/swarm.sc2campaign/base.sc2data/gamedata/modeldata.xml	C:\Users\22448\Downloads\重生虫心0.71汉化版（新）\reborn_workrepo\合作指挥官版起义狂潮\Mods\XM\XMFinal.SC2Mod\Base.SC2Data\GameData\ModelData.xml	skipped_existing
DarkColossusDeath	CModel	游戏数据/官方SC2原始文本镜像/campaigns/swarm.sc2campaign/base.sc2data/gamedata/modeldata.xml	C:\Users\22448\Downloads\重生虫心0.71汉化版（新）\reborn_workrepo\合作指挥官版起义狂潮\Mods\XM\XMFinal.SC2Mod\Base.SC2Data\GameData\ModelData.xml	skipped_existing
Dehaka	CModel	游戏数据/官方SC2原始文本镜像/campaigns/swarm.sc2campaign/base.sc2data/gamedata/modeldata.xml	C:\Users\22448\Downloads\重生虫心0.71汉化版（新）\reborn_workrepo\合作指挥官版起义狂潮\Mods\XM\XMFinal.SC2Mod\Base.SC2Data\GameData\ModelData.xml	skipped_existing
DehakaHeroGlow	CModel	游戏数据/官方SC2原始文本镜像/campaigns/swarm.sc2campaign/base.sc2data/gamedata/modeldata.xml	C:\Users\22448\Downloads\重生虫心0.71汉化版（新）\reborn_workrepo\合作指挥官版起义狂潮\Mods\XM\XMFinal.SC2Mod\Base.SC2Data\GameData\ModelData.xml	skipped_existing
DehakaMirrorImage	CModel	游戏数据/官方SC2原始文本镜像/campaigns/swarm.sc2campaign/base.sc2data/gamedata/modeldata.xml	C:\Users\22448\Downloads\重生虫心0.71汉化版（新）\reborn_workrepo\合作指挥官版起义狂潮\Mods\XM\XMFinal.SC2Mod\Base.SC2Data\GameData\ModelData.xml	skipped_existing
DehakaPortrait	CModel	游戏数据/官方SC2原始文本镜像/campaigns/swarm.sc2campaign/base.sc2data/gamedata/modeldata.xml	C:\Users\22448\Downloads\重生虫心0.71汉化版（新）\reborn_workrepo\合作指挥官版起义狂潮\Mods\XM\XMFinal.SC2Mod\Base.SC2Data\GameData\ModelData.xml	skipped_existing
DroneEatingCast	CModel	游戏数据/官方SC2原始文本镜像/campaigns/swarm.sc2campaign/base.sc2data/gamedata/modeldata.xml	C:\Users\22448\Downloads\重生虫心0.71汉化版（新）\reborn_workrepo\合作指挥官版起义狂潮\Mods\XM\XMFinal.SC2Mod\Base.SC2Data\GameData\ModelData.xml	skipped_existing
DroneFull	CModel	游戏数据/官方SC2原始文本镜像/campaigns/swarm.sc2campaign/base.sc2data/gamedata/modeldata.xml	C:\Users\22448\Downloads\重生虫心0.71汉化版（新）\reborn_workrepo\合作指挥官版起义狂潮\Mods\XM\XMFinal.SC2Mod\Base.SC2Data\GameData\ModelData.xml	skipped_existing
ExpQueenCreepBombExplosion	CModel	游戏数据/官方SC2原始文本镜像/campaigns/swarm.sc2campaign/base.sc2data/gamedata/modeldata.xml	C:\Users\22448\Downloads\重生虫心0.71汉化版（新）\reborn_workrepo\合作指挥官版起义狂潮\Mods\XM\XMFinal.SC2Mod\Base.SC2Data\GameData\ModelData.xml	skipped_existing
FuelCellPickupUnit	CModel	游戏数据/官方SC2原始文本镜像/mods/starcoop/starcoop.sc2mod/base.sc2data/gamedata/modeldata.xml	C:\Users\22448\Downloads\重生虫心0.71汉化版（新）\reborn_workrepo\合作指挥官版起义狂潮\Mods\XM\XMFinal.SC2Mod\Base.SC2Data\GameData\ModelData.xml	skipped_existing
GreaterNydusWorm	CModel	游戏数据/官方SC2原始文本镜像/campaigns/swarm.sc2campaign/base.sc2data/gamedata/modeldata.xml	C:\Users\22448\Downloads\重生虫心0.71汉化版（新）\reborn_workrepo\合作指挥官版起义狂潮\Mods\XM\XMFinal.SC2Mod\Base.SC2Data\GameData\ModelData.xml	skipped_existing
GreaterNydusWormDeath	CModel	游戏数据/官方SC2原始文本镜像/campaigns/swarm.sc2campaign/base.sc2data/gamedata/modeldata.xml	C:\Users\22448\Downloads\重生虫心0.71汉化版（新）\reborn_workrepo\合作指挥官版起义狂潮\Mods\XM\XMFinal.SC2Mod\Base.SC2Data\GameData\ModelData.xml	skipped_existing
GreaterNydusWormDeathAcid	CModel	游戏数据/官方SC2原始文本镜像/campaigns/swarm.sc2campaign/base.sc2data/gamedata/modeldata.xml	C:\Users\22448\Downloads\重生虫心0.71汉化版（新）\reborn_workrepo\合作指挥官版起义狂潮\Mods\XM\XMFinal.SC2Mod\Base.SC2Data\GameData\ModelData.xml	skipped_existing
GreaterNydusWormDeathFire	CModel	游戏数据/官方SC2原始文本镜像/campaigns/swarm.sc2campaign/base.sc2data/gamedata/modeldata.xml	C:\Users\22448\Downloads\重生虫心0.71汉化版（新）\reborn_workrepo\合作指挥官版起义狂潮\Mods\XM\XMFinal.SC2Mod\Base.SC2Data\GameData\ModelData.xml	skipped_existing
GreaterNydusWormPlacement	CModel	游戏数据/官方SC2原始文本镜像/campaigns/swarm.sc2campaign/base.sc2data/gamedata/modeldata.xml	C:\Users\22448\Downloads\重生虫心0.71汉化版（新）\reborn_workrepo\合作指挥官版起义狂潮\Mods\XM\XMFinal.SC2Mod\Base.SC2Data\GameData\ModelData.xml	skipped_existing
HighTemplar_Zeratul_COOP	CModel	游戏数据/官方SC2原始文本镜像/mods/starcoop/starcoop.sc2mod/base.sc2data/gamedata/commanders/futurecommanders.xml	C:\Users\22448\Downloads\重生虫心0.71汉化版（新）\reborn_workrepo\合作指挥官版起义狂潮\Mods\XM\XMFinal.SC2Mod\Base.SC2Data\GameData\ModelData.xml	skipped_existing
Hologram_Death_Medium	CModel	游戏数据/官方SC2原始文本镜像/mods/starcoop/starcoop.sc2mod/base.sc2data/gamedata/modeldata.xml	C:\Users\22448\Downloads\重生虫心0.71汉化版（新）\reborn_workrepo\合作指挥官版起义狂潮\Mods\XM\XMFinal.SC2Mod\Base.SC2Data\GameData\ModelData.xml	skipped_existing
Hologram_Skin_SpineCrawler	CModel	游戏数据/官方SC2原始文本镜像/mods/starcoop/starcoop.sc2mod/base.sc2data/gamedata/modeldata.xml	C:\Users\22448\Downloads\重生虫心0.71汉化版（新）\reborn_workrepo\合作指挥官版起义狂潮\Mods\XM\XMFinal.SC2Mod\Base.SC2Data\GameData\ModelData.xml	skipped_existing
HotSBioPlasmidDischargeWeapon	CModel	游戏数据/官方SC2原始文本镜像/campaigns/swarm.sc2campaign/base.sc2data/gamedata/modeldata.xml	C:\Users\22448\Downloads\重生虫心0.71汉化版（新）\reborn_workrepo\合作指挥官版起义狂潮\Mods\XM\XMFinal.SC2Mod\Base.SC2Data\GameData\ModelData.xml	skipped_existing
HotSBioStasisMissile	CModel	游戏数据/官方SC2原始文本镜像/campaigns/swarm.sc2campaign/base.sc2data/gamedata/modeldata.xml	C:\Users\22448\Downloads\重生虫心0.71汉化版（新）\reborn_workrepo\合作指挥官版起义狂潮\Mods\XM\XMFinal.SC2Mod\Base.SC2Data\GameData\ModelData.xml	skipped_existing
HotSLeviathan	CModel	游戏数据/官方SC2原始文本镜像/mods/starcoop/starcoop.sc2mod/base.sc2data/gamedata/modeldata.xml	C:\Users\22448\Downloads\重生虫心0.71汉化版（新）\reborn_workrepo\合作指挥官版起义狂潮\Mods\XM\XMFinal.SC2Mod\Base.SC2Data\GameData\ModelData.xml	skipped_existing
HotSLeviathan	CModel	游戏数据/官方SC2原始文本镜像/campaigns/swarm.sc2campaign/base.sc2data/gamedata/modeldata.xml	C:\Users\22448\Downloads\重生虫心0.71汉化版（新）\reborn_workrepo\合作指挥官版起义狂潮\Mods\XM\XMFinal.SC2Mod\Base.SC2Data\GameData\ModelData.xml	skipped_existing
HotSLeviathanTentacle	CModel	游戏数据/官方SC2原始文本镜像/campaigns/swarm.sc2campaign/base.sc2data/gamedata/modeldata.xml	C:\Users\22448\Downloads\重生虫心0.71汉化版（新）\reborn_workrepo\合作指挥官版起义狂潮\Mods\XM\XMFinal.SC2Mod\Base.SC2Data\GameData\ModelData.xml	skipped_existing
HotSNoxious	CModel	游戏数据/官方SC2原始文本镜像/campaigns/swarm.sc2campaign/base.sc2data/gamedata/modeldata.xml	C:\Users\22448\Downloads\重生虫心0.71汉化版（新）\reborn_workrepo\合作指挥官版起义狂潮\Mods\XM\XMFinal.SC2Mod\Base.SC2Data\GameData\ModelData.xml	skipped_existing
HotSRaptor	CModel	游戏数据/官方SC2原始文本镜像/campaigns/swarm.sc2campaign/base.sc2data/gamedata/modeldata.xml	C:\Users\22448\Downloads\重生虫心0.71汉化版（新）\reborn_workrepo\合作指挥官版起义狂潮\Mods\XM\XMFinal.SC2Mod\Base.SC2Data\GameData\ModelData.xml	skipped_existing
HotSRaptorDeath	CModel	游戏数据/官方SC2原始文本镜像/campaigns/swarm.sc2campaign/base.sc2data/gamedata/modeldata.xml	C:\Users\22448\Downloads\重生虫心0.71汉化版（新）\reborn_workrepo\合作指挥官版起义狂潮\Mods\XM\XMFinal.SC2Mod\Base.SC2Data\GameData\ModelData.xml	skipped_existing
HotSRaptorUpgradeDeath	CModel	游戏数据/官方SC2原始文本镜像/campaigns/swarm.sc2campaign/base.sc2data/gamedata/modeldata.xml	C:\Users\22448\Downloads\重生虫心0.71汉化版（新）\reborn_workrepo\合作指挥官版起义狂潮\Mods\XM\XMFinal.SC2Mod\Base.SC2Data\GameData\ModelData.xml	skipped_existing
HotSSplitterlingBig	CModel	游戏数据/官方SC2原始文本镜像/mods/starcoop/starcoop.sc2mod/base.sc2data/gamedata/modeldata.xml	C:\Users\22448\Downloads\重生虫心0.71汉化版（新）\reborn_workrepo\合作指挥官版起义狂潮\Mods\XM\XMFinal.SC2Mod\Base.SC2Data\GameData\ModelData.xml	skipped_existing
HotSSplitterlingBig	CModel	游戏数据/官方SC2原始文本镜像/campaigns/swarm.sc2campaign/base.sc2data/gamedata/modeldata.xml	C:\Users\22448\Downloads\重生虫心0.71汉化版（新）\reborn_workrepo\合作指挥官版起义狂潮\Mods\XM\XMFinal.SC2Mod\Base.SC2Data\GameData\ModelData.xml	skipped_existing
HotSSplitterlingMedium	CModel	游戏数据/官方SC2原始文本镜像/campaigns/swarm.sc2campaign/base.sc2data/gamedata/modeldata.xml	C:\Users\22448\Downloads\重生虫心0.71汉化版（新）\reborn_workrepo\合作指挥官版起义狂潮\Mods\XM\XMFinal.SC2Mod\Base.SC2Data\GameData\ModelData.xml	skipped_existing
HotSSwarmling	CModel	游戏数据/官方SC2原始文本镜像/campaigns/swarm.sc2campaign/base.sc2data/gamedata/modeldata.xml	C:\Users\22448\Downloads\重生虫心0.71汉化版（新）\reborn_workrepo\合作指挥官版起义狂潮\Mods\XM\XMFinal.SC2Mod\Base.SC2Data\GameData\ModelData.xml	skipped_existing
HotSSwarmlingDeath	CModel	游戏数据/官方SC2原始文本镜像/campaigns/swarm.sc2campaign/base.sc2data/gamedata/modeldata.xml	C:\Users\22448\Downloads\重生虫心0.71汉化版（新）\reborn_workrepo\合作指挥官版起义狂潮\Mods\XM\XMFinal.SC2Mod\Base.SC2Data\GameData\ModelData.xml	skipped_existing
HotSSwarmlingUpgradeDeath	CModel	游戏数据/官方SC2原始文本镜像/campaigns/swarm.sc2campaign/base.sc2data/gamedata/modeldata.xml	C:\Users\22448\Downloads\重生虫心0.71汉化版（新）\reborn_workrepo\合作指挥官版起义狂潮\Mods\XM\XMFinal.SC2Mod\Base.SC2Data\GameData\ModelData.xml	skipped_existing
HotSTorrasque	CModel	游戏数据/官方SC2原始文本镜像/campaigns/swarm.sc2campaign/base.sc2data/gamedata/modeldata.xml	C:\Users\22448\Downloads\重生虫心0.71汉化版（新）\reborn_workrepo\合作指挥官版起义狂潮\Mods\XM\XMFinal.SC2Mod\Base.SC2Data\GameData\ModelData.xml	skipped_existing
HugeSwarmQueen	CModel	游戏数据/官方SC2原始文本镜像/campaigns/swarm.sc2campaign/base.sc2data/gamedata/modeldata.xml	C:\Users\22448\Downloads\重生虫心0.71汉化版（新）\reborn_workrepo\合作指挥官版起义狂潮\Mods\XM\XMFinal.SC2Mod\Base.SC2Data\GameData\ModelData.xml	skipped_existing
HugeSwarmQueenDeath	CModel	游戏数据/官方SC2原始文本镜像/campaigns/swarm.sc2campaign/base.sc2data/gamedata/modeldata.xml	C:\Users\22448\Downloads\重生虫心0.71汉化版（新）\reborn_workrepo\合作指挥官版起义狂潮\Mods\XM\XMFinal.SC2Mod\Base.SC2Data\GameData\ModelData.xml	skipped_existing
Hunter	CModel	游戏数据/官方SC2原始文本镜像/mods/starcoop/starcoop.sc2mod/base.sc2data/gamedata/modeldata.xml	C:\Users\22448\Downloads\重生虫心0.71汉化版（新）\reborn_workrepo\合作指挥官版起义狂潮\Mods\XM\XMFinal.SC2Mod\Base.SC2Data\GameData\ModelData.xml	skipped_existing
Hunter	CModel	游戏数据/官方SC2原始文本镜像/campaigns/swarm.sc2campaign/base.sc2data/gamedata/modeldata.xml	C:\Users\22448\Downloads\重生虫心0.71汉化版（新）\reborn_workrepo\合作指挥官版起义狂潮\Mods\XM\XMFinal.SC2Mod\Base.SC2Data\GameData\ModelData.xml	skipped_existing
HunterCorrosiveExplosion	CModel	游戏数据/官方SC2原始文本镜像/campaigns/swarm.sc2campaign/base.sc2data/gamedata/modeldata.xml	C:\Users\22448\Downloads\重生虫心0.71汉化版（新）\reborn_workrepo\合作指挥官版起义狂潮\Mods\XM\XMFinal.SC2Mod\Base.SC2Data\GameData\ModelData.xml	skipped_existing
HunterDeath	CModel	游戏数据/官方SC2原始文本镜像/campaigns/swarm.sc2campaign/base.sc2data/gamedata/modeldata.xml	C:\Users\22448\Downloads\重生虫心0.71汉化版（新）\reborn_workrepo\合作指挥官版起义狂潮\Mods\XM\XMFinal.SC2Mod\Base.SC2Data\GameData\ModelData.xml	skipped_existing
HunterPortrait	CModel	游戏数据/官方SC2原始文本镜像/campaigns/swarm.sc2campaign/base.sc2data/gamedata/modeldata.xml	C:\Users\22448\Downloads\重生虫心0.71汉化版（新）\reborn_workrepo\合作指挥官版起义狂潮\Mods\XM\XMFinal.SC2Mod\Base.SC2Data\GameData\ModelData.xml	skipped_existing
HunterRuptureExplosion	CModel	游戏数据/官方SC2原始文本镜像/campaigns/swarm.sc2campaign/base.sc2data/gamedata/modeldata.xml	C:\Users\22448\Downloads\重生虫心0.71汉化版（新）\reborn_workrepo\合作指挥官版起义狂潮\Mods\XM\XMFinal.SC2Mod\Base.SC2Data\GameData\ModelData.xml	skipped_existing
HydraliskImpaler	CModel	游戏数据/官方SC2原始文本镜像/campaigns/swarm.sc2campaign/base.sc2data/gamedata/modeldata.xml	C:\Users\22448\Downloads\重生虫心0.71汉化版（新）\reborn_workrepo\合作指挥官版起义狂潮\Mods\XM\XMFinal.SC2Mod\Base.SC2Data\GameData\ModelData.xml	skipped_existing
HydraliskImpalerDeath	CModel	游戏数据/官方SC2原始文本镜像/campaigns/swarm.sc2campaign/base.sc2data/gamedata/modeldata.xml	C:\Users\22448\Downloads\重生虫心0.71汉化版（新）\reborn_workrepo\合作指挥官版起义狂潮\Mods\XM\XMFinal.SC2Mod\Base.SC2Data\GameData\ModelData.xml	skipped_existing
HydraliskImpalerPortrait	CModel	游戏数据/官方SC2原始文本镜像/campaigns/swarm.sc2campaign/base.sc2data/gamedata/modeldata.xml	C:\Users\22448\Downloads\重生虫心0.71汉化版（新）\reborn_workrepo\合作指挥官版起义狂潮\Mods\XM\XMFinal.SC2Mod\Base.SC2Data\GameData\ModelData.xml	skipped_existing
HydraliskLurker	CModel	游戏数据/官方SC2原始文本镜像/campaigns/swarm.sc2campaign/base.sc2data/gamedata/modeldata.xml	C:\Users\22448\Downloads\重生虫心0.71汉化版（新）\reborn_workrepo\合作指挥官版起义狂潮\Mods\XM\XMFinal.SC2Mod\Base.SC2Data\GameData\ModelData.xml	skipped_existing
HydraliskLurkerDeath	CModel	游戏数据/官方SC2原始文本镜像/campaigns/swarm.sc2campaign/base.sc2data/gamedata/modeldata.xml	C:\Users\22448\Downloads\重生虫心0.71汉化版（新）\reborn_workrepo\合作指挥官版起义狂潮\Mods\XM\XMFinal.SC2Mod\Base.SC2Data\GameData\ModelData.xml	skipped_existing
HydraliskLurkerPortrait	CModel	游戏数据/官方SC2原始文本镜像/campaigns/swarm.sc2campaign/base.sc2data/gamedata/modeldata.xml	C:\Users\22448\Downloads\重生虫心0.71汉化版（新）\reborn_workrepo\合作指挥官版起义狂潮\Mods\XM\XMFinal.SC2Mod\Base.SC2Data\GameData\ModelData.xml	skipped_existing
Immortal	CModel	游戏数据/官方SC2原始文本镜像/mods/starcoop/starcoop.sc2mod/base.sc2data/gamedata/modeldata.xml	C:\Users\22448\Downloads\重生虫心0.71汉化版（新）\reborn_workrepo\合作指挥官版起义狂潮\Mods\XM\XMFinal.SC2Mod\Base.SC2Data\GameData\ModelData.xml	skipped_existing
ImmortalAiur	CModel	游戏数据/官方SC2原始文本镜像/mods/starcoop/starcoop.sc2mod/base.sc2data/gamedata/modeldata.xml	C:\Users\22448\Downloads\重生虫心0.71汉化版（新）\reborn_workrepo\合作指挥官版起义狂潮\Mods\XM\XMFinal.SC2Mod\Base.SC2Data\GameData\ModelData.xml	skipped_existing
Impaler	CModel	游戏数据/官方SC2原始文本镜像/campaigns/swarm.sc2campaign/base.sc2data/gamedata/modeldata.xml	C:\Users\22448\Downloads\重生虫心0.71汉化版（新）\reborn_workrepo\合作指挥官版起义狂潮\Mods\XM\XMFinal.SC2Mod\Base.SC2Data\GameData\ModelData.xml	skipped_existing
ImpalerDen	CModel	游戏数据/官方SC2原始文本镜像/campaigns/swarm.sc2campaign/base.sc2data/gamedata/modeldata.xml	C:\Users\22448\Downloads\重生虫心0.71汉化版（新）\reborn_workrepo\合作指挥官版起义狂潮\Mods\XM\XMFinal.SC2Mod\Base.SC2Data\GameData\ModelData.xml	skipped_existing
ImpalerDenBuild	CModel	游戏数据/官方SC2原始文本镜像/campaigns/swarm.sc2campaign/base.sc2data/gamedata/modeldata.xml	C:\Users\22448\Downloads\重生虫心0.71汉化版（新）\reborn_workrepo\合作指挥官版起义狂潮\Mods\XM\XMFinal.SC2Mod\Base.SC2Data\GameData\ModelData.xml	skipped_existing
InfestedAbomination	CModel	游戏数据/官方SC2原始文本镜像/campaigns/swarm.sc2campaign/base.sc2data/gamedata/modeldata.xml	C:\Users\22448\Downloads\重生虫心0.71汉化版（新）\reborn_workrepo\合作指挥官版起义狂潮\Mods\XM\XMFinal.SC2Mod\Base.SC2Data\GameData\ModelData.xml	skipped_existing
InfestedFatBomber_Civilian	CModel	游戏数据/官方SC2原始文本镜像/mods/starcoop/starcoop.sc2mod/base.sc2data/gamedata/modeldata.xml	C:\Users\22448\Downloads\重生虫心0.71汉化版（新）\reborn_workrepo\合作指挥官版起义狂潮\Mods\XM\XMFinal.SC2Mod\Base.SC2Data\GameData\ModelData.xml	skipped_existing
InfestedGenericUnit_Portrait_Stukov	CModel	游戏数据/官方SC2原始文本镜像/mods/starcoop/starcoop.sc2mod/base.sc2data/gamedata/modeldata.xml	C:\Users\22448\Downloads\重生虫心0.71汉化版（新）\reborn_workrepo\合作指挥官版起义狂潮\Mods\XM\XMFinal.SC2Mod\Base.SC2Data\GameData\ModelData.xml	skipped_existing
InfestedKerrigan	CModel	游戏数据/官方SC2原始文本镜像/mods/starcoop/starcoop.sc2mod/base.sc2data/gamedata/modeldata.xml	C:\Users\22448\Downloads\重生虫心0.71汉化版（新）\reborn_workrepo\合作指挥官版起义狂潮\Mods\XM\XMFinal.SC2Mod\Base.SC2Data\GameData\ModelData.xml	skipped_existing
InfestedKerrigan	CModel	游戏数据/官方SC2原始文本镜像/campaigns/swarm.sc2campaign/base.sc2data/gamedata/modeldata.xml	C:\Users\22448\Downloads\重生虫心0.71汉化版（新）\reborn_workrepo\合作指挥官版起义狂潮\Mods\XM\XMFinal.SC2Mod\Base.SC2Data\GameData\ModelData.xml	skipped_existing
InfestedStukov	CModel	游戏数据/官方SC2原始文本镜像/campaigns/swarm.sc2campaign/base.sc2data/gamedata/modeldata.xml	C:\Users\22448\Downloads\重生虫心0.71汉化版（新）\reborn_workrepo\合作指挥官版起义狂潮\Mods\XM\XMFinal.SC2Mod\Base.SC2Data\GameData\ModelData.xml	skipped_existing
InfestedStukovPortrait	CModel	游戏数据/官方SC2原始文本镜像/campaigns/swarm.sc2campaign/base.sc2data/gamedata/modeldata.xml	C:\Users\22448\Downloads\重生虫心0.71汉化版（新）\reborn_workrepo\合作指挥官版起义狂潮\Mods\XM\XMFinal.SC2Mod\Base.SC2Data\GameData\ModelData.xml	skipped_existing
K5KerriganLevelUp	CModel	游戏数据/官方SC2原始文本镜像/campaigns/swarm.sc2campaign/base.sc2data/gamedata/modeldata.xml	C:\Users\22448\Downloads\重生虫心0.71汉化版（新）\reborn_workrepo\合作指挥官版起义狂潮\Mods\XM\XMFinal.SC2Mod\Base.SC2Data\GameData\ModelData.xml	skipped_existing
KelMorianAutoTurret	CModel	游戏数据/官方SC2原始文本镜像/mods/starcoop/starcoop.sc2mod/base.sc2data/gamedata/modeldata.xml	C:\Users\22448\Downloads\重生虫心0.71汉化版（新）\reborn_workrepo\合作指挥官版起义狂潮\Mods\XM\XMFinal.SC2Mod\Base.SC2Data\GameData\ModelData.xml	skipped_existing
KelMorianAutoTurretPlacement	CModel	游戏数据/官方SC2原始文本镜像/mods/starcoop/starcoop.sc2mod/base.sc2data/gamedata/modeldata.xml	C:\Users\22448\Downloads\重生虫心0.71汉化版（新）\reborn_workrepo\合作指挥官版起义狂潮\Mods\XM\XMFinal.SC2Mod\Base.SC2Data\GameData\ModelData.xml	skipped_existing
KerriganAttackImpact	CModel	游戏数据/官方SC2原始文本镜像/campaigns/swarm.sc2campaign/base.sc2data/gamedata/modeldata.xml	C:\Users\22448\Downloads\重生虫心0.71汉化版（新）\reborn_workrepo\合作指挥官版起义狂潮\Mods\XM\XMFinal.SC2Mod\Base.SC2Data\GameData\ModelData.xml	skipped_existing
KerriganAttackLaunch	CModel	游戏数据/官方SC2原始文本镜像/campaigns/swarm.sc2campaign/base.sc2data/gamedata/modeldata.xml	C:\Users\22448\Downloads\重生虫心0.71汉化版（新）\reborn_workrepo\合作指挥官版起义狂潮\Mods\XM\XMFinal.SC2Mod\Base.SC2Data\GameData\ModelData.xml	skipped_existing
KerriganBeamOfDeath	CModel	游戏数据/官方SC2原始文本镜像/campaigns/swarm.sc2campaign/base.sc2data/gamedata/modeldata.xml	C:\Users\22448\Downloads\重生虫心0.71汉化版（新）\reborn_workrepo\合作指挥官版起义狂潮\Mods\XM\XMFinal.SC2Mod\Base.SC2Data\GameData\ModelData.xml	skipped_existing
KerriganDoorBeamOfDeath	CModel	游戏数据/官方SC2原始文本镜像/campaigns/swarm.sc2campaign/base.sc2data/gamedata/modeldata.xml	C:\Users\22448\Downloads\重生虫心0.71汉化版（新）\reborn_workrepo\合作指挥官版起义狂潮\Mods\XM\XMFinal.SC2Mod\Base.SC2Data\GameData\ModelData.xml	skipped_existing
KerriganEnhanceBeam	CModel	游戏数据/官方SC2原始文本镜像/campaigns/swarm.sc2campaign/base.sc2data/gamedata/modeldata.xml	C:\Users\22448\Downloads\重生虫心0.71汉化版（新）\reborn_workrepo\合作指挥官版起义狂潮\Mods\XM\XMFinal.SC2Mod\Base.SC2Data\GameData\ModelData.xml	skipped_existing
KerriganGhost	CModel	游戏数据/官方SC2原始文本镜像/mods/starcoop/starcoop.sc2mod/base.sc2data/gamedata/modeldata.xml	C:\Users\22448\Downloads\重生虫心0.71汉化版（新）\reborn_workrepo\合作指挥官版起义狂潮\Mods\XM\XMFinal.SC2Mod\Base.SC2Data\GameData\ModelData.xml	skipped_existing
KerriganGhost	CModel	游戏数据/官方SC2原始文本镜像/campaigns/swarm.sc2campaign/base.sc2data/gamedata/modeldata.xml	C:\Users\22448\Downloads\重生虫心0.71汉化版（新）\reborn_workrepo\合作指挥官版起义狂潮\Mods\XM\XMFinal.SC2Mod\Base.SC2Data\GameData\ModelData.xml	skipped_existing
KerriganGhost00	CModel	游戏数据/官方SC2原始文本镜像/mods/starcoop/starcoop.sc2mod/base.sc2data/gamedata/modeldata.xml	C:\Users\22448\Downloads\重生虫心0.71汉化版（新）\reborn_workrepo\合作指挥官版起义狂潮\Mods\XM\XMFinal.SC2Mod\Base.SC2Data\GameData\ModelData.xml	skipped_existing
KerriganGhost00	CModel	游戏数据/官方SC2原始文本镜像/campaigns/swarm.sc2campaign/base.sc2data/gamedata/modeldata.xml	C:\Users\22448\Downloads\重生虫心0.71汉化版（新）\reborn_workrepo\合作指挥官版起义狂潮\Mods\XM\XMFinal.SC2Mod\Base.SC2Data\GameData\ModelData.xml	skipped_existing
KerriganGhostPortrait	CModel	游戏数据/官方SC2原始文本镜像/campaigns/swarm.sc2campaign/base.sc2data/gamedata/modeldata.xml	C:\Users\22448\Downloads\重生虫心0.71汉化版（新）\reborn_workrepo\合作指挥官版起义狂潮\Mods\XM\XMFinal.SC2Mod\Base.SC2Data\GameData\ModelData.xml	skipped_existing
KerriganHeroGlow	CModel	游戏数据/官方SC2原始文本镜像/campaigns/swarm.sc2campaign/base.sc2data/gamedata/modeldata.xml	C:\Users\22448\Downloads\重生虫心0.71汉化版（新）\reborn_workrepo\合作指挥官版起义狂潮\Mods\XM\XMFinal.SC2Mod\Base.SC2Data\GameData\ModelData.xml	skipped_existing
KerriganHeroGlowPurple	CModel	游戏数据/官方SC2原始文本镜像/campaigns/swarm.sc2campaign/base.sc2data/gamedata/modeldata.xml	C:\Users\22448\Downloads\重生虫心0.71汉化版（新）\reborn_workrepo\合作指挥官版起义狂潮\Mods\XM\XMFinal.SC2Mod\Base.SC2Data\GameData\ModelData.xml	skipped_existing
KerriganInfestBroodling	CModel	游戏数据/官方SC2原始文本镜像/mods/starcoop/starcoop.sc2mod/base.sc2data/gamedata/modeldata.xml	C:\Users\22448\Downloads\重生虫心0.71汉化版（新）\reborn_workrepo\合作指挥官版起义狂潮\Mods\XM\XMFinal.SC2Mod\Base.SC2Data\GameData\ModelData.xml	skipped_existing
KerriganInfestBroodling	CModel	游戏数据/官方SC2原始文本镜像/campaigns/swarm.sc2campaign/base.sc2data/gamedata/modeldata.xml	C:\Users\22448\Downloads\重生虫心0.71汉化版（新）\reborn_workrepo\合作指挥官版起义狂潮\Mods\XM\XMFinal.SC2Mod\Base.SC2Data\GameData\ModelData.xml	skipped_existing
KerriganInfestedTerran	CModel	游戏数据/官方SC2原始文本镜像/campaigns/swarm.sc2campaign/base.sc2data/gamedata/modeldata.xml	C:\Users\22448\Downloads\重生虫心0.71汉化版（新）\reborn_workrepo\合作指挥官版起义狂潮\Mods\XM\XMFinal.SC2Mod\Base.SC2Data\GameData\ModelData.xml	skipped_existing
KerriganPrimalPortrait	CModel	游戏数据/官方SC2原始文本镜像/campaigns/swarm.sc2campaign/base.sc2data/gamedata/modeldata.xml	C:\Users\22448\Downloads\重生虫心0.71汉化版（新）\reborn_workrepo\合作指挥官版起义狂潮\Mods\XM\XMFinal.SC2Mod\Base.SC2Data\GameData\ModelData.xml	skipped_existing
KerriganRespawnImpact	CModel	游戏数据/官方SC2原始文本镜像/campaigns/swarm.sc2campaign/base.sc2data/gamedata/modeldata.xml	C:\Users\22448\Downloads\重生虫心0.71汉化版（新）\reborn_workrepo\合作指挥官版起义狂潮\Mods\XM\XMFinal.SC2Mod\Base.SC2Data\GameData\ModelData.xml	skipped_existing
KorhalSporeCannon	CModel	游戏数据/官方SC2原始文本镜像/campaigns/swarm.sc2campaign/base.sc2data/gamedata/modeldata.xml	C:\Users\22448\Downloads\重生虫心0.71汉化版（新）\reborn_workrepo\合作指挥官版起义狂潮\Mods\XM\XMFinal.SC2Mod\Base.SC2Data\GameData\ModelData.xml	skipped_existing
KorhalSporeCannonDeath	CModel	游戏数据/官方SC2原始文本镜像/campaigns/swarm.sc2campaign/base.sc2data/gamedata/modeldata.xml	C:\Users\22448\Downloads\重生虫心0.71汉化版（新）\reborn_workrepo\合作指挥官版起义狂潮\Mods\XM\XMFinal.SC2Mod\Base.SC2Data\GameData\ModelData.xml	skipped_existing
LargeSwarmQueen	CModel	游戏数据/官方SC2原始文本镜像/campaigns/swarm.sc2campaign/base.sc2data/gamedata/modeldata.xml	C:\Users\22448\Downloads\重生虫心0.71汉化版（新）\reborn_workrepo\合作指挥官版起义狂潮\Mods\XM\XMFinal.SC2Mod\Base.SC2Data\GameData\ModelData.xml	skipped_existing
LargeSwarmQueenDeath	CModel	游戏数据/官方SC2原始文本镜像/campaigns/swarm.sc2campaign/base.sc2data/gamedata/modeldata.xml	C:\Users\22448\Downloads\重生虫心0.71汉化版（新）\reborn_workrepo\合作指挥官版起义狂潮\Mods\XM\XMFinal.SC2Mod\Base.SC2Data\GameData\ModelData.xml	skipped_existing
LeviathanBirth	CModel	游戏数据/官方SC2原始文本镜像/campaigns/swarm.sc2campaign/base.sc2data/gamedata/modeldata.xml	C:\Users\22448\Downloads\重生虫心0.71汉化版（新）\reborn_workrepo\合作指挥官版起义狂潮\Mods\XM\XMFinal.SC2Mod\Base.SC2Data\GameData\ModelData.xml	skipped_existing
LeviathanDeath	CModel	游戏数据/官方SC2原始文本镜像/mods/starcoop/starcoop.sc2mod/base.sc2data/gamedata/modeldata.xml	C:\Users\22448\Downloads\重生虫心0.71汉化版（新）\reborn_workrepo\合作指挥官版起义狂潮\Mods\XM\XMFinal.SC2Mod\Base.SC2Data\GameData\ModelData.xml	skipped_existing
Lurker	CModel	游戏数据/官方SC2原始文本镜像/mods/starcoop/starcoop.sc2mod/base.sc2data/gamedata/modeldata.xml	C:\Users\22448\Downloads\重生虫心0.71汉化版（新）\reborn_workrepo\合作指挥官版起义狂潮\Mods\XM\XMFinal.SC2Mod\Base.SC2Data\GameData\ModelData.xml	skipped_existing
Lurker	CModel	游戏数据/官方SC2原始文本镜像/campaigns/swarm.sc2campaign/base.sc2data/gamedata/modeldata.xml	C:\Users\22448\Downloads\重生虫心0.71汉化版（新）\reborn_workrepo\合作指挥官版起义狂潮\Mods\XM\XMFinal.SC2Mod\Base.SC2Data\GameData\ModelData.xml	skipped_existing
NoxiousCloud	CModel	游戏数据/官方SC2原始文本镜像/campaigns/swarm.sc2campaign/base.sc2data/gamedata/modeldata.xml	C:\Users\22448\Downloads\重生虫心0.71汉化版（新）\reborn_workrepo\合作指挥官版起义狂潮\Mods\XM\XMFinal.SC2Mod\Base.SC2Data\GameData\ModelData.xml	skipped_existing
NoxiousPortrait	CModel	游戏数据/官方SC2原始文本镜像/campaigns/swarm.sc2campaign/base.sc2data/gamedata/modeldata.xml	C:\Users\22448\Downloads\重生虫心0.71汉化版（新）\reborn_workrepo\合作指挥官版起义狂潮\Mods\XM\XMFinal.SC2Mod\Base.SC2Data\GameData\ModelData.xml	skipped_existing
NydusNetwork	CModel	游戏数据/官方SC2原始文本镜像/campaigns/swarm.sc2campaign/base.sc2data/gamedata/modeldata.xml	C:\Users\22448\Downloads\重生虫心0.71汉化版（新）\reborn_workrepo\合作指挥官版起义狂潮\Mods\XM\XMFinal.SC2Mod\Base.SC2Data\GameData\ModelData.xml	skipped_existing
PrimalHydralisk	CModel	游戏数据/官方SC2原始文本镜像/campaigns/swarm.sc2campaign/base.sc2data/gamedata/modeldata.xml	C:\Users\22448\Downloads\重生虫心0.71汉化版（新）\reborn_workrepo\合作指挥官版起义狂潮\Mods\XM\XMFinal.SC2Mod\Base.SC2Data\GameData\ModelData.xml	skipped_existing
PrimalHydraliskDeath	CModel	游戏数据/官方SC2原始文本镜像/campaigns/swarm.sc2campaign/base.sc2data/gamedata/modeldata.xml	C:\Users\22448\Downloads\重生虫心0.71汉化版（新）\reborn_workrepo\合作指挥官版起义狂潮\Mods\XM\XMFinal.SC2Mod\Base.SC2Data\GameData\ModelData.xml	skipped_existing
PrimalHydraliskPortrait	CModel	游戏数据/官方SC2原始文本镜像/campaigns/swarm.sc2campaign/base.sc2data/gamedata/modeldata.xml	C:\Users\22448\Downloads\重生虫心0.71汉化版（新）\reborn_workrepo\合作指挥官版起义狂潮\Mods\XM\XMFinal.SC2Mod\Base.SC2Data\GameData\ModelData.xml	skipped_existing
PsionicLift	CModel	游戏数据/官方SC2原始文本镜像/campaigns/swarm.sc2campaign/base.sc2data/gamedata/modeldata.xml	C:\Users\22448\Downloads\重生虫心0.71汉化版（新）\reborn_workrepo\合作指挥官版起义狂潮\Mods\XM\XMFinal.SC2Mod\Base.SC2Data\GameData\ModelData.xml	skipped_existing
Queen	CModel	游戏数据/官方SC2原始文本镜像/campaigns/swarm.sc2campaign/base.sc2data/gamedata/modeldata.xml	C:\Users\22448\Downloads\重生虫心0.71汉化版（新）\reborn_workrepo\合作指挥官版起义狂潮\Mods\XM\XMFinal.SC2Mod\Base.SC2Data\GameData\ModelData.xml	skipped_existing
QueenClassic	CModel	游戏数据/官方SC2原始文本镜像/campaigns/swarm.sc2campaign/base.sc2data/gamedata/modeldata.xml	C:\Users\22448\Downloads\重生虫心0.71汉化版（新）\reborn_workrepo\合作指挥官版起义狂潮\Mods\XM\XMFinal.SC2Mod\Base.SC2Data\GameData\ModelData.xml	skipped_existing
RaptorPortrait	CModel	游戏数据/官方SC2原始文本镜像/campaigns/swarm.sc2campaign/base.sc2data/gamedata/modeldata.xml	C:\Users\22448\Downloads\重生虫心0.71汉化版（新）\reborn_workrepo\合作指挥官版起义狂潮\Mods\XM\XMFinal.SC2Mod\Base.SC2Data\GameData\ModelData.xml	skipped_existing
RavagerAbathurCocoon	CModel	游戏数据/官方SC2原始文本镜像/mods/starcoop/starcoop.sc2mod/base.sc2data/gamedata/modeldata.xml	C:\Users\22448\Downloads\重生虫心0.71汉化版（新）\reborn_workrepo\合作指挥官版起义狂潮\Mods\XM\XMFinal.SC2Mod\Base.SC2Data\GameData\ModelData.xml	skipped_existing
RoachCorpser	CModel	游戏数据/官方SC2原始文本镜像/campaigns/swarm.sc2campaign/base.sc2data/gamedata/modeldata.xml	C:\Users\22448\Downloads\重生虫心0.71汉化版（新）\reborn_workrepo\合作指挥官版起义狂潮\Mods\XM\XMFinal.SC2Mod\Base.SC2Data\GameData\ModelData.xml	skipped_existing
RoachCorpserDeath	CModel	游戏数据/官方SC2原始文本镜像/campaigns/swarm.sc2campaign/base.sc2data/gamedata/modeldata.xml	C:\Users\22448\Downloads\重生虫心0.71汉化版（新）\reborn_workrepo\合作指挥官版起义狂潮\Mods\XM\XMFinal.SC2Mod\Base.SC2Data\GameData\ModelData.xml	skipped_existing
RoachEx1	CModel	游戏数据/官方SC2原始文本镜像/campaigns/swarm.sc2campaign/base.sc2data/gamedata/modeldata.xml	C:\Users\22448\Downloads\重生虫心0.71汉化版（新）\reborn_workrepo\合作指挥官版起义狂潮\Mods\XM\XMFinal.SC2Mod\Base.SC2Data\GameData\ModelData.xml	skipped_existing
Roachling	CModel	游戏数据/官方SC2原始文本镜像/campaigns/swarm.sc2campaign/base.sc2data/gamedata/modeldata.xml	C:\Users\22448\Downloads\重生虫心0.71汉化版（新）\reborn_workrepo\合作指挥官版起义狂潮\Mods\XM\XMFinal.SC2Mod\Base.SC2Data\GameData\ModelData.xml	skipped_existing
RoachShield	CModel	游戏数据/官方SC2原始文本镜像/campaigns/swarm.sc2campaign/base.sc2data/gamedata/modeldata.xml	C:\Users\22448\Downloads\重生虫心0.71汉化版（新）\reborn_workrepo\合作指挥官版起义狂潮\Mods\XM\XMFinal.SC2Mod\Base.SC2Data\GameData\ModelData.xml	skipped_existing
RoachVile	CModel	游戏数据/官方SC2原始文本镜像/campaigns/swarm.sc2campaign/base.sc2data/gamedata/modeldata.xml	C:\Users\22448\Downloads\重生虫心0.71汉化版（新）\reborn_workrepo\合作指挥官版起义狂潮\Mods\XM\XMFinal.SC2Mod\Base.SC2Data\GameData\ModelData.xml	skipped_existing
RoachVileDeath	CModel	游戏数据/官方SC2原始文本镜像/campaigns/swarm.sc2campaign/base.sc2data/gamedata/modeldata.xml	C:\Users\22448\Downloads\重生虫心0.71汉化版（新）\reborn_workrepo\合作指挥官版起义狂潮\Mods\XM\XMFinal.SC2Mod\Base.SC2Data\GameData\ModelData.xml	skipped_existing
RoachVileDeathAcid	CModel	游戏数据/官方SC2原始文本镜像/campaigns/swarm.sc2campaign/base.sc2data/gamedata/modeldata.xml	C:\Users\22448\Downloads\重生虫心0.71汉化版（新）\reborn_workrepo\合作指挥官版起义狂潮\Mods\XM\XMFinal.SC2Mod\Base.SC2Data\GameData\ModelData.xml	skipped_existing
RoachVileDeathFire	CModel	游戏数据/官方SC2原始文本镜像/campaigns/swarm.sc2campaign/base.sc2data/gamedata/modeldata.xml	C:\Users\22448\Downloads\重生虫心0.71汉化版（新）\reborn_workrepo\合作指挥官版起义狂潮\Mods\XM\XMFinal.SC2Mod\Base.SC2Data\GameData\ModelData.xml	skipped_existing
RoachVilePortrait	CModel	游戏数据/官方SC2原始文本镜像/campaigns/swarm.sc2campaign/base.sc2data/gamedata/modeldata.xml	C:\Users\22448\Downloads\重生虫心0.71汉化版（新）\reborn_workrepo\合作指挥官版起义狂潮\Mods\XM\XMFinal.SC2Mod\Base.SC2Data\GameData\ModelData.xml	skipped_existing
ScourgeNest	CModel	游戏数据/官方SC2原始文本镜像/mods/starcoop/starcoop.sc2mod/base.sc2data/gamedata/modeldata.xml	C:\Users\22448\Downloads\重生虫心0.71汉化版（新）\reborn_workrepo\合作指挥官版起义狂潮\Mods\XM\XMFinal.SC2Mod\Base.SC2Data\GameData\ModelData.xml	skipped_existing
ScourgeNestDeath	CModel	游戏数据/官方SC2原始文本镜像/mods/starcoop/starcoop.sc2mod/base.sc2data/gamedata/modeldata.xml	C:\Users\22448\Downloads\重生虫心0.71汉化版（新）\reborn_workrepo\合作指挥官版起义狂潮\Mods\XM\XMFinal.SC2Mod\Base.SC2Data\GameData\ModelData.xml	skipped_existing
ScourgeNestPlacement	CModel	游戏数据/官方SC2原始文本镜像/mods/starcoop/starcoop.sc2mod/base.sc2data/gamedata/modeldata.xml	C:\Users\22448\Downloads\重生虫心0.71汉化版（新）\reborn_workrepo\合作指挥官版起义狂潮\Mods\XM\XMFinal.SC2Mod\Base.SC2Data\GameData\ModelData.xml	skipped_existing
SIOverlord	CModel	游戏数据/官方SC2原始文本镜像/mods/starcoop/starcoop.sc2mod/base.sc2data/gamedata/modeldata.xml	C:\Users\22448\Downloads\重生虫心0.71汉化版（新）\reborn_workrepo\合作指挥官版起义狂潮\Mods\XM\XMFinal.SC2Mod\Base.SC2Data\GameData\ModelData.xml	skipped_existing
SIVolatileInfested	CModel	游戏数据/官方SC2原始文本镜像/mods/starcoop/starcoop.sc2mod/base.sc2data/gamedata/modeldata.xml	C:\Users\22448\Downloads\重生虫心0.71汉化版（新）\reborn_workrepo\合作指挥官版起义狂潮\Mods\XM\XMFinal.SC2Mod\Base.SC2Data\GameData\ModelData.xml	skipped_existing
SIVolatileInfestedDeath	CModel	游戏数据/官方SC2原始文本镜像/mods/starcoop/starcoop.sc2mod/base.sc2data/gamedata/modeldata.xml	C:\Users\22448\Downloads\重生虫心0.71汉化版（新）\reborn_workrepo\合作指挥官版起义狂潮\Mods\XM\XMFinal.SC2Mod\Base.SC2Data\GameData\ModelData.xml	skipped_existing
SplitterlingMainDeath	CModel	游戏数据/官方SC2原始文本镜像/campaigns/swarm.sc2campaign/base.sc2data/gamedata/modeldata.xml	C:\Users\22448\Downloads\重生虫心0.71汉化版（新）\reborn_workrepo\合作指挥官版起义狂潮\Mods\XM\XMFinal.SC2Mod\Base.SC2Data\GameData\ModelData.xml	skipped_existing
SplitterlingMediumCorrosiveExplosion	CModel	游戏数据/官方SC2原始文本镜像/campaigns/swarm.sc2campaign/base.sc2data/gamedata/modeldata.xml	C:\Users\22448\Downloads\重生虫心0.71汉化版（新）\reborn_workrepo\合作指挥官版起义狂潮\Mods\XM\XMFinal.SC2Mod\Base.SC2Data\GameData\ModelData.xml	skipped_existing
SplitterlingMediumRuptureExplosion	CModel	游戏数据/官方SC2原始文本镜像/campaigns/swarm.sc2campaign/base.sc2data/gamedata/modeldata.xml	C:\Users\22448\Downloads\重生虫心0.71汉化版（新）\reborn_workrepo\合作指挥官版起义狂潮\Mods\XM\XMFinal.SC2Mod\Base.SC2Data\GameData\ModelData.xml	skipped_existing
SplitterlingPortrait	CModel	游戏数据/官方SC2原始文本镜像/campaigns/swarm.sc2campaign/base.sc2data/gamedata/modeldata.xml	C:\Users\22448\Downloads\重生虫心0.71汉化版（新）\reborn_workrepo\合作指挥官版起义狂潮\Mods\XM\XMFinal.SC2Mod\Base.SC2Data\GameData\ModelData.xml	skipped_existing
SplitterlingSmallDeath	CModel	游戏数据/官方SC2原始文本镜像/campaigns/swarm.sc2campaign/base.sc2data/gamedata/modeldata.xml	C:\Users\22448\Downloads\重生虫心0.71汉化版（新）\reborn_workrepo\合作指挥官版起义狂潮\Mods\XM\XMFinal.SC2Mod\Base.SC2Data\GameData\ModelData.xml	skipped_existing
StukovHeroGlow	CModel	游戏数据/官方SC2原始文本镜像/campaigns/swarm.sc2campaign/base.sc2data/gamedata/modeldata.xml	C:\Users\22448\Downloads\重生虫心0.71汉化版（新）\reborn_workrepo\合作指挥官版起义狂潮\Mods\XM\XMFinal.SC2Mod\Base.SC2Data\GameData\ModelData.xml	skipped_existing
StukovInfestedTerran	CModel	游戏数据/官方SC2原始文本镜像/campaigns/swarm.sc2campaign/base.sc2data/gamedata/modeldata.xml	C:\Users\22448\Downloads\重生虫心0.71汉化版（新）\reborn_workrepo\合作指挥官版起义狂潮\Mods\XM\XMFinal.SC2Mod\Base.SC2Data\GameData\ModelData.xml	skipped_existing
StukovInfestedTerranDeath	CModel	游戏数据/官方SC2原始文本镜像/campaigns/swarm.sc2campaign/base.sc2data/gamedata/modeldata.xml	C:\Users\22448\Downloads\重生虫心0.71汉化版（新）\reborn_workrepo\合作指挥官版起义狂潮\Mods\XM\XMFinal.SC2Mod\Base.SC2Data\GameData\ModelData.xml	skipped_existing
StukovInfestedTerranDeathAcid	CModel	游戏数据/官方SC2原始文本镜像/campaigns/swarm.sc2campaign/base.sc2data/gamedata/modeldata.xml	C:\Users\22448\Downloads\重生虫心0.71汉化版（新）\reborn_workrepo\合作指挥官版起义狂潮\Mods\XM\XMFinal.SC2Mod\Base.SC2Data\GameData\ModelData.xml	skipped_existing
StukovInfestedTerranDeathFire	CModel	游戏数据/官方SC2原始文本镜像/campaigns/swarm.sc2campaign/base.sc2data/gamedata/modeldata.xml	C:\Users\22448\Downloads\重生虫心0.71汉化版（新）\reborn_workrepo\合作指挥官版起义狂潮\Mods\XM\XMFinal.SC2Mod\Base.SC2Data\GameData\ModelData.xml	skipped_existing
StukovInfestedTerranDeathTimeout	CModel	游戏数据/官方SC2原始文本镜像/campaigns/swarm.sc2campaign/base.sc2data/gamedata/modeldata.xml	C:\Users\22448\Downloads\重生虫心0.71汉化版（新）\reborn_workrepo\合作指挥官版起义狂潮\Mods\XM\XMFinal.SC2Mod\Base.SC2Data\GameData\ModelData.xml	skipped_existing
StukovInfestedTerranPortrait	CModel	游戏数据/官方SC2原始文本镜像/campaigns/swarm.sc2campaign/base.sc2data/gamedata/modeldata.xml	C:\Users\22448\Downloads\重生虫心0.71汉化版（新）\reborn_workrepo\合作指挥官版起义狂潮\Mods\XM\XMFinal.SC2Mod\Base.SC2Data\GameData\ModelData.xml	skipped_existing
SwarmHostDeepBurrow	CModel	游戏数据/官方SC2原始文本镜像/campaigns/swarm.sc2campaign/base.sc2data/gamedata/modeldata.xml	C:\Users\22448\Downloads\重生虫心0.71汉化版（新）\reborn_workrepo\合作指挥官版起义狂潮\Mods\XM\XMFinal.SC2Mod\Base.SC2Data\GameData\ModelData.xml	skipped_existing
SwarmHostEggCreeperCampaign	CModel	游戏数据/官方SC2原始文本镜像/campaigns/swarm.sc2campaign/base.sc2data/gamedata/modeldata.xml	C:\Users\22448\Downloads\重生虫心0.71汉化版（新）\reborn_workrepo\合作指挥官版起义狂潮\Mods\XM\XMFinal.SC2Mod\Base.SC2Data\GameData\ModelData.xml	skipped_existing
SwarmHostEx1ADeath	CModel	游戏数据/官方SC2原始文本镜像/campaigns/swarm.sc2campaign/base.sc2data/gamedata/modeldata.xml	C:\Users\22448\Downloads\重生虫心0.71汉化版（新）\reborn_workrepo\合作指挥官版起义狂潮\Mods\XM\XMFinal.SC2Mod\Base.SC2Data\GameData\ModelData.xml	skipped_existing
SwarmHostEx1BDeath	CModel	游戏数据/官方SC2原始文本镜像/campaigns/swarm.sc2campaign/base.sc2data/gamedata/modeldata.xml	C:\Users\22448\Downloads\重生虫心0.71汉化版（新）\reborn_workrepo\合作指挥官版起义狂潮\Mods\XM\XMFinal.SC2Mod\Base.SC2Data\GameData\ModelData.xml	skipped_existing
SwarmHostMP	CModel	游戏数据/官方SC2原始文本镜像/mods/starcoop/starcoop.sc2mod/base.sc2data/gamedata/modeldata.xml	C:\Users\22448\Downloads\重生虫心0.71汉化版（新）\reborn_workrepo\合作指挥官版起义狂潮\Mods\XM\XMFinal.SC2Mod\Base.SC2Data\GameData\ModelData.xml	skipped_existing
SwarmHostSplitA	CModel	游戏数据/官方SC2原始文本镜像/campaigns/swarm.sc2campaign/base.sc2data/gamedata/modeldata.xml	C:\Users\22448\Downloads\重生虫心0.71汉化版（新）\reborn_workrepo\合作指挥官版起义狂潮\Mods\XM\XMFinal.SC2Mod\Base.SC2Data\GameData\ModelData.xml	skipped_existing
SwarmHostSplitAPortrait	CModel	游戏数据/官方SC2原始文本镜像/campaigns/swarm.sc2campaign/base.sc2data/gamedata/modeldata.xml	C:\Users\22448\Downloads\重生虫心0.71汉化版（新）\reborn_workrepo\合作指挥官版起义狂潮\Mods\XM\XMFinal.SC2Mod\Base.SC2Data\GameData\ModelData.xml	skipped_existing
SwarmHostSplitB	CModel	游戏数据/官方SC2原始文本镜像/campaigns/swarm.sc2campaign/base.sc2data/gamedata/modeldata.xml	C:\Users\22448\Downloads\重生虫心0.71汉化版（新）\reborn_workrepo\合作指挥官版起义狂潮\Mods\XM\XMFinal.SC2Mod\Base.SC2Data\GameData\ModelData.xml	skipped_existing
SwarmHostSplitBPortrait	CModel	游戏数据/官方SC2原始文本镜像/campaigns/swarm.sc2campaign/base.sc2data/gamedata/modeldata.xml	C:\Users\22448\Downloads\重生虫心0.71汉化版（新）\reborn_workrepo\合作指挥官版起义狂潮\Mods\XM\XMFinal.SC2Mod\Base.SC2Data\GameData\ModelData.xml	skipped_existing
SwarmlingPortrait	CModel	游戏数据/官方SC2原始文本镜像/campaigns/swarm.sc2campaign/base.sc2data/gamedata/modeldata.xml	C:\Users\22448\Downloads\重生虫心0.71汉化版（新）\reborn_workrepo\合作指挥官版起义狂潮\Mods\XM\XMFinal.SC2Mod\Base.SC2Data\GameData\ModelData.xml	skipped_existing
SwarmPurpleHeroGlow	CModel	游戏数据/官方SC2原始文本镜像/campaigns/swarm.sc2campaign/base.sc2data/gamedata/modeldata.xml	C:\Users\22448\Downloads\重生虫心0.71汉化版（新）\reborn_workrepo\合作指挥官版起义狂潮\Mods\XM\XMFinal.SC2Mod\Base.SC2Data\GameData\ModelData.xml	skipped_existing
SwarmQueen	CModel	游戏数据/官方SC2原始文本镜像/campaigns/swarm.sc2campaign/base.sc2data/gamedata/modeldata.xml	C:\Users\22448\Downloads\重生虫心0.71汉化版（新）\reborn_workrepo\合作指挥官版起义狂潮\Mods\XM\XMFinal.SC2Mod\Base.SC2Data\GameData\ModelData.xml	skipped_existing
SwarmQueenBirth	CModel	游戏数据/官方SC2原始文本镜像/campaigns/swarm.sc2campaign/base.sc2data/gamedata/modeldata.xml	C:\Users\22448\Downloads\重生虫心0.71汉化版（新）\reborn_workrepo\合作指挥官版起义狂潮\Mods\XM\XMFinal.SC2Mod\Base.SC2Data\GameData\ModelData.xml	skipped_existing
SwarmQueenDeath	CModel	游戏数据/官方SC2原始文本镜像/campaigns/swarm.sc2campaign/base.sc2data/gamedata/modeldata.xml	C:\Users\22448\Downloads\重生虫心0.71汉化版（新）\reborn_workrepo\合作指挥官版起义狂潮\Mods\XM\XMFinal.SC2Mod\Base.SC2Data\GameData\ModelData.xml	skipped_existing
SwarmQueenMorphing	CModel	游戏数据/官方SC2原始文本镜像/campaigns/swarm.sc2campaign/base.sc2data/gamedata/modeldata.xml	C:\Users\22448\Downloads\重生虫心0.71汉化版（新）\reborn_workrepo\合作指挥官版起义狂潮\Mods\XM\XMFinal.SC2Mod\Base.SC2Data\GameData\ModelData.xml	skipped_existing
SwarmQueenMorphingLarge	CModel	游戏数据/官方SC2原始文本镜像/campaigns/swarm.sc2campaign/base.sc2data/gamedata/modeldata.xml	C:\Users\22448\Downloads\重生虫心0.71汉化版（新）\reborn_workrepo\合作指挥官版起义狂潮\Mods\XM\XMFinal.SC2Mod\Base.SC2Data\GameData\ModelData.xml	skipped_existing
SwarmQueenPortrait	CModel	游戏数据/官方SC2原始文本镜像/campaigns/swarm.sc2campaign/base.sc2data/gamedata/modeldata.xml	C:\Users\22448\Downloads\重生虫心0.71汉化版（新）\reborn_workrepo\合作指挥官版起义狂潮\Mods\XM\XMFinal.SC2Mod\Base.SC2Data\GameData\ModelData.xml	skipped_existing
SymbioteCarapaceBrutalisk	CModel	游戏数据/官方SC2原始文本镜像/mods/starcoop/starcoop.sc2mod/base.sc2data/gamedata/modeldata.xml	C:\Users\22448\Downloads\重生虫心0.71汉化版（新）\reborn_workrepo\合作指挥官版起义狂潮\Mods\XM\XMFinal.SC2Mod\Base.SC2Data\GameData\ModelData.xml	skipped_existing
SymbioteCarapaceLeviathan	CModel	游戏数据/官方SC2原始文本镜像/mods/starcoop/starcoop.sc2mod/base.sc2data/gamedata/modeldata.xml	C:\Users\22448\Downloads\重生虫心0.71汉化版（新）\reborn_workrepo\合作指挥官版起义狂潮\Mods\XM\XMFinal.SC2Mod\Base.SC2Data\GameData\ModelData.xml	skipped_existing
Thor	CModel	游戏数据/官方SC2原始文本镜像/mods/starcoop/starcoop.sc2mod/base.sc2data/gamedata/modeldata.xml	C:\Users\22448\Downloads\重生虫心0.71汉化版（新）\reborn_workrepo\合作指挥官版起义狂潮\Mods\XM\XMFinal.SC2Mod\Base.SC2Data\GameData\ModelData.xml	skipped_existing
TorrasqueChrysalis	CModel	游戏数据/官方SC2原始文本镜像/campaigns/swarm.sc2campaign/base.sc2data/gamedata/modeldata.xml	C:\Users\22448\Downloads\重生虫心0.71汉化版（新）\reborn_workrepo\合作指挥官版起义狂潮\Mods\XM\XMFinal.SC2Mod\Base.SC2Data\GameData\ModelData.xml	skipped_existing
TorrasqueCorpse	CModel	游戏数据/官方SC2原始文本镜像/campaigns/swarm.sc2campaign/base.sc2data/gamedata/modeldata.xml	C:\Users\22448\Downloads\重生虫心0.71汉化版（新）\reborn_workrepo\合作指挥官版起义狂潮\Mods\XM\XMFinal.SC2Mod\Base.SC2Data\GameData\ModelData.xml	skipped_existing
TorrasquePortrait	CModel	游戏数据/官方SC2原始文本镜像/campaigns/swarm.sc2campaign/base.sc2data/gamedata/modeldata.xml	C:\Users\22448\Downloads\重生虫心0.71汉化版（新）\reborn_workrepo\合作指挥官版起义狂潮\Mods\XM\XMFinal.SC2Mod\Base.SC2Data\GameData\ModelData.xml	skipped_existing
UltraliskEx1ADeath	CModel	游戏数据/官方SC2原始文本镜像/campaigns/swarm.sc2campaign/base.sc2data/gamedata/modeldata.xml	C:\Users\22448\Downloads\重生虫心0.71汉化版（新）\reborn_workrepo\合作指挥官版起义狂潮\Mods\XM\XMFinal.SC2Mod\Base.SC2Data\GameData\ModelData.xml	skipped_existing
UltraliskEx1BDeath	CModel	游戏数据/官方SC2原始文本镜像/campaigns/swarm.sc2campaign/base.sc2data/gamedata/modeldata.xml	C:\Users\22448\Downloads\重生虫心0.71汉化版（新）\reborn_workrepo\合作指挥官版起义狂潮\Mods\XM\XMFinal.SC2Mod\Base.SC2Data\GameData\ModelData.xml	skipped_existing
Virophage	CModel	游戏数据/官方SC2原始文本镜像/campaigns/swarm.sc2campaign/base.sc2data/gamedata/modeldata.xml	C:\Users\22448\Downloads\重生虫心0.71汉化版（新）\reborn_workrepo\合作指挥官版起义狂潮\Mods\XM\XMFinal.SC2Mod\Base.SC2Data\GameData\ModelData.xml	skipped_existing
VoidRay_Zeratul_COOP	CModel	游戏数据/官方SC2原始文本镜像/mods/starcoop/starcoop.sc2mod/base.sc2data/gamedata/commanders/futurecommanders.xml	C:\Users\22448\Downloads\重生虫心0.71汉化版（新）\reborn_workrepo\合作指挥官版起义狂潮\Mods\XM\XMFinal.SC2Mod\Base.SC2Data\GameData\ModelData.xml	skipped_existing
WaterRippleHugeSwarmQueen	CModel	游戏数据/官方SC2原始文本镜像/campaigns/swarm.sc2campaign/base.sc2data/gamedata/modeldata.xml	C:\Users\22448\Downloads\重生虫心0.71汉化版（新）\reborn_workrepo\合作指挥官版起义狂潮\Mods\XM\XMFinal.SC2Mod\Base.SC2Data\GameData\ModelData.xml	skipped_existing
WaterRippleLargeSwarmQueen	CModel	游戏数据/官方SC2原始文本镜像/campaigns/swarm.sc2campaign/base.sc2data/gamedata/modeldata.xml	C:\Users\22448\Downloads\重生虫心0.71汉化版（新）\reborn_workrepo\合作指挥官版起义狂潮\Mods\XM\XMFinal.SC2Mod\Base.SC2Data\GameData\ModelData.xml	skipped_existing
WaterRippleSwarmQueen	CModel	游戏数据/官方SC2原始文本镜像/campaigns/swarm.sc2campaign/base.sc2data/gamedata/modeldata.xml	C:\Users\22448\Downloads\重生虫心0.71汉化版（新）\reborn_workrepo\合作指挥官版起义狂潮\Mods\XM\XMFinal.SC2Mod\Base.SC2Data\GameData\ModelData.xml	skipped_existing
ZergHeroRevive	CModel	游戏数据/官方SC2原始文本镜像/campaigns/swarm.sc2campaign/base.sc2data/gamedata/modeldata.xml	C:\Users\22448\Downloads\重生虫心0.71汉化版（新）\reborn_workrepo\合作指挥官版起义狂潮\Mods\XM\XMFinal.SC2Mod\Base.SC2Data\GameData\ModelData.xml	skipped_existing
ZergTowerArtillery	CModel	游戏数据/官方SC2原始文本镜像/campaigns/swarm.sc2campaign/base.sc2data/gamedata/modeldata.xml	C:\Users\22448\Downloads\重生虫心0.71汉化版（新）\reborn_workrepo\合作指挥官版起义狂潮\Mods\XM\XMFinal.SC2Mod\Base.SC2Data\GameData\ModelData.xml	skipped_existing
MindBoltWeapon	CMoverMissile	游戏数据/官方SC2原始文本镜像/campaigns/swarm.sc2campaign/base.sc2data/gamedata/moverdata.xml	C:\Users\22448\Downloads\重生虫心0.71汉化版（新）\reborn_workrepo\合作指挥官版起义狂潮\Mods\XM\XMFinal.SC2Mod\Base.SC2Data\GameData\MoverData.xml	skipped_existing
PrimalSlashUpgradedMover	CMoverMissile	游戏数据/官方SC2原始文本镜像/mods/starcoop/starcoop.sc2mod/base.sc2data/gamedata/moverdata.xml	C:\Users\22448\Downloads\重生虫心0.71汉化版（新）\reborn_workrepo\合作指挥官版起义狂潮\Mods\XM\XMFinal.SC2Mod\Base.SC2Data\GameData\MoverData.xml	skipped_existing
PrimalSlashUpgradedMover	CMoverMissile	游戏数据/官方SC2原始文本镜像/campaigns/swarm.sc2campaign/base.sc2data/gamedata/moverdata.xml	C:\Users\22448\Downloads\重生虫心0.71汉化版（新）\reborn_workrepo\合作指挥官版起义狂潮\Mods\XM\XMFinal.SC2Mod\Base.SC2Data\GameData\MoverData.xml	skipped_existing
InfT	CRace	游戏数据/官方SC2原始文本镜像/mods/starcoop/starcoop.sc2mod/base.sc2data/gamedata/racedata.xml	C:\Users\22448\Downloads\重生虫心0.71汉化版（新）\reborn_workrepo\合作指挥官版起义狂潮\Mods\XM\XMFinal.SC2Mod\Base.SC2Data\GameData\RaceData.xml	skipped_existing
PZrg	CRace	游戏数据/官方SC2原始文本镜像/mods/starcoop/starcoop.sc2mod/base.sc2data/gamedata/racedata.xml	C:\Users\22448\Downloads\重生虫心0.71汉化版（新）\reborn_workrepo\合作指挥官版起义狂潮\Mods\XM\XMFinal.SC2Mod\Base.SC2Data\GameData\RaceData.xml	skipped_existing
Zerg	CRace	游戏数据/官方SC2原始文本镜像/mods/starcoop/starcoop.sc2mod/base.sc2data/gamedata/racedata.xml	C:\Users\22448\Downloads\重生虫心0.71汉化版（新）\reborn_workrepo\合作指挥官版起义狂潮\Mods\XM\XMFinal.SC2Mod\Base.SC2Data\GameData\RaceData.xml	skipped_existing
AbathurLevel02	CRequirement	游戏数据/官方SC2原始文本镜像/mods/starcoop/starcoop.sc2mod/base.sc2data/gamedata/requirementdata.xml	C:\Users\22448\Downloads\重生虫心0.71汉化版（新）\reborn_workrepo\合作指挥官版起义狂潮\Mods\XM\XMFinal.SC2Mod\Base.SC2Data\GameData\RequirementData.xml	skipped_existing
AbathurLevel04	CRequirement	游戏数据/官方SC2原始文本镜像/mods/starcoop/starcoop.sc2mod/base.sc2data/gamedata/requirementdata.xml	C:\Users\22448\Downloads\重生虫心0.71汉化版（新）\reborn_workrepo\合作指挥官版起义狂潮\Mods\XM\XMFinal.SC2Mod\Base.SC2Data\GameData\RequirementData.xml	skipped_existing
AbathurLevel06	CRequirement	游戏数据/官方SC2原始文本镜像/mods/starcoop/starcoop.sc2mod/base.sc2data/gamedata/requirementdata.xml	C:\Users\22448\Downloads\重生虫心0.71汉化版（新）\reborn_workrepo\合作指挥官版起义狂潮\Mods\XM\XMFinal.SC2Mod\Base.SC2Data\GameData\RequirementData.xml	skipped_existing
AbathurLevel08	CRequirement	游戏数据/官方SC2原始文本镜像/mods/starcoop/starcoop.sc2mod/base.sc2data/gamedata/requirementdata.xml	C:\Users\22448\Downloads\重生虫心0.71汉化版（新）\reborn_workrepo\合作指挥官版起义狂潮\Mods\XM\XMFinal.SC2Mod\Base.SC2Data\GameData\RequirementData.xml	skipped_existing
AbathurLevel09	CRequirement	游戏数据/官方SC2原始文本镜像/mods/starcoop/starcoop.sc2mod/base.sc2data/gamedata/requirementdata.xml	C:\Users\22448\Downloads\重生虫心0.71汉化版（新）\reborn_workrepo\合作指挥官版起义狂潮\Mods\XM\XMFinal.SC2Mod\Base.SC2Data\GameData\RequirementData.xml	skipped_existing
AbathurLevel09DeepTunnelImproved	CRequirement	游戏数据/官方SC2原始文本镜像/mods/starcoop/starcoop.sc2mod/base.sc2data/gamedata/requirementdata.xml	C:\Users\22448\Downloads\重生虫心0.71汉化版（新）\reborn_workrepo\合作指挥官版起义狂潮\Mods\XM\XMFinal.SC2Mod\Base.SC2Data\GameData\RequirementData.xml	skipped_existing
AbathurLevel10	CRequirement	游戏数据/官方SC2原始文本镜像/mods/starcoop/starcoop.sc2mod/base.sc2data/gamedata/requirementdata.xml	C:\Users\22448\Downloads\重生虫心0.71汉化版（新）\reborn_workrepo\合作指挥官版起义狂潮\Mods\XM\XMFinal.SC2Mod\Base.SC2Data\GameData\RequirementData.xml	skipped_existing
AbathurLevel11	CRequirement	游戏数据/官方SC2原始文本镜像/mods/starcoop/starcoop.sc2mod/base.sc2data/gamedata/requirementdata.xml	C:\Users\22448\Downloads\重生虫心0.71汉化版（新）\reborn_workrepo\合作指挥官版起义狂潮\Mods\XM\XMFinal.SC2Mod\Base.SC2Data\GameData\RequirementData.xml	skipped_existing
AbathurLevel12	CRequirement	游戏数据/官方SC2原始文本镜像/mods/starcoop/starcoop.sc2mod/base.sc2data/gamedata/requirementdata.xml	C:\Users\22448\Downloads\重生虫心0.71汉化版（新）\reborn_workrepo\合作指挥官版起义狂潮\Mods\XM\XMFinal.SC2Mod\Base.SC2Data\GameData\RequirementData.xml	skipped_existing
BiomassBuffEmptyVisible	CRequirement	游戏数据/官方SC2原始文本镜像/mods/starcoop/starcoop.sc2mod/base.sc2data/gamedata/requirementdata.xml	C:\Users\22448\Downloads\重生虫心0.71汉化版（新）\reborn_workrepo\合作指挥官版起义狂潮\Mods\XM\XMFinal.SC2Mod\Base.SC2Data\GameData\RequirementData.xml	skipped_existing
BiomassBuffVisible	CRequirement	游戏数据/官方SC2原始文本镜像/mods/starcoop/starcoop.sc2mod/base.sc2data/gamedata/requirementdata.xml	C:\Users\22448\Downloads\重生虫心0.71汉化版（新）\reborn_workrepo\合作指挥官版起义狂潮\Mods\XM\XMFinal.SC2Mod\Base.SC2Data\GameData\RequirementData.xml	skipped_existing
CanBuildScourgeNest	CRequirement	游戏数据/官方SC2原始文本镜像/mods/starcoop/starcoop.sc2mod/base.sc2data/gamedata/requirementdata.xml	C:\Users\22448\Downloads\重生虫心0.71汉化版（新）\reborn_workrepo\合作指挥官版起义狂潮\Mods\XM\XMFinal.SC2Mod\Base.SC2Data\GameData\RequirementData.xml	skipped_existing
CommanderPrestigeAbathurBiomass	CRequirement	游戏数据/官方SC2原始文本镜像/mods/starcoop/starcoop.sc2mod/base.sc2data/gamedata/requirementdata.xml	C:\Users\22448\Downloads\重生虫心0.71汉化版（新）\reborn_workrepo\合作指挥官版起义狂潮\Mods\XM\XMFinal.SC2Mod\Base.SC2Data\GameData\RequirementData.xml	skipped_existing
CommanderPrestigeArtanisCombatAbilities	CRequirement	游戏数据/官方SC2原始文本镜像/mods/starcoop/starcoop.sc2mod/base.sc2data/gamedata/requirementdata.xml	C:\Users\22448\Downloads\重生虫心0.71汉化版（新）\reborn_workrepo\合作指挥官版起义狂潮\Mods\XM\XMFinal.SC2Mod\Base.SC2Data\GameData\RequirementData.xml	skipped_existing
CommanderPrestigeKerriganAbilities	CRequirement	游戏数据/官方SC2原始文本镜像/mods/starcoop/starcoop.sc2mod/base.sc2data/gamedata/requirementdata.xml	C:\Users\22448\Downloads\重生虫心0.71汉化版（新）\reborn_workrepo\合作指挥官版起义狂潮\Mods\XM\XMFinal.SC2Mod\Base.SC2Data\GameData\RequirementData.xml	skipped_existing
CommanderPrestigeKerriganAssimilationAura	CRequirement	游戏数据/官方SC2原始文本镜像/mods/starcoop/starcoop.sc2mod/base.sc2data/gamedata/requirementdata.xml	C:\Users\22448\Downloads\重生虫心0.71汉化版（新）\reborn_workrepo\合作指挥官版起义狂潮\Mods\XM\XMFinal.SC2Mod\Base.SC2Data\GameData\RequirementData.xml	skipped_existing
CommanderPrestigeKerriganCreep	CRequirement	游戏数据/官方SC2原始文本镜像/mods/starcoop/starcoop.sc2mod/base.sc2data/gamedata/requirementdata.xml	C:\Users\22448\Downloads\重生虫心0.71汉化版（新）\reborn_workrepo\合作指挥官版起义狂潮\Mods\XM\XMFinal.SC2Mod\Base.SC2Data\GameData\RequirementData.xml	skipped_existing
CommanderPrestigeKerriganCreepGrowth	CRequirement	游戏数据/官方SC2原始文本镜像/mods/starcoop/starcoop.sc2mod/base.sc2data/gamedata/requirementdata.xml	C:\Users\22448\Downloads\重生虫心0.71汉化版（新）\reborn_workrepo\合作指挥官版起义狂潮\Mods\XM\XMFinal.SC2Mod\Base.SC2Data\GameData\RequirementData.xml	skipped_existing
CommanderPrestigeZagaraCorruptorsAberrations	CRequirement	游戏数据/官方SC2原始文本镜像/mods/starcoop/starcoop.sc2mod/base.sc2data/gamedata/requirementdata.xml	C:\Users\22448\Downloads\重生虫心0.71汉化版（新）\reborn_workrepo\合作指挥官版起义狂潮\Mods\XM\XMFinal.SC2Mod\Base.SC2Data\GameData\RequirementData.xml	skipped_existing
CommanderPrestigeZagaraMaxSupply	CRequirement	游戏数据/官方SC2原始文本镜像/mods/starcoop/starcoop.sc2mod/base.sc2data/gamedata/requirementdata.xml	C:\Users\22448\Downloads\重生虫心0.71汉化版（新）\reborn_workrepo\合作指挥官版起义狂潮\Mods\XM\XMFinal.SC2Mod\Base.SC2Data\GameData\RequirementData.xml	skipped_existing
CommanderPrestigeZagaraMaxSupplyScourgeSpawner	CRequirement	游戏数据/官方SC2原始文本镜像/mods/starcoop/starcoop.sc2mod/base.sc2data/gamedata/requirementdata.xml	C:\Users\22448\Downloads\重生虫心0.71汉化版（新）\reborn_workrepo\合作指挥官版起义狂潮\Mods\XM\XMFinal.SC2Mod\Base.SC2Data\GameData\RequirementData.xml	skipped_existing
CommanderPrestigeZagaraMaxSupplyScourgeSpawnerLocked	CRequirement	游戏数据/官方SC2原始文本镜像/mods/starcoop/starcoop.sc2mod/base.sc2data/gamedata/requirementdata.xml	C:\Users\22448\Downloads\重生虫心0.71汉化版（新）\reborn_workrepo\合作指挥官版起义狂潮\Mods\XM\XMFinal.SC2Mod\Base.SC2Data\GameData\RequirementData.xml	skipped_existing
CreepTumorExhausted	CRequirement	游戏数据/官方SC2原始文本镜像/campaigns/swarm.sc2campaign/base.sc2data/gamedata/requirementdata.xml	C:\Users\22448\Downloads\重生虫心0.71汉化版（新）\reborn_workrepo\合作指挥官版起义狂潮\Mods\XM\XMFinal.SC2Mod\Base.SC2Data\GameData\RequirementData.xml	skipped_existing
HaveAbathurCommander	CRequirement	游戏数据/官方SC2原始文本镜像/mods/starcoop/starcoop.sc2mod/base.sc2data/gamedata/requirementdata.xml	C:\Users\22448\Downloads\重生虫心0.71汉化版（新）\reborn_workrepo\合作指挥官版起义狂潮\Mods\XM\XMFinal.SC2Mod\Base.SC2Data\GameData\RequirementData.xml	skipped_existing
HaveAberrationArmorAura	CRequirement	游戏数据/官方SC2原始文本镜像/mods/starcoop/starcoop.sc2mod/base.sc2data/gamedata/requirementdata.xml	C:\Users\22448\Downloads\重生虫心0.71汉化版（新）\reborn_workrepo\合作指挥官版起义狂潮\Mods\XM\XMFinal.SC2Mod\Base.SC2Data\GameData\RequirementData.xml	skipped_existing
HaveBileLaunchers	CRequirement	游戏数据/官方SC2原始文本镜像/mods/starcoop/starcoop.sc2mod/base.sc2data/gamedata/requirementdata.xml	C:\Users\22448\Downloads\重生虫心0.71汉化版（新）\reborn_workrepo\合作指挥官版起义狂潮\Mods\XM\XMFinal.SC2Mod\Base.SC2Data\GameData\RequirementData.xml	skipped_existing
HaveBioMechanicalTransfusionPassive	CRequirement	游戏数据/官方SC2原始文本镜像/mods/starcoop/starcoop.sc2mod/base.sc2data/gamedata/requirementdata.xml	C:\Users\22448\Downloads\重生虫心0.71汉化版（新）\reborn_workrepo\合作指挥官版起义狂潮\Mods\XM\XMFinal.SC2Mod\Base.SC2Data\GameData\RequirementData.xml	skipped_existing
HaveBrutaliskgainsSymbioteUpgrade	CRequirement	游戏数据/官方SC2原始文本镜像/mods/starcoop/starcoop.sc2mod/base.sc2data/gamedata/requirementdata.xml	C:\Users\22448\Downloads\重生虫心0.71汉化版（新）\reborn_workrepo\合作指挥官版起义狂潮\Mods\XM\XMFinal.SC2Mod\Base.SC2Data\GameData\RequirementData.xml	skipped_existing
HaveBrutaliskLeviathanSymbiote	CRequirement	游戏数据/官方SC2原始文本镜像/mods/starcoop/starcoop.sc2mod/base.sc2data/gamedata/requirementdata.xml	C:\Users\22448\Downloads\重生虫心0.71汉化版（新）\reborn_workrepo\合作指挥官版起义狂潮\Mods\XM\XMFinal.SC2Mod\Base.SC2Data\GameData\RequirementData.xml	skipped_existing
HaveCoopMutalisk	CRequirement	游戏数据/官方SC2原始文本镜像/mods/starcoop/starcoop.sc2mod/base.sc2data/gamedata/requirementdata.xml	C:\Users\22448\Downloads\重生虫心0.71汉化版（新）\reborn_workrepo\合作指挥官版起义狂潮\Mods\XM\XMFinal.SC2Mod\Base.SC2Data\GameData\RequirementData.xml	skipped_existing
HaveGlialReconstitution	CRequirement	游戏数据/官方SC2原始文本镜像/mods/starcoop/starcoop.sc2mod/base.sc2data/gamedata/requirementdata.xml	C:\Users\22448\Downloads\重生虫心0.71汉化版（新）\reborn_workrepo\合作指挥官版起义狂潮\Mods\XM\XMFinal.SC2Mod\Base.SC2Data\GameData\RequirementData.xml	skipped_existing
HaveGroovedSpines	CRequirement	游戏数据/官方SC2原始文本镜像/mods/starcoop/starcoop.sc2mod/base.sc2data/gamedata/requirementdata.xml	C:\Users\22448\Downloads\重生虫心0.71汉化版（新）\reborn_workrepo\合作指挥官版起义狂潮\Mods\XM\XMFinal.SC2Mod\Base.SC2Data\GameData\RequirementData.xml	skipped_existing
HaveGuardian	CRequirement	游戏数据/官方SC2原始文本镜像/mods/starcoop/starcoop.sc2mod/base.sc2data/gamedata/requirementdata.xml	C:\Users\22448\Downloads\重生虫心0.71汉化版（新）\reborn_workrepo\合作指挥官版起义狂潮\Mods\XM\XMFinal.SC2Mod\Base.SC2Data\GameData\RequirementData.xml	skipped_existing
HaveHotSBanelingCorrosiveBile	CRequirement	游戏数据/官方SC2原始文本镜像/mods/starcoop/starcoop.sc2mod/base.sc2data/gamedata/requirementdata.xml	C:\Users\22448\Downloads\重生虫心0.71汉化版（新）\reborn_workrepo\合作指挥官版起义狂潮\Mods\XM\XMFinal.SC2Mod\Base.SC2Data\GameData\RequirementData.xml	skipped_existing
HaveHotSBanelingCorrosiveBile	CRequirement	游戏数据/官方SC2原始文本镜像/campaigns/swarm.sc2campaign/base.sc2data/gamedata/requirementdata.xml	C:\Users\22448\Downloads\重生虫心0.71汉化版（新）\reborn_workrepo\合作指挥官版起义狂潮\Mods\XM\XMFinal.SC2Mod\Base.SC2Data\GameData\RequirementData.xml	skipped_existing
HaveHotSBanelingHeal	CRequirement	游戏数据/官方SC2原始文本镜像/campaigns/swarm.sc2campaign/base.sc2data/gamedata/requirementdata.xml	C:\Users\22448\Downloads\重生虫心0.71汉化版（新）\reborn_workrepo\合作指挥官版起义狂潮\Mods\XM\XMFinal.SC2Mod\Base.SC2Data\GameData\RequirementData.xml	skipped_existing
HaveHotSBurrowCharge	CRequirement	游戏数据/官方SC2原始文本镜像/campaigns/swarm.sc2campaign/base.sc2data/gamedata/requirementdata.xml	C:\Users\22448\Downloads\重生虫心0.71汉化版（新）\reborn_workrepo\合作指挥官版起义狂潮\Mods\XM\XMFinal.SC2Mod\Base.SC2Data\GameData\RequirementData.xml	skipped_existing
HaveHotSBurrowSwarmHost	CRequirement	游戏数据/官方SC2原始文本镜像/campaigns/swarm.sc2campaign/base.sc2data/gamedata/requirementdata.xml	C:\Users\22448\Downloads\重生虫心0.71汉化版（新）\reborn_workrepo\合作指挥官版起义狂潮\Mods\XM\XMFinal.SC2Mod\Base.SC2Data\GameData\RequirementData.xml	skipped_existing
HaveHotSChitinousPlating	CRequirement	游戏数据/官方SC2原始文本镜像/mods/starcoop/starcoop.sc2mod/base.sc2data/gamedata/requirementdata.xml	C:\Users\22448\Downloads\重生虫心0.71汉化版（新）\reborn_workrepo\合作指挥官版起义狂潮\Mods\XM\XMFinal.SC2Mod\Base.SC2Data\GameData\RequirementData.xml	skipped_existing
HaveHotSChitinousPlating	CRequirement	游戏数据/官方SC2原始文本镜像/campaigns/swarm.sc2campaign/base.sc2data/gamedata/requirementdata.xml	C:\Users\22448\Downloads\重生虫心0.71汉化版（新）\reborn_workrepo\合作指挥官版起义狂潮\Mods\XM\XMFinal.SC2Mod\Base.SC2Data\GameData\RequirementData.xml	skipped_existing
HaveHotSCorrosiveBile	CRequirement	游戏数据/官方SC2原始文本镜像/campaigns/swarm.sc2campaign/base.sc2data/gamedata/requirementdata.xml	C:\Users\22448\Downloads\重生虫心0.71汉化版（新）\reborn_workrepo\合作指挥官版起义狂潮\Mods\XM\XMFinal.SC2Mod\Base.SC2Data\GameData\RequirementData.xml	skipped_existing
HaveHotSGroovedSpines	CRequirement	游戏数据/官方SC2原始文本镜像/campaigns/swarm.sc2campaign/base.sc2data/gamedata/requirementdata.xml	C:\Users\22448\Downloads\重生虫心0.71汉化版（新）\reborn_workrepo\合作指挥官版起义狂潮\Mods\XM\XMFinal.SC2Mod\Base.SC2Data\GameData\RequirementData.xml	skipped_existing
HaveHotSHunter	CRequirement	游戏数据/官方SC2原始文本镜像/campaigns/swarm.sc2campaign/base.sc2data/gamedata/requirementdata.xml	C:\Users\22448\Downloads\重生虫心0.71汉化版（新）\reborn_workrepo\合作指挥官版起义狂潮\Mods\XM\XMFinal.SC2Mod\Base.SC2Data\GameData\RequirementData.xml	skipped_existing
HaveHotSHydraliskHealth	CRequirement	游戏数据/官方SC2原始文本镜像/mods/starcoop/starcoop.sc2mod/base.sc2data/gamedata/requirementdata.xml	C:\Users\22448\Downloads\重生虫心0.71汉化版（新）\reborn_workrepo\合作指挥官版起义狂潮\Mods\XM\XMFinal.SC2Mod\Base.SC2Data\GameData\RequirementData.xml	skipped_existing
HaveHotSHydraliskHealth	CRequirement	游戏数据/官方SC2原始文本镜像/campaigns/swarm.sc2campaign/base.sc2data/gamedata/requirementdata.xml	C:\Users\22448\Downloads\重生虫心0.71汉化版（新）\reborn_workrepo\合作指挥官版起义狂潮\Mods\XM\XMFinal.SC2Mod\Base.SC2Data\GameData\RequirementData.xml	skipped_existing
HaveHotSImpaler	CRequirement	游戏数据/官方SC2原始文本镜像/campaigns/swarm.sc2campaign/base.sc2data/gamedata/requirementdata.xml	C:\Users\22448\Downloads\重生虫心0.71汉化版（新）\reborn_workrepo\合作指挥官版起义狂潮\Mods\XM\XMFinal.SC2Mod\Base.SC2Data\GameData\RequirementData.xml	skipped_existing
HaveHotSLocustSpeed	CRequirement	游戏数据/官方SC2原始文本镜像/campaigns/swarm.sc2campaign/base.sc2data/gamedata/requirementdata.xml	C:\Users\22448\Downloads\重生虫心0.71汉化版（新）\reborn_workrepo\合作指挥官版起义狂潮\Mods\XM\XMFinal.SC2Mod\Base.SC2Data\GameData\RequirementData.xml	skipped_existing
HaveHotSLurker	CRequirement	游戏数据/官方SC2原始文本镜像/campaigns/swarm.sc2campaign/base.sc2data/gamedata/requirementdata.xml	C:\Users\22448\Downloads\重生虫心0.71汉化版（新）\reborn_workrepo\合作指挥官版起义狂潮\Mods\XM\XMFinal.SC2Mod\Base.SC2Data\GameData\RequirementData.xml	skipped_existing
HaveHotSMetabolicBoost	CRequirement	游戏数据/官方SC2原始文本镜像/campaigns/swarm.sc2campaign/base.sc2data/gamedata/requirementdata.xml	C:\Users\22448\Downloads\重生虫心0.71汉化版（新）\reborn_workrepo\合作指挥官版起义狂潮\Mods\XM\XMFinal.SC2Mod\Base.SC2Data\GameData\RequirementData.xml	skipped_existing
HaveHotSMonarchBlades	CRequirement	游戏数据/官方SC2原始文本镜像/mods/starcoop/starcoop.sc2mod/base.sc2data/gamedata/requirementdata.xml	C:\Users\22448\Downloads\重生虫心0.71汉化版（新）\reborn_workrepo\合作指挥官版起义狂潮\Mods\XM\XMFinal.SC2Mod\Base.SC2Data\GameData\RequirementData.xml	skipped_existing
HaveHotSMonarchBlades	CRequirement	游戏数据/官方SC2原始文本镜像/campaigns/swarm.sc2campaign/base.sc2data/gamedata/requirementdata.xml	C:\Users\22448\Downloads\重生虫心0.71汉化版（新）\reborn_workrepo\合作指挥官版起义狂潮\Mods\XM\XMFinal.SC2Mod\Base.SC2Data\GameData\RequirementData.xml	skipped_existing
HaveHotSMutaliskBroodLord	CRequirement	游戏数据/官方SC2原始文本镜像/campaigns/swarm.sc2campaign/base.sc2data/gamedata/requirementdata.xml	C:\Users\22448\Downloads\重生虫心0.71汉化版（新）\reborn_workrepo\合作指挥官版起义狂潮\Mods\XM\XMFinal.SC2Mod\Base.SC2Data\GameData\RequirementData.xml	skipped_existing
HaveHotSMutaliskBroodLordAndHaveGreaterSpire	CRequirement	游戏数据/官方SC2原始文本镜像/mods/starcoop/starcoop.sc2mod/base.sc2data/gamedata/requirementdata.xml	C:\Users\22448\Downloads\重生虫心0.71汉化版（新）\reborn_workrepo\合作指挥官版起义狂潮\Mods\XM\XMFinal.SC2Mod\Base.SC2Data\GameData\RequirementData.xml	skipped_existing
HaveHotSMutaliskViper	CRequirement	游戏数据/官方SC2原始文本镜像/campaigns/swarm.sc2campaign/base.sc2data/gamedata/requirementdata.xml	C:\Users\22448\Downloads\重生虫心0.71汉化版（新）\reborn_workrepo\合作指挥官版起义狂潮\Mods\XM\XMFinal.SC2Mod\Base.SC2Data\GameData\RequirementData.xml	skipped_existing
HaveHotSNoxious	CRequirement	游戏数据/官方SC2原始文本镜像/campaigns/swarm.sc2campaign/base.sc2data/gamedata/requirementdata.xml	C:\Users\22448\Downloads\重生虫心0.71汉化版（新）\reborn_workrepo\合作指挥官版起义狂潮\Mods\XM\XMFinal.SC2Mod\Base.SC2Data\GameData\RequirementData.xml	skipped_existing
HaveHotSPressurizedGlands	CRequirement	游戏数据/官方SC2原始文本镜像/mods/starcoop/starcoop.sc2mod/base.sc2data/gamedata/requirementdata.xml	C:\Users\22448\Downloads\重生虫心0.71汉化版（新）\reborn_workrepo\合作指挥官版起义狂潮\Mods\XM\XMFinal.SC2Mod\Base.SC2Data\GameData\RequirementData.xml	skipped_existing
HaveHotSPressurizedGlands	CRequirement	游戏数据/官方SC2原始文本镜像/campaigns/swarm.sc2campaign/base.sc2data/gamedata/requirementdata.xml	C:\Users\22448\Downloads\重生虫心0.71汉化版（新）\reborn_workrepo\合作指挥官版起义狂潮\Mods\XM\XMFinal.SC2Mod\Base.SC2Data\GameData\RequirementData.xml	skipped_existing
HaveHotSRapidIncubation	CRequirement	游戏数据/官方SC2原始文本镜像/campaigns/swarm.sc2campaign/base.sc2data/gamedata/requirementdata.xml	C:\Users\22448\Downloads\重生虫心0.71汉化版（新）\reborn_workrepo\合作指挥官版起义狂潮\Mods\XM\XMFinal.SC2Mod\Base.SC2Data\GameData\RequirementData.xml	skipped_existing
HaveHotSRoachDamage	CRequirement	游戏数据/官方SC2原始文本镜像/mods/starcoop/starcoop.sc2mod/base.sc2data/gamedata/requirementdata.xml	C:\Users\22448\Downloads\重生虫心0.71汉化版（新）\reborn_workrepo\合作指挥官版起义狂潮\Mods\XM\XMFinal.SC2Mod\Base.SC2Data\GameData\RequirementData.xml	skipped_existing
HaveHotSRoachDamage	CRequirement	游戏数据/官方SC2原始文本镜像/campaigns/swarm.sc2campaign/base.sc2data/gamedata/requirementdata.xml	C:\Users\22448\Downloads\重生虫心0.71汉化版（新）\reborn_workrepo\合作指挥官版起义狂潮\Mods\XM\XMFinal.SC2Mod\Base.SC2Data\GameData\RequirementData.xml	skipped_existing
HaveHotSRoachShield	CRequirement	游戏数据/官方SC2原始文本镜像/mods/starcoop/starcoop.sc2mod/base.sc2data/gamedata/requirementdata.xml	C:\Users\22448\Downloads\重生虫心0.71汉化版（新）\reborn_workrepo\合作指挥官版起义狂潮\Mods\XM\XMFinal.SC2Mod\Base.SC2Data\GameData\RequirementData.xml	skipped_existing
HaveHotSRoachShield	CRequirement	游戏数据/官方SC2原始文本镜像/campaigns/swarm.sc2campaign/base.sc2data/gamedata/requirementdata.xml	C:\Users\22448\Downloads\重生虫心0.71汉化版（新）\reborn_workrepo\合作指挥官版起义狂潮\Mods\XM\XMFinal.SC2Mod\Base.SC2Data\GameData\RequirementData.xml	skipped_existing
HaveHotSRupture	CRequirement	游戏数据/官方SC2原始文本镜像/mods/starcoop/starcoop.sc2mod/base.sc2data/gamedata/requirementdata.xml	C:\Users\22448\Downloads\重生虫心0.71汉化版（新）\reborn_workrepo\合作指挥官版起义狂潮\Mods\XM\XMFinal.SC2Mod\Base.SC2Data\GameData\RequirementData.xml	skipped_existing
HaveHotSRupture	CRequirement	游戏数据/官方SC2原始文本镜像/campaigns/swarm.sc2campaign/base.sc2data/gamedata/requirementdata.xml	C:\Users\22448\Downloads\重生虫心0.71汉化版（新）\reborn_workrepo\合作指挥官版起义狂潮\Mods\XM\XMFinal.SC2Mod\Base.SC2Data\GameData\RequirementData.xml	skipped_existing
HaveHotSTissueAssimilation	CRequirement	游戏数据/官方SC2原始文本镜像/mods/starcoop/starcoop.sc2mod/base.sc2data/gamedata/requirementdata.xml	C:\Users\22448\Downloads\重生虫心0.71汉化版（新）\reborn_workrepo\合作指挥官版起义狂潮\Mods\XM\XMFinal.SC2Mod\Base.SC2Data\GameData\RequirementData.xml	skipped_existing
HaveHotSTissueAssimilation	CRequirement	游戏数据/官方SC2原始文本镜像/campaigns/swarm.sc2campaign/base.sc2data/gamedata/requirementdata.xml	C:\Users\22448\Downloads\重生虫心0.71汉化版（新）\reborn_workrepo\合作指挥官版起义狂潮\Mods\XM\XMFinal.SC2Mod\Base.SC2Data\GameData\RequirementData.xml	skipped_existing
HaveHotSTorrasque	CRequirement	游戏数据/官方SC2原始文本镜像/campaigns/swarm.sc2campaign/base.sc2data/gamedata/requirementdata.xml	C:\Users\22448\Downloads\重生虫心0.71汉化版（新）\reborn_workrepo\合作指挥官版起义狂潮\Mods\XM\XMFinal.SC2Mod\Base.SC2Data\GameData\RequirementData.xml	skipped_existing
HaveHotSTunnelingClaws	CRequirement	游戏数据/官方SC2原始文本镜像/campaigns/swarm.sc2campaign/base.sc2data/gamedata/requirementdata.xml	C:\Users\22448\Downloads\重生虫心0.71汉化版（新）\reborn_workrepo\合作指挥官版起义狂潮\Mods\XM\XMFinal.SC2Mod\Base.SC2Data\GameData\RequirementData.xml	skipped_existing
HaveHotSZerglingFrenzy	CRequirement	游戏数据/官方SC2原始文本镜像/campaigns/swarm.sc2campaign/base.sc2data/gamedata/requirementdata.xml	C:\Users\22448\Downloads\重生虫心0.71汉化版（新）\reborn_workrepo\合作指挥官版起义狂潮\Mods\XM\XMFinal.SC2Mod\Base.SC2Data\GameData\RequirementData.xml	skipped_existing
HaveHotSZerglingHealth	CRequirement	游戏数据/官方SC2原始文本镜像/mods/starcoop/starcoop.sc2mod/base.sc2data/gamedata/requirementdata.xml	C:\Users\22448\Downloads\重生虫心0.71汉化版（新）\reborn_workrepo\合作指挥官版起义狂潮\Mods\XM\XMFinal.SC2Mod\Base.SC2Data\GameData\RequirementData.xml	skipped_existing
HaveHotSZerglingHealth	CRequirement	游戏数据/官方SC2原始文本镜像/campaigns/swarm.sc2campaign/base.sc2data/gamedata/requirementdata.xml	C:\Users\22448\Downloads\重生虫心0.71汉化版（新）\reborn_workrepo\合作指挥官版起义狂潮\Mods\XM\XMFinal.SC2Mod\Base.SC2Data\GameData\RequirementData.xml	skipped_existing
HaveK5Apocalypse	CRequirement	游戏数据/官方SC2原始文本镜像/campaigns/swarm.sc2campaign/base.sc2data/gamedata/requirementdata.xml	C:\Users\22448\Downloads\重生虫心0.71汉化版（新）\reborn_workrepo\合作指挥官版起义狂潮\Mods\XM\XMFinal.SC2Mod\Base.SC2Data\GameData\RequirementData.xml	skipped_existing
HaveK5AutoExtractor	CRequirement	游戏数据/官方SC2原始文本镜像/campaigns/swarm.sc2campaign/base.sc2data/gamedata/requirementdata.xml	C:\Users\22448\Downloads\重生虫心0.71汉化版（新）\reborn_workrepo\合作指挥官版起义狂潮\Mods\XM\XMFinal.SC2Mod\Base.SC2Data\GameData\RequirementData.xml	skipped_existing
HaveK5ChainLightning	CRequirement	游戏数据/官方SC2原始文本镜像/mods/starcoop/starcoop.sc2mod/base.sc2data/gamedata/requirementdata.xml	C:\Users\22448\Downloads\重生虫心0.71汉化版（新）\reborn_workrepo\合作指挥官版起义狂潮\Mods\XM\XMFinal.SC2Mod\Base.SC2Data\GameData\RequirementData.xml	skipped_existing
HaveK5ChainLightning	CRequirement	游戏数据/官方SC2原始文本镜像/campaigns/swarm.sc2campaign/base.sc2data/gamedata/requirementdata.xml	C:\Users\22448\Downloads\重生虫心0.71汉化版（新）\reborn_workrepo\合作指挥官版起义狂潮\Mods\XM\XMFinal.SC2Mod\Base.SC2Data\GameData\RequirementData.xml	skipped_existing
HaveK5Cooldowns	CRequirement	游戏数据/官方SC2原始文本镜像/mods/starcoop/starcoop.sc2mod/base.sc2data/gamedata/requirementdata.xml	C:\Users\22448\Downloads\重生虫心0.71汉化版（新）\reborn_workrepo\合作指挥官版起义狂潮\Mods\XM\XMFinal.SC2Mod\Base.SC2Data\GameData\RequirementData.xml	skipped_existing
HaveK5Cooldowns	CRequirement	游戏数据/官方SC2原始文本镜像/campaigns/swarm.sc2campaign/base.sc2data/gamedata/requirementdata.xml	C:\Users\22448\Downloads\重生虫心0.71汉化版（新）\reborn_workrepo\合作指挥官版起义狂潮\Mods\XM\XMFinal.SC2Mod\Base.SC2Data\GameData\RequirementData.xml	skipped_existing
HaveK5CreepBonuses	CRequirement	游戏数据/官方SC2原始文本镜像/campaigns/swarm.sc2campaign/base.sc2data/gamedata/requirementdata.xml	C:\Users\22448\Downloads\重生虫心0.71汉化版（新）\reborn_workrepo\合作指挥官版起义狂潮\Mods\XM\XMFinal.SC2Mod\Base.SC2Data\GameData\RequirementData.xml	skipped_existing
HaveK5CrushingGrip	CRequirement	游戏数据/官方SC2原始文本镜像/campaigns/swarm.sc2campaign/base.sc2data/gamedata/requirementdata.xml	C:\Users\22448\Downloads\重生虫心0.71汉化版（新）\reborn_workrepo\合作指挥官版起义狂潮\Mods\XM\XMFinal.SC2Mod\Base.SC2Data\GameData\RequirementData.xml	skipped_existing
HaveK5DropPods	CRequirement	游戏数据/官方SC2原始文本镜像/campaigns/swarm.sc2campaign/base.sc2data/gamedata/requirementdata.xml	C:\Users\22448\Downloads\重生虫心0.71汉化版（新）\reborn_workrepo\合作指挥官版起义狂潮\Mods\XM\XMFinal.SC2Mod\Base.SC2Data\GameData\RequirementData.xml	skipped_existing
HaveK5Fury	CRequirement	游戏数据/官方SC2原始文本镜像/campaigns/swarm.sc2campaign/base.sc2data/gamedata/requirementdata.xml	C:\Users\22448\Downloads\重生虫心0.71汉化版（新）\reborn_workrepo\合作指挥官版起义狂潮\Mods\XM\XMFinal.SC2Mod\Base.SC2Data\GameData\RequirementData.xml	skipped_existing
HaveK5GasBonuses	CRequirement	游戏数据/官方SC2原始文本镜像/campaigns/swarm.sc2campaign/base.sc2data/gamedata/requirementdata.xml	C:\Users\22448\Downloads\重生虫心0.71汉化版（新）\reborn_workrepo\合作指挥官版起义狂潮\Mods\XM\XMFinal.SC2Mod\Base.SC2Data\GameData\RequirementData.xml	skipped_existing
HaveK5HeroicFortitude	CRequirement	游戏数据/官方SC2原始文本镜像/campaigns/swarm.sc2campaign/base.sc2data/gamedata/requirementdata.xml	C:\Users\22448\Downloads\重生虫心0.71汉化版（新）\reborn_workrepo\合作指挥官版起义狂潮\Mods\XM\XMFinal.SC2Mod\Base.SC2Data\GameData\RequirementData.xml	skipped_existing
HaveK5ImprovedOverlords	CRequirement	游戏数据/官方SC2原始文本镜像/campaigns/swarm.sc2campaign/base.sc2data/gamedata/requirementdata.xml	C:\Users\22448\Downloads\重生虫心0.71汉化版（新）\reborn_workrepo\合作指挥官版起义狂潮\Mods\XM\XMFinal.SC2Mod\Base.SC2Data\GameData\RequirementData.xml	skipped_existing
HaveK5InfestBroodlings	CRequirement	游戏数据/官方SC2原始文本镜像/campaigns/swarm.sc2campaign/base.sc2data/gamedata/requirementdata.xml	C:\Users\22448\Downloads\重生虫心0.71汉化版（新）\reborn_workrepo\合作指挥官版起义狂潮\Mods\XM\XMFinal.SC2Mod\Base.SC2Data\GameData\RequirementData.xml	skipped_existing
HaveK5Leviathan	CRequirement	游戏数据/官方SC2原始文本镜像/campaigns/swarm.sc2campaign/base.sc2data/gamedata/requirementdata.xml	C:\Users\22448\Downloads\重生虫心0.71汉化版（新）\reborn_workrepo\合作指挥官版起义狂潮\Mods\XM\XMFinal.SC2Mod\Base.SC2Data\GameData\RequirementData.xml	skipped_existing
HaveK5Mend	CRequirement	游戏数据/官方SC2原始文本镜像/campaigns/swarm.sc2campaign/base.sc2data/gamedata/requirementdata.xml	C:\Users\22448\Downloads\重生虫心0.71汉化版（新）\reborn_workrepo\合作指挥官版起义狂潮\Mods\XM\XMFinal.SC2Mod\Base.SC2Data\GameData\RequirementData.xml	skipped_existing
HaveK5MindBolt	CRequirement	游戏数据/官方SC2原始文本镜像/campaigns/swarm.sc2campaign/base.sc2data/gamedata/requirementdata.xml	C:\Users\22448\Downloads\重生虫心0.71汉化版（新）\reborn_workrepo\合作指挥官版起义狂潮\Mods\XM\XMFinal.SC2Mod\Base.SC2Data\GameData\RequirementData.xml	skipped_existing
HaveK5PrimalSlash	CRequirement	游戏数据/官方SC2原始文本镜像/campaigns/swarm.sc2campaign/base.sc2data/gamedata/requirementdata.xml	C:\Users\22448\Downloads\重生虫心0.71汉化版（新）\reborn_workrepo\合作指挥官版起义狂潮\Mods\XM\XMFinal.SC2Mod\Base.SC2Data\GameData\RequirementData.xml	skipped_existing
HaveK5PsiStrike	CRequirement	游戏数据/官方SC2原始文本镜像/campaigns/swarm.sc2campaign/base.sc2data/gamedata/requirementdata.xml	C:\Users\22448\Downloads\重生虫心0.71汉化版（新）\reborn_workrepo\合作指挥官版起义狂潮\Mods\XM\XMFinal.SC2Mod\Base.SC2Data\GameData\RequirementData.xml	skipped_existing
HaveK5SpawnBanelings	CRequirement	游戏数据/官方SC2原始文本镜像/campaigns/swarm.sc2campaign/base.sc2data/gamedata/requirementdata.xml	C:\Users\22448\Downloads\重生虫心0.71汉化版（新）\reborn_workrepo\合作指挥官版起义狂潮\Mods\XM\XMFinal.SC2Mod\Base.SC2Data\GameData\RequirementData.xml	skipped_existing
HaveK5TwoDrones	CRequirement	游戏数据/官方SC2原始文本镜像/campaigns/swarm.sc2campaign/base.sc2data/gamedata/requirementdata.xml	C:\Users\22448\Downloads\重生虫心0.71汉化版（新）\reborn_workrepo\合作指挥官版起义狂潮\Mods\XM\XMFinal.SC2Mod\Base.SC2Data\GameData\RequirementData.xml	skipped_existing
HaveK5WildMutation	CRequirement	游戏数据/官方SC2原始文本镜像/mods/starcoop/starcoop.sc2mod/base.sc2data/gamedata/requirementdata.xml	C:\Users\22448\Downloads\重生虫心0.71汉化版（新）\reborn_workrepo\合作指挥官版起义狂潮\Mods\XM\XMFinal.SC2Mod\Base.SC2Data\GameData\RequirementData.xml	skipped_existing
HaveK5WildMutation	CRequirement	游戏数据/官方SC2原始文本镜像/campaigns/swarm.sc2campaign/base.sc2data/gamedata/requirementdata.xml	C:\Users\22448\Downloads\重生虫心0.71汉化版（新）\reborn_workrepo\合作指挥官版起义狂潮\Mods\XM\XMFinal.SC2Mod\Base.SC2Data\GameData\RequirementData.xml	skipped_existing
HaveK5ZerglingRespawn	CRequirement	游戏数据/官方SC2原始文本镜像/campaigns/swarm.sc2campaign/base.sc2data/gamedata/requirementdata.xml	C:\Users\22448\Downloads\重生虫心0.71汉化版（新）\reborn_workrepo\合作指挥官版起义狂潮\Mods\XM\XMFinal.SC2Mod\Base.SC2Data\GameData\RequirementData.xml	skipped_existing
HaveKaraxExtendedThermalLance	CRequirement	游戏数据/官方SC2原始文本镜像/mods/starcoop/starcoop.sc2mod/base.sc2data/gamedata/requirementdata.xml	C:\Users\22448\Downloads\重生虫心0.71汉化版（新）\reborn_workrepo\合作指挥官版起义狂潮\Mods\XM\XMFinal.SC2Mod\Base.SC2Data\GameData\RequirementData.xml	skipped_existing
HaveKerriganPostLabSounds	CRequirement	游戏数据/官方SC2原始文本镜像/campaigns/swarm.sc2campaign/base.sc2data/gamedata/requirementdata.xml	C:\Users\22448\Downloads\重生虫心0.71汉化版（新）\reborn_workrepo\合作指挥官版起义狂潮\Mods\XM\XMFinal.SC2Mod\Base.SC2Data\GameData\RequirementData.xml	skipped_existing
HaveKerriganPostZerusSounds	CRequirement	游戏数据/官方SC2原始文本镜像/campaigns/swarm.sc2campaign/base.sc2data/gamedata/requirementdata.xml	C:\Users\22448\Downloads\重生虫心0.71汉化版（新）\reborn_workrepo\合作指挥官版起义狂潮\Mods\XM\XMFinal.SC2Mod\Base.SC2Data\GameData\RequirementData.xml	skipped_existing
HaveKerriganPrimalSlashUpgraded	CRequirement	游戏数据/官方SC2原始文本镜像/campaigns/swarm.sc2campaign/base.sc2data/gamedata/requirementdata.xml	C:\Users\22448\Downloads\重生虫心0.71汉化版（新）\reborn_workrepo\合作指挥官版起义狂潮\Mods\XM\XMFinal.SC2Mod\Base.SC2Data\GameData\RequirementData.xml	skipped_existing
HaveKerriganPsiStrike	CRequirement	游戏数据/官方SC2原始文本镜像/campaigns/swarm.sc2campaign/base.sc2data/gamedata/requirementdata.xml	C:\Users\22448\Downloads\重生虫心0.71汉化版（新）\reborn_workrepo\合作指挥官版起义狂潮\Mods\XM\XMFinal.SC2Mod\Base.SC2Data\GameData\RequirementData.xml	skipped_existing
HaveKerriganVoidCoopEnergyRegen	CRequirement	游戏数据/官方SC2原始文本镜像/mods/starcoop/starcoop.sc2mod/base.sc2data/gamedata/requirementdata.xml	C:\Users\22448\Downloads\重生虫心0.71汉化版（新）\reborn_workrepo\合作指挥官版起义狂潮\Mods\XM\XMFinal.SC2Mod\Base.SC2Data\GameData\RequirementData.xml	skipped_existing
HaveMasteryAbathurSymbioteCarapace	CRequirement	游戏数据/官方SC2原始文本镜像/mods/starcoop/starcoop.sc2mod/base.sc2data/gamedata/requirementdata.xml	C:\Users\22448\Downloads\重生虫心0.71汉化版（新）\reborn_workrepo\合作指挥官版起义狂潮\Mods\XM\XMFinal.SC2Mod\Base.SC2Data\GameData\RequirementData.xml	skipped_existing
HaveMasteryAbathurSymbioteCDR	CRequirement	游戏数据/官方SC2原始文本镜像/mods/starcoop/starcoop.sc2mod/base.sc2data/gamedata/requirementdata.xml	C:\Users\22448\Downloads\重生虫心0.71汉化版（新）\reborn_workrepo\合作指挥官版起义狂潮\Mods\XM\XMFinal.SC2Mod\Base.SC2Data\GameData\RequirementData.xml	skipped_existing
HaveMasteryKerriganAssimilatrionAuraDuration	CRequirement	游戏数据/官方SC2原始文本镜像/mods/starcoop/starcoop.sc2mod/base.sc2data/gamedata/requirementdata.xml	C:\Users\22448\Downloads\重生虫心0.71汉化版（新）\reborn_workrepo\合作指挥官版起义狂潮\Mods\XM\XMFinal.SC2Mod\Base.SC2Data\GameData\RequirementData.xml	skipped_existing
HaveMasteryKerriganAutoAttackDamage	CRequirement	游戏数据/官方SC2原始文本镜像/mods/starcoop/starcoop.sc2mod/base.sc2data/gamedata/requirementdata.xml	C:\Users\22448\Downloads\重生虫心0.71汉化版（新）\reborn_workrepo\合作指挥官版起义狂潮\Mods\XM\XMFinal.SC2Mod\Base.SC2Data\GameData\RequirementData.xml	skipped_existing
HaveMasteryKerriganCocoonTimer	CRequirement	游戏数据/官方SC2原始文本镜像/mods/starcoop/starcoop.sc2mod/base.sc2data/gamedata/requirementdata.xml	C:\Users\22448\Downloads\重生虫心0.71汉化版（新）\reborn_workrepo\合作指挥官版起义狂潮\Mods\XM\XMFinal.SC2Mod\Base.SC2Data\GameData\RequirementData.xml	skipped_existing
HaveMasteryKerriganEnergyRegen	CRequirement	游戏数据/官方SC2原始文本镜像/mods/starcoop/starcoop.sc2mod/base.sc2data/gamedata/requirementdata.xml	C:\Users\22448\Downloads\重生虫心0.71汉化版（新）\reborn_workrepo\合作指挥官版起义狂潮\Mods\XM\XMFinal.SC2Mod\Base.SC2Data\GameData\RequirementData.xml	skipped_existing
HaveMasteryKerriganImmobilizationWaveDamage	CRequirement	游戏数据/官方SC2原始文本镜像/mods/starcoop/starcoop.sc2mod/base.sc2data/gamedata/requirementdata.xml	C:\Users\22448\Downloads\重生虫心0.71汉化版（新）\reborn_workrepo\合作指挥官版起义狂潮\Mods\XM\XMFinal.SC2Mod\Base.SC2Data\GameData\RequirementData.xml	skipped_existing
HaveMasteryKerriganMutatingCarapaceLifeDegradation	CRequirement	游戏数据/官方SC2原始文本镜像/mods/starcoop/starcoop.sc2mod/base.sc2data/gamedata/requirementdata.xml	C:\Users\22448\Downloads\重生虫心0.71汉化版（新）\reborn_workrepo\合作指挥官版起义狂潮\Mods\XM\XMFinal.SC2Mod\Base.SC2Data\GameData\RequirementData.xml	skipped_existing
HaveMasteryKerriganPrimarySpeedDamage	CRequirement	游戏数据/官方SC2原始文本镜像/mods/starcoop/starcoop.sc2mod/base.sc2data/gamedata/requirementdata.xml	C:\Users\22448\Downloads\重生虫心0.71汉化版（新）\reborn_workrepo\合作指挥官版起义狂潮\Mods\XM\XMFinal.SC2Mod\Base.SC2Data\GameData\RequirementData.xml	skipped_existing
HaveMasteryKerriganResearchReductionCost	CRequirement	游戏数据/官方SC2原始文本镜像/mods/starcoop/starcoop.sc2mod/base.sc2data/gamedata/requirementdata.xml	C:\Users\22448\Downloads\重生虫心0.71汉化版（新）\reborn_workrepo\合作指挥官版起义狂潮\Mods\XM\XMFinal.SC2Mod\Base.SC2Data\GameData\RequirementData.xml	skipped_existing
HaveMasteryStetmannStructureMorphRate	CRequirement	游戏数据/官方SC2原始文本镜像/mods/starcoop/commanders/egonstetmann.sc2mod/base.sc2data/gamedata/requirementdata.xml	C:\Users\22448\Downloads\重生虫心0.71汉化版（新）\reborn_workrepo\合作指挥官版起义狂潮\Mods\XM\XMFinal.SC2Mod\Base.SC2Data\GameData\RequirementData.xml	skipped_existing
HaveMasteryZagaraZerglingDodgeChance	CRequirement	游戏数据/官方SC2原始文本镜像/mods/starcoop/starcoop.sc2mod/base.sc2data/gamedata/requirementdata.xml	C:\Users\22448\Downloads\重生虫心0.71汉化版（新）\reborn_workrepo\合作指挥官版起义狂潮\Mods\XM\XMFinal.SC2Mod\Base.SC2Data\GameData\RequirementData.xml	skipped_existing
HaveMPAdrenalGlands	CRequirement	游戏数据/官方SC2原始文本镜像/mods/starcoop/starcoop.sc2mod/base.sc2data/gamedata/requirementdata.xml	C:\Users\22448\Downloads\重生虫心0.71汉化版（新）\reborn_workrepo\合作指挥官版起义狂潮\Mods\XM\XMFinal.SC2Mod\Base.SC2Data\GameData\RequirementData.xml	skipped_existing
HaveMPMetabolicBoost	CRequirement	游戏数据/官方SC2原始文本镜像/mods/starcoop/starcoop.sc2mod/base.sc2data/gamedata/requirementdata.xml	C:\Users\22448\Downloads\重生虫心0.71汉化版（新）\reborn_workrepo\合作指挥官版起义狂潮\Mods\XM\XMFinal.SC2Mod\Base.SC2Data\GameData\RequirementData.xml	skipped_existing
HaveOrganicCarapace	CRequirement	游戏数据/官方SC2原始文本镜像/mods/starcoop/starcoop.sc2mod/base.sc2data/gamedata/requirementdata.xml	C:\Users\22448\Downloads\重生虫心0.71汉化版（新）\reborn_workrepo\合作指挥官版起义狂潮\Mods\XM\XMFinal.SC2Mod\Base.SC2Data\GameData\RequirementData.xml	skipped_existing
HavePneumatizedCarapace	CRequirement	游戏数据/官方SC2原始文本镜像/mods/starcoop/starcoop.sc2mod/base.sc2data/gamedata/requirementdata.xml	C:\Users\22448\Downloads\重生虫心0.71汉化版（新）\reborn_workrepo\合作指挥官版起义狂潮\Mods\XM\XMFinal.SC2Mod\Base.SC2Data\GameData\RequirementData.xml	skipped_existing
HavePneumatizedCarapaceStukov	CRequirement	游戏数据/官方SC2原始文本镜像/mods/starcoop/starcoop.sc2mod/base.sc2data/gamedata/requirementdata.xml	C:\Users\22448\Downloads\重生虫心0.71汉化版（新）\reborn_workrepo\合作指挥官版起义狂潮\Mods\XM\XMFinal.SC2Mod\Base.SC2Data\GameData\RequirementData.xml	skipped_existing
HaveRoachCorpser	CRequirement	游戏数据/官方SC2原始文本镜像/campaigns/swarm.sc2campaign/base.sc2data/gamedata/requirementdata.xml	C:\Users\22448\Downloads\重生虫心0.71汉化版（新）\reborn_workrepo\合作指挥官版起义狂潮\Mods\XM\XMFinal.SC2Mod\Base.SC2Data\GameData\RequirementData.xml	skipped_existing
HaveRoachVile	CRequirement	游戏数据/官方SC2原始文本镜像/campaigns/swarm.sc2campaign/base.sc2data/gamedata/requirementdata.xml	C:\Users\22448\Downloads\重生虫心0.71汉化版（新）\reborn_workrepo\合作指挥官版起义狂潮\Mods\XM\XMFinal.SC2Mod\Base.SC2Data\GameData\RequirementData.xml	skipped_existing
HaveScourgeNest	CRequirement	游戏数据/官方SC2原始文本镜像/mods/starcoop/starcoop.sc2mod/base.sc2data/gamedata/requirementdata.xml	C:\Users\22448\Downloads\重生虫心0.71汉化版（新）\reborn_workrepo\合作指挥官版起义狂潮\Mods\XM\XMFinal.SC2Mod\Base.SC2Data\GameData\RequirementData.xml	skipped_existing
HaveStukovInfestedCivilianSpawnBroodlingOnDeath	CRequirement	游戏数据/官方SC2原始文本镜像/mods/starcoop/starcoop.sc2mod/base.sc2data/gamedata/requirementdata.xml	C:\Users\22448\Downloads\重生虫心0.71汉化版（新）\reborn_workrepo\合作指挥官版起义狂潮\Mods\XM\XMFinal.SC2Mod\Base.SC2Data\GameData\RequirementData.xml	skipped_existing
HaveStukovInfestedInfestedCivilianLeapAttack	CRequirement	游戏数据/官方SC2原始文本镜像/mods/starcoop/starcoop.sc2mod/base.sc2data/gamedata/requirementdata.xml	C:\Users\22448\Downloads\重生虫心0.71汉化版（新）\reborn_workrepo\合作指挥官版起义狂潮\Mods\XM\XMFinal.SC2Mod\Base.SC2Data\GameData\RequirementData.xml	skipped_existing
HaveTorrasqueTimerBehavior	CRequirement	游戏数据/官方SC2原始文本镜像/campaigns/swarm.sc2campaign/base.sc2data/gamedata/requirementdata.xml	C:\Users\22448\Downloads\重生虫心0.71汉化版（新）\reborn_workrepo\合作指挥官版起义狂潮\Mods\XM\XMFinal.SC2Mod\Base.SC2Data\GameData\RequirementData.xml	skipped_existing
HaveZagaraHeroicFortitude	CRequirement	游戏数据/官方SC2原始文本镜像/mods/starcoop/starcoop.sc2mod/base.sc2data/gamedata/requirementdata.xml	C:\Users\22448\Downloads\重生虫心0.71汉化版（新）\reborn_workrepo\合作指挥官版起义狂潮\Mods\XM\XMFinal.SC2Mod\Base.SC2Data\GameData\RequirementData.xml	skipped_existing
HaveZagaraVoidCoopAberrationBanelingIncubation	CRequirement	游戏数据/官方SC2原始文本镜像/mods/starcoop/starcoop.sc2mod/base.sc2data/gamedata/requirementdata.xml	C:\Users\22448\Downloads\重生虫心0.71汉化版（新）\reborn_workrepo\合作指挥官版起义狂潮\Mods\XM\XMFinal.SC2Mod\Base.SC2Data\GameData\RequirementData.xml	skipped_existing
HaveZerglingArmorShred	CRequirement	游戏数据/官方SC2原始文本镜像/mods/starcoop/starcoop.sc2mod/base.sc2data/gamedata/requirementdata.xml	C:\Users\22448\Downloads\重生虫心0.71汉化版（新）\reborn_workrepo\合作指挥官版起义狂潮\Mods\XM\XMFinal.SC2Mod\Base.SC2Data\GameData\RequirementData.xml	skipped_existing
HideExtractor	CRequirement	游戏数据/官方SC2原始文本镜像/campaigns/swarm.sc2campaign/base.sc2data/gamedata/requirementdata.xml	C:\Users\22448\Downloads\重生虫心0.71汉化版（新）\reborn_workrepo\合作指挥官版起义狂潮\Mods\XM\XMFinal.SC2Mod\Base.SC2Data\GameData\RequirementData.xml	skipped_existing
HotSHaveAberration	CRequirement	游戏数据/官方SC2原始文本镜像/campaigns/swarm.sc2campaign/base.sc2data/gamedata/requirementdata.xml	C:\Users\22448\Downloads\重生虫心0.71汉化版（新）\reborn_workrepo\合作指挥官版起义狂潮\Mods\XM\XMFinal.SC2Mod\Base.SC2Data\GameData\RequirementData.xml	skipped_existing
HotSHaveDefiler	CRequirement	游戏数据/官方SC2原始文本镜像/campaigns/swarm.sc2campaign/base.sc2data/gamedata/requirementdata.xml	C:\Users\22448\Downloads\重生虫心0.71汉化版（新）\reborn_workrepo\合作指挥官版起义狂潮\Mods\XM\XMFinal.SC2Mod\Base.SC2Data\GameData\RequirementData.xml	skipped_existing
HotSHaveDevourer	CRequirement	游戏数据/官方SC2原始文本镜像/mods/starcoop/starcoop.sc2mod/base.sc2data/gamedata/requirementdata.xml	C:\Users\22448\Downloads\重生虫心0.71汉化版（新）\reborn_workrepo\合作指挥官版起义狂潮\Mods\XM\XMFinal.SC2Mod\Base.SC2Data\GameData\RequirementData.xml	skipped_existing
HotSHaveDevourer	CRequirement	游戏数据/官方SC2原始文本镜像/campaigns/swarm.sc2campaign/base.sc2data/gamedata/requirementdata.xml	C:\Users\22448\Downloads\重生虫心0.71汉化版（新）\reborn_workrepo\合作指挥官版起义狂潮\Mods\XM\XMFinal.SC2Mod\Base.SC2Data\GameData\RequirementData.xml	skipped_existing
HotSHaveInfestor	CRequirement	游戏数据/官方SC2原始文本镜像/campaigns/swarm.sc2campaign/base.sc2data/gamedata/requirementdata.xml	C:\Users\22448\Downloads\重生虫心0.71汉化版（新）\reborn_workrepo\合作指挥官版起义狂潮\Mods\XM\XMFinal.SC2Mod\Base.SC2Data\GameData\RequirementData.xml	skipped_existing
HotSHaveInfestorSpawningPool	CRequirement	游戏数据/官方SC2原始文本镜像/campaigns/swarm.sc2campaign/base.sc2data/gamedata/requirementdata.xml	C:\Users\22448\Downloads\重生虫心0.71汉化版（新）\reborn_workrepo\合作指挥官版起义狂潮\Mods\XM\XMFinal.SC2Mod\Base.SC2Data\GameData\RequirementData.xml	skipped_existing
HotSHaveQueen	CRequirement	游戏数据/官方SC2原始文本镜像/campaigns/swarm.sc2campaign/base.sc2data/gamedata/requirementdata.xml	C:\Users\22448\Downloads\重生虫心0.71汉化版（新）\reborn_workrepo\合作指挥官版起义狂潮\Mods\XM\XMFinal.SC2Mod\Base.SC2Data\GameData\RequirementData.xml	skipped_existing
HotSHaveRaptorSpawningPool	CRequirement	游戏数据/官方SC2原始文本镜像/campaigns/swarm.sc2campaign/base.sc2data/gamedata/requirementdata.xml	C:\Users\22448\Downloads\重生虫心0.71汉化版（新）\reborn_workrepo\合作指挥官版起义狂潮\Mods\XM\XMFinal.SC2Mod\Base.SC2Data\GameData\RequirementData.xml	skipped_existing
HotSHaveSpineCrawler	CRequirement	游戏数据/官方SC2原始文本镜像/campaigns/swarm.sc2campaign/base.sc2data/gamedata/requirementdata.xml	C:\Users\22448\Downloads\重生虫心0.71汉化版（新）\reborn_workrepo\合作指挥官版起义狂潮\Mods\XM\XMFinal.SC2Mod\Base.SC2Data\GameData\RequirementData.xml	skipped_existing
HotSHaveSpineCrawlerSpawningPool	CRequirement	游戏数据/官方SC2原始文本镜像/campaigns/swarm.sc2campaign/base.sc2data/gamedata/requirementdata.xml	C:\Users\22448\Downloads\重生虫心0.71汉化版（新）\reborn_workrepo\合作指挥官版起义狂潮\Mods\XM\XMFinal.SC2Mod\Base.SC2Data\GameData\RequirementData.xml	skipped_existing
HotSHaveSplitterling	CRequirement	游戏数据/官方SC2原始文本镜像/campaigns/swarm.sc2campaign/base.sc2data/gamedata/requirementdata.xml	C:\Users\22448\Downloads\重生虫心0.71汉化版（新）\reborn_workrepo\合作指挥官版起义狂潮\Mods\XM\XMFinal.SC2Mod\Base.SC2Data\GameData\RequirementData.xml	skipped_existing
HotSHaveSporeCrawler	CRequirement	游戏数据/官方SC2原始文本镜像/mods/starcoop/starcoop.sc2mod/base.sc2data/gamedata/requirementdata.xml	C:\Users\22448\Downloads\重生虫心0.71汉化版（新）\reborn_workrepo\合作指挥官版起义狂潮\Mods\XM\XMFinal.SC2Mod\Base.SC2Data\GameData\RequirementData.xml	skipped_existing
HotSHaveSporeCrawler	CRequirement	游戏数据/官方SC2原始文本镜像/campaigns/swarm.sc2campaign/base.sc2data/gamedata/requirementdata.xml	C:\Users\22448\Downloads\重生虫心0.71汉化版（新）\reborn_workrepo\合作指挥官版起义狂潮\Mods\XM\XMFinal.SC2Mod\Base.SC2Data\GameData\RequirementData.xml	skipped_existing
HotSHaveSwarmHost	CRequirement	游戏数据/官方SC2原始文本镜像/campaigns/swarm.sc2campaign/base.sc2data/gamedata/requirementdata.xml	C:\Users\22448\Downloads\重生虫心0.71汉化版（新）\reborn_workrepo\合作指挥官版起义狂潮\Mods\XM\XMFinal.SC2Mod\Base.SC2Data\GameData\RequirementData.xml	skipped_existing
HotSHaveSwarmHostSplitA	CRequirement	游戏数据/官方SC2原始文本镜像/mods/starcoop/starcoop.sc2mod/base.sc2data/gamedata/requirementdata.xml	C:\Users\22448\Downloads\重生虫心0.71汉化版（新）\reborn_workrepo\合作指挥官版起义狂潮\Mods\XM\XMFinal.SC2Mod\Base.SC2Data\GameData\RequirementData.xml	skipped_existing
HotSHaveSwarmHostSplitA	CRequirement	游戏数据/官方SC2原始文本镜像/campaigns/swarm.sc2campaign/base.sc2data/gamedata/requirementdata.xml	C:\Users\22448\Downloads\重生虫心0.71汉化版（新）\reborn_workrepo\合作指挥官版起义狂潮\Mods\XM\XMFinal.SC2Mod\Base.SC2Data\GameData\RequirementData.xml	skipped_existing
HotSHaveSwarmHostSplitB	CRequirement	游戏数据/官方SC2原始文本镜像/mods/starcoop/starcoop.sc2mod/base.sc2data/gamedata/requirementdata.xml	C:\Users\22448\Downloads\重生虫心0.71汉化版（新）\reborn_workrepo\合作指挥官版起义狂潮\Mods\XM\XMFinal.SC2Mod\Base.SC2Data\GameData\RequirementData.xml	skipped_existing
HotSHaveSwarmHostSplitB	CRequirement	游戏数据/官方SC2原始文本镜像/campaigns/swarm.sc2campaign/base.sc2data/gamedata/requirementdata.xml	C:\Users\22448\Downloads\重生虫心0.71汉化版（新）\reborn_workrepo\合作指挥官版起义狂潮\Mods\XM\XMFinal.SC2Mod\Base.SC2Data\GameData\RequirementData.xml	skipped_existing
HotSHaveSwarmlingSpawningPool	CRequirement	游戏数据/官方SC2原始文本镜像/campaigns/swarm.sc2campaign/base.sc2data/gamedata/requirementdata.xml	C:\Users\22448\Downloads\重生虫心0.71汉化版（新）\reborn_workrepo\合作指挥官版起义狂潮\Mods\XM\XMFinal.SC2Mod\Base.SC2Data\GameData\RequirementData.xml	skipped_existing
HotSHaveViper	CRequirement	游戏数据/官方SC2原始文本镜像/mods/starcoop/starcoop.sc2mod/base.sc2data/gamedata/requirementdata.xml	C:\Users\22448\Downloads\重生虫心0.71汉化版（新）\reborn_workrepo\合作指挥官版起义狂潮\Mods\XM\XMFinal.SC2Mod\Base.SC2Data\GameData\RequirementData.xml	skipped_existing
HotSHaveViper	CRequirement	游戏数据/官方SC2原始文本镜像/campaigns/swarm.sc2campaign/base.sc2data/gamedata/requirementdata.xml	C:\Users\22448\Downloads\重生虫心0.71汉化版（新）\reborn_workrepo\合作指挥官版起义狂潮\Mods\XM\XMFinal.SC2Mod\Base.SC2Data\GameData\RequirementData.xml	skipped_existing
KerriganInfestedCosmetic	CRequirement	游戏数据/官方SC2原始文本镜像/campaigns/swarm.sc2campaign/base.sc2data/gamedata/requirementdata.xml	C:\Users\22448\Downloads\重生虫心0.71汉化版（新）\reborn_workrepo\合作指挥官版起义狂潮\Mods\XM\XMFinal.SC2Mod\Base.SC2Data\GameData\RequirementData.xml	skipped_existing
KerriganLevel02	CRequirement	游戏数据/官方SC2原始文本镜像/mods/starcoop/starcoop.sc2mod/base.sc2data/gamedata/requirementdata.xml	C:\Users\22448\Downloads\重生虫心0.71汉化版（新）\reborn_workrepo\合作指挥官版起义狂潮\Mods\XM\XMFinal.SC2Mod\Base.SC2Data\GameData\RequirementData.xml	skipped_existing
KerriganLevel04	CRequirement	游戏数据/官方SC2原始文本镜像/mods/starcoop/starcoop.sc2mod/base.sc2data/gamedata/requirementdata.xml	C:\Users\22448\Downloads\重生虫心0.71汉化版（新）\reborn_workrepo\合作指挥官版起义狂潮\Mods\XM\XMFinal.SC2Mod\Base.SC2Data\GameData\RequirementData.xml	skipped_existing
KerriganLevel05	CRequirement	游戏数据/官方SC2原始文本镜像/mods/starcoop/starcoop.sc2mod/base.sc2data/gamedata/requirementdata.xml	C:\Users\22448\Downloads\重生虫心0.71汉化版（新）\reborn_workrepo\合作指挥官版起义狂潮\Mods\XM\XMFinal.SC2Mod\Base.SC2Data\GameData\RequirementData.xml	skipped_existing
KerriganLevel06	CRequirement	游戏数据/官方SC2原始文本镜像/mods/starcoop/starcoop.sc2mod/base.sc2data/gamedata/requirementdata.xml	C:\Users\22448\Downloads\重生虫心0.71汉化版（新）\reborn_workrepo\合作指挥官版起义狂潮\Mods\XM\XMFinal.SC2Mod\Base.SC2Data\GameData\RequirementData.xml	skipped_existing
KerriganLevel09	CRequirement	游戏数据/官方SC2原始文本镜像/mods/starcoop/starcoop.sc2mod/base.sc2data/gamedata/requirementdata.xml	C:\Users\22448\Downloads\重生虫心0.71汉化版（新）\reborn_workrepo\合作指挥官版起义狂潮\Mods\XM\XMFinal.SC2Mod\Base.SC2Data\GameData\RequirementData.xml	skipped_existing
KerriganLevel10	CRequirement	游戏数据/官方SC2原始文本镜像/mods/starcoop/starcoop.sc2mod/base.sc2data/gamedata/requirementdata.xml	C:\Users\22448\Downloads\重生虫心0.71汉化版（新）\reborn_workrepo\合作指挥官版起义狂潮\Mods\XM\XMFinal.SC2Mod\Base.SC2Data\GameData\RequirementData.xml	skipped_existing
KerriganLevel11	CRequirement	游戏数据/官方SC2原始文本镜像/mods/starcoop/starcoop.sc2mod/base.sc2data/gamedata/requirementdata.xml	C:\Users\22448\Downloads\重生虫心0.71汉化版（新）\reborn_workrepo\合作指挥官版起义狂潮\Mods\XM\XMFinal.SC2Mod\Base.SC2Data\GameData\RequirementData.xml	skipped_existing
KerriganLevel13	CRequirement	游戏数据/官方SC2原始文本镜像/mods/starcoop/starcoop.sc2mod/base.sc2data/gamedata/requirementdata.xml	C:\Users\22448\Downloads\重生虫心0.71汉化版（新）\reborn_workrepo\合作指挥官版起义狂潮\Mods\XM\XMFinal.SC2Mod\Base.SC2Data\GameData\RequirementData.xml	skipped_existing
KerriganLevel15	CRequirement	游戏数据/官方SC2原始文本镜像/mods/starcoop/starcoop.sc2mod/base.sc2data/gamedata/requirementdata.xml	C:\Users\22448\Downloads\重生虫心0.71汉化版（新）\reborn_workrepo\合作指挥官版起义狂潮\Mods\XM\XMFinal.SC2Mod\Base.SC2Data\GameData\RequirementData.xml	skipped_existing
MutatorWorkerIsAsleep	CRequirement	游戏数据/官方SC2原始文本镜像/mods/starcoop/starcoop.sc2mod/base.sc2data/gamedata/requirementdata.xml	C:\Users\22448\Downloads\重生虫心0.71汉化版（新）\reborn_workrepo\合作指挥官版起义狂潮\Mods\XM\XMFinal.SC2Mod\Base.SC2Data\GameData\RequirementData.xml	skipped_existing
NotHaveStabilizerMedPacks	CRequirement	游戏数据/官方SC2原始文本镜像/mods/starcoop/starcoop.sc2mod/base.sc2data/gamedata/requirementdata.xml	C:\Users\22448\Downloads\重生虫心0.71汉化版（新）\reborn_workrepo\合作指挥官版起义狂潮\Mods\XM\XMFinal.SC2Mod\Base.SC2Data\GameData\RequirementData.xml	skipped_existing
UseAutomatedExtractor	CRequirement	游戏数据/官方SC2原始文本镜像/campaigns/swarm.sc2campaign/base.sc2data/gamedata/requirementdata.xml	C:\Users\22448\Downloads\重生虫心0.71汉化版（新）\reborn_workrepo\合作指挥官版起义狂潮\Mods\XM\XMFinal.SC2Mod\Base.SC2Data\GameData\RequirementData.xml	skipped_existing
ZagaraHaveCentrificalHooks	CRequirement	游戏数据/官方SC2原始文本镜像/mods/starcoop/starcoop.sc2mod/base.sc2data/gamedata/requirementdata.xml	C:\Users\22448\Downloads\重生虫心0.71汉化版（新）\reborn_workrepo\合作指挥官版起义狂潮\Mods\XM\XMFinal.SC2Mod\Base.SC2Data\GameData\RequirementData.xml	skipped_existing
ZagaraLevel04	CRequirement	游戏数据/官方SC2原始文本镜像/mods/starcoop/starcoop.sc2mod/base.sc2data/gamedata/requirementdata.xml	C:\Users\22448\Downloads\重生虫心0.71汉化版（新）\reborn_workrepo\合作指挥官版起义狂潮\Mods\XM\XMFinal.SC2Mod\Base.SC2Data\GameData\RequirementData.xml	skipped_existing
ZagaraLevel05	CRequirement	游戏数据/官方SC2原始文本镜像/mods/starcoop/starcoop.sc2mod/base.sc2data/gamedata/requirementdata.xml	C:\Users\22448\Downloads\重生虫心0.71汉化版（新）\reborn_workrepo\合作指挥官版起义狂潮\Mods\XM\XMFinal.SC2Mod\Base.SC2Data\GameData\RequirementData.xml	skipped_existing
ZagaraLevel06	CRequirement	游戏数据/官方SC2原始文本镜像/mods/starcoop/starcoop.sc2mod/base.sc2data/gamedata/requirementdata.xml	C:\Users\22448\Downloads\重生虫心0.71汉化版（新）\reborn_workrepo\合作指挥官版起义狂潮\Mods\XM\XMFinal.SC2Mod\Base.SC2Data\GameData\RequirementData.xml	skipped_existing
ZagaraLevel07	CRequirement	游戏数据/官方SC2原始文本镜像/mods/starcoop/starcoop.sc2mod/base.sc2data/gamedata/requirementdata.xml	C:\Users\22448\Downloads\重生虫心0.71汉化版（新）\reborn_workrepo\合作指挥官版起义狂潮\Mods\XM\XMFinal.SC2Mod\Base.SC2Data\GameData\RequirementData.xml	skipped_existing
ZagaraLevel08	CRequirement	游戏数据/官方SC2原始文本镜像/mods/starcoop/starcoop.sc2mod/base.sc2data/gamedata/requirementdata.xml	C:\Users\22448\Downloads\重生虫心0.71汉化版（新）\reborn_workrepo\合作指挥官版起义狂潮\Mods\XM\XMFinal.SC2Mod\Base.SC2Data\GameData\RequirementData.xml	skipped_existing
ZagaraLevel09	CRequirement	游戏数据/官方SC2原始文本镜像/mods/starcoop/starcoop.sc2mod/base.sc2data/gamedata/requirementdata.xml	C:\Users\22448\Downloads\重生虫心0.71汉化版（新）\reborn_workrepo\合作指挥官版起义狂潮\Mods\XM\XMFinal.SC2Mod\Base.SC2Data\GameData\RequirementData.xml	skipped_existing
ZagaraLevel11	CRequirement	游戏数据/官方SC2原始文本镜像/mods/starcoop/starcoop.sc2mod/base.sc2data/gamedata/requirementdata.xml	C:\Users\22448\Downloads\重生虫心0.71汉化版（新）\reborn_workrepo\合作指挥官版起义狂潮\Mods\XM\XMFinal.SC2Mod\Base.SC2Data\GameData\RequirementData.xml	skipped_existing
ZagaraLevel13	CRequirement	游戏数据/官方SC2原始文本镜像/mods/starcoop/starcoop.sc2mod/base.sc2data/gamedata/requirementdata.xml	C:\Users\22448\Downloads\重生虫心0.71汉化版（新）\reborn_workrepo\合作指挥官版起义狂潮\Mods\XM\XMFinal.SC2Mod\Base.SC2Data\GameData\RequirementData.xml	skipped_existing
AndCountUpgradeAbathurCommanderCompleteOnlyGT10CountUpgradeCommanderLevelCompleteOnlyNot1225867992CountBehaviorUnderConstructionCompleteOnlyAtUnit	CRequirementAnd	游戏数据/官方SC2原始文本镜像/mods/starcoop/starcoop.sc2mod/base.sc2data/gamedata/requirementnodedata.xml	C:\Users\22448\Downloads\重生虫心0.71汉化版（新）\reborn_workrepo\合作指挥官版起义狂潮\Mods\XM\XMFinal.SC2Mod\Base.SC2Data\GameData\RequirementNodeData.xml	skipped_existing
AndCountUpgradeAbathurCommanderCompleteOnlyGTECountUpgradeCommanderLevelCompleteOnly7	CRequirementAnd	游戏数据/官方SC2原始文本镜像/mods/starcoop/starcoop.sc2mod/base.sc2data/gamedata/requirementnodedata.xml	C:\Users\22448\Downloads\重生虫心0.71汉化版（新）\reborn_workrepo\合作指挥官版起义狂潮\Mods\XM\XMFinal.SC2Mod\Base.SC2Data\GameData\RequirementNodeData.xml	skipped_existing
AndCountUpgradeK5WildMutationCompleteOnlyNotCountUpgradeKerriganVoidCoopMendCompleteOnly	CRequirementAnd	游戏数据/官方SC2原始文本镜像/mods/starcoop/starcoop.sc2mod/base.sc2data/gamedata/requirementnodedata.xml	C:\Users\22448\Downloads\重生虫心0.71汉化版（新）\reborn_workrepo\合作指挥官版起义狂潮\Mods\XM\XMFinal.SC2Mod\Base.SC2Data\GameData\RequirementNodeData.xml	skipped_existing
AndCountUpgradeKerriganCommanderCompleteOnlyGT10CountUpgradeCommanderLevelCompleteOnlyNot1225867992CountBehaviorUnderConstructionCompleteOnlyAtUnit	CRequirementAnd	游戏数据/官方SC2原始文本镜像/mods/starcoop/starcoop.sc2mod/base.sc2data/gamedata/requirementnodedata.xml	C:\Users\22448\Downloads\重生虫心0.71汉化版（新）\reborn_workrepo\合作指挥官版起义狂潮\Mods\XM\XMFinal.SC2Mod\Base.SC2Data\GameData\RequirementNodeData.xml	skipped_existing
AndCountUpgradeKerriganCommanderCompleteOnlyGT15CountUpgradeCommanderLevelCompleteOnlyNot1225867992CountBehaviorUnderConstructionCompleteOnlyAtUnit	CRequirementAnd	游戏数据/官方SC2原始文本镜像/mods/starcoop/starcoop.sc2mod/base.sc2data/gamedata/requirementnodedata.xml	C:\Users\22448\Downloads\重生虫心0.71汉化版（新）\reborn_workrepo\合作指挥官版起义狂潮\Mods\XM\XMFinal.SC2Mod\Base.SC2Data\GameData\RequirementNodeData.xml	skipped_existing
AndCountUpgradeKerriganCommanderCompleteOnlyGT2CountUpgradeCommanderLevelCompleteOnlyNot1225867992CountBehaviorUnderConstructionCompleteOnlyAtUnit	CRequirementAnd	游戏数据/官方SC2原始文本镜像/mods/starcoop/starcoop.sc2mod/base.sc2data/gamedata/requirementnodedata.xml	C:\Users\22448\Downloads\重生虫心0.71汉化版（新）\reborn_workrepo\合作指挥官版起义狂潮\Mods\XM\XMFinal.SC2Mod\Base.SC2Data\GameData\RequirementNodeData.xml	skipped_existing
AndCountUpgradeKerriganCommanderCompleteOnlyGT9CountUpgradeCommanderLevelCompleteOnlyNot1225867992CountBehaviorUnderConstructionCompleteOnlyAtUnit	CRequirementAnd	游戏数据/官方SC2原始文本镜像/mods/starcoop/starcoop.sc2mod/base.sc2data/gamedata/requirementnodedata.xml	C:\Users\22448\Downloads\重生虫心0.71汉化版（新）\reborn_workrepo\合作指挥官版起义狂潮\Mods\XM\XMFinal.SC2Mod\Base.SC2Data\GameData\RequirementNodeData.xml	skipped_existing
AndCountUpgradeZagaraCommanderCompleteOnlyGT5CountUpgradeCommanderLevelCompleteOnlyNot1225867992CountBehaviorUnderConstructionCompleteOnlyAtUnit	CRequirementAnd	游戏数据/官方SC2原始文本镜像/mods/starcoop/starcoop.sc2mod/base.sc2data/gamedata/requirementnodedata.xml	C:\Users\22448\Downloads\重生虫心0.71汉化版（新）\reborn_workrepo\合作指挥官版起义狂潮\Mods\XM\XMFinal.SC2Mod\Base.SC2Data\GameData\RequirementNodeData.xml	skipped_existing
AndCountUpgradeZagaraCommanderCompleteOnlyLTE11CountUpgradeCommanderLevelCompleteOnly	CRequirementAnd	游戏数据/官方SC2原始文本镜像/mods/starcoop/starcoop.sc2mod/base.sc2data/gamedata/requirementnodedata.xml	C:\Users\22448\Downloads\重生虫心0.71汉化版（新）\reborn_workrepo\合作指挥官版起义狂潮\Mods\XM\XMFinal.SC2Mod\Base.SC2Data\GameData\RequirementNodeData.xml	skipped_existing
CountUnitHotSLeviathanQueuedOrBetter1711007964	CRequirementCountUnit	游戏数据/官方SC2原始文本镜像/campaigns/swarm.sc2campaign/base.sc2data/gamedata/requirementnodedata.xml	C:\Users\22448\Downloads\重生虫心0.71汉化版（新）\reborn_workrepo\合作指挥官版起义狂潮\Mods\XM\XMFinal.SC2Mod\Base.SC2Data\GameData\RequirementNodeData.xml	skipped_existing
CountUpgradeAbathurCommanderCompleteOnly	CRequirementCountUpgrade	游戏数据/官方SC2原始文本镜像/mods/starcoop/starcoop.sc2mod/base.sc2data/gamedata/requirementnodedata.xml	C:\Users\22448\Downloads\重生虫心0.71汉化版（新）\reborn_workrepo\合作指挥官版起义狂潮\Mods\XM\XMFinal.SC2Mod\Base.SC2Data\GameData\RequirementNodeData.xml	skipped_existing
CountUpgradeAbathurEnableSymbioteCompleteOnly	CRequirementCountUpgrade	游戏数据/官方SC2原始文本镜像/mods/starcoop/starcoop.sc2mod/base.sc2data/gamedata/requirementnodedata.xml	C:\Users\22448\Downloads\重生虫心0.71汉化版（新）\reborn_workrepo\合作指挥官版起义狂潮\Mods\XM\XMFinal.SC2Mod\Base.SC2Data\GameData\RequirementNodeData.xml	skipped_existing
CountUpgradeAlias_PneumatizedCarapaceCompleteOnly1781825861	CRequirementCountUpgrade	游戏数据/官方SC2原始文本镜像/mods/starcoop/starcoop.sc2mod/base.sc2data/gamedata/requirementnodedata.xml	C:\Users\22448\Downloads\重生虫心0.71汉化版（新）\reborn_workrepo\合作指挥官版起义狂潮\Mods\XM\XMFinal.SC2Mod\Base.SC2Data\GameData\RequirementNodeData.xml	skipped_existing
CountUpgradeAlias_PneumatizedCarapaceCompleteOnly2013794127	CRequirementCountUpgrade	游戏数据/官方SC2原始文本镜像/mods/starcoop/starcoop.sc2mod/base.sc2data/gamedata/requirementnodedata.xml	C:\Users\22448\Downloads\重生虫心0.71汉化版（新）\reborn_workrepo\合作指挥官版起义狂潮\Mods\XM\XMFinal.SC2Mod\Base.SC2Data\GameData\RequirementNodeData.xml	skipped_existing
CountUpgradeCentrificalHooksCompleteOnly1768418229	CRequirementCountUpgrade	游戏数据/官方SC2原始文本镜像/mods/starcoop/starcoop.sc2mod/base.sc2data/gamedata/requirementnodedata.xml	C:\Users\22448\Downloads\重生虫心0.71汉化版（新）\reborn_workrepo\合作指挥官版起义狂潮\Mods\XM\XMFinal.SC2Mod\Base.SC2Data\GameData\RequirementNodeData.xml	skipped_existing
CountUpgradeCommanderPrestigeArtanisCombatAbilitiesCompleteOnly	CRequirementCountUpgrade	游戏数据/官方SC2原始文本镜像/mods/starcoop/starcoop.sc2mod/base.sc2data/gamedata/requirementnodedata.xml	C:\Users\22448\Downloads\重生虫心0.71汉化版（新）\reborn_workrepo\合作指挥官版起义狂潮\Mods\XM\XMFinal.SC2Mod\Base.SC2Data\GameData\RequirementNodeData.xml	skipped_existing
CountUpgradeCommanderPrestigeKerriganAbilitiesCompleteOnly	CRequirementCountUpgrade	游戏数据/官方SC2原始文本镜像/mods/starcoop/starcoop.sc2mod/base.sc2data/gamedata/requirementnodedata.xml	C:\Users\22448\Downloads\重生虫心0.71汉化版（新）\reborn_workrepo\合作指挥官版起义狂潮\Mods\XM\XMFinal.SC2Mod\Base.SC2Data\GameData\RequirementNodeData.xml	skipped_existing
CountUpgradeCommanderPrestigeKerriganAssimilationAuraCompleteOnly	CRequirementCountUpgrade	游戏数据/官方SC2原始文本镜像/mods/starcoop/starcoop.sc2mod/base.sc2data/gamedata/requirementnodedata.xml	C:\Users\22448\Downloads\重生虫心0.71汉化版（新）\reborn_workrepo\合作指挥官版起义狂潮\Mods\XM\XMFinal.SC2Mod\Base.SC2Data\GameData\RequirementNodeData.xml	skipped_existing
CountUpgradeCommanderPrestigeKerriganCreepCompleteOnly	CRequirementCountUpgrade	游戏数据/官方SC2原始文本镜像/mods/starcoop/starcoop.sc2mod/base.sc2data/gamedata/requirementnodedata.xml	C:\Users\22448\Downloads\重生虫心0.71汉化版（新）\reborn_workrepo\合作指挥官版起义狂潮\Mods\XM\XMFinal.SC2Mod\Base.SC2Data\GameData\RequirementNodeData.xml	skipped_existing
CountUpgradeHotSBanelingCorrosiveBileCompleteOnly	CRequirementCountUpgrade	游戏数据/官方SC2原始文本镜像/campaigns/swarm.sc2campaign/base.sc2data/gamedata/requirementnodedata.xml	C:\Users\22448\Downloads\重生虫心0.71汉化版（新）\reborn_workrepo\合作指挥官版起义狂潮\Mods\XM\XMFinal.SC2Mod\Base.SC2Data\GameData\RequirementNodeData.xml	skipped_existing
CountUpgradeHotSBanelingCorrosiveBileCompleteOnly2607571879	CRequirementCountUpgrade	游戏数据/官方SC2原始文本镜像/mods/starcoop/starcoop.sc2mod/base.sc2data/gamedata/requirementnodedata.xml	C:\Users\22448\Downloads\重生虫心0.71汉化版（新）\reborn_workrepo\合作指挥官版起义狂潮\Mods\XM\XMFinal.SC2Mod\Base.SC2Data\GameData\RequirementNodeData.xml	skipped_existing
CountUpgradeHotSBanelingHealCompleteOnly	CRequirementCountUpgrade	游戏数据/官方SC2原始文本镜像/campaigns/swarm.sc2campaign/base.sc2data/gamedata/requirementnodedata.xml	C:\Users\22448\Downloads\重生虫心0.71汉化版（新）\reborn_workrepo\合作指挥官版起义狂潮\Mods\XM\XMFinal.SC2Mod\Base.SC2Data\GameData\RequirementNodeData.xml	skipped_existing
CountUpgradeHotSRuptureCompleteOnly3196650469TechTreeCheat	CRequirementCountUpgrade	游戏数据/官方SC2原始文本镜像/mods/starcoop/starcoop.sc2mod/base.sc2data/gamedata/requirementnodedata.xml	C:\Users\22448\Downloads\重生虫心0.71汉化版（新）\reborn_workrepo\合作指挥官版起义狂潮\Mods\XM\XMFinal.SC2Mod\Base.SC2Data\GameData\RequirementNodeData.xml	skipped_existing
CountUpgradeK5ApocalypseCompleteOnly	CRequirementCountUpgrade	游戏数据/官方SC2原始文本镜像/campaigns/swarm.sc2campaign/base.sc2data/gamedata/requirementnodedata.xml	C:\Users\22448\Downloads\重生虫心0.71汉化版（新）\reborn_workrepo\合作指挥官版起义狂潮\Mods\XM\XMFinal.SC2Mod\Base.SC2Data\GameData\RequirementNodeData.xml	skipped_existing
CountUpgradeK5AutoExtractorCompleteOnly	CRequirementCountUpgrade	游戏数据/官方SC2原始文本镜像/campaigns/swarm.sc2campaign/base.sc2data/gamedata/requirementnodedata.xml	C:\Users\22448\Downloads\重生虫心0.71汉化版（新）\reborn_workrepo\合作指挥官版起义狂潮\Mods\XM\XMFinal.SC2Mod\Base.SC2Data\GameData\RequirementNodeData.xml	skipped_existing
CountUpgradeK5ChainLightningCompleteOnly	CRequirementCountUpgrade	游戏数据/官方SC2原始文本镜像/campaigns/swarm.sc2campaign/base.sc2data/gamedata/requirementnodedata.xml	C:\Users\22448\Downloads\重生虫心0.71汉化版（新）\reborn_workrepo\合作指挥官版起义狂潮\Mods\XM\XMFinal.SC2Mod\Base.SC2Data\GameData\RequirementNodeData.xml	skipped_existing
CountUpgradeK5ChainLightningCompleteOnly594219430	CRequirementCountUpgrade	游戏数据/官方SC2原始文本镜像/mods/starcoop/starcoop.sc2mod/base.sc2data/gamedata/requirementnodedata.xml	C:\Users\22448\Downloads\重生虫心0.71汉化版（新）\reborn_workrepo\合作指挥官版起义狂潮\Mods\XM\XMFinal.SC2Mod\Base.SC2Data\GameData\RequirementNodeData.xml	skipped_existing
CountUpgradeK5CooldownsCompleteOnly	CRequirementCountUpgrade	游戏数据/官方SC2原始文本镜像/campaigns/swarm.sc2campaign/base.sc2data/gamedata/requirementnodedata.xml	C:\Users\22448\Downloads\重生虫心0.71汉化版（新）\reborn_workrepo\合作指挥官版起义狂潮\Mods\XM\XMFinal.SC2Mod\Base.SC2Data\GameData\RequirementNodeData.xml	skipped_existing
CountUpgradeK5CooldownsCompleteOnly3331439891	CRequirementCountUpgrade	游戏数据/官方SC2原始文本镜像/mods/starcoop/starcoop.sc2mod/base.sc2data/gamedata/requirementnodedata.xml	C:\Users\22448\Downloads\重生虫心0.71汉化版（新）\reborn_workrepo\合作指挥官版起义狂潮\Mods\XM\XMFinal.SC2Mod\Base.SC2Data\GameData\RequirementNodeData.xml	skipped_existing
CountUpgradeK5CreepBonusesCompleteOnly	CRequirementCountUpgrade	游戏数据/官方SC2原始文本镜像/campaigns/swarm.sc2campaign/base.sc2data/gamedata/requirementnodedata.xml	C:\Users\22448\Downloads\重生虫心0.71汉化版（新）\reborn_workrepo\合作指挥官版起义狂潮\Mods\XM\XMFinal.SC2Mod\Base.SC2Data\GameData\RequirementNodeData.xml	skipped_existing
CountUpgradeK5CrushingGripCompleteOnly	CRequirementCountUpgrade	游戏数据/官方SC2原始文本镜像/campaigns/swarm.sc2campaign/base.sc2data/gamedata/requirementnodedata.xml	C:\Users\22448\Downloads\重生虫心0.71汉化版（新）\reborn_workrepo\合作指挥官版起义狂潮\Mods\XM\XMFinal.SC2Mod\Base.SC2Data\GameData\RequirementNodeData.xml	skipped_existing
CountUpgradeK5DropPodsCompleteOnly	CRequirementCountUpgrade	游戏数据/官方SC2原始文本镜像/campaigns/swarm.sc2campaign/base.sc2data/gamedata/requirementnodedata.xml	C:\Users\22448\Downloads\重生虫心0.71汉化版（新）\reborn_workrepo\合作指挥官版起义狂潮\Mods\XM\XMFinal.SC2Mod\Base.SC2Data\GameData\RequirementNodeData.xml	skipped_existing
CountUpgradeK5FuryCompleteOnly	CRequirementCountUpgrade	游戏数据/官方SC2原始文本镜像/campaigns/swarm.sc2campaign/base.sc2data/gamedata/requirementnodedata.xml	C:\Users\22448\Downloads\重生虫心0.71汉化版（新）\reborn_workrepo\合作指挥官版起义狂潮\Mods\XM\XMFinal.SC2Mod\Base.SC2Data\GameData\RequirementNodeData.xml	skipped_existing
CountUpgradeK5GasBonusesCompleteOnly	CRequirementCountUpgrade	游戏数据/官方SC2原始文本镜像/campaigns/swarm.sc2campaign/base.sc2data/gamedata/requirementnodedata.xml	C:\Users\22448\Downloads\重生虫心0.71汉化版（新）\reborn_workrepo\合作指挥官版起义狂潮\Mods\XM\XMFinal.SC2Mod\Base.SC2Data\GameData\RequirementNodeData.xml	skipped_existing
CountUpgradeK5HeroicFortitudeCompleteOnly	CRequirementCountUpgrade	游戏数据/官方SC2原始文本镜像/campaigns/swarm.sc2campaign/base.sc2data/gamedata/requirementnodedata.xml	C:\Users\22448\Downloads\重生虫心0.71汉化版（新）\reborn_workrepo\合作指挥官版起义狂潮\Mods\XM\XMFinal.SC2Mod\Base.SC2Data\GameData\RequirementNodeData.xml	skipped_existing
CountUpgradeK5ImprovedOverlordsCompleteOnly	CRequirementCountUpgrade	游戏数据/官方SC2原始文本镜像/campaigns/swarm.sc2campaign/base.sc2data/gamedata/requirementnodedata.xml	C:\Users\22448\Downloads\重生虫心0.71汉化版（新）\reborn_workrepo\合作指挥官版起义狂潮\Mods\XM\XMFinal.SC2Mod\Base.SC2Data\GameData\RequirementNodeData.xml	skipped_existing
CountUpgradeK5InfestBroodlingsCompleteOnly	CRequirementCountUpgrade	游戏数据/官方SC2原始文本镜像/campaigns/swarm.sc2campaign/base.sc2data/gamedata/requirementnodedata.xml	C:\Users\22448\Downloads\重生虫心0.71汉化版（新）\reborn_workrepo\合作指挥官版起义狂潮\Mods\XM\XMFinal.SC2Mod\Base.SC2Data\GameData\RequirementNodeData.xml	skipped_existing
CountUpgradeK5LeviathanCompleteOnly	CRequirementCountUpgrade	游戏数据/官方SC2原始文本镜像/campaigns/swarm.sc2campaign/base.sc2data/gamedata/requirementnodedata.xml	C:\Users\22448\Downloads\重生虫心0.71汉化版（新）\reborn_workrepo\合作指挥官版起义狂潮\Mods\XM\XMFinal.SC2Mod\Base.SC2Data\GameData\RequirementNodeData.xml	skipped_existing
CountUpgradeK5MendCompleteOnly	CRequirementCountUpgrade	游戏数据/官方SC2原始文本镜像/campaigns/swarm.sc2campaign/base.sc2data/gamedata/requirementnodedata.xml	C:\Users\22448\Downloads\重生虫心0.71汉化版（新）\reborn_workrepo\合作指挥官版起义狂潮\Mods\XM\XMFinal.SC2Mod\Base.SC2Data\GameData\RequirementNodeData.xml	skipped_existing
CountUpgradeK5MindBoltCompleteOnly	CRequirementCountUpgrade	游戏数据/官方SC2原始文本镜像/campaigns/swarm.sc2campaign/base.sc2data/gamedata/requirementnodedata.xml	C:\Users\22448\Downloads\重生虫心0.71汉化版（新）\reborn_workrepo\合作指挥官版起义狂潮\Mods\XM\XMFinal.SC2Mod\Base.SC2Data\GameData\RequirementNodeData.xml	skipped_existing
CountUpgradeK5PrimalSlashCompleteOnly	CRequirementCountUpgrade	游戏数据/官方SC2原始文本镜像/campaigns/swarm.sc2campaign/base.sc2data/gamedata/requirementnodedata.xml	C:\Users\22448\Downloads\重生虫心0.71汉化版（新）\reborn_workrepo\合作指挥官版起义狂潮\Mods\XM\XMFinal.SC2Mod\Base.SC2Data\GameData\RequirementNodeData.xml	skipped_existing
CountUpgradeK5PsiStrikeCompleteOnly	CRequirementCountUpgrade	游戏数据/官方SC2原始文本镜像/campaigns/swarm.sc2campaign/base.sc2data/gamedata/requirementnodedata.xml	C:\Users\22448\Downloads\重生虫心0.71汉化版（新）\reborn_workrepo\合作指挥官版起义狂潮\Mods\XM\XMFinal.SC2Mod\Base.SC2Data\GameData\RequirementNodeData.xml	skipped_existing
CountUpgradeK5SpawnBanelingsCompleteOnly	CRequirementCountUpgrade	游戏数据/官方SC2原始文本镜像/campaigns/swarm.sc2campaign/base.sc2data/gamedata/requirementnodedata.xml	C:\Users\22448\Downloads\重生虫心0.71汉化版（新）\reborn_workrepo\合作指挥官版起义狂潮\Mods\XM\XMFinal.SC2Mod\Base.SC2Data\GameData\RequirementNodeData.xml	skipped_existing
CountUpgradeK5TwoDronesCompleteOnly	CRequirementCountUpgrade	游戏数据/官方SC2原始文本镜像/campaigns/swarm.sc2campaign/base.sc2data/gamedata/requirementnodedata.xml	C:\Users\22448\Downloads\重生虫心0.71汉化版（新）\reborn_workrepo\合作指挥官版起义狂潮\Mods\XM\XMFinal.SC2Mod\Base.SC2Data\GameData\RequirementNodeData.xml	skipped_existing
CountUpgradeK5WildMutationCompleteOnly	CRequirementCountUpgrade	游戏数据/官方SC2原始文本镜像/campaigns/swarm.sc2campaign/base.sc2data/gamedata/requirementnodedata.xml	C:\Users\22448\Downloads\重生虫心0.71汉化版（新）\reborn_workrepo\合作指挥官版起义狂潮\Mods\XM\XMFinal.SC2Mod\Base.SC2Data\GameData\RequirementNodeData.xml	skipped_existing
CountUpgradeK5ZerglingRespawnCompleteOnly	CRequirementCountUpgrade	游戏数据/官方SC2原始文本镜像/campaigns/swarm.sc2campaign/base.sc2data/gamedata/requirementnodedata.xml	C:\Users\22448\Downloads\重生虫心0.71汉化版（新）\reborn_workrepo\合作指挥官版起义狂潮\Mods\XM\XMFinal.SC2Mod\Base.SC2Data\GameData\RequirementNodeData.xml	skipped_existing
CountUpgradeKerriganCommanderCompleteOnly	CRequirementCountUpgrade	游戏数据/官方SC2原始文本镜像/mods/starcoop/starcoop.sc2mod/base.sc2data/gamedata/requirementnodedata.xml	C:\Users\22448\Downloads\重生虫心0.71汉化版（新）\reborn_workrepo\合作指挥官版起义狂潮\Mods\XM\XMFinal.SC2Mod\Base.SC2Data\GameData\RequirementNodeData.xml	skipped_existing
CountUpgradeKerriganPostLabSoundsCompleteOnly	CRequirementCountUpgrade	游戏数据/官方SC2原始文本镜像/campaigns/swarm.sc2campaign/base.sc2data/gamedata/requirementnodedata.xml	C:\Users\22448\Downloads\重生虫心0.71汉化版（新）\reborn_workrepo\合作指挥官版起义狂潮\Mods\XM\XMFinal.SC2Mod\Base.SC2Data\GameData\RequirementNodeData.xml	skipped_existing
CountUpgradeKerriganPostZerusSoundsCompleteOnly	CRequirementCountUpgrade	游戏数据/官方SC2原始文本镜像/campaigns/swarm.sc2campaign/base.sc2data/gamedata/requirementnodedata.xml	C:\Users\22448\Downloads\重生虫心0.71汉化版（新）\reborn_workrepo\合作指挥官版起义狂潮\Mods\XM\XMFinal.SC2Mod\Base.SC2Data\GameData\RequirementNodeData.xml	skipped_existing
CountUpgradeKerriganVoidCoopEnergyRegenCompleteOnly3849491716	CRequirementCountUpgrade	游戏数据/官方SC2原始文本镜像/mods/starcoop/starcoop.sc2mod/base.sc2data/gamedata/requirementnodedata.xml	C:\Users\22448\Downloads\重生虫心0.71汉化版（新）\reborn_workrepo\合作指挥官版起义狂潮\Mods\XM\XMFinal.SC2Mod\Base.SC2Data\GameData\RequirementNodeData.xml	skipped_existing
CountUpgradeKerriganVoidCoopMendCompleteOnly	CRequirementCountUpgrade	游戏数据/官方SC2原始文本镜像/mods/starcoop/starcoop.sc2mod/base.sc2data/gamedata/requirementnodedata.xml	C:\Users\22448\Downloads\重生虫心0.71汉化版（新）\reborn_workrepo\合作指挥官版起义狂潮\Mods\XM\XMFinal.SC2Mod\Base.SC2Data\GameData\RequirementNodeData.xml	skipped_existing
CountUpgradeMasteryAbathurSymbioteCarapaceCompleteOnly	CRequirementCountUpgrade	游戏数据/官方SC2原始文本镜像/mods/starcoop/starcoop.sc2mod/base.sc2data/gamedata/requirementnodedata.xml	C:\Users\22448\Downloads\重生虫心0.71汉化版（新）\reborn_workrepo\合作指挥官版起义狂潮\Mods\XM\XMFinal.SC2Mod\Base.SC2Data\GameData\RequirementNodeData.xml	skipped_existing
CountUpgradeMasteryAbathurSymbioteCDRCompleteOnly	CRequirementCountUpgrade	游戏数据/官方SC2原始文本镜像/mods/starcoop/starcoop.sc2mod/base.sc2data/gamedata/requirementnodedata.xml	C:\Users\22448\Downloads\重生虫心0.71汉化版（新）\reborn_workrepo\合作指挥官版起义狂潮\Mods\XM\XMFinal.SC2Mod\Base.SC2Data\GameData\RequirementNodeData.xml	skipped_existing
CountUpgradeMasteryKerriganAssimilationAuraDurationCompleteOnly	CRequirementCountUpgrade	游戏数据/官方SC2原始文本镜像/mods/starcoop/starcoop.sc2mod/base.sc2data/gamedata/requirementnodedata.xml	C:\Users\22448\Downloads\重生虫心0.71汉化版（新）\reborn_workrepo\合作指挥官版起义狂潮\Mods\XM\XMFinal.SC2Mod\Base.SC2Data\GameData\RequirementNodeData.xml	skipped_existing
CountUpgradeMasteryKerriganAutoAttackDamageCompleteOnly	CRequirementCountUpgrade	游戏数据/官方SC2原始文本镜像/mods/starcoop/starcoop.sc2mod/base.sc2data/gamedata/requirementnodedata.xml	C:\Users\22448\Downloads\重生虫心0.71汉化版（新）\reborn_workrepo\合作指挥官版起义狂潮\Mods\XM\XMFinal.SC2Mod\Base.SC2Data\GameData\RequirementNodeData.xml	skipped_existing
CountUpgradeMasteryKerriganCocoonTimerCompleteOnly	CRequirementCountUpgrade	游戏数据/官方SC2原始文本镜像/mods/starcoop/starcoop.sc2mod/base.sc2data/gamedata/requirementnodedata.xml	C:\Users\22448\Downloads\重生虫心0.71汉化版（新）\reborn_workrepo\合作指挥官版起义狂潮\Mods\XM\XMFinal.SC2Mod\Base.SC2Data\GameData\RequirementNodeData.xml	skipped_existing
CountUpgradeMasteryKerriganEnergyRegenCompleteOnly	CRequirementCountUpgrade	游戏数据/官方SC2原始文本镜像/mods/starcoop/starcoop.sc2mod/base.sc2data/gamedata/requirementnodedata.xml	C:\Users\22448\Downloads\重生虫心0.71汉化版（新）\reborn_workrepo\合作指挥官版起义狂潮\Mods\XM\XMFinal.SC2Mod\Base.SC2Data\GameData\RequirementNodeData.xml	skipped_existing
CountUpgradeMasteryKerriganImmobilizationWaveDamageCompleteOnly	CRequirementCountUpgrade	游戏数据/官方SC2原始文本镜像/mods/starcoop/starcoop.sc2mod/base.sc2data/gamedata/requirementnodedata.xml	C:\Users\22448\Downloads\重生虫心0.71汉化版（新）\reborn_workrepo\合作指挥官版起义狂潮\Mods\XM\XMFinal.SC2Mod\Base.SC2Data\GameData\RequirementNodeData.xml	skipped_existing
CountUpgradeMasteryKerriganMutatingCarapaceLifeDegradationCompleteOnly	CRequirementCountUpgrade	游戏数据/官方SC2原始文本镜像/mods/starcoop/starcoop.sc2mod/base.sc2data/gamedata/requirementnodedata.xml	C:\Users\22448\Downloads\重生虫心0.71汉化版（新）\reborn_workrepo\合作指挥官版起义狂潮\Mods\XM\XMFinal.SC2Mod\Base.SC2Data\GameData\RequirementNodeData.xml	skipped_existing
CountUpgradeMasteryKerriganPrimarySpeedDamageCompleteOnly	CRequirementCountUpgrade	游戏数据/官方SC2原始文本镜像/mods/starcoop/starcoop.sc2mod/base.sc2data/gamedata/requirementnodedata.xml	C:\Users\22448\Downloads\重生虫心0.71汉化版（新）\reborn_workrepo\合作指挥官版起义狂潮\Mods\XM\XMFinal.SC2Mod\Base.SC2Data\GameData\RequirementNodeData.xml	skipped_existing
CountUpgradeStukovCommanderCompleteOnly	CRequirementCountUpgrade	游戏数据/官方SC2原始文本镜像/mods/starcoop/starcoop.sc2mod/base.sc2data/gamedata/requirementnodedata.xml	C:\Users\22448\Downloads\重生虫心0.71汉化版（新）\reborn_workrepo\合作指挥官版起义狂潮\Mods\XM\XMFinal.SC2Mod\Base.SC2Data\GameData\RequirementNodeData.xml	skipped_existing
CountUpgradeZagaraCommanderCompleteOnly	CRequirementCountUpgrade	游戏数据/官方SC2原始文本镜像/mods/starcoop/starcoop.sc2mod/base.sc2data/gamedata/requirementnodedata.xml	C:\Users\22448\Downloads\重生虫心0.71汉化版（新）\reborn_workrepo\合作指挥官版起义狂潮\Mods\XM\XMFinal.SC2Mod\Base.SC2Data\GameData\RequirementNodeData.xml	skipped_existing
Eq1711007964CountUnitHotSLeviathanQueuedOrBetter17110079640	CRequirementEq	游戏数据/官方SC2原始文本镜像/campaigns/swarm.sc2campaign/base.sc2data/gamedata/requirementnodedata.xml	C:\Users\22448\Downloads\重生虫心0.71汉化版（新）\reborn_workrepo\合作指挥官版起义狂潮\Mods\XM\XMFinal.SC2Mod\Base.SC2Data\GameData\RequirementNodeData.xml	skipped_existing
GT10CountUpgradeCommanderLevelCompleteOnly	CRequirementGT	游戏数据/官方SC2原始文本镜像/mods/starcoop/starcoop.sc2mod/base.sc2data/gamedata/requirementnodedata.xml	C:\Users\22448\Downloads\重生虫心0.71汉化版（新）\reborn_workrepo\合作指挥官版起义狂潮\Mods\XM\XMFinal.SC2Mod\Base.SC2Data\GameData\RequirementNodeData.xml	skipped_existing
GT15CountUpgradeCommanderLevelCompleteOnly	CRequirementGT	游戏数据/官方SC2原始文本镜像/mods/starcoop/starcoop.sc2mod/base.sc2data/gamedata/requirementnodedata.xml	C:\Users\22448\Downloads\重生虫心0.71汉化版（新）\reborn_workrepo\合作指挥官版起义狂潮\Mods\XM\XMFinal.SC2Mod\Base.SC2Data\GameData\RequirementNodeData.xml	skipped_existing
GT2CountUpgradeCommanderLevelCompleteOnly	CRequirementGT	游戏数据/官方SC2原始文本镜像/mods/starcoop/starcoop.sc2mod/base.sc2data/gamedata/requirementnodedata.xml	C:\Users\22448\Downloads\重生虫心0.71汉化版（新）\reborn_workrepo\合作指挥官版起义狂潮\Mods\XM\XMFinal.SC2Mod\Base.SC2Data\GameData\RequirementNodeData.xml	skipped_existing
GT9CountUpgradeCommanderLevelCompleteOnly	CRequirementGT	游戏数据/官方SC2原始文本镜像/mods/starcoop/starcoop.sc2mod/base.sc2data/gamedata/requirementnodedata.xml	C:\Users\22448\Downloads\重生虫心0.71汉化版（新）\reborn_workrepo\合作指挥官版起义狂潮\Mods\XM\XMFinal.SC2Mod\Base.SC2Data\GameData\RequirementNodeData.xml	skipped_existing
LTE11CountUpgradeCommanderLevelCompleteOnly	CRequirementLTE	游戏数据/官方SC2原始文本镜像/mods/starcoop/starcoop.sc2mod/base.sc2data/gamedata/requirementnodedata.xml	C:\Users\22448\Downloads\重生虫心0.71汉化版（新）\reborn_workrepo\合作指挥官版起义狂潮\Mods\XM\XMFinal.SC2Mod\Base.SC2Data\GameData\RequirementNodeData.xml	skipped_existing
NotCountUpgradeKerriganVoidCoopMendCompleteOnly	CRequirementNot	游戏数据/官方SC2原始文本镜像/mods/starcoop/starcoop.sc2mod/base.sc2data/gamedata/requirementnodedata.xml	C:\Users\22448\Downloads\重生虫心0.71汉化版（新）\reborn_workrepo\合作指挥官版起义狂潮\Mods\XM\XMFinal.SC2Mod\Base.SC2Data\GameData\RequirementNodeData.xml	skipped_existing
NotCountUpgradeStabilizerMedPacksCompleteOnly	CRequirementNot	游戏数据/官方SC2原始文本镜像/mods/starcoop/starcoop.sc2mod/base.sc2data/gamedata/requirementnodedata.xml	C:\Users\22448\Downloads\重生虫心0.71汉化版（新）\reborn_workrepo\合作指挥官版起义狂潮\Mods\XM\XMFinal.SC2Mod\Base.SC2Data\GameData\RequirementNodeData.xml	skipped_existing
NotCountUpgradeStukovCommanderCompleteOnly	CRequirementNot	游戏数据/官方SC2原始文本镜像/mods/starcoop/starcoop.sc2mod/base.sc2data/gamedata/requirementnodedata.xml	C:\Users\22448\Downloads\重生虫心0.71汉化版（新）\reborn_workrepo\合作指挥官版起义狂潮\Mods\XM\XMFinal.SC2Mod\Base.SC2Data\GameData\RequirementNodeData.xml	skipped_existing
Aberration_Attack	CSound	游戏数据/官方SC2原始文本镜像/mods/starcoop/starcoop.sc2mod/base.sc2data/gamedata/sounddata.xml	C:\Users\22448\Downloads\重生虫心0.71汉化版（新）\reborn_workrepo\合作指挥官版起义狂潮\Mods\XM\XMFinal.SC2Mod\Base.SC2Data\GameData\SoundData.xml	skipped_existing
Aberration_Attack	CSound	游戏数据/官方SC2原始文本镜像/campaigns/swarm.sc2campaign/base.sc2data/gamedata/sounddata.xml	C:\Users\22448\Downloads\重生虫心0.71汉化版（新）\reborn_workrepo\合作指挥官版起义狂潮\Mods\XM\XMFinal.SC2Mod\Base.SC2Data\GameData\SoundData.xml	skipped_existing
Aberration_Death	CSound	游戏数据/官方SC2原始文本镜像/campaigns/swarm.sc2campaign/base.sc2data/gamedata/sounddata.xml	C:\Users\22448\Downloads\重生虫心0.71汉化版（新）\reborn_workrepo\合作指挥官版起义狂潮\Mods\XM\XMFinal.SC2Mod\Base.SC2Data\GameData\SoundData.xml	skipped_existing
Aberration_Land	CSound	游戏数据/官方SC2原始文本镜像/campaigns/swarm.sc2campaign/base.sc2data/gamedata/sounddata.xml	C:\Users\22448\Downloads\重生虫心0.71汉化版（新）\reborn_workrepo\合作指挥官版起义狂潮\Mods\XM\XMFinal.SC2Mod\Base.SC2Data\GameData\SoundData.xml	skipped_existing
Aberration_Ready	CSound	游戏数据/官方SC2原始文本镜像/campaigns/swarm.sc2campaign/base.sc2data/gamedata/sounddata.xml	C:\Users\22448\Downloads\重生虫心0.71汉化版（新）\reborn_workrepo\合作指挥官版起义狂潮\Mods\XM\XMFinal.SC2Mod\Base.SC2Data\GameData\SoundData.xml	skipped_existing
Aberration_What	CSound	游戏数据/官方SC2原始文本镜像/mods/starcoop/starcoop.sc2mod/base.sc2data/gamedata/sounddata.xml	C:\Users\22448\Downloads\重生虫心0.71汉化版（新）\reborn_workrepo\合作指挥官版起义狂潮\Mods\XM\XMFinal.SC2Mod\Base.SC2Data\GameData\SoundData.xml	skipped_existing
Aberration_What	CSound	游戏数据/官方SC2原始文本镜像/campaigns/swarm.sc2campaign/base.sc2data/gamedata/sounddata.xml	C:\Users\22448\Downloads\重生虫心0.71汉化版（新）\reborn_workrepo\合作指挥官版起义狂潮\Mods\XM\XMFinal.SC2Mod\Base.SC2Data\GameData\SoundData.xml	skipped_existing
Aberration_Yes	CSound	游戏数据/官方SC2原始文本镜像/mods/starcoop/starcoop.sc2mod/base.sc2data/gamedata/sounddata.xml	C:\Users\22448\Downloads\重生虫心0.71汉化版（新）\reborn_workrepo\合作指挥官版起义狂潮\Mods\XM\XMFinal.SC2Mod\Base.SC2Data\GameData\SoundData.xml	skipped_existing
Aberration_Yes	CSound	游戏数据/官方SC2原始文本镜像/campaigns/swarm.sc2campaign/base.sc2data/gamedata/sounddata.xml	C:\Users\22448\Downloads\重生虫心0.71汉化版（新）\reborn_workrepo\合作指挥官版起义狂潮\Mods\XM\XMFinal.SC2Mod\Base.SC2Data\GameData\SoundData.xml	skipped_existing
Baneling_Pissed	CSound	游戏数据/官方SC2原始文本镜像/mods/starcoop/starcoop.sc2mod/base.sc2data/gamedata/sounddata.xml	C:\Users\22448\Downloads\重生虫心0.71汉化版（新）\reborn_workrepo\合作指挥官版起义狂潮\Mods\XM\XMFinal.SC2Mod\Base.SC2Data\GameData\SoundData.xml	skipped_existing
Baneling_What	CSound	游戏数据/官方SC2原始文本镜像/mods/starcoop/starcoop.sc2mod/base.sc2data/gamedata/sounddata.xml	C:\Users\22448\Downloads\重生虫心0.71汉化版（新）\reborn_workrepo\合作指挥官版起义狂潮\Mods\XM\XMFinal.SC2Mod\Base.SC2Data\GameData\SoundData.xml	skipped_existing
Baneling_Yes	CSound	游戏数据/官方SC2原始文本镜像/mods/starcoop/starcoop.sc2mod/base.sc2data/gamedata/sounddata.xml	C:\Users\22448\Downloads\重生虫心0.71汉化版（新）\reborn_workrepo\合作指挥官版起义狂潮\Mods\XM\XMFinal.SC2Mod\Base.SC2Data\GameData\SoundData.xml	skipped_existing
Broodling_Explode	CSound	游戏数据/官方SC2原始文本镜像/mods/starcoop/starcoop.sc2mod/base.sc2data/gamedata/sounddata.xml	C:\Users\22448\Downloads\重生虫心0.71汉化版（新）\reborn_workrepo\合作指挥官版起义狂潮\Mods\XM\XMFinal.SC2Mod\Base.SC2Data\GameData\SoundData.xml	skipped_existing
Broodling_Explode	CSound	游戏数据/官方SC2原始文本镜像/campaigns/swarm.sc2campaign/base.sc2data/gamedata/sounddata.xml	C:\Users\22448\Downloads\重生虫心0.71汉化版（新）\reborn_workrepo\合作指挥官版起义狂潮\Mods\XM\XMFinal.SC2Mod\Base.SC2Data\GameData\SoundData.xml	skipped_existing
Brutalisk_AttackImpact	CSound	游戏数据/官方SC2原始文本镜像/mods/starcoop/starcoop.sc2mod/base.sc2data/gamedata/sounddata.xml	C:\Users\22448\Downloads\重生虫心0.71汉化版（新）\reborn_workrepo\合作指挥官版起义狂潮\Mods\XM\XMFinal.SC2Mod\Base.SC2Data\GameData\SoundData.xml	skipped_existing
Brutalisk_AttackLaunch	CSound	游戏数据/官方SC2原始文本镜像/mods/starcoop/starcoop.sc2mod/base.sc2data/gamedata/sounddata.xml	C:\Users\22448\Downloads\重生虫心0.71汉化版（新）\reborn_workrepo\合作指挥官版起义狂潮\Mods\XM\XMFinal.SC2Mod\Base.SC2Data\GameData\SoundData.xml	skipped_existing
Brutalisk_Burrow	CSound	游戏数据/官方SC2原始文本镜像/mods/starcoop/starcoop.sc2mod/base.sc2data/gamedata/sounddata.xml	C:\Users\22448\Downloads\重生虫心0.71汉化版（新）\reborn_workrepo\合作指挥官版起义狂潮\Mods\XM\XMFinal.SC2Mod\Base.SC2Data\GameData\SoundData.xml	skipped_existing
Brutalisk_Dig_Burrow	CSound	游戏数据/官方SC2原始文本镜像/mods/starcoop/starcoop.sc2mod/base.sc2data/gamedata/sounddata.xml	C:\Users\22448\Downloads\重生虫心0.71汉化版（新）\reborn_workrepo\合作指挥官版起义狂潮\Mods\XM\XMFinal.SC2Mod\Base.SC2Data\GameData\SoundData.xml	skipped_existing
Brutalisk_Dig_UnBurrow	CSound	游戏数据/官方SC2原始文本镜像/mods/starcoop/starcoop.sc2mod/base.sc2data/gamedata/sounddata.xml	C:\Users\22448\Downloads\重生虫心0.71汉化版（新）\reborn_workrepo\合作指挥官版起义狂潮\Mods\XM\XMFinal.SC2Mod\Base.SC2Data\GameData\SoundData.xml	skipped_existing
Brutalisk_Dig	CSound	游戏数据/官方SC2原始文本镜像/mods/starcoop/starcoop.sc2mod/base.sc2data/gamedata/sounddata.xml	C:\Users\22448\Downloads\重生虫心0.71汉化版（新）\reborn_workrepo\合作指挥官版起义狂潮\Mods\XM\XMFinal.SC2Mod\Base.SC2Data\GameData\SoundData.xml	skipped_existing
Brutalisk_Foot_ClawTip	CSound	游戏数据/官方SC2原始文本镜像/mods/starcoop/starcoop.sc2mod/base.sc2data/gamedata/sounddata.xml	C:\Users\22448\Downloads\重生虫心0.71汉化版（新）\reborn_workrepo\合作指挥官版起义狂潮\Mods\XM\XMFinal.SC2Mod\Base.SC2Data\GameData\SoundData.xml	skipped_existing
Brutalisk_Footsteps	CSound	游戏数据/官方SC2原始文本镜像/mods/starcoop/starcoop.sc2mod/base.sc2data/gamedata/sounddata.xml	C:\Users\22448\Downloads\重生虫心0.71汉化版（新）\reborn_workrepo\合作指挥官版起义狂潮\Mods\XM\XMFinal.SC2Mod\Base.SC2Data\GameData\SoundData.xml	skipped_existing
Brutalisk_Footsteps	CSound	游戏数据/官方SC2原始文本镜像/campaigns/swarm.sc2campaign/base.sc2data/gamedata/sounddata.xml	C:\Users\22448\Downloads\重生虫心0.71汉化版（新）\reborn_workrepo\合作指挥官版起义狂潮\Mods\XM\XMFinal.SC2Mod\Base.SC2Data\GameData\SoundData.xml	skipped_existing
Brutalisk_Spell_Vx	CSound	游戏数据/官方SC2原始文本镜像/mods/starcoop/starcoop.sc2mod/base.sc2data/gamedata/sounddata.xml	C:\Users\22448\Downloads\重生虫心0.71汉化版（新）\reborn_workrepo\合作指挥官版起义狂潮\Mods\XM\XMFinal.SC2Mod\Base.SC2Data\GameData\SoundData.xml	skipped_existing
Brutalisk_SpellA_Vx	CSound	游戏数据/官方SC2原始文本镜像/mods/starcoop/starcoop.sc2mod/base.sc2data/gamedata/sounddata.xml	C:\Users\22448\Downloads\重生虫心0.71汉化版（新）\reborn_workrepo\合作指挥官版起义狂潮\Mods\XM\XMFinal.SC2Mod\Base.SC2Data\GameData\SoundData.xml	skipped_existing
Brutalisk_Stand2_Vx	CSound	游戏数据/官方SC2原始文本镜像/mods/starcoop/starcoop.sc2mod/base.sc2data/gamedata/sounddata.xml	C:\Users\22448\Downloads\重生虫心0.71汉化版（新）\reborn_workrepo\合作指挥官版起义狂潮\Mods\XM\XMFinal.SC2Mod\Base.SC2Data\GameData\SoundData.xml	skipped_existing
Brutalisk_UnBurrow	CSound	游戏数据/官方SC2原始文本镜像/mods/starcoop/starcoop.sc2mod/base.sc2data/gamedata/sounddata.xml	C:\Users\22448\Downloads\重生虫心0.71汉化版（新）\reborn_workrepo\合作指挥官版起义狂潮\Mods\XM\XMFinal.SC2Mod\Base.SC2Data\GameData\SoundData.xml	skipped_existing
Dehaka_Bite	CSound	游戏数据/官方SC2原始文本镜像/mods/starcoop/starcoop.sc2mod/base.sc2data/gamedata/sounddata.xml	C:\Users\22448\Downloads\重生虫心0.71汉化版（新）\reborn_workrepo\合作指挥官版起义狂潮\Mods\XM\XMFinal.SC2Mod\Base.SC2Data\GameData\SoundData.xml	skipped_existing
Dehaka_Bite	CSound	游戏数据/官方SC2原始文本镜像/campaigns/swarm.sc2campaign/base.sc2data/gamedata/sounddata.xml	C:\Users\22448\Downloads\重生虫心0.71汉化版（新）\reborn_workrepo\合作指挥官版起义狂潮\Mods\XM\XMFinal.SC2Mod\Base.SC2Data\GameData\SoundData.xml	skipped_existing
Dehaka_Death	CSound	游戏数据/官方SC2原始文本镜像/mods/starcoop/starcoop.sc2mod/base.sc2data/gamedata/sounddata.xml	C:\Users\22448\Downloads\重生虫心0.71汉化版（新）\reborn_workrepo\合作指挥官版起义狂潮\Mods\XM\XMFinal.SC2Mod\Base.SC2Data\GameData\SoundData.xml	skipped_existing
Dehaka_Death	CSound	游戏数据/官方SC2原始文本镜像/campaigns/swarm.sc2campaign/base.sc2data/gamedata/sounddata.xml	C:\Users\22448\Downloads\重生虫心0.71汉化版（新）\reborn_workrepo\合作指挥官版起义狂潮\Mods\XM\XMFinal.SC2Mod\Base.SC2Data\GameData\SoundData.xml	skipped_existing
Dehaka_Jump_Land	CSound	游戏数据/官方SC2原始文本镜像/campaigns/swarm.sc2campaign/base.sc2data/gamedata/sounddata.xml	C:\Users\22448\Downloads\重生虫心0.71汉化版（新）\reborn_workrepo\合作指挥官版起义狂潮\Mods\XM\XMFinal.SC2Mod\Base.SC2Data\GameData\SoundData.xml	skipped_existing
Dehaka_Silent	CSound	游戏数据/官方SC2原始文本镜像/mods/starcoop/starcoop.sc2mod/base.sc2data/gamedata/sounddata.xml	C:\Users\22448\Downloads\重生虫心0.71汉化版（新）\reborn_workrepo\合作指挥官版起义狂潮\Mods\XM\XMFinal.SC2Mod\Base.SC2Data\GameData\SoundData.xml	skipped_existing
Dehaka_Silent	CSound	游戏数据/官方SC2原始文本镜像/campaigns/swarm.sc2campaign/base.sc2data/gamedata/sounddata.xml	C:\Users\22448\Downloads\重生虫心0.71汉化版（新）\reborn_workrepo\合作指挥官版起义狂潮\Mods\XM\XMFinal.SC2Mod\Base.SC2Data\GameData\SoundData.xml	skipped_existing
Dehaka_Whoosh	CSound	游戏数据/官方SC2原始文本镜像/campaigns/swarm.sc2campaign/base.sc2data/gamedata/sounddata.xml	C:\Users\22448\Downloads\重生虫心0.71汉化版（新）\reborn_workrepo\合作指挥官版起义狂潮\Mods\XM\XMFinal.SC2Mod\Base.SC2Data\GameData\SoundData.xml	skipped_existing
DehakaMini_Attack_vox	CSound	游戏数据/官方SC2原始文本镜像/campaigns/swarm.sc2campaign/base.sc2data/gamedata/sounddata.xml	C:\Users\22448\Downloads\重生虫心0.71汉化版（新）\reborn_workrepo\合作指挥官版起义狂潮\Mods\XM\XMFinal.SC2Mod\Base.SC2Data\GameData\SoundData.xml	skipped_existing
DehakaMini_Bite	CSound	游戏数据/官方SC2原始文本镜像/campaigns/swarm.sc2campaign/base.sc2data/gamedata/sounddata.xml	C:\Users\22448\Downloads\重生虫心0.71汉化版（新）\reborn_workrepo\合作指挥官版起义狂潮\Mods\XM\XMFinal.SC2Mod\Base.SC2Data\GameData\SoundData.xml	skipped_existing
DehakaMini_Death	CSound	游戏数据/官方SC2原始文本镜像/campaigns/swarm.sc2campaign/base.sc2data/gamedata/sounddata.xml	C:\Users\22448\Downloads\重生虫心0.71汉化版（新）\reborn_workrepo\合作指挥官版起义狂潮\Mods\XM\XMFinal.SC2Mod\Base.SC2Data\GameData\SoundData.xml	skipped_existing
DehakaMini_Jump_land	CSound	游戏数据/官方SC2原始文本镜像/campaigns/swarm.sc2campaign/base.sc2data/gamedata/sounddata.xml	C:\Users\22448\Downloads\重生虫心0.71汉化版（新）\reborn_workrepo\合作指挥官版起义狂潮\Mods\XM\XMFinal.SC2Mod\Base.SC2Data\GameData\SoundData.xml	skipped_existing
DehakaMini_What	CSound	游戏数据/官方SC2原始文本镜像/campaigns/swarm.sc2campaign/base.sc2data/gamedata/sounddata.xml	C:\Users\22448\Downloads\重生虫心0.71汉化版（新）\reborn_workrepo\合作指挥官版起义狂潮\Mods\XM\XMFinal.SC2Mod\Base.SC2Data\GameData\SoundData.xml	skipped_existing
DehakaMini_Yes	CSound	游戏数据/官方SC2原始文本镜像/campaigns/swarm.sc2campaign/base.sc2data/gamedata/sounddata.xml	C:\Users\22448\Downloads\重生虫心0.71汉化版（新）\reborn_workrepo\合作指挥官版起义狂潮\Mods\XM\XMFinal.SC2Mod\Base.SC2Data\GameData\SoundData.xml	skipped_existing
Hologram_Death_Medium	CSound	游戏数据/官方SC2原始文本镜像/mods/starcoop/starcoop.sc2mod/base.sc2data/gamedata/sounddata.xml	C:\Users\22448\Downloads\重生虫心0.71汉化版（新）\reborn_workrepo\合作指挥官版起义狂潮\Mods\XM\XMFinal.SC2Mod\Base.SC2Data\GameData\SoundData.xml	skipped_existing
Hydralisk_Explode	CSound	游戏数据/官方SC2原始文本镜像/mods/starcoop/starcoop.sc2mod/base.sc2data/gamedata/sounddata.xml	C:\Users\22448\Downloads\重生虫心0.71汉化版（新）\reborn_workrepo\合作指挥官版起义狂潮\Mods\XM\XMFinal.SC2Mod\Base.SC2Data\GameData\SoundData.xml	skipped_existing
Hydralisk_Explode	CSound	游戏数据/官方SC2原始文本镜像/campaigns/swarm.sc2campaign/base.sc2data/gamedata/sounddata.xml	C:\Users\22448\Downloads\重生虫心0.71汉化版（新）\reborn_workrepo\合作指挥官版起义狂潮\Mods\XM\XMFinal.SC2Mod\Base.SC2Data\GameData\SoundData.xml	skipped_existing
InfestedCivilian_Death_VxFx	CSound	游戏数据/官方SC2原始文本镜像/mods/starcoop/starcoop.sc2mod/base.sc2data/gamedata/sounddata.xml	C:\Users\22448\Downloads\重生虫心0.71汉化版（新）\reborn_workrepo\合作指挥官版起义狂潮\Mods\XM\XMFinal.SC2Mod\Base.SC2Data\GameData\SoundData.xml	skipped_existing
InfestedCivilian_Explode	CSound	游戏数据/官方SC2原始文本镜像/mods/starcoop/starcoop.sc2mod/base.sc2data/gamedata/sounddata.xml	C:\Users\22448\Downloads\重生虫心0.71汉化版（新）\reborn_workrepo\合作指挥官版起义狂潮\Mods\XM\XMFinal.SC2Mod\Base.SC2Data\GameData\SoundData.xml	skipped_existing
InfestedSwarm_Attack	CSound	游戏数据/官方SC2原始文本镜像/mods/starcoop/starcoop.sc2mod/base.sc2data/gamedata/sounddata.xml	C:\Users\22448\Downloads\重生虫心0.71汉化版（新）\reborn_workrepo\合作指挥官版起义狂潮\Mods\XM\XMFinal.SC2Mod\Base.SC2Data\GameData\SoundData.xml	skipped_existing
InfestedSwarm_Pissed	CSound	游戏数据/官方SC2原始文本镜像/mods/starcoop/starcoop.sc2mod/base.sc2data/gamedata/sounddata.xml	C:\Users\22448\Downloads\重生虫心0.71汉化版（新）\reborn_workrepo\合作指挥官版起义狂潮\Mods\XM\XMFinal.SC2Mod\Base.SC2Data\GameData\SoundData.xml	skipped_existing
InfestedSwarm_Ready	CSound	游戏数据/官方SC2原始文本镜像/mods/starcoop/starcoop.sc2mod/base.sc2data/gamedata/sounddata.xml	C:\Users\22448\Downloads\重生虫心0.71汉化版（新）\reborn_workrepo\合作指挥官版起义狂潮\Mods\XM\XMFinal.SC2Mod\Base.SC2Data\GameData\SoundData.xml	skipped_existing
InfestedSwarm_What	CSound	游戏数据/官方SC2原始文本镜像/mods/starcoop/starcoop.sc2mod/base.sc2data/gamedata/sounddata.xml	C:\Users\22448\Downloads\重生虫心0.71汉化版（新）\reborn_workrepo\合作指挥官版起义狂潮\Mods\XM\XMFinal.SC2Mod\Base.SC2Data\GameData\SoundData.xml	skipped_existing
InfestedSwarm_Yes	CSound	游戏数据/官方SC2原始文本镜像/mods/starcoop/starcoop.sc2mod/base.sc2data/gamedata/sounddata.xml	C:\Users\22448\Downloads\重生虫心0.71汉化版（新）\reborn_workrepo\合作指挥官版起义狂潮\Mods\XM\XMFinal.SC2Mod\Base.SC2Data\GameData\SoundData.xml	skipped_existing
InfestedTerran_Explode	CSound	游戏数据/官方SC2原始文本镜像/campaigns/swarm.sc2campaign/base.sc2data/gamedata/sounddata.xml	C:\Users\22448\Downloads\重生虫心0.71汉化版（新）\reborn_workrepo\合作指挥官版起义狂潮\Mods\XM\XMFinal.SC2Mod\Base.SC2Data\GameData\SoundData.xml	skipped_existing
K5FurySound	CSound	游戏数据/官方SC2原始文本镜像/campaigns/swarm.sc2campaign/base.sc2data/gamedata/sounddata.xml	C:\Users\22448\Downloads\重生虫心0.71汉化版（新）\reborn_workrepo\合作指挥官版起义狂潮\Mods\XM\XMFinal.SC2Mod\Base.SC2Data\GameData\SoundData.xml	skipped_existing
KerriganCoop_Burrow	CSound	游戏数据/官方SC2原始文本镜像/mods/starcoop/starcoop.sc2mod/base.sc2data/gamedata/sounddata.xml	C:\Users\22448\Downloads\重生虫心0.71汉化版（新）\reborn_workrepo\合作指挥官版起义狂潮\Mods\XM\XMFinal.SC2Mod\Base.SC2Data\GameData\SoundData.xml	skipped_existing
KerriganCoop_Unburrow	CSound	游戏数据/官方SC2原始文本镜像/mods/starcoop/starcoop.sc2mod/base.sc2data/gamedata/sounddata.xml	C:\Users\22448\Downloads\重生虫心0.71汉化版（新）\reborn_workrepo\合作指挥官版起义狂潮\Mods\XM\XMFinal.SC2Mod\Base.SC2Data\GameData\SoundData.xml	skipped_existing
KerriganLevelUpSound	CSound	游戏数据/官方SC2原始文本镜像/campaigns/swarm.sc2campaign/base.sc2data/gamedata/sounddata.xml	C:\Users\22448\Downloads\重生虫心0.71汉化版（新）\reborn_workrepo\合作指挥官版起义狂潮\Mods\XM\XMFinal.SC2Mod\Base.SC2Data\GameData\SoundData.xml	skipped_existing
KerriganVoid_Pissed	CSound	游戏数据/官方SC2原始文本镜像/mods/starcoop/starcoop.sc2mod/base.sc2data/gamedata/sounddata.xml	C:\Users\22448\Downloads\重生虫心0.71汉化版（新）\reborn_workrepo\合作指挥官版起义狂潮\Mods\XM\XMFinal.SC2Mod\Base.SC2Data\GameData\SoundData.xml	skipped_existing
KerriganX1_Attack	CSound	游戏数据/官方SC2原始文本镜像/campaigns/swarm.sc2campaign/base.sc2data/gamedata/sounddata.xml	C:\Users\22448\Downloads\重生虫心0.71汉化版（新）\reborn_workrepo\合作指挥官版起义狂潮\Mods\XM\XMFinal.SC2Mod\Base.SC2Data\GameData\SoundData.xml	skipped_existing
KerriganX1_Death_Primal	CSound	游戏数据/官方SC2原始文本镜像/campaigns/swarm.sc2campaign/base.sc2data/gamedata/sounddata.xml	C:\Users\22448\Downloads\重生虫心0.71汉化版（新）\reborn_workrepo\合作指挥官版起义狂潮\Mods\XM\XMFinal.SC2Mod\Base.SC2Data\GameData\SoundData.xml	skipped_existing
KerriganX1_Death_Queen	CSound	游戏数据/官方SC2原始文本镜像/campaigns/swarm.sc2campaign/base.sc2data/gamedata/sounddata.xml	C:\Users\22448\Downloads\重生虫心0.71汉化版（新）\reborn_workrepo\合作指挥官版起义狂潮\Mods\XM\XMFinal.SC2Mod\Base.SC2Data\GameData\SoundData.xml	skipped_existing
KerriganX1_Death	CSound	游戏数据/官方SC2原始文本镜像/campaigns/swarm.sc2campaign/base.sc2data/gamedata/sounddata.xml	C:\Users\22448\Downloads\重生虫心0.71汉化版（新）\reborn_workrepo\合作指挥官版起义狂潮\Mods\XM\XMFinal.SC2Mod\Base.SC2Data\GameData\SoundData.xml	skipped_existing
KerriganX1_Help	CSound	游戏数据/官方SC2原始文本镜像/campaigns/swarm.sc2campaign/base.sc2data/gamedata/sounddata.xml	C:\Users\22448\Downloads\重生虫心0.71汉化版（新）\reborn_workrepo\合作指挥官版起义狂潮\Mods\XM\XMFinal.SC2Mod\Base.SC2Data\GameData\SoundData.xml	skipped_existing
KerriganX1_Pissed	CSound	游戏数据/官方SC2原始文本镜像/campaigns/swarm.sc2campaign/base.sc2data/gamedata/sounddata.xml	C:\Users\22448\Downloads\重生虫心0.71汉化版（新）\reborn_workrepo\合作指挥官版起义狂潮\Mods\XM\XMFinal.SC2Mod\Base.SC2Data\GameData\SoundData.xml	skipped_existing
KerriganX1_Ready_Primal	CSound	游戏数据/官方SC2原始文本镜像/campaigns/swarm.sc2campaign/base.sc2data/gamedata/sounddata.xml	C:\Users\22448\Downloads\重生虫心0.71汉化版（新）\reborn_workrepo\合作指挥官版起义狂潮\Mods\XM\XMFinal.SC2Mod\Base.SC2Data\GameData\SoundData.xml	skipped_existing
KerriganX1_Ready_Queen	CSound	游戏数据/官方SC2原始文本镜像/campaigns/swarm.sc2campaign/base.sc2data/gamedata/sounddata.xml	C:\Users\22448\Downloads\重生虫心0.71汉化版（新）\reborn_workrepo\合作指挥官版起义狂潮\Mods\XM\XMFinal.SC2Mod\Base.SC2Data\GameData\SoundData.xml	skipped_existing
KerriganX1_Ready	CSound	游戏数据/官方SC2原始文本镜像/campaigns/swarm.sc2campaign/base.sc2data/gamedata/sounddata.xml	C:\Users\22448\Downloads\重生虫心0.71汉化版（新）\reborn_workrepo\合作指挥官版起义狂潮\Mods\XM\XMFinal.SC2Mod\Base.SC2Data\GameData\SoundData.xml	skipped_existing
KerriganX1_What	CSound	游戏数据/官方SC2原始文本镜像/campaigns/swarm.sc2campaign/base.sc2data/gamedata/sounddata.xml	C:\Users\22448\Downloads\重生虫心0.71汉化版（新）\reborn_workrepo\合作指挥官版起义狂潮\Mods\XM\XMFinal.SC2Mod\Base.SC2Data\GameData\SoundData.xml	skipped_existing
KerriganX1_Yes	CSound	游戏数据/官方SC2原始文本镜像/campaigns/swarm.sc2campaign/base.sc2data/gamedata/sounddata.xml	C:\Users\22448\Downloads\重生虫心0.71汉化版（新）\reborn_workrepo\合作指挥官版起义狂潮\Mods\XM\XMFinal.SC2Mod\Base.SC2Data\GameData\SoundData.xml	skipped_existing
KorhalSporeCannon_AttackLaunch	CSound	游戏数据/官方SC2原始文本镜像/campaigns/swarm.sc2campaign/base.sc2data/gamedata/sounddata.xml	C:\Users\22448\Downloads\重生虫心0.71汉化版（新）\reborn_workrepo\合作指挥官版起义狂潮\Mods\XM\XMFinal.SC2Mod\Base.SC2Data\GameData\SoundData.xml	skipped_existing
KorhalSporeCannon_Emerge	CSound	游戏数据/官方SC2原始文本镜像/campaigns/swarm.sc2campaign/base.sc2data/gamedata/sounddata.xml	C:\Users\22448\Downloads\重生虫心0.71汉化版（新）\reborn_workrepo\合作指挥官版起义狂潮\Mods\XM\XMFinal.SC2Mod\Base.SC2Data\GameData\SoundData.xml	skipped_existing
Leviathan_Attack	CSound	游戏数据/官方SC2原始文本镜像/mods/starcoop/starcoop.sc2mod/base.sc2data/gamedata/sounddata.xml	C:\Users\22448\Downloads\重生虫心0.71汉化版（新）\reborn_workrepo\合作指挥官版起义狂潮\Mods\XM\XMFinal.SC2Mod\Base.SC2Data\GameData\SoundData.xml	skipped_existing
Leviathan_Attack	CSound	游戏数据/官方SC2原始文本镜像/campaigns/swarm.sc2campaign/base.sc2data/gamedata/sounddata.xml	C:\Users\22448\Downloads\重生虫心0.71汉化版（新）\reborn_workrepo\合作指挥官版起义狂潮\Mods\XM\XMFinal.SC2Mod\Base.SC2Data\GameData\SoundData.xml	skipped_existing
Leviathan_Ready	CSound	游戏数据/官方SC2原始文本镜像/mods/starcoop/starcoop.sc2mod/base.sc2data/gamedata/sounddata.xml	C:\Users\22448\Downloads\重生虫心0.71汉化版（新）\reborn_workrepo\合作指挥官版起义狂潮\Mods\XM\XMFinal.SC2Mod\Base.SC2Data\GameData\SoundData.xml	skipped_existing
Leviathan_Ready	CSound	游戏数据/官方SC2原始文本镜像/campaigns/swarm.sc2campaign/base.sc2data/gamedata/sounddata.xml	C:\Users\22448\Downloads\重生虫心0.71汉化版（新）\reborn_workrepo\合作指挥官版起义狂潮\Mods\XM\XMFinal.SC2Mod\Base.SC2Data\GameData\SoundData.xml	skipped_existing
Leviathan_What	CSound	游戏数据/官方SC2原始文本镜像/mods/starcoop/starcoop.sc2mod/base.sc2data/gamedata/sounddata.xml	C:\Users\22448\Downloads\重生虫心0.71汉化版（新）\reborn_workrepo\合作指挥官版起义狂潮\Mods\XM\XMFinal.SC2Mod\Base.SC2Data\GameData\SoundData.xml	skipped_existing
Leviathan_What	CSound	游戏数据/官方SC2原始文本镜像/campaigns/swarm.sc2campaign/base.sc2data/gamedata/sounddata.xml	C:\Users\22448\Downloads\重生虫心0.71汉化版（新）\reborn_workrepo\合作指挥官版起义狂潮\Mods\XM\XMFinal.SC2Mod\Base.SC2Data\GameData\SoundData.xml	skipped_existing
Leviathan_Yes	CSound	游戏数据/官方SC2原始文本镜像/mods/starcoop/starcoop.sc2mod/base.sc2data/gamedata/sounddata.xml	C:\Users\22448\Downloads\重生虫心0.71汉化版（新）\reborn_workrepo\合作指挥官版起义狂潮\Mods\XM\XMFinal.SC2Mod\Base.SC2Data\GameData\SoundData.xml	skipped_existing
Leviathan_Yes	CSound	游戏数据/官方SC2原始文本镜像/campaigns/swarm.sc2campaign/base.sc2data/gamedata/sounddata.xml	C:\Users\22448\Downloads\重生虫心0.71汉化版（新）\reborn_workrepo\合作指挥官版起义狂潮\Mods\XM\XMFinal.SC2Mod\Base.SC2Data\GameData\SoundData.xml	skipped_existing
Niadra_Attack	CSound	游戏数据/官方SC2原始文本镜像/campaigns/swarm.sc2campaign/base.sc2data/gamedata/sounddata.xml	C:\Users\22448\Downloads\重生虫心0.71汉化版（新）\reborn_workrepo\合作指挥官版起义狂潮\Mods\XM\XMFinal.SC2Mod\Base.SC2Data\GameData\SoundData.xml	skipped_existing
Niadra_Death	CSound	游戏数据/官方SC2原始文本镜像/campaigns/swarm.sc2campaign/base.sc2data/gamedata/sounddata.xml	C:\Users\22448\Downloads\重生虫心0.71汉化版（新）\reborn_workrepo\合作指挥官版起义狂潮\Mods\XM\XMFinal.SC2Mod\Base.SC2Data\GameData\SoundData.xml	skipped_existing
Niadra_Help	CSound	游戏数据/官方SC2原始文本镜像/campaigns/swarm.sc2campaign/base.sc2data/gamedata/sounddata.xml	C:\Users\22448\Downloads\重生虫心0.71汉化版（新）\reborn_workrepo\合作指挥官版起义狂潮\Mods\XM\XMFinal.SC2Mod\Base.SC2Data\GameData\SoundData.xml	skipped_existing
Niadra_Pissed	CSound	游戏数据/官方SC2原始文本镜像/campaigns/swarm.sc2campaign/base.sc2data/gamedata/sounddata.xml	C:\Users\22448\Downloads\重生虫心0.71汉化版（新）\reborn_workrepo\合作指挥官版起义狂潮\Mods\XM\XMFinal.SC2Mod\Base.SC2Data\GameData\SoundData.xml	skipped_existing
Niadra_What	CSound	游戏数据/官方SC2原始文本镜像/campaigns/swarm.sc2campaign/base.sc2data/gamedata/sounddata.xml	C:\Users\22448\Downloads\重生虫心0.71汉化版（新）\reborn_workrepo\合作指挥官版起义狂潮\Mods\XM\XMFinal.SC2Mod\Base.SC2Data\GameData\SoundData.xml	skipped_existing
Niadra_Yes	CSound	游戏数据/官方SC2原始文本镜像/campaigns/swarm.sc2campaign/base.sc2data/gamedata/sounddata.xml	C:\Users\22448\Downloads\重生虫心0.71汉化版（新）\reborn_workrepo\合作指挥官版起义狂潮\Mods\XM\XMFinal.SC2Mod\Base.SC2Data\GameData\SoundData.xml	skipped_existing
Nydus_Unburrow	CSound	游戏数据/官方SC2原始文本镜像/campaigns/swarm.sc2campaign/base.sc2data/gamedata/sounddata.xml	C:\Users\22448\Downloads\重生虫心0.71汉化版（新）\reborn_workrepo\合作指挥官版起义狂潮\Mods\XM\XMFinal.SC2Mod\Base.SC2Data\GameData\SoundData.xml	skipped_existing
PrimalUltralisk_AttackImpact	CSound	游戏数据/官方SC2原始文本镜像/campaigns/swarm.sc2campaign/base.sc2data/gamedata/sounddata.xml	C:\Users\22448\Downloads\重生虫心0.71汉化版（新）\reborn_workrepo\合作指挥官版起义狂潮\Mods\XM\XMFinal.SC2Mod\Base.SC2Data\GameData\SoundData.xml	skipped_existing
Roach_Explode	CSound	游戏数据/官方SC2原始文本镜像/mods/starcoop/starcoop.sc2mod/base.sc2data/gamedata/sounddata.xml	C:\Users\22448\Downloads\重生虫心0.71汉化版（新）\reborn_workrepo\合作指挥官版起义狂潮\Mods\XM\XMFinal.SC2Mod\Base.SC2Data\GameData\SoundData.xml	skipped_existing
Roachling_Death	CSound	游戏数据/官方SC2原始文本镜像/campaigns/swarm.sc2campaign/base.sc2data/gamedata/sounddata.xml	C:\Users\22448\Downloads\重生虫心0.71汉化版（新）\reborn_workrepo\合作指挥官版起义狂潮\Mods\XM\XMFinal.SC2Mod\Base.SC2Data\GameData\SoundData.xml	skipped_existing
Roachling_Explode	CSound	游戏数据/官方SC2原始文本镜像/campaigns/swarm.sc2campaign/base.sc2data/gamedata/sounddata.xml	C:\Users\22448\Downloads\重生虫心0.71汉化版（新）\reborn_workrepo\合作指挥官版起义狂潮\Mods\XM\XMFinal.SC2Mod\Base.SC2Data\GameData\SoundData.xml	skipped_existing
RoachVile_Explode	CSound	游戏数据/官方SC2原始文本镜像/campaigns/swarm.sc2campaign/base.sc2data/gamedata/sounddata.xml	C:\Users\22448\Downloads\重生虫心0.71汉化版（新）\reborn_workrepo\合作指挥官版起义狂潮\Mods\XM\XMFinal.SC2Mod\Base.SC2Data\GameData\SoundData.xml	skipped_existing
ScourgeNest_Explosion	CSound	游戏数据/官方SC2原始文本镜像/mods/starcoop/starcoop.sc2mod/base.sc2data/gamedata/sounddata.xml	C:\Users\22448\Downloads\重生虫心0.71汉化版（新）\reborn_workrepo\合作指挥官版起义狂潮\Mods\XM\XMFinal.SC2Mod\Base.SC2Data\GameData\SoundData.xml	skipped_existing
Spell_DeepTunnel_Burrow	CSound	游戏数据/官方SC2原始文本镜像/campaigns/swarm.sc2campaign/base.sc2data/gamedata/sounddata.xml	C:\Users\22448\Downloads\重生虫心0.71汉化版（新）\reborn_workrepo\合作指挥官版起义狂潮\Mods\XM\XMFinal.SC2Mod\Base.SC2Data\GameData\SoundData.xml	skipped_existing
Spell_DeepTunnel_Unburrow	CSound	游戏数据/官方SC2原始文本镜像/campaigns/swarm.sc2campaign/base.sc2data/gamedata/sounddata.xml	C:\Users\22448\Downloads\重生虫心0.71汉化版（新）\reborn_workrepo\合作指挥官版起义狂潮\Mods\XM\XMFinal.SC2Mod\Base.SC2Data\GameData\SoundData.xml	skipped_existing
Spell_SpawnLeviathan_WarpIn	CSound	游戏数据/官方SC2原始文本镜像/campaigns/swarm.sc2campaign/base.sc2data/gamedata/sounddata.xml	C:\Users\22448\Downloads\重生虫心0.71汉化版（新）\reborn_workrepo\合作指挥官版起义狂潮\Mods\XM\XMFinal.SC2Mod\Base.SC2Data\GameData\SoundData.xml	skipped_existing
Stukov_Attack	CSound	游戏数据/官方SC2原始文本镜像/campaigns/swarm.sc2campaign/base.sc2data/gamedata/sounddata.xml	C:\Users\22448\Downloads\重生虫心0.71汉化版（新）\reborn_workrepo\合作指挥官版起义狂潮\Mods\XM\XMFinal.SC2Mod\Base.SC2Data\GameData\SoundData.xml	skipped_existing
Stukov_Broodling_Attack	CSound	游戏数据/官方SC2原始文本镜像/mods/starcoop/starcoop.sc2mod/base.sc2data/gamedata/sounddata.xml	C:\Users\22448\Downloads\重生虫心0.71汉化版（新）\reborn_workrepo\合作指挥官版起义狂潮\Mods\XM\XMFinal.SC2Mod\Base.SC2Data\GameData\SoundData.xml	skipped_existing
Stukov_Death_BodyFall	CSound	游戏数据/官方SC2原始文本镜像/campaigns/swarm.sc2campaign/base.sc2data/gamedata/sounddata.xml	C:\Users\22448\Downloads\重生虫心0.71汉化版（新）\reborn_workrepo\合作指挥官版起义狂潮\Mods\XM\XMFinal.SC2Mod\Base.SC2Data\GameData\SoundData.xml	skipped_existing
Stukov_Death_FallToKnees	CSound	游戏数据/官方SC2原始文本镜像/campaigns/swarm.sc2campaign/base.sc2data/gamedata/sounddata.xml	C:\Users\22448\Downloads\重生虫心0.71汉化版（新）\reborn_workrepo\合作指挥官版起义狂潮\Mods\XM\XMFinal.SC2Mod\Base.SC2Data\GameData\SoundData.xml	skipped_existing
Stukov_Death	CSound	游戏数据/官方SC2原始文本镜像/campaigns/swarm.sc2campaign/base.sc2data/gamedata/sounddata.xml	C:\Users\22448\Downloads\重生虫心0.71汉化版（新）\reborn_workrepo\合作指挥官版起义狂潮\Mods\XM\XMFinal.SC2Mod\Base.SC2Data\GameData\SoundData.xml	skipped_existing
Stukov_Help	CSound	游戏数据/官方SC2原始文本镜像/campaigns/swarm.sc2campaign/base.sc2data/gamedata/sounddata.xml	C:\Users\22448\Downloads\重生虫心0.71汉化版（新）\reborn_workrepo\合作指挥官版起义狂潮\Mods\XM\XMFinal.SC2Mod\Base.SC2Data\GameData\SoundData.xml	skipped_existing
Stukov_Pissed	CSound	游戏数据/官方SC2原始文本镜像/campaigns/swarm.sc2campaign/base.sc2data/gamedata/sounddata.xml	C:\Users\22448\Downloads\重生虫心0.71汉化版（新）\reborn_workrepo\合作指挥官版起义狂潮\Mods\XM\XMFinal.SC2Mod\Base.SC2Data\GameData\SoundData.xml	skipped_existing
Stukov_Ready	CSound	游戏数据/官方SC2原始文本镜像/campaigns/swarm.sc2campaign/base.sc2data/gamedata/sounddata.xml	C:\Users\22448\Downloads\重生虫心0.71汉化版（新）\reborn_workrepo\合作指挥官版起义狂潮\Mods\XM\XMFinal.SC2Mod\Base.SC2Data\GameData\SoundData.xml	skipped_existing
Stukov_What	CSound	游戏数据/官方SC2原始文本镜像/campaigns/swarm.sc2campaign/base.sc2data/gamedata/sounddata.xml	C:\Users\22448\Downloads\重生虫心0.71汉化版（新）\reborn_workrepo\合作指挥官版起义狂潮\Mods\XM\XMFinal.SC2Mod\Base.SC2Data\GameData\SoundData.xml	skipped_existing
Stukov_Yes	CSound	游戏数据/官方SC2原始文本镜像/campaigns/swarm.sc2campaign/base.sc2data/gamedata/sounddata.xml	C:\Users\22448\Downloads\重生虫心0.71汉化版（新）\reborn_workrepo\合作指挥官版起义狂潮\Mods\XM\XMFinal.SC2Mod\Base.SC2Data\GameData\SoundData.xml	skipped_existing
SwarmHost_Yes	CSound	游戏数据/官方SC2原始文本镜像/mods/starcoop/starcoop.sc2mod/base.sc2data/gamedata/sounddata.xml	C:\Users\22448\Downloads\重生虫心0.71汉化版（新）\reborn_workrepo\合作指挥官版起义狂潮\Mods\XM\XMFinal.SC2Mod\Base.SC2Data\GameData\SoundData.xml	skipped_existing
Ultralisk_Attack	CSound	游戏数据/官方SC2原始文本镜像/mods/starcoop/starcoop.sc2mod/base.sc2data/gamedata/sounddata.xml	C:\Users\22448\Downloads\重生虫心0.71汉化版（新）\reborn_workrepo\合作指挥官版起义狂潮\Mods\XM\XMFinal.SC2Mod\Base.SC2Data\GameData\SoundData.xml	skipped_existing
Ultralisk_Movement	CSound	游戏数据/官方SC2原始文本镜像/mods/starcoop/starcoop.sc2mod/base.sc2data/gamedata/sounddata.xml	C:\Users\22448\Downloads\重生虫心0.71汉化版（新）\reborn_workrepo\合作指挥官版起义狂潮\Mods\XM\XMFinal.SC2Mod\Base.SC2Data\GameData\SoundData.xml	skipped_existing
Ultralisk_Pissed	CSound	游戏数据/官方SC2原始文本镜像/mods/starcoop/starcoop.sc2mod/base.sc2data/gamedata/sounddata.xml	C:\Users\22448\Downloads\重生虫心0.71汉化版（新）\reborn_workrepo\合作指挥官版起义狂潮\Mods\XM\XMFinal.SC2Mod\Base.SC2Data\GameData\SoundData.xml	skipped_existing
Ultralisk_Ready	CSound	游戏数据/官方SC2原始文本镜像/mods/starcoop/starcoop.sc2mod/base.sc2data/gamedata/sounddata.xml	C:\Users\22448\Downloads\重生虫心0.71汉化版（新）\reborn_workrepo\合作指挥官版起义狂潮\Mods\XM\XMFinal.SC2Mod\Base.SC2Data\GameData\SoundData.xml	skipped_existing
Ultralisk_What	CSound	游戏数据/官方SC2原始文本镜像/mods/starcoop/starcoop.sc2mod/base.sc2data/gamedata/sounddata.xml	C:\Users\22448\Downloads\重生虫心0.71汉化版（新）\reborn_workrepo\合作指挥官版起义狂潮\Mods\XM\XMFinal.SC2Mod\Base.SC2Data\GameData\SoundData.xml	skipped_existing
Ultralisk_Yes	CSound	游戏数据/官方SC2原始文本镜像/mods/starcoop/starcoop.sc2mod/base.sc2data/gamedata/sounddata.xml	C:\Users\22448\Downloads\重生虫心0.71汉化版（新）\reborn_workrepo\合作指挥官版起义狂潮\Mods\XM\XMFinal.SC2Mod\Base.SC2Data\GameData\SoundData.xml	skipped_existing
Virophage_birth	CSound	游戏数据/官方SC2原始文本镜像/campaigns/swarm.sc2campaign/base.sc2data/gamedata/sounddata.xml	C:\Users\22448\Downloads\重生虫心0.71汉化版（新）\reborn_workrepo\合作指挥官版起义狂潮\Mods\XM\XMFinal.SC2Mod\Base.SC2Data\GameData\SoundData.xml	skipped_existing
Virophage_Stand	CSound	游戏数据/官方SC2原始文本镜像/campaigns/swarm.sc2campaign/base.sc2data/gamedata/sounddata.xml	C:\Users\22448\Downloads\重生虫心0.71汉化版（新）\reborn_workrepo\合作指挥官版起义狂潮\Mods\XM\XMFinal.SC2Mod\Base.SC2Data\GameData\SoundData.xml	skipped_existing
Zerg_ExplosionLarge	CSound	游戏数据/官方SC2原始文本镜像/mods/starcoop/starcoop.sc2mod/base.sc2data/gamedata/sounddata.xml	C:\Users\22448\Downloads\重生虫心0.71汉化版（新）\reborn_workrepo\合作指挥官版起义狂潮\Mods\XM\XMFinal.SC2Mod\Base.SC2Data\GameData\SoundData.xml	skipped_existing
Zerg_ExplosionMedium	CSound	游戏数据/官方SC2原始文本镜像/mods/starcoop/starcoop.sc2mod/base.sc2data/gamedata/sounddata.xml	C:\Users\22448\Downloads\重生虫心0.71汉化版（新）\reborn_workrepo\合作指挥官版起义狂潮\Mods\XM\XMFinal.SC2Mod\Base.SC2Data\GameData\SoundData.xml	skipped_existing
Zerg_ExplosionSmall	CSound	游戏数据/官方SC2原始文本镜像/mods/starcoop/starcoop.sc2mod/base.sc2data/gamedata/sounddata.xml	C:\Users\22448\Downloads\重生虫心0.71汉化版（新）\reborn_workrepo\合作指挥官版起义狂潮\Mods\XM\XMFinal.SC2Mod\Base.SC2Data\GameData\SoundData.xml	skipped_existing
Zergling_Explode	CSound	游戏数据/官方SC2原始文本镜像/mods/starcoop/starcoop.sc2mod/base.sc2data/gamedata/sounddata.xml	C:\Users\22448\Downloads\重生虫心0.71汉化版（新）\reborn_workrepo\合作指挥官版起义狂潮\Mods\XM\XMFinal.SC2Mod\Base.SC2Data\GameData\SoundData.xml	skipped_existing
Zerus01_Drone_MeatHarvest	CSound	游戏数据/官方SC2原始文本镜像/campaigns/swarm.sc2campaign/base.sc2data/gamedata/sounddata.xml	C:\Users\22448\Downloads\重生虫心0.71汉化版（新）\reborn_workrepo\合作指挥官版起义狂潮\Mods\XM\XMFinal.SC2Mod\Base.SC2Data\GameData\SoundData.xml	skipped_existing
BileLauncherZagara	CTurret	游戏数据/官方SC2原始文本镜像/mods/starcoop/starcoop.sc2mod/base.sc2data/gamedata/turretdata.xml	C:\Users\22448\Downloads\重生虫心0.71汉化版（新）\reborn_workrepo\合作指挥官版起义狂潮\Mods\XM\XMFinal.SC2Mod\Base.SC2Data\GameData\TurretData.xml	skipped_existing
KorhalSporeCannon	CTurret	游戏数据/官方SC2原始文本镜像/campaigns/swarm.sc2campaign/base.sc2data/gamedata/turretdata.xml	C:\Users\22448\Downloads\重生虫心0.71汉化版（新）\reborn_workrepo\合作指挥官版起义狂潮\Mods\XM\XMFinal.SC2Mod\Base.SC2Data\GameData\TurretData.xml	skipped_existing
Symbiote	CTurret	游戏数据/官方SC2原始文本镜像/mods/starcoop/starcoop.sc2mod/base.sc2data/gamedata/turretdata.xml	C:\Users\22448\Downloads\重生虫心0.71汉化版（新）\reborn_workrepo\合作指挥官版起义狂潮\Mods\XM\XMFinal.SC2Mod\Base.SC2Data\GameData\TurretData.xml	skipped_existing
AbathurLavaWorm	CUnit	游戏数据/官方SC2原始文本镜像/mods/starcoop/starcoop.sc2mod/base.sc2data/gamedata/unitdata.xml	C:\Users\22448\Downloads\重生虫心0.71汉化版（新）\reborn_workrepo\合作指挥官版起义狂潮\Mods\XM\XMFinal.SC2Mod\Base.SC2Data\GameData\UnitData.xml	skipped_existing
AbathurLocust	CUnit	游戏数据/官方SC2原始文本镜像/mods/starcoop/starcoop.sc2mod/base.sc2data/gamedata/unitdata.xml	C:\Users\22448\Downloads\重生虫心0.71汉化版（新）\reborn_workrepo\合作指挥官版起义狂潮\Mods\XM\XMFinal.SC2Mod\Base.SC2Data\GameData\UnitData.xml	skipped_existing
AbathurSymbioteBrutalisk	CUnit	游戏数据/官方SC2原始文本镜像/mods/starcoop/starcoop.sc2mod/base.sc2data/gamedata/unitdata.xml	C:\Users\22448\Downloads\重生虫心0.71汉化版（新）\reborn_workrepo\合作指挥官版起义狂潮\Mods\XM\XMFinal.SC2Mod\Base.SC2Data\GameData\UnitData.xml	skipped_existing
AbathurSymbioteLeviathan	CUnit	游戏数据/官方SC2原始文本镜像/mods/starcoop/starcoop.sc2mod/base.sc2data/gamedata/unitdata.xml	C:\Users\22448\Downloads\重生虫心0.71汉化版（新）\reborn_workrepo\合作指挥官版起义狂潮\Mods\XM\XMFinal.SC2Mod\Base.SC2Data\GameData\UnitData.xml	skipped_existing
Archon	CUnit	游戏数据/官方SC2原始文本镜像/mods/starcoop/starcoop.sc2mod/base.sc2data/gamedata/unitdata.xml	C:\Users\22448\Downloads\重生虫心0.71汉化版（新）\reborn_workrepo\合作指挥官版起义狂潮\Mods\XM\XMFinal.SC2Mod\Base.SC2Data\GameData\UnitData.xml	skipped_existing
Archon	CUnit	游戏数据/官方SC2原始文本镜像/campaigns/swarm.sc2campaign/base.sc2data/gamedata/unitdata.xml	C:\Users\22448\Downloads\重生虫心0.71汉化版（新）\reborn_workrepo\合作指挥官版起义狂潮\Mods\XM\XMFinal.SC2Mod\Base.SC2Data\GameData\UnitData.xml	skipped_existing
AutomatedExtractor	CUnit	游戏数据/官方SC2原始文本镜像/mods/starcoop/starcoop.sc2mod/base.sc2data/gamedata/unitdata.xml	C:\Users\22448\Downloads\重生虫心0.71汉化版（新）\reborn_workrepo\合作指挥官版起义狂潮\Mods\XM\XMFinal.SC2Mod\Base.SC2Data\GameData\UnitData.xml	skipped_existing
AutomatedExtractor	CUnit	游戏数据/官方SC2原始文本镜像/campaigns/swarm.sc2campaign/base.sc2data/gamedata/unitdata.xml	C:\Users\22448\Downloads\重生虫心0.71汉化版（新）\reborn_workrepo\合作指挥官版起义狂潮\Mods\XM\XMFinal.SC2Mod\Base.SC2Data\GameData\UnitData.xml	skipped_existing
Baneling	CUnit	游戏数据/官方SC2原始文本镜像/mods/starcoop/starcoop.sc2mod/base.sc2data/gamedata/unitdata.xml	C:\Users\22448\Downloads\重生虫心0.71汉化版（新）\reborn_workrepo\合作指挥官版起义狂潮\Mods\XM\XMFinal.SC2Mod\Base.SC2Data\GameData\UnitData.xml	skipped_existing
Baneling	CUnit	游戏数据/官方SC2原始文本镜像/campaigns/swarm.sc2campaign/base.sc2data/gamedata/unitdata.xml	C:\Users\22448\Downloads\重生虫心0.71汉化版（新）\reborn_workrepo\合作指挥官版起义狂潮\Mods\XM\XMFinal.SC2Mod\Base.SC2Data\GameData\UnitData.xml	skipped_existing
BanelingBurrowed	CUnit	游戏数据/官方SC2原始文本镜像/mods/starcoop/starcoop.sc2mod/base.sc2data/gamedata/unitdata.xml	C:\Users\22448\Downloads\重生虫心0.71汉化版（新）\reborn_workrepo\合作指挥官版起义狂潮\Mods\XM\XMFinal.SC2Mod\Base.SC2Data\GameData\UnitData.xml	skipped_existing
BanelingBurrowed	CUnit	游戏数据/官方SC2原始文本镜像/campaigns/swarm.sc2campaign/base.sc2data/gamedata/unitdata.xml	C:\Users\22448\Downloads\重生虫心0.71汉化版（新）\reborn_workrepo\合作指挥官版起义狂潮\Mods\XM\XMFinal.SC2Mod\Base.SC2Data\GameData\UnitData.xml	skipped_existing
BanelingNest	CUnit	游戏数据/官方SC2原始文本镜像/mods/starcoop/starcoop.sc2mod/base.sc2data/gamedata/unitdata.xml	C:\Users\22448\Downloads\重生虫心0.71汉化版（新）\reborn_workrepo\合作指挥官版起义狂潮\Mods\XM\XMFinal.SC2Mod\Base.SC2Data\GameData\UnitData.xml	skipped_existing
BanelingNest	CUnit	游戏数据/官方SC2原始文本镜像/campaigns/swarm.sc2campaign/base.sc2data/gamedata/unitdata.xml	C:\Users\22448\Downloads\重生虫心0.71汉化版（新）\reborn_workrepo\合作指挥官版起义狂潮\Mods\XM\XMFinal.SC2Mod\Base.SC2Data\GameData\UnitData.xml	skipped_existing
Banshee	CUnit	游戏数据/官方SC2原始文本镜像/mods/starcoop/starcoop.sc2mod/base.sc2data/gamedata/unitdata.xml	C:\Users\22448\Downloads\重生虫心0.71汉化版（新）\reborn_workrepo\合作指挥官版起义狂潮\Mods\XM\XMFinal.SC2Mod\Base.SC2Data\GameData\UnitData.xml	skipped_existing
Banshee	CUnit	游戏数据/官方SC2原始文本镜像/campaigns/swarm.sc2campaign/base.sc2data/gamedata/unitdata.xml	C:\Users\22448\Downloads\重生虫心0.71汉化版（新）\reborn_workrepo\合作指挥官版起义狂潮\Mods\XM\XMFinal.SC2Mod\Base.SC2Data\GameData\UnitData.xml	skipped_existing
Battlecruiser	CUnit	游戏数据/官方SC2原始文本镜像/mods/starcoop/starcoop.sc2mod/base.sc2data/gamedata/unitdata.xml	C:\Users\22448\Downloads\重生虫心0.71汉化版（新）\reborn_workrepo\合作指挥官版起义狂潮\Mods\XM\XMFinal.SC2Mod\Base.SC2Data\GameData\UnitData.xml	skipped_existing
BileLauncherZagara	CUnit	游戏数据/官方SC2原始文本镜像/mods/starcoop/starcoop.sc2mod/base.sc2data/gamedata/unitdata.xml	C:\Users\22448\Downloads\重生虫心0.71汉化版（新）\reborn_workrepo\合作指挥官版起义狂潮\Mods\XM\XMFinal.SC2Mod\Base.SC2Data\GameData\UnitData.xml	skipped_existing
Broodling	CUnit	游戏数据/官方SC2原始文本镜像/mods/starcoop/starcoop.sc2mod/base.sc2data/gamedata/unitdata.xml	C:\Users\22448\Downloads\重生虫心0.71汉化版（新）\reborn_workrepo\合作指挥官版起义狂潮\Mods\XM\XMFinal.SC2Mod\Base.SC2Data\GameData\UnitData.xml	skipped_existing
Broodling	CUnit	游戏数据/官方SC2原始文本镜像/campaigns/swarm.sc2campaign/base.sc2data/gamedata/unitdata.xml	C:\Users\22448\Downloads\重生虫心0.71汉化版（新）\reborn_workrepo\合作指挥官版起义狂潮\Mods\XM\XMFinal.SC2Mod\Base.SC2Data\GameData\UnitData.xml	skipped_existing
BroodlingDefault	CUnit	游戏数据/官方SC2原始文本镜像/mods/starcoop/starcoop.sc2mod/base.sc2data/gamedata/unitdata.xml	C:\Users\22448\Downloads\重生虫心0.71汉化版（新）\reborn_workrepo\合作指挥官版起义狂潮\Mods\XM\XMFinal.SC2Mod\Base.SC2Data\GameData\UnitData.xml	skipped_existing
BroodMother	CUnit	游戏数据/官方SC2原始文本镜像/mods/starcoop/starcoop.sc2mod/base.sc2data/gamedata/unitdata.xml	C:\Users\22448\Downloads\重生虫心0.71汉化版（新）\reborn_workrepo\合作指挥官版起义狂潮\Mods\XM\XMFinal.SC2Mod\Base.SC2Data\GameData\UnitData.xml	skipped_existing
BroodMother	CUnit	游戏数据/官方SC2原始文本镜像/campaigns/swarm.sc2campaign/base.sc2data/gamedata/unitdata.xml	C:\Users\22448\Downloads\重生虫心0.71汉化版（新）\reborn_workrepo\合作指挥官版起义狂潮\Mods\XM\XMFinal.SC2Mod\Base.SC2Data\GameData\UnitData.xml	skipped_existing
Brutalisk	CUnit	游戏数据/官方SC2原始文本镜像/mods/starcoop/starcoop.sc2mod/base.sc2data/gamedata/unitdata.xml	C:\Users\22448\Downloads\重生虫心0.71汉化版（新）\reborn_workrepo\合作指挥官版起义狂潮\Mods\XM\XMFinal.SC2Mod\Base.SC2Data\GameData\UnitData.xml	skipped_existing
Brutalisk	CUnit	游戏数据/官方SC2原始文本镜像/campaigns/swarm.sc2campaign/base.sc2data/gamedata/unitdata.xml	C:\Users\22448\Downloads\重生虫心0.71汉化版（新）\reborn_workrepo\合作指挥官版起义狂潮\Mods\XM\XMFinal.SC2Mod\Base.SC2Data\GameData\UnitData.xml	skipped_existing
BrutaliskBurrowed	CUnit	游戏数据/官方SC2原始文本镜像/mods/starcoop/starcoop.sc2mod/base.sc2data/gamedata/unitdata.xml	C:\Users\22448\Downloads\重生虫心0.71汉化版（新）\reborn_workrepo\合作指挥官版起义狂潮\Mods\XM\XMFinal.SC2Mod\Base.SC2Data\GameData\UnitData.xml	skipped_existing
Bunker	CUnit	游戏数据/官方SC2原始文本镜像/mods/starcoop/starcoop.sc2mod/base.sc2data/gamedata/unitdata.xml	C:\Users\22448\Downloads\重生虫心0.71汉化版（新）\reborn_workrepo\合作指挥官版起义狂潮\Mods\XM\XMFinal.SC2Mod\Base.SC2Data\GameData\UnitData.xml	skipped_existing
Bunker	CUnit	游戏数据/官方SC2原始文本镜像/campaigns/swarm.sc2campaign/base.sc2data/gamedata/unitdata.xml	C:\Users\22448\Downloads\重生虫心0.71汉化版（新）\reborn_workrepo\合作指挥官版起义狂潮\Mods\XM\XMFinal.SC2Mod\Base.SC2Data\GameData\UnitData.xml	skipped_existing
Colossus	CUnit	游戏数据/官方SC2原始文本镜像/mods/starcoop/starcoop.sc2mod/base.sc2data/gamedata/unitdata.xml	C:\Users\22448\Downloads\重生虫心0.71汉化版（新）\reborn_workrepo\合作指挥官版起义狂潮\Mods\XM\XMFinal.SC2Mod\Base.SC2Data\GameData\UnitData.xml	skipped_existing
Colossus	CUnit	游戏数据/官方SC2原始文本镜像/campaigns/swarm.sc2campaign/base.sc2data/gamedata/unitdata.xml	C:\Users\22448\Downloads\重生虫心0.71汉化版（新）\reborn_workrepo\合作指挥官版起义狂潮\Mods\XM\XMFinal.SC2Mod\Base.SC2Data\GameData\UnitData.xml	skipped_existing
CreepColony	CUnit	游戏数据/官方SC2原始文本镜像/mods/starcoop/starcoop.sc2mod/base.sc2data/gamedata/unitdata.xml	C:\Users\22448\Downloads\重生虫心0.71汉化版（新）\reborn_workrepo\合作指挥官版起义狂潮\Mods\XM\XMFinal.SC2Mod\Base.SC2Data\GameData\UnitData.xml	skipped_existing
CreepTumor	CUnit	游戏数据/官方SC2原始文本镜像/mods/starcoop/starcoop.sc2mod/base.sc2data/gamedata/unitdata.xml	C:\Users\22448\Downloads\重生虫心0.71汉化版（新）\reborn_workrepo\合作指挥官版起义狂潮\Mods\XM\XMFinal.SC2Mod\Base.SC2Data\GameData\UnitData.xml	skipped_existing
CreepTumor	CUnit	游戏数据/官方SC2原始文本镜像/campaigns/swarm.sc2campaign/base.sc2data/gamedata/unitdata.xml	C:\Users\22448\Downloads\重生虫心0.71汉化版（新）\reborn_workrepo\合作指挥官版起义狂潮\Mods\XM\XMFinal.SC2Mod\Base.SC2Data\GameData\UnitData.xml	skipped_existing
CreepTumorBurrowed	CUnit	游戏数据/官方SC2原始文本镜像/mods/starcoop/starcoop.sc2mod/base.sc2data/gamedata/unitdata.xml	C:\Users\22448\Downloads\重生虫心0.71汉化版（新）\reborn_workrepo\合作指挥官版起义狂潮\Mods\XM\XMFinal.SC2Mod\Base.SC2Data\GameData\UnitData.xml	skipped_existing
CreepTumorBurrowed	CUnit	游戏数据/官方SC2原始文本镜像/campaigns/swarm.sc2campaign/base.sc2data/gamedata/unitdata.xml	C:\Users\22448\Downloads\重生虫心0.71汉化版（新）\reborn_workrepo\合作指挥官版起义狂潮\Mods\XM\XMFinal.SC2Mod\Base.SC2Data\GameData\UnitData.xml	skipped_existing
CreepTumorUsed	CUnit	游戏数据/官方SC2原始文本镜像/mods/starcoop/starcoop.sc2mod/base.sc2data/gamedata/unitdata.xml	C:\Users\22448\Downloads\重生虫心0.71汉化版（新）\reborn_workrepo\合作指挥官版起义狂潮\Mods\XM\XMFinal.SC2Mod\Base.SC2Data\GameData\UnitData.xml	skipped_existing
CreepTumorUsed	CUnit	游戏数据/官方SC2原始文本镜像/campaigns/swarm.sc2campaign/base.sc2data/gamedata/unitdata.xml	C:\Users\22448\Downloads\重生虫心0.71汉化版（新）\reborn_workrepo\合作指挥官版起义狂潮\Mods\XM\XMFinal.SC2Mod\Base.SC2Data\GameData\UnitData.xml	skipped_existing
Dehaka	CUnit	游戏数据/官方SC2原始文本镜像/mods/starcoop/starcoop.sc2mod/base.sc2data/gamedata/unitdata.xml	C:\Users\22448\Downloads\重生虫心0.71汉化版（新）\reborn_workrepo\合作指挥官版起义狂潮\Mods\XM\XMFinal.SC2Mod\Base.SC2Data\GameData\UnitData.xml	skipped_existing
Dehaka	CUnit	游戏数据/官方SC2原始文本镜像/campaigns/swarm.sc2campaign/base.sc2data/gamedata/unitdata.xml	C:\Users\22448\Downloads\重生虫心0.71汉化版（新）\reborn_workrepo\合作指挥官版起义狂潮\Mods\XM\XMFinal.SC2Mod\Base.SC2Data\GameData\UnitData.xml	skipped_existing
DehakaBurrowed	CUnit	游戏数据/官方SC2原始文本镜像/campaigns/swarm.sc2campaign/base.sc2data/gamedata/unitdata.xml	C:\Users\22448\Downloads\重生虫心0.71汉化版（新）\reborn_workrepo\合作指挥官版起义狂潮\Mods\XM\XMFinal.SC2Mod\Base.SC2Data\GameData\UnitData.xml	skipped_existing
DehakaMirrorImage	CUnit	游戏数据/官方SC2原始文本镜像/mods/starcoop/starcoop.sc2mod/base.sc2data/gamedata/unitdata.xml	C:\Users\22448\Downloads\重生虫心0.71汉化版（新）\reborn_workrepo\合作指挥官版起义狂潮\Mods\XM\XMFinal.SC2Mod\Base.SC2Data\GameData\UnitData.xml	skipped_existing
DehakaMirrorImage	CUnit	游戏数据/官方SC2原始文本镜像/campaigns/swarm.sc2campaign/base.sc2data/gamedata/unitdata.xml	C:\Users\22448\Downloads\重生虫心0.71汉化版（新）\reborn_workrepo\合作指挥官版起义狂潮\Mods\XM\XMFinal.SC2Mod\Base.SC2Data\GameData\UnitData.xml	skipped_existing
DehakaMirrorImageBurrowed	CUnit	游戏数据/官方SC2原始文本镜像/campaigns/swarm.sc2campaign/base.sc2data/gamedata/unitdata.xml	C:\Users\22448\Downloads\重生虫心0.71汉化版（新）\reborn_workrepo\合作指挥官版起义狂潮\Mods\XM\XMFinal.SC2Mod\Base.SC2Data\GameData\UnitData.xml	skipped_existing
Dragoon	CUnit	游戏数据/官方SC2原始文本镜像/mods/starcoop/starcoop.sc2mod/base.sc2data/gamedata/unitdata.xml	C:\Users\22448\Downloads\重生虫心0.71汉化版（新）\reborn_workrepo\合作指挥官版起义狂潮\Mods\XM\XMFinal.SC2Mod\Base.SC2Data\GameData\UnitData.xml	skipped_existing
Drone	CUnit	游戏数据/官方SC2原始文本镜像/mods/starcoop/starcoop.sc2mod/base.sc2data/gamedata/unitdata.xml	C:\Users\22448\Downloads\重生虫心0.71汉化版（新）\reborn_workrepo\合作指挥官版起义狂潮\Mods\XM\XMFinal.SC2Mod\Base.SC2Data\GameData\UnitData.xml	skipped_existing
Drone	CUnit	游戏数据/官方SC2原始文本镜像/campaigns/swarm.sc2campaign/base.sc2data/gamedata/unitdata.xml	C:\Users\22448\Downloads\重生虫心0.71汉化版（新）\reborn_workrepo\合作指挥官版起义狂潮\Mods\XM\XMFinal.SC2Mod\Base.SC2Data\GameData\UnitData.xml	skipped_existing
DroneBurrowed	CUnit	游戏数据/官方SC2原始文本镜像/mods/starcoop/starcoop.sc2mod/base.sc2data/gamedata/unitdata.xml	C:\Users\22448\Downloads\重生虫心0.71汉化版（新）\reborn_workrepo\合作指挥官版起义狂潮\Mods\XM\XMFinal.SC2Mod\Base.SC2Data\GameData\UnitData.xml	skipped_existing
DroneBurrowed	CUnit	游戏数据/官方SC2原始文本镜像/campaigns/swarm.sc2campaign/base.sc2data/gamedata/unitdata.xml	C:\Users\22448\Downloads\重生虫心0.71汉化版（新）\reborn_workrepo\合作指挥官版起义狂潮\Mods\XM\XMFinal.SC2Mod\Base.SC2Data\GameData\UnitData.xml	skipped_existing
DroneFull	CUnit	游戏数据/官方SC2原始文本镜像/mods/starcoop/starcoop.sc2mod/base.sc2data/gamedata/unitdata.xml	C:\Users\22448\Downloads\重生虫心0.71汉化版（新）\reborn_workrepo\合作指挥官版起义狂潮\Mods\XM\XMFinal.SC2Mod\Base.SC2Data\GameData\UnitData.xml	skipped_existing
DroneFull	CUnit	游戏数据/官方SC2原始文本镜像/campaigns/swarm.sc2campaign/base.sc2data/gamedata/unitdata.xml	C:\Users\22448\Downloads\重生虫心0.71汉化版（新）\reborn_workrepo\合作指挥官版起义狂潮\Mods\XM\XMFinal.SC2Mod\Base.SC2Data\GameData\UnitData.xml	skipped_existing
Egg	CUnit	游戏数据/官方SC2原始文本镜像/mods/starcoop/starcoop.sc2mod/base.sc2data/gamedata/unitdata.xml	C:\Users\22448\Downloads\重生虫心0.71汉化版（新）\reborn_workrepo\合作指挥官版起义狂潮\Mods\XM\XMFinal.SC2Mod\Base.SC2Data\GameData\UnitData.xml	skipped_existing
EvolutionChamber	CUnit	游戏数据/官方SC2原始文本镜像/mods/starcoop/starcoop.sc2mod/base.sc2data/gamedata/unitdata.xml	C:\Users\22448\Downloads\重生虫心0.71汉化版（新）\reborn_workrepo\合作指挥官版起义狂潮\Mods\XM\XMFinal.SC2Mod\Base.SC2Data\GameData\UnitData.xml	skipped_existing
EvolutionChamber	CUnit	游戏数据/官方SC2原始文本镜像/campaigns/swarm.sc2campaign/base.sc2data/gamedata/unitdata.xml	C:\Users\22448\Downloads\重生虫心0.71汉化版（新）\reborn_workrepo\合作指挥官版起义狂潮\Mods\XM\XMFinal.SC2Mod\Base.SC2Data\GameData\UnitData.xml	skipped_existing
Extractor	CUnit	游戏数据/官方SC2原始文本镜像/mods/starcoop/starcoop.sc2mod/base.sc2data/gamedata/unitdata.xml	C:\Users\22448\Downloads\重生虫心0.71汉化版（新）\reborn_workrepo\合作指挥官版起义狂潮\Mods\XM\XMFinal.SC2Mod\Base.SC2Data\GameData\UnitData.xml	skipped_existing
Extractor	CUnit	游戏数据/官方SC2原始文本镜像/campaigns/swarm.sc2campaign/base.sc2data/gamedata/unitdata.xml	C:\Users\22448\Downloads\重生虫心0.71汉化版（新）\reborn_workrepo\合作指挥官版起义狂潮\Mods\XM\XMFinal.SC2Mod\Base.SC2Data\GameData\UnitData.xml	skipped_existing
ExtractorPipes	CUnit	游戏数据/官方SC2原始文本镜像/mods/starcoop/starcoop.sc2mod/base.sc2data/gamedata/unitdata.xml	C:\Users\22448\Downloads\重生虫心0.71汉化版（新）\reborn_workrepo\合作指挥官版起义狂潮\Mods\XM\XMFinal.SC2Mod\Base.SC2Data\GameData\UnitData.xml	skipped_existing
ExtractorPipes	CUnit	游戏数据/官方SC2原始文本镜像/campaigns/swarm.sc2campaign/base.sc2data/gamedata/unitdata.xml	C:\Users\22448\Downloads\重生虫心0.71汉化版（新）\reborn_workrepo\合作指挥官版起义狂潮\Mods\XM\XMFinal.SC2Mod\Base.SC2Data\GameData\UnitData.xml	skipped_existing
FuelCellPickupUnit	CUnit	游戏数据/官方SC2原始文本镜像/mods/starcoop/starcoop.sc2mod/base.sc2data/gamedata/unitdata.xml	C:\Users\22448\Downloads\重生虫心0.71汉化版（新）\reborn_workrepo\合作指挥官版起义狂潮\Mods\XM\XMFinal.SC2Mod\Base.SC2Data\GameData\UnitData.xml	skipped_existing
GreaterNydusWorm	CUnit	游戏数据/官方SC2原始文本镜像/mods/starcoop/starcoop.sc2mod/base.sc2data/gamedata/unitdata.xml	C:\Users\22448\Downloads\重生虫心0.71汉化版（新）\reborn_workrepo\合作指挥官版起义狂潮\Mods\XM\XMFinal.SC2Mod\Base.SC2Data\GameData\UnitData.xml	skipped_existing
GreaterNydusWorm	CUnit	游戏数据/官方SC2原始文本镜像/campaigns/swarm.sc2campaign/base.sc2data/gamedata/unitdata.xml	C:\Users\22448\Downloads\重生虫心0.71汉化版（新）\reborn_workrepo\合作指挥官版起义狂潮\Mods\XM\XMFinal.SC2Mod\Base.SC2Data\GameData\UnitData.xml	skipped_existing
GreaterRoachWarren	CUnit	游戏数据/官方SC2原始文本镜像/mods/starcoop/starcoop.sc2mod/base.sc2data/gamedata/unitdata.xml	C:\Users\22448\Downloads\重生虫心0.71汉化版（新）\reborn_workrepo\合作指挥官版起义狂潮\Mods\XM\XMFinal.SC2Mod\Base.SC2Data\GameData\UnitData.xml	skipped_existing
GreaterSpire	CUnit	游戏数据/官方SC2原始文本镜像/mods/starcoop/starcoop.sc2mod/base.sc2data/gamedata/unitdata.xml	C:\Users\22448\Downloads\重生虫心0.71汉化版（新）\reborn_workrepo\合作指挥官版起义狂潮\Mods\XM\XMFinal.SC2Mod\Base.SC2Data\GameData\UnitData.xml	skipped_existing
GreaterSpire	CUnit	游戏数据/官方SC2原始文本镜像/campaigns/swarm.sc2campaign/base.sc2data/gamedata/unitdata.xml	C:\Users\22448\Downloads\重生虫心0.71汉化版（新）\reborn_workrepo\合作指挥官版起义狂潮\Mods\XM\XMFinal.SC2Mod\Base.SC2Data\GameData\UnitData.xml	skipped_existing
Hatchery	CUnit	游戏数据/官方SC2原始文本镜像/mods/starcoop/starcoop.sc2mod/base.sc2data/gamedata/unitdata.xml	C:\Users\22448\Downloads\重生虫心0.71汉化版（新）\reborn_workrepo\合作指挥官版起义狂潮\Mods\XM\XMFinal.SC2Mod\Base.SC2Data\GameData\UnitData.xml	skipped_existing
Hatchery	CUnit	游戏数据/官方SC2原始文本镜像/campaigns/swarm.sc2campaign/base.sc2data/gamedata/unitdata.xml	C:\Users\22448\Downloads\重生虫心0.71汉化版（新）\reborn_workrepo\合作指挥官版起义狂潮\Mods\XM\XMFinal.SC2Mod\Base.SC2Data\GameData\UnitData.xml	skipped_existing
Hellion	CUnit	游戏数据/官方SC2原始文本镜像/mods/starcoop/starcoop.sc2mod/base.sc2data/gamedata/unitdata.xml	C:\Users\22448\Downloads\重生虫心0.71汉化版（新）\reborn_workrepo\合作指挥官版起义狂潮\Mods\XM\XMFinal.SC2Mod\Base.SC2Data\GameData\UnitData.xml	skipped_existing
HERC	CUnit	游戏数据/官方SC2原始文本镜像/mods/starcoop/starcoop.sc2mod/base.sc2data/gamedata/unitdata.xml	C:\Users\22448\Downloads\重生虫心0.71汉化版（新）\reborn_workrepo\合作指挥官版起义狂潮\Mods\XM\XMFinal.SC2Mod\Base.SC2Data\GameData\UnitData.xml	skipped_existing
HighTemplar	CUnit	游戏数据/官方SC2原始文本镜像/mods/starcoop/starcoop.sc2mod/base.sc2data/gamedata/unitdata.xml	C:\Users\22448\Downloads\重生虫心0.71汉化版（新）\reborn_workrepo\合作指挥官版起义狂潮\Mods\XM\XMFinal.SC2Mod\Base.SC2Data\GameData\UnitData.xml	skipped_existing
Hive	CUnit	游戏数据/官方SC2原始文本镜像/mods/starcoop/starcoop.sc2mod/base.sc2data/gamedata/unitdata.xml	C:\Users\22448\Downloads\重生虫心0.71汉化版（新）\reborn_workrepo\合作指挥官版起义狂潮\Mods\XM\XMFinal.SC2Mod\Base.SC2Data\GameData\UnitData.xml	skipped_existing
Hive	CUnit	游戏数据/官方SC2原始文本镜像/campaigns/swarm.sc2campaign/base.sc2data/gamedata/unitdata.xml	C:\Users\22448\Downloads\重生虫心0.71汉化版（新）\reborn_workrepo\合作指挥官版起义狂潮\Mods\XM\XMFinal.SC2Mod\Base.SC2Data\GameData\UnitData.xml	skipped_existing
HotSBioPlasmidDischargeWeapon	CUnit	游戏数据/官方SC2原始文本镜像/campaigns/swarm.sc2campaign/base.sc2data/gamedata/unitdata.xml	C:\Users\22448\Downloads\重生虫心0.71汉化版（新）\reborn_workrepo\合作指挥官版起义狂潮\Mods\XM\XMFinal.SC2Mod\Base.SC2Data\GameData\UnitData.xml	skipped_existing
HotSBioStasisMissile	CUnit	游戏数据/官方SC2原始文本镜像/campaigns/swarm.sc2campaign/base.sc2data/gamedata/unitdata.xml	C:\Users\22448\Downloads\重生虫心0.71汉化版（新）\reborn_workrepo\合作指挥官版起义狂潮\Mods\XM\XMFinal.SC2Mod\Base.SC2Data\GameData\UnitData.xml	skipped_existing
HotSHunter	CUnit	游戏数据/官方SC2原始文本镜像/mods/starcoop/starcoop.sc2mod/base.sc2data/gamedata/unitdata.xml	C:\Users\22448\Downloads\重生虫心0.71汉化版（新）\reborn_workrepo\合作指挥官版起义狂潮\Mods\XM\XMFinal.SC2Mod\Base.SC2Data\GameData\UnitData.xml	skipped_existing
HotSHunter	CUnit	游戏数据/官方SC2原始文本镜像/campaigns/swarm.sc2campaign/base.sc2data/gamedata/unitdata.xml	C:\Users\22448\Downloads\重生虫心0.71汉化版（新）\reborn_workrepo\合作指挥官版起义狂潮\Mods\XM\XMFinal.SC2Mod\Base.SC2Data\GameData\UnitData.xml	skipped_existing
HotSHunterBurrowed	CUnit	游戏数据/官方SC2原始文本镜像/mods/starcoop/starcoop.sc2mod/base.sc2data/gamedata/unitdata.xml	C:\Users\22448\Downloads\重生虫心0.71汉化版（新）\reborn_workrepo\合作指挥官版起义狂潮\Mods\XM\XMFinal.SC2Mod\Base.SC2Data\GameData\UnitData.xml	skipped_existing
HotSHunterBurrowed	CUnit	游戏数据/官方SC2原始文本镜像/campaigns/swarm.sc2campaign/base.sc2data/gamedata/unitdata.xml	C:\Users\22448\Downloads\重生虫心0.71汉化版（新）\reborn_workrepo\合作指挥官版起义狂潮\Mods\XM\XMFinal.SC2Mod\Base.SC2Data\GameData\UnitData.xml	skipped_existing
HotSLeviathan	CUnit	游戏数据/官方SC2原始文本镜像/mods/starcoop/starcoop.sc2mod/base.sc2data/gamedata/unitdata.xml	C:\Users\22448\Downloads\重生虫心0.71汉化版（新）\reborn_workrepo\合作指挥官版起义狂潮\Mods\XM\XMFinal.SC2Mod\Base.SC2Data\GameData\UnitData.xml	skipped_existing
HotSLeviathan	CUnit	游戏数据/官方SC2原始文本镜像/campaigns/swarm.sc2campaign/base.sc2data/gamedata/unitdata.xml	C:\Users\22448\Downloads\重生虫心0.71汉化版（新）\reborn_workrepo\合作指挥官版起义狂潮\Mods\XM\XMFinal.SC2Mod\Base.SC2Data\GameData\UnitData.xml	skipped_existing
HotSNoxious	CUnit	游戏数据/官方SC2原始文本镜像/mods/starcoop/starcoop.sc2mod/base.sc2data/gamedata/unitdata.xml	C:\Users\22448\Downloads\重生虫心0.71汉化版（新）\reborn_workrepo\合作指挥官版起义狂潮\Mods\XM\XMFinal.SC2Mod\Base.SC2Data\GameData\UnitData.xml	skipped_existing
HotSNoxious	CUnit	游戏数据/官方SC2原始文本镜像/campaigns/swarm.sc2campaign/base.sc2data/gamedata/unitdata.xml	C:\Users\22448\Downloads\重生虫心0.71汉化版（新）\reborn_workrepo\合作指挥官版起义狂潮\Mods\XM\XMFinal.SC2Mod\Base.SC2Data\GameData\UnitData.xml	skipped_existing
HotSNoxiousBurrowed	CUnit	游戏数据/官方SC2原始文本镜像/mods/starcoop/starcoop.sc2mod/base.sc2data/gamedata/unitdata.xml	C:\Users\22448\Downloads\重生虫心0.71汉化版（新）\reborn_workrepo\合作指挥官版起义狂潮\Mods\XM\XMFinal.SC2Mod\Base.SC2Data\GameData\UnitData.xml	skipped_existing
HotSNoxiousBurrowed	CUnit	游戏数据/官方SC2原始文本镜像/campaigns/swarm.sc2campaign/base.sc2data/gamedata/unitdata.xml	C:\Users\22448\Downloads\重生虫心0.71汉化版（新）\reborn_workrepo\合作指挥官版起义狂潮\Mods\XM\XMFinal.SC2Mod\Base.SC2Data\GameData\UnitData.xml	skipped_existing
HotSRaptor	CUnit	游戏数据/官方SC2原始文本镜像/mods/starcoop/starcoop.sc2mod/base.sc2data/gamedata/unitdata.xml	C:\Users\22448\Downloads\重生虫心0.71汉化版（新）\reborn_workrepo\合作指挥官版起义狂潮\Mods\XM\XMFinal.SC2Mod\Base.SC2Data\GameData\UnitData.xml	skipped_existing
HotSRaptor	CUnit	游戏数据/官方SC2原始文本镜像/campaigns/swarm.sc2campaign/base.sc2data/gamedata/unitdata.xml	C:\Users\22448\Downloads\重生虫心0.71汉化版（新）\reborn_workrepo\合作指挥官版起义狂潮\Mods\XM\XMFinal.SC2Mod\Base.SC2Data\GameData\UnitData.xml	skipped_existing
HotSRaptorBurrowed	CUnit	游戏数据/官方SC2原始文本镜像/mods/starcoop/starcoop.sc2mod/base.sc2data/gamedata/unitdata.xml	C:\Users\22448\Downloads\重生虫心0.71汉化版（新）\reborn_workrepo\合作指挥官版起义狂潮\Mods\XM\XMFinal.SC2Mod\Base.SC2Data\GameData\UnitData.xml	skipped_existing
HotSRaptorBurrowed	CUnit	游戏数据/官方SC2原始文本镜像/campaigns/swarm.sc2campaign/base.sc2data/gamedata/unitdata.xml	C:\Users\22448\Downloads\重生虫心0.71汉化版（新）\reborn_workrepo\合作指挥官版起义狂潮\Mods\XM\XMFinal.SC2Mod\Base.SC2Data\GameData\UnitData.xml	skipped_existing
HotSSplitterlingBig	CUnit	游戏数据/官方SC2原始文本镜像/mods/starcoop/starcoop.sc2mod/base.sc2data/gamedata/unitdata.xml	C:\Users\22448\Downloads\重生虫心0.71汉化版（新）\reborn_workrepo\合作指挥官版起义狂潮\Mods\XM\XMFinal.SC2Mod\Base.SC2Data\GameData\UnitData.xml	skipped_existing
HotSSplitterlingBig	CUnit	游戏数据/官方SC2原始文本镜像/campaigns/swarm.sc2campaign/base.sc2data/gamedata/unitdata.xml	C:\Users\22448\Downloads\重生虫心0.71汉化版（新）\reborn_workrepo\合作指挥官版起义狂潮\Mods\XM\XMFinal.SC2Mod\Base.SC2Data\GameData\UnitData.xml	skipped_existing
HotSSplitterlingBigBurrowed	CUnit	游戏数据/官方SC2原始文本镜像/mods/starcoop/starcoop.sc2mod/base.sc2data/gamedata/unitdata.xml	C:\Users\22448\Downloads\重生虫心0.71汉化版（新）\reborn_workrepo\合作指挥官版起义狂潮\Mods\XM\XMFinal.SC2Mod\Base.SC2Data\GameData\UnitData.xml	skipped_existing
HotSSplitterlingBigBurrowed	CUnit	游戏数据/官方SC2原始文本镜像/campaigns/swarm.sc2campaign/base.sc2data/gamedata/unitdata.xml	C:\Users\22448\Downloads\重生虫心0.71汉化版（新）\reborn_workrepo\合作指挥官版起义狂潮\Mods\XM\XMFinal.SC2Mod\Base.SC2Data\GameData\UnitData.xml	skipped_existing
HotSSplitterlingMedium	CUnit	游戏数据/官方SC2原始文本镜像/mods/starcoop/starcoop.sc2mod/base.sc2data/gamedata/unitdata.xml	C:\Users\22448\Downloads\重生虫心0.71汉化版（新）\reborn_workrepo\合作指挥官版起义狂潮\Mods\XM\XMFinal.SC2Mod\Base.SC2Data\GameData\UnitData.xml	skipped_existing
HotSSplitterlingMedium	CUnit	游戏数据/官方SC2原始文本镜像/campaigns/swarm.sc2campaign/base.sc2data/gamedata/unitdata.xml	C:\Users\22448\Downloads\重生虫心0.71汉化版（新）\reborn_workrepo\合作指挥官版起义狂潮\Mods\XM\XMFinal.SC2Mod\Base.SC2Data\GameData\UnitData.xml	skipped_existing
HotSSplitterlingMediumBurrowed	CUnit	游戏数据/官方SC2原始文本镜像/mods/starcoop/starcoop.sc2mod/base.sc2data/gamedata/unitdata.xml	C:\Users\22448\Downloads\重生虫心0.71汉化版（新）\reborn_workrepo\合作指挥官版起义狂潮\Mods\XM\XMFinal.SC2Mod\Base.SC2Data\GameData\UnitData.xml	skipped_existing
HotSSplitterlingMediumBurrowed	CUnit	游戏数据/官方SC2原始文本镜像/campaigns/swarm.sc2campaign/base.sc2data/gamedata/unitdata.xml	C:\Users\22448\Downloads\重生虫心0.71汉化版（新）\reborn_workrepo\合作指挥官版起义狂潮\Mods\XM\XMFinal.SC2Mod\Base.SC2Data\GameData\UnitData.xml	skipped_existing
HotSSwarmling	CUnit	游戏数据/官方SC2原始文本镜像/mods/starcoop/starcoop.sc2mod/base.sc2data/gamedata/unitdata.xml	C:\Users\22448\Downloads\重生虫心0.71汉化版（新）\reborn_workrepo\合作指挥官版起义狂潮\Mods\XM\XMFinal.SC2Mod\Base.SC2Data\GameData\UnitData.xml	skipped_existing
HotSSwarmling	CUnit	游戏数据/官方SC2原始文本镜像/campaigns/swarm.sc2campaign/base.sc2data/gamedata/unitdata.xml	C:\Users\22448\Downloads\重生虫心0.71汉化版（新）\reborn_workrepo\合作指挥官版起义狂潮\Mods\XM\XMFinal.SC2Mod\Base.SC2Data\GameData\UnitData.xml	skipped_existing
HotSSwarmlingBurrowed	CUnit	游戏数据/官方SC2原始文本镜像/mods/starcoop/starcoop.sc2mod/base.sc2data/gamedata/unitdata.xml	C:\Users\22448\Downloads\重生虫心0.71汉化版（新）\reborn_workrepo\合作指挥官版起义狂潮\Mods\XM\XMFinal.SC2Mod\Base.SC2Data\GameData\UnitData.xml	skipped_existing
HotSSwarmlingBurrowed	CUnit	游戏数据/官方SC2原始文本镜像/campaigns/swarm.sc2campaign/base.sc2data/gamedata/unitdata.xml	C:\Users\22448\Downloads\重生虫心0.71汉化版（新）\reborn_workrepo\合作指挥官版起义狂潮\Mods\XM\XMFinal.SC2Mod\Base.SC2Data\GameData\UnitData.xml	skipped_existing
HotSTorrasque	CUnit	游戏数据/官方SC2原始文本镜像/mods/starcoop/starcoop.sc2mod/base.sc2data/gamedata/unitdata.xml	C:\Users\22448\Downloads\重生虫心0.71汉化版（新）\reborn_workrepo\合作指挥官版起义狂潮\Mods\XM\XMFinal.SC2Mod\Base.SC2Data\GameData\UnitData.xml	skipped_existing
HotSTorrasque	CUnit	游戏数据/官方SC2原始文本镜像/campaigns/swarm.sc2campaign/base.sc2data/gamedata/unitdata.xml	C:\Users\22448\Downloads\重生虫心0.71汉化版（新）\reborn_workrepo\合作指挥官版起义狂潮\Mods\XM\XMFinal.SC2Mod\Base.SC2Data\GameData\UnitData.xml	skipped_existing
HotSTorrasqueBurrowed	CUnit	游戏数据/官方SC2原始文本镜像/mods/starcoop/starcoop.sc2mod/base.sc2data/gamedata/unitdata.xml	C:\Users\22448\Downloads\重生虫心0.71汉化版（新）\reborn_workrepo\合作指挥官版起义狂潮\Mods\XM\XMFinal.SC2Mod\Base.SC2Data\GameData\UnitData.xml	skipped_existing
HotSTorrasqueBurrowed	CUnit	游戏数据/官方SC2原始文本镜像/campaigns/swarm.sc2campaign/base.sc2data/gamedata/unitdata.xml	C:\Users\22448\Downloads\重生虫心0.71汉化版（新）\reborn_workrepo\合作指挥官版起义狂潮\Mods\XM\XMFinal.SC2Mod\Base.SC2Data\GameData\UnitData.xml	skipped_existing
HugeSwarmQueen	CUnit	游戏数据/官方SC2原始文本镜像/mods/starcoop/starcoop.sc2mod/base.sc2data/gamedata/unitdata.xml	C:\Users\22448\Downloads\重生虫心0.71汉化版（新）\reborn_workrepo\合作指挥官版起义狂潮\Mods\XM\XMFinal.SC2Mod\Base.SC2Data\GameData\UnitData.xml	skipped_existing
HugeSwarmQueen	CUnit	游戏数据/官方SC2原始文本镜像/campaigns/swarm.sc2campaign/base.sc2data/gamedata/unitdata.xml	C:\Users\22448\Downloads\重生虫心0.71汉化版（新）\reborn_workrepo\合作指挥官版起义狂潮\Mods\XM\XMFinal.SC2Mod\Base.SC2Data\GameData\UnitData.xml	skipped_existing
HugeSwarmQueenBurrowed	CUnit	游戏数据/官方SC2原始文本镜像/mods/starcoop/starcoop.sc2mod/base.sc2data/gamedata/unitdata.xml	C:\Users\22448\Downloads\重生虫心0.71汉化版（新）\reborn_workrepo\合作指挥官版起义狂潮\Mods\XM\XMFinal.SC2Mod\Base.SC2Data\GameData\UnitData.xml	skipped_existing
HugeSwarmQueenBurrowed	CUnit	游戏数据/官方SC2原始文本镜像/campaigns/swarm.sc2campaign/base.sc2data/gamedata/unitdata.xml	C:\Users\22448\Downloads\重生虫心0.71汉化版（新）\reborn_workrepo\合作指挥官版起义狂潮\Mods\XM\XMFinal.SC2Mod\Base.SC2Data\GameData\UnitData.xml	skipped_existing
HybridReaver	CUnit	游戏数据/官方SC2原始文本镜像/mods/starcoop/starcoop.sc2mod/base.sc2data/gamedata/unitdata.xml	C:\Users\22448\Downloads\重生虫心0.71汉化版（新）\reborn_workrepo\合作指挥官版起义狂潮\Mods\XM\XMFinal.SC2Mod\Base.SC2Data\GameData\UnitData.xml	skipped_existing
HybridReaver	CUnit	游戏数据/官方SC2原始文本镜像/campaigns/swarm.sc2campaign/base.sc2data/gamedata/unitdata.xml	C:\Users\22448\Downloads\重生虫心0.71汉化版（新）\reborn_workrepo\合作指挥官版起义狂潮\Mods\XM\XMFinal.SC2Mod\Base.SC2Data\GameData\UnitData.xml	skipped_existing
Hydralisk	CUnit	游戏数据/官方SC2原始文本镜像/mods/starcoop/starcoop.sc2mod/base.sc2data/gamedata/unitdata.xml	C:\Users\22448\Downloads\重生虫心0.71汉化版（新）\reborn_workrepo\合作指挥官版起义狂潮\Mods\XM\XMFinal.SC2Mod\Base.SC2Data\GameData\UnitData.xml	skipped_existing
Hydralisk	CUnit	游戏数据/官方SC2原始文本镜像/campaigns/swarm.sc2campaign/base.sc2data/gamedata/unitdata.xml	C:\Users\22448\Downloads\重生虫心0.71汉化版（新）\reborn_workrepo\合作指挥官版起义狂潮\Mods\XM\XMFinal.SC2Mod\Base.SC2Data\GameData\UnitData.xml	skipped_existing
HydraliskBurrowed	CUnit	游戏数据/官方SC2原始文本镜像/mods/starcoop/starcoop.sc2mod/base.sc2data/gamedata/unitdata.xml	C:\Users\22448\Downloads\重生虫心0.71汉化版（新）\reborn_workrepo\合作指挥官版起义狂潮\Mods\XM\XMFinal.SC2Mod\Base.SC2Data\GameData\UnitData.xml	skipped_existing
HydraliskBurrowed	CUnit	游戏数据/官方SC2原始文本镜像/campaigns/swarm.sc2campaign/base.sc2data/gamedata/unitdata.xml	C:\Users\22448\Downloads\重生虫心0.71汉化版（新）\reborn_workrepo\合作指挥官版起义狂潮\Mods\XM\XMFinal.SC2Mod\Base.SC2Data\GameData\UnitData.xml	skipped_existing
HydraliskDen	CUnit	游戏数据/官方SC2原始文本镜像/mods/starcoop/starcoop.sc2mod/base.sc2data/gamedata/unitdata.xml	C:\Users\22448\Downloads\重生虫心0.71汉化版（新）\reborn_workrepo\合作指挥官版起义狂潮\Mods\XM\XMFinal.SC2Mod\Base.SC2Data\GameData\UnitData.xml	skipped_existing
HydraliskDen	CUnit	游戏数据/官方SC2原始文本镜像/campaigns/swarm.sc2campaign/base.sc2data/gamedata/unitdata.xml	C:\Users\22448\Downloads\重生虫心0.71汉化版（新）\reborn_workrepo\合作指挥官版起义狂潮\Mods\XM\XMFinal.SC2Mod\Base.SC2Data\GameData\UnitData.xml	skipped_existing
HydraliskImpaler	CUnit	游戏数据/官方SC2原始文本镜像/mods/starcoop/starcoop.sc2mod/base.sc2data/gamedata/unitdata.xml	C:\Users\22448\Downloads\重生虫心0.71汉化版（新）\reborn_workrepo\合作指挥官版起义狂潮\Mods\XM\XMFinal.SC2Mod\Base.SC2Data\GameData\UnitData.xml	skipped_existing
HydraliskImpaler	CUnit	游戏数据/官方SC2原始文本镜像/campaigns/swarm.sc2campaign/base.sc2data/gamedata/unitdata.xml	C:\Users\22448\Downloads\重生虫心0.71汉化版（新）\reborn_workrepo\合作指挥官版起义狂潮\Mods\XM\XMFinal.SC2Mod\Base.SC2Data\GameData\UnitData.xml	skipped_existing
HydraliskImpalerBurrowed	CUnit	游戏数据/官方SC2原始文本镜像/mods/starcoop/starcoop.sc2mod/base.sc2data/gamedata/unitdata.xml	C:\Users\22448\Downloads\重生虫心0.71汉化版（新）\reborn_workrepo\合作指挥官版起义狂潮\Mods\XM\XMFinal.SC2Mod\Base.SC2Data\GameData\UnitData.xml	skipped_existing
HydraliskImpalerBurrowed	CUnit	游戏数据/官方SC2原始文本镜像/campaigns/swarm.sc2campaign/base.sc2data/gamedata/unitdata.xml	C:\Users\22448\Downloads\重生虫心0.71汉化版（新）\reborn_workrepo\合作指挥官版起义狂潮\Mods\XM\XMFinal.SC2Mod\Base.SC2Data\GameData\UnitData.xml	skipped_existing
HydraliskLurker	CUnit	游戏数据/官方SC2原始文本镜像/mods/starcoop/starcoop.sc2mod/base.sc2data/gamedata/unitdata.xml	C:\Users\22448\Downloads\重生虫心0.71汉化版（新）\reborn_workrepo\合作指挥官版起义狂潮\Mods\XM\XMFinal.SC2Mod\Base.SC2Data\GameData\UnitData.xml	skipped_existing
HydraliskLurker	CUnit	游戏数据/官方SC2原始文本镜像/campaigns/swarm.sc2campaign/base.sc2data/gamedata/unitdata.xml	C:\Users\22448\Downloads\重生虫心0.71汉化版（新）\reborn_workrepo\合作指挥官版起义狂潮\Mods\XM\XMFinal.SC2Mod\Base.SC2Data\GameData\UnitData.xml	skipped_existing
HydraliskLurkerBurrowed	CUnit	游戏数据/官方SC2原始文本镜像/mods/starcoop/starcoop.sc2mod/base.sc2data/gamedata/unitdata.xml	C:\Users\22448\Downloads\重生虫心0.71汉化版（新）\reborn_workrepo\合作指挥官版起义狂潮\Mods\XM\XMFinal.SC2Mod\Base.SC2Data\GameData\UnitData.xml	skipped_existing
HydraliskLurkerBurrowed	CUnit	游戏数据/官方SC2原始文本镜像/campaigns/swarm.sc2campaign/base.sc2data/gamedata/unitdata.xml	C:\Users\22448\Downloads\重生虫心0.71汉化版（新）\reborn_workrepo\合作指挥官版起义狂潮\Mods\XM\XMFinal.SC2Mod\Base.SC2Data\GameData\UnitData.xml	skipped_existing
Immortal	CUnit	游戏数据/官方SC2原始文本镜像/mods/starcoop/starcoop.sc2mod/base.sc2data/gamedata/unitdata.xml	C:\Users\22448\Downloads\重生虫心0.71汉化版（新）\reborn_workrepo\合作指挥官版起义狂潮\Mods\XM\XMFinal.SC2Mod\Base.SC2Data\GameData\UnitData.xml	skipped_existing
Immortal	CUnit	游戏数据/官方SC2原始文本镜像/campaigns/swarm.sc2campaign/base.sc2data/gamedata/unitdata.xml	C:\Users\22448\Downloads\重生虫心0.71汉化版（新）\reborn_workrepo\合作指挥官版起义狂潮\Mods\XM\XMFinal.SC2Mod\Base.SC2Data\GameData\UnitData.xml	skipped_existing
ImmortalAiur	CUnit	游戏数据/官方SC2原始文本镜像/mods/starcoop/starcoop.sc2mod/base.sc2data/gamedata/unitdata.xml	C:\Users\22448\Downloads\重生虫心0.71汉化版（新）\reborn_workrepo\合作指挥官版起义狂潮\Mods\XM\XMFinal.SC2Mod\Base.SC2Data\GameData\UnitData.xml	skipped_existing
Impaler	CUnit	游戏数据/官方SC2原始文本镜像/mods/starcoop/starcoop.sc2mod/base.sc2data/gamedata/unitdata.xml	C:\Users\22448\Downloads\重生虫心0.71汉化版（新）\reborn_workrepo\合作指挥官版起义狂潮\Mods\XM\XMFinal.SC2Mod\Base.SC2Data\GameData\UnitData.xml	skipped_existing
Impaler	CUnit	游戏数据/官方SC2原始文本镜像/campaigns/swarm.sc2campaign/base.sc2data/gamedata/unitdata.xml	C:\Users\22448\Downloads\重生虫心0.71汉化版（新）\reborn_workrepo\合作指挥官版起义狂潮\Mods\XM\XMFinal.SC2Mod\Base.SC2Data\GameData\UnitData.xml	skipped_existing
ImpalerDen	CUnit	游戏数据/官方SC2原始文本镜像/mods/starcoop/starcoop.sc2mod/base.sc2data/gamedata/unitdata.xml	C:\Users\22448\Downloads\重生虫心0.71汉化版（新）\reborn_workrepo\合作指挥官版起义狂潮\Mods\XM\XMFinal.SC2Mod\Base.SC2Data\GameData\UnitData.xml	skipped_existing
ImpalerDen	CUnit	游戏数据/官方SC2原始文本镜像/campaigns/swarm.sc2campaign/base.sc2data/gamedata/unitdata.xml	C:\Users\22448\Downloads\重生虫心0.71汉化版（新）\reborn_workrepo\合作指挥官版起义狂潮\Mods\XM\XMFinal.SC2Mod\Base.SC2Data\GameData\UnitData.xml	skipped_existing
InfestationPit	CUnit	游戏数据/官方SC2原始文本镜像/mods/starcoop/starcoop.sc2mod/base.sc2data/gamedata/unitdata.xml	C:\Users\22448\Downloads\重生虫心0.71汉化版（新）\reborn_workrepo\合作指挥官版起义狂潮\Mods\XM\XMFinal.SC2Mod\Base.SC2Data\GameData\UnitData.xml	skipped_existing
InfestationPit	CUnit	游戏数据/官方SC2原始文本镜像/campaigns/swarm.sc2campaign/base.sc2data/gamedata/unitdata.xml	C:\Users\22448\Downloads\重生虫心0.71汉化版（新）\reborn_workrepo\合作指挥官版起义狂潮\Mods\XM\XMFinal.SC2Mod\Base.SC2Data\GameData\UnitData.xml	skipped_existing
InfestedAbomination	CUnit	游戏数据/官方SC2原始文本镜像/mods/starcoop/starcoop.sc2mod/base.sc2data/gamedata/unitdata.xml	C:\Users\22448\Downloads\重生虫心0.71汉化版（新）\reborn_workrepo\合作指挥官版起义狂潮\Mods\XM\XMFinal.SC2Mod\Base.SC2Data\GameData\UnitData.xml	skipped_existing
InfestedAbomination	CUnit	游戏数据/官方SC2原始文本镜像/campaigns/swarm.sc2campaign/base.sc2data/gamedata/unitdata.xml	C:\Users\22448\Downloads\重生虫心0.71汉化版（新）\reborn_workrepo\合作指挥官版起义狂潮\Mods\XM\XMFinal.SC2Mod\Base.SC2Data\GameData\UnitData.xml	skipped_existing
InfestedAbominationBurrowed	CUnit	游戏数据/官方SC2原始文本镜像/mods/starcoop/starcoop.sc2mod/base.sc2data/gamedata/unitdata.xml	C:\Users\22448\Downloads\重生虫心0.71汉化版（新）\reborn_workrepo\合作指挥官版起义狂潮\Mods\XM\XMFinal.SC2Mod\Base.SC2Data\GameData\UnitData.xml	skipped_existing
InfestedAbominationBurrowed	CUnit	游戏数据/官方SC2原始文本镜像/campaigns/swarm.sc2campaign/base.sc2data/gamedata/unitdata.xml	C:\Users\22448\Downloads\重生虫心0.71汉化版（新）\reborn_workrepo\合作指挥官版起义狂潮\Mods\XM\XMFinal.SC2Mod\Base.SC2Data\GameData\UnitData.xml	skipped_existing
InfestedCivilian	CUnit	游戏数据/官方SC2原始文本镜像/mods/starcoop/starcoop.sc2mod/base.sc2data/gamedata/unitdata.xml	C:\Users\22448\Downloads\重生虫心0.71汉化版（新）\reborn_workrepo\合作指挥官版起义狂潮\Mods\XM\XMFinal.SC2Mod\Base.SC2Data\GameData\UnitData.xml	skipped_existing
InfestedCivilian	CUnit	游戏数据/官方SC2原始文本镜像/campaigns/swarm.sc2campaign/base.sc2data/gamedata/unitdata.xml	C:\Users\22448\Downloads\重生虫心0.71汉化版（新）\reborn_workrepo\合作指挥官版起义狂潮\Mods\XM\XMFinal.SC2Mod\Base.SC2Data\GameData\UnitData.xml	skipped_existing
InfestedStukov	CUnit	游戏数据/官方SC2原始文本镜像/mods/starcoop/starcoop.sc2mod/base.sc2data/gamedata/unitdata.xml	C:\Users\22448\Downloads\重生虫心0.71汉化版（新）\reborn_workrepo\合作指挥官版起义狂潮\Mods\XM\XMFinal.SC2Mod\Base.SC2Data\GameData\UnitData.xml	skipped_existing
InfestedStukov	CUnit	游戏数据/官方SC2原始文本镜像/campaigns/swarm.sc2campaign/base.sc2data/gamedata/unitdata.xml	C:\Users\22448\Downloads\重生虫心0.71汉化版（新）\reborn_workrepo\合作指挥官版起义狂潮\Mods\XM\XMFinal.SC2Mod\Base.SC2Data\GameData\UnitData.xml	skipped_existing
InfestedTerran	CUnit	游戏数据/官方SC2原始文本镜像/mods/starcoop/starcoop.sc2mod/base.sc2data/gamedata/unitdata.xml	C:\Users\22448\Downloads\重生虫心0.71汉化版（新）\reborn_workrepo\合作指挥官版起义狂潮\Mods\XM\XMFinal.SC2Mod\Base.SC2Data\GameData\UnitData.xml	skipped_existing
InfestedTerran	CUnit	游戏数据/官方SC2原始文本镜像/campaigns/swarm.sc2campaign/base.sc2data/gamedata/unitdata.xml	C:\Users\22448\Downloads\重生虫心0.71汉化版（新）\reborn_workrepo\合作指挥官版起义狂潮\Mods\XM\XMFinal.SC2Mod\Base.SC2Data\GameData\UnitData.xml	skipped_existing
InfestedTerranCampaign	CUnit	游戏数据/官方SC2原始文本镜像/mods/starcoop/starcoop.sc2mod/base.sc2data/gamedata/unitdata.xml	C:\Users\22448\Downloads\重生虫心0.71汉化版（新）\reborn_workrepo\合作指挥官版起义狂潮\Mods\XM\XMFinal.SC2Mod\Base.SC2Data\GameData\UnitData.xml	skipped_existing
InfestedTerranCampaign	CUnit	游戏数据/官方SC2原始文本镜像/campaigns/swarm.sc2campaign/base.sc2data/gamedata/unitdata.xml	C:\Users\22448\Downloads\重生虫心0.71汉化版（新）\reborn_workrepo\合作指挥官版起义狂潮\Mods\XM\XMFinal.SC2Mod\Base.SC2Data\GameData\UnitData.xml	skipped_existing
InfestedTerranCampaignBurrowed	CUnit	游戏数据/官方SC2原始文本镜像/mods/starcoop/starcoop.sc2mod/base.sc2data/gamedata/unitdata.xml	C:\Users\22448\Downloads\重生虫心0.71汉化版（新）\reborn_workrepo\合作指挥官版起义狂潮\Mods\XM\XMFinal.SC2Mod\Base.SC2Data\GameData\UnitData.xml	skipped_existing
Infestor	CUnit	游戏数据/官方SC2原始文本镜像/mods/starcoop/starcoop.sc2mod/base.sc2data/gamedata/unitdata.xml	C:\Users\22448\Downloads\重生虫心0.71汉化版（新）\reborn_workrepo\合作指挥官版起义狂潮\Mods\XM\XMFinal.SC2Mod\Base.SC2Data\GameData\UnitData.xml	skipped_existing
Infestor	CUnit	游戏数据/官方SC2原始文本镜像/campaigns/swarm.sc2campaign/base.sc2data/gamedata/unitdata.xml	C:\Users\22448\Downloads\重生虫心0.71汉化版（新）\reborn_workrepo\合作指挥官版起义狂潮\Mods\XM\XMFinal.SC2Mod\Base.SC2Data\GameData\UnitData.xml	skipped_existing
InfestorBurrowed	CUnit	游戏数据/官方SC2原始文本镜像/mods/starcoop/starcoop.sc2mod/base.sc2data/gamedata/unitdata.xml	C:\Users\22448\Downloads\重生虫心0.71汉化版（新）\reborn_workrepo\合作指挥官版起义狂潮\Mods\XM\XMFinal.SC2Mod\Base.SC2Data\GameData\UnitData.xml	skipped_existing
InfestorBurrowed	CUnit	游戏数据/官方SC2原始文本镜像/campaigns/swarm.sc2campaign/base.sc2data/gamedata/unitdata.xml	C:\Users\22448\Downloads\重生虫心0.71汉化版（新）\reborn_workrepo\合作指挥官版起义狂潮\Mods\XM\XMFinal.SC2Mod\Base.SC2Data\GameData\UnitData.xml	skipped_existing
InfestorTerran	CUnit	游戏数据/官方SC2原始文本镜像/mods/starcoop/starcoop.sc2mod/base.sc2data/gamedata/unitdata.xml	C:\Users\22448\Downloads\重生虫心0.71汉化版（新）\reborn_workrepo\合作指挥官版起义狂潮\Mods\XM\XMFinal.SC2Mod\Base.SC2Data\GameData\UnitData.xml	skipped_existing
K5DroppodPlacement	CUnit	游戏数据/官方SC2原始文本镜像/campaigns/swarm.sc2campaign/base.sc2data/gamedata/unitdata.xml	C:\Users\22448\Downloads\重生虫心0.71汉化版（新）\reborn_workrepo\合作指挥官版起义狂潮\Mods\XM\XMFinal.SC2Mod\Base.SC2Data\GameData\UnitData.xml	skipped_existing
K5KerriganBurrowed	CUnit	游戏数据/官方SC2原始文本镜像/mods/starcoop/starcoop.sc2mod/base.sc2data/gamedata/unitdata.xml	C:\Users\22448\Downloads\重生虫心0.71汉化版（新）\reborn_workrepo\合作指挥官版起义狂潮\Mods\XM\XMFinal.SC2Mod\Base.SC2Data\GameData\UnitData.xml	skipped_existing
K5KerriganBurrowed	CUnit	游戏数据/官方SC2原始文本镜像/campaigns/swarm.sc2campaign/base.sc2data/gamedata/unitdata.xml	C:\Users\22448\Downloads\重生虫心0.71汉化版（新）\reborn_workrepo\合作指挥官版起义狂潮\Mods\XM\XMFinal.SC2Mod\Base.SC2Data\GameData\UnitData.xml	skipped_existing
K5KerriganPsiStrike	CUnit	游戏数据/官方SC2原始文本镜像/mods/starcoop/starcoop.sc2mod/base.sc2data/gamedata/unitdata.xml	C:\Users\22448\Downloads\重生虫心0.71汉化版（新）\reborn_workrepo\合作指挥官版起义狂潮\Mods\XM\XMFinal.SC2Mod\Base.SC2Data\GameData\UnitData.xml	skipped_existing
K5KerriganPsiStrike	CUnit	游戏数据/官方SC2原始文本镜像/campaigns/swarm.sc2campaign/base.sc2data/gamedata/unitdata.xml	C:\Users\22448\Downloads\重生虫心0.71汉化版（新）\reborn_workrepo\合作指挥官版起义狂潮\Mods\XM\XMFinal.SC2Mod\Base.SC2Data\GameData\UnitData.xml	skipped_existing
KelMorianAutoTurret	CUnit	游戏数据/官方SC2原始文本镜像/mods/starcoop/starcoop.sc2mod/base.sc2data/gamedata/unitdata.xml	C:\Users\22448\Downloads\重生虫心0.71汉化版（新）\reborn_workrepo\合作指挥官版起义狂潮\Mods\XM\XMFinal.SC2Mod\Base.SC2Data\GameData\UnitData.xml	skipped_existing
Kerrigan	CUnit	游戏数据/官方SC2原始文本镜像/mods/starcoop/starcoop.sc2mod/base.sc2data/gamedata/unitdata.xml	C:\Users\22448\Downloads\重生虫心0.71汉化版（新）\reborn_workrepo\合作指挥官版起义狂潮\Mods\XM\XMFinal.SC2Mod\Base.SC2Data\GameData\UnitData.xml	skipped_existing
Kerrigan	CUnit	游戏数据/官方SC2原始文本镜像/campaigns/swarm.sc2campaign/base.sc2data/gamedata/unitdata.xml	C:\Users\22448\Downloads\重生虫心0.71汉化版（新）\reborn_workrepo\合作指挥官版起义狂潮\Mods\XM\XMFinal.SC2Mod\Base.SC2Data\GameData\UnitData.xml	skipped_existing
KerriganInfestBroodling	CUnit	游戏数据/官方SC2原始文本镜像/mods/starcoop/starcoop.sc2mod/base.sc2data/gamedata/unitdata.xml	C:\Users\22448\Downloads\重生虫心0.71汉化版（新）\reborn_workrepo\合作指挥官版起义狂潮\Mods\XM\XMFinal.SC2Mod\Base.SC2Data\GameData\UnitData.xml	skipped_existing
KerriganInfestBroodling	CUnit	游戏数据/官方SC2原始文本镜像/campaigns/swarm.sc2campaign/base.sc2data/gamedata/unitdata.xml	C:\Users\22448\Downloads\重生虫心0.71汉化版（新）\reborn_workrepo\合作指挥官版起义狂潮\Mods\XM\XMFinal.SC2Mod\Base.SC2Data\GameData\UnitData.xml	skipped_existing
KorhalSporeCannon	CUnit	游戏数据/官方SC2原始文本镜像/campaigns/swarm.sc2campaign/base.sc2data/gamedata/unitdata.xml	C:\Users\22448\Downloads\重生虫心0.71汉化版（新）\reborn_workrepo\合作指挥官版起义狂潮\Mods\XM\XMFinal.SC2Mod\Base.SC2Data\GameData\UnitData.xml	skipped_existing
Lair	CUnit	游戏数据/官方SC2原始文本镜像/mods/starcoop/starcoop.sc2mod/base.sc2data/gamedata/unitdata.xml	C:\Users\22448\Downloads\重生虫心0.71汉化版（新）\reborn_workrepo\合作指挥官版起义狂潮\Mods\XM\XMFinal.SC2Mod\Base.SC2Data\GameData\UnitData.xml	skipped_existing
Lair	CUnit	游戏数据/官方SC2原始文本镜像/campaigns/swarm.sc2campaign/base.sc2data/gamedata/unitdata.xml	C:\Users\22448\Downloads\重生虫心0.71汉化版（新）\reborn_workrepo\合作指挥官版起义狂潮\Mods\XM\XMFinal.SC2Mod\Base.SC2Data\GameData\UnitData.xml	skipped_existing
LargeSwarmQueen	CUnit	游戏数据/官方SC2原始文本镜像/mods/starcoop/starcoop.sc2mod/base.sc2data/gamedata/unitdata.xml	C:\Users\22448\Downloads\重生虫心0.71汉化版（新）\reborn_workrepo\合作指挥官版起义狂潮\Mods\XM\XMFinal.SC2Mod\Base.SC2Data\GameData\UnitData.xml	skipped_existing
LargeSwarmQueen	CUnit	游戏数据/官方SC2原始文本镜像/campaigns/swarm.sc2campaign/base.sc2data/gamedata/unitdata.xml	C:\Users\22448\Downloads\重生虫心0.71汉化版（新）\reborn_workrepo\合作指挥官版起义狂潮\Mods\XM\XMFinal.SC2Mod\Base.SC2Data\GameData\UnitData.xml	skipped_existing
LargeSwarmQueenBurrowed	CUnit	游戏数据/官方SC2原始文本镜像/mods/starcoop/starcoop.sc2mod/base.sc2data/gamedata/unitdata.xml	C:\Users\22448\Downloads\重生虫心0.71汉化版（新）\reborn_workrepo\合作指挥官版起义狂潮\Mods\XM\XMFinal.SC2Mod\Base.SC2Data\GameData\UnitData.xml	skipped_existing
LargeSwarmQueenBurrowed	CUnit	游戏数据/官方SC2原始文本镜像/campaigns/swarm.sc2campaign/base.sc2data/gamedata/unitdata.xml	C:\Users\22448\Downloads\重生虫心0.71汉化版（新）\reborn_workrepo\合作指挥官版起义狂潮\Mods\XM\XMFinal.SC2Mod\Base.SC2Data\GameData\UnitData.xml	skipped_existing
Leviathan	CUnit	游戏数据/官方SC2原始文本镜像/mods/starcoop/starcoop.sc2mod/base.sc2data/gamedata/unitdata.xml	C:\Users\22448\Downloads\重生虫心0.71汉化版（新）\reborn_workrepo\合作指挥官版起义狂潮\Mods\XM\XMFinal.SC2Mod\Base.SC2Data\GameData\UnitData.xml	skipped_existing
Locust	CUnit	游戏数据/官方SC2原始文本镜像/mods/starcoop/starcoop.sc2mod/base.sc2data/gamedata/unitdata.xml	C:\Users\22448\Downloads\重生虫心0.71汉化版（新）\reborn_workrepo\合作指挥官版起义狂潮\Mods\XM\XMFinal.SC2Mod\Base.SC2Data\GameData\UnitData.xml	skipped_existing
Locust	CUnit	游戏数据/官方SC2原始文本镜像/campaigns/swarm.sc2campaign/base.sc2data/gamedata/unitdata.xml	C:\Users\22448\Downloads\重生虫心0.71汉化版（新）\reborn_workrepo\合作指挥官版起义狂潮\Mods\XM\XMFinal.SC2Mod\Base.SC2Data\GameData\UnitData.xml	skipped_existing
LocustMP	CUnit	游戏数据/官方SC2原始文本镜像/mods/starcoop/starcoop.sc2mod/base.sc2data/gamedata/unitdata.xml	C:\Users\22448\Downloads\重生虫心0.71汉化版（新）\reborn_workrepo\合作指挥官版起义狂潮\Mods\XM\XMFinal.SC2Mod\Base.SC2Data\GameData\UnitData.xml	skipped_existing
Lurker	CUnit	游戏数据/官方SC2原始文本镜像/mods/starcoop/starcoop.sc2mod/base.sc2data/gamedata/unitdata.xml	C:\Users\22448\Downloads\重生虫心0.71汉化版（新）\reborn_workrepo\合作指挥官版起义狂潮\Mods\XM\XMFinal.SC2Mod\Base.SC2Data\GameData\UnitData.xml	skipped_existing
Lurker	CUnit	游戏数据/官方SC2原始文本镜像/campaigns/swarm.sc2campaign/base.sc2data/gamedata/unitdata.xml	C:\Users\22448\Downloads\重生虫心0.71汉化版（新）\reborn_workrepo\合作指挥官版起义狂潮\Mods\XM\XMFinal.SC2Mod\Base.SC2Data\GameData\UnitData.xml	skipped_existing
LurkerDen	CUnit	游戏数据/官方SC2原始文本镜像/mods/starcoop/starcoop.sc2mod/base.sc2data/gamedata/unitdata.xml	C:\Users\22448\Downloads\重生虫心0.71汉化版（新）\reborn_workrepo\合作指挥官版起义狂潮\Mods\XM\XMFinal.SC2Mod\Base.SC2Data\GameData\UnitData.xml	skipped_existing
LurkerDen	CUnit	游戏数据/官方SC2原始文本镜像/campaigns/swarm.sc2campaign/base.sc2data/gamedata/unitdata.xml	C:\Users\22448\Downloads\重生虫心0.71汉化版（新）\reborn_workrepo\合作指挥官版起义狂潮\Mods\XM\XMFinal.SC2Mod\Base.SC2Data\GameData\UnitData.xml	skipped_existing
Marauder	CUnit	游戏数据/官方SC2原始文本镜像/mods/starcoop/starcoop.sc2mod/base.sc2data/gamedata/unitdata.xml	C:\Users\22448\Downloads\重生虫心0.71汉化版（新）\reborn_workrepo\合作指挥官版起义狂潮\Mods\XM\XMFinal.SC2Mod\Base.SC2Data\GameData\UnitData.xml	skipped_existing
Marine	CUnit	游戏数据/官方SC2原始文本镜像/mods/starcoop/starcoop.sc2mod/base.sc2data/gamedata/unitdata.xml	C:\Users\22448\Downloads\重生虫心0.71汉化版（新）\reborn_workrepo\合作指挥官版起义狂潮\Mods\XM\XMFinal.SC2Mod\Base.SC2Data\GameData\UnitData.xml	skipped_existing
MindBoltWeapon	CUnit	游戏数据/官方SC2原始文本镜像/mods/starcoop/starcoop.sc2mod/base.sc2data/gamedata/unitdata.xml	C:\Users\22448\Downloads\重生虫心0.71汉化版（新）\reborn_workrepo\合作指挥官版起义狂潮\Mods\XM\XMFinal.SC2Mod\Base.SC2Data\GameData\UnitData.xml	skipped_existing
MindBoltWeapon	CUnit	游戏数据/官方SC2原始文本镜像/campaigns/swarm.sc2campaign/base.sc2data/gamedata/unitdata.xml	C:\Users\22448\Downloads\重生虫心0.71汉化版（新）\reborn_workrepo\合作指挥官版起义狂潮\Mods\XM\XMFinal.SC2Mod\Base.SC2Data\GameData\UnitData.xml	skipped_existing
Mutalisk	CUnit	游戏数据/官方SC2原始文本镜像/mods/starcoop/starcoop.sc2mod/base.sc2data/gamedata/unitdata.xml	C:\Users\22448\Downloads\重生虫心0.71汉化版（新）\reborn_workrepo\合作指挥官版起义狂潮\Mods\XM\XMFinal.SC2Mod\Base.SC2Data\GameData\UnitData.xml	skipped_existing
Mutalisk	CUnit	游戏数据/官方SC2原始文本镜像/campaigns/swarm.sc2campaign/base.sc2data/gamedata/unitdata.xml	C:\Users\22448\Downloads\重生虫心0.71汉化版（新）\reborn_workrepo\合作指挥官版起义狂潮\Mods\XM\XMFinal.SC2Mod\Base.SC2Data\GameData\UnitData.xml	skipped_existing
NullUnit	CUnit	游戏数据/官方SC2原始文本镜像/campaigns/swarm.sc2campaign/base.sc2data/gamedata/unitdata.xml	C:\Users\22448\Downloads\重生虫心0.71汉化版（新）\reborn_workrepo\合作指挥官版起义狂潮\Mods\XM\XMFinal.SC2Mod\Base.SC2Data\GameData\UnitData.xml	skipped_existing
NydusCanal	CUnit	游戏数据/官方SC2原始文本镜像/mods/starcoop/starcoop.sc2mod/base.sc2data/gamedata/unitdata.xml	C:\Users\22448\Downloads\重生虫心0.71汉化版（新）\reborn_workrepo\合作指挥官版起义狂潮\Mods\XM\XMFinal.SC2Mod\Base.SC2Data\GameData\UnitData.xml	skipped_existing
NydusNetwork	CUnit	游戏数据/官方SC2原始文本镜像/mods/starcoop/starcoop.sc2mod/base.sc2data/gamedata/unitdata.xml	C:\Users\22448\Downloads\重生虫心0.71汉化版（新）\reborn_workrepo\合作指挥官版起义狂潮\Mods\XM\XMFinal.SC2Mod\Base.SC2Data\GameData\UnitData.xml	skipped_existing
Overlord	CUnit	游戏数据/官方SC2原始文本镜像/mods/starcoop/starcoop.sc2mod/base.sc2data/gamedata/unitdata.xml	C:\Users\22448\Downloads\重生虫心0.71汉化版（新）\reborn_workrepo\合作指挥官版起义狂潮\Mods\XM\XMFinal.SC2Mod\Base.SC2Data\GameData\UnitData.xml	skipped_existing
Overlord	CUnit	游戏数据/官方SC2原始文本镜像/campaigns/swarm.sc2campaign/base.sc2data/gamedata/unitdata.xml	C:\Users\22448\Downloads\重生虫心0.71汉化版（新）\reborn_workrepo\合作指挥官版起义狂潮\Mods\XM\XMFinal.SC2Mod\Base.SC2Data\GameData\UnitData.xml	skipped_existing
OverlordCocoon	CUnit	游戏数据/官方SC2原始文本镜像/mods/starcoop/starcoop.sc2mod/base.sc2data/gamedata/unitdata.xml	C:\Users\22448\Downloads\重生虫心0.71汉化版（新）\reborn_workrepo\合作指挥官版起义狂潮\Mods\XM\XMFinal.SC2Mod\Base.SC2Data\GameData\UnitData.xml	skipped_existing
Overseer	CUnit	游戏数据/官方SC2原始文本镜像/mods/starcoop/starcoop.sc2mod/base.sc2data/gamedata/unitdata.xml	C:\Users\22448\Downloads\重生虫心0.71汉化版（新）\reborn_workrepo\合作指挥官版起义狂潮\Mods\XM\XMFinal.SC2Mod\Base.SC2Data\GameData\UnitData.xml	skipped_existing
OverseerSiegeMode	CUnit	游戏数据/官方SC2原始文本镜像/mods/starcoop/starcoop.sc2mod/base.sc2data/gamedata/unitdata.xml	C:\Users\22448\Downloads\重生虫心0.71汉化版（新）\reborn_workrepo\合作指挥官版起义狂潮\Mods\XM\XMFinal.SC2Mod\Base.SC2Data\GameData\UnitData.xml	skipped_existing
PhoenixAiur	CUnit	游戏数据/官方SC2原始文本镜像/mods/starcoop/starcoop.sc2mod/base.sc2data/gamedata/unitdata.xml	C:\Users\22448\Downloads\重生虫心0.71汉化版（新）\reborn_workrepo\合作指挥官版起义狂潮\Mods\XM\XMFinal.SC2Mod\Base.SC2Data\GameData\UnitData.xml	skipped_existing
PrimalHydralisk	CUnit	游戏数据/官方SC2原始文本镜像/mods/starcoop/starcoop.sc2mod/base.sc2data/gamedata/unitdata.xml	C:\Users\22448\Downloads\重生虫心0.71汉化版（新）\reborn_workrepo\合作指挥官版起义狂潮\Mods\XM\XMFinal.SC2Mod\Base.SC2Data\GameData\UnitData.xml	skipped_existing
PrimalHydralisk	CUnit	游戏数据/官方SC2原始文本镜像/campaigns/swarm.sc2campaign/base.sc2data/gamedata/unitdata.xml	C:\Users\22448\Downloads\重生虫心0.71汉化版（新）\reborn_workrepo\合作指挥官版起义狂潮\Mods\XM\XMFinal.SC2Mod\Base.SC2Data\GameData\UnitData.xml	skipped_existing
PrimalHydraliskBurrowed	CUnit	游戏数据/官方SC2原始文本镜像/mods/starcoop/starcoop.sc2mod/base.sc2data/gamedata/unitdata.xml	C:\Users\22448\Downloads\重生虫心0.71汉化版（新）\reborn_workrepo\合作指挥官版起义狂潮\Mods\XM\XMFinal.SC2Mod\Base.SC2Data\GameData\UnitData.xml	skipped_existing
PrimalHydraliskBurrowed	CUnit	游戏数据/官方SC2原始文本镜像/campaigns/swarm.sc2campaign/base.sc2data/gamedata/unitdata.xml	C:\Users\22448\Downloads\重生虫心0.71汉化版（新）\reborn_workrepo\合作指挥官版起义狂潮\Mods\XM\XMFinal.SC2Mod\Base.SC2Data\GameData\UnitData.xml	skipped_existing
Queen	CUnit	游戏数据/官方SC2原始文本镜像/mods/starcoop/starcoop.sc2mod/base.sc2data/gamedata/unitdata.xml	C:\Users\22448\Downloads\重生虫心0.71汉化版（新）\reborn_workrepo\合作指挥官版起义狂潮\Mods\XM\XMFinal.SC2Mod\Base.SC2Data\GameData\UnitData.xml	skipped_existing
Queen	CUnit	游戏数据/官方SC2原始文本镜像/campaigns/swarm.sc2campaign/base.sc2data/gamedata/unitdata.xml	C:\Users\22448\Downloads\重生虫心0.71汉化版（新）\reborn_workrepo\合作指挥官版起义狂潮\Mods\XM\XMFinal.SC2Mod\Base.SC2Data\GameData\UnitData.xml	skipped_existing
QueenBurrowed	CUnit	游戏数据/官方SC2原始文本镜像/mods/starcoop/starcoop.sc2mod/base.sc2data/gamedata/unitdata.xml	C:\Users\22448\Downloads\重生虫心0.71汉化版（新）\reborn_workrepo\合作指挥官版起义狂潮\Mods\XM\XMFinal.SC2Mod\Base.SC2Data\GameData\UnitData.xml	skipped_existing
QueenBurrowed	CUnit	游戏数据/官方SC2原始文本镜像/campaigns/swarm.sc2campaign/base.sc2data/gamedata/unitdata.xml	C:\Users\22448\Downloads\重生虫心0.71汉化版（新）\reborn_workrepo\合作指挥官版起义狂潮\Mods\XM\XMFinal.SC2Mod\Base.SC2Data\GameData\UnitData.xml	skipped_existing
QueenClassic	CUnit	游戏数据/官方SC2原始文本镜像/mods/starcoop/starcoop.sc2mod/base.sc2data/gamedata/unitdata.xml	C:\Users\22448\Downloads\重生虫心0.71汉化版（新）\reborn_workrepo\合作指挥官版起义狂潮\Mods\XM\XMFinal.SC2Mod\Base.SC2Data\GameData\UnitData.xml	skipped_existing
QueenClassic	CUnit	游戏数据/官方SC2原始文本镜像/campaigns/swarm.sc2campaign/base.sc2data/gamedata/unitdata.xml	C:\Users\22448\Downloads\重生虫心0.71汉化版（新）\reborn_workrepo\合作指挥官版起义狂潮\Mods\XM\XMFinal.SC2Mod\Base.SC2Data\GameData\UnitData.xml	skipped_existing
QueenCoop	CUnit	游戏数据/官方SC2原始文本镜像/mods/starcoop/starcoop.sc2mod/base.sc2data/gamedata/unitdata.xml	C:\Users\22448\Downloads\重生虫心0.71汉化版（新）\reborn_workrepo\合作指挥官版起义狂潮\Mods\XM\XMFinal.SC2Mod\Base.SC2Data\GameData\UnitData.xml	skipped_existing
Ravager	CUnit	游戏数据/官方SC2原始文本镜像/mods/starcoop/starcoop.sc2mod/base.sc2data/gamedata/unitdata.xml	C:\Users\22448\Downloads\重生虫心0.71汉化版（新）\reborn_workrepo\合作指挥官版起义狂潮\Mods\XM\XMFinal.SC2Mod\Base.SC2Data\GameData\UnitData.xml	skipped_existing
RavagerAbathurCocoon	CUnit	游戏数据/官方SC2原始文本镜像/mods/starcoop/starcoop.sc2mod/base.sc2data/gamedata/unitdata.xml	C:\Users\22448\Downloads\重生虫心0.71汉化版（新）\reborn_workrepo\合作指挥官版起义狂潮\Mods\XM\XMFinal.SC2Mod\Base.SC2Data\GameData\UnitData.xml	skipped_existing
RavagerVileAbathurCocoon	CUnit	游戏数据/官方SC2原始文本镜像/mods/starcoop/starcoop.sc2mod/base.sc2data/gamedata/unitdata.xml	C:\Users\22448\Downloads\重生虫心0.71汉化版（新）\reborn_workrepo\合作指挥官版起义狂潮\Mods\XM\XMFinal.SC2Mod\Base.SC2Data\GameData\UnitData.xml	skipped_existing
Reaver	CUnit	游戏数据/官方SC2原始文本镜像/mods/starcoop/starcoop.sc2mod/base.sc2data/gamedata/unitdata.xml	C:\Users\22448\Downloads\重生虫心0.71汉化版（新）\reborn_workrepo\合作指挥官版起义狂潮\Mods\XM\XMFinal.SC2Mod\Base.SC2Data\GameData\UnitData.xml	skipped_existing
Roach	CUnit	游戏数据/官方SC2原始文本镜像/mods/starcoop/starcoop.sc2mod/base.sc2data/gamedata/unitdata.xml	C:\Users\22448\Downloads\重生虫心0.71汉化版（新）\reborn_workrepo\合作指挥官版起义狂潮\Mods\XM\XMFinal.SC2Mod\Base.SC2Data\GameData\UnitData.xml	skipped_existing
Roach	CUnit	游戏数据/官方SC2原始文本镜像/campaigns/swarm.sc2campaign/base.sc2data/gamedata/unitdata.xml	C:\Users\22448\Downloads\重生虫心0.71汉化版（新）\reborn_workrepo\合作指挥官版起义狂潮\Mods\XM\XMFinal.SC2Mod\Base.SC2Data\GameData\UnitData.xml	skipped_existing
RoachBurrowed	CUnit	游戏数据/官方SC2原始文本镜像/mods/starcoop/starcoop.sc2mod/base.sc2data/gamedata/unitdata.xml	C:\Users\22448\Downloads\重生虫心0.71汉化版（新）\reborn_workrepo\合作指挥官版起义狂潮\Mods\XM\XMFinal.SC2Mod\Base.SC2Data\GameData\UnitData.xml	skipped_existing
RoachBurrowed	CUnit	游戏数据/官方SC2原始文本镜像/campaigns/swarm.sc2campaign/base.sc2data/gamedata/unitdata.xml	C:\Users\22448\Downloads\重生虫心0.71汉化版（新）\reborn_workrepo\合作指挥官版起义狂潮\Mods\XM\XMFinal.SC2Mod\Base.SC2Data\GameData\UnitData.xml	skipped_existing
RoachCorpser	CUnit	游戏数据/官方SC2原始文本镜像/mods/starcoop/starcoop.sc2mod/base.sc2data/gamedata/unitdata.xml	C:\Users\22448\Downloads\重生虫心0.71汉化版（新）\reborn_workrepo\合作指挥官版起义狂潮\Mods\XM\XMFinal.SC2Mod\Base.SC2Data\GameData\UnitData.xml	skipped_existing
RoachCorpser	CUnit	游戏数据/官方SC2原始文本镜像/campaigns/swarm.sc2campaign/base.sc2data/gamedata/unitdata.xml	C:\Users\22448\Downloads\重生虫心0.71汉化版（新）\reborn_workrepo\合作指挥官版起义狂潮\Mods\XM\XMFinal.SC2Mod\Base.SC2Data\GameData\UnitData.xml	skipped_existing
RoachCorpserBurrowed	CUnit	游戏数据/官方SC2原始文本镜像/mods/starcoop/starcoop.sc2mod/base.sc2data/gamedata/unitdata.xml	C:\Users\22448\Downloads\重生虫心0.71汉化版（新）\reborn_workrepo\合作指挥官版起义狂潮\Mods\XM\XMFinal.SC2Mod\Base.SC2Data\GameData\UnitData.xml	skipped_existing
RoachCorpserBurrowed	CUnit	游戏数据/官方SC2原始文本镜像/campaigns/swarm.sc2campaign/base.sc2data/gamedata/unitdata.xml	C:\Users\22448\Downloads\重生虫心0.71汉化版（新）\reborn_workrepo\合作指挥官版起义狂潮\Mods\XM\XMFinal.SC2Mod\Base.SC2Data\GameData\UnitData.xml	skipped_existing
Roachling	CUnit	游戏数据/官方SC2原始文本镜像/mods/starcoop/starcoop.sc2mod/base.sc2data/gamedata/unitdata.xml	C:\Users\22448\Downloads\重生虫心0.71汉化版（新）\reborn_workrepo\合作指挥官版起义狂潮\Mods\XM\XMFinal.SC2Mod\Base.SC2Data\GameData\UnitData.xml	skipped_existing
Roachling	CUnit	游戏数据/官方SC2原始文本镜像/campaigns/swarm.sc2campaign/base.sc2data/gamedata/unitdata.xml	C:\Users\22448\Downloads\重生虫心0.71汉化版（新）\reborn_workrepo\合作指挥官版起义狂潮\Mods\XM\XMFinal.SC2Mod\Base.SC2Data\GameData\UnitData.xml	skipped_existing
RoachVile	CUnit	游戏数据/官方SC2原始文本镜像/mods/starcoop/starcoop.sc2mod/base.sc2data/gamedata/unitdata.xml	C:\Users\22448\Downloads\重生虫心0.71汉化版（新）\reborn_workrepo\合作指挥官版起义狂潮\Mods\XM\XMFinal.SC2Mod\Base.SC2Data\GameData\UnitData.xml	skipped_existing
RoachVile	CUnit	游戏数据/官方SC2原始文本镜像/campaigns/swarm.sc2campaign/base.sc2data/gamedata/unitdata.xml	C:\Users\22448\Downloads\重生虫心0.71汉化版（新）\reborn_workrepo\合作指挥官版起义狂潮\Mods\XM\XMFinal.SC2Mod\Base.SC2Data\GameData\UnitData.xml	skipped_existing
RoachVileBurrowed	CUnit	游戏数据/官方SC2原始文本镜像/mods/starcoop/starcoop.sc2mod/base.sc2data/gamedata/unitdata.xml	C:\Users\22448\Downloads\重生虫心0.71汉化版（新）\reborn_workrepo\合作指挥官版起义狂潮\Mods\XM\XMFinal.SC2Mod\Base.SC2Data\GameData\UnitData.xml	skipped_existing
RoachVileBurrowed	CUnit	游戏数据/官方SC2原始文本镜像/campaigns/swarm.sc2campaign/base.sc2data/gamedata/unitdata.xml	C:\Users\22448\Downloads\重生虫心0.71汉化版（新）\reborn_workrepo\合作指挥官版起义狂潮\Mods\XM\XMFinal.SC2Mod\Base.SC2Data\GameData\UnitData.xml	skipped_existing
RoachWarren	CUnit	游戏数据/官方SC2原始文本镜像/mods/starcoop/starcoop.sc2mod/base.sc2data/gamedata/unitdata.xml	C:\Users\22448\Downloads\重生虫心0.71汉化版（新）\reborn_workrepo\合作指挥官版起义狂潮\Mods\XM\XMFinal.SC2Mod\Base.SC2Data\GameData\UnitData.xml	skipped_existing
RoachWarren	CUnit	游戏数据/官方SC2原始文本镜像/campaigns/swarm.sc2campaign/base.sc2data/gamedata/unitdata.xml	C:\Users\22448\Downloads\重生虫心0.71汉化版（新）\reborn_workrepo\合作指挥官版起义狂潮\Mods\XM\XMFinal.SC2Mod\Base.SC2Data\GameData\UnitData.xml	skipped_existing
ScourgeNest	CUnit	游戏数据/官方SC2原始文本镜像/mods/starcoop/starcoop.sc2mod/base.sc2data/gamedata/unitdata.xml	C:\Users\22448\Downloads\重生虫心0.71汉化版（新）\reborn_workrepo\合作指挥官版起义狂潮\Mods\XM\XMFinal.SC2Mod\Base.SC2Data\GameData\UnitData.xml	skipped_existing
SiegeTankSieged	CUnit	游戏数据/官方SC2原始文本镜像/mods/starcoop/starcoop.sc2mod/base.sc2data/gamedata/unitdata.xml	C:\Users\22448\Downloads\重生虫心0.71汉化版（新）\reborn_workrepo\合作指挥官版起义狂潮\Mods\XM\XMFinal.SC2Mod\Base.SC2Data\GameData\UnitData.xml	skipped_existing
SIOverlord	CUnit	游戏数据/官方SC2原始文本镜像/mods/starcoop/starcoop.sc2mod/base.sc2data/gamedata/unitdata.xml	C:\Users\22448\Downloads\重生虫心0.71汉化版（新）\reborn_workrepo\合作指挥官版起义狂潮\Mods\XM\XMFinal.SC2Mod\Base.SC2Data\GameData\UnitData.xml	skipped_existing
SIVolatileInfested	CUnit	游戏数据/官方SC2原始文本镜像/mods/starcoop/starcoop.sc2mod/base.sc2data/gamedata/unitdata.xml	C:\Users\22448\Downloads\重生虫心0.71汉化版（新）\reborn_workrepo\合作指挥官版起义狂潮\Mods\XM\XMFinal.SC2Mod\Base.SC2Data\GameData\UnitData.xml	skipped_existing
SpawningPool	CUnit	游戏数据/官方SC2原始文本镜像/mods/starcoop/starcoop.sc2mod/base.sc2data/gamedata/unitdata.xml	C:\Users\22448\Downloads\重生虫心0.71汉化版（新）\reborn_workrepo\合作指挥官版起义狂潮\Mods\XM\XMFinal.SC2Mod\Base.SC2Data\GameData\UnitData.xml	skipped_existing
SpawningPool	CUnit	游戏数据/官方SC2原始文本镜像/campaigns/swarm.sc2campaign/base.sc2data/gamedata/unitdata.xml	C:\Users\22448\Downloads\重生虫心0.71汉化版（新）\reborn_workrepo\合作指挥官版起义狂潮\Mods\XM\XMFinal.SC2Mod\Base.SC2Data\GameData\UnitData.xml	skipped_existing
SpineCrawler	CUnit	游戏数据/官方SC2原始文本镜像/mods/starcoop/starcoop.sc2mod/base.sc2data/gamedata/unitdata.xml	C:\Users\22448\Downloads\重生虫心0.71汉化版（新）\reborn_workrepo\合作指挥官版起义狂潮\Mods\XM\XMFinal.SC2Mod\Base.SC2Data\GameData\UnitData.xml	skipped_existing
SpineCrawlerUprooted	CUnit	游戏数据/官方SC2原始文本镜像/mods/starcoop/starcoop.sc2mod/base.sc2data/gamedata/unitdata.xml	C:\Users\22448\Downloads\重生虫心0.71汉化版（新）\reborn_workrepo\合作指挥官版起义狂潮\Mods\XM\XMFinal.SC2Mod\Base.SC2Data\GameData\UnitData.xml	skipped_existing
Spire	CUnit	游戏数据/官方SC2原始文本镜像/mods/starcoop/starcoop.sc2mod/base.sc2data/gamedata/unitdata.xml	C:\Users\22448\Downloads\重生虫心0.71汉化版（新）\reborn_workrepo\合作指挥官版起义狂潮\Mods\XM\XMFinal.SC2Mod\Base.SC2Data\GameData\UnitData.xml	skipped_existing
Spire	CUnit	游戏数据/官方SC2原始文本镜像/campaigns/swarm.sc2campaign/base.sc2data/gamedata/unitdata.xml	C:\Users\22448\Downloads\重生虫心0.71汉化版（新）\reborn_workrepo\合作指挥官版起义狂潮\Mods\XM\XMFinal.SC2Mod\Base.SC2Data\GameData\UnitData.xml	skipped_existing
SporeCrawler	CUnit	游戏数据/官方SC2原始文本镜像/mods/starcoop/starcoop.sc2mod/base.sc2data/gamedata/unitdata.xml	C:\Users\22448\Downloads\重生虫心0.71汉化版（新）\reborn_workrepo\合作指挥官版起义狂潮\Mods\XM\XMFinal.SC2Mod\Base.SC2Data\GameData\UnitData.xml	skipped_existing
SporeCrawlerUprooted	CUnit	游戏数据/官方SC2原始文本镜像/mods/starcoop/starcoop.sc2mod/base.sc2data/gamedata/unitdata.xml	C:\Users\22448\Downloads\重生虫心0.71汉化版（新）\reborn_workrepo\合作指挥官版起义狂潮\Mods\XM\XMFinal.SC2Mod\Base.SC2Data\GameData\UnitData.xml	skipped_existing
Stalker	CUnit	游戏数据/官方SC2原始文本镜像/mods/starcoop/starcoop.sc2mod/base.sc2data/gamedata/unitdata.xml	C:\Users\22448\Downloads\重生虫心0.71汉化版（新）\reborn_workrepo\合作指挥官版起义狂潮\Mods\XM\XMFinal.SC2Mod\Base.SC2Data\GameData\UnitData.xml	skipped_existing
StukovInfestedTerran	CUnit	游戏数据/官方SC2原始文本镜像/mods/starcoop/starcoop.sc2mod/base.sc2data/gamedata/unitdata.xml	C:\Users\22448\Downloads\重生虫心0.71汉化版（新）\reborn_workrepo\合作指挥官版起义狂潮\Mods\XM\XMFinal.SC2Mod\Base.SC2Data\GameData\UnitData.xml	skipped_existing
StukovInfestedTerran	CUnit	游戏数据/官方SC2原始文本镜像/campaigns/swarm.sc2campaign/base.sc2data/gamedata/unitdata.xml	C:\Users\22448\Downloads\重生虫心0.71汉化版（新）\reborn_workrepo\合作指挥官版起义狂潮\Mods\XM\XMFinal.SC2Mod\Base.SC2Data\GameData\UnitData.xml	skipped_existing
SwarmHost	CUnit	游戏数据/官方SC2原始文本镜像/mods/starcoop/starcoop.sc2mod/base.sc2data/gamedata/unitdata.xml	C:\Users\22448\Downloads\重生虫心0.71汉化版（新）\reborn_workrepo\合作指挥官版起义狂潮\Mods\XM\XMFinal.SC2Mod\Base.SC2Data\GameData\UnitData.xml	skipped_existing
SwarmHost	CUnit	游戏数据/官方SC2原始文本镜像/campaigns/swarm.sc2campaign/base.sc2data/gamedata/unitdata.xml	C:\Users\22448\Downloads\重生虫心0.71汉化版（新）\reborn_workrepo\合作指挥官版起义狂潮\Mods\XM\XMFinal.SC2Mod\Base.SC2Data\GameData\UnitData.xml	skipped_existing
SwarmHostBurrowed	CUnit	游戏数据/官方SC2原始文本镜像/mods/starcoop/starcoop.sc2mod/base.sc2data/gamedata/unitdata.xml	C:\Users\22448\Downloads\重生虫心0.71汉化版（新）\reborn_workrepo\合作指挥官版起义狂潮\Mods\XM\XMFinal.SC2Mod\Base.SC2Data\GameData\UnitData.xml	skipped_existing
SwarmHostBurrowed	CUnit	游戏数据/官方SC2原始文本镜像/campaigns/swarm.sc2campaign/base.sc2data/gamedata/unitdata.xml	C:\Users\22448\Downloads\重生虫心0.71汉化版（新）\reborn_workrepo\合作指挥官版起义狂潮\Mods\XM\XMFinal.SC2Mod\Base.SC2Data\GameData\UnitData.xml	skipped_existing
SwarmHostMP	CUnit	游戏数据/官方SC2原始文本镜像/mods/starcoop/starcoop.sc2mod/base.sc2data/gamedata/unitdata.xml	C:\Users\22448\Downloads\重生虫心0.71汉化版（新）\reborn_workrepo\合作指挥官版起义狂潮\Mods\XM\XMFinal.SC2Mod\Base.SC2Data\GameData\UnitData.xml	skipped_existing
SwarmHostRooted	CUnit	游戏数据/官方SC2原始文本镜像/mods/starcoop/starcoop.sc2mod/base.sc2data/gamedata/unitdata.xml	C:\Users\22448\Downloads\重生虫心0.71汉化版（新）\reborn_workrepo\合作指挥官版起义狂潮\Mods\XM\XMFinal.SC2Mod\Base.SC2Data\GameData\UnitData.xml	skipped_existing
SwarmHostRooted	CUnit	游戏数据/官方SC2原始文本镜像/campaigns/swarm.sc2campaign/base.sc2data/gamedata/unitdata.xml	C:\Users\22448\Downloads\重生虫心0.71汉化版（新）\reborn_workrepo\合作指挥官版起义狂潮\Mods\XM\XMFinal.SC2Mod\Base.SC2Data\GameData\UnitData.xml	skipped_existing
SwarmHostSplitA	CUnit	游戏数据/官方SC2原始文本镜像/mods/starcoop/starcoop.sc2mod/base.sc2data/gamedata/unitdata.xml	C:\Users\22448\Downloads\重生虫心0.71汉化版（新）\reborn_workrepo\合作指挥官版起义狂潮\Mods\XM\XMFinal.SC2Mod\Base.SC2Data\GameData\UnitData.xml	skipped_existing
SwarmHostSplitA	CUnit	游戏数据/官方SC2原始文本镜像/campaigns/swarm.sc2campaign/base.sc2data/gamedata/unitdata.xml	C:\Users\22448\Downloads\重生虫心0.71汉化版（新）\reborn_workrepo\合作指挥官版起义狂潮\Mods\XM\XMFinal.SC2Mod\Base.SC2Data\GameData\UnitData.xml	skipped_existing
SwarmHostSplitABurrowed	CUnit	游戏数据/官方SC2原始文本镜像/mods/starcoop/starcoop.sc2mod/base.sc2data/gamedata/unitdata.xml	C:\Users\22448\Downloads\重生虫心0.71汉化版（新）\reborn_workrepo\合作指挥官版起义狂潮\Mods\XM\XMFinal.SC2Mod\Base.SC2Data\GameData\UnitData.xml	skipped_existing
SwarmHostSplitABurrowed	CUnit	游戏数据/官方SC2原始文本镜像/campaigns/swarm.sc2campaign/base.sc2data/gamedata/unitdata.xml	C:\Users\22448\Downloads\重生虫心0.71汉化版（新）\reborn_workrepo\合作指挥官版起义狂潮\Mods\XM\XMFinal.SC2Mod\Base.SC2Data\GameData\UnitData.xml	skipped_existing
SwarmHostSplitARooted	CUnit	游戏数据/官方SC2原始文本镜像/mods/starcoop/starcoop.sc2mod/base.sc2data/gamedata/unitdata.xml	C:\Users\22448\Downloads\重生虫心0.71汉化版（新）\reborn_workrepo\合作指挥官版起义狂潮\Mods\XM\XMFinal.SC2Mod\Base.SC2Data\GameData\UnitData.xml	skipped_existing
SwarmHostSplitARooted	CUnit	游戏数据/官方SC2原始文本镜像/campaigns/swarm.sc2campaign/base.sc2data/gamedata/unitdata.xml	C:\Users\22448\Downloads\重生虫心0.71汉化版（新）\reborn_workrepo\合作指挥官版起义狂潮\Mods\XM\XMFinal.SC2Mod\Base.SC2Data\GameData\UnitData.xml	skipped_existing
SwarmHostSplitB	CUnit	游戏数据/官方SC2原始文本镜像/mods/starcoop/starcoop.sc2mod/base.sc2data/gamedata/unitdata.xml	C:\Users\22448\Downloads\重生虫心0.71汉化版（新）\reborn_workrepo\合作指挥官版起义狂潮\Mods\XM\XMFinal.SC2Mod\Base.SC2Data\GameData\UnitData.xml	skipped_existing
SwarmHostSplitB	CUnit	游戏数据/官方SC2原始文本镜像/campaigns/swarm.sc2campaign/base.sc2data/gamedata/unitdata.xml	C:\Users\22448\Downloads\重生虫心0.71汉化版（新）\reborn_workrepo\合作指挥官版起义狂潮\Mods\XM\XMFinal.SC2Mod\Base.SC2Data\GameData\UnitData.xml	skipped_existing
SwarmHostSplitBBurrowed	CUnit	游戏数据/官方SC2原始文本镜像/mods/starcoop/starcoop.sc2mod/base.sc2data/gamedata/unitdata.xml	C:\Users\22448\Downloads\重生虫心0.71汉化版（新）\reborn_workrepo\合作指挥官版起义狂潮\Mods\XM\XMFinal.SC2Mod\Base.SC2Data\GameData\UnitData.xml	skipped_existing
SwarmHostSplitBBurrowed	CUnit	游戏数据/官方SC2原始文本镜像/campaigns/swarm.sc2campaign/base.sc2data/gamedata/unitdata.xml	C:\Users\22448\Downloads\重生虫心0.71汉化版（新）\reborn_workrepo\合作指挥官版起义狂潮\Mods\XM\XMFinal.SC2Mod\Base.SC2Data\GameData\UnitData.xml	skipped_existing
SwarmHostSplitBRooted	CUnit	游戏数据/官方SC2原始文本镜像/mods/starcoop/starcoop.sc2mod/base.sc2data/gamedata/unitdata.xml	C:\Users\22448\Downloads\重生虫心0.71汉化版（新）\reborn_workrepo\合作指挥官版起义狂潮\Mods\XM\XMFinal.SC2Mod\Base.SC2Data\GameData\UnitData.xml	skipped_existing
SwarmHostSplitBRooted	CUnit	游戏数据/官方SC2原始文本镜像/campaigns/swarm.sc2campaign/base.sc2data/gamedata/unitdata.xml	C:\Users\22448\Downloads\重生虫心0.71汉化版（新）\reborn_workrepo\合作指挥官版起义狂潮\Mods\XM\XMFinal.SC2Mod\Base.SC2Data\GameData\UnitData.xml	skipped_existing
SwarmQueen	CUnit	游戏数据/官方SC2原始文本镜像/mods/starcoop/starcoop.sc2mod/base.sc2data/gamedata/unitdata.xml	C:\Users\22448\Downloads\重生虫心0.71汉化版（新）\reborn_workrepo\合作指挥官版起义狂潮\Mods\XM\XMFinal.SC2Mod\Base.SC2Data\GameData\UnitData.xml	skipped_existing
SwarmQueen	CUnit	游戏数据/官方SC2原始文本镜像/campaigns/swarm.sc2campaign/base.sc2data/gamedata/unitdata.xml	C:\Users\22448\Downloads\重生虫心0.71汉化版（新）\reborn_workrepo\合作指挥官版起义狂潮\Mods\XM\XMFinal.SC2Mod\Base.SC2Data\GameData\UnitData.xml	skipped_existing
SwarmQueenBurrowed	CUnit	游戏数据/官方SC2原始文本镜像/mods/starcoop/starcoop.sc2mod/base.sc2data/gamedata/unitdata.xml	C:\Users\22448\Downloads\重生虫心0.71汉化版（新）\reborn_workrepo\合作指挥官版起义狂潮\Mods\XM\XMFinal.SC2Mod\Base.SC2Data\GameData\UnitData.xml	skipped_existing
SwarmQueenBurrowed	CUnit	游戏数据/官方SC2原始文本镜像/campaigns/swarm.sc2campaign/base.sc2data/gamedata/unitdata.xml	C:\Users\22448\Downloads\重生虫心0.71汉化版（新）\reborn_workrepo\合作指挥官版起义狂潮\Mods\XM\XMFinal.SC2Mod\Base.SC2Data\GameData\UnitData.xml	skipped_existing
SwarmQueenMorphing	CUnit	游戏数据/官方SC2原始文本镜像/mods/starcoop/starcoop.sc2mod/base.sc2data/gamedata/unitdata.xml	C:\Users\22448\Downloads\重生虫心0.71汉化版（新）\reborn_workrepo\合作指挥官版起义狂潮\Mods\XM\XMFinal.SC2Mod\Base.SC2Data\GameData\UnitData.xml	skipped_existing
SwarmQueenMorphing	CUnit	游戏数据/官方SC2原始文本镜像/campaigns/swarm.sc2campaign/base.sc2data/gamedata/unitdata.xml	C:\Users\22448\Downloads\重生虫心0.71汉化版（新）\reborn_workrepo\合作指挥官版起义狂潮\Mods\XM\XMFinal.SC2Mod\Base.SC2Data\GameData\UnitData.xml	skipped_existing
SwarmQueenMorphingLarge	CUnit	游戏数据/官方SC2原始文本镜像/mods/starcoop/starcoop.sc2mod/base.sc2data/gamedata/unitdata.xml	C:\Users\22448\Downloads\重生虫心0.71汉化版（新）\reborn_workrepo\合作指挥官版起义狂潮\Mods\XM\XMFinal.SC2Mod\Base.SC2Data\GameData\UnitData.xml	skipped_existing
SwarmQueenMorphingLarge	CUnit	游戏数据/官方SC2原始文本镜像/campaigns/swarm.sc2campaign/base.sc2data/gamedata/unitdata.xml	C:\Users\22448\Downloads\重生虫心0.71汉化版（新）\reborn_workrepo\合作指挥官版起义狂潮\Mods\XM\XMFinal.SC2Mod\Base.SC2Data\GameData\UnitData.xml	skipped_existing
Tempest	CUnit	游戏数据/官方SC2原始文本镜像/mods/starcoop/starcoop.sc2mod/base.sc2data/gamedata/unitdata.xml	C:\Users\22448\Downloads\重生虫心0.71汉化版（新）\reborn_workrepo\合作指挥官版起义狂潮\Mods\XM\XMFinal.SC2Mod\Base.SC2Data\GameData\UnitData.xml	skipped_existing
Thor	CUnit	游戏数据/官方SC2原始文本镜像/mods/starcoop/starcoop.sc2mod/base.sc2data/gamedata/unitdata.xml	C:\Users\22448\Downloads\重生虫心0.71汉化版（新）\reborn_workrepo\合作指挥官版起义狂潮\Mods\XM\XMFinal.SC2Mod\Base.SC2Data\GameData\UnitData.xml	skipped_existing
Thor	CUnit	游戏数据/官方SC2原始文本镜像/campaigns/swarm.sc2campaign/base.sc2data/gamedata/unitdata.xml	C:\Users\22448\Downloads\重生虫心0.71汉化版（新）\reborn_workrepo\合作指挥官版起义狂潮\Mods\XM\XMFinal.SC2Mod\Base.SC2Data\GameData\UnitData.xml	skipped_existing
TorrasqueChrysalis	CUnit	游戏数据/官方SC2原始文本镜像/mods/starcoop/starcoop.sc2mod/base.sc2data/gamedata/unitdata.xml	C:\Users\22448\Downloads\重生虫心0.71汉化版（新）\reborn_workrepo\合作指挥官版起义狂潮\Mods\XM\XMFinal.SC2Mod\Base.SC2Data\GameData\UnitData.xml	skipped_existing
TorrasqueChrysalis	CUnit	游戏数据/官方SC2原始文本镜像/campaigns/swarm.sc2campaign/base.sc2data/gamedata/unitdata.xml	C:\Users\22448\Downloads\重生虫心0.71汉化版（新）\reborn_workrepo\合作指挥官版起义狂潮\Mods\XM\XMFinal.SC2Mod\Base.SC2Data\GameData\UnitData.xml	skipped_existing
TorrasqueCorpse	CUnit	游戏数据/官方SC2原始文本镜像/mods/starcoop/starcoop.sc2mod/base.sc2data/gamedata/unitdata.xml	C:\Users\22448\Downloads\重生虫心0.71汉化版（新）\reborn_workrepo\合作指挥官版起义狂潮\Mods\XM\XMFinal.SC2Mod\Base.SC2Data\GameData\UnitData.xml	skipped_existing
TorrasqueCorpse	CUnit	游戏数据/官方SC2原始文本镜像/campaigns/swarm.sc2campaign/base.sc2data/gamedata/unitdata.xml	C:\Users\22448\Downloads\重生虫心0.71汉化版（新）\reborn_workrepo\合作指挥官版起义狂潮\Mods\XM\XMFinal.SC2Mod\Base.SC2Data\GameData\UnitData.xml	skipped_existing
Ultralisk	CUnit	游戏数据/官方SC2原始文本镜像/mods/starcoop/starcoop.sc2mod/base.sc2data/gamedata/unitdata.xml	C:\Users\22448\Downloads\重生虫心0.71汉化版（新）\reborn_workrepo\合作指挥官版起义狂潮\Mods\XM\XMFinal.SC2Mod\Base.SC2Data\GameData\UnitData.xml	skipped_existing
Ultralisk	CUnit	游戏数据/官方SC2原始文本镜像/campaigns/swarm.sc2campaign/base.sc2data/gamedata/unitdata.xml	C:\Users\22448\Downloads\重生虫心0.71汉化版（新）\reborn_workrepo\合作指挥官版起义狂潮\Mods\XM\XMFinal.SC2Mod\Base.SC2Data\GameData\UnitData.xml	skipped_existing
UltraliskBurrowed	CUnit	游戏数据/官方SC2原始文本镜像/mods/starcoop/starcoop.sc2mod/base.sc2data/gamedata/unitdata.xml	C:\Users\22448\Downloads\重生虫心0.71汉化版（新）\reborn_workrepo\合作指挥官版起义狂潮\Mods\XM\XMFinal.SC2Mod\Base.SC2Data\GameData\UnitData.xml	skipped_existing
UltraliskBurrowed	CUnit	游戏数据/官方SC2原始文本镜像/campaigns/swarm.sc2campaign/base.sc2data/gamedata/unitdata.xml	C:\Users\22448\Downloads\重生虫心0.71汉化版（新）\reborn_workrepo\合作指挥官版起义狂潮\Mods\XM\XMFinal.SC2Mod\Base.SC2Data\GameData\UnitData.xml	skipped_existing
UltraliskCavern	CUnit	游戏数据/官方SC2原始文本镜像/mods/starcoop/starcoop.sc2mod/base.sc2data/gamedata/unitdata.xml	C:\Users\22448\Downloads\重生虫心0.71汉化版（新）\reborn_workrepo\合作指挥官版起义狂潮\Mods\XM\XMFinal.SC2Mod\Base.SC2Data\GameData\UnitData.xml	skipped_existing
UltraliskCavern	CUnit	游戏数据/官方SC2原始文本镜像/campaigns/swarm.sc2campaign/base.sc2data/gamedata/unitdata.xml	C:\Users\22448\Downloads\重生虫心0.71汉化版（新）\reborn_workrepo\合作指挥官版起义狂潮\Mods\XM\XMFinal.SC2Mod\Base.SC2Data\GameData\UnitData.xml	skipped_existing
Virophage	CUnit	游戏数据/官方SC2原始文本镜像/mods/starcoop/starcoop.sc2mod/base.sc2data/gamedata/unitdata.xml	C:\Users\22448\Downloads\重生虫心0.71汉化版（新）\reborn_workrepo\合作指挥官版起义狂潮\Mods\XM\XMFinal.SC2Mod\Base.SC2Data\GameData\UnitData.xml	skipped_existing
Virophage	CUnit	游戏数据/官方SC2原始文本镜像/campaigns/swarm.sc2campaign/base.sc2data/gamedata/unitdata.xml	C:\Users\22448\Downloads\重生虫心0.71汉化版（新）\reborn_workrepo\合作指挥官版起义狂潮\Mods\XM\XMFinal.SC2Mod\Base.SC2Data\GameData\UnitData.xml	skipped_existing
VoidRay	CUnit	游戏数据/官方SC2原始文本镜像/mods/starcoop/starcoop.sc2mod/base.sc2data/gamedata/unitdata.xml	C:\Users\22448\Downloads\重生虫心0.71汉化版（新）\reborn_workrepo\合作指挥官版起义狂潮\Mods\XM\XMFinal.SC2Mod\Base.SC2Data\GameData\UnitData.xml	skipped_existing
VoidRay	CUnit	游戏数据/官方SC2原始文本镜像/campaigns/swarm.sc2campaign/base.sc2data/gamedata/unitdata.xml	C:\Users\22448\Downloads\重生虫心0.71汉化版（新）\reborn_workrepo\合作指挥官版起义狂潮\Mods\XM\XMFinal.SC2Mod\Base.SC2Data\GameData\UnitData.xml	skipped_existing
Zealot	CUnit	游戏数据/官方SC2原始文本镜像/mods/starcoop/starcoop.sc2mod/base.sc2data/gamedata/unitdata.xml	C:\Users\22448\Downloads\重生虫心0.71汉化版（新）\reborn_workrepo\合作指挥官版起义狂潮\Mods\XM\XMFinal.SC2Mod\Base.SC2Data\GameData\UnitData.xml	skipped_existing
ZealotAiur	CUnit	游戏数据/官方SC2原始文本镜像/mods/starcoop/starcoop.sc2mod/base.sc2data/gamedata/unitdata.xml	C:\Users\22448\Downloads\重生虫心0.71汉化版（新）\reborn_workrepo\合作指挥官版起义狂潮\Mods\XM\XMFinal.SC2Mod\Base.SC2Data\GameData\UnitData.xml	skipped_existing
Zergling	CUnit	游戏数据/官方SC2原始文本镜像/mods/starcoop/starcoop.sc2mod/base.sc2data/gamedata/unitdata.xml	C:\Users\22448\Downloads\重生虫心0.71汉化版（新）\reborn_workrepo\合作指挥官版起义狂潮\Mods\XM\XMFinal.SC2Mod\Base.SC2Data\GameData\UnitData.xml	skipped_existing
Zergling	CUnit	游戏数据/官方SC2原始文本镜像/campaigns/swarm.sc2campaign/base.sc2data/gamedata/unitdata.xml	C:\Users\22448\Downloads\重生虫心0.71汉化版（新）\reborn_workrepo\合作指挥官版起义狂潮\Mods\XM\XMFinal.SC2Mod\Base.SC2Data\GameData\UnitData.xml	skipped_existing
ZerglingBurrowed	CUnit	游戏数据/官方SC2原始文本镜像/mods/starcoop/starcoop.sc2mod/base.sc2data/gamedata/unitdata.xml	C:\Users\22448\Downloads\重生虫心0.71汉化版（新）\reborn_workrepo\合作指挥官版起义狂潮\Mods\XM\XMFinal.SC2Mod\Base.SC2Data\GameData\UnitData.xml	skipped_existing
ZerglingBurrowed	CUnit	游戏数据/官方SC2原始文本镜像/campaigns/swarm.sc2campaign/base.sc2data/gamedata/unitdata.xml	C:\Users\22448\Downloads\重生虫心0.71汉化版（新）\reborn_workrepo\合作指挥官版起义狂潮\Mods\XM\XMFinal.SC2Mod\Base.SC2Data\GameData\UnitData.xml	skipped_existing
ZergTowerArtillery	CUnit	游戏数据/官方SC2原始文本镜像/mods/starcoop/starcoop.sc2mod/base.sc2data/gamedata/unitdata.xml	C:\Users\22448\Downloads\重生虫心0.71汉化版（新）\reborn_workrepo\合作指挥官版起义狂潮\Mods\XM\XMFinal.SC2Mod\Base.SC2Data\GameData\UnitData.xml	skipped_existing
ZergTowerArtillery	CUnit	游戏数据/官方SC2原始文本镜像/campaigns/swarm.sc2campaign/base.sc2data/gamedata/unitdata.xml	C:\Users\22448\Downloads\重生虫心0.71汉化版（新）\reborn_workrepo\合作指挥官版起义狂潮\Mods\XM\XMFinal.SC2Mod\Base.SC2Data\GameData\UnitData.xml	skipped_existing
AbathurDeepTunnel	CUpgrade	游戏数据/官方SC2原始文本镜像/mods/starcoop/starcoop.sc2mod/base.sc2data/gamedata/upgradedata.xml	C:\Users\22448\Downloads\重生虫心0.71汉化版（新）\reborn_workrepo\合作指挥官版起义狂潮\Mods\XM\XMFinal.SC2Mod\Base.SC2Data\GameData\UpgradeData.xml	skipped_existing
AbathurEnableSymbiote	CUpgrade	游戏数据/官方SC2原始文本镜像/mods/starcoop/starcoop.sc2mod/base.sc2data/gamedata/upgradedata.xml	C:\Users\22448\Downloads\重生虫心0.71汉化版（新）\reborn_workrepo\合作指挥官版起义狂潮\Mods\XM\XMFinal.SC2Mod\Base.SC2Data\GameData\UpgradeData.xml	skipped_existing
AberrationArmorAura	CUpgrade	游戏数据/官方SC2原始文本镜像/mods/starcoop/starcoop.sc2mod/base.sc2data/gamedata/upgradedata.xml	C:\Users\22448\Downloads\重生虫心0.71汉化版（新）\reborn_workrepo\合作指挥官版起义狂潮\Mods\XM\XMFinal.SC2Mod\Base.SC2Data\GameData\UpgradeData.xml	skipped_existing
Burrow	CUpgrade	游戏数据/官方SC2原始文本镜像/mods/starcoop/starcoop.sc2mod/base.sc2data/gamedata/upgradedata.xml	C:\Users\22448\Downloads\重生虫心0.71汉化版（新）\reborn_workrepo\合作指挥官版起义狂潮\Mods\XM\XMFinal.SC2Mod\Base.SC2Data\GameData\UpgradeData.xml	skipped_existing
CentrificalHooks	CUpgrade	游戏数据/官方SC2原始文本镜像/mods/starcoop/starcoop.sc2mod/base.sc2data/gamedata/upgradedata.xml	C:\Users\22448\Downloads\重生虫心0.71汉化版（新）\reborn_workrepo\合作指挥官版起义狂潮\Mods\XM\XMFinal.SC2Mod\Base.SC2Data\GameData\UpgradeData.xml	skipped_existing
CentrificalHooks	CUpgrade	游戏数据/官方SC2原始文本镜像/campaigns/swarm.sc2campaign/base.sc2data/gamedata/upgradedata.xml	C:\Users\22448\Downloads\重生虫心0.71汉化版（新）\reborn_workrepo\合作指挥官版起义狂潮\Mods\XM\XMFinal.SC2Mod\Base.SC2Data\GameData\UpgradeData.xml	skipped_existing
Charge	CUpgrade	游戏数据/官方SC2原始文本镜像/mods/starcoop/starcoop.sc2mod/base.sc2data/gamedata/upgradedata.xml	C:\Users\22448\Downloads\重生虫心0.71汉化版（新）\reborn_workrepo\合作指挥官版起义狂潮\Mods\XM\XMFinal.SC2Mod\Base.SC2Data\GameData\UpgradeData.xml	skipped_existing
CommanderPrestige	CUpgrade	游戏数据/官方SC2原始文本镜像/mods/starcoop/starcoop.sc2mod/base.sc2data/gamedata/upgradedata.xml	C:\Users\22448\Downloads\重生虫心0.71汉化版（新）\reborn_workrepo\合作指挥官版起义狂潮\Mods\XM\XMFinal.SC2Mod\Base.SC2Data\GameData\UpgradeData.xml	skipped_existing
CommanderPrestigeAbathurBiomass	CUpgrade	游戏数据/官方SC2原始文本镜像/mods/starcoop/starcoop.sc2mod/base.sc2data/gamedata/upgradedata.xml	C:\Users\22448\Downloads\重生虫心0.71汉化版（新）\reborn_workrepo\合作指挥官版起义狂潮\Mods\XM\XMFinal.SC2Mod\Base.SC2Data\GameData\UpgradeData.xml	skipped_existing
CommanderPrestigeArtanisCombatAbilities	CUpgrade	游戏数据/官方SC2原始文本镜像/mods/starcoop/starcoop.sc2mod/base.sc2data/gamedata/upgradedata.xml	C:\Users\22448\Downloads\重生虫心0.71汉化版（新）\reborn_workrepo\合作指挥官版起义狂潮\Mods\XM\XMFinal.SC2Mod\Base.SC2Data\GameData\UpgradeData.xml	skipped_existing
CommanderPrestigeKerriganAbilities	CUpgrade	游戏数据/官方SC2原始文本镜像/mods/starcoop/starcoop.sc2mod/base.sc2data/gamedata/upgradedata.xml	C:\Users\22448\Downloads\重生虫心0.71汉化版（新）\reborn_workrepo\合作指挥官版起义狂潮\Mods\XM\XMFinal.SC2Mod\Base.SC2Data\GameData\UpgradeData.xml	skipped_existing
CommanderPrestigeKerriganAssimilationAura	CUpgrade	游戏数据/官方SC2原始文本镜像/mods/starcoop/starcoop.sc2mod/base.sc2data/gamedata/upgradedata.xml	C:\Users\22448\Downloads\重生虫心0.71汉化版（新）\reborn_workrepo\合作指挥官版起义狂潮\Mods\XM\XMFinal.SC2Mod\Base.SC2Data\GameData\UpgradeData.xml	skipped_existing
CommanderPrestigeKerriganCreep	CUpgrade	游戏数据/官方SC2原始文本镜像/mods/starcoop/starcoop.sc2mod/base.sc2data/gamedata/upgradedata.xml	C:\Users\22448\Downloads\重生虫心0.71汉化版（新）\reborn_workrepo\合作指挥官版起义狂潮\Mods\XM\XMFinal.SC2Mod\Base.SC2Data\GameData\UpgradeData.xml	skipped_existing
CommanderPrestigeZagaraCorruptorsAberrations	CUpgrade	游戏数据/官方SC2原始文本镜像/mods/starcoop/starcoop.sc2mod/base.sc2data/gamedata/upgradedata.xml	C:\Users\22448\Downloads\重生虫心0.71汉化版（新）\reborn_workrepo\合作指挥官版起义狂潮\Mods\XM\XMFinal.SC2Mod\Base.SC2Data\GameData\UpgradeData.xml	skipped_existing
CommanderPrestigeZagaraMaxSupply	CUpgrade	游戏数据/官方SC2原始文本镜像/mods/starcoop/starcoop.sc2mod/base.sc2data/gamedata/upgradedata.xml	C:\Users\22448\Downloads\重生虫心0.71汉化版（新）\reborn_workrepo\合作指挥官版起义狂潮\Mods\XM\XMFinal.SC2Mod\Base.SC2Data\GameData\UpgradeData.xml	skipped_existing
CreepTumorVisible	CUpgrade	游戏数据/官方SC2原始文本镜像/mods/starcoop/starcoop.sc2mod/base.sc2data/gamedata/upgradedata.xml	C:\Users\22448\Downloads\重生虫心0.71汉化版（新）\reborn_workrepo\合作指挥官版起义狂潮\Mods\XM\XMFinal.SC2Mod\Base.SC2Data\GameData\UpgradeData.xml	skipped_existing
DarkProtoss	CUpgrade	游戏数据/官方SC2原始文本镜像/mods/starcoop/starcoop.sc2mod/base.sc2data/gamedata/upgradedata.xml	C:\Users\22448\Downloads\重生虫心0.71汉化版（新）\reborn_workrepo\合作指挥官版起义狂潮\Mods\XM\XMFinal.SC2Mod\Base.SC2Data\GameData\UpgradeData.xml	skipped_existing
DarkProtoss	CUpgrade	游戏数据/官方SC2原始文本镜像/campaigns/swarm.sc2campaign/base.sc2data/gamedata/upgradedata.xml	C:\Users\22448\Downloads\重生虫心0.71汉化版（新）\reborn_workrepo\合作指挥官版起义狂潮\Mods\XM\XMFinal.SC2Mod\Base.SC2Data\GameData\UpgradeData.xml	skipped_existing
ExtendedThermalLance	CUpgrade	游戏数据/官方SC2原始文本镜像/mods/starcoop/starcoop.sc2mod/base.sc2data/gamedata/upgradedata.xml	C:\Users\22448\Downloads\重生虫心0.71汉化版（新）\reborn_workrepo\合作指挥官版起义狂潮\Mods\XM\XMFinal.SC2Mod\Base.SC2Data\GameData\UpgradeData.xml	skipped_existing
HatcheryLarvaDeath	CUpgrade	游戏数据/官方SC2原始文本镜像/mods/starcoop/starcoop.sc2mod/base.sc2data/gamedata/upgradedata.xml	C:\Users\22448\Downloads\重生虫心0.71汉化版（新）\reborn_workrepo\合作指挥官版起义狂潮\Mods\XM\XMFinal.SC2Mod\Base.SC2Data\GameData\UpgradeData.xml	skipped_existing
HaveGuardian	CUpgrade	游戏数据/官方SC2原始文本镜像/mods/starcoop/starcoop.sc2mod/base.sc2data/gamedata/upgradedata.xml	C:\Users\22448\Downloads\重生虫心0.71汉化版（新）\reborn_workrepo\合作指挥官版起义狂潮\Mods\XM\XMFinal.SC2Mod\Base.SC2Data\GameData\UpgradeData.xml	skipped_existing
HotSBanelingCorrosiveBile	CUpgrade	游戏数据/官方SC2原始文本镜像/mods/starcoop/starcoop.sc2mod/base.sc2data/gamedata/upgradedata.xml	C:\Users\22448\Downloads\重生虫心0.71汉化版（新）\reborn_workrepo\合作指挥官版起义狂潮\Mods\XM\XMFinal.SC2Mod\Base.SC2Data\GameData\UpgradeData.xml	skipped_existing
HotSBanelingCorrosiveBile	CUpgrade	游戏数据/官方SC2原始文本镜像/campaigns/swarm.sc2campaign/base.sc2data/gamedata/upgradedata.xml	C:\Users\22448\Downloads\重生虫心0.71汉化版（新）\reborn_workrepo\合作指挥官版起义狂潮\Mods\XM\XMFinal.SC2Mod\Base.SC2Data\GameData\UpgradeData.xml	skipped_existing
HotSBanelingHeal	CUpgrade	游戏数据/官方SC2原始文本镜像/campaigns/swarm.sc2campaign/base.sc2data/gamedata/upgradedata.xml	C:\Users\22448\Downloads\重生虫心0.71汉化版（新）\reborn_workrepo\合作指挥官版起义狂潮\Mods\XM\XMFinal.SC2Mod\Base.SC2Data\GameData\UpgradeData.xml	skipped_existing
HotsCentrifugalHooks	CUpgrade	游戏数据/官方SC2原始文本镜像/campaigns/swarm.sc2campaign/base.sc2data/gamedata/upgradedata.xml	C:\Users\22448\Downloads\重生虫心0.71汉化版（新）\reborn_workrepo\合作指挥官版起义狂潮\Mods\XM\XMFinal.SC2Mod\Base.SC2Data\GameData\UpgradeData.xml	skipped_existing
HotSHaveAberration	CUpgrade	游戏数据/官方SC2原始文本镜像/mods/starcoop/starcoop.sc2mod/base.sc2data/gamedata/upgradedata.xml	C:\Users\22448\Downloads\重生虫心0.71汉化版（新）\reborn_workrepo\合作指挥官版起义狂潮\Mods\XM\XMFinal.SC2Mod\Base.SC2Data\GameData\UpgradeData.xml	skipped_existing
HotSHaveAberration	CUpgrade	游戏数据/官方SC2原始文本镜像/campaigns/swarm.sc2campaign/base.sc2data/gamedata/upgradedata.xml	C:\Users\22448\Downloads\重生虫心0.71汉化版（新）\reborn_workrepo\合作指挥官版起义狂潮\Mods\XM\XMFinal.SC2Mod\Base.SC2Data\GameData\UpgradeData.xml	skipped_existing
HotSHaveDefiler	CUpgrade	游戏数据/官方SC2原始文本镜像/mods/starcoop/starcoop.sc2mod/base.sc2data/gamedata/upgradedata.xml	C:\Users\22448\Downloads\重生虫心0.71汉化版（新）\reborn_workrepo\合作指挥官版起义狂潮\Mods\XM\XMFinal.SC2Mod\Base.SC2Data\GameData\UpgradeData.xml	skipped_existing
HotSHaveDefiler	CUpgrade	游戏数据/官方SC2原始文本镜像/campaigns/swarm.sc2campaign/base.sc2data/gamedata/upgradedata.xml	C:\Users\22448\Downloads\重生虫心0.71汉化版（新）\reborn_workrepo\合作指挥官版起义狂潮\Mods\XM\XMFinal.SC2Mod\Base.SC2Data\GameData\UpgradeData.xml	skipped_existing
HotSHaveDevourer	CUpgrade	游戏数据/官方SC2原始文本镜像/mods/starcoop/starcoop.sc2mod/base.sc2data/gamedata/upgradedata.xml	C:\Users\22448\Downloads\重生虫心0.71汉化版（新）\reborn_workrepo\合作指挥官版起义狂潮\Mods\XM\XMFinal.SC2Mod\Base.SC2Data\GameData\UpgradeData.xml	skipped_existing
HotSHaveDevourer	CUpgrade	游戏数据/官方SC2原始文本镜像/campaigns/swarm.sc2campaign/base.sc2data/gamedata/upgradedata.xml	C:\Users\22448\Downloads\重生虫心0.71汉化版（新）\reborn_workrepo\合作指挥官版起义狂潮\Mods\XM\XMFinal.SC2Mod\Base.SC2Data\GameData\UpgradeData.xml	skipped_existing
HotSHaveInfestor	CUpgrade	游戏数据/官方SC2原始文本镜像/mods/starcoop/starcoop.sc2mod/base.sc2data/gamedata/upgradedata.xml	C:\Users\22448\Downloads\重生虫心0.71汉化版（新）\reborn_workrepo\合作指挥官版起义狂潮\Mods\XM\XMFinal.SC2Mod\Base.SC2Data\GameData\UpgradeData.xml	skipped_existing
HotSHaveInfestor	CUpgrade	游戏数据/官方SC2原始文本镜像/campaigns/swarm.sc2campaign/base.sc2data/gamedata/upgradedata.xml	C:\Users\22448\Downloads\重生虫心0.71汉化版（新）\reborn_workrepo\合作指挥官版起义狂潮\Mods\XM\XMFinal.SC2Mod\Base.SC2Data\GameData\UpgradeData.xml	skipped_existing
HotSHaveQueen	CUpgrade	游戏数据/官方SC2原始文本镜像/mods/starcoop/starcoop.sc2mod/base.sc2data/gamedata/upgradedata.xml	C:\Users\22448\Downloads\重生虫心0.71汉化版（新）\reborn_workrepo\合作指挥官版起义狂潮\Mods\XM\XMFinal.SC2Mod\Base.SC2Data\GameData\UpgradeData.xml	skipped_existing
HotSHaveQueen	CUpgrade	游戏数据/官方SC2原始文本镜像/campaigns/swarm.sc2campaign/base.sc2data/gamedata/upgradedata.xml	C:\Users\22448\Downloads\重生虫心0.71汉化版（新）\reborn_workrepo\合作指挥官版起义狂潮\Mods\XM\XMFinal.SC2Mod\Base.SC2Data\GameData\UpgradeData.xml	skipped_existing
HotSHaveSpineCrawler	CUpgrade	游戏数据/官方SC2原始文本镜像/mods/starcoop/starcoop.sc2mod/base.sc2data/gamedata/upgradedata.xml	C:\Users\22448\Downloads\重生虫心0.71汉化版（新）\reborn_workrepo\合作指挥官版起义狂潮\Mods\XM\XMFinal.SC2Mod\Base.SC2Data\GameData\UpgradeData.xml	skipped_existing
HotSHaveSpineCrawler	CUpgrade	游戏数据/官方SC2原始文本镜像/campaigns/swarm.sc2campaign/base.sc2data/gamedata/upgradedata.xml	C:\Users\22448\Downloads\重生虫心0.71汉化版（新）\reborn_workrepo\合作指挥官版起义狂潮\Mods\XM\XMFinal.SC2Mod\Base.SC2Data\GameData\UpgradeData.xml	skipped_existing
HotSHaveSplitterling	CUpgrade	游戏数据/官方SC2原始文本镜像/mods/starcoop/starcoop.sc2mod/base.sc2data/gamedata/upgradedata.xml	C:\Users\22448\Downloads\重生虫心0.71汉化版（新）\reborn_workrepo\合作指挥官版起义狂潮\Mods\XM\XMFinal.SC2Mod\Base.SC2Data\GameData\UpgradeData.xml	skipped_existing
HotSHaveSplitterling	CUpgrade	游戏数据/官方SC2原始文本镜像/campaigns/swarm.sc2campaign/base.sc2data/gamedata/upgradedata.xml	C:\Users\22448\Downloads\重生虫心0.71汉化版（新）\reborn_workrepo\合作指挥官版起义狂潮\Mods\XM\XMFinal.SC2Mod\Base.SC2Data\GameData\UpgradeData.xml	skipped_existing
HotSHaveSporeCrawler	CUpgrade	游戏数据/官方SC2原始文本镜像/mods/starcoop/starcoop.sc2mod/base.sc2data/gamedata/upgradedata.xml	C:\Users\22448\Downloads\重生虫心0.71汉化版（新）\reborn_workrepo\合作指挥官版起义狂潮\Mods\XM\XMFinal.SC2Mod\Base.SC2Data\GameData\UpgradeData.xml	skipped_existing
HotSHaveSporeCrawler	CUpgrade	游戏数据/官方SC2原始文本镜像/campaigns/swarm.sc2campaign/base.sc2data/gamedata/upgradedata.xml	C:\Users\22448\Downloads\重生虫心0.71汉化版（新）\reborn_workrepo\合作指挥官版起义狂潮\Mods\XM\XMFinal.SC2Mod\Base.SC2Data\GameData\UpgradeData.xml	skipped_existing
HotSHaveSwarmHost	CUpgrade	游戏数据/官方SC2原始文本镜像/mods/starcoop/starcoop.sc2mod/base.sc2data/gamedata/upgradedata.xml	C:\Users\22448\Downloads\重生虫心0.71汉化版（新）\reborn_workrepo\合作指挥官版起义狂潮\Mods\XM\XMFinal.SC2Mod\Base.SC2Data\GameData\UpgradeData.xml	skipped_existing
HotSHaveSwarmHost	CUpgrade	游戏数据/官方SC2原始文本镜像/campaigns/swarm.sc2campaign/base.sc2data/gamedata/upgradedata.xml	C:\Users\22448\Downloads\重生虫心0.71汉化版（新）\reborn_workrepo\合作指挥官版起义狂潮\Mods\XM\XMFinal.SC2Mod\Base.SC2Data\GameData\UpgradeData.xml	skipped_existing
HotSHaveSwarmHostSplitA	CUpgrade	游戏数据/官方SC2原始文本镜像/mods/starcoop/starcoop.sc2mod/base.sc2data/gamedata/upgradedata.xml	C:\Users\22448\Downloads\重生虫心0.71汉化版（新）\reborn_workrepo\合作指挥官版起义狂潮\Mods\XM\XMFinal.SC2Mod\Base.SC2Data\GameData\UpgradeData.xml	skipped_existing
HotSHaveSwarmHostSplitA	CUpgrade	游戏数据/官方SC2原始文本镜像/campaigns/swarm.sc2campaign/base.sc2data/gamedata/upgradedata.xml	C:\Users\22448\Downloads\重生虫心0.71汉化版（新）\reborn_workrepo\合作指挥官版起义狂潮\Mods\XM\XMFinal.SC2Mod\Base.SC2Data\GameData\UpgradeData.xml	skipped_existing
HotSHaveSwarmHostSplitB	CUpgrade	游戏数据/官方SC2原始文本镜像/mods/starcoop/starcoop.sc2mod/base.sc2data/gamedata/upgradedata.xml	C:\Users\22448\Downloads\重生虫心0.71汉化版（新）\reborn_workrepo\合作指挥官版起义狂潮\Mods\XM\XMFinal.SC2Mod\Base.SC2Data\GameData\UpgradeData.xml	skipped_existing
HotSHaveSwarmHostSplitB	CUpgrade	游戏数据/官方SC2原始文本镜像/campaigns/swarm.sc2campaign/base.sc2data/gamedata/upgradedata.xml	C:\Users\22448\Downloads\重生虫心0.71汉化版（新）\reborn_workrepo\合作指挥官版起义狂潮\Mods\XM\XMFinal.SC2Mod\Base.SC2Data\GameData\UpgradeData.xml	skipped_existing
HotSHaveViper	CUpgrade	游戏数据/官方SC2原始文本镜像/mods/starcoop/starcoop.sc2mod/base.sc2data/gamedata/upgradedata.xml	C:\Users\22448\Downloads\重生虫心0.71汉化版（新）\reborn_workrepo\合作指挥官版起义狂潮\Mods\XM\XMFinal.SC2Mod\Base.SC2Data\GameData\UpgradeData.xml	skipped_existing
HotSHaveViper	CUpgrade	游戏数据/官方SC2原始文本镜像/campaigns/swarm.sc2campaign/base.sc2data/gamedata/upgradedata.xml	C:\Users\22448\Downloads\重生虫心0.71汉化版（新）\reborn_workrepo\合作指挥官版起义狂潮\Mods\XM\XMFinal.SC2Mod\Base.SC2Data\GameData\UpgradeData.xml	skipped_existing
HotSHunter	CUpgrade	游戏数据/官方SC2原始文本镜像/campaigns/swarm.sc2campaign/base.sc2data/gamedata/upgradedata.xml	C:\Users\22448\Downloads\重生虫心0.71汉化版（新）\reborn_workrepo\合作指挥官版起义狂潮\Mods\XM\XMFinal.SC2Mod\Base.SC2Data\GameData\UpgradeData.xml	skipped_existing
HotSMetabolicBoost	CUpgrade	游戏数据/官方SC2原始文本镜像/campaigns/swarm.sc2campaign/base.sc2data/gamedata/upgradedata.xml	C:\Users\22448\Downloads\重生虫心0.71汉化版（新）\reborn_workrepo\合作指挥官版起义狂潮\Mods\XM\XMFinal.SC2Mod\Base.SC2Data\GameData\UpgradeData.xml	skipped_existing
HotSNoxious	CUpgrade	游戏数据/官方SC2原始文本镜像/campaigns/swarm.sc2campaign/base.sc2data/gamedata/upgradedata.xml	C:\Users\22448\Downloads\重生虫心0.71汉化版（新）\reborn_workrepo\合作指挥官版起义狂潮\Mods\XM\XMFinal.SC2Mod\Base.SC2Data\GameData\UpgradeData.xml	skipped_existing
HotSPressurizedGlands	CUpgrade	游戏数据/官方SC2原始文本镜像/mods/starcoop/starcoop.sc2mod/base.sc2data/gamedata/upgradedata.xml	C:\Users\22448\Downloads\重生虫心0.71汉化版（新）\reborn_workrepo\合作指挥官版起义狂潮\Mods\XM\XMFinal.SC2Mod\Base.SC2Data\GameData\UpgradeData.xml	skipped_existing
HotSPressurizedGlands	CUpgrade	游戏数据/官方SC2原始文本镜像/campaigns/swarm.sc2campaign/base.sc2data/gamedata/upgradedata.xml	C:\Users\22448\Downloads\重生虫心0.71汉化版（新）\reborn_workrepo\合作指挥官版起义狂潮\Mods\XM\XMFinal.SC2Mod\Base.SC2Data\GameData\UpgradeData.xml	skipped_existing
HotSRoachDamage	CUpgrade	游戏数据/官方SC2原始文本镜像/mods/starcoop/starcoop.sc2mod/base.sc2data/gamedata/upgradedata.xml	C:\Users\22448\Downloads\重生虫心0.71汉化版（新）\reborn_workrepo\合作指挥官版起义狂潮\Mods\XM\XMFinal.SC2Mod\Base.SC2Data\GameData\UpgradeData.xml	skipped_existing
HotSRoachDamage	CUpgrade	游戏数据/官方SC2原始文本镜像/campaigns/swarm.sc2campaign/base.sc2data/gamedata/upgradedata.xml	C:\Users\22448\Downloads\重生虫心0.71汉化版（新）\reborn_workrepo\合作指挥官版起义狂潮\Mods\XM\XMFinal.SC2Mod\Base.SC2Data\GameData\UpgradeData.xml	skipped_existing
HotSRoachShield	CUpgrade	游戏数据/官方SC2原始文本镜像/mods/starcoop/starcoop.sc2mod/base.sc2data/gamedata/upgradedata.xml	C:\Users\22448\Downloads\重生虫心0.71汉化版（新）\reborn_workrepo\合作指挥官版起义狂潮\Mods\XM\XMFinal.SC2Mod\Base.SC2Data\GameData\UpgradeData.xml	skipped_existing
HotSRoachShield	CUpgrade	游戏数据/官方SC2原始文本镜像/campaigns/swarm.sc2campaign/base.sc2data/gamedata/upgradedata.xml	C:\Users\22448\Downloads\重生虫心0.71汉化版（新）\reborn_workrepo\合作指挥官版起义狂潮\Mods\XM\XMFinal.SC2Mod\Base.SC2Data\GameData\UpgradeData.xml	skipped_existing
HotSRupture	CUpgrade	游戏数据/官方SC2原始文本镜像/mods/starcoop/starcoop.sc2mod/base.sc2data/gamedata/upgradedata.xml	C:\Users\22448\Downloads\重生虫心0.71汉化版（新）\reborn_workrepo\合作指挥官版起义狂潮\Mods\XM\XMFinal.SC2Mod\Base.SC2Data\GameData\UpgradeData.xml	skipped_existing
HotSRupture	CUpgrade	游戏数据/官方SC2原始文本镜像/campaigns/swarm.sc2campaign/base.sc2data/gamedata/upgradedata.xml	C:\Users\22448\Downloads\重生虫心0.71汉化版（新）\reborn_workrepo\合作指挥官版起义狂潮\Mods\XM\XMFinal.SC2Mod\Base.SC2Data\GameData\UpgradeData.xml	skipped_existing
HotSTorrasque	CUpgrade	游戏数据/官方SC2原始文本镜像/mods/starcoop/starcoop.sc2mod/base.sc2data/gamedata/upgradedata.xml	C:\Users\22448\Downloads\重生虫心0.71汉化版（新）\reborn_workrepo\合作指挥官版起义狂潮\Mods\XM\XMFinal.SC2Mod\Base.SC2Data\GameData\UpgradeData.xml	skipped_existing
HotSTorrasque	CUpgrade	游戏数据/官方SC2原始文本镜像/campaigns/swarm.sc2campaign/base.sc2data/gamedata/upgradedata.xml	C:\Users\22448\Downloads\重生虫心0.71汉化版（新）\reborn_workrepo\合作指挥官版起义狂潮\Mods\XM\XMFinal.SC2Mod\Base.SC2Data\GameData\UpgradeData.xml	skipped_existing
HotSZerglingFrenzy	CUpgrade	游戏数据/官方SC2原始文本镜像/campaigns/swarm.sc2campaign/base.sc2data/gamedata/upgradedata.xml	C:\Users\22448\Downloads\重生虫心0.71汉化版（新）\reborn_workrepo\合作指挥官版起义狂潮\Mods\XM\XMFinal.SC2Mod\Base.SC2Data\GameData\UpgradeData.xml	skipped_existing
HydraliskFrenzy	CUpgrade	游戏数据/官方SC2原始文本镜像/mods/starcoop/starcoop.sc2mod/base.sc2data/gamedata/upgradedata.xml	C:\Users\22448\Downloads\重生虫心0.71汉化版（新）\reborn_workrepo\合作指挥官版起义狂潮\Mods\XM\XMFinal.SC2Mod\Base.SC2Data\GameData\UpgradeData.xml	skipped_existing
Impaler	CUpgrade	游戏数据/官方SC2原始文本镜像/campaigns/swarm.sc2campaign/base.sc2data/gamedata/upgradedata.xml	C:\Users\22448\Downloads\重生虫心0.71汉化版（新）\reborn_workrepo\合作指挥官版起义狂潮\Mods\XM\XMFinal.SC2Mod\Base.SC2Data\GameData\UpgradeData.xml	skipped_existing
K5Apocalypse	CUpgrade	游戏数据/官方SC2原始文本镜像/campaigns/swarm.sc2campaign/base.sc2data/gamedata/upgradedata.xml	C:\Users\22448\Downloads\重生虫心0.71汉化版（新）\reborn_workrepo\合作指挥官版起义狂潮\Mods\XM\XMFinal.SC2Mod\Base.SC2Data\GameData\UpgradeData.xml	skipped_existing
K5AutoExtractor	CUpgrade	游戏数据/官方SC2原始文本镜像/campaigns/swarm.sc2campaign/base.sc2data/gamedata/upgradedata.xml	C:\Users\22448\Downloads\重生虫心0.71汉化版（新）\reborn_workrepo\合作指挥官版起义狂潮\Mods\XM\XMFinal.SC2Mod\Base.SC2Data\GameData\UpgradeData.xml	skipped_existing
K5ChainLightning	CUpgrade	游戏数据/官方SC2原始文本镜像/mods/starcoop/starcoop.sc2mod/base.sc2data/gamedata/upgradedata.xml	C:\Users\22448\Downloads\重生虫心0.71汉化版（新）\reborn_workrepo\合作指挥官版起义狂潮\Mods\XM\XMFinal.SC2Mod\Base.SC2Data\GameData\UpgradeData.xml	skipped_existing
K5ChainLightning	CUpgrade	游戏数据/官方SC2原始文本镜像/campaigns/swarm.sc2campaign/base.sc2data/gamedata/upgradedata.xml	C:\Users\22448\Downloads\重生虫心0.71汉化版（新）\reborn_workrepo\合作指挥官版起义狂潮\Mods\XM\XMFinal.SC2Mod\Base.SC2Data\GameData\UpgradeData.xml	skipped_existing
K5Cooldowns	CUpgrade	游戏数据/官方SC2原始文本镜像/mods/starcoop/starcoop.sc2mod/base.sc2data/gamedata/upgradedata.xml	C:\Users\22448\Downloads\重生虫心0.71汉化版（新）\reborn_workrepo\合作指挥官版起义狂潮\Mods\XM\XMFinal.SC2Mod\Base.SC2Data\GameData\UpgradeData.xml	skipped_existing
K5Cooldowns	CUpgrade	游戏数据/官方SC2原始文本镜像/campaigns/swarm.sc2campaign/base.sc2data/gamedata/upgradedata.xml	C:\Users\22448\Downloads\重生虫心0.71汉化版（新）\reborn_workrepo\合作指挥官版起义狂潮\Mods\XM\XMFinal.SC2Mod\Base.SC2Data\GameData\UpgradeData.xml	skipped_existing
K5CreepBonuses	CUpgrade	游戏数据/官方SC2原始文本镜像/mods/starcoop/starcoop.sc2mod/base.sc2data/gamedata/upgradedata.xml	C:\Users\22448\Downloads\重生虫心0.71汉化版（新）\reborn_workrepo\合作指挥官版起义狂潮\Mods\XM\XMFinal.SC2Mod\Base.SC2Data\GameData\UpgradeData.xml	skipped_existing
K5CreepBonuses	CUpgrade	游戏数据/官方SC2原始文本镜像/campaigns/swarm.sc2campaign/base.sc2data/gamedata/upgradedata.xml	C:\Users\22448\Downloads\重生虫心0.71汉化版（新）\reborn_workrepo\合作指挥官版起义狂潮\Mods\XM\XMFinal.SC2Mod\Base.SC2Data\GameData\UpgradeData.xml	skipped_existing
K5CrushingGrip	CUpgrade	游戏数据/官方SC2原始文本镜像/campaigns/swarm.sc2campaign/base.sc2data/gamedata/upgradedata.xml	C:\Users\22448\Downloads\重生虫心0.71汉化版（新）\reborn_workrepo\合作指挥官版起义狂潮\Mods\XM\XMFinal.SC2Mod\Base.SC2Data\GameData\UpgradeData.xml	skipped_existing
K5DropPods	CUpgrade	游戏数据/官方SC2原始文本镜像/campaigns/swarm.sc2campaign/base.sc2data/gamedata/upgradedata.xml	C:\Users\22448\Downloads\重生虫心0.71汉化版（新）\reborn_workrepo\合作指挥官版起义狂潮\Mods\XM\XMFinal.SC2Mod\Base.SC2Data\GameData\UpgradeData.xml	skipped_existing
K5Fury	CUpgrade	游戏数据/官方SC2原始文本镜像/mods/starcoop/starcoop.sc2mod/base.sc2data/gamedata/upgradedata.xml	C:\Users\22448\Downloads\重生虫心0.71汉化版（新）\reborn_workrepo\合作指挥官版起义狂潮\Mods\XM\XMFinal.SC2Mod\Base.SC2Data\GameData\UpgradeData.xml	skipped_existing
K5Fury	CUpgrade	游戏数据/官方SC2原始文本镜像/campaigns/swarm.sc2campaign/base.sc2data/gamedata/upgradedata.xml	C:\Users\22448\Downloads\重生虫心0.71汉化版（新）\reborn_workrepo\合作指挥官版起义狂潮\Mods\XM\XMFinal.SC2Mod\Base.SC2Data\GameData\UpgradeData.xml	skipped_existing
K5GasBonuses	CUpgrade	游戏数据/官方SC2原始文本镜像/campaigns/swarm.sc2campaign/base.sc2data/gamedata/upgradedata.xml	C:\Users\22448\Downloads\重生虫心0.71汉化版（新）\reborn_workrepo\合作指挥官版起义狂潮\Mods\XM\XMFinal.SC2Mod\Base.SC2Data\GameData\UpgradeData.xml	skipped_existing
K5HeroicFortitude	CUpgrade	游戏数据/官方SC2原始文本镜像/campaigns/swarm.sc2campaign/base.sc2data/gamedata/upgradedata.xml	C:\Users\22448\Downloads\重生虫心0.71汉化版（新）\reborn_workrepo\合作指挥官版起义狂潮\Mods\XM\XMFinal.SC2Mod\Base.SC2Data\GameData\UpgradeData.xml	skipped_existing
K5ImprovedOverlords	CUpgrade	游戏数据/官方SC2原始文本镜像/campaigns/swarm.sc2campaign/base.sc2data/gamedata/upgradedata.xml	C:\Users\22448\Downloads\重生虫心0.71汉化版（新）\reborn_workrepo\合作指挥官版起义狂潮\Mods\XM\XMFinal.SC2Mod\Base.SC2Data\GameData\UpgradeData.xml	skipped_existing
K5InfestBroodlings	CUpgrade	游戏数据/官方SC2原始文本镜像/campaigns/swarm.sc2campaign/base.sc2data/gamedata/upgradedata.xml	C:\Users\22448\Downloads\重生虫心0.71汉化版（新）\reborn_workrepo\合作指挥官版起义狂潮\Mods\XM\XMFinal.SC2Mod\Base.SC2Data\GameData\UpgradeData.xml	skipped_existing
K5Leviathan	CUpgrade	游戏数据/官方SC2原始文本镜像/campaigns/swarm.sc2campaign/base.sc2data/gamedata/upgradedata.xml	C:\Users\22448\Downloads\重生虫心0.71汉化版（新）\reborn_workrepo\合作指挥官版起义狂潮\Mods\XM\XMFinal.SC2Mod\Base.SC2Data\GameData\UpgradeData.xml	skipped_existing
K5Mend	CUpgrade	游戏数据/官方SC2原始文本镜像/campaigns/swarm.sc2campaign/base.sc2data/gamedata/upgradedata.xml	C:\Users\22448\Downloads\重生虫心0.71汉化版（新）\reborn_workrepo\合作指挥官版起义狂潮\Mods\XM\XMFinal.SC2Mod\Base.SC2Data\GameData\UpgradeData.xml	skipped_existing
K5MindBolt	CUpgrade	游戏数据/官方SC2原始文本镜像/campaigns/swarm.sc2campaign/base.sc2data/gamedata/upgradedata.xml	C:\Users\22448\Downloads\重生虫心0.71汉化版（新）\reborn_workrepo\合作指挥官版起义狂潮\Mods\XM\XMFinal.SC2Mod\Base.SC2Data\GameData\UpgradeData.xml	skipped_existing
K5PrimalSlash	CUpgrade	游戏数据/官方SC2原始文本镜像/mods/starcoop/starcoop.sc2mod/base.sc2data/gamedata/upgradedata.xml	C:\Users\22448\Downloads\重生虫心0.71汉化版（新）\reborn_workrepo\合作指挥官版起义狂潮\Mods\XM\XMFinal.SC2Mod\Base.SC2Data\GameData\UpgradeData.xml	skipped_existing
K5PrimalSlash	CUpgrade	游戏数据/官方SC2原始文本镜像/campaigns/swarm.sc2campaign/base.sc2data/gamedata/upgradedata.xml	C:\Users\22448\Downloads\重生虫心0.71汉化版（新）\reborn_workrepo\合作指挥官版起义狂潮\Mods\XM\XMFinal.SC2Mod\Base.SC2Data\GameData\UpgradeData.xml	skipped_existing
K5PsiStrike	CUpgrade	游戏数据/官方SC2原始文本镜像/mods/starcoop/starcoop.sc2mod/base.sc2data/gamedata/upgradedata.xml	C:\Users\22448\Downloads\重生虫心0.71汉化版（新）\reborn_workrepo\合作指挥官版起义狂潮\Mods\XM\XMFinal.SC2Mod\Base.SC2Data\GameData\UpgradeData.xml	skipped_existing
K5PsiStrike	CUpgrade	游戏数据/官方SC2原始文本镜像/campaigns/swarm.sc2campaign/base.sc2data/gamedata/upgradedata.xml	C:\Users\22448\Downloads\重生虫心0.71汉化版（新）\reborn_workrepo\合作指挥官版起义狂潮\Mods\XM\XMFinal.SC2Mod\Base.SC2Data\GameData\UpgradeData.xml	skipped_existing
K5SpawnBanelings	CUpgrade	游戏数据/官方SC2原始文本镜像/campaigns/swarm.sc2campaign/base.sc2data/gamedata/upgradedata.xml	C:\Users\22448\Downloads\重生虫心0.71汉化版（新）\reborn_workrepo\合作指挥官版起义狂潮\Mods\XM\XMFinal.SC2Mod\Base.SC2Data\GameData\UpgradeData.xml	skipped_existing
K5TwoDrones	CUpgrade	游戏数据/官方SC2原始文本镜像/mods/starcoop/starcoop.sc2mod/base.sc2data/gamedata/upgradedata.xml	C:\Users\22448\Downloads\重生虫心0.71汉化版（新）\reborn_workrepo\合作指挥官版起义狂潮\Mods\XM\XMFinal.SC2Mod\Base.SC2Data\GameData\UpgradeData.xml	skipped_existing
K5TwoDrones	CUpgrade	游戏数据/官方SC2原始文本镜像/campaigns/swarm.sc2campaign/base.sc2data/gamedata/upgradedata.xml	C:\Users\22448\Downloads\重生虫心0.71汉化版（新）\reborn_workrepo\合作指挥官版起义狂潮\Mods\XM\XMFinal.SC2Mod\Base.SC2Data\GameData\UpgradeData.xml	skipped_existing
K5WildMutation	CUpgrade	游戏数据/官方SC2原始文本镜像/campaigns/swarm.sc2campaign/base.sc2data/gamedata/upgradedata.xml	C:\Users\22448\Downloads\重生虫心0.71汉化版（新）\reborn_workrepo\合作指挥官版起义狂潮\Mods\XM\XMFinal.SC2Mod\Base.SC2Data\GameData\UpgradeData.xml	skipped_existing
K5ZerglingRespawn	CUpgrade	游戏数据/官方SC2原始文本镜像/campaigns/swarm.sc2campaign/base.sc2data/gamedata/upgradedata.xml	C:\Users\22448\Downloads\重生虫心0.71汉化版（新）\reborn_workrepo\合作指挥官版起义狂潮\Mods\XM\XMFinal.SC2Mod\Base.SC2Data\GameData\UpgradeData.xml	skipped_existing
KerriganInfestedCosmetic	CUpgrade	游戏数据/官方SC2原始文本镜像/mods/starcoop/starcoop.sc2mod/base.sc2data/gamedata/upgradedata.xml	C:\Users\22448\Downloads\重生虫心0.71汉化版（新）\reborn_workrepo\合作指挥官版起义狂潮\Mods\XM\XMFinal.SC2Mod\Base.SC2Data\GameData\UpgradeData.xml	skipped_existing
KerriganInfestedCosmetic	CUpgrade	游戏数据/官方SC2原始文本镜像/campaigns/swarm.sc2campaign/base.sc2data/gamedata/upgradedata.xml	C:\Users\22448\Downloads\重生虫心0.71汉化版（新）\reborn_workrepo\合作指挥官版起义狂潮\Mods\XM\XMFinal.SC2Mod\Base.SC2Data\GameData\UpgradeData.xml	skipped_existing
KerriganPostLabSounds	CUpgrade	游戏数据/官方SC2原始文本镜像/campaigns/swarm.sc2campaign/base.sc2data/gamedata/upgradedata.xml	C:\Users\22448\Downloads\重生虫心0.71汉化版（新）\reborn_workrepo\合作指挥官版起义狂潮\Mods\XM\XMFinal.SC2Mod\Base.SC2Data\GameData\UpgradeData.xml	skipped_existing
KerriganPostZerusSounds	CUpgrade	游戏数据/官方SC2原始文本镜像/mods/starcoop/starcoop.sc2mod/base.sc2data/gamedata/upgradedata.xml	C:\Users\22448\Downloads\重生虫心0.71汉化版（新）\reborn_workrepo\合作指挥官版起义狂潮\Mods\XM\XMFinal.SC2Mod\Base.SC2Data\GameData\UpgradeData.xml	skipped_existing
KerriganPostZerusSounds	CUpgrade	游戏数据/官方SC2原始文本镜像/campaigns/swarm.sc2campaign/base.sc2data/gamedata/upgradedata.xml	C:\Users\22448\Downloads\重生虫心0.71汉化版（新）\reborn_workrepo\合作指挥官版起义狂潮\Mods\XM\XMFinal.SC2Mod\Base.SC2Data\GameData\UpgradeData.xml	skipped_existing
MasteryKerriganAssimilationAuraDuration	CUpgrade	游戏数据/官方SC2原始文本镜像/mods/starcoop/starcoop.sc2mod/base.sc2data/gamedata/upgradedata.xml	C:\Users\22448\Downloads\重生虫心0.71汉化版（新）\reborn_workrepo\合作指挥官版起义狂潮\Mods\XM\XMFinal.SC2Mod\Base.SC2Data\GameData\UpgradeData.xml	skipped_existing
MasteryKerriganImmobilizationWaveDamage	CUpgrade	游戏数据/官方SC2原始文本镜像/mods/starcoop/starcoop.sc2mod/base.sc2data/gamedata/upgradedata.xml	C:\Users\22448\Downloads\重生虫心0.71汉化版（新）\reborn_workrepo\合作指挥官版起义狂潮\Mods\XM\XMFinal.SC2Mod\Base.SC2Data\GameData\UpgradeData.xml	skipped_existing
MasteryKerriganPrimarySpeedDamage	CUpgrade	游戏数据/官方SC2原始文本镜像/mods/starcoop/starcoop.sc2mod/base.sc2data/gamedata/upgradedata.xml	C:\Users\22448\Downloads\重生虫心0.71汉化版（新）\reborn_workrepo\合作指挥官版起义狂潮\Mods\XM\XMFinal.SC2Mod\Base.SC2Data\GameData\UpgradeData.xml	skipped_existing
MasteryZagaraZerglingDodgeChance	CUpgrade	游戏数据/官方SC2原始文本镜像/mods/starcoop/starcoop.sc2mod/base.sc2data/gamedata/upgradedata.xml	C:\Users\22448\Downloads\重生虫心0.71汉化版（新）\reborn_workrepo\合作指挥官版起义狂潮\Mods\XM\XMFinal.SC2Mod\Base.SC2Data\GameData\UpgradeData.xml	skipped_existing
NeuralParasite	CUpgrade	游戏数据/官方SC2原始文本镜像/mods/starcoop/starcoop.sc2mod/base.sc2data/gamedata/upgradedata.xml	C:\Users\22448\Downloads\重生虫心0.71汉化版（新）\reborn_workrepo\合作指挥官版起义狂潮\Mods\XM\XMFinal.SC2Mod\Base.SC2Data\GameData\UpgradeData.xml	skipped_existing
overlordspeed	CUpgrade	游戏数据/官方SC2原始文本镜像/mods/starcoop/starcoop.sc2mod/base.sc2data/gamedata/upgradedata.xml	C:\Users\22448\Downloads\重生虫心0.71汉化版（新）\reborn_workrepo\合作指挥官版起义狂潮\Mods\XM\XMFinal.SC2Mod\Base.SC2Data\GameData\UpgradeData.xml	skipped_existing
RoachCorpser	CUpgrade	游戏数据/官方SC2原始文本镜像/campaigns/swarm.sc2campaign/base.sc2data/gamedata/upgradedata.xml	C:\Users\22448\Downloads\重生虫心0.71汉化版（新）\reborn_workrepo\合作指挥官版起义狂潮\Mods\XM\XMFinal.SC2Mod\Base.SC2Data\GameData\UpgradeData.xml	skipped_existing
RoachVile	CUpgrade	游戏数据/官方SC2原始文本镜像/campaigns/swarm.sc2campaign/base.sc2data/gamedata/upgradedata.xml	C:\Users\22448\Downloads\重生虫心0.71汉化版（新）\reborn_workrepo\合作指挥官版起义狂潮\Mods\XM\XMFinal.SC2Mod\Base.SC2Data\GameData\UpgradeData.xml	skipped_existing
SIQueenFungalGrowth	CUpgrade	游戏数据/官方SC2原始文本镜像/mods/starcoop/starcoop.sc2mod/base.sc2data/gamedata/upgradedata.xml	C:\Users\22448\Downloads\重生虫心0.71汉化版（新）\reborn_workrepo\合作指挥官版起义狂潮\Mods\XM\XMFinal.SC2Mod\Base.SC2Data\GameData\UpgradeData.xml	skipped_existing
StukovInfestedCivilianSpawnBroodlingOnDeath	CUpgrade	游戏数据/官方SC2原始文本镜像/mods/starcoop/starcoop.sc2mod/base.sc2data/gamedata/upgradedata.xml	C:\Users\22448\Downloads\重生虫心0.71汉化版（新）\reborn_workrepo\合作指挥官版起义狂潮\Mods\XM\XMFinal.SC2Mod\Base.SC2Data\GameData\UpgradeData.xml	skipped_existing
StukovInfestedInfestedCivilianLeapAttack	CUpgrade	游戏数据/官方SC2原始文本镜像/mods/starcoop/starcoop.sc2mod/base.sc2data/gamedata/upgradedata.xml	C:\Users\22448\Downloads\重生虫心0.71汉化版（新）\reborn_workrepo\合作指挥官版起义狂潮\Mods\XM\XMFinal.SC2Mod\Base.SC2Data\GameData\UpgradeData.xml	skipped_existing
SwarmHostFakeWeapon	CUpgrade	游戏数据/官方SC2原始文本镜像/mods/starcoop/starcoop.sc2mod/base.sc2data/gamedata/upgradedata.xml	C:\Users\22448\Downloads\重生虫心0.71汉化版（新）\reborn_workrepo\合作指挥官版起义狂潮\Mods\XM\XMFinal.SC2Mod\Base.SC2Data\GameData\UpgradeData.xml	skipped_existing
TunnelingClaws	CUpgrade	游戏数据/官方SC2原始文本镜像/mods/starcoop/starcoop.sc2mod/base.sc2data/gamedata/upgradedata.xml	C:\Users\22448\Downloads\重生虫心0.71汉化版（新）\reborn_workrepo\合作指挥官版起义狂潮\Mods\XM\XMFinal.SC2Mod\Base.SC2Data\GameData\UpgradeData.xml	skipped_existing
ZagaraCommander	CUpgrade	游戏数据/官方SC2原始文本镜像/mods/starcoop/starcoop.sc2mod/base.sc2data/gamedata/upgradedata.xml	C:\Users\22448\Downloads\重生虫心0.71汉化版（新）\reborn_workrepo\合作指挥官版起义狂潮\Mods\XM\XMFinal.SC2Mod\Base.SC2Data\GameData\UpgradeData.xml	skipped_existing
ZagaraVoidCoopBanelingSpawner	CUpgrade	游戏数据/官方SC2原始文本镜像/mods/starcoop/starcoop.sc2mod/base.sc2data/gamedata/upgradedata.xml	C:\Users\22448\Downloads\重生虫心0.71汉化版（新）\reborn_workrepo\合作指挥官版起义狂潮\Mods\XM\XMFinal.SC2Mod\Base.SC2Data\GameData\UpgradeData.xml	skipped_existing
ZerglingArmorShred	CUpgrade	游戏数据/官方SC2原始文本镜像/mods/starcoop/starcoop.sc2mod/base.sc2data/gamedata/upgradedata.xml	C:\Users\22448\Downloads\重生虫心0.71汉化版（新）\reborn_workrepo\合作指挥官版起义狂潮\Mods\XM\XMFinal.SC2Mod\Base.SC2Data\GameData\UpgradeData.xml	skipped_existing
zerglingmovementspeed	CUpgrade	游戏数据/官方SC2原始文本镜像/mods/starcoop/starcoop.sc2mod/base.sc2data/gamedata/upgradedata.xml	C:\Users\22448\Downloads\重生虫心0.71汉化版（新）\reborn_workrepo\合作指挥官版起义狂潮\Mods\XM\XMFinal.SC2Mod\Base.SC2Data\GameData\UpgradeData.xml	skipped_existing
zerglingmovementspeed	CUpgrade	游戏数据/官方SC2原始文本镜像/campaigns/swarm.sc2campaign/base.sc2data/gamedata/upgradedata.xml	C:\Users\22448\Downloads\重生虫心0.71汉化版（新）\reborn_workrepo\合作指挥官版起义狂潮\Mods\XM\XMFinal.SC2Mod\Base.SC2Data\GameData\UpgradeData.xml	skipped_existing
CasterShieldsNotFull	CValidatorUnitCompareVital	游戏数据/官方SC2原始文本镜像/mods/starcoop/starcoop.sc2mod/base.sc2data/gamedata/validatordata.xml	C:\Users\22448\Downloads\重生虫心0.71汉化版（新）\reborn_workrepo\合作指挥官版起义狂潮\Mods\XM\XMFinal.SC2Mod\Base.SC2Data\GameData\ValidatorData.xml	skipped_existing
CliffLevelSourceGE1	CValidatorLocationCompareCliffLevel	游戏数据/官方SC2原始文本镜像/campaigns/swarm.sc2campaign/base.sc2data/gamedata/validatordata.xml	C:\Users\22448\Downloads\重生虫心0.71汉化版（新）\reborn_workrepo\合作指挥官版起义狂潮\Mods\XM\XMFinal.SC2Mod\Base.SC2Data\GameData\ValidatorData.xml	skipped_existing
CommanderPrestigeAbathurBiomass	CValidatorPlayerRequirement	游戏数据/官方SC2原始文本镜像/mods/starcoop/starcoop.sc2mod/base.sc2data/gamedata/validatordata.xml	C:\Users\22448\Downloads\重生虫心0.71汉化版（新）\reborn_workrepo\合作指挥官版起义狂潮\Mods\XM\XMFinal.SC2Mod\Base.SC2Data\GameData\ValidatorData.xml	skipped_existing
CommanderPrestigeArtanisCombatAbilities	CValidatorPlayerRequirement	游戏数据/官方SC2原始文本镜像/mods/starcoop/starcoop.sc2mod/base.sc2data/gamedata/validatordata.xml	C:\Users\22448\Downloads\重生虫心0.71汉化版（新）\reborn_workrepo\合作指挥官版起义狂潮\Mods\XM\XMFinal.SC2Mod\Base.SC2Data\GameData\ValidatorData.xml	skipped_existing
CommanderPrestigeKerriganAbilities	CValidatorPlayerRequirement	游戏数据/官方SC2原始文本镜像/mods/starcoop/starcoop.sc2mod/base.sc2data/gamedata/validatordata.xml	C:\Users\22448\Downloads\重生虫心0.71汉化版（新）\reborn_workrepo\合作指挥官版起义狂潮\Mods\XM\XMFinal.SC2Mod\Base.SC2Data\GameData\ValidatorData.xml	skipped_existing
CommanderPrestigeKerriganAssimilationAura	CValidatorPlayerRequirement	游戏数据/官方SC2原始文本镜像/mods/starcoop/starcoop.sc2mod/base.sc2data/gamedata/validatordata.xml	C:\Users\22448\Downloads\重生虫心0.71汉化版（新）\reborn_workrepo\合作指挥官版起义狂潮\Mods\XM\XMFinal.SC2Mod\Base.SC2Data\GameData\ValidatorData.xml	skipped_existing
CommanderPrestigeZagaraCorruptorsAberrations	CValidatorPlayerRequirement	游戏数据/官方SC2原始文本镜像/mods/starcoop/starcoop.sc2mod/base.sc2data/gamedata/validatordata.xml	C:\Users\22448\Downloads\重生虫心0.71汉化版（新）\reborn_workrepo\合作指挥官版起义狂潮\Mods\XM\XMFinal.SC2Mod\Base.SC2Data\GameData\ValidatorData.xml	skipped_existing
CommanderPrestigeZagaraMaxSupply	CValidatorPlayerRequirement	游戏数据/官方SC2原始文本镜像/mods/starcoop/starcoop.sc2mod/base.sc2data/gamedata/validatordata.xml	C:\Users\22448\Downloads\重生虫心0.71汉化版（新）\reborn_workrepo\合作指挥官版起义狂潮\Mods\XM\XMFinal.SC2Mod\Base.SC2Data\GameData\ValidatorData.xml	skipped_existing
DarkProtossAndNotUnderConstruction	CValidatorCombine	游戏数据/官方SC2原始文本镜像/campaigns/swarm.sc2campaign/base.sc2data/gamedata/validatordata.xml	C:\Users\22448\Downloads\重生虫心0.71汉化版（新）\reborn_workrepo\合作指挥官版起义狂潮\Mods\XM\XMFinal.SC2Mod\Base.SC2Data\GameData\ValidatorData.xml	skipped_existing
DarkProtossAndUnderConstruction	CValidatorCombine	游戏数据/官方SC2原始文本镜像/campaigns/swarm.sc2campaign/base.sc2data/gamedata/validatordata.xml	C:\Users\22448\Downloads\重生虫心0.71汉化版（新）\reborn_workrepo\合作指挥官版起义狂潮\Mods\XM\XMFinal.SC2Mod\Base.SC2Data\GameData\ValidatorData.xml	skipped_existing
DistanceLessThan1	CValidatorLocationCompareRange	游戏数据/官方SC2原始文本镜像/campaigns/swarm.sc2campaign/base.sc2data/gamedata/validatordata.xml	C:\Users\22448\Downloads\重生虫心0.71汉化版（新）\reborn_workrepo\合作指挥官版起义狂潮\Mods\XM\XMFinal.SC2Mod\Base.SC2Data\GameData\ValidatorData.xml	skipped_existing
FuelCellPickupUnit	CValidatorUnitType	游戏数据/官方SC2原始文本镜像/mods/starcoop/starcoop.sc2mod/base.sc2data/gamedata/validatordata.xml	C:\Users\22448\Downloads\重生虫心0.71汉化版（新）\reborn_workrepo\合作指挥官版起义狂潮\Mods\XM\XMFinal.SC2Mod\Base.SC2Data\GameData\ValidatorData.xml	skipped_existing
HasCarapaceTakenDamageBehaviorCheck	CValidatorUnitCompareBehaviorCount	游戏数据/官方SC2原始文本镜像/mods/starcoop/starcoop.sc2mod/base.sc2data/gamedata/validatordata.xml	C:\Users\22448\Downloads\重生虫心0.71汉化版（新）\reborn_workrepo\合作指挥官版起义狂潮\Mods\XM\XMFinal.SC2Mod\Base.SC2Data\GameData\ValidatorData.xml	skipped_existing
HaveAberrationArmorAura	CValidatorPlayerRequirement	游戏数据/官方SC2原始文本镜像/mods/starcoop/starcoop.sc2mod/base.sc2data/gamedata/validatordata.xml	C:\Users\22448\Downloads\重生虫心0.71汉化版（新）\reborn_workrepo\合作指挥官版起义狂潮\Mods\XM\XMFinal.SC2Mod\Base.SC2Data\GameData\ValidatorData.xml	skipped_existing
HaveCommanderPrestigeKerriganFuryExpend	CValidatorUnitCompareBehaviorCount	游戏数据/官方SC2原始文本镜像/mods/starcoop/starcoop.sc2mod/base.sc2data/gamedata/validatordata.xml	C:\Users\22448\Downloads\重生虫心0.71汉化版（新）\reborn_workrepo\合作指挥官版起义狂潮\Mods\XM\XMFinal.SC2Mod\Base.SC2Data\GameData\ValidatorData.xml	skipped_existing
HaveHeroicFortitude	CValidatorPlayerRequirement	游戏数据/官方SC2原始文本镜像/mods/starcoop/starcoop.sc2mod/base.sc2data/gamedata/validatordata.xml	C:\Users\22448\Downloads\重生虫心0.71汉化版（新）\reborn_workrepo\合作指挥官版起义狂潮\Mods\XM\XMFinal.SC2Mod\Base.SC2Data\GameData\ValidatorData.xml	skipped_existing
HaveHotSBanelingHeal	CValidatorPlayerRequirement	游戏数据/官方SC2原始文本镜像/campaigns/swarm.sc2campaign/base.sc2data/gamedata/validatordata.xml	C:\Users\22448\Downloads\重生虫心0.71汉化版（新）\reborn_workrepo\合作指挥官版起义狂潮\Mods\XM\XMFinal.SC2Mod\Base.SC2Data\GameData\ValidatorData.xml	skipped_existing
HaveHotSBurrowCharge	CValidatorPlayerRequirement	游戏数据/官方SC2原始文本镜像/campaigns/swarm.sc2campaign/base.sc2data/gamedata/validatordata.xml	C:\Users\22448\Downloads\重生虫心0.71汉化版（新）\reborn_workrepo\合作指挥官版起义狂潮\Mods\XM\XMFinal.SC2Mod\Base.SC2Data\GameData\ValidatorData.xml	skipped_existing
HaveHotSBurrowSwarmHost	CValidatorPlayerRequirement	游戏数据/官方SC2原始文本镜像/campaigns/swarm.sc2campaign/base.sc2data/gamedata/validatordata.xml	C:\Users\22448\Downloads\重生虫心0.71汉化版（新）\reborn_workrepo\合作指挥官版起义狂潮\Mods\XM\XMFinal.SC2Mod\Base.SC2Data\GameData\ValidatorData.xml	skipped_existing
HaveHotSCorrosiveBile	CValidatorPlayerRequirement	游戏数据/官方SC2原始文本镜像/campaigns/swarm.sc2campaign/base.sc2data/gamedata/validatordata.xml	C:\Users\22448\Downloads\重生虫心0.71汉化版（新）\reborn_workrepo\合作指挥官版起义狂潮\Mods\XM\XMFinal.SC2Mod\Base.SC2Data\GameData\ValidatorData.xml	skipped_existing
HaveHotSGroovedSpines	CValidatorPlayerRequirement	游戏数据/官方SC2原始文本镜像/campaigns/swarm.sc2campaign/base.sc2data/gamedata/validatordata.xml	C:\Users\22448\Downloads\重生虫心0.71汉化版（新）\reborn_workrepo\合作指挥官版起义狂潮\Mods\XM\XMFinal.SC2Mod\Base.SC2Data\GameData\ValidatorData.xml	skipped_existing
HaveHotSHunter	CValidatorPlayerRequirement	游戏数据/官方SC2原始文本镜像/campaigns/swarm.sc2campaign/base.sc2data/gamedata/validatordata.xml	C:\Users\22448\Downloads\重生虫心0.71汉化版（新）\reborn_workrepo\合作指挥官版起义狂潮\Mods\XM\XMFinal.SC2Mod\Base.SC2Data\GameData\ValidatorData.xml	skipped_existing
HaveHotSLeviathanWeapon1	CValidatorUnitCompareBehaviorCount	游戏数据/官方SC2原始文本镜像/campaigns/swarm.sc2campaign/base.sc2data/gamedata/validatordata.xml	C:\Users\22448\Downloads\重生虫心0.71汉化版（新）\reborn_workrepo\合作指挥官版起义狂潮\Mods\XM\XMFinal.SC2Mod\Base.SC2Data\GameData\ValidatorData.xml	skipped_existing
HaveHotSLeviathanWeapon2	CValidatorUnitCompareBehaviorCount	游戏数据/官方SC2原始文本镜像/campaigns/swarm.sc2campaign/base.sc2data/gamedata/validatordata.xml	C:\Users\22448\Downloads\重生虫心0.71汉化版（新）\reborn_workrepo\合作指挥官版起义狂潮\Mods\XM\XMFinal.SC2Mod\Base.SC2Data\GameData\ValidatorData.xml	skipped_existing
HaveHotSLeviathanWeapon3	CValidatorUnitCompareBehaviorCount	游戏数据/官方SC2原始文本镜像/campaigns/swarm.sc2campaign/base.sc2data/gamedata/validatordata.xml	C:\Users\22448\Downloads\重生虫心0.71汉化版（新）\reborn_workrepo\合作指挥官版起义狂潮\Mods\XM\XMFinal.SC2Mod\Base.SC2Data\GameData\ValidatorData.xml	skipped_existing
HaveHotSLeviathanWeapon4	CValidatorUnitCompareBehaviorCount	游戏数据/官方SC2原始文本镜像/campaigns/swarm.sc2campaign/base.sc2data/gamedata/validatordata.xml	C:\Users\22448\Downloads\重生虫心0.71汉化版（新）\reborn_workrepo\合作指挥官版起义狂潮\Mods\XM\XMFinal.SC2Mod\Base.SC2Data\GameData\ValidatorData.xml	skipped_existing
HaveHotSMetabolicBoost	CValidatorPlayerRequirement	游戏数据/官方SC2原始文本镜像/campaigns/swarm.sc2campaign/base.sc2data/gamedata/validatordata.xml	C:\Users\22448\Downloads\重生虫心0.71汉化版（新）\reborn_workrepo\合作指挥官版起义狂潮\Mods\XM\XMFinal.SC2Mod\Base.SC2Data\GameData\ValidatorData.xml	skipped_existing
HaveHotSMonarchBlades	CValidatorPlayerRequirement	游戏数据/官方SC2原始文本镜像/campaigns/swarm.sc2campaign/base.sc2data/gamedata/validatordata.xml	C:\Users\22448\Downloads\重生虫心0.71汉化版（新）\reborn_workrepo\合作指挥官版起义狂潮\Mods\XM\XMFinal.SC2Mod\Base.SC2Data\GameData\ValidatorData.xml	skipped_existing
HaveHotSNoxious	CValidatorPlayerRequirement	游戏数据/官方SC2原始文本镜像/campaigns/swarm.sc2campaign/base.sc2data/gamedata/validatordata.xml	C:\Users\22448\Downloads\重生虫心0.71汉化版（新）\reborn_workrepo\合作指挥官版起义狂潮\Mods\XM\XMFinal.SC2Mod\Base.SC2Data\GameData\ValidatorData.xml	skipped_existing
HaveHotSRapidIncubation	CValidatorPlayerRequirement	游戏数据/官方SC2原始文本镜像/campaigns/swarm.sc2campaign/base.sc2data/gamedata/validatordata.xml	C:\Users\22448\Downloads\重生虫心0.71汉化版（新）\reborn_workrepo\合作指挥官版起义狂潮\Mods\XM\XMFinal.SC2Mod\Base.SC2Data\GameData\ValidatorData.xml	skipped_existing
HaveHotSRoachShield	CValidatorPlayerRequirement	游戏数据/官方SC2原始文本镜像/campaigns/swarm.sc2campaign/base.sc2data/gamedata/validatordata.xml	C:\Users\22448\Downloads\重生虫心0.71汉化版（新）\reborn_workrepo\合作指挥官版起义狂潮\Mods\XM\XMFinal.SC2Mod\Base.SC2Data\GameData\ValidatorData.xml	skipped_existing
HaveHotSRupture	CValidatorPlayerRequirement	游戏数据/官方SC2原始文本镜像/campaigns/swarm.sc2campaign/base.sc2data/gamedata/validatordata.xml	C:\Users\22448\Downloads\重生虫心0.71汉化版（新）\reborn_workrepo\合作指挥官版起义狂潮\Mods\XM\XMFinal.SC2Mod\Base.SC2Data\GameData\ValidatorData.xml	skipped_existing
HaveHotSSplitterling	CValidatorPlayerRequirement	游戏数据/官方SC2原始文本镜像/campaigns/swarm.sc2campaign/base.sc2data/gamedata/validatordata.xml	C:\Users\22448\Downloads\重生虫心0.71汉化版（新）\reborn_workrepo\合作指挥官版起义狂潮\Mods\XM\XMFinal.SC2Mod\Base.SC2Data\GameData\ValidatorData.xml	skipped_existing
HaveHotSTissueAssimilation	CValidatorPlayerRequirement	游戏数据/官方SC2原始文本镜像/campaigns/swarm.sc2campaign/base.sc2data/gamedata/validatordata.xml	C:\Users\22448\Downloads\重生虫心0.71汉化版（新）\reborn_workrepo\合作指挥官版起义狂潮\Mods\XM\XMFinal.SC2Mod\Base.SC2Data\GameData\ValidatorData.xml	skipped_existing
HaveHotSTorrasque	CValidatorPlayerRequirement	游戏数据/官方SC2原始文本镜像/campaigns/swarm.sc2campaign/base.sc2data/gamedata/validatordata.xml	C:\Users\22448\Downloads\重生虫心0.71汉化版（新）\reborn_workrepo\合作指挥官版起义狂潮\Mods\XM\XMFinal.SC2Mod\Base.SC2Data\GameData\ValidatorData.xml	skipped_existing
HaveHotSTunnelingClaws	CValidatorPlayerRequirement	游戏数据/官方SC2原始文本镜像/campaigns/swarm.sc2campaign/base.sc2data/gamedata/validatordata.xml	C:\Users\22448\Downloads\重生虫心0.71汉化版（新）\reborn_workrepo\合作指挥官版起义狂潮\Mods\XM\XMFinal.SC2Mod\Base.SC2Data\GameData\ValidatorData.xml	skipped_existing
HaveHotSZerglingFrenzy	CValidatorPlayerRequirement	游戏数据/官方SC2原始文本镜像/campaigns/swarm.sc2campaign/base.sc2data/gamedata/validatordata.xml	C:\Users\22448\Downloads\重生虫心0.71汉化版（新）\reborn_workrepo\合作指挥官版起义狂潮\Mods\XM\XMFinal.SC2Mod\Base.SC2Data\GameData\ValidatorData.xml	skipped_existing
HaveK5AbilityEfficiency	CValidatorPlayerRequirement	游戏数据/官方SC2原始文本镜像/campaigns/swarm.sc2campaign/base.sc2data/gamedata/validatordata.xml	C:\Users\22448\Downloads\重生虫心0.71汉化版（新）\reborn_workrepo\合作指挥官版起义狂潮\Mods\XM\XMFinal.SC2Mod\Base.SC2Data\GameData\ValidatorData.xml	skipped_existing
HaveK5CreepBonuses	CValidatorPlayerRequirement	游戏数据/官方SC2原始文本镜像/campaigns/swarm.sc2campaign/base.sc2data/gamedata/validatordata.xml	C:\Users\22448\Downloads\重生虫心0.71汉化版（新）\reborn_workrepo\合作指挥官版起义狂潮\Mods\XM\XMFinal.SC2Mod\Base.SC2Data\GameData\ValidatorData.xml	skipped_existing
HaveK5GasBonuses	CValidatorPlayerRequirement	游戏数据/官方SC2原始文本镜像/campaigns/swarm.sc2campaign/base.sc2data/gamedata/validatordata.xml	C:\Users\22448\Downloads\重生虫心0.71汉化版（新）\reborn_workrepo\合作指挥官版起义狂潮\Mods\XM\XMFinal.SC2Mod\Base.SC2Data\GameData\ValidatorData.xml	skipped_existing
HaveK5ImprovedOverlords	CValidatorPlayerRequirement	游戏数据/官方SC2原始文本镜像/campaigns/swarm.sc2campaign/base.sc2data/gamedata/validatordata.xml	C:\Users\22448\Downloads\重生虫心0.71汉化版（新）\reborn_workrepo\合作指挥官版起义狂潮\Mods\XM\XMFinal.SC2Mod\Base.SC2Data\GameData\ValidatorData.xml	skipped_existing
HaveK5InfestBroodlings	CValidatorPlayerRequirement	游戏数据/官方SC2原始文本镜像/campaigns/swarm.sc2campaign/base.sc2data/gamedata/validatordata.xml	C:\Users\22448\Downloads\重生虫心0.71汉化版（新）\reborn_workrepo\合作指挥官版起义狂潮\Mods\XM\XMFinal.SC2Mod\Base.SC2Data\GameData\ValidatorData.xml	skipped_existing
HaveK5TwoDrones	CValidatorPlayerRequirement	游戏数据/官方SC2原始文本镜像/campaigns/swarm.sc2campaign/base.sc2data/gamedata/validatordata.xml	C:\Users\22448\Downloads\重生虫心0.71汉化版（新）\reborn_workrepo\合作指挥官版起义狂潮\Mods\XM\XMFinal.SC2Mod\Base.SC2Data\GameData\ValidatorData.xml	skipped_existing
HaveKerriganInfestedCosmetic	CValidatorPlayerRequirement	游戏数据/官方SC2原始文本镜像/campaigns/swarm.sc2campaign/base.sc2data/gamedata/validatordata.xml	C:\Users\22448\Downloads\重生虫心0.71汉化版（新）\reborn_workrepo\合作指挥官版起义狂潮\Mods\XM\XMFinal.SC2Mod\Base.SC2Data\GameData\ValidatorData.xml	skipped_existing
HaveKerriganPostLabSounds	CValidatorPlayerRequirement	游戏数据/官方SC2原始文本镜像/campaigns/swarm.sc2campaign/base.sc2data/gamedata/validatordata.xml	C:\Users\22448\Downloads\重生虫心0.71汉化版（新）\reborn_workrepo\合作指挥官版起义狂潮\Mods\XM\XMFinal.SC2Mod\Base.SC2Data\GameData\ValidatorData.xml	skipped_existing
HaveKerriganPostZerusSounds	CValidatorPlayerRequirement	游戏数据/官方SC2原始文本镜像/campaigns/swarm.sc2campaign/base.sc2data/gamedata/validatordata.xml	C:\Users\22448\Downloads\重生虫心0.71汉化版（新）\reborn_workrepo\合作指挥官版起义狂潮\Mods\XM\XMFinal.SC2Mod\Base.SC2Data\GameData\ValidatorData.xml	skipped_existing
HaveKerriganPrimalRage1	CValidatorUnitCompareBehaviorCount	游戏数据/官方SC2原始文本镜像/campaigns/swarm.sc2campaign/base.sc2data/gamedata/validatordata.xml	C:\Users\22448\Downloads\重生虫心0.71汉化版（新）\reborn_workrepo\合作指挥官版起义狂潮\Mods\XM\XMFinal.SC2Mod\Base.SC2Data\GameData\ValidatorData.xml	skipped_existing
HaveKerriganPrimalRage2	CValidatorUnitCompareBehaviorCount	游戏数据/官方SC2原始文本镜像/campaigns/swarm.sc2campaign/base.sc2data/gamedata/validatordata.xml	C:\Users\22448\Downloads\重生虫心0.71汉化版（新）\reborn_workrepo\合作指挥官版起义狂潮\Mods\XM\XMFinal.SC2Mod\Base.SC2Data\GameData\ValidatorData.xml	skipped_existing
HaveKerriganPrimalRage3	CValidatorUnitCompareBehaviorCount	游戏数据/官方SC2原始文本镜像/campaigns/swarm.sc2campaign/base.sc2data/gamedata/validatordata.xml	C:\Users\22448\Downloads\重生虫心0.71汉化版（新）\reborn_workrepo\合作指挥官版起义狂潮\Mods\XM\XMFinal.SC2Mod\Base.SC2Data\GameData\ValidatorData.xml	skipped_existing
HaveKerriganPrimalRage4	CValidatorUnitCompareBehaviorCount	游戏数据/官方SC2原始文本镜像/campaigns/swarm.sc2campaign/base.sc2data/gamedata/validatordata.xml	C:\Users\22448\Downloads\重生虫心0.71汉化版（新）\reborn_workrepo\合作指挥官版起义狂潮\Mods\XM\XMFinal.SC2Mod\Base.SC2Data\GameData\ValidatorData.xml	skipped_existing
HaveKerriganPrimalRage5	CValidatorUnitCompareBehaviorCount	游戏数据/官方SC2原始文本镜像/campaigns/swarm.sc2campaign/base.sc2data/gamedata/validatordata.xml	C:\Users\22448\Downloads\重生虫心0.71汉化版（新）\reborn_workrepo\合作指挥官版起义狂潮\Mods\XM\XMFinal.SC2Mod\Base.SC2Data\GameData\ValidatorData.xml	skipped_existing
HaveKerriganRage	CValidatorCombine	游戏数据/官方SC2原始文本镜像/mods/starcoop/starcoop.sc2mod/base.sc2data/gamedata/validatordata.xml	C:\Users\22448\Downloads\重生虫心0.71汉化版（新）\reborn_workrepo\合作指挥官版起义狂潮\Mods\XM\XMFinal.SC2Mod\Base.SC2Data\GameData\ValidatorData.xml	skipped_existing
HaveKerriganVoidCoopEnergyRegen	CValidatorPlayerRequirement	游戏数据/官方SC2原始文本镜像/mods/starcoop/starcoop.sc2mod/base.sc2data/gamedata/validatordata.xml	C:\Users\22448\Downloads\重生虫心0.71汉化版（新）\reborn_workrepo\合作指挥官版起义狂潮\Mods\XM\XMFinal.SC2Mod\Base.SC2Data\GameData\ValidatorData.xml	skipped_existing
HaveMapObjectInteractable	CValidatorUnitCompareBehaviorCount	游戏数据/官方SC2原始文本镜像/mods/starcoop/starcoop.sc2mod/base.sc2data/gamedata/validatordata.xml	C:\Users\22448\Downloads\重生虫心0.71汉化版（新）\reborn_workrepo\合作指挥官版起义狂潮\Mods\XM\XMFinal.SC2Mod\Base.SC2Data\GameData\ValidatorData.xml	skipped_existing
HaveMasteryAbathurBuildingMorphandResearchTime	CValidatorPlayerRequirement	游戏数据/官方SC2原始文本镜像/mods/starcoop/starcoop.sc2mod/base.sc2data/gamedata/validatordata.xml	C:\Users\22448\Downloads\重生虫心0.71汉化版（新）\reborn_workrepo\合作指挥官版起义狂潮\Mods\XM\XMFinal.SC2Mod\Base.SC2Data\GameData\ValidatorData.xml	skipped_existing
HaveMasteryAbathurSymbioteCarapace	CValidatorPlayerRequirement	游戏数据/官方SC2原始文本镜像/mods/starcoop/starcoop.sc2mod/base.sc2data/gamedata/validatordata.xml	C:\Users\22448\Downloads\重生虫心0.71汉化版（新）\reborn_workrepo\合作指挥官版起义狂潮\Mods\XM\XMFinal.SC2Mod\Base.SC2Data\GameData\ValidatorData.xml	skipped_existing
HaveMasteryAbathurSymbioteCDR	CValidatorPlayerRequirement	游戏数据/官方SC2原始文本镜像/mods/starcoop/starcoop.sc2mod/base.sc2data/gamedata/validatordata.xml	C:\Users\22448\Downloads\重生虫心0.71汉化版（新）\reborn_workrepo\合作指挥官版起义狂潮\Mods\XM\XMFinal.SC2Mod\Base.SC2Data\GameData\ValidatorData.xml	skipped_existing
HaveMasteryKerriganAssimilationAuraDuration	CValidatorPlayerRequirement	游戏数据/官方SC2原始文本镜像/mods/starcoop/starcoop.sc2mod/base.sc2data/gamedata/validatordata.xml	C:\Users\22448\Downloads\重生虫心0.71汉化版（新）\reborn_workrepo\合作指挥官版起义狂潮\Mods\XM\XMFinal.SC2Mod\Base.SC2Data\GameData\ValidatorData.xml	skipped_existing
HaveMasteryKerriganAutoAttackDamage	CValidatorPlayerRequirement	游戏数据/官方SC2原始文本镜像/mods/starcoop/starcoop.sc2mod/base.sc2data/gamedata/validatordata.xml	C:\Users\22448\Downloads\重生虫心0.71汉化版（新）\reborn_workrepo\合作指挥官版起义狂潮\Mods\XM\XMFinal.SC2Mod\Base.SC2Data\GameData\ValidatorData.xml	skipped_existing
HaveMasteryKerriganCocoonTimer	CValidatorPlayerRequirement	游戏数据/官方SC2原始文本镜像/mods/starcoop/starcoop.sc2mod/base.sc2data/gamedata/validatordata.xml	C:\Users\22448\Downloads\重生虫心0.71汉化版（新）\reborn_workrepo\合作指挥官版起义狂潮\Mods\XM\XMFinal.SC2Mod\Base.SC2Data\GameData\ValidatorData.xml	skipped_existing
HaveMasteryKerriganEnergyRegen	CValidatorPlayerRequirement	游戏数据/官方SC2原始文本镜像/mods/starcoop/starcoop.sc2mod/base.sc2data/gamedata/validatordata.xml	C:\Users\22448\Downloads\重生虫心0.71汉化版（新）\reborn_workrepo\合作指挥官版起义狂潮\Mods\XM\XMFinal.SC2Mod\Base.SC2Data\GameData\ValidatorData.xml	skipped_existing
HaveMasteryKerriganImmobilizationWaveDamage	CValidatorPlayerRequirement	游戏数据/官方SC2原始文本镜像/mods/starcoop/starcoop.sc2mod/base.sc2data/gamedata/validatordata.xml	C:\Users\22448\Downloads\重生虫心0.71汉化版（新）\reborn_workrepo\合作指挥官版起义狂潮\Mods\XM\XMFinal.SC2Mod\Base.SC2Data\GameData\ValidatorData.xml	skipped_existing
HaveMasteryKerriganMutatingCarapaceLifeDegradation	CValidatorPlayerRequirement	游戏数据/官方SC2原始文本镜像/mods/starcoop/starcoop.sc2mod/base.sc2data/gamedata/validatordata.xml	C:\Users\22448\Downloads\重生虫心0.71汉化版（新）\reborn_workrepo\合作指挥官版起义狂潮\Mods\XM\XMFinal.SC2Mod\Base.SC2Data\GameData\ValidatorData.xml	skipped_existing
HaveMasteryKerriganPrimarySpeedDamage	CValidatorPlayerRequirement	游戏数据/官方SC2原始文本镜像/mods/starcoop/starcoop.sc2mod/base.sc2data/gamedata/validatordata.xml	C:\Users\22448\Downloads\重生虫心0.71汉化版（新）\reborn_workrepo\合作指挥官版起义狂潮\Mods\XM\XMFinal.SC2Mod\Base.SC2Data\GameData\ValidatorData.xml	skipped_existing
HaveMasteryKerriganResearchReductionCost	CValidatorPlayerRequirement	游戏数据/官方SC2原始文本镜像/mods/starcoop/starcoop.sc2mod/base.sc2data/gamedata/validatordata.xml	C:\Users\22448\Downloads\重生虫心0.71汉化版（新）\reborn_workrepo\合作指挥官版起义狂潮\Mods\XM\XMFinal.SC2Mod\Base.SC2Data\GameData\ValidatorData.xml	skipped_existing
HaveMasteryStetmannStructureMorphRate	CValidatorPlayerRequirement	游戏数据/官方SC2原始文本镜像/mods/starcoop/commanders/egonstetmann.sc2mod/base.sc2data/gamedata/validatordata.xml	C:\Users\22448\Downloads\重生虫心0.71汉化版（新）\reborn_workrepo\合作指挥官版起义狂潮\Mods\XM\XMFinal.SC2Mod\Base.SC2Data\GameData\ValidatorData.xml	skipped_existing
HaveMasteryZagaraZerglingDodgeChance	CValidatorPlayerRequirement	游戏数据/官方SC2原始文本镜像/mods/starcoop/starcoop.sc2mod/base.sc2data/gamedata/validatordata.xml	C:\Users\22448\Downloads\重生虫心0.71汉化版（新）\reborn_workrepo\合作指挥官版起义狂潮\Mods\XM\XMFinal.SC2Mod\Base.SC2Data\GameData\ValidatorData.xml	skipped_existing
HaveMercMedicExtraHeal	CValidatorUnitCompareBehaviorCount	游戏数据/官方SC2原始文本镜像/mods/starcoop/starcoop.sc2mod/base.sc2data/gamedata/validatordata.xml	C:\Users\22448\Downloads\重生虫心0.71汉化版（新）\reborn_workrepo\合作指挥官版起义狂潮\Mods\XM\XMFinal.SC2Mod\Base.SC2Data\GameData\ValidatorData.xml	skipped_existing
HaveRoachCorpser	CValidatorPlayerRequirement	游戏数据/官方SC2原始文本镜像/campaigns/swarm.sc2campaign/base.sc2data/gamedata/validatordata.xml	C:\Users\22448\Downloads\重生虫心0.71汉化版（新）\reborn_workrepo\合作指挥官版起义狂潮\Mods\XM\XMFinal.SC2Mod\Base.SC2Data\GameData\ValidatorData.xml	skipped_existing
HaveRoachVile	CValidatorPlayerRequirement	游戏数据/官方SC2原始文本镜像/campaigns/swarm.sc2campaign/base.sc2data/gamedata/validatordata.xml	C:\Users\22448\Downloads\重生虫心0.71汉化版（新）\reborn_workrepo\合作指挥官版起义狂潮\Mods\XM\XMFinal.SC2Mod\Base.SC2Data\GameData\ValidatorData.xml	skipped_existing
HaveStukovInfestedCivilianSpawnBroodlingOnDeath	CValidatorPlayerRequirement	游戏数据/官方SC2原始文本镜像/mods/starcoop/starcoop.sc2mod/base.sc2data/gamedata/validatordata.xml	C:\Users\22448\Downloads\重生虫心0.71汉化版（新）\reborn_workrepo\合作指挥官版起义狂潮\Mods\XM\XMFinal.SC2Mod\Base.SC2Data\GameData\ValidatorData.xml	skipped_existing
HaveZagaraVoidCoopAberrationBanelingIncubation	CValidatorPlayerRequirement	游戏数据/官方SC2原始文本镜像/mods/starcoop/starcoop.sc2mod/base.sc2data/gamedata/validatordata.xml	C:\Users\22448\Downloads\重生虫心0.71汉化版（新）\reborn_workrepo\合作指挥官版起义狂潮\Mods\XM\XMFinal.SC2Mod\Base.SC2Data\GameData\ValidatorData.xml	skipped_existing
HaveZerglingArmorShred	CValidatorPlayerRequirement	游戏数据/官方SC2原始文本镜像/mods/starcoop/starcoop.sc2mod/base.sc2data/gamedata/validatordata.xml	C:\Users\22448\Downloads\重生虫心0.71汉化版（新）\reborn_workrepo\合作指挥官版起义狂潮\Mods\XM\XMFinal.SC2Mod\Base.SC2Data\GameData\ValidatorData.xml	skipped_existing
HotSCentrifugalHooksResearched	CValidatorPlayerRequirement	游戏数据/官方SC2原始文本镜像/campaigns/swarm.sc2campaign/base.sc2data/gamedata/validatordata.xml	C:\Users\22448\Downloads\重生虫心0.71汉化版（新）\reborn_workrepo\合作指挥官版起义狂潮\Mods\XM\XMFinal.SC2Mod\Base.SC2Data\GameData\ValidatorData.xml	skipped_existing
IsAbathurLeviathan	CValidatorUnitType	游戏数据/官方SC2原始文本镜像/mods/starcoop/starcoop.sc2mod/base.sc2data/gamedata/validatordata.xml	C:\Users\22448\Downloads\重生虫心0.71汉化版（新）\reborn_workrepo\合作指挥官版起义狂潮\Mods\XM\XMFinal.SC2Mod\Base.SC2Data\GameData\ValidatorData.xml	skipped_existing
IsAbathurSwarmHost	CValidatorUnitType	游戏数据/官方SC2原始文本镜像/mods/starcoop/starcoop.sc2mod/base.sc2data/gamedata/validatordata.xml	C:\Users\22448\Downloads\重生虫心0.71汉化版（新）\reborn_workrepo\合作指挥官版起义狂潮\Mods\XM\XMFinal.SC2Mod\Base.SC2Data\GameData\ValidatorData.xml	skipped_existing
IsAbathurSwarmHostBurrowed	CValidatorUnitType	游戏数据/官方SC2原始文本镜像/mods/starcoop/starcoop.sc2mod/base.sc2data/gamedata/validatordata.xml	C:\Users\22448\Downloads\重生虫心0.71汉化版（新）\reborn_workrepo\合作指挥官版起义狂潮\Mods\XM\XMFinal.SC2Mod\Base.SC2Data\GameData\ValidatorData.xml	skipped_existing
IsAlarakCoopCommander	CValidatorPlayerRequirement	游戏数据/官方SC2原始文本镜像/mods/starcoop/starcoop.sc2mod/base.sc2data/gamedata/validatordata.xml	C:\Users\22448\Downloads\重生虫心0.71汉化版（新）\reborn_workrepo\合作指挥官版起义狂潮\Mods\XM\XMFinal.SC2Mod\Base.SC2Data\GameData\ValidatorData.xml	skipped_existing
IsAnyCommander	CValidatorPlayerRequirement	游戏数据/官方SC2原始文本镜像/mods/starcoop/starcoop.sc2mod/base.sc2data/gamedata/validatordata.xml	C:\Users\22448\Downloads\重生虫心0.71汉化版（新）\reborn_workrepo\合作指挥官版起义狂潮\Mods\XM\XMFinal.SC2Mod\Base.SC2Data\GameData\ValidatorData.xml	skipped_existing
IsBileLauncher	CValidatorUnitType	游戏数据/官方SC2原始文本镜像/mods/starcoop/starcoop.sc2mod/base.sc2data/gamedata/validatordata.xml	C:\Users\22448\Downloads\重生虫心0.71汉化版（新）\reborn_workrepo\合作指挥官版起义狂潮\Mods\XM\XMFinal.SC2Mod\Base.SC2Data\GameData\ValidatorData.xml	skipped_existing
IsBiologicalOrStabilizerMedPacksPurchased	CValidatorCombine	游戏数据/官方SC2原始文本镜像/mods/starcoop/starcoop.sc2mod/base.sc2data/gamedata/validatordata.xml	C:\Users\22448\Downloads\重生虫心0.71汉化版（新）\reborn_workrepo\合作指挥官版起义狂潮\Mods\XM\XMFinal.SC2Mod\Base.SC2Data\GameData\ValidatorData.xml	skipped_existing
IsHeroic	CValidatorUnitFilters	游戏数据/官方SC2原始文本镜像/campaigns/swarm.sc2campaign/base.sc2data/gamedata/validatordata.xml	C:\Users\22448\Downloads\重生虫心0.71汉化版（新）\reborn_workrepo\合作指挥官版起义狂潮\Mods\XM\XMFinal.SC2Mod\Base.SC2Data\GameData\ValidatorData.xml	skipped_existing
IsHyperionVoidCoop	CValidatorUnitType	游戏数据/官方SC2原始文本镜像/mods/starcoop/starcoop.sc2mod/base.sc2data/gamedata/validatordata.xml	C:\Users\22448\Downloads\重生虫心0.71汉化版（新）\reborn_workrepo\合作指挥官版起义狂潮\Mods\XM\XMFinal.SC2Mod\Base.SC2Data\GameData\ValidatorData.xml	skipped_existing
IsMediumTastyCorpse	CValidatorUnitType	游戏数据/官方SC2原始文本镜像/campaigns/swarm.sc2campaign/base.sc2data/gamedata/validatordata.xml	C:\Users\22448\Downloads\重生虫心0.71汉化版（新）\reborn_workrepo\合作指挥官版起义狂潮\Mods\XM\XMFinal.SC2Mod\Base.SC2Data\GameData\ValidatorData.xml	skipped_existing
IsSpaceCowCorpse	CValidatorUnitType	游戏数据/官方SC2原始文本镜像/campaigns/swarm.sc2campaign/base.sc2data/gamedata/validatordata.xml	C:\Users\22448\Downloads\重生虫心0.71汉化版（新）\reborn_workrepo\合作指挥官版起义狂潮\Mods\XM\XMFinal.SC2Mod\Base.SC2Data\GameData\ValidatorData.xml	skipped_existing
IsSwarmHostSplitB	CValidatorUnitType	游戏数据/官方SC2原始文本镜像/campaigns/swarm.sc2campaign/base.sc2data/gamedata/validatordata.xml	C:\Users\22448\Downloads\重生虫心0.71汉化版（新）\reborn_workrepo\合作指挥官版起义狂潮\Mods\XM\XMFinal.SC2Mod\Base.SC2Data\GameData\ValidatorData.xml	skipped_existing
IsSwarmHostSplitBBurrowed	CValidatorUnitType	游戏数据/官方SC2原始文本镜像/campaigns/swarm.sc2campaign/base.sc2data/gamedata/validatordata.xml	C:\Users\22448\Downloads\重生虫心0.71汉化版（新）\reborn_workrepo\合作指挥官版起义狂潮\Mods\XM\XMFinal.SC2Mod\Base.SC2Data\GameData\ValidatorData.xml	skipped_existing
IsSwarmHostSplitBRooted	CValidatorUnitType	游戏数据/官方SC2原始文本镜像/campaigns/swarm.sc2campaign/base.sc2data/gamedata/validatordata.xml	C:\Users\22448\Downloads\重生虫心0.71汉化版（新）\reborn_workrepo\合作指挥官版起义狂潮\Mods\XM\XMFinal.SC2Mod\Base.SC2Data\GameData\ValidatorData.xml	skipped_existing
KerriganAbilityEfficiencyStackCount	CValidatorUnitCompareBehaviorCount	游戏数据/官方SC2原始文本镜像/campaigns/swarm.sc2campaign/base.sc2data/gamedata/validatordata.xml	C:\Users\22448\Downloads\重生虫心0.71汉化版（新）\reborn_workrepo\合作指挥官版起义狂潮\Mods\XM\XMFinal.SC2Mod\Base.SC2Data\GameData\ValidatorData.xml	skipped_existing
MeatNotAttacked	CValidatorUnitCompareBehaviorCount	游戏数据/官方SC2原始文本镜像/campaigns/swarm.sc2campaign/base.sc2data/gamedata/validatordata.xml	C:\Users\22448\Downloads\重生虫心0.71汉化版（新）\reborn_workrepo\合作指挥官版起义狂潮\Mods\XM\XMFinal.SC2Mod\Base.SC2Data\GameData\ValidatorData.xml	skipped_existing
MedicHealAutoCastValidator	CValidatorCombine	游戏数据/官方SC2原始文本镜像/mods/starcoop/starcoop.sc2mod/base.sc2data/gamedata/validatordata.xml	C:\Users\22448\Downloads\重生虫心0.71汉化版（新）\reborn_workrepo\合作指挥官版起义狂潮\Mods\XM\XMFinal.SC2Mod\Base.SC2Data\GameData\ValidatorData.xml	skipped_existing
NoCarcassWaiting	CValidatorUnitCompareBehaviorCount	游戏数据/官方SC2原始文本镜像/campaigns/swarm.sc2campaign/base.sc2data/gamedata/validatordata.xml	C:\Users\22448\Downloads\重生虫心0.71汉化版（新）\reborn_workrepo\合作指挥官版起义狂潮\Mods\XM\XMFinal.SC2Mod\Base.SC2Data\GameData\ValidatorData.xml	skipped_existing
NoFuelCellPickupUnitCaster	CValidatorUnitCompareBehaviorCount	游戏数据/官方SC2原始文本镜像/mods/starcoop/starcoop.sc2mod/base.sc2data/gamedata/validatordata.xml	C:\Users\22448\Downloads\重生虫心0.71汉化版（新）\reborn_workrepo\合作指挥官版起义狂潮\Mods\XM\XMFinal.SC2Mod\Base.SC2Data\GameData\ValidatorData.xml	skipped_existing
NotAbathurLavaWorm	CValidatorUnitType	游戏数据/官方SC2原始文本镜像/mods/starcoop/starcoop.sc2mod/base.sc2data/gamedata/validatordata.xml	C:\Users\22448\Downloads\重生虫心0.71汉化版（新）\reborn_workrepo\合作指挥官版起义狂潮\Mods\XM\XMFinal.SC2Mod\Base.SC2Data\GameData\ValidatorData.xml	skipped_existing
NotAbathurLocust	CValidatorUnitType	游戏数据/官方SC2原始文本镜像/mods/starcoop/starcoop.sc2mod/base.sc2data/gamedata/validatordata.xml	C:\Users\22448\Downloads\重生虫心0.71汉化版（新）\reborn_workrepo\合作指挥官版起义狂潮\Mods\XM\XMFinal.SC2Mod\Base.SC2Data\GameData\ValidatorData.xml	skipped_existing
NotBroodling	CValidatorUnitType	游戏数据/官方SC2原始文本镜像/campaigns/swarm.sc2campaign/base.sc2data/gamedata/validatordata.xml	C:\Users\22448\Downloads\重生虫心0.71汉化版（新）\reborn_workrepo\合作指挥官版起义狂潮\Mods\XM\XMFinal.SC2Mod\Base.SC2Data\GameData\ValidatorData.xml	skipped_existing
NotDestructible	CValidatorUnitFilters	游戏数据/官方SC2原始文本镜像/campaigns/swarm.sc2campaign/base.sc2data/gamedata/validatordata.xml	C:\Users\22448\Downloads\重生虫心0.71汉化版（新）\reborn_workrepo\合作指挥官版起义狂潮\Mods\XM\XMFinal.SC2Mod\Base.SC2Data\GameData\ValidatorData.xml	skipped_existing
NotHavePsionicLiftFlier	CValidatorUnitCompareBehaviorCount	游戏数据/官方SC2原始文本镜像/campaigns/swarm.sc2campaign/base.sc2data/gamedata/validatordata.xml	C:\Users\22448\Downloads\重生虫心0.71汉化版（新）\reborn_workrepo\合作指挥官版起义狂潮\Mods\XM\XMFinal.SC2Mod\Base.SC2Data\GameData\ValidatorData.xml	skipped_existing
NotHavePsionicLiftRaise	CValidatorUnitCompareBehaviorCount	游戏数据/官方SC2原始文本镜像/campaigns/swarm.sc2campaign/base.sc2data/gamedata/validatordata.xml	C:\Users\22448\Downloads\重生虫心0.71汉化版（新）\reborn_workrepo\合作指挥官版起义狂潮\Mods\XM\XMFinal.SC2Mod\Base.SC2Data\GameData\ValidatorData.xml	skipped_existing
NotHavePsionicLiftRaiseAndPsionicLiftFlier	CValidatorCombine	游戏数据/官方SC2原始文本镜像/campaigns/swarm.sc2campaign/base.sc2data/gamedata/validatordata.xml	C:\Users\22448\Downloads\重生虫心0.71汉化版（新）\reborn_workrepo\合作指挥官版起义狂潮\Mods\XM\XMFinal.SC2Mod\Base.SC2Data\GameData\ValidatorData.xml	skipped_existing
NotInfestedTerran	CValidatorUnitType	游戏数据/官方SC2原始文本镜像/campaigns/swarm.sc2campaign/base.sc2data/gamedata/validatordata.xml	C:\Users\22448\Downloads\重生虫心0.71汉化版（新）\reborn_workrepo\合作指挥官版起义狂潮\Mods\XM\XMFinal.SC2Mod\Base.SC2Data\GameData\ValidatorData.xml	skipped_existing
NotInfestedTerranCampaign	CValidatorUnitType	游戏数据/官方SC2原始文本镜像/campaigns/swarm.sc2campaign/base.sc2data/gamedata/validatordata.xml	C:\Users\22448\Downloads\重生虫心0.71汉化版（新）\reborn_workrepo\合作指挥官版起义狂潮\Mods\XM\XMFinal.SC2Mod\Base.SC2Data\GameData\ValidatorData.xml	skipped_existing
NotInfestedTerranCampaignBurrowed	CValidatorUnitType	游戏数据/官方SC2原始文本镜像/campaigns/swarm.sc2campaign/base.sc2data/gamedata/validatordata.xml	C:\Users\22448\Downloads\重生虫心0.71汉化版（新）\reborn_workrepo\合作指挥官版起义狂潮\Mods\XM\XMFinal.SC2Mod\Base.SC2Data\GameData\ValidatorData.xml	skipped_existing
NotKerriganBroodling	CValidatorUnitType	游戏数据/官方SC2原始文本镜像/campaigns/swarm.sc2campaign/base.sc2data/gamedata/validatordata.xml	C:\Users\22448\Downloads\重生虫心0.71汉化版（新）\reborn_workrepo\合作指挥官版起义狂潮\Mods\XM\XMFinal.SC2Mod\Base.SC2Data\GameData\ValidatorData.xml	skipped_existing
NotKerriganInfestedTerran	CValidatorUnitType	游戏数据/官方SC2原始文本镜像/campaigns/swarm.sc2campaign/base.sc2data/gamedata/validatordata.xml	C:\Users\22448\Downloads\重生虫心0.71汉化版（新）\reborn_workrepo\合作指挥官版起义狂潮\Mods\XM\XMFinal.SC2Mod\Base.SC2Data\GameData\ValidatorData.xml	skipped_existing
NotKerriganInfestedTerranBurrowed	CValidatorUnitType	游戏数据/官方SC2原始文本镜像/campaigns/swarm.sc2campaign/base.sc2data/gamedata/validatordata.xml	C:\Users\22448\Downloads\重生虫心0.71汉化版（新）\reborn_workrepo\合作指挥官版起义狂潮\Mods\XM\XMFinal.SC2Mod\Base.SC2Data\GameData\ValidatorData.xml	skipped_existing
NotKerriganNydusWyrm	CValidatorUnitType	游戏数据/官方SC2原始文本镜像/campaigns/swarm.sc2campaign/base.sc2data/gamedata/validatordata.xml	C:\Users\22448\Downloads\重生虫心0.71汉化版（新）\reborn_workrepo\合作指挥官版起义狂潮\Mods\XM\XMFinal.SC2Mod\Base.SC2Data\GameData\ValidatorData.xml	skipped_existing
NotKerriganNydusWyrmBroodling	CValidatorUnitType	游戏数据/官方SC2原始文本镜像/campaigns/swarm.sc2campaign/base.sc2data/gamedata/validatordata.xml	C:\Users\22448\Downloads\重生虫心0.71汉化版（新）\reborn_workrepo\合作指挥官版起义狂潮\Mods\XM\XMFinal.SC2Mod\Base.SC2Data\GameData\ValidatorData.xml	skipped_existing
NotLocust	CValidatorUnitType	游戏数据/官方SC2原始文本镜像/mods/starcoop/starcoop.sc2mod/base.sc2data/gamedata/validatordata.xml	C:\Users\22448\Downloads\重生虫心0.71汉化版（新）\reborn_workrepo\合作指挥官版起义狂潮\Mods\XM\XMFinal.SC2Mod\Base.SC2Data\GameData\ValidatorData.xml	skipped_existing
NotLocust	CValidatorUnitType	游戏数据/官方SC2原始文本镜像/campaigns/swarm.sc2campaign/base.sc2data/gamedata/validatordata.xml	C:\Users\22448\Downloads\重生虫心0.71汉化版（新）\reborn_workrepo\合作指挥官版起义狂潮\Mods\XM\XMFinal.SC2Mod\Base.SC2Data\GameData\ValidatorData.xml	skipped_existing
NotOracleStasisTrappedCombine	CValidatorCombine	游戏数据/官方SC2原始文本镜像/mods/starcoop/starcoop.sc2mod/base.sc2data/gamedata/validatordata.xml	C:\Users\22448\Downloads\重生虫心0.71汉化版（新）\reborn_workrepo\合作指挥官版起义狂潮\Mods\XM\XMFinal.SC2Mod\Base.SC2Data\GameData\ValidatorData.xml	skipped_existing
NotOverseer	CValidatorUnitType	游戏数据/官方SC2原始文本镜像/mods/starcoop/starcoop.sc2mod/base.sc2data/gamedata/validatordata.xml	C:\Users\22448\Downloads\重生虫心0.71汉化版（新）\reborn_workrepo\合作指挥官版起义狂潮\Mods\XM\XMFinal.SC2Mod\Base.SC2Data\GameData\ValidatorData.xml	skipped_existing
NotPsiStriked	CValidatorUnitCompareBehaviorCount	游戏数据/官方SC2原始文本镜像/campaigns/swarm.sc2campaign/base.sc2data/gamedata/validatordata.xml	C:\Users\22448\Downloads\重生虫心0.71汉化版（新）\reborn_workrepo\合作指挥官版起义狂潮\Mods\XM\XMFinal.SC2Mod\Base.SC2Data\GameData\ValidatorData.xml	skipped_existing
NotRoachling	CValidatorUnitType	游戏数据/官方SC2原始文本镜像/mods/starcoop/starcoop.sc2mod/base.sc2data/gamedata/validatordata.xml	C:\Users\22448\Downloads\重生虫心0.71汉化版（新）\reborn_workrepo\合作指挥官版起义狂潮\Mods\XM\XMFinal.SC2Mod\Base.SC2Data\GameData\ValidatorData.xml	skipped_existing
NotStukovInfestedTerran	CValidatorUnitType	游戏数据/官方SC2原始文本镜像/campaigns/swarm.sc2campaign/base.sc2data/gamedata/validatordata.xml	C:\Users\22448\Downloads\重生虫心0.71汉化版（新）\reborn_workrepo\合作指挥官版起义狂潮\Mods\XM\XMFinal.SC2Mod\Base.SC2Data\GameData\ValidatorData.xml	skipped_existing
NotTimedLifeUnitAndNotLarva	CValidatorCombine	游戏数据/官方SC2原始文本镜像/mods/starcoop/starcoop.sc2mod/base.sc2data/gamedata/validatordata.xml	C:\Users\22448\Downloads\重生虫心0.71汉化版（新）\reborn_workrepo\合作指挥官版起义狂潮\Mods\XM\XMFinal.SC2Mod\Base.SC2Data\GameData\ValidatorData.xml	skipped_existing
NotTimedLifeUnitAndNotLarva	CValidatorCombine	游戏数据/官方SC2原始文本镜像/campaigns/swarm.sc2campaign/base.sc2data/gamedata/validatordata.xml	C:\Users\22448\Downloads\重生虫心0.71汉化版（新）\reborn_workrepo\合作指挥官版起义狂潮\Mods\XM\XMFinal.SC2Mod\Base.SC2Data\GameData\ValidatorData.xml	skipped_existing
NotUnrepairable	CValidatorUnitCompareBehaviorCount	游戏数据/官方SC2原始文本镜像/mods/starcoop/starcoop.sc2mod/base.sc2data/gamedata/validatordata.xml	C:\Users\22448\Downloads\重生虫心0.71汉化版（新）\reborn_workrepo\合作指挥官版起义狂潮\Mods\XM\XMFinal.SC2Mod\Base.SC2Data\GameData\ValidatorData.xml	skipped_existing
NotWarpingInAnywhere	CValidatorUnitCompareBehaviorCount	游戏数据/官方SC2原始文本镜像/mods/starcoop/starcoop.sc2mod/base.sc2data/gamedata/validatordata.xml	C:\Users\22448\Downloads\重生虫心0.71汉化版（新）\reborn_workrepo\合作指挥官版起义狂潮\Mods\XM\XMFinal.SC2Mod\Base.SC2Data\GameData\ValidatorData.xml	skipped_existing
PrimalSlashTargetChecksClose	CValidatorCombine	游戏数据/官方SC2原始文本镜像/campaigns/swarm.sc2campaign/base.sc2data/gamedata/validatordata.xml	C:\Users\22448\Downloads\重生虫心0.71汉化版（新）\reborn_workrepo\合作指挥官版起义狂潮\Mods\XM\XMFinal.SC2Mod\Base.SC2Data\GameData\ValidatorData.xml	skipped_existing
PrimalSlashTargetFilters	CValidatorUnitFilters	游戏数据/官方SC2原始文本镜像/campaigns/swarm.sc2campaign/base.sc2data/gamedata/validatordata.xml	C:\Users\22448\Downloads\重生虫心0.71汉化版（新）\reborn_workrepo\合作指挥官版起义狂潮\Mods\XM\XMFinal.SC2Mod\Base.SC2Data\GameData\ValidatorData.xml	skipped_existing
PrimalSlashTargetFiltersFriendly	CValidatorUnitFilters	游戏数据/官方SC2原始文本镜像/campaigns/swarm.sc2campaign/base.sc2data/gamedata/validatordata.xml	C:\Users\22448\Downloads\重生虫心0.71汉化版（新）\reborn_workrepo\合作指挥官版起义狂潮\Mods\XM\XMFinal.SC2Mod\Base.SC2Data\GameData\ValidatorData.xml	skipped_existing
PsiStrikeAbort	CValidatorUnitCompareBehaviorCount	游戏数据/官方SC2原始文本镜像/campaigns/swarm.sc2campaign/base.sc2data/gamedata/validatordata.xml	C:\Users\22448\Downloads\重生虫心0.71汉化版（新）\reborn_workrepo\合作指挥官版起义狂潮\Mods\XM\XMFinal.SC2Mod\Base.SC2Data\GameData\ValidatorData.xml	skipped_existing
PsiStrikeTargetClose	CValidatorLocationCompareRange	游戏数据/官方SC2原始文本镜像/campaigns/swarm.sc2campaign/base.sc2data/gamedata/validatordata.xml	C:\Users\22448\Downloads\重生虫心0.71汉化版（新）\reborn_workrepo\合作指挥官版起义狂潮\Mods\XM\XMFinal.SC2Mod\Base.SC2Data\GameData\ValidatorData.xml	skipped_existing
PsiStrikeTargetCloseAndPsiStrikeAbort	CValidatorCombine	游戏数据/官方SC2原始文本镜像/campaigns/swarm.sc2campaign/base.sc2data/gamedata/validatordata.xml	C:\Users\22448\Downloads\重生虫心0.71汉化版（新）\reborn_workrepo\合作指挥官版起义狂潮\Mods\XM\XMFinal.SC2Mod\Base.SC2Data\GameData\ValidatorData.xml	skipped_existing
QueenBurstHeal	CValidatorUnitCompareVital	游戏数据/官方SC2原始文本镜像/campaigns/swarm.sc2campaign/base.sc2data/gamedata/validatordata.xml	C:\Users\22448\Downloads\重生虫心0.71汉化版（新）\reborn_workrepo\合作指挥官版起义狂潮\Mods\XM\XMFinal.SC2Mod\Base.SC2Data\GameData\ValidatorData.xml	skipped_existing
RoachCorpserFilters	CValidatorUnitFilters	游戏数据/官方SC2原始文本镜像/campaigns/swarm.sc2campaign/base.sc2data/gamedata/validatordata.xml	C:\Users\22448\Downloads\重生虫心0.71汉化版（新）\reborn_workrepo\合作指挥官版起义狂潮\Mods\XM\XMFinal.SC2Mod\Base.SC2Data\GameData\ValidatorData.xml	skipped_existing
SwarmHostBurrowed	CValidatorUnitCompareBehaviorCount	游戏数据/官方SC2原始文本镜像/campaigns/swarm.sc2campaign/base.sc2data/gamedata/validatordata.xml	C:\Users\22448\Downloads\重生虫心0.71汉化版（新）\reborn_workrepo\合作指挥官版起义狂潮\Mods\XM\XMFinal.SC2Mod\Base.SC2Data\GameData\ValidatorData.xml	skipped_existing
TargetLifeNotFull	CValidatorUnitCompareVital	游戏数据/官方SC2原始文本镜像/mods/starcoop/starcoop.sc2mod/base.sc2data/gamedata/validatordata.xml	C:\Users\22448\Downloads\重生虫心0.71汉化版（新）\reborn_workrepo\合作指挥官版起义狂潮\Mods\XM\XMFinal.SC2Mod\Base.SC2Data\GameData\ValidatorData.xml	skipped_existing
UnitIsBiologicalOrMechanical	CValidatorCombine	游戏数据/官方SC2原始文本镜像/mods/starcoop/starcoop.sc2mod/base.sc2data/gamedata/validatordata.xml	C:\Users\22448\Downloads\重生虫心0.71汉化版（新）\reborn_workrepo\合作指挥官版起义狂潮\Mods\XM\XMFinal.SC2Mod\Base.SC2Data\GameData\ValidatorData.xml	skipped_existing
UnitIsBiologicalOrNotStructure	CValidatorCombine	游戏数据/官方SC2原始文本镜像/mods/starcoop/starcoop.sc2mod/base.sc2data/gamedata/validatordata.xml	C:\Users\22448\Downloads\重生虫心0.71汉化版（新）\reborn_workrepo\合作指挥官版起义狂潮\Mods\XM\XMFinal.SC2Mod\Base.SC2Data\GameData\ValidatorData.xml	skipped_existing
BanelingExplodeBuildingStetmann	CWeaponLegacy	游戏数据/官方SC2原始文本镜像/mods/starcoop/commanders/egonstetmann.sc2mod/base.sc2data/gamedata/weapondata.xml	C:\Users\22448\Downloads\重生虫心0.71汉化版（新）\reborn_workrepo\合作指挥官版起义狂潮\Mods\XM\XMFinal.SC2Mod\Base.SC2Data\GameData\WeaponData.xml	skipped_existing
BanelingExplodeStetmann	CWeaponLegacy	游戏数据/官方SC2原始文本镜像/mods/starcoop/commanders/egonstetmann.sc2mod/base.sc2data/gamedata/weapondata.xml	C:\Users\22448\Downloads\重生虫心0.71汉化版（新）\reborn_workrepo\合作指挥官版起义狂潮\Mods\XM\XMFinal.SC2Mod\Base.SC2Data\GameData\WeaponData.xml	skipped_existing
BroodMother	CWeaponLegacy	游戏数据/官方SC2原始文本镜像/campaigns/swarm.sc2campaign/base.sc2data/gamedata/weapondata.xml	C:\Users\22448\Downloads\重生虫心0.71汉化版（新）\reborn_workrepo\合作指挥官版起义狂潮\Mods\XM\XMFinal.SC2Mod\Base.SC2Data\GameData\WeaponData.xml	skipped_existing
Brutalize	CWeaponLegacy	游戏数据/官方SC2原始文本镜像/mods/starcoop/starcoop.sc2mod/base.sc2data/gamedata/weapondata.xml	C:\Users\22448\Downloads\重生虫心0.71汉化版（新）\reborn_workrepo\合作指挥官版起义狂潮\Mods\XM\XMFinal.SC2Mod\Base.SC2Data\GameData\WeaponData.xml	skipped_existing
Dehaka	CWeaponLegacy	游戏数据/官方SC2原始文本镜像/campaigns/swarm.sc2campaign/base.sc2data/gamedata/weapondata.xml	C:\Users\22448\Downloads\重生虫心0.71汉化版（新）\reborn_workrepo\合作指挥官版起义狂潮\Mods\XM\XMFinal.SC2Mod\Base.SC2Data\GameData\WeaponData.xml	skipped_existing
DehakaAir	CWeaponLegacy	游戏数据/官方SC2原始文本镜像/campaigns/swarm.sc2campaign/base.sc2data/gamedata/weapondata.xml	C:\Users\22448\Downloads\重生虫心0.71汉化版（新）\reborn_workrepo\合作指挥官版起义狂潮\Mods\XM\XMFinal.SC2Mod\Base.SC2Data\GameData\WeaponData.xml	skipped_existing
Dragoon	CWeaponLegacy	游戏数据/官方SC2原始文本镜像/mods/starcoop/starcoop.sc2mod/base.sc2data/gamedata/weapondata.xml	C:\Users\22448\Downloads\重生虫心0.71汉化版（新）\reborn_workrepo\合作指挥官版起义狂潮\Mods\XM\XMFinal.SC2Mod\Base.SC2Data\GameData\WeaponData.xml	skipped_existing
FerociousSpew	CWeaponLegacy	游戏数据/官方SC2原始文本镜像/mods/starcoop/starcoop.sc2mod/base.sc2data/gamedata/weapondata.xml	C:\Users\22448\Downloads\重生虫心0.71汉化版（新）\reborn_workrepo\合作指挥官版起义狂潮\Mods\XM\XMFinal.SC2Mod\Base.SC2Data\GameData\WeaponData.xml	skipped_existing
HotSBanelingDummy	CWeaponLegacy	游戏数据/官方SC2原始文本镜像/campaigns/swarm.sc2campaign/base.sc2data/gamedata/weapondata.xml	C:\Users\22448\Downloads\重生虫心0.71汉化版（新）\reborn_workrepo\合作指挥官版起义狂潮\Mods\XM\XMFinal.SC2Mod\Base.SC2Data\GameData\WeaponData.xml	skipped_existing
HotSBanelingDummySmall	CWeaponLegacy	游戏数据/官方SC2原始文本镜像/campaigns/swarm.sc2campaign/base.sc2data/gamedata/weapondata.xml	C:\Users\22448\Downloads\重生虫心0.71汉化版（新）\reborn_workrepo\合作指挥官版起义狂潮\Mods\XM\XMFinal.SC2Mod\Base.SC2Data\GameData\WeaponData.xml	skipped_existing
HotSBanelingExplode	CWeaponLegacy	游戏数据/官方SC2原始文本镜像/campaigns/swarm.sc2campaign/base.sc2data/gamedata/weapondata.xml	C:\Users\22448\Downloads\重生虫心0.71汉化版（新）\reborn_workrepo\合作指挥官版起义狂潮\Mods\XM\XMFinal.SC2Mod\Base.SC2Data\GameData\WeaponData.xml	skipped_existing
HotSBanelingExplodeBuilding	CWeaponLegacy	游戏数据/官方SC2原始文本镜像/campaigns/swarm.sc2campaign/base.sc2data/gamedata/weapondata.xml	C:\Users\22448\Downloads\重生虫心0.71汉化版（新）\reborn_workrepo\合作指挥官版起义狂潮\Mods\XM\XMFinal.SC2Mod\Base.SC2Data\GameData\WeaponData.xml	skipped_existing
HotSBanelingExplodeBuildingSmall	CWeaponLegacy	游戏数据/官方SC2原始文本镜像/campaigns/swarm.sc2campaign/base.sc2data/gamedata/weapondata.xml	C:\Users\22448\Downloads\重生虫心0.71汉化版（新）\reborn_workrepo\合作指挥官版起义狂潮\Mods\XM\XMFinal.SC2Mod\Base.SC2Data\GameData\WeaponData.xml	skipped_existing
HotSBanelingExplodeSmall	CWeaponLegacy	游戏数据/官方SC2原始文本镜像/campaigns/swarm.sc2campaign/base.sc2data/gamedata/weapondata.xml	C:\Users\22448\Downloads\重生虫心0.71汉化版（新）\reborn_workrepo\合作指挥官版起义狂潮\Mods\XM\XMFinal.SC2Mod\Base.SC2Data\GameData\WeaponData.xml	skipped_existing
HotSBanelingLaunch	CWeaponLegacy	游戏数据/官方SC2原始文本镜像/mods/starcoop/starcoop.sc2mod/base.sc2data/gamedata/weapondata.xml	C:\Users\22448\Downloads\重生虫心0.71汉化版（新）\reborn_workrepo\合作指挥官版起义狂潮\Mods\XM\XMFinal.SC2Mod\Base.SC2Data\GameData\WeaponData.xml	skipped_existing
HotSBanelingLaunch	CWeaponLegacy	游戏数据/官方SC2原始文本镜像/campaigns/swarm.sc2campaign/base.sc2data/gamedata/weapondata.xml	C:\Users\22448\Downloads\重生虫心0.71汉化版（新）\reborn_workrepo\合作指挥官版起义狂潮\Mods\XM\XMFinal.SC2Mod\Base.SC2Data\GameData\WeaponData.xml	skipped_existing
HotSBanelingLaunchBuilding	CWeaponLegacy	游戏数据/官方SC2原始文本镜像/mods/starcoop/starcoop.sc2mod/base.sc2data/gamedata/weapondata.xml	C:\Users\22448\Downloads\重生虫心0.71汉化版（新）\reborn_workrepo\合作指挥官版起义狂潮\Mods\XM\XMFinal.SC2Mod\Base.SC2Data\GameData\WeaponData.xml	skipped_existing
HotSBanelingLaunchBuilding	CWeaponLegacy	游戏数据/官方SC2原始文本镜像/campaigns/swarm.sc2campaign/base.sc2data/gamedata/weapondata.xml	C:\Users\22448\Downloads\重生虫心0.71汉化版（新）\reborn_workrepo\合作指挥官版起义狂潮\Mods\XM\XMFinal.SC2Mod\Base.SC2Data\GameData\WeaponData.xml	skipped_existing
HotSLeviathanAir	CWeaponLegacy	游戏数据/官方SC2原始文本镜像/mods/starcoop/starcoop.sc2mod/base.sc2data/gamedata/weapondata.xml	C:\Users\22448\Downloads\重生虫心0.71汉化版（新）\reborn_workrepo\合作指挥官版起义狂潮\Mods\XM\XMFinal.SC2Mod\Base.SC2Data\GameData\WeaponData.xml	skipped_existing
HotSLeviathanAir	CWeaponLegacy	游戏数据/官方SC2原始文本镜像/campaigns/swarm.sc2campaign/base.sc2data/gamedata/weapondata.xml	C:\Users\22448\Downloads\重生虫心0.71汉化版（新）\reborn_workrepo\合作指挥官版起义狂潮\Mods\XM\XMFinal.SC2Mod\Base.SC2Data\GameData\WeaponData.xml	skipped_existing
HotSLeviathanGround	CWeaponLegacy	游戏数据/官方SC2原始文本镜像/mods/starcoop/starcoop.sc2mod/base.sc2data/gamedata/weapondata.xml	C:\Users\22448\Downloads\重生虫心0.71汉化版（新）\reborn_workrepo\合作指挥官版起义狂潮\Mods\XM\XMFinal.SC2Mod\Base.SC2Data\GameData\WeaponData.xml	skipped_existing
HotSLeviathanGround	CWeaponLegacy	游戏数据/官方SC2原始文本镜像/campaigns/swarm.sc2campaign/base.sc2data/gamedata/weapondata.xml	C:\Users\22448\Downloads\重生虫心0.71汉化版（新）\reborn_workrepo\合作指挥官版起义狂潮\Mods\XM\XMFinal.SC2Mod\Base.SC2Data\GameData\WeaponData.xml	skipped_existing
HotSRaptorClaws	CWeaponLegacy	游戏数据/官方SC2原始文本镜像/campaigns/swarm.sc2campaign/base.sc2data/gamedata/weapondata.xml	C:\Users\22448\Downloads\重生虫心0.71汉化版（新）\reborn_workrepo\合作指挥官版起义狂潮\Mods\XM\XMFinal.SC2Mod\Base.SC2Data\GameData\WeaponData.xml	skipped_existing
HotSSwarmlingClaws	CWeaponLegacy	游戏数据/官方SC2原始文本镜像/campaigns/swarm.sc2campaign/base.sc2data/gamedata/weapondata.xml	C:\Users\22448\Downloads\重生虫心0.71汉化版（新）\reborn_workrepo\合作指挥官版起义狂潮\Mods\XM\XMFinal.SC2Mod\Base.SC2Data\GameData\WeaponData.xml	skipped_existing
HydraliskMelee	CWeaponLegacy	游戏数据/官方SC2原始文本镜像/campaigns/swarm.sc2campaign/base.sc2data/gamedata/weapondata.xml	C:\Users\22448\Downloads\重生虫心0.71汉化版（新）\reborn_workrepo\合作指挥官版起义狂潮\Mods\XM\XMFinal.SC2Mod\Base.SC2Data\GameData\WeaponData.xml	skipped_existing
Impaler	CWeaponLegacy	游戏数据/官方SC2原始文本镜像/mods/starcoop/starcoop.sc2mod/base.sc2data/gamedata/weapondata.xml	C:\Users\22448\Downloads\重生虫心0.71汉化版（新）\reborn_workrepo\合作指挥官版起义狂潮\Mods\XM\XMFinal.SC2Mod\Base.SC2Data\GameData\WeaponData.xml	skipped_existing
Impaler	CWeaponLegacy	游戏数据/官方SC2原始文本镜像/campaigns/swarm.sc2campaign/base.sc2data/gamedata/weapondata.xml	C:\Users\22448\Downloads\重生虫心0.71汉化版（新）\reborn_workrepo\合作指挥官版起义狂潮\Mods\XM\XMFinal.SC2Mod\Base.SC2Data\GameData\WeaponData.xml	skipped_existing
InfestedAbomination	CWeaponLegacy	游戏数据/官方SC2原始文本镜像/campaigns/swarm.sc2campaign/base.sc2data/gamedata/weapondata.xml	C:\Users\22448\Downloads\重生虫心0.71汉化版（新）\reborn_workrepo\合作指挥官版起义狂潮\Mods\XM\XMFinal.SC2Mod\Base.SC2Data\GameData\WeaponData.xml	skipped_existing
InfestedStukov	CWeaponLegacy	游戏数据/官方SC2原始文本镜像/mods/starcoop/starcoop.sc2mod/base.sc2data/gamedata/weapondata.xml	C:\Users\22448\Downloads\重生虫心0.71汉化版（新）\reborn_workrepo\合作指挥官版起义狂潮\Mods\XM\XMFinal.SC2Mod\Base.SC2Data\GameData\WeaponData.xml	skipped_existing
InfestedStukov	CWeaponLegacy	游戏数据/官方SC2原始文本镜像/campaigns/swarm.sc2campaign/base.sc2data/gamedata/weapondata.xml	C:\Users\22448\Downloads\重生虫心0.71汉化版（新）\reborn_workrepo\合作指挥官版起义狂潮\Mods\XM\XMFinal.SC2Mod\Base.SC2Data\GameData\WeaponData.xml	skipped_existing
K5Melee	CWeaponLegacy	游戏数据/官方SC2原始文本镜像/campaigns/swarm.sc2campaign/base.sc2data/gamedata/weapondata.xml	C:\Users\22448\Downloads\重生虫心0.71汉化版（新）\reborn_workrepo\合作指挥官版起义狂潮\Mods\XM\XMFinal.SC2Mod\Base.SC2Data\GameData\WeaponData.xml	skipped_existing
K5Ranged	CWeaponLegacy	游戏数据/官方SC2原始文本镜像/campaigns/swarm.sc2campaign/base.sc2data/gamedata/weapondata.xml	C:\Users\22448\Downloads\重生虫心0.71汉化版（新）\reborn_workrepo\合作指挥官版起义狂潮\Mods\XM\XMFinal.SC2Mod\Base.SC2Data\GameData\WeaponData.xml	skipped_existing
KaiserBlades	CWeaponLegacy	游戏数据/官方SC2原始文本镜像/campaigns/swarm.sc2campaign/base.sc2data/gamedata/weapondata.xml	C:\Users\22448\Downloads\重生虫心0.71汉化版（新）\reborn_workrepo\合作指挥官版起义狂潮\Mods\XM\XMFinal.SC2Mod\Base.SC2Data\GameData\WeaponData.xml	skipped_existing
KelMorianAutoTurret	CWeaponLegacy	游戏数据/官方SC2原始文本镜像/mods/starcoop/starcoop.sc2mod/base.sc2data/gamedata/weapondata.xml	C:\Users\22448\Downloads\重生虫心0.71汉化版（新）\reborn_workrepo\合作指挥官版起义狂潮\Mods\XM\XMFinal.SC2Mod\Base.SC2Data\GameData\WeaponData.xml	skipped_existing
KerriganInfestBroodling	CWeaponLegacy	游戏数据/官方SC2原始文本镜像/campaigns/swarm.sc2campaign/base.sc2data/gamedata/weapondata.xml	C:\Users\22448\Downloads\重生虫心0.71汉化版（新）\reborn_workrepo\合作指挥官版起义狂潮\Mods\XM\XMFinal.SC2Mod\Base.SC2Data\GameData\WeaponData.xml	skipped_existing
KerriganInfestedTerran	CWeaponLegacy	游戏数据/官方SC2原始文本镜像/mods/starcoop/starcoop.sc2mod/base.sc2data/gamedata/weapondata.xml	C:\Users\22448\Downloads\重生虫心0.71汉化版（新）\reborn_workrepo\合作指挥官版起义狂潮\Mods\XM\XMFinal.SC2Mod\Base.SC2Data\GameData\WeaponData.xml	skipped_existing
KerriganInfestedTerran	CWeaponLegacy	游戏数据/官方SC2原始文本镜像/campaigns/swarm.sc2campaign/base.sc2data/gamedata/weapondata.xml	C:\Users\22448\Downloads\重生虫心0.71汉化版（新）\reborn_workrepo\合作指挥官版起义狂潮\Mods\XM\XMFinal.SC2Mod\Base.SC2Data\GameData\WeaponData.xml	skipped_existing
KerriganLab	CWeaponLegacy	游戏数据/官方SC2原始文本镜像/campaigns/swarm.sc2campaign/base.sc2data/gamedata/weapondata.xml	C:\Users\22448\Downloads\重生虫心0.71汉化版（新）\reborn_workrepo\合作指挥官版起义狂潮\Mods\XM\XMFinal.SC2Mod\Base.SC2Data\GameData\WeaponData.xml	skipped_existing
KorhalSporeCannon	CWeaponLegacy	游戏数据/官方SC2原始文本镜像/campaigns/swarm.sc2campaign/base.sc2data/gamedata/weapondata.xml	C:\Users\22448\Downloads\重生虫心0.71汉化版（新）\reborn_workrepo\合作指挥官版起义狂潮\Mods\XM\XMFinal.SC2Mod\Base.SC2Data\GameData\WeaponData.xml	skipped_existing
Locust	CWeaponLegacy	游戏数据/官方SC2原始文本镜像/mods/starcoop/starcoop.sc2mod/base.sc2data/gamedata/weapondata.xml	C:\Users\22448\Downloads\重生虫心0.71汉化版（新）\reborn_workrepo\合作指挥官版起义狂潮\Mods\XM\XMFinal.SC2Mod\Base.SC2Data\GameData\WeaponData.xml	skipped_existing
Locust	CWeaponLegacy	游戏数据/官方SC2原始文本镜像/campaigns/swarm.sc2campaign/base.sc2data/gamedata/weapondata.xml	C:\Users\22448\Downloads\重生虫心0.71汉化版（新）\reborn_workrepo\合作指挥官版起义狂潮\Mods\XM\XMFinal.SC2Mod\Base.SC2Data\GameData\WeaponData.xml	skipped_existing
LocustFlyingLaunch	CWeaponLegacy	游戏数据/官方SC2原始文本镜像/mods/starcoop/starcoop.sc2mod/base.sc2data/gamedata/weapondata.xml	C:\Users\22448\Downloads\重生虫心0.71汉化版（新）\reborn_workrepo\合作指挥官版起义狂潮\Mods\XM\XMFinal.SC2Mod\Base.SC2Data\GameData\WeaponData.xml	skipped_existing
LocustFlyingLaunch	CWeaponLegacy	游戏数据/官方SC2原始文本镜像/campaigns/swarm.sc2campaign/base.sc2data/gamedata/weapondata.xml	C:\Users\22448\Downloads\重生虫心0.71汉化版（新）\reborn_workrepo\合作指挥官版起义狂潮\Mods\XM\XMFinal.SC2Mod\Base.SC2Data\GameData\WeaponData.xml	skipped_existing
LocustFlyingLaunchPressurizedGlands	CWeaponLegacy	游戏数据/官方SC2原始文本镜像/mods/starcoop/starcoop.sc2mod/base.sc2data/gamedata/weapondata.xml	C:\Users\22448\Downloads\重生虫心0.71汉化版（新）\reborn_workrepo\合作指挥官版起义狂潮\Mods\XM\XMFinal.SC2Mod\Base.SC2Data\GameData\WeaponData.xml	skipped_existing
LocustFlyingLaunchPressurizedGlands	CWeaponLegacy	游戏数据/官方SC2原始文本镜像/campaigns/swarm.sc2campaign/base.sc2data/gamedata/weapondata.xml	C:\Users\22448\Downloads\重生虫心0.71汉化版（新）\reborn_workrepo\合作指挥官版起义狂潮\Mods\XM\XMFinal.SC2Mod\Base.SC2Data\GameData\WeaponData.xml	skipped_existing
LocustLaunch	CWeaponLegacy	游戏数据/官方SC2原始文本镜像/mods/starcoop/starcoop.sc2mod/base.sc2data/gamedata/weapondata.xml	C:\Users\22448\Downloads\重生虫心0.71汉化版（新）\reborn_workrepo\合作指挥官版起义狂潮\Mods\XM\XMFinal.SC2Mod\Base.SC2Data\GameData\WeaponData.xml	skipped_existing
LocustLaunch	CWeaponLegacy	游戏数据/官方SC2原始文本镜像/campaigns/swarm.sc2campaign/base.sc2data/gamedata/weapondata.xml	C:\Users\22448\Downloads\重生虫心0.71汉化版（新）\reborn_workrepo\合作指挥官版起义狂潮\Mods\XM\XMFinal.SC2Mod\Base.SC2Data\GameData\WeaponData.xml	skipped_existing
LocustLaunchCreeper	CWeaponLegacy	游戏数据/官方SC2原始文本镜像/mods/starcoop/starcoop.sc2mod/base.sc2data/gamedata/weapondata.xml	C:\Users\22448\Downloads\重生虫心0.71汉化版（新）\reborn_workrepo\合作指挥官版起义狂潮\Mods\XM\XMFinal.SC2Mod\Base.SC2Data\GameData\WeaponData.xml	skipped_existing
LocustLaunchCreeper	CWeaponLegacy	游戏数据/官方SC2原始文本镜像/campaigns/swarm.sc2campaign/base.sc2data/gamedata/weapondata.xml	C:\Users\22448\Downloads\重生虫心0.71汉化版（新）\reborn_workrepo\合作指挥官版起义狂潮\Mods\XM\XMFinal.SC2Mod\Base.SC2Data\GameData\WeaponData.xml	skipped_existing
LocustLaunchCreeperPressurizedGlands	CWeaponLegacy	游戏数据/官方SC2原始文本镜像/mods/starcoop/starcoop.sc2mod/base.sc2data/gamedata/weapondata.xml	C:\Users\22448\Downloads\重生虫心0.71汉化版（新）\reborn_workrepo\合作指挥官版起义狂潮\Mods\XM\XMFinal.SC2Mod\Base.SC2Data\GameData\WeaponData.xml	skipped_existing
LocustLaunchCreeperPressurizedGlands	CWeaponLegacy	游戏数据/官方SC2原始文本镜像/campaigns/swarm.sc2campaign/base.sc2data/gamedata/weapondata.xml	C:\Users\22448\Downloads\重生虫心0.71汉化版（新）\reborn_workrepo\合作指挥官版起义狂潮\Mods\XM\XMFinal.SC2Mod\Base.SC2Data\GameData\WeaponData.xml	skipped_existing
LocustLaunchPressurizedGlands	CWeaponLegacy	游戏数据/官方SC2原始文本镜像/mods/starcoop/starcoop.sc2mod/base.sc2data/gamedata/weapondata.xml	C:\Users\22448\Downloads\重生虫心0.71汉化版（新）\reborn_workrepo\合作指挥官版起义狂潮\Mods\XM\XMFinal.SC2Mod\Base.SC2Data\GameData\WeaponData.xml	skipped_existing
LocustLaunchPressurizedGlands	CWeaponLegacy	游戏数据/官方SC2原始文本镜像/campaigns/swarm.sc2campaign/base.sc2data/gamedata/weapondata.xml	C:\Users\22448\Downloads\重生虫心0.71汉化版（新）\reborn_workrepo\合作指挥官版起义狂潮\Mods\XM\XMFinal.SC2Mod\Base.SC2Data\GameData\WeaponData.xml	skipped_existing
LocustMelee	CWeaponLegacy	游戏数据/官方SC2原始文本镜像/mods/starcoop/starcoop.sc2mod/base.sc2data/gamedata/weapondata.xml	C:\Users\22448\Downloads\重生虫心0.71汉化版（新）\reborn_workrepo\合作指挥官版起义狂潮\Mods\XM\XMFinal.SC2Mod\Base.SC2Data\GameData\WeaponData.xml	skipped_existing
LocustMelee	CWeaponLegacy	游戏数据/官方SC2原始文本镜像/campaigns/swarm.sc2campaign/base.sc2data/gamedata/weapondata.xml	C:\Users\22448\Downloads\重生虫心0.71汉化版（新）\reborn_workrepo\合作指挥官版起义狂潮\Mods\XM\XMFinal.SC2Mod\Base.SC2Data\GameData\WeaponData.xml	skipped_existing
LocustMP	CWeaponLegacy	游戏数据/官方SC2原始文本镜像/mods/starcoop/starcoop.sc2mod/base.sc2data/gamedata/weapondata.xml	C:\Users\22448\Downloads\重生虫心0.71汉化版（新）\reborn_workrepo\合作指挥官版起义狂潮\Mods\XM\XMFinal.SC2Mod\Base.SC2Data\GameData\WeaponData.xml	skipped_existing
LocustPressurizedGlands	CWeaponLegacy	游戏数据/官方SC2原始文本镜像/mods/starcoop/starcoop.sc2mod/base.sc2data/gamedata/weapondata.xml	C:\Users\22448\Downloads\重生虫心0.71汉化版（新）\reborn_workrepo\合作指挥官版起义狂潮\Mods\XM\XMFinal.SC2Mod\Base.SC2Data\GameData\WeaponData.xml	skipped_existing
LocustPressurizedGlands	CWeaponLegacy	游戏数据/官方SC2原始文本镜像/campaigns/swarm.sc2campaign/base.sc2data/gamedata/weapondata.xml	C:\Users\22448\Downloads\重生虫心0.71汉化版（新）\reborn_workrepo\合作指挥官版起义狂潮\Mods\XM\XMFinal.SC2Mod\Base.SC2Data\GameData\WeaponData.xml	skipped_existing
Lurker	CWeaponLegacy	游戏数据/官方SC2原始文本镜像/mods/starcoop/starcoop.sc2mod/base.sc2data/gamedata/weapondata.xml	C:\Users\22448\Downloads\重生虫心0.71汉化版（新）\reborn_workrepo\合作指挥官版起义狂潮\Mods\XM\XMFinal.SC2Mod\Base.SC2Data\GameData\WeaponData.xml	skipped_existing
Lurker	CWeaponLegacy	游戏数据/官方SC2原始文本镜像/campaigns/swarm.sc2campaign/base.sc2data/gamedata/weapondata.xml	C:\Users\22448\Downloads\重生虫心0.71汉化版（新）\reborn_workrepo\合作指挥官版起义狂潮\Mods\XM\XMFinal.SC2Mod\Base.SC2Data\GameData\WeaponData.xml	skipped_existing
NeedleSpines	CWeaponLegacy	游戏数据/官方SC2原始文本镜像/mods/starcoop/starcoop.sc2mod/base.sc2data/gamedata/weapondata.xml	C:\Users\22448\Downloads\重生虫心0.71汉化版（新）\reborn_workrepo\合作指挥官版起义狂潮\Mods\XM\XMFinal.SC2Mod\Base.SC2Data\GameData\WeaponData.xml	skipped_existing
PrimalHydralisk	CWeaponLegacy	游戏数据/官方SC2原始文本镜像/mods/starcoop/starcoop.sc2mod/base.sc2data/gamedata/weapondata.xml	C:\Users\22448\Downloads\重生虫心0.71汉化版（新）\reborn_workrepo\合作指挥官版起义狂潮\Mods\XM\XMFinal.SC2Mod\Base.SC2Data\GameData\WeaponData.xml	skipped_existing
PrimalHydralisk	CWeaponLegacy	游戏数据/官方SC2原始文本镜像/campaigns/swarm.sc2campaign/base.sc2data/gamedata/weapondata.xml	C:\Users\22448\Downloads\重生虫心0.71汉化版（新）\reborn_workrepo\合作指挥官版起义狂潮\Mods\XM\XMFinal.SC2Mod\Base.SC2Data\GameData\WeaponData.xml	skipped_existing
PrimalHydraliskMelee	CWeaponLegacy	游戏数据/官方SC2原始文本镜像/campaigns/swarm.sc2campaign/base.sc2data/gamedata/weapondata.xml	C:\Users\22448\Downloads\重生虫心0.71汉化版（新）\reborn_workrepo\合作指挥官版起义狂潮\Mods\XM\XMFinal.SC2Mod\Base.SC2Data\GameData\WeaponData.xml	skipped_existing
PrimalNeedleSpines	CWeaponLegacy	游戏数据/官方SC2原始文本镜像/mods/starcoop/starcoop.sc2mod/base.sc2data/gamedata/weapondata.xml	C:\Users\22448\Downloads\重生虫心0.71汉化版（新）\reborn_workrepo\合作指挥官版起义狂潮\Mods\XM\XMFinal.SC2Mod\Base.SC2Data\GameData\WeaponData.xml	skipped_existing
PrimalNeedleSpines	CWeaponLegacy	游戏数据/官方SC2原始文本镜像/campaigns/swarm.sc2campaign/base.sc2data/gamedata/weapondata.xml	C:\Users\22448\Downloads\重生虫心0.71汉化版（新）\reborn_workrepo\合作指挥官版起义狂潮\Mods\XM\XMFinal.SC2Mod\Base.SC2Data\GameData\WeaponData.xml	skipped_existing
RoachCorpserAcidSaliva	CWeaponLegacy	游戏数据/官方SC2原始文本镜像/campaigns/swarm.sc2campaign/base.sc2data/gamedata/weapondata.xml	C:\Users\22448\Downloads\重生虫心0.71汉化版（新）\reborn_workrepo\合作指挥官版起义狂潮\Mods\XM\XMFinal.SC2Mod\Base.SC2Data\GameData\WeaponData.xml	skipped_existing
RoachCorpserMelee	CWeaponLegacy	游戏数据/官方SC2原始文本镜像/campaigns/swarm.sc2campaign/base.sc2data/gamedata/weapondata.xml	C:\Users\22448\Downloads\重生虫心0.71汉化版（新）\reborn_workrepo\合作指挥官版起义狂潮\Mods\XM\XMFinal.SC2Mod\Base.SC2Data\GameData\WeaponData.xml	skipped_existing
RoachlingNeedleClaws	CWeaponLegacy	游戏数据/官方SC2原始文本镜像/campaigns/swarm.sc2campaign/base.sc2data/gamedata/weapondata.xml	C:\Users\22448\Downloads\重生虫心0.71汉化版（新）\reborn_workrepo\合作指挥官版起义狂潮\Mods\XM\XMFinal.SC2Mod\Base.SC2Data\GameData\WeaponData.xml	skipped_existing
RoachVileAcidSaliva	CWeaponLegacy	游戏数据/官方SC2原始文本镜像/campaigns/swarm.sc2campaign/base.sc2data/gamedata/weapondata.xml	C:\Users\22448\Downloads\重生虫心0.71汉化版（新）\reborn_workrepo\合作指挥官版起义狂潮\Mods\XM\XMFinal.SC2Mod\Base.SC2Data\GameData\WeaponData.xml	skipped_existing
RoachVileMelee	CWeaponLegacy	游戏数据/官方SC2原始文本镜像/campaigns/swarm.sc2campaign/base.sc2data/gamedata/weapondata.xml	C:\Users\22448\Downloads\重生虫心0.71汉化版（新）\reborn_workrepo\合作指挥官版起义狂潮\Mods\XM\XMFinal.SC2Mod\Base.SC2Data\GameData\WeaponData.xml	skipped_existing
SIVolatileInfested	CWeaponLegacy	游戏数据/官方SC2原始文本镜像/mods/starcoop/starcoop.sc2mod/base.sc2data/gamedata/weapondata.xml	C:\Users\22448\Downloads\重生虫心0.71汉化版（新）\reborn_workrepo\合作指挥官版起义狂潮\Mods\XM\XMFinal.SC2Mod\Base.SC2Data\GameData\WeaponData.xml	skipped_existing
SIVolatileInfestedBuilding	CWeaponLegacy	游戏数据/官方SC2原始文本镜像/mods/starcoop/starcoop.sc2mod/base.sc2data/gamedata/weapondata.xml	C:\Users\22448\Downloads\重生虫心0.71汉化版（新）\reborn_workrepo\合作指挥官版起义狂潮\Mods\XM\XMFinal.SC2Mod\Base.SC2Data\GameData\WeaponData.xml	skipped_existing
SIVolatileInfestedDummy	CWeaponLegacy	游戏数据/官方SC2原始文本镜像/mods/starcoop/starcoop.sc2mod/base.sc2data/gamedata/weapondata.xml	C:\Users\22448\Downloads\重生虫心0.71汉化版（新）\reborn_workrepo\合作指挥官版起义狂潮\Mods\XM\XMFinal.SC2Mod\Base.SC2Data\GameData\WeaponData.xml	skipped_existing
StukovInfestedTerran	CWeaponLegacy	游戏数据/官方SC2原始文本镜像/mods/starcoop/starcoop.sc2mod/base.sc2data/gamedata/weapondata.xml	C:\Users\22448\Downloads\重生虫心0.71汉化版（新）\reborn_workrepo\合作指挥官版起义狂潮\Mods\XM\XMFinal.SC2Mod\Base.SC2Data\GameData\WeaponData.xml	skipped_existing
StukovInfestedTerran	CWeaponLegacy	游戏数据/官方SC2原始文本镜像/campaigns/swarm.sc2campaign/base.sc2data/gamedata/weapondata.xml	C:\Users\22448\Downloads\重生虫心0.71汉化版（新）\reborn_workrepo\合作指挥官版起义狂潮\Mods\XM\XMFinal.SC2Mod\Base.SC2Data\GameData\WeaponData.xml	skipped_existing
SwarmHostFakeWeapon	CWeaponLegacy	游戏数据/官方SC2原始文本镜像/mods/starcoop/starcoop.sc2mod/base.sc2data/gamedata/weapondata.xml	C:\Users\22448\Downloads\重生虫心0.71汉化版（新）\reborn_workrepo\合作指挥官版起义狂潮\Mods\XM\XMFinal.SC2Mod\Base.SC2Data\GameData\WeaponData.xml	skipped_existing
SwarmQueenAcidSpines	CWeaponLegacy	游戏数据/官方SC2原始文本镜像/mods/starcoop/starcoop.sc2mod/base.sc2data/gamedata/weapondata.xml	C:\Users\22448\Downloads\重生虫心0.71汉化版（新）\reborn_workrepo\合作指挥官版起义狂潮\Mods\XM\XMFinal.SC2Mod\Base.SC2Data\GameData\WeaponData.xml	skipped_existing
SwarmQueenAcidSpines	CWeaponLegacy	游戏数据/官方SC2原始文本镜像/campaigns/swarm.sc2campaign/base.sc2data/gamedata/weapondata.xml	C:\Users\22448\Downloads\重生虫心0.71汉化版（新）\reborn_workrepo\合作指挥官版起义狂潮\Mods\XM\XMFinal.SC2Mod\Base.SC2Data\GameData\WeaponData.xml	skipped_existing
SwarmQueenTalons	CWeaponLegacy	游戏数据/官方SC2原始文本镜像/campaigns/swarm.sc2campaign/base.sc2data/gamedata/weapondata.xml	C:\Users\22448\Downloads\重生虫心0.71汉化版（新）\reborn_workrepo\合作指挥官版起义狂潮\Mods\XM\XMFinal.SC2Mod\Base.SC2Data\GameData\WeaponData.xml	skipped_existing
SwarmQueenTalonsCoop	CWeaponLegacy	游戏数据/官方SC2原始文本镜像/mods/starcoop/starcoop.sc2mod/base.sc2data/gamedata/weapondata.xml	C:\Users\22448\Downloads\重生虫心0.71汉化版（新）\reborn_workrepo\合作指挥官版起义狂潮\Mods\XM\XMFinal.SC2Mod\Base.SC2Data\GameData\WeaponData.xml	skipped_existing
Tempest	CWeaponLegacy	游戏数据/官方SC2原始文本镜像/mods/starcoop/starcoop.sc2mod/base.sc2data/gamedata/weapondata.xml	C:\Users\22448\Downloads\重生虫心0.71汉化版（新）\reborn_workrepo\合作指挥官版起义狂潮\Mods\XM\XMFinal.SC2Mod\Base.SC2Data\GameData\WeaponData.xml	skipped_existing
VolatileBurst	CWeaponLegacy	游戏数据/官方SC2原始文本镜像/campaigns/swarm.sc2campaign/base.sc2data/gamedata/weapondata.xml	C:\Users\22448\Downloads\重生虫心0.71汉化版（新）\reborn_workrepo\合作指挥官版起义狂潮\Mods\XM\XMFinal.SC2Mod\Base.SC2Data\GameData\WeaponData.xml	skipped_existing
VolatileBurstBuilding	CWeaponLegacy	游戏数据/官方SC2原始文本镜像/campaigns/swarm.sc2campaign/base.sc2data/gamedata/weapondata.xml	C:\Users\22448\Downloads\重生虫心0.71汉化版（新）\reborn_workrepo\合作指挥官版起义狂潮\Mods\XM\XMFinal.SC2Mod\Base.SC2Data\GameData\WeaponData.xml	skipped_existing
ZagaraAcidSaliva	CWeaponLegacy	游戏数据/官方SC2原始文本镜像/mods/starcoop/starcoop.sc2mod/base.sc2data/gamedata/weapondata.xml	C:\Users\22448\Downloads\重生虫心0.71汉化版（新）\reborn_workrepo\合作指挥官版起义狂潮\Mods\XM\XMFinal.SC2Mod\Base.SC2Data\GameData\WeaponData.xml	skipped_existing
ZagaraRoachMelee	CWeaponLegacy	游戏数据/官方SC2原始文本镜像/mods/starcoop/starcoop.sc2mod/base.sc2data/gamedata/weapondata.xml	C:\Users\22448\Downloads\重生虫心0.71汉化版（新）\reborn_workrepo\合作指挥官版起义狂潮\Mods\XM\XMFinal.SC2Mod\Base.SC2Data\GameData\WeaponData.xml	skipped_existing
ZergTowerArtillery	CWeaponLegacy	游戏数据/官方SC2原始文本镜像/campaigns/swarm.sc2campaign/base.sc2data/gamedata/weapondata.xml	C:\Users\22448\Downloads\重生虫心0.71汉化版（新）\reborn_workrepo\合作指挥官版起义狂潮\Mods\XM\XMFinal.SC2Mod\Base.SC2Data\GameData\WeaponData.xml	skipped_existing
Reaver	CArmyCategory	游戏数据/官方SC2原始文本镜像/mods/starcoop/starcoop.sc2mod/base.sc2data/gamedata/commanders/futurecommanders.xml	C:\Users\22448\Downloads\重生虫心0.71汉化版（新）\reborn_workrepo\合作指挥官版起义狂潮\Mods\XM\XMFinal.SC2Mod\Base.SC2Data\GameData\commanders\futurecommanders.xml	skipped_existing
Footprint3x3NydusNetwork	CFootprint	游戏数据/官方SC2原始文本镜像/mods/starcoop/starcoop.sc2mod/base.sc2data/gamedata/footprintdata.xml	C:\Users\22448\Downloads\重生虫心0.71汉化版（新）\reborn_workrepo\合作指挥官版起义狂潮\Mods\XM\XMFinal.SC2Mod\Base.SC2Data\GameData\footprintdata.xml	skipped_existing
FootprintSiegedSmall	CFootprint	游戏数据/官方SC2原始文本镜像/campaigns/swarm.sc2campaign/base.sc2data/gamedata/footprintdata.xml	C:\Users\22448\Downloads\重生虫心0.71汉化版（新）\reborn_workrepo\合作指挥官版起义狂潮\Mods\XM\XMFinal.SC2Mod\Base.SC2Data\GameData\footprintdata.xml	skipped_existing
Kerrigan	CHero	游戏数据/官方SC2原始文本镜像/mods/starcoop/starcoop.sc2mod/base.sc2data/gamedata/herodata.xml	C:\Users\22448\Downloads\重生虫心0.71汉化版（新）\reborn_workrepo\合作指挥官版起义狂潮\Mods\XM\XMFinal.SC2Mod\Base.SC2Data\GameData\herodata.xml	skipped_existing
DehakaRedDiffuse	CTexture	游戏数据/官方SC2原始文本镜像/campaigns/swarm.sc2campaign/base.sc2data/gamedata/texturedata.xml	C:\Users\22448\Downloads\重生虫心0.71汉化版（新）\reborn_workrepo\合作指挥官版起义狂潮\Mods\XM\XMFinal.SC2Mod\Base.SC2Data\GameData\texturedata.xml	skipped_existing
