ObjectId	CatalogType	OfficialSource	TargetFile	Status
AbathurDeepTunnel	CAbilEffectTarget	游戏数据/官方SC2原始文本镜像/mods/starcoop/starcoop.sc2mod/base.sc2data/gamedata/abildata.xml	D:\MyWork\新建文件夹\mom.report.client\src\MyMod\crys_the_swarm_reborn.SC2Mod\原始mod\Mods\XM\XMFinal.SC2Mod\Base.SC2Data\GameData\AbilData.xml	skipped_existing
AbathurMend	CAbilEffectInstant	游戏数据/官方SC2原始文本镜像/mods/starcoop/starcoop.sc2mod/base.sc2data/gamedata/abildata.xml	D:\MyWork\新建文件夹\mom.report.client\src\MyMod\crys_the_swarm_reborn.SC2Mod\原始mod\Mods\XM\XMFinal.SC2Mod\Base.SC2Data\GameData\AbilData.xml	added_or_newer_duplicate
AlarakACSoAMothershipV4BlackHole	CAbilEffectTarget	游戏数据/官方SC2原始文本镜像/mods/starcoop/starcoop.sc2mod/base.sc2data/gamedata/abildata.xml	D:\MyWork\新建文件夹\mom.report.client\src\MyMod\crys_the_swarm_reborn.SC2Mod\原始mod\Mods\XM\XMFinal.SC2Mod\Base.SC2Data\GameData\AbilData.xml	added_or_newer_duplicate
AlarakACSummonDeathfleet	CAbilEffectInstant	游戏数据/官方SC2原始文本镜像/mods/starcoop/starcoop.sc2mod/base.sc2data/gamedata/abildata.xml	D:\MyWork\新建文件夹\mom.report.client\src\MyMod\crys_the_swarm_reborn.SC2Mod\原始mod\Mods\XM\XMFinal.SC2Mod\Base.SC2Data\GameData\AbilData.xml	skipped_existing
AlarakACSummonDeathfleetTarget	CAbilEffectTarget	游戏数据/官方SC2原始文本镜像/mods/starcoop/starcoop.sc2mod/base.sc2data/gamedata/abildata.xml	D:\MyWork\新建文件夹\mom.report.client\src\MyMod\crys_the_swarm_reborn.SC2Mod\原始mod\Mods\XM\XMFinal.SC2Mod\Base.SC2Data\GameData\AbilData.xml	skipped_existing
AlarakEmpower	CAbilEffectInstant	游戏数据/官方SC2原始文本镜像/mods/starcoop/starcoop.sc2mod/base.sc2data/gamedata/abildata.xml	D:\MyWork\新建文件夹\mom.report.client\src\MyMod\crys_the_swarm_reborn.SC2Mod\原始mod\Mods\XM\XMFinal.SC2Mod\Base.SC2Data\GameData\AbilData.xml	added_or_newer_duplicate
AlarakMothershipMassRecall	CAbilEffectTarget	游戏数据/官方SC2原始文本镜像/mods/starcoop/starcoop.sc2mod/base.sc2data/gamedata/abildata.xml	D:\MyWork\新建文件夹\mom.report.client\src\MyMod\crys_the_swarm_reborn.SC2Mod\原始mod\Mods\XM\XMFinal.SC2Mod\Base.SC2Data\GameData\AbilData.xml	added_or_newer_duplicate
AlarakMothershipWarpTrain	CAbilWarpTrain	游戏数据/官方SC2原始文本镜像/mods/starcoop/starcoop.sc2mod/base.sc2data/gamedata/abildata.xml	D:\MyWork\新建文件夹\mom.report.client\src\MyMod\crys_the_swarm_reborn.SC2Mod\原始mod\Mods\XM\XMFinal.SC2Mod\Base.SC2Data\GameData\AbilData.xml	added_or_newer_duplicate
AlarakStructureOvercharge	CAbilEffectTarget	游戏数据/官方SC2原始文本镜像/mods/starcoop/starcoop.sc2mod/base.sc2data/gamedata/abildata.xml	D:\MyWork\新建文件夹\mom.report.client\src\MyMod\crys_the_swarm_reborn.SC2Mod\原始mod\Mods\XM\XMFinal.SC2Mod\Base.SC2Data\GameData\AbilData.xml	skipped_existing
ApocaliskBurrowCharge	CAbilEffectTarget	游戏数据/官方SC2原始文本镜像/mods/starcoop/starcoop.sc2mod/base.sc2data/gamedata/abildata.xml	D:\MyWork\新建文件夹\mom.report.client\src\MyMod\crys_the_swarm_reborn.SC2Mod\原始mod\Mods\XM\XMFinal.SC2Mod\Base.SC2Data\GameData\AbilData.xml	added_or_newer_duplicate
Apocalypse	CAbilEffectTarget	游戏数据/官方SC2原始文本镜像/mods/starcoop/starcoop.sc2mod/base.sc2data/gamedata/abildata.xml	D:\MyWork\新建文件夹\mom.report.client\src\MyMod\crys_the_swarm_reborn.SC2Mod\原始mod\Mods\XM\XMFinal.SC2Mod\Base.SC2Data\GameData\AbilData.xml	skipped_existing
ArtilleryMengskExperimentalStrike	CAbilEffectTarget	游戏数据/官方SC2原始文本镜像/mods/starcoop/commanders/arcturusmengsk.sc2mod/base.sc2data/gamedata/abildata.xml	D:\MyWork\新建文件夹\mom.report.client\src\MyMod\crys_the_swarm_reborn.SC2Mod\原始mod\Mods\XM\XMFinal.SC2Mod\Base.SC2Data\GameData\AbilData.xml	added_or_newer_duplicate
ArtilleryMengskGlobalExperimentalStrike	CAbilEffectTarget	游戏数据/官方SC2原始文本镜像/mods/starcoop/commanders/arcturusmengsk.sc2mod/base.sc2data/gamedata/abildata.xml	D:\MyWork\新建文件夹\mom.report.client\src\MyMod\crys_the_swarm_reborn.SC2Mod\原始mod\Mods\XM\XMFinal.SC2Mod\Base.SC2Data\GameData\AbilData.xml	added_or_newer_duplicate
Banshee_BlackOpsAirstrike	CAbilEffectTarget	游戏数据/官方SC2原始文本镜像/mods/starcoop/starcoop.sc2mod/base.sc2data/gamedata/abildata.xml	D:\MyWork\新建文件夹\mom.report.client\src\MyMod\crys_the_swarm_reborn.SC2Mod\原始mod\Mods\XM\XMFinal.SC2Mod\Base.SC2Data\GameData\AbilData.xml	skipped_existing
BansheeAirstrike	CAbilEffectTarget	游戏数据/官方SC2原始文本镜像/mods/starcoop/starcoop.sc2mod/base.sc2data/gamedata/abildata.xml	D:\MyWork\新建文件夹\mom.report.client\src\MyMod\crys_the_swarm_reborn.SC2Mod\原始mod\Mods\XM\XMFinal.SC2Mod\Base.SC2Data\GameData\AbilData.xml	skipped_existing
BiomassTargetMark	CAbilEffectTarget	游戏数据/官方SC2原始文本镜像/mods/starcoop/starcoop.sc2mod/base.sc2data/gamedata/abildata.xml	D:\MyWork\新建文件夹\mom.report.client\src\MyMod\crys_the_swarm_reborn.SC2Mod\原始mod\Mods\XM\XMFinal.SC2Mod\Base.SC2Data\GameData\AbilData.xml	added_or_newer_duplicate
BunkerDepotMengskDrop	CAbilBuild	游戏数据/官方SC2原始文本镜像/mods/starcoop/commanders/arcturusmengsk.sc2mod/base.sc2data/gamedata/abildata.xml	D:\MyWork\新建文件夹\mom.report.client\src\MyMod\crys_the_swarm_reborn.SC2Mod\原始mod\Mods\XM\XMFinal.SC2Mod\Base.SC2Data\GameData\AbilData.xml	added_or_newer_duplicate
BunkerDepotMengskDropMorph	CAbilMorph	游戏数据/官方SC2原始文本镜像/mods/starcoop/commanders/arcturusmengsk.sc2mod/base.sc2data/gamedata/abildata.xml	D:\MyWork\新建文件夹\mom.report.client\src\MyMod\crys_the_swarm_reborn.SC2Mod\原始mod\Mods\XM\XMFinal.SC2Mod\Base.SC2Data\GameData\AbilData.xml	added_or_newer_duplicate
BunkerMengskSalvage	CAbilBehavior	游戏数据/官方SC2原始文本镜像/mods/starcoop/commanders/arcturusmengsk.sc2mod/base.sc2data/gamedata/abildata.xml	D:\MyWork\新建文件夹\mom.report.client\src\MyMod\crys_the_swarm_reborn.SC2Mod\原始mod\Mods\XM\XMFinal.SC2Mod\Base.SC2Data\GameData\AbilData.xml	added_or_newer_duplicate
BunkerMengskTransport	CAbilTransport	游戏数据/官方SC2原始文本镜像/mods/starcoop/commanders/arcturusmengsk.sc2mod/base.sc2data/gamedata/abildata.xml	D:\MyWork\新建文件夹\mom.report.client\src\MyMod\crys_the_swarm_reborn.SC2Mod\原始mod\Mods\XM\XMFinal.SC2Mod\Base.SC2Data\GameData\AbilData.xml	added_or_newer_duplicate
BurrowToxicNestDown	CAbilMorph	游戏数据/官方SC2原始文本镜像/mods/starcoop/starcoop.sc2mod/base.sc2data/gamedata/abildata.xml	D:\MyWork\新建文件夹\mom.report.client\src\MyMod\crys_the_swarm_reborn.SC2Mod\原始mod\Mods\XM\XMFinal.SC2Mod\Base.SC2Data\GameData\AbilData.xml	added_or_newer_duplicate
Charge	CAbilAugment	游戏数据/官方SC2原始文本镜像/mods/starcoop/starcoop.sc2mod/base.sc2data/gamedata/abildata.xml	D:\MyWork\新建文件夹\mom.report.client\src\MyMod\crys_the_swarm_reborn.SC2Mod\原始mod\Mods\XM\XMFinal.SC2Mod\Base.SC2Data\GameData\AbilData.xml	skipped_existing
ChargedBuster	CAbilEffectTarget	游戏数据/官方SC2原始文本镜像/mods/starcoop/starcoop.sc2mod/base.sc2data/gamedata/abildata.xml	D:\MyWork\新建文件夹\mom.report.client\src\MyMod\crys_the_swarm_reborn.SC2Mod\原始mod\Mods\XM\XMFinal.SC2Mod\Base.SC2Data\GameData\AbilData.xml	added_or_newer_duplicate
CommanderPrestigeArtanisOrbitalStrikeShieldOverchargeTargeted	CAbilEffectTarget	游戏数据/官方SC2原始文本镜像/mods/starcoop/starcoop.sc2mod/base.sc2data/gamedata/abildata.xml	D:\MyWork\新建文件夹\mom.report.client\src\MyMod\crys_the_swarm_reborn.SC2Mod\原始mod\Mods\XM\XMFinal.SC2Mod\Base.SC2Data\GameData\AbilData.xml	skipped_existing
CommanderPrestigeDehakaPackLeadersRetreat	CAbilEffectInstant	游戏数据/官方SC2原始文本镜像/mods/starcoop/starcoop.sc2mod/base.sc2data/gamedata/abildata.xml	D:\MyWork\新建文件夹\mom.report.client\src\MyMod\crys_the_swarm_reborn.SC2Mod\原始mod\Mods\XM\XMFinal.SC2Mod\Base.SC2Data\GameData\AbilData.xml	skipped_existing
CommanderPrestigeVorazunTimeStop	CAbilEffectTarget	游戏数据/官方SC2原始文本镜像/mods/starcoop/starcoop.sc2mod/base.sc2data/gamedata/abildata.xml	D:\MyWork\新建文件夹\mom.report.client\src\MyMod\crys_the_swarm_reborn.SC2Mod\原始mod\Mods\XM\XMFinal.SC2Mod\Base.SC2Data\GameData\AbilData.xml	skipped_existing
CommanderPrestigeZagaraZagaraDeepTunnel	CAbilEffectTarget	游戏数据/官方SC2原始文本镜像/mods/starcoop/starcoop.sc2mod/base.sc2data/gamedata/abildata.xml	D:\MyWork\新建文件夹\mom.report.client\src\MyMod\crys_the_swarm_reborn.SC2Mod\原始mod\Mods\XM\XMFinal.SC2Mod\Base.SC2Data\GameData\AbilData.xml	skipped_existing
CreepTumorBuild	CAbilBuild	游戏数据/官方SC2原始文本镜像/mods/starcoop/starcoop.sc2mod/base.sc2data/gamedata/abildata.xml	D:\MyWork\新建文件夹\mom.report.client\src\MyMod\crys_the_swarm_reborn.SC2Mod\原始mod\Mods\XM\XMFinal.SC2Mod\Base.SC2Data\GameData\AbilData.xml	added_or_newer_duplicate
DamagedEvolutionPit	CAbilMorph	游戏数据/官方SC2原始文本镜像/mods/starcoop/starcoop.sc2mod/base.sc2data/gamedata/abildata.xml	D:\MyWork\新建文件夹\mom.report.client\src\MyMod\crys_the_swarm_reborn.SC2Mod\原始mod\Mods\XM\XMFinal.SC2Mod\Base.SC2Data\GameData\AbilData.xml	added_or_newer_duplicate
DarkArchonMindControl	CAbilEffectTarget	游戏数据/官方SC2原始文本镜像/mods/starcoop/starcoop.sc2mod/base.sc2data/gamedata/abildata.xml	D:\MyWork\新建文件夹\mom.report.client\src\MyMod\crys_the_swarm_reborn.SC2Mod\原始mod\Mods\XM\XMFinal.SC2Mod\Base.SC2Data\GameData\AbilData.xml	skipped_existing
DarkPylonRecall	CAbilEffectTarget	游戏数据/官方SC2原始文本镜像/mods/starcoop/starcoop.sc2mod/base.sc2data/gamedata/abildata.xml	D:\MyWork\新建文件夹\mom.report.client\src\MyMod\crys_the_swarm_reborn.SC2Mod\原始mod\Mods\XM\XMFinal.SC2Mod\Base.SC2Data\GameData\AbilData.xml	skipped_existing
DefensiveMatrixTargetDrone	CAbilEffectTarget	游戏数据/官方SC2原始文本镜像/mods/starcoop/starcoop.sc2mod/base.sc2data/gamedata/abildata.xml	D:\MyWork\新建文件夹\mom.report.client\src\MyMod\crys_the_swarm_reborn.SC2Mod\原始mod\Mods\XM\XMFinal.SC2Mod\Base.SC2Data\GameData\AbilData.xml	added_or_newer_duplicate
DehakaDakrunTopBar	CAbilEffectTarget	游戏数据/官方SC2原始文本镜像/mods/starcoop/starcoop.sc2mod/base.sc2data/gamedata/abildata.xml	D:\MyWork\新建文件夹\mom.report.client\src\MyMod\crys_the_swarm_reborn.SC2Mod\原始mod\Mods\XM\XMFinal.SC2Mod\Base.SC2Data\GameData\AbilData.xml	added_or_newer_duplicate
DehakaGlevigFirebreath	CAbilEffectTarget	游戏数据/官方SC2原始文本镜像/mods/starcoop/starcoop.sc2mod/base.sc2data/gamedata/abildata.xml	D:\MyWork\新建文件夹\mom.report.client\src\MyMod\crys_the_swarm_reborn.SC2Mod\原始mod\Mods\XM\XMFinal.SC2Mod\Base.SC2Data\GameData\AbilData.xml	added_or_newer_duplicate
DehakaGlevigTopBar	CAbilBuild	游戏数据/官方SC2原始文本镜像/mods/starcoop/starcoop.sc2mod/base.sc2data/gamedata/abildata.xml	D:\MyWork\新建文件夹\mom.report.client\src\MyMod\crys_the_swarm_reborn.SC2Mod\原始mod\Mods\XM\XMFinal.SC2Mod\Base.SC2Data\GameData\AbilData.xml	added_or_newer_duplicate
DehakaMurvarTopBar	CAbilEffectTarget	游戏数据/官方SC2原始文本镜像/mods/starcoop/starcoop.sc2mod/base.sc2data/gamedata/abildata.xml	D:\MyWork\新建文件夹\mom.report.client\src\MyMod\crys_the_swarm_reborn.SC2Mod\原始mod\Mods\XM\XMFinal.SC2Mod\Base.SC2Data\GameData\AbilData.xml	added_or_newer_duplicate
DehakaNydusDestroyerTimedNoFoodBeam	CAbilEffectTarget	游戏数据/官方SC2原始文本镜像/mods/starcoop/starcoop.sc2mod/base.sc2data/gamedata/abildata.xml	D:\MyWork\新建文件夹\mom.report.client\src\MyMod\crys_the_swarm_reborn.SC2Mod\原始mod\Mods\XM\XMFinal.SC2Mod\Base.SC2Data\GameData\AbilData.xml	added_or_newer_duplicate
DehakaNydusDestroyerTopBar	CAbilBuild	游戏数据/官方SC2原始文本镜像/mods/starcoop/starcoop.sc2mod/base.sc2data/gamedata/abildata.xml	D:\MyWork\新建文件夹\mom.report.client\src\MyMod\crys_the_swarm_reborn.SC2Mod\原始mod\Mods\XM\XMFinal.SC2Mod\Base.SC2Data\GameData\AbilData.xml	added_or_newer_duplicate
DehakaNydusDestroyerTopBarDummy	CAbilEffectTarget	游戏数据/官方SC2原始文本镜像/mods/starcoop/starcoop.sc2mod/base.sc2data/gamedata/abildata.xml	D:\MyWork\新建文件夹\mom.report.client\src\MyMod\crys_the_swarm_reborn.SC2Mod\原始mod\Mods\XM\XMFinal.SC2Mod\Base.SC2Data\GameData\AbilData.xml	added_or_newer_duplicate
DeployPowerTowerStetmann	CAbilBuild	游戏数据/官方SC2原始文本镜像/mods/starcoop/commanders/egonstetmann.sc2mod/base.sc2data/gamedata/abildata.xml	D:\MyWork\新建文件夹\mom.report.client\src\MyMod\crys_the_swarm_reborn.SC2Mod\原始mod\Mods\XM\XMFinal.SC2Mod\Base.SC2Data\GameData\AbilData.xml	added_or_newer_duplicate
DrakkenLaserDrillAttack	CAbilEffectTarget	游戏数据/官方SC2原始文本镜像/mods/starcoop/starcoop.sc2mod/base.sc2data/gamedata/abildata.xml	D:\MyWork\新建文件夹\mom.report.client\src\MyMod\crys_the_swarm_reborn.SC2Mod\原始mod\Mods\XM\XMFinal.SC2Mod\Base.SC2Data\GameData\AbilData.xml	added_or_newer_duplicate
DrakkenLaserDrillAttackIssueOrder	CAbilEffectTarget	游戏数据/官方SC2原始文本镜像/mods/starcoop/starcoop.sc2mod/base.sc2data/gamedata/abildata.xml	D:\MyWork\新建文件夹\mom.report.client\src\MyMod\crys_the_swarm_reborn.SC2Mod\原始mod\Mods\XM\XMFinal.SC2Mod\Base.SC2Data\GameData\AbilData.xml	added_or_newer_duplicate
DrakkenLaserDrillBFG	CAbilEffectTarget	游戏数据/官方SC2原始文本镜像/mods/starcoop/starcoop.sc2mod/base.sc2data/gamedata/abildata.xml	D:\MyWork\新建文件夹\mom.report.client\src\MyMod\crys_the_swarm_reborn.SC2Mod\原始mod\Mods\XM\XMFinal.SC2Mod\Base.SC2Data\GameData\AbilData.xml	added_or_newer_duplicate
DrakkenLaserDrillConcentratedBeamIssueOrder	CAbilEffectInstant	游戏数据/官方SC2原始文本镜像/mods/starcoop/starcoop.sc2mod/base.sc2data/gamedata/abildata.xml	D:\MyWork\新建文件夹\mom.report.client\src\MyMod\crys_the_swarm_reborn.SC2Mod\原始mod\Mods\XM\XMFinal.SC2Mod\Base.SC2Data\GameData\AbilData.xml	added_or_newer_duplicate
DrakkenLaserDrillNuke	CAbilEffectTarget	游戏数据/官方SC2原始文本镜像/mods/starcoop/starcoop.sc2mod/base.sc2data/gamedata/abildata.xml	D:\MyWork\新建文件夹\mom.report.client\src\MyMod\crys_the_swarm_reborn.SC2Mod\原始mod\Mods\XM\XMFinal.SC2Mod\Base.SC2Data\GameData\AbilData.xml	added_or_newer_duplicate
DrakkenLaserDrillPulseCannonIssueOrder	CAbilEffectInstant	游戏数据/官方SC2原始文本镜像/mods/starcoop/starcoop.sc2mod/base.sc2data/gamedata/abildata.xml	D:\MyWork\新建文件夹\mom.report.client\src\MyMod\crys_the_swarm_reborn.SC2Mod\原始mod\Mods\XM\XMFinal.SC2Mod\Base.SC2Data\GameData\AbilData.xml	added_or_newer_duplicate
DuskWingBansheeCloakingField	CAbilBehavior	游戏数据/官方SC2原始文本镜像/mods/starcoop/starcoop.sc2mod/base.sc2data/gamedata/abildata.xml	D:\MyWork\新建文件夹\mom.report.client\src\MyMod\crys_the_swarm_reborn.SC2Mod\原始mod\Mods\XM\XMFinal.SC2Mod\Base.SC2Data\GameData\AbilData.xml	added_or_newer_duplicate
EvolutionPitResearch	CAbilResearch	游戏数据/官方SC2原始文本镜像/mods/starcoop/starcoop.sc2mod/base.sc2data/gamedata/abildata.xml	D:\MyWork\新建文件夹\mom.report.client\src\MyMod\crys_the_swarm_reborn.SC2Mod\原始mod\Mods\XM\XMFinal.SC2Mod\Base.SC2Data\GameData\AbilData.xml	added_or_newer_duplicate
EvolutionPitScalingCostResearch	CAbilResearch	游戏数据/官方SC2原始文本镜像/mods/starcoop/starcoop.sc2mod/base.sc2data/gamedata/abildata.xml	D:\MyWork\新建文件夹\mom.report.client\src\MyMod\crys_the_swarm_reborn.SC2Mod\原始mod\Mods\XM\XMFinal.SC2Mod\Base.SC2Data\GameData\AbilData.xml	added_or_newer_duplicate
FASTOverloadStetmann	CAbilEffectTarget	游戏数据/官方SC2原始文本镜像/mods/starcoop/commanders/egonstetmann.sc2mod/base.sc2data/gamedata/abildata.xml	D:\MyWork\新建文件夹\mom.report.client\src\MyMod\crys_the_swarm_reborn.SC2Mod\原始mod\Mods\XM\XMFinal.SC2Mod\Base.SC2Data\GameData\AbilData.xml	added_or_newer_duplicate
FenixDragoonAirBomb	CAbilEffectTarget	游戏数据/官方SC2原始文本镜像/mods/starcoop/starcoop.sc2mod/base.sc2data/gamedata/abildata.xml	D:\MyWork\新建文件夹\mom.report.client\src\MyMod\crys_the_swarm_reborn.SC2Mod\原始mod\Mods\XM\XMFinal.SC2Mod\Base.SC2Data\GameData\AbilData.xml	added_or_newer_duplicate
FenixDragoonArsenalOvercharge	CAbilBehavior	游戏数据/官方SC2原始文本镜像/mods/starcoop/starcoop.sc2mod/base.sc2data/gamedata/abildata.xml	D:\MyWork\新建文件夹\mom.report.client\src\MyMod\crys_the_swarm_reborn.SC2Mod\原始mod\Mods\XM\XMFinal.SC2Mod\Base.SC2Data\GameData\AbilData.xml	added_or_newer_duplicate
FenixSoAWhirlwind	CAbilEffectInstant	游戏数据/官方SC2原始文本镜像/mods/starcoop/starcoop.sc2mod/base.sc2data/gamedata/abildata.xml	D:\MyWork\新建文件夹\mom.report.client\src\MyMod\crys_the_swarm_reborn.SC2Mod\原始mod\Mods\XM\XMFinal.SC2Mod\Base.SC2Data\GameData\AbilData.xml	added_or_newer_duplicate
FenixThunderousChargeCoop	CAbilEffectTarget	游戏数据/官方SC2原始文本镜像/mods/starcoop/starcoop.sc2mod/base.sc2data/gamedata/abildata.xml	D:\MyWork\新建文件夹\mom.report.client\src\MyMod\crys_the_swarm_reborn.SC2Mod\原始mod\Mods\XM\XMFinal.SC2Mod\Base.SC2Data\GameData\AbilData.xml	added_or_newer_duplicate
GaryStetmannOrb	CAbilEffectTarget	游戏数据/官方SC2原始文本镜像/mods/starcoop/commanders/egonstetmann.sc2mod/base.sc2data/gamedata/abildata.xml	D:\MyWork\新建文件夹\mom.report.client\src\MyMod\crys_the_swarm_reborn.SC2Mod\原始mod\Mods\XM\XMFinal.SC2Mod\Base.SC2Data\GameData\AbilData.xml	skipped_existing
GaryStetmannRecall	CAbilEffectTarget	游戏数据/官方SC2原始文本镜像/mods/starcoop/commanders/egonstetmann.sc2mod/base.sc2data/gamedata/abildata.xml	D:\MyWork\新建文件夹\mom.report.client\src\MyMod\crys_the_swarm_reborn.SC2Mod\原始mod\Mods\XM\XMFinal.SC2Mod\Base.SC2Data\GameData\AbilData.xml	skipped_existing
GlevigDeepTunnel	CAbilEffectTarget	游戏数据/官方SC2原始文本镜像/mods/starcoop/starcoop.sc2mod/base.sc2data/gamedata/abildata.xml	D:\MyWork\新建文件夹\mom.report.client\src\MyMod\crys_the_swarm_reborn.SC2Mod\原始mod\Mods\XM\XMFinal.SC2Mod\Base.SC2Data\GameData\AbilData.xml	skipped_existing
GreaterNydusDestroyerDeepTunnel	CAbilEffectTarget	游戏数据/官方SC2原始文本镜像/mods/starcoop/starcoop.sc2mod/base.sc2data/gamedata/abildata.xml	D:\MyWork\新建文件夹\mom.report.client\src\MyMod\crys_the_swarm_reborn.SC2Mod\原始mod\Mods\XM\XMFinal.SC2Mod\Base.SC2Data\GameData\AbilData.xml	added_or_newer_duplicate
HHBomberAreaBomb	CAbilEffectTarget	游戏数据/官方SC2原始文本镜像/mods/starcoop/starcoop.sc2mod/base.sc2data/gamedata/abildata.xml	D:\MyWork\新建文件夹\mom.report.client\src\MyMod\crys_the_swarm_reborn.SC2Mod\原始mod\Mods\XM\XMFinal.SC2Mod\Base.SC2Data\GameData\AbilData.xml	added_or_newer_duplicate
HHBomberPlatformAreaBombTopBarDummyTimer	CAbilEffectTarget	游戏数据/官方SC2原始文本镜像/mods/starcoop/starcoop.sc2mod/base.sc2data/gamedata/abildata.xml	D:\MyWork\新建文件夹\mom.report.client\src\MyMod\crys_the_swarm_reborn.SC2Mod\原始mod\Mods\XM\XMFinal.SC2Mod\Base.SC2Data\GameData\AbilData.xml	added_or_newer_duplicate
HHBomberPlatformAreaBombTopBarOrder	CAbilEffectTarget	游戏数据/官方SC2原始文本镜像/mods/starcoop/starcoop.sc2mod/base.sc2data/gamedata/abildata.xml	D:\MyWork\新建文件夹\mom.report.client\src\MyMod\crys_the_swarm_reborn.SC2Mod\原始mod\Mods\XM\XMFinal.SC2Mod\Base.SC2Data\GameData\AbilData.xml	added_or_newer_duplicate
HHSummonMercenarySpaceStation	CAbilEffectTarget	游戏数据/官方SC2原始文本镜像/mods/starcoop/starcoop.sc2mod/base.sc2data/gamedata/abildata.xml	D:\MyWork\新建文件夹\mom.report.client\src\MyMod\crys_the_swarm_reborn.SC2Mod\原始mod\Mods\XM\XMFinal.SC2Mod\Base.SC2Data\GameData\AbilData.xml	added_or_newer_duplicate
HHTrainTopBar	CAbilBuild	游戏数据/官方SC2原始文本镜像/mods/starcoop/starcoop.sc2mod/base.sc2data/gamedata/abildata.xml	D:\MyWork\新建文件夹\mom.report.client\src\MyMod\crys_the_swarm_reborn.SC2Mod\原始mod\Mods\XM\XMFinal.SC2Mod\Base.SC2Data\GameData\AbilData.xml	added_or_newer_duplicate
HornerAirFleetActivate	CAbilBehavior	游戏数据/官方SC2原始文本镜像/mods/starcoop/starcoop.sc2mod/base.sc2data/gamedata/abildata.xml	D:\MyWork\新建文件夹\mom.report.client\src\MyMod\crys_the_swarm_reborn.SC2Mod\原始mod\Mods\XM\XMFinal.SC2Mod\Base.SC2Data\GameData\AbilData.xml	added_or_newer_duplicate
HornerAirFleetTargetingDummy	CAbilEffectTarget	游戏数据/官方SC2原始文本镜像/mods/starcoop/starcoop.sc2mod/base.sc2data/gamedata/abildata.xml	D:\MyWork\新建文件夹\mom.report.client\src\MyMod\crys_the_swarm_reborn.SC2Mod\原始mod\Mods\XM\XMFinal.SC2Mod\Base.SC2Data\GameData\AbilData.xml	added_or_newer_duplicate
HUGSOverloadStetmann	CAbilEffectTarget	游戏数据/官方SC2原始文本镜像/mods/starcoop/commanders/egonstetmann.sc2mod/base.sc2data/gamedata/abildata.xml	D:\MyWork\新建文件夹\mom.report.client\src\MyMod\crys_the_swarm_reborn.SC2Mod\原始mod\Mods\XM\XMFinal.SC2Mod\Base.SC2Data\GameData\AbilData.xml	added_or_newer_duplicate
HyperjumpNoVision	CAbilEffectTarget	游戏数据/官方SC2原始文本镜像/mods/starcoop/starcoop.sc2mod/base.sc2data/gamedata/abildata.xml	D:\MyWork\新建文件夹\mom.report.client\src\MyMod\crys_the_swarm_reborn.SC2Mod\原始mod\Mods\XM\XMFinal.SC2Mod\Base.SC2Data\GameData\AbilData.xml	skipped_existing
JUICEOverloadStetmann	CAbilEffectTarget	游戏数据/官方SC2原始文本镜像/mods/starcoop/commanders/egonstetmann.sc2mod/base.sc2data/gamedata/abildata.xml	D:\MyWork\新建文件夹\mom.report.client\src\MyMod\crys_the_swarm_reborn.SC2Mod\原始mod\Mods\XM\XMFinal.SC2Mod\Base.SC2Data\GameData\AbilData.xml	added_or_newer_duplicate
KarassFeedback	CAbilEffectTarget	游戏数据/官方SC2原始文本镜像/mods/starcoop/starcoop.sc2mod/base.sc2data/gamedata/commanders/futurecommanders.xml	D:\MyWork\新建文件夹\mom.report.client\src\MyMod\crys_the_swarm_reborn.SC2Mod\原始mod\Mods\XM\XMFinal.SC2Mod\Base.SC2Data\GameData\AbilData.xml	added_or_newer_duplicate
KarassPsiStorm	CAbilEffectTarget	游戏数据/官方SC2原始文本镜像/mods/starcoop/starcoop.sc2mod/base.sc2data/gamedata/commanders/futurecommanders.xml	D:\MyWork\新建文件夹\mom.report.client\src\MyMod\crys_the_swarm_reborn.SC2Mod\原始mod\Mods\XM\XMFinal.SC2Mod\Base.SC2Data\GameData\AbilData.xml	added_or_newer_duplicate
KerriganMaelstrom	CAbilEffectInstant	游戏数据/官方SC2原始文本镜像/mods/starcoop/starcoop.sc2mod/base.sc2data/gamedata/abildata.xml	D:\MyWork\新建文件夹\mom.report.client\src\MyMod\crys_the_swarm_reborn.SC2Mod\原始mod\Mods\XM\XMFinal.SC2Mod\Base.SC2Data\GameData\AbilData.xml	skipped_existing
KerriganVoidCoopCrushingGripWave	CAbilEffectInstant	游戏数据/官方SC2原始文本镜像/mods/starcoop/starcoop.sc2mod/base.sc2data/gamedata/abildata.xml	D:\MyWork\新建文件夹\mom.report.client\src\MyMod\crys_the_swarm_reborn.SC2Mod\原始mod\Mods\XM\XMFinal.SC2Mod\Base.SC2Data\GameData\AbilData.xml	skipped_existing
KerriganVoidCoopEconDrop	CAbilEffectInstant	游戏数据/官方SC2原始文本镜像/mods/starcoop/starcoop.sc2mod/base.sc2data/gamedata/abildata.xml	D:\MyWork\新建文件夹\mom.report.client\src\MyMod\crys_the_swarm_reborn.SC2Mod\原始mod\Mods\XM\XMFinal.SC2Mod\Base.SC2Data\GameData\AbilData.xml	skipped_existing
LarvaTrain	CAbilTrain	游戏数据/官方SC2原始文本镜像/mods/starcoop/starcoop.sc2mod/base.sc2data/gamedata/abildata.xml	D:\MyWork\新建文件夹\mom.report.client\src\MyMod\crys_the_swarm_reborn.SC2Mod\原始mod\Mods\XM\XMFinal.SC2Mod\Base.SC2Data\GameData\AbilData.xml	added_or_newer_duplicate
LarvaTrainSwarmling	CAbilTrain	游戏数据/官方SC2原始文本镜像/mods/starcoop/starcoop.sc2mod/base.sc2data/gamedata/abildata.xml	D:\MyWork\新建文件夹\mom.report.client\src\MyMod\crys_the_swarm_reborn.SC2Mod\原始mod\Mods\XM\XMFinal.SC2Mod\Base.SC2Data\GameData\AbilData.xml	added_or_newer_duplicate
MedivacMengskTransport	CAbilTransport	游戏数据/官方SC2原始文本镜像/mods/starcoop/commanders/arcturusmengsk.sc2mod/base.sc2data/gamedata/abildata.xml	D:\MyWork\新建文件夹\mom.report.client\src\MyMod\crys_the_swarm_reborn.SC2Mod\原始mod\Mods\XM\XMFinal.SC2Mod\Base.SC2Data\GameData\AbilData.xml	skipped_existing
MedivacTransportBlackOps	CAbilTransport	游戏数据/官方SC2原始文本镜像/mods/starcoop/starcoop.sc2mod/base.sc2data/gamedata/abildata.xml	D:\MyWork\新建文件夹\mom.report.client\src\MyMod\crys_the_swarm_reborn.SC2Mod\原始mod\Mods\XM\XMFinal.SC2Mod\Base.SC2Data\GameData\AbilData.xml	added_or_newer_duplicate
MengskZergCalldownLevel1	CAbilEffectTarget	游戏数据/官方SC2原始文本镜像/mods/starcoop/commanders/arcturusmengsk.sc2mod/base.sc2data/gamedata/abildata.xml	D:\MyWork\新建文件夹\mom.report.client\src\MyMod\crys_the_swarm_reborn.SC2Mod\原始mod\Mods\XM\XMFinal.SC2Mod\Base.SC2Data\GameData\AbilData.xml	added_or_newer_duplicate
MengskZergCalldownLevel2	CAbilEffectTarget	游戏数据/官方SC2原始文本镜像/mods/starcoop/commanders/arcturusmengsk.sc2mod/base.sc2data/gamedata/abildata.xml	D:\MyWork\新建文件夹\mom.report.client\src\MyMod\crys_the_swarm_reborn.SC2Mod\原始mod\Mods\XM\XMFinal.SC2Mod\Base.SC2Data\GameData\AbilData.xml	added_or_newer_duplicate
MengskZergCalldownLevel3	CAbilEffectTarget	游戏数据/官方SC2原始文本镜像/mods/starcoop/commanders/arcturusmengsk.sc2mod/base.sc2data/gamedata/abildata.xml	D:\MyWork\新建文件夹\mom.report.client\src\MyMod\crys_the_swarm_reborn.SC2Mod\原始mod\Mods\XM\XMFinal.SC2Mod\Base.SC2Data\GameData\AbilData.xml	added_or_newer_duplicate
MengskZergCalldownLevel4	CAbilEffectTarget	游戏数据/官方SC2原始文本镜像/mods/starcoop/commanders/arcturusmengsk.sc2mod/base.sc2data/gamedata/abildata.xml	D:\MyWork\新建文件夹\mom.report.client\src\MyMod\crys_the_swarm_reborn.SC2Mod\原始mod\Mods\XM\XMFinal.SC2Mod\Base.SC2Data\GameData\AbilData.xml	added_or_newer_duplicate
MindBolt	CAbilEffectTarget	游戏数据/官方SC2原始文本镜像/mods/starcoop/starcoop.sc2mod/base.sc2data/gamedata/abildata.xml	D:\MyWork\新建文件夹\mom.report.client\src\MyMod\crys_the_swarm_reborn.SC2Mod\原始mod\Mods\XM\XMFinal.SC2Mod\Base.SC2Data\GameData\AbilData.xml	skipped_existing
MorphToPowerTowerStetmannDeactivated	CAbilMorph	游戏数据/官方SC2原始文本镜像/mods/starcoop/commanders/egonstetmann.sc2mod/base.sc2data/gamedata/abildata.xml	D:\MyWork\新建文件夹\mom.report.client\src\MyMod\crys_the_swarm_reborn.SC2Mod\原始mod\Mods\XM\XMFinal.SC2Mod\Base.SC2Data\GameData\AbilData.xml	added_or_newer_duplicate
move	CAbilMove	游戏数据/官方SC2原始文本镜像/mods/starcoop/starcoop.sc2mod/base.sc2data/gamedata/abildata.xml	D:\MyWork\新建文件夹\mom.report.client\src\MyMod\crys_the_swarm_reborn.SC2Mod\原始mod\Mods\XM\XMFinal.SC2Mod\Base.SC2Data\GameData\AbilData.xml	added_or_newer_duplicate
NovaCoopCasterNuke	CAbilEffectTarget	游戏数据/官方SC2原始文本镜像/mods/starcoop/starcoop.sc2mod/base.sc2data/gamedata/abildata.xml	D:\MyWork\新建文件夹\mom.report.client\src\MyMod\crys_the_swarm_reborn.SC2Mod\原始mod\Mods\XM\XMFinal.SC2Mod\Base.SC2Data\GameData\AbilData.xml	added_or_newer_duplicate
NovaCoopCasterStunGrenadeInstant	CAbilEffectInstant	游戏数据/官方SC2原始文本镜像/mods/starcoop/starcoop.sc2mod/base.sc2data/gamedata/abildata.xml	D:\MyWork\新建文件夹\mom.report.client\src\MyMod\crys_the_swarm_reborn.SC2Mod\原始mod\Mods\XM\XMFinal.SC2Mod\Base.SC2Data\GameData\AbilData.xml	added_or_newer_duplicate
NovaCoopCasterSummonOdin	CAbilEffectTarget	游戏数据/官方SC2原始文本镜像/mods/starcoop/starcoop.sc2mod/base.sc2data/gamedata/abildata.xml	D:\MyWork\新建文件夹\mom.report.client\src\MyMod\crys_the_swarm_reborn.SC2Mod\原始mod\Mods\XM\XMFinal.SC2Mod\Base.SC2Data\GameData\AbilData.xml	added_or_newer_duplicate
NovaCoopDecoyTarget	CAbilEffectTarget	游戏数据/官方SC2原始文本镜像/mods/starcoop/starcoop.sc2mod/base.sc2data/gamedata/abildata.xml	D:\MyWork\新建文件夹\mom.report.client\src\MyMod\crys_the_swarm_reborn.SC2Mod\原始mod\Mods\XM\XMFinal.SC2Mod\Base.SC2Data\GameData\AbilData.xml	added_or_newer_duplicate
NovaDefensiveMatrixDrone	CAbilEffectTarget	游戏数据/官方SC2原始文本镜像/mods/starcoop/starcoop.sc2mod/base.sc2data/gamedata/abildata.xml	D:\MyWork\新建文件夹\mom.report.client\src\MyMod\crys_the_swarm_reborn.SC2Mod\原始mod\Mods\XM\XMFinal.SC2Mod\Base.SC2Data\GameData\AbilData.xml	added_or_newer_duplicate
NovaGadgetPulseGrenades	CAbilEffectTarget	游戏数据/官方SC2原始文本镜像/mods/starcoop/starcoop.sc2mod/base.sc2data/gamedata/abildata.xml	D:\MyWork\新建文件夹\mom.report.client\src\MyMod\crys_the_swarm_reborn.SC2Mod\原始mod\Mods\XM\XMFinal.SC2Mod\Base.SC2Data\GameData\AbilData.xml	added_or_newer_duplicate
NovaGriffinBombingRunActivate	CAbilBehavior	游戏数据/官方SC2原始文本镜像/mods/starcoop/starcoop.sc2mod/base.sc2data/gamedata/abildata.xml	D:\MyWork\新建文件夹\mom.report.client\src\MyMod\crys_the_swarm_reborn.SC2Mod\原始mod\Mods\XM\XMFinal.SC2Mod\Base.SC2Data\GameData\AbilData.xml	added_or_newer_duplicate
NovaGriffinBombingRunExecute	CAbilEffectTarget	游戏数据/官方SC2原始文本镜像/mods/starcoop/starcoop.sc2mod/base.sc2data/gamedata/abildata.xml	D:\MyWork\新建文件夹\mom.report.client\src\MyMod\crys_the_swarm_reborn.SC2Mod\原始mod\Mods\XM\XMFinal.SC2Mod\Base.SC2Data\GameData\AbilData.xml	added_or_newer_duplicate
NovaGriffinBombingRunTargetingDummy	CAbilEffectTarget	游戏数据/官方SC2原始文本镜像/mods/starcoop/starcoop.sc2mod/base.sc2data/gamedata/abildata.xml	D:\MyWork\新建文件夹\mom.report.client\src\MyMod\crys_the_swarm_reborn.SC2Mod\原始mod\Mods\XM\XMFinal.SC2Mod\Base.SC2Data\GameData\AbilData.xml	added_or_newer_duplicate
NovaGriffinTransportLoadUnits	CAbilEffectTarget	游戏数据/官方SC2原始文本镜像/mods/starcoop/starcoop.sc2mod/base.sc2data/gamedata/abildata.xml	D:\MyWork\新建文件夹\mom.report.client\src\MyMod\crys_the_swarm_reborn.SC2Mod\原始mod\Mods\XM\XMFinal.SC2Mod\Base.SC2Data\GameData\AbilData.xml	added_or_newer_duplicate
NovaOdinAnnihilate	CAbilEffectTarget	游戏数据/官方SC2原始文本镜像/mods/starcoop/starcoop.sc2mod/base.sc2data/gamedata/abildata.xml	D:\MyWork\新建文件夹\mom.report.client\src\MyMod\crys_the_swarm_reborn.SC2Mod\原始mod\Mods\XM\XMFinal.SC2Mod\Base.SC2Data\GameData\AbilData.xml	added_or_newer_duplicate
NovaPsiStrike	CAbilEffectTarget	游戏数据/官方SC2原始文本镜像/mods/starcoop/starcoop.sc2mod/base.sc2data/gamedata/abildata.xml	D:\MyWork\新建文件夹\mom.report.client\src\MyMod\crys_the_swarm_reborn.SC2Mod\原始mod\Mods\XM\XMFinal.SC2Mod\Base.SC2Data\GameData\AbilData.xml	added_or_newer_duplicate
NovaReviveInstantBuyback	CAbilEffectTarget	游戏数据/官方SC2原始文本镜像/mods/starcoop/starcoop.sc2mod/base.sc2data/gamedata/abildata.xml	D:\MyWork\新建文件夹\mom.report.client\src\MyMod\crys_the_swarm_reborn.SC2Mod\原始mod\Mods\XM\XMFinal.SC2Mod\Base.SC2Data\GameData\AbilData.xml	added_or_newer_duplicate
NovaStunDrone	CAbilEffectTarget	游戏数据/官方SC2原始文本镜像/mods/starcoop/starcoop.sc2mod/base.sc2data/gamedata/abildata.xml	D:\MyWork\新建文件夹\mom.report.client\src\MyMod\crys_the_swarm_reborn.SC2Mod\原始mod\Mods\XM\XMFinal.SC2Mod\Base.SC2Data\GameData\AbilData.xml	added_or_newer_duplicate
NuclearAnnihilationMengsk	CAbilEffectTarget	游戏数据/官方SC2原始文本镜像/mods/starcoop/commanders/arcturusmengsk.sc2mod/base.sc2data/gamedata/abildata.xml	D:\MyWork\新建文件夹\mom.report.client\src\MyMod\crys_the_swarm_reborn.SC2Mod\原始mod\Mods\XM\XMFinal.SC2Mod\Base.SC2Data\GameData\AbilData.xml	added_or_newer_duplicate
OdinBarrage	CAbilEffectTarget	游戏数据/官方SC2原始文本镜像/mods/starcoop/starcoop.sc2mod/base.sc2data/gamedata/abildata.xml	D:\MyWork\新建文件夹\mom.report.client\src\MyMod\crys_the_swarm_reborn.SC2Mod\原始mod\Mods\XM\XMFinal.SC2Mod\Base.SC2Data\GameData\AbilData.xml	added_or_newer_duplicate
OdinCoopDashAttack	CAbilEffectTarget	游戏数据/官方SC2原始文本镜像/mods/starcoop/starcoop.sc2mod/base.sc2data/gamedata/abildata.xml	D:\MyWork\新建文件夹\mom.report.client\src\MyMod\crys_the_swarm_reborn.SC2Mod\原始mod\Mods\XM\XMFinal.SC2Mod\Base.SC2Data\GameData\AbilData.xml	added_or_newer_duplicate
OdinMKIIBarrage	CAbilEffectTarget	游戏数据/官方SC2原始文本镜像/mods/starcoop/starcoop.sc2mod/base.sc2data/gamedata/abildata.xml	D:\MyWork\新建文件夹\mom.report.client\src\MyMod\crys_the_swarm_reborn.SC2Mod\原始mod\Mods\XM\XMFinal.SC2Mod\Base.SC2Data\GameData\AbilData.xml	added_or_newer_duplicate
OdinMKIIWreckage	CAbilMorph	游戏数据/官方SC2原始文本镜像/mods/starcoop/starcoop.sc2mod/base.sc2data/gamedata/abildata.xml	D:\MyWork\新建文件夹\mom.report.client\src\MyMod\crys_the_swarm_reborn.SC2Mod\原始mod\Mods\XM\XMFinal.SC2Mod\Base.SC2Data\GameData\AbilData.xml	added_or_newer_duplicate
PhotonOverchargeMorphDarkPylon	CAbilMorph	游戏数据/官方SC2原始文本镜像/mods/starcoop/starcoop.sc2mod/base.sc2data/gamedata/abildata.xml	D:\MyWork\新建文件夹\mom.report.client\src\MyMod\crys_the_swarm_reborn.SC2Mod\原始mod\Mods\XM\XMFinal.SC2Mod\Base.SC2Data\GameData\AbilData.xml	added_or_newer_duplicate
PowerFieldEnergyRegenerationOn	CAbilEffectInstant	游戏数据/官方SC2原始文本镜像/mods/starcoop/commanders/egonstetmann.sc2mod/base.sc2data/gamedata/abildata.xml	D:\MyWork\新建文件夹\mom.report.client\src\MyMod\crys_the_swarm_reborn.SC2Mod\原始mod\Mods\XM\XMFinal.SC2Mod\Base.SC2Data\GameData\AbilData.xml	added_or_newer_duplicate
PowerFieldHPRegenerationOn	CAbilEffectInstant	游戏数据/官方SC2原始文本镜像/mods/starcoop/commanders/egonstetmann.sc2mod/base.sc2data/gamedata/abildata.xml	D:\MyWork\新建文件夹\mom.report.client\src\MyMod\crys_the_swarm_reborn.SC2Mod\原始mod\Mods\XM\XMFinal.SC2Mod\Base.SC2Data\GameData\AbilData.xml	added_or_newer_duplicate
PowerFieldMovementSpeedOn	CAbilEffectInstant	游戏数据/官方SC2原始文本镜像/mods/starcoop/commanders/egonstetmann.sc2mod/base.sc2data/gamedata/abildata.xml	D:\MyWork\新建文件夹\mom.report.client\src\MyMod\crys_the_swarm_reborn.SC2Mod\原始mod\Mods\XM\XMFinal.SC2Mod\Base.SC2Data\GameData\AbilData.xml	added_or_newer_duplicate
PowerFieldSuperGaryStetmannEnergy	CAbilEffectInstant	游戏数据/官方SC2原始文本镜像/mods/starcoop/commanders/egonstetmann.sc2mod/base.sc2data/gamedata/abildata.xml	D:\MyWork\新建文件夹\mom.report.client\src\MyMod\crys_the_swarm_reborn.SC2Mod\原始mod\Mods\XM\XMFinal.SC2Mod\Base.SC2Data\GameData\AbilData.xml	skipped_existing
PowerFieldSuperGaryStetmannHealth	CAbilEffectInstant	游戏数据/官方SC2原始文本镜像/mods/starcoop/commanders/egonstetmann.sc2mod/base.sc2data/gamedata/abildata.xml	D:\MyWork\新建文件夹\mom.report.client\src\MyMod\crys_the_swarm_reborn.SC2Mod\原始mod\Mods\XM\XMFinal.SC2Mod\Base.SC2Data\GameData\AbilData.xml	added_or_newer_duplicate
PowerFieldSuperGaryStetmannSpeed	CAbilEffectInstant	游戏数据/官方SC2原始文本镜像/mods/starcoop/commanders/egonstetmann.sc2mod/base.sc2data/gamedata/abildata.xml	D:\MyWork\新建文件夹\mom.report.client\src\MyMod\crys_the_swarm_reborn.SC2Mod\原始mod\Mods\XM\XMFinal.SC2Mod\Base.SC2Data\GameData\AbilData.xml	added_or_newer_duplicate
PrimalHeal	CAbilEffectInstant	游戏数据/官方SC2原始文本镜像/mods/starcoop/starcoop.sc2mod/base.sc2data/gamedata/abildata.xml	D:\MyWork\新建文件夹\mom.report.client\src\MyMod\crys_the_swarm_reborn.SC2Mod\原始mod\Mods\XM\XMFinal.SC2Mod\Base.SC2Data\GameData\AbilData.xml	skipped_existing
PrimalSlash	CAbilEffectTarget	游戏数据/官方SC2原始文本镜像/mods/starcoop/starcoop.sc2mod/base.sc2data/gamedata/abildata.xml	D:\MyWork\新建文件夹\mom.report.client\src\MyMod\crys_the_swarm_reborn.SC2Mod\原始mod\Mods\XM\XMFinal.SC2Mod\Base.SC2Data\GameData\AbilData.xml	skipped_existing
PsionicLift	CAbilEffectTarget	游戏数据/官方SC2原始文本镜像/mods/starcoop/starcoop.sc2mod/base.sc2data/gamedata/abildata.xml	D:\MyWork\新建文件夹\mom.report.client\src\MyMod\crys_the_swarm_reborn.SC2Mod\原始mod\Mods\XM\XMFinal.SC2Mod\Base.SC2Data\GameData\AbilData.xml	skipped_existing
PsiStorm	CAbilEffectTarget	游戏数据/官方SC2原始文本镜像/mods/starcoop/starcoop.sc2mod/base.sc2data/gamedata/abildata.xml	D:\MyWork\新建文件夹\mom.report.client\src\MyMod\crys_the_swarm_reborn.SC2Mod\原始mod\Mods\XM\XMFinal.SC2Mod\Base.SC2Data\GameData\AbilData.xml	skipped_existing
PsiStrikeWalk	CAbilEffectTarget	游戏数据/官方SC2原始文本镜像/mods/starcoop/starcoop.sc2mod/base.sc2data/gamedata/abildata.xml	D:\MyWork\新建文件夹\mom.report.client\src\MyMod\crys_the_swarm_reborn.SC2Mod\原始mod\Mods\XM\XMFinal.SC2Mod\Base.SC2Data\GameData\AbilData.xml	skipped_existing
que5	CAbilQueue	游戏数据/官方SC2原始文本镜像/mods/starcoop/starcoop.sc2mod/base.sc2data/gamedata/abildata.xml	D:\MyWork\新建文件夹\mom.report.client\src\MyMod\crys_the_swarm_reborn.SC2Mod\原始mod\Mods\XM\XMFinal.SC2Mod\Base.SC2Data\GameData\AbilData.xml	added_or_newer_duplicate
que5notPassive	CAbilQueue	游戏数据/官方SC2原始文本镜像/mods/starcoop/starcoop.sc2mod/base.sc2data/gamedata/abildata.xml	D:\MyWork\新建文件夹\mom.report.client\src\MyMod\crys_the_swarm_reborn.SC2Mod\原始mod\Mods\XM\XMFinal.SC2Mod\Base.SC2Data\GameData\AbilData.xml	added_or_newer_duplicate
Queue1Passive	CAbilQueue	游戏数据/官方SC2原始文本镜像/mods/starcoop/starcoop.sc2mod/base.sc2data/gamedata/abildata.xml	D:\MyWork\新建文件夹\mom.report.client\src\MyMod\crys_the_swarm_reborn.SC2Mod\原始mod\Mods\XM\XMFinal.SC2Mod\Base.SC2Data\GameData\AbilData.xml	added_or_newer_duplicate
Rally	CAbilRally	游戏数据/官方SC2原始文本镜像/mods/starcoop/starcoop.sc2mod/base.sc2data/gamedata/abildata.xml	D:\MyWork\新建文件夹\mom.report.client\src\MyMod\crys_the_swarm_reborn.SC2Mod\原始mod\Mods\XM\XMFinal.SC2Mod\Base.SC2Data\GameData\AbilData.xml	added_or_newer_duplicate
RallyHatcheryStetmann	CAbilRally	游戏数据/官方SC2原始文本镜像/mods/starcoop/commanders/egonstetmann.sc2mod/base.sc2data/gamedata/abildata.xml	D:\MyWork\新建文件夹\mom.report.client\src\MyMod\crys_the_swarm_reborn.SC2Mod\原始mod\Mods\XM\XMFinal.SC2Mod\Base.SC2Data\GameData\AbilData.xml	added_or_newer_duplicate
RallyZeratulTopBar	CAbilRally	游戏数据/官方SC2原始文本镜像/mods/starcoop/starcoop.sc2mod/base.sc2data/gamedata/commanders/futurecommanders.xml	D:\MyWork\新建文件夹\mom.report.client\src\MyMod\crys_the_swarm_reborn.SC2Mod\原始mod\Mods\XM\XMFinal.SC2Mod\Base.SC2Data\GameData\AbilData.xml	added_or_newer_duplicate
RallyZeratulTopBarRedirect	CAbilRally	游戏数据/官方SC2原始文本镜像/mods/starcoop/starcoop.sc2mod/base.sc2data/gamedata/commanders/futurecommanders.xml	D:\MyWork\新建文件夹\mom.report.client\src\MyMod\crys_the_swarm_reborn.SC2Mod\原始mod\Mods\XM\XMFinal.SC2Mod\Base.SC2Data\GameData\AbilData.xml	added_or_newer_duplicate
ResearchHatcheryStetmann	CAbilResearch	游戏数据/官方SC2原始文本镜像/mods/starcoop/commanders/egonstetmann.sc2mod/base.sc2data/gamedata/abildata.xml	D:\MyWork\新建文件夹\mom.report.client\src\MyMod\crys_the_swarm_reborn.SC2Mod\原始mod\Mods\XM\XMFinal.SC2Mod\Base.SC2Data\GameData\AbilData.xml	added_or_newer_duplicate
SCVMengskEnlistNearby	CAbilEffectInstant	游戏数据/官方SC2原始文本镜像/mods/starcoop/commanders/arcturusmengsk.sc2mod/base.sc2data/gamedata/abildata.xml	D:\MyWork\新建文件夹\mom.report.client\src\MyMod\crys_the_swarm_reborn.SC2Mod\原始mod\Mods\XM\XMFinal.SC2Mod\Base.SC2Data\GameData\AbilData.xml	added_or_newer_duplicate
SIClusterRockets	CAbilEffectTarget	游戏数据/官方SC2原始文本镜像/mods/starcoop/starcoop.sc2mod/base.sc2data/gamedata/abildata.xml	D:\MyWork\新建文件夹\mom.report.client\src\MyMod\crys_the_swarm_reborn.SC2Mod\原始mod\Mods\XM\XMFinal.SC2Mod\Base.SC2Data\GameData\AbilData.xml	added_or_newer_duplicate
SIStukovInfestStructure	CAbilEffectTarget	游戏数据/官方SC2原始文本镜像/mods/starcoop/starcoop.sc2mod/base.sc2data/gamedata/abildata.xml	D:\MyWork\新建文件夹\mom.report.client\src\MyMod\crys_the_swarm_reborn.SC2Mod\原始mod\Mods\XM\XMFinal.SC2Mod\Base.SC2Data\GameData\AbilData.xml	added_or_newer_duplicate
SIStukovInfestStructureUpgraded	CAbilEffectTarget	游戏数据/官方SC2原始文本镜像/mods/starcoop/starcoop.sc2mod/base.sc2data/gamedata/abildata.xml	D:\MyWork\新建文件夹\mom.report.client\src\MyMod\crys_the_swarm_reborn.SC2Mod\原始mod\Mods\XM\XMFinal.SC2Mod\Base.SC2Data\GameData\AbilData.xml	added_or_newer_duplicate
SIStukovPlaceHordeRally	CAbilEffectTarget	游戏数据/官方SC2原始文本镜像/mods/starcoop/starcoop.sc2mod/base.sc2data/gamedata/abildata.xml	D:\MyWork\新建文件夹\mom.report.client\src\MyMod\crys_the_swarm_reborn.SC2Mod\原始mod\Mods\XM\XMFinal.SC2Mod\Base.SC2Data\GameData\AbilData.xml	added_or_newer_duplicate
SOADarkPylon	CAbilBuild	游戏数据/官方SC2原始文本镜像/mods/starcoop/starcoop.sc2mod/base.sc2data/gamedata/abildata.xml	D:\MyWork\新建文件夹\mom.report.client\src\MyMod\crys_the_swarm_reborn.SC2Mod\原始mod\Mods\XM\XMFinal.SC2Mod\Base.SC2Data\GameData\AbilData.xml	skipped_existing
SOAMapWideChrono	CAbilEffectInstant	游戏数据/官方SC2原始文本镜像/mods/starcoop/starcoop.sc2mod/base.sc2data/gamedata/abildata.xml	D:\MyWork\新建文件夹\mom.report.client\src\MyMod\crys_the_swarm_reborn.SC2Mod\原始mod\Mods\XM\XMFinal.SC2Mod\Base.SC2Data\GameData\AbilData.xml	skipped_existing
SOAMothershipLineAttack	CAbilEffectTarget	游戏数据/官方SC2原始文本镜像/mods/starcoop/starcoop.sc2mod/base.sc2data/gamedata/abildata.xml	D:\MyWork\新建文件夹\mom.report.client\src\MyMod\crys_the_swarm_reborn.SC2Mod\原始mod\Mods\XM\XMFinal.SC2Mod\Base.SC2Data\GameData\AbilData.xml	added_or_newer_duplicate
SOAOrbitalStrikeKarax	CAbilEffectTarget	游戏数据/官方SC2原始文本镜像/mods/starcoop/starcoop.sc2mod/base.sc2data/gamedata/abildata.xml	D:\MyWork\新建文件夹\mom.report.client\src\MyMod\crys_the_swarm_reborn.SC2Mod\原始mod\Mods\XM\XMFinal.SC2Mod\Base.SC2Data\GameData\AbilData.xml	skipped_existing
SOAPurifierBeam	CAbilEffectTarget	游戏数据/官方SC2原始文本镜像/mods/starcoop/starcoop.sc2mod/base.sc2data/gamedata/abildata.xml	D:\MyWork\新建文件夹\mom.report.client\src\MyMod\crys_the_swarm_reborn.SC2Mod\原始mod\Mods\XM\XMFinal.SC2Mod\Base.SC2Data\GameData\AbilData.xml	skipped_existing
SOAPylonPower	CAbilEffectTarget	游戏数据/官方SC2原始文本镜像/mods/starcoop/starcoop.sc2mod/base.sc2data/gamedata/abildata.xml	D:\MyWork\新建文件夹\mom.report.client\src\MyMod\crys_the_swarm_reborn.SC2Mod\原始mod\Mods\XM\XMFinal.SC2Mod\Base.SC2Data\GameData\AbilData.xml	skipped_existing
SOARepairBeam	CAbilEffectTarget	游戏数据/官方SC2原始文本镜像/mods/starcoop/starcoop.sc2mod/base.sc2data/gamedata/abildata.xml	D:\MyWork\新建文件夹\mom.report.client\src\MyMod\crys_the_swarm_reborn.SC2Mod\原始mod\Mods\XM\XMFinal.SC2Mod\Base.SC2Data\GameData\AbilData.xml	skipped_existing
SOAShadowGuardCalldown	CAbilEffectTarget	游戏数据/官方SC2原始文本镜像/mods/starcoop/starcoop.sc2mod/base.sc2data/gamedata/abildata.xml	D:\MyWork\新建文件夹\mom.report.client\src\MyMod\crys_the_swarm_reborn.SC2Mod\原始mod\Mods\XM\XMFinal.SC2Mod\Base.SC2Data\GameData\AbilData.xml	skipped_existing
SOAStrafeAttackActivate	CAbilBehavior	游戏数据/官方SC2原始文本镜像/mods/starcoop/starcoop.sc2mod/base.sc2data/gamedata/abildata.xml	D:\MyWork\新建文件夹\mom.report.client\src\MyMod\crys_the_swarm_reborn.SC2Mod\原始mod\Mods\XM\XMFinal.SC2Mod\Base.SC2Data\GameData\AbilData.xml	skipped_existing
SOASummonFenix	CAbilEffectTarget	游戏数据/官方SC2原始文本镜像/mods/starcoop/starcoop.sc2mod/base.sc2data/gamedata/abildata.xml	D:\MyWork\新建文件夹\mom.report.client\src\MyMod\crys_the_swarm_reborn.SC2Mod\原始mod\Mods\XM\XMFinal.SC2Mod\Base.SC2Data\GameData\AbilData.xml	skipped_existing
SOASummonFenixArbiter	CAbilEffectTarget	游戏数据/官方SC2原始文本镜像/mods/starcoop/starcoop.sc2mod/base.sc2data/gamedata/abildata.xml	D:\MyWork\新建文件夹\mom.report.client\src\MyMod\crys_the_swarm_reborn.SC2Mod\原始mod\Mods\XM\XMFinal.SC2Mod\Base.SC2Data\GameData\AbilData.xml	skipped_existing
SOASummonFenixDragoon	CAbilEffectTarget	游戏数据/官方SC2原始文本镜像/mods/starcoop/starcoop.sc2mod/base.sc2data/gamedata/abildata.xml	D:\MyWork\新建文件夹\mom.report.client\src\MyMod\crys_the_swarm_reborn.SC2Mod\原始mod\Mods\XM\XMFinal.SC2Mod\Base.SC2Data\GameData\AbilData.xml	skipped_existing
SOASuperChrono	CAbilEffectTarget	游戏数据/官方SC2原始文本镜像/mods/starcoop/starcoop.sc2mod/base.sc2data/gamedata/abildata.xml	D:\MyWork\新建文件夹\mom.report.client\src\MyMod\crys_the_swarm_reborn.SC2Mod\原始mod\Mods\XM\XMFinal.SC2Mod\Base.SC2Data\GameData\AbilData.xml	skipped_existing
SOASuperChronoMapwide	CAbilEffectInstant	游戏数据/官方SC2原始文本镜像/mods/starcoop/starcoop.sc2mod/base.sc2data/gamedata/abildata.xml	D:\MyWork\新建文件夹\mom.report.client\src\MyMod\crys_the_swarm_reborn.SC2Mod\原始mod\Mods\XM\XMFinal.SC2Mod\Base.SC2Data\GameData\AbilData.xml	skipped_existing
SOAThermalLanceActivate	CAbilBehavior	游戏数据/官方SC2原始文本镜像/mods/starcoop/starcoop.sc2mod/base.sc2data/gamedata/abildata.xml	D:\MyWork\新建文件夹\mom.report.client\src\MyMod\crys_the_swarm_reborn.SC2Mod\原始mod\Mods\XM\XMFinal.SC2Mod\Base.SC2Data\GameData\AbilData.xml	skipped_existing
SOAThermalLanceExecute	CAbilEffectTarget	游戏数据/官方SC2原始文本镜像/mods/starcoop/starcoop.sc2mod/base.sc2data/gamedata/abildata.xml	D:\MyWork\新建文件夹\mom.report.client\src\MyMod\crys_the_swarm_reborn.SC2Mod\原始mod\Mods\XM\XMFinal.SC2Mod\Base.SC2Data\GameData\AbilData.xml	skipped_existing
SpawnToxicNest	CAbilBuild	游戏数据/官方SC2原始文本镜像/mods/starcoop/starcoop.sc2mod/base.sc2data/gamedata/abildata.xml	D:\MyWork\新建文件夹\mom.report.client\src\MyMod\crys_the_swarm_reborn.SC2Mod\原始mod\Mods\XM\XMFinal.SC2Mod\Base.SC2Data\GameData\AbilData.xml	added_or_newer_duplicate
SpecialDelivery	CAbilEffectTarget	游戏数据/官方SC2原始文本镜像/mods/starcoop/starcoop.sc2mod/base.sc2data/gamedata/abildata.xml	D:\MyWork\新建文件夹\mom.report.client\src\MyMod\crys_the_swarm_reborn.SC2Mod\原始mod\Mods\XM\XMFinal.SC2Mod\Base.SC2Data\GameData\AbilData.xml	added_or_newer_duplicate
StukovAleksanderCrashed	CAbilMorph	游戏数据/官方SC2原始文本镜像/mods/starcoop/starcoop.sc2mod/base.sc2data/gamedata/abildata.xml	D:\MyWork\新建文件夹\mom.report.client\src\MyMod\crys_the_swarm_reborn.SC2Mod\原始mod\Mods\XM\XMFinal.SC2Mod\Base.SC2Data\GameData\AbilData.xml	added_or_newer_duplicate
StukovAleksanderCrashedInstant	CAbilEffectInstant	游戏数据/官方SC2原始文本镜像/mods/starcoop/starcoop.sc2mod/base.sc2data/gamedata/abildata.xml	D:\MyWork\新建文件夹\mom.report.client\src\MyMod\crys_the_swarm_reborn.SC2Mod\原始mod\Mods\XM\XMFinal.SC2Mod\Base.SC2Data\GameData\AbilData.xml	added_or_newer_duplicate
StukovSummonAleksander	CAbilEffectTarget	游戏数据/官方SC2原始文本镜像/mods/starcoop/starcoop.sc2mod/base.sc2data/gamedata/abildata.xml	D:\MyWork\新建文件夹\mom.report.client\src\MyMod\crys_the_swarm_reborn.SC2Mod\原始mod\Mods\XM\XMFinal.SC2Mod\Base.SC2Data\GameData\AbilData.xml	added_or_newer_duplicate
StukovSummonApocalisk	CAbilEffectTarget	游戏数据/官方SC2原始文本镜像/mods/starcoop/starcoop.sc2mod/base.sc2data/gamedata/abildata.xml	D:\MyWork\新建文件夹\mom.report.client\src\MyMod\crys_the_swarm_reborn.SC2Mod\原始mod\Mods\XM\XMFinal.SC2Mod\Base.SC2Data\GameData\AbilData.xml	added_or_newer_duplicate
SuperGaryStetmannOrb	CAbilEffectTarget	游戏数据/官方SC2原始文本镜像/mods/starcoop/commanders/egonstetmann.sc2mod/base.sc2data/gamedata/abildata.xml	D:\MyWork\新建文件夹\mom.report.client\src\MyMod\crys_the_swarm_reborn.SC2Mod\原始mod\Mods\XM\XMFinal.SC2Mod\Base.SC2Data\GameData\AbilData.xml	skipped_existing
SuperGaryStetmannPowerTowerOverchargeEnergy	CAbilEffectTarget	游戏数据/官方SC2原始文本镜像/mods/starcoop/commanders/egonstetmann.sc2mod/base.sc2data/gamedata/abildata.xml	D:\MyWork\新建文件夹\mom.report.client\src\MyMod\crys_the_swarm_reborn.SC2Mod\原始mod\Mods\XM\XMFinal.SC2Mod\Base.SC2Data\GameData\AbilData.xml	skipped_existing
SuperGaryStetmannPowerTowerOverchargeHealth	CAbilEffectTarget	游戏数据/官方SC2原始文本镜像/mods/starcoop/commanders/egonstetmann.sc2mod/base.sc2data/gamedata/abildata.xml	D:\MyWork\新建文件夹\mom.report.client\src\MyMod\crys_the_swarm_reborn.SC2Mod\原始mod\Mods\XM\XMFinal.SC2Mod\Base.SC2Data\GameData\AbilData.xml	added_or_newer_duplicate
SuperGaryStetmannPowerTowerOverchargeSpeed	CAbilEffectTarget	游戏数据/官方SC2原始文本镜像/mods/starcoop/commanders/egonstetmann.sc2mod/base.sc2data/gamedata/abildata.xml	D:\MyWork\新建文件夹\mom.report.client\src\MyMod\crys_the_swarm_reborn.SC2Mod\原始mod\Mods\XM\XMFinal.SC2Mod\Base.SC2Data\GameData\AbilData.xml	added_or_newer_duplicate
SuperGaryStetmannRecall	CAbilEffectTarget	游戏数据/官方SC2原始文本镜像/mods/starcoop/commanders/egonstetmann.sc2mod/base.sc2data/gamedata/abildata.xml	D:\MyWork\新建文件夹\mom.report.client\src\MyMod\crys_the_swarm_reborn.SC2Mod\原始mod\Mods\XM\XMFinal.SC2Mod\Base.SC2Data\GameData\AbilData.xml	skipped_existing
SuperShieldStetmann	CAbilEffectInstant	游戏数据/官方SC2原始文本镜像/mods/starcoop/commanders/egonstetmann.sc2mod/base.sc2data/gamedata/abildata.xml	D:\MyWork\新建文件夹\mom.report.client\src\MyMod\crys_the_swarm_reborn.SC2Mod\原始mod\Mods\XM\XMFinal.SC2Mod\Base.SC2Data\GameData\AbilData.xml	added_or_newer_duplicate
TrooperMengskEnlistNearby	CAbilEffectInstant	游戏数据/官方SC2原始文本镜像/mods/starcoop/commanders/arcturusmengsk.sc2mod/base.sc2data/gamedata/abildata.xml	D:\MyWork\新建文件夹\mom.report.client\src\MyMod\crys_the_swarm_reborn.SC2Mod\原始mod\Mods\XM\XMFinal.SC2Mod\Base.SC2Data\GameData\AbilData.xml	added_or_newer_duplicate
TychusBarracksTrain	CAbilTrain	游戏数据/官方SC2原始文本镜像/mods/starcoop/starcoop.sc2mod/base.sc2data/gamedata/commanders/commandertychus.xml	D:\MyWork\新建文件夹\mom.report.client\src\MyMod\crys_the_swarm_reborn.SC2Mod\原始mod\Mods\XM\XMFinal.SC2Mod\Base.SC2Data\GameData\AbilData.xml	added_or_newer_duplicate
TychusCalldownOdin	CAbilEffectInstant	游戏数据/官方SC2原始文本镜像/mods/starcoop/starcoop.sc2mod/base.sc2data/gamedata/commanders/commandertychus.xml	D:\MyWork\新建文件夹\mom.report.client\src\MyMod\crys_the_swarm_reborn.SC2Mod\原始mod\Mods\XM\XMFinal.SC2Mod\Base.SC2Data\GameData\AbilData.xml	added_or_newer_duplicate
TychusCalldownOdinTargeted	CAbilEffectTarget	游戏数据/官方SC2原始文本镜像/mods/starcoop/starcoop.sc2mod/base.sc2data/gamedata/commanders/commandertychus.xml	D:\MyWork\新建文件夹\mom.report.client\src\MyMod\crys_the_swarm_reborn.SC2Mod\原始mod\Mods\XM\XMFinal.SC2Mod\Base.SC2Data\GameData\AbilData.xml	added_or_newer_duplicate
TychusHeroCommonAbil1	CAbilEffectInstant	游戏数据/官方SC2原始文本镜像/mods/starcoop/starcoop.sc2mod/base.sc2data/gamedata/commanders/commandertychus.xml	D:\MyWork\新建文件夹\mom.report.client\src\MyMod\crys_the_swarm_reborn.SC2Mod\原始mod\Mods\XM\XMFinal.SC2Mod\Base.SC2Data\GameData\AbilData.xml	added_or_newer_duplicate
TychusHeroCommonAbil2	CAbilEffectInstant	游戏数据/官方SC2原始文本镜像/mods/starcoop/starcoop.sc2mod/base.sc2data/gamedata/commanders/commandertychus.xml	D:\MyWork\新建文件夹\mom.report.client\src\MyMod\crys_the_swarm_reborn.SC2Mod\原始mod\Mods\XM\XMFinal.SC2Mod\Base.SC2Data\GameData\AbilData.xml	skipped_existing
TychusHeroCommonAbil3	CAbilEffectInstant	游戏数据/官方SC2原始文本镜像/mods/starcoop/starcoop.sc2mod/base.sc2data/gamedata/commanders/commandertychus.xml	D:\MyWork\新建文件夹\mom.report.client\src\MyMod\crys_the_swarm_reborn.SC2Mod\原始mod\Mods\XM\XMFinal.SC2Mod\Base.SC2Data\GameData\AbilData.xml	skipped_existing
TychusHeroCommonAbil4	CAbilEffectInstant	游戏数据/官方SC2原始文本镜像/mods/starcoop/starcoop.sc2mod/base.sc2data/gamedata/commanders/commandertychus.xml	D:\MyWork\新建文件夹\mom.report.client\src\MyMod\crys_the_swarm_reborn.SC2Mod\原始mod\Mods\XM\XMFinal.SC2Mod\Base.SC2Data\GameData\AbilData.xml	skipped_existing
TychusHeroCommonAbil5	CAbilEffectInstant	游戏数据/官方SC2原始文本镜像/mods/starcoop/starcoop.sc2mod/base.sc2data/gamedata/commanders/commandertychus.xml	D:\MyWork\新建文件夹\mom.report.client\src\MyMod\crys_the_swarm_reborn.SC2Mod\原始mod\Mods\XM\XMFinal.SC2Mod\Base.SC2Data\GameData\AbilData.xml	skipped_existing
TychusMedicTransportLoadUnits	CAbilEffectTarget	游戏数据/官方SC2原始文本镜像/mods/starcoop/starcoop.sc2mod/base.sc2data/gamedata/commanders/commandertychus.xml	D:\MyWork\新建文件夹\mom.report.client\src\MyMod\crys_the_swarm_reborn.SC2Mod\原始mod\Mods\XM\XMFinal.SC2Mod\Base.SC2Data\GameData\AbilData.xml	added_or_newer_duplicate
TychusOdinBarrage	CAbilEffectTarget	游戏数据/官方SC2原始文本镜像/mods/starcoop/starcoop.sc2mod/base.sc2data/gamedata/commanders/commandertychus.xml	D:\MyWork\新建文件夹\mom.report.client\src\MyMod\crys_the_swarm_reborn.SC2Mod\原始mod\Mods\XM\XMFinal.SC2Mod\Base.SC2Data\GameData\AbilData.xml	added_or_newer_duplicate
TychusOdinNuclearStrike	CAbilEffectTarget	游戏数据/官方SC2原始文本镜像/mods/starcoop/starcoop.sc2mod/base.sc2data/gamedata/commanders/commandertychus.xml	D:\MyWork\新建文件夹\mom.report.client\src\MyMod\crys_the_swarm_reborn.SC2Mod\原始mod\Mods\XM\XMFinal.SC2Mod\Base.SC2Data\GameData\AbilData.xml	skipped_existing
UpgradeToHiveStetmann	CAbilMorph	游戏数据/官方SC2原始文本镜像/mods/starcoop/commanders/egonstetmann.sc2mod/base.sc2data/gamedata/abildata.xml	D:\MyWork\新建文件夹\mom.report.client\src\MyMod\crys_the_swarm_reborn.SC2Mod\原始mod\Mods\XM\XMFinal.SC2Mod\Base.SC2Data\GameData\AbilData.xml	added_or_newer_duplicate
UpgradeToLairStetmann	CAbilMorph	游戏数据/官方SC2原始文本镜像/mods/starcoop/commanders/egonstetmann.sc2mod/base.sc2data/gamedata/abildata.xml	D:\MyWork\新建文件夹\mom.report.client\src\MyMod\crys_the_swarm_reborn.SC2Mod\原始mod\Mods\XM\XMFinal.SC2Mod\Base.SC2Data\GameData\AbilData.xml	added_or_newer_duplicate
VehicleAfterburners	CAbilEffectInstant	游戏数据/官方SC2原始文本镜像/mods/starcoop/starcoop.sc2mod/base.sc2data/gamedata/abildata.xml	D:\MyWork\新建文件夹\mom.report.client\src\MyMod\crys_the_swarm_reborn.SC2Mod\原始mod\Mods\XM\XMFinal.SC2Mod\Base.SC2Data\GameData\AbilData.xml	skipped_existing
VoidCoopSummonHyperion	CAbilEffectTarget	游戏数据/官方SC2原始文本镜像/mods/starcoop/starcoop.sc2mod/base.sc2data/gamedata/abildata.xml	D:\MyWork\新建文件夹\mom.report.client\src\MyMod\crys_the_swarm_reborn.SC2Mod\原始mod\Mods\XM\XMFinal.SC2Mod\Base.SC2Data\GameData\AbilData.xml	skipped_existing
VoidSentryBlackHole	CAbilEffectTarget	游戏数据/官方SC2原始文本镜像/mods/starcoop/starcoop.sc2mod/base.sc2data/gamedata/abildata.xml	D:\MyWork\新建文件夹\mom.report.client\src\MyMod\crys_the_swarm_reborn.SC2Mod\原始mod\Mods\XM\XMFinal.SC2Mod\Base.SC2Data\GameData\AbilData.xml	skipped_existing
VoidShieldCapacitor	CAbilEffectInstant	游戏数据/官方SC2原始文本镜像/mods/starcoop/starcoop.sc2mod/base.sc2data/gamedata/abildata.xml	D:\MyWork\新建文件夹\mom.report.client\src\MyMod\crys_the_swarm_reborn.SC2Mod\原始mod\Mods\XM\XMFinal.SC2Mod\Base.SC2Data\GameData\AbilData.xml	added_or_newer_duplicate
WarpableNova	CAbilWarpable	游戏数据/官方SC2原始文本镜像/mods/starcoop/starcoop.sc2mod/base.sc2data/gamedata/abildata.xml	D:\MyWork\新建文件夹\mom.report.client\src\MyMod\crys_the_swarm_reborn.SC2Mod\原始mod\Mods\XM\XMFinal.SC2Mod\Base.SC2Data\GameData\AbilData.xml	added_or_newer_duplicate
WarpableZeratul	CAbilWarpable	游戏数据/官方SC2原始文本镜像/mods/starcoop/starcoop.sc2mod/base.sc2data/gamedata/commanders/futurecommanders.xml	D:\MyWork\新建文件夹\mom.report.client\src\MyMod\crys_the_swarm_reborn.SC2Mod\原始mod\Mods\XM\XMFinal.SC2Mod\Base.SC2Data\GameData\AbilData.xml	added_or_newer_duplicate
WildMutation	CAbilEffectTarget	游戏数据/官方SC2原始文本镜像/mods/starcoop/starcoop.sc2mod/base.sc2data/gamedata/abildata.xml	D:\MyWork\新建文件夹\mom.report.client\src\MyMod\crys_the_swarm_reborn.SC2Mod\原始mod\Mods\XM\XMFinal.SC2Mod\Base.SC2Data\GameData\AbilData.xml	skipped_existing
YagdraFirebreath	CAbilEffectTarget	游戏数据/官方SC2原始文本镜像/mods/starcoop/starcoop.sc2mod/base.sc2data/gamedata/abildata.xml	D:\MyWork\新建文件夹\mom.report.client\src\MyMod\crys_the_swarm_reborn.SC2Mod\原始mod\Mods\XM\XMFinal.SC2Mod\Base.SC2Data\GameData\AbilData.xml	added_or_newer_duplicate
ZagaraVoidCoopBanelingBarrage	CAbilEffectTarget	游戏数据/官方SC2原始文本镜像/mods/starcoop/starcoop.sc2mod/base.sc2data/gamedata/abildata.xml	D:\MyWork\新建文件夹\mom.report.client\src\MyMod\crys_the_swarm_reborn.SC2Mod\原始mod\Mods\XM\XMFinal.SC2Mod\Base.SC2Data\GameData\AbilData.xml	skipped_existing
ZagaraVoidCoopBanelingSpawner	CAbilEffectInstant	游戏数据/官方SC2原始文本镜像/mods/starcoop/starcoop.sc2mod/base.sc2data/gamedata/abildata.xml	D:\MyWork\新建文件夹\mom.report.client\src\MyMod\crys_the_swarm_reborn.SC2Mod\原始mod\Mods\XM\XMFinal.SC2Mod\Base.SC2Data\GameData\AbilData.xml	added_or_newer_duplicate
ZagaraVoidCoopBurrow	CAbilMorph	游戏数据/官方SC2原始文本镜像/mods/starcoop/starcoop.sc2mod/base.sc2data/gamedata/abildata.xml	D:\MyWork\新建文件夹\mom.report.client\src\MyMod\crys_the_swarm_reborn.SC2Mod\原始mod\Mods\XM\XMFinal.SC2Mod\Base.SC2Data\GameData\AbilData.xml	skipped_existing
ZagaraVoidCoopCreepMaster	CAbilBuild	游戏数据/官方SC2原始文本镜像/mods/starcoop/starcoop.sc2mod/base.sc2data/gamedata/abildata.xml	D:\MyWork\新建文件夹\mom.report.client\src\MyMod\crys_the_swarm_reborn.SC2Mod\原始mod\Mods\XM\XMFinal.SC2Mod\Base.SC2Data\GameData\AbilData.xml	added_or_newer_duplicate
ZagaraVoidCoopDeepTunnel	CAbilEffectTarget	游戏数据/官方SC2原始文本镜像/mods/starcoop/starcoop.sc2mod/base.sc2data/gamedata/abildata.xml	D:\MyWork\新建文件夹\mom.report.client\src\MyMod\crys_the_swarm_reborn.SC2Mod\原始mod\Mods\XM\XMFinal.SC2Mod\Base.SC2Data\GameData\AbilData.xml	added_or_newer_duplicate
ZagaraVoidCoopDevouringMaw	CAbilEffectTarget	游戏数据/官方SC2原始文本镜像/mods/starcoop/starcoop.sc2mod/base.sc2data/gamedata/abildata.xml	D:\MyWork\新建文件夹\mom.report.client\src\MyMod\crys_the_swarm_reborn.SC2Mod\原始mod\Mods\XM\XMFinal.SC2Mod\Base.SC2Data\GameData\AbilData.xml	added_or_newer_duplicate
ZagaraVoidCoopInfestedPods	CAbilEffectTarget	游戏数据/官方SC2原始文本镜像/mods/starcoop/starcoop.sc2mod/base.sc2data/gamedata/abildata.xml	D:\MyWork\新建文件夹\mom.report.client\src\MyMod\crys_the_swarm_reborn.SC2Mod\原始mod\Mods\XM\XMFinal.SC2Mod\Base.SC2Data\GameData\AbilData.xml	added_or_newer_duplicate
ZagaraVoidCoopMassFrenzy	CAbilEffectInstant	游戏数据/官方SC2原始文本镜像/mods/starcoop/starcoop.sc2mod/base.sc2data/gamedata/abildata.xml	D:\MyWork\新建文件夹\mom.report.client\src\MyMod\crys_the_swarm_reborn.SC2Mod\原始mod\Mods\XM\XMFinal.SC2Mod\Base.SC2Data\GameData\AbilData.xml	skipped_existing
ZagaraVoidCoopMassRoachDrop	CAbilEffectTarget	游戏数据/官方SC2原始文本镜像/mods/starcoop/starcoop.sc2mod/base.sc2data/gamedata/abildata.xml	D:\MyWork\新建文件夹\mom.report.client\src\MyMod\crys_the_swarm_reborn.SC2Mod\原始mod\Mods\XM\XMFinal.SC2Mod\Base.SC2Data\GameData\AbilData.xml	added_or_newer_duplicate
ZagaraVoidCoopNydusWorm	CAbilBuild	游戏数据/官方SC2原始文本镜像/mods/starcoop/starcoop.sc2mod/base.sc2data/gamedata/abildata.xml	D:\MyWork\新建文件夹\mom.report.client\src\MyMod\crys_the_swarm_reborn.SC2Mod\原始mod\Mods\XM\XMFinal.SC2Mod\Base.SC2Data\GameData\AbilData.xml	added_or_newer_duplicate
ZagaraVoidCoopSpawnBroodlings	CAbilEffectTarget	游戏数据/官方SC2原始文本镜像/mods/starcoop/starcoop.sc2mod/base.sc2data/gamedata/abildata.xml	D:\MyWork\新建文件夹\mom.report.client\src\MyMod\crys_the_swarm_reborn.SC2Mod\原始mod\Mods\XM\XMFinal.SC2Mod\Base.SC2Data\GameData\AbilData.xml	added_or_newer_duplicate
ZagaraVoidCoopSpawnHunterKillers	CAbilEffectTarget	游戏数据/官方SC2原始文本镜像/mods/starcoop/starcoop.sc2mod/base.sc2data/gamedata/abildata.xml	D:\MyWork\新建文件夹\mom.report.client\src\MyMod\crys_the_swarm_reborn.SC2Mod\原始mod\Mods\XM\XMFinal.SC2Mod\Base.SC2Data\GameData\AbilData.xml	skipped_existing
ZagaraVoidCoopSpawnMutalisk	CAbilEffectTarget	游戏数据/官方SC2原始文本镜像/mods/starcoop/starcoop.sc2mod/base.sc2data/gamedata/abildata.xml	D:\MyWork\新建文件夹\mom.report.client\src\MyMod\crys_the_swarm_reborn.SC2Mod\原始mod\Mods\XM\XMFinal.SC2Mod\Base.SC2Data\GameData\AbilData.xml	added_or_newer_duplicate
ZagaraVoidCoopTransfusionWave	CAbilEffectInstant	游戏数据/官方SC2原始文本镜像/mods/starcoop/starcoop.sc2mod/base.sc2data/gamedata/abildata.xml	D:\MyWork\新建文件夹\mom.report.client\src\MyMod\crys_the_swarm_reborn.SC2Mod\原始mod\Mods\XM\XMFinal.SC2Mod\Base.SC2Data\GameData\AbilData.xml	added_or_newer_duplicate
ZagaraVoidCoopUnburrow	CAbilMorph	游戏数据/官方SC2原始文本镜像/mods/starcoop/starcoop.sc2mod/base.sc2data/gamedata/abildata.xml	D:\MyWork\新建文件夹\mom.report.client\src\MyMod\crys_the_swarm_reborn.SC2Mod\原始mod\Mods\XM\XMFinal.SC2Mod\Base.SC2Data\GameData\AbilData.xml	added_or_newer_duplicate
ZagaraVoidCoopWildInfestation	CAbilEffectTarget	游戏数据/官方SC2原始文本镜像/mods/starcoop/starcoop.sc2mod/base.sc2data/gamedata/abildata.xml	D:\MyWork\新建文件夹\mom.report.client\src\MyMod\crys_the_swarm_reborn.SC2Mod\原始mod\Mods\XM\XMFinal.SC2Mod\Base.SC2Data\GameData\AbilData.xml	added_or_newer_duplicate
ZeratulBlackHole	CAbilEffectTarget	游戏数据/官方SC2原始文本镜像/mods/starcoop/starcoop.sc2mod/base.sc2data/gamedata/commanders/futurecommanders.xml	D:\MyWork\新建文件夹\mom.report.client\src\MyMod\crys_the_swarm_reborn.SC2Mod\原始mod\Mods\XM\XMFinal.SC2Mod\Base.SC2Data\GameData\AbilData.xml	added_or_newer_duplicate
ZeratulBlink	CAbilEffectTarget	游戏数据/官方SC2原始文本镜像/mods/starcoop/starcoop.sc2mod/base.sc2data/gamedata/commanders/futurecommanders.xml	D:\MyWork\新建文件夹\mom.report.client\src\MyMod\crys_the_swarm_reborn.SC2Mod\原始mod\Mods\XM\XMFinal.SC2Mod\Base.SC2Data\GameData\AbilData.xml	added_or_newer_duplicate
ZeratulDarkArchonMaelstrom	CAbilEffectTarget	游戏数据/官方SC2原始文本镜像/mods/starcoop/starcoop.sc2mod/base.sc2data/gamedata/commanders/futurecommanders.xml	D:\MyWork\新建文件夹\mom.report.client\src\MyMod\crys_the_swarm_reborn.SC2Mod\原始mod\Mods\XM\XMFinal.SC2Mod\Base.SC2Data\GameData\AbilData.xml	added_or_newer_duplicate
ZeratulDarkArchonMindControl	CAbilEffectTarget	游戏数据/官方SC2原始文本镜像/mods/starcoop/starcoop.sc2mod/base.sc2data/gamedata/commanders/futurecommanders.xml	D:\MyWork\新建文件夹\mom.report.client\src\MyMod\crys_the_swarm_reborn.SC2Mod\原始mod\Mods\XM\XMFinal.SC2Mod\Base.SC2Data\GameData\AbilData.xml	added_or_newer_duplicate
ZeratulDarkTemplarBlink	CAbilEffectTarget	游戏数据/官方SC2原始文本镜像/mods/starcoop/starcoop.sc2mod/base.sc2data/gamedata/commanders/futurecommanders.xml	D:\MyWork\新建文件夹\mom.report.client\src\MyMod\crys_the_swarm_reborn.SC2Mod\原始mod\Mods\XM\XMFinal.SC2Mod\Base.SC2Data\GameData\AbilData.xml	added_or_newer_duplicate
ZeratulEntropicBlast	CAbilEffectTarget	游戏数据/官方SC2原始文本镜像/mods/starcoop/starcoop.sc2mod/base.sc2data/gamedata/commanders/futurecommanders.xml	D:\MyWork\新建文件夹\mom.report.client\src\MyMod\crys_the_swarm_reborn.SC2Mod\原始mod\Mods\XM\XMFinal.SC2Mod\Base.SC2Data\GameData\AbilData.xml	added_or_newer_duplicate
ZeratulEntropicBlastCyan	CAbilEffectTarget	游戏数据/官方SC2原始文本镜像/mods/starcoop/starcoop.sc2mod/base.sc2data/gamedata/commanders/futurecommanders.xml	D:\MyWork\新建文件夹\mom.report.client\src\MyMod\crys_the_swarm_reborn.SC2Mod\原始mod\Mods\XM\XMFinal.SC2Mod\Base.SC2Data\GameData\AbilData.xml	added_or_newer_duplicate
ZeratulKhaydarinMonolithProjection	CAbilEffectTarget	游戏数据/官方SC2原始文本镜像/mods/starcoop/starcoop.sc2mod/base.sc2data/gamedata/commanders/futurecommanders.xml	D:\MyWork\新建文件夹\mom.report.client\src\MyMod\crys_the_swarm_reborn.SC2Mod\原始mod\Mods\XM\XMFinal.SC2Mod\Base.SC2Data\GameData\AbilData.xml	added_or_newer_duplicate
ZeratulMapWideStasis	CAbilEffectTarget	游戏数据/官方SC2原始文本镜像/mods/starcoop/starcoop.sc2mod/base.sc2data/gamedata/commanders/futurecommanders.xml	D:\MyWork\新建文件夹\mom.report.client\src\MyMod\crys_the_swarm_reborn.SC2Mod\原始mod\Mods\XM\XMFinal.SC2Mod\Base.SC2Data\GameData\AbilData.xml	added_or_newer_duplicate
ZeratulMapWideStasisIssueOrder	CAbilEffectInstant	游戏数据/官方SC2原始文本镜像/mods/starcoop/starcoop.sc2mod/base.sc2data/gamedata/commanders/futurecommanders.xml	D:\MyWork\新建文件夹\mom.report.client\src\MyMod\crys_the_swarm_reborn.SC2Mod\原始mod\Mods\XM\XMFinal.SC2Mod\Base.SC2Data\GameData\AbilData.xml	added_or_newer_duplicate
ZeratulPhaseCannonProjectionCancel	CAbilEffectInstant	游戏数据/官方SC2原始文本镜像/mods/starcoop/starcoop.sc2mod/base.sc2data/gamedata/commanders/futurecommanders.xml	D:\MyWork\新建文件夹\mom.report.client\src\MyMod\crys_the_swarm_reborn.SC2Mod\原始mod\Mods\XM\XMFinal.SC2Mod\Base.SC2Data\GameData\AbilData.xml	added_or_newer_duplicate
ZeratulPhaseCannonWarp	CAbilEffectTarget	游戏数据/官方SC2原始文本镜像/mods/starcoop/starcoop.sc2mod/base.sc2data/gamedata/commanders/futurecommanders.xml	D:\MyWork\新建文件夹\mom.report.client\src\MyMod\crys_the_swarm_reborn.SC2Mod\原始mod\Mods\XM\XMFinal.SC2Mod\Base.SC2Data\GameData\AbilData.xml	added_or_newer_duplicate
ZeratulStalkerBlink	CAbilEffectTarget	游戏数据/官方SC2原始文本镜像/mods/starcoop/starcoop.sc2mod/base.sc2data/gamedata/commanders/futurecommanders.xml	D:\MyWork\新建文件夹\mom.report.client\src\MyMod\crys_the_swarm_reborn.SC2Mod\原始mod\Mods\XM\XMFinal.SC2Mod\Base.SC2Data\GameData\AbilData.xml	skipped_existing
ZeratulStasisField	CAbilEffectTarget	游戏数据/官方SC2原始文本镜像/mods/starcoop/starcoop.sc2mod/base.sc2data/gamedata/commanders/futurecommanders.xml	D:\MyWork\新建文件夹\mom.report.client\src\MyMod\crys_the_swarm_reborn.SC2Mod\原始mod\Mods\XM\XMFinal.SC2Mod\Base.SC2Data\GameData\AbilData.xml	added_or_newer_duplicate
ZeratulStasisFieldUpgraded	CAbilEffectTarget	游戏数据/官方SC2原始文本镜像/mods/starcoop/starcoop.sc2mod/base.sc2data/gamedata/commanders/futurecommanders.xml	D:\MyWork\新建文件夹\mom.report.client\src\MyMod\crys_the_swarm_reborn.SC2Mod\原始mod\Mods\XM\XMFinal.SC2Mod\Base.SC2Data\GameData\AbilData.xml	added_or_newer_duplicate
ZeratulStructureBarrier	CAbilEffectInstant	游戏数据/官方SC2原始文本镜像/mods/starcoop/starcoop.sc2mod/base.sc2data/gamedata/commanders/futurecommanders.xml	D:\MyWork\新建文件夹\mom.report.client\src\MyMod\crys_the_swarm_reborn.SC2Mod\原始mod\Mods\XM\XMFinal.SC2Mod\Base.SC2Data\GameData\AbilData.xml	added_or_newer_duplicate
ZeratulSuppressionCrystal	CAbilEffectTarget	游戏数据/官方SC2原始文本镜像/mods/starcoop/starcoop.sc2mod/base.sc2data/gamedata/commanders/futurecommanders.xml	D:\MyWork\新建文件夹\mom.report.client\src\MyMod\crys_the_swarm_reborn.SC2Mod\原始mod\Mods\XM\XMFinal.SC2Mod\Base.SC2Data\GameData\AbilData.xml	added_or_newer_duplicate
ZeratulSuppressionCrystalSuppressionBuilding	CAbilEffectTarget	游戏数据/官方SC2原始文本镜像/mods/starcoop/starcoop.sc2mod/base.sc2data/gamedata/commanders/futurecommanders.xml	D:\MyWork\新建文件夹\mom.report.client\src\MyMod\crys_the_swarm_reborn.SC2Mod\原始mod\Mods\XM\XMFinal.SC2Mod\Base.SC2Data\GameData\AbilData.xml	added_or_newer_duplicate
ZeratulTopBarBuild	CAbilBuild	游戏数据/官方SC2原始文本镜像/mods/starcoop/starcoop.sc2mod/base.sc2data/gamedata/commanders/futurecommanders.xml	D:\MyWork\新建文件夹\mom.report.client\src\MyMod\crys_the_swarm_reborn.SC2Mod\原始mod\Mods\XM\XMFinal.SC2Mod\Base.SC2Data\GameData\AbilData.xml	added_or_newer_duplicate
ZeratulTopBarUltimateWarpTrain	CAbilWarpTrain	游戏数据/官方SC2原始文本镜像/mods/starcoop/starcoop.sc2mod/base.sc2data/gamedata/commanders/futurecommanders.xml	D:\MyWork\新建文件夹\mom.report.client\src\MyMod\crys_the_swarm_reborn.SC2Mod\原始mod\Mods\XM\XMFinal.SC2Mod\Base.SC2Data\GameData\AbilData.xml	added_or_newer_duplicate
ZeratulTopBarWarpTrain	CAbilWarpTrain	游戏数据/官方SC2原始文本镜像/mods/starcoop/starcoop.sc2mod/base.sc2data/gamedata/commanders/futurecommanders.xml	D:\MyWork\新建文件夹\mom.report.client\src\MyMod\crys_the_swarm_reborn.SC2Mod\原始mod\Mods\XM\XMFinal.SC2Mod\Base.SC2Data\GameData\AbilData.xml	added_or_newer_duplicate
ZeratulXelNagaConstructDevolve	CAbilEffectInstant	游戏数据/官方SC2原始文本镜像/mods/starcoop/starcoop.sc2mod/base.sc2data/gamedata/commanders/futurecommanders.xml	D:\MyWork\新建文件夹\mom.report.client\src\MyMod\crys_the_swarm_reborn.SC2Mod\原始mod\Mods\XM\XMFinal.SC2Mod\Base.SC2Data\GameData\AbilData.xml	added_or_newer_duplicate
ZeratulXelNagaConstructPsiBlast	CAbilEffectTarget	游戏数据/官方SC2原始文本镜像/mods/starcoop/starcoop.sc2mod/base.sc2data/gamedata/commanders/futurecommanders.xml	D:\MyWork\新建文件夹\mom.report.client\src\MyMod\crys_the_swarm_reborn.SC2Mod\原始mod\Mods\XM\XMFinal.SC2Mod\Base.SC2Data\GameData\AbilData.xml	added_or_newer_duplicate
ZeratulXelNagaConstructPsiStorm	CAbilEffectTarget	游戏数据/官方SC2原始文本镜像/mods/starcoop/starcoop.sc2mod/base.sc2data/gamedata/commanders/futurecommanders.xml	D:\MyWork\新建文件夹\mom.report.client\src\MyMod\crys_the_swarm_reborn.SC2Mod\原始mod\Mods\XM\XMFinal.SC2Mod\Base.SC2Data\GameData\AbilData.xml	added_or_newer_duplicate
CommanderPrestigeVorazunTimeStopGuardCount	CAccumulatorAttributePoints	游戏数据/官方SC2原始文本镜像/mods/starcoop/starcoop.sc2mod/base.sc2data/gamedata/accumulatordata.xml	D:\MyWork\新建文件夹\mom.report.client\src\MyMod\crys_the_swarm_reborn.SC2Mod\原始mod\Mods\XM\XMFinal.SC2Mod\Base.SC2Data\GameData\AccumulatorData.xml	added_or_newer_duplicate
AC_Aleksander_AirDropSound	CActorSound	游戏数据/官方SC2原始文本镜像/mods/starcoop/starcoop.sc2mod/base.sc2data/gamedata/actordata.xml	D:\MyWork\新建文件夹\mom.report.client\src\MyMod\crys_the_swarm_reborn.SC2Mod\原始mod\Mods\XM\XMFinal.SC2Mod\Base.SC2Data\GameData\ActorData.xml	added_or_newer_duplicate
AC_Banshee_AirDrop_AS	CActorSound	游戏数据/官方SC2原始文本镜像/mods/starcoop/starcoop.sc2mod/base.sc2data/gamedata/actordata.xml	D:\MyWork\新建文件夹\mom.report.client\src\MyMod\crys_the_swarm_reborn.SC2Mod\原始mod\Mods\XM\XMFinal.SC2Mod\Base.SC2Data\GameData\ActorData.xml	added_or_newer_duplicate
AlarakStructureOvercharge	CActorModel	游戏数据/官方SC2原始文本镜像/mods/starcoop/starcoop.sc2mod/base.sc2data/gamedata/actordata.xml	D:\MyWork\新建文件夹\mom.report.client\src\MyMod\crys_the_swarm_reborn.SC2Mod\原始mod\Mods\XM\XMFinal.SC2Mod\Base.SC2Data\GameData\ActorData.xml	skipped_existing
Aleksander_Stukov_Coop_SpawnSplat	CActorSplat	游戏数据/官方SC2原始文本镜像/mods/starcoop/starcoop.sc2mod/base.sc2data/gamedata/actordata.xml	D:\MyWork\新建文件夹\mom.report.client\src\MyMod\crys_the_swarm_reborn.SC2Mod\原始mod\Mods\XM\XMFinal.SC2Mod\Base.SC2Data\GameData\ActorData.xml	added_or_newer_duplicate
Aleksander_Stukov_ReEntry	CActorModel	游戏数据/官方SC2原始文本镜像/mods/starcoop/starcoop.sc2mod/base.sc2data/gamedata/actordata.xml	D:\MyWork\新建文件夹\mom.report.client\src\MyMod\crys_the_swarm_reborn.SC2Mod\原始mod\Mods\XM\XMFinal.SC2Mod\Base.SC2Data\GameData\ActorData.xml	added_or_newer_duplicate
ApocaliskBirthingBurrowUpModel	CActorModel	游戏数据/官方SC2原始文本镜像/mods/starcoop/starcoop.sc2mod/base.sc2data/gamedata/actordata.xml	D:\MyWork\新建文件夹\mom.report.client\src\MyMod\crys_the_swarm_reborn.SC2Mod\原始mod\Mods\XM\XMFinal.SC2Mod\Base.SC2Data\GameData\ActorData.xml	added_or_newer_duplicate
ApocaliskBirthingFlamesModel	CActorModel	游戏数据/官方SC2原始文本镜像/mods/starcoop/starcoop.sc2mod/base.sc2data/gamedata/actordata.xml	D:\MyWork\新建文件夹\mom.report.client\src\MyMod\crys_the_swarm_reborn.SC2Mod\原始mod\Mods\XM\XMFinal.SC2Mod\Base.SC2Data\GameData\ActorData.xml	added_or_newer_duplicate
ApocaliskBirthingRocksModel	CActorModel	游戏数据/官方SC2原始文本镜像/mods/starcoop/starcoop.sc2mod/base.sc2data/gamedata/actordata.xml	D:\MyWork\新建文件夹\mom.report.client\src\MyMod\crys_the_swarm_reborn.SC2Mod\原始mod\Mods\XM\XMFinal.SC2Mod\Base.SC2Data\GameData\ActorData.xml	added_or_newer_duplicate
ApocaliskBurrowChargeModel	CActorModel	游戏数据/官方SC2原始文本镜像/mods/starcoop/starcoop.sc2mod/base.sc2data/gamedata/actordata.xml	D:\MyWork\新建文件夹\mom.report.client\src\MyMod\crys_the_swarm_reborn.SC2Mod\原始mod\Mods\XM\XMFinal.SC2Mod\Base.SC2Data\GameData\ActorData.xml	added_or_newer_duplicate
Archon	CActorUnit	游戏数据/官方SC2原始文本镜像/mods/starcoop/starcoop.sc2mod/base.sc2data/gamedata/actordata.xml	D:\MyWork\新建文件夹\mom.report.client\src\MyMod\crys_the_swarm_reborn.SC2Mod\原始mod\Mods\XM\XMFinal.SC2Mod\Base.SC2Data\GameData\ActorData.xml	skipped_existing
ArtilleryMengskCloudSickness	CActorModel	游戏数据/官方SC2原始文本镜像/mods/starcoop/commanders/arcturusmengsk.sc2mod/base.sc2data/gamedata/actordata.xml	D:\MyWork\新建文件夹\mom.report.client\src\MyMod\crys_the_swarm_reborn.SC2Mod\原始mod\Mods\XM\XMFinal.SC2Mod\Base.SC2Data\GameData\ActorData.xml	added_or_newer_duplicate
ArtilleryMengskFear	CActorModel	游戏数据/官方SC2原始文本镜像/mods/starcoop/commanders/arcturusmengsk.sc2mod/base.sc2data/gamedata/actordata.xml	D:\MyWork\新建文件夹\mom.report.client\src\MyMod\crys_the_swarm_reborn.SC2Mod\原始mod\Mods\XM\XMFinal.SC2Mod\Base.SC2Data\GameData\ActorData.xml	added_or_newer_duplicate
Banshee_BlackOps	CActorUnit	游戏数据/官方SC2原始文本镜像/mods/starcoop/starcoop.sc2mod/base.sc2data/gamedata/actordata.xml	D:\MyWork\新建文件夹\mom.report.client\src\MyMod\crys_the_swarm_reborn.SC2Mod\原始mod\Mods\XM\XMFinal.SC2Mod\Base.SC2Data\GameData\ActorData.xml	skipped_existing
Banshee	CActorUnit	游戏数据/官方SC2原始文本镜像/mods/starcoop/starcoop.sc2mod/base.sc2data/gamedata/actordata.xml	D:\MyWork\新建文件夹\mom.report.client\src\MyMod\crys_the_swarm_reborn.SC2Mod\原始mod\Mods\XM\XMFinal.SC2Mod\Base.SC2Data\GameData\ActorData.xml	skipped_existing
BansheeAirstrikePlaceholder	CActorMissile	游戏数据/官方SC2原始文本镜像/mods/starcoop/starcoop.sc2mod/base.sc2data/gamedata/actordata.xml	D:\MyWork\新建文件夹\mom.report.client\src\MyMod\crys_the_swarm_reborn.SC2Mod\原始mod\Mods\XM\XMFinal.SC2Mod\Base.SC2Data\GameData\ActorData.xml	skipped_existing
BansheeReentry	CActorModel	游戏数据/官方SC2原始文本镜像/mods/starcoop/starcoop.sc2mod/base.sc2data/gamedata/actordata.xml	D:\MyWork\新建文件夹\mom.report.client\src\MyMod\crys_the_swarm_reborn.SC2Mod\原始mod\Mods\XM\XMFinal.SC2Mod\Base.SC2Data\GameData\ActorData.xml	added_or_newer_duplicate
Battlecruiser	CActorUnit	游戏数据/官方SC2原始文本镜像/mods/starcoop/starcoop.sc2mod/base.sc2data/gamedata/actordata.xml	D:\MyWork\新建文件夹\mom.report.client\src\MyMod\crys_the_swarm_reborn.SC2Mod\原始mod\Mods\XM\XMFinal.SC2Mod\Base.SC2Data\GameData\ActorData.xml	skipped_existing
BattlecruiserReentry	CActorModel	游戏数据/官方SC2原始文本镜像/mods/starcoop/starcoop.sc2mod/base.sc2data/gamedata/actordata.xml	D:\MyWork\新建文件夹\mom.report.client\src\MyMod\crys_the_swarm_reborn.SC2Mod\原始mod\Mods\XM\XMFinal.SC2Mod\Base.SC2Data\GameData\ActorData.xml	added_or_newer_duplicate
BiomassTargetMark	CActorModel	游戏数据/官方SC2原始文本镜像/mods/starcoop/starcoop.sc2mod/base.sc2data/gamedata/actordata.xml	D:\MyWork\新建文件夹\mom.report.client\src\MyMod\crys_the_swarm_reborn.SC2Mod\原始mod\Mods\XM\XMFinal.SC2Mod\Base.SC2Data\GameData\ActorData.xml	added_or_newer_duplicate
Bunker	CActorUnit	游戏数据/官方SC2原始文本镜像/mods/starcoop/starcoop.sc2mod/base.sc2data/gamedata/actordata.xml	D:\MyWork\新建文件夹\mom.report.client\src\MyMod\crys_the_swarm_reborn.SC2Mod\原始mod\Mods\XM\XMFinal.SC2Mod\Base.SC2Data\GameData\ActorData.xml	skipped_existing
BunkerDepotMengsk	CActorUnit	游戏数据/官方SC2原始文本镜像/mods/starcoop/commanders/arcturusmengsk.sc2mod/base.sc2data/gamedata/actordata.xml	D:\MyWork\新建文件夹\mom.report.client\src\MyMod\crys_the_swarm_reborn.SC2Mod\原始mod\Mods\XM\XMFinal.SC2Mod\Base.SC2Data\GameData\ActorData.xml	added_or_newer_duplicate
BunkerDepotMengskDrop	CActorUnit	游戏数据/官方SC2原始文本镜像/mods/starcoop/commanders/arcturusmengsk.sc2mod/base.sc2data/gamedata/actordata.xml	D:\MyWork\新建文件夹\mom.report.client\src\MyMod\crys_the_swarm_reborn.SC2Mod\原始mod\Mods\XM\XMFinal.SC2Mod\Base.SC2Data\GameData\ActorData.xml	added_or_newer_duplicate
BunkerDepotMengskDropPod	CActorModel	游戏数据/官方SC2原始文本镜像/mods/starcoop/commanders/arcturusmengsk.sc2mod/base.sc2data/gamedata/actordata.xml	D:\MyWork\新建文件夹\mom.report.client\src\MyMod\crys_the_swarm_reborn.SC2Mod\原始mod\Mods\XM\XMFinal.SC2Mod\Base.SC2Data\GameData\ActorData.xml	added_or_newer_duplicate
BunkerDepotMengskPodFall	CActorSound	游戏数据/官方SC2原始文本镜像/mods/starcoop/commanders/arcturusmengsk.sc2mod/base.sc2data/gamedata/actordata.xml	D:\MyWork\新建文件夹\mom.report.client\src\MyMod\crys_the_swarm_reborn.SC2Mod\原始mod\Mods\XM\XMFinal.SC2Mod\Base.SC2Data\GameData\ActorData.xml	added_or_newer_duplicate
BunkerTransportAnim	CActorEventMacro	游戏数据/官方SC2原始文本镜像/mods/starcoop/starcoop.sc2mod/base.sc2data/gamedata/actordata.xml	D:\MyWork\新建文件夹\mom.report.client\src\MyMod\crys_the_swarm_reborn.SC2Mod\原始mod\Mods\XM\XMFinal.SC2Mod\Base.SC2Data\GameData\ActorData.xml	added_or_newer_duplicate
Colossus	CActorUnit	游戏数据/官方SC2原始文本镜像/mods/starcoop/starcoop.sc2mod/base.sc2data/gamedata/actordata.xml	D:\MyWork\新建文件夹\mom.report.client\src\MyMod\crys_the_swarm_reborn.SC2Mod\原始mod\Mods\XM\XMFinal.SC2Mod\Base.SC2Data\GameData\ActorData.xml	skipped_existing
CommanderPrestigeArtanisOrbitalStrikesArchon	CActorUnit	游戏数据/官方SC2原始文本镜像/mods/starcoop/starcoop.sc2mod/base.sc2data/gamedata/actordata.xml	D:\MyWork\新建文件夹\mom.report.client\src\MyMod\crys_the_swarm_reborn.SC2Mod\原始mod\Mods\XM\XMFinal.SC2Mod\Base.SC2Data\GameData\ActorData.xml	added_or_newer_duplicate
CommanderPrestigeArtanisOrbitalStrikesArchonPrecursor	CActorUnit	游戏数据/官方SC2原始文本镜像/mods/starcoop/starcoop.sc2mod/base.sc2data/gamedata/actordata.xml	D:\MyWork\新建文件夹\mom.report.client\src\MyMod\crys_the_swarm_reborn.SC2Mod\原始mod\Mods\XM\XMFinal.SC2Mod\Base.SC2Data\GameData\ActorData.xml	added_or_newer_duplicate
CommanderPrestigeNovaSuperCloak	CActorModel	游戏数据/官方SC2原始文本镜像/mods/starcoop/starcoop.sc2mod/base.sc2data/gamedata/actordata.xml	D:\MyWork\新建文件夹\mom.report.client\src\MyMod\crys_the_swarm_reborn.SC2Mod\原始mod\Mods\XM\XMFinal.SC2Mod\Base.SC2Data\GameData\ActorData.xml	added_or_newer_duplicate
CommanderPrestigeStetmannStetellitesBlob	CActorBlob	游戏数据/官方SC2原始文本镜像/mods/starcoop/commanders/egonstetmann.sc2mod/base.sc2data/gamedata/actordata.xml	D:\MyWork\新建文件夹\mom.report.client\src\MyMod\crys_the_swarm_reborn.SC2Mod\原始mod\Mods\XM\XMFinal.SC2Mod\Base.SC2Data\GameData\ActorData.xml	added_or_newer_duplicate
CoopCasterAbathur	CActorUnit	游戏数据/官方SC2原始文本镜像/mods/starcoop/starcoop.sc2mod/base.sc2data/gamedata/actordata.xml	D:\MyWork\新建文件夹\mom.report.client\src\MyMod\crys_the_swarm_reborn.SC2Mod\原始mod\Mods\XM\XMFinal.SC2Mod\Base.SC2Data\GameData\ActorData.xml	added_or_newer_duplicate
CoopCasterAlarak	CActorUnit	游戏数据/官方SC2原始文本镜像/mods/starcoop/starcoop.sc2mod/base.sc2data/gamedata/actordata.xml	D:\MyWork\新建文件夹\mom.report.client\src\MyMod\crys_the_swarm_reborn.SC2Mod\原始mod\Mods\XM\XMFinal.SC2Mod\Base.SC2Data\GameData\ActorData.xml	skipped_existing
CoopCasterDehaka	CActorUnit	游戏数据/官方SC2原始文本镜像/mods/starcoop/starcoop.sc2mod/base.sc2data/gamedata/actordata.xml	D:\MyWork\新建文件夹\mom.report.client\src\MyMod\crys_the_swarm_reborn.SC2Mod\原始mod\Mods\XM\XMFinal.SC2Mod\Base.SC2Data\GameData\ActorData.xml	added_or_newer_duplicate
CoopCasterHorner	CActorUnit	游戏数据/官方SC2原始文本镜像/mods/starcoop/starcoop.sc2mod/base.sc2data/gamedata/actordata.xml	D:\MyWork\新建文件夹\mom.report.client\src\MyMod\crys_the_swarm_reborn.SC2Mod\原始mod\Mods\XM\XMFinal.SC2Mod\Base.SC2Data\GameData\ActorData.xml	added_or_newer_duplicate
CoopCasterMengsk	CActorUnit	游戏数据/官方SC2原始文本镜像/mods/starcoop/commanders/arcturusmengsk.sc2mod/base.sc2data/gamedata/actordata.xml	D:\MyWork\新建文件夹\mom.report.client\src\MyMod\crys_the_swarm_reborn.SC2Mod\原始mod\Mods\XM\XMFinal.SC2Mod\Base.SC2Data\GameData\ActorData.xml	added_or_newer_duplicate
CoopCasterRaynor	CActorUnit	游戏数据/官方SC2原始文本镜像/mods/starcoop/starcoop.sc2mod/base.sc2data/gamedata/actordata.xml	D:\MyWork\新建文件夹\mom.report.client\src\MyMod\crys_the_swarm_reborn.SC2Mod\原始mod\Mods\XM\XMFinal.SC2Mod\Base.SC2Data\GameData\ActorData.xml	skipped_existing
CoopCasterStetmann	CActorUnit	游戏数据/官方SC2原始文本镜像/mods/starcoop/commanders/egonstetmann.sc2mod/base.sc2data/gamedata/actordata.xml	D:\MyWork\新建文件夹\mom.report.client\src\MyMod\crys_the_swarm_reborn.SC2Mod\原始mod\Mods\XM\XMFinal.SC2Mod\Base.SC2Data\GameData\ActorData.xml	added_or_newer_duplicate
CoopCasterSwann	CActorUnit	游戏数据/官方SC2原始文本镜像/mods/starcoop/starcoop.sc2mod/base.sc2data/gamedata/actordata.xml	D:\MyWork\新建文件夹\mom.report.client\src\MyMod\crys_the_swarm_reborn.SC2Mod\原始mod\Mods\XM\XMFinal.SC2Mod\Base.SC2Data\GameData\ActorData.xml	added_or_newer_duplicate
CoopCasterTychus	CActorUnit	游戏数据/官方SC2原始文本镜像/mods/starcoop/starcoop.sc2mod/base.sc2data/gamedata/commanders/commandertychus.xml	D:\MyWork\新建文件夹\mom.report.client\src\MyMod\crys_the_swarm_reborn.SC2Mod\原始mod\Mods\XM\XMFinal.SC2Mod\Base.SC2Data\GameData\ActorData.xml	added_or_newer_duplicate
CoopCasterZeratul	CActorUnit	游戏数据/官方SC2原始文本镜像/mods/starcoop/starcoop.sc2mod/base.sc2data/gamedata/commanders/futurecommanders.xml	D:\MyWork\新建文件夹\mom.report.client\src\MyMod\crys_the_swarm_reborn.SC2Mod\原始mod\Mods\XM\XMFinal.SC2Mod\Base.SC2Data\GameData\ActorData.xml	added_or_newer_duplicate
DarkPylon	CActorUnit	游戏数据/官方SC2原始文本镜像/mods/starcoop/starcoop.sc2mod/base.sc2data/gamedata/actordata.xml	D:\MyWork\新建文件夹\mom.report.client\src\MyMod\crys_the_swarm_reborn.SC2Mod\原始mod\Mods\XM\XMFinal.SC2Mod\Base.SC2Data\GameData\ActorData.xml	skipped_existing
DarkPylonWarpInSplat	CActorModel	游戏数据/官方SC2原始文本镜像/mods/starcoop/starcoop.sc2mod/base.sc2data/gamedata/actordata.xml	D:\MyWork\新建文件夹\mom.report.client\src\MyMod\crys_the_swarm_reborn.SC2Mod\原始mod\Mods\XM\XMFinal.SC2Mod\Base.SC2Data\GameData\ActorData.xml	added_or_newer_duplicate
DehakaBarracksUprooted	CActorUnit	游戏数据/官方SC2原始文本镜像/mods/starcoop/starcoop.sc2mod/base.sc2data/gamedata/actordata.xml	D:\MyWork\新建文件夹\mom.report.client\src\MyMod\crys_the_swarm_reborn.SC2Mod\原始mod\Mods\XM\XMFinal.SC2Mod\Base.SC2Data\GameData\ActorData.xml	added_or_newer_duplicate
DehakaDakrun	CActorUnit	游戏数据/官方SC2原始文本镜像/mods/starcoop/starcoop.sc2mod/base.sc2data/gamedata/actordata.xml	D:\MyWork\新建文件夹\mom.report.client\src\MyMod\crys_the_swarm_reborn.SC2Mod\原始mod\Mods\XM\XMFinal.SC2Mod\Base.SC2Data\GameData\ActorData.xml	added_or_newer_duplicate
DehakaGlevig	CActorUnit	游戏数据/官方SC2原始文本镜像/mods/starcoop/starcoop.sc2mod/base.sc2data/gamedata/actordata.xml	D:\MyWork\新建文件夹\mom.report.client\src\MyMod\crys_the_swarm_reborn.SC2Mod\原始mod\Mods\XM\XMFinal.SC2Mod\Base.SC2Data\GameData\ActorData.xml	added_or_newer_duplicate
DehakaGlevigBase	CActorModel	游戏数据/官方SC2原始文本镜像/mods/starcoop/starcoop.sc2mod/base.sc2data/gamedata/actordata.xml	D:\MyWork\新建文件夹\mom.report.client\src\MyMod\crys_the_swarm_reborn.SC2Mod\原始mod\Mods\XM\XMFinal.SC2Mod\Base.SC2Data\GameData\ActorData.xml	added_or_newer_duplicate
DehakaGlevigFirebreath	CActorRange	游戏数据/官方SC2原始文本镜像/mods/starcoop/starcoop.sc2mod/base.sc2data/gamedata/actordata.xml	D:\MyWork\新建文件夹\mom.report.client\src\MyMod\crys_the_swarm_reborn.SC2Mod\原始mod\Mods\XM\XMFinal.SC2Mod\Base.SC2Data\GameData\ActorData.xml	added_or_newer_duplicate
DehakaGlevigFirebreathGuide	CActorQuad	游戏数据/官方SC2原始文本镜像/mods/starcoop/starcoop.sc2mod/base.sc2data/gamedata/actordata.xml	D:\MyWork\新建文件夹\mom.report.client\src\MyMod\crys_the_swarm_reborn.SC2Mod\原始mod\Mods\XM\XMFinal.SC2Mod\Base.SC2Data\GameData\ActorData.xml	added_or_newer_duplicate
DehakaGlevigStructure	CActorUnit	游戏数据/官方SC2原始文本镜像/mods/starcoop/starcoop.sc2mod/base.sc2data/gamedata/actordata.xml	D:\MyWork\新建文件夹\mom.report.client\src\MyMod\crys_the_swarm_reborn.SC2Mod\原始mod\Mods\XM\XMFinal.SC2Mod\Base.SC2Data\GameData\ActorData.xml	added_or_newer_duplicate
DehakaHatcheryUprooted	CActorUnit	游戏数据/官方SC2原始文本镜像/mods/starcoop/starcoop.sc2mod/base.sc2data/gamedata/actordata.xml	D:\MyWork\新建文件夹\mom.report.client\src\MyMod\crys_the_swarm_reborn.SC2Mod\原始mod\Mods\XM\XMFinal.SC2Mod\Base.SC2Data\GameData\ActorData.xml	added_or_newer_duplicate
DehakaMurvar	CActorUnit	游戏数据/官方SC2原始文本镜像/mods/starcoop/starcoop.sc2mod/base.sc2data/gamedata/actordata.xml	D:\MyWork\新建文件夹\mom.report.client\src\MyMod\crys_the_swarm_reborn.SC2Mod\原始mod\Mods\XM\XMFinal.SC2Mod\Base.SC2Data\GameData\ActorData.xml	added_or_newer_duplicate
DehakaNydusDestroyer	CActorUnit	游戏数据/官方SC2原始文本镜像/mods/starcoop/starcoop.sc2mod/base.sc2data/gamedata/actordata.xml	D:\MyWork\新建文件夹\mom.report.client\src\MyMod\crys_the_swarm_reborn.SC2Mod\原始mod\Mods\XM\XMFinal.SC2Mod\Base.SC2Data\GameData\ActorData.xml	added_or_newer_duplicate
DehakaNydusDestroyerBase	CActorModel	游戏数据/官方SC2原始文本镜像/mods/starcoop/starcoop.sc2mod/base.sc2data/gamedata/actordata.xml	D:\MyWork\新建文件夹\mom.report.client\src\MyMod\crys_the_swarm_reborn.SC2Mod\原始mod\Mods\XM\XMFinal.SC2Mod\Base.SC2Data\GameData\ActorData.xml	added_or_newer_duplicate
DehakaNydusDestroyerBuild	CActorModel	游戏数据/官方SC2原始文本镜像/mods/starcoop/starcoop.sc2mod/base.sc2data/gamedata/actordata.xml	D:\MyWork\新建文件夹\mom.report.client\src\MyMod\crys_the_swarm_reborn.SC2Mod\原始mod\Mods\XM\XMFinal.SC2Mod\Base.SC2Data\GameData\ActorData.xml	added_or_newer_duplicate
DehakaNydusDestroyerTimedNoFood	CActorUnit	游戏数据/官方SC2原始文本镜像/mods/starcoop/starcoop.sc2mod/base.sc2data/gamedata/actordata.xml	D:\MyWork\新建文件夹\mom.report.client\src\MyMod\crys_the_swarm_reborn.SC2Mod\原始mod\Mods\XM\XMFinal.SC2Mod\Base.SC2Data\GameData\ActorData.xml	added_or_newer_duplicate
DehakaNydusDestroyerTimedNoFoodBeam	CActorBeamSimple	游戏数据/官方SC2原始文本镜像/mods/starcoop/starcoop.sc2mod/base.sc2data/gamedata/actordata.xml	D:\MyWork\新建文件夹\mom.report.client\src\MyMod\crys_the_swarm_reborn.SC2Mod\原始mod\Mods\XM\XMFinal.SC2Mod\Base.SC2Data\GameData\ActorData.xml	added_or_newer_duplicate
DrakkenLaserDrillCoop	CActorUnit	游戏数据/官方SC2原始文本镜像/mods/starcoop/starcoop.sc2mod/base.sc2data/gamedata/actordata.xml	D:\MyWork\新建文件夹\mom.report.client\src\MyMod\crys_the_swarm_reborn.SC2Mod\原始mod\Mods\XM\XMFinal.SC2Mod\Base.SC2Data\GameData\ActorData.xml	added_or_newer_duplicate
EvolutionPit	CActorUnit	游戏数据/官方SC2原始文本镜像/mods/starcoop/starcoop.sc2mod/base.sc2data/gamedata/actordata.xml	D:\MyWork\新建文件夹\mom.report.client\src\MyMod\crys_the_swarm_reborn.SC2Mod\原始mod\Mods\XM\XMFinal.SC2Mod\Base.SC2Data\GameData\ActorData.xml	added_or_newer_duplicate
FenixManaDummy1	CActorUnit	游戏数据/官方SC2原始文本镜像/mods/starcoop/starcoop.sc2mod/base.sc2data/gamedata/actordata.xml	D:\MyWork\新建文件夹\mom.report.client\src\MyMod\crys_the_swarm_reborn.SC2Mod\原始mod\Mods\XM\XMFinal.SC2Mod\Base.SC2Data\GameData\ActorData.xml	added_or_newer_duplicate
FenixManaDummy2	CActorUnit	游戏数据/官方SC2原始文本镜像/mods/starcoop/starcoop.sc2mod/base.sc2data/gamedata/actordata.xml	D:\MyWork\新建文件夹\mom.report.client\src\MyMod\crys_the_swarm_reborn.SC2Mod\原始mod\Mods\XM\XMFinal.SC2Mod\Base.SC2Data\GameData\ActorData.xml	added_or_newer_duplicate
Firebat	CActorUnit	游戏数据/官方SC2原始文本镜像/mods/starcoop/starcoop.sc2mod/base.sc2data/gamedata/actordata.xml	D:\MyWork\新建文件夹\mom.report.client\src\MyMod\crys_the_swarm_reborn.SC2Mod\原始mod\Mods\XM\XMFinal.SC2Mod\Base.SC2Data\GameData\ActorData.xml	added_or_newer_duplicate
FlyerHelperSplat	CActorSelection	游戏数据/官方SC2原始文本镜像/mods/starcoop/starcoop.sc2mod/base.sc2data/gamedata/actordata.xml	D:\MyWork\新建文件夹\mom.report.client\src\MyMod\crys_the_swarm_reborn.SC2Mod\原始mod\Mods\XM\XMFinal.SC2Mod\Base.SC2Data\GameData\ActorData.xml	added_or_newer_duplicate
ForceField	CActorUnit	游戏数据/官方SC2原始文本镜像/mods/starcoop/starcoop.sc2mod/base.sc2data/gamedata/actordata.xml	D:\MyWork\新建文件夹\mom.report.client\src\MyMod\crys_the_swarm_reborn.SC2Mod\原始mod\Mods\XM\XMFinal.SC2Mod\Base.SC2Data\GameData\ActorData.xml	added_or_newer_duplicate
GaryBlob	CActorBlob	游戏数据/官方SC2原始文本镜像/mods/starcoop/commanders/egonstetmann.sc2mod/base.sc2data/gamedata/actordata.xml	D:\MyWork\新建文件夹\mom.report.client\src\MyMod\crys_the_swarm_reborn.SC2Mod\原始mod\Mods\XM\XMFinal.SC2Mod\Base.SC2Data\GameData\ActorData.xml	added_or_newer_duplicate
GaryStetmann	CActorUnit	游戏数据/官方SC2原始文本镜像/mods/starcoop/commanders/egonstetmann.sc2mod/base.sc2data/gamedata/actordata.xml	D:\MyWork\新建文件夹\mom.report.client\src\MyMod\crys_the_swarm_reborn.SC2Mod\原始mod\Mods\XM\XMFinal.SC2Mod\Base.SC2Data\GameData\ActorData.xml	added_or_newer_duplicate
GaryStetmannLookAt	CActorLookAt	游戏数据/官方SC2原始文本镜像/mods/starcoop/commanders/egonstetmann.sc2mod/base.sc2data/gamedata/actordata.xml	D:\MyWork\新建文件夹\mom.report.client\src\MyMod\crys_the_swarm_reborn.SC2Mod\原始mod\Mods\XM\XMFinal.SC2Mod\Base.SC2Data\GameData\ActorData.xml	added_or_newer_duplicate
GhostAcademyNova	CActorUnit	游戏数据/官方SC2原始文本镜像/mods/starcoop/starcoop.sc2mod/base.sc2data/gamedata/actordata.xml	D:\MyWork\新建文件夹\mom.report.client\src\MyMod\crys_the_swarm_reborn.SC2Mod\原始mod\Mods\XM\XMFinal.SC2Mod\Base.SC2Data\GameData\ActorData.xml	added_or_newer_duplicate
Glaze_Fenix_Scout_StunMissile	CActorModelMaterial	游戏数据/官方SC2原始文本镜像/mods/starcoop/starcoop.sc2mod/base.sc2data/gamedata/actordata.xml	D:\MyWork\新建文件夹\mom.report.client\src\MyMod\crys_the_swarm_reborn.SC2Mod\原始mod\Mods\XM\XMFinal.SC2Mod\Base.SC2Data\GameData\ActorData.xml	added_or_newer_duplicate
GreaterNydusWorm	CActorUnit	游戏数据/官方SC2原始文本镜像/mods/starcoop/starcoop.sc2mod/base.sc2data/gamedata/actordata.xml	D:\MyWork\新建文件夹\mom.report.client\src\MyMod\crys_the_swarm_reborn.SC2Mod\原始mod\Mods\XM\XMFinal.SC2Mod\Base.SC2Data\GameData\ActorData.xml	skipped_existing
Hatchery	CActorUnit	游戏数据/官方SC2原始文本镜像/mods/starcoop/starcoop.sc2mod/base.sc2data/gamedata/actordata.xml	D:\MyWork\新建文件夹\mom.report.client\src\MyMod\crys_the_swarm_reborn.SC2Mod\原始mod\Mods\XM\XMFinal.SC2Mod\Base.SC2Data\GameData\ActorData.xml	added_or_newer_duplicate
HatcheryStetmann	CActorUnit	游戏数据/官方SC2原始文本镜像/mods/starcoop/commanders/egonstetmann.sc2mod/base.sc2data/gamedata/actordata.xml	D:\MyWork\新建文件夹\mom.report.client\src\MyMod\crys_the_swarm_reborn.SC2Mod\原始mod\Mods\XM\XMFinal.SC2Mod\Base.SC2Data\GameData\ActorData.xml	added_or_newer_duplicate
HHMagneticMine_SpawnerUnit	CActorUnit	游戏数据/官方SC2原始文本镜像/mods/starcoop/starcoop.sc2mod/base.sc2data/gamedata/actordata.xml	D:\MyWork\新建文件夹\mom.report.client\src\MyMod\crys_the_swarm_reborn.SC2Mod\原始mod\Mods\XM\XMFinal.SC2Mod\Base.SC2Data\GameData\ActorData.xml	added_or_newer_duplicate
HHMagneticMine	CActorUnit	游戏数据/官方SC2原始文本镜像/mods/starcoop/starcoop.sc2mod/base.sc2data/gamedata/actordata.xml	D:\MyWork\新建文件夹\mom.report.client\src\MyMod\crys_the_swarm_reborn.SC2Mod\原始mod\Mods\XM\XMFinal.SC2Mod\Base.SC2Data\GameData\ActorData.xml	added_or_newer_duplicate
HHMagneticMineSpawnerUnitPlacement	CActorModel	游戏数据/官方SC2原始文本镜像/mods/starcoop/starcoop.sc2mod/base.sc2data/gamedata/actordata.xml	D:\MyWork\新建文件夹\mom.report.client\src\MyMod\crys_the_swarm_reborn.SC2Mod\原始mod\Mods\XM\XMFinal.SC2Mod\Base.SC2Data\GameData\ActorData.xml	added_or_newer_duplicate
HHMercenarySpaceStation	CActorUnit	游戏数据/官方SC2原始文本镜像/mods/starcoop/starcoop.sc2mod/base.sc2data/gamedata/actordata.xml	D:\MyWork\新建文件夹\mom.report.client\src\MyMod\crys_the_swarm_reborn.SC2Mod\原始mod\Mods\XM\XMFinal.SC2Mod\Base.SC2Data\GameData\ActorData.xml	added_or_newer_duplicate
HighTemplar	CActorUnit	游戏数据/官方SC2原始文本镜像/mods/starcoop/starcoop.sc2mod/base.sc2data/gamedata/actordata.xml	D:\MyWork\新建文件夹\mom.report.client\src\MyMod\crys_the_swarm_reborn.SC2Mod\原始mod\Mods\XM\XMFinal.SC2Mod\Base.SC2Data\GameData\ActorData.xml	skipped_existing
Hive	CActorUnit	游戏数据/官方SC2原始文本镜像/mods/starcoop/starcoop.sc2mod/base.sc2data/gamedata/actordata.xml	D:\MyWork\新建文件夹\mom.report.client\src\MyMod\crys_the_swarm_reborn.SC2Mod\原始mod\Mods\XM\XMFinal.SC2Mod\Base.SC2Data\GameData\ActorData.xml	added_or_newer_duplicate
HiveStetmann	CActorUnit	游戏数据/官方SC2原始文本镜像/mods/starcoop/commanders/egonstetmann.sc2mod/base.sc2data/gamedata/actordata.xml	D:\MyWork\新建文件夹\mom.report.client\src\MyMod\crys_the_swarm_reborn.SC2Mod\原始mod\Mods\XM\XMFinal.SC2Mod\Base.SC2Data\GameData\ActorData.xml	added_or_newer_duplicate
HyperionVoidCoop	CActorUnit	游戏数据/官方SC2原始文本镜像/mods/starcoop/starcoop.sc2mod/base.sc2data/gamedata/actordata.xml	D:\MyWork\新建文件夹\mom.report.client\src\MyMod\crys_the_swarm_reborn.SC2Mod\原始mod\Mods\XM\XMFinal.SC2Mod\Base.SC2Data\GameData\ActorData.xml	added_or_newer_duplicate
Immortal	CActorUnit	游戏数据/官方SC2原始文本镜像/mods/starcoop/starcoop.sc2mod/base.sc2data/gamedata/actordata.xml	D:\MyWork\新建文件夹\mom.report.client\src\MyMod\crys_the_swarm_reborn.SC2Mod\原始mod\Mods\XM\XMFinal.SC2Mod\Base.SC2Data\GameData\ActorData.xml	skipped_existing
K5Kerrigan	CActorMissile	游戏数据/官方SC2原始文本镜像/mods/starcoop/starcoop.sc2mod/base.sc2data/gamedata/actordata.xml	D:\MyWork\新建文件夹\mom.report.client\src\MyMod\crys_the_swarm_reborn.SC2Mod\原始mod\Mods\XM\XMFinal.SC2Mod\Base.SC2Data\GameData\ActorData.xml	skipped_existing
KelMorianAutoTurret	CActorUnit	游戏数据/官方SC2原始文本镜像/mods/starcoop/starcoop.sc2mod/base.sc2data/gamedata/actordata.xml	D:\MyWork\新建文件夹\mom.report.client\src\MyMod\crys_the_swarm_reborn.SC2Mod\原始mod\Mods\XM\XMFinal.SC2Mod\Base.SC2Data\GameData\ActorData.xml	added_or_newer_duplicate
KelMorianAutoTurretProtectRange	CActorRange	游戏数据/官方SC2原始文本镜像/mods/starcoop/starcoop.sc2mod/base.sc2data/gamedata/actordata.xml	D:\MyWork\新建文件夹\mom.report.client\src\MyMod\crys_the_swarm_reborn.SC2Mod\原始mod\Mods\XM\XMFinal.SC2Mod\Base.SC2Data\GameData\ActorData.xml	added_or_newer_duplicate
KelMorianRocketTurretProtectRange	CActorRange	游戏数据/官方SC2原始文本镜像/mods/starcoop/starcoop.sc2mod/base.sc2data/gamedata/actordata.xml	D:\MyWork\新建文件夹\mom.report.client\src\MyMod\crys_the_swarm_reborn.SC2Mod\原始mod\Mods\XM\XMFinal.SC2Mod\Base.SC2Data\GameData\ActorData.xml	added_or_newer_duplicate
KerriganCoop_BurrowSound	CActorSound	游戏数据/官方SC2原始文本镜像/mods/starcoop/starcoop.sc2mod/base.sc2data/gamedata/actordata.xml	D:\MyWork\新建文件夹\mom.report.client\src\MyMod\crys_the_swarm_reborn.SC2Mod\原始mod\Mods\XM\XMFinal.SC2Mod\Base.SC2Data\GameData\ActorData.xml	skipped_existing
KerriganCoop_UnburrowSound	CActorSound	游戏数据/官方SC2原始文本镜像/mods/starcoop/starcoop.sc2mod/base.sc2data/gamedata/actordata.xml	D:\MyWork\新建文件夹\mom.report.client\src\MyMod\crys_the_swarm_reborn.SC2Mod\原始mod\Mods\XM\XMFinal.SC2Mod\Base.SC2Data\GameData\ActorData.xml	skipped_existing
KhaydarinMonolith	CActorUnit	游戏数据/官方SC2原始文本镜像/mods/starcoop/starcoop.sc2mod/base.sc2data/gamedata/actordata.xml	D:\MyWork\新建文件夹\mom.report.client\src\MyMod\crys_the_swarm_reborn.SC2Mod\原始mod\Mods\XM\XMFinal.SC2Mod\Base.SC2Data\GameData\ActorData.xml	skipped_existing
Lair	CActorUnit	游戏数据/官方SC2原始文本镜像/mods/starcoop/starcoop.sc2mod/base.sc2data/gamedata/actordata.xml	D:\MyWork\新建文件夹\mom.report.client\src\MyMod\crys_the_swarm_reborn.SC2Mod\原始mod\Mods\XM\XMFinal.SC2Mod\Base.SC2Data\GameData\ActorData.xml	added_or_newer_duplicate
LairStetmann	CActorUnit	游戏数据/官方SC2原始文本镜像/mods/starcoop/commanders/egonstetmann.sc2mod/base.sc2data/gamedata/actordata.xml	D:\MyWork\新建文件夹\mom.report.client\src\MyMod\crys_the_swarm_reborn.SC2Mod\原始mod\Mods\XM\XMFinal.SC2Mod\Base.SC2Data\GameData\ActorData.xml	added_or_newer_duplicate
LarvaStetmann	CActorUnit	游戏数据/官方SC2原始文本镜像/mods/starcoop/commanders/egonstetmann.sc2mod/base.sc2data/gamedata/actordata.xml	D:\MyWork\新建文件夹\mom.report.client\src\MyMod\crys_the_swarm_reborn.SC2Mod\原始mod\Mods\XM\XMFinal.SC2Mod\Base.SC2Data\GameData\ActorData.xml	added_or_newer_duplicate
LarvaTrain	CActorProgress	游戏数据/官方SC2原始文本镜像/mods/starcoop/starcoop.sc2mod/base.sc2data/gamedata/actordata.xml	D:\MyWork\新建文件夹\mom.report.client\src\MyMod\crys_the_swarm_reborn.SC2Mod\原始mod\Mods\XM\XMFinal.SC2Mod\Base.SC2Data\GameData\ActorData.xml	added_or_newer_duplicate
Medic	CActorUnit	游戏数据/官方SC2原始文本镜像/mods/starcoop/starcoop.sc2mod/base.sc2data/gamedata/actordata.xml	D:\MyWork\新建文件夹\mom.report.client\src\MyMod\crys_the_swarm_reborn.SC2Mod\原始mod\Mods\XM\XMFinal.SC2Mod\Base.SC2Data\GameData\ActorData.xml	added_or_newer_duplicate
MengskUnitColorMacro	CActorEventMacro	游戏数据/官方SC2原始文本镜像/mods/starcoop/commanders/arcturusmengsk.sc2mod/base.sc2data/gamedata/actordata.xml	D:\MyWork\新建文件夹\mom.report.client\src\MyMod\crys_the_swarm_reborn.SC2Mod\原始mod\Mods\XM\XMFinal.SC2Mod\Base.SC2Data\GameData\ActorData.xml	added_or_newer_duplicate
Mohandar	CActorUnit	游戏数据/官方SC2原始文本镜像/mods/starcoop/starcoop.sc2mod/base.sc2data/gamedata/commanders/futurecommanders.xml	D:\MyWork\新建文件夹\mom.report.client\src\MyMod\crys_the_swarm_reborn.SC2Mod\原始mod\Mods\XM\XMFinal.SC2Mod\Base.SC2Data\GameData\ActorData.xml	added_or_newer_duplicate
MonsterLarge_VoxIdleGrowl_DelayedLoopSound	CActorSound	游戏数据/官方SC2原始文本镜像/mods/starcoop/starcoop.sc2mod/base.sc2data/gamedata/actordata.xml	D:\MyWork\新建文件夹\mom.report.client\src\MyMod\crys_the_swarm_reborn.SC2Mod\原始mod\Mods\XM\XMFinal.SC2Mod\Base.SC2Data\GameData\ActorData.xml	added_or_newer_duplicate
Mutalisk	CActorUnit	游戏数据/官方SC2原始文本镜像/mods/starcoop/starcoop.sc2mod/base.sc2data/gamedata/actordata.xml	D:\MyWork\新建文件夹\mom.report.client\src\MyMod\crys_the_swarm_reborn.SC2Mod\原始mod\Mods\XM\XMFinal.SC2Mod\Base.SC2Data\GameData\ActorData.xml	added_or_newer_duplicate
NovaCoop	CActorMissile	游戏数据/官方SC2原始文本镜像/mods/starcoop/starcoop.sc2mod/base.sc2data/gamedata/actordata.xml	D:\MyWork\新建文件夹\mom.report.client\src\MyMod\crys_the_swarm_reborn.SC2Mod\原始mod\Mods\XM\XMFinal.SC2Mod\Base.SC2Data\GameData\ActorData.xml	added_or_newer_duplicate
NovaCoopDecoy	CActorMissile	游戏数据/官方SC2原始文本镜像/mods/starcoop/starcoop.sc2mod/base.sc2data/gamedata/actordata.xml	D:\MyWork\新建文件夹\mom.report.client\src\MyMod\crys_the_swarm_reborn.SC2Mod\原始mod\Mods\XM\XMFinal.SC2Mod\Base.SC2Data\GameData\ActorData.xml	added_or_newer_duplicate
NovaDefensiveMatrixDrone	CActorUnit	游戏数据/官方SC2原始文本镜像/mods/starcoop/starcoop.sc2mod/base.sc2data/gamedata/actordata.xml	D:\MyWork\新建文件夹\mom.report.client\src\MyMod\crys_the_swarm_reborn.SC2Mod\原始mod\Mods\XM\XMFinal.SC2Mod\Base.SC2Data\GameData\ActorData.xml	added_or_newer_duplicate
NovaDefensiveMatrixDronePlaceholderModel	CActorModel	游戏数据/官方SC2原始文本镜像/mods/starcoop/starcoop.sc2mod/base.sc2data/gamedata/actordata.xml	D:\MyWork\新建文件夹\mom.report.client\src\MyMod\crys_the_swarm_reborn.SC2Mod\原始mod\Mods\XM\XMFinal.SC2Mod\Base.SC2Data\GameData\ActorData.xml	added_or_newer_duplicate
NovaOdinAnnihilate	CActorModel	游戏数据/官方SC2原始文本镜像/mods/starcoop/starcoop.sc2mod/base.sc2data/gamedata/actordata.xml	D:\MyWork\新建文件夹\mom.report.client\src\MyMod\crys_the_swarm_reborn.SC2Mod\原始mod\Mods\XM\XMFinal.SC2Mod\Base.SC2Data\GameData\ActorData.xml	added_or_newer_duplicate
NovaStunDrone	CActorUnit	游戏数据/官方SC2原始文本镜像/mods/starcoop/starcoop.sc2mod/base.sc2data/gamedata/actordata.xml	D:\MyWork\新建文件夹\mom.report.client\src\MyMod\crys_the_swarm_reborn.SC2Mod\原始mod\Mods\XM\XMFinal.SC2Mod\Base.SC2Data\GameData\ActorData.xml	added_or_newer_duplicate
NovaStunDronePlaceholderModel	CActorModel	游戏数据/官方SC2原始文本镜像/mods/starcoop/starcoop.sc2mod/base.sc2data/gamedata/actordata.xml	D:\MyWork\新建文件夹\mom.report.client\src\MyMod\crys_the_swarm_reborn.SC2Mod\原始mod\Mods\XM\XMFinal.SC2Mod\Base.SC2Data\GameData\ActorData.xml	added_or_newer_duplicate
Odin	CActorUnit	游戏数据/官方SC2原始文本镜像/mods/starcoop/starcoop.sc2mod/base.sc2data/gamedata/actordata.xml	D:\MyWork\新建文件夹\mom.report.client\src\MyMod\crys_the_swarm_reborn.SC2Mod\原始mod\Mods\XM\XMFinal.SC2Mod\Base.SC2Data\GameData\ActorData.xml	added_or_newer_duplicate
OdinMKII	CActorUnit	游戏数据/官方SC2原始文本镜像/mods/starcoop/starcoop.sc2mod/base.sc2data/gamedata/actordata.xml	D:\MyWork\新建文件夹\mom.report.client\src\MyMod\crys_the_swarm_reborn.SC2Mod\原始mod\Mods\XM\XMFinal.SC2Mod\Base.SC2Data\GameData\ActorData.xml	added_or_newer_duplicate
OdinMKIIWreckage	CActorUnit	游戏数据/官方SC2原始文本镜像/mods/starcoop/starcoop.sc2mod/base.sc2data/gamedata/actordata.xml	D:\MyWork\新建文件夹\mom.report.client\src\MyMod\crys_the_swarm_reborn.SC2Mod\原始mod\Mods\XM\XMFinal.SC2Mod\Base.SC2Data\GameData\ActorData.xml	added_or_newer_duplicate
Overseer	CActorUnit	游戏数据/官方SC2原始文本镜像/mods/starcoop/starcoop.sc2mod/base.sc2data/gamedata/actordata.xml	D:\MyWork\新建文件夹\mom.report.client\src\MyMod\crys_the_swarm_reborn.SC2Mod\原始mod\Mods\XM\XMFinal.SC2Mod\Base.SC2Data\GameData\ActorData.xml	skipped_existing
PhysicsDeathsVoidGround	CActorEventMacro	游戏数据/官方SC2原始文本镜像/mods/starcoop/starcoop.sc2mod/base.sc2data/gamedata/actordata.xml	D:\MyWork\新建文件夹\mom.report.client\src\MyMod\crys_the_swarm_reborn.SC2Mod\原始mod\Mods\XM\XMFinal.SC2Mod\Base.SC2Data\GameData\ActorData.xml	added_or_newer_duplicate
PlacementModel	CActorModel	游戏数据/官方SC2原始文本镜像/mods/starcoop/starcoop.sc2mod/base.sc2data/gamedata/actordata.xml	D:\MyWork\新建文件夹\mom.report.client\src\MyMod\crys_the_swarm_reborn.SC2Mod\原始mod\Mods\XM\XMFinal.SC2Mod\Base.SC2Data\GameData\ActorData.xml	skipped_existing
PowerFieldStetmannMacro	CActorEventMacro	游戏数据/官方SC2原始文本镜像/mods/starcoop/commanders/egonstetmann.sc2mod/base.sc2data/gamedata/actordata.xml	D:\MyWork\新建文件夹\mom.report.client\src\MyMod\crys_the_swarm_reborn.SC2Mod\原始mod\Mods\XM\XMFinal.SC2Mod\Base.SC2Data\GameData\ActorData.xml	added_or_newer_duplicate
PowerTowerStetmann	CActorUnit	游戏数据/官方SC2原始文本镜像/mods/starcoop/commanders/egonstetmann.sc2mod/base.sc2data/gamedata/actordata.xml	D:\MyWork\新建文件夹\mom.report.client\src\MyMod\crys_the_swarm_reborn.SC2Mod\原始mod\Mods\XM\XMFinal.SC2Mod\Base.SC2Data\GameData\ActorData.xml	added_or_newer_duplicate
PowerTowerStetmannDeactivated	CActorUnit	游戏数据/官方SC2原始文本镜像/mods/starcoop/commanders/egonstetmann.sc2mod/base.sc2data/gamedata/actordata.xml	D:\MyWork\新建文件夹\mom.report.client\src\MyMod\crys_the_swarm_reborn.SC2Mod\原始mod\Mods\XM\XMFinal.SC2Mod\Base.SC2Data\GameData\ActorData.xml	added_or_newer_duplicate
PowerTowerStetmannOvercharge	CActorModel	游戏数据/官方SC2原始文本镜像/mods/starcoop/commanders/egonstetmann.sc2mod/base.sc2data/gamedata/actordata.xml	D:\MyWork\新建文件夹\mom.report.client\src\MyMod\crys_the_swarm_reborn.SC2Mod\原始mod\Mods\XM\XMFinal.SC2Mod\Base.SC2Data\GameData\ActorData.xml	added_or_newer_duplicate
PowerTowerStetmannPlacementModel	CActorModel	游戏数据/官方SC2原始文本镜像/mods/starcoop/commanders/egonstetmann.sc2mod/base.sc2data/gamedata/actordata.xml	D:\MyWork\新建文件夹\mom.report.client\src\MyMod\crys_the_swarm_reborn.SC2Mod\原始mod\Mods\XM\XMFinal.SC2Mod\Base.SC2Data\GameData\ActorData.xml	added_or_newer_duplicate
PowerTowerStetmannPlacementPlaceholderModel	CActorModel	游戏数据/官方SC2原始文本镜像/mods/starcoop/commanders/egonstetmann.sc2mod/base.sc2data/gamedata/actordata.xml	D:\MyWork\新建文件夹\mom.report.client\src\MyMod\crys_the_swarm_reborn.SC2Mod\原始mod\Mods\XM\XMFinal.SC2Mod\Base.SC2Data\GameData\ActorData.xml	added_or_newer_duplicate
PowerTowerStetmannRange	CActorRange	游戏数据/官方SC2原始文本镜像/mods/starcoop/commanders/egonstetmann.sc2mod/base.sc2data/gamedata/actordata.xml	D:\MyWork\新建文件夹\mom.report.client\src\MyMod\crys_the_swarm_reborn.SC2Mod\原始mod\Mods\XM\XMFinal.SC2Mod\Base.SC2Data\GameData\ActorData.xml	added_or_newer_duplicate
Primal_Zerg_Spit	CActorModel	游戏数据/官方SC2原始文本镜像/mods/starcoop/starcoop.sc2mod/base.sc2data/gamedata/actordata.xml	D:\MyWork\新建文件夹\mom.report.client\src\MyMod\crys_the_swarm_reborn.SC2Mod\原始mod\Mods\XM\XMFinal.SC2Mod\Base.SC2Data\GameData\ActorData.xml	added_or_newer_duplicate
Queen	CActorUnit	游戏数据/官方SC2原始文本镜像/mods/starcoop/starcoop.sc2mod/base.sc2data/gamedata/actordata.xml	D:\MyWork\新建文件夹\mom.report.client\src\MyMod\crys_the_swarm_reborn.SC2Mod\原始mod\Mods\XM\XMFinal.SC2Mod\Base.SC2Data\GameData\ActorData.xml	added_or_newer_duplicate
QueueAnim	CActorEventMacro	游戏数据/官方SC2原始文本镜像/mods/starcoop/starcoop.sc2mod/base.sc2data/gamedata/actordata.xml	D:\MyWork\新建文件夹\mom.report.client\src\MyMod\crys_the_swarm_reborn.SC2Mod\原始mod\Mods\XM\XMFinal.SC2Mod\Base.SC2Data\GameData\ActorData.xml	skipped_existing
Scourge	CActorUnit	游戏数据/官方SC2原始文本镜像/mods/starcoop/starcoop.sc2mod/base.sc2data/gamedata/actordata.xml	D:\MyWork\新建文件夹\mom.report.client\src\MyMod\crys_the_swarm_reborn.SC2Mod\原始mod\Mods\XM\XMFinal.SC2Mod\Base.SC2Data\GameData\ActorData.xml	skipped_existing
SICommandCenter	CActorUnit	游戏数据/官方SC2原始文本镜像/mods/starcoop/starcoop.sc2mod/base.sc2data/gamedata/actordata.xml	D:\MyWork\新建文件夹\mom.report.client\src\MyMod\crys_the_swarm_reborn.SC2Mod\原始mod\Mods\XM\XMFinal.SC2Mod\Base.SC2Data\GameData\ActorData.xml	added_or_newer_duplicate
SiegeTank_BlackOps_JumpJets_Land	CActorModel	游戏数据/官方SC2原始文本镜像/mods/starcoop/starcoop.sc2mod/base.sc2data/gamedata/actordata.xml	D:\MyWork\新建文件夹\mom.report.client\src\MyMod\crys_the_swarm_reborn.SC2Mod\原始mod\Mods\XM\XMFinal.SC2Mod\Base.SC2Data\GameData\ActorData.xml	added_or_newer_duplicate
SiegeTank	CActorUnit	游戏数据/官方SC2原始文本镜像/mods/starcoop/starcoop.sc2mod/base.sc2data/gamedata/actordata.xml	D:\MyWork\新建文件夹\mom.report.client\src\MyMod\crys_the_swarm_reborn.SC2Mod\原始mod\Mods\XM\XMFinal.SC2Mod\Base.SC2Data\GameData\ActorData.xml	skipped_existing
SiegeTankSieged	CActorUnit	游戏数据/官方SC2原始文本镜像/mods/starcoop/starcoop.sc2mod/base.sc2data/gamedata/actordata.xml	D:\MyWork\新建文件夹\mom.report.client\src\MyMod\crys_the_swarm_reborn.SC2Mod\原始mod\Mods\XM\XMFinal.SC2Mod\Base.SC2Data\GameData\ActorData.xml	skipped_existing
SISCV	CActorUnit	游戏数据/官方SC2原始文本镜像/mods/starcoop/starcoop.sc2mod/base.sc2data/gamedata/actordata.xml	D:\MyWork\新建文件夹\mom.report.client\src\MyMod\crys_the_swarm_reborn.SC2Mod\原始mod\Mods\XM\XMFinal.SC2Mod\Base.SC2Data\GameData\ActorData.xml	added_or_newer_duplicate
Snapshot	CActorSnapshot	游戏数据/官方SC2原始文本镜像/mods/starcoop/starcoop.sc2mod/base.sc2data/gamedata/actordata.xml	D:\MyWork\新建文件夹\mom.report.client\src\MyMod\crys_the_swarm_reborn.SC2Mod\原始mod\Mods\XM\XMFinal.SC2Mod\Base.SC2Data\GameData\ActorData.xml	added_or_newer_duplicate
SoACasterArtanis	CActorUnit	游戏数据/官方SC2原始文本镜像/mods/starcoop/starcoop.sc2mod/base.sc2data/gamedata/actordata.xml	D:\MyWork\新建文件夹\mom.report.client\src\MyMod\crys_the_swarm_reborn.SC2Mod\原始mod\Mods\XM\XMFinal.SC2Mod\Base.SC2Data\GameData\ActorData.xml	skipped_existing
SoACasterFenix	CActorUnit	游戏数据/官方SC2原始文本镜像/mods/starcoop/starcoop.sc2mod/base.sc2data/gamedata/actordata.xml	D:\MyWork\新建文件夹\mom.report.client\src\MyMod\crys_the_swarm_reborn.SC2Mod\原始mod\Mods\XM\XMFinal.SC2Mod\Base.SC2Data\GameData\ActorData.xml	skipped_existing
SoACasterKarax	CActorUnit	游戏数据/官方SC2原始文本镜像/mods/starcoop/starcoop.sc2mod/base.sc2data/gamedata/actordata.xml	D:\MyWork\新建文件夹\mom.report.client\src\MyMod\crys_the_swarm_reborn.SC2Mod\原始mod\Mods\XM\XMFinal.SC2Mod\Base.SC2Data\GameData\ActorData.xml	skipped_existing
SoACasterVorazun	CActorUnit	游戏数据/官方SC2原始文本镜像/mods/starcoop/starcoop.sc2mod/base.sc2data/gamedata/actordata.xml	D:\MyWork\新建文件夹\mom.report.client\src\MyMod\crys_the_swarm_reborn.SC2Mod\原始mod\Mods\XM\XMFinal.SC2Mod\Base.SC2Data\GameData\ActorData.xml	skipped_existing
SOAMapWideChrono	CActorModel	游戏数据/官方SC2原始文本镜像/mods/starcoop/starcoop.sc2mod/base.sc2data/gamedata/actordata.xml	D:\MyWork\新建文件夹\mom.report.client\src\MyMod\crys_the_swarm_reborn.SC2Mod\原始mod\Mods\XM\XMFinal.SC2Mod\Base.SC2Data\GameData\ActorData.xml	skipped_existing
SOAMothershipv4	CActorUnit	游戏数据/官方SC2原始文本镜像/mods/starcoop/starcoop.sc2mod/base.sc2data/gamedata/actordata.xml	D:\MyWork\新建文件夹\mom.report.client\src\MyMod\crys_the_swarm_reborn.SC2Mod\原始mod\Mods\XM\XMFinal.SC2Mod\Base.SC2Data\GameData\ActorData.xml	skipped_existing
SOAPurifierBeam	CActorModel	游戏数据/官方SC2原始文本镜像/mods/starcoop/starcoop.sc2mod/base.sc2data/gamedata/actordata.xml	D:\MyWork\新建文件夹\mom.report.client\src\MyMod\crys_the_swarm_reborn.SC2Mod\原始mod\Mods\XM\XMFinal.SC2Mod\Base.SC2Data\GameData\ActorData.xml	skipped_existing
SOARepairBeam	CActorModel	游戏数据/官方SC2原始文本镜像/mods/starcoop/starcoop.sc2mod/base.sc2data/gamedata/actordata.xml	D:\MyWork\新建文件夹\mom.report.client\src\MyMod\crys_the_swarm_reborn.SC2Mod\原始mod\Mods\XM\XMFinal.SC2Mod\Base.SC2Data\GameData\ActorData.xml	skipped_existing
StetmannBlob	CActorBlob	游戏数据/官方SC2原始文本镜像/mods/starcoop/commanders/egonstetmann.sc2mod/base.sc2data/gamedata/actordata.xml	D:\MyWork\新建文件夹\mom.report.client\src\MyMod\crys_the_swarm_reborn.SC2Mod\原始mod\Mods\XM\XMFinal.SC2Mod\Base.SC2Data\GameData\ActorData.xml	added_or_newer_duplicate
StetmannGaryPowerTargetingHelperList	CActorList	游戏数据/官方SC2原始文本镜像/mods/starcoop/commanders/egonstetmann.sc2mod/base.sc2data/gamedata/actordata.xml	D:\MyWork\新建文件夹\mom.report.client\src\MyMod\crys_the_swarm_reborn.SC2Mod\原始mod\Mods\XM\XMFinal.SC2Mod\Base.SC2Data\GameData\ActorData.xml	added_or_newer_duplicate
StukovAleksander	CActorUnit	游戏数据/官方SC2原始文本镜像/mods/starcoop/starcoop.sc2mod/base.sc2data/gamedata/actordata.xml	D:\MyWork\新建文件夹\mom.report.client\src\MyMod\crys_the_swarm_reborn.SC2Mod\原始mod\Mods\XM\XMFinal.SC2Mod\Base.SC2Data\GameData\ActorData.xml	added_or_newer_duplicate
StukovAleksanderCrash_EngineWhine	CActorSound	游戏数据/官方SC2原始文本镜像/mods/starcoop/starcoop.sc2mod/base.sc2data/gamedata/actordata.xml	D:\MyWork\新建文件夹\mom.report.client\src\MyMod\crys_the_swarm_reborn.SC2Mod\原始mod\Mods\XM\XMFinal.SC2Mod\Base.SC2Data\GameData\ActorData.xml	added_or_newer_duplicate
StukovAleksanderCrashed	CActorUnit	游戏数据/官方SC2原始文本镜像/mods/starcoop/starcoop.sc2mod/base.sc2data/gamedata/actordata.xml	D:\MyWork\新建文件夹\mom.report.client\src\MyMod\crys_the_swarm_reborn.SC2Mod\原始mod\Mods\XM\XMFinal.SC2Mod\Base.SC2Data\GameData\ActorData.xml	added_or_newer_duplicate
StukovAleksanderInfestedSwarmTarget	CActorModel	游戏数据/官方SC2原始文本镜像/mods/starcoop/starcoop.sc2mod/base.sc2data/gamedata/actordata.xml	D:\MyWork\新建文件夹\mom.report.client\src\MyMod\crys_the_swarm_reborn.SC2Mod\原始mod\Mods\XM\XMFinal.SC2Mod\Base.SC2Data\GameData\ActorData.xml	added_or_newer_duplicate
StukovAleksanderMinimap	CActorMinimap	游戏数据/官方SC2原始文本镜像/mods/starcoop/starcoop.sc2mod/base.sc2data/gamedata/actordata.xml	D:\MyWork\新建文件夹\mom.report.client\src\MyMod\crys_the_swarm_reborn.SC2Mod\原始mod\Mods\XM\XMFinal.SC2Mod\Base.SC2Data\GameData\ActorData.xml	added_or_newer_duplicate
StukovApocalisk	CActorUnit	游戏数据/官方SC2原始文本镜像/mods/starcoop/starcoop.sc2mod/base.sc2data/gamedata/actordata.xml	D:\MyWork\新建文件夹\mom.report.client\src\MyMod\crys_the_swarm_reborn.SC2Mod\原始mod\Mods\XM\XMFinal.SC2Mod\Base.SC2Data\GameData\ActorData.xml	added_or_newer_duplicate
StukovApocaliskBurrowChargeSprintSound	CActorSound	游戏数据/官方SC2原始文本镜像/mods/starcoop/starcoop.sc2mod/base.sc2data/gamedata/actordata.xml	D:\MyWork\新建文件夹\mom.report.client\src\MyMod\crys_the_swarm_reborn.SC2Mod\原始mod\Mods\XM\XMFinal.SC2Mod\Base.SC2Data\GameData\ActorData.xml	added_or_newer_duplicate
StukovApocaliskChargeImpactSound	CActorSound	游戏数据/官方SC2原始文本镜像/mods/starcoop/starcoop.sc2mod/base.sc2data/gamedata/actordata.xml	D:\MyWork\新建文件夹\mom.report.client\src\MyMod\crys_the_swarm_reborn.SC2Mod\原始mod\Mods\XM\XMFinal.SC2Mod\Base.SC2Data\GameData\ActorData.xml	added_or_newer_duplicate
StukovApocaliskFlameLeftSide	CActorModel	游戏数据/官方SC2原始文本镜像/mods/starcoop/starcoop.sc2mod/base.sc2data/gamedata/actordata.xml	D:\MyWork\新建文件夹\mom.report.client\src\MyMod\crys_the_swarm_reborn.SC2Mod\原始mod\Mods\XM\XMFinal.SC2Mod\Base.SC2Data\GameData\ActorData.xml	added_or_newer_duplicate
StukovApocaliskFlameRightSide	CActorModel	游戏数据/官方SC2原始文本镜像/mods/starcoop/starcoop.sc2mod/base.sc2data/gamedata/actordata.xml	D:\MyWork\新建文件夹\mom.report.client\src\MyMod\crys_the_swarm_reborn.SC2Mod\原始mod\Mods\XM\XMFinal.SC2Mod\Base.SC2Data\GameData\ActorData.xml	added_or_newer_duplicate
StukovApocaliskMinimap	CActorMinimap	游戏数据/官方SC2原始文本镜像/mods/starcoop/starcoop.sc2mod/base.sc2data/gamedata/actordata.xml	D:\MyWork\新建文件夹\mom.report.client\src\MyMod\crys_the_swarm_reborn.SC2Mod\原始mod\Mods\XM\XMFinal.SC2Mod\Base.SC2Data\GameData\ActorData.xml	added_or_newer_duplicate
SuperGaryStetmann	CActorUnit	游戏数据/官方SC2原始文本镜像/mods/starcoop/commanders/egonstetmann.sc2mod/base.sc2data/gamedata/actordata.xml	D:\MyWork\新建文件夹\mom.report.client\src\MyMod\crys_the_swarm_reborn.SC2Mod\原始mod\Mods\XM\XMFinal.SC2Mod\Base.SC2Data\GameData\ActorData.xml	added_or_newer_duplicate
SupplyDepot	CActorUnit	游戏数据/官方SC2原始文本镜像/mods/starcoop/starcoop.sc2mod/base.sc2data/gamedata/actordata.xml	D:\MyWork\新建文件夹\mom.report.client\src\MyMod\crys_the_swarm_reborn.SC2Mod\原始mod\Mods\XM\XMFinal.SC2Mod\Base.SC2Data\GameData\ActorData.xml	skipped_existing
Thor	CActorUnit	游戏数据/官方SC2原始文本镜像/mods/starcoop/starcoop.sc2mod/base.sc2data/gamedata/actordata.xml	D:\MyWork\新建文件夹\mom.report.client\src\MyMod\crys_the_swarm_reborn.SC2Mod\原始mod\Mods\XM\XMFinal.SC2Mod\Base.SC2Data\GameData\ActorData.xml	added_or_newer_duplicate
ToxicNest	CActorUnit	游戏数据/官方SC2原始文本镜像/mods/starcoop/starcoop.sc2mod/base.sc2data/gamedata/actordata.xml	D:\MyWork\新建文件夹\mom.report.client\src\MyMod\crys_the_swarm_reborn.SC2Mod\原始mod\Mods\XM\XMFinal.SC2Mod\Base.SC2Data\GameData\ActorData.xml	added_or_newer_duplicate
ToxicNestHitTest	CActorModel	游戏数据/官方SC2原始文本镜像/mods/starcoop/starcoop.sc2mod/base.sc2data/gamedata/actordata.xml	D:\MyWork\新建文件夹\mom.report.client\src\MyMod\crys_the_swarm_reborn.SC2Mod\原始mod\Mods\XM\XMFinal.SC2Mod\Base.SC2Data\GameData\ActorData.xml	added_or_newer_duplicate
ToxicNestRangeSplat	CActorSplat	游戏数据/官方SC2原始文本镜像/mods/starcoop/starcoop.sc2mod/base.sc2data/gamedata/actordata.xml	D:\MyWork\新建文件夹\mom.report.client\src\MyMod\crys_the_swarm_reborn.SC2Mod\原始mod\Mods\XM\XMFinal.SC2Mod\Base.SC2Data\GameData\ActorData.xml	added_or_newer_duplicate
TychusDecalMacro	CActorEventMacro	游戏数据/官方SC2原始文本镜像/mods/starcoop/starcoop.sc2mod/base.sc2data/gamedata/commanders/commandertychus.xml	D:\MyWork\新建文件夹\mom.report.client\src\MyMod\crys_the_swarm_reborn.SC2Mod\原始mod\Mods\XM\XMFinal.SC2Mod\Base.SC2Data\GameData\ActorData.xml	added_or_newer_duplicate
TychusFirebat	CActorUnit	游戏数据/官方SC2原始文本镜像/mods/starcoop/starcoop.sc2mod/base.sc2data/gamedata/commanders/commandertychus.xml	D:\MyWork\新建文件夹\mom.report.client\src\MyMod\crys_the_swarm_reborn.SC2Mod\原始mod\Mods\XM\XMFinal.SC2Mod\Base.SC2Data\GameData\ActorData.xml	added_or_newer_duplicate
TychusGhost	CActorUnit	游戏数据/官方SC2原始文本镜像/mods/starcoop/starcoop.sc2mod/base.sc2data/gamedata/commanders/commandertychus.xml	D:\MyWork\新建文件夹\mom.report.client\src\MyMod\crys_the_swarm_reborn.SC2Mod\原始mod\Mods\XM\XMFinal.SC2Mod\Base.SC2Data\GameData\ActorData.xml	added_or_newer_duplicate
TychusMarauder	CActorUnit	游戏数据/官方SC2原始文本镜像/mods/starcoop/starcoop.sc2mod/base.sc2data/gamedata/commanders/commandertychus.xml	D:\MyWork\新建文件夹\mom.report.client\src\MyMod\crys_the_swarm_reborn.SC2Mod\原始mod\Mods\XM\XMFinal.SC2Mod\Base.SC2Data\GameData\ActorData.xml	added_or_newer_duplicate
TychusMedic	CActorUnit	游戏数据/官方SC2原始文本镜像/mods/starcoop/starcoop.sc2mod/base.sc2data/gamedata/commanders/commandertychus.xml	D:\MyWork\新建文件夹\mom.report.client\src\MyMod\crys_the_swarm_reborn.SC2Mod\原始mod\Mods\XM\XMFinal.SC2Mod\Base.SC2Data\GameData\ActorData.xml	added_or_newer_duplicate
TychusMedivacPlatform	CActorUnit	游戏数据/官方SC2原始文本镜像/mods/starcoop/starcoop.sc2mod/base.sc2data/gamedata/commanders/commandertychus.xml	D:\MyWork\新建文件夹\mom.report.client\src\MyMod\crys_the_swarm_reborn.SC2Mod\原始mod\Mods\XM\XMFinal.SC2Mod\Base.SC2Data\GameData\ActorData.xml	added_or_newer_duplicate
TychusOdin_DropLand_AS	CActorSound	游戏数据/官方SC2原始文本镜像/mods/starcoop/starcoop.sc2mod/base.sc2data/gamedata/commanders/commandertychus.xml	D:\MyWork\新建文件夹\mom.report.client\src\MyMod\crys_the_swarm_reborn.SC2Mod\原始mod\Mods\XM\XMFinal.SC2Mod\Base.SC2Data\GameData\ActorData.xml	added_or_newer_duplicate
TychusOdin	CActorUnit	游戏数据/官方SC2原始文本镜像/mods/starcoop/starcoop.sc2mod/base.sc2data/gamedata/commanders/commandertychus.xml	D:\MyWork\新建文件夹\mom.report.client\src\MyMod\crys_the_swarm_reborn.SC2Mod\原始mod\Mods\XM\XMFinal.SC2Mod\Base.SC2Data\GameData\ActorData.xml	added_or_newer_duplicate
TychusOdinDeathTimeOut	CActorModel	游戏数据/官方SC2原始文本镜像/mods/starcoop/starcoop.sc2mod/base.sc2data/gamedata/commanders/commandertychus.xml	D:\MyWork\新建文件夹\mom.report.client\src\MyMod\crys_the_swarm_reborn.SC2Mod\原始mod\Mods\XM\XMFinal.SC2Mod\Base.SC2Data\GameData\ActorData.xml	added_or_newer_duplicate
TychusOdinDeathTimeOutAttachment	CActorModel	游戏数据/官方SC2原始文本镜像/mods/starcoop/starcoop.sc2mod/base.sc2data/gamedata/commanders/commandertychus.xml	D:\MyWork\新建文件夹\mom.report.client\src\MyMod\crys_the_swarm_reborn.SC2Mod\原始mod\Mods\XM\XMFinal.SC2Mod\Base.SC2Data\GameData\ActorData.xml	added_or_newer_duplicate
TychusReaper	CActorMissile	游戏数据/官方SC2原始文本镜像/mods/starcoop/starcoop.sc2mod/base.sc2data/gamedata/commanders/commandertychus.xml	D:\MyWork\新建文件夹\mom.report.client\src\MyMod\crys_the_swarm_reborn.SC2Mod\原始mod\Mods\XM\XMFinal.SC2Mod\Base.SC2Data\GameData\ActorData.xml	added_or_newer_duplicate
TychusResearchCenterIntroDust	CActorModel	游戏数据/官方SC2原始文本镜像/mods/starcoop/starcoop.sc2mod/base.sc2data/gamedata/commanders/commandertychus.xml	D:\MyWork\新建文件夹\mom.report.client\src\MyMod\crys_the_swarm_reborn.SC2Mod\原始mod\Mods\XM\XMFinal.SC2Mod\Base.SC2Data\GameData\ActorData.xml	added_or_newer_duplicate
TychusSpectre	CActorUnit	游戏数据/官方SC2原始文本镜像/mods/starcoop/starcoop.sc2mod/base.sc2data/gamedata/commanders/commandertychus.xml	D:\MyWork\新建文件夹\mom.report.client\src\MyMod\crys_the_swarm_reborn.SC2Mod\原始mod\Mods\XM\XMFinal.SC2Mod\Base.SC2Data\GameData\ActorData.xml	added_or_newer_duplicate
UnitSoundPowerTower	CActorSound	游戏数据/官方SC2原始文本镜像/mods/starcoop/commanders/egonstetmann.sc2mod/base.sc2data/gamedata/actordata.xml	D:\MyWork\新建文件夹\mom.report.client\src\MyMod\crys_the_swarm_reborn.SC2Mod\原始mod\Mods\XM\XMFinal.SC2Mod\Base.SC2Data\GameData\ActorData.xml	added_or_newer_duplicate
UnloadDropAnim	CActorEventMacro	游戏数据/官方SC2原始文本镜像/mods/starcoop/starcoop.sc2mod/base.sc2data/gamedata/actordata.xml	D:\MyWork\新建文件夹\mom.report.client\src\MyMod\crys_the_swarm_reborn.SC2Mod\原始mod\Mods\XM\XMFinal.SC2Mod\Base.SC2Data\GameData\ActorData.xml	added_or_newer_duplicate
UnloadDropAnim	CActorEventMacro	游戏数据/官方SC2原始文本镜像/mods/starcoop/commanders/arcturusmengsk.sc2mod/base.sc2data/gamedata/actordata.xml	D:\MyWork\新建文件夹\mom.report.client\src\MyMod\crys_the_swarm_reborn.SC2Mod\原始mod\Mods\XM\XMFinal.SC2Mod\Base.SC2Data\GameData\ActorData.xml	added_or_newer_duplicate
VikingFighter	CActorUnit	游戏数据/官方SC2原始文本镜像/mods/starcoop/starcoop.sc2mod/base.sc2data/gamedata/actordata.xml	D:\MyWork\新建文件夹\mom.report.client\src\MyMod\crys_the_swarm_reborn.SC2Mod\原始mod\Mods\XM\XMFinal.SC2Mod\Base.SC2Data\GameData\ActorData.xml	added_or_newer_duplicate
VoidRayTaldarim	CActorUnit	游戏数据/官方SC2原始文本镜像/mods/starcoop/starcoop.sc2mod/base.sc2data/gamedata/actordata.xml	D:\MyWork\新建文件夹\mom.report.client\src\MyMod\crys_the_swarm_reborn.SC2Mod\原始mod\Mods\XM\XMFinal.SC2Mod\Base.SC2Data\GameData\ActorData.xml	added_or_newer_duplicate
VoidSentryBlackHole	CActorModel	游戏数据/官方SC2原始文本镜像/mods/starcoop/starcoop.sc2mod/base.sc2data/gamedata/actordata.xml	D:\MyWork\新建文件夹\mom.report.client\src\MyMod\crys_the_swarm_reborn.SC2Mod\原始mod\Mods\XM\XMFinal.SC2Mod\Base.SC2Data\GameData\ActorData.xml	skipped_existing
VorazunShadowGuard	CActorUnit	游戏数据/官方SC2原始文本镜像/mods/starcoop/starcoop.sc2mod/base.sc2data/gamedata/actordata.xml	D:\MyWork\新建文件夹\mom.report.client\src\MyMod\crys_the_swarm_reborn.SC2Mod\原始mod\Mods\XM\XMFinal.SC2Mod\Base.SC2Data\GameData\ActorData.xml	added_or_newer_duplicate
ZagaraAC_BanelingBarrageLaunchSound	CActorSound	游戏数据/官方SC2原始文本镜像/mods/starcoop/starcoop.sc2mod/base.sc2data/gamedata/actordata.xml	D:\MyWork\新建文件夹\mom.report.client\src\MyMod\crys_the_swarm_reborn.SC2Mod\原始mod\Mods\XM\XMFinal.SC2Mod\Base.SC2Data\GameData\ActorData.xml	added_or_newer_duplicate
ZagaraAC_BurrowSound	CActorSound	游戏数据/官方SC2原始文本镜像/mods/starcoop/starcoop.sc2mod/base.sc2data/gamedata/actordata.xml	D:\MyWork\新建文件夹\mom.report.client\src\MyMod\crys_the_swarm_reborn.SC2Mod\原始mod\Mods\XM\XMFinal.SC2Mod\Base.SC2Data\GameData\ActorData.xml	added_or_newer_duplicate
ZagaraAC_DeathSweetener	CActorSound	游戏数据/官方SC2原始文本镜像/mods/starcoop/starcoop.sc2mod/base.sc2data/gamedata/actordata.xml	D:\MyWork\新建文件夹\mom.report.client\src\MyMod\crys_the_swarm_reborn.SC2Mod\原始mod\Mods\XM\XMFinal.SC2Mod\Base.SC2Data\GameData\ActorData.xml	added_or_newer_duplicate
ZagaraAC_UnburrowSound	CActorSound	游戏数据/官方SC2原始文本镜像/mods/starcoop/starcoop.sc2mod/base.sc2data/gamedata/actordata.xml	D:\MyWork\新建文件夹\mom.report.client\src\MyMod\crys_the_swarm_reborn.SC2Mod\原始mod\Mods\XM\XMFinal.SC2Mod\Base.SC2Data\GameData\ActorData.xml	added_or_newer_duplicate
ZagaraCorruptor	CActorUnit	游戏数据/官方SC2原始文本镜像/mods/starcoop/starcoop.sc2mod/base.sc2data/gamedata/actordata.xml	D:\MyWork\新建文件夹\mom.report.client\src\MyMod\crys_the_swarm_reborn.SC2Mod\原始mod\Mods\XM\XMFinal.SC2Mod\Base.SC2Data\GameData\ActorData.xml	added_or_newer_duplicate
ZagaraHero_Ready	CActorSound	游戏数据/官方SC2原始文本镜像/mods/starcoop/starcoop.sc2mod/base.sc2data/gamedata/actordata.xml	D:\MyWork\新建文件夹\mom.report.client\src\MyMod\crys_the_swarm_reborn.SC2Mod\原始mod\Mods\XM\XMFinal.SC2Mod\Base.SC2Data\GameData\ActorData.xml	added_or_newer_duplicate
ZagaraVoidCoop	CActorMissile	游戏数据/官方SC2原始文本镜像/mods/starcoop/starcoop.sc2mod/base.sc2data/gamedata/actordata.xml	D:\MyWork\新建文件夹\mom.report.client\src\MyMod\crys_the_swarm_reborn.SC2Mod\原始mod\Mods\XM\XMFinal.SC2Mod\Base.SC2Data\GameData\ActorData.xml	skipped_existing
ZagaraVoidCoopDevouringMaw	CActorUnit	游戏数据/官方SC2原始文本镜像/mods/starcoop/starcoop.sc2mod/base.sc2data/gamedata/actordata.xml	D:\MyWork\新建文件夹\mom.report.client\src\MyMod\crys_the_swarm_reborn.SC2Mod\原始mod\Mods\XM\XMFinal.SC2Mod\Base.SC2Data\GameData\ActorData.xml	added_or_newer_duplicate
Zealot	CActorUnit	游戏数据/官方SC2原始文本镜像/mods/starcoop/starcoop.sc2mod/base.sc2data/gamedata/actordata.xml	D:\MyWork\新建文件夹\mom.report.client\src\MyMod\crys_the_swarm_reborn.SC2Mod\原始mod\Mods\XM\XMFinal.SC2Mod\Base.SC2Data\GameData\ActorData.xml	skipped_existing
Zeratul_AC_Construct_HornBlast_AS	CActorSound	游戏数据/官方SC2原始文本镜像/mods/starcoop/starcoop.sc2mod/base.sc2data/gamedata/commanders/futurecommanders.xml	D:\MyWork\新建文件夹\mom.report.client\src\MyMod\crys_the_swarm_reborn.SC2Mod\原始mod\Mods\XM\XMFinal.SC2Mod\Base.SC2Data\GameData\ActorData.xml	added_or_newer_duplicate
ZeratulBlackHole	CActorModel	游戏数据/官方SC2原始文本镜像/mods/starcoop/starcoop.sc2mod/base.sc2data/gamedata/commanders/futurecommanders.xml	D:\MyWork\新建文件夹\mom.report.client\src\MyMod\crys_the_swarm_reborn.SC2Mod\原始mod\Mods\XM\XMFinal.SC2Mod\Base.SC2Data\GameData\ActorData.xml	added_or_newer_duplicate
ZeratulBlink	CActorRange	游戏数据/官方SC2原始文本镜像/mods/starcoop/starcoop.sc2mod/base.sc2data/gamedata/commanders/futurecommanders.xml	D:\MyWork\新建文件夹\mom.report.client\src\MyMod\crys_the_swarm_reborn.SC2Mod\原始mod\Mods\XM\XMFinal.SC2Mod\Base.SC2Data\GameData\ActorData.xml	added_or_newer_duplicate
ZeratulBuildingPowerUp	CActorEventMacro	游戏数据/官方SC2原始文本镜像/mods/starcoop/starcoop.sc2mod/base.sc2data/gamedata/commanders/futurecommanders.xml	D:\MyWork\新建文件夹\mom.report.client\src\MyMod\crys_the_swarm_reborn.SC2Mod\原始mod\Mods\XM\XMFinal.SC2Mod\Base.SC2Data\GameData\ActorData.xml	added_or_newer_duplicate
ZeratulConstructEvolutionAuraRange	CActorRange	游戏数据/官方SC2原始文本镜像/mods/starcoop/starcoop.sc2mod/base.sc2data/gamedata/commanders/futurecommanders.xml	D:\MyWork\新建文件夹\mom.report.client\src\MyMod\crys_the_swarm_reborn.SC2Mod\原始mod\Mods\XM\XMFinal.SC2Mod\Base.SC2Data\GameData\ActorData.xml	added_or_newer_duplicate
ZeratulDarkArchon	CActorUnit	游戏数据/官方SC2原始文本镜像/mods/starcoop/starcoop.sc2mod/base.sc2data/gamedata/commanders/futurecommanders.xml	D:\MyWork\新建文件夹\mom.report.client\src\MyMod\crys_the_swarm_reborn.SC2Mod\原始mod\Mods\XM\XMFinal.SC2Mod\Base.SC2Data\GameData\ActorData.xml	added_or_newer_duplicate
ZeratulDarkTemplarBlink	CActorRange	游戏数据/官方SC2原始文本镜像/mods/starcoop/starcoop.sc2mod/base.sc2data/gamedata/commanders/futurecommanders.xml	D:\MyWork\新建文件夹\mom.report.client\src\MyMod\crys_the_swarm_reborn.SC2Mod\原始mod\Mods\XM\XMFinal.SC2Mod\Base.SC2Data\GameData\ActorData.xml	added_or_newer_duplicate
ZeratulHeroDarkArchon	CActorUnit	游戏数据/官方SC2原始文本镜像/mods/starcoop/starcoop.sc2mod/base.sc2data/gamedata/commanders/futurecommanders.xml	D:\MyWork\新建文件夹\mom.report.client\src\MyMod\crys_the_swarm_reborn.SC2Mod\原始mod\Mods\XM\XMFinal.SC2Mod\Base.SC2Data\GameData\ActorData.xml	added_or_newer_duplicate
ZeratulKhaydarinMonolith	CActorUnit	游戏数据/官方SC2原始文本镜像/mods/starcoop/starcoop.sc2mod/base.sc2data/gamedata/commanders/futurecommanders.xml	D:\MyWork\新建文件夹\mom.report.client\src\MyMod\crys_the_swarm_reborn.SC2Mod\原始mod\Mods\XM\XMFinal.SC2Mod\Base.SC2Data\GameData\ActorData.xml	added_or_newer_duplicate
ZeratulKhaydarinMonolithProjection	CActorUnit	游戏数据/官方SC2原始文本镜像/mods/starcoop/starcoop.sc2mod/base.sc2data/gamedata/commanders/futurecommanders.xml	D:\MyWork\新建文件夹\mom.report.client\src\MyMod\crys_the_swarm_reborn.SC2Mod\原始mod\Mods\XM\XMFinal.SC2Mod\Base.SC2Data\GameData\ActorData.xml	added_or_newer_duplicate
ZeratulKhaydarinMonolithProjectionBirthFX	CActorModel	游戏数据/官方SC2原始文本镜像/mods/starcoop/starcoop.sc2mod/base.sc2data/gamedata/commanders/futurecommanders.xml	D:\MyWork\新建文件夹\mom.report.client\src\MyMod\crys_the_swarm_reborn.SC2Mod\原始mod\Mods\XM\XMFinal.SC2Mod\Base.SC2Data\GameData\ActorData.xml	added_or_newer_duplicate
ZeratulKhaydarinMonolithProjectionDeath	CActorModel	游戏数据/官方SC2原始文本镜像/mods/starcoop/starcoop.sc2mod/base.sc2data/gamedata/commanders/futurecommanders.xml	D:\MyWork\新建文件夹\mom.report.client\src\MyMod\crys_the_swarm_reborn.SC2Mod\原始mod\Mods\XM\XMFinal.SC2Mod\Base.SC2Data\GameData\ActorData.xml	added_or_newer_duplicate
ZeratulStructureBarrier	CActorModelMaterial	游戏数据/官方SC2原始文本镜像/mods/starcoop/starcoop.sc2mod/base.sc2data/gamedata/commanders/futurecommanders.xml	D:\MyWork\新建文件夹\mom.report.client\src\MyMod\crys_the_swarm_reborn.SC2Mod\原始mod\Mods\XM\XMFinal.SC2Mod\Base.SC2Data\GameData\ActorData.xml	added_or_newer_duplicate
ZeratulSummonKarass	CActorUnit	游戏数据/官方SC2原始文本镜像/mods/starcoop/starcoop.sc2mod/base.sc2data/gamedata/commanders/futurecommanders.xml	D:\MyWork\新建文件夹\mom.report.client\src\MyMod\crys_the_swarm_reborn.SC2Mod\原始mod\Mods\XM\XMFinal.SC2Mod\Base.SC2Data\GameData\ActorData.xml	added_or_newer_duplicate
ZeratulSuppressionCrystal	CActorUnit	游戏数据/官方SC2原始文本镜像/mods/starcoop/starcoop.sc2mod/base.sc2data/gamedata/commanders/futurecommanders.xml	D:\MyWork\新建文件夹\mom.report.client\src\MyMod\crys_the_swarm_reborn.SC2Mod\原始mod\Mods\XM\XMFinal.SC2Mod\Base.SC2Data\GameData\ActorData.xml	added_or_newer_duplicate
ZeratulSuppressionCrystalSuppression	CActorModelMaterial	游戏数据/官方SC2原始文本镜像/mods/starcoop/starcoop.sc2mod/base.sc2data/gamedata/commanders/futurecommanders.xml	D:\MyWork\新建文件夹\mom.report.client\src\MyMod\crys_the_swarm_reborn.SC2Mod\原始mod\Mods\XM\XMFinal.SC2Mod\Base.SC2Data\GameData\ActorData.xml	added_or_newer_duplicate
ZeratulSuppressionCrystalSuppressionAura	CActorModel	游戏数据/官方SC2原始文本镜像/mods/starcoop/starcoop.sc2mod/base.sc2data/gamedata/commanders/futurecommanders.xml	D:\MyWork\新建文件夹\mom.report.client\src\MyMod\crys_the_swarm_reborn.SC2Mod\原始mod\Mods\XM\XMFinal.SC2Mod\Base.SC2Data\GameData\ActorData.xml	added_or_newer_duplicate
ZeratulSuppressionCrystalSuppressionBuilding	CActorModelMaterial	游戏数据/官方SC2原始文本镜像/mods/starcoop/starcoop.sc2mod/base.sc2data/gamedata/commanders/futurecommanders.xml	D:\MyWork\新建文件夹\mom.report.client\src\MyMod\crys_the_swarm_reborn.SC2Mod\原始mod\Mods\XM\XMFinal.SC2Mod\Base.SC2Data\GameData\ActorData.xml	added_or_newer_duplicate
ZeratulXelNagaConstruct	CActorUnit	游戏数据/官方SC2原始文本镜像/mods/starcoop/starcoop.sc2mod/base.sc2data/gamedata/commanders/futurecommanders.xml	D:\MyWork\新建文件夹\mom.report.client\src\MyMod\crys_the_swarm_reborn.SC2Mod\原始mod\Mods\XM\XMFinal.SC2Mod\Base.SC2Data\GameData\ActorData.xml	added_or_newer_duplicate
ZeratulXelNagaConstructCyan	CActorUnit	游戏数据/官方SC2原始文本镜像/mods/starcoop/starcoop.sc2mod/base.sc2data/gamedata/commanders/futurecommanders.xml	D:\MyWork\新建文件夹\mom.report.client\src\MyMod\crys_the_swarm_reborn.SC2Mod\原始mod\Mods\XM\XMFinal.SC2Mod\Base.SC2Data\GameData\ActorData.xml	added_or_newer_duplicate
ZeratulXelNagaConstructPsiStorm	CActorBeamSimple	游戏数据/官方SC2原始文本镜像/mods/starcoop/starcoop.sc2mod/base.sc2data/gamedata/commanders/futurecommanders.xml	D:\MyWork\新建文件夹\mom.report.client\src\MyMod\crys_the_swarm_reborn.SC2Mod\原始mod\Mods\XM\XMFinal.SC2Mod\Base.SC2Data\GameData\ActorData.xml	added_or_newer_duplicate
ZergHatcheryStetmannToLairStetmann	CActorProgress	游戏数据/官方SC2原始文本镜像/mods/starcoop/commanders/egonstetmann.sc2mod/base.sc2data/gamedata/actordata.xml	D:\MyWork\新建文件夹\mom.report.client\src\MyMod\crys_the_swarm_reborn.SC2Mod\原始mod\Mods\XM\XMFinal.SC2Mod\Base.SC2Data\GameData\ActorData.xml	added_or_newer_duplicate
ZergLairStetmannToHiveStetmann	CActorProgress	游戏数据/官方SC2原始文本镜像/mods/starcoop/commanders/egonstetmann.sc2mod/base.sc2data/gamedata/actordata.xml	D:\MyWork\新建文件夹\mom.report.client\src\MyMod\crys_the_swarm_reborn.SC2Mod\原始mod\Mods\XM\XMFinal.SC2Mod\Base.SC2Data\GameData\ActorData.xml	added_or_newer_duplicate
AlarakDestroyerTimedLife	CBehaviorBuff	游戏数据/官方SC2原始文本镜像/mods/starcoop/starcoop.sc2mod/base.sc2data/gamedata/behaviordata.xml	D:\MyWork\新建文件夹\mom.report.client\src\MyMod\crys_the_swarm_reborn.SC2Mod\原始mod\Mods\XM\XMFinal.SC2Mod\Base.SC2Data\GameData\BehaviorData.xml	added_or_newer_duplicate
AlarakStructureOvercharge	CBehaviorBuff	游戏数据/官方SC2原始文本镜像/mods/starcoop/starcoop.sc2mod/base.sc2data/gamedata/behaviordata.xml	D:\MyWork\新建文件夹\mom.report.client\src\MyMod\crys_the_swarm_reborn.SC2Mod\原始mod\Mods\XM\XMFinal.SC2Mod\Base.SC2Data\GameData\BehaviorData.xml	skipped_existing
AllUnitBehaviorController	CBehaviorBuff	游戏数据/官方SC2原始文本镜像/mods/starcoop/starcoop.sc2mod/base.sc2data/gamedata/behaviordata.xml	D:\MyWork\新建文件夹\mom.report.client\src\MyMod\crys_the_swarm_reborn.SC2Mod\原始mod\Mods\XM\XMFinal.SC2Mod\Base.SC2Data\GameData\BehaviorData.xml	skipped_existing
ApocaliskBurrowCharging	CBehaviorBuff	游戏数据/官方SC2原始文本镜像/mods/starcoop/starcoop.sc2mod/base.sc2data/gamedata/behaviordata.xml	D:\MyWork\新建文件夹\mom.report.client\src\MyMod\crys_the_swarm_reborn.SC2Mod\原始mod\Mods\XM\XMFinal.SC2Mod\Base.SC2Data\GameData\BehaviorData.xml	added_or_newer_duplicate
ArtilleryMengskCloudSickness	CBehaviorBuff	游戏数据/官方SC2原始文本镜像/mods/starcoop/commanders/arcturusmengsk.sc2mod/base.sc2data/gamedata/behaviordata.xml	D:\MyWork\新建文件夹\mom.report.client\src\MyMod\crys_the_swarm_reborn.SC2Mod\原始mod\Mods\XM\XMFinal.SC2Mod\Base.SC2Data\GameData\BehaviorData.xml	added_or_newer_duplicate
ArtilleryMengskFear	CBehaviorBuff	游戏数据/官方SC2原始文本镜像/mods/starcoop/commanders/arcturusmengsk.sc2mod/base.sc2data/gamedata/behaviordata.xml	D:\MyWork\新建文件夹\mom.report.client\src\MyMod\crys_the_swarm_reborn.SC2Mod\原始mod\Mods\XM\XMFinal.SC2Mod\Base.SC2Data\GameData\BehaviorData.xml	added_or_newer_duplicate
BansheeBlackOpsPermanentCloak	CBehaviorBuff	游戏数据/官方SC2原始文本镜像/mods/starcoop/starcoop.sc2mod/base.sc2data/gamedata/behaviordata.xml	D:\MyWork\新建文件夹\mom.report.client\src\MyMod\crys_the_swarm_reborn.SC2Mod\原始mod\Mods\XM\XMFinal.SC2Mod\Base.SC2Data\GameData\BehaviorData.xml	added_or_newer_duplicate
BiomassTargetMark	CBehaviorBuff	游戏数据/官方SC2原始文本镜像/mods/starcoop/starcoop.sc2mod/base.sc2data/gamedata/behaviordata.xml	D:\MyWork\新建文件夹\mom.report.client\src\MyMod\crys_the_swarm_reborn.SC2Mod\原始mod\Mods\XM\XMFinal.SC2Mod\Base.SC2Data\GameData\BehaviorData.xml	added_or_newer_duplicate
BunkerDepotMengskDropMorph	CBehaviorBuff	游戏数据/官方SC2原始文本镜像/mods/starcoop/commanders/arcturusmengsk.sc2mod/base.sc2data/gamedata/behaviordata.xml	D:\MyWork\新建文件夹\mom.report.client\src\MyMod\crys_the_swarm_reborn.SC2Mod\原始mod\Mods\XM\XMFinal.SC2Mod\Base.SC2Data\GameData\BehaviorData.xml	added_or_newer_duplicate
BunkerMengskSalvage	CBehaviorBuff	游戏数据/官方SC2原始文本镜像/mods/starcoop/commanders/arcturusmengsk.sc2mod/base.sc2data/gamedata/behaviordata.xml	D:\MyWork\新建文件夹\mom.report.client\src\MyMod\crys_the_swarm_reborn.SC2Mod\原始mod\Mods\XM\XMFinal.SC2Mod\Base.SC2Data\GameData\BehaviorData.xml	added_or_newer_duplicate
ChronoBoostTarget	CBehaviorBuff	游戏数据/官方SC2原始文本镜像/mods/starcoop/starcoop.sc2mod/base.sc2data/gamedata/behaviordata.xml	D:\MyWork\新建文件夹\mom.report.client\src\MyMod\crys_the_swarm_reborn.SC2Mod\原始mod\Mods\XM\XMFinal.SC2Mod\Base.SC2Data\GameData\BehaviorData.xml	added_or_newer_duplicate
CommanderPrestigeAlarakDeathFleetDamage	CBehaviorBuff	游戏数据/官方SC2原始文本镜像/mods/starcoop/starcoop.sc2mod/base.sc2data/gamedata/behaviordata.xml	D:\MyWork\新建文件夹\mom.report.client\src\MyMod\crys_the_swarm_reborn.SC2Mod\原始mod\Mods\XM\XMFinal.SC2Mod\Base.SC2Data\GameData\BehaviorData.xml	added_or_newer_duplicate
CommanderPrestigeAlarakDeathFleetPowerSource	CBehaviorPowerSource	游戏数据/官方SC2原始文本镜像/mods/starcoop/starcoop.sc2mod/base.sc2data/gamedata/behaviordata.xml	D:\MyWork\新建文件夹\mom.report.client\src\MyMod\crys_the_swarm_reborn.SC2Mod\原始mod\Mods\XM\XMFinal.SC2Mod\Base.SC2Data\GameData\BehaviorData.xml	added_or_newer_duplicate
CommanderPrestigeArtanisOrbitalStrikesArchon	CBehaviorBuff	游戏数据/官方SC2原始文本镜像/mods/starcoop/starcoop.sc2mod/base.sc2data/gamedata/behaviordata.xml	D:\MyWork\新建文件夹\mom.report.client\src\MyMod\crys_the_swarm_reborn.SC2Mod\原始mod\Mods\XM\XMFinal.SC2Mod\Base.SC2Data\GameData\BehaviorData.xml	added_or_newer_duplicate
CommanderPrestigeArtanisPowerField	CBehaviorBuff	游戏数据/官方SC2原始文本镜像/mods/starcoop/starcoop.sc2mod/base.sc2data/gamedata/behaviordata.xml	D:\MyWork\新建文件夹\mom.report.client\src\MyMod\crys_the_swarm_reborn.SC2Mod\原始mod\Mods\XM\XMFinal.SC2Mod\Base.SC2Data\GameData\BehaviorData.xml	added_or_newer_duplicate
CommanderPrestigeDehakaPackLeaders	CBehaviorBuff	游戏数据/官方SC2原始文本镜像/mods/starcoop/starcoop.sc2mod/base.sc2data/gamedata/behaviordata.xml	D:\MyWork\新建文件夹\mom.report.client\src\MyMod\crys_the_swarm_reborn.SC2Mod\原始mod\Mods\XM\XMFinal.SC2Mod\Base.SC2Data\GameData\BehaviorData.xml	added_or_newer_duplicate
CommanderPrestigeFenixSuitSwapTimedLife	CBehaviorBuff	游戏数据/官方SC2原始文本镜像/mods/starcoop/starcoop.sc2mod/base.sc2data/gamedata/behaviordata.xml	D:\MyWork\新建文件夹\mom.report.client\src\MyMod\crys_the_swarm_reborn.SC2Mod\原始mod\Mods\XM\XMFinal.SC2Mod\Base.SC2Data\GameData\BehaviorData.xml	added_or_newer_duplicate
CommanderPrestigeNovaSuperCloak	CBehaviorBuff	游戏数据/官方SC2原始文本镜像/mods/starcoop/starcoop.sc2mod/base.sc2data/gamedata/behaviordata.xml	D:\MyWork\新建文件夹\mom.report.client\src\MyMod\crys_the_swarm_reborn.SC2Mod\原始mod\Mods\XM\XMFinal.SC2Mod\Base.SC2Data\GameData\BehaviorData.xml	added_or_newer_duplicate
CommanderPrestigeRaynorAir	CBehaviorBuff	游戏数据/官方SC2原始文本镜像/mods/starcoop/starcoop.sc2mod/base.sc2data/gamedata/behaviordata.xml	D:\MyWork\新建文件夹\mom.report.client\src\MyMod\crys_the_swarm_reborn.SC2Mod\原始mod\Mods\XM\XMFinal.SC2Mod\Base.SC2Data\GameData\BehaviorData.xml	skipped_existing
CommanderPrestigeStetmannGaryPowerUser	CBehaviorPowerUser	游戏数据/官方SC2原始文本镜像/mods/starcoop/commanders/egonstetmann.sc2mod/base.sc2data/gamedata/behaviordata.xml	D:\MyWork\新建文件夹\mom.report.client\src\MyMod\crys_the_swarm_reborn.SC2Mod\原始mod\Mods\XM\XMFinal.SC2Mod\Base.SC2Data\GameData\BehaviorData.xml	added_or_newer_duplicate
CommanderPrestigeVorazunTimeStopCount	CBehaviorAttribute	游戏数据/官方SC2原始文本镜像/mods/starcoop/starcoop.sc2mod/base.sc2data/gamedata/behaviordata.xml	D:\MyWork\新建文件夹\mom.report.client\src\MyMod\crys_the_swarm_reborn.SC2Mod\原始mod\Mods\XM\XMFinal.SC2Mod\Base.SC2Data\GameData\BehaviorData.xml	skipped_existing
DarkArchonMindControl	CBehaviorBuff	游戏数据/官方SC2原始文本镜像/mods/starcoop/starcoop.sc2mod/base.sc2data/gamedata/behaviordata.xml	D:\MyWork\新建文件夹\mom.report.client\src\MyMod\crys_the_swarm_reborn.SC2Mod\原始mod\Mods\XM\XMFinal.SC2Mod\Base.SC2Data\GameData\BehaviorData.xml	skipped_existing
DarkPylonCloakAura	CBehaviorBuff	游戏数据/官方SC2原始文本镜像/mods/starcoop/starcoop.sc2mod/base.sc2data/gamedata/behaviordata.xml	D:\MyWork\新建文件夹\mom.report.client\src\MyMod\crys_the_swarm_reborn.SC2Mod\原始mod\Mods\XM\XMFinal.SC2Mod\Base.SC2Data\GameData\BehaviorData.xml	skipped_existing
DarkPylonCloakAuraInitial	CBehaviorBuff	游戏数据/官方SC2原始文本镜像/mods/starcoop/starcoop.sc2mod/base.sc2data/gamedata/behaviordata.xml	D:\MyWork\新建文件夹\mom.report.client\src\MyMod\crys_the_swarm_reborn.SC2Mod\原始mod\Mods\XM\XMFinal.SC2Mod\Base.SC2Data\GameData\BehaviorData.xml	skipped_existing
DarkPylonPowerSource	CBehaviorPowerSource	游戏数据/官方SC2原始文本镜像/mods/starcoop/starcoop.sc2mod/base.sc2data/gamedata/behaviordata.xml	D:\MyWork\新建文件夹\mom.report.client\src\MyMod\crys_the_swarm_reborn.SC2Mod\原始mod\Mods\XM\XMFinal.SC2Mod\Base.SC2Data\GameData\BehaviorData.xml	skipped_existing
DehakaBossesSummonDelay	CBehaviorBuff	游戏数据/官方SC2原始文本镜像/mods/starcoop/starcoop.sc2mod/base.sc2data/gamedata/behaviordata.xml	D:\MyWork\新建文件夹\mom.report.client\src\MyMod\crys_the_swarm_reborn.SC2Mod\原始mod\Mods\XM\XMFinal.SC2Mod\Base.SC2Data\GameData\BehaviorData.xml	added_or_newer_duplicate
DehakaTopBarPrimalWurmSummonTimedLife	CBehaviorBuff	游戏数据/官方SC2原始文本镜像/mods/starcoop/starcoop.sc2mod/base.sc2data/gamedata/behaviordata.xml	D:\MyWork\新建文件夹\mom.report.client\src\MyMod\crys_the_swarm_reborn.SC2Mod\原始mod\Mods\XM\XMFinal.SC2Mod\Base.SC2Data\GameData\BehaviorData.xml	added_or_newer_duplicate
EvolutionPitPreventDestroy	CBehaviorBuff	游戏数据/官方SC2原始文本镜像/mods/starcoop/starcoop.sc2mod/base.sc2data/gamedata/behaviordata.xml	D:\MyWork\新建文件夹\mom.report.client\src\MyMod\crys_the_swarm_reborn.SC2Mod\原始mod\Mods\XM\XMFinal.SC2Mod\Base.SC2Data\GameData\BehaviorData.xml	added_or_newer_duplicate
FASTOverloadStetmann	CBehaviorBuff	游戏数据/官方SC2原始文本镜像/mods/starcoop/commanders/egonstetmann.sc2mod/base.sc2data/gamedata/behaviordata.xml	D:\MyWork\新建文件夹\mom.report.client\src\MyMod\crys_the_swarm_reborn.SC2Mod\原始mod\Mods\XM\XMFinal.SC2Mod\Base.SC2Data\GameData\BehaviorData.xml	added_or_newer_duplicate
GaryReviveIntro	CBehaviorBuff	游戏数据/官方SC2原始文本镜像/mods/starcoop/commanders/egonstetmann.sc2mod/base.sc2data/gamedata/behaviordata.xml	D:\MyWork\新建文件夹\mom.report.client\src\MyMod\crys_the_swarm_reborn.SC2Mod\原始mod\Mods\XM\XMFinal.SC2Mod\Base.SC2Data\GameData\BehaviorData.xml	added_or_newer_duplicate
GaryStetmannOrb	CBehaviorBuff	游戏数据/官方SC2原始文本镜像/mods/starcoop/commanders/egonstetmann.sc2mod/base.sc2data/gamedata/behaviordata.xml	D:\MyWork\新建文件夹\mom.report.client\src\MyMod\crys_the_swarm_reborn.SC2Mod\原始mod\Mods\XM\XMFinal.SC2Mod\Base.SC2Data\GameData\BehaviorData.xml	added_or_newer_duplicate
GlevigLairCheck	CBehaviorBuff	游戏数据/官方SC2原始文本镜像/mods/starcoop/starcoop.sc2mod/base.sc2data/gamedata/behaviordata.xml	D:\MyWork\新建文件夹\mom.report.client\src\MyMod\crys_the_swarm_reborn.SC2Mod\原始mod\Mods\XM\XMFinal.SC2Mod\Base.SC2Data\GameData\BehaviorData.xml	added_or_newer_duplicate
HatcheryLarvaDeath	CBehaviorBuff	游戏数据/官方SC2原始文本镜像/mods/starcoop/starcoop.sc2mod/base.sc2data/gamedata/behaviordata.xml	D:\MyWork\新建文件夹\mom.report.client\src\MyMod\crys_the_swarm_reborn.SC2Mod\原始mod\Mods\XM\XMFinal.SC2Mod\Base.SC2Data\GameData\BehaviorData.xml	added_or_newer_duplicate
HaveZeratulArtifactTier1AndCyberCore	CBehaviorBuff	游戏数据/官方SC2原始文本镜像/mods/starcoop/starcoop.sc2mod/base.sc2data/gamedata/commanders/futurecommanders.xml	D:\MyWork\新建文件夹\mom.report.client\src\MyMod\crys_the_swarm_reborn.SC2Mod\原始mod\Mods\XM\XMFinal.SC2Mod\Base.SC2Data\GameData\BehaviorData.xml	added_or_newer_duplicate
HaveZeratulArtifactTier1AndDarkShine	CBehaviorBuff	游戏数据/官方SC2原始文本镜像/mods/starcoop/starcoop.sc2mod/base.sc2data/gamedata/commanders/futurecommanders.xml	D:\MyWork\新建文件夹\mom.report.client\src\MyMod\crys_the_swarm_reborn.SC2Mod\原始mod\Mods\XM\XMFinal.SC2Mod\Base.SC2Data\GameData\BehaviorData.xml	added_or_newer_duplicate
HaveZeratulArtifactTier1AndRoboticsBay	CBehaviorBuff	游戏数据/官方SC2原始文本镜像/mods/starcoop/starcoop.sc2mod/base.sc2data/gamedata/commanders/futurecommanders.xml	D:\MyWork\新建文件夹\mom.report.client\src\MyMod\crys_the_swarm_reborn.SC2Mod\原始mod\Mods\XM\XMFinal.SC2Mod\Base.SC2Data\GameData\BehaviorData.xml	added_or_newer_duplicate
HaveZeratulArtifactTier2AndCyberCore	CBehaviorBuff	游戏数据/官方SC2原始文本镜像/mods/starcoop/starcoop.sc2mod/base.sc2data/gamedata/commanders/futurecommanders.xml	D:\MyWork\新建文件夹\mom.report.client\src\MyMod\crys_the_swarm_reborn.SC2Mod\原始mod\Mods\XM\XMFinal.SC2Mod\Base.SC2Data\GameData\BehaviorData.xml	added_or_newer_duplicate
HaveZeratulArtifactTier2AndDarkShine	CBehaviorBuff	游戏数据/官方SC2原始文本镜像/mods/starcoop/starcoop.sc2mod/base.sc2data/gamedata/commanders/futurecommanders.xml	D:\MyWork\新建文件夹\mom.report.client\src\MyMod\crys_the_swarm_reborn.SC2Mod\原始mod\Mods\XM\XMFinal.SC2Mod\Base.SC2Data\GameData\BehaviorData.xml	added_or_newer_duplicate
HaveZeratulArtifactTier2AndRoboticsBay	CBehaviorBuff	游戏数据/官方SC2原始文本镜像/mods/starcoop/starcoop.sc2mod/base.sc2data/gamedata/commanders/futurecommanders.xml	D:\MyWork\新建文件夹\mom.report.client\src\MyMod\crys_the_swarm_reborn.SC2Mod\原始mod\Mods\XM\XMFinal.SC2Mod\Base.SC2Data\GameData\BehaviorData.xml	added_or_newer_duplicate
HaveZeratulArtifactTier3AndCyberCore	CBehaviorBuff	游戏数据/官方SC2原始文本镜像/mods/starcoop/starcoop.sc2mod/base.sc2data/gamedata/commanders/futurecommanders.xml	D:\MyWork\新建文件夹\mom.report.client\src\MyMod\crys_the_swarm_reborn.SC2Mod\原始mod\Mods\XM\XMFinal.SC2Mod\Base.SC2Data\GameData\BehaviorData.xml	added_or_newer_duplicate
HaveZeratulArtifactTier3AndDarkShine	CBehaviorBuff	游戏数据/官方SC2原始文本镜像/mods/starcoop/starcoop.sc2mod/base.sc2data/gamedata/commanders/futurecommanders.xml	D:\MyWork\新建文件夹\mom.report.client\src\MyMod\crys_the_swarm_reborn.SC2Mod\原始mod\Mods\XM\XMFinal.SC2Mod\Base.SC2Data\GameData\BehaviorData.xml	added_or_newer_duplicate
HaveZeratulArtifactTier3AndRoboticsBay	CBehaviorBuff	游戏数据/官方SC2原始文本镜像/mods/starcoop/starcoop.sc2mod/base.sc2data/gamedata/commanders/futurecommanders.xml	D:\MyWork\新建文件夹\mom.report.client\src\MyMod\crys_the_swarm_reborn.SC2Mod\原始mod\Mods\XM\XMFinal.SC2Mod\Base.SC2Data\GameData\BehaviorData.xml	added_or_newer_duplicate
HaveZeratulArtifactTierUpgradeDefault	CBehaviorBuff	游戏数据/官方SC2原始文本镜像/mods/starcoop/starcoop.sc2mod/base.sc2data/gamedata/commanders/futurecommanders.xml	D:\MyWork\新建文件夹\mom.report.client\src\MyMod\crys_the_swarm_reborn.SC2Mod\原始mod\Mods\XM\XMFinal.SC2Mod\Base.SC2Data\GameData\BehaviorData.xml	added_or_newer_duplicate
HeroCCImmunity	CBehaviorBuff	游戏数据/官方SC2原始文本镜像/mods/starcoop/starcoop.sc2mod/base.sc2data/gamedata/behaviordata.xml	D:\MyWork\新建文件夹\mom.report.client\src\MyMod\crys_the_swarm_reborn.SC2Mod\原始mod\Mods\XM\XMFinal.SC2Mod\Base.SC2Data\GameData\BehaviorData.xml	skipped_existing
HeroicFortitude	CBehaviorBuff	游戏数据/官方SC2原始文本镜像/mods/starcoop/starcoop.sc2mod/base.sc2data/gamedata/behaviordata.xml	D:\MyWork\新建文件夹\mom.report.client\src\MyMod\crys_the_swarm_reborn.SC2Mod\原始mod\Mods\XM\XMFinal.SC2Mod\Base.SC2Data\GameData\BehaviorData.xml	skipped_existing
HHBomberPlatformAreaBombTopBarDummyTimer	CBehaviorBuff	游戏数据/官方SC2原始文本镜像/mods/starcoop/starcoop.sc2mod/base.sc2data/gamedata/behaviordata.xml	D:\MyWork\新建文件夹\mom.report.client\src\MyMod\crys_the_swarm_reborn.SC2Mod\原始mod\Mods\XM\XMFinal.SC2Mod\Base.SC2Data\GameData\BehaviorData.xml	added_or_newer_duplicate
HHMagMineCharged	CBehaviorBuff	游戏数据/官方SC2原始文本镜像/mods/starcoop/starcoop.sc2mod/base.sc2data/gamedata/behaviordata.xml	D:\MyWork\新建文件夹\mom.report.client\src\MyMod\crys_the_swarm_reborn.SC2Mod\原始mod\Mods\XM\XMFinal.SC2Mod\Base.SC2Data\GameData\BehaviorData.xml	added_or_newer_duplicate
HHMagneticMineSpawner	CBehaviorBuff	游戏数据/官方SC2原始文本镜像/mods/starcoop/starcoop.sc2mod/base.sc2data/gamedata/behaviordata.xml	D:\MyWork\新建文件夹\mom.report.client\src\MyMod\crys_the_swarm_reborn.SC2Mod\原始mod\Mods\XM\XMFinal.SC2Mod\Base.SC2Data\GameData\BehaviorData.xml	added_or_newer_duplicate
HornerAirFleet	CBehaviorBuff	游戏数据/官方SC2原始文本镜像/mods/starcoop/starcoop.sc2mod/base.sc2data/gamedata/behaviordata.xml	D:\MyWork\新建文件夹\mom.report.client\src\MyMod\crys_the_swarm_reborn.SC2Mod\原始mod\Mods\XM\XMFinal.SC2Mod\Base.SC2Data\GameData\BehaviorData.xml	added_or_newer_duplicate
HornerAirFleetActivate	CBehaviorBuff	游戏数据/官方SC2原始文本镜像/mods/starcoop/starcoop.sc2mod/base.sc2data/gamedata/behaviordata.xml	D:\MyWork\新建文件夹\mom.report.client\src\MyMod\crys_the_swarm_reborn.SC2Mod\原始mod\Mods\XM\XMFinal.SC2Mod\Base.SC2Data\GameData\BehaviorData.xml	added_or_newer_duplicate
HornerAirFleetDespawn	CBehaviorBuff	游戏数据/官方SC2原始文本镜像/mods/starcoop/starcoop.sc2mod/base.sc2data/gamedata/behaviordata.xml	D:\MyWork\新建文件夹\mom.report.client\src\MyMod\crys_the_swarm_reborn.SC2Mod\原始mod\Mods\XM\XMFinal.SC2Mod\Base.SC2Data\GameData\BehaviorData.xml	added_or_newer_duplicate
HornerAirFleetSearch	CBehaviorBuff	游戏数据/官方SC2原始文本镜像/mods/starcoop/starcoop.sc2mod/base.sc2data/gamedata/behaviordata.xml	D:\MyWork\新建文件夹\mom.report.client\src\MyMod\crys_the_swarm_reborn.SC2Mod\原始mod\Mods\XM\XMFinal.SC2Mod\Base.SC2Data\GameData\BehaviorData.xml	added_or_newer_duplicate
HUGSOverloadStetmann	CBehaviorBuff	游戏数据/官方SC2原始文本镜像/mods/starcoop/commanders/egonstetmann.sc2mod/base.sc2data/gamedata/behaviordata.xml	D:\MyWork\新建文件夹\mom.report.client\src\MyMod\crys_the_swarm_reborn.SC2Mod\原始mod\Mods\XM\XMFinal.SC2Mod\Base.SC2Data\GameData\BehaviorData.xml	added_or_newer_duplicate
JUICEOverloadStetmann	CBehaviorBuff	游戏数据/官方SC2原始文本镜像/mods/starcoop/commanders/egonstetmann.sc2mod/base.sc2data/gamedata/behaviordata.xml	D:\MyWork\新建文件夹\mom.report.client\src\MyMod\crys_the_swarm_reborn.SC2Mod\原始mod\Mods\XM\XMFinal.SC2Mod\Base.SC2Data\GameData\BehaviorData.xml	added_or_newer_duplicate
KaraxMasterySoAEnergyRegen	CBehaviorBuff	游戏数据/官方SC2原始文本镜像/mods/starcoop/starcoop.sc2mod/base.sc2data/gamedata/behaviordata.xml	D:\MyWork\新建文件夹\mom.report.client\src\MyMod\crys_the_swarm_reborn.SC2Mod\原始mod\Mods\XM\XMFinal.SC2Mod\Base.SC2Data\GameData\BehaviorData.xml	skipped_existing
KaraxUnitSpawnBarrierDisabled	CBehaviorBuff	游戏数据/官方SC2原始文本镜像/mods/starcoop/starcoop.sc2mod/base.sc2data/gamedata/behaviordata.xml	D:\MyWork\新建文件夹\mom.report.client\src\MyMod\crys_the_swarm_reborn.SC2Mod\原始mod\Mods\XM\XMFinal.SC2Mod\Base.SC2Data\GameData\BehaviorData.xml	added_or_newer_duplicate
KerriganAssimilation	CBehaviorBuff	游戏数据/官方SC2原始文本镜像/mods/starcoop/starcoop.sc2mod/base.sc2data/gamedata/behaviordata.xml	D:\MyWork\新建文件夹\mom.report.client\src\MyMod\crys_the_swarm_reborn.SC2Mod\原始mod\Mods\XM\XMFinal.SC2Mod\Base.SC2Data\GameData\BehaviorData.xml	skipped_existing
KerriganAssimilationLifesteal	CBehaviorBuff	游戏数据/官方SC2原始文本镜像/mods/starcoop/starcoop.sc2mod/base.sc2data/gamedata/behaviordata.xml	D:\MyWork\新建文件夹\mom.report.client\src\MyMod\crys_the_swarm_reborn.SC2Mod\原始mod\Mods\XM\XMFinal.SC2Mod\Base.SC2Data\GameData\BehaviorData.xml	skipped_existing
KerriganMaelstrom	CBehaviorBuff	游戏数据/官方SC2原始文本镜像/mods/starcoop/starcoop.sc2mod/base.sc2data/gamedata/behaviordata.xml	D:\MyWork\新建文件夹\mom.report.client\src\MyMod\crys_the_swarm_reborn.SC2Mod\原始mod\Mods\XM\XMFinal.SC2Mod\Base.SC2Data\GameData\BehaviorData.xml	skipped_existing
KerriganVoidCoopCrushingGripWaveStun	CBehaviorBuff	游戏数据/官方SC2原始文本镜像/mods/starcoop/starcoop.sc2mod/base.sc2data/gamedata/behaviordata.xml	D:\MyWork\新建文件夹\mom.report.client\src\MyMod\crys_the_swarm_reborn.SC2Mod\原始mod\Mods\XM\XMFinal.SC2Mod\Base.SC2Data\GameData\BehaviorData.xml	skipped_existing
KerriganVoidCoopEconDrop	CBehaviorBuff	游戏数据/官方SC2原始文本镜像/mods/starcoop/starcoop.sc2mod/base.sc2data/gamedata/behaviordata.xml	D:\MyWork\新建文件夹\mom.report.client\src\MyMod\crys_the_swarm_reborn.SC2Mod\原始mod\Mods\XM\XMFinal.SC2Mod\Base.SC2Data\GameData\BehaviorData.xml	skipped_existing
KerriganVoidCoopEconDropCaster	CBehaviorBuff	游戏数据/官方SC2原始文本镜像/mods/starcoop/starcoop.sc2mod/base.sc2data/gamedata/behaviordata.xml	D:\MyWork\新建文件夹\mom.report.client\src\MyMod\crys_the_swarm_reborn.SC2Mod\原始mod\Mods\XM\XMFinal.SC2Mod\Base.SC2Data\GameData\BehaviorData.xml	added_or_newer_duplicate
MengskZergCalldownLevel2On	CBehaviorBuff	游戏数据/官方SC2原始文本镜像/mods/starcoop/commanders/arcturusmengsk.sc2mod/base.sc2data/gamedata/behaviordata.xml	D:\MyWork\新建文件夹\mom.report.client\src\MyMod\crys_the_swarm_reborn.SC2Mod\原始mod\Mods\XM\XMFinal.SC2Mod\Base.SC2Data\GameData\BehaviorData.xml	added_or_newer_duplicate
MengskZergCalldownLevel3On	CBehaviorBuff	游戏数据/官方SC2原始文本镜像/mods/starcoop/commanders/arcturusmengsk.sc2mod/base.sc2data/gamedata/behaviordata.xml	D:\MyWork\新建文件夹\mom.report.client\src\MyMod\crys_the_swarm_reborn.SC2Mod\原始mod\Mods\XM\XMFinal.SC2Mod\Base.SC2Data\GameData\BehaviorData.xml	added_or_newer_duplicate
MengskZergCalldownLevel4On	CBehaviorBuff	游戏数据/官方SC2原始文本镜像/mods/starcoop/commanders/arcturusmengsk.sc2mod/base.sc2data/gamedata/behaviordata.xml	D:\MyWork\新建文件夹\mom.report.client\src\MyMod\crys_the_swarm_reborn.SC2Mod\原始mod\Mods\XM\XMFinal.SC2Mod\Base.SC2Data\GameData\BehaviorData.xml	added_or_newer_duplicate
NoScrapDrop	CBehaviorBuff	游戏数据/官方SC2原始文本镜像/mods/starcoop/starcoop.sc2mod/base.sc2data/gamedata/behaviordata.xml	D:\MyWork\新建文件夹\mom.report.client\src\MyMod\crys_the_swarm_reborn.SC2Mod\原始mod\Mods\XM\XMFinal.SC2Mod\Base.SC2Data\GameData\BehaviorData.xml	added_or_newer_duplicate
NoStukovInfestStructure	CBehaviorBuff	游戏数据/官方SC2原始文本镜像/mods/starcoop/starcoop.sc2mod/base.sc2data/gamedata/behaviordata.xml	D:\MyWork\新建文件夹\mom.report.client\src\MyMod\crys_the_swarm_reborn.SC2Mod\原始mod\Mods\XM\XMFinal.SC2Mod\Base.SC2Data\GameData\BehaviorData.xml	added_or_newer_duplicate
NovaCombatSuit	CBehaviorBuff	游戏数据/官方SC2原始文本镜像/mods/starcoop/starcoop.sc2mod/base.sc2data/gamedata/behaviordata.xml	D:\MyWork\新建文件夹\mom.report.client\src\MyMod\crys_the_swarm_reborn.SC2Mod\原始mod\Mods\XM\XMFinal.SC2Mod\Base.SC2Data\GameData\BehaviorData.xml	added_or_newer_duplicate
NovaCoopDecoyTimedLife	CBehaviorBuff	游戏数据/官方SC2原始文本镜像/mods/starcoop/starcoop.sc2mod/base.sc2data/gamedata/behaviordata.xml	D:\MyWork\新建文件夹\mom.report.client\src\MyMod\crys_the_swarm_reborn.SC2Mod\原始mod\Mods\XM\XMFinal.SC2Mod\Base.SC2Data\GameData\BehaviorData.xml	added_or_newer_duplicate
NovaDefensiveMatrixDroneIntro	CBehaviorBuff	游戏数据/官方SC2原始文本镜像/mods/starcoop/starcoop.sc2mod/base.sc2data/gamedata/behaviordata.xml	D:\MyWork\新建文件夹\mom.report.client\src\MyMod\crys_the_swarm_reborn.SC2Mod\原始mod\Mods\XM\XMFinal.SC2Mod\Base.SC2Data\GameData\BehaviorData.xml	added_or_newer_duplicate
NovaDefensiveMatrixDroneTimedLife	CBehaviorBuff	游戏数据/官方SC2原始文本镜像/mods/starcoop/starcoop.sc2mod/base.sc2data/gamedata/behaviordata.xml	D:\MyWork\新建文件夹\mom.report.client\src\MyMod\crys_the_swarm_reborn.SC2Mod\原始mod\Mods\XM\XMFinal.SC2Mod\Base.SC2Data\GameData\BehaviorData.xml	added_or_newer_duplicate
NovaGadgetPulseGrenades	CBehaviorBuff	游戏数据/官方SC2原始文本镜像/mods/starcoop/starcoop.sc2mod/base.sc2data/gamedata/behaviordata.xml	D:\MyWork\新建文件夹\mom.report.client\src\MyMod\crys_the_swarm_reborn.SC2Mod\原始mod\Mods\XM\XMFinal.SC2Mod\Base.SC2Data\GameData\BehaviorData.xml	added_or_newer_duplicate
NovaGriffinBombingRun	CBehaviorBuff	游戏数据/官方SC2原始文本镜像/mods/starcoop/starcoop.sc2mod/base.sc2data/gamedata/behaviordata.xml	D:\MyWork\新建文件夹\mom.report.client\src\MyMod\crys_the_swarm_reborn.SC2Mod\原始mod\Mods\XM\XMFinal.SC2Mod\Base.SC2Data\GameData\BehaviorData.xml	added_or_newer_duplicate
NovaGriffinBombingRunActivate	CBehaviorBuff	游戏数据/官方SC2原始文本镜像/mods/starcoop/starcoop.sc2mod/base.sc2data/gamedata/behaviordata.xml	D:\MyWork\新建文件夹\mom.report.client\src\MyMod\crys_the_swarm_reborn.SC2Mod\原始mod\Mods\XM\XMFinal.SC2Mod\Base.SC2Data\GameData\BehaviorData.xml	added_or_newer_duplicate
NovaGriffinBombingRunDespawn	CBehaviorBuff	游戏数据/官方SC2原始文本镜像/mods/starcoop/starcoop.sc2mod/base.sc2data/gamedata/behaviordata.xml	D:\MyWork\新建文件夹\mom.report.client\src\MyMod\crys_the_swarm_reborn.SC2Mod\原始mod\Mods\XM\XMFinal.SC2Mod\Base.SC2Data\GameData\BehaviorData.xml	added_or_newer_duplicate
NovaGriffinTransportGroundUnits	CBehaviorBuff	游戏数据/官方SC2原始文本镜像/mods/starcoop/starcoop.sc2mod/base.sc2data/gamedata/behaviordata.xml	D:\MyWork\新建文件夹\mom.report.client\src\MyMod\crys_the_swarm_reborn.SC2Mod\原始mod\Mods\XM\XMFinal.SC2Mod\Base.SC2Data\GameData\BehaviorData.xml	added_or_newer_duplicate
NovaOdinUnderConstruction	CBehaviorBuff	游戏数据/官方SC2原始文本镜像/mods/starcoop/starcoop.sc2mod/base.sc2data/gamedata/behaviordata.xml	D:\MyWork\新建文件夹\mom.report.client\src\MyMod\crys_the_swarm_reborn.SC2Mod\原始mod\Mods\XM\XMFinal.SC2Mod\Base.SC2Data\GameData\BehaviorData.xml	added_or_newer_duplicate
NovaStunDroneTimedLife	CBehaviorBuff	游戏数据/官方SC2原始文本镜像/mods/starcoop/starcoop.sc2mod/base.sc2data/gamedata/behaviordata.xml	D:\MyWork\新建文件夹\mom.report.client\src\MyMod\crys_the_swarm_reborn.SC2Mod\原始mod\Mods\XM\XMFinal.SC2Mod\Base.SC2Data\GameData\BehaviorData.xml	added_or_newer_duplicate
NovaWeaponPsiBlade	CBehaviorBuff	游戏数据/官方SC2原始文本镜像/mods/starcoop/starcoop.sc2mod/base.sc2data/gamedata/behaviordata.xml	D:\MyWork\新建文件夹\mom.report.client\src\MyMod\crys_the_swarm_reborn.SC2Mod\原始mod\Mods\XM\XMFinal.SC2Mod\Base.SC2Data\GameData\BehaviorData.xml	added_or_newer_duplicate
OdinMKIIDontDie	CBehaviorBuff	游戏数据/官方SC2原始文本镜像/mods/starcoop/starcoop.sc2mod/base.sc2data/gamedata/behaviordata.xml	D:\MyWork\新建文件夹\mom.report.client\src\MyMod\crys_the_swarm_reborn.SC2Mod\原始mod\Mods\XM\XMFinal.SC2Mod\Base.SC2Data\GameData\BehaviorData.xml	added_or_newer_duplicate
PowerFieldBuffAllyStetmann	CBehaviorPowerUser	游戏数据/官方SC2原始文本镜像/mods/starcoop/commanders/egonstetmann.sc2mod/base.sc2data/gamedata/behaviordata.xml	D:\MyWork\新建文件夹\mom.report.client\src\MyMod\crys_the_swarm_reborn.SC2Mod\原始mod\Mods\XM\XMFinal.SC2Mod\Base.SC2Data\GameData\BehaviorData.xml	added_or_newer_duplicate
PowerFieldBuffSelfStetmann	CBehaviorPowerUser	游戏数据/官方SC2原始文本镜像/mods/starcoop/commanders/egonstetmann.sc2mod/base.sc2data/gamedata/behaviordata.xml	D:\MyWork\新建文件夹\mom.report.client\src\MyMod\crys_the_swarm_reborn.SC2Mod\原始mod\Mods\XM\XMFinal.SC2Mod\Base.SC2Data\GameData\BehaviorData.xml	added_or_newer_duplicate
PowerSourceStetmann	CBehaviorPowerSource	游戏数据/官方SC2原始文本镜像/mods/starcoop/commanders/egonstetmann.sc2mod/base.sc2data/gamedata/behaviordata.xml	D:\MyWork\新建文件夹\mom.report.client\src\MyMod\crys_the_swarm_reborn.SC2Mod\原始mod\Mods\XM\XMFinal.SC2Mod\Base.SC2Data\GameData\BehaviorData.xml	added_or_newer_duplicate
PowerSourceStetmannGary	CBehaviorPowerSource	游戏数据/官方SC2原始文本镜像/mods/starcoop/commanders/egonstetmann.sc2mod/base.sc2data/gamedata/behaviordata.xml	D:\MyWork\新建文件夹\mom.report.client\src\MyMod\crys_the_swarm_reborn.SC2Mod\原始mod\Mods\XM\XMFinal.SC2Mod\Base.SC2Data\GameData\BehaviorData.xml	added_or_newer_duplicate
PowerTowerDeathStetmann	CBehaviorBuff	游戏数据/官方SC2原始文本镜像/mods/starcoop/commanders/egonstetmann.sc2mod/base.sc2data/gamedata/behaviordata.xml	D:\MyWork\新建文件夹\mom.report.client\src\MyMod\crys_the_swarm_reborn.SC2Mod\原始mod\Mods\XM\XMFinal.SC2Mod\Base.SC2Data\GameData\BehaviorData.xml	added_or_newer_duplicate
PowerUserStetmann	CBehaviorPowerUser	游戏数据/官方SC2原始文本镜像/mods/starcoop/commanders/egonstetmann.sc2mod/base.sc2data/gamedata/behaviordata.xml	D:\MyWork\新建文件夹\mom.report.client\src\MyMod\crys_the_swarm_reborn.SC2Mod\原始mod\Mods\XM\XMFinal.SC2Mod\Base.SC2Data\GameData\BehaviorData.xml	added_or_newer_duplicate
PowerUserWarpable	CBehaviorPowerUser	游戏数据/官方SC2原始文本镜像/mods/starcoop/starcoop.sc2mod/base.sc2data/gamedata/behaviordata.xml	D:\MyWork\新建文件夹\mom.report.client\src\MyMod\crys_the_swarm_reborn.SC2Mod\原始mod\Mods\XM\XMFinal.SC2Mod\Base.SC2Data\GameData\BehaviorData.xml	added_or_newer_duplicate
PreventKnockback	CBehaviorBuff	游戏数据/官方SC2原始文本镜像/mods/starcoop/starcoop.sc2mod/base.sc2data/gamedata/behaviordata.xml	D:\MyWork\新建文件夹\mom.report.client\src\MyMod\crys_the_swarm_reborn.SC2Mod\原始mod\Mods\XM\XMFinal.SC2Mod\Base.SC2Data\GameData\BehaviorData.xml	added_or_newer_duplicate
ShadowGuardTimedLife	CBehaviorBuff	游戏数据/官方SC2原始文本镜像/mods/starcoop/starcoop.sc2mod/base.sc2data/gamedata/behaviordata.xml	D:\MyWork\新建文件夹\mom.report.client\src\MyMod\crys_the_swarm_reborn.SC2Mod\原始mod\Mods\XM\XMFinal.SC2Mod\Base.SC2Data\GameData\BehaviorData.xml	skipped_existing
SIStukovInfestStructureEnemyTarget	CBehaviorBuff	游戏数据/官方SC2原始文本镜像/mods/starcoop/starcoop.sc2mod/base.sc2data/gamedata/behaviordata.xml	D:\MyWork\新建文件夹\mom.report.client\src\MyMod\crys_the_swarm_reborn.SC2Mod\原始mod\Mods\XM\XMFinal.SC2Mod\Base.SC2Data\GameData\BehaviorData.xml	added_or_newer_duplicate
SIStukovInfestStructureFriendlyTarget	CBehaviorBuff	游戏数据/官方SC2原始文本镜像/mods/starcoop/starcoop.sc2mod/base.sc2data/gamedata/behaviordata.xml	D:\MyWork\新建文件夹\mom.report.client\src\MyMod\crys_the_swarm_reborn.SC2Mod\原始mod\Mods\XM\XMFinal.SC2Mod\Base.SC2Data\GameData\BehaviorData.xml	added_or_newer_duplicate
SOAMapWideChrono	CBehaviorBuff	游戏数据/官方SC2原始文本镜像/mods/starcoop/starcoop.sc2mod/base.sc2data/gamedata/behaviordata.xml	D:\MyWork\新建文件夹\mom.report.client\src\MyMod\crys_the_swarm_reborn.SC2Mod\原始mod\Mods\XM\XMFinal.SC2Mod\Base.SC2Data\GameData\BehaviorData.xml	skipped_existing
SOAMapWideChronoPassiveTarget	CBehaviorBuff	游戏数据/官方SC2原始文本镜像/mods/starcoop/starcoop.sc2mod/base.sc2data/gamedata/behaviordata.xml	D:\MyWork\新建文件夹\mom.report.client\src\MyMod\crys_the_swarm_reborn.SC2Mod\原始mod\Mods\XM\XMFinal.SC2Mod\Base.SC2Data\GameData\BehaviorData.xml	added_or_newer_duplicate
SOARepairBeam	CBehaviorBuff	游戏数据/官方SC2原始文本镜像/mods/starcoop/starcoop.sc2mod/base.sc2data/gamedata/behaviordata.xml	D:\MyWork\新建文件夹\mom.report.client\src\MyMod\crys_the_swarm_reborn.SC2Mod\原始mod\Mods\XM\XMFinal.SC2Mod\Base.SC2Data\GameData\BehaviorData.xml	skipped_existing
SOASuperShield	CBehaviorBuff	游戏数据/官方SC2原始文本镜像/mods/starcoop/starcoop.sc2mod/base.sc2data/gamedata/behaviordata.xml	D:\MyWork\新建文件夹\mom.report.client\src\MyMod\crys_the_swarm_reborn.SC2Mod\原始mod\Mods\XM\XMFinal.SC2Mod\Base.SC2Data\GameData\BehaviorData.xml	skipped_existing
SOAThermalLanceActivate	CBehaviorBuff	游戏数据/官方SC2原始文本镜像/mods/starcoop/starcoop.sc2mod/base.sc2data/gamedata/behaviordata.xml	D:\MyWork\新建文件夹\mom.report.client\src\MyMod\crys_the_swarm_reborn.SC2Mod\原始mod\Mods\XM\XMFinal.SC2Mod\Base.SC2Data\GameData\BehaviorData.xml	skipped_existing
SpawnLarvaStetmann	CBehaviorSpawn	游戏数据/官方SC2原始文本镜像/mods/starcoop/commanders/egonstetmann.sc2mod/base.sc2data/gamedata/behaviordata.xml	D:\MyWork\新建文件夹\mom.report.client\src\MyMod\crys_the_swarm_reborn.SC2Mod\原始mod\Mods\XM\XMFinal.SC2Mod\Base.SC2Data\GameData\BehaviorData.xml	added_or_newer_duplicate
StetmannBuildingDoubleQueue	CBehaviorBuff	游戏数据/官方SC2原始文本镜像/mods/starcoop/commanders/egonstetmann.sc2mod/base.sc2data/gamedata/behaviordata.xml	D:\MyWork\新建文件夹\mom.report.client\src\MyMod\crys_the_swarm_reborn.SC2Mod\原始mod\Mods\XM\XMFinal.SC2Mod\Base.SC2Data\GameData\BehaviorData.xml	added_or_newer_duplicate
StetmannStetelliteChargesUsed	CBehaviorAttribute	游戏数据/官方SC2原始文本镜像/mods/starcoop/commanders/egonstetmann.sc2mod/base.sc2data/gamedata/behaviordata.xml	D:\MyWork\新建文件夹\mom.report.client\src\MyMod\crys_the_swarm_reborn.SC2Mod\原始mod\Mods\XM\XMFinal.SC2Mod\Base.SC2Data\GameData\BehaviorData.xml	added_or_newer_duplicate
StetmannStetelliteChargesUsed1	CBehaviorBuff	游戏数据/官方SC2原始文本镜像/mods/starcoop/commanders/egonstetmann.sc2mod/base.sc2data/gamedata/behaviordata.xml	D:\MyWork\新建文件夹\mom.report.client\src\MyMod\crys_the_swarm_reborn.SC2Mod\原始mod\Mods\XM\XMFinal.SC2Mod\Base.SC2Data\GameData\BehaviorData.xml	added_or_newer_duplicate
StetmannStetelliteChargesUsed2	CBehaviorBuff	游戏数据/官方SC2原始文本镜像/mods/starcoop/commanders/egonstetmann.sc2mod/base.sc2data/gamedata/behaviordata.xml	D:\MyWork\新建文件夹\mom.report.client\src\MyMod\crys_the_swarm_reborn.SC2Mod\原始mod\Mods\XM\XMFinal.SC2Mod\Base.SC2Data\GameData\BehaviorData.xml	added_or_newer_duplicate
StetmannStetelliteChargesUsed3	CBehaviorBuff	游戏数据/官方SC2原始文本镜像/mods/starcoop/commanders/egonstetmann.sc2mod/base.sc2data/gamedata/behaviordata.xml	D:\MyWork\新建文件夹\mom.report.client\src\MyMod\crys_the_swarm_reborn.SC2Mod\原始mod\Mods\XM\XMFinal.SC2Mod\Base.SC2Data\GameData\BehaviorData.xml	added_or_newer_duplicate
StetmannStetelliteChargesUsed4	CBehaviorBuff	游戏数据/官方SC2原始文本镜像/mods/starcoop/commanders/egonstetmann.sc2mod/base.sc2data/gamedata/behaviordata.xml	D:\MyWork\新建文件夹\mom.report.client\src\MyMod\crys_the_swarm_reborn.SC2Mod\原始mod\Mods\XM\XMFinal.SC2Mod\Base.SC2Data\GameData\BehaviorData.xml	added_or_newer_duplicate
StetmannStetelliteChargesUsed5	CBehaviorBuff	游戏数据/官方SC2原始文本镜像/mods/starcoop/commanders/egonstetmann.sc2mod/base.sc2data/gamedata/behaviordata.xml	D:\MyWork\新建文件夹\mom.report.client\src\MyMod\crys_the_swarm_reborn.SC2Mod\原始mod\Mods\XM\XMFinal.SC2Mod\Base.SC2Data\GameData\BehaviorData.xml	added_or_newer_duplicate
StetmannStetelliteChargesUsed6	CBehaviorBuff	游戏数据/官方SC2原始文本镜像/mods/starcoop/commanders/egonstetmann.sc2mod/base.sc2data/gamedata/behaviordata.xml	D:\MyWork\新建文件夹\mom.report.client\src\MyMod\crys_the_swarm_reborn.SC2Mod\原始mod\Mods\XM\XMFinal.SC2Mod\Base.SC2Data\GameData\BehaviorData.xml	added_or_newer_duplicate
StetmannStetelliteChargesUsed7	CBehaviorBuff	游戏数据/官方SC2原始文本镜像/mods/starcoop/commanders/egonstetmann.sc2mod/base.sc2data/gamedata/behaviordata.xml	D:\MyWork\新建文件夹\mom.report.client\src\MyMod\crys_the_swarm_reborn.SC2Mod\原始mod\Mods\XM\XMFinal.SC2Mod\Base.SC2Data\GameData\BehaviorData.xml	added_or_newer_duplicate
StukovAleksanderCrashedResponse	CBehaviorBuff	游戏数据/官方SC2原始文本镜像/mods/starcoop/starcoop.sc2mod/base.sc2data/gamedata/behaviordata.xml	D:\MyWork\新建文件夹\mom.report.client\src\MyMod\crys_the_swarm_reborn.SC2Mod\原始mod\Mods\XM\XMFinal.SC2Mod\Base.SC2Data\GameData\BehaviorData.xml	added_or_newer_duplicate
StukovAleksanderInfestedSwarm	CBehaviorBuff	游戏数据/官方SC2原始文本镜像/mods/starcoop/starcoop.sc2mod/base.sc2data/gamedata/behaviordata.xml	D:\MyWork\新建文件夹\mom.report.client\src\MyMod\crys_the_swarm_reborn.SC2Mod\原始mod\Mods\XM\XMFinal.SC2Mod\Base.SC2Data\GameData\BehaviorData.xml	added_or_newer_duplicate
StukovAleksanderInfestedSwarmTarget	CBehaviorBuff	游戏数据/官方SC2原始文本镜像/mods/starcoop/starcoop.sc2mod/base.sc2data/gamedata/behaviordata.xml	D:\MyWork\新建文件夹\mom.report.client\src\MyMod\crys_the_swarm_reborn.SC2Mod\原始mod\Mods\XM\XMFinal.SC2Mod\Base.SC2Data\GameData\BehaviorData.xml	added_or_newer_duplicate
StukovAleksanderTentacleStunSearch	CBehaviorBuff	游戏数据/官方SC2原始文本镜像/mods/starcoop/starcoop.sc2mod/base.sc2data/gamedata/behaviordata.xml	D:\MyWork\新建文件夹\mom.report.client\src\MyMod\crys_the_swarm_reborn.SC2Mod\原始mod\Mods\XM\XMFinal.SC2Mod\Base.SC2Data\GameData\BehaviorData.xml	added_or_newer_duplicate
StukovSummonAleksanderTimedLife	CBehaviorBuff	游戏数据/官方SC2原始文本镜像/mods/starcoop/starcoop.sc2mod/base.sc2data/gamedata/behaviordata.xml	D:\MyWork\新建文件夹\mom.report.client\src\MyMod\crys_the_swarm_reborn.SC2Mod\原始mod\Mods\XM\XMFinal.SC2Mod\Base.SC2Data\GameData\BehaviorData.xml	added_or_newer_duplicate
StukovSummonApocaliskBirthing	CBehaviorBuff	游戏数据/官方SC2原始文本镜像/mods/starcoop/starcoop.sc2mod/base.sc2data/gamedata/behaviordata.xml	D:\MyWork\新建文件夹\mom.report.client\src\MyMod\crys_the_swarm_reborn.SC2Mod\原始mod\Mods\XM\XMFinal.SC2Mod\Base.SC2Data\GameData\BehaviorData.xml	added_or_newer_duplicate
StukovSummonApocaliskTimedLife	CBehaviorBuff	游戏数据/官方SC2原始文本镜像/mods/starcoop/starcoop.sc2mod/base.sc2data/gamedata/behaviordata.xml	D:\MyWork\新建文件夹\mom.report.client\src\MyMod\crys_the_swarm_reborn.SC2Mod\原始mod\Mods\XM\XMFinal.SC2Mod\Base.SC2Data\GameData\BehaviorData.xml	added_or_newer_duplicate
SuperGaryStetmannTheBestOilAttribute	CBehaviorAttribute	游戏数据/官方SC2原始文本镜像/mods/starcoop/commanders/egonstetmann.sc2mod/base.sc2data/gamedata/behaviordata.xml	D:\MyWork\新建文件夹\mom.report.client\src\MyMod\crys_the_swarm_reborn.SC2Mod\原始mod\Mods\XM\XMFinal.SC2Mod\Base.SC2Data\GameData\BehaviorData.xml	added_or_newer_duplicate
SuppressEnergyRegen	CBehaviorBuff	游戏数据/官方SC2原始文本镜像/mods/starcoop/starcoop.sc2mod/base.sc2data/gamedata/behaviordata.xml	D:\MyWork\新建文件夹\mom.report.client\src\MyMod\crys_the_swarm_reborn.SC2Mod\原始mod\Mods\XM\XMFinal.SC2Mod\Base.SC2Data\GameData\BehaviorData.xml	added_or_newer_duplicate
TesseractMonolithZeratulDisableRecharge	CBehaviorBuff	游戏数据/官方SC2原始文本镜像/mods/starcoop/starcoop.sc2mod/base.sc2data/gamedata/commanders/futurecommanders.xml	D:\MyWork\新建文件夹\mom.report.client\src\MyMod\crys_the_swarm_reborn.SC2Mod\原始mod\Mods\XM\XMFinal.SC2Mod\Base.SC2Data\GameData\BehaviorData.xml	added_or_newer_duplicate
TimeStopHaste	CBehaviorBuff	游戏数据/官方SC2原始文本镜像/mods/starcoop/starcoop.sc2mod/base.sc2data/gamedata/behaviordata.xml	D:\MyWork\新建文件夹\mom.report.client\src\MyMod\crys_the_swarm_reborn.SC2Mod\原始mod\Mods\XM\XMFinal.SC2Mod\Base.SC2Data\GameData\BehaviorData.xml	added_or_newer_duplicate
TimeWarpProduction	CBehaviorBuff	游戏数据/官方SC2原始文本镜像/mods/starcoop/starcoop.sc2mod/base.sc2data/gamedata/behaviordata.xml	D:\MyWork\新建文件夹\mom.report.client\src\MyMod\crys_the_swarm_reborn.SC2Mod\原始mod\Mods\XM\XMFinal.SC2Mod\Base.SC2Data\GameData\BehaviorData.xml	added_or_newer_duplicate
TriggerInheritsParentBuffs	CBehaviorBuff	游戏数据/官方SC2原始文本镜像/mods/starcoop/starcoop.sc2mod/base.sc2data/gamedata/behaviordata.xml	D:\MyWork\新建文件夹\mom.report.client\src\MyMod\crys_the_swarm_reborn.SC2Mod\原始mod\Mods\XM\XMFinal.SC2Mod\Base.SC2Data\GameData\BehaviorData.xml	added_or_newer_duplicate
TychusCalldownOdinInitialOdinFallingStun	CBehaviorBuff	游戏数据/官方SC2原始文本镜像/mods/starcoop/starcoop.sc2mod/base.sc2data/gamedata/commanders/commandertychus.xml	D:\MyWork\新建文件夹\mom.report.client\src\MyMod\crys_the_swarm_reborn.SC2Mod\原始mod\Mods\XM\XMFinal.SC2Mod\Base.SC2Data\GameData\BehaviorData.xml	added_or_newer_duplicate
TychusMedicTransportGroundUnits	CBehaviorBuff	游戏数据/官方SC2原始文本镜像/mods/starcoop/starcoop.sc2mod/base.sc2data/gamedata/commanders/commandertychus.xml	D:\MyWork\新建文件夹\mom.report.client\src\MyMod\crys_the_swarm_reborn.SC2Mod\原始mod\Mods\XM\XMFinal.SC2Mod\Base.SC2Data\GameData\BehaviorData.xml	added_or_newer_duplicate
TychusOdinTimedLife	CBehaviorBuff	游戏数据/官方SC2原始文本镜像/mods/starcoop/starcoop.sc2mod/base.sc2data/gamedata/commanders/commandertychus.xml	D:\MyWork\新建文件夹\mom.report.client\src\MyMod\crys_the_swarm_reborn.SC2Mod\原始mod\Mods\XM\XMFinal.SC2Mod\Base.SC2Data\GameData\BehaviorData.xml	added_or_newer_duplicate
VehicleAfterburners	CBehaviorBuff	游戏数据/官方SC2原始文本镜像/mods/starcoop/starcoop.sc2mod/base.sc2data/gamedata/behaviordata.xml	D:\MyWork\新建文件夹\mom.report.client\src\MyMod\crys_the_swarm_reborn.SC2Mod\原始mod\Mods\XM\XMFinal.SC2Mod\Base.SC2Data\GameData\BehaviorData.xml	added_or_newer_duplicate
VoidSentryBlackHole	CBehaviorBuff	游戏数据/官方SC2原始文本镜像/mods/starcoop/starcoop.sc2mod/base.sc2data/gamedata/behaviordata.xml	D:\MyWork\新建文件夹\mom.report.client\src\MyMod\crys_the_swarm_reborn.SC2Mod\原始mod\Mods\XM\XMFinal.SC2Mod\Base.SC2Data\GameData\BehaviorData.xml	skipped_existing
VorazunCloakedShieldRegenPermanent	CBehaviorBuff	游戏数据/官方SC2原始文本镜像/mods/starcoop/starcoop.sc2mod/base.sc2data/gamedata/behaviordata.xml	D:\MyWork\新建文件夹\mom.report.client\src\MyMod\crys_the_swarm_reborn.SC2Mod\原始mod\Mods\XM\XMFinal.SC2Mod\Base.SC2Data\GameData\BehaviorData.xml	skipped_existing
ZagaraVoidCoopBurrowedDisabler	CBehaviorBuff	游戏数据/官方SC2原始文本镜像/mods/starcoop/starcoop.sc2mod/base.sc2data/gamedata/behaviordata.xml	D:\MyWork\新建文件夹\mom.report.client\src\MyMod\crys_the_swarm_reborn.SC2Mod\原始mod\Mods\XM\XMFinal.SC2Mod\Base.SC2Data\GameData\BehaviorData.xml	added_or_newer_duplicate
ZeratulBlackHole	CBehaviorBuff	游戏数据/官方SC2原始文本镜像/mods/starcoop/starcoop.sc2mod/base.sc2data/gamedata/commanders/futurecommanders.xml	D:\MyWork\新建文件夹\mom.report.client\src\MyMod\crys_the_swarm_reborn.SC2Mod\原始mod\Mods\XM\XMFinal.SC2Mod\Base.SC2Data\GameData\BehaviorData.xml	added_or_newer_duplicate
ZeratulDarkArchonMaelstrom	CBehaviorBuff	游戏数据/官方SC2原始文本镜像/mods/starcoop/starcoop.sc2mod/base.sc2data/gamedata/commanders/futurecommanders.xml	D:\MyWork\新建文件夹\mom.report.client\src\MyMod\crys_the_swarm_reborn.SC2Mod\原始mod\Mods\XM\XMFinal.SC2Mod\Base.SC2Data\GameData\BehaviorData.xml	added_or_newer_duplicate
ZeratulDarkArchonMindControl	CBehaviorBuff	游戏数据/官方SC2原始文本镜像/mods/starcoop/starcoop.sc2mod/base.sc2data/gamedata/commanders/futurecommanders.xml	D:\MyWork\新建文件夹\mom.report.client\src\MyMod\crys_the_swarm_reborn.SC2Mod\原始mod\Mods\XM\XMFinal.SC2Mod\Base.SC2Data\GameData\BehaviorData.xml	added_or_newer_duplicate
ZeratulMapWideStasis	CBehaviorBuff	游戏数据/官方SC2原始文本镜像/mods/starcoop/starcoop.sc2mod/base.sc2data/gamedata/commanders/futurecommanders.xml	D:\MyWork\新建文件夹\mom.report.client\src\MyMod\crys_the_swarm_reborn.SC2Mod\原始mod\Mods\XM\XMFinal.SC2Mod\Base.SC2Data\GameData\BehaviorData.xml	added_or_newer_duplicate
ZeratulPhaseProjectionChanneling	CBehaviorBuff	游戏数据/官方SC2原始文本镜像/mods/starcoop/starcoop.sc2mod/base.sc2data/gamedata/commanders/futurecommanders.xml	D:\MyWork\新建文件夹\mom.report.client\src\MyMod\crys_the_swarm_reborn.SC2Mod\原始mod\Mods\XM\XMFinal.SC2Mod\Base.SC2Data\GameData\BehaviorData.xml	added_or_newer_duplicate
ZeratulPhotonCannonProjectionCaster	CBehaviorBuff	游戏数据/官方SC2原始文本镜像/mods/starcoop/starcoop.sc2mod/base.sc2data/gamedata/commanders/futurecommanders.xml	D:\MyWork\新建文件夹\mom.report.client\src\MyMod\crys_the_swarm_reborn.SC2Mod\原始mod\Mods\XM\XMFinal.SC2Mod\Base.SC2Data\GameData\BehaviorData.xml	added_or_newer_duplicate
ZeratulPhotonCannonProjectionCountdown	CBehaviorBuff	游戏数据/官方SC2原始文本镜像/mods/starcoop/starcoop.sc2mod/base.sc2data/gamedata/commanders/futurecommanders.xml	D:\MyWork\新建文件夹\mom.report.client\src\MyMod\crys_the_swarm_reborn.SC2Mod\原始mod\Mods\XM\XMFinal.SC2Mod\Base.SC2Data\GameData\BehaviorData.xml	added_or_newer_duplicate
ZeratulStasisField	CBehaviorBuff	游戏数据/官方SC2原始文本镜像/mods/starcoop/starcoop.sc2mod/base.sc2data/gamedata/commanders/futurecommanders.xml	D:\MyWork\新建文件夹\mom.report.client\src\MyMod\crys_the_swarm_reborn.SC2Mod\原始mod\Mods\XM\XMFinal.SC2Mod\Base.SC2Data\GameData\BehaviorData.xml	added_or_newer_duplicate
ZeratulStructureBarrier	CBehaviorBuff	游戏数据/官方SC2原始文本镜像/mods/starcoop/starcoop.sc2mod/base.sc2data/gamedata/commanders/futurecommanders.xml	D:\MyWork\新建文件夹\mom.report.client\src\MyMod\crys_the_swarm_reborn.SC2Mod\原始mod\Mods\XM\XMFinal.SC2Mod\Base.SC2Data\GameData\BehaviorData.xml	added_or_newer_duplicate
ZeratulSuppressionCrystalSuppression	CBehaviorBuff	游戏数据/官方SC2原始文本镜像/mods/starcoop/starcoop.sc2mod/base.sc2data/gamedata/commanders/futurecommanders.xml	D:\MyWork\新建文件夹\mom.report.client\src\MyMod\crys_the_swarm_reborn.SC2Mod\原始mod\Mods\XM\XMFinal.SC2Mod\Base.SC2Data\GameData\BehaviorData.xml	added_or_newer_duplicate
ZeratulSuppressionCrystalSuppressionAura	CBehaviorBuff	游戏数据/官方SC2原始文本镜像/mods/starcoop/starcoop.sc2mod/base.sc2data/gamedata/commanders/futurecommanders.xml	D:\MyWork\新建文件夹\mom.report.client\src\MyMod\crys_the_swarm_reborn.SC2Mod\原始mod\Mods\XM\XMFinal.SC2Mod\Base.SC2Data\GameData\BehaviorData.xml	added_or_newer_duplicate
ZeratulSuppressionCrystalSuppressionBuilding	CBehaviorBuff	游戏数据/官方SC2原始文本镜像/mods/starcoop/starcoop.sc2mod/base.sc2data/gamedata/commanders/futurecommanders.xml	D:\MyWork\新建文件夹\mom.report.client\src\MyMod\crys_the_swarm_reborn.SC2Mod\原始mod\Mods\XM\XMFinal.SC2Mod\Base.SC2Data\GameData\BehaviorData.xml	added_or_newer_duplicate
ZeratulSuppressionCrystalSuppressionHeroic	CBehaviorBuff	游戏数据/官方SC2原始文本镜像/mods/starcoop/starcoop.sc2mod/base.sc2data/gamedata/commanders/futurecommanders.xml	D:\MyWork\新建文件夹\mom.report.client\src\MyMod\crys_the_swarm_reborn.SC2Mod\原始mod\Mods\XM\XMFinal.SC2Mod\Base.SC2Data\GameData\BehaviorData.xml	added_or_newer_duplicate
ZeratulTopBarFullEnergy	CBehaviorBuff	游戏数据/官方SC2原始文本镜像/mods/starcoop/starcoop.sc2mod/base.sc2data/gamedata/commanders/futurecommanders.xml	D:\MyWork\新建文件夹\mom.report.client\src\MyMod\crys_the_swarm_reborn.SC2Mod\原始mod\Mods\XM\XMFinal.SC2Mod\Base.SC2Data\GameData\BehaviorData.xml	added_or_newer_duplicate
ZeratulTopBarTimedLife	CBehaviorBuff	游戏数据/官方SC2原始文本镜像/mods/starcoop/starcoop.sc2mod/base.sc2data/gamedata/commanders/futurecommanders.xml	D:\MyWork\新建文件夹\mom.report.client\src\MyMod\crys_the_swarm_reborn.SC2Mod\原始mod\Mods\XM\XMFinal.SC2Mod\Base.SC2Data\GameData\BehaviorData.xml	added_or_newer_duplicate
ZeratulXelNagaConstruct_WarpIn	CBehaviorBuff	游戏数据/官方SC2原始文本镜像/mods/starcoop/starcoop.sc2mod/base.sc2data/gamedata/commanders/futurecommanders.xml	D:\MyWork\新建文件夹\mom.report.client\src\MyMod\crys_the_swarm_reborn.SC2Mod\原始mod\Mods\XM\XMFinal.SC2Mod\Base.SC2Data\GameData\BehaviorData.xml	added_or_newer_duplicate
ZeratulXelNagaConstructEvolveCaster	CBehaviorBuff	游戏数据/官方SC2原始文本镜像/mods/starcoop/starcoop.sc2mod/base.sc2data/gamedata/commanders/futurecommanders.xml	D:\MyWork\新建文件夹\mom.report.client\src\MyMod\crys_the_swarm_reborn.SC2Mod\原始mod\Mods\XM\XMFinal.SC2Mod\Base.SC2Data\GameData\BehaviorData.xml	added_or_newer_duplicate
ZeratulXelNagaConstructPsiStorm	CBehaviorBuff	游戏数据/官方SC2原始文本镜像/mods/starcoop/starcoop.sc2mod/base.sc2data/gamedata/commanders/futurecommanders.xml	D:\MyWork\新建文件夹\mom.report.client\src\MyMod\crys_the_swarm_reborn.SC2Mod\原始mod\Mods\XM\XMFinal.SC2Mod\Base.SC2Data\GameData\BehaviorData.xml	added_or_newer_duplicate
ZeratulXelNagaConstructTimedLife	CBehaviorBuff	游戏数据/官方SC2原始文本镜像/mods/starcoop/starcoop.sc2mod/base.sc2data/gamedata/commanders/futurecommanders.xml	D:\MyWork\新建文件夹\mom.report.client\src\MyMod\crys_the_swarm_reborn.SC2Mod\原始mod\Mods\XM\XMFinal.SC2Mod\Base.SC2Data\GameData\BehaviorData.xml	added_or_newer_duplicate
ZergBuildingStetmannDies9	CBehaviorBuff	游戏数据/官方SC2原始文本镜像/mods/starcoop/commanders/egonstetmann.sc2mod/base.sc2data/gamedata/behaviordata.xml	D:\MyWork\新建文件夹\mom.report.client\src\MyMod\crys_the_swarm_reborn.SC2Mod\原始mod\Mods\XM\XMFinal.SC2Mod\Base.SC2Data\GameData\BehaviorData.xml	added_or_newer_duplicate
AbathurDeepTunnel	CButton	游戏数据/官方SC2原始文本镜像/mods/starcoop/starcoop.sc2mod/base.sc2data/gamedata/buttondata.xml	D:\MyWork\新建文件夹\mom.report.client\src\MyMod\crys_the_swarm_reborn.SC2Mod\原始mod\Mods\XM\XMFinal.SC2Mod\Base.SC2Data\GameData\ButtonData.xml	skipped_existing
AbathurMend	CButton	游戏数据/官方SC2原始文本镜像/mods/starcoop/starcoop.sc2mod/base.sc2data/gamedata/buttondata.xml	D:\MyWork\新建文件夹\mom.report.client\src\MyMod\crys_the_swarm_reborn.SC2Mod\原始mod\Mods\XM\XMFinal.SC2Mod\Base.SC2Data\GameData\ButtonData.xml	added_or_newer_duplicate
AfterburnersLocked	CButton	游戏数据/官方SC2原始文本镜像/mods/starcoop/starcoop.sc2mod/base.sc2data/gamedata/buttondata.xml	D:\MyWork\新建文件夹\mom.report.client\src\MyMod\crys_the_swarm_reborn.SC2Mod\原始mod\Mods\XM\XMFinal.SC2Mod\Base.SC2Data\GameData\ButtonData.xml	skipped_existing
AlarakACSummonDeathfleet	CButton	游戏数据/官方SC2原始文本镜像/mods/starcoop/starcoop.sc2mod/base.sc2data/gamedata/buttondata.xml	D:\MyWork\新建文件夹\mom.report.client\src\MyMod\crys_the_swarm_reborn.SC2Mod\原始mod\Mods\XM\XMFinal.SC2Mod\Base.SC2Data\GameData\ButtonData.xml	skipped_existing
AlarakDeathFleetLocked	CButton	游戏数据/官方SC2原始文本镜像/mods/starcoop/starcoop.sc2mod/base.sc2data/gamedata/buttondata.xml	D:\MyWork\新建文件夹\mom.report.client\src\MyMod\crys_the_swarm_reborn.SC2Mod\原始mod\Mods\XM\XMFinal.SC2Mod\Base.SC2Data\GameData\ButtonData.xml	skipped_existing
AlarakEmpower	CButton	游戏数据/官方SC2原始文本镜像/mods/starcoop/starcoop.sc2mod/base.sc2data/gamedata/buttondata.xml	D:\MyWork\新建文件夹\mom.report.client\src\MyMod\crys_the_swarm_reborn.SC2Mod\原始mod\Mods\XM\XMFinal.SC2Mod\Base.SC2Data\GameData\ButtonData.xml	added_or_newer_duplicate
AlarakMothershipMassTeleport	CButton	游戏数据/官方SC2原始文本镜像/mods/starcoop/starcoop.sc2mod/base.sc2data/gamedata/buttondata.xml	D:\MyWork\新建文件夹\mom.report.client\src\MyMod\crys_the_swarm_reborn.SC2Mod\原始mod\Mods\XM\XMFinal.SC2Mod\Base.SC2Data\GameData\ButtonData.xml	added_or_newer_duplicate
AlarakSOAMothershipLineAttackLocked	CButton	游戏数据/官方SC2原始文本镜像/mods/starcoop/starcoop.sc2mod/base.sc2data/gamedata/buttondata.xml	D:\MyWork\新建文件夹\mom.report.client\src\MyMod\crys_the_swarm_reborn.SC2Mod\原始mod\Mods\XM\XMFinal.SC2Mod\Base.SC2Data\GameData\ButtonData.xml	added_or_newer_duplicate
AlarakStructureOvercharge	CButton	游戏数据/官方SC2原始文本镜像/mods/starcoop/starcoop.sc2mod/base.sc2data/gamedata/buttondata.xml	D:\MyWork\新建文件夹\mom.report.client\src\MyMod\crys_the_swarm_reborn.SC2Mod\原始mod\Mods\XM\XMFinal.SC2Mod\Base.SC2Data\GameData\ButtonData.xml	skipped_existing
AleksanderNeuralInfestationLocked	CButton	游戏数据/官方SC2原始文本镜像/mods/starcoop/starcoop.sc2mod/base.sc2data/gamedata/buttondata.xml	D:\MyWork\新建文件夹\mom.report.client\src\MyMod\crys_the_swarm_reborn.SC2Mod\原始mod\Mods\XM\XMFinal.SC2Mod\Base.SC2Data\GameData\ButtonData.xml	added_or_newer_duplicate
AleksanderNeuralParasite	CButton	游戏数据/官方SC2原始文本镜像/mods/starcoop/starcoop.sc2mod/base.sc2data/gamedata/buttondata.xml	D:\MyWork\新建文件夹\mom.report.client\src\MyMod\crys_the_swarm_reborn.SC2Mod\原始mod\Mods\XM\XMFinal.SC2Mod\Base.SC2Data\GameData\ButtonData.xml	added_or_newer_duplicate
ApocaliskBurrowCharge	CButton	游戏数据/官方SC2原始文本镜像/mods/starcoop/starcoop.sc2mod/base.sc2data/gamedata/buttondata.xml	D:\MyWork\新建文件夹\mom.report.client\src\MyMod\crys_the_swarm_reborn.SC2Mod\原始mod\Mods\XM\XMFinal.SC2Mod\Base.SC2Data\GameData\ButtonData.xml	added_or_newer_duplicate
ArtilleryMengskExperimentalStrike	CButton	游戏数据/官方SC2原始文本镜像/mods/starcoop/commanders/arcturusmengsk.sc2mod/base.sc2data/gamedata/buttondata.xml	D:\MyWork\新建文件夹\mom.report.client\src\MyMod\crys_the_swarm_reborn.SC2Mod\原始mod\Mods\XM\XMFinal.SC2Mod\Base.SC2Data\GameData\ButtonData.xml	added_or_newer_duplicate
ArtilleryMengskExperimentalStrikeLocked	CButton	游戏数据/官方SC2原始文本镜像/mods/starcoop/commanders/arcturusmengsk.sc2mod/base.sc2data/gamedata/buttondata.xml	D:\MyWork\新建文件夹\mom.report.client\src\MyMod\crys_the_swarm_reborn.SC2Mod\原始mod\Mods\XM\XMFinal.SC2Mod\Base.SC2Data\GameData\ButtonData.xml	added_or_newer_duplicate
Banshee_BlackOpsAirstrike	CButton	游戏数据/官方SC2原始文本镜像/mods/starcoop/starcoop.sc2mod/base.sc2data/gamedata/buttondata.xml	D:\MyWork\新建文件夹\mom.report.client\src\MyMod\crys_the_swarm_reborn.SC2Mod\原始mod\Mods\XM\XMFinal.SC2Mod\Base.SC2Data\GameData\ButtonData.xml	skipped_existing
BansheeAirstrike	CButton	游戏数据/官方SC2原始文本镜像/mods/starcoop/starcoop.sc2mod/base.sc2data/gamedata/buttondata.xml	D:\MyWork\新建文件夹\mom.report.client\src\MyMod\crys_the_swarm_reborn.SC2Mod\原始mod\Mods\XM\XMFinal.SC2Mod\Base.SC2Data\GameData\ButtonData.xml	skipped_existing
BansheeAirstrikeLocked	CButton	游戏数据/官方SC2原始文本镜像/mods/starcoop/starcoop.sc2mod/base.sc2data/gamedata/buttondata.xml	D:\MyWork\新建文件夹\mom.report.client\src\MyMod\crys_the_swarm_reborn.SC2Mod\原始mod\Mods\XM\XMFinal.SC2Mod\Base.SC2Data\GameData\ButtonData.xml	skipped_existing
BiomassTargetMark	CButton	游戏数据/官方SC2原始文本镜像/mods/starcoop/starcoop.sc2mod/base.sc2data/gamedata/buttondata.xml	D:\MyWork\新建文件夹\mom.report.client\src\MyMod\crys_the_swarm_reborn.SC2Mod\原始mod\Mods\XM\XMFinal.SC2Mod\Base.SC2Data\GameData\ButtonData.xml	added_or_newer_duplicate
BunkerDepotMengskDrop	CButton	游戏数据/官方SC2原始文本镜像/mods/starcoop/commanders/arcturusmengsk.sc2mod/base.sc2data/gamedata/buttondata.xml	D:\MyWork\新建文件夹\mom.report.client\src\MyMod\crys_the_swarm_reborn.SC2Mod\原始mod\Mods\XM\XMFinal.SC2Mod\Base.SC2Data\GameData\ButtonData.xml	added_or_newer_duplicate
BunkerDepotMengskLoad	CButton	游戏数据/官方SC2原始文本镜像/mods/starcoop/commanders/arcturusmengsk.sc2mod/base.sc2data/gamedata/buttondata.xml	D:\MyWork\新建文件夹\mom.report.client\src\MyMod\crys_the_swarm_reborn.SC2Mod\原始mod\Mods\XM\XMFinal.SC2Mod\Base.SC2Data\GameData\ButtonData.xml	added_or_newer_duplicate
BunkerDepotMengskRange	CButton	游戏数据/官方SC2原始文本镜像/mods/starcoop/commanders/arcturusmengsk.sc2mod/base.sc2data/gamedata/buttondata.xml	D:\MyWork\新建文件夹\mom.report.client\src\MyMod\crys_the_swarm_reborn.SC2Mod\原始mod\Mods\XM\XMFinal.SC2Mod\Base.SC2Data\GameData\ButtonData.xml	added_or_newer_duplicate
BunkerDepotMengskRangeLocked	CButton	游戏数据/官方SC2原始文本镜像/mods/starcoop/commanders/arcturusmengsk.sc2mod/base.sc2data/gamedata/buttondata.xml	D:\MyWork\新建文件夹\mom.report.client\src\MyMod\crys_the_swarm_reborn.SC2Mod\原始mod\Mods\XM\XMFinal.SC2Mod\Base.SC2Data\GameData\ButtonData.xml	added_or_newer_duplicate
BunkerDepotMengskUnloadAll	CButton	游戏数据/官方SC2原始文本镜像/mods/starcoop/commanders/arcturusmengsk.sc2mod/base.sc2data/gamedata/buttondata.xml	D:\MyWork\新建文件夹\mom.report.client\src\MyMod\crys_the_swarm_reborn.SC2Mod\原始mod\Mods\XM\XMFinal.SC2Mod\Base.SC2Data\GameData\ButtonData.xml	added_or_newer_duplicate
BunkerMengsk	CButton	游戏数据/官方SC2原始文本镜像/mods/starcoop/commanders/arcturusmengsk.sc2mod/base.sc2data/gamedata/buttondata.xml	D:\MyWork\新建文件夹\mom.report.client\src\MyMod\crys_the_swarm_reborn.SC2Mod\原始mod\Mods\XM\XMFinal.SC2Mod\Base.SC2Data\GameData\ButtonData.xml	skipped_existing
BunkerMengskSalvage	CButton	游戏数据/官方SC2原始文本镜像/mods/starcoop/commanders/arcturusmengsk.sc2mod/base.sc2data/gamedata/buttondata.xml	D:\MyWork\新建文件夹\mom.report.client\src\MyMod\crys_the_swarm_reborn.SC2Mod\原始mod\Mods\XM\XMFinal.SC2Mod\Base.SC2Data\GameData\ButtonData.xml	added_or_newer_duplicate
Charge	CButton	游戏数据/官方SC2原始文本镜像/mods/starcoop/starcoop.sc2mod/base.sc2data/gamedata/buttondata.xml	D:\MyWork\新建文件夹\mom.report.client\src\MyMod\crys_the_swarm_reborn.SC2Mod\原始mod\Mods\XM\XMFinal.SC2Mod\Base.SC2Data\GameData\ButtonData.xml	skipped_existing
CloakingField	CButton	游戏数据/官方SC2原始文本镜像/mods/starcoop/starcoop.sc2mod/base.sc2data/gamedata/buttondata.xml	D:\MyWork\新建文件夹\mom.report.client\src\MyMod\crys_the_swarm_reborn.SC2Mod\原始mod\Mods\XM\XMFinal.SC2Mod\Base.SC2Data\GameData\ButtonData.xml	skipped_existing
CombatDropLocked	CButton	游戏数据/官方SC2原始文本镜像/mods/starcoop/starcoop.sc2mod/base.sc2data/gamedata/buttondata.xml	D:\MyWork\新建文件夹\mom.report.client\src\MyMod\crys_the_swarm_reborn.SC2Mod\原始mod\Mods\XM\XMFinal.SC2Mod\Base.SC2Data\GameData\ButtonData.xml	added_or_newer_duplicate
CommanderPrestigeAlarakDeathFleetLocked	CButton	游戏数据/官方SC2原始文本镜像/mods/starcoop/starcoop.sc2mod/base.sc2data/gamedata/buttondata.xml	D:\MyWork\新建文件夹\mom.report.client\src\MyMod\crys_the_swarm_reborn.SC2Mod\原始mod\Mods\XM\XMFinal.SC2Mod\Base.SC2Data\GameData\ButtonData.xml	skipped_existing
CommanderPrestigeArtanisGuardianShellLocked	CButton	游戏数据/官方SC2原始文本镜像/mods/starcoop/starcoop.sc2mod/base.sc2data/gamedata/buttondata.xml	D:\MyWork\新建文件夹\mom.report.client\src\MyMod\crys_the_swarm_reborn.SC2Mod\原始mod\Mods\XM\XMFinal.SC2Mod\Base.SC2Data\GameData\ButtonData.xml	skipped_existing
CommanderPrestigeDehakaPackLeadersRetreat	CButton	游戏数据/官方SC2原始文本镜像/mods/starcoop/starcoop.sc2mod/base.sc2data/gamedata/buttondata.xml	D:\MyWork\新建文件夹\mom.report.client\src\MyMod\crys_the_swarm_reborn.SC2Mod\原始mod\Mods\XM\XMFinal.SC2Mod\Base.SC2Data\GameData\ButtonData.xml	skipped_existing
CommanderPrestigeKaraxChronoFieldLocked	CButton	游戏数据/官方SC2原始文本镜像/mods/starcoop/starcoop.sc2mod/base.sc2data/gamedata/buttondata.xml	D:\MyWork\新建文件夹\mom.report.client\src\MyMod\crys_the_swarm_reborn.SC2Mod\原始mod\Mods\XM\XMFinal.SC2Mod\Base.SC2Data\GameData\ButtonData.xml	skipped_existing
CommanderPrestigeKaraxChronoWaveLocked	CButton	游戏数据/官方SC2原始文本镜像/mods/starcoop/starcoop.sc2mod/base.sc2data/gamedata/buttondata.xml	D:\MyWork\新建文件夹\mom.report.client\src\MyMod\crys_the_swarm_reborn.SC2Mod\原始mod\Mods\XM\XMFinal.SC2Mod\Base.SC2Data\GameData\ButtonData.xml	skipped_existing
CommanderPrestigeMengskNuclearAnnihilationLocked	CButton	游戏数据/官方SC2原始文本镜像/mods/starcoop/commanders/arcturusmengsk.sc2mod/base.sc2data/gamedata/buttondata.xml	D:\MyWork\新建文件夹\mom.report.client\src\MyMod\crys_the_swarm_reborn.SC2Mod\原始mod\Mods\XM\XMFinal.SC2Mod\Base.SC2Data\GameData\ButtonData.xml	added_or_newer_duplicate
CommanderPrestigeSwannConcentratedBeamLocked	CButton	游戏数据/官方SC2原始文本镜像/mods/starcoop/starcoop.sc2mod/base.sc2data/gamedata/buttondata.xml	D:\MyWork\新建文件夹\mom.report.client\src\MyMod\crys_the_swarm_reborn.SC2Mod\原始mod\Mods\XM\XMFinal.SC2Mod\Base.SC2Data\GameData\ButtonData.xml	added_or_newer_duplicate
CommanderPrestigeSwannPulseCannonLocked	CButton	游戏数据/官方SC2原始文本镜像/mods/starcoop/starcoop.sc2mod/base.sc2data/gamedata/buttondata.xml	D:\MyWork\新建文件夹\mom.report.client\src\MyMod\crys_the_swarm_reborn.SC2Mod\原始mod\Mods\XM\XMFinal.SC2Mod\Base.SC2Data\GameData\ButtonData.xml	added_or_newer_duplicate
CommanderPrestigeTychusBarrageLocked	CButton	游戏数据/官方SC2原始文本镜像/mods/starcoop/starcoop.sc2mod/base.sc2data/gamedata/buttondata.xml	D:\MyWork\新建文件夹\mom.report.client\src\MyMod\crys_the_swarm_reborn.SC2Mod\原始mod\Mods\XM\XMFinal.SC2Mod\Base.SC2Data\GameData\ButtonData.xml	added_or_newer_duplicate
CommanderPrestigeVorazunRecallLocked	CButton	游戏数据/官方SC2原始文本镜像/mods/starcoop/starcoop.sc2mod/base.sc2data/gamedata/buttondata.xml	D:\MyWork\新建文件夹\mom.report.client\src\MyMod\crys_the_swarm_reborn.SC2Mod\原始mod\Mods\XM\XMFinal.SC2Mod\Base.SC2Data\GameData\ButtonData.xml	skipped_existing
CommanderPrestigeZagaraZagaraDeepTunnel	CButton	游戏数据/官方SC2原始文本镜像/mods/starcoop/starcoop.sc2mod/base.sc2data/gamedata/buttondata.xml	D:\MyWork\新建文件夹\mom.report.client\src\MyMod\crys_the_swarm_reborn.SC2Mod\原始mod\Mods\XM\XMFinal.SC2Mod\Base.SC2Data\GameData\ButtonData.xml	skipped_existing
DamagedEvolutionPit	CButton	游戏数据/官方SC2原始文本镜像/mods/starcoop/starcoop.sc2mod/base.sc2data/gamedata/buttondata.xml	D:\MyWork\新建文件夹\mom.report.client\src\MyMod\crys_the_swarm_reborn.SC2Mod\原始mod\Mods\XM\XMFinal.SC2Mod\Base.SC2Data\GameData\ButtonData.xml	added_or_newer_duplicate
DarkPylonRecall	CButton	游戏数据/官方SC2原始文本镜像/mods/starcoop/starcoop.sc2mod/base.sc2data/gamedata/buttondata.xml	D:\MyWork\新建文件夹\mom.report.client\src\MyMod\crys_the_swarm_reborn.SC2Mod\原始mod\Mods\XM\XMFinal.SC2Mod\Base.SC2Data\GameData\ButtonData.xml	skipped_existing
DarkPylonRecallLocked	CButton	游戏数据/官方SC2原始文本镜像/mods/starcoop/starcoop.sc2mod/base.sc2data/gamedata/buttondata.xml	D:\MyWork\新建文件夹\mom.report.client\src\MyMod\crys_the_swarm_reborn.SC2Mod\原始mod\Mods\XM\XMFinal.SC2Mod\Base.SC2Data\GameData\ButtonData.xml	skipped_existing
DefensiveMatrixTargetDrone	CButton	游戏数据/官方SC2原始文本镜像/mods/starcoop/starcoop.sc2mod/base.sc2data/gamedata/buttondata.xml	D:\MyWork\新建文件夹\mom.report.client\src\MyMod\crys_the_swarm_reborn.SC2Mod\原始mod\Mods\XM\XMFinal.SC2Mod\Base.SC2Data\GameData\ButtonData.xml	added_or_newer_duplicate
DehakaDakrunTopBar	CButton	游戏数据/官方SC2原始文本镜像/mods/starcoop/starcoop.sc2mod/base.sc2data/gamedata/buttondata.xml	D:\MyWork\新建文件夹\mom.report.client\src\MyMod\crys_the_swarm_reborn.SC2Mod\原始mod\Mods\XM\XMFinal.SC2Mod\Base.SC2Data\GameData\ButtonData.xml	added_or_newer_duplicate
DehakaDeepTunnelLocked	CButton	游戏数据/官方SC2原始文本镜像/mods/starcoop/starcoop.sc2mod/base.sc2data/gamedata/buttondata.xml	D:\MyWork\新建文件夹\mom.report.client\src\MyMod\crys_the_swarm_reborn.SC2Mod\原始mod\Mods\XM\XMFinal.SC2Mod\Base.SC2Data\GameData\ButtonData.xml	skipped_existing
DehakaGlevigStructure	CButton	游戏数据/官方SC2原始文本镜像/mods/starcoop/starcoop.sc2mod/base.sc2data/gamedata/buttondata.xml	D:\MyWork\新建文件夹\mom.report.client\src\MyMod\crys_the_swarm_reborn.SC2Mod\原始mod\Mods\XM\XMFinal.SC2Mod\Base.SC2Data\GameData\ButtonData.xml	skipped_existing
DehakaGlevigTopBar	CButton	游戏数据/官方SC2原始文本镜像/mods/starcoop/starcoop.sc2mod/base.sc2data/gamedata/buttondata.xml	D:\MyWork\新建文件夹\mom.report.client\src\MyMod\crys_the_swarm_reborn.SC2Mod\原始mod\Mods\XM\XMFinal.SC2Mod\Base.SC2Data\GameData\ButtonData.xml	added_or_newer_duplicate
DehakaMurvarTopBar	CButton	游戏数据/官方SC2原始文本镜像/mods/starcoop/starcoop.sc2mod/base.sc2data/gamedata/buttondata.xml	D:\MyWork\新建文件夹\mom.report.client\src\MyMod\crys_the_swarm_reborn.SC2Mod\原始mod\Mods\XM\XMFinal.SC2Mod\Base.SC2Data\GameData\ButtonData.xml	added_or_newer_duplicate
DehakaNydusDestroyer	CButton	游戏数据/官方SC2原始文本镜像/mods/starcoop/starcoop.sc2mod/base.sc2data/gamedata/buttondata.xml	D:\MyWork\新建文件夹\mom.report.client\src\MyMod\crys_the_swarm_reborn.SC2Mod\原始mod\Mods\XM\XMFinal.SC2Mod\Base.SC2Data\GameData\ButtonData.xml	skipped_existing
DehakaNydusDestroyerTimedNoFoodBeam	CButton	游戏数据/官方SC2原始文本镜像/mods/starcoop/starcoop.sc2mod/base.sc2data/gamedata/buttondata.xml	D:\MyWork\新建文件夹\mom.report.client\src\MyMod\crys_the_swarm_reborn.SC2Mod\原始mod\Mods\XM\XMFinal.SC2Mod\Base.SC2Data\GameData\ButtonData.xml	added_or_newer_duplicate
DehakaNydusDestroyerTopBar	CButton	游戏数据/官方SC2原始文本镜像/mods/starcoop/starcoop.sc2mod/base.sc2data/gamedata/buttondata.xml	D:\MyWork\新建文件夹\mom.report.client\src\MyMod\crys_the_swarm_reborn.SC2Mod\原始mod\Mods\XM\XMFinal.SC2Mod\Base.SC2Data\GameData\ButtonData.xml	added_or_newer_duplicate
DehakaNydusDestroyerTopBarPassive	CButton	游戏数据/官方SC2原始文本镜像/mods/starcoop/starcoop.sc2mod/base.sc2data/gamedata/buttondata.xml	D:\MyWork\新建文件夹\mom.report.client\src\MyMod\crys_the_swarm_reborn.SC2Mod\原始mod\Mods\XM\XMFinal.SC2Mod\Base.SC2Data\GameData\ButtonData.xml	added_or_newer_duplicate
DrakkenLaserDrillAttack	CButton	游戏数据/官方SC2原始文本镜像/mods/starcoop/starcoop.sc2mod/base.sc2data/gamedata/buttondata.xml	D:\MyWork\新建文件夹\mom.report.client\src\MyMod\crys_the_swarm_reborn.SC2Mod\原始mod\Mods\XM\XMFinal.SC2Mod\Base.SC2Data\GameData\ButtonData.xml	added_or_newer_duplicate
DrakkenLaserDrillAttackIssueOrder	CButton	游戏数据/官方SC2原始文本镜像/mods/starcoop/starcoop.sc2mod/base.sc2data/gamedata/buttondata.xml	D:\MyWork\新建文件夹\mom.report.client\src\MyMod\crys_the_swarm_reborn.SC2Mod\原始mod\Mods\XM\XMFinal.SC2Mod\Base.SC2Data\GameData\ButtonData.xml	added_or_newer_duplicate
DrakkenLaserDrillBFG	CButton	游戏数据/官方SC2原始文本镜像/mods/starcoop/starcoop.sc2mod/base.sc2data/gamedata/buttondata.xml	D:\MyWork\新建文件夹\mom.report.client\src\MyMod\crys_the_swarm_reborn.SC2Mod\原始mod\Mods\XM\XMFinal.SC2Mod\Base.SC2Data\GameData\ButtonData.xml	added_or_newer_duplicate
DrakkenLaserDrillBFGIO	CButton	游戏数据/官方SC2原始文本镜像/mods/starcoop/starcoop.sc2mod/base.sc2data/gamedata/buttondata.xml	D:\MyWork\新建文件夹\mom.report.client\src\MyMod\crys_the_swarm_reborn.SC2Mod\原始mod\Mods\XM\XMFinal.SC2Mod\Base.SC2Data\GameData\ButtonData.xml	added_or_newer_duplicate
DrakkenLaserDrillNuke	CButton	游戏数据/官方SC2原始文本镜像/mods/starcoop/starcoop.sc2mod/base.sc2data/gamedata/buttondata.xml	D:\MyWork\新建文件夹\mom.report.client\src\MyMod\crys_the_swarm_reborn.SC2Mod\原始mod\Mods\XM\XMFinal.SC2Mod\Base.SC2Data\GameData\ButtonData.xml	added_or_newer_duplicate
DrakkenLaserDrillPulseCannonIO	CButton	游戏数据/官方SC2原始文本镜像/mods/starcoop/starcoop.sc2mod/base.sc2data/gamedata/buttondata.xml	D:\MyWork\新建文件夹\mom.report.client\src\MyMod\crys_the_swarm_reborn.SC2Mod\原始mod\Mods\XM\XMFinal.SC2Mod\Base.SC2Data\GameData\ButtonData.xml	added_or_newer_duplicate
EntropicBlast	CButton	游戏数据/官方SC2原始文本镜像/mods/starcoop/starcoop.sc2mod/base.sc2data/gamedata/buttondata.xml	D:\MyWork\新建文件夹\mom.report.client\src\MyMod\crys_the_swarm_reborn.SC2Mod\原始mod\Mods\XM\XMFinal.SC2Mod\Base.SC2Data\GameData\ButtonData.xml	added_or_newer_duplicate
EvolutionAura	CButton	游戏数据/官方SC2原始文本镜像/mods/starcoop/starcoop.sc2mod/base.sc2data/gamedata/commanders/futurecommanders.xml	D:\MyWork\新建文件夹\mom.report.client\src\MyMod\crys_the_swarm_reborn.SC2Mod\原始mod\Mods\XM\XMFinal.SC2Mod\Base.SC2Data\GameData\ButtonData.xml	added_or_newer_duplicate
ExtendedThermalLance	CButton	游戏数据/官方SC2原始文本镜像/mods/starcoop/starcoop.sc2mod/base.sc2data/gamedata/buttondata.xml	D:\MyWork\新建文件夹\mom.report.client\src\MyMod\crys_the_swarm_reborn.SC2Mod\原始mod\Mods\XM\XMFinal.SC2Mod\Base.SC2Data\GameData\ButtonData.xml	skipped_existing
FASTOverloadStetmann	CButton	游戏数据/官方SC2原始文本镜像/mods/starcoop/commanders/egonstetmann.sc2mod/base.sc2data/gamedata/buttondata.xml	D:\MyWork\新建文件夹\mom.report.client\src\MyMod\crys_the_swarm_reborn.SC2Mod\原始mod\Mods\XM\XMFinal.SC2Mod\Base.SC2Data\GameData\ButtonData.xml	added_or_newer_duplicate
Feedback	CButton	游戏数据/官方SC2原始文本镜像/mods/starcoop/starcoop.sc2mod/base.sc2data/gamedata/buttondata.xml	D:\MyWork\新建文件夹\mom.report.client\src\MyMod\crys_the_swarm_reborn.SC2Mod\原始mod\Mods\XM\XMFinal.SC2Mod\Base.SC2Data\GameData\ButtonData.xml	skipped_existing
FenixDragoonAirBomb	CButton	游戏数据/官方SC2原始文本镜像/mods/starcoop/starcoop.sc2mod/base.sc2data/gamedata/buttondata.xml	D:\MyWork\新建文件夹\mom.report.client\src\MyMod\crys_the_swarm_reborn.SC2Mod\原始mod\Mods\XM\XMFinal.SC2Mod\Base.SC2Data\GameData\ButtonData.xml	added_or_newer_duplicate
FenixDragoonArsenalOvercharge	CButton	游戏数据/官方SC2原始文本镜像/mods/starcoop/starcoop.sc2mod/base.sc2data/gamedata/buttondata.xml	D:\MyWork\新建文件夹\mom.report.client\src\MyMod\crys_the_swarm_reborn.SC2Mod\原始mod\Mods\XM\XMFinal.SC2Mod\Base.SC2Data\GameData\ButtonData.xml	added_or_newer_duplicate
FenixThunderousChargeCoop	CButton	游戏数据/官方SC2原始文本镜像/mods/starcoop/starcoop.sc2mod/base.sc2data/gamedata/buttondata.xml	D:\MyWork\新建文件夹\mom.report.client\src\MyMod\crys_the_swarm_reborn.SC2Mod\原始mod\Mods\XM\XMFinal.SC2Mod\Base.SC2Data\GameData\ButtonData.xml	added_or_newer_duplicate
FinalArtifactPowerLocked	CButton	游戏数据/官方SC2原始文本镜像/mods/starcoop/starcoop.sc2mod/base.sc2data/gamedata/commanders/futurecommanders.xml	D:\MyWork\新建文件夹\mom.report.client\src\MyMod\crys_the_swarm_reborn.SC2Mod\原始mod\Mods\XM\XMFinal.SC2Mod\Base.SC2Data\GameData\ButtonData.xml	added_or_newer_duplicate
GaryStetmannMechanicalReconstruction	CButton	游戏数据/官方SC2原始文本镜像/mods/starcoop/commanders/egonstetmann.sc2mod/base.sc2data/gamedata/buttondata.xml	D:\MyWork\新建文件夹\mom.report.client\src\MyMod\crys_the_swarm_reborn.SC2Mod\原始mod\Mods\XM\XMFinal.SC2Mod\Base.SC2Data\GameData\ButtonData.xml	skipped_existing
GaryStetmannOrb	CButton	游戏数据/官方SC2原始文本镜像/mods/starcoop/commanders/egonstetmann.sc2mod/base.sc2data/gamedata/buttondata.xml	D:\MyWork\新建文件夹\mom.report.client\src\MyMod\crys_the_swarm_reborn.SC2Mod\原始mod\Mods\XM\XMFinal.SC2Mod\Base.SC2Data\GameData\ButtonData.xml	skipped_existing
GaryStetmannRecall	CButton	游戏数据/官方SC2原始文本镜像/mods/starcoop/commanders/egonstetmann.sc2mod/base.sc2data/gamedata/buttondata.xml	D:\MyWork\新建文件夹\mom.report.client\src\MyMod\crys_the_swarm_reborn.SC2Mod\原始mod\Mods\XM\XMFinal.SC2Mod\Base.SC2Data\GameData\ButtonData.xml	skipped_existing
GaryStetmannTheBestOil	CButton	游戏数据/官方SC2原始文本镜像/mods/starcoop/commanders/egonstetmann.sc2mod/base.sc2data/gamedata/buttondata.xml	D:\MyWork\新建文件夹\mom.report.client\src\MyMod\crys_the_swarm_reborn.SC2Mod\原始mod\Mods\XM\XMFinal.SC2Mod\Base.SC2Data\GameData\ButtonData.xml	skipped_existing
GhostAcademyNova	CButton	游戏数据/官方SC2原始文本镜像/mods/starcoop/starcoop.sc2mod/base.sc2data/gamedata/buttondata.xml	D:\MyWork\新建文件夹\mom.report.client\src\MyMod\crys_the_swarm_reborn.SC2Mod\原始mod\Mods\XM\XMFinal.SC2Mod\Base.SC2Data\GameData\ButtonData.xml	skipped_existing
GlevigFirebreath	CButton	游戏数据/官方SC2原始文本镜像/mods/starcoop/starcoop.sc2mod/base.sc2data/gamedata/buttondata.xml	D:\MyWork\新建文件夹\mom.report.client\src\MyMod\crys_the_swarm_reborn.SC2Mod\原始mod\Mods\XM\XMFinal.SC2Mod\Base.SC2Data\GameData\ButtonData.xml	added_or_newer_duplicate
GlevigFireBreathLocked	CButton	游戏数据/官方SC2原始文本镜像/mods/starcoop/starcoop.sc2mod/base.sc2data/gamedata/buttondata.xml	D:\MyWork\新建文件夹\mom.report.client\src\MyMod\crys_the_swarm_reborn.SC2Mod\原始mod\Mods\XM\XMFinal.SC2Mod\Base.SC2Data\GameData\ButtonData.xml	skipped_existing
GlevigSpitfirePassive	CButton	游戏数据/官方SC2原始文本镜像/mods/starcoop/starcoop.sc2mod/base.sc2data/gamedata/buttondata.xml	D:\MyWork\新建文件夹\mom.report.client\src\MyMod\crys_the_swarm_reborn.SC2Mod\原始mod\Mods\XM\XMFinal.SC2Mod\Base.SC2Data\GameData\ButtonData.xml	skipped_existing
GlevigTunnel	CButton	游戏数据/官方SC2原始文本镜像/mods/starcoop/starcoop.sc2mod/base.sc2data/gamedata/buttondata.xml	D:\MyWork\新建文件夹\mom.report.client\src\MyMod\crys_the_swarm_reborn.SC2Mod\原始mod\Mods\XM\XMFinal.SC2Mod\Base.SC2Data\GameData\ButtonData.xml	skipped_existing
GreaterBileStreamLocked	CButton	游戏数据/官方SC2原始文本镜像/mods/starcoop/starcoop.sc2mod/base.sc2data/gamedata/buttondata.xml	D:\MyWork\新建文件夹\mom.report.client\src\MyMod\crys_the_swarm_reborn.SC2Mod\原始mod\Mods\XM\XMFinal.SC2Mod\Base.SC2Data\GameData\ButtonData.xml	added_or_newer_duplicate
GreaterNydusDestroyerDeepTunnel	CButton	游戏数据/官方SC2原始文本镜像/mods/starcoop/starcoop.sc2mod/base.sc2data/gamedata/buttondata.xml	D:\MyWork\新建文件夹\mom.report.client\src\MyMod\crys_the_swarm_reborn.SC2Mod\原始mod\Mods\XM\XMFinal.SC2Mod\Base.SC2Data\GameData\ButtonData.xml	added_or_newer_duplicate
HatcheryStetmann	CButton	游戏数据/官方SC2原始文本镜像/mods/starcoop/commanders/egonstetmann.sc2mod/base.sc2data/gamedata/buttondata.xml	D:\MyWork\新建文件夹\mom.report.client\src\MyMod\crys_the_swarm_reborn.SC2Mod\原始mod\Mods\XM\XMFinal.SC2Mod\Base.SC2Data\GameData\ButtonData.xml	skipped_existing
HHBomberAreaBomb	CButton	游戏数据/官方SC2原始文本镜像/mods/starcoop/starcoop.sc2mod/base.sc2data/gamedata/buttondata.xml	D:\MyWork\新建文件夹\mom.report.client\src\MyMod\crys_the_swarm_reborn.SC2Mod\原始mod\Mods\XM\XMFinal.SC2Mod\Base.SC2Data\GameData\ButtonData.xml	added_or_newer_duplicate
HHBomberAreaBombTopBar	CButton	游戏数据/官方SC2原始文本镜像/mods/starcoop/starcoop.sc2mod/base.sc2data/gamedata/buttondata.xml	D:\MyWork\新建文件夹\mom.report.client\src\MyMod\crys_the_swarm_reborn.SC2Mod\原始mod\Mods\XM\XMFinal.SC2Mod\Base.SC2Data\GameData\ButtonData.xml	added_or_newer_duplicate
HHBomberAreaBombTopBarDummy	CButton	游戏数据/官方SC2原始文本镜像/mods/starcoop/starcoop.sc2mod/base.sc2data/gamedata/buttondata.xml	D:\MyWork\新建文件夹\mom.report.client\src\MyMod\crys_the_swarm_reborn.SC2Mod\原始mod\Mods\XM\XMFinal.SC2Mod\Base.SC2Data\GameData\ButtonData.xml	added_or_newer_duplicate
HHMagneticMines	CButton	游戏数据/官方SC2原始文本镜像/mods/starcoop/starcoop.sc2mod/base.sc2data/gamedata/buttondata.xml	D:\MyWork\新建文件夹\mom.report.client\src\MyMod\crys_the_swarm_reborn.SC2Mod\原始mod\Mods\XM\XMFinal.SC2Mod\Base.SC2Data\GameData\ButtonData.xml	added_or_newer_duplicate
HHSummonSpaceStation	CButton	游戏数据/官方SC2原始文本镜像/mods/starcoop/starcoop.sc2mod/base.sc2data/gamedata/buttondata.xml	D:\MyWork\新建文件夹\mom.report.client\src\MyMod\crys_the_swarm_reborn.SC2Mod\原始mod\Mods\XM\XMFinal.SC2Mod\Base.SC2Data\GameData\ButtonData.xml	added_or_newer_duplicate
HighTemplarEnergyUpgrade	CButton	游戏数据/官方SC2原始文本镜像/mods/starcoop/starcoop.sc2mod/base.sc2data/gamedata/buttondata.xml	D:\MyWork\新建文件夹\mom.report.client\src\MyMod\crys_the_swarm_reborn.SC2Mod\原始mod\Mods\XM\XMFinal.SC2Mod\Base.SC2Data\GameData\ButtonData.xml	skipped_existing
HiveStetmann	CButton	游戏数据/官方SC2原始文本镜像/mods/starcoop/commanders/egonstetmann.sc2mod/base.sc2data/gamedata/buttondata.xml	D:\MyWork\新建文件夹\mom.report.client\src\MyMod\crys_the_swarm_reborn.SC2Mod\原始mod\Mods\XM\XMFinal.SC2Mod\Base.SC2Data\GameData\ButtonData.xml	added_or_newer_duplicate
HornerAirFleet	CButton	游戏数据/官方SC2原始文本镜像/mods/starcoop/starcoop.sc2mod/base.sc2data/gamedata/buttondata.xml	D:\MyWork\新建文件夹\mom.report.client\src\MyMod\crys_the_swarm_reborn.SC2Mod\原始mod\Mods\XM\XMFinal.SC2Mod\Base.SC2Data\GameData\ButtonData.xml	added_or_newer_duplicate
HUGSOverloadStetmann	CButton	游戏数据/官方SC2原始文本镜像/mods/starcoop/commanders/egonstetmann.sc2mod/base.sc2data/gamedata/buttondata.xml	D:\MyWork\新建文件夹\mom.report.client\src\MyMod\crys_the_swarm_reborn.SC2Mod\原始mod\Mods\XM\XMFinal.SC2Mod\Base.SC2Data\GameData\ButtonData.xml	added_or_newer_duplicate
IgniteAfterburners	CButton	游戏数据/官方SC2原始文本镜像/mods/starcoop/starcoop.sc2mod/base.sc2data/gamedata/buttondata.xml	D:\MyWork\新建文件夹\mom.report.client\src\MyMod\crys_the_swarm_reborn.SC2Mod\原始mod\Mods\XM\XMFinal.SC2Mod\Base.SC2Data\GameData\ButtonData.xml	skipped_existing
JuiceConfigurationLocked	CButton	游戏数据/官方SC2原始文本镜像/mods/starcoop/commanders/egonstetmann.sc2mod/base.sc2data/gamedata/buttondata.xml	D:\MyWork\新建文件夹\mom.report.client\src\MyMod\crys_the_swarm_reborn.SC2Mod\原始mod\Mods\XM\XMFinal.SC2Mod\Base.SC2Data\GameData\ButtonData.xml	added_or_newer_duplicate
JUICEOverloadStetmann	CButton	游戏数据/官方SC2原始文本镜像/mods/starcoop/commanders/egonstetmann.sc2mod/base.sc2data/gamedata/buttondata.xml	D:\MyWork\新建文件夹\mom.report.client\src\MyMod\crys_the_swarm_reborn.SC2Mod\原始mod\Mods\XM\XMFinal.SC2Mod\Base.SC2Data\GameData\ButtonData.xml	added_or_newer_duplicate
K5CooldownsLocked	CButton	游戏数据/官方SC2原始文本镜像/mods/starcoop/starcoop.sc2mod/base.sc2data/gamedata/buttondata.xml	D:\MyWork\新建文件夹\mom.report.client\src\MyMod\crys_the_swarm_reborn.SC2Mod\原始mod\Mods\XM\XMFinal.SC2Mod\Base.SC2Data\GameData\ButtonData.xml	skipped_existing
KaraxTurretAttackSpeed	CButton	游戏数据/官方SC2原始文本镜像/mods/starcoop/starcoop.sc2mod/base.sc2data/gamedata/buttondata.xml	D:\MyWork\新建文件夹\mom.report.client\src\MyMod\crys_the_swarm_reborn.SC2Mod\原始mod\Mods\XM\XMFinal.SC2Mod\Base.SC2Data\GameData\ButtonData.xml	skipped_existing
KaraxTurretRange	CButton	游戏数据/官方SC2原始文本镜像/mods/starcoop/starcoop.sc2mod/base.sc2data/gamedata/buttondata.xml	D:\MyWork\新建文件夹\mom.report.client\src\MyMod\crys_the_swarm_reborn.SC2Mod\原始mod\Mods\XM\XMFinal.SC2Mod\Base.SC2Data\GameData\ButtonData.xml	skipped_existing
KerriganAssimilation	CButton	游戏数据/官方SC2原始文本镜像/mods/starcoop/starcoop.sc2mod/base.sc2data/gamedata/buttondata.xml	D:\MyWork\新建文件夹\mom.report.client\src\MyMod\crys_the_swarm_reborn.SC2Mod\原始mod\Mods\XM\XMFinal.SC2Mod\Base.SC2Data\GameData\ButtonData.xml	skipped_existing
KerriganChainLightning	CButton	游戏数据/官方SC2原始文本镜像/mods/starcoop/starcoop.sc2mod/base.sc2data/gamedata/buttondata.xml	D:\MyWork\新建文件夹\mom.report.client\src\MyMod\crys_the_swarm_reborn.SC2Mod\原始mod\Mods\XM\XMFinal.SC2Mod\Base.SC2Data\GameData\ButtonData.xml	skipped_existing
KerriganCrushingGripWaveLocked	CButton	游戏数据/官方SC2原始文本镜像/mods/starcoop/starcoop.sc2mod/base.sc2data/gamedata/buttondata.xml	D:\MyWork\新建文件夹\mom.report.client\src\MyMod\crys_the_swarm_reborn.SC2Mod\原始mod\Mods\XM\XMFinal.SC2Mod\Base.SC2Data\GameData\ButtonData.xml	skipped_existing
KerriganFuryLocked	CButton	游戏数据/官方SC2原始文本镜像/mods/starcoop/starcoop.sc2mod/base.sc2data/gamedata/buttondata.xml	D:\MyWork\新建文件夹\mom.report.client\src\MyMod\crys_the_swarm_reborn.SC2Mod\原始mod\Mods\XM\XMFinal.SC2Mod\Base.SC2Data\GameData\ButtonData.xml	skipped_existing
KerriganMaelstrom	CButton	游戏数据/官方SC2原始文本镜像/mods/starcoop/starcoop.sc2mod/base.sc2data/gamedata/buttondata.xml	D:\MyWork\新建文件夹\mom.report.client\src\MyMod\crys_the_swarm_reborn.SC2Mod\原始mod\Mods\XM\XMFinal.SC2Mod\Base.SC2Data\GameData\ButtonData.xml	skipped_existing
KerriganVoidCoopCrushingGripWave	CButton	游戏数据/官方SC2原始文本镜像/mods/starcoop/starcoop.sc2mod/base.sc2data/gamedata/buttondata.xml	D:\MyWork\新建文件夹\mom.report.client\src\MyMod\crys_the_swarm_reborn.SC2Mod\原始mod\Mods\XM\XMFinal.SC2Mod\Base.SC2Data\GameData\ButtonData.xml	skipped_existing
KerriganVoidCoopEconDrop	CButton	游戏数据/官方SC2原始文本镜像/mods/starcoop/starcoop.sc2mod/base.sc2data/gamedata/buttondata.xml	D:\MyWork\新建文件夹\mom.report.client\src\MyMod\crys_the_swarm_reborn.SC2Mod\原始mod\Mods\XM\XMFinal.SC2Mod\Base.SC2Data\GameData\ButtonData.xml	skipped_existing
KhaydarinMonolith	CButton	游戏数据/官方SC2原始文本镜像/mods/starcoop/starcoop.sc2mod/base.sc2data/gamedata/buttondata.xml	D:\MyWork\新建文件夹\mom.report.client\src\MyMod\crys_the_swarm_reborn.SC2Mod\原始mod\Mods\XM\XMFinal.SC2Mod\Base.SC2Data\GameData\ButtonData.xml	skipped_existing
LairStetmann	CButton	游戏数据/官方SC2原始文本镜像/mods/starcoop/commanders/egonstetmann.sc2mod/base.sc2data/gamedata/buttondata.xml	D:\MyWork\新建文件夹\mom.report.client\src\MyMod\crys_the_swarm_reborn.SC2Mod\原始mod\Mods\XM\XMFinal.SC2Mod\Base.SC2Data\GameData\ButtonData.xml	added_or_newer_duplicate
Larva	CButton	游戏数据/官方SC2原始文本镜像/mods/starcoop/starcoop.sc2mod/base.sc2data/gamedata/buttondata.xml	D:\MyWork\新建文件夹\mom.report.client\src\MyMod\crys_the_swarm_reborn.SC2Mod\原始mod\Mods\XM\XMFinal.SC2Mod\Base.SC2Data\GameData\ButtonData.xml	added_or_newer_duplicate
LarvaStetmann	CButton	游戏数据/官方SC2原始文本镜像/mods/starcoop/commanders/egonstetmann.sc2mod/base.sc2data/gamedata/buttondata.xml	D:\MyWork\新建文件夹\mom.report.client\src\MyMod\crys_the_swarm_reborn.SC2Mod\原始mod\Mods\XM\XMFinal.SC2Mod\Base.SC2Data\GameData\ButtonData.xml	added_or_newer_duplicate
MassRoachDrop	CButton	游戏数据/官方SC2原始文本镜像/mods/starcoop/starcoop.sc2mod/base.sc2data/gamedata/buttondata.xml	D:\MyWork\新建文件夹\mom.report.client\src\MyMod\crys_the_swarm_reborn.SC2Mod\原始mod\Mods\XM\XMFinal.SC2Mod\Base.SC2Data\GameData\ButtonData.xml	added_or_newer_duplicate
MedusasBladesLocked	CButton	游戏数据/官方SC2原始文本镜像/mods/starcoop/starcoop.sc2mod/base.sc2data/gamedata/buttondata.xml	D:\MyWork\新建文件夹\mom.report.client\src\MyMod\crys_the_swarm_reborn.SC2Mod\原始mod\Mods\XM\XMFinal.SC2Mod\Base.SC2Data\GameData\ButtonData.xml	skipped_existing
MengskZergCalldown	CButton	游戏数据/官方SC2原始文本镜像/mods/starcoop/commanders/arcturusmengsk.sc2mod/base.sc2data/gamedata/buttondata.xml	D:\MyWork\新建文件夹\mom.report.client\src\MyMod\crys_the_swarm_reborn.SC2Mod\原始mod\Mods\XM\XMFinal.SC2Mod\Base.SC2Data\GameData\ButtonData.xml	added_or_newer_duplicate
MengskZergCalldownLevel1	CButton	游戏数据/官方SC2原始文本镜像/mods/starcoop/commanders/arcturusmengsk.sc2mod/base.sc2data/gamedata/buttondata.xml	D:\MyWork\新建文件夹\mom.report.client\src\MyMod\crys_the_swarm_reborn.SC2Mod\原始mod\Mods\XM\XMFinal.SC2Mod\Base.SC2Data\GameData\ButtonData.xml	added_or_newer_duplicate
MengskZergCalldownLevel2	CButton	游戏数据/官方SC2原始文本镜像/mods/starcoop/commanders/arcturusmengsk.sc2mod/base.sc2data/gamedata/buttondata.xml	D:\MyWork\新建文件夹\mom.report.client\src\MyMod\crys_the_swarm_reborn.SC2Mod\原始mod\Mods\XM\XMFinal.SC2Mod\Base.SC2Data\GameData\ButtonData.xml	added_or_newer_duplicate
MengskZergCalldownLevel3	CButton	游戏数据/官方SC2原始文本镜像/mods/starcoop/commanders/arcturusmengsk.sc2mod/base.sc2data/gamedata/buttondata.xml	D:\MyWork\新建文件夹\mom.report.client\src\MyMod\crys_the_swarm_reborn.SC2Mod\原始mod\Mods\XM\XMFinal.SC2Mod\Base.SC2Data\GameData\ButtonData.xml	added_or_newer_duplicate
MengskZergCalldownLevel4	CButton	游戏数据/官方SC2原始文本镜像/mods/starcoop/commanders/arcturusmengsk.sc2mod/base.sc2data/gamedata/buttondata.xml	D:\MyWork\新建文件夹\mom.report.client\src\MyMod\crys_the_swarm_reborn.SC2Mod\原始mod\Mods\XM\XMFinal.SC2Mod\Base.SC2Data\GameData\ButtonData.xml	added_or_newer_duplicate
MindBolt	CButton	游戏数据/官方SC2原始文本镜像/mods/starcoop/starcoop.sc2mod/base.sc2data/gamedata/buttondata.xml	D:\MyWork\新建文件夹\mom.report.client\src\MyMod\crys_the_swarm_reborn.SC2Mod\原始mod\Mods\XM\XMFinal.SC2Mod\Base.SC2Data\GameData\ButtonData.xml	skipped_existing
NovaCoopCasterNuke	CButton	游戏数据/官方SC2原始文本镜像/mods/starcoop/starcoop.sc2mod/base.sc2data/gamedata/buttondata.xml	D:\MyWork\新建文件夹\mom.report.client\src\MyMod\crys_the_swarm_reborn.SC2Mod\原始mod\Mods\XM\XMFinal.SC2Mod\Base.SC2Data\GameData\ButtonData.xml	added_or_newer_duplicate
NovaCoopCasterStunGrenades	CButton	游戏数据/官方SC2原始文本镜像/mods/starcoop/starcoop.sc2mod/base.sc2data/gamedata/buttondata.xml	D:\MyWork\新建文件夹\mom.report.client\src\MyMod\crys_the_swarm_reborn.SC2Mod\原始mod\Mods\XM\XMFinal.SC2Mod\Base.SC2Data\GameData\ButtonData.xml	added_or_newer_duplicate
NovaCoopCasterSummonOdin	CButton	游戏数据/官方SC2原始文本镜像/mods/starcoop/starcoop.sc2mod/base.sc2data/gamedata/buttondata.xml	D:\MyWork\新建文件夹\mom.report.client\src\MyMod\crys_the_swarm_reborn.SC2Mod\原始mod\Mods\XM\XMFinal.SC2Mod\Base.SC2Data\GameData\ButtonData.xml	added_or_newer_duplicate
NovaCoopDecoy	CButton	游戏数据/官方SC2原始文本镜像/mods/starcoop/starcoop.sc2mod/base.sc2data/gamedata/buttondata.xml	D:\MyWork\新建文件夹\mom.report.client\src\MyMod\crys_the_swarm_reborn.SC2Mod\原始mod\Mods\XM\XMFinal.SC2Mod\Base.SC2Data\GameData\ButtonData.xml	added_or_newer_duplicate
NovaDefensiveMatrixDrone	CButton	游戏数据/官方SC2原始文本镜像/mods/starcoop/starcoop.sc2mod/base.sc2data/gamedata/buttondata.xml	D:\MyWork\新建文件夹\mom.report.client\src\MyMod\crys_the_swarm_reborn.SC2Mod\原始mod\Mods\XM\XMFinal.SC2Mod\Base.SC2Data\GameData\ButtonData.xml	added_or_newer_duplicate
NovaGadgetPulseGrenades	CButton	游戏数据/官方SC2原始文本镜像/mods/starcoop/starcoop.sc2mod/base.sc2data/gamedata/buttondata.xml	D:\MyWork\新建文件夹\mom.report.client\src\MyMod\crys_the_swarm_reborn.SC2Mod\原始mod\Mods\XM\XMFinal.SC2Mod\Base.SC2Data\GameData\ButtonData.xml	added_or_newer_duplicate
NovaGriffinBombingRun	CButton	游戏数据/官方SC2原始文本镜像/mods/starcoop/starcoop.sc2mod/base.sc2data/gamedata/buttondata.xml	D:\MyWork\新建文件夹\mom.report.client\src\MyMod\crys_the_swarm_reborn.SC2Mod\原始mod\Mods\XM\XMFinal.SC2Mod\Base.SC2Data\GameData\ButtonData.xml	added_or_newer_duplicate
NovaGriffinTransportUnits	CButton	游戏数据/官方SC2原始文本镜像/mods/starcoop/starcoop.sc2mod/base.sc2data/gamedata/buttondata.xml	D:\MyWork\新建文件夹\mom.report.client\src\MyMod\crys_the_swarm_reborn.SC2Mod\原始mod\Mods\XM\XMFinal.SC2Mod\Base.SC2Data\GameData\ButtonData.xml	added_or_newer_duplicate
NovaOdinAnnihilate	CButton	游戏数据/官方SC2原始文本镜像/mods/starcoop/starcoop.sc2mod/base.sc2data/gamedata/buttondata.xml	D:\MyWork\新建文件夹\mom.report.client\src\MyMod\crys_the_swarm_reborn.SC2Mod\原始mod\Mods\XM\XMFinal.SC2Mod\Base.SC2Data\GameData\ButtonData.xml	added_or_newer_duplicate
NovaReviveInstantBuyback	CButton	游戏数据/官方SC2原始文本镜像/mods/starcoop/starcoop.sc2mod/base.sc2data/gamedata/buttondata.xml	D:\MyWork\新建文件夹\mom.report.client\src\MyMod\crys_the_swarm_reborn.SC2Mod\原始mod\Mods\XM\XMFinal.SC2Mod\Base.SC2Data\GameData\ButtonData.xml	added_or_newer_duplicate
NovaStunDrone	CButton	游戏数据/官方SC2原始文本镜像/mods/starcoop/starcoop.sc2mod/base.sc2data/gamedata/buttondata.xml	D:\MyWork\新建文件夹\mom.report.client\src\MyMod\crys_the_swarm_reborn.SC2Mod\原始mod\Mods\XM\XMFinal.SC2Mod\Base.SC2Data\GameData\ButtonData.xml	added_or_newer_duplicate
NovaUnitNuke	CButton	游戏数据/官方SC2原始文本镜像/mods/starcoop/starcoop.sc2mod/base.sc2data/gamedata/buttondata.xml	D:\MyWork\新建文件夹\mom.report.client\src\MyMod\crys_the_swarm_reborn.SC2Mod\原始mod\Mods\XM\XMFinal.SC2Mod\Base.SC2Data\GameData\ButtonData.xml	added_or_newer_duplicate
NuclearAnnihilationMengsk	CButton	游戏数据/官方SC2原始文本镜像/mods/starcoop/commanders/arcturusmengsk.sc2mod/base.sc2data/gamedata/buttondata.xml	D:\MyWork\新建文件夹\mom.report.client\src\MyMod\crys_the_swarm_reborn.SC2Mod\原始mod\Mods\XM\XMFinal.SC2Mod\Base.SC2Data\GameData\ButtonData.xml	added_or_newer_duplicate
NuclearAnnihilationMengskLocked	CButton	游戏数据/官方SC2原始文本镜像/mods/starcoop/commanders/arcturusmengsk.sc2mod/base.sc2data/gamedata/buttondata.xml	D:\MyWork\新建文件夹\mom.report.client\src\MyMod\crys_the_swarm_reborn.SC2Mod\原始mod\Mods\XM\XMFinal.SC2Mod\Base.SC2Data\GameData\ButtonData.xml	added_or_newer_duplicate
OdinCoopDashAttack	CButton	游戏数据/官方SC2原始文本镜像/mods/starcoop/starcoop.sc2mod/base.sc2data/gamedata/buttondata.xml	D:\MyWork\新建文件夹\mom.report.client\src\MyMod\crys_the_swarm_reborn.SC2Mod\原始mod\Mods\XM\XMFinal.SC2Mod\Base.SC2Data\GameData\ButtonData.xml	added_or_newer_duplicate
OdinGainsBarrageLocked	CButton	游戏数据/官方SC2原始文本镜像/mods/starcoop/starcoop.sc2mod/base.sc2data/gamedata/buttondata.xml	D:\MyWork\新建文件夹\mom.report.client\src\MyMod\crys_the_swarm_reborn.SC2Mod\原始mod\Mods\XM\XMFinal.SC2Mod\Base.SC2Data\GameData\ButtonData.xml	added_or_newer_duplicate
OdinMKII	CButton	游戏数据/官方SC2原始文本镜像/mods/starcoop/starcoop.sc2mod/base.sc2data/gamedata/buttondata.xml	D:\MyWork\新建文件夹\mom.report.client\src\MyMod\crys_the_swarm_reborn.SC2Mod\原始mod\Mods\XM\XMFinal.SC2Mod\Base.SC2Data\GameData\ButtonData.xml	added_or_newer_duplicate
PowerFieldEnergyRegeneration	CButton	游戏数据/官方SC2原始文本镜像/mods/starcoop/commanders/egonstetmann.sc2mod/base.sc2data/gamedata/buttondata.xml	D:\MyWork\新建文件夹\mom.report.client\src\MyMod\crys_the_swarm_reborn.SC2Mod\原始mod\Mods\XM\XMFinal.SC2Mod\Base.SC2Data\GameData\ButtonData.xml	added_or_newer_duplicate
PowerFieldEnergyRegenerationPassive	CButton	游戏数据/官方SC2原始文本镜像/mods/starcoop/commanders/egonstetmann.sc2mod/base.sc2data/gamedata/buttondata.xml	D:\MyWork\新建文件夹\mom.report.client\src\MyMod\crys_the_swarm_reborn.SC2Mod\原始mod\Mods\XM\XMFinal.SC2Mod\Base.SC2Data\GameData\ButtonData.xml	added_or_newer_duplicate
PowerFieldHPRegeneration	CButton	游戏数据/官方SC2原始文本镜像/mods/starcoop/commanders/egonstetmann.sc2mod/base.sc2data/gamedata/buttondata.xml	D:\MyWork\新建文件夹\mom.report.client\src\MyMod\crys_the_swarm_reborn.SC2Mod\原始mod\Mods\XM\XMFinal.SC2Mod\Base.SC2Data\GameData\ButtonData.xml	added_or_newer_duplicate
PowerFieldHPRegenerationPassive	CButton	游戏数据/官方SC2原始文本镜像/mods/starcoop/commanders/egonstetmann.sc2mod/base.sc2data/gamedata/buttondata.xml	D:\MyWork\新建文件夹\mom.report.client\src\MyMod\crys_the_swarm_reborn.SC2Mod\原始mod\Mods\XM\XMFinal.SC2Mod\Base.SC2Data\GameData\ButtonData.xml	added_or_newer_duplicate
PowerFieldMovementSpeed	CButton	游戏数据/官方SC2原始文本镜像/mods/starcoop/commanders/egonstetmann.sc2mod/base.sc2data/gamedata/buttondata.xml	D:\MyWork\新建文件夹\mom.report.client\src\MyMod\crys_the_swarm_reborn.SC2Mod\原始mod\Mods\XM\XMFinal.SC2Mod\Base.SC2Data\GameData\ButtonData.xml	added_or_newer_duplicate
PowerFieldMovementSpeedPassive	CButton	游戏数据/官方SC2原始文本镜像/mods/starcoop/commanders/egonstetmann.sc2mod/base.sc2data/gamedata/buttondata.xml	D:\MyWork\新建文件夹\mom.report.client\src\MyMod\crys_the_swarm_reborn.SC2Mod\原始mod\Mods\XM\XMFinal.SC2Mod\Base.SC2Data\GameData\ButtonData.xml	added_or_newer_duplicate
PowerFieldSuperGaryStetmannEnergy	CButton	游戏数据/官方SC2原始文本镜像/mods/starcoop/commanders/egonstetmann.sc2mod/base.sc2data/gamedata/buttondata.xml	D:\MyWork\新建文件夹\mom.report.client\src\MyMod\crys_the_swarm_reborn.SC2Mod\原始mod\Mods\XM\XMFinal.SC2Mod\Base.SC2Data\GameData\ButtonData.xml	skipped_existing
PowerFieldSuperGaryStetmannHealth	CButton	游戏数据/官方SC2原始文本镜像/mods/starcoop/commanders/egonstetmann.sc2mod/base.sc2data/gamedata/buttondata.xml	D:\MyWork\新建文件夹\mom.report.client\src\MyMod\crys_the_swarm_reborn.SC2Mod\原始mod\Mods\XM\XMFinal.SC2Mod\Base.SC2Data\GameData\ButtonData.xml	added_or_newer_duplicate
PowerFieldSuperGaryStetmannSpeed	CButton	游戏数据/官方SC2原始文本镜像/mods/starcoop/commanders/egonstetmann.sc2mod/base.sc2data/gamedata/buttondata.xml	D:\MyWork\新建文件夹\mom.report.client\src\MyMod\crys_the_swarm_reborn.SC2Mod\原始mod\Mods\XM\XMFinal.SC2Mod\Base.SC2Data\GameData\ButtonData.xml	added_or_newer_duplicate
PowerTowerOverchargeStetmannEnergy	CButton	游戏数据/官方SC2原始文本镜像/mods/starcoop/commanders/egonstetmann.sc2mod/base.sc2data/gamedata/buttondata.xml	D:\MyWork\新建文件夹\mom.report.client\src\MyMod\crys_the_swarm_reborn.SC2Mod\原始mod\Mods\XM\XMFinal.SC2Mod\Base.SC2Data\GameData\ButtonData.xml	skipped_existing
PowerTowerOverchargeStetmannHealth	CButton	游戏数据/官方SC2原始文本镜像/mods/starcoop/commanders/egonstetmann.sc2mod/base.sc2data/gamedata/buttondata.xml	D:\MyWork\新建文件夹\mom.report.client\src\MyMod\crys_the_swarm_reborn.SC2Mod\原始mod\Mods\XM\XMFinal.SC2Mod\Base.SC2Data\GameData\ButtonData.xml	added_or_newer_duplicate
PowerTowerOverchargeStetmannSpeed	CButton	游戏数据/官方SC2原始文本镜像/mods/starcoop/commanders/egonstetmann.sc2mod/base.sc2data/gamedata/buttondata.xml	D:\MyWork\新建文件夹\mom.report.client\src\MyMod\crys_the_swarm_reborn.SC2Mod\原始mod\Mods\XM\XMFinal.SC2Mod\Base.SC2Data\GameData\ButtonData.xml	added_or_newer_duplicate
PowerTowerStetmannLevel1	CButton	游戏数据/官方SC2原始文本镜像/mods/starcoop/commanders/egonstetmann.sc2mod/base.sc2data/gamedata/buttondata.xml	D:\MyWork\新建文件夹\mom.report.client\src\MyMod\crys_the_swarm_reborn.SC2Mod\原始mod\Mods\XM\XMFinal.SC2Mod\Base.SC2Data\GameData\ButtonData.xml	added_or_newer_duplicate
PrestigeAbilLocked	CButton	游戏数据/官方SC2原始文本镜像/mods/starcoop/starcoop.sc2mod/base.sc2data/gamedata/buttondata.xml	D:\MyWork\新建文件夹\mom.report.client\src\MyMod\crys_the_swarm_reborn.SC2Mod\原始mod\Mods\XM\XMFinal.SC2Mod\Base.SC2Data\GameData\ButtonData.xml	added_or_newer_duplicate
PrimalSlash	CButton	游戏数据/官方SC2原始文本镜像/mods/starcoop/starcoop.sc2mod/base.sc2data/gamedata/buttondata.xml	D:\MyWork\新建文件夹\mom.report.client\src\MyMod\crys_the_swarm_reborn.SC2Mod\原始mod\Mods\XM\XMFinal.SC2Mod\Base.SC2Data\GameData\ButtonData.xml	skipped_existing
PsionicLift	CButton	游戏数据/官方SC2原始文本镜像/mods/starcoop/starcoop.sc2mod/base.sc2data/gamedata/buttondata.xml	D:\MyWork\新建文件夹\mom.report.client\src\MyMod\crys_the_swarm_reborn.SC2Mod\原始mod\Mods\XM\XMFinal.SC2Mod\Base.SC2Data\GameData\ButtonData.xml	skipped_existing
PsiStorm	CButton	游戏数据/官方SC2原始文本镜像/mods/starcoop/starcoop.sc2mod/base.sc2data/gamedata/buttondata.xml	D:\MyWork\新建文件夹\mom.report.client\src\MyMod\crys_the_swarm_reborn.SC2Mod\原始mod\Mods\XM\XMFinal.SC2Mod\Base.SC2Data\GameData\ButtonData.xml	skipped_existing
PsiStormTelbrus	CButton	游戏数据/官方SC2原始文本镜像/mods/starcoop/starcoop.sc2mod/base.sc2data/gamedata/commanders/futurecommanders.xml	D:\MyWork\新建文件夹\mom.report.client\src\MyMod\crys_the_swarm_reborn.SC2Mod\原始mod\Mods\XM\XMFinal.SC2Mod\Base.SC2Data\GameData\ButtonData.xml	added_or_newer_duplicate
PsiStrike	CButton	游戏数据/官方SC2原始文本镜像/mods/starcoop/starcoop.sc2mod/base.sc2data/gamedata/buttondata.xml	D:\MyWork\新建文件夹\mom.report.client\src\MyMod\crys_the_swarm_reborn.SC2Mod\原始mod\Mods\XM\XMFinal.SC2Mod\Base.SC2Data\GameData\ButtonData.xml	skipped_existing
PulseCannonLocked	CButton	游戏数据/官方SC2原始文本镜像/mods/starcoop/starcoop.sc2mod/base.sc2data/gamedata/buttondata.xml	D:\MyWork\新建文件夹\mom.report.client\src\MyMod\crys_the_swarm_reborn.SC2Mod\原始mod\Mods\XM\XMFinal.SC2Mod\Base.SC2Data\GameData\ButtonData.xml	added_or_newer_duplicate
PurifierBeamLocked	CButton	游戏数据/官方SC2原始文本镜像/mods/starcoop/starcoop.sc2mod/base.sc2data/gamedata/buttondata.xml	D:\MyWork\新建文件夹\mom.report.client\src\MyMod\crys_the_swarm_reborn.SC2Mod\原始mod\Mods\XM\XMFinal.SC2Mod\Base.SC2Data\GameData\ButtonData.xml	skipped_existing
Queen	CButton	游戏数据/官方SC2原始文本镜像/mods/starcoop/starcoop.sc2mod/base.sc2data/gamedata/buttondata.xml	D:\MyWork\新建文件夹\mom.report.client\src\MyMod\crys_the_swarm_reborn.SC2Mod\原始mod\Mods\XM\XMFinal.SC2Mod\Base.SC2Data\GameData\ButtonData.xml	added_or_newer_duplicate
QueenofBladesLocked	CButton	游戏数据/官方SC2原始文本镜像/mods/starcoop/starcoop.sc2mod/base.sc2data/gamedata/buttondata.xml	D:\MyWork\新建文件夹\mom.report.client\src\MyMod\crys_the_swarm_reborn.SC2Mod\原始mod\Mods\XM\XMFinal.SC2Mod\Base.SC2Data\GameData\ButtonData.xml	skipped_existing
RallyEggStetmann	CButton	游戏数据/官方SC2原始文本镜像/mods/starcoop/commanders/egonstetmann.sc2mod/base.sc2data/gamedata/buttondata.xml	D:\MyWork\新建文件夹\mom.report.client\src\MyMod\crys_the_swarm_reborn.SC2Mod\原始mod\Mods\XM\XMFinal.SC2Mod\Base.SC2Data\GameData\ButtonData.xml	added_or_newer_duplicate
RallyZeratulTopBarRedirect	CButton	游戏数据/官方SC2原始文本镜像/mods/starcoop/starcoop.sc2mod/base.sc2data/gamedata/commanders/futurecommanders.xml	D:\MyWork\新建文件夹\mom.report.client\src\MyMod\crys_the_swarm_reborn.SC2Mod\原始mod\Mods\XM\XMFinal.SC2Mod\Base.SC2Data\GameData\ButtonData.xml	added_or_newer_duplicate
RecallOnDeathPassive	CButton	游戏数据/官方SC2原始文本镜像/mods/starcoop/starcoop.sc2mod/base.sc2data/gamedata/buttondata.xml	D:\MyWork\新建文件夹\mom.report.client\src\MyMod\crys_the_swarm_reborn.SC2Mod\原始mod\Mods\XM\XMFinal.SC2Mod\Base.SC2Data\GameData\ButtonData.xml	skipped_existing
RecallonDeathPassiveLocked	CButton	游戏数据/官方SC2原始文本镜像/mods/starcoop/starcoop.sc2mod/base.sc2data/gamedata/buttondata.xml	D:\MyWork\新建文件夹\mom.report.client\src\MyMod\crys_the_swarm_reborn.SC2Mod\原始mod\Mods\XM\XMFinal.SC2Mod\Base.SC2Data\GameData\ButtonData.xml	skipped_existing
ReconstructionBeamLocked	CButton	游戏数据/官方SC2原始文本镜像/mods/starcoop/starcoop.sc2mod/base.sc2data/gamedata/buttondata.xml	D:\MyWork\新建文件夹\mom.report.client\src\MyMod\crys_the_swarm_reborn.SC2Mod\原始mod\Mods\XM\XMFinal.SC2Mod\Base.SC2Data\GameData\ButtonData.xml	skipped_existing
RemnantReclaimationLocked	CButton	游戏数据/官方SC2原始文本镜像/mods/starcoop/commanders/egonstetmann.sc2mod/base.sc2data/gamedata/buttondata.xml	D:\MyWork\新建文件夹\mom.report.client\src\MyMod\crys_the_swarm_reborn.SC2Mod\原始mod\Mods\XM\XMFinal.SC2Mod\Base.SC2Data\GameData\ButtonData.xml	added_or_newer_duplicate
ResearchAbathurHiddenToxicNest	CButton	游戏数据/官方SC2原始文本镜像/mods/starcoop/starcoop.sc2mod/base.sc2data/gamedata/buttondata.xml	D:\MyWork\新建文件夹\mom.report.client\src\MyMod\crys_the_swarm_reborn.SC2Mod\原始mod\Mods\XM\XMFinal.SC2Mod\Base.SC2Data\GameData\ButtonData.xml	added_or_newer_duplicate
ResearchAbathurImprovedToxicNest	CButton	游戏数据/官方SC2原始文本镜像/mods/starcoop/starcoop.sc2mod/base.sc2data/gamedata/buttondata.xml	D:\MyWork\新建文件夹\mom.report.client\src\MyMod\crys_the_swarm_reborn.SC2Mod\原始mod\Mods\XM\XMFinal.SC2Mod\Base.SC2Data\GameData\ButtonData.xml	added_or_newer_duplicate
ResearchAbathurLocustAirAttack	CButton	游戏数据/官方SC2原始文本镜像/mods/starcoop/starcoop.sc2mod/base.sc2data/gamedata/buttondata.xml	D:\MyWork\新建文件夹\mom.report.client\src\MyMod\crys_the_swarm_reborn.SC2Mod\原始mod\Mods\XM\XMFinal.SC2Mod\Base.SC2Data\GameData\ButtonData.xml	added_or_newer_duplicate
ResearchAbathurNetworkedCarapace	CButton	游戏数据/官方SC2原始文本镜像/mods/starcoop/starcoop.sc2mod/base.sc2data/gamedata/buttondata.xml	D:\MyWork\新建文件夹\mom.report.client\src\MyMod\crys_the_swarm_reborn.SC2Mod\原始mod\Mods\XM\XMFinal.SC2Mod\Base.SC2Data\GameData\ButtonData.xml	added_or_newer_duplicate
ResearchOverlordStetmannSpeed	CButton	游戏数据/官方SC2原始文本镜像/mods/starcoop/commanders/egonstetmann.sc2mod/base.sc2data/gamedata/buttondata.xml	D:\MyWork\新建文件夹\mom.report.client\src\MyMod\crys_the_swarm_reborn.SC2Mod\原始mod\Mods\XM\XMFinal.SC2Mod\Base.SC2Data\GameData\ButtonData.xml	added_or_newer_duplicate
ResearchOverlordStetmannVentralSacks	CButton	游戏数据/官方SC2原始文本镜像/mods/starcoop/commanders/egonstetmann.sc2mod/base.sc2data/gamedata/buttondata.xml	D:\MyWork\新建文件夹\mom.report.client\src\MyMod\crys_the_swarm_reborn.SC2Mod\原始mod\Mods\XM\XMFinal.SC2Mod\Base.SC2Data\GameData\ButtonData.xml	added_or_newer_duplicate
Scourge	CButton	游戏数据/官方SC2原始文本镜像/mods/starcoop/starcoop.sc2mod/base.sc2data/gamedata/buttondata.xml	D:\MyWork\新建文件夹\mom.report.client\src\MyMod\crys_the_swarm_reborn.SC2Mod\原始mod\Mods\XM\XMFinal.SC2Mod\Base.SC2Data\GameData\ButtonData.xml	skipped_existing
SCVMengskEnlistCC	CButton	游戏数据/官方SC2原始文本镜像/mods/starcoop/commanders/arcturusmengsk.sc2mod/base.sc2data/gamedata/buttondata.xml	D:\MyWork\新建文件夹\mom.report.client\src\MyMod\crys_the_swarm_reborn.SC2Mod\原始mod\Mods\XM\XMFinal.SC2Mod\Base.SC2Data\GameData\ButtonData.xml	added_or_newer_duplicate
SensorTower	CButton	游戏数据/官方SC2原始文本镜像/mods/starcoop/starcoop.sc2mod/base.sc2data/gamedata/buttondata.xml	D:\MyWork\新建文件夹\mom.report.client\src\MyMod\crys_the_swarm_reborn.SC2Mod\原始mod\Mods\XM\XMFinal.SC2Mod\Base.SC2Data\GameData\ButtonData.xml	skipped_existing
SetSupplyBunkerRallyPoint	CButton	游戏数据/官方SC2原始文本镜像/mods/starcoop/commanders/arcturusmengsk.sc2mod/base.sc2data/gamedata/buttondata.xml	D:\MyWork\新建文件夹\mom.report.client\src\MyMod\crys_the_swarm_reborn.SC2Mod\原始mod\Mods\XM\XMFinal.SC2Mod\Base.SC2Data\GameData\ButtonData.xml	added_or_newer_duplicate
SIClusterRockets	CButton	游戏数据/官方SC2原始文本镜像/mods/starcoop/starcoop.sc2mod/base.sc2data/gamedata/buttondata.xml	D:\MyWork\新建文件夹\mom.report.client\src\MyMod\crys_the_swarm_reborn.SC2Mod\原始mod\Mods\XM\XMFinal.SC2Mod\Base.SC2Data\GameData\ButtonData.xml	added_or_newer_duplicate
SICommandCenter	CButton	游戏数据/官方SC2原始文本镜像/mods/starcoop/starcoop.sc2mod/base.sc2data/gamedata/buttondata.xml	D:\MyWork\新建文件夹\mom.report.client\src\MyMod\crys_the_swarm_reborn.SC2Mod\原始mod\Mods\XM\XMFinal.SC2Mod\Base.SC2Data\GameData\ButtonData.xml	added_or_newer_duplicate
SISCV	CButton	游戏数据/官方SC2原始文本镜像/mods/starcoop/starcoop.sc2mod/base.sc2data/gamedata/buttondata.xml	D:\MyWork\新建文件夹\mom.report.client\src\MyMod\crys_the_swarm_reborn.SC2Mod\原始mod\Mods\XM\XMFinal.SC2Mod\Base.SC2Data\GameData\ButtonData.xml	added_or_newer_duplicate
SIStukovInfestStructure	CButton	游戏数据/官方SC2原始文本镜像/mods/starcoop/starcoop.sc2mod/base.sc2data/gamedata/buttondata.xml	D:\MyWork\新建文件夹\mom.report.client\src\MyMod\crys_the_swarm_reborn.SC2Mod\原始mod\Mods\XM\XMFinal.SC2Mod\Base.SC2Data\GameData\ButtonData.xml	added_or_newer_duplicate
SIStukovInfestStructureUpgraded	CButton	游戏数据/官方SC2原始文本镜像/mods/starcoop/starcoop.sc2mod/base.sc2data/gamedata/buttondata.xml	D:\MyWork\新建文件夹\mom.report.client\src\MyMod\crys_the_swarm_reborn.SC2Mod\原始mod\Mods\XM\XMFinal.SC2Mod\Base.SC2Data\GameData\ButtonData.xml	added_or_newer_duplicate
SIStukovPlaceHordeRally	CButton	游戏数据/官方SC2原始文本镜像/mods/starcoop/starcoop.sc2mod/base.sc2data/gamedata/buttondata.xml	D:\MyWork\新建文件夹\mom.report.client\src\MyMod\crys_the_swarm_reborn.SC2Mod\原始mod\Mods\XM\XMFinal.SC2Mod\Base.SC2Data\GameData\ButtonData.xml	added_or_newer_duplicate
SIStukovPlaceHordeRallyTopBar	CButton	游戏数据/官方SC2原始文本镜像/mods/starcoop/starcoop.sc2mod/base.sc2data/gamedata/buttondata.xml	D:\MyWork\新建文件夹\mom.report.client\src\MyMod\crys_the_swarm_reborn.SC2Mod\原始mod\Mods\XM\XMFinal.SC2Mod\Base.SC2Data\GameData\ButtonData.xml	added_or_newer_duplicate
SOAChronoPassive	CButton	游戏数据/官方SC2原始文本镜像/mods/starcoop/starcoop.sc2mod/base.sc2data/gamedata/buttondata.xml	D:\MyWork\新建文件夹\mom.report.client\src\MyMod\crys_the_swarm_reborn.SC2Mod\原始mod\Mods\XM\XMFinal.SC2Mod\Base.SC2Data\GameData\ButtonData.xml	skipped_existing
SOAChronoPassiveLocked	CButton	游戏数据/官方SC2原始文本镜像/mods/starcoop/starcoop.sc2mod/base.sc2data/gamedata/buttondata.xml	D:\MyWork\新建文件夹\mom.report.client\src\MyMod\crys_the_swarm_reborn.SC2Mod\原始mod\Mods\XM\XMFinal.SC2Mod\Base.SC2Data\GameData\ButtonData.xml	skipped_existing
SOADarkPylon	CButton	游戏数据/官方SC2原始文本镜像/mods/starcoop/starcoop.sc2mod/base.sc2data/gamedata/buttondata.xml	D:\MyWork\新建文件夹\mom.report.client\src\MyMod\crys_the_swarm_reborn.SC2Mod\原始mod\Mods\XM\XMFinal.SC2Mod\Base.SC2Data\GameData\ButtonData.xml	skipped_existing
SOAHeroicShield	CButton	游戏数据/官方SC2原始文本镜像/mods/starcoop/starcoop.sc2mod/base.sc2data/gamedata/buttondata.xml	D:\MyWork\新建文件夹\mom.report.client\src\MyMod\crys_the_swarm_reborn.SC2Mod\原始mod\Mods\XM\XMFinal.SC2Mod\Base.SC2Data\GameData\ButtonData.xml	skipped_existing
SOAHeroicShieldLocked	CButton	游戏数据/官方SC2原始文本镜像/mods/starcoop/starcoop.sc2mod/base.sc2data/gamedata/buttondata.xml	D:\MyWork\新建文件夹\mom.report.client\src\MyMod\crys_the_swarm_reborn.SC2Mod\原始mod\Mods\XM\XMFinal.SC2Mod\Base.SC2Data\GameData\ButtonData.xml	skipped_existing
SOAMapWideChrono	CButton	游戏数据/官方SC2原始文本镜像/mods/starcoop/starcoop.sc2mod/base.sc2data/gamedata/buttondata.xml	D:\MyWork\新建文件夹\mom.report.client\src\MyMod\crys_the_swarm_reborn.SC2Mod\原始mod\Mods\XM\XMFinal.SC2Mod\Base.SC2Data\GameData\ButtonData.xml	skipped_existing
SOAOrbitalStrike	CButton	游戏数据/官方SC2原始文本镜像/mods/starcoop/starcoop.sc2mod/base.sc2data/gamedata/buttondata.xml	D:\MyWork\新建文件夹\mom.report.client\src\MyMod\crys_the_swarm_reborn.SC2Mod\原始mod\Mods\XM\XMFinal.SC2Mod\Base.SC2Data\GameData\ButtonData.xml	skipped_existing
SOAOrbitalStrikeKarax	CButton	游戏数据/官方SC2原始文本镜像/mods/starcoop/starcoop.sc2mod/base.sc2data/gamedata/buttondata.xml	D:\MyWork\新建文件夹\mom.report.client\src\MyMod\crys_the_swarm_reborn.SC2Mod\原始mod\Mods\XM\XMFinal.SC2Mod\Base.SC2Data\GameData\ButtonData.xml	skipped_existing
SOAPylonPower	CButton	游戏数据/官方SC2原始文本镜像/mods/starcoop/starcoop.sc2mod/base.sc2data/gamedata/buttondata.xml	D:\MyWork\新建文件夹\mom.report.client\src\MyMod\crys_the_swarm_reborn.SC2Mod\原始mod\Mods\XM\XMFinal.SC2Mod\Base.SC2Data\GameData\ButtonData.xml	skipped_existing
SOARepairBeam	CButton	游戏数据/官方SC2原始文本镜像/mods/starcoop/starcoop.sc2mod/base.sc2data/gamedata/buttondata.xml	D:\MyWork\新建文件夹\mom.report.client\src\MyMod\crys_the_swarm_reborn.SC2Mod\原始mod\Mods\XM\XMFinal.SC2Mod\Base.SC2Data\GameData\ButtonData.xml	skipped_existing
SOAShadowGuardCalldown	CButton	游戏数据/官方SC2原始文本镜像/mods/starcoop/starcoop.sc2mod/base.sc2data/gamedata/buttondata.xml	D:\MyWork\新建文件夹\mom.report.client\src\MyMod\crys_the_swarm_reborn.SC2Mod\原始mod\Mods\XM\XMFinal.SC2Mod\Base.SC2Data\GameData\ButtonData.xml	skipped_existing
SOAStrafeAttack	CButton	游戏数据/官方SC2原始文本镜像/mods/starcoop/starcoop.sc2mod/base.sc2data/gamedata/buttondata.xml	D:\MyWork\新建文件夹\mom.report.client\src\MyMod\crys_the_swarm_reborn.SC2Mod\原始mod\Mods\XM\XMFinal.SC2Mod\Base.SC2Data\GameData\ButtonData.xml	skipped_existing
SOAStrafeAttackLocked	CButton	游戏数据/官方SC2原始文本镜像/mods/starcoop/starcoop.sc2mod/base.sc2data/gamedata/buttondata.xml	D:\MyWork\新建文件夹\mom.report.client\src\MyMod\crys_the_swarm_reborn.SC2Mod\原始mod\Mods\XM\XMFinal.SC2Mod\Base.SC2Data\GameData\ButtonData.xml	skipped_existing
SOAStrikefromtheShadows	CButton	游戏数据/官方SC2原始文本镜像/mods/starcoop/starcoop.sc2mod/base.sc2data/gamedata/buttondata.xml	D:\MyWork\新建文件夹\mom.report.client\src\MyMod\crys_the_swarm_reborn.SC2Mod\原始mod\Mods\XM\XMFinal.SC2Mod\Base.SC2Data\GameData\ButtonData.xml	skipped_existing
SOASummonFenix	CButton	游戏数据/官方SC2原始文本镜像/mods/starcoop/starcoop.sc2mod/base.sc2data/gamedata/buttondata.xml	D:\MyWork\新建文件夹\mom.report.client\src\MyMod\crys_the_swarm_reborn.SC2Mod\原始mod\Mods\XM\XMFinal.SC2Mod\Base.SC2Data\GameData\ButtonData.xml	skipped_existing
SOASummonFenixArbiter	CButton	游戏数据/官方SC2原始文本镜像/mods/starcoop/starcoop.sc2mod/base.sc2data/gamedata/buttondata.xml	D:\MyWork\新建文件夹\mom.report.client\src\MyMod\crys_the_swarm_reborn.SC2Mod\原始mod\Mods\XM\XMFinal.SC2Mod\Base.SC2Data\GameData\ButtonData.xml	skipped_existing
SOASummonFenixArbiterLocked	CButton	游戏数据/官方SC2原始文本镜像/mods/starcoop/starcoop.sc2mod/base.sc2data/gamedata/buttondata.xml	D:\MyWork\新建文件夹\mom.report.client\src\MyMod\crys_the_swarm_reborn.SC2Mod\原始mod\Mods\XM\XMFinal.SC2Mod\Base.SC2Data\GameData\ButtonData.xml	skipped_existing
SOASummonFenixArbiterPassive	CButton	游戏数据/官方SC2原始文本镜像/mods/starcoop/starcoop.sc2mod/base.sc2data/gamedata/buttondata.xml	D:\MyWork\新建文件夹\mom.report.client\src\MyMod\crys_the_swarm_reborn.SC2Mod\原始mod\Mods\XM\XMFinal.SC2Mod\Base.SC2Data\GameData\ButtonData.xml	skipped_existing
SOASummonFenixDragoon	CButton	游戏数据/官方SC2原始文本镜像/mods/starcoop/starcoop.sc2mod/base.sc2data/gamedata/buttondata.xml	D:\MyWork\新建文件夹\mom.report.client\src\MyMod\crys_the_swarm_reborn.SC2Mod\原始mod\Mods\XM\XMFinal.SC2Mod\Base.SC2Data\GameData\ButtonData.xml	skipped_existing
SOASummonFenixDragoonPassive	CButton	游戏数据/官方SC2原始文本镜像/mods/starcoop/starcoop.sc2mod/base.sc2data/gamedata/buttondata.xml	D:\MyWork\新建文件夹\mom.report.client\src\MyMod\crys_the_swarm_reborn.SC2Mod\原始mod\Mods\XM\XMFinal.SC2Mod\Base.SC2Data\GameData\ButtonData.xml	skipped_existing
SOASummonFenixPassive	CButton	游戏数据/官方SC2原始文本镜像/mods/starcoop/starcoop.sc2mod/base.sc2data/gamedata/buttondata.xml	D:\MyWork\新建文件夹\mom.report.client\src\MyMod\crys_the_swarm_reborn.SC2Mod\原始mod\Mods\XM\XMFinal.SC2Mod\Base.SC2Data\GameData\ButtonData.xml	skipped_existing
SOASuperChronoMapWide	CButton	游戏数据/官方SC2原始文本镜像/mods/starcoop/starcoop.sc2mod/base.sc2data/gamedata/buttondata.xml	D:\MyWork\新建文件夹\mom.report.client\src\MyMod\crys_the_swarm_reborn.SC2Mod\原始mod\Mods\XM\XMFinal.SC2Mod\Base.SC2Data\GameData\ButtonData.xml	skipped_existing
SOASuperShield	CButton	游戏数据/官方SC2原始文本镜像/mods/starcoop/starcoop.sc2mod/base.sc2data/gamedata/buttondata.xml	D:\MyWork\新建文件夹\mom.report.client\src\MyMod\crys_the_swarm_reborn.SC2Mod\原始mod\Mods\XM\XMFinal.SC2Mod\Base.SC2Data\GameData\ButtonData.xml	skipped_existing
SOATimeFreeze	CButton	游戏数据/官方SC2原始文本镜像/mods/starcoop/starcoop.sc2mod/base.sc2data/gamedata/buttondata.xml	D:\MyWork\新建文件夹\mom.report.client\src\MyMod\crys_the_swarm_reborn.SC2Mod\原始mod\Mods\XM\XMFinal.SC2Mod\Base.SC2Data\GameData\ButtonData.xml	skipped_existing
SOATimeStopLocked	CButton	游戏数据/官方SC2原始文本镜像/mods/starcoop/starcoop.sc2mod/base.sc2data/gamedata/buttondata.xml	D:\MyWork\新建文件夹\mom.report.client\src\MyMod\crys_the_swarm_reborn.SC2Mod\原始mod\Mods\XM\XMFinal.SC2Mod\Base.SC2Data\GameData\ButtonData.xml	skipped_existing
SOAVorazunBlackHole	CButton	游戏数据/官方SC2原始文本镜像/mods/starcoop/starcoop.sc2mod/base.sc2data/gamedata/buttondata.xml	D:\MyWork\新建文件夹\mom.report.client\src\MyMod\crys_the_swarm_reborn.SC2Mod\原始mod\Mods\XM\XMFinal.SC2Mod\Base.SC2Data\GameData\ButtonData.xml	skipped_existing
SpawnToxicNest	CButton	游戏数据/官方SC2原始文本镜像/mods/starcoop/starcoop.sc2mod/base.sc2data/gamedata/buttondata.xml	D:\MyWork\新建文件夹\mom.report.client\src\MyMod\crys_the_swarm_reborn.SC2Mod\原始mod\Mods\XM\XMFinal.SC2Mod\Base.SC2Data\GameData\ButtonData.xml	added_or_newer_duplicate
SpecialDelivery	CButton	游戏数据/官方SC2原始文本镜像/mods/starcoop/starcoop.sc2mod/base.sc2data/gamedata/buttondata.xml	D:\MyWork\新建文件夹\mom.report.client\src\MyMod\crys_the_swarm_reborn.SC2Mod\原始mod\Mods\XM\XMFinal.SC2Mod\Base.SC2Data\GameData\ButtonData.xml	added_or_newer_duplicate
StetelliteBonusLevel2Locked	CButton	游戏数据/官方SC2原始文本镜像/mods/starcoop/commanders/egonstetmann.sc2mod/base.sc2data/gamedata/buttondata.xml	D:\MyWork\新建文件夹\mom.report.client\src\MyMod\crys_the_swarm_reborn.SC2Mod\原始mod\Mods\XM\XMFinal.SC2Mod\Base.SC2Data\GameData\ButtonData.xml	added_or_newer_duplicate
StetelliteBonusLevel3Locked	CButton	游戏数据/官方SC2原始文本镜像/mods/starcoop/commanders/egonstetmann.sc2mod/base.sc2data/gamedata/buttondata.xml	D:\MyWork\新建文件夹\mom.report.client\src\MyMod\crys_the_swarm_reborn.SC2Mod\原始mod\Mods\XM\XMFinal.SC2Mod\Base.SC2Data\GameData\ButtonData.xml	added_or_newer_duplicate
StetmannFieldGeneratorEnergy	CButton	游戏数据/官方SC2原始文本镜像/mods/starcoop/commanders/egonstetmann.sc2mod/base.sc2data/gamedata/buttondata.xml	D:\MyWork\新建文件夹\mom.report.client\src\MyMod\crys_the_swarm_reborn.SC2Mod\原始mod\Mods\XM\XMFinal.SC2Mod\Base.SC2Data\GameData\ButtonData.xml	added_or_newer_duplicate
StetmannFieldGeneratorHealth	CButton	游戏数据/官方SC2原始文本镜像/mods/starcoop/commanders/egonstetmann.sc2mod/base.sc2data/gamedata/buttondata.xml	D:\MyWork\新建文件夹\mom.report.client\src\MyMod\crys_the_swarm_reborn.SC2Mod\原始mod\Mods\XM\XMFinal.SC2Mod\Base.SC2Data\GameData\ButtonData.xml	added_or_newer_duplicate
StetmannFieldGeneratorSpeed	CButton	游戏数据/官方SC2原始文本镜像/mods/starcoop/commanders/egonstetmann.sc2mod/base.sc2data/gamedata/buttondata.xml	D:\MyWork\新建文件夹\mom.report.client\src\MyMod\crys_the_swarm_reborn.SC2Mod\原始mod\Mods\XM\XMFinal.SC2Mod\Base.SC2Data\GameData\ButtonData.xml	added_or_newer_duplicate
StetmannSatelliteBonusLevel1	CButton	游戏数据/官方SC2原始文本镜像/mods/starcoop/commanders/egonstetmann.sc2mod/base.sc2data/gamedata/buttondata.xml	D:\MyWork\新建文件夹\mom.report.client\src\MyMod\crys_the_swarm_reborn.SC2Mod\原始mod\Mods\XM\XMFinal.SC2Mod\Base.SC2Data\GameData\ButtonData.xml	added_or_newer_duplicate
StetmannSatelliteBonusLevel2	CButton	游戏数据/官方SC2原始文本镜像/mods/starcoop/commanders/egonstetmann.sc2mod/base.sc2data/gamedata/buttondata.xml	D:\MyWork\新建文件夹\mom.report.client\src\MyMod\crys_the_swarm_reborn.SC2Mod\原始mod\Mods\XM\XMFinal.SC2Mod\Base.SC2Data\GameData\ButtonData.xml	added_or_newer_duplicate
StetmannSatelliteBonusLevel3	CButton	游戏数据/官方SC2原始文本镜像/mods/starcoop/commanders/egonstetmann.sc2mod/base.sc2data/gamedata/buttondata.xml	D:\MyWork\新建文件夹\mom.report.client\src\MyMod\crys_the_swarm_reborn.SC2Mod\原始mod\Mods\XM\XMFinal.SC2Mod\Base.SC2Data\GameData\ButtonData.xml	added_or_newer_duplicate
StrikefromtheShadowsLocked	CButton	游戏数据/官方SC2原始文本镜像/mods/starcoop/starcoop.sc2mod/base.sc2data/gamedata/buttondata.xml	D:\MyWork\新建文件夹\mom.report.client\src\MyMod\crys_the_swarm_reborn.SC2Mod\原始mod\Mods\XM\XMFinal.SC2Mod\Base.SC2Data\GameData\ButtonData.xml	skipped_existing
StructureArmorMengsk	CButton	游戏数据/官方SC2原始文本镜像/mods/starcoop/commanders/arcturusmengsk.sc2mod/base.sc2data/gamedata/buttondata.xml	D:\MyWork\新建文件夹\mom.report.client\src\MyMod\crys_the_swarm_reborn.SC2Mod\原始mod\Mods\XM\XMFinal.SC2Mod\Base.SC2Data\GameData\ButtonData.xml	added_or_newer_duplicate
StukovAleksanderInfestedSwarmTarget	CButton	游戏数据/官方SC2原始文本镜像/mods/starcoop/starcoop.sc2mod/base.sc2data/gamedata/buttondata.xml	D:\MyWork\新建文件夹\mom.report.client\src\MyMod\crys_the_swarm_reborn.SC2Mod\原始mod\Mods\XM\XMFinal.SC2Mod\Base.SC2Data\GameData\ButtonData.xml	added_or_newer_duplicate
StukovSummonAleksander	CButton	游戏数据/官方SC2原始文本镜像/mods/starcoop/starcoop.sc2mod/base.sc2data/gamedata/buttondata.xml	D:\MyWork\新建文件夹\mom.report.client\src\MyMod\crys_the_swarm_reborn.SC2Mod\原始mod\Mods\XM\XMFinal.SC2Mod\Base.SC2Data\GameData\ButtonData.xml	added_or_newer_duplicate
StukovSummonApocalisk	CButton	游戏数据/官方SC2原始文本镜像/mods/starcoop/starcoop.sc2mod/base.sc2data/gamedata/buttondata.xml	D:\MyWork\新建文件夹\mom.report.client\src\MyMod\crys_the_swarm_reborn.SC2Mod\原始mod\Mods\XM\XMFinal.SC2Mod\Base.SC2Data\GameData\ButtonData.xml	added_or_newer_duplicate
SummonHyperionVoid	CButton	游戏数据/官方SC2原始文本镜像/mods/starcoop/starcoop.sc2mod/base.sc2data/gamedata/buttondata.xml	D:\MyWork\新建文件夹\mom.report.client\src\MyMod\crys_the_swarm_reborn.SC2Mod\原始mod\Mods\XM\XMFinal.SC2Mod\Base.SC2Data\GameData\ButtonData.xml	skipped_existing
SwarmHostDeepBurrow	CButton	游戏数据/官方SC2原始文本镜像/mods/starcoop/starcoop.sc2mod/base.sc2data/gamedata/buttondata.xml	D:\MyWork\新建文件夹\mom.report.client\src\MyMod\crys_the_swarm_reborn.SC2Mod\原始mod\Mods\XM\XMFinal.SC2Mod\Base.SC2Data\GameData\ButtonData.xml	added_or_newer_duplicate
ToxicNestattackgivesMarkforCollectiondebuff	CButton	游戏数据/官方SC2原始文本镜像/mods/starcoop/starcoop.sc2mod/base.sc2data/gamedata/buttondata.xml	D:\MyWork\新建文件夹\mom.report.client\src\MyMod\crys_the_swarm_reborn.SC2Mod\原始mod\Mods\XM\XMFinal.SC2Mod\Base.SC2Data\GameData\ButtonData.xml	added_or_newer_duplicate
TrooperMengskEnlistCC	CButton	游戏数据/官方SC2原始文本镜像/mods/starcoop/commanders/arcturusmengsk.sc2mod/base.sc2data/gamedata/buttondata.xml	D:\MyWork\新建文件夹\mom.report.client\src\MyMod\crys_the_swarm_reborn.SC2Mod\原始mod\Mods\XM\XMFinal.SC2Mod\Base.SC2Data\GameData\ButtonData.xml	added_or_newer_duplicate
TychusCalldownOdin	CButton	游戏数据/官方SC2原始文本镜像/mods/starcoop/starcoop.sc2mod/base.sc2data/gamedata/commanders/commandertychus.xml	D:\MyWork\新建文件夹\mom.report.client\src\MyMod\crys_the_swarm_reborn.SC2Mod\原始mod\Mods\XM\XMFinal.SC2Mod\Base.SC2Data\GameData\ButtonData.xml	added_or_newer_duplicate
TychusFirebat	CButton	游戏数据/官方SC2原始文本镜像/mods/starcoop/starcoop.sc2mod/base.sc2data/gamedata/commanders/commandertychus.xml	D:\MyWork\新建文件夹\mom.report.client\src\MyMod\crys_the_swarm_reborn.SC2Mod\原始mod\Mods\XM\XMFinal.SC2Mod\Base.SC2Data\GameData\ButtonData.xml	added_or_newer_duplicate
TychusGhost	CButton	游戏数据/官方SC2原始文本镜像/mods/starcoop/starcoop.sc2mod/base.sc2data/gamedata/commanders/commandertychus.xml	D:\MyWork\新建文件夹\mom.report.client\src\MyMod\crys_the_swarm_reborn.SC2Mod\原始mod\Mods\XM\XMFinal.SC2Mod\Base.SC2Data\GameData\ButtonData.xml	added_or_newer_duplicate
TychusHeroCommonAbil1	CButton	游戏数据/官方SC2原始文本镜像/mods/starcoop/starcoop.sc2mod/base.sc2data/gamedata/commanders/commandertychus.xml	D:\MyWork\新建文件夹\mom.report.client\src\MyMod\crys_the_swarm_reborn.SC2Mod\原始mod\Mods\XM\XMFinal.SC2Mod\Base.SC2Data\GameData\ButtonData.xml	added_or_newer_duplicate
TychusHeroCommonAbil2	CButton	游戏数据/官方SC2原始文本镜像/mods/starcoop/starcoop.sc2mod/base.sc2data/gamedata/commanders/commandertychus.xml	D:\MyWork\新建文件夹\mom.report.client\src\MyMod\crys_the_swarm_reborn.SC2Mod\原始mod\Mods\XM\XMFinal.SC2Mod\Base.SC2Data\GameData\ButtonData.xml	skipped_existing
TychusHeroCommonAbil3	CButton	游戏数据/官方SC2原始文本镜像/mods/starcoop/starcoop.sc2mod/base.sc2data/gamedata/commanders/commandertychus.xml	D:\MyWork\新建文件夹\mom.report.client\src\MyMod\crys_the_swarm_reborn.SC2Mod\原始mod\Mods\XM\XMFinal.SC2Mod\Base.SC2Data\GameData\ButtonData.xml	skipped_existing
TychusHeroCommonAbil4	CButton	游戏数据/官方SC2原始文本镜像/mods/starcoop/starcoop.sc2mod/base.sc2data/gamedata/commanders/commandertychus.xml	D:\MyWork\新建文件夹\mom.report.client\src\MyMod\crys_the_swarm_reborn.SC2Mod\原始mod\Mods\XM\XMFinal.SC2Mod\Base.SC2Data\GameData\ButtonData.xml	skipped_existing
TychusHeroCommonAbil5	CButton	游戏数据/官方SC2原始文本镜像/mods/starcoop/starcoop.sc2mod/base.sc2data/gamedata/commanders/commandertychus.xml	D:\MyWork\新建文件夹\mom.report.client\src\MyMod\crys_the_swarm_reborn.SC2Mod\原始mod\Mods\XM\XMFinal.SC2Mod\Base.SC2Data\GameData\ButtonData.xml	skipped_existing
TychusMarauder	CButton	游戏数据/官方SC2原始文本镜像/mods/starcoop/starcoop.sc2mod/base.sc2data/gamedata/commanders/commandertychus.xml	D:\MyWork\新建文件夹\mom.report.client\src\MyMod\crys_the_swarm_reborn.SC2Mod\原始mod\Mods\XM\XMFinal.SC2Mod\Base.SC2Data\GameData\ButtonData.xml	added_or_newer_duplicate
TychusMedic	CButton	游戏数据/官方SC2原始文本镜像/mods/starcoop/starcoop.sc2mod/base.sc2data/gamedata/commanders/commandertychus.xml	D:\MyWork\新建文件夹\mom.report.client\src\MyMod\crys_the_swarm_reborn.SC2Mod\原始mod\Mods\XM\XMFinal.SC2Mod\Base.SC2Data\GameData\ButtonData.xml	added_or_newer_duplicate
TychusMedicTransportUnits	CButton	游戏数据/官方SC2原始文本镜像/mods/starcoop/starcoop.sc2mod/base.sc2data/gamedata/commanders/commandertychus.xml	D:\MyWork\新建文件夹\mom.report.client\src\MyMod\crys_the_swarm_reborn.SC2Mod\原始mod\Mods\XM\XMFinal.SC2Mod\Base.SC2Data\GameData\ButtonData.xml	added_or_newer_duplicate
TychusMedicTransportUnitsTopBar	CButton	游戏数据/官方SC2原始文本镜像/mods/starcoop/starcoop.sc2mod/base.sc2data/gamedata/commanders/commandertychus.xml	D:\MyWork\新建文件夹\mom.report.client\src\MyMod\crys_the_swarm_reborn.SC2Mod\原始mod\Mods\XM\XMFinal.SC2Mod\Base.SC2Data\GameData\ButtonData.xml	added_or_newer_duplicate
TychusOdinLocked	CButton	游戏数据/官方SC2原始文本镜像/mods/starcoop/starcoop.sc2mod/base.sc2data/gamedata/commanders/commandertychus.xml	D:\MyWork\新建文件夹\mom.report.client\src\MyMod\crys_the_swarm_reborn.SC2Mod\原始mod\Mods\XM\XMFinal.SC2Mod\Base.SC2Data\GameData\ButtonData.xml	added_or_newer_duplicate
TychusOdinNuclearStrike	CButton	游戏数据/官方SC2原始文本镜像/mods/starcoop/starcoop.sc2mod/base.sc2data/gamedata/commanders/commandertychus.xml	D:\MyWork\新建文件夹\mom.report.client\src\MyMod\crys_the_swarm_reborn.SC2Mod\原始mod\Mods\XM\XMFinal.SC2Mod\Base.SC2Data\GameData\ButtonData.xml	skipped_existing
TychusOdinRedButton	CButton	游戏数据/官方SC2原始文本镜像/mods/starcoop/starcoop.sc2mod/base.sc2data/gamedata/commanders/commandertychus.xml	D:\MyWork\新建文件夹\mom.report.client\src\MyMod\crys_the_swarm_reborn.SC2Mod\原始mod\Mods\XM\XMFinal.SC2Mod\Base.SC2Data\GameData\ButtonData.xml	added_or_newer_duplicate
TychusReaper	CButton	游戏数据/官方SC2原始文本镜像/mods/starcoop/starcoop.sc2mod/base.sc2data/gamedata/commanders/commandertychus.xml	D:\MyWork\新建文件夹\mom.report.client\src\MyMod\crys_the_swarm_reborn.SC2Mod\原始mod\Mods\XM\XMFinal.SC2Mod\Base.SC2Data\GameData\ButtonData.xml	added_or_newer_duplicate
TychusSpectre	CButton	游戏数据/官方SC2原始文本镜像/mods/starcoop/starcoop.sc2mod/base.sc2data/gamedata/commanders/commandertychus.xml	D:\MyWork\新建文件夹\mom.report.client\src\MyMod\crys_the_swarm_reborn.SC2Mod\原始mod\Mods\XM\XMFinal.SC2Mod\Base.SC2Data\GameData\ButtonData.xml	added_or_newer_duplicate
UnlockGriffinBombingRunLocked	CButton	游戏数据/官方SC2原始文本镜像/mods/starcoop/starcoop.sc2mod/base.sc2data/gamedata/buttondata.xml	D:\MyWork\新建文件夹\mom.report.client\src\MyMod\crys_the_swarm_reborn.SC2Mod\原始mod\Mods\XM\XMFinal.SC2Mod\Base.SC2Data\GameData\ButtonData.xml	added_or_newer_duplicate
UnlockGriffinTransportLocked	CButton	游戏数据/官方SC2原始文本镜像/mods/starcoop/starcoop.sc2mod/base.sc2data/gamedata/buttondata.xml	D:\MyWork\新建文件夹\mom.report.client\src\MyMod\crys_the_swarm_reborn.SC2Mod\原始mod\Mods\XM\XMFinal.SC2Mod\Base.SC2Data\GameData\ButtonData.xml	added_or_newer_duplicate
UnlockHHAirFleet	CButton	游戏数据/官方SC2原始文本镜像/mods/starcoop/starcoop.sc2mod/base.sc2data/gamedata/buttondata.xml	D:\MyWork\新建文件夹\mom.report.client\src\MyMod\crys_the_swarm_reborn.SC2Mod\原始mod\Mods\XM\XMFinal.SC2Mod\Base.SC2Data\GameData\ButtonData.xml	added_or_newer_duplicate
UnlockHHBomberPlatformLocked	CButton	游戏数据/官方SC2原始文本镜像/mods/starcoop/starcoop.sc2mod/base.sc2data/gamedata/buttondata.xml	D:\MyWork\新建文件夹\mom.report.client\src\MyMod\crys_the_swarm_reborn.SC2Mod\原始mod\Mods\XM\XMFinal.SC2Mod\Base.SC2Data\GameData\ButtonData.xml	added_or_newer_duplicate
UnlockHHMercSpaceStation	CButton	游戏数据/官方SC2原始文本镜像/mods/starcoop/starcoop.sc2mod/base.sc2data/gamedata/buttondata.xml	D:\MyWork\新建文件夹\mom.report.client\src\MyMod\crys_the_swarm_reborn.SC2Mod\原始mod\Mods\XM\XMFinal.SC2Mod\Base.SC2Data\GameData\ButtonData.xml	added_or_newer_duplicate
UnlockStukovAleksanderLocked	CButton	游戏数据/官方SC2原始文本镜像/mods/starcoop/starcoop.sc2mod/base.sc2data/gamedata/buttondata.xml	D:\MyWork\新建文件夹\mom.report.client\src\MyMod\crys_the_swarm_reborn.SC2Mod\原始mod\Mods\XM\XMFinal.SC2Mod\Base.SC2Data\GameData\ButtonData.xml	added_or_newer_duplicate
UnlockStukovApocaliskLocked	CButton	游戏数据/官方SC2原始文本镜像/mods/starcoop/starcoop.sc2mod/base.sc2data/gamedata/buttondata.xml	D:\MyWork\新建文件夹\mom.report.client\src\MyMod\crys_the_swarm_reborn.SC2Mod\原始mod\Mods\XM\XMFinal.SC2Mod\Base.SC2Data\GameData\ButtonData.xml	added_or_newer_duplicate
VoidSentryBlackHole	CButton	游戏数据/官方SC2原始文本镜像/mods/starcoop/starcoop.sc2mod/base.sc2data/gamedata/buttondata.xml	D:\MyWork\新建文件夹\mom.report.client\src\MyMod\crys_the_swarm_reborn.SC2Mod\原始mod\Mods\XM\XMFinal.SC2Mod\Base.SC2Data\GameData\ButtonData.xml	skipped_existing
VolatileNestLocked	CButton	游戏数据/官方SC2原始文本镜像/mods/starcoop/starcoop.sc2mod/base.sc2data/gamedata/buttondata.xml	D:\MyWork\新建文件夹\mom.report.client\src\MyMod\crys_the_swarm_reborn.SC2Mod\原始mod\Mods\XM\XMFinal.SC2Mod\Base.SC2Data\GameData\ButtonData.xml	skipped_existing
Vulture	CButton	游戏数据/官方SC2原始文本镜像/mods/starcoop/starcoop.sc2mod/base.sc2data/gamedata/buttondata.xml	D:\MyWork\新建文件夹\mom.report.client\src\MyMod\crys_the_swarm_reborn.SC2Mod\原始mod\Mods\XM\XMFinal.SC2Mod\Base.SC2Data\GameData\ButtonData.xml	added_or_newer_duplicate
WarpHarmonizationLocked	CButton	游戏数据/官方SC2原始文本镜像/mods/starcoop/starcoop.sc2mod/base.sc2data/gamedata/buttondata.xml	D:\MyWork\新建文件夹\mom.report.client\src\MyMod\crys_the_swarm_reborn.SC2Mod\原始mod\Mods\XM\XMFinal.SC2Mod\Base.SC2Data\GameData\ButtonData.xml	skipped_existing
XN51CloakTechnology	CButton	游戏数据/官方SC2原始文本镜像/mods/starcoop/starcoop.sc2mod/base.sc2data/gamedata/buttondata.xml	D:\MyWork\新建文件夹\mom.report.client\src\MyMod\crys_the_swarm_reborn.SC2Mod\原始mod\Mods\XM\XMFinal.SC2Mod\Base.SC2Data\GameData\ButtonData.xml	skipped_existing
ZagaraVoidCoopBanelingBarrage	CButton	游戏数据/官方SC2原始文本镜像/mods/starcoop/starcoop.sc2mod/base.sc2data/gamedata/buttondata.xml	D:\MyWork\新建文件夹\mom.report.client\src\MyMod\crys_the_swarm_reborn.SC2Mod\原始mod\Mods\XM\XMFinal.SC2Mod\Base.SC2Data\GameData\ButtonData.xml	skipped_existing
ZagaraVoidCoopBanelingSpawner	CButton	游戏数据/官方SC2原始文本镜像/mods/starcoop/starcoop.sc2mod/base.sc2data/gamedata/buttondata.xml	D:\MyWork\新建文件夹\mom.report.client\src\MyMod\crys_the_swarm_reborn.SC2Mod\原始mod\Mods\XM\XMFinal.SC2Mod\Base.SC2Data\GameData\ButtonData.xml	added_or_newer_duplicate
ZagaraVoidCoopCreepMaster	CButton	游戏数据/官方SC2原始文本镜像/mods/starcoop/starcoop.sc2mod/base.sc2data/gamedata/buttondata.xml	D:\MyWork\新建文件夹\mom.report.client\src\MyMod\crys_the_swarm_reborn.SC2Mod\原始mod\Mods\XM\XMFinal.SC2Mod\Base.SC2Data\GameData\ButtonData.xml	added_or_newer_duplicate
ZagaraVoidCoopMassFrenzy	CButton	游戏数据/官方SC2原始文本镜像/mods/starcoop/starcoop.sc2mod/base.sc2data/gamedata/buttondata.xml	D:\MyWork\新建文件夹\mom.report.client\src\MyMod\crys_the_swarm_reborn.SC2Mod\原始mod\Mods\XM\XMFinal.SC2Mod\Base.SC2Data\GameData\ButtonData.xml	skipped_existing
ZagaraVoidCoopMassRoachDropLocked	CButton	游戏数据/官方SC2原始文本镜像/mods/starcoop/starcoop.sc2mod/base.sc2data/gamedata/buttondata.xml	D:\MyWork\新建文件夹\mom.report.client\src\MyMod\crys_the_swarm_reborn.SC2Mod\原始mod\Mods\XM\XMFinal.SC2Mod\Base.SC2Data\GameData\ButtonData.xml	skipped_existing
ZagaraVoidCoopNydusWorm	CButton	游戏数据/官方SC2原始文本镜像/mods/starcoop/starcoop.sc2mod/base.sc2data/gamedata/buttondata.xml	D:\MyWork\新建文件夹\mom.report.client\src\MyMod\crys_the_swarm_reborn.SC2Mod\原始mod\Mods\XM\XMFinal.SC2Mod\Base.SC2Data\GameData\ButtonData.xml	added_or_newer_duplicate
ZagaraVoidCoopRelentlessSwarmer	CButton	游戏数据/官方SC2原始文本镜像/mods/starcoop/starcoop.sc2mod/base.sc2data/gamedata/buttondata.xml	D:\MyWork\新建文件夹\mom.report.client\src\MyMod\crys_the_swarm_reborn.SC2Mod\原始mod\Mods\XM\XMFinal.SC2Mod\Base.SC2Data\GameData\ButtonData.xml	skipped_existing
ZeratulAbilityFeedbackLocked	CButton	游戏数据/官方SC2原始文本镜像/mods/starcoop/starcoop.sc2mod/base.sc2data/gamedata/commanders/futurecommanders.xml	D:\MyWork\新建文件夹\mom.report.client\src\MyMod\crys_the_swarm_reborn.SC2Mod\原始mod\Mods\XM\XMFinal.SC2Mod\Base.SC2Data\GameData\ButtonData.xml	added_or_newer_duplicate
ZeratulAbilityMaelstromLocked	CButton	游戏数据/官方SC2原始文本镜像/mods/starcoop/starcoop.sc2mod/base.sc2data/gamedata/commanders/futurecommanders.xml	D:\MyWork\新建文件夹\mom.report.client\src\MyMod\crys_the_swarm_reborn.SC2Mod\原始mod\Mods\XM\XMFinal.SC2Mod\Base.SC2Data\GameData\ButtonData.xml	added_or_newer_duplicate
ZeratulAbilityPrismaticRangeLocked	CButton	游戏数据/官方SC2原始文本镜像/mods/starcoop/starcoop.sc2mod/base.sc2data/gamedata/commanders/futurecommanders.xml	D:\MyWork\新建文件夹\mom.report.client\src\MyMod\crys_the_swarm_reborn.SC2Mod\原始mod\Mods\XM\XMFinal.SC2Mod\Base.SC2Data\GameData\ButtonData.xml	added_or_newer_duplicate
ZeratulArtifactUpgradeTier	CButton	游戏数据/官方SC2原始文本镜像/mods/starcoop/starcoop.sc2mod/base.sc2data/gamedata/commanders/futurecommanders.xml	D:\MyWork\新建文件夹\mom.report.client\src\MyMod\crys_the_swarm_reborn.SC2Mod\原始mod\Mods\XM\XMFinal.SC2Mod\Base.SC2Data\GameData\ButtonData.xml	added_or_newer_duplicate
ZeratulArtifactUpgradeTier0A	CButton	游戏数据/官方SC2原始文本镜像/mods/starcoop/starcoop.sc2mod/base.sc2data/gamedata/commanders/futurecommanders.xml	D:\MyWork\新建文件夹\mom.report.client\src\MyMod\crys_the_swarm_reborn.SC2Mod\原始mod\Mods\XM\XMFinal.SC2Mod\Base.SC2Data\GameData\ButtonData.xml	added_or_newer_duplicate
ZeratulArtifactUpgradeTier0B	CButton	游戏数据/官方SC2原始文本镜像/mods/starcoop/starcoop.sc2mod/base.sc2data/gamedata/commanders/futurecommanders.xml	D:\MyWork\新建文件夹\mom.report.client\src\MyMod\crys_the_swarm_reborn.SC2Mod\原始mod\Mods\XM\XMFinal.SC2Mod\Base.SC2Data\GameData\ButtonData.xml	added_or_newer_duplicate
ZeratulArtifactUpgradeTier0C	CButton	游戏数据/官方SC2原始文本镜像/mods/starcoop/starcoop.sc2mod/base.sc2data/gamedata/commanders/futurecommanders.xml	D:\MyWork\新建文件夹\mom.report.client\src\MyMod\crys_the_swarm_reborn.SC2Mod\原始mod\Mods\XM\XMFinal.SC2Mod\Base.SC2Data\GameData\ButtonData.xml	added_or_newer_duplicate
ZeratulArtifactUpgradeTier1A	CButton	游戏数据/官方SC2原始文本镜像/mods/starcoop/starcoop.sc2mod/base.sc2data/gamedata/commanders/futurecommanders.xml	D:\MyWork\新建文件夹\mom.report.client\src\MyMod\crys_the_swarm_reborn.SC2Mod\原始mod\Mods\XM\XMFinal.SC2Mod\Base.SC2Data\GameData\ButtonData.xml	added_or_newer_duplicate
ZeratulArtifactUpgradeTier1B	CButton	游戏数据/官方SC2原始文本镜像/mods/starcoop/starcoop.sc2mod/base.sc2data/gamedata/commanders/futurecommanders.xml	D:\MyWork\新建文件夹\mom.report.client\src\MyMod\crys_the_swarm_reborn.SC2Mod\原始mod\Mods\XM\XMFinal.SC2Mod\Base.SC2Data\GameData\ButtonData.xml	added_or_newer_duplicate
ZeratulArtifactUpgradeTier1C	CButton	游戏数据/官方SC2原始文本镜像/mods/starcoop/starcoop.sc2mod/base.sc2data/gamedata/commanders/futurecommanders.xml	D:\MyWork\新建文件夹\mom.report.client\src\MyMod\crys_the_swarm_reborn.SC2Mod\原始mod\Mods\XM\XMFinal.SC2Mod\Base.SC2Data\GameData\ButtonData.xml	added_or_newer_duplicate
ZeratulArtifactUpgradeTier2A	CButton	游戏数据/官方SC2原始文本镜像/mods/starcoop/starcoop.sc2mod/base.sc2data/gamedata/commanders/futurecommanders.xml	D:\MyWork\新建文件夹\mom.report.client\src\MyMod\crys_the_swarm_reborn.SC2Mod\原始mod\Mods\XM\XMFinal.SC2Mod\Base.SC2Data\GameData\ButtonData.xml	added_or_newer_duplicate
ZeratulArtifactUpgradeTier2B	CButton	游戏数据/官方SC2原始文本镜像/mods/starcoop/starcoop.sc2mod/base.sc2data/gamedata/commanders/futurecommanders.xml	D:\MyWork\新建文件夹\mom.report.client\src\MyMod\crys_the_swarm_reborn.SC2Mod\原始mod\Mods\XM\XMFinal.SC2Mod\Base.SC2Data\GameData\ButtonData.xml	added_or_newer_duplicate
ZeratulArtifactUpgradeTier3A	CButton	游戏数据/官方SC2原始文本镜像/mods/starcoop/starcoop.sc2mod/base.sc2data/gamedata/commanders/futurecommanders.xml	D:\MyWork\新建文件夹\mom.report.client\src\MyMod\crys_the_swarm_reborn.SC2Mod\原始mod\Mods\XM\XMFinal.SC2Mod\Base.SC2Data\GameData\ButtonData.xml	added_or_newer_duplicate
ZeratulArtifactUpgradeTier3B	CButton	游戏数据/官方SC2原始文本镜像/mods/starcoop/starcoop.sc2mod/base.sc2data/gamedata/commanders/futurecommanders.xml	D:\MyWork\新建文件夹\mom.report.client\src\MyMod\crys_the_swarm_reborn.SC2Mod\原始mod\Mods\XM\XMFinal.SC2Mod\Base.SC2Data\GameData\ButtonData.xml	added_or_newer_duplicate
ZeratulBlackHole	CButton	游戏数据/官方SC2原始文本镜像/mods/starcoop/starcoop.sc2mod/base.sc2data/gamedata/commanders/futurecommanders.xml	D:\MyWork\新建文件夹\mom.report.client\src\MyMod\crys_the_swarm_reborn.SC2Mod\原始mod\Mods\XM\XMFinal.SC2Mod\Base.SC2Data\GameData\ButtonData.xml	added_or_newer_duplicate
ZeratulBlink	CButton	游戏数据/官方SC2原始文本镜像/mods/starcoop/starcoop.sc2mod/base.sc2data/gamedata/buttondata.xml	D:\MyWork\新建文件夹\mom.report.client\src\MyMod\crys_the_swarm_reborn.SC2Mod\原始mod\Mods\XM\XMFinal.SC2Mod\Base.SC2Data\GameData\ButtonData.xml	added_or_newer_duplicate
ZeratulDarkArchonMaelstrom	CButton	游戏数据/官方SC2原始文本镜像/mods/starcoop/starcoop.sc2mod/base.sc2data/gamedata/commanders/futurecommanders.xml	D:\MyWork\新建文件夹\mom.report.client\src\MyMod\crys_the_swarm_reborn.SC2Mod\原始mod\Mods\XM\XMFinal.SC2Mod\Base.SC2Data\GameData\ButtonData.xml	added_or_newer_duplicate
ZeratulDarkArchonMindControl	CButton	游戏数据/官方SC2原始文本镜像/mods/starcoop/starcoop.sc2mod/base.sc2data/gamedata/buttondata.xml	D:\MyWork\新建文件夹\mom.report.client\src\MyMod\crys_the_swarm_reborn.SC2Mod\原始mod\Mods\XM\XMFinal.SC2Mod\Base.SC2Data\GameData\ButtonData.xml	added_or_newer_duplicate
ZeratulDarkTemplarBlink	CButton	游戏数据/官方SC2原始文本镜像/mods/starcoop/starcoop.sc2mod/base.sc2data/gamedata/commanders/futurecommanders.xml	D:\MyWork\新建文件夹\mom.report.client\src\MyMod\crys_the_swarm_reborn.SC2Mod\原始mod\Mods\XM\XMFinal.SC2Mod\Base.SC2Data\GameData\ButtonData.xml	added_or_newer_duplicate
ZeratulEntropicBlastLocked	CButton	游戏数据/官方SC2原始文本镜像/mods/starcoop/starcoop.sc2mod/base.sc2data/gamedata/commanders/futurecommanders.xml	D:\MyWork\新建文件夹\mom.report.client\src\MyMod\crys_the_swarm_reborn.SC2Mod\原始mod\Mods\XM\XMFinal.SC2Mod\Base.SC2Data\GameData\ButtonData.xml	added_or_newer_duplicate
ZeratulKhaydarinMonolith	CButton	游戏数据/官方SC2原始文本镜像/mods/starcoop/starcoop.sc2mod/base.sc2data/gamedata/commanders/futurecommanders.xml	D:\MyWork\新建文件夹\mom.report.client\src\MyMod\crys_the_swarm_reborn.SC2Mod\原始mod\Mods\XM\XMFinal.SC2Mod\Base.SC2Data\GameData\ButtonData.xml	added_or_newer_duplicate
ZeratulKhaydarinMonolithWarp	CButton	游戏数据/官方SC2原始文本镜像/mods/starcoop/starcoop.sc2mod/base.sc2data/gamedata/commanders/futurecommanders.xml	D:\MyWork\新建文件夹\mom.report.client\src\MyMod\crys_the_swarm_reborn.SC2Mod\原始mod\Mods\XM\XMFinal.SC2Mod\Base.SC2Data\GameData\ButtonData.xml	added_or_newer_duplicate
ZeratulMapWideStasis	CButton	游戏数据/官方SC2原始文本镜像/mods/starcoop/starcoop.sc2mod/base.sc2data/gamedata/commanders/futurecommanders.xml	D:\MyWork\新建文件夹\mom.report.client\src\MyMod\crys_the_swarm_reborn.SC2Mod\原始mod\Mods\XM\XMFinal.SC2Mod\Base.SC2Data\GameData\ButtonData.xml	added_or_newer_duplicate
ZeratulPhaseCannonWarp	CButton	游戏数据/官方SC2原始文本镜像/mods/starcoop/starcoop.sc2mod/base.sc2data/gamedata/commanders/futurecommanders.xml	D:\MyWork\新建文件夹\mom.report.client\src\MyMod\crys_the_swarm_reborn.SC2Mod\原始mod\Mods\XM\XMFinal.SC2Mod\Base.SC2Data\GameData\ButtonData.xml	added_or_newer_duplicate
ZeratulStaggeringBlast	CButton	游戏数据/官方SC2原始文本镜像/mods/starcoop/starcoop.sc2mod/base.sc2data/gamedata/commanders/futurecommanders.xml	D:\MyWork\新建文件夹\mom.report.client\src\MyMod\crys_the_swarm_reborn.SC2Mod\原始mod\Mods\XM\XMFinal.SC2Mod\Base.SC2Data\GameData\ButtonData.xml	added_or_newer_duplicate
ZeratulStasisField	CButton	游戏数据/官方SC2原始文本镜像/mods/starcoop/starcoop.sc2mod/base.sc2data/gamedata/commanders/futurecommanders.xml	D:\MyWork\新建文件夹\mom.report.client\src\MyMod\crys_the_swarm_reborn.SC2Mod\原始mod\Mods\XM\XMFinal.SC2Mod\Base.SC2Data\GameData\ButtonData.xml	added_or_newer_duplicate
ZeratulStructureBarrier	CButton	游戏数据/官方SC2原始文本镜像/mods/starcoop/starcoop.sc2mod/base.sc2data/gamedata/commanders/futurecommanders.xml	D:\MyWork\新建文件夹\mom.report.client\src\MyMod\crys_the_swarm_reborn.SC2Mod\原始mod\Mods\XM\XMFinal.SC2Mod\Base.SC2Data\GameData\ButtonData.xml	added_or_newer_duplicate
ZeratulStructureBarrierChose	CButton	游戏数据/官方SC2原始文本镜像/mods/starcoop/starcoop.sc2mod/base.sc2data/gamedata/commanders/futurecommanders.xml	D:\MyWork\新建文件夹\mom.report.client\src\MyMod\crys_the_swarm_reborn.SC2Mod\原始mod\Mods\XM\XMFinal.SC2Mod\Base.SC2Data\GameData\ButtonData.xml	added_or_newer_duplicate
ZeratulStructureBarrierLocked	CButton	游戏数据/官方SC2原始文本镜像/mods/starcoop/starcoop.sc2mod/base.sc2data/gamedata/commanders/futurecommanders.xml	D:\MyWork\新建文件夹\mom.report.client\src\MyMod\crys_the_swarm_reborn.SC2Mod\原始mod\Mods\XM\XMFinal.SC2Mod\Base.SC2Data\GameData\ButtonData.xml	added_or_newer_duplicate
ZeratulSummonDarkArchon	CButton	游戏数据/官方SC2原始文本镜像/mods/starcoop/starcoop.sc2mod/base.sc2data/gamedata/commanders/futurecommanders.xml	D:\MyWork\新建文件夹\mom.report.client\src\MyMod\crys_the_swarm_reborn.SC2Mod\原始mod\Mods\XM\XMFinal.SC2Mod\Base.SC2Data\GameData\ButtonData.xml	added_or_newer_duplicate
ZeratulSummonKarass	CButton	游戏数据/官方SC2原始文本镜像/mods/starcoop/starcoop.sc2mod/base.sc2data/gamedata/commanders/futurecommanders.xml	D:\MyWork\新建文件夹\mom.report.client\src\MyMod\crys_the_swarm_reborn.SC2Mod\原始mod\Mods\XM\XMFinal.SC2Mod\Base.SC2Data\GameData\ButtonData.xml	added_or_newer_duplicate
ZeratulSummonMohandar	CButton	游戏数据/官方SC2原始文本镜像/mods/starcoop/starcoop.sc2mod/base.sc2data/gamedata/commanders/futurecommanders.xml	D:\MyWork\新建文件夹\mom.report.client\src\MyMod\crys_the_swarm_reborn.SC2Mod\原始mod\Mods\XM\XMFinal.SC2Mod\Base.SC2Data\GameData\ButtonData.xml	added_or_newer_duplicate
ZeratulSuppressionCrystal	CButton	游戏数据/官方SC2原始文本镜像/mods/starcoop/starcoop.sc2mod/base.sc2data/gamedata/commanders/futurecommanders.xml	D:\MyWork\新建文件夹\mom.report.client\src\MyMod\crys_the_swarm_reborn.SC2Mod\原始mod\Mods\XM\XMFinal.SC2Mod\Base.SC2Data\GameData\ButtonData.xml	added_or_newer_duplicate
ZeratulSuppressionCrystalSuppression	CButton	游戏数据/官方SC2原始文本镜像/mods/starcoop/starcoop.sc2mod/base.sc2data/gamedata/commanders/futurecommanders.xml	D:\MyWork\新建文件夹\mom.report.client\src\MyMod\crys_the_swarm_reborn.SC2Mod\原始mod\Mods\XM\XMFinal.SC2Mod\Base.SC2Data\GameData\ButtonData.xml	added_or_newer_duplicate
ZeratulSuppressionCrystalSuppressionBuilding	CButton	游戏数据/官方SC2原始文本镜像/mods/starcoop/starcoop.sc2mod/base.sc2data/gamedata/commanders/futurecommanders.xml	D:\MyWork\新建文件夹\mom.report.client\src\MyMod\crys_the_swarm_reborn.SC2Mod\原始mod\Mods\XM\XMFinal.SC2Mod\Base.SC2Data\GameData\ButtonData.xml	added_or_newer_duplicate
ZeratulTesseractMonolithProjectionPassive2	CButton	游戏数据/官方SC2原始文本镜像/mods/starcoop/starcoop.sc2mod/base.sc2data/gamedata/commanders/futurecommanders.xml	D:\MyWork\新建文件夹\mom.report.client\src\MyMod\crys_the_swarm_reborn.SC2Mod\原始mod\Mods\XM\XMFinal.SC2Mod\Base.SC2Data\GameData\ButtonData.xml	added_or_newer_duplicate
ZeratulTesseractMonolithShadeBarrierPassive2	CButton	游戏数据/官方SC2原始文本镜像/mods/starcoop/starcoop.sc2mod/base.sc2data/gamedata/commanders/futurecommanders.xml	D:\MyWork\新建文件夹\mom.report.client\src\MyMod\crys_the_swarm_reborn.SC2Mod\原始mod\Mods\XM\XMFinal.SC2Mod\Base.SC2Data\GameData\ButtonData.xml	added_or_newer_duplicate
ZeratulXelNagaConstructDevolve	CButton	游戏数据/官方SC2原始文本镜像/mods/starcoop/starcoop.sc2mod/base.sc2data/gamedata/commanders/futurecommanders.xml	D:\MyWork\新建文件夹\mom.report.client\src\MyMod\crys_the_swarm_reborn.SC2Mod\原始mod\Mods\XM\XMFinal.SC2Mod\Base.SC2Data\GameData\ButtonData.xml	added_or_newer_duplicate
ZeratulXelNagaConstructDevolveLocked	CButton	游戏数据/官方SC2原始文本镜像/mods/starcoop/starcoop.sc2mod/base.sc2data/gamedata/commanders/futurecommanders.xml	D:\MyWork\新建文件夹\mom.report.client\src\MyMod\crys_the_swarm_reborn.SC2Mod\原始mod\Mods\XM\XMFinal.SC2Mod\Base.SC2Data\GameData\ButtonData.xml	added_or_newer_duplicate
ZeratulXelNagaConstructPsiBlast	CButton	游戏数据/官方SC2原始文本镜像/mods/starcoop/starcoop.sc2mod/base.sc2data/gamedata/commanders/futurecommanders.xml	D:\MyWork\新建文件夹\mom.report.client\src\MyMod\crys_the_swarm_reborn.SC2Mod\原始mod\Mods\XM\XMFinal.SC2Mod\Base.SC2Data\GameData\ButtonData.xml	added_or_newer_duplicate
ZeratulXelNagaConstructPsiStorm	CButton	游戏数据/官方SC2原始文本镜像/mods/starcoop/starcoop.sc2mod/base.sc2data/gamedata/commanders/futurecommanders.xml	D:\MyWork\新建文件夹\mom.report.client\src\MyMod\crys_the_swarm_reborn.SC2Mod\原始mod\Mods\XM\XMFinal.SC2Mod\Base.SC2Data\GameData\ButtonData.xml	added_or_newer_duplicate
ZeratulZorayaVoidPrismaticRange	CButton	游戏数据/官方SC2原始文本镜像/mods/starcoop/starcoop.sc2mod/base.sc2data/gamedata/buttondata.xml	D:\MyWork\新建文件夹\mom.report.client\src\MyMod\crys_the_swarm_reborn.SC2Mod\原始mod\Mods\XM\XMFinal.SC2Mod\Base.SC2Data\GameData\ButtonData.xml	added_or_newer_duplicate
Dehaka	CCommander	游戏数据/官方SC2原始文本镜像/mods/starcoop/starcoop.sc2mod/base.sc2data/gamedata/commanderdata.xml	D:\MyWork\新建文件夹\mom.report.client\src\MyMod\crys_the_swarm_reborn.SC2Mod\原始mod\Mods\XM\XMFinal.SC2Mod\Base.SC2Data\GameData\CommanderData.xml	added_or_newer_duplicate
Mengsk	CCommander	游戏数据/官方SC2原始文本镜像/mods/starcoop/starcoop.sc2mod/base.sc2data/gamedata/commanderdata.xml	D:\MyWork\新建文件夹\mom.report.client\src\MyMod\crys_the_swarm_reborn.SC2Mod\原始mod\Mods\XM\XMFinal.SC2Mod\Base.SC2Data\GameData\CommanderData.xml	added_or_newer_duplicate
Mengsk	CCommander	游戏数据/官方SC2原始文本镜像/mods/starcoop/commanders/arcturusmengsk.sc2mod/base.sc2data/gamedata/commanderdata.xml	D:\MyWork\新建文件夹\mom.report.client\src\MyMod\crys_the_swarm_reborn.SC2Mod\原始mod\Mods\XM\XMFinal.SC2Mod\Base.SC2Data\GameData\CommanderData.xml	added_or_newer_duplicate
Nova	CCommander	游戏数据/官方SC2原始文本镜像/mods/starcoop/starcoop.sc2mod/base.sc2data/gamedata/commanderdata.xml	D:\MyWork\新建文件夹\mom.report.client\src\MyMod\crys_the_swarm_reborn.SC2Mod\原始mod\Mods\XM\XMFinal.SC2Mod\Base.SC2Data\GameData\CommanderData.xml	added_or_newer_duplicate
Raynor	CCommander	游戏数据/官方SC2原始文本镜像/mods/starcoop/starcoop.sc2mod/base.sc2data/gamedata/commanderdata.xml	D:\MyWork\新建文件夹\mom.report.client\src\MyMod\crys_the_swarm_reborn.SC2Mod\原始mod\Mods\XM\XMFinal.SC2Mod\Base.SC2Data\GameData\CommanderData.xml	added_or_newer_duplicate
Swann	CCommander	游戏数据/官方SC2原始文本镜像/mods/starcoop/starcoop.sc2mod/base.sc2data/gamedata/commanderdata.xml	D:\MyWork\新建文件夹\mom.report.client\src\MyMod\crys_the_swarm_reborn.SC2Mod\原始mod\Mods\XM\XMFinal.SC2Mod\Base.SC2Data\GameData\CommanderData.xml	added_or_newer_duplicate
Tychus	CCommander	游戏数据/官方SC2原始文本镜像/mods/starcoop/starcoop.sc2mod/base.sc2data/gamedata/commanders/commandertychus.xml	D:\MyWork\新建文件夹\mom.report.client\src\MyMod\crys_the_swarm_reborn.SC2Mod\原始mod\Mods\XM\XMFinal.SC2Mod\Base.SC2Data\GameData\CommanderData.xml	added_or_newer_duplicate
Zagara	CCommander	游戏数据/官方SC2原始文本镜像/mods/starcoop/starcoop.sc2mod/base.sc2data/gamedata/commanderdata.xml	D:\MyWork\新建文件夹\mom.report.client\src\MyMod\crys_the_swarm_reborn.SC2Mod\原始mod\Mods\XM\XMFinal.SC2Mod\Base.SC2Data\GameData\CommanderData.xml	added_or_newer_duplicate
Zeratul	CCommander	游戏数据/官方SC2原始文本镜像/mods/starcoop/starcoop.sc2mod/base.sc2data/gamedata/commanders/futurecommanders.xml	D:\MyWork\新建文件夹\mom.report.client\src\MyMod\crys_the_swarm_reborn.SC2Mod\原始mod\Mods\XM\XMFinal.SC2Mod\Base.SC2Data\GameData\CommanderData.xml	added_or_newer_duplicate
AbathurDeepTunnelCU	CEffectCreateUnit	游戏数据/官方SC2原始文本镜像/mods/starcoop/starcoop.sc2mod/base.sc2data/gamedata/effectdata.xml	D:\MyWork\新建文件夹\mom.report.client\src\MyMod\crys_the_swarm_reborn.SC2Mod\原始mod\Mods\XM\XMFinal.SC2Mod\Base.SC2Data\GameData\EffectData.xml	added_or_newer_duplicate
AbathurMendAB	CEffectApplyBehavior	游戏数据/官方SC2原始文本镜像/mods/starcoop/starcoop.sc2mod/base.sc2data/gamedata/effectdata.xml	D:\MyWork\新建文件夹\mom.report.client\src\MyMod\crys_the_swarm_reborn.SC2Mod\原始mod\Mods\XM\XMFinal.SC2Mod\Base.SC2Data\GameData\EffectData.xml	added_or_newer_duplicate
AbathurMendSearch	CEffectEnumArea	游戏数据/官方SC2原始文本镜像/mods/starcoop/starcoop.sc2mod/base.sc2data/gamedata/effectdata.xml	D:\MyWork\新建文件夹\mom.report.client\src\MyMod\crys_the_swarm_reborn.SC2Mod\原始mod\Mods\XM\XMFinal.SC2Mod\Base.SC2Data\GameData\EffectData.xml	added_or_newer_duplicate
AlarakACSummonDeathfleet	CEffectCreateUnit	游戏数据/官方SC2原始文本镜像/mods/starcoop/starcoop.sc2mod/base.sc2data/gamedata/effectdata.xml	D:\MyWork\新建文件夹\mom.report.client\src\MyMod\crys_the_swarm_reborn.SC2Mod\原始mod\Mods\XM\XMFinal.SC2Mod\Base.SC2Data\GameData\EffectData.xml	skipped_existing
AlarakACSummonDeathFleetInitialSet	CEffectSet	游戏数据/官方SC2原始文本镜像/mods/starcoop/starcoop.sc2mod/base.sc2data/gamedata/effectdata.xml	D:\MyWork\新建文件夹\mom.report.client\src\MyMod\crys_the_swarm_reborn.SC2Mod\原始mod\Mods\XM\XMFinal.SC2Mod\Base.SC2Data\GameData\EffectData.xml	skipped_existing
AlarakDestroyerCreationCP	CEffectCreatePersistent	游戏数据/官方SC2原始文本镜像/mods/starcoop/starcoop.sc2mod/base.sc2data/gamedata/effectdata.xml	D:\MyWork\新建文件夹\mom.report.client\src\MyMod\crys_the_swarm_reborn.SC2Mod\原始mod\Mods\XM\XMFinal.SC2Mod\Base.SC2Data\GameData\EffectData.xml	added_or_newer_duplicate
AlarakDestroyerTimedLife	CEffectApplyBehavior	游戏数据/官方SC2原始文本镜像/mods/starcoop/starcoop.sc2mod/base.sc2data/gamedata/effectdata.xml	D:\MyWork\新建文件夹\mom.report.client\src\MyMod\crys_the_swarm_reborn.SC2Mod\原始mod\Mods\XM\XMFinal.SC2Mod\Base.SC2Data\GameData\EffectData.xml	added_or_newer_duplicate
AlarakStructureOverchargeAB	CEffectApplyBehavior	游戏数据/官方SC2原始文本镜像/mods/starcoop/starcoop.sc2mod/base.sc2data/gamedata/effectdata.xml	D:\MyWork\新建文件夹\mom.report.client\src\MyMod\crys_the_swarm_reborn.SC2Mod\原始mod\Mods\XM\XMFinal.SC2Mod\Base.SC2Data\GameData\EffectData.xml	added_or_newer_duplicate
AlarakStructureOverchargeDamage	CEffectDamage	游戏数据/官方SC2原始文本镜像/mods/starcoop/starcoop.sc2mod/base.sc2data/gamedata/effectdata.xml	D:\MyWork\新建文件夹\mom.report.client\src\MyMod\crys_the_swarm_reborn.SC2Mod\原始mod\Mods\XM\XMFinal.SC2Mod\Base.SC2Data\GameData\EffectData.xml	skipped_existing
AlarakStructureOverchargePriority1	CEffectSet	游戏数据/官方SC2原始文本镜像/mods/starcoop/starcoop.sc2mod/base.sc2data/gamedata/effectdata.xml	D:\MyWork\新建文件夹\mom.report.client\src\MyMod\crys_the_swarm_reborn.SC2Mod\原始mod\Mods\XM\XMFinal.SC2Mod\Base.SC2Data\GameData\EffectData.xml	added_or_newer_duplicate
AlarakStructureOverchargePriority2	CEffectSet	游戏数据/官方SC2原始文本镜像/mods/starcoop/starcoop.sc2mod/base.sc2data/gamedata/effectdata.xml	D:\MyWork\新建文件夹\mom.report.client\src\MyMod\crys_the_swarm_reborn.SC2Mod\原始mod\Mods\XM\XMFinal.SC2Mod\Base.SC2Data\GameData\EffectData.xml	added_or_newer_duplicate
AlarakStructureOverchargePriority3	CEffectSet	游戏数据/官方SC2原始文本镜像/mods/starcoop/starcoop.sc2mod/base.sc2data/gamedata/effectdata.xml	D:\MyWork\新建文件夹\mom.report.client\src\MyMod\crys_the_swarm_reborn.SC2Mod\原始mod\Mods\XM\XMFinal.SC2Mod\Base.SC2Data\GameData\EffectData.xml	added_or_newer_duplicate
AlarakStructureOverchargePriority4	CEffectSet	游戏数据/官方SC2原始文本镜像/mods/starcoop/starcoop.sc2mod/base.sc2data/gamedata/effectdata.xml	D:\MyWork\新建文件夹\mom.report.client\src\MyMod\crys_the_swarm_reborn.SC2Mod\原始mod\Mods\XM\XMFinal.SC2Mod\Base.SC2Data\GameData\EffectData.xml	added_or_newer_duplicate
AlarakStructureOverchargePriority5	CEffectSet	游戏数据/官方SC2原始文本镜像/mods/starcoop/starcoop.sc2mod/base.sc2data/gamedata/effectdata.xml	D:\MyWork\新建文件夹\mom.report.client\src\MyMod\crys_the_swarm_reborn.SC2Mod\原始mod\Mods\XM\XMFinal.SC2Mod\Base.SC2Data\GameData\EffectData.xml	added_or_newer_duplicate
AlarakStructureOverchargePriority6	CEffectSet	游戏数据/官方SC2原始文本镜像/mods/starcoop/starcoop.sc2mod/base.sc2data/gamedata/effectdata.xml	D:\MyWork\新建文件夹\mom.report.client\src\MyMod\crys_the_swarm_reborn.SC2Mod\原始mod\Mods\XM\XMFinal.SC2Mod\Base.SC2Data\GameData\EffectData.xml	added_or_newer_duplicate
AlarakStructureOverchargeRefresh	CEffectSet	游戏数据/官方SC2原始文本镜像/mods/starcoop/starcoop.sc2mod/base.sc2data/gamedata/effectdata.xml	D:\MyWork\新建文件夹\mom.report.client\src\MyMod\crys_the_swarm_reborn.SC2Mod\原始mod\Mods\XM\XMFinal.SC2Mod\Base.SC2Data\GameData\EffectData.xml	skipped_existing
AlarakStructureOverchargeSearch	CEffectEnumArea	游戏数据/官方SC2原始文本镜像/mods/starcoop/starcoop.sc2mod/base.sc2data/gamedata/effectdata.xml	D:\MyWork\新建文件夹\mom.report.client\src\MyMod\crys_the_swarm_reborn.SC2Mod\原始mod\Mods\XM\XMFinal.SC2Mod\Base.SC2Data\GameData\EffectData.xml	skipped_existing
AlarakStructureOverchargeSet	CEffectSet	游戏数据/官方SC2原始文本镜像/mods/starcoop/starcoop.sc2mod/base.sc2data/gamedata/effectdata.xml	D:\MyWork\新建文件夹\mom.report.client\src\MyMod\crys_the_swarm_reborn.SC2Mod\原始mod\Mods\XM\XMFinal.SC2Mod\Base.SC2Data\GameData\EffectData.xml	skipped_existing
AlarakStructureOverchargeShieldAB	CEffectApplyBehavior	游戏数据/官方SC2原始文本镜像/mods/starcoop/starcoop.sc2mod/base.sc2data/gamedata/effectdata.xml	D:\MyWork\新建文件夹\mom.report.client\src\MyMod\crys_the_swarm_reborn.SC2Mod\原始mod\Mods\XM\XMFinal.SC2Mod\Base.SC2Data\GameData\EffectData.xml	added_or_newer_duplicate
AllUnitBehaviorControllerSet	CEffectSet	游戏数据/官方SC2原始文本镜像/mods/starcoop/starcoop.sc2mod/base.sc2data/gamedata/effectdata.xml	D:\MyWork\新建文件夹\mom.report.client\src\MyMod\crys_the_swarm_reborn.SC2Mod\原始mod\Mods\XM\XMFinal.SC2Mod\Base.SC2Data\GameData\EffectData.xml	added_or_newer_duplicate
ApocaliskBlades	CEffectSet	游戏数据/官方SC2原始文本镜像/mods/starcoop/starcoop.sc2mod/base.sc2data/gamedata/effectdata.xml	D:\MyWork\新建文件夹\mom.report.client\src\MyMod\crys_the_swarm_reborn.SC2Mod\原始mod\Mods\XM\XMFinal.SC2Mod\Base.SC2Data\GameData\EffectData.xml	added_or_newer_duplicate
ApocaliskBurrowChargeImpactSet	CEffectSet	游戏数据/官方SC2原始文本镜像/mods/starcoop/starcoop.sc2mod/base.sc2data/gamedata/effectdata.xml	D:\MyWork\新建文件夹\mom.report.client\src\MyMod\crys_the_swarm_reborn.SC2Mod\原始mod\Mods\XM\XMFinal.SC2Mod\Base.SC2Data\GameData\EffectData.xml	added_or_newer_duplicate
ApocaliskBurrowChargeStructureTargetSearch	CEffectEnumArea	游戏数据/官方SC2原始文本镜像/mods/starcoop/starcoop.sc2mod/base.sc2data/gamedata/effectdata.xml	D:\MyWork\新建文件夹\mom.report.client\src\MyMod\crys_the_swarm_reborn.SC2Mod\原始mod\Mods\XM\XMFinal.SC2Mod\Base.SC2Data\GameData\EffectData.xml	added_or_newer_duplicate
ApocaliskBurrowChargeTargetSearch	CEffectEnumArea	游戏数据/官方SC2原始文本镜像/mods/starcoop/starcoop.sc2mod/base.sc2data/gamedata/effectdata.xml	D:\MyWork\新建文件夹\mom.report.client\src\MyMod\crys_the_swarm_reborn.SC2Mod\原始mod\Mods\XM\XMFinal.SC2Mod\Base.SC2Data\GameData\EffectData.xml	added_or_newer_duplicate
ArtilleryMengskExperimentalStrikeClearFacing	CEffectModifyUnit	游戏数据/官方SC2原始文本镜像/mods/starcoop/commanders/arcturusmengsk.sc2mod/base.sc2data/gamedata/effectdata.xml	D:\MyWork\新建文件夹\mom.report.client\src\MyMod\crys_the_swarm_reborn.SC2Mod\原始mod\Mods\XM\XMFinal.SC2Mod\Base.SC2Data\GameData\EffectData.xml	added_or_newer_duplicate
ArtilleryMengskExperimentalStrikeDummy	CEffectSet	游戏数据/官方SC2原始文本镜像/mods/starcoop/commanders/arcturusmengsk.sc2mod/base.sc2data/gamedata/effectdata.xml	D:\MyWork\新建文件夹\mom.report.client\src\MyMod\crys_the_swarm_reborn.SC2Mod\原始mod\Mods\XM\XMFinal.SC2Mod\Base.SC2Data\GameData\EffectData.xml	added_or_newer_duplicate
ArtilleryMengskExperimentalStrikeFaceTargetCP	CEffectCreatePersistent	游戏数据/官方SC2原始文本镜像/mods/starcoop/commanders/arcturusmengsk.sc2mod/base.sc2data/gamedata/effectdata.xml	D:\MyWork\新建文件夹\mom.report.client\src\MyMod\crys_the_swarm_reborn.SC2Mod\原始mod\Mods\XM\XMFinal.SC2Mod\Base.SC2Data\GameData\EffectData.xml	added_or_newer_duplicate
ArtilleryMengskExperimentalStrikeSetFacing	CEffectModifyUnit	游戏数据/官方SC2原始文本镜像/mods/starcoop/commanders/arcturusmengsk.sc2mod/base.sc2data/gamedata/effectdata.xml	D:\MyWork\新建文件夹\mom.report.client\src\MyMod\crys_the_swarm_reborn.SC2Mod\原始mod\Mods\XM\XMFinal.SC2Mod\Base.SC2Data\GameData\EffectData.xml	added_or_newer_duplicate
ArtilleryMengskGlobalExperimentalStrikeDummy	CEffectSet	游戏数据/官方SC2原始文本镜像/mods/starcoop/commanders/arcturusmengsk.sc2mod/base.sc2data/gamedata/effectdata.xml	D:\MyWork\新建文件夹\mom.report.client\src\MyMod\crys_the_swarm_reborn.SC2Mod\原始mod\Mods\XM\XMFinal.SC2Mod\Base.SC2Data\GameData\EffectData.xml	added_or_newer_duplicate
Banshee_BlackOpsCreatePersistent	CEffectCreatePersistent	游戏数据/官方SC2原始文本镜像/mods/starcoop/starcoop.sc2mod/base.sc2data/gamedata/effectdata.xml	D:\MyWork\新建文件夹\mom.report.client\src\MyMod\crys_the_swarm_reborn.SC2Mod\原始mod\Mods\XM\XMFinal.SC2Mod\Base.SC2Data\GameData\EffectData.xml	added_or_newer_duplicate
Banshee_BlackOpsDamage	CEffectDamage	游戏数据/官方SC2原始文本镜像/mods/starcoop/starcoop.sc2mod/base.sc2data/gamedata/effectdata.xml	D:\MyWork\新建文件夹\mom.report.client\src\MyMod\crys_the_swarm_reborn.SC2Mod\原始mod\Mods\XM\XMFinal.SC2Mod\Base.SC2Data\GameData\EffectData.xml	added_or_newer_duplicate
BansheeAirstrike	CEffectCreateUnit	游戏数据/官方SC2原始文本镜像/mods/starcoop/starcoop.sc2mod/base.sc2data/gamedata/effectdata.xml	D:\MyWork\新建文件夹\mom.report.client\src\MyMod\crys_the_swarm_reborn.SC2Mod\原始mod\Mods\XM\XMFinal.SC2Mod\Base.SC2Data\GameData\EffectData.xml	skipped_existing
BansheeAirstrikeCP	CEffectCreatePersistent	游戏数据/官方SC2原始文本镜像/mods/starcoop/starcoop.sc2mod/base.sc2data/gamedata/effectdata.xml	D:\MyWork\新建文件夹\mom.report.client\src\MyMod\crys_the_swarm_reborn.SC2Mod\原始mod\Mods\XM\XMFinal.SC2Mod\Base.SC2Data\GameData\EffectData.xml	added_or_newer_duplicate
BansheeAirstrikeDamage	CEffectDamage	游戏数据/官方SC2原始文本镜像/mods/starcoop/starcoop.sc2mod/base.sc2data/gamedata/effectdata.xml	D:\MyWork\新建文件夹\mom.report.client\src\MyMod\crys_the_swarm_reborn.SC2Mod\原始mod\Mods\XM\XMFinal.SC2Mod\Base.SC2Data\GameData\EffectData.xml	added_or_newer_duplicate
BansheeAirstrikeInitialSet	CEffectSet	游戏数据/官方SC2原始文本镜像/mods/starcoop/starcoop.sc2mod/base.sc2data/gamedata/effectdata.xml	D:\MyWork\新建文件夹\mom.report.client\src\MyMod\crys_the_swarm_reborn.SC2Mod\原始mod\Mods\XM\XMFinal.SC2Mod\Base.SC2Data\GameData\EffectData.xml	skipped_existing
BansheeAirstrikeSearch	CEffectEnumArea	游戏数据/官方SC2原始文本镜像/mods/starcoop/starcoop.sc2mod/base.sc2data/gamedata/effectdata.xml	D:\MyWork\新建文件夹\mom.report.client\src\MyMod\crys_the_swarm_reborn.SC2Mod\原始mod\Mods\XM\XMFinal.SC2Mod\Base.SC2Data\GameData\EffectData.xml	skipped_existing
BiomassTargetMark	CEffectSet	游戏数据/官方SC2原始文本镜像/mods/starcoop/starcoop.sc2mod/base.sc2data/gamedata/effectdata.xml	D:\MyWork\新建文件夹\mom.report.client\src\MyMod\crys_the_swarm_reborn.SC2Mod\原始mod\Mods\XM\XMFinal.SC2Mod\Base.SC2Data\GameData\EffectData.xml	added_or_newer_duplicate
BiomassTargetMarkSwitch	CEffectSwitch	游戏数据/官方SC2原始文本镜像/mods/starcoop/starcoop.sc2mod/base.sc2data/gamedata/effectdata.xml	D:\MyWork\新建文件夹\mom.report.client\src\MyMod\crys_the_swarm_reborn.SC2Mod\原始mod\Mods\XM\XMFinal.SC2Mod\Base.SC2Data\GameData\EffectData.xml	added_or_newer_duplicate
BrokenSolarForgeIssueOrder	CEffectIssueOrder	游戏数据/官方SC2原始文本镜像/mods/starcoop/starcoop.sc2mod/base.sc2data/gamedata/effectdata.xml	D:\MyWork\新建文件夹\mom.report.client\src\MyMod\crys_the_swarm_reborn.SC2Mod\原始mod\Mods\XM\XMFinal.SC2Mod\Base.SC2Data\GameData\EffectData.xml	added_or_newer_duplicate
BunkerDepotMengskDropMorph	CEffectIssueOrder	游戏数据/官方SC2原始文本镜像/mods/starcoop/commanders/arcturusmengsk.sc2mod/base.sc2data/gamedata/effectdata.xml	D:\MyWork\新建文件夹\mom.report.client\src\MyMod\crys_the_swarm_reborn.SC2Mod\原始mod\Mods\XM\XMFinal.SC2Mod\Base.SC2Data\GameData\EffectData.xml	added_or_newer_duplicate
CloakingField	CEffectApplyBehavior	游戏数据/官方SC2原始文本镜像/mods/starcoop/starcoop.sc2mod/base.sc2data/gamedata/effectdata.xml	D:\MyWork\新建文件夹\mom.report.client\src\MyMod\crys_the_swarm_reborn.SC2Mod\原始mod\Mods\XM\XMFinal.SC2Mod\Base.SC2Data\GameData\EffectData.xml	added_or_newer_duplicate
CommanderPrestigeAlarakDeathFleetDamage	CEffectApplyBehavior	游戏数据/官方SC2原始文本镜像/mods/starcoop/starcoop.sc2mod/base.sc2data/gamedata/effectdata.xml	D:\MyWork\新建文件夹\mom.report.client\src\MyMod\crys_the_swarm_reborn.SC2Mod\原始mod\Mods\XM\XMFinal.SC2Mod\Base.SC2Data\GameData\EffectData.xml	added_or_newer_duplicate
CommanderPrestigeArtanisOrbitalStrikesArchon	CEffectCreateUnit	游戏数据/官方SC2原始文本镜像/mods/starcoop/starcoop.sc2mod/base.sc2data/gamedata/effectdata.xml	D:\MyWork\新建文件夹\mom.report.client\src\MyMod\crys_the_swarm_reborn.SC2Mod\原始mod\Mods\XM\XMFinal.SC2Mod\Base.SC2Data\GameData\EffectData.xml	added_or_newer_duplicate
CommanderPrestigeArtanisOrbitalStrikesArchonPrecursor	CEffectCreateUnit	游戏数据/官方SC2原始文本镜像/mods/starcoop/starcoop.sc2mod/base.sc2data/gamedata/effectdata.xml	D:\MyWork\新建文件夹\mom.report.client\src\MyMod\crys_the_swarm_reborn.SC2Mod\原始mod\Mods\XM\XMFinal.SC2Mod\Base.SC2Data\GameData\EffectData.xml	added_or_newer_duplicate
CommanderPrestigeArtanisOrbitalStrikeShieldOverchargeTargetedSearch	CEffectEnumArea	游戏数据/官方SC2原始文本镜像/mods/starcoop/starcoop.sc2mod/base.sc2data/gamedata/effectdata.xml	D:\MyWork\新建文件夹\mom.report.client\src\MyMod\crys_the_swarm_reborn.SC2Mod\原始mod\Mods\XM\XMFinal.SC2Mod\Base.SC2Data\GameData\EffectData.xml	added_or_newer_duplicate
CommanderPrestigeArtanisOrbitalStrikesKnockback	CEffectCreateUnit	游戏数据/官方SC2原始文本镜像/mods/starcoop/starcoop.sc2mod/base.sc2data/gamedata/effectdata.xml	D:\MyWork\新建文件夹\mom.report.client\src\MyMod\crys_the_swarm_reborn.SC2Mod\原始mod\Mods\XM\XMFinal.SC2Mod\Base.SC2Data\GameData\EffectData.xml	added_or_newer_duplicate
CommanderPrestigeArtanisPowerFieldFindNewField	CEffectEnumArea	游戏数据/官方SC2原始文本镜像/mods/starcoop/starcoop.sc2mod/base.sc2data/gamedata/effectdata.xml	D:\MyWork\新建文件夹\mom.report.client\src\MyMod\crys_the_swarm_reborn.SC2Mod\原始mod\Mods\XM\XMFinal.SC2Mod\Base.SC2Data\GameData\EffectData.xml	added_or_newer_duplicate
CommanderPrestigeDehakaPackLeadersCooldownSet	CEffectSet	游戏数据/官方SC2原始文本镜像/mods/starcoop/starcoop.sc2mod/base.sc2data/gamedata/effectdata.xml	D:\MyWork\新建文件夹\mom.report.client\src\MyMod\crys_the_swarm_reborn.SC2Mod\原始mod\Mods\XM\XMFinal.SC2Mod\Base.SC2Data\GameData\EffectData.xml	added_or_newer_duplicate
CommanderPrestigeFenixSuitSwapTimedLife	CEffectApplyBehavior	游戏数据/官方SC2原始文本镜像/mods/starcoop/starcoop.sc2mod/base.sc2data/gamedata/effectdata.xml	D:\MyWork\新建文件夹\mom.report.client\src\MyMod\crys_the_swarm_reborn.SC2Mod\原始mod\Mods\XM\XMFinal.SC2Mod\Base.SC2Data\GameData\EffectData.xml	added_or_newer_duplicate
CommanderPrestigeKerriganAbilitiesConvertRage	CEffectSwitch	游戏数据/官方SC2原始文本镜像/mods/starcoop/starcoop.sc2mod/base.sc2data/gamedata/effectdata.xml	D:\MyWork\新建文件夹\mom.report.client\src\MyMod\crys_the_swarm_reborn.SC2Mod\原始mod\Mods\XM\XMFinal.SC2Mod\Base.SC2Data\GameData\EffectData.xml	added_or_newer_duplicate
CommanderPrestigeRaynorAirTriggerAdd	CEffectSet	游戏数据/官方SC2原始文本镜像/mods/starcoop/starcoop.sc2mod/base.sc2data/gamedata/effectdata.xml	D:\MyWork\新建文件夹\mom.report.client\src\MyMod\crys_the_swarm_reborn.SC2Mod\原始mod\Mods\XM\XMFinal.SC2Mod\Base.SC2Data\GameData\EffectData.xml	added_or_newer_duplicate
CommanderPrestigeRaynorAirTriggerRemove	CEffectSet	游戏数据/官方SC2原始文本镜像/mods/starcoop/starcoop.sc2mod/base.sc2data/gamedata/effectdata.xml	D:\MyWork\新建文件夹\mom.report.client\src\MyMod\crys_the_swarm_reborn.SC2Mod\原始mod\Mods\XM\XMFinal.SC2Mod\Base.SC2Data\GameData\EffectData.xml	added_or_newer_duplicate
CommanderPrestigeStetmannGaryPowerUser	CEffectApplyBehavior	游戏数据/官方SC2原始文本镜像/mods/starcoop/commanders/egonstetmann.sc2mod/base.sc2data/gamedata/effectdata.xml	D:\MyWork\新建文件夹\mom.report.client\src\MyMod\crys_the_swarm_reborn.SC2Mod\原始mod\Mods\XM\XMFinal.SC2Mod\Base.SC2Data\GameData\EffectData.xml	added_or_newer_duplicate
CommanderPrestigeSwannDrillSlowSearch	CEffectEnumArea	游戏数据/官方SC2原始文本镜像/mods/starcoop/starcoop.sc2mod/base.sc2data/gamedata/effectdata.xml	D:\MyWork\新建文件夹\mom.report.client\src\MyMod\crys_the_swarm_reborn.SC2Mod\原始mod\Mods\XM\XMFinal.SC2Mod\Base.SC2Data\GameData\EffectData.xml	added_or_newer_duplicate
CommanderPrestigeVorazunTimeStop	CEffectSet	游戏数据/官方SC2原始文本镜像/mods/starcoop/starcoop.sc2mod/base.sc2data/gamedata/effectdata.xml	D:\MyWork\新建文件夹\mom.report.client\src\MyMod\crys_the_swarm_reborn.SC2Mod\原始mod\Mods\XM\XMFinal.SC2Mod\Base.SC2Data\GameData\EffectData.xml	skipped_existing
CommanderPrestigeVorazunTimeStopGuardCP	CEffectCreatePersistent	游戏数据/官方SC2原始文本镜像/mods/starcoop/starcoop.sc2mod/base.sc2data/gamedata/effectdata.xml	D:\MyWork\新建文件夹\mom.report.client\src\MyMod\crys_the_swarm_reborn.SC2Mod\原始mod\Mods\XM\XMFinal.SC2Mod\Base.SC2Data\GameData\EffectData.xml	skipped_existing
CommanderPrestigeVorazunTimeStopGuardCU	CEffectCreateUnit	游戏数据/官方SC2原始文本镜像/mods/starcoop/starcoop.sc2mod/base.sc2data/gamedata/effectdata.xml	D:\MyWork\新建文件夹\mom.report.client\src\MyMod\crys_the_swarm_reborn.SC2Mod\原始mod\Mods\XM\XMFinal.SC2Mod\Base.SC2Data\GameData\EffectData.xml	added_or_newer_duplicate
CommanderPrestigeZagaraZagaraFrenzySearch	CEffectEnumArea	游戏数据/官方SC2原始文本镜像/mods/starcoop/starcoop.sc2mod/base.sc2data/gamedata/effectdata.xml	D:\MyWork\新建文件夹\mom.report.client\src\MyMod\crys_the_swarm_reborn.SC2Mod\原始mod\Mods\XM\XMFinal.SC2Mod\Base.SC2Data\GameData\EffectData.xml	added_or_newer_duplicate
CoopMurvarLaunchPuddleSearch	CEffectEnumArea	游戏数据/官方SC2原始文本镜像/mods/starcoop/starcoop.sc2mod/base.sc2data/gamedata/effectdata.xml	D:\MyWork\新建文件夹\mom.report.client\src\MyMod\crys_the_swarm_reborn.SC2Mod\原始mod\Mods\XM\XMFinal.SC2Mod\Base.SC2Data\GameData\EffectData.xml	added_or_newer_duplicate
CoopMurvarPukePuddleSet	CEffectSet	游戏数据/官方SC2原始文本镜像/mods/starcoop/starcoop.sc2mod/base.sc2data/gamedata/effectdata.xml	D:\MyWork\新建文件夹\mom.report.client\src\MyMod\crys_the_swarm_reborn.SC2Mod\原始mod\Mods\XM\XMFinal.SC2Mod\Base.SC2Data\GameData\EffectData.xml	added_or_newer_duplicate
DakrunSpawningTargetSearch	CEffectEnumArea	游戏数据/官方SC2原始文本镜像/mods/starcoop/starcoop.sc2mod/base.sc2data/gamedata/effectdata.xml	D:\MyWork\新建文件夹\mom.report.client\src\MyMod\crys_the_swarm_reborn.SC2Mod\原始mod\Mods\XM\XMFinal.SC2Mod\Base.SC2Data\GameData\EffectData.xml	added_or_newer_duplicate
DakrunSpawningTargetSet	CEffectSet	游戏数据/官方SC2原始文本镜像/mods/starcoop/starcoop.sc2mod/base.sc2data/gamedata/effectdata.xml	D:\MyWork\新建文件夹\mom.report.client\src\MyMod\crys_the_swarm_reborn.SC2Mod\原始mod\Mods\XM\XMFinal.SC2Mod\Base.SC2Data\GameData\EffectData.xml	added_or_newer_duplicate
DeathFleetClearOldUnits	CEffectEnumArea	游戏数据/官方SC2原始文本镜像/mods/starcoop/starcoop.sc2mod/base.sc2data/gamedata/effectdata.xml	D:\MyWork\新建文件夹\mom.report.client\src\MyMod\crys_the_swarm_reborn.SC2Mod\原始mod\Mods\XM\XMFinal.SC2Mod\Base.SC2Data\GameData\EffectData.xml	added_or_newer_duplicate
DehakaConsumeImpactEatDamageReal	CEffectDamage	游戏数据/官方SC2原始文本镜像/mods/starcoop/starcoop.sc2mod/base.sc2data/gamedata/effectdata.xml	D:\MyWork\新建文件夹\mom.report.client\src\MyMod\crys_the_swarm_reborn.SC2Mod\原始mod\Mods\XM\XMFinal.SC2Mod\Base.SC2Data\GameData\EffectData.xml	added_or_newer_duplicate
DehakaDakrunTopBarCU	CEffectCreateUnit	游戏数据/官方SC2原始文本镜像/mods/starcoop/starcoop.sc2mod/base.sc2data/gamedata/effectdata.xml	D:\MyWork\新建文件夹\mom.report.client\src\MyMod\crys_the_swarm_reborn.SC2Mod\原始mod\Mods\XM\XMFinal.SC2Mod\Base.SC2Data\GameData\EffectData.xml	added_or_newer_duplicate
DehakaDakrunTopBarSpawnSet	CEffectSet	游戏数据/官方SC2原始文本镜像/mods/starcoop/starcoop.sc2mod/base.sc2data/gamedata/effectdata.xml	D:\MyWork\新建文件夹\mom.report.client\src\MyMod\crys_the_swarm_reborn.SC2Mod\原始mod\Mods\XM\XMFinal.SC2Mod\Base.SC2Data\GameData\EffectData.xml	added_or_newer_duplicate
DehakaGlevigEggSpawnHydraliskCU	CEffectCreateUnit	游戏数据/官方SC2原始文本镜像/mods/starcoop/starcoop.sc2mod/base.sc2data/gamedata/effectdata.xml	D:\MyWork\新建文件夹\mom.report.client\src\MyMod\crys_the_swarm_reborn.SC2Mod\原始mod\Mods\XM\XMFinal.SC2Mod\Base.SC2Data\GameData\EffectData.xml	added_or_newer_duplicate
DehakaGlevigEggSpawnRoachCU	CEffectCreateUnit	游戏数据/官方SC2原始文本镜像/mods/starcoop/starcoop.sc2mod/base.sc2data/gamedata/effectdata.xml	D:\MyWork\新建文件夹\mom.report.client\src\MyMod\crys_the_swarm_reborn.SC2Mod\原始mod\Mods\XM\XMFinal.SC2Mod\Base.SC2Data\GameData\EffectData.xml	added_or_newer_duplicate
DehakaGlevigEggSpawnZerglingCU	CEffectCreateUnit	游戏数据/官方SC2原始文本镜像/mods/starcoop/starcoop.sc2mod/base.sc2data/gamedata/effectdata.xml	D:\MyWork\新建文件夹\mom.report.client\src\MyMod\crys_the_swarm_reborn.SC2Mod\原始mod\Mods\XM\XMFinal.SC2Mod\Base.SC2Data\GameData\EffectData.xml	added_or_newer_duplicate
DehakaGlevigFirebreathCreateGoverningPersistent	CEffectCreatePersistent	游戏数据/官方SC2原始文本镜像/mods/starcoop/starcoop.sc2mod/base.sc2data/gamedata/effectdata.xml	D:\MyWork\新建文件夹\mom.report.client\src\MyMod\crys_the_swarm_reborn.SC2Mod\原始mod\Mods\XM\XMFinal.SC2Mod\Base.SC2Data\GameData\EffectData.xml	added_or_newer_duplicate
DehakaGlevigTopBarInitialSet	CEffectSet	游戏数据/官方SC2原始文本镜像/mods/starcoop/starcoop.sc2mod/base.sc2data/gamedata/effectdata.xml	D:\MyWork\新建文件夹\mom.report.client\src\MyMod\crys_the_swarm_reborn.SC2Mod\原始mod\Mods\XM\XMFinal.SC2Mod\Base.SC2Data\GameData\EffectData.xml	added_or_newer_duplicate
DehakaMurvarTopBarCU	CEffectCreateUnit	游戏数据/官方SC2原始文本镜像/mods/starcoop/starcoop.sc2mod/base.sc2data/gamedata/effectdata.xml	D:\MyWork\新建文件夹\mom.report.client\src\MyMod\crys_the_swarm_reborn.SC2Mod\原始mod\Mods\XM\XMFinal.SC2Mod\Base.SC2Data\GameData\EffectData.xml	added_or_newer_duplicate
DehakaMurvarTopBarSpawnSet	CEffectSet	游戏数据/官方SC2原始文本镜像/mods/starcoop/starcoop.sc2mod/base.sc2data/gamedata/effectdata.xml	D:\MyWork\新建文件夹\mom.report.client\src\MyMod\crys_the_swarm_reborn.SC2Mod\原始mod\Mods\XM\XMFinal.SC2Mod\Base.SC2Data\GameData\EffectData.xml	added_or_newer_duplicate
DehakaStompDamageC	CEffectDamage	游戏数据/官方SC2原始文本镜像/mods/starcoop/starcoop.sc2mod/base.sc2data/gamedata/effectdata.xml	D:\MyWork\新建文件夹\mom.report.client\src\MyMod\crys_the_swarm_reborn.SC2Mod\原始mod\Mods\XM\XMFinal.SC2Mod\Base.SC2Data\GameData\EffectData.xml	added_or_newer_duplicate
DehakaTopBarSummonTimedLifeAB	CEffectApplyBehavior	游戏数据/官方SC2原始文本镜像/mods/starcoop/starcoop.sc2mod/base.sc2data/gamedata/effectdata.xml	D:\MyWork\新建文件夹\mom.report.client\src\MyMod\crys_the_swarm_reborn.SC2Mod\原始mod\Mods\XM\XMFinal.SC2Mod\Base.SC2Data\GameData\EffectData.xml	added_or_newer_duplicate
DrakkenLaserDrillBFGDelayCP	CEffectCreatePersistent	游戏数据/官方SC2原始文本镜像/mods/starcoop/starcoop.sc2mod/base.sc2data/gamedata/effectdata.xml	D:\MyWork\新建文件夹\mom.report.client\src\MyMod\crys_the_swarm_reborn.SC2Mod\原始mod\Mods\XM\XMFinal.SC2Mod\Base.SC2Data\GameData\EffectData.xml	added_or_newer_duplicate
DrakkenLaserDrillIssueAttackOrderDummyCP	CEffectCreatePersistent	游戏数据/官方SC2原始文本镜像/mods/starcoop/starcoop.sc2mod/base.sc2data/gamedata/effectdata.xml	D:\MyWork\新建文件夹\mom.report.client\src\MyMod\crys_the_swarm_reborn.SC2Mod\原始mod\Mods\XM\XMFinal.SC2Mod\Base.SC2Data\GameData\EffectData.xml	added_or_newer_duplicate
DrakkenLaserDrillNukeInitialSet	CEffectSet	游戏数据/官方SC2原始文本镜像/mods/starcoop/starcoop.sc2mod/base.sc2data/gamedata/effectdata.xml	D:\MyWork\新建文件夹\mom.report.client\src\MyMod\crys_the_swarm_reborn.SC2Mod\原始mod\Mods\XM\XMFinal.SC2Mod\Base.SC2Data\GameData\EffectData.xml	added_or_newer_duplicate
DrakkenLaserDrillNukeSearch	CEffectEnumArea	游戏数据/官方SC2原始文本镜像/mods/starcoop/starcoop.sc2mod/base.sc2data/gamedata/effectdata.xml	D:\MyWork\新建文件夹\mom.report.client\src\MyMod\crys_the_swarm_reborn.SC2Mod\原始mod\Mods\XM\XMFinal.SC2Mod\Base.SC2Data\GameData\EffectData.xml	added_or_newer_duplicate
DropPodStunSearch	CEffectEnumArea	游戏数据/官方SC2原始文本镜像/mods/starcoop/starcoop.sc2mod/base.sc2data/gamedata/effectdata.xml	D:\MyWork\新建文件夹\mom.report.client\src\MyMod\crys_the_swarm_reborn.SC2Mod\原始mod\Mods\XM\XMFinal.SC2Mod\Base.SC2Data\GameData\EffectData.xml	added_or_newer_duplicate
DropPodStunSet	CEffectSet	游戏数据/官方SC2原始文本镜像/mods/starcoop/starcoop.sc2mod/base.sc2data/gamedata/effectdata.xml	D:\MyWork\新建文件夹\mom.report.client\src\MyMod\crys_the_swarm_reborn.SC2Mod\原始mod\Mods\XM\XMFinal.SC2Mod\Base.SC2Data\GameData\EffectData.xml	added_or_newer_duplicate
FeedbackSet	CEffectSet	游戏数据/官方SC2原始文本镜像/mods/starcoop/starcoop.sc2mod/base.sc2data/gamedata/effectdata.xml	D:\MyWork\新建文件夹\mom.report.client\src\MyMod\crys_the_swarm_reborn.SC2Mod\原始mod\Mods\XM\XMFinal.SC2Mod\Base.SC2Data\GameData\EffectData.xml	added_or_newer_duplicate
FenixThunderousChargeCoopDamage	CEffectDamage	游戏数据/官方SC2原始文本镜像/mods/starcoop/starcoop.sc2mod/base.sc2data/gamedata/effectdata.xml	D:\MyWork\新建文件夹\mom.report.client\src\MyMod\crys_the_swarm_reborn.SC2Mod\原始mod\Mods\XM\XMFinal.SC2Mod\Base.SC2Data\GameData\EffectData.xml	added_or_newer_duplicate
Firebat	CEffectCreatePersistent	游戏数据/官方SC2原始文本镜像/mods/starcoop/starcoop.sc2mod/base.sc2data/gamedata/effectdata.xml	D:\MyWork\新建文件夹\mom.report.client\src\MyMod\crys_the_swarm_reborn.SC2Mod\原始mod\Mods\XM\XMFinal.SC2Mod\Base.SC2Data\GameData\EffectData.xml	added_or_newer_duplicate
ForceLowDeath	CEffectApplyBehavior	游戏数据/官方SC2原始文本镜像/mods/starcoop/starcoop.sc2mod/base.sc2data/gamedata/effectdata.xml	D:\MyWork\新建文件夹\mom.report.client\src\MyMod\crys_the_swarm_reborn.SC2Mod\原始mod\Mods\XM\XMFinal.SC2Mod\Base.SC2Data\GameData\EffectData.xml	added_or_newer_duplicate
GaryReviveIntro	CEffectApplyBehavior	游戏数据/官方SC2原始文本镜像/mods/starcoop/commanders/egonstetmann.sc2mod/base.sc2data/gamedata/effectdata.xml	D:\MyWork\新建文件夹\mom.report.client\src\MyMod\crys_the_swarm_reborn.SC2Mod\原始mod\Mods\XM\XMFinal.SC2Mod\Base.SC2Data\GameData\EffectData.xml	added_or_newer_duplicate
GaryReviveSet	CEffectSet	游戏数据/官方SC2原始文本镜像/mods/starcoop/commanders/egonstetmann.sc2mod/base.sc2data/gamedata/effectdata.xml	D:\MyWork\新建文件夹\mom.report.client\src\MyMod\crys_the_swarm_reborn.SC2Mod\原始mod\Mods\XM\XMFinal.SC2Mod\Base.SC2Data\GameData\EffectData.xml	added_or_newer_duplicate
GlevigKnockbackSearch	CEffectEnumArea	游戏数据/官方SC2原始文本镜像/mods/starcoop/starcoop.sc2mod/base.sc2data/gamedata/effectdata.xml	D:\MyWork\新建文件夹\mom.report.client\src\MyMod\crys_the_swarm_reborn.SC2Mod\原始mod\Mods\XM\XMFinal.SC2Mod\Base.SC2Data\GameData\EffectData.xml	added_or_newer_duplicate
HatcheryBirthSet	CEffectSet	游戏数据/官方SC2原始文本镜像/mods/starcoop/starcoop.sc2mod/base.sc2data/gamedata/effectdata.xml	D:\MyWork\新建文件夹\mom.report.client\src\MyMod\crys_the_swarm_reborn.SC2Mod\原始mod\Mods\XM\XMFinal.SC2Mod\Base.SC2Data\GameData\EffectData.xml	added_or_newer_duplicate
HatcheryCreateSet	CEffectSet	游戏数据/官方SC2原始文本镜像/mods/starcoop/starcoop.sc2mod/base.sc2data/gamedata/effectdata.xml	D:\MyWork\新建文件夹\mom.report.client\src\MyMod\crys_the_swarm_reborn.SC2Mod\原始mod\Mods\XM\XMFinal.SC2Mod\Base.SC2Data\GameData\EffectData.xml	added_or_newer_duplicate
HHBomberAreaBombDamageSwitch	CEffectSwitch	游戏数据/官方SC2原始文本镜像/mods/starcoop/starcoop.sc2mod/base.sc2data/gamedata/effectdata.xml	D:\MyWork\新建文件夹\mom.report.client\src\MyMod\crys_the_swarm_reborn.SC2Mod\原始mod\Mods\XM\XMFinal.SC2Mod\Base.SC2Data\GameData\EffectData.xml	added_or_newer_duplicate
HHBomberAreaBombInitialSet	CEffectSet	游戏数据/官方SC2原始文本镜像/mods/starcoop/starcoop.sc2mod/base.sc2data/gamedata/effectdata.xml	D:\MyWork\新建文件夹\mom.report.client\src\MyMod\crys_the_swarm_reborn.SC2Mod\原始mod\Mods\XM\XMFinal.SC2Mod\Base.SC2Data\GameData\EffectData.xml	added_or_newer_duplicate
HHBomberAreaBombSearchArea	CEffectEnumArea	游戏数据/官方SC2原始文本镜像/mods/starcoop/starcoop.sc2mod/base.sc2data/gamedata/effectdata.xml	D:\MyWork\新建文件夹\mom.report.client\src\MyMod\crys_the_swarm_reborn.SC2Mod\原始mod\Mods\XM\XMFinal.SC2Mod\Base.SC2Data\GameData\EffectData.xml	added_or_newer_duplicate
HHBomberPlatformAreaBombTopBarOrderDummyCP	CEffectCreatePersistent	游戏数据/官方SC2原始文本镜像/mods/starcoop/starcoop.sc2mod/base.sc2data/gamedata/effectdata.xml	D:\MyWork\新建文件夹\mom.report.client\src\MyMod\crys_the_swarm_reborn.SC2Mod\原始mod\Mods\XM\XMFinal.SC2Mod\Base.SC2Data\GameData\EffectData.xml	added_or_newer_duplicate
HHMercenarySpaceStationSpawnImpactSearch	CEffectEnumArea	游戏数据/官方SC2原始文本镜像/mods/starcoop/starcoop.sc2mod/base.sc2data/gamedata/effectdata.xml	D:\MyWork\新建文件夹\mom.report.client\src\MyMod\crys_the_swarm_reborn.SC2Mod\原始mod\Mods\XM\XMFinal.SC2Mod\Base.SC2Data\GameData\EffectData.xml	added_or_newer_duplicate
HHMercenarySpaceStationSpawnImpactSwitch	CEffectSwitch	游戏数据/官方SC2原始文本镜像/mods/starcoop/starcoop.sc2mod/base.sc2data/gamedata/effectdata.xml	D:\MyWork\新建文件夹\mom.report.client\src\MyMod\crys_the_swarm_reborn.SC2Mod\原始mod\Mods\XM\XMFinal.SC2Mod\Base.SC2Data\GameData\EffectData.xml	added_or_newer_duplicate
HHMercenarySpaceStationSpawnSet	CEffectSet	游戏数据/官方SC2原始文本镜像/mods/starcoop/starcoop.sc2mod/base.sc2data/gamedata/effectdata.xml	D:\MyWork\新建文件夹\mom.report.client\src\MyMod\crys_the_swarm_reborn.SC2Mod\原始mod\Mods\XM\XMFinal.SC2Mod\Base.SC2Data\GameData\EffectData.xml	added_or_newer_duplicate
HornerAirFleetDespawnAB	CEffectApplyBehavior	游戏数据/官方SC2原始文本镜像/mods/starcoop/starcoop.sc2mod/base.sc2data/gamedata/effectdata.xml	D:\MyWork\新建文件夹\mom.report.client\src\MyMod\crys_the_swarm_reborn.SC2Mod\原始mod\Mods\XM\XMFinal.SC2Mod\Base.SC2Data\GameData\EffectData.xml	added_or_newer_duplicate
HornerAirFleetExecuteSet	CEffectSet	游戏数据/官方SC2原始文本镜像/mods/starcoop/starcoop.sc2mod/base.sc2data/gamedata/effectdata.xml	D:\MyWork\新建文件夹\mom.report.client\src\MyMod\crys_the_swarm_reborn.SC2Mod\原始mod\Mods\XM\XMFinal.SC2Mod\Base.SC2Data\GameData\EffectData.xml	added_or_newer_duplicate
HornerAirFleetInitialCP	CEffectCreatePersistent	游戏数据/官方SC2原始文本镜像/mods/starcoop/starcoop.sc2mod/base.sc2data/gamedata/effectdata.xml	D:\MyWork\新建文件夹\mom.report.client\src\MyMod\crys_the_swarm_reborn.SC2Mod\原始mod\Mods\XM\XMFinal.SC2Mod\Base.SC2Data\GameData\EffectData.xml	added_or_newer_duplicate
HornerAirFleetMissileShot	CEffectCreatePersistent	游戏数据/官方SC2原始文本镜像/mods/starcoop/starcoop.sc2mod/base.sc2data/gamedata/effectdata.xml	D:\MyWork\新建文件夹\mom.report.client\src\MyMod\crys_the_swarm_reborn.SC2Mod\原始mod\Mods\XM\XMFinal.SC2Mod\Base.SC2Data\GameData\EffectData.xml	added_or_newer_duplicate
HornerAirFleetSearch	CEffectEnumArea	游戏数据/官方SC2原始文本镜像/mods/starcoop/starcoop.sc2mod/base.sc2data/gamedata/effectdata.xml	D:\MyWork\新建文件夹\mom.report.client\src\MyMod\crys_the_swarm_reborn.SC2Mod\原始mod\Mods\XM\XMFinal.SC2Mod\Base.SC2Data\GameData\EffectData.xml	added_or_newer_duplicate
HornerAirFleetTargetingDummy	CEffectSet	游戏数据/官方SC2原始文本镜像/mods/starcoop/starcoop.sc2mod/base.sc2data/gamedata/effectdata.xml	D:\MyWork\新建文件夹\mom.report.client\src\MyMod\crys_the_swarm_reborn.SC2Mod\原始mod\Mods\XM\XMFinal.SC2Mod\Base.SC2Data\GameData\EffectData.xml	added_or_newer_duplicate
HydraliskMengskSpawnCP	CEffectCreatePersistent	游戏数据/官方SC2原始文本镜像/mods/starcoop/commanders/arcturusmengsk.sc2mod/base.sc2data/gamedata/effectdata.xml	D:\MyWork\新建文件夹\mom.report.client\src\MyMod\crys_the_swarm_reborn.SC2Mod\原始mod\Mods\XM\XMFinal.SC2Mod\Base.SC2Data\GameData\EffectData.xml	added_or_newer_duplicate
HyperionVoidCoopSpawnSet	CEffectSet	游戏数据/官方SC2原始文本镜像/mods/starcoop/starcoop.sc2mod/base.sc2data/gamedata/effectdata.xml	D:\MyWork\新建文件夹\mom.report.client\src\MyMod\crys_the_swarm_reborn.SC2Mod\原始mod\Mods\XM\XMFinal.SC2Mod\Base.SC2Data\GameData\EffectData.xml	added_or_newer_duplicate
KaraxRepairBeamLimit	CEffectDamage	游戏数据/官方SC2原始文本镜像/mods/starcoop/starcoop.sc2mod/base.sc2data/gamedata/effectdata.xml	D:\MyWork\新建文件夹\mom.report.client\src\MyMod\crys_the_swarm_reborn.SC2Mod\原始mod\Mods\XM\XMFinal.SC2Mod\Base.SC2Data\GameData\EffectData.xml	added_or_newer_duplicate
KaraxVoidCoopSOAEnergyRechargeTargetingDummy	CEffectModifyUnit	游戏数据/官方SC2原始文本镜像/mods/starcoop/starcoop.sc2mod/base.sc2data/gamedata/effectdata.xml	D:\MyWork\新建文件夹\mom.report.client\src\MyMod\crys_the_swarm_reborn.SC2Mod\原始mod\Mods\XM\XMFinal.SC2Mod\Base.SC2Data\GameData\EffectData.xml	skipped_existing
KelMorianAutoTurret	CEffectDamage	游戏数据/官方SC2原始文本镜像/mods/starcoop/starcoop.sc2mod/base.sc2data/gamedata/effectdata.xml	D:\MyWork\新建文件夹\mom.report.client\src\MyMod\crys_the_swarm_reborn.SC2Mod\原始mod\Mods\XM\XMFinal.SC2Mod\Base.SC2Data\GameData\EffectData.xml	added_or_newer_duplicate
KelMorianRocketTurret	CEffectDamage	游戏数据/官方SC2原始文本镜像/mods/starcoop/starcoop.sc2mod/base.sc2data/gamedata/effectdata.xml	D:\MyWork\新建文件夹\mom.report.client\src\MyMod\crys_the_swarm_reborn.SC2Mod\原始mod\Mods\XM\XMFinal.SC2Mod\Base.SC2Data\GameData\EffectData.xml	added_or_newer_duplicate
KerriganAssimilationUpdate	CEffectRemoveBehavior	游戏数据/官方SC2原始文本镜像/mods/starcoop/starcoop.sc2mod/base.sc2data/gamedata/effectdata.xml	D:\MyWork\新建文件夹\mom.report.client\src\MyMod\crys_the_swarm_reborn.SC2Mod\原始mod\Mods\XM\XMFinal.SC2Mod\Base.SC2Data\GameData\EffectData.xml	added_or_newer_duplicate
KerriganMaelstromAB	CEffectApplyBehavior	游戏数据/官方SC2原始文本镜像/mods/starcoop/starcoop.sc2mod/base.sc2data/gamedata/effectdata.xml	D:\MyWork\新建文件夹\mom.report.client\src\MyMod\crys_the_swarm_reborn.SC2Mod\原始mod\Mods\XM\XMFinal.SC2Mod\Base.SC2Data\GameData\EffectData.xml	added_or_newer_duplicate
KerriganMaelstromInitialSet	CEffectSet	游戏数据/官方SC2原始文本镜像/mods/starcoop/starcoop.sc2mod/base.sc2data/gamedata/effectdata.xml	D:\MyWork\新建文件夹\mom.report.client\src\MyMod\crys_the_swarm_reborn.SC2Mod\原始mod\Mods\XM\XMFinal.SC2Mod\Base.SC2Data\GameData\EffectData.xml	skipped_existing
KerriganMaelstromSearch	CEffectEnumArea	游戏数据/官方SC2原始文本镜像/mods/starcoop/starcoop.sc2mod/base.sc2data/gamedata/effectdata.xml	D:\MyWork\新建文件夹\mom.report.client\src\MyMod\crys_the_swarm_reborn.SC2Mod\原始mod\Mods\XM\XMFinal.SC2Mod\Base.SC2Data\GameData\EffectData.xml	skipped_existing
KerriganMaelstromSet	CEffectSet	游戏数据/官方SC2原始文本镜像/mods/starcoop/starcoop.sc2mod/base.sc2data/gamedata/effectdata.xml	D:\MyWork\新建文件夹\mom.report.client\src\MyMod\crys_the_swarm_reborn.SC2Mod\原始mod\Mods\XM\XMFinal.SC2Mod\Base.SC2Data\GameData\EffectData.xml	added_or_newer_duplicate
KerriganVoidCoopCrushingGripWaveCP	CEffectCreatePersistent	游戏数据/官方SC2原始文本镜像/mods/starcoop/starcoop.sc2mod/base.sc2data/gamedata/effectdata.xml	D:\MyWork\新建文件夹\mom.report.client\src\MyMod\crys_the_swarm_reborn.SC2Mod\原始mod\Mods\XM\XMFinal.SC2Mod\Base.SC2Data\GameData\EffectData.xml	added_or_newer_duplicate
KerriganVoidCoopCrushingGripWaveDelayCP	CEffectCreatePersistent	游戏数据/官方SC2原始文本镜像/mods/starcoop/starcoop.sc2mod/base.sc2data/gamedata/effectdata.xml	D:\MyWork\新建文件夹\mom.report.client\src\MyMod\crys_the_swarm_reborn.SC2Mod\原始mod\Mods\XM\XMFinal.SC2Mod\Base.SC2Data\GameData\EffectData.xml	skipped_existing
KerriganVoidCoopCrushingGripWaveStunAB	CEffectApplyBehavior	游戏数据/官方SC2原始文本镜像/mods/starcoop/starcoop.sc2mod/base.sc2data/gamedata/effectdata.xml	D:\MyWork\新建文件夹\mom.report.client\src\MyMod\crys_the_swarm_reborn.SC2Mod\原始mod\Mods\XM\XMFinal.SC2Mod\Base.SC2Data\GameData\EffectData.xml	added_or_newer_duplicate
KerriganVoidCoopEconDropCasterAB	CEffectApplyBehavior	游戏数据/官方SC2原始文本镜像/mods/starcoop/starcoop.sc2mod/base.sc2data/gamedata/effectdata.xml	D:\MyWork\新建文件夹\mom.report.client\src\MyMod\crys_the_swarm_reborn.SC2Mod\原始mod\Mods\XM\XMFinal.SC2Mod\Base.SC2Data\GameData\EffectData.xml	skipped_existing
LairHiveStetmannTrigger	CEffectSet	游戏数据/官方SC2原始文本镜像/mods/starcoop/commanders/egonstetmann.sc2mod/base.sc2data/gamedata/effectdata.xml	D:\MyWork\新建文件夹\mom.report.client\src\MyMod\crys_the_swarm_reborn.SC2Mod\原始mod\Mods\XM\XMFinal.SC2Mod\Base.SC2Data\GameData\EffectData.xml	added_or_newer_duplicate
LaserDrillTripodCoopFakeDamage	CEffectDamage	游戏数据/官方SC2原始文本镜像/mods/starcoop/starcoop.sc2mod/base.sc2data/gamedata/effectdata.xml	D:\MyWork\新建文件夹\mom.report.client\src\MyMod\crys_the_swarm_reborn.SC2Mod\原始mod\Mods\XM\XMFinal.SC2Mod\Base.SC2Data\GameData\EffectData.xml	added_or_newer_duplicate
LaserDrillTripodCreatePersistentCoop	CEffectCreatePersistent	游戏数据/官方SC2原始文本镜像/mods/starcoop/starcoop.sc2mod/base.sc2data/gamedata/effectdata.xml	D:\MyWork\新建文件夹\mom.report.client\src\MyMod\crys_the_swarm_reborn.SC2Mod\原始mod\Mods\XM\XMFinal.SC2Mod\Base.SC2Data\GameData\EffectData.xml	added_or_newer_duplicate
LaserDrillTripodDamageCoop	CEffectDamage	游戏数据/官方SC2原始文本镜像/mods/starcoop/starcoop.sc2mod/base.sc2data/gamedata/effectdata.xml	D:\MyWork\新建文件夹\mom.report.client\src\MyMod\crys_the_swarm_reborn.SC2Mod\原始mod\Mods\XM\XMFinal.SC2Mod\Base.SC2Data\GameData\EffectData.xml	added_or_newer_duplicate
MasteryArtanisGuardianShellHeal	CEffectModifyUnit	游戏数据/官方SC2原始文本镜像/mods/starcoop/starcoop.sc2mod/base.sc2data/gamedata/effectdata.xml	D:\MyWork\新建文件夹\mom.report.client\src\MyMod\crys_the_swarm_reborn.SC2Mod\原始mod\Mods\XM\XMFinal.SC2Mod\Base.SC2Data\GameData\EffectData.xml	added_or_newer_duplicate
MasteryArtanisGuardianShellHealDisplayDummy	CEffectDamage	游戏数据/官方SC2原始文本镜像/mods/starcoop/starcoop.sc2mod/base.sc2data/gamedata/effectdata.xml	D:\MyWork\新建文件夹\mom.report.client\src\MyMod\crys_the_swarm_reborn.SC2Mod\原始mod\Mods\XM\XMFinal.SC2Mod\Base.SC2Data\GameData\EffectData.xml	added_or_newer_duplicate
MengskZergCalldownLevel2Set	CEffectSet	游戏数据/官方SC2原始文本镜像/mods/starcoop/commanders/arcturusmengsk.sc2mod/base.sc2data/gamedata/effectdata.xml	D:\MyWork\新建文件夹\mom.report.client\src\MyMod\crys_the_swarm_reborn.SC2Mod\原始mod\Mods\XM\XMFinal.SC2Mod\Base.SC2Data\GameData\EffectData.xml	added_or_newer_duplicate
MengskZergCalldownLevel3Set	CEffectSet	游戏数据/官方SC2原始文本镜像/mods/starcoop/commanders/arcturusmengsk.sc2mod/base.sc2data/gamedata/effectdata.xml	D:\MyWork\新建文件夹\mom.report.client\src\MyMod\crys_the_swarm_reborn.SC2Mod\原始mod\Mods\XM\XMFinal.SC2Mod\Base.SC2Data\GameData\EffectData.xml	added_or_newer_duplicate
MengskZergCalldownLevel4Set	CEffectSet	游戏数据/官方SC2原始文本镜像/mods/starcoop/commanders/arcturusmengsk.sc2mod/base.sc2data/gamedata/effectdata.xml	D:\MyWork\新建文件夹\mom.report.client\src\MyMod\crys_the_swarm_reborn.SC2Mod\原始mod\Mods\XM\XMFinal.SC2Mod\Base.SC2Data\GameData\EffectData.xml	added_or_newer_duplicate
MorphToPowerTowerStetmannDeactivated	CEffectIssueOrder	游戏数据/官方SC2原始文本镜像/mods/starcoop/commanders/egonstetmann.sc2mod/base.sc2data/gamedata/effectdata.xml	D:\MyWork\新建文件夹\mom.report.client\src\MyMod\crys_the_swarm_reborn.SC2Mod\原始mod\Mods\XM\XMFinal.SC2Mod\Base.SC2Data\GameData\EffectData.xml	added_or_newer_duplicate
MutaliskMengskSpawnCP	CEffectCreatePersistent	游戏数据/官方SC2原始文本镜像/mods/starcoop/commanders/arcturusmengsk.sc2mod/base.sc2data/gamedata/effectdata.xml	D:\MyWork\新建文件夹\mom.report.client\src\MyMod\crys_the_swarm_reborn.SC2Mod\原始mod\Mods\XM\XMFinal.SC2Mod\Base.SC2Data\GameData\EffectData.xml	added_or_newer_duplicate
NovaCoopCasterNukeDamage	CEffectDamage	游戏数据/官方SC2原始文本镜像/mods/starcoop/starcoop.sc2mod/base.sc2data/gamedata/effectdata.xml	D:\MyWork\新建文件夹\mom.report.client\src\MyMod\crys_the_swarm_reborn.SC2Mod\原始mod\Mods\XM\XMFinal.SC2Mod\Base.SC2Data\GameData\EffectData.xml	added_or_newer_duplicate
NovaCoopCasterNukeDetonate	CEffectCreatePersistent	游戏数据/官方SC2原始文本镜像/mods/starcoop/starcoop.sc2mod/base.sc2data/gamedata/effectdata.xml	D:\MyWork\新建文件夹\mom.report.client\src\MyMod\crys_the_swarm_reborn.SC2Mod\原始mod\Mods\XM\XMFinal.SC2Mod\Base.SC2Data\GameData\EffectData.xml	added_or_newer_duplicate
NovaCoopCasterNukeLaunchSearch	CEffectEnumArea	游戏数据/官方SC2原始文本镜像/mods/starcoop/starcoop.sc2mod/base.sc2data/gamedata/effectdata.xml	D:\MyWork\新建文件夹\mom.report.client\src\MyMod\crys_the_swarm_reborn.SC2Mod\原始mod\Mods\XM\XMFinal.SC2Mod\Base.SC2Data\GameData\EffectData.xml	added_or_newer_duplicate
NovaCoopCasterNukePersistent	CEffectCreatePersistent	游戏数据/官方SC2原始文本镜像/mods/starcoop/starcoop.sc2mod/base.sc2data/gamedata/effectdata.xml	D:\MyWork\新建文件夹\mom.report.client\src\MyMod\crys_the_swarm_reborn.SC2Mod\原始mod\Mods\XM\XMFinal.SC2Mod\Base.SC2Data\GameData\EffectData.xml	added_or_newer_duplicate
NovaCoopCasterSummonOdin	CEffectCreateUnit	游戏数据/官方SC2原始文本镜像/mods/starcoop/starcoop.sc2mod/base.sc2data/gamedata/effectdata.xml	D:\MyWork\新建文件夹\mom.report.client\src\MyMod\crys_the_swarm_reborn.SC2Mod\原始mod\Mods\XM\XMFinal.SC2Mod\Base.SC2Data\GameData\EffectData.xml	added_or_newer_duplicate
NovaCoopDecoy	CEffectCreateUnit	游戏数据/官方SC2原始文本镜像/mods/starcoop/starcoop.sc2mod/base.sc2data/gamedata/effectdata.xml	D:\MyWork\新建文件夹\mom.report.client\src\MyMod\crys_the_swarm_reborn.SC2Mod\原始mod\Mods\XM\XMFinal.SC2Mod\Base.SC2Data\GameData\EffectData.xml	added_or_newer_duplicate
NovaCoopDecoyTimedLife	CEffectApplyBehavior	游戏数据/官方SC2原始文本镜像/mods/starcoop/starcoop.sc2mod/base.sc2data/gamedata/effectdata.xml	D:\MyWork\新建文件夹\mom.report.client\src\MyMod\crys_the_swarm_reborn.SC2Mod\原始mod\Mods\XM\XMFinal.SC2Mod\Base.SC2Data\GameData\EffectData.xml	added_or_newer_duplicate
NovaDefensiveMatrixDrone	CEffectCreateUnit	游戏数据/官方SC2原始文本镜像/mods/starcoop/starcoop.sc2mod/base.sc2data/gamedata/effectdata.xml	D:\MyWork\新建文件夹\mom.report.client\src\MyMod\crys_the_swarm_reborn.SC2Mod\原始mod\Mods\XM\XMFinal.SC2Mod\Base.SC2Data\GameData\EffectData.xml	added_or_newer_duplicate
NovaGadgetFlashBangGrenadeSearch	CEffectEnumArea	游戏数据/官方SC2原始文本镜像/mods/starcoop/starcoop.sc2mod/base.sc2data/gamedata/effectdata.xml	D:\MyWork\新建文件夹\mom.report.client\src\MyMod\crys_the_swarm_reborn.SC2Mod\原始mod\Mods\XM\XMFinal.SC2Mod\Base.SC2Data\GameData\EffectData.xml	added_or_newer_duplicate
NovaGriffinBombingRunCreateStrafer	CEffectCreateUnit	游戏数据/官方SC2原始文本镜像/mods/starcoop/starcoop.sc2mod/base.sc2data/gamedata/effectdata.xml	D:\MyWork\新建文件夹\mom.report.client\src\MyMod\crys_the_swarm_reborn.SC2Mod\原始mod\Mods\XM\XMFinal.SC2Mod\Base.SC2Data\GameData\EffectData.xml	added_or_newer_duplicate
NovaGriffinBombingRunDamage	CEffectDamage	游戏数据/官方SC2原始文本镜像/mods/starcoop/starcoop.sc2mod/base.sc2data/gamedata/effectdata.xml	D:\MyWork\新建文件夹\mom.report.client\src\MyMod\crys_the_swarm_reborn.SC2Mod\原始mod\Mods\XM\XMFinal.SC2Mod\Base.SC2Data\GameData\EffectData.xml	added_or_newer_duplicate
NovaGriffinBombingRunDespawnAB	CEffectApplyBehavior	游戏数据/官方SC2原始文本镜像/mods/starcoop/starcoop.sc2mod/base.sc2data/gamedata/effectdata.xml	D:\MyWork\新建文件夹\mom.report.client\src\MyMod\crys_the_swarm_reborn.SC2Mod\原始mod\Mods\XM\XMFinal.SC2Mod\Base.SC2Data\GameData\EffectData.xml	added_or_newer_duplicate
NovaGriffinBombingRunDummySearch	CEffectEnumArea	游戏数据/官方SC2原始文本镜像/mods/starcoop/starcoop.sc2mod/base.sc2data/gamedata/effectdata.xml	D:\MyWork\新建文件夹\mom.report.client\src\MyMod\crys_the_swarm_reborn.SC2Mod\原始mod\Mods\XM\XMFinal.SC2Mod\Base.SC2Data\GameData\EffectData.xml	added_or_newer_duplicate
NovaGriffinBombingRunExecuteSet	CEffectSet	游戏数据/官方SC2原始文本镜像/mods/starcoop/starcoop.sc2mod/base.sc2data/gamedata/effectdata.xml	D:\MyWork\新建文件夹\mom.report.client\src\MyMod\crys_the_swarm_reborn.SC2Mod\原始mod\Mods\XM\XMFinal.SC2Mod\Base.SC2Data\GameData\EffectData.xml	added_or_newer_duplicate
NovaGriffinBombingRunInitialCP	CEffectCreatePersistent	游戏数据/官方SC2原始文本镜像/mods/starcoop/starcoop.sc2mod/base.sc2data/gamedata/effectdata.xml	D:\MyWork\新建文件夹\mom.report.client\src\MyMod\crys_the_swarm_reborn.SC2Mod\原始mod\Mods\XM\XMFinal.SC2Mod\Base.SC2Data\GameData\EffectData.xml	added_or_newer_duplicate
NovaGriffinBombingRunInitialSet	CEffectSet	游戏数据/官方SC2原始文本镜像/mods/starcoop/starcoop.sc2mod/base.sc2data/gamedata/effectdata.xml	D:\MyWork\新建文件夹\mom.report.client\src\MyMod\crys_the_swarm_reborn.SC2Mod\原始mod\Mods\XM\XMFinal.SC2Mod\Base.SC2Data\GameData\EffectData.xml	added_or_newer_duplicate
NovaGriffinBombingRunTargetingDummy	CEffectSet	游戏数据/官方SC2原始文本镜像/mods/starcoop/starcoop.sc2mod/base.sc2data/gamedata/effectdata.xml	D:\MyWork\新建文件夹\mom.report.client\src\MyMod\crys_the_swarm_reborn.SC2Mod\原始mod\Mods\XM\XMFinal.SC2Mod\Base.SC2Data\GameData\EffectData.xml	added_or_newer_duplicate
NovaGriffinTransportUnitsInitialSet	CEffectSet	游戏数据/官方SC2原始文本镜像/mods/starcoop/starcoop.sc2mod/base.sc2data/gamedata/effectdata.xml	D:\MyWork\新建文件夹\mom.report.client\src\MyMod\crys_the_swarm_reborn.SC2Mod\原始mod\Mods\XM\XMFinal.SC2Mod\Base.SC2Data\GameData\EffectData.xml	added_or_newer_duplicate
NovaGriffinTransportUnitsSearchDummy	CEffectEnumArea	游戏数据/官方SC2原始文本镜像/mods/starcoop/starcoop.sc2mod/base.sc2data/gamedata/effectdata.xml	D:\MyWork\新建文件夹\mom.report.client\src\MyMod\crys_the_swarm_reborn.SC2Mod\原始mod\Mods\XM\XMFinal.SC2Mod\Base.SC2Data\GameData\EffectData.xml	added_or_newer_duplicate
NovaOdinCreationSet	CEffectSet	游戏数据/官方SC2原始文本镜像/mods/starcoop/starcoop.sc2mod/base.sc2data/gamedata/effectdata.xml	D:\MyWork\新建文件夹\mom.report.client\src\MyMod\crys_the_swarm_reborn.SC2Mod\原始mod\Mods\XM\XMFinal.SC2Mod\Base.SC2Data\GameData\EffectData.xml	added_or_newer_duplicate
NovaOdinUnderConstruction	CEffectApplyBehavior	游戏数据/官方SC2原始文本镜像/mods/starcoop/starcoop.sc2mod/base.sc2data/gamedata/effectdata.xml	D:\MyWork\新建文件夹\mom.report.client\src\MyMod\crys_the_swarm_reborn.SC2Mod\原始mod\Mods\XM\XMFinal.SC2Mod\Base.SC2Data\GameData\EffectData.xml	added_or_newer_duplicate
NovaReviveInstantBuybackDummy	CEffectCreatePersistent	游戏数据/官方SC2原始文本镜像/mods/starcoop/starcoop.sc2mod/base.sc2data/gamedata/effectdata.xml	D:\MyWork\新建文件夹\mom.report.client\src\MyMod\crys_the_swarm_reborn.SC2Mod\原始mod\Mods\XM\XMFinal.SC2Mod\Base.SC2Data\GameData\EffectData.xml	added_or_newer_duplicate
NovaStunDrone	CEffectCreateUnit	游戏数据/官方SC2原始文本镜像/mods/starcoop/starcoop.sc2mod/base.sc2data/gamedata/effectdata.xml	D:\MyWork\新建文件夹\mom.report.client\src\MyMod\crys_the_swarm_reborn.SC2Mod\原始mod\Mods\XM\XMFinal.SC2Mod\Base.SC2Data\GameData\EffectData.xml	added_or_newer_duplicate
NuclearAnnihilationMengskBigNukeDamageSearch	CEffectEnumArea	游戏数据/官方SC2原始文本镜像/mods/starcoop/commanders/arcturusmengsk.sc2mod/base.sc2data/gamedata/effectdata.xml	D:\MyWork\新建文件夹\mom.report.client\src\MyMod\crys_the_swarm_reborn.SC2Mod\原始mod\Mods\XM\XMFinal.SC2Mod\Base.SC2Data\GameData\EffectData.xml	added_or_newer_duplicate
NuclearAnnihilationMengskBigNukeDropDelayCP	CEffectCreatePersistent	游戏数据/官方SC2原始文本镜像/mods/starcoop/commanders/arcturusmengsk.sc2mod/base.sc2data/gamedata/effectdata.xml	D:\MyWork\新建文件夹\mom.report.client\src\MyMod\crys_the_swarm_reborn.SC2Mod\原始mod\Mods\XM\XMFinal.SC2Mod\Base.SC2Data\GameData\EffectData.xml	added_or_newer_duplicate
NydusDestroyerKnockbackSearch	CEffectEnumArea	游戏数据/官方SC2原始文本镜像/mods/starcoop/starcoop.sc2mod/base.sc2data/gamedata/effectdata.xml	D:\MyWork\新建文件夹\mom.report.client\src\MyMod\crys_the_swarm_reborn.SC2Mod\原始mod\Mods\XM\XMFinal.SC2Mod\Base.SC2Data\GameData\EffectData.xml	added_or_newer_duplicate
OdinCoopDashAttack	CEffectSet	游戏数据/官方SC2原始文本镜像/mods/starcoop/starcoop.sc2mod/base.sc2data/gamedata/effectdata.xml	D:\MyWork\新建文件夹\mom.report.client\src\MyMod\crys_the_swarm_reborn.SC2Mod\原始mod\Mods\XM\XMFinal.SC2Mod\Base.SC2Data\GameData\EffectData.xml	added_or_newer_duplicate
OdinMKII	CEffectCreatePersistent	游戏数据/官方SC2原始文本镜像/mods/starcoop/starcoop.sc2mod/base.sc2data/gamedata/effectdata.xml	D:\MyWork\新建文件夹\mom.report.client\src\MyMod\crys_the_swarm_reborn.SC2Mod\原始mod\Mods\XM\XMFinal.SC2Mod\Base.SC2Data\GameData\EffectData.xml	added_or_newer_duplicate
OdinMKIIDamage	CEffectDamage	游戏数据/官方SC2原始文本镜像/mods/starcoop/starcoop.sc2mod/base.sc2data/gamedata/effectdata.xml	D:\MyWork\新建文件夹\mom.report.client\src\MyMod\crys_the_swarm_reborn.SC2Mod\原始mod\Mods\XM\XMFinal.SC2Mod\Base.SC2Data\GameData\EffectData.xml	added_or_newer_duplicate
OdinMKIIDamageLeft	CEffectDamage	游戏数据/官方SC2原始文本镜像/mods/starcoop/starcoop.sc2mod/base.sc2data/gamedata/effectdata.xml	D:\MyWork\新建文件夹\mom.report.client\src\MyMod\crys_the_swarm_reborn.SC2Mod\原始mod\Mods\XM\XMFinal.SC2Mod\Base.SC2Data\GameData\EffectData.xml	added_or_newer_duplicate
OdinMKIIDamageRight	CEffectDamage	游戏数据/官方SC2原始文本镜像/mods/starcoop/starcoop.sc2mod/base.sc2data/gamedata/effectdata.xml	D:\MyWork\新建文件夹\mom.report.client\src\MyMod\crys_the_swarm_reborn.SC2Mod\原始mod\Mods\XM\XMFinal.SC2Mod\Base.SC2Data\GameData\EffectData.xml	added_or_newer_duplicate
OdinMKIIWreckage	CEffectSet	游戏数据/官方SC2原始文本镜像/mods/starcoop/starcoop.sc2mod/base.sc2data/gamedata/effectdata.xml	D:\MyWork\新建文件夹\mom.report.client\src\MyMod\crys_the_swarm_reborn.SC2Mod\原始mod\Mods\XM\XMFinal.SC2Mod\Base.SC2Data\GameData\EffectData.xml	added_or_newer_duplicate
OdinNukeDamage	CEffectDamage	游戏数据/官方SC2原始文本镜像/mods/starcoop/starcoop.sc2mod/base.sc2data/gamedata/commanders/commandertychus.xml	D:\MyWork\新建文件夹\mom.report.client\src\MyMod\crys_the_swarm_reborn.SC2Mod\原始mod\Mods\XM\XMFinal.SC2Mod\Base.SC2Data\GameData\EffectData.xml	added_or_newer_duplicate
OdinNukePersistent	CEffectCreatePersistent	游戏数据/官方SC2原始文本镜像/mods/starcoop/starcoop.sc2mod/base.sc2data/gamedata/commanders/commandertychus.xml	D:\MyWork\新建文件夹\mom.report.client\src\MyMod\crys_the_swarm_reborn.SC2Mod\原始mod\Mods\XM\XMFinal.SC2Mod\Base.SC2Data\GameData\EffectData.xml	added_or_newer_duplicate
OnDeathVorazunRecallOnDeathRecentlyRecalledAB	CEffectApplyBehavior	游戏数据/官方SC2原始文本镜像/mods/starcoop/starcoop.sc2mod/base.sc2data/gamedata/effectdata.xml	D:\MyWork\新建文件夹\mom.report.client\src\MyMod\crys_the_swarm_reborn.SC2Mod\原始mod\Mods\XM\XMFinal.SC2Mod\Base.SC2Data\GameData\EffectData.xml	added_or_newer_duplicate
OnDeathVorazunRecallOnDeathSearch	CEffectEnumArea	游戏数据/官方SC2原始文本镜像/mods/starcoop/starcoop.sc2mod/base.sc2data/gamedata/effectdata.xml	D:\MyWork\新建文件夹\mom.report.client\src\MyMod\crys_the_swarm_reborn.SC2Mod\原始mod\Mods\XM\XMFinal.SC2Mod\Base.SC2Data\GameData\EffectData.xml	added_or_newer_duplicate
PowerFieldEnergyRegenerationOn	CEffectSet	游戏数据/官方SC2原始文本镜像/mods/starcoop/commanders/egonstetmann.sc2mod/base.sc2data/gamedata/effectdata.xml	D:\MyWork\新建文件夹\mom.report.client\src\MyMod\crys_the_swarm_reborn.SC2Mod\原始mod\Mods\XM\XMFinal.SC2Mod\Base.SC2Data\GameData\EffectData.xml	added_or_newer_duplicate
PowerFieldHPRegenerationOn	CEffectSet	游戏数据/官方SC2原始文本镜像/mods/starcoop/commanders/egonstetmann.sc2mod/base.sc2data/gamedata/effectdata.xml	D:\MyWork\新建文件夹\mom.report.client\src\MyMod\crys_the_swarm_reborn.SC2Mod\原始mod\Mods\XM\XMFinal.SC2Mod\Base.SC2Data\GameData\EffectData.xml	added_or_newer_duplicate
PowerFieldMovementSpeedOn	CEffectSet	游戏数据/官方SC2原始文本镜像/mods/starcoop/commanders/egonstetmann.sc2mod/base.sc2data/gamedata/effectdata.xml	D:\MyWork\新建文件夹\mom.report.client\src\MyMod\crys_the_swarm_reborn.SC2Mod\原始mod\Mods\XM\XMFinal.SC2Mod\Base.SC2Data\GameData\EffectData.xml	added_or_newer_duplicate
PowerSourceStetmann	CEffectApplyBehavior	游戏数据/官方SC2原始文本镜像/mods/starcoop/commanders/egonstetmann.sc2mod/base.sc2data/gamedata/effectdata.xml	D:\MyWork\新建文件夹\mom.report.client\src\MyMod\crys_the_swarm_reborn.SC2Mod\原始mod\Mods\XM\XMFinal.SC2Mod\Base.SC2Data\GameData\EffectData.xml	added_or_newer_duplicate
PowerTowerStetmannPowerSwitch	CEffectSwitch	游戏数据/官方SC2原始文本镜像/mods/starcoop/commanders/egonstetmann.sc2mod/base.sc2data/gamedata/effectdata.xml	D:\MyWork\新建文件夹\mom.report.client\src\MyMod\crys_the_swarm_reborn.SC2Mod\原始mod\Mods\XM\XMFinal.SC2Mod\Base.SC2Data\GameData\EffectData.xml	added_or_newer_duplicate
PrimalSlashInitialSet	CEffectSet	游戏数据/官方SC2原始文本镜像/mods/starcoop/starcoop.sc2mod/base.sc2data/gamedata/effectdata.xml	D:\MyWork\新建文件夹\mom.report.client\src\MyMod\crys_the_swarm_reborn.SC2Mod\原始mod\Mods\XM\XMFinal.SC2Mod\Base.SC2Data\GameData\EffectData.xml	added_or_newer_duplicate
PsionicLiftRaiseSearch	CEffectEnumArea	游戏数据/官方SC2原始文本镜像/mods/starcoop/starcoop.sc2mod/base.sc2data/gamedata/effectdata.xml	D:\MyWork\新建文件夹\mom.report.client\src\MyMod\crys_the_swarm_reborn.SC2Mod\原始mod\Mods\XM\XMFinal.SC2Mod\Base.SC2Data\GameData\EffectData.xml	added_or_newer_duplicate
PsiStrikeWalk	CEffectSet	游戏数据/官方SC2原始文本镜像/mods/starcoop/starcoop.sc2mod/base.sc2data/gamedata/effectdata.xml	D:\MyWork\新建文件夹\mom.report.client\src\MyMod\crys_the_swarm_reborn.SC2Mod\原始mod\Mods\XM\XMFinal.SC2Mod\Base.SC2Data\GameData\EffectData.xml	skipped_existing
ShadowGuardCU	CEffectCreateUnit	游戏数据/官方SC2原始文本镜像/mods/starcoop/starcoop.sc2mod/base.sc2data/gamedata/effectdata.xml	D:\MyWork\新建文件夹\mom.report.client\src\MyMod\crys_the_swarm_reborn.SC2Mod\原始mod\Mods\XM\XMFinal.SC2Mod\Base.SC2Data\GameData\EffectData.xml	skipped_existing
ShadowGuardSpawnSet	CEffectSet	游戏数据/官方SC2原始文本镜像/mods/starcoop/starcoop.sc2mod/base.sc2data/gamedata/effectdata.xml	D:\MyWork\新建文件夹\mom.report.client\src\MyMod\crys_the_swarm_reborn.SC2Mod\原始mod\Mods\XM\XMFinal.SC2Mod\Base.SC2Data\GameData\EffectData.xml	added_or_newer_duplicate
ShadowGuardTimedLifeExpireAB	CEffectApplyBehavior	游戏数据/官方SC2原始文本镜像/mods/starcoop/starcoop.sc2mod/base.sc2data/gamedata/effectdata.xml	D:\MyWork\新建文件夹\mom.report.client\src\MyMod\crys_the_swarm_reborn.SC2Mod\原始mod\Mods\XM\XMFinal.SC2Mod\Base.SC2Data\GameData\EffectData.xml	added_or_newer_duplicate
SIClusterRockets	CEffectCreatePersistent	游戏数据/官方SC2原始文本镜像/mods/starcoop/starcoop.sc2mod/base.sc2data/gamedata/effectdata.xml	D:\MyWork\新建文件夹\mom.report.client\src\MyMod\crys_the_swarm_reborn.SC2Mod\原始mod\Mods\XM\XMFinal.SC2Mod\Base.SC2Data\GameData\EffectData.xml	added_or_newer_duplicate
SIStukovInfestStructureEnemyTarget	CEffectApplyBehavior	游戏数据/官方SC2原始文本镜像/mods/starcoop/starcoop.sc2mod/base.sc2data/gamedata/effectdata.xml	D:\MyWork\新建文件夹\mom.report.client\src\MyMod\crys_the_swarm_reborn.SC2Mod\原始mod\Mods\XM\XMFinal.SC2Mod\Base.SC2Data\GameData\EffectData.xml	added_or_newer_duplicate
SIStukovInfestStructureFriendlyTarget	CEffectApplyBehavior	游戏数据/官方SC2原始文本镜像/mods/starcoop/starcoop.sc2mod/base.sc2data/gamedata/effectdata.xml	D:\MyWork\新建文件夹\mom.report.client\src\MyMod\crys_the_swarm_reborn.SC2Mod\原始mod\Mods\XM\XMFinal.SC2Mod\Base.SC2Data\GameData\EffectData.xml	added_or_newer_duplicate
SIStukovInfestStructureInitialSet	CEffectSet	游戏数据/官方SC2原始文本镜像/mods/starcoop/starcoop.sc2mod/base.sc2data/gamedata/effectdata.xml	D:\MyWork\新建文件夹\mom.report.client\src\MyMod\crys_the_swarm_reborn.SC2Mod\原始mod\Mods\XM\XMFinal.SC2Mod\Base.SC2Data\GameData\EffectData.xml	added_or_newer_duplicate
SIStukovPlaceHordeRallyCP	CEffectCreatePersistent	游戏数据/官方SC2原始文本镜像/mods/starcoop/starcoop.sc2mod/base.sc2data/gamedata/effectdata.xml	D:\MyWork\新建文件夹\mom.report.client\src\MyMod\crys_the_swarm_reborn.SC2Mod\原始mod\Mods\XM\XMFinal.SC2Mod\Base.SC2Data\GameData\EffectData.xml	added_or_newer_duplicate
SOAMapWideChronoAB	CEffectApplyBehavior	游戏数据/官方SC2原始文本镜像/mods/starcoop/starcoop.sc2mod/base.sc2data/gamedata/effectdata.xml	D:\MyWork\新建文件夹\mom.report.client\src\MyMod\crys_the_swarm_reborn.SC2Mod\原始mod\Mods\XM\XMFinal.SC2Mod\Base.SC2Data\GameData\EffectData.xml	added_or_newer_duplicate
SOAMapWideChronoBlackOpsBarracksAB	CEffectApplyBehavior	游戏数据/官方SC2原始文本镜像/mods/starcoop/starcoop.sc2mod/base.sc2data/gamedata/effectdata.xml	D:\MyWork\新建文件夹\mom.report.client\src\MyMod\crys_the_swarm_reborn.SC2Mod\原始mod\Mods\XM\XMFinal.SC2Mod\Base.SC2Data\GameData\EffectData.xml	added_or_newer_duplicate
SOAMapWideChronoBlackOpsFactoryAB	CEffectApplyBehavior	游戏数据/官方SC2原始文本镜像/mods/starcoop/starcoop.sc2mod/base.sc2data/gamedata/effectdata.xml	D:\MyWork\新建文件夹\mom.report.client\src\MyMod\crys_the_swarm_reborn.SC2Mod\原始mod\Mods\XM\XMFinal.SC2Mod\Base.SC2Data\GameData\EffectData.xml	added_or_newer_duplicate
SOAMapWideChronoBlackOpsSet	CEffectSet	游戏数据/官方SC2原始文本镜像/mods/starcoop/starcoop.sc2mod/base.sc2data/gamedata/effectdata.xml	D:\MyWork\新建文件夹\mom.report.client\src\MyMod\crys_the_swarm_reborn.SC2Mod\原始mod\Mods\XM\XMFinal.SC2Mod\Base.SC2Data\GameData\EffectData.xml	skipped_existing
SOAMapWideChronoBlackOpsStarportAB	CEffectApplyBehavior	游戏数据/官方SC2原始文本镜像/mods/starcoop/starcoop.sc2mod/base.sc2data/gamedata/effectdata.xml	D:\MyWork\新建文件夹\mom.report.client\src\MyMod\crys_the_swarm_reborn.SC2Mod\原始mod\Mods\XM\XMFinal.SC2Mod\Base.SC2Data\GameData\EffectData.xml	added_or_newer_duplicate
SOAMapWideChronoHHStarportAB	CEffectApplyBehavior	游戏数据/官方SC2原始文本镜像/mods/starcoop/starcoop.sc2mod/base.sc2data/gamedata/effectdata.xml	D:\MyWork\新建文件夹\mom.report.client\src\MyMod\crys_the_swarm_reborn.SC2Mod\原始mod\Mods\XM\XMFinal.SC2Mod\Base.SC2Data\GameData\EffectData.xml	added_or_newer_duplicate
SOAMapWideChronoPassiveTarget	CEffectApplyBehavior	游戏数据/官方SC2原始文本镜像/mods/starcoop/starcoop.sc2mod/base.sc2data/gamedata/effectdata.xml	D:\MyWork\新建文件夹\mom.report.client\src\MyMod\crys_the_swarm_reborn.SC2Mod\原始mod\Mods\XM\XMFinal.SC2Mod\Base.SC2Data\GameData\EffectData.xml	added_or_newer_duplicate
SOAMapWideChronoSearch	CEffectEnumArea	游戏数据/官方SC2原始文本镜像/mods/starcoop/starcoop.sc2mod/base.sc2data/gamedata/effectdata.xml	D:\MyWork\新建文件夹\mom.report.client\src\MyMod\crys_the_swarm_reborn.SC2Mod\原始mod\Mods\XM\XMFinal.SC2Mod\Base.SC2Data\GameData\EffectData.xml	skipped_existing
SOAMothershipv4CreationSet	CEffectSet	游戏数据/官方SC2原始文本镜像/mods/starcoop/starcoop.sc2mod/base.sc2data/gamedata/effectdata.xml	D:\MyWork\新建文件夹\mom.report.client\src\MyMod\crys_the_swarm_reborn.SC2Mod\原始mod\Mods\XM\XMFinal.SC2Mod\Base.SC2Data\GameData\EffectData.xml	skipped_existing
SOAOrbitalStrikeCP	CEffectCreatePersistent	游戏数据/官方SC2原始文本镜像/mods/starcoop/starcoop.sc2mod/base.sc2data/gamedata/effectdata.xml	D:\MyWork\新建文件夹\mom.report.client\src\MyMod\crys_the_swarm_reborn.SC2Mod\原始mod\Mods\XM\XMFinal.SC2Mod\Base.SC2Data\GameData\EffectData.xml	skipped_existing
SOAOrbitalStrikeDamageSet	CEffectSet	游戏数据/官方SC2原始文本镜像/mods/starcoop/starcoop.sc2mod/base.sc2data/gamedata/effectdata.xml	D:\MyWork\新建文件夹\mom.report.client\src\MyMod\crys_the_swarm_reborn.SC2Mod\原始mod\Mods\XM\XMFinal.SC2Mod\Base.SC2Data\GameData\EffectData.xml	added_or_newer_duplicate
SOAOrbitalStrikeImpactSearch	CEffectEnumArea	游戏数据/官方SC2原始文本镜像/mods/starcoop/starcoop.sc2mod/base.sc2data/gamedata/effectdata.xml	D:\MyWork\新建文件夹\mom.report.client\src\MyMod\crys_the_swarm_reborn.SC2Mod\原始mod\Mods\XM\XMFinal.SC2Mod\Base.SC2Data\GameData\EffectData.xml	skipped_existing
SOAOrbitalStrikeImpactSet	CEffectSet	游戏数据/官方SC2原始文本镜像/mods/starcoop/starcoop.sc2mod/base.sc2data/gamedata/effectdata.xml	D:\MyWork\新建文件夹\mom.report.client\src\MyMod\crys_the_swarm_reborn.SC2Mod\原始mod\Mods\XM\XMFinal.SC2Mod\Base.SC2Data\GameData\EffectData.xml	added_or_newer_duplicate
SOAPylonPower	CEffectSet	游戏数据/官方SC2原始文本镜像/mods/starcoop/starcoop.sc2mod/base.sc2data/gamedata/effectdata.xml	D:\MyWork\新建文件夹\mom.report.client\src\MyMod\crys_the_swarm_reborn.SC2Mod\原始mod\Mods\XM\XMFinal.SC2Mod\Base.SC2Data\GameData\EffectData.xml	skipped_existing
SOAPylonPowerAllyCreatePersistent	CEffectCreatePersistent	游戏数据/官方SC2原始文本镜像/mods/starcoop/starcoop.sc2mod/base.sc2data/gamedata/effectdata.xml	D:\MyWork\新建文件夹\mom.report.client\src\MyMod\crys_the_swarm_reborn.SC2Mod\原始mod\Mods\XM\XMFinal.SC2Mod\Base.SC2Data\GameData\EffectData.xml	added_or_newer_duplicate
SOAPylonPowerAllyDestroyPersistent	CEffectDestroyPersistent	游戏数据/官方SC2原始文本镜像/mods/starcoop/starcoop.sc2mod/base.sc2data/gamedata/effectdata.xml	D:\MyWork\新建文件夹\mom.report.client\src\MyMod\crys_the_swarm_reborn.SC2Mod\原始mod\Mods\XM\XMFinal.SC2Mod\Base.SC2Data\GameData\EffectData.xml	added_or_newer_duplicate
SOAPylonPowerCoop	CEffectCreatePersistent	游戏数据/官方SC2原始文本镜像/mods/starcoop/starcoop.sc2mod/base.sc2data/gamedata/effectdata.xml	D:\MyWork\新建文件夹\mom.report.client\src\MyMod\crys_the_swarm_reborn.SC2Mod\原始mod\Mods\XM\XMFinal.SC2Mod\Base.SC2Data\GameData\EffectData.xml	added_or_newer_duplicate
SOAPylonPowerCoopCreateSet	CEffectSet	游戏数据/官方SC2原始文本镜像/mods/starcoop/starcoop.sc2mod/base.sc2data/gamedata/effectdata.xml	D:\MyWork\新建文件夹\mom.report.client\src\MyMod\crys_the_swarm_reborn.SC2Mod\原始mod\Mods\XM\XMFinal.SC2Mod\Base.SC2Data\GameData\EffectData.xml	added_or_newer_duplicate
SOAPylonPowerCoopCreateUnitSet	CEffectSet	游戏数据/官方SC2原始文本镜像/mods/starcoop/starcoop.sc2mod/base.sc2data/gamedata/effectdata.xml	D:\MyWork\新建文件夹\mom.report.client\src\MyMod\crys_the_swarm_reborn.SC2Mod\原始mod\Mods\XM\XMFinal.SC2Mod\Base.SC2Data\GameData\EffectData.xml	added_or_newer_duplicate
SOAPylonPowerCU	CEffectCreateUnit	游戏数据/官方SC2原始文本镜像/mods/starcoop/starcoop.sc2mod/base.sc2data/gamedata/effectdata.xml	D:\MyWork\新建文件夹\mom.report.client\src\MyMod\crys_the_swarm_reborn.SC2Mod\原始mod\Mods\XM\XMFinal.SC2Mod\Base.SC2Data\GameData\EffectData.xml	added_or_newer_duplicate
SOAPylonPowerSpawnSet	CEffectSet	游戏数据/官方SC2原始文本镜像/mods/starcoop/starcoop.sc2mod/base.sc2data/gamedata/effectdata.xml	D:\MyWork\新建文件夹\mom.report.client\src\MyMod\crys_the_swarm_reborn.SC2Mod\原始mod\Mods\XM\XMFinal.SC2Mod\Base.SC2Data\GameData\EffectData.xml	added_or_newer_duplicate
SOARepairBeamHealStructure	CEffectCreateHealer	游戏数据/官方SC2原始文本镜像/mods/starcoop/starcoop.sc2mod/base.sc2data/gamedata/effectdata.xml	D:\MyWork\新建文件夹\mom.report.client\src\MyMod\crys_the_swarm_reborn.SC2Mod\原始mod\Mods\XM\XMFinal.SC2Mod\Base.SC2Data\GameData\EffectData.xml	added_or_newer_duplicate
SOASolarLanceFireBeamInitialCP	CEffectCreatePersistent	游戏数据/官方SC2原始文本镜像/mods/starcoop/starcoop.sc2mod/base.sc2data/gamedata/effectdata.xml	D:\MyWork\新建文件夹\mom.report.client\src\MyMod\crys_the_swarm_reborn.SC2Mod\原始mod\Mods\XM\XMFinal.SC2Mod\Base.SC2Data\GameData\EffectData.xml	added_or_newer_duplicate
SOASummonFenixActiveAB	CEffectApplyBehavior	游戏数据/官方SC2原始文本镜像/mods/starcoop/starcoop.sc2mod/base.sc2data/gamedata/effectdata.xml	D:\MyWork\新建文件夹\mom.report.client\src\MyMod\crys_the_swarm_reborn.SC2Mod\原始mod\Mods\XM\XMFinal.SC2Mod\Base.SC2Data\GameData\EffectData.xml	added_or_newer_duplicate
SOASummonFenixArbiterActiveAB	CEffectApplyBehavior	游戏数据/官方SC2原始文本镜像/mods/starcoop/starcoop.sc2mod/base.sc2data/gamedata/effectdata.xml	D:\MyWork\新建文件夹\mom.report.client\src\MyMod\crys_the_swarm_reborn.SC2Mod\原始mod\Mods\XM\XMFinal.SC2Mod\Base.SC2Data\GameData\EffectData.xml	added_or_newer_duplicate
SOASummonFenixArbiterCU	CEffectCreateUnit	游戏数据/官方SC2原始文本镜像/mods/starcoop/starcoop.sc2mod/base.sc2data/gamedata/effectdata.xml	D:\MyWork\新建文件夹\mom.report.client\src\MyMod\crys_the_swarm_reborn.SC2Mod\原始mod\Mods\XM\XMFinal.SC2Mod\Base.SC2Data\GameData\EffectData.xml	added_or_newer_duplicate
SOASummonFenixArbiterInitialSet	CEffectSet	游戏数据/官方SC2原始文本镜像/mods/starcoop/starcoop.sc2mod/base.sc2data/gamedata/effectdata.xml	D:\MyWork\新建文件夹\mom.report.client\src\MyMod\crys_the_swarm_reborn.SC2Mod\原始mod\Mods\XM\XMFinal.SC2Mod\Base.SC2Data\GameData\EffectData.xml	skipped_existing
SOASummonFenixCU	CEffectCreateUnit	游戏数据/官方SC2原始文本镜像/mods/starcoop/starcoop.sc2mod/base.sc2data/gamedata/effectdata.xml	D:\MyWork\新建文件夹\mom.report.client\src\MyMod\crys_the_swarm_reborn.SC2Mod\原始mod\Mods\XM\XMFinal.SC2Mod\Base.SC2Data\GameData\EffectData.xml	added_or_newer_duplicate
SOASummonFenixDragoonActiveAB	CEffectApplyBehavior	游戏数据/官方SC2原始文本镜像/mods/starcoop/starcoop.sc2mod/base.sc2data/gamedata/effectdata.xml	D:\MyWork\新建文件夹\mom.report.client\src\MyMod\crys_the_swarm_reborn.SC2Mod\原始mod\Mods\XM\XMFinal.SC2Mod\Base.SC2Data\GameData\EffectData.xml	added_or_newer_duplicate
SOASummonFenixDragoonCU	CEffectCreateUnit	游戏数据/官方SC2原始文本镜像/mods/starcoop/starcoop.sc2mod/base.sc2data/gamedata/effectdata.xml	D:\MyWork\新建文件夹\mom.report.client\src\MyMod\crys_the_swarm_reborn.SC2Mod\原始mod\Mods\XM\XMFinal.SC2Mod\Base.SC2Data\GameData\EffectData.xml	added_or_newer_duplicate
SOASummonFenixDragoonInitialSet	CEffectSet	游戏数据/官方SC2原始文本镜像/mods/starcoop/starcoop.sc2mod/base.sc2data/gamedata/effectdata.xml	D:\MyWork\新建文件夹\mom.report.client\src\MyMod\crys_the_swarm_reborn.SC2Mod\原始mod\Mods\XM\XMFinal.SC2Mod\Base.SC2Data\GameData\EffectData.xml	skipped_existing
SOASummonFenixHeroSummonCasterBehaviorCleanup	CEffectSet	游戏数据/官方SC2原始文本镜像/mods/starcoop/starcoop.sc2mod/base.sc2data/gamedata/effectdata.xml	D:\MyWork\新建文件夹\mom.report.client\src\MyMod\crys_the_swarm_reborn.SC2Mod\原始mod\Mods\XM\XMFinal.SC2Mod\Base.SC2Data\GameData\EffectData.xml	added_or_newer_duplicate
SOASummonFenixHeroSummonCleanupDummy	CEffectCreatePersistent	游戏数据/官方SC2原始文本镜像/mods/starcoop/starcoop.sc2mod/base.sc2data/gamedata/effectdata.xml	D:\MyWork\新建文件夹\mom.report.client\src\MyMod\crys_the_swarm_reborn.SC2Mod\原始mod\Mods\XM\XMFinal.SC2Mod\Base.SC2Data\GameData\EffectData.xml	added_or_newer_duplicate
SOASummonFenixInitialSet	CEffectSet	游戏数据/官方SC2原始文本镜像/mods/starcoop/starcoop.sc2mod/base.sc2data/gamedata/effectdata.xml	D:\MyWork\新建文件夹\mom.report.client\src\MyMod\crys_the_swarm_reborn.SC2Mod\原始mod\Mods\XM\XMFinal.SC2Mod\Base.SC2Data\GameData\EffectData.xml	skipped_existing
SOASuperChronoMapWideSearch	CEffectEnumArea	游戏数据/官方SC2原始文本镜像/mods/starcoop/starcoop.sc2mod/base.sc2data/gamedata/effectdata.xml	D:\MyWork\新建文件夹\mom.report.client\src\MyMod\crys_the_swarm_reborn.SC2Mod\原始mod\Mods\XM\XMFinal.SC2Mod\Base.SC2Data\GameData\EffectData.xml	skipped_existing
SOAThermalLanceCP	CEffectCreatePersistent	游戏数据/官方SC2原始文本镜像/mods/starcoop/starcoop.sc2mod/base.sc2data/gamedata/effectdata.xml	D:\MyWork\新建文件夹\mom.report.client\src\MyMod\crys_the_swarm_reborn.SC2Mod\原始mod\Mods\XM\XMFinal.SC2Mod\Base.SC2Data\GameData\EffectData.xml	added_or_newer_duplicate
SOAThermalLanceSet	CEffectSet	游戏数据/官方SC2原始文本镜像/mods/starcoop/starcoop.sc2mod/base.sc2data/gamedata/effectdata.xml	D:\MyWork\新建文件夹\mom.report.client\src\MyMod\crys_the_swarm_reborn.SC2Mod\原始mod\Mods\XM\XMFinal.SC2Mod\Base.SC2Data\GameData\EffectData.xml	skipped_existing
SpecialDeliveryCU	CEffectCreateUnit	游戏数据/官方SC2原始文本镜像/mods/starcoop/starcoop.sc2mod/base.sc2data/gamedata/effectdata.xml	D:\MyWork\新建文件夹\mom.report.client\src\MyMod\crys_the_swarm_reborn.SC2Mod\原始mod\Mods\XM\XMFinal.SC2Mod\Base.SC2Data\GameData\EffectData.xml	added_or_newer_duplicate
SpecialDeliveryInitialSet	CEffectSet	游戏数据/官方SC2原始文本镜像/mods/starcoop/starcoop.sc2mod/base.sc2data/gamedata/effectdata.xml	D:\MyWork\新建文件夹\mom.report.client\src\MyMod\crys_the_swarm_reborn.SC2Mod\原始mod\Mods\XM\XMFinal.SC2Mod\Base.SC2Data\GameData\EffectData.xml	added_or_newer_duplicate
StukovAleksanderInfestedDropPodLaunchMissile	CEffectLaunchMissile	游戏数据/官方SC2原始文本镜像/mods/starcoop/starcoop.sc2mod/base.sc2data/gamedata/effectdata.xml	D:\MyWork\新建文件夹\mom.report.client\src\MyMod\crys_the_swarm_reborn.SC2Mod\原始mod\Mods\XM\XMFinal.SC2Mod\Base.SC2Data\GameData\EffectData.xml	added_or_newer_duplicate
StukovAleksanderTentacleStunSearch	CEffectEnumArea	游戏数据/官方SC2原始文本镜像/mods/starcoop/starcoop.sc2mod/base.sc2data/gamedata/effectdata.xml	D:\MyWork\新建文件夹\mom.report.client\src\MyMod\crys_the_swarm_reborn.SC2Mod\原始mod\Mods\XM\XMFinal.SC2Mod\Base.SC2Data\GameData\EffectData.xml	added_or_newer_duplicate
StukovSummonAleksanderCU	CEffectCreateUnit	游戏数据/官方SC2原始文本镜像/mods/starcoop/starcoop.sc2mod/base.sc2data/gamedata/effectdata.xml	D:\MyWork\新建文件夹\mom.report.client\src\MyMod\crys_the_swarm_reborn.SC2Mod\原始mod\Mods\XM\XMFinal.SC2Mod\Base.SC2Data\GameData\EffectData.xml	added_or_newer_duplicate
StukovSummonAleksanderSet	CEffectSet	游戏数据/官方SC2原始文本镜像/mods/starcoop/starcoop.sc2mod/base.sc2data/gamedata/effectdata.xml	D:\MyWork\新建文件夹\mom.report.client\src\MyMod\crys_the_swarm_reborn.SC2Mod\原始mod\Mods\XM\XMFinal.SC2Mod\Base.SC2Data\GameData\EffectData.xml	added_or_newer_duplicate
StukovSummonApocaliskCU	CEffectCreateUnit	游戏数据/官方SC2原始文本镜像/mods/starcoop/starcoop.sc2mod/base.sc2data/gamedata/effectdata.xml	D:\MyWork\新建文件夹\mom.report.client\src\MyMod\crys_the_swarm_reborn.SC2Mod\原始mod\Mods\XM\XMFinal.SC2Mod\Base.SC2Data\GameData\EffectData.xml	added_or_newer_duplicate
StukovSummonApocaliskSet	CEffectSet	游戏数据/官方SC2原始文本镜像/mods/starcoop/starcoop.sc2mod/base.sc2data/gamedata/effectdata.xml	D:\MyWork\新建文件夹\mom.report.client\src\MyMod\crys_the_swarm_reborn.SC2Mod\原始mod\Mods\XM\XMFinal.SC2Mod\Base.SC2Data\GameData\EffectData.xml	added_or_newer_duplicate
SuicideRemove	CEffectDamage	游戏数据/官方SC2原始文本镜像/mods/starcoop/starcoop.sc2mod/base.sc2data/gamedata/commanders/commandertychus.xml	D:\MyWork\新建文件夹\mom.report.client\src\MyMod\crys_the_swarm_reborn.SC2Mod\原始mod\Mods\XM\XMFinal.SC2Mod\Base.SC2Data\GameData\EffectData.xml	added_or_newer_duplicate
SummonHHMercenarySpaceStationCreateUnit	CEffectCreateUnit	游戏数据/官方SC2原始文本镜像/mods/starcoop/starcoop.sc2mod/base.sc2data/gamedata/effectdata.xml	D:\MyWork\新建文件夹\mom.report.client\src\MyMod\crys_the_swarm_reborn.SC2Mod\原始mod\Mods\XM\XMFinal.SC2Mod\Base.SC2Data\GameData\EffectData.xml	added_or_newer_duplicate
SummonHyperionCreateUnit	CEffectCreateUnit	游戏数据/官方SC2原始文本镜像/mods/starcoop/starcoop.sc2mod/base.sc2data/gamedata/effectdata.xml	D:\MyWork\新建文件夹\mom.report.client\src\MyMod\crys_the_swarm_reborn.SC2Mod\原始mod\Mods\XM\XMFinal.SC2Mod\Base.SC2Data\GameData\EffectData.xml	skipped_existing
SuperShieldSearchStetmann	CEffectEnumArea	游戏数据/官方SC2原始文本镜像/mods/starcoop/commanders/egonstetmann.sc2mod/base.sc2data/gamedata/effectdata.xml	D:\MyWork\新建文件夹\mom.report.client\src\MyMod\crys_the_swarm_reborn.SC2Mod\原始mod\Mods\XM\XMFinal.SC2Mod\Base.SC2Data\GameData\EffectData.xml	added_or_newer_duplicate
TimedLifeFate	CEffectDamage	游戏数据/官方SC2原始文本镜像/mods/starcoop/starcoop.sc2mod/base.sc2data/gamedata/effectdata.xml	D:\MyWork\新建文件夹\mom.report.client\src\MyMod\crys_the_swarm_reborn.SC2Mod\原始mod\Mods\XM\XMFinal.SC2Mod\Base.SC2Data\GameData\EffectData.xml	added_or_newer_duplicate
TychusCalldownOdinApplyInitialSelfStun	CEffectApplyBehavior	游戏数据/官方SC2原始文本镜像/mods/starcoop/starcoop.sc2mod/base.sc2data/gamedata/commanders/commandertychus.xml	D:\MyWork\新建文件夹\mom.report.client\src\MyMod\crys_the_swarm_reborn.SC2Mod\原始mod\Mods\XM\XMFinal.SC2Mod\Base.SC2Data\GameData\EffectData.xml	added_or_newer_duplicate
TychusCalldownOdinCreateUnit	CEffectCreateUnit	游戏数据/官方SC2原始文本镜像/mods/starcoop/starcoop.sc2mod/base.sc2data/gamedata/commanders/commandertychus.xml	D:\MyWork\新建文件夹\mom.report.client\src\MyMod\crys_the_swarm_reborn.SC2Mod\原始mod\Mods\XM\XMFinal.SC2Mod\Base.SC2Data\GameData\EffectData.xml	added_or_newer_duplicate
TychusCalldownOdinDamage	CEffectDamage	游戏数据/官方SC2原始文本镜像/mods/starcoop/starcoop.sc2mod/base.sc2data/gamedata/commanders/commandertychus.xml	D:\MyWork\新建文件夹\mom.report.client\src\MyMod\crys_the_swarm_reborn.SC2Mod\原始mod\Mods\XM\XMFinal.SC2Mod\Base.SC2Data\GameData\EffectData.xml	added_or_newer_duplicate
TychusCalldownOdinInitialPersistent	CEffectCreatePersistent	游戏数据/官方SC2原始文本镜像/mods/starcoop/starcoop.sc2mod/base.sc2data/gamedata/commanders/commandertychus.xml	D:\MyWork\新建文件夹\mom.report.client\src\MyMod\crys_the_swarm_reborn.SC2Mod\原始mod\Mods\XM\XMFinal.SC2Mod\Base.SC2Data\GameData\EffectData.xml	added_or_newer_duplicate
TychusCalldownOdinSearchArea	CEffectEnumArea	游戏数据/官方SC2原始文本镜像/mods/starcoop/starcoop.sc2mod/base.sc2data/gamedata/commanders/commandertychus.xml	D:\MyWork\新建文件夹\mom.report.client\src\MyMod\crys_the_swarm_reborn.SC2Mod\原始mod\Mods\XM\XMFinal.SC2Mod\Base.SC2Data\GameData\EffectData.xml	added_or_newer_duplicate
TychusCalldownOdinTargetedDummy	CEffectSet	游戏数据/官方SC2原始文本镜像/mods/starcoop/starcoop.sc2mod/base.sc2data/gamedata/commanders/commandertychus.xml	D:\MyWork\新建文件夹\mom.report.client\src\MyMod\crys_the_swarm_reborn.SC2Mod\原始mod\Mods\XM\XMFinal.SC2Mod\Base.SC2Data\GameData\EffectData.xml	added_or_newer_duplicate
TychusCalldownOdinTargetedSwitch	CEffectSwitch	游戏数据/官方SC2原始文本镜像/mods/starcoop/starcoop.sc2mod/base.sc2data/gamedata/effectdata.xml	D:\MyWork\新建文件夹\mom.report.client\src\MyMod\crys_the_swarm_reborn.SC2Mod\原始mod\Mods\XM\XMFinal.SC2Mod\Base.SC2Data\GameData\EffectData.xml	added_or_newer_duplicate
TychusCalldownOdinTeleportCasterOffset	CEffectCreatePersistent	游戏数据/官方SC2原始文本镜像/mods/starcoop/starcoop.sc2mod/base.sc2data/gamedata/commanders/commandertychus.xml	D:\MyWork\新建文件夹\mom.report.client\src\MyMod\crys_the_swarm_reborn.SC2Mod\原始mod\Mods\XM\XMFinal.SC2Mod\Base.SC2Data\GameData\EffectData.xml	added_or_newer_duplicate
TychusCalldownOdinTransferGroup	CEffectModifyUnit	游戏数据/官方SC2原始文本镜像/mods/starcoop/starcoop.sc2mod/base.sc2data/gamedata/commanders/commandertychus.xml	D:\MyWork\新建文件夹\mom.report.client\src\MyMod\crys_the_swarm_reborn.SC2Mod\原始mod\Mods\XM\XMFinal.SC2Mod\Base.SC2Data\GameData\EffectData.xml	added_or_newer_duplicate
TychusCalldownOdinUISwap	CEffectModifyUnit	游戏数据/官方SC2原始文本镜像/mods/starcoop/starcoop.sc2mod/base.sc2data/gamedata/effectdata.xml	D:\MyWork\新建文件夹\mom.report.client\src\MyMod\crys_the_swarm_reborn.SC2Mod\原始mod\Mods\XM\XMFinal.SC2Mod\Base.SC2Data\GameData\EffectData.xml	added_or_newer_duplicate
TychusMedicTransportUnitsInitialSet	CEffectSet	游戏数据/官方SC2原始文本镜像/mods/starcoop/starcoop.sc2mod/base.sc2data/gamedata/commanders/commandertychus.xml	D:\MyWork\新建文件夹\mom.report.client\src\MyMod\crys_the_swarm_reborn.SC2Mod\原始mod\Mods\XM\XMFinal.SC2Mod\Base.SC2Data\GameData\EffectData.xml	added_or_newer_duplicate
TychusMedicTransportUnitsSearchDummy	CEffectEnumArea	游戏数据/官方SC2原始文本镜像/mods/starcoop/starcoop.sc2mod/base.sc2data/gamedata/commanders/commandertychus.xml	D:\MyWork\新建文件夹\mom.report.client\src\MyMod\crys_the_swarm_reborn.SC2Mod\原始mod\Mods\XM\XMFinal.SC2Mod\Base.SC2Data\GameData\EffectData.xml	added_or_newer_duplicate
TychusMedicTransportUnitsSearchDummySet	CEffectSet	游戏数据/官方SC2原始文本镜像/mods/starcoop/starcoop.sc2mod/base.sc2data/gamedata/commanders/commandertychus.xml	D:\MyWork\新建文件夹\mom.report.client\src\MyMod\crys_the_swarm_reborn.SC2Mod\原始mod\Mods\XM\XMFinal.SC2Mod\Base.SC2Data\GameData\EffectData.xml	added_or_newer_duplicate
TychusMedicTransportUnitsSpawnMedic	CEffectCreateUnit	游戏数据/官方SC2原始文本镜像/mods/starcoop/starcoop.sc2mod/base.sc2data/gamedata/commanders/commandertychus.xml	D:\MyWork\新建文件夹\mom.report.client\src\MyMod\crys_the_swarm_reborn.SC2Mod\原始mod\Mods\XM\XMFinal.SC2Mod\Base.SC2Data\GameData\EffectData.xml	added_or_newer_duplicate
TychusOdinBarrageCP	CEffectCreatePersistent	游戏数据/官方SC2原始文本镜像/mods/starcoop/starcoop.sc2mod/base.sc2data/gamedata/commanders/commandertychus.xml	D:\MyWork\新建文件夹\mom.report.client\src\MyMod\crys_the_swarm_reborn.SC2Mod\原始mod\Mods\XM\XMFinal.SC2Mod\Base.SC2Data\GameData\EffectData.xml	added_or_newer_duplicate
TychusOdinBarrageSearchArea	CEffectEnumArea	游戏数据/官方SC2原始文本镜像/mods/starcoop/starcoop.sc2mod/base.sc2data/gamedata/commanders/commandertychus.xml	D:\MyWork\新建文件夹\mom.report.client\src\MyMod\crys_the_swarm_reborn.SC2Mod\原始mod\Mods\XM\XMFinal.SC2Mod\Base.SC2Data\GameData\EffectData.xml	added_or_newer_duplicate
TychusShredderGrenadeDamage	CEffectDamage	游戏数据/官方SC2原始文本镜像/mods/starcoop/starcoop.sc2mod/base.sc2data/gamedata/commanders/commandertychus.xml	D:\MyWork\新建文件夹\mom.report.client\src\MyMod\crys_the_swarm_reborn.SC2Mod\原始mod\Mods\XM\XMFinal.SC2Mod\Base.SC2Data\GameData\EffectData.xml	added_or_newer_duplicate
UltraliskMengskSpawnCP	CEffectCreatePersistent	游戏数据/官方SC2原始文本镜像/mods/starcoop/commanders/arcturusmengsk.sc2mod/base.sc2data/gamedata/effectdata.xml	D:\MyWork\新建文件夹\mom.report.client\src\MyMod\crys_the_swarm_reborn.SC2Mod\原始mod\Mods\XM\XMFinal.SC2Mod\Base.SC2Data\GameData\EffectData.xml	added_or_newer_duplicate
UnitKnockbackBy2	CEffectCreateUnit	游戏数据/官方SC2原始文本镜像/mods/starcoop/starcoop.sc2mod/base.sc2data/gamedata/effectdata.xml	D:\MyWork\新建文件夹\mom.report.client\src\MyMod\crys_the_swarm_reborn.SC2Mod\原始mod\Mods\XM\XMFinal.SC2Mod\Base.SC2Data\GameData\EffectData.xml	added_or_newer_duplicate
Upgrade	CEffectModifyPlayer	游戏数据/官方SC2原始文本镜像/mods/starcoop/starcoop.sc2mod/base.sc2data/gamedata/effectdata.xml	D:\MyWork\新建文件夹\mom.report.client\src\MyMod\crys_the_swarm_reborn.SC2Mod\原始mod\Mods\XM\XMFinal.SC2Mod\Base.SC2Data\GameData\EffectData.xml	skipped_existing
WildMutation	CEffectApplyBehavior	游戏数据/官方SC2原始文本镜像/mods/starcoop/starcoop.sc2mod/base.sc2data/gamedata/effectdata.xml	D:\MyWork\新建文件夹\mom.report.client\src\MyMod\crys_the_swarm_reborn.SC2Mod\原始mod\Mods\XM\XMFinal.SC2Mod\Base.SC2Data\GameData\EffectData.xml	skipped_existing
YagdraFireballCreatePersistent	CEffectCreatePersistent	游戏数据/官方SC2原始文本镜像/mods/starcoop/starcoop.sc2mod/base.sc2data/gamedata/effectdata.xml	D:\MyWork\新建文件夹\mom.report.client\src\MyMod\crys_the_swarm_reborn.SC2Mod\原始mod\Mods\XM\XMFinal.SC2Mod\Base.SC2Data\GameData\EffectData.xml	added_or_newer_duplicate
YagdraFirebreath	CEffectIssueOrder	游戏数据/官方SC2原始文本镜像/mods/starcoop/starcoop.sc2mod/base.sc2data/gamedata/effectdata.xml	D:\MyWork\新建文件夹\mom.report.client\src\MyMod\crys_the_swarm_reborn.SC2Mod\原始mod\Mods\XM\XMFinal.SC2Mod\Base.SC2Data\GameData\EffectData.xml	added_or_newer_duplicate
ZagaraVoidCoopBanelingSpawnerTrainCP	CEffectCreatePersistent	游戏数据/官方SC2原始文本镜像/mods/starcoop/starcoop.sc2mod/base.sc2data/gamedata/effectdata.xml	D:\MyWork\新建文件夹\mom.report.client\src\MyMod\crys_the_swarm_reborn.SC2Mod\原始mod\Mods\XM\XMFinal.SC2Mod\Base.SC2Data\GameData\EffectData.xml	added_or_newer_duplicate
ZagaraVoidCoopInfestedPodsImpactDamage	CEffectDamage	游戏数据/官方SC2原始文本镜像/mods/starcoop/starcoop.sc2mod/base.sc2data/gamedata/effectdata.xml	D:\MyWork\新建文件夹\mom.report.client\src\MyMod\crys_the_swarm_reborn.SC2Mod\原始mod\Mods\XM\XMFinal.SC2Mod\Base.SC2Data\GameData\EffectData.xml	added_or_newer_duplicate
ZagaraVoidCoopInfestedPodsImpactSearch	CEffectEnumArea	游戏数据/官方SC2原始文本镜像/mods/starcoop/starcoop.sc2mod/base.sc2data/gamedata/effectdata.xml	D:\MyWork\新建文件夹\mom.report.client\src\MyMod\crys_the_swarm_reborn.SC2Mod\原始mod\Mods\XM\XMFinal.SC2Mod\Base.SC2Data\GameData\EffectData.xml	added_or_newer_duplicate
ZagaraVoidCoopMassFrenzySearch	CEffectEnumArea	游戏数据/官方SC2原始文本镜像/mods/starcoop/starcoop.sc2mod/base.sc2data/gamedata/effectdata.xml	D:\MyWork\新建文件夹\mom.report.client\src\MyMod\crys_the_swarm_reborn.SC2Mod\原始mod\Mods\XM\XMFinal.SC2Mod\Base.SC2Data\GameData\EffectData.xml	added_or_newer_duplicate
ZagaraVoidCoopMassFrenzySwitch	CEffectSwitch	游戏数据/官方SC2原始文本镜像/mods/starcoop/starcoop.sc2mod/base.sc2data/gamedata/effectdata.xml	D:\MyWork\新建文件夹\mom.report.client\src\MyMod\crys_the_swarm_reborn.SC2Mod\原始mod\Mods\XM\XMFinal.SC2Mod\Base.SC2Data\GameData\EffectData.xml	added_or_newer_duplicate
ZagaraVoidCoopMassRoachDropCP	CEffectCreatePersistent	游戏数据/官方SC2原始文本镜像/mods/starcoop/starcoop.sc2mod/base.sc2data/gamedata/effectdata.xml	D:\MyWork\新建文件夹\mom.report.client\src\MyMod\crys_the_swarm_reborn.SC2Mod\原始mod\Mods\XM\XMFinal.SC2Mod\Base.SC2Data\GameData\EffectData.xml	added_or_newer_duplicate
ZagaraVoidCoopMassRoachlingDropSearch	CEffectEnumArea	游戏数据/官方SC2原始文本镜像/mods/starcoop/starcoop.sc2mod/base.sc2data/gamedata/effectdata.xml	D:\MyWork\新建文件夹\mom.report.client\src\MyMod\crys_the_swarm_reborn.SC2Mod\原始mod\Mods\XM\XMFinal.SC2Mod\Base.SC2Data\GameData\EffectData.xml	added_or_newer_duplicate
ZeratulArtifactUpgradeTier1	CEffectModifyPlayer	游戏数据/官方SC2原始文本镜像/mods/starcoop/starcoop.sc2mod/base.sc2data/gamedata/commanders/futurecommanders.xml	D:\MyWork\新建文件夹\mom.report.client\src\MyMod\crys_the_swarm_reborn.SC2Mod\原始mod\Mods\XM\XMFinal.SC2Mod\Base.SC2Data\GameData\EffectData.xml	added_or_newer_duplicate
ZeratulArtifactUpgradeTier2	CEffectModifyPlayer	游戏数据/官方SC2原始文本镜像/mods/starcoop/starcoop.sc2mod/base.sc2data/gamedata/commanders/futurecommanders.xml	D:\MyWork\新建文件夹\mom.report.client\src\MyMod\crys_the_swarm_reborn.SC2Mod\原始mod\Mods\XM\XMFinal.SC2Mod\Base.SC2Data\GameData\EffectData.xml	added_or_newer_duplicate
ZeratulArtifactUpgradeTier3	CEffectModifyPlayer	游戏数据/官方SC2原始文本镜像/mods/starcoop/starcoop.sc2mod/base.sc2data/gamedata/commanders/futurecommanders.xml	D:\MyWork\新建文件夹\mom.report.client\src\MyMod\crys_the_swarm_reborn.SC2Mod\原始mod\Mods\XM\XMFinal.SC2Mod\Base.SC2Data\GameData\EffectData.xml	added_or_newer_duplicate
ZeratulBlackHoleImpactDamage	CEffectDamage	游戏数据/官方SC2原始文本镜像/mods/starcoop/starcoop.sc2mod/base.sc2data/gamedata/commanders/futurecommanders.xml	D:\MyWork\新建文件夹\mom.report.client\src\MyMod\crys_the_swarm_reborn.SC2Mod\原始mod\Mods\XM\XMFinal.SC2Mod\Base.SC2Data\GameData\EffectData.xml	added_or_newer_duplicate
ZeratulBlackHolePersistent	CEffectCreatePersistent	游戏数据/官方SC2原始文本镜像/mods/starcoop/starcoop.sc2mod/base.sc2data/gamedata/commanders/futurecommanders.xml	D:\MyWork\新建文件夹\mom.report.client\src\MyMod\crys_the_swarm_reborn.SC2Mod\原始mod\Mods\XM\XMFinal.SC2Mod\Base.SC2Data\GameData\EffectData.xml	added_or_newer_duplicate
ZeratulBlackHoleSearch	CEffectEnumArea	游戏数据/官方SC2原始文本镜像/mods/starcoop/starcoop.sc2mod/base.sc2data/gamedata/commanders/futurecommanders.xml	D:\MyWork\新建文件夹\mom.report.client\src\MyMod\crys_the_swarm_reborn.SC2Mod\原始mod\Mods\XM\XMFinal.SC2Mod\Base.SC2Data\GameData\EffectData.xml	added_or_newer_duplicate
ZeratulDarkTemplarBlink	CEffectTeleport	游戏数据/官方SC2原始文本镜像/mods/starcoop/starcoop.sc2mod/base.sc2data/gamedata/commanders/futurecommanders.xml	D:\MyWork\新建文件夹\mom.report.client\src\MyMod\crys_the_swarm_reborn.SC2Mod\原始mod\Mods\XM\XMFinal.SC2Mod\Base.SC2Data\GameData\EffectData.xml	added_or_newer_duplicate
ZeratulKhaydarinMonolithDamage	CEffectDamage	游戏数据/官方SC2原始文本镜像/mods/starcoop/starcoop.sc2mod/base.sc2data/gamedata/commanders/futurecommanders.xml	D:\MyWork\新建文件夹\mom.report.client\src\MyMod\crys_the_swarm_reborn.SC2Mod\原始mod\Mods\XM\XMFinal.SC2Mod\Base.SC2Data\GameData\EffectData.xml	added_or_newer_duplicate
ZeratulKhaydarinMonolithProjectionCP	CEffectCreatePersistent	游戏数据/官方SC2原始文本镜像/mods/starcoop/starcoop.sc2mod/base.sc2data/gamedata/commanders/futurecommanders.xml	D:\MyWork\新建文件夹\mom.report.client\src\MyMod\crys_the_swarm_reborn.SC2Mod\原始mod\Mods\XM\XMFinal.SC2Mod\Base.SC2Data\GameData\EffectData.xml	added_or_newer_duplicate
ZeratulKhaydarinMonolithProjectionCU	CEffectCreateUnit	游戏数据/官方SC2原始文本镜像/mods/starcoop/starcoop.sc2mod/base.sc2data/gamedata/commanders/futurecommanders.xml	D:\MyWork\新建文件夹\mom.report.client\src\MyMod\crys_the_swarm_reborn.SC2Mod\原始mod\Mods\XM\XMFinal.SC2Mod\Base.SC2Data\GameData\EffectData.xml	added_or_newer_duplicate
ZeratulKhaydarinMonolithSearch	CEffectEnumArea	游戏数据/官方SC2原始文本镜像/mods/starcoop/starcoop.sc2mod/base.sc2data/gamedata/commanders/futurecommanders.xml	D:\MyWork\新建文件夹\mom.report.client\src\MyMod\crys_the_swarm_reborn.SC2Mod\原始mod\Mods\XM\XMFinal.SC2Mod\Base.SC2Data\GameData\EffectData.xml	added_or_newer_duplicate
ZeratulMapWideStasisDummy	CEffectSet	游戏数据/官方SC2原始文本镜像/mods/starcoop/starcoop.sc2mod/base.sc2data/gamedata/commanders/futurecommanders.xml	D:\MyWork\新建文件夹\mom.report.client\src\MyMod\crys_the_swarm_reborn.SC2Mod\原始mod\Mods\XM\XMFinal.SC2Mod\Base.SC2Data\GameData\EffectData.xml	added_or_newer_duplicate
ZeratulPhaseCannonProjectionCancel	CEffectSet	游戏数据/官方SC2原始文本镜像/mods/starcoop/starcoop.sc2mod/base.sc2data/gamedata/commanders/futurecommanders.xml	D:\MyWork\新建文件夹\mom.report.client\src\MyMod\crys_the_swarm_reborn.SC2Mod\原始mod\Mods\XM\XMFinal.SC2Mod\Base.SC2Data\GameData\EffectData.xml	added_or_newer_duplicate
ZeratulPhotonCannonProjectionCountdown	CEffectApplyBehavior	游戏数据/官方SC2原始文本镜像/mods/starcoop/starcoop.sc2mod/base.sc2data/gamedata/commanders/futurecommanders.xml	D:\MyWork\新建文件夹\mom.report.client\src\MyMod\crys_the_swarm_reborn.SC2Mod\原始mod\Mods\XM\XMFinal.SC2Mod\Base.SC2Data\GameData\EffectData.xml	added_or_newer_duplicate
ZeratulPsiDischargeDamage	CEffectDamage	游戏数据/官方SC2原始文本镜像/mods/starcoop/starcoop.sc2mod/base.sc2data/gamedata/commanders/futurecommanders.xml	D:\MyWork\新建文件夹\mom.report.client\src\MyMod\crys_the_swarm_reborn.SC2Mod\原始mod\Mods\XM\XMFinal.SC2Mod\Base.SC2Data\GameData\EffectData.xml	added_or_newer_duplicate
ZeratulPsiDischargeLaunchMissile	CEffectLaunchMissile	游戏数据/官方SC2原始文本镜像/mods/starcoop/starcoop.sc2mod/base.sc2data/gamedata/commanders/futurecommanders.xml	D:\MyWork\新建文件夹\mom.report.client\src\MyMod\crys_the_swarm_reborn.SC2Mod\原始mod\Mods\XM\XMFinal.SC2Mod\Base.SC2Data\GameData\EffectData.xml	added_or_newer_duplicate
ZeratulStalkerBlink	CEffectTeleport	游戏数据/官方SC2原始文本镜像/mods/starcoop/starcoop.sc2mod/base.sc2data/gamedata/commanders/futurecommanders.xml	D:\MyWork\新建文件夹\mom.report.client\src\MyMod\crys_the_swarm_reborn.SC2Mod\原始mod\Mods\XM\XMFinal.SC2Mod\Base.SC2Data\GameData\EffectData.xml	added_or_newer_duplicate
ZeratulStasisSearchArea	CEffectEnumArea	游戏数据/官方SC2原始文本镜像/mods/starcoop/starcoop.sc2mod/base.sc2data/gamedata/commanders/futurecommanders.xml	D:\MyWork\新建文件夹\mom.report.client\src\MyMod\crys_the_swarm_reborn.SC2Mod\原始mod\Mods\XM\XMFinal.SC2Mod\Base.SC2Data\GameData\EffectData.xml	added_or_newer_duplicate
ZeratulStasisSearchAreaUpgraded	CEffectEnumArea	游戏数据/官方SC2原始文本镜像/mods/starcoop/starcoop.sc2mod/base.sc2data/gamedata/commanders/futurecommanders.xml	D:\MyWork\新建文件夹\mom.report.client\src\MyMod\crys_the_swarm_reborn.SC2Mod\原始mod\Mods\XM\XMFinal.SC2Mod\Base.SC2Data\GameData\EffectData.xml	added_or_newer_duplicate
ZeratulStructureBarrier	CEffectApplyBehavior	游戏数据/官方SC2原始文本镜像/mods/starcoop/starcoop.sc2mod/base.sc2data/gamedata/commanders/futurecommanders.xml	D:\MyWork\新建文件夹\mom.report.client\src\MyMod\crys_the_swarm_reborn.SC2Mod\原始mod\Mods\XM\XMFinal.SC2Mod\Base.SC2Data\GameData\EffectData.xml	added_or_newer_duplicate
ZeratulSuppressionCrystalDummyWeapon	CEffectSet	游戏数据/官方SC2原始文本镜像/mods/starcoop/starcoop.sc2mod/base.sc2data/gamedata/commanders/futurecommanders.xml	D:\MyWork\新建文件夹\mom.report.client\src\MyMod\crys_the_swarm_reborn.SC2Mod\原始mod\Mods\XM\XMFinal.SC2Mod\Base.SC2Data\GameData\EffectData.xml	added_or_newer_duplicate
ZeratulSuppressionCrystalSuppression	CEffectApplyBehavior	游戏数据/官方SC2原始文本镜像/mods/starcoop/starcoop.sc2mod/base.sc2data/gamedata/commanders/futurecommanders.xml	D:\MyWork\新建文件夹\mom.report.client\src\MyMod\crys_the_swarm_reborn.SC2Mod\原始mod\Mods\XM\XMFinal.SC2Mod\Base.SC2Data\GameData\EffectData.xml	added_or_newer_duplicate
ZeratulSuppressionCrystalSuppressionAuraSearch	CEffectEnumArea	游戏数据/官方SC2原始文本镜像/mods/starcoop/starcoop.sc2mod/base.sc2data/gamedata/commanders/futurecommanders.xml	D:\MyWork\新建文件夹\mom.report.client\src\MyMod\crys_the_swarm_reborn.SC2Mod\原始mod\Mods\XM\XMFinal.SC2Mod\Base.SC2Data\GameData\EffectData.xml	added_or_newer_duplicate
ZeratulSuppressionCrystalSuppressionBuilding	CEffectApplyBehavior	游戏数据/官方SC2原始文本镜像/mods/starcoop/starcoop.sc2mod/base.sc2data/gamedata/commanders/futurecommanders.xml	D:\MyWork\新建文件夹\mom.report.client\src\MyMod\crys_the_swarm_reborn.SC2Mod\原始mod\Mods\XM\XMFinal.SC2Mod\Base.SC2Data\GameData\EffectData.xml	added_or_newer_duplicate
ZeratulSuppressionCrystalSuppressionBuildingMU	CEffectModifyUnit	游戏数据/官方SC2原始文本镜像/mods/starcoop/starcoop.sc2mod/base.sc2data/gamedata/commanders/futurecommanders.xml	D:\MyWork\新建文件夹\mom.report.client\src\MyMod\crys_the_swarm_reborn.SC2Mod\原始mod\Mods\XM\XMFinal.SC2Mod\Base.SC2Data\GameData\EffectData.xml	added_or_newer_duplicate
ZeratulSuppressionCrystalSuppressionBuildingSet	CEffectSet	游戏数据/官方SC2原始文本镜像/mods/starcoop/starcoop.sc2mod/base.sc2data/gamedata/commanders/futurecommanders.xml	D:\MyWork\新建文件夹\mom.report.client\src\MyMod\crys_the_swarm_reborn.SC2Mod\原始mod\Mods\XM\XMFinal.SC2Mod\Base.SC2Data\GameData\EffectData.xml	added_or_newer_duplicate
ZeratulSuppressionCrystalSuppressionHeroic	CEffectApplyBehavior	游戏数据/官方SC2原始文本镜像/mods/starcoop/starcoop.sc2mod/base.sc2data/gamedata/commanders/futurecommanders.xml	D:\MyWork\新建文件夹\mom.report.client\src\MyMod\crys_the_swarm_reborn.SC2Mod\原始mod\Mods\XM\XMFinal.SC2Mod\Base.SC2Data\GameData\EffectData.xml	added_or_newer_duplicate
ZerglingMengskSpawnCP	CEffectCreatePersistent	游戏数据/官方SC2原始文本镜像/mods/starcoop/commanders/arcturusmengsk.sc2mod/base.sc2data/gamedata/effectdata.xml	D:\MyWork\新建文件夹\mom.report.client\src\MyMod\crys_the_swarm_reborn.SC2Mod\原始mod\Mods\XM\XMFinal.SC2Mod\Base.SC2Data\GameData\EffectData.xml	added_or_newer_duplicate
ZerglingMengskSpawnTrigger	CEffectSet	游戏数据/官方SC2原始文本镜像/mods/starcoop/commanders/arcturusmengsk.sc2mod/base.sc2data/gamedata/effectdata.xml	D:\MyWork\新建文件夹\mom.report.client\src\MyMod\crys_the_swarm_reborn.SC2Mod\原始mod\Mods\XM\XMFinal.SC2Mod\Base.SC2Data\GameData\EffectData.xml	added_or_newer_duplicate
Apocalisk_Portrait	CLight	游戏数据/官方SC2原始文本镜像/mods/starcoop/starcoop.sc2mod/base.sc2data/gamedata/lightdata.xml	D:\MyWork\新建文件夹\mom.report.client\src\MyMod\crys_the_swarm_reborn.SC2Mod\原始mod\Mods\XM\XMFinal.SC2Mod\Base.SC2Data\GameData\LightData.xml	added_or_newer_duplicate
AlarakStructureOvercharge	CModel	游戏数据/官方SC2原始文本镜像/mods/starcoop/starcoop.sc2mod/base.sc2data/gamedata/modeldata.xml	D:\MyWork\新建文件夹\mom.report.client\src\MyMod\crys_the_swarm_reborn.SC2Mod\原始mod\Mods\XM\XMFinal.SC2Mod\Base.SC2Data\GameData\ModelData.xml	skipped_existing
Aleksander_Stukov_Coop_Death	CModel	游戏数据/官方SC2原始文本镜像/mods/starcoop/starcoop.sc2mod/base.sc2data/gamedata/modeldata.xml	D:\MyWork\新建文件夹\mom.report.client\src\MyMod\crys_the_swarm_reborn.SC2Mod\原始mod\Mods\XM\XMFinal.SC2Mod\Base.SC2Data\GameData\ModelData.xml	added_or_newer_duplicate
Aleksander_Stukov_Coop_SpawnSplat	CModel	游戏数据/官方SC2原始文本镜像/mods/starcoop/starcoop.sc2mod/base.sc2data/gamedata/modeldata.xml	D:\MyWork\新建文件夹\mom.report.client\src\MyMod\crys_the_swarm_reborn.SC2Mod\原始mod\Mods\XM\XMFinal.SC2Mod\Base.SC2Data\GameData\ModelData.xml	added_or_newer_duplicate
Aleksander_Stukov_Coop	CModel	游戏数据/官方SC2原始文本镜像/mods/starcoop/starcoop.sc2mod/base.sc2data/gamedata/modeldata.xml	D:\MyWork\新建文件夹\mom.report.client\src\MyMod\crys_the_swarm_reborn.SC2Mod\原始mod\Mods\XM\XMFinal.SC2Mod\Base.SC2Data\GameData\ModelData.xml	added_or_newer_duplicate
Aleksander_Stukov_ReEntry	CModel	游戏数据/官方SC2原始文本镜像/mods/starcoop/starcoop.sc2mod/base.sc2data/gamedata/modeldata.xml	D:\MyWork\新建文件夹\mom.report.client\src\MyMod\crys_the_swarm_reborn.SC2Mod\原始mod\Mods\XM\XMFinal.SC2Mod\Base.SC2Data\GameData\ModelData.xml	added_or_newer_duplicate
Apocalisk_Portrait	CModel	游戏数据/官方SC2原始文本镜像/mods/starcoop/starcoop.sc2mod/base.sc2data/gamedata/modeldata.xml	D:\MyWork\新建文件夹\mom.report.client\src\MyMod\crys_the_swarm_reborn.SC2Mod\原始mod\Mods\XM\XMFinal.SC2Mod\Base.SC2Data\GameData\ModelData.xml	added_or_newer_duplicate
Apocalisk_Stukov_Coop_Death	CModel	游戏数据/官方SC2原始文本镜像/mods/starcoop/starcoop.sc2mod/base.sc2data/gamedata/modeldata.xml	D:\MyWork\新建文件夹\mom.report.client\src\MyMod\crys_the_swarm_reborn.SC2Mod\原始mod\Mods\XM\XMFinal.SC2Mod\Base.SC2Data\GameData\ModelData.xml	added_or_newer_duplicate
ApocaliskBirthingBurrowUpModel	CModel	游戏数据/官方SC2原始文本镜像/mods/starcoop/starcoop.sc2mod/base.sc2data/gamedata/modeldata.xml	D:\MyWork\新建文件夹\mom.report.client\src\MyMod\crys_the_swarm_reborn.SC2Mod\原始mod\Mods\XM\XMFinal.SC2Mod\Base.SC2Data\GameData\ModelData.xml	added_or_newer_duplicate
ApocaliskBirthingFlamesModel	CModel	游戏数据/官方SC2原始文本镜像/mods/starcoop/starcoop.sc2mod/base.sc2data/gamedata/modeldata.xml	D:\MyWork\新建文件夹\mom.report.client\src\MyMod\crys_the_swarm_reborn.SC2Mod\原始mod\Mods\XM\XMFinal.SC2Mod\Base.SC2Data\GameData\ModelData.xml	added_or_newer_duplicate
ApocaliskBirthingRocksModel	CModel	游戏数据/官方SC2原始文本镜像/mods/starcoop/starcoop.sc2mod/base.sc2data/gamedata/modeldata.xml	D:\MyWork\新建文件夹\mom.report.client\src\MyMod\crys_the_swarm_reborn.SC2Mod\原始mod\Mods\XM\XMFinal.SC2Mod\Base.SC2Data\GameData\ModelData.xml	added_or_newer_duplicate
ApocaliskBurrowChargeModel	CModel	游戏数据/官方SC2原始文本镜像/mods/starcoop/starcoop.sc2mod/base.sc2data/gamedata/modeldata.xml	D:\MyWork\新建文件夹\mom.report.client\src\MyMod\crys_the_swarm_reborn.SC2Mod\原始mod\Mods\XM\XMFinal.SC2Mod\Base.SC2Data\GameData\ModelData.xml	added_or_newer_duplicate
ArtilleryMengskCloudSickness	CModel	游戏数据/官方SC2原始文本镜像/mods/starcoop/commanders/arcturusmengsk.sc2mod/base.sc2data/gamedata/modeldata.xml	D:\MyWork\新建文件夹\mom.report.client\src\MyMod\crys_the_swarm_reborn.SC2Mod\原始mod\Mods\XM\XMFinal.SC2Mod\Base.SC2Data\GameData\ModelData.xml	added_or_newer_duplicate
ArtilleryMengskFear	CModel	游戏数据/官方SC2原始文本镜像/mods/starcoop/commanders/arcturusmengsk.sc2mod/base.sc2data/gamedata/modeldata.xml	D:\MyWork\新建文件夹\mom.report.client\src\MyMod\crys_the_swarm_reborn.SC2Mod\原始mod\Mods\XM\XMFinal.SC2Mod\Base.SC2Data\GameData\ModelData.xml	added_or_newer_duplicate
Banshee_BlackOps_Death	CModel	游戏数据/官方SC2原始文本镜像/mods/starcoop/starcoop.sc2mod/base.sc2data/gamedata/modeldata.xml	D:\MyWork\新建文件夹\mom.report.client\src\MyMod\crys_the_swarm_reborn.SC2Mod\原始mod\Mods\XM\XMFinal.SC2Mod\Base.SC2Data\GameData\ModelData.xml	added_or_newer_duplicate
Banshee_BlackOps	CModel	游戏数据/官方SC2原始文本镜像/mods/starcoop/starcoop.sc2mod/base.sc2data/gamedata/modeldata.xml	D:\MyWork\新建文件夹\mom.report.client\src\MyMod\crys_the_swarm_reborn.SC2Mod\原始mod\Mods\XM\XMFinal.SC2Mod\Base.SC2Data\GameData\ModelData.xml	skipped_existing
Banshee_BlackOpsPortrait	CModel	游戏数据/官方SC2原始文本镜像/mods/starcoop/starcoop.sc2mod/base.sc2data/gamedata/modeldata.xml	D:\MyWork\新建文件夹\mom.report.client\src\MyMod\crys_the_swarm_reborn.SC2Mod\原始mod\Mods\XM\XMFinal.SC2Mod\Base.SC2Data\GameData\ModelData.xml	added_or_newer_duplicate
BansheeReentry	CModel	游戏数据/官方SC2原始文本镜像/mods/starcoop/starcoop.sc2mod/base.sc2data/gamedata/modeldata.xml	D:\MyWork\新建文件夹\mom.report.client\src\MyMod\crys_the_swarm_reborn.SC2Mod\原始mod\Mods\XM\XMFinal.SC2Mod\Base.SC2Data\GameData\ModelData.xml	added_or_newer_duplicate
BattlecruiserReentry	CModel	游戏数据/官方SC2原始文本镜像/mods/starcoop/starcoop.sc2mod/base.sc2data/gamedata/modeldata.xml	D:\MyWork\新建文件夹\mom.report.client\src\MyMod\crys_the_swarm_reborn.SC2Mod\原始mod\Mods\XM\XMFinal.SC2Mod\Base.SC2Data\GameData\ModelData.xml	added_or_newer_duplicate
BiomassTargetMark	CModel	游戏数据/官方SC2原始文本镜像/mods/starcoop/starcoop.sc2mod/base.sc2data/gamedata/modeldata.xml	D:\MyWork\新建文件夹\mom.report.client\src\MyMod\crys_the_swarm_reborn.SC2Mod\原始mod\Mods\XM\XMFinal.SC2Mod\Base.SC2Data\GameData\ModelData.xml	added_or_newer_duplicate
BlackHoleNoTaldarim	CModel	游戏数据/官方SC2原始文本镜像/mods/starcoop/starcoop.sc2mod/base.sc2data/gamedata/modeldata.xml	D:\MyWork\新建文件夹\mom.report.client\src\MyMod\crys_the_swarm_reborn.SC2Mod\原始mod\Mods\XM\XMFinal.SC2Mod\Base.SC2Data\GameData\ModelData.xml	skipped_existing
BunkerDepotMengsk	CModel	游戏数据/官方SC2原始文本镜像/mods/starcoop/commanders/arcturusmengsk.sc2mod/base.sc2data/gamedata/modeldata.xml	D:\MyWork\新建文件夹\mom.report.client\src\MyMod\crys_the_swarm_reborn.SC2Mod\原始mod\Mods\XM\XMFinal.SC2Mod\Base.SC2Data\GameData\ModelData.xml	added_or_newer_duplicate
BunkerDepotMengskDeath	CModel	游戏数据/官方SC2原始文本镜像/mods/starcoop/commanders/arcturusmengsk.sc2mod/base.sc2data/gamedata/modeldata.xml	D:\MyWork\新建文件夹\mom.report.client\src\MyMod\crys_the_swarm_reborn.SC2Mod\原始mod\Mods\XM\XMFinal.SC2Mod\Base.SC2Data\GameData\ModelData.xml	added_or_newer_duplicate
BunkerDepotMengskDeathEmpty	CModel	游戏数据/官方SC2原始文本镜像/mods/starcoop/commanders/arcturusmengsk.sc2mod/base.sc2data/gamedata/modeldata.xml	D:\MyWork\新建文件夹\mom.report.client\src\MyMod\crys_the_swarm_reborn.SC2Mod\原始mod\Mods\XM\XMFinal.SC2Mod\Base.SC2Data\GameData\ModelData.xml	added_or_newer_duplicate
BunkerDepotMengskDeathUpgrade	CModel	游戏数据/官方SC2原始文本镜像/mods/starcoop/commanders/arcturusmengsk.sc2mod/base.sc2data/gamedata/modeldata.xml	D:\MyWork\新建文件夹\mom.report.client\src\MyMod\crys_the_swarm_reborn.SC2Mod\原始mod\Mods\XM\XMFinal.SC2Mod\Base.SC2Data\GameData\ModelData.xml	added_or_newer_duplicate
BunkerDepotMengskDeathUpgradeEmpty	CModel	游戏数据/官方SC2原始文本镜像/mods/starcoop/commanders/arcturusmengsk.sc2mod/base.sc2data/gamedata/modeldata.xml	D:\MyWork\新建文件夹\mom.report.client\src\MyMod\crys_the_swarm_reborn.SC2Mod\原始mod\Mods\XM\XMFinal.SC2Mod\Base.SC2Data\GameData\ModelData.xml	added_or_newer_duplicate
BunkerDepotMengskDrop	CModel	游戏数据/官方SC2原始文本镜像/mods/starcoop/commanders/arcturusmengsk.sc2mod/base.sc2data/gamedata/modeldata.xml	D:\MyWork\新建文件夹\mom.report.client\src\MyMod\crys_the_swarm_reborn.SC2Mod\原始mod\Mods\XM\XMFinal.SC2Mod\Base.SC2Data\GameData\ModelData.xml	added_or_newer_duplicate
BunkerDepotMengskDropLights	CModel	游戏数据/官方SC2原始文本镜像/mods/starcoop/commanders/arcturusmengsk.sc2mod/base.sc2data/gamedata/modeldata.xml	D:\MyWork\新建文件夹\mom.report.client\src\MyMod\crys_the_swarm_reborn.SC2Mod\原始mod\Mods\XM\XMFinal.SC2Mod\Base.SC2Data\GameData\ModelData.xml	added_or_newer_duplicate
BunkerDepotMengskDropPod	CModel	游戏数据/官方SC2原始文本镜像/mods/starcoop/commanders/arcturusmengsk.sc2mod/base.sc2data/gamedata/modeldata.xml	D:\MyWork\新建文件夹\mom.report.client\src\MyMod\crys_the_swarm_reborn.SC2Mod\原始mod\Mods\XM\XMFinal.SC2Mod\Base.SC2Data\GameData\ModelData.xml	added_or_newer_duplicate
BunkerDepotMengskPlacement	CModel	游戏数据/官方SC2原始文本镜像/mods/starcoop/commanders/arcturusmengsk.sc2mod/base.sc2data/gamedata/modeldata.xml	D:\MyWork\新建文件夹\mom.report.client\src\MyMod\crys_the_swarm_reborn.SC2Mod\原始mod\Mods\XM\XMFinal.SC2Mod\Base.SC2Data\GameData\ModelData.xml	added_or_newer_duplicate
BunkerDepotMengskUpgraded	CModel	游戏数据/官方SC2原始文本镜像/mods/starcoop/commanders/arcturusmengsk.sc2mod/base.sc2data/gamedata/modeldata.xml	D:\MyWork\新建文件夹\mom.report.client\src\MyMod\crys_the_swarm_reborn.SC2Mod\原始mod\Mods\XM\XMFinal.SC2Mod\Base.SC2Data\GameData\ModelData.xml	added_or_newer_duplicate
ChargedBuster	CModel	游戏数据/官方SC2原始文本镜像/mods/starcoop/starcoop.sc2mod/base.sc2data/gamedata/modeldata.xml	D:\MyWork\新建文件夹\mom.report.client\src\MyMod\crys_the_swarm_reborn.SC2Mod\原始mod\Mods\XM\XMFinal.SC2Mod\Base.SC2Data\GameData\ModelData.xml	added_or_newer_duplicate
CommanderPrestigeArtanisOrbitalStrikesArchon	CModel	游戏数据/官方SC2原始文本镜像/mods/starcoop/starcoop.sc2mod/base.sc2data/gamedata/modeldata.xml	D:\MyWork\新建文件夹\mom.report.client\src\MyMod\crys_the_swarm_reborn.SC2Mod\原始mod\Mods\XM\XMFinal.SC2Mod\Base.SC2Data\GameData\ModelData.xml	added_or_newer_duplicate
Construct_Essence_Zeratul_COOP_Portrait	CModel	游戏数据/官方SC2原始文本镜像/mods/starcoop/starcoop.sc2mod/base.sc2data/gamedata/modeldata.xml	D:\MyWork\新建文件夹\mom.report.client\src\MyMod\crys_the_swarm_reborn.SC2Mod\原始mod\Mods\XM\XMFinal.SC2Mod\Base.SC2Data\GameData\ModelData.xml	added_or_newer_duplicate
Construct_Form_Zeratul_COOP_Portrait	CModel	游戏数据/官方SC2原始文本镜像/mods/starcoop/starcoop.sc2mod/base.sc2data/gamedata/commanders/futurecommanders.xml	D:\MyWork\新建文件夹\mom.report.client\src\MyMod\crys_the_swarm_reborn.SC2Mod\原始mod\Mods\XM\XMFinal.SC2Mod\Base.SC2Data\GameData\ModelData.xml	added_or_newer_duplicate
DarkArchon_Zeratul_COOP_Death	CModel	游戏数据/官方SC2原始文本镜像/mods/starcoop/starcoop.sc2mod/base.sc2data/gamedata/commanders/futurecommanders.xml	D:\MyWork\新建文件夹\mom.report.client\src\MyMod\crys_the_swarm_reborn.SC2Mod\原始mod\Mods\XM\XMFinal.SC2Mod\Base.SC2Data\GameData\ModelData.xml	added_or_newer_duplicate
DarkArchon_Zeratul_COOP_Portrait	CModel	游戏数据/官方SC2原始文本镜像/mods/starcoop/starcoop.sc2mod/base.sc2data/gamedata/commanders/futurecommanders.xml	D:\MyWork\新建文件夹\mom.report.client\src\MyMod\crys_the_swarm_reborn.SC2Mod\原始mod\Mods\XM\XMFinal.SC2Mod\Base.SC2Data\GameData\ModelData.xml	added_or_newer_duplicate
DarkArchon_Zeratul_COOP	CModel	游戏数据/官方SC2原始文本镜像/mods/starcoop/starcoop.sc2mod/base.sc2data/gamedata/commanders/futurecommanders.xml	D:\MyWork\新建文件夹\mom.report.client\src\MyMod\crys_the_swarm_reborn.SC2Mod\原始mod\Mods\XM\XMFinal.SC2Mod\Base.SC2Data\GameData\ModelData.xml	added_or_newer_duplicate
DarkPylonWarpInSplat	CModel	游戏数据/官方SC2原始文本镜像/mods/starcoop/starcoop.sc2mod/base.sc2data/gamedata/modeldata.xml	D:\MyWork\新建文件夹\mom.report.client\src\MyMod\crys_the_swarm_reborn.SC2Mod\原始mod\Mods\XM\XMFinal.SC2Mod\Base.SC2Data\GameData\ModelData.xml	added_or_newer_duplicate
DarkVoice_Zeratul_COOP_Portrait	CModel	游戏数据/官方SC2原始文本镜像/mods/starcoop/starcoop.sc2mod/base.sc2data/gamedata/commanders/futurecommanders.xml	D:\MyWork\新建文件夹\mom.report.client\src\MyMod\crys_the_swarm_reborn.SC2Mod\原始mod\Mods\XM\XMFinal.SC2Mod\Base.SC2Data\GameData\ModelData.xml	added_or_newer_duplicate
Defensive_Matrix_Drone_Death	CModel	游戏数据/官方SC2原始文本镜像/mods/starcoop/starcoop.sc2mod/base.sc2data/gamedata/modeldata.xml	D:\MyWork\新建文件夹\mom.report.client\src\MyMod\crys_the_swarm_reborn.SC2Mod\原始mod\Mods\XM\XMFinal.SC2Mod\Base.SC2Data\GameData\ModelData.xml	added_or_newer_duplicate
Defensive_Matrix_Drone_Placement	CModel	游戏数据/官方SC2原始文本镜像/mods/starcoop/starcoop.sc2mod/base.sc2data/gamedata/modeldata.xml	D:\MyWork\新建文件夹\mom.report.client\src\MyMod\crys_the_swarm_reborn.SC2Mod\原始mod\Mods\XM\XMFinal.SC2Mod\Base.SC2Data\GameData\ModelData.xml	added_or_newer_duplicate
Defensive_Matrix_Drone	CModel	游戏数据/官方SC2原始文本镜像/mods/starcoop/starcoop.sc2mod/base.sc2data/gamedata/modeldata.xml	D:\MyWork\新建文件夹\mom.report.client\src\MyMod\crys_the_swarm_reborn.SC2Mod\原始mod\Mods\XM\XMFinal.SC2Mod\Base.SC2Data\GameData\ModelData.xml	added_or_newer_duplicate
Dehaka_Primal_Wurm_Coop_Death	CModel	游戏数据/官方SC2原始文本镜像/mods/starcoop/starcoop.sc2mod/base.sc2data/gamedata/modeldata.xml	D:\MyWork\新建文件夹\mom.report.client\src\MyMod\crys_the_swarm_reborn.SC2Mod\原始mod\Mods\XM\XMFinal.SC2Mod\Base.SC2Data\GameData\ModelData.xml	added_or_newer_duplicate
Dehaka_Primal_Wurm_Coop_DeathAcid	CModel	游戏数据/官方SC2原始文本镜像/mods/starcoop/starcoop.sc2mod/base.sc2data/gamedata/modeldata.xml	D:\MyWork\新建文件夹\mom.report.client\src\MyMod\crys_the_swarm_reborn.SC2Mod\原始mod\Mods\XM\XMFinal.SC2Mod\Base.SC2Data\GameData\ModelData.xml	added_or_newer_duplicate
Dehaka_Primal_Wurm_Coop_DeathFire	CModel	游戏数据/官方SC2原始文本镜像/mods/starcoop/starcoop.sc2mod/base.sc2data/gamedata/modeldata.xml	D:\MyWork\新建文件夹\mom.report.client\src\MyMod\crys_the_swarm_reborn.SC2Mod\原始mod\Mods\XM\XMFinal.SC2Mod\Base.SC2Data\GameData\ModelData.xml	added_or_newer_duplicate
Dehaka_Primal_Wurm_Coop	CModel	游戏数据/官方SC2原始文本镜像/mods/starcoop/starcoop.sc2mod/base.sc2data/gamedata/modeldata.xml	D:\MyWork\新建文件夹\mom.report.client\src\MyMod\crys_the_swarm_reborn.SC2Mod\原始mod\Mods\XM\XMFinal.SC2Mod\Base.SC2Data\GameData\ModelData.xml	added_or_newer_duplicate
DehakaBarracksUprooted	CModel	游戏数据/官方SC2原始文本镜像/mods/starcoop/starcoop.sc2mod/base.sc2data/gamedata/modeldata.xml	D:\MyWork\新建文件夹\mom.report.client\src\MyMod\crys_the_swarm_reborn.SC2Mod\原始mod\Mods\XM\XMFinal.SC2Mod\Base.SC2Data\GameData\ModelData.xml	added_or_newer_duplicate
DehakaGlevigStructure	CModel	游戏数据/官方SC2原始文本镜像/mods/starcoop/starcoop.sc2mod/base.sc2data/gamedata/modeldata.xml	D:\MyWork\新建文件夹\mom.report.client\src\MyMod\crys_the_swarm_reborn.SC2Mod\原始mod\Mods\XM\XMFinal.SC2Mod\Base.SC2Data\GameData\ModelData.xml	added_or_newer_duplicate
DehakaHatcheryUprooted	CModel	游戏数据/官方SC2原始文本镜像/mods/starcoop/starcoop.sc2mod/base.sc2data/gamedata/modeldata.xml	D:\MyWork\新建文件夹\mom.report.client\src\MyMod\crys_the_swarm_reborn.SC2Mod\原始mod\Mods\XM\XMFinal.SC2Mod\Base.SC2Data\GameData\ModelData.xml	added_or_newer_duplicate
DehakaNydusDestroyerBuild	CModel	游戏数据/官方SC2原始文本镜像/mods/starcoop/starcoop.sc2mod/base.sc2data/gamedata/modeldata.xml	D:\MyWork\新建文件夹\mom.report.client\src\MyMod\crys_the_swarm_reborn.SC2Mod\原始mod\Mods\XM\XMFinal.SC2Mod\Base.SC2Data\GameData\ModelData.xml	added_or_newer_duplicate
DehakaNydusDestroyerTimedNoFood	CModel	游戏数据/官方SC2原始文本镜像/mods/starcoop/starcoop.sc2mod/base.sc2data/gamedata/modeldata.xml	D:\MyWork\新建文件夹\mom.report.client\src\MyMod\crys_the_swarm_reborn.SC2Mod\原始mod\Mods\XM\XMFinal.SC2Mod\Base.SC2Data\GameData\ModelData.xml	added_or_newer_duplicate
DehakaNydusDestroyerTimedNoFoodPlacement	CModel	游戏数据/官方SC2原始文本镜像/mods/starcoop/starcoop.sc2mod/base.sc2data/gamedata/modeldata.xml	D:\MyWork\新建文件夹\mom.report.client\src\MyMod\crys_the_swarm_reborn.SC2Mod\原始mod\Mods\XM\XMFinal.SC2Mod\Base.SC2Data\GameData\ModelData.xml	added_or_newer_duplicate
DehakaNydusDestroyerTimedNoFoodWeapon	CModel	游戏数据/官方SC2原始文本镜像/mods/starcoop/starcoop.sc2mod/base.sc2data/gamedata/modeldata.xml	D:\MyWork\新建文件夹\mom.report.client\src\MyMod\crys_the_swarm_reborn.SC2Mod\原始mod\Mods\XM\XMFinal.SC2Mod\Base.SC2Data\GameData\ModelData.xml	added_or_newer_duplicate
DrakkenLaserDrillCoop	CModel	游戏数据/官方SC2原始文本镜像/mods/starcoop/starcoop.sc2mod/base.sc2data/gamedata/modeldata.xml	D:\MyWork\新建文件夹\mom.report.client\src\MyMod\crys_the_swarm_reborn.SC2Mod\原始mod\Mods\XM\XMFinal.SC2Mod\Base.SC2Data\GameData\ModelData.xml	added_or_newer_duplicate
EvolutionPit	CModel	游戏数据/官方SC2原始文本镜像/mods/starcoop/starcoop.sc2mod/base.sc2data/gamedata/modeldata.xml	D:\MyWork\新建文件夹\mom.report.client\src\MyMod\crys_the_swarm_reborn.SC2Mod\原始mod\Mods\XM\XMFinal.SC2Mod\Base.SC2Data\GameData\ModelData.xml	added_or_newer_duplicate
EvolutionPitPlacement	CModel	游戏数据/官方SC2原始文本镜像/mods/starcoop/starcoop.sc2mod/base.sc2data/gamedata/modeldata.xml	D:\MyWork\新建文件夹\mom.report.client\src\MyMod\crys_the_swarm_reborn.SC2Mod\原始mod\Mods\XM\XMFinal.SC2Mod\Base.SC2Data\GameData\ModelData.xml	added_or_newer_duplicate
FenixChampion	CModel	游戏数据/官方SC2原始文本镜像/mods/starcoop/starcoop.sc2mod/base.sc2data/gamedata/modeldata.xml	D:\MyWork\新建文件夹\mom.report.client\src\MyMod\crys_the_swarm_reborn.SC2Mod\原始mod\Mods\XM\XMFinal.SC2Mod\Base.SC2Data\GameData\ModelData.xml	added_or_newer_duplicate
GARY_Stetmann_COOP_PortraitUpgrade	CModel	游戏数据/官方SC2原始文本镜像/mods/starcoop/commanders/egonstetmann.sc2mod/base.sc2data/gamedata/modeldata.xml	D:\MyWork\新建文件夹\mom.report.client\src\MyMod\crys_the_swarm_reborn.SC2Mod\原始mod\Mods\XM\XMFinal.SC2Mod\Base.SC2Data\GameData\ModelData.xml	added_or_newer_duplicate
GARY_Stetmann_COOP_Upgrade	CModel	游戏数据/官方SC2原始文本镜像/mods/starcoop/commanders/egonstetmann.sc2mod/base.sc2data/gamedata/modeldata.xml	D:\MyWork\新建文件夹\mom.report.client\src\MyMod\crys_the_swarm_reborn.SC2Mod\原始mod\Mods\XM\XMFinal.SC2Mod\Base.SC2Data\GameData\ModelData.xml	added_or_newer_duplicate
GARY_Stetmann_COOP_UpgradeDeath	CModel	游戏数据/官方SC2原始文本镜像/mods/starcoop/commanders/egonstetmann.sc2mod/base.sc2data/gamedata/modeldata.xml	D:\MyWork\新建文件夹\mom.report.client\src\MyMod\crys_the_swarm_reborn.SC2Mod\原始mod\Mods\XM\XMFinal.SC2Mod\Base.SC2Data\GameData\ModelData.xml	added_or_newer_duplicate
GhostAcademyNova	CModel	游戏数据/官方SC2原始文本镜像/mods/starcoop/starcoop.sc2mod/base.sc2data/gamedata/modeldata.xml	D:\MyWork\新建文件夹\mom.report.client\src\MyMod\crys_the_swarm_reborn.SC2Mod\原始mod\Mods\XM\XMFinal.SC2Mod\Base.SC2Data\GameData\ModelData.xml	added_or_newer_duplicate
Glaze_Fenix_Scout_StunMissile	CModel	游戏数据/官方SC2原始文本镜像/mods/starcoop/starcoop.sc2mod/base.sc2data/gamedata/modeldata.xml	D:\MyWork\新建文件夹\mom.report.client\src\MyMod\crys_the_swarm_reborn.SC2Mod\原始mod\Mods\XM\XMFinal.SC2Mod\Base.SC2Data\GameData\ModelData.xml	added_or_newer_duplicate
Glevig_Coop	CModel	游戏数据/官方SC2原始文本镜像/mods/starcoop/starcoop.sc2mod/base.sc2data/gamedata/modeldata.xml	D:\MyWork\新建文件夹\mom.report.client\src\MyMod\crys_the_swarm_reborn.SC2Mod\原始mod\Mods\XM\XMFinal.SC2Mod\Base.SC2Data\GameData\ModelData.xml	added_or_newer_duplicate
HatcheryStetmann	CModel	游戏数据/官方SC2原始文本镜像/mods/starcoop/commanders/egonstetmann.sc2mod/base.sc2data/gamedata/modeldata.xml	D:\MyWork\新建文件夹\mom.report.client\src\MyMod\crys_the_swarm_reborn.SC2Mod\原始mod\Mods\XM\XMFinal.SC2Mod\Base.SC2Data\GameData\ModelData.xml	added_or_newer_duplicate
HatcheryStetmannDeathUnderConstruction	CModel	游戏数据/官方SC2原始文本镜像/mods/starcoop/commanders/egonstetmann.sc2mod/base.sc2data/gamedata/modeldata.xml	D:\MyWork\新建文件夹\mom.report.client\src\MyMod\crys_the_swarm_reborn.SC2Mod\原始mod\Mods\XM\XMFinal.SC2Mod\Base.SC2Data\GameData\ModelData.xml	added_or_newer_duplicate
HatcheryStetmannHiveDeath	CModel	游戏数据/官方SC2原始文本镜像/mods/starcoop/commanders/egonstetmann.sc2mod/base.sc2data/gamedata/modeldata.xml	D:\MyWork\新建文件夹\mom.report.client\src\MyMod\crys_the_swarm_reborn.SC2Mod\原始mod\Mods\XM\XMFinal.SC2Mod\Base.SC2Data\GameData\ModelData.xml	added_or_newer_duplicate
HatcheryStetmannLairDeath	CModel	游戏数据/官方SC2原始文本镜像/mods/starcoop/commanders/egonstetmann.sc2mod/base.sc2data/gamedata/modeldata.xml	D:\MyWork\新建文件夹\mom.report.client\src\MyMod\crys_the_swarm_reborn.SC2Mod\原始mod\Mods\XM\XMFinal.SC2Mod\Base.SC2Data\GameData\ModelData.xml	added_or_newer_duplicate
HatcheryStetmannPlacement	CModel	游戏数据/官方SC2原始文本镜像/mods/starcoop/commanders/egonstetmann.sc2mod/base.sc2data/gamedata/modeldata.xml	D:\MyWork\新建文件夹\mom.report.client\src\MyMod\crys_the_swarm_reborn.SC2Mod\原始mod\Mods\XM\XMFinal.SC2Mod\Base.SC2Data\GameData\ModelData.xml	added_or_newer_duplicate
HatcheryStetmannPortrait	CModel	游戏数据/官方SC2原始文本镜像/mods/starcoop/commanders/egonstetmann.sc2mod/base.sc2data/gamedata/modeldata.xml	D:\MyWork\新建文件夹\mom.report.client\src\MyMod\crys_the_swarm_reborn.SC2Mod\原始mod\Mods\XM\XMFinal.SC2Mod\Base.SC2Data\GameData\ModelData.xml	added_or_newer_duplicate
HHMagneticMine	CModel	游戏数据/官方SC2原始文本镜像/mods/starcoop/starcoop.sc2mod/base.sc2data/gamedata/modeldata.xml	D:\MyWork\新建文件夹\mom.report.client\src\MyMod\crys_the_swarm_reborn.SC2Mod\原始mod\Mods\XM\XMFinal.SC2Mod\Base.SC2Data\GameData\ModelData.xml	added_or_newer_duplicate
HHMercenarySpaceStation	CModel	游戏数据/官方SC2原始文本镜像/mods/starcoop/starcoop.sc2mod/base.sc2data/gamedata/modeldata.xml	D:\MyWork\新建文件夹\mom.report.client\src\MyMod\crys_the_swarm_reborn.SC2Mod\原始mod\Mods\XM\XMFinal.SC2Mod\Base.SC2Data\GameData\ModelData.xml	added_or_newer_duplicate
HighTemplar_Zeratul_COOP_Death	CModel	游戏数据/官方SC2原始文本镜像/mods/starcoop/starcoop.sc2mod/base.sc2data/gamedata/commanders/futurecommanders.xml	D:\MyWork\新建文件夹\mom.report.client\src\MyMod\crys_the_swarm_reborn.SC2Mod\原始mod\Mods\XM\XMFinal.SC2Mod\Base.SC2Data\GameData\ModelData.xml	added_or_newer_duplicate
HighTemplar_Zeratul_COOP_DeathRagdoll	CModel	游戏数据/官方SC2原始文本镜像/mods/starcoop/starcoop.sc2mod/base.sc2data/gamedata/commanders/futurecommanders.xml	D:\MyWork\新建文件夹\mom.report.client\src\MyMod\crys_the_swarm_reborn.SC2Mod\原始mod\Mods\XM\XMFinal.SC2Mod\Base.SC2Data\GameData\ModelData.xml	added_or_newer_duplicate
HighTemplar_Zeratul_COOP_Portrait	CModel	游戏数据/官方SC2原始文本镜像/mods/starcoop/starcoop.sc2mod/base.sc2data/gamedata/commanders/futurecommanders.xml	D:\MyWork\新建文件夹\mom.report.client\src\MyMod\crys_the_swarm_reborn.SC2Mod\原始mod\Mods\XM\XMFinal.SC2Mod\Base.SC2Data\GameData\ModelData.xml	added_or_newer_duplicate
HighTemplar_Zeratul_COOP	CModel	游戏数据/官方SC2原始文本镜像/mods/starcoop/starcoop.sc2mod/base.sc2data/gamedata/commanders/futurecommanders.xml	D:\MyWork\新建文件夹\mom.report.client\src\MyMod\crys_the_swarm_reborn.SC2Mod\原始mod\Mods\XM\XMFinal.SC2Mod\Base.SC2Data\GameData\ModelData.xml	added_or_newer_duplicate
HyperionVoidCoop	CModel	游戏数据/官方SC2原始文本镜像/mods/starcoop/starcoop.sc2mod/base.sc2data/gamedata/modeldata.xml	D:\MyWork\新建文件夹\mom.report.client\src\MyMod\crys_the_swarm_reborn.SC2Mod\原始mod\Mods\XM\XMFinal.SC2Mod\Base.SC2Data\GameData\ModelData.xml	added_or_newer_duplicate
Immortal	CModel	游戏数据/官方SC2原始文本镜像/mods/starcoop/starcoop.sc2mod/base.sc2data/gamedata/modeldata.xml	D:\MyWork\新建文件夹\mom.report.client\src\MyMod\crys_the_swarm_reborn.SC2Mod\原始mod\Mods\XM\XMFinal.SC2Mod\Base.SC2Data\GameData\ModelData.xml	skipped_existing
KelMorianAutoTurret	CModel	游戏数据/官方SC2原始文本镜像/mods/starcoop/starcoop.sc2mod/base.sc2data/gamedata/modeldata.xml	D:\MyWork\新建文件夹\mom.report.client\src\MyMod\crys_the_swarm_reborn.SC2Mod\原始mod\Mods\XM\XMFinal.SC2Mod\Base.SC2Data\GameData\ModelData.xml	added_or_newer_duplicate
KelMorianAutoTurretPlacement	CModel	游戏数据/官方SC2原始文本镜像/mods/starcoop/starcoop.sc2mod/base.sc2data/gamedata/modeldata.xml	D:\MyWork\新建文件夹\mom.report.client\src\MyMod\crys_the_swarm_reborn.SC2Mod\原始mod\Mods\XM\XMFinal.SC2Mod\Base.SC2Data\GameData\ModelData.xml	added_or_newer_duplicate
KhaydarinMonolith	CModel	游戏数据/官方SC2原始文本镜像/mods/starcoop/starcoop.sc2mod/base.sc2data/gamedata/modeldata.xml	D:\MyWork\新建文件夹\mom.report.client\src\MyMod\crys_the_swarm_reborn.SC2Mod\原始mod\Mods\XM\XMFinal.SC2Mod\Base.SC2Data\GameData\ModelData.xml	skipped_existing
LarvaStetmann	CModel	游戏数据/官方SC2原始文本镜像/mods/starcoop/commanders/egonstetmann.sc2mod/base.sc2data/gamedata/modeldata.xml	D:\MyWork\新建文件夹\mom.report.client\src\MyMod\crys_the_swarm_reborn.SC2Mod\原始mod\Mods\XM\XMFinal.SC2Mod\Base.SC2Data\GameData\ModelData.xml	added_or_newer_duplicate
MonolithCannon_Zeratul_COOP_Death	CModel	游戏数据/官方SC2原始文本镜像/mods/starcoop/starcoop.sc2mod/base.sc2data/gamedata/commanders/futurecommanders.xml	D:\MyWork\新建文件夹\mom.report.client\src\MyMod\crys_the_swarm_reborn.SC2Mod\原始mod\Mods\XM\XMFinal.SC2Mod\Base.SC2Data\GameData\ModelData.xml	added_or_newer_duplicate
MonolithCannon_Zeratul_COOP_DeathUnpowered	CModel	游戏数据/官方SC2原始文本镜像/mods/starcoop/starcoop.sc2mod/base.sc2data/gamedata/commanders/futurecommanders.xml	D:\MyWork\新建文件夹\mom.report.client\src\MyMod\crys_the_swarm_reborn.SC2Mod\原始mod\Mods\XM\XMFinal.SC2Mod\Base.SC2Data\GameData\ModelData.xml	added_or_newer_duplicate
MonolithCannon_Zeratul_COOP_Placement	CModel	游戏数据/官方SC2原始文本镜像/mods/starcoop/starcoop.sc2mod/base.sc2data/gamedata/commanders/futurecommanders.xml	D:\MyWork\新建文件夹\mom.report.client\src\MyMod\crys_the_swarm_reborn.SC2Mod\原始mod\Mods\XM\XMFinal.SC2Mod\Base.SC2Data\GameData\ModelData.xml	added_or_newer_duplicate
MonolithCannon_Zeratul_COOP_Projection_WarpIn	CModel	游戏数据/官方SC2原始文本镜像/mods/starcoop/starcoop.sc2mod/base.sc2data/gamedata/commanders/futurecommanders.xml	D:\MyWork\新建文件夹\mom.report.client\src\MyMod\crys_the_swarm_reborn.SC2Mod\原始mod\Mods\XM\XMFinal.SC2Mod\Base.SC2Data\GameData\ModelData.xml	added_or_newer_duplicate
MonolithCannon_Zeratul_COOP_Projection	CModel	游戏数据/官方SC2原始文本镜像/mods/starcoop/starcoop.sc2mod/base.sc2data/gamedata/commanders/futurecommanders.xml	D:\MyWork\新建文件夹\mom.report.client\src\MyMod\crys_the_swarm_reborn.SC2Mod\原始mod\Mods\XM\XMFinal.SC2Mod\Base.SC2Data\GameData\ModelData.xml	added_or_newer_duplicate
MonolithCannon_Zeratul_COOP_WarpIn	CModel	游戏数据/官方SC2原始文本镜像/mods/starcoop/starcoop.sc2mod/base.sc2data/gamedata/commanders/futurecommanders.xml	D:\MyWork\新建文件夹\mom.report.client\src\MyMod\crys_the_swarm_reborn.SC2Mod\原始mod\Mods\XM\XMFinal.SC2Mod\Base.SC2Data\GameData\ModelData.xml	added_or_newer_duplicate
MonolithCannon_Zeratul_COOP	CModel	游戏数据/官方SC2原始文本镜像/mods/starcoop/starcoop.sc2mod/base.sc2data/gamedata/commanders/futurecommanders.xml	D:\MyWork\新建文件夹\mom.report.client\src\MyMod\crys_the_swarm_reborn.SC2Mod\原始mod\Mods\XM\XMFinal.SC2Mod\Base.SC2Data\GameData\ModelData.xml	added_or_newer_duplicate
Nova_Holographic_Decoy_Coop	CModel	游戏数据/官方SC2原始文本镜像/mods/starcoop/starcoop.sc2mod/base.sc2data/gamedata/modeldata.xml	D:\MyWork\新建文件夹\mom.report.client\src\MyMod\crys_the_swarm_reborn.SC2Mod\原始mod\Mods\XM\XMFinal.SC2Mod\Base.SC2Data\GameData\ModelData.xml	added_or_newer_duplicate
NovaOdinAnnihilate	CModel	游戏数据/官方SC2原始文本镜像/mods/starcoop/starcoop.sc2mod/base.sc2data/gamedata/modeldata.xml	D:\MyWork\新建文件夹\mom.report.client\src\MyMod\crys_the_swarm_reborn.SC2Mod\原始mod\Mods\XM\XMFinal.SC2Mod\Base.SC2Data\GameData\ModelData.xml	added_or_newer_duplicate
NovaOdinBirth	CModel	游戏数据/官方SC2原始文本镜像/mods/starcoop/starcoop.sc2mod/base.sc2data/gamedata/modeldata.xml	D:\MyWork\新建文件夹\mom.report.client\src\MyMod\crys_the_swarm_reborn.SC2Mod\原始mod\Mods\XM\XMFinal.SC2Mod\Base.SC2Data\GameData\ModelData.xml	added_or_newer_duplicate
NovaStunDrone	CModel	游戏数据/官方SC2原始文本镜像/mods/starcoop/starcoop.sc2mod/base.sc2data/gamedata/modeldata.xml	D:\MyWork\新建文件夹\mom.report.client\src\MyMod\crys_the_swarm_reborn.SC2Mod\原始mod\Mods\XM\XMFinal.SC2Mod\Base.SC2Data\GameData\ModelData.xml	added_or_newer_duplicate
NovaStunDronePlacement	CModel	游戏数据/官方SC2原始文本镜像/mods/starcoop/starcoop.sc2mod/base.sc2data/gamedata/modeldata.xml	D:\MyWork\新建文件夹\mom.report.client\src\MyMod\crys_the_swarm_reborn.SC2Mod\原始mod\Mods\XM\XMFinal.SC2Mod\Base.SC2Data\GameData\ModelData.xml	added_or_newer_duplicate
OdinMKII	CModel	游戏数据/官方SC2原始文本镜像/mods/starcoop/starcoop.sc2mod/base.sc2data/gamedata/modeldata.xml	D:\MyWork\新建文件夹\mom.report.client\src\MyMod\crys_the_swarm_reborn.SC2Mod\原始mod\Mods\XM\XMFinal.SC2Mod\Base.SC2Data\GameData\ModelData.xml	added_or_newer_duplicate
OdinMKIIDeath	CModel	游戏数据/官方SC2原始文本镜像/mods/starcoop/starcoop.sc2mod/base.sc2data/gamedata/modeldata.xml	D:\MyWork\新建文件夹\mom.report.client\src\MyMod\crys_the_swarm_reborn.SC2Mod\原始mod\Mods\XM\XMFinal.SC2Mod\Base.SC2Data\GameData\ModelData.xml	added_or_newer_duplicate
OdinMKIIWreckage	CModel	游戏数据/官方SC2原始文本镜像/mods/starcoop/starcoop.sc2mod/base.sc2data/gamedata/modeldata.xml	D:\MyWork\新建文件夹\mom.report.client\src\MyMod\crys_the_swarm_reborn.SC2Mod\原始mod\Mods\XM\XMFinal.SC2Mod\Base.SC2Data\GameData\ModelData.xml	added_or_newer_duplicate
PowerSatellite_Stetmann_COOP_Death	CModel	游戏数据/官方SC2原始文本镜像/mods/starcoop/commanders/egonstetmann.sc2mod/base.sc2data/gamedata/modeldata.xml	D:\MyWork\新建文件夹\mom.report.client\src\MyMod\crys_the_swarm_reborn.SC2Mod\原始mod\Mods\XM\XMFinal.SC2Mod\Base.SC2Data\GameData\ModelData.xml	added_or_newer_duplicate
PowerSatellite_Stetmann_COOP	CModel	游戏数据/官方SC2原始文本镜像/mods/starcoop/commanders/egonstetmann.sc2mod/base.sc2data/gamedata/modeldata.xml	D:\MyWork\新建文件夹\mom.report.client\src\MyMod\crys_the_swarm_reborn.SC2Mod\原始mod\Mods\XM\XMFinal.SC2Mod\Base.SC2Data\GameData\ModelData.xml	added_or_newer_duplicate
PowerTowerStetmannDeactivated	CModel	游戏数据/官方SC2原始文本镜像/mods/starcoop/commanders/egonstetmann.sc2mod/base.sc2data/gamedata/modeldata.xml	D:\MyWork\新建文件夹\mom.report.client\src\MyMod\crys_the_swarm_reborn.SC2Mod\原始mod\Mods\XM\XMFinal.SC2Mod\Base.SC2Data\GameData\ModelData.xml	added_or_newer_duplicate
PowerTowerStetmannOvercharge	CModel	游戏数据/官方SC2原始文本镜像/mods/starcoop/commanders/egonstetmann.sc2mod/base.sc2data/gamedata/modeldata.xml	D:\MyWork\新建文件夹\mom.report.client\src\MyMod\crys_the_swarm_reborn.SC2Mod\原始mod\Mods\XM\XMFinal.SC2Mod\Base.SC2Data\GameData\ModelData.xml	added_or_newer_duplicate
PowerTowerStetmannPlacement	CModel	游戏数据/官方SC2原始文本镜像/mods/starcoop/commanders/egonstetmann.sc2mod/base.sc2data/gamedata/modeldata.xml	D:\MyWork\新建文件夹\mom.report.client\src\MyMod\crys_the_swarm_reborn.SC2Mod\原始mod\Mods\XM\XMFinal.SC2Mod\Base.SC2Data\GameData\ModelData.xml	added_or_newer_duplicate
Predator_Zagara_COOP	CModel	游戏数据/官方SC2原始文本镜像/mods/starcoop/starcoop.sc2mod/base.sc2data/gamedata/modeldata.xml	D:\MyWork\新建文件夹\mom.report.client\src\MyMod\crys_the_swarm_reborn.SC2Mod\原始mod\Mods\XM\XMFinal.SC2Mod\Base.SC2Data\GameData\ModelData.xml	added_or_newer_duplicate
Primal_Zerg_Spit	CModel	游戏数据/官方SC2原始文本镜像/mods/starcoop/starcoop.sc2mod/base.sc2data/gamedata/modeldata.xml	D:\MyWork\新建文件夹\mom.report.client\src\MyMod\crys_the_swarm_reborn.SC2Mod\原始mod\Mods\XM\XMFinal.SC2Mod\Base.SC2Data\GameData\ModelData.xml	added_or_newer_duplicate
SiegeTank_BlackOps_JumpJets_Land	CModel	游戏数据/官方SC2原始文本镜像/mods/starcoop/starcoop.sc2mod/base.sc2data/gamedata/modeldata.xml	D:\MyWork\新建文件夹\mom.report.client\src\MyMod\crys_the_swarm_reborn.SC2Mod\原始mod\Mods\XM\XMFinal.SC2Mod\Base.SC2Data\GameData\ModelData.xml	added_or_newer_duplicate
SMX3_NovaPortrait	CModel	游戏数据/官方SC2原始文本镜像/mods/starcoop/starcoop.sc2mod/base.sc2data/gamedata/modeldata.xml	D:\MyWork\新建文件夹\mom.report.client\src\MyMod\crys_the_swarm_reborn.SC2Mod\原始mod\Mods\XM\XMFinal.SC2Mod\Base.SC2Data\GameData\ModelData.xml	added_or_newer_duplicate
SOA_PurifierBeam_Upgrade	CModel	游戏数据/官方SC2原始文本镜像/mods/starcoop/starcoop.sc2mod/base.sc2data/gamedata/modeldata.xml	D:\MyWork\新建文件夹\mom.report.client\src\MyMod\crys_the_swarm_reborn.SC2Mod\原始mod\Mods\XM\XMFinal.SC2Mod\Base.SC2Data\GameData\ModelData.xml	skipped_existing
SOAMapWideChrono	CModel	游戏数据/官方SC2原始文本镜像/mods/starcoop/starcoop.sc2mod/base.sc2data/gamedata/modeldata.xml	D:\MyWork\新建文件夹\mom.report.client\src\MyMod\crys_the_swarm_reborn.SC2Mod\原始mod\Mods\XM\XMFinal.SC2Mod\Base.SC2Data\GameData\ModelData.xml	skipped_existing
StukovAleksanderCrashed	CModel	游戏数据/官方SC2原始文本镜像/mods/starcoop/starcoop.sc2mod/base.sc2data/gamedata/modeldata.xml	D:\MyWork\新建文件夹\mom.report.client\src\MyMod\crys_the_swarm_reborn.SC2Mod\原始mod\Mods\XM\XMFinal.SC2Mod\Base.SC2Data\GameData\ModelData.xml	added_or_newer_duplicate
StukovAleksanderInfestedSwarmTarget	CModel	游戏数据/官方SC2原始文本镜像/mods/starcoop/starcoop.sc2mod/base.sc2data/gamedata/modeldata.xml	D:\MyWork\新建文件夹\mom.report.client\src\MyMod\crys_the_swarm_reborn.SC2Mod\原始mod\Mods\XM\XMFinal.SC2Mod\Base.SC2Data\GameData\ModelData.xml	added_or_newer_duplicate
StukovAleksanderMinimap	CModel	游戏数据/官方SC2原始文本镜像/mods/starcoop/starcoop.sc2mod/base.sc2data/gamedata/modeldata.xml	D:\MyWork\新建文件夹\mom.report.client\src\MyMod\crys_the_swarm_reborn.SC2Mod\原始mod\Mods\XM\XMFinal.SC2Mod\Base.SC2Data\GameData\ModelData.xml	added_or_newer_duplicate
StukovAleksanderPortrait	CModel	游戏数据/官方SC2原始文本镜像/mods/starcoop/starcoop.sc2mod/base.sc2data/gamedata/modeldata.xml	D:\MyWork\新建文件夹\mom.report.client\src\MyMod\crys_the_swarm_reborn.SC2Mod\原始mod\Mods\XM\XMFinal.SC2Mod\Base.SC2Data\GameData\ModelData.xml	added_or_newer_duplicate
StukovApocalisk	CModel	游戏数据/官方SC2原始文本镜像/mods/starcoop/starcoop.sc2mod/base.sc2data/gamedata/modeldata.xml	D:\MyWork\新建文件夹\mom.report.client\src\MyMod\crys_the_swarm_reborn.SC2Mod\原始mod\Mods\XM\XMFinal.SC2Mod\Base.SC2Data\GameData\ModelData.xml	added_or_newer_duplicate
StukovApocaliskMinimap	CModel	游戏数据/官方SC2原始文本镜像/mods/starcoop/starcoop.sc2mod/base.sc2data/gamedata/modeldata.xml	D:\MyWork\新建文件夹\mom.report.client\src\MyMod\crys_the_swarm_reborn.SC2Mod\原始mod\Mods\XM\XMFinal.SC2Mod\Base.SC2Data\GameData\ModelData.xml	added_or_newer_duplicate
Thor	CModel	游戏数据/官方SC2原始文本镜像/mods/starcoop/starcoop.sc2mod/base.sc2data/gamedata/modeldata.xml	D:\MyWork\新建文件夹\mom.report.client\src\MyMod\crys_the_swarm_reborn.SC2Mod\原始mod\Mods\XM\XMFinal.SC2Mod\Base.SC2Data\GameData\ModelData.xml	added_or_newer_duplicate
ToxicNest	CModel	游戏数据/官方SC2原始文本镜像/mods/starcoop/starcoop.sc2mod/base.sc2data/gamedata/modeldata.xml	D:\MyWork\新建文件夹\mom.report.client\src\MyMod\crys_the_swarm_reborn.SC2Mod\原始mod\Mods\XM\XMFinal.SC2Mod\Base.SC2Data\GameData\ModelData.xml	added_or_newer_duplicate
ToxicNestDeath	CModel	游戏数据/官方SC2原始文本镜像/mods/starcoop/starcoop.sc2mod/base.sc2data/gamedata/modeldata.xml	D:\MyWork\新建文件夹\mom.report.client\src\MyMod\crys_the_swarm_reborn.SC2Mod\原始mod\Mods\XM\XMFinal.SC2Mod\Base.SC2Data\GameData\ModelData.xml	added_or_newer_duplicate
ToxicNestHitTest	CModel	游戏数据/官方SC2原始文本镜像/mods/starcoop/starcoop.sc2mod/base.sc2data/gamedata/modeldata.xml	D:\MyWork\新建文件夹\mom.report.client\src\MyMod\crys_the_swarm_reborn.SC2Mod\原始mod\Mods\XM\XMFinal.SC2Mod\Base.SC2Data\GameData\ModelData.xml	added_or_newer_duplicate
ToxicNestRangeSplat	CModel	游戏数据/官方SC2原始文本镜像/mods/starcoop/starcoop.sc2mod/base.sc2data/gamedata/modeldata.xml	D:\MyWork\新建文件夹\mom.report.client\src\MyMod\crys_the_swarm_reborn.SC2Mod\原始mod\Mods\XM\XMFinal.SC2Mod\Base.SC2Data\GameData\ModelData.xml	added_or_newer_duplicate
TychusFirebat	CModel	游戏数据/官方SC2原始文本镜像/mods/starcoop/starcoop.sc2mod/base.sc2data/gamedata/commanders/commandertychus.xml	D:\MyWork\新建文件夹\mom.report.client\src\MyMod\crys_the_swarm_reborn.SC2Mod\原始mod\Mods\XM\XMFinal.SC2Mod\Base.SC2Data\GameData\ModelData.xml	added_or_newer_duplicate
TychusGhost	CModel	游戏数据/官方SC2原始文本镜像/mods/starcoop/starcoop.sc2mod/base.sc2data/gamedata/commanders/commandertychus.xml	D:\MyWork\新建文件夹\mom.report.client\src\MyMod\crys_the_swarm_reborn.SC2Mod\原始mod\Mods\XM\XMFinal.SC2Mod\Base.SC2Data\GameData\ModelData.xml	added_or_newer_duplicate
TychusMarauder	CModel	游戏数据/官方SC2原始文本镜像/mods/starcoop/starcoop.sc2mod/base.sc2data/gamedata/commanders/commandertychus.xml	D:\MyWork\新建文件夹\mom.report.client\src\MyMod\crys_the_swarm_reborn.SC2Mod\原始mod\Mods\XM\XMFinal.SC2Mod\Base.SC2Data\GameData\ModelData.xml	added_or_newer_duplicate
TychusMedic	CModel	游戏数据/官方SC2原始文本镜像/mods/starcoop/starcoop.sc2mod/base.sc2data/gamedata/commanders/commandertychus.xml	D:\MyWork\新建文件夹\mom.report.client\src\MyMod\crys_the_swarm_reborn.SC2Mod\原始mod\Mods\XM\XMFinal.SC2Mod\Base.SC2Data\GameData\ModelData.xml	added_or_newer_duplicate
TychusOdin_Heavens_COOP_Portrait	CModel	游戏数据/官方SC2原始文本镜像/mods/starcoop/starcoop.sc2mod/base.sc2data/gamedata/commanders/commandertychus.xml	D:\MyWork\新建文件夹\mom.report.client\src\MyMod\crys_the_swarm_reborn.SC2Mod\原始mod\Mods\XM\XMFinal.SC2Mod\Base.SC2Data\GameData\ModelData.xml	added_or_newer_duplicate
TychusOdin	CModel	游戏数据/官方SC2原始文本镜像/mods/starcoop/starcoop.sc2mod/base.sc2data/gamedata/commanders/commandertychus.xml	D:\MyWork\新建文件夹\mom.report.client\src\MyMod\crys_the_swarm_reborn.SC2Mod\原始mod\Mods\XM\XMFinal.SC2Mod\Base.SC2Data\GameData\ModelData.xml	added_or_newer_duplicate
TychusOdinDeath	CModel	游戏数据/官方SC2原始文本镜像/mods/starcoop/starcoop.sc2mod/base.sc2data/gamedata/commanders/commandertychus.xml	D:\MyWork\新建文件夹\mom.report.client\src\MyMod\crys_the_swarm_reborn.SC2Mod\原始mod\Mods\XM\XMFinal.SC2Mod\Base.SC2Data\GameData\ModelData.xml	added_or_newer_duplicate
TychusOdinDeathTimeOutAttachment	CModel	游戏数据/官方SC2原始文本镜像/mods/starcoop/starcoop.sc2mod/base.sc2data/gamedata/commanders/commandertychus.xml	D:\MyWork\新建文件夹\mom.report.client\src\MyMod\crys_the_swarm_reborn.SC2Mod\原始mod\Mods\XM\XMFinal.SC2Mod\Base.SC2Data\GameData\ModelData.xml	added_or_newer_duplicate
TychusReaper	CModel	游戏数据/官方SC2原始文本镜像/mods/starcoop/starcoop.sc2mod/base.sc2data/gamedata/commanders/commandertychus.xml	D:\MyWork\新建文件夹\mom.report.client\src\MyMod\crys_the_swarm_reborn.SC2Mod\原始mod\Mods\XM\XMFinal.SC2Mod\Base.SC2Data\GameData\ModelData.xml	added_or_newer_duplicate
TychusResearchCenterIntroDust	CModel	游戏数据/官方SC2原始文本镜像/mods/starcoop/starcoop.sc2mod/base.sc2data/gamedata/commanders/commandertychus.xml	D:\MyWork\新建文件夹\mom.report.client\src\MyMod\crys_the_swarm_reborn.SC2Mod\原始mod\Mods\XM\XMFinal.SC2Mod\Base.SC2Data\GameData\ModelData.xml	added_or_newer_duplicate
TychusSpectre	CModel	游戏数据/官方SC2原始文本镜像/mods/starcoop/starcoop.sc2mod/base.sc2data/gamedata/commanders/commandertychus.xml	D:\MyWork\新建文件夹\mom.report.client\src\MyMod\crys_the_swarm_reborn.SC2Mod\原始mod\Mods\XM\XMFinal.SC2Mod\Base.SC2Data\GameData\ModelData.xml	added_or_newer_duplicate
VoidRay_Zeratul_COOP_Death	CModel	游戏数据/官方SC2原始文本镜像/mods/starcoop/starcoop.sc2mod/base.sc2data/gamedata/commanders/futurecommanders.xml	D:\MyWork\新建文件夹\mom.report.client\src\MyMod\crys_the_swarm_reborn.SC2Mod\原始mod\Mods\XM\XMFinal.SC2Mod\Base.SC2Data\GameData\ModelData.xml	added_or_newer_duplicate
VoidRay_Zeratul_COOP_DeathRagdoll	CModel	游戏数据/官方SC2原始文本镜像/mods/starcoop/starcoop.sc2mod/base.sc2data/gamedata/commanders/futurecommanders.xml	D:\MyWork\新建文件夹\mom.report.client\src\MyMod\crys_the_swarm_reborn.SC2Mod\原始mod\Mods\XM\XMFinal.SC2Mod\Base.SC2Data\GameData\ModelData.xml	added_or_newer_duplicate
VoidRay_Zeratul_COOP_Portrait	CModel	游戏数据/官方SC2原始文本镜像/mods/starcoop/starcoop.sc2mod/base.sc2data/gamedata/commanders/futurecommanders.xml	D:\MyWork\新建文件夹\mom.report.client\src\MyMod\crys_the_swarm_reborn.SC2Mod\原始mod\Mods\XM\XMFinal.SC2Mod\Base.SC2Data\GameData\ModelData.xml	added_or_newer_duplicate
VoidRay_Zeratul_COOP	CModel	游戏数据/官方SC2原始文本镜像/mods/starcoop/starcoop.sc2mod/base.sc2data/gamedata/commanders/futurecommanders.xml	D:\MyWork\新建文件夹\mom.report.client\src\MyMod\crys_the_swarm_reborn.SC2Mod\原始mod\Mods\XM\XMFinal.SC2Mod\Base.SC2Data\GameData\ModelData.xml	added_or_newer_duplicate
VorazunShadowGuard	CModel	游戏数据/官方SC2原始文本镜像/mods/starcoop/starcoop.sc2mod/base.sc2data/gamedata/modeldata.xml	D:\MyWork\新建文件夹\mom.report.client\src\MyMod\crys_the_swarm_reborn.SC2Mod\原始mod\Mods\XM\XMFinal.SC2Mod\Base.SC2Data\GameData\ModelData.xml	added_or_newer_duplicate
ZagaraVoidCoop	CModel	游戏数据/官方SC2原始文本镜像/mods/starcoop/starcoop.sc2mod/base.sc2data/gamedata/modeldata.xml	D:\MyWork\新建文件夹\mom.report.client\src\MyMod\crys_the_swarm_reborn.SC2Mod\原始mod\Mods\XM\XMFinal.SC2Mod\Base.SC2Data\GameData\ModelData.xml	skipped_existing
ZeratulBlackHole	CModel	游戏数据/官方SC2原始文本镜像/mods/starcoop/starcoop.sc2mod/base.sc2data/gamedata/commanders/futurecommanders.xml	D:\MyWork\新建文件夹\mom.report.client\src\MyMod\crys_the_swarm_reborn.SC2Mod\原始mod\Mods\XM\XMFinal.SC2Mod\Base.SC2Data\GameData\ModelData.xml	added_or_newer_duplicate
ZeratulStasisField	CModel	游戏数据/官方SC2原始文本镜像/mods/starcoop/starcoop.sc2mod/base.sc2data/gamedata/commanders/futurecommanders.xml	D:\MyWork\新建文件夹\mom.report.client\src\MyMod\crys_the_swarm_reborn.SC2Mod\原始mod\Mods\XM\XMFinal.SC2Mod\Base.SC2Data\GameData\ModelData.xml	added_or_newer_duplicate
ZeratulStasisFieldUpgraded	CModel	游戏数据/官方SC2原始文本镜像/mods/starcoop/starcoop.sc2mod/base.sc2data/gamedata/commanders/futurecommanders.xml	D:\MyWork\新建文件夹\mom.report.client\src\MyMod\crys_the_swarm_reborn.SC2Mod\原始mod\Mods\XM\XMFinal.SC2Mod\Base.SC2Data\GameData\ModelData.xml	added_or_newer_duplicate
ZeratulStructureBarrier	CModel	游戏数据/官方SC2原始文本镜像/mods/starcoop/starcoop.sc2mod/base.sc2data/gamedata/commanders/futurecommanders.xml	D:\MyWork\新建文件夹\mom.report.client\src\MyMod\crys_the_swarm_reborn.SC2Mod\原始mod\Mods\XM\XMFinal.SC2Mod\Base.SC2Data\GameData\ModelData.xml	added_or_newer_duplicate
ZeratulSuppressionCrystal	CModel	游戏数据/官方SC2原始文本镜像/mods/starcoop/starcoop.sc2mod/base.sc2data/gamedata/commanders/futurecommanders.xml	D:\MyWork\新建文件夹\mom.report.client\src\MyMod\crys_the_swarm_reborn.SC2Mod\原始mod\Mods\XM\XMFinal.SC2Mod\Base.SC2Data\GameData\ModelData.xml	added_or_newer_duplicate
ZeratulSuppressionCrystalSuppression	CModel	游戏数据/官方SC2原始文本镜像/mods/starcoop/starcoop.sc2mod/base.sc2data/gamedata/commanders/futurecommanders.xml	D:\MyWork\新建文件夹\mom.report.client\src\MyMod\crys_the_swarm_reborn.SC2Mod\原始mod\Mods\XM\XMFinal.SC2Mod\Base.SC2Data\GameData\ModelData.xml	added_or_newer_duplicate
ZeratulSuppressionCrystalSuppressionAura	CModel	游戏数据/官方SC2原始文本镜像/mods/starcoop/starcoop.sc2mod/base.sc2data/gamedata/commanders/futurecommanders.xml	D:\MyWork\新建文件夹\mom.report.client\src\MyMod\crys_the_swarm_reborn.SC2Mod\原始mod\Mods\XM\XMFinal.SC2Mod\Base.SC2Data\GameData\ModelData.xml	added_or_newer_duplicate
ZeratulSuppressionCrystalSuppressionBuilding	CModel	游戏数据/官方SC2原始文本镜像/mods/starcoop/starcoop.sc2mod/base.sc2data/gamedata/commanders/futurecommanders.xml	D:\MyWork\新建文件夹\mom.report.client\src\MyMod\crys_the_swarm_reborn.SC2Mod\原始mod\Mods\XM\XMFinal.SC2Mod\Base.SC2Data\GameData\ModelData.xml	added_or_newer_duplicate
ZeratulTopBarWarpIn	CModel	游戏数据/官方SC2原始文本镜像/mods/starcoop/starcoop.sc2mod/base.sc2data/gamedata/commanders/futurecommanders.xml	D:\MyWork\新建文件夹\mom.report.client\src\MyMod\crys_the_swarm_reborn.SC2Mod\原始mod\Mods\XM\XMFinal.SC2Mod\Base.SC2Data\GameData\ModelData.xml	added_or_newer_duplicate
ZeratulXelNagaConstruct	CModel	游戏数据/官方SC2原始文本镜像/mods/starcoop/starcoop.sc2mod/base.sc2data/gamedata/commanders/futurecommanders.xml	D:\MyWork\新建文件夹\mom.report.client\src\MyMod\crys_the_swarm_reborn.SC2Mod\原始mod\Mods\XM\XMFinal.SC2Mod\Base.SC2Data\GameData\ModelData.xml	added_or_newer_duplicate
ZeratulXelNagaConstructCyan	CModel	游戏数据/官方SC2原始文本镜像/mods/starcoop/starcoop.sc2mod/base.sc2data/gamedata/commanders/futurecommanders.xml	D:\MyWork\新建文件夹\mom.report.client\src\MyMod\crys_the_swarm_reborn.SC2Mod\原始mod\Mods\XM\XMFinal.SC2Mod\Base.SC2Data\GameData\ModelData.xml	added_or_newer_duplicate
ZeratulXelNagaConstructCyanDeath	CModel	游戏数据/官方SC2原始文本镜像/mods/starcoop/starcoop.sc2mod/base.sc2data/gamedata/commanders/futurecommanders.xml	D:\MyWork\新建文件夹\mom.report.client\src\MyMod\crys_the_swarm_reborn.SC2Mod\原始mod\Mods\XM\XMFinal.SC2Mod\Base.SC2Data\GameData\ModelData.xml	added_or_newer_duplicate
ZeratulXelNagaConstructDeath	CModel	游戏数据/官方SC2原始文本镜像/mods/starcoop/starcoop.sc2mod/base.sc2data/gamedata/commanders/futurecommanders.xml	D:\MyWork\新建文件夹\mom.report.client\src\MyMod\crys_the_swarm_reborn.SC2Mod\原始mod\Mods\XM\XMFinal.SC2Mod\Base.SC2Data\GameData\ModelData.xml	added_or_newer_duplicate
ZeratulXelNagaConstructPsiStorm	CModel	游戏数据/官方SC2原始文本镜像/mods/starcoop/starcoop.sc2mod/base.sc2data/gamedata/commanders/futurecommanders.xml	D:\MyWork\新建文件夹\mom.report.client\src\MyMod\crys_the_swarm_reborn.SC2Mod\原始mod\Mods\XM\XMFinal.SC2Mod\Base.SC2Data\GameData\ModelData.xml	added_or_newer_duplicate
ChargedBuster	CMoverMissile	游戏数据/官方SC2原始文本镜像/mods/starcoop/starcoop.sc2mod/base.sc2data/gamedata/moverdata.xml	D:\MyWork\新建文件夹\mom.report.client\src\MyMod\crys_the_swarm_reborn.SC2Mod\原始mod\Mods\XM\XMFinal.SC2Mod\Base.SC2Data\GameData\MoverData.xml	added_or_newer_duplicate
FenixThunderousChargeCoop	CMoverMissile	游戏数据/官方SC2原始文本镜像/mods/starcoop/starcoop.sc2mod/base.sc2data/gamedata/moverdata.xml	D:\MyWork\新建文件夹\mom.report.client\src\MyMod\crys_the_swarm_reborn.SC2Mod\原始mod\Mods\XM\XMFinal.SC2Mod\Base.SC2Data\GameData\MoverData.xml	added_or_newer_duplicate
InfT	CRace	游戏数据/官方SC2原始文本镜像/mods/starcoop/starcoop.sc2mod/base.sc2data/gamedata/racedata.xml	D:\MyWork\新建文件夹\mom.report.client\src\MyMod\crys_the_swarm_reborn.SC2Mod\原始mod\Mods\XM\XMFinal.SC2Mod\Base.SC2Data\GameData\RaceData.xml	added_or_newer_duplicate
Prot	CRace	游戏数据/官方SC2原始文本镜像/mods/starcoop/starcoop.sc2mod/base.sc2data/gamedata/racedata.xml	D:\MyWork\新建文件夹\mom.report.client\src\MyMod\crys_the_swarm_reborn.SC2Mod\原始mod\Mods\XM\XMFinal.SC2Mod\Base.SC2Data\GameData\RaceData.xml	skipped_existing
PZrg	CRace	游戏数据/官方SC2原始文本镜像/mods/starcoop/starcoop.sc2mod/base.sc2data/gamedata/racedata.xml	D:\MyWork\新建文件夹\mom.report.client\src\MyMod\crys_the_swarm_reborn.SC2Mod\原始mod\Mods\XM\XMFinal.SC2Mod\Base.SC2Data\GameData\RaceData.xml	added_or_newer_duplicate
Terr	CRace	游戏数据/官方SC2原始文本镜像/mods/starcoop/starcoop.sc2mod/base.sc2data/gamedata/racedata.xml	D:\MyWork\新建文件夹\mom.report.client\src\MyMod\crys_the_swarm_reborn.SC2Mod\原始mod\Mods\XM\XMFinal.SC2Mod\Base.SC2Data\GameData\RaceData.xml	added_or_newer_duplicate
Zerg	CRace	游戏数据/官方SC2原始文本镜像/mods/starcoop/starcoop.sc2mod/base.sc2data/gamedata/racedata.xml	D:\MyWork\新建文件夹\mom.report.client\src\MyMod\crys_the_swarm_reborn.SC2Mod\原始mod\Mods\XM\XMFinal.SC2Mod\Base.SC2Data\GameData\RaceData.xml	skipped_existing
AbathurLevel03	CRequirement	游戏数据/官方SC2原始文本镜像/mods/starcoop/starcoop.sc2mod/base.sc2data/gamedata/requirementdata.xml	D:\MyWork\新建文件夹\mom.report.client\src\MyMod\crys_the_swarm_reborn.SC2Mod\原始mod\Mods\XM\XMFinal.SC2Mod\Base.SC2Data\GameData\RequirementData.xml	added_or_newer_duplicate
AlarakLevel10	CRequirement	游戏数据/官方SC2原始文本镜像/mods/starcoop/starcoop.sc2mod/base.sc2data/gamedata/requirementdata.xml	D:\MyWork\新建文件夹\mom.report.client\src\MyMod\crys_the_swarm_reborn.SC2Mod\原始mod\Mods\XM\XMFinal.SC2Mod\Base.SC2Data\GameData\RequirementData.xml	skipped_existing
ArtanisLevel02	CRequirement	游戏数据/官方SC2原始文本镜像/mods/starcoop/starcoop.sc2mod/base.sc2data/gamedata/requirementdata.xml	D:\MyWork\新建文件夹\mom.report.client\src\MyMod\crys_the_swarm_reborn.SC2Mod\原始mod\Mods\XM\XMFinal.SC2Mod\Base.SC2Data\GameData\RequirementData.xml	skipped_existing
ArtanisLevel08	CRequirement	游戏数据/官方SC2原始文本镜像/mods/starcoop/starcoop.sc2mod/base.sc2data/gamedata/requirementdata.xml	D:\MyWork\新建文件夹\mom.report.client\src\MyMod\crys_the_swarm_reborn.SC2Mod\原始mod\Mods\XM\XMFinal.SC2Mod\Base.SC2Data\GameData\RequirementData.xml	skipped_existing
ArtanisLevel10	CRequirement	游戏数据/官方SC2原始文本镜像/mods/starcoop/starcoop.sc2mod/base.sc2data/gamedata/requirementdata.xml	D:\MyWork\新建文件夹\mom.report.client\src\MyMod\crys_the_swarm_reborn.SC2Mod\原始mod\Mods\XM\XMFinal.SC2Mod\Base.SC2Data\GameData\RequirementData.xml	skipped_existing
CanBuildTychusFirebat	CRequirement	游戏数据/官方SC2原始文本镜像/mods/starcoop/starcoop.sc2mod/base.sc2data/gamedata/commanders/commandertychus.xml	D:\MyWork\新建文件夹\mom.report.client\src\MyMod\crys_the_swarm_reborn.SC2Mod\原始mod\Mods\XM\XMFinal.SC2Mod\Base.SC2Data\GameData\RequirementData.xml	added_or_newer_duplicate
CanBuildTychusGhost	CRequirement	游戏数据/官方SC2原始文本镜像/mods/starcoop/starcoop.sc2mod/base.sc2data/gamedata/commanders/commandertychus.xml	D:\MyWork\新建文件夹\mom.report.client\src\MyMod\crys_the_swarm_reborn.SC2Mod\原始mod\Mods\XM\XMFinal.SC2Mod\Base.SC2Data\GameData\RequirementData.xml	added_or_newer_duplicate
CanBuildTychusMarauder	CRequirement	游戏数据/官方SC2原始文本镜像/mods/starcoop/starcoop.sc2mod/base.sc2data/gamedata/commanders/commandertychus.xml	D:\MyWork\新建文件夹\mom.report.client\src\MyMod\crys_the_swarm_reborn.SC2Mod\原始mod\Mods\XM\XMFinal.SC2Mod\Base.SC2Data\GameData\RequirementData.xml	added_or_newer_duplicate
CanBuildTychusMedic	CRequirement	游戏数据/官方SC2原始文本镜像/mods/starcoop/starcoop.sc2mod/base.sc2data/gamedata/commanders/commandertychus.xml	D:\MyWork\新建文件夹\mom.report.client\src\MyMod\crys_the_swarm_reborn.SC2Mod\原始mod\Mods\XM\XMFinal.SC2Mod\Base.SC2Data\GameData\RequirementData.xml	added_or_newer_duplicate
CanBuildTychusReaper	CRequirement	游戏数据/官方SC2原始文本镜像/mods/starcoop/starcoop.sc2mod/base.sc2data/gamedata/commanders/commandertychus.xml	D:\MyWork\新建文件夹\mom.report.client\src\MyMod\crys_the_swarm_reborn.SC2Mod\原始mod\Mods\XM\XMFinal.SC2Mod\Base.SC2Data\GameData\RequirementData.xml	added_or_newer_duplicate
CanBuildTychusSpectre	CRequirement	游戏数据/官方SC2原始文本镜像/mods/starcoop/starcoop.sc2mod/base.sc2data/gamedata/commanders/commandertychus.xml	D:\MyWork\新建文件夹\mom.report.client\src\MyMod\crys_the_swarm_reborn.SC2Mod\原始mod\Mods\XM\XMFinal.SC2Mod\Base.SC2Data\GameData\RequirementData.xml	added_or_newer_duplicate
CommanderPrestigeAlarakDeathFleet	CRequirement	游戏数据/官方SC2原始文本镜像/mods/starcoop/starcoop.sc2mod/base.sc2data/gamedata/requirementdata.xml	D:\MyWork\新建文件夹\mom.report.client\src\MyMod\crys_the_swarm_reborn.SC2Mod\原始mod\Mods\XM\XMFinal.SC2Mod\Base.SC2Data\GameData\RequirementData.xml	skipped_existing
CommanderPrestigeAlarakEmpowerMe	CRequirement	游戏数据/官方SC2原始文本镜像/mods/starcoop/starcoop.sc2mod/base.sc2data/gamedata/requirementdata.xml	D:\MyWork\新建文件夹\mom.report.client\src\MyMod\crys_the_swarm_reborn.SC2Mod\原始mod\Mods\XM\XMFinal.SC2Mod\Base.SC2Data\GameData\RequirementData.xml	skipped_existing
CommanderPrestigeArtanisCombatAbilities	CRequirement	游戏数据/官方SC2原始文本镜像/mods/starcoop/starcoop.sc2mod/base.sc2data/gamedata/requirementdata.xml	D:\MyWork\新建文件夹\mom.report.client\src\MyMod\crys_the_swarm_reborn.SC2Mod\原始mod\Mods\XM\XMFinal.SC2Mod\Base.SC2Data\GameData\RequirementData.xml	added_or_newer_duplicate
CommanderPrestigeArtanisOrbitalStrikes	CRequirement	游戏数据/官方SC2原始文本镜像/mods/starcoop/starcoop.sc2mod/base.sc2data/gamedata/requirementdata.xml	D:\MyWork\新建文件夹\mom.report.client\src\MyMod\crys_the_swarm_reborn.SC2Mod\原始mod\Mods\XM\XMFinal.SC2Mod\Base.SC2Data\GameData\RequirementData.xml	skipped_existing
CommanderPrestigeArtanisPowerField	CRequirement	游戏数据/官方SC2原始文本镜像/mods/starcoop/starcoop.sc2mod/base.sc2data/gamedata/requirementdata.xml	D:\MyWork\新建文件夹\mom.report.client\src\MyMod\crys_the_swarm_reborn.SC2Mod\原始mod\Mods\XM\XMFinal.SC2Mod\Base.SC2Data\GameData\RequirementData.xml	added_or_newer_duplicate
CommanderPrestigeDehakaPackLeaders	CRequirement	游戏数据/官方SC2原始文本镜像/mods/starcoop/starcoop.sc2mod/base.sc2data/gamedata/requirementdata.xml	D:\MyWork\新建文件夹\mom.report.client\src\MyMod\crys_the_swarm_reborn.SC2Mod\原始mod\Mods\XM\XMFinal.SC2Mod\Base.SC2Data\GameData\RequirementData.xml	added_or_newer_duplicate
CommanderPrestigeFenixSuitSwap	CRequirement	游戏数据/官方SC2原始文本镜像/mods/starcoop/starcoop.sc2mod/base.sc2data/gamedata/requirementdata.xml	D:\MyWork\新建文件夹\mom.report.client\src\MyMod\crys_the_swarm_reborn.SC2Mod\原始mod\Mods\XM\XMFinal.SC2Mod\Base.SC2Data\GameData\RequirementData.xml	skipped_existing
CommanderPrestigeKaraxStructures	CRequirement	游戏数据/官方SC2原始文本镜像/mods/starcoop/starcoop.sc2mod/base.sc2data/gamedata/requirementdata.xml	D:\MyWork\新建文件夹\mom.report.client\src\MyMod\crys_the_swarm_reborn.SC2Mod\原始mod\Mods\XM\XMFinal.SC2Mod\Base.SC2Data\GameData\RequirementData.xml	skipped_existing
CommanderPrestigeKaraxTopBar	CRequirement	游戏数据/官方SC2原始文本镜像/mods/starcoop/starcoop.sc2mod/base.sc2data/gamedata/requirementdata.xml	D:\MyWork\新建文件夹\mom.report.client\src\MyMod\crys_the_swarm_reborn.SC2Mod\原始mod\Mods\XM\XMFinal.SC2Mod\Base.SC2Data\GameData\RequirementData.xml	skipped_existing
CommanderPrestigeKerriganAbilities	CRequirement	游戏数据/官方SC2原始文本镜像/mods/starcoop/starcoop.sc2mod/base.sc2data/gamedata/requirementdata.xml	D:\MyWork\新建文件夹\mom.report.client\src\MyMod\crys_the_swarm_reborn.SC2Mod\原始mod\Mods\XM\XMFinal.SC2Mod\Base.SC2Data\GameData\RequirementData.xml	added_or_newer_duplicate
CommanderPrestigeKerriganAssimilationAura	CRequirement	游戏数据/官方SC2原始文本镜像/mods/starcoop/starcoop.sc2mod/base.sc2data/gamedata/requirementdata.xml	D:\MyWork\新建文件夹\mom.report.client\src\MyMod\crys_the_swarm_reborn.SC2Mod\原始mod\Mods\XM\XMFinal.SC2Mod\Base.SC2Data\GameData\RequirementData.xml	skipped_existing
CommanderPrestigeMengskArtillery	CRequirement	游戏数据/官方SC2原始文本镜像/mods/starcoop/commanders/arcturusmengsk.sc2mod/base.sc2data/gamedata/requirementdata.xml	D:\MyWork\新建文件夹\mom.report.client\src\MyMod\crys_the_swarm_reborn.SC2Mod\原始mod\Mods\XM\XMFinal.SC2Mod\Base.SC2Data\GameData\RequirementData.xml	added_or_newer_duplicate
CommanderPrestigeNovaSuperCloak	CRequirement	游戏数据/官方SC2原始文本镜像/mods/starcoop/starcoop.sc2mod/base.sc2data/gamedata/requirementdata.xml	D:\MyWork\新建文件夹\mom.report.client\src\MyMod\crys_the_swarm_reborn.SC2Mod\原始mod\Mods\XM\XMFinal.SC2Mod\Base.SC2Data\GameData\RequirementData.xml	added_or_newer_duplicate
CommanderPrestigeRaynorAir	CRequirement	游戏数据/官方SC2原始文本镜像/mods/starcoop/starcoop.sc2mod/base.sc2data/gamedata/requirementdata.xml	D:\MyWork\新建文件夹\mom.report.client\src\MyMod\crys_the_swarm_reborn.SC2Mod\原始mod\Mods\XM\XMFinal.SC2Mod\Base.SC2Data\GameData\RequirementData.xml	skipped_existing
CommanderPrestigeStetmannStetellites	CRequirement	游戏数据/官方SC2原始文本镜像/mods/starcoop/commanders/egonstetmann.sc2mod/base.sc2data/gamedata/requirementdata.xml	D:\MyWork\新建文件夹\mom.report.client\src\MyMod\crys_the_swarm_reborn.SC2Mod\原始mod\Mods\XM\XMFinal.SC2Mod\Base.SC2Data\GameData\RequirementData.xml	added_or_newer_duplicate
CommanderPrestigeSwannDrill	CRequirement	游戏数据/官方SC2原始文本镜像/mods/starcoop/starcoop.sc2mod/base.sc2data/gamedata/requirementdata.xml	D:\MyWork\新建文件夹\mom.report.client\src\MyMod\crys_the_swarm_reborn.SC2Mod\原始mod\Mods\XM\XMFinal.SC2Mod\Base.SC2Data\GameData\RequirementData.xml	added_or_newer_duplicate
CommanderPrestigeTychusOdin	CRequirement	游戏数据/官方SC2原始文本镜像/mods/starcoop/starcoop.sc2mod/base.sc2data/gamedata/requirementdata.xml	D:\MyWork\新建文件夹\mom.report.client\src\MyMod\crys_the_swarm_reborn.SC2Mod\原始mod\Mods\XM\XMFinal.SC2Mod\Base.SC2Data\GameData\RequirementData.xml	added_or_newer_duplicate
CommanderPrestigeVorazunEmergencyRecall	CRequirement	游戏数据/官方SC2原始文本镜像/mods/starcoop/starcoop.sc2mod/base.sc2data/gamedata/requirementdata.xml	D:\MyWork\新建文件夹\mom.report.client\src\MyMod\crys_the_swarm_reborn.SC2Mod\原始mod\Mods\XM\XMFinal.SC2Mod\Base.SC2Data\GameData\RequirementData.xml	skipped_existing
CommanderPrestigeVorazunTimeStop	CRequirement	游戏数据/官方SC2原始文本镜像/mods/starcoop/starcoop.sc2mod/base.sc2data/gamedata/requirementdata.xml	D:\MyWork\新建文件夹\mom.report.client\src\MyMod\crys_the_swarm_reborn.SC2Mod\原始mod\Mods\XM\XMFinal.SC2Mod\Base.SC2Data\GameData\RequirementData.xml	skipped_existing
CommanderPrestigeZagaraMaxSupply	CRequirement	游戏数据/官方SC2原始文本镜像/mods/starcoop/starcoop.sc2mod/base.sc2data/gamedata/requirementdata.xml	D:\MyWork\新建文件夹\mom.report.client\src\MyMod\crys_the_swarm_reborn.SC2Mod\原始mod\Mods\XM\XMFinal.SC2Mod\Base.SC2Data\GameData\RequirementData.xml	added_or_newer_duplicate
CommanderPrestigeZagaraZagara	CRequirement	游戏数据/官方SC2原始文本镜像/mods/starcoop/starcoop.sc2mod/base.sc2data/gamedata/requirementdata.xml	D:\MyWork\新建文件夹\mom.report.client\src\MyMod\crys_the_swarm_reborn.SC2Mod\原始mod\Mods\XM\XMFinal.SC2Mod\Base.SC2Data\GameData\RequirementData.xml	added_or_newer_duplicate
DehakaLevel04	CRequirement	游戏数据/官方SC2原始文本镜像/mods/starcoop/starcoop.sc2mod/base.sc2data/gamedata/requirementdata.xml	D:\MyWork\新建文件夹\mom.report.client\src\MyMod\crys_the_swarm_reborn.SC2Mod\原始mod\Mods\XM\XMFinal.SC2Mod\Base.SC2Data\GameData\RequirementData.xml	skipped_existing
DehakaLevel10	CRequirement	游戏数据/官方SC2原始文本镜像/mods/starcoop/starcoop.sc2mod/base.sc2data/gamedata/requirementdata.xml	D:\MyWork\新建文件夹\mom.report.client\src\MyMod\crys_the_swarm_reborn.SC2Mod\原始mod\Mods\XM\XMFinal.SC2Mod\Base.SC2Data\GameData\RequirementData.xml	skipped_existing
DehakaSummonDakrun	CRequirement	游戏数据/官方SC2原始文本镜像/mods/starcoop/starcoop.sc2mod/base.sc2data/gamedata/requirementdata.xml	D:\MyWork\新建文件夹\mom.report.client\src\MyMod\crys_the_swarm_reborn.SC2Mod\原始mod\Mods\XM\XMFinal.SC2Mod\Base.SC2Data\GameData\RequirementData.xml	added_or_newer_duplicate
DehakaSummonGlevig	CRequirement	游戏数据/官方SC2原始文本镜像/mods/starcoop/starcoop.sc2mod/base.sc2data/gamedata/requirementdata.xml	D:\MyWork\新建文件夹\mom.report.client\src\MyMod\crys_the_swarm_reborn.SC2Mod\原始mod\Mods\XM\XMFinal.SC2Mod\Base.SC2Data\GameData\RequirementData.xml	added_or_newer_duplicate
DehakaSummonMurvar	CRequirement	游戏数据/官方SC2原始文本镜像/mods/starcoop/starcoop.sc2mod/base.sc2data/gamedata/requirementdata.xml	D:\MyWork\新建文件夹\mom.report.client\src\MyMod\crys_the_swarm_reborn.SC2Mod\原始mod\Mods\XM\XMFinal.SC2Mod\Base.SC2Data\GameData\RequirementData.xml	added_or_newer_duplicate
FenixLevel03	CRequirement	游戏数据/官方SC2原始文本镜像/mods/starcoop/starcoop.sc2mod/base.sc2data/gamedata/requirementdata.xml	D:\MyWork\新建文件夹\mom.report.client\src\MyMod\crys_the_swarm_reborn.SC2Mod\原始mod\Mods\XM\XMFinal.SC2Mod\Base.SC2Data\GameData\RequirementData.xml	skipped_existing
GlevigLairCheck	CRequirement	游戏数据/官方SC2原始文本镜像/mods/starcoop/starcoop.sc2mod/base.sc2data/gamedata/requirementdata.xml	D:\MyWork\新建文件夹\mom.report.client\src\MyMod\crys_the_swarm_reborn.SC2Mod\原始mod\Mods\XM\XMFinal.SC2Mod\Base.SC2Data\GameData\RequirementData.xml	added_or_newer_duplicate
HasMengskZergCalldownLevel2On	CRequirement	游戏数据/官方SC2原始文本镜像/mods/starcoop/commanders/arcturusmengsk.sc2mod/base.sc2data/gamedata/requirementdata.xml	D:\MyWork\新建文件夹\mom.report.client\src\MyMod\crys_the_swarm_reborn.SC2Mod\原始mod\Mods\XM\XMFinal.SC2Mod\Base.SC2Data\GameData\RequirementData.xml	added_or_newer_duplicate
HasMengskZergCalldownLevel3On	CRequirement	游戏数据/官方SC2原始文本镜像/mods/starcoop/commanders/arcturusmengsk.sc2mod/base.sc2data/gamedata/requirementdata.xml	D:\MyWork\新建文件夹\mom.report.client\src\MyMod\crys_the_swarm_reborn.SC2Mod\原始mod\Mods\XM\XMFinal.SC2Mod\Base.SC2Data\GameData\RequirementData.xml	added_or_newer_duplicate
HasMengskZergCalldownLevel4On	CRequirement	游戏数据/官方SC2原始文本镜像/mods/starcoop/commanders/arcturusmengsk.sc2mod/base.sc2data/gamedata/requirementdata.xml	D:\MyWork\新建文件夹\mom.report.client\src\MyMod\crys_the_swarm_reborn.SC2Mod\原始mod\Mods\XM\XMFinal.SC2Mod\Base.SC2Data\GameData\RequirementData.xml	added_or_newer_duplicate
HaveAbathurCommander	CRequirement	游戏数据/官方SC2原始文本镜像/mods/starcoop/starcoop.sc2mod/base.sc2data/gamedata/requirementdata.xml	D:\MyWork\新建文件夹\mom.report.client\src\MyMod\crys_the_swarm_reborn.SC2Mod\原始mod\Mods\XM\XMFinal.SC2Mod\Base.SC2Data\GameData\RequirementData.xml	added_or_newer_duplicate
HaveAlarakCommander	CRequirement	游戏数据/官方SC2原始文本镜像/mods/starcoop/starcoop.sc2mod/base.sc2data/gamedata/requirementdata.xml	D:\MyWork\新建文件夹\mom.report.client\src\MyMod\crys_the_swarm_reborn.SC2Mod\原始mod\Mods\XM\XMFinal.SC2Mod\Base.SC2Data\GameData\RequirementData.xml	added_or_newer_duplicate
HaveAlarakImprovedOvercharge	CRequirement	游戏数据/官方SC2原始文本镜像/mods/starcoop/starcoop.sc2mod/base.sc2data/gamedata/requirementdata.xml	D:\MyWork\新建文件夹\mom.report.client\src\MyMod\crys_the_swarm_reborn.SC2Mod\原始mod\Mods\XM\XMFinal.SC2Mod\Base.SC2Data\GameData\RequirementData.xml	skipped_existing
HaveArtilleryMengsk	CRequirement	游戏数据/官方SC2原始文本镜像/mods/starcoop/commanders/arcturusmengsk.sc2mod/base.sc2data/gamedata/requirementdata.xml	D:\MyWork\新建文件夹\mom.report.client\src\MyMod\crys_the_swarm_reborn.SC2Mod\原始mod\Mods\XM\XMFinal.SC2Mod\Base.SC2Data\GameData\RequirementData.xml	added_or_newer_duplicate
HaveBansheePermaCloak	CRequirement	游戏数据/官方SC2原始文本镜像/mods/starcoop/starcoop.sc2mod/base.sc2data/gamedata/requirementdata.xml	D:\MyWork\新建文件夹\mom.report.client\src\MyMod\crys_the_swarm_reborn.SC2Mod\原始mod\Mods\XM\XMFinal.SC2Mod\Base.SC2Data\GameData\RequirementData.xml	skipped_existing
HaveBunkerDepotMengskRange	CRequirement	游戏数据/官方SC2原始文本镜像/mods/starcoop/commanders/arcturusmengsk.sc2mod/base.sc2data/gamedata/requirementdata.xml	D:\MyWork\新建文件夹\mom.report.client\src\MyMod\crys_the_swarm_reborn.SC2Mod\原始mod\Mods\XM\XMFinal.SC2Mod\Base.SC2Data\GameData\RequirementData.xml	added_or_newer_duplicate
HaveDehakaGlevigStructure	CRequirement	游戏数据/官方SC2原始文本镜像/mods/starcoop/starcoop.sc2mod/base.sc2data/gamedata/requirementdata.xml	D:\MyWork\新建文件夹\mom.report.client\src\MyMod\crys_the_swarm_reborn.SC2Mod\原始mod\Mods\XM\XMFinal.SC2Mod\Base.SC2Data\GameData\RequirementData.xml	added_or_newer_duplicate
HaveFenixArbiterSoAPassive	CRequirement	游戏数据/官方SC2原始文本镜像/mods/starcoop/starcoop.sc2mod/base.sc2data/gamedata/requirementdata.xml	D:\MyWork\新建文件夹\mom.report.client\src\MyMod\crys_the_swarm_reborn.SC2Mod\原始mod\Mods\XM\XMFinal.SC2Mod\Base.SC2Data\GameData\RequirementData.xml	skipped_existing
HaveFenixDragoonSoAPassive	CRequirement	游戏数据/官方SC2原始文本镜像/mods/starcoop/starcoop.sc2mod/base.sc2data/gamedata/requirementdata.xml	D:\MyWork\新建文件夹\mom.report.client\src\MyMod\crys_the_swarm_reborn.SC2Mod\原始mod\Mods\XM\XMFinal.SC2Mod\Base.SC2Data\GameData\RequirementData.xml	skipped_existing
HaveFenixSoAPassive	CRequirement	游戏数据/官方SC2原始文本镜像/mods/starcoop/starcoop.sc2mod/base.sc2data/gamedata/requirementdata.xml	D:\MyWork\新建文件夹\mom.report.client\src\MyMod\crys_the_swarm_reborn.SC2Mod\原始mod\Mods\XM\XMFinal.SC2Mod\Base.SC2Data\GameData\RequirementData.xml	skipped_existing
HaveHealingPsionicStorm	CRequirement	游戏数据/官方SC2原始文本镜像/mods/starcoop/starcoop.sc2mod/base.sc2data/gamedata/requirementdata.xml	D:\MyWork\新建文件夹\mom.report.client\src\MyMod\crys_the_swarm_reborn.SC2Mod\原始mod\Mods\XM\XMFinal.SC2Mod\Base.SC2Data\GameData\RequirementData.xml	skipped_existing
HaveHighTemplarEnergyUpgrade	CRequirement	游戏数据/官方SC2原始文本镜像/mods/starcoop/starcoop.sc2mod/base.sc2data/gamedata/requirementdata.xml	D:\MyWork\新建文件夹\mom.report.client\src\MyMod\crys_the_swarm_reborn.SC2Mod\原始mod\Mods\XM\XMFinal.SC2Mod\Base.SC2Data\GameData\RequirementData.xml	skipped_existing
HaveK5ChainLightning	CRequirement	游戏数据/官方SC2原始文本镜像/mods/starcoop/starcoop.sc2mod/base.sc2data/gamedata/requirementdata.xml	D:\MyWork\新建文件夹\mom.report.client\src\MyMod\crys_the_swarm_reborn.SC2Mod\原始mod\Mods\XM\XMFinal.SC2Mod\Base.SC2Data\GameData\RequirementData.xml	skipped_existing
HaveK5Cooldowns	CRequirement	游戏数据/官方SC2原始文本镜像/mods/starcoop/starcoop.sc2mod/base.sc2data/gamedata/requirementdata.xml	D:\MyWork\新建文件夹\mom.report.client\src\MyMod\crys_the_swarm_reborn.SC2Mod\原始mod\Mods\XM\XMFinal.SC2Mod\Base.SC2Data\GameData\RequirementData.xml	skipped_existing
HaveKaraxExtendedThermalLance	CRequirement	游戏数据/官方SC2原始文本镜像/mods/starcoop/starcoop.sc2mod/base.sc2data/gamedata/requirementdata.xml	D:\MyWork\新建文件夹\mom.report.client\src\MyMod\crys_the_swarm_reborn.SC2Mod\原始mod\Mods\XM\XMFinal.SC2Mod\Base.SC2Data\GameData\RequirementData.xml	skipped_existing
HaveKaraxSOAChronoPassive	CRequirement	游戏数据/官方SC2原始文本镜像/mods/starcoop/starcoop.sc2mod/base.sc2data/gamedata/requirementdata.xml	D:\MyWork\新建文件夹\mom.report.client\src\MyMod\crys_the_swarm_reborn.SC2Mod\原始mod\Mods\XM\XMFinal.SC2Mod\Base.SC2Data\GameData\RequirementData.xml	skipped_existing
HaveKaraxTurretAttackSpeed	CRequirement	游戏数据/官方SC2原始文本镜像/mods/starcoop/starcoop.sc2mod/base.sc2data/gamedata/requirementdata.xml	D:\MyWork\新建文件夹\mom.report.client\src\MyMod\crys_the_swarm_reborn.SC2Mod\原始mod\Mods\XM\XMFinal.SC2Mod\Base.SC2Data\GameData\RequirementData.xml	skipped_existing
HaveKaraxTurretRange	CRequirement	游戏数据/官方SC2原始文本镜像/mods/starcoop/starcoop.sc2mod/base.sc2data/gamedata/requirementdata.xml	D:\MyWork\新建文件夹\mom.report.client\src\MyMod\crys_the_swarm_reborn.SC2Mod\原始mod\Mods\XM\XMFinal.SC2Mod\Base.SC2Data\GameData\RequirementData.xml	skipped_existing
HaveKerriganVoidCoopEnergyRegen	CRequirement	游戏数据/官方SC2原始文本镜像/mods/starcoop/starcoop.sc2mod/base.sc2data/gamedata/requirementdata.xml	D:\MyWork\新建文件夹\mom.report.client\src\MyMod\crys_the_swarm_reborn.SC2Mod\原始mod\Mods\XM\XMFinal.SC2Mod\Base.SC2Data\GameData\RequirementData.xml	skipped_existing
HaveLaserDrill	CRequirement	游戏数据/官方SC2原始文本镜像/mods/starcoop/starcoop.sc2mod/base.sc2data/gamedata/requirementdata.xml	D:\MyWork\新建文件夹\mom.report.client\src\MyMod\crys_the_swarm_reborn.SC2Mod\原始mod\Mods\XM\XMFinal.SC2Mod\Base.SC2Data\GameData\RequirementData.xml	added_or_newer_duplicate
HaveLaserDrillBFG	CRequirement	游戏数据/官方SC2原始文本镜像/mods/starcoop/starcoop.sc2mod/base.sc2data/gamedata/requirementdata.xml	D:\MyWork\新建文件夹\mom.report.client\src\MyMod\crys_the_swarm_reborn.SC2Mod\原始mod\Mods\XM\XMFinal.SC2Mod\Base.SC2Data\GameData\RequirementData.xml	added_or_newer_duplicate
HaveLaserDrillNuke	CRequirement	游戏数据/官方SC2原始文本镜像/mods/starcoop/starcoop.sc2mod/base.sc2data/gamedata/requirementdata.xml	D:\MyWork\新建文件夹\mom.report.client\src\MyMod\crys_the_swarm_reborn.SC2Mod\原始mod\Mods\XM\XMFinal.SC2Mod\Base.SC2Data\GameData\RequirementData.xml	added_or_newer_duplicate
HaveLegendaryLegionAbilities	CRequirement	游戏数据/官方SC2原始文本镜像/mods/starcoop/starcoop.sc2mod/base.sc2data/gamedata/commanders/futurecommanders.xml	D:\MyWork\新建文件夹\mom.report.client\src\MyMod\crys_the_swarm_reborn.SC2Mod\原始mod\Mods\XM\XMFinal.SC2Mod\Base.SC2Data\GameData\RequirementData.xml	added_or_newer_duplicate
HaveMasteryAbathurMendHeal	CRequirement	游戏数据/官方SC2原始文本镜像/mods/starcoop/starcoop.sc2mod/base.sc2data/gamedata/requirementdata.xml	D:\MyWork\新建文件夹\mom.report.client\src\MyMod\crys_the_swarm_reborn.SC2Mod\原始mod\Mods\XM\XMFinal.SC2Mod\Base.SC2Data\GameData\RequirementData.xml	added_or_newer_duplicate
HaveMasteryAbathurToxicNestChargeCount	CRequirement	游戏数据/官方SC2原始文本镜像/mods/starcoop/starcoop.sc2mod/base.sc2data/gamedata/requirementdata.xml	D:\MyWork\新建文件夹\mom.report.client\src\MyMod\crys_the_swarm_reborn.SC2Mod\原始mod\Mods\XM\XMFinal.SC2Mod\Base.SC2Data\GameData\RequirementData.xml	added_or_newer_duplicate
HaveMasteryAbathurToxicNestRespawn	CRequirement	游戏数据/官方SC2原始文本镜像/mods/starcoop/starcoop.sc2mod/base.sc2data/gamedata/requirementdata.xml	D:\MyWork\新建文件夹\mom.report.client\src\MyMod\crys_the_swarm_reborn.SC2Mod\原始mod\Mods\XM\XMFinal.SC2Mod\Base.SC2Data\GameData\RequirementData.xml	added_or_newer_duplicate
HaveMasteryAlarakDeathfleetCooldown	CRequirement	游戏数据/官方SC2原始文本镜像/mods/starcoop/starcoop.sc2mod/base.sc2data/gamedata/requirementdata.xml	D:\MyWork\新建文件夹\mom.report.client\src\MyMod\crys_the_swarm_reborn.SC2Mod\原始mod\Mods\XM\XMFinal.SC2Mod\Base.SC2Data\GameData\RequirementData.xml	skipped_existing
HaveMasteryAlarakOverchargeShieldsDamage	CRequirement	游戏数据/官方SC2原始文本镜像/mods/starcoop/starcoop.sc2mod/base.sc2data/gamedata/requirementdata.xml	D:\MyWork\新建文件夹\mom.report.client\src\MyMod\crys_the_swarm_reborn.SC2Mod\原始mod\Mods\XM\XMFinal.SC2Mod\Base.SC2Data\GameData\RequirementData.xml	skipped_existing
HaveMasteryArtanisGuardianShellHeal	CRequirement	游戏数据/官方SC2原始文本镜像/mods/starcoop/starcoop.sc2mod/base.sc2data/gamedata/requirementdata.xml	D:\MyWork\新建文件夹\mom.report.client\src\MyMod\crys_the_swarm_reborn.SC2Mod\原始mod\Mods\XM\XMFinal.SC2Mod\Base.SC2Data\GameData\RequirementData.xml	added_or_newer_duplicate
HaveMasteryArtanisShieldOverchargeCDR	CRequirement	游戏数据/官方SC2原始文本镜像/mods/starcoop/starcoop.sc2mod/base.sc2data/gamedata/requirementdata.xml	D:\MyWork\新建文件夹\mom.report.client\src\MyMod\crys_the_swarm_reborn.SC2Mod\原始mod\Mods\XM\XMFinal.SC2Mod\Base.SC2Data\GameData\RequirementData.xml	added_or_newer_duplicate
HaveMasteryArtanisShieldOverchargeDurationandStrength	CRequirement	游戏数据/官方SC2原始文本镜像/mods/starcoop/starcoop.sc2mod/base.sc2data/gamedata/requirementdata.xml	D:\MyWork\新建文件夹\mom.report.client\src\MyMod\crys_the_swarm_reborn.SC2Mod\原始mod\Mods\XM\XMFinal.SC2Mod\Base.SC2Data\GameData\RequirementData.xml	added_or_newer_duplicate
HaveMasteryArtanisSoAPowerFieldWarpInHaste	CRequirement	游戏数据/官方SC2原始文本镜像/mods/starcoop/starcoop.sc2mod/base.sc2data/gamedata/requirementdata.xml	D:\MyWork\新建文件夹\mom.report.client\src\MyMod\crys_the_swarm_reborn.SC2Mod\原始mod\Mods\XM\XMFinal.SC2Mod\Base.SC2Data\GameData\RequirementData.xml	added_or_newer_duplicate
HaveMasteryDehakaBossTimedLife	CRequirement	游戏数据/官方SC2原始文本镜像/mods/starcoop/starcoop.sc2mod/base.sc2data/gamedata/requirementdata.xml	D:\MyWork\新建文件夹\mom.report.client\src\MyMod\crys_the_swarm_reborn.SC2Mod\原始mod\Mods\XM\XMFinal.SC2Mod\Base.SC2Data\GameData\RequirementData.xml	added_or_newer_duplicate
HaveMasteryDehakaPrimalWurmCDR	CRequirement	游戏数据/官方SC2原始文本镜像/mods/starcoop/starcoop.sc2mod/base.sc2data/gamedata/requirementdata.xml	D:\MyWork\新建文件夹\mom.report.client\src\MyMod\crys_the_swarm_reborn.SC2Mod\原始mod\Mods\XM\XMFinal.SC2Mod\Base.SC2Data\GameData\RequirementData.xml	added_or_newer_duplicate
HaveMasteryFenixSuitAttackSpeed	CRequirement	游戏数据/官方SC2原始文本镜像/mods/starcoop/starcoop.sc2mod/base.sc2data/gamedata/requirementdata.xml	D:\MyWork\新建文件夹\mom.report.client\src\MyMod\crys_the_swarm_reborn.SC2Mod\原始mod\Mods\XM\XMFinal.SC2Mod\Base.SC2Data\GameData\RequirementData.xml	skipped_existing
HaveMasteryFenixSuitEnergyRegen	CRequirement	游戏数据/官方SC2原始文本镜像/mods/starcoop/starcoop.sc2mod/base.sc2data/gamedata/requirementdata.xml	D:\MyWork\新建文件夹\mom.report.client\src\MyMod\crys_the_swarm_reborn.SC2Mod\原始mod\Mods\XM\XMFinal.SC2Mod\Base.SC2Data\GameData\RequirementData.xml	skipped_existing
HaveMasteryHornerAirStrikeDistance	CRequirement	游戏数据/官方SC2原始文本镜像/mods/starcoop/starcoop.sc2mod/base.sc2data/gamedata/requirementdata.xml	D:\MyWork\新建文件夹\mom.report.client\src\MyMod\crys_the_swarm_reborn.SC2Mod\原始mod\Mods\XM\XMFinal.SC2Mod\Base.SC2Data\GameData\RequirementData.xml	added_or_newer_duplicate
HaveMasteryHornerBomberRadius	CRequirement	游戏数据/官方SC2原始文本镜像/mods/starcoop/starcoop.sc2mod/base.sc2data/gamedata/requirementdata.xml	D:\MyWork\新建文件夹\mom.report.client\src\MyMod\crys_the_swarm_reborn.SC2Mod\原始mod\Mods\XM\XMFinal.SC2Mod\Base.SC2Data\GameData\RequirementData.xml	added_or_newer_duplicate
HaveMasteryHornerMagMineUpgrades	CRequirement	游戏数据/官方SC2原始文本镜像/mods/starcoop/starcoop.sc2mod/base.sc2data/gamedata/requirementdata.xml	D:\MyWork\新建文件夹\mom.report.client\src\MyMod\crys_the_swarm_reborn.SC2Mod\原始mod\Mods\XM\XMFinal.SC2Mod\Base.SC2Data\GameData\RequirementData.xml	added_or_newer_duplicate
HaveMasteryKaraxRepairBeamHeal	CRequirement	游戏数据/官方SC2原始文本镜像/mods/starcoop/starcoop.sc2mod/base.sc2data/gamedata/requirementdata.xml	D:\MyWork\新建文件夹\mom.report.client\src\MyMod\crys_the_swarm_reborn.SC2Mod\原始mod\Mods\XM\XMFinal.SC2Mod\Base.SC2Data\GameData\RequirementData.xml	added_or_newer_duplicate
HaveMasteryKaraxSOAEnergyRegenSuperChrono	CRequirement	游戏数据/官方SC2原始文本镜像/mods/starcoop/starcoop.sc2mod/base.sc2data/gamedata/requirementdata.xml	D:\MyWork\新建文件夹\mom.report.client\src\MyMod\crys_the_swarm_reborn.SC2Mod\原始mod\Mods\XM\XMFinal.SC2Mod\Base.SC2Data\GameData\RequirementData.xml	added_or_newer_duplicate
HaveMasteryKaraxUnitCost	CRequirement	游戏数据/官方SC2原始文本镜像/mods/starcoop/starcoop.sc2mod/base.sc2data/gamedata/requirementdata.xml	D:\MyWork\新建文件夹\mom.report.client\src\MyMod\crys_the_swarm_reborn.SC2Mod\原始mod\Mods\XM\XMFinal.SC2Mod\Base.SC2Data\GameData\RequirementData.xml	added_or_newer_duplicate
HaveMasteryKerriganAssimilatrionAuraDuration	CRequirement	游戏数据/官方SC2原始文本镜像/mods/starcoop/starcoop.sc2mod/base.sc2data/gamedata/requirementdata.xml	D:\MyWork\新建文件夹\mom.report.client\src\MyMod\crys_the_swarm_reborn.SC2Mod\原始mod\Mods\XM\XMFinal.SC2Mod\Base.SC2Data\GameData\RequirementData.xml	added_or_newer_duplicate
HaveMasteryKerriganAutoAttackDamage	CRequirement	游戏数据/官方SC2原始文本镜像/mods/starcoop/starcoop.sc2mod/base.sc2data/gamedata/requirementdata.xml	D:\MyWork\新建文件夹\mom.report.client\src\MyMod\crys_the_swarm_reborn.SC2Mod\原始mod\Mods\XM\XMFinal.SC2Mod\Base.SC2Data\GameData\RequirementData.xml	added_or_newer_duplicate
HaveMasteryKerriganCocoonTimer	CRequirement	游戏数据/官方SC2原始文本镜像/mods/starcoop/starcoop.sc2mod/base.sc2data/gamedata/requirementdata.xml	D:\MyWork\新建文件夹\mom.report.client\src\MyMod\crys_the_swarm_reborn.SC2Mod\原始mod\Mods\XM\XMFinal.SC2Mod\Base.SC2Data\GameData\RequirementData.xml	added_or_newer_duplicate
HaveMasteryKerriganEnergyRegen	CRequirement	游戏数据/官方SC2原始文本镜像/mods/starcoop/starcoop.sc2mod/base.sc2data/gamedata/requirementdata.xml	D:\MyWork\新建文件夹\mom.report.client\src\MyMod\crys_the_swarm_reborn.SC2Mod\原始mod\Mods\XM\XMFinal.SC2Mod\Base.SC2Data\GameData\RequirementData.xml	added_or_newer_duplicate
HaveMasteryKerriganImmobilizationWaveDamage	CRequirement	游戏数据/官方SC2原始文本镜像/mods/starcoop/starcoop.sc2mod/base.sc2data/gamedata/requirementdata.xml	D:\MyWork\新建文件夹\mom.report.client\src\MyMod\crys_the_swarm_reborn.SC2Mod\原始mod\Mods\XM\XMFinal.SC2Mod\Base.SC2Data\GameData\RequirementData.xml	skipped_existing
HaveMasteryKerriganMutatingCarapaceLifeDegradation	CRequirement	游戏数据/官方SC2原始文本镜像/mods/starcoop/starcoop.sc2mod/base.sc2data/gamedata/requirementdata.xml	D:\MyWork\新建文件夹\mom.report.client\src\MyMod\crys_the_swarm_reborn.SC2Mod\原始mod\Mods\XM\XMFinal.SC2Mod\Base.SC2Data\GameData\RequirementData.xml	added_or_newer_duplicate
HaveMasteryKerriganPrimarySpeedDamage	CRequirement	游戏数据/官方SC2原始文本镜像/mods/starcoop/starcoop.sc2mod/base.sc2data/gamedata/requirementdata.xml	D:\MyWork\新建文件夹\mom.report.client\src\MyMod\crys_the_swarm_reborn.SC2Mod\原始mod\Mods\XM\XMFinal.SC2Mod\Base.SC2Data\GameData\RequirementData.xml	added_or_newer_duplicate
HaveMasteryMengskTopPanelPower	CRequirement	游戏数据/官方SC2原始文本镜像/mods/starcoop/commanders/arcturusmengsk.sc2mod/base.sc2data/gamedata/requirementdata.xml	D:\MyWork\新建文件夹\mom.report.client\src\MyMod\crys_the_swarm_reborn.SC2Mod\原始mod\Mods\XM\XMFinal.SC2Mod\Base.SC2Data\GameData\RequirementData.xml	added_or_newer_duplicate
HaveMasteryNovaGriffinCost	CRequirement	游戏数据/官方SC2原始文本镜像/mods/starcoop/starcoop.sc2mod/base.sc2data/gamedata/requirementdata.xml	D:\MyWork\新建文件夹\mom.report.client\src\MyMod\crys_the_swarm_reborn.SC2Mod\原始mod\Mods\XM\XMFinal.SC2Mod\Base.SC2Data\GameData\RequirementData.xml	added_or_newer_duplicate
HaveMasteryNovaNukeAndHoloDecoyCooldown	CRequirement	游戏数据/官方SC2原始文本镜像/mods/starcoop/starcoop.sc2mod/base.sc2data/gamedata/requirementdata.xml	D:\MyWork\新建文件夹\mom.report.client\src\MyMod\crys_the_swarm_reborn.SC2Mod\原始mod\Mods\XM\XMFinal.SC2Mod\Base.SC2Data\GameData\RequirementData.xml	added_or_newer_duplicate
HaveMasteryRaynorBansheeCooldown	CRequirement	游戏数据/官方SC2原始文本镜像/mods/starcoop/starcoop.sc2mod/base.sc2data/gamedata/requirementdata.xml	D:\MyWork\新建文件夹\mom.report.client\src\MyMod\crys_the_swarm_reborn.SC2Mod\原始mod\Mods\XM\XMFinal.SC2Mod\Base.SC2Data\GameData\RequirementData.xml	skipped_existing
HaveMasteryRaynorHyperionCooldown	CRequirement	游戏数据/官方SC2原始文本镜像/mods/starcoop/starcoop.sc2mod/base.sc2data/gamedata/requirementdata.xml	D:\MyWork\新建文件夹\mom.report.client\src\MyMod\crys_the_swarm_reborn.SC2Mod\原始mod\Mods\XM\XMFinal.SC2Mod\Base.SC2Data\GameData\RequirementData.xml	skipped_existing
HaveMasteryStetmannDeployStetelliteCooldown	CRequirement	游戏数据/官方SC2原始文本镜像/mods/starcoop/commanders/egonstetmann.sc2mod/base.sc2data/gamedata/requirementdata.xml	D:\MyWork\新建文件夹\mom.report.client\src\MyMod\crys_the_swarm_reborn.SC2Mod\原始mod\Mods\XM\XMFinal.SC2Mod\Base.SC2Data\GameData\RequirementData.xml	added_or_newer_duplicate
HaveMasteryStetmannStetzoneBonuses	CRequirement	游戏数据/官方SC2原始文本镜像/mods/starcoop/commanders/egonstetmann.sc2mod/base.sc2data/gamedata/requirementdata.xml	D:\MyWork\新建文件夹\mom.report.client\src\MyMod\crys_the_swarm_reborn.SC2Mod\原始mod\Mods\XM\XMFinal.SC2Mod\Base.SC2Data\GameData\RequirementData.xml	added_or_newer_duplicate
HaveMasteryStukovAleksanderCDR	CRequirement	游戏数据/官方SC2原始文本镜像/mods/starcoop/starcoop.sc2mod/base.sc2data/gamedata/requirementdata.xml	D:\MyWork\新建文件夹\mom.report.client\src\MyMod\crys_the_swarm_reborn.SC2Mod\原始mod\Mods\XM\XMFinal.SC2Mod\Base.SC2Data\GameData\RequirementData.xml	added_or_newer_duplicate
HaveMasteryStukovApocaliskCDR	CRequirement	游戏数据/官方SC2原始文本镜像/mods/starcoop/starcoop.sc2mod/base.sc2data/gamedata/requirementdata.xml	D:\MyWork\新建文件夹\mom.report.client\src\MyMod\crys_the_swarm_reborn.SC2Mod\原始mod\Mods\XM\XMFinal.SC2Mod\Base.SC2Data\GameData\RequirementData.xml	added_or_newer_duplicate
HaveMasteryStukovInfestStructureCDR	CRequirement	游戏数据/官方SC2原始文本镜像/mods/starcoop/starcoop.sc2mod/base.sc2data/gamedata/requirementdata.xml	D:\MyWork\新建文件夹\mom.report.client\src\MyMod\crys_the_swarm_reborn.SC2Mod\原始mod\Mods\XM\XMFinal.SC2Mod\Base.SC2Data\GameData\RequirementData.xml	added_or_newer_duplicate
HaveMasterySwannCombatDrop	CRequirement	游戏数据/官方SC2原始文本镜像/mods/starcoop/starcoop.sc2mod/base.sc2data/gamedata/requirementdata.xml	D:\MyWork\新建文件夹\mom.report.client\src\MyMod\crys_the_swarm_reborn.SC2Mod\原始mod\Mods\XM\XMFinal.SC2Mod\Base.SC2Data\GameData\RequirementData.xml	added_or_newer_duplicate
HaveMasterySwannConcentratedBeam	CRequirement	游戏数据/官方SC2原始文本镜像/mods/starcoop/starcoop.sc2mod/base.sc2data/gamedata/requirementdata.xml	D:\MyWork\新建文件夹\mom.report.client\src\MyMod\crys_the_swarm_reborn.SC2Mod\原始mod\Mods\XM\XMFinal.SC2Mod\Base.SC2Data\GameData\RequirementData.xml	added_or_newer_duplicate
HaveMasterySwannLaserDrillBuildTime	CRequirement	游戏数据/官方SC2原始文本镜像/mods/starcoop/starcoop.sc2mod/base.sc2data/gamedata/requirementdata.xml	D:\MyWork\新建文件夹\mom.report.client\src\MyMod\crys_the_swarm_reborn.SC2Mod\原始mod\Mods\XM\XMFinal.SC2Mod\Base.SC2Data\GameData\RequirementData.xml	added_or_newer_duplicate
HaveMasteryTychusGrenadeCooldown	CRequirement	游戏数据/官方SC2原始文本镜像/mods/starcoop/starcoop.sc2mod/base.sc2data/gamedata/commanders/commandertychus.xml	D:\MyWork\新建文件夹\mom.report.client\src\MyMod\crys_the_swarm_reborn.SC2Mod\原始mod\Mods\XM\XMFinal.SC2Mod\Base.SC2Data\GameData\RequirementData.xml	added_or_newer_duplicate
HaveMasteryTychusMedivacHealingIncrease	CRequirement	游戏数据/官方SC2原始文本镜像/mods/starcoop/starcoop.sc2mod/base.sc2data/gamedata/commanders/commandertychus.xml	D:\MyWork\新建文件夹\mom.report.client\src\MyMod\crys_the_swarm_reborn.SC2Mod\原始mod\Mods\XM\XMFinal.SC2Mod\Base.SC2Data\GameData\RequirementData.xml	added_or_newer_duplicate
HaveMasteryTychusOdinCooldown	CRequirement	游戏数据/官方SC2原始文本镜像/mods/starcoop/starcoop.sc2mod/base.sc2data/gamedata/commanders/commandertychus.xml	D:\MyWork\新建文件夹\mom.report.client\src\MyMod\crys_the_swarm_reborn.SC2Mod\原始mod\Mods\XM\XMFinal.SC2Mod\Base.SC2Data\GameData\RequirementData.xml	added_or_newer_duplicate
HaveMasteryVorazunBlackHoleDuration	CRequirement	游戏数据/官方SC2原始文本镜像/mods/starcoop/starcoop.sc2mod/base.sc2data/gamedata/requirementdata.xml	D:\MyWork\新建文件夹\mom.report.client\src\MyMod\crys_the_swarm_reborn.SC2Mod\原始mod\Mods\XM\XMFinal.SC2Mod\Base.SC2Data\GameData\RequirementData.xml	skipped_existing
HaveMasteryVorazunDarkPylonCloakRadius	CRequirement	游戏数据/官方SC2原始文本镜像/mods/starcoop/starcoop.sc2mod/base.sc2data/gamedata/requirementdata.xml	D:\MyWork\新建文件夹\mom.report.client\src\MyMod\crys_the_swarm_reborn.SC2Mod\原始mod\Mods\XM\XMFinal.SC2Mod\Base.SC2Data\GameData\RequirementData.xml	skipped_existing
HaveMasteryVorazunShadowGuardDuration	CRequirement	游戏数据/官方SC2原始文本镜像/mods/starcoop/starcoop.sc2mod/base.sc2data/gamedata/requirementdata.xml	D:\MyWork\新建文件夹\mom.report.client\src\MyMod\crys_the_swarm_reborn.SC2Mod\原始mod\Mods\XM\XMFinal.SC2Mod\Base.SC2Data\GameData\RequirementData.xml	skipped_existing
HaveMasteryVorazunTimeStopHaste	CRequirement	游戏数据/官方SC2原始文本镜像/mods/starcoop/starcoop.sc2mod/base.sc2data/gamedata/requirementdata.xml	D:\MyWork\新建文件夹\mom.report.client\src\MyMod\crys_the_swarm_reborn.SC2Mod\原始mod\Mods\XM\XMFinal.SC2Mod\Base.SC2Data\GameData\RequirementData.xml	skipped_existing
HaveMasteryZagaraAutoAttackDamage	CRequirement	游戏数据/官方SC2原始文本镜像/mods/starcoop/starcoop.sc2mod/base.sc2data/gamedata/requirementdata.xml	D:\MyWork\新建文件夹\mom.report.client\src\MyMod\crys_the_swarm_reborn.SC2Mod\原始mod\Mods\XM\XMFinal.SC2Mod\Base.SC2Data\GameData\RequirementData.xml	added_or_newer_duplicate
HaveMasteryZagaraBanelingDamage	CRequirement	游戏数据/官方SC2原始文本镜像/mods/starcoop/starcoop.sc2mod/base.sc2data/gamedata/requirementdata.xml	D:\MyWork\新建文件夹\mom.report.client\src\MyMod\crys_the_swarm_reborn.SC2Mod\原始mod\Mods\XM\XMFinal.SC2Mod\Base.SC2Data\GameData\RequirementData.xml	added_or_newer_duplicate
HaveMasteryZagaraCocoonTimer	CRequirement	游戏数据/官方SC2原始文本镜像/mods/starcoop/starcoop.sc2mod/base.sc2data/gamedata/requirementdata.xml	D:\MyWork\新建文件夹\mom.report.client\src\MyMod\crys_the_swarm_reborn.SC2Mod\原始mod\Mods\XM\XMFinal.SC2Mod\Base.SC2Data\GameData\RequirementData.xml	added_or_newer_duplicate
HaveMasteryZagaraHealthandEnergyRegen	CRequirement	游戏数据/官方SC2原始文本镜像/mods/starcoop/starcoop.sc2mod/base.sc2data/gamedata/requirementdata.xml	D:\MyWork\新建文件夹\mom.report.client\src\MyMod\crys_the_swarm_reborn.SC2Mod\原始mod\Mods\XM\XMFinal.SC2Mod\Base.SC2Data\GameData\RequirementData.xml	added_or_newer_duplicate
HaveMasteryZagaraMassFrenzy	CRequirement	游戏数据/官方SC2原始文本镜像/mods/starcoop/starcoop.sc2mod/base.sc2data/gamedata/requirementdata.xml	D:\MyWork\新建文件夹\mom.report.client\src\MyMod\crys_the_swarm_reborn.SC2Mod\原始mod\Mods\XM\XMFinal.SC2Mod\Base.SC2Data\GameData\RequirementData.xml	added_or_newer_duplicate
HaveMasteryZagaraRoachDrop	CRequirement	游戏数据/官方SC2原始文本镜像/mods/starcoop/starcoop.sc2mod/base.sc2data/gamedata/requirementdata.xml	D:\MyWork\新建文件夹\mom.report.client\src\MyMod\crys_the_swarm_reborn.SC2Mod\原始mod\Mods\XM\XMFinal.SC2Mod\Base.SC2Data\GameData\RequirementData.xml	added_or_newer_duplicate
HaveMasteryZeratulAvatarCooldown	CRequirement	游戏数据/官方SC2原始文本镜像/mods/starcoop/starcoop.sc2mod/base.sc2data/gamedata/commanders/futurecommanders.xml	D:\MyWork\新建文件夹\mom.report.client\src\MyMod\crys_the_swarm_reborn.SC2Mod\原始mod\Mods\XM\XMFinal.SC2Mod\Base.SC2Data\GameData\RequirementData.xml	added_or_newer_duplicate
HaveMasteryZeratulLegendaryLegionCost	CRequirement	游戏数据/官方SC2原始文本镜像/mods/starcoop/starcoop.sc2mod/base.sc2data/gamedata/commanders/futurecommanders.xml	D:\MyWork\新建文件夹\mom.report.client\src\MyMod\crys_the_swarm_reborn.SC2Mod\原始mod\Mods\XM\XMFinal.SC2Mod\Base.SC2Data\GameData\RequirementData.xml	added_or_newer_duplicate
HaveMasteryZeratulSupportCalldownCooldown	CRequirement	游戏数据/官方SC2原始文本镜像/mods/starcoop/starcoop.sc2mod/base.sc2data/gamedata/commanders/futurecommanders.xml	D:\MyWork\新建文件夹\mom.report.client\src\MyMod\crys_the_swarm_reborn.SC2Mod\原始mod\Mods\XM\XMFinal.SC2Mod\Base.SC2Data\GameData\RequirementData.xml	added_or_newer_duplicate
HaveMedivacPlatformGlobal	CRequirement	游戏数据/官方SC2原始文本镜像/mods/starcoop/starcoop.sc2mod/base.sc2data/gamedata/commanders/commandertychus.xml	D:\MyWork\新建文件夹\mom.report.client\src\MyMod\crys_the_swarm_reborn.SC2Mod\原始mod\Mods\XM\XMFinal.SC2Mod\Base.SC2Data\GameData\RequirementData.xml	added_or_newer_duplicate
HaveMengskStructureArmor	CRequirement	游戏数据/官方SC2原始文本镜像/mods/starcoop/commanders/arcturusmengsk.sc2mod/base.sc2data/gamedata/requirementdata.xml	D:\MyWork\新建文件夹\mom.report.client\src\MyMod\crys_the_swarm_reborn.SC2Mod\原始mod\Mods\XM\XMFinal.SC2Mod\Base.SC2Data\GameData\RequirementData.xml	added_or_newer_duplicate
HaveNoSnapshots	CRequirement	游戏数据/官方SC2原始文本镜像/mods/starcoop/starcoop.sc2mod/base.sc2data/gamedata/requirementdata.xml	D:\MyWork\新建文件夹\mom.report.client\src\MyMod\crys_the_swarm_reborn.SC2Mod\原始mod\Mods\XM\XMFinal.SC2Mod\Base.SC2Data\GameData\RequirementData.xml	added_or_newer_duplicate
HaveNovaCombatSuit	CRequirement	游戏数据/官方SC2原始文本镜像/mods/starcoop/starcoop.sc2mod/base.sc2data/gamedata/requirementdata.xml	D:\MyWork\新建文件夹\mom.report.client\src\MyMod\crys_the_swarm_reborn.SC2Mod\原始mod\Mods\XM\XMFinal.SC2Mod\Base.SC2Data\GameData\RequirementData.xml	added_or_newer_duplicate
HavePowerFieldEnergyRegenerationUpgrade	CRequirement	游戏数据/官方SC2原始文本镜像/mods/starcoop/commanders/egonstetmann.sc2mod/base.sc2data/gamedata/requirementdata.xml	D:\MyWork\新建文件夹\mom.report.client\src\MyMod\crys_the_swarm_reborn.SC2Mod\原始mod\Mods\XM\XMFinal.SC2Mod\Base.SC2Data\GameData\RequirementData.xml	added_or_newer_duplicate
HavePowerFieldHPRegenerationUpgrade	CRequirement	游戏数据/官方SC2原始文本镜像/mods/starcoop/commanders/egonstetmann.sc2mod/base.sc2data/gamedata/requirementdata.xml	D:\MyWork\新建文件夹\mom.report.client\src\MyMod\crys_the_swarm_reborn.SC2Mod\原始mod\Mods\XM\XMFinal.SC2Mod\Base.SC2Data\GameData\RequirementData.xml	added_or_newer_duplicate
HavePowerFieldMovementSpeedUpgrade	CRequirement	游戏数据/官方SC2原始文本镜像/mods/starcoop/commanders/egonstetmann.sc2mod/base.sc2data/gamedata/requirementdata.xml	D:\MyWork\新建文件夹\mom.report.client\src\MyMod\crys_the_swarm_reborn.SC2Mod\原始mod\Mods\XM\XMFinal.SC2Mod\Base.SC2Data\GameData\RequirementData.xml	added_or_newer_duplicate
HaveShadowOpsandNovaStealthSuit	CRequirement	游戏数据/官方SC2原始文本镜像/mods/starcoop/starcoop.sc2mod/base.sc2data/gamedata/requirementdata.xml	D:\MyWork\新建文件夹\mom.report.client\src\MyMod\crys_the_swarm_reborn.SC2Mod\原始mod\Mods\XM\XMFinal.SC2Mod\Base.SC2Data\GameData\RequirementData.xml	added_or_newer_duplicate
HaveSOAMapWideChrono	CRequirement	游戏数据/官方SC2原始文本镜像/mods/starcoop/starcoop.sc2mod/base.sc2data/gamedata/requirementdata.xml	D:\MyWork\新建文件夹\mom.report.client\src\MyMod\crys_the_swarm_reborn.SC2Mod\原始mod\Mods\XM\XMFinal.SC2Mod\Base.SC2Data\GameData\RequirementData.xml	skipped_existing
HaveSOARecallonDeath	CRequirement	游戏数据/官方SC2原始文本镜像/mods/starcoop/starcoop.sc2mod/base.sc2data/gamedata/requirementdata.xml	D:\MyWork\新建文件夹\mom.report.client\src\MyMod\crys_the_swarm_reborn.SC2Mod\原始mod\Mods\XM\XMFinal.SC2Mod\Base.SC2Data\GameData\RequirementData.xml	skipped_existing
HaveSOASuperShield	CRequirement	游戏数据/官方SC2原始文本镜像/mods/starcoop/starcoop.sc2mod/base.sc2data/gamedata/requirementdata.xml	D:\MyWork\新建文件夹\mom.report.client\src\MyMod\crys_the_swarm_reborn.SC2Mod\原始mod\Mods\XM\XMFinal.SC2Mod\Base.SC2Data\GameData\RequirementData.xml	added_or_newer_duplicate
HaveStukovAleksanderMindControl	CRequirement	游戏数据/官方SC2原始文本镜像/mods/starcoop/starcoop.sc2mod/base.sc2data/gamedata/requirementdata.xml	D:\MyWork\新建文件夹\mom.report.client\src\MyMod\crys_the_swarm_reborn.SC2Mod\原始mod\Mods\XM\XMFinal.SC2Mod\Base.SC2Data\GameData\RequirementData.xml	added_or_newer_duplicate
HaveStukovApocaliskUpgrades	CRequirement	游戏数据/官方SC2原始文本镜像/mods/starcoop/starcoop.sc2mod/base.sc2data/gamedata/requirementdata.xml	D:\MyWork\新建文件夹\mom.report.client\src\MyMod\crys_the_swarm_reborn.SC2Mod\原始mod\Mods\XM\XMFinal.SC2Mod\Base.SC2Data\GameData\RequirementData.xml	added_or_newer_duplicate
HaveToxicNestDamageGivesMarkforCollectionDebuff	CRequirement	游戏数据/官方SC2原始文本镜像/mods/starcoop/starcoop.sc2mod/base.sc2data/gamedata/requirementdata.xml	D:\MyWork\新建文件夹\mom.report.client\src\MyMod\crys_the_swarm_reborn.SC2Mod\原始mod\Mods\XM\XMFinal.SC2Mod\Base.SC2Data\GameData\RequirementData.xml	added_or_newer_duplicate
HaveVorazunCloakDamageBoost	CRequirement	游戏数据/官方SC2原始文本镜像/mods/starcoop/starcoop.sc2mod/base.sc2data/gamedata/requirementdata.xml	D:\MyWork\新建文件夹\mom.report.client\src\MyMod\crys_the_swarm_reborn.SC2Mod\原始mod\Mods\XM\XMFinal.SC2Mod\Base.SC2Data\GameData\RequirementData.xml	skipped_existing
HaveZagaraVoidCoopAttackUpgrade	CRequirement	游戏数据/官方SC2原始文本镜像/mods/starcoop/starcoop.sc2mod/base.sc2data/gamedata/requirementdata.xml	D:\MyWork\新建文件夹\mom.report.client\src\MyMod\crys_the_swarm_reborn.SC2Mod\原始mod\Mods\XM\XMFinal.SC2Mod\Base.SC2Data\GameData\RequirementData.xml	added_or_newer_duplicate
HaveZeratulArtifactTier1AndCyberCore	CRequirement	游戏数据/官方SC2原始文本镜像/mods/starcoop/starcoop.sc2mod/base.sc2data/gamedata/commanders/futurecommanders.xml	D:\MyWork\新建文件夹\mom.report.client\src\MyMod\crys_the_swarm_reborn.SC2Mod\原始mod\Mods\XM\XMFinal.SC2Mod\Base.SC2Data\GameData\RequirementData.xml	skipped_existing
HaveZeratulArtifactTier1AndDarkShine	CRequirement	游戏数据/官方SC2原始文本镜像/mods/starcoop/starcoop.sc2mod/base.sc2data/gamedata/commanders/futurecommanders.xml	D:\MyWork\新建文件夹\mom.report.client\src\MyMod\crys_the_swarm_reborn.SC2Mod\原始mod\Mods\XM\XMFinal.SC2Mod\Base.SC2Data\GameData\RequirementData.xml	added_or_newer_duplicate
HaveZeratulArtifactTier1AndRoboticsBay	CRequirement	游戏数据/官方SC2原始文本镜像/mods/starcoop/starcoop.sc2mod/base.sc2data/gamedata/commanders/futurecommanders.xml	D:\MyWork\新建文件夹\mom.report.client\src\MyMod\crys_the_swarm_reborn.SC2Mod\原始mod\Mods\XM\XMFinal.SC2Mod\Base.SC2Data\GameData\RequirementData.xml	skipped_existing
HaveZeratulArtifactTier2AndCyberCore	CRequirement	游戏数据/官方SC2原始文本镜像/mods/starcoop/starcoop.sc2mod/base.sc2data/gamedata/commanders/futurecommanders.xml	D:\MyWork\新建文件夹\mom.report.client\src\MyMod\crys_the_swarm_reborn.SC2Mod\原始mod\Mods\XM\XMFinal.SC2Mod\Base.SC2Data\GameData\RequirementData.xml	skipped_existing
HaveZeratulArtifactTier2AndDarkShine	CRequirement	游戏数据/官方SC2原始文本镜像/mods/starcoop/starcoop.sc2mod/base.sc2data/gamedata/commanders/futurecommanders.xml	D:\MyWork\新建文件夹\mom.report.client\src\MyMod\crys_the_swarm_reborn.SC2Mod\原始mod\Mods\XM\XMFinal.SC2Mod\Base.SC2Data\GameData\RequirementData.xml	added_or_newer_duplicate
HaveZeratulArtifactTier2AndRoboticsBay	CRequirement	游戏数据/官方SC2原始文本镜像/mods/starcoop/starcoop.sc2mod/base.sc2data/gamedata/commanders/futurecommanders.xml	D:\MyWork\新建文件夹\mom.report.client\src\MyMod\crys_the_swarm_reborn.SC2Mod\原始mod\Mods\XM\XMFinal.SC2Mod\Base.SC2Data\GameData\RequirementData.xml	skipped_existing
HaveZeratulArtifactTier3AndCyberCore	CRequirement	游戏数据/官方SC2原始文本镜像/mods/starcoop/starcoop.sc2mod/base.sc2data/gamedata/commanders/futurecommanders.xml	D:\MyWork\新建文件夹\mom.report.client\src\MyMod\crys_the_swarm_reborn.SC2Mod\原始mod\Mods\XM\XMFinal.SC2Mod\Base.SC2Data\GameData\RequirementData.xml	skipped_existing
HaveZeratulArtifactTier3AndDarkShine	CRequirement	游戏数据/官方SC2原始文本镜像/mods/starcoop/starcoop.sc2mod/base.sc2data/gamedata/commanders/futurecommanders.xml	D:\MyWork\新建文件夹\mom.report.client\src\MyMod\crys_the_swarm_reborn.SC2Mod\原始mod\Mods\XM\XMFinal.SC2Mod\Base.SC2Data\GameData\RequirementData.xml	added_or_newer_duplicate
HaveZeratulArtifactTier3AndRoboticsBay	CRequirement	游戏数据/官方SC2原始文本镜像/mods/starcoop/starcoop.sc2mod/base.sc2data/gamedata/commanders/futurecommanders.xml	D:\MyWork\新建文件夹\mom.report.client\src\MyMod\crys_the_swarm_reborn.SC2Mod\原始mod\Mods\XM\XMFinal.SC2Mod\Base.SC2Data\GameData\RequirementData.xml	skipped_existing
HaveZeratulArtifactUpgradeTier0A	CRequirement	游戏数据/官方SC2原始文本镜像/mods/starcoop/starcoop.sc2mod/base.sc2data/gamedata/commanders/futurecommanders.xml	D:\MyWork\新建文件夹\mom.report.client\src\MyMod\crys_the_swarm_reborn.SC2Mod\原始mod\Mods\XM\XMFinal.SC2Mod\Base.SC2Data\GameData\RequirementData.xml	added_or_newer_duplicate
HaveZeratulArtifactUpgradeTier0B	CRequirement	游戏数据/官方SC2原始文本镜像/mods/starcoop/starcoop.sc2mod/base.sc2data/gamedata/commanders/futurecommanders.xml	D:\MyWork\新建文件夹\mom.report.client\src\MyMod\crys_the_swarm_reborn.SC2Mod\原始mod\Mods\XM\XMFinal.SC2Mod\Base.SC2Data\GameData\RequirementData.xml	added_or_newer_duplicate
HaveZeratulArtifactUpgradeTier0C	CRequirement	游戏数据/官方SC2原始文本镜像/mods/starcoop/starcoop.sc2mod/base.sc2data/gamedata/commanders/futurecommanders.xml	D:\MyWork\新建文件夹\mom.report.client\src\MyMod\crys_the_swarm_reborn.SC2Mod\原始mod\Mods\XM\XMFinal.SC2Mod\Base.SC2Data\GameData\RequirementData.xml	added_or_newer_duplicate
HaveZeratulArtifactUpgradeTier1A	CRequirement	游戏数据/官方SC2原始文本镜像/mods/starcoop/starcoop.sc2mod/base.sc2data/gamedata/commanders/futurecommanders.xml	D:\MyWork\新建文件夹\mom.report.client\src\MyMod\crys_the_swarm_reborn.SC2Mod\原始mod\Mods\XM\XMFinal.SC2Mod\Base.SC2Data\GameData\RequirementData.xml	added_or_newer_duplicate
HaveZeratulArtifactUpgradeTier1B	CRequirement	游戏数据/官方SC2原始文本镜像/mods/starcoop/starcoop.sc2mod/base.sc2data/gamedata/commanders/futurecommanders.xml	D:\MyWork\新建文件夹\mom.report.client\src\MyMod\crys_the_swarm_reborn.SC2Mod\原始mod\Mods\XM\XMFinal.SC2Mod\Base.SC2Data\GameData\RequirementData.xml	added_or_newer_duplicate
HaveZeratulArtifactUpgradeTier1C	CRequirement	游戏数据/官方SC2原始文本镜像/mods/starcoop/starcoop.sc2mod/base.sc2data/gamedata/commanders/futurecommanders.xml	D:\MyWork\新建文件夹\mom.report.client\src\MyMod\crys_the_swarm_reborn.SC2Mod\原始mod\Mods\XM\XMFinal.SC2Mod\Base.SC2Data\GameData\RequirementData.xml	added_or_newer_duplicate
HaveZeratulArtifactUpgradeTier2A	CRequirement	游戏数据/官方SC2原始文本镜像/mods/starcoop/starcoop.sc2mod/base.sc2data/gamedata/commanders/futurecommanders.xml	D:\MyWork\新建文件夹\mom.report.client\src\MyMod\crys_the_swarm_reborn.SC2Mod\原始mod\Mods\XM\XMFinal.SC2Mod\Base.SC2Data\GameData\RequirementData.xml	added_or_newer_duplicate
HaveZeratulArtifactUpgradeTier2B	CRequirement	游戏数据/官方SC2原始文本镜像/mods/starcoop/starcoop.sc2mod/base.sc2data/gamedata/commanders/futurecommanders.xml	D:\MyWork\新建文件夹\mom.report.client\src\MyMod\crys_the_swarm_reborn.SC2Mod\原始mod\Mods\XM\XMFinal.SC2Mod\Base.SC2Data\GameData\RequirementData.xml	added_or_newer_duplicate
HaveZeratulArtifactUpgradeTier2C	CRequirement	游戏数据/官方SC2原始文本镜像/mods/starcoop/starcoop.sc2mod/base.sc2data/gamedata/commanders/futurecommanders.xml	D:\MyWork\新建文件夹\mom.report.client\src\MyMod\crys_the_swarm_reborn.SC2Mod\原始mod\Mods\XM\XMFinal.SC2Mod\Base.SC2Data\GameData\RequirementData.xml	added_or_newer_duplicate
HaveZeratulArtifactUpgradeTier3A	CRequirement	游戏数据/官方SC2原始文本镜像/mods/starcoop/starcoop.sc2mod/base.sc2data/gamedata/commanders/futurecommanders.xml	D:\MyWork\新建文件夹\mom.report.client\src\MyMod\crys_the_swarm_reborn.SC2Mod\原始mod\Mods\XM\XMFinal.SC2Mod\Base.SC2Data\GameData\RequirementData.xml	added_or_newer_duplicate
HaveZeratulArtifactUpgradeTier3B	CRequirement	游戏数据/官方SC2原始文本镜像/mods/starcoop/starcoop.sc2mod/base.sc2data/gamedata/commanders/futurecommanders.xml	D:\MyWork\新建文件夹\mom.report.client\src\MyMod\crys_the_swarm_reborn.SC2Mod\原始mod\Mods\XM\XMFinal.SC2Mod\Base.SC2Data\GameData\RequirementData.xml	added_or_newer_duplicate
HaveZeratulLegionUnits	CRequirement	游戏数据/官方SC2原始文本镜像/mods/starcoop/starcoop.sc2mod/base.sc2data/gamedata/commanders/futurecommanders.xml	D:\MyWork\新建文件夹\mom.report.client\src\MyMod\crys_the_swarm_reborn.SC2Mod\原始mod\Mods\XM\XMFinal.SC2Mod\Base.SC2Data\GameData\RequirementData.xml	added_or_newer_duplicate
HaveZeratulPhotonCannonProjectionCaster	CRequirement	游戏数据/官方SC2原始文本镜像/mods/starcoop/starcoop.sc2mod/base.sc2data/gamedata/commanders/futurecommanders.xml	D:\MyWork\新建文件夹\mom.report.client\src\MyMod\crys_the_swarm_reborn.SC2Mod\原始mod\Mods\XM\XMFinal.SC2Mod\Base.SC2Data\GameData\RequirementData.xml	added_or_newer_duplicate
HHBomberPlatformAreaBombTopBarDummyTimer	CRequirement	游戏数据/官方SC2原始文本镜像/mods/starcoop/starcoop.sc2mod/base.sc2data/gamedata/requirementdata.xml	D:\MyWork\新建文件夹\mom.report.client\src\MyMod\crys_the_swarm_reborn.SC2Mod\原始mod\Mods\XM\XMFinal.SC2Mod\Base.SC2Data\GameData\RequirementData.xml	added_or_newer_duplicate
HHHaveBomberPlatform	CRequirement	游戏数据/官方SC2原始文本镜像/mods/starcoop/starcoop.sc2mod/base.sc2data/gamedata/requirementdata.xml	D:\MyWork\新建文件夹\mom.report.client\src\MyMod\crys_the_swarm_reborn.SC2Mod\原始mod\Mods\XM\XMFinal.SC2Mod\Base.SC2Data\GameData\RequirementData.xml	added_or_newer_duplicate
HHMagMineCharged	CRequirement	游戏数据/官方SC2原始文本镜像/mods/starcoop/starcoop.sc2mod/base.sc2data/gamedata/requirementdata.xml	D:\MyWork\新建文件夹\mom.report.client\src\MyMod\crys_the_swarm_reborn.SC2Mod\原始mod\Mods\XM\XMFinal.SC2Mod\Base.SC2Data\GameData\RequirementData.xml	added_or_newer_duplicate
HideForNovaCommander	CRequirement	游戏数据/官方SC2原始文本镜像/mods/starcoop/starcoop.sc2mod/base.sc2data/gamedata/requirementdata.xml	D:\MyWork\新建文件夹\mom.report.client\src\MyMod\crys_the_swarm_reborn.SC2Mod\原始mod\Mods\XM\XMFinal.SC2Mod\Base.SC2Data\GameData\RequirementData.xml	added_or_newer_duplicate
HornerHanLevel02	CRequirement	游戏数据/官方SC2原始文本镜像/mods/starcoop/starcoop.sc2mod/base.sc2data/gamedata/requirementdata.xml	D:\MyWork\新建文件夹\mom.report.client\src\MyMod\crys_the_swarm_reborn.SC2Mod\原始mod\Mods\XM\XMFinal.SC2Mod\Base.SC2Data\GameData\RequirementData.xml	added_or_newer_duplicate
HornerHanLevel05	CRequirement	游戏数据/官方SC2原始文本镜像/mods/starcoop/starcoop.sc2mod/base.sc2data/gamedata/requirementdata.xml	D:\MyWork\新建文件夹\mom.report.client\src\MyMod\crys_the_swarm_reborn.SC2Mod\原始mod\Mods\XM\XMFinal.SC2Mod\Base.SC2Data\GameData\RequirementData.xml	added_or_newer_duplicate
HornerHanLevel10	CRequirement	游戏数据/官方SC2原始文本镜像/mods/starcoop/starcoop.sc2mod/base.sc2data/gamedata/requirementdata.xml	D:\MyWork\新建文件夹\mom.report.client\src\MyMod\crys_the_swarm_reborn.SC2Mod\原始mod\Mods\XM\XMFinal.SC2Mod\Base.SC2Data\GameData\RequirementData.xml	added_or_newer_duplicate
KaraxLevel02	CRequirement	游戏数据/官方SC2原始文本镜像/mods/starcoop/starcoop.sc2mod/base.sc2data/gamedata/requirementdata.xml	D:\MyWork\新建文件夹\mom.report.client\src\MyMod\crys_the_swarm_reborn.SC2Mod\原始mod\Mods\XM\XMFinal.SC2Mod\Base.SC2Data\GameData\RequirementData.xml	skipped_existing
KaraxLevel07	CRequirement	游戏数据/官方SC2原始文本镜像/mods/starcoop/starcoop.sc2mod/base.sc2data/gamedata/requirementdata.xml	D:\MyWork\新建文件夹\mom.report.client\src\MyMod\crys_the_swarm_reborn.SC2Mod\原始mod\Mods\XM\XMFinal.SC2Mod\Base.SC2Data\GameData\RequirementData.xml	skipped_existing
KaraxLevel10	CRequirement	游戏数据/官方SC2原始文本镜像/mods/starcoop/starcoop.sc2mod/base.sc2data/gamedata/requirementdata.xml	D:\MyWork\新建文件夹\mom.report.client\src\MyMod\crys_the_swarm_reborn.SC2Mod\原始mod\Mods\XM\XMFinal.SC2Mod\Base.SC2Data\GameData\RequirementData.xml	skipped_existing
KerriganLevel02	CRequirement	游戏数据/官方SC2原始文本镜像/mods/starcoop/starcoop.sc2mod/base.sc2data/gamedata/requirementdata.xml	D:\MyWork\新建文件夹\mom.report.client\src\MyMod\crys_the_swarm_reborn.SC2Mod\原始mod\Mods\XM\XMFinal.SC2Mod\Base.SC2Data\GameData\RequirementData.xml	skipped_existing
KerriganLevel09	CRequirement	游戏数据/官方SC2原始文本镜像/mods/starcoop/starcoop.sc2mod/base.sc2data/gamedata/requirementdata.xml	D:\MyWork\新建文件夹\mom.report.client\src\MyMod\crys_the_swarm_reborn.SC2Mod\原始mod\Mods\XM\XMFinal.SC2Mod\Base.SC2Data\GameData\RequirementData.xml	skipped_existing
KerriganLevel10	CRequirement	游戏数据/官方SC2原始文本镜像/mods/starcoop/starcoop.sc2mod/base.sc2data/gamedata/requirementdata.xml	D:\MyWork\新建文件夹\mom.report.client\src\MyMod\crys_the_swarm_reborn.SC2Mod\原始mod\Mods\XM\XMFinal.SC2Mod\Base.SC2Data\GameData\RequirementData.xml	skipped_existing
KerriganLevel15	CRequirement	游戏数据/官方SC2原始文本镜像/mods/starcoop/starcoop.sc2mod/base.sc2data/gamedata/requirementdata.xml	D:\MyWork\新建文件夹\mom.report.client\src\MyMod\crys_the_swarm_reborn.SC2Mod\原始mod\Mods\XM\XMFinal.SC2Mod\Base.SC2Data\GameData\RequirementData.xml	skipped_existing
MengskLevel04	CRequirement	游戏数据/官方SC2原始文本镜像/mods/starcoop/commanders/arcturusmengsk.sc2mod/base.sc2data/gamedata/requirementdata.xml	D:\MyWork\新建文件夹\mom.report.client\src\MyMod\crys_the_swarm_reborn.SC2Mod\原始mod\Mods\XM\XMFinal.SC2Mod\Base.SC2Data\GameData\RequirementData.xml	added_or_newer_duplicate
MengskLevel06	CRequirement	游戏数据/官方SC2原始文本镜像/mods/starcoop/commanders/arcturusmengsk.sc2mod/base.sc2data/gamedata/requirementdata.xml	D:\MyWork\新建文件夹\mom.report.client\src\MyMod\crys_the_swarm_reborn.SC2Mod\原始mod\Mods\XM\XMFinal.SC2Mod\Base.SC2Data\GameData\RequirementData.xml	added_or_newer_duplicate
MengskLevel10	CRequirement	游戏数据/官方SC2原始文本镜像/mods/starcoop/commanders/arcturusmengsk.sc2mod/base.sc2data/gamedata/requirementdata.xml	D:\MyWork\新建文件夹\mom.report.client\src\MyMod\crys_the_swarm_reborn.SC2Mod\原始mod\Mods\XM\XMFinal.SC2Mod\Base.SC2Data\GameData\RequirementData.xml	added_or_newer_duplicate
NoAlarakMothership	CRequirement	游戏数据/官方SC2原始文本镜像/mods/starcoop/starcoop.sc2mod/base.sc2data/gamedata/requirementdata.xml	D:\MyWork\新建文件夹\mom.report.client\src\MyMod\crys_the_swarm_reborn.SC2Mod\原始mod\Mods\XM\XMFinal.SC2Mod\Base.SC2Data\GameData\RequirementData.xml	skipped_existing
NotHaveDehakaGlevigStructure	CRequirement	游戏数据/官方SC2原始文本镜像/mods/starcoop/starcoop.sc2mod/base.sc2data/gamedata/requirementdata.xml	D:\MyWork\新建文件夹\mom.report.client\src\MyMod\crys_the_swarm_reborn.SC2Mod\原始mod\Mods\XM\XMFinal.SC2Mod\Base.SC2Data\GameData\RequirementData.xml	added_or_newer_duplicate
NotHavePowerFieldEnergyRegenerationUpgrade	CRequirement	游戏数据/官方SC2原始文本镜像/mods/starcoop/commanders/egonstetmann.sc2mod/base.sc2data/gamedata/requirementdata.xml	D:\MyWork\新建文件夹\mom.report.client\src\MyMod\crys_the_swarm_reborn.SC2Mod\原始mod\Mods\XM\XMFinal.SC2Mod\Base.SC2Data\GameData\RequirementData.xml	added_or_newer_duplicate
NotHavePowerFieldHPRegenerationUpgrade	CRequirement	游戏数据/官方SC2原始文本镜像/mods/starcoop/commanders/egonstetmann.sc2mod/base.sc2data/gamedata/requirementdata.xml	D:\MyWork\新建文件夹\mom.report.client\src\MyMod\crys_the_swarm_reborn.SC2Mod\原始mod\Mods\XM\XMFinal.SC2Mod\Base.SC2Data\GameData\RequirementData.xml	added_or_newer_duplicate
NotHavePowerFieldMovementSpeedUpgrade	CRequirement	游戏数据/官方SC2原始文本镜像/mods/starcoop/commanders/egonstetmann.sc2mod/base.sc2data/gamedata/requirementdata.xml	D:\MyWork\新建文件夹\mom.report.client\src\MyMod\crys_the_swarm_reborn.SC2Mod\原始mod\Mods\XM\XMFinal.SC2Mod\Base.SC2Data\GameData\RequirementData.xml	added_or_newer_duplicate
NotHaveSIInfestStructureUpgraded	CRequirement	游戏数据/官方SC2原始文本镜像/mods/starcoop/starcoop.sc2mod/base.sc2data/gamedata/requirementdata.xml	D:\MyWork\新建文件夹\mom.report.client\src\MyMod\crys_the_swarm_reborn.SC2Mod\原始mod\Mods\XM\XMFinal.SC2Mod\Base.SC2Data\GameData\RequirementData.xml	added_or_newer_duplicate
NovaBuybackRequirement	CRequirement	游戏数据/官方SC2原始文本镜像/mods/starcoop/starcoop.sc2mod/base.sc2data/gamedata/requirementdata.xml	D:\MyWork\新建文件夹\mom.report.client\src\MyMod\crys_the_swarm_reborn.SC2Mod\原始mod\Mods\XM\XMFinal.SC2Mod\Base.SC2Data\GameData\RequirementData.xml	added_or_newer_duplicate
NovaLevel02	CRequirement	游戏数据/官方SC2原始文本镜像/mods/starcoop/starcoop.sc2mod/base.sc2data/gamedata/requirementdata.xml	D:\MyWork\新建文件夹\mom.report.client\src\MyMod\crys_the_swarm_reborn.SC2Mod\原始mod\Mods\XM\XMFinal.SC2Mod\Base.SC2Data\GameData\RequirementData.xml	added_or_newer_duplicate
NovaLevel05	CRequirement	游戏数据/官方SC2原始文本镜像/mods/starcoop/starcoop.sc2mod/base.sc2data/gamedata/requirementdata.xml	D:\MyWork\新建文件夹\mom.report.client\src\MyMod\crys_the_swarm_reborn.SC2Mod\原始mod\Mods\XM\XMFinal.SC2Mod\Base.SC2Data\GameData\RequirementData.xml	added_or_newer_duplicate
NovaLevel11	CRequirement	游戏数据/官方SC2原始文本镜像/mods/starcoop/starcoop.sc2mod/base.sc2data/gamedata/requirementdata.xml	D:\MyWork\新建文件夹\mom.report.client\src\MyMod\crys_the_swarm_reborn.SC2Mod\原始mod\Mods\XM\XMFinal.SC2Mod\Base.SC2Data\GameData\RequirementData.xml	added_or_newer_duplicate
RaynorLevel02	CRequirement	游戏数据/官方SC2原始文本镜像/mods/starcoop/starcoop.sc2mod/base.sc2data/gamedata/requirementdata.xml	D:\MyWork\新建文件夹\mom.report.client\src\MyMod\crys_the_swarm_reborn.SC2Mod\原始mod\Mods\XM\XMFinal.SC2Mod\Base.SC2Data\GameData\RequirementData.xml	skipped_existing
RaynorLevel11	CRequirement	游戏数据/官方SC2原始文本镜像/mods/starcoop/starcoop.sc2mod/base.sc2data/gamedata/requirementdata.xml	D:\MyWork\新建文件夹\mom.report.client\src\MyMod\crys_the_swarm_reborn.SC2Mod\原始mod\Mods\XM\XMFinal.SC2Mod\Base.SC2Data\GameData\RequirementData.xml	skipped_existing
SOAPurifierBeamUpgrade	CRequirement	游戏数据/官方SC2原始文本镜像/mods/starcoop/starcoop.sc2mod/base.sc2data/gamedata/requirementdata.xml	D:\MyWork\新建文件夹\mom.report.client\src\MyMod\crys_the_swarm_reborn.SC2Mod\原始mod\Mods\XM\XMFinal.SC2Mod\Base.SC2Data\GameData\RequirementData.xml	added_or_newer_duplicate
StetmannLevel02	CRequirement	游戏数据/官方SC2原始文本镜像/mods/starcoop/commanders/egonstetmann.sc2mod/base.sc2data/gamedata/requirementdata.xml	D:\MyWork\新建文件夹\mom.report.client\src\MyMod\crys_the_swarm_reborn.SC2Mod\原始mod\Mods\XM\XMFinal.SC2Mod\Base.SC2Data\GameData\RequirementData.xml	added_or_newer_duplicate
StetmannLevel05	CRequirement	游戏数据/官方SC2原始文本镜像/mods/starcoop/commanders/egonstetmann.sc2mod/base.sc2data/gamedata/requirementdata.xml	D:\MyWork\新建文件夹\mom.report.client\src\MyMod\crys_the_swarm_reborn.SC2Mod\原始mod\Mods\XM\XMFinal.SC2Mod\Base.SC2Data\GameData\RequirementData.xml	added_or_newer_duplicate
StetmannLevel07	CRequirement	游戏数据/官方SC2原始文本镜像/mods/starcoop/commanders/egonstetmann.sc2mod/base.sc2data/gamedata/requirementdata.xml	D:\MyWork\新建文件夹\mom.report.client\src\MyMod\crys_the_swarm_reborn.SC2Mod\原始mod\Mods\XM\XMFinal.SC2Mod\Base.SC2Data\GameData\RequirementData.xml	added_or_newer_duplicate
StetmannLevel09	CRequirement	游戏数据/官方SC2原始文本镜像/mods/starcoop/commanders/egonstetmann.sc2mod/base.sc2data/gamedata/requirementdata.xml	D:\MyWork\新建文件夹\mom.report.client\src\MyMod\crys_the_swarm_reborn.SC2Mod\原始mod\Mods\XM\XMFinal.SC2Mod\Base.SC2Data\GameData\RequirementData.xml	added_or_newer_duplicate
StukovLevel04	CRequirement	游戏数据/官方SC2原始文本镜像/mods/starcoop/starcoop.sc2mod/base.sc2data/gamedata/requirementdata.xml	D:\MyWork\新建文件夹\mom.report.client\src\MyMod\crys_the_swarm_reborn.SC2Mod\原始mod\Mods\XM\XMFinal.SC2Mod\Base.SC2Data\GameData\RequirementData.xml	added_or_newer_duplicate
StukovLevel10	CRequirement	游戏数据/官方SC2原始文本镜像/mods/starcoop/starcoop.sc2mod/base.sc2data/gamedata/requirementdata.xml	D:\MyWork\新建文件夹\mom.report.client\src\MyMod\crys_the_swarm_reborn.SC2Mod\原始mod\Mods\XM\XMFinal.SC2Mod\Base.SC2Data\GameData\RequirementData.xml	added_or_newer_duplicate
StukovLevel15	CRequirement	游戏数据/官方SC2原始文本镜像/mods/starcoop/starcoop.sc2mod/base.sc2data/gamedata/requirementdata.xml	D:\MyWork\新建文件夹\mom.report.client\src\MyMod\crys_the_swarm_reborn.SC2Mod\原始mod\Mods\XM\XMFinal.SC2Mod\Base.SC2Data\GameData\RequirementData.xml	added_or_newer_duplicate
SwannLevel02	CRequirement	游戏数据/官方SC2原始文本镜像/mods/starcoop/starcoop.sc2mod/base.sc2data/gamedata/requirementdata.xml	D:\MyWork\新建文件夹\mom.report.client\src\MyMod\crys_the_swarm_reborn.SC2Mod\原始mod\Mods\XM\XMFinal.SC2Mod\Base.SC2Data\GameData\RequirementData.xml	added_or_newer_duplicate
SwannLevel04	CRequirement	游戏数据/官方SC2原始文本镜像/mods/starcoop/starcoop.sc2mod/base.sc2data/gamedata/requirementdata.xml	D:\MyWork\新建文件夹\mom.report.client\src\MyMod\crys_the_swarm_reborn.SC2Mod\原始mod\Mods\XM\XMFinal.SC2Mod\Base.SC2Data\GameData\RequirementData.xml	added_or_newer_duplicate
TychusLevel03	CRequirement	游戏数据/官方SC2原始文本镜像/mods/starcoop/starcoop.sc2mod/base.sc2data/gamedata/commanders/commandertychus.xml	D:\MyWork\新建文件夹\mom.report.client\src\MyMod\crys_the_swarm_reborn.SC2Mod\原始mod\Mods\XM\XMFinal.SC2Mod\Base.SC2Data\GameData\RequirementData.xml	added_or_newer_duplicate
TychusMedivacPlatform	CRequirement	游戏数据/官方SC2原始文本镜像/mods/starcoop/starcoop.sc2mod/base.sc2data/gamedata/commanders/commandertychus.xml	D:\MyWork\新建文件夹\mom.report.client\src\MyMod\crys_the_swarm_reborn.SC2Mod\原始mod\Mods\XM\XMFinal.SC2Mod\Base.SC2Data\GameData\RequirementData.xml	added_or_newer_duplicate
TychusNotResearchedOdinRedButton	CRequirement	游戏数据/官方SC2原始文本镜像/mods/starcoop/starcoop.sc2mod/base.sc2data/gamedata/commanders/commandertychus.xml	D:\MyWork\新建文件夹\mom.report.client\src\MyMod\crys_the_swarm_reborn.SC2Mod\原始mod\Mods\XM\XMFinal.SC2Mod\Base.SC2Data\GameData\RequirementData.xml	added_or_newer_duplicate
TychusResearchedOdinRedButton	CRequirement	游戏数据/官方SC2原始文本镜像/mods/starcoop/starcoop.sc2mod/base.sc2data/gamedata/commanders/commandertychus.xml	D:\MyWork\新建文件夹\mom.report.client\src\MyMod\crys_the_swarm_reborn.SC2Mod\原始mod\Mods\XM\XMFinal.SC2Mod\Base.SC2Data\GameData\RequirementData.xml	added_or_newer_duplicate
VorazunLevel10	CRequirement	游戏数据/官方SC2原始文本镜像/mods/starcoop/starcoop.sc2mod/base.sc2data/gamedata/requirementdata.xml	D:\MyWork\新建文件夹\mom.report.client\src\MyMod\crys_the_swarm_reborn.SC2Mod\原始mod\Mods\XM\XMFinal.SC2Mod\Base.SC2Data\GameData\RequirementData.xml	skipped_existing
VorazunLevel11	CRequirement	游戏数据/官方SC2原始文本镜像/mods/starcoop/starcoop.sc2mod/base.sc2data/gamedata/requirementdata.xml	D:\MyWork\新建文件夹\mom.report.client\src\MyMod\crys_the_swarm_reborn.SC2Mod\原始mod\Mods\XM\XMFinal.SC2Mod\Base.SC2Data\GameData\RequirementData.xml	skipped_existing
VorazunLevel13	CRequirement	游戏数据/官方SC2原始文本镜像/mods/starcoop/starcoop.sc2mod/base.sc2data/gamedata/requirementdata.xml	D:\MyWork\新建文件夹\mom.report.client\src\MyMod\crys_the_swarm_reborn.SC2Mod\原始mod\Mods\XM\XMFinal.SC2Mod\Base.SC2Data\GameData\RequirementData.xml	skipped_existing
VorazunLevel15	CRequirement	游戏数据/官方SC2原始文本镜像/mods/starcoop/starcoop.sc2mod/base.sc2data/gamedata/requirementdata.xml	D:\MyWork\新建文件夹\mom.report.client\src\MyMod\crys_the_swarm_reborn.SC2Mod\原始mod\Mods\XM\XMFinal.SC2Mod\Base.SC2Data\GameData\RequirementData.xml	skipped_existing
ZagaraLevel02	CRequirement	游戏数据/官方SC2原始文本镜像/mods/starcoop/starcoop.sc2mod/base.sc2data/gamedata/requirementdata.xml	D:\MyWork\新建文件夹\mom.report.client\src\MyMod\crys_the_swarm_reborn.SC2Mod\原始mod\Mods\XM\XMFinal.SC2Mod\Base.SC2Data\GameData\RequirementData.xml	skipped_existing
ZagaraLevel07	CRequirement	游戏数据/官方SC2原始文本镜像/mods/starcoop/starcoop.sc2mod/base.sc2data/gamedata/requirementdata.xml	D:\MyWork\新建文件夹\mom.report.client\src\MyMod\crys_the_swarm_reborn.SC2Mod\原始mod\Mods\XM\XMFinal.SC2Mod\Base.SC2Data\GameData\RequirementData.xml	skipped_existing
ZagaraLevel09	CRequirement	游戏数据/官方SC2原始文本镜像/mods/starcoop/starcoop.sc2mod/base.sc2data/gamedata/requirementdata.xml	D:\MyWork\新建文件夹\mom.report.client\src\MyMod\crys_the_swarm_reborn.SC2Mod\原始mod\Mods\XM\XMFinal.SC2Mod\Base.SC2Data\GameData\RequirementData.xml	skipped_existing
ZeratulLevel02	CRequirement	游戏数据/官方SC2原始文本镜像/mods/starcoop/starcoop.sc2mod/base.sc2data/gamedata/commanders/futurecommanders.xml	D:\MyWork\新建文件夹\mom.report.client\src\MyMod\crys_the_swarm_reborn.SC2Mod\原始mod\Mods\XM\XMFinal.SC2Mod\Base.SC2Data\GameData\RequirementData.xml	added_or_newer_duplicate
ZeratulLevel08	CRequirement	游戏数据/官方SC2原始文本镜像/mods/starcoop/starcoop.sc2mod/base.sc2data/gamedata/commanders/futurecommanders.xml	D:\MyWork\新建文件夹\mom.report.client\src\MyMod\crys_the_swarm_reborn.SC2Mod\原始mod\Mods\XM\XMFinal.SC2Mod\Base.SC2Data\GameData\RequirementData.xml	added_or_newer_duplicate
ZeratulLevel11	CRequirement	游戏数据/官方SC2原始文本镜像/mods/starcoop/starcoop.sc2mod/base.sc2data/gamedata/commanders/futurecommanders.xml	D:\MyWork\新建文件夹\mom.report.client\src\MyMod\crys_the_swarm_reborn.SC2Mod\原始mod\Mods\XM\XMFinal.SC2Mod\Base.SC2Data\GameData\RequirementData.xml	added_or_newer_duplicate
ZeratulLevel14	CRequirement	游戏数据/官方SC2原始文本镜像/mods/starcoop/starcoop.sc2mod/base.sc2data/gamedata/commanders/futurecommanders.xml	D:\MyWork\新建文件夹\mom.report.client\src\MyMod\crys_the_swarm_reborn.SC2Mod\原始mod\Mods\XM\XMFinal.SC2Mod\Base.SC2Data\GameData\RequirementData.xml	added_or_newer_duplicate
And621839826NotCountBehaviorCommanderPrestigeDehakaPackLeadersExitGameCompleteOnlyNotCountBehaviorCommanderPrestigeDehakaPackLeadersExitGameEndCompleteOnly	CRequirementAnd	游戏数据/官方SC2原始文本镜像/mods/starcoop/starcoop.sc2mod/base.sc2data/gamedata/requirementnodedata.xml	D:\MyWork\新建文件夹\mom.report.client\src\MyMod\crys_the_swarm_reborn.SC2Mod\原始mod\Mods\XM\XMFinal.SC2Mod\Base.SC2Data\GameData\RequirementNodeData.xml	added_or_newer_duplicate
AndCountBehaviorNovaPermanentlyCloakedCompleteOnlyAtUnitCountUpgradeNovaCommanderCompleteOnlyLTE9CountUpgradeCommanderLevelCompleteOnlyNot1225867992CountBehaviorUnderConstructionCompleteOnlyAtUnit	CRequirementAnd	游戏数据/官方SC2原始文本镜像/mods/starcoop/starcoop.sc2mod/base.sc2data/gamedata/requirementnodedata.xml	D:\MyWork\新建文件夹\mom.report.client\src\MyMod\crys_the_swarm_reborn.SC2Mod\原始mod\Mods\XM\XMFinal.SC2Mod\Base.SC2Data\GameData\RequirementNodeData.xml	added_or_newer_duplicate
AndCountUnitDehakaDakrunStructureCompleteOnlyAnd621839826NotCountBehaviorCommanderPrestigeDehakaPackLeadersExitGameCompleteOnlyNotCountBehaviorCommanderPrestigeDehakaPackLeadersExitGameEndCompleteOnly	CRequirementAnd	游戏数据/官方SC2原始文本镜像/mods/starcoop/starcoop.sc2mod/base.sc2data/gamedata/requirementnodedata.xml	D:\MyWork\新建文件夹\mom.report.client\src\MyMod\crys_the_swarm_reborn.SC2Mod\原始mod\Mods\XM\XMFinal.SC2Mod\Base.SC2Data\GameData\RequirementNodeData.xml	added_or_newer_duplicate
AndCountUnitDehakaGlevigStructureCompleteOnlyAnd621839826NotCountBehaviorCommanderPrestigeDehakaPackLeadersExitGameCompleteOnlyNotCountBehaviorCommanderPrestigeDehakaPackLeadersExitGameEndCompleteOnly	CRequirementAnd	游戏数据/官方SC2原始文本镜像/mods/starcoop/starcoop.sc2mod/base.sc2data/gamedata/requirementnodedata.xml	D:\MyWork\新建文件夹\mom.report.client\src\MyMod\crys_the_swarm_reborn.SC2Mod\原始mod\Mods\XM\XMFinal.SC2Mod\Base.SC2Data\GameData\RequirementNodeData.xml	added_or_newer_duplicate
AndCountUnitDehakaMurvarStructureCompleteOnlyAnd621839826NotCountBehaviorCommanderPrestigeDehakaPackLeadersExitGameCompleteOnlyNotCountBehaviorCommanderPrestigeDehakaPackLeadersExitGameEndCompleteOnly	CRequirementAnd	游戏数据/官方SC2原始文本镜像/mods/starcoop/starcoop.sc2mod/base.sc2data/gamedata/requirementnodedata.xml	D:\MyWork\新建文件夹\mom.report.client\src\MyMod\crys_the_swarm_reborn.SC2Mod\原始mod\Mods\XM\XMFinal.SC2Mod\Base.SC2Data\GameData\RequirementNodeData.xml	added_or_newer_duplicate
AndCountUnitDrakkenLaserDrillCoopCompleteOnlyCountUpgradeDrakkenLaserDrillBFGCompleteOnly3853927576	CRequirementAnd	游戏数据/官方SC2原始文本镜像/mods/starcoop/starcoop.sc2mod/base.sc2data/gamedata/requirementnodedata.xml	D:\MyWork\新建文件夹\mom.report.client\src\MyMod\crys_the_swarm_reborn.SC2Mod\原始mod\Mods\XM\XMFinal.SC2Mod\Base.SC2Data\GameData\RequirementNodeData.xml	added_or_newer_duplicate
AndCountUnitDrakkenLaserDrillCoopCompleteOnlyCountUpgradeDrakkenLaserDrillNukeCompleteOnly3932373090	CRequirementAnd	游戏数据/官方SC2原始文本镜像/mods/starcoop/starcoop.sc2mod/base.sc2data/gamedata/requirementnodedata.xml	D:\MyWork\新建文件夹\mom.report.client\src\MyMod\crys_the_swarm_reborn.SC2Mod\原始mod\Mods\XM\XMFinal.SC2Mod\Base.SC2Data\GameData\RequirementNodeData.xml	added_or_newer_duplicate
AndCountUnitZeratulCyberneticsCoreCompleteOnlyCountUpgradeZeratulArtifactTier1CompleteOnly	CRequirementAnd	游戏数据/官方SC2原始文本镜像/mods/starcoop/starcoop.sc2mod/base.sc2data/gamedata/commanders/futurecommanders.xml	D:\MyWork\新建文件夹\mom.report.client\src\MyMod\crys_the_swarm_reborn.SC2Mod\原始mod\Mods\XM\XMFinal.SC2Mod\Base.SC2Data\GameData\RequirementNodeData.xml	added_or_newer_duplicate
AndCountUnitZeratulCyberneticsCoreCompleteOnlyCountUpgradeZeratulArtifactTier2CompleteOnly	CRequirementAnd	游戏数据/官方SC2原始文本镜像/mods/starcoop/starcoop.sc2mod/base.sc2data/gamedata/commanders/futurecommanders.xml	D:\MyWork\新建文件夹\mom.report.client\src\MyMod\crys_the_swarm_reborn.SC2Mod\原始mod\Mods\XM\XMFinal.SC2Mod\Base.SC2Data\GameData\RequirementNodeData.xml	added_or_newer_duplicate
AndCountUnitZeratulCyberneticsCoreCompleteOnlyCountUpgradeZeratulArtifactTier3CompleteOnly	CRequirementAnd	游戏数据/官方SC2原始文本镜像/mods/starcoop/starcoop.sc2mod/base.sc2data/gamedata/commanders/futurecommanders.xml	D:\MyWork\新建文件夹\mom.report.client\src\MyMod\crys_the_swarm_reborn.SC2Mod\原始mod\Mods\XM\XMFinal.SC2Mod\Base.SC2Data\GameData\RequirementNodeData.xml	added_or_newer_duplicate
AndCountUnitZeratulDarkShrineCompleteOnlyCountUpgradeZeratulArtifactTier1CompleteOnly	CRequirementAnd	游戏数据/官方SC2原始文本镜像/mods/starcoop/starcoop.sc2mod/base.sc2data/gamedata/commanders/futurecommanders.xml	D:\MyWork\新建文件夹\mom.report.client\src\MyMod\crys_the_swarm_reborn.SC2Mod\原始mod\Mods\XM\XMFinal.SC2Mod\Base.SC2Data\GameData\RequirementNodeData.xml	added_or_newer_duplicate
AndCountUnitZeratulDarkShrineCompleteOnlyCountUpgradeZeratulArtifactTier2CompleteOnly	CRequirementAnd	游戏数据/官方SC2原始文本镜像/mods/starcoop/starcoop.sc2mod/base.sc2data/gamedata/commanders/futurecommanders.xml	D:\MyWork\新建文件夹\mom.report.client\src\MyMod\crys_the_swarm_reborn.SC2Mod\原始mod\Mods\XM\XMFinal.SC2Mod\Base.SC2Data\GameData\RequirementNodeData.xml	added_or_newer_duplicate
AndCountUnitZeratulDarkShrineCompleteOnlyCountUpgradeZeratulArtifactTier3CompleteOnly	CRequirementAnd	游戏数据/官方SC2原始文本镜像/mods/starcoop/starcoop.sc2mod/base.sc2data/gamedata/commanders/futurecommanders.xml	D:\MyWork\新建文件夹\mom.report.client\src\MyMod\crys_the_swarm_reborn.SC2Mod\原始mod\Mods\XM\XMFinal.SC2Mod\Base.SC2Data\GameData\RequirementNodeData.xml	added_or_newer_duplicate
AndCountUnitZeratulRoboticsBayCompleteOnlyCountUpgradeZeratulArtifactTier1CompleteOnly	CRequirementAnd	游戏数据/官方SC2原始文本镜像/mods/starcoop/starcoop.sc2mod/base.sc2data/gamedata/commanders/futurecommanders.xml	D:\MyWork\新建文件夹\mom.report.client\src\MyMod\crys_the_swarm_reborn.SC2Mod\原始mod\Mods\XM\XMFinal.SC2Mod\Base.SC2Data\GameData\RequirementNodeData.xml	added_or_newer_duplicate
AndCountUnitZeratulRoboticsBayCompleteOnlyCountUpgradeZeratulArtifactTier2CompleteOnly	CRequirementAnd	游戏数据/官方SC2原始文本镜像/mods/starcoop/starcoop.sc2mod/base.sc2data/gamedata/commanders/futurecommanders.xml	D:\MyWork\新建文件夹\mom.report.client\src\MyMod\crys_the_swarm_reborn.SC2Mod\原始mod\Mods\XM\XMFinal.SC2Mod\Base.SC2Data\GameData\RequirementNodeData.xml	added_or_newer_duplicate
AndCountUnitZeratulRoboticsBayCompleteOnlyCountUpgradeZeratulArtifactTier3CompleteOnly	CRequirementAnd	游戏数据/官方SC2原始文本镜像/mods/starcoop/starcoop.sc2mod/base.sc2data/gamedata/commanders/futurecommanders.xml	D:\MyWork\新建文件夹\mom.report.client\src\MyMod\crys_the_swarm_reborn.SC2Mod\原始mod\Mods\XM\XMFinal.SC2Mod\Base.SC2Data\GameData\RequirementNodeData.xml	added_or_newer_duplicate
AndCountUpgradeAlarakCommanderCompleteOnlyGT10CountUpgradeCommanderLevelCompleteOnlyNot1225867992CountBehaviorUnderConstructionCompleteOnlyAtUnit	CRequirementAnd	游戏数据/官方SC2原始文本镜像/mods/starcoop/starcoop.sc2mod/base.sc2data/gamedata/requirementnodedata.xml	D:\MyWork\新建文件夹\mom.report.client\src\MyMod\crys_the_swarm_reborn.SC2Mod\原始mod\Mods\XM\XMFinal.SC2Mod\Base.SC2Data\GameData\RequirementNodeData.xml	added_or_newer_duplicate
AndCountUpgradeArtanisCommanderCompleteOnlyGT10CountUpgradeCommanderLevelCompleteOnlyNot1225867992CountBehaviorUnderConstructionCompleteOnlyAtUnit	CRequirementAnd	游戏数据/官方SC2原始文本镜像/mods/starcoop/starcoop.sc2mod/base.sc2data/gamedata/requirementnodedata.xml	D:\MyWork\新建文件夹\mom.report.client\src\MyMod\crys_the_swarm_reborn.SC2Mod\原始mod\Mods\XM\XMFinal.SC2Mod\Base.SC2Data\GameData\RequirementNodeData.xml	added_or_newer_duplicate
AndCountUpgradeArtanisCommanderCompleteOnlyGT2CountUpgradeCommanderLevelCompleteOnlyNot1225867992CountBehaviorUnderConstructionCompleteOnlyAtUnit	CRequirementAnd	游戏数据/官方SC2原始文本镜像/mods/starcoop/starcoop.sc2mod/base.sc2data/gamedata/requirementnodedata.xml	D:\MyWork\新建文件夹\mom.report.client\src\MyMod\crys_the_swarm_reborn.SC2Mod\原始mod\Mods\XM\XMFinal.SC2Mod\Base.SC2Data\GameData\RequirementNodeData.xml	added_or_newer_duplicate
AndCountUpgradeArtanisCommanderCompleteOnlyGT8CountUpgradeCommanderLevelCompleteOnlyNot1225867992CountBehaviorUnderConstructionCompleteOnlyAtUnit	CRequirementAnd	游戏数据/官方SC2原始文本镜像/mods/starcoop/starcoop.sc2mod/base.sc2data/gamedata/requirementnodedata.xml	D:\MyWork\新建文件夹\mom.report.client\src\MyMod\crys_the_swarm_reborn.SC2Mod\原始mod\Mods\XM\XMFinal.SC2Mod\Base.SC2Data\GameData\RequirementNodeData.xml	added_or_newer_duplicate
AndCountUpgradeFenixCommanderCompleteOnlyGT3CountUpgradeCommanderLevelCompleteOnly	CRequirementAnd	游戏数据/官方SC2原始文本镜像/mods/starcoop/starcoop.sc2mod/base.sc2data/gamedata/requirementnodedata.xml	D:\MyWork\新建文件夹\mom.report.client\src\MyMod\crys_the_swarm_reborn.SC2Mod\原始mod\Mods\XM\XMFinal.SC2Mod\Base.SC2Data\GameData\RequirementNodeData.xml	added_or_newer_duplicate
AndCountUpgradeHornerCommanderCompleteOnlyGT10CountUpgradeCommanderLevelCompleteOnlyNot1225867992CountBehaviorUnderConstructionCompleteOnlyAtUnit	CRequirementAnd	游戏数据/官方SC2原始文本镜像/mods/starcoop/starcoop.sc2mod/base.sc2data/gamedata/requirementnodedata.xml	D:\MyWork\新建文件夹\mom.report.client\src\MyMod\crys_the_swarm_reborn.SC2Mod\原始mod\Mods\XM\XMFinal.SC2Mod\Base.SC2Data\GameData\RequirementNodeData.xml	added_or_newer_duplicate
AndCountUpgradeHornerCommanderCompleteOnlyGT2CountUpgradeCommanderLevelCompleteOnlyNot1225867992CountBehaviorUnderConstructionCompleteOnlyAtUnit	CRequirementAnd	游戏数据/官方SC2原始文本镜像/mods/starcoop/starcoop.sc2mod/base.sc2data/gamedata/requirementnodedata.xml	D:\MyWork\新建文件夹\mom.report.client\src\MyMod\crys_the_swarm_reborn.SC2Mod\原始mod\Mods\XM\XMFinal.SC2Mod\Base.SC2Data\GameData\RequirementNodeData.xml	added_or_newer_duplicate
AndCountUpgradeHornerCommanderCompleteOnlyGT5CountUpgradeCommanderLevelCompleteOnlyNot1225867992CountBehaviorUnderConstructionCompleteOnlyAtUnit	CRequirementAnd	游戏数据/官方SC2原始文本镜像/mods/starcoop/starcoop.sc2mod/base.sc2data/gamedata/requirementnodedata.xml	D:\MyWork\新建文件夹\mom.report.client\src\MyMod\crys_the_swarm_reborn.SC2Mod\原始mod\Mods\XM\XMFinal.SC2Mod\Base.SC2Data\GameData\RequirementNodeData.xml	added_or_newer_duplicate
AndCountUpgradeKaraxCommanderCompleteOnlyGT10CountUpgradeCommanderLevelCompleteOnlyNot1225867992CountBehaviorUnderConstructionCompleteOnlyAtUnit	CRequirementAnd	游戏数据/官方SC2原始文本镜像/mods/starcoop/starcoop.sc2mod/base.sc2data/gamedata/requirementnodedata.xml	D:\MyWork\新建文件夹\mom.report.client\src\MyMod\crys_the_swarm_reborn.SC2Mod\原始mod\Mods\XM\XMFinal.SC2Mod\Base.SC2Data\GameData\RequirementNodeData.xml	added_or_newer_duplicate
AndCountUpgradeKaraxCommanderCompleteOnlyGT2CountUpgradeCommanderLevelCompleteOnlyNot1225867992CountBehaviorUnderConstructionCompleteOnlyAtUnit	CRequirementAnd	游戏数据/官方SC2原始文本镜像/mods/starcoop/starcoop.sc2mod/base.sc2data/gamedata/requirementnodedata.xml	D:\MyWork\新建文件夹\mom.report.client\src\MyMod\crys_the_swarm_reborn.SC2Mod\原始mod\Mods\XM\XMFinal.SC2Mod\Base.SC2Data\GameData\RequirementNodeData.xml	added_or_newer_duplicate
AndCountUpgradeKaraxCommanderCompleteOnlyGT7CountUpgradeCommanderLevelCompleteOnlyNot1225867992CountBehaviorUnderConstructionCompleteOnlyAtUnit	CRequirementAnd	游戏数据/官方SC2原始文本镜像/mods/starcoop/starcoop.sc2mod/base.sc2data/gamedata/requirementnodedata.xml	D:\MyWork\新建文件夹\mom.report.client\src\MyMod\crys_the_swarm_reborn.SC2Mod\原始mod\Mods\XM\XMFinal.SC2Mod\Base.SC2Data\GameData\RequirementNodeData.xml	added_or_newer_duplicate
AndCountUpgradeKerriganCommanderCompleteOnlyGT10CountUpgradeCommanderLevelCompleteOnlyNot1225867992CountBehaviorUnderConstructionCompleteOnlyAtUnit	CRequirementAnd	游戏数据/官方SC2原始文本镜像/mods/starcoop/starcoop.sc2mod/base.sc2data/gamedata/requirementnodedata.xml	D:\MyWork\新建文件夹\mom.report.client\src\MyMod\crys_the_swarm_reborn.SC2Mod\原始mod\Mods\XM\XMFinal.SC2Mod\Base.SC2Data\GameData\RequirementNodeData.xml	added_or_newer_duplicate
AndCountUpgradeKerriganCommanderCompleteOnlyGT15CountUpgradeCommanderLevelCompleteOnlyNot1225867992CountBehaviorUnderConstructionCompleteOnlyAtUnit	CRequirementAnd	游戏数据/官方SC2原始文本镜像/mods/starcoop/starcoop.sc2mod/base.sc2data/gamedata/requirementnodedata.xml	D:\MyWork\新建文件夹\mom.report.client\src\MyMod\crys_the_swarm_reborn.SC2Mod\原始mod\Mods\XM\XMFinal.SC2Mod\Base.SC2Data\GameData\RequirementNodeData.xml	added_or_newer_duplicate
AndCountUpgradeKerriganCommanderCompleteOnlyGT2CountUpgradeCommanderLevelCompleteOnlyNot1225867992CountBehaviorUnderConstructionCompleteOnlyAtUnit	CRequirementAnd	游戏数据/官方SC2原始文本镜像/mods/starcoop/starcoop.sc2mod/base.sc2data/gamedata/requirementnodedata.xml	D:\MyWork\新建文件夹\mom.report.client\src\MyMod\crys_the_swarm_reborn.SC2Mod\原始mod\Mods\XM\XMFinal.SC2Mod\Base.SC2Data\GameData\RequirementNodeData.xml	added_or_newer_duplicate
AndCountUpgradeKerriganCommanderCompleteOnlyGT9CountUpgradeCommanderLevelCompleteOnlyNot1225867992CountBehaviorUnderConstructionCompleteOnlyAtUnit	CRequirementAnd	游戏数据/官方SC2原始文本镜像/mods/starcoop/starcoop.sc2mod/base.sc2data/gamedata/requirementnodedata.xml	D:\MyWork\新建文件夹\mom.report.client\src\MyMod\crys_the_swarm_reborn.SC2Mod\原始mod\Mods\XM\XMFinal.SC2Mod\Base.SC2Data\GameData\RequirementNodeData.xml	added_or_newer_duplicate
AndCountUpgradeMengskCommanderCompleteOnlyGT10CountUpgradeCommanderLevelCompleteOnlyNot1225867992CountBehaviorUnderConstructionCompleteOnlyAtUnit	CRequirementAnd	游戏数据/官方SC2原始文本镜像/mods/starcoop/commanders/arcturusmengsk.sc2mod/base.sc2data/gamedata/requirementnodedata.xml	D:\MyWork\新建文件夹\mom.report.client\src\MyMod\crys_the_swarm_reborn.SC2Mod\原始mod\Mods\XM\XMFinal.SC2Mod\Base.SC2Data\GameData\RequirementNodeData.xml	added_or_newer_duplicate
AndCountUpgradeMengskCommanderCompleteOnlyGT4CountUpgradeCommanderLevelCompleteOnlyNot1225867992CountBehaviorUnderConstructionCompleteOnlyAtUnit	CRequirementAnd	游戏数据/官方SC2原始文本镜像/mods/starcoop/commanders/arcturusmengsk.sc2mod/base.sc2data/gamedata/requirementnodedata.xml	D:\MyWork\新建文件夹\mom.report.client\src\MyMod\crys_the_swarm_reborn.SC2Mod\原始mod\Mods\XM\XMFinal.SC2Mod\Base.SC2Data\GameData\RequirementNodeData.xml	added_or_newer_duplicate
AndCountUpgradeNovaCommanderCompleteOnlyGT2CountUpgradeCommanderLevelCompleteOnlyNot1225867992CountBehaviorUnderConstructionCompleteOnlyAtUnit	CRequirementAnd	游戏数据/官方SC2原始文本镜像/mods/starcoop/starcoop.sc2mod/base.sc2data/gamedata/requirementnodedata.xml	D:\MyWork\新建文件夹\mom.report.client\src\MyMod\crys_the_swarm_reborn.SC2Mod\原始mod\Mods\XM\XMFinal.SC2Mod\Base.SC2Data\GameData\RequirementNodeData.xml	added_or_newer_duplicate
AndCountUpgradeNovaCommanderCompleteOnlyGT5CountUpgradeCommanderLevelCompleteOnlyNot1225867992CountBehaviorUnderConstructionCompleteOnlyAtUnit	CRequirementAnd	游戏数据/官方SC2原始文本镜像/mods/starcoop/starcoop.sc2mod/base.sc2data/gamedata/requirementnodedata.xml	D:\MyWork\新建文件夹\mom.report.client\src\MyMod\crys_the_swarm_reborn.SC2Mod\原始mod\Mods\XM\XMFinal.SC2Mod\Base.SC2Data\GameData\RequirementNodeData.xml	added_or_newer_duplicate
AndCountUpgradeRaynorCommanderCompleteOnlyGT2CountUpgradeCommanderLevelCompleteOnlyNot1225867992CountBehaviorUnderConstructionCompleteOnlyAtUnit	CRequirementAnd	游戏数据/官方SC2原始文本镜像/mods/starcoop/starcoop.sc2mod/base.sc2data/gamedata/requirementnodedata.xml	D:\MyWork\新建文件夹\mom.report.client\src\MyMod\crys_the_swarm_reborn.SC2Mod\原始mod\Mods\XM\XMFinal.SC2Mod\Base.SC2Data\GameData\RequirementNodeData.xml	added_or_newer_duplicate
AndCountUpgradeSOASuperShieldCompleteOnlyNotCountUpgradeCommanderPrestigeArtanisOrbitalStrikesCompleteOnly	CRequirementAnd	游戏数据/官方SC2原始文本镜像/mods/starcoop/starcoop.sc2mod/base.sc2data/gamedata/requirementnodedata.xml	D:\MyWork\新建文件夹\mom.report.client\src\MyMod\crys_the_swarm_reborn.SC2Mod\原始mod\Mods\XM\XMFinal.SC2Mod\Base.SC2Data\GameData\RequirementNodeData.xml	added_or_newer_duplicate
AndCountUpgradeStetmannCommanderCompleteOnlyGT2CountUpgradeCommanderLevelCompleteOnly	CRequirementAnd	游戏数据/官方SC2原始文本镜像/mods/starcoop/commanders/egonstetmann.sc2mod/base.sc2data/gamedata/requirementnodedata.xml	D:\MyWork\新建文件夹\mom.report.client\src\MyMod\crys_the_swarm_reborn.SC2Mod\原始mod\Mods\XM\XMFinal.SC2Mod\Base.SC2Data\GameData\RequirementNodeData.xml	added_or_newer_duplicate
AndCountUpgradeStukovCommanderCompleteOnlyGT10CountUpgradeCommanderLevelCompleteOnlyNot1225867992CountBehaviorUnderConstructionCompleteOnlyAtUnit	CRequirementAnd	游戏数据/官方SC2原始文本镜像/mods/starcoop/starcoop.sc2mod/base.sc2data/gamedata/requirementnodedata.xml	D:\MyWork\新建文件夹\mom.report.client\src\MyMod\crys_the_swarm_reborn.SC2Mod\原始mod\Mods\XM\XMFinal.SC2Mod\Base.SC2Data\GameData\RequirementNodeData.xml	added_or_newer_duplicate
AndCountUpgradeStukovCommanderCompleteOnlyGT4CountUpgradeCommanderLevelCompleteOnlyNot1225867992CountBehaviorUnderConstructionCompleteOnlyAtUnit	CRequirementAnd	游戏数据/官方SC2原始文本镜像/mods/starcoop/starcoop.sc2mod/base.sc2data/gamedata/requirementnodedata.xml	D:\MyWork\新建文件夹\mom.report.client\src\MyMod\crys_the_swarm_reborn.SC2Mod\原始mod\Mods\XM\XMFinal.SC2Mod\Base.SC2Data\GameData\RequirementNodeData.xml	added_or_newer_duplicate
AndCountUpgradeSwannCommanderCompleteOnlyGT2CountUpgradeCommanderLevelCompleteOnlyNot1225867992CountBehaviorUnderConstructionCompleteOnlyAtUnit	CRequirementAnd	游戏数据/官方SC2原始文本镜像/mods/starcoop/starcoop.sc2mod/base.sc2data/gamedata/requirementnodedata.xml	D:\MyWork\新建文件夹\mom.report.client\src\MyMod\crys_the_swarm_reborn.SC2Mod\原始mod\Mods\XM\XMFinal.SC2Mod\Base.SC2Data\GameData\RequirementNodeData.xml	added_or_newer_duplicate
AndCountUpgradeSwannCommanderCompleteOnlyGT4CountUpgradeCommanderLevelCompleteOnlyNot1225867992CountBehaviorUnderConstructionCompleteOnlyAtUnit	CRequirementAnd	游戏数据/官方SC2原始文本镜像/mods/starcoop/starcoop.sc2mod/base.sc2data/gamedata/requirementnodedata.xml	D:\MyWork\新建文件夹\mom.report.client\src\MyMod\crys_the_swarm_reborn.SC2Mod\原始mod\Mods\XM\XMFinal.SC2Mod\Base.SC2Data\GameData\RequirementNodeData.xml	added_or_newer_duplicate
AndCountUpgradeTychusCommanderCompleteOnlyGT3CountUpgradeCommanderLevelCompleteOnlyNot1225867992CountBehaviorUnderConstructionCompleteOnlyAtUnit	CRequirementAnd	游戏数据/官方SC2原始文本镜像/mods/starcoop/starcoop.sc2mod/base.sc2data/gamedata/commanders/commandertychus.xml	D:\MyWork\新建文件夹\mom.report.client\src\MyMod\crys_the_swarm_reborn.SC2Mod\原始mod\Mods\XM\XMFinal.SC2Mod\Base.SC2Data\GameData\RequirementNodeData.xml	added_or_newer_duplicate
AndCountUpgradeVorazunCommanderCompleteOnlyGT10CountUpgradeCommanderLevelCompleteOnlyNot1225867992CountBehaviorUnderConstructionCompleteOnlyAtUnit	CRequirementAnd	游戏数据/官方SC2原始文本镜像/mods/starcoop/starcoop.sc2mod/base.sc2data/gamedata/requirementnodedata.xml	D:\MyWork\新建文件夹\mom.report.client\src\MyMod\crys_the_swarm_reborn.SC2Mod\原始mod\Mods\XM\XMFinal.SC2Mod\Base.SC2Data\GameData\RequirementNodeData.xml	added_or_newer_duplicate
AndCountUpgradeVorazunCommanderCompleteOnlyGT13CountUpgradeCommanderLevelCompleteOnlyNot1225867992CountBehaviorUnderConstructionCompleteOnlyAtUnit	CRequirementAnd	游戏数据/官方SC2原始文本镜像/mods/starcoop/starcoop.sc2mod/base.sc2data/gamedata/requirementnodedata.xml	D:\MyWork\新建文件夹\mom.report.client\src\MyMod\crys_the_swarm_reborn.SC2Mod\原始mod\Mods\XM\XMFinal.SC2Mod\Base.SC2Data\GameData\RequirementNodeData.xml	added_or_newer_duplicate
AndCountUpgradeVorazunCommanderCompleteOnlyGT15CountUpgradeCommanderLevelCompleteOnlyNot1225867992CountBehaviorUnderConstructionCompleteOnlyAtUnit	CRequirementAnd	游戏数据/官方SC2原始文本镜像/mods/starcoop/starcoop.sc2mod/base.sc2data/gamedata/requirementnodedata.xml	D:\MyWork\新建文件夹\mom.report.client\src\MyMod\crys_the_swarm_reborn.SC2Mod\原始mod\Mods\XM\XMFinal.SC2Mod\Base.SC2Data\GameData\RequirementNodeData.xml	added_or_newer_duplicate
AndCountUpgradeZagaraCommanderCompleteOnlyGT2CountUpgradeCommanderLevelCompleteOnlyNot1225867992CountBehaviorUnderConstructionCompleteOnlyAtUnit	CRequirementAnd	游戏数据/官方SC2原始文本镜像/mods/starcoop/starcoop.sc2mod/base.sc2data/gamedata/requirementnodedata.xml	D:\MyWork\新建文件夹\mom.report.client\src\MyMod\crys_the_swarm_reborn.SC2Mod\原始mod\Mods\XM\XMFinal.SC2Mod\Base.SC2Data\GameData\RequirementNodeData.xml	added_or_newer_duplicate
AndCountUpgradeZagaraCommanderCompleteOnlyGT7CountUpgradeCommanderLevelCompleteOnlyNot1225867992CountBehaviorUnderConstructionCompleteOnlyAtUnit	CRequirementAnd	游戏数据/官方SC2原始文本镜像/mods/starcoop/starcoop.sc2mod/base.sc2data/gamedata/requirementnodedata.xml	D:\MyWork\新建文件夹\mom.report.client\src\MyMod\crys_the_swarm_reborn.SC2Mod\原始mod\Mods\XM\XMFinal.SC2Mod\Base.SC2Data\GameData\RequirementNodeData.xml	added_or_newer_duplicate
AndCountUpgradeZagaraCommanderCompleteOnlyGT9CountUpgradeCommanderLevelCompleteOnlyNot1225867992CountBehaviorUnderConstructionCompleteOnlyAtUnit	CRequirementAnd	游戏数据/官方SC2原始文本镜像/mods/starcoop/starcoop.sc2mod/base.sc2data/gamedata/requirementnodedata.xml	D:\MyWork\新建文件夹\mom.report.client\src\MyMod\crys_the_swarm_reborn.SC2Mod\原始mod\Mods\XM\XMFinal.SC2Mod\Base.SC2Data\GameData\RequirementNodeData.xml	added_or_newer_duplicate
AndCountUpgradeZagaraCommanderCompleteOnlyLTE9CountUpgradeCommanderLevelCompleteOnly	CRequirementAnd	游戏数据/官方SC2原始文本镜像/mods/starcoop/starcoop.sc2mod/base.sc2data/gamedata/requirementnodedata.xml	D:\MyWork\新建文件夹\mom.report.client\src\MyMod\crys_the_swarm_reborn.SC2Mod\原始mod\Mods\XM\XMFinal.SC2Mod\Base.SC2Data\GameData\RequirementNodeData.xml	added_or_newer_duplicate
AndCountUpgradeZeratulCommanderCompleteOnlyGT11CountUpgradeCommanderLevelCompleteOnly	CRequirementAnd	游戏数据/官方SC2原始文本镜像/mods/starcoop/starcoop.sc2mod/base.sc2data/gamedata/commanders/futurecommanders.xml	D:\MyWork\新建文件夹\mom.report.client\src\MyMod\crys_the_swarm_reborn.SC2Mod\原始mod\Mods\XM\XMFinal.SC2Mod\Base.SC2Data\GameData\RequirementNodeData.xml	added_or_newer_duplicate
AndCountUpgradeZeratulCommanderCompleteOnlyGT2CountUpgradeCommanderLevelCompleteOnly	CRequirementAnd	游戏数据/官方SC2原始文本镜像/mods/starcoop/starcoop.sc2mod/base.sc2data/gamedata/commanders/futurecommanders.xml	D:\MyWork\新建文件夹\mom.report.client\src\MyMod\crys_the_swarm_reborn.SC2Mod\原始mod\Mods\XM\XMFinal.SC2Mod\Base.SC2Data\GameData\RequirementNodeData.xml	added_or_newer_duplicate
AndCountUpgradeZeratulCommanderCompleteOnlyGT8CountUpgradeCommanderLevelCompleteOnly	CRequirementAnd	游戏数据/官方SC2原始文本镜像/mods/starcoop/starcoop.sc2mod/base.sc2data/gamedata/commanders/futurecommanders.xml	D:\MyWork\新建文件夹\mom.report.client\src\MyMod\crys_the_swarm_reborn.SC2Mod\原始mod\Mods\XM\XMFinal.SC2Mod\Base.SC2Data\GameData\RequirementNodeData.xml	added_or_newer_duplicate
AndCountUpgradeZeratulCommanderCompleteOnlyGTECountUpgradeCommanderLevelCompleteOnly11	CRequirementAnd	游戏数据/官方SC2原始文本镜像/mods/starcoop/starcoop.sc2mod/base.sc2data/gamedata/commanders/futurecommanders.xml	D:\MyWork\新建文件夹\mom.report.client\src\MyMod\crys_the_swarm_reborn.SC2Mod\原始mod\Mods\XM\XMFinal.SC2Mod\Base.SC2Data\GameData\RequirementNodeData.xml	added_or_newer_duplicate
AndCountUpgradeZeratulCommanderCompleteOnlyGTECountUpgradeCommanderLevelCompleteOnly13	CRequirementAnd	游戏数据/官方SC2原始文本镜像/mods/starcoop/starcoop.sc2mod/base.sc2data/gamedata/commanders/futurecommanders.xml	D:\MyWork\新建文件夹\mom.report.client\src\MyMod\crys_the_swarm_reborn.SC2Mod\原始mod\Mods\XM\XMFinal.SC2Mod\Base.SC2Data\GameData\RequirementNodeData.xml	added_or_newer_duplicate
AndCountUpgradeZeratulCommanderCompleteOnlyGTECountUpgradeCommanderLevelCompleteOnly3	CRequirementAnd	游戏数据/官方SC2原始文本镜像/mods/starcoop/starcoop.sc2mod/base.sc2data/gamedata/commanders/futurecommanders.xml	D:\MyWork\新建文件夹\mom.report.client\src\MyMod\crys_the_swarm_reborn.SC2Mod\原始mod\Mods\XM\XMFinal.SC2Mod\Base.SC2Data\GameData\RequirementNodeData.xml	added_or_newer_duplicate
AndGTECountUpgradeCommanderLevelCompleteOnly7GTECountUpgradeZergMengskCalldownLevelCompleteOnly3	CRequirementAnd	游戏数据/官方SC2原始文本镜像/mods/starcoop/commanders/arcturusmengsk.sc2mod/base.sc2data/gamedata/requirementnodedata.xml	D:\MyWork\新建文件夹\mom.report.client\src\MyMod\crys_the_swarm_reborn.SC2Mod\原始mod\Mods\XM\XMFinal.SC2Mod\Base.SC2Data\GameData\RequirementNodeData.xml	added_or_newer_duplicate
AndGTECountUpgradeCommanderLevelCompleteOnly7GTECountUpgradeZergMengskCalldownLevelCompleteOnly4	CRequirementAnd	游戏数据/官方SC2原始文本镜像/mods/starcoop/commanders/arcturusmengsk.sc2mod/base.sc2data/gamedata/requirementnodedata.xml	D:\MyWork\新建文件夹\mom.report.client\src\MyMod\crys_the_swarm_reborn.SC2Mod\原始mod\Mods\XM\XMFinal.SC2Mod\Base.SC2Data\GameData\RequirementNodeData.xml	added_or_newer_duplicate
CountBehaviorHHBomberPlatformAreaBombTopBarDummyTimerCompleteOnlyAtUnit	CRequirementCountBehavior	游戏数据/官方SC2原始文本镜像/mods/starcoop/starcoop.sc2mod/base.sc2data/gamedata/requirementnodedata.xml	D:\MyWork\新建文件夹\mom.report.client\src\MyMod\crys_the_swarm_reborn.SC2Mod\原始mod\Mods\XM\XMFinal.SC2Mod\Base.SC2Data\GameData\RequirementNodeData.xml	added_or_newer_duplicate
CountBehaviorHHMagMineChargedCompleteOnly	CRequirementCountBehavior	游戏数据/官方SC2原始文本镜像/mods/starcoop/starcoop.sc2mod/base.sc2data/gamedata/requirementnodedata.xml	D:\MyWork\新建文件夹\mom.report.client\src\MyMod\crys_the_swarm_reborn.SC2Mod\原始mod\Mods\XM\XMFinal.SC2Mod\Base.SC2Data\GameData\RequirementNodeData.xml	added_or_newer_duplicate
CountBehaviorNovaCombatSuitCompleteOnlyAtUnit	CRequirementCountBehavior	游戏数据/官方SC2原始文本镜像/mods/starcoop/starcoop.sc2mod/base.sc2data/gamedata/requirementnodedata.xml	D:\MyWork\新建文件夹\mom.report.client\src\MyMod\crys_the_swarm_reborn.SC2Mod\原始mod\Mods\XM\XMFinal.SC2Mod\Base.SC2Data\GameData\RequirementNodeData.xml	added_or_newer_duplicate
CountBehaviorNovaPermanentlyCloakedCompleteOnlyAtUnit	CRequirementCountBehavior	游戏数据/官方SC2原始文本镜像/mods/starcoop/starcoop.sc2mod/base.sc2data/gamedata/requirementnodedata.xml	D:\MyWork\新建文件夹\mom.report.client\src\MyMod\crys_the_swarm_reborn.SC2Mod\原始mod\Mods\XM\XMFinal.SC2Mod\Base.SC2Data\GameData\RequirementNodeData.xml	added_or_newer_duplicate
CountUnitAlias_ZeratulLegionQueuedOrBetter	CRequirementCountUnit	游戏数据/官方SC2原始文本镜像/mods/starcoop/starcoop.sc2mod/base.sc2data/gamedata/commanders/futurecommanders.xml	D:\MyWork\新建文件夹\mom.report.client\src\MyMod\crys_the_swarm_reborn.SC2Mod\原始mod\Mods\XM\XMFinal.SC2Mod\Base.SC2Data\GameData\RequirementNodeData.xml	added_or_newer_duplicate
CountUnitArtilleryMengskCompleteOnly2292951859TechTreeCheat	CRequirementCountUnit	游戏数据/官方SC2原始文本镜像/mods/starcoop/commanders/arcturusmengsk.sc2mod/base.sc2data/gamedata/requirementnodedata.xml	D:\MyWork\新建文件夹\mom.report.client\src\MyMod\crys_the_swarm_reborn.SC2Mod\原始mod\Mods\XM\XMFinal.SC2Mod\Base.SC2Data\GameData\RequirementNodeData.xml	added_or_newer_duplicate
CountUnitDehakaDakrunStructureCompleteOnly	CRequirementCountUnit	游戏数据/官方SC2原始文本镜像/mods/starcoop/starcoop.sc2mod/base.sc2data/gamedata/requirementnodedata.xml	D:\MyWork\新建文件夹\mom.report.client\src\MyMod\crys_the_swarm_reborn.SC2Mod\原始mod\Mods\XM\XMFinal.SC2Mod\Base.SC2Data\GameData\RequirementNodeData.xml	added_or_newer_duplicate
CountUnitDehakaGlevigStructureCompleteOnly	CRequirementCountUnit	游戏数据/官方SC2原始文本镜像/mods/starcoop/starcoop.sc2mod/base.sc2data/gamedata/requirementnodedata.xml	D:\MyWork\新建文件夹\mom.report.client\src\MyMod\crys_the_swarm_reborn.SC2Mod\原始mod\Mods\XM\XMFinal.SC2Mod\Base.SC2Data\GameData\RequirementNodeData.xml	added_or_newer_duplicate
CountUnitDehakaMurvarStructureCompleteOnly	CRequirementCountUnit	游戏数据/官方SC2原始文本镜像/mods/starcoop/starcoop.sc2mod/base.sc2data/gamedata/requirementnodedata.xml	D:\MyWork\新建文件夹\mom.report.client\src\MyMod\crys_the_swarm_reborn.SC2Mod\原始mod\Mods\XM\XMFinal.SC2Mod\Base.SC2Data\GameData\RequirementNodeData.xml	added_or_newer_duplicate
CountUnitDrakkenLaserDrillCoopCompleteOnly	CRequirementCountUnit	游戏数据/官方SC2原始文本镜像/mods/starcoop/starcoop.sc2mod/base.sc2data/gamedata/requirementnodedata.xml	D:\MyWork\新建文件夹\mom.report.client\src\MyMod\crys_the_swarm_reborn.SC2Mod\原始mod\Mods\XM\XMFinal.SC2Mod\Base.SC2Data\GameData\RequirementNodeData.xml	added_or_newer_duplicate
CountUnitGhostAcademyNovaCompleteOnlyTechTreeCheat	CRequirementCountUnit	游戏数据/官方SC2原始文本镜像/mods/starcoop/starcoop.sc2mod/base.sc2data/gamedata/requirementnodedata.xml	D:\MyWork\新建文件夹\mom.report.client\src\MyMod\crys_the_swarm_reborn.SC2Mod\原始mod\Mods\XM\XMFinal.SC2Mod\Base.SC2Data\GameData\RequirementNodeData.xml	added_or_newer_duplicate
CountUnitTychusMedivacPlatformCompleteOnly	CRequirementCountUnit	游戏数据/官方SC2原始文本镜像/mods/starcoop/starcoop.sc2mod/base.sc2data/gamedata/commanders/commandertychus.xml	D:\MyWork\新建文件夹\mom.report.client\src\MyMod\crys_the_swarm_reborn.SC2Mod\原始mod\Mods\XM\XMFinal.SC2Mod\Base.SC2Data\GameData\RequirementNodeData.xml	added_or_newer_duplicate
CountUpgradeAbathurCommanderCompleteOnly	CRequirementCountUpgrade	游戏数据/官方SC2原始文本镜像/mods/starcoop/starcoop.sc2mod/base.sc2data/gamedata/requirementnodedata.xml	D:\MyWork\新建文件夹\mom.report.client\src\MyMod\crys_the_swarm_reborn.SC2Mod\原始mod\Mods\XM\XMFinal.SC2Mod\Base.SC2Data\GameData\RequirementNodeData.xml	added_or_newer_duplicate
CountUpgradeAlarakStructureImprovedOverchargeCompleteOnly	CRequirementCountUpgrade	游戏数据/官方SC2原始文本镜像/mods/starcoop/starcoop.sc2mod/base.sc2data/gamedata/requirementnodedata.xml	D:\MyWork\新建文件夹\mom.report.client\src\MyMod\crys_the_swarm_reborn.SC2Mod\原始mod\Mods\XM\XMFinal.SC2Mod\Base.SC2Data\GameData\RequirementNodeData.xml	added_or_newer_duplicate
CountUpgradeCommanderPrestigeAlarakDeathFleetCompleteOnly	CRequirementCountUpgrade	游戏数据/官方SC2原始文本镜像/mods/starcoop/starcoop.sc2mod/base.sc2data/gamedata/requirementnodedata.xml	D:\MyWork\新建文件夹\mom.report.client\src\MyMod\crys_the_swarm_reborn.SC2Mod\原始mod\Mods\XM\XMFinal.SC2Mod\Base.SC2Data\GameData\RequirementNodeData.xml	added_or_newer_duplicate
CountUpgradeCommanderPrestigeAlarakEmpowerMeCompleteOnly	CRequirementCountUpgrade	游戏数据/官方SC2原始文本镜像/mods/starcoop/starcoop.sc2mod/base.sc2data/gamedata/requirementnodedata.xml	D:\MyWork\新建文件夹\mom.report.client\src\MyMod\crys_the_swarm_reborn.SC2Mod\原始mod\Mods\XM\XMFinal.SC2Mod\Base.SC2Data\GameData\RequirementNodeData.xml	added_or_newer_duplicate
CountUpgradeCommanderPrestigeArtanisOrbitalStrikesCompleteOnly	CRequirementCountUpgrade	游戏数据/官方SC2原始文本镜像/mods/starcoop/starcoop.sc2mod/base.sc2data/gamedata/requirementnodedata.xml	D:\MyWork\新建文件夹\mom.report.client\src\MyMod\crys_the_swarm_reborn.SC2Mod\原始mod\Mods\XM\XMFinal.SC2Mod\Base.SC2Data\GameData\RequirementNodeData.xml	added_or_newer_duplicate
CountUpgradeCommanderPrestigeArtanisPowerFieldCompleteOnly	CRequirementCountUpgrade	游戏数据/官方SC2原始文本镜像/mods/starcoop/starcoop.sc2mod/base.sc2data/gamedata/requirementnodedata.xml	D:\MyWork\新建文件夹\mom.report.client\src\MyMod\crys_the_swarm_reborn.SC2Mod\原始mod\Mods\XM\XMFinal.SC2Mod\Base.SC2Data\GameData\RequirementNodeData.xml	added_or_newer_duplicate
CountUpgradeCommanderPrestigeFenixSuitSwapCompleteOnly	CRequirementCountUpgrade	游戏数据/官方SC2原始文本镜像/mods/starcoop/starcoop.sc2mod/base.sc2data/gamedata/requirementnodedata.xml	D:\MyWork\新建文件夹\mom.report.client\src\MyMod\crys_the_swarm_reborn.SC2Mod\原始mod\Mods\XM\XMFinal.SC2Mod\Base.SC2Data\GameData\RequirementNodeData.xml	added_or_newer_duplicate
CountUpgradeCommanderPrestigeKaraxStructuresCompleteOnly	CRequirementCountUpgrade	游戏数据/官方SC2原始文本镜像/mods/starcoop/starcoop.sc2mod/base.sc2data/gamedata/requirementnodedata.xml	D:\MyWork\新建文件夹\mom.report.client\src\MyMod\crys_the_swarm_reborn.SC2Mod\原始mod\Mods\XM\XMFinal.SC2Mod\Base.SC2Data\GameData\RequirementNodeData.xml	added_or_newer_duplicate
CountUpgradeCommanderPrestigeKaraxTopBarCompleteOnly	CRequirementCountUpgrade	游戏数据/官方SC2原始文本镜像/mods/starcoop/starcoop.sc2mod/base.sc2data/gamedata/requirementnodedata.xml	D:\MyWork\新建文件夹\mom.report.client\src\MyMod\crys_the_swarm_reborn.SC2Mod\原始mod\Mods\XM\XMFinal.SC2Mod\Base.SC2Data\GameData\RequirementNodeData.xml	added_or_newer_duplicate
CountUpgradeCommanderPrestigeKerriganAssimilationAuraCompleteOnly	CRequirementCountUpgrade	游戏数据/官方SC2原始文本镜像/mods/starcoop/starcoop.sc2mod/base.sc2data/gamedata/requirementnodedata.xml	D:\MyWork\新建文件夹\mom.report.client\src\MyMod\crys_the_swarm_reborn.SC2Mod\原始mod\Mods\XM\XMFinal.SC2Mod\Base.SC2Data\GameData\RequirementNodeData.xml	added_or_newer_duplicate
CountUpgradeCommanderPrestigeMengskArtilleryCompleteOnly	CRequirementCountUpgrade	游戏数据/官方SC2原始文本镜像/mods/starcoop/commanders/arcturusmengsk.sc2mod/base.sc2data/gamedata/requirementnodedata.xml	D:\MyWork\新建文件夹\mom.report.client\src\MyMod\crys_the_swarm_reborn.SC2Mod\原始mod\Mods\XM\XMFinal.SC2Mod\Base.SC2Data\GameData\RequirementNodeData.xml	added_or_newer_duplicate
CountUpgradeCommanderPrestigeRaynorAirCompleteOnly	CRequirementCountUpgrade	游戏数据/官方SC2原始文本镜像/mods/starcoop/starcoop.sc2mod/base.sc2data/gamedata/requirementnodedata.xml	D:\MyWork\新建文件夹\mom.report.client\src\MyMod\crys_the_swarm_reborn.SC2Mod\原始mod\Mods\XM\XMFinal.SC2Mod\Base.SC2Data\GameData\RequirementNodeData.xml	added_or_newer_duplicate
CountUpgradeCommanderPrestigeStetmannStetellitesCompleteOnly	CRequirementCountUpgrade	游戏数据/官方SC2原始文本镜像/mods/starcoop/commanders/egonstetmann.sc2mod/base.sc2data/gamedata/requirementnodedata.xml	D:\MyWork\新建文件夹\mom.report.client\src\MyMod\crys_the_swarm_reborn.SC2Mod\原始mod\Mods\XM\XMFinal.SC2Mod\Base.SC2Data\GameData\RequirementNodeData.xml	added_or_newer_duplicate
CountUpgradeCommanderPrestigeSwannDrillCompleteOnly	CRequirementCountUpgrade	游戏数据/官方SC2原始文本镜像/mods/starcoop/starcoop.sc2mod/base.sc2data/gamedata/requirementnodedata.xml	D:\MyWork\新建文件夹\mom.report.client\src\MyMod\crys_the_swarm_reborn.SC2Mod\原始mod\Mods\XM\XMFinal.SC2Mod\Base.SC2Data\GameData\RequirementNodeData.xml	added_or_newer_duplicate
CountUpgradeCommanderPrestigeTychusOdinCompleteOnly	CRequirementCountUpgrade	游戏数据/官方SC2原始文本镜像/mods/starcoop/starcoop.sc2mod/base.sc2data/gamedata/requirementnodedata.xml	D:\MyWork\新建文件夹\mom.report.client\src\MyMod\crys_the_swarm_reborn.SC2Mod\原始mod\Mods\XM\XMFinal.SC2Mod\Base.SC2Data\GameData\RequirementNodeData.xml	added_or_newer_duplicate
CountUpgradeCommanderPrestigeVorazunTimeStopCompleteOnly	CRequirementCountUpgrade	游戏数据/官方SC2原始文本镜像/mods/starcoop/starcoop.sc2mod/base.sc2data/gamedata/requirementnodedata.xml	D:\MyWork\新建文件夹\mom.report.client\src\MyMod\crys_the_swarm_reborn.SC2Mod\原始mod\Mods\XM\XMFinal.SC2Mod\Base.SC2Data\GameData\RequirementNodeData.xml	skipped_existing
CountUpgradeCommanderPrestigeZagaraZagaraCompleteOnly	CRequirementCountUpgrade	游戏数据/官方SC2原始文本镜像/mods/starcoop/starcoop.sc2mod/base.sc2data/gamedata/requirementnodedata.xml	D:\MyWork\新建文件夹\mom.report.client\src\MyMod\crys_the_swarm_reborn.SC2Mod\原始mod\Mods\XM\XMFinal.SC2Mod\Base.SC2Data\GameData\RequirementNodeData.xml	added_or_newer_duplicate
CountUpgradeDrakkenLaserDrillBFGCompleteOnly3853927576	CRequirementCountUpgrade	游戏数据/官方SC2原始文本镜像/mods/starcoop/starcoop.sc2mod/base.sc2data/gamedata/requirementnodedata.xml	D:\MyWork\新建文件夹\mom.report.client\src\MyMod\crys_the_swarm_reborn.SC2Mod\原始mod\Mods\XM\XMFinal.SC2Mod\Base.SC2Data\GameData\RequirementNodeData.xml	added_or_newer_duplicate
CountUpgradeDrakkenLaserDrillNukeCompleteOnly3932373090	CRequirementCountUpgrade	游戏数据/官方SC2原始文本镜像/mods/starcoop/starcoop.sc2mod/base.sc2data/gamedata/requirementnodedata.xml	D:\MyWork\新建文件夹\mom.report.client\src\MyMod\crys_the_swarm_reborn.SC2Mod\原始mod\Mods\XM\XMFinal.SC2Mod\Base.SC2Data\GameData\RequirementNodeData.xml	added_or_newer_duplicate
CountUpgradeHornerCommanderCompleteOnly	CRequirementCountUpgrade	游戏数据/官方SC2原始文本镜像/mods/starcoop/starcoop.sc2mod/base.sc2data/gamedata/requirementnodedata.xml	D:\MyWork\新建文件夹\mom.report.client\src\MyMod\crys_the_swarm_reborn.SC2Mod\原始mod\Mods\XM\XMFinal.SC2Mod\Base.SC2Data\GameData\RequirementNodeData.xml	added_or_newer_duplicate
CountUpgradeHornerCommanderCompleteOnly	CRequirementCountUpgrade	游戏数据/官方SC2原始文本镜像/mods/starcoop/commanders/arcturusmengsk.sc2mod/base.sc2data/gamedata/requirementnodedata.xml	D:\MyWork\新建文件夹\mom.report.client\src\MyMod\crys_the_swarm_reborn.SC2Mod\原始mod\Mods\XM\XMFinal.SC2Mod\Base.SC2Data\GameData\RequirementNodeData.xml	added_or_newer_duplicate
CountUpgradeK5ChainLightningCompleteOnly594219430	CRequirementCountUpgrade	游戏数据/官方SC2原始文本镜像/mods/starcoop/starcoop.sc2mod/base.sc2data/gamedata/requirementnodedata.xml	D:\MyWork\新建文件夹\mom.report.client\src\MyMod\crys_the_swarm_reborn.SC2Mod\原始mod\Mods\XM\XMFinal.SC2Mod\Base.SC2Data\GameData\RequirementNodeData.xml	added_or_newer_duplicate
CountUpgradeK5CooldownsCompleteOnly3331439891	CRequirementCountUpgrade	游戏数据/官方SC2原始文本镜像/mods/starcoop/starcoop.sc2mod/base.sc2data/gamedata/requirementnodedata.xml	D:\MyWork\新建文件夹\mom.report.client\src\MyMod\crys_the_swarm_reborn.SC2Mod\原始mod\Mods\XM\XMFinal.SC2Mod\Base.SC2Data\GameData\RequirementNodeData.xml	added_or_newer_duplicate
CountUpgradeKaraxSOAChronoPassiveCompleteOnly	CRequirementCountUpgrade	游戏数据/官方SC2原始文本镜像/mods/starcoop/starcoop.sc2mod/base.sc2data/gamedata/requirementnodedata.xml	D:\MyWork\新建文件夹\mom.report.client\src\MyMod\crys_the_swarm_reborn.SC2Mod\原始mod\Mods\XM\XMFinal.SC2Mod\Base.SC2Data\GameData\RequirementNodeData.xml	added_or_newer_duplicate
CountUpgradeKerriganVoidCoopEnergyRegenCompleteOnly3849491716	CRequirementCountUpgrade	游戏数据/官方SC2原始文本镜像/mods/starcoop/starcoop.sc2mod/base.sc2data/gamedata/requirementnodedata.xml	D:\MyWork\新建文件夹\mom.report.client\src\MyMod\crys_the_swarm_reborn.SC2Mod\原始mod\Mods\XM\XMFinal.SC2Mod\Base.SC2Data\GameData\RequirementNodeData.xml	added_or_newer_duplicate
CountUpgradeMasteryAbathurMendHealCompleteOnly	CRequirementCountUpgrade	游戏数据/官方SC2原始文本镜像/mods/starcoop/starcoop.sc2mod/base.sc2data/gamedata/requirementnodedata.xml	D:\MyWork\新建文件夹\mom.report.client\src\MyMod\crys_the_swarm_reborn.SC2Mod\原始mod\Mods\XM\XMFinal.SC2Mod\Base.SC2Data\GameData\RequirementNodeData.xml	added_or_newer_duplicate
CountUpgradeMasteryAbathurToxicNestDamageAndRespawnCompleteOnly	CRequirementCountUpgrade	游戏数据/官方SC2原始文本镜像/mods/starcoop/starcoop.sc2mod/base.sc2data/gamedata/requirementnodedata.xml	D:\MyWork\新建文件夹\mom.report.client\src\MyMod\crys_the_swarm_reborn.SC2Mod\原始mod\Mods\XM\XMFinal.SC2Mod\Base.SC2Data\GameData\RequirementNodeData.xml	added_or_newer_duplicate
CountUpgradeMasteryAlarakDeathFleetCDRCompleteOnly	CRequirementCountUpgrade	游戏数据/官方SC2原始文本镜像/mods/starcoop/starcoop.sc2mod/base.sc2data/gamedata/requirementnodedata.xml	D:\MyWork\新建文件夹\mom.report.client\src\MyMod\crys_the_swarm_reborn.SC2Mod\原始mod\Mods\XM\XMFinal.SC2Mod\Base.SC2Data\GameData\RequirementNodeData.xml	added_or_newer_duplicate
CountUpgradeMasteryAlarakOverchargeShieldsDamageCompleteOnly	CRequirementCountUpgrade	游戏数据/官方SC2原始文本镜像/mods/starcoop/starcoop.sc2mod/base.sc2data/gamedata/requirementnodedata.xml	D:\MyWork\新建文件夹\mom.report.client\src\MyMod\crys_the_swarm_reborn.SC2Mod\原始mod\Mods\XM\XMFinal.SC2Mod\Base.SC2Data\GameData\RequirementNodeData.xml	added_or_newer_duplicate
CountUpgradeMasteryArtanisShieldOverchargeCDRCompleteOnly	CRequirementCountUpgrade	游戏数据/官方SC2原始文本镜像/mods/starcoop/starcoop.sc2mod/base.sc2data/gamedata/requirementnodedata.xml	D:\MyWork\新建文件夹\mom.report.client\src\MyMod\crys_the_swarm_reborn.SC2Mod\原始mod\Mods\XM\XMFinal.SC2Mod\Base.SC2Data\GameData\RequirementNodeData.xml	added_or_newer_duplicate
CountUpgradeMasteryArtanisShieldOverchargeCompleteOnly	CRequirementCountUpgrade	游戏数据/官方SC2原始文本镜像/mods/starcoop/starcoop.sc2mod/base.sc2data/gamedata/requirementnodedata.xml	D:\MyWork\新建文件夹\mom.report.client\src\MyMod\crys_the_swarm_reborn.SC2Mod\原始mod\Mods\XM\XMFinal.SC2Mod\Base.SC2Data\GameData\RequirementNodeData.xml	added_or_newer_duplicate
CountUpgradeMasteryDehakaBossTimedLifeCompleteOnly	CRequirementCountUpgrade	游戏数据/官方SC2原始文本镜像/mods/starcoop/starcoop.sc2mod/base.sc2data/gamedata/requirementnodedata.xml	D:\MyWork\新建文件夹\mom.report.client\src\MyMod\crys_the_swarm_reborn.SC2Mod\原始mod\Mods\XM\XMFinal.SC2Mod\Base.SC2Data\GameData\RequirementNodeData.xml	added_or_newer_duplicate
CountUpgradeMasteryDehakaPrimalWurmCDRCompleteOnly	CRequirementCountUpgrade	游戏数据/官方SC2原始文本镜像/mods/starcoop/starcoop.sc2mod/base.sc2data/gamedata/requirementnodedata.xml	D:\MyWork\新建文件夹\mom.report.client\src\MyMod\crys_the_swarm_reborn.SC2Mod\原始mod\Mods\XM\XMFinal.SC2Mod\Base.SC2Data\GameData\RequirementNodeData.xml	added_or_newer_duplicate
CountUpgradeMasteryFenixSuitAttackSpeedCompleteOnly	CRequirementCountUpgrade	游戏数据/官方SC2原始文本镜像/mods/starcoop/starcoop.sc2mod/base.sc2data/gamedata/requirementnodedata.xml	D:\MyWork\新建文件夹\mom.report.client\src\MyMod\crys_the_swarm_reborn.SC2Mod\原始mod\Mods\XM\XMFinal.SC2Mod\Base.SC2Data\GameData\RequirementNodeData.xml	added_or_newer_duplicate
CountUpgradeMasteryFenixSuitEnergyRegenCompleteOnly	CRequirementCountUpgrade	游戏数据/官方SC2原始文本镜像/mods/starcoop/starcoop.sc2mod/base.sc2data/gamedata/requirementnodedata.xml	D:\MyWork\新建文件夹\mom.report.client\src\MyMod\crys_the_swarm_reborn.SC2Mod\原始mod\Mods\XM\XMFinal.SC2Mod\Base.SC2Data\GameData\RequirementNodeData.xml	added_or_newer_duplicate
CountUpgradeMasteryHornerAirStrikeDistanceCompleteOnly	CRequirementCountUpgrade	游戏数据/官方SC2原始文本镜像/mods/starcoop/starcoop.sc2mod/base.sc2data/gamedata/requirementnodedata.xml	D:\MyWork\新建文件夹\mom.report.client\src\MyMod\crys_the_swarm_reborn.SC2Mod\原始mod\Mods\XM\XMFinal.SC2Mod\Base.SC2Data\GameData\RequirementNodeData.xml	added_or_newer_duplicate
CountUpgradeMasteryHornerBomberRadiusCompleteOnly	CRequirementCountUpgrade	游戏数据/官方SC2原始文本镜像/mods/starcoop/starcoop.sc2mod/base.sc2data/gamedata/requirementnodedata.xml	D:\MyWork\新建文件夹\mom.report.client\src\MyMod\crys_the_swarm_reborn.SC2Mod\原始mod\Mods\XM\XMFinal.SC2Mod\Base.SC2Data\GameData\RequirementNodeData.xml	added_or_newer_duplicate
CountUpgradeMasteryHornerMagMineUpgradesCompleteOnly	CRequirementCountUpgrade	游戏数据/官方SC2原始文本镜像/mods/starcoop/starcoop.sc2mod/base.sc2data/gamedata/requirementnodedata.xml	D:\MyWork\新建文件夹\mom.report.client\src\MyMod\crys_the_swarm_reborn.SC2Mod\原始mod\Mods\XM\XMFinal.SC2Mod\Base.SC2Data\GameData\RequirementNodeData.xml	added_or_newer_duplicate
CountUpgradeMasteryKerriganImmobilizationWaveDamageCompleteOnly	CRequirementCountUpgrade	游戏数据/官方SC2原始文本镜像/mods/starcoop/starcoop.sc2mod/base.sc2data/gamedata/requirementnodedata.xml	D:\MyWork\新建文件夹\mom.report.client\src\MyMod\crys_the_swarm_reborn.SC2Mod\原始mod\Mods\XM\XMFinal.SC2Mod\Base.SC2Data\GameData\RequirementNodeData.xml	added_or_newer_duplicate
CountUpgradeMasteryMengskTopPanelPowerCompleteOnly	CRequirementCountUpgrade	游戏数据/官方SC2原始文本镜像/mods/starcoop/commanders/arcturusmengsk.sc2mod/base.sc2data/gamedata/requirementnodedata.xml	D:\MyWork\新建文件夹\mom.report.client\src\MyMod\crys_the_swarm_reborn.SC2Mod\原始mod\Mods\XM\XMFinal.SC2Mod\Base.SC2Data\GameData\RequirementNodeData.xml	added_or_newer_duplicate
CountUpgradeMasteryNovaGriffinCostCompleteOnly	CRequirementCountUpgrade	游戏数据/官方SC2原始文本镜像/mods/starcoop/starcoop.sc2mod/base.sc2data/gamedata/requirementnodedata.xml	D:\MyWork\新建文件夹\mom.report.client\src\MyMod\crys_the_swarm_reborn.SC2Mod\原始mod\Mods\XM\XMFinal.SC2Mod\Base.SC2Data\GameData\RequirementNodeData.xml	added_or_newer_duplicate
CountUpgradeMasteryNovaNukeAndHoloDecoyCooldownCompleteOnly	CRequirementCountUpgrade	游戏数据/官方SC2原始文本镜像/mods/starcoop/starcoop.sc2mod/base.sc2data/gamedata/requirementnodedata.xml	D:\MyWork\新建文件夹\mom.report.client\src\MyMod\crys_the_swarm_reborn.SC2Mod\原始mod\Mods\XM\XMFinal.SC2Mod\Base.SC2Data\GameData\RequirementNodeData.xml	added_or_newer_duplicate
CountUpgradeMasteryRaynorDuskWingCooldownCompleteOnly	CRequirementCountUpgrade	游戏数据/官方SC2原始文本镜像/mods/starcoop/starcoop.sc2mod/base.sc2data/gamedata/requirementnodedata.xml	D:\MyWork\新建文件夹\mom.report.client\src\MyMod\crys_the_swarm_reborn.SC2Mod\原始mod\Mods\XM\XMFinal.SC2Mod\Base.SC2Data\GameData\RequirementNodeData.xml	added_or_newer_duplicate
CountUpgradeMasteryRaynorHyperionCooldownCompleteOnly	CRequirementCountUpgrade	游戏数据/官方SC2原始文本镜像/mods/starcoop/starcoop.sc2mod/base.sc2data/gamedata/requirementnodedata.xml	D:\MyWork\新建文件夹\mom.report.client\src\MyMod\crys_the_swarm_reborn.SC2Mod\原始mod\Mods\XM\XMFinal.SC2Mod\Base.SC2Data\GameData\RequirementNodeData.xml	added_or_newer_duplicate
CountUpgradeMasteryStetmannDeployStetelliteCooldownCompleteOnly	CRequirementCountUpgrade	游戏数据/官方SC2原始文本镜像/mods/starcoop/commanders/egonstetmann.sc2mod/base.sc2data/gamedata/requirementnodedata.xml	D:\MyWork\新建文件夹\mom.report.client\src\MyMod\crys_the_swarm_reborn.SC2Mod\原始mod\Mods\XM\XMFinal.SC2Mod\Base.SC2Data\GameData\RequirementNodeData.xml	added_or_newer_duplicate
CountUpgradeMasteryStetmannStetzoneBonusesCompleteOnly	CRequirementCountUpgrade	游戏数据/官方SC2原始文本镜像/mods/starcoop/commanders/egonstetmann.sc2mod/base.sc2data/gamedata/requirementnodedata.xml	D:\MyWork\新建文件夹\mom.report.client\src\MyMod\crys_the_swarm_reborn.SC2Mod\原始mod\Mods\XM\XMFinal.SC2Mod\Base.SC2Data\GameData\RequirementNodeData.xml	added_or_newer_duplicate
CountUpgradeMasteryStukovAleksanderCDRCompleteOnly	CRequirementCountUpgrade	游戏数据/官方SC2原始文本镜像/mods/starcoop/starcoop.sc2mod/base.sc2data/gamedata/requirementnodedata.xml	D:\MyWork\新建文件夹\mom.report.client\src\MyMod\crys_the_swarm_reborn.SC2Mod\原始mod\Mods\XM\XMFinal.SC2Mod\Base.SC2Data\GameData\RequirementNodeData.xml	added_or_newer_duplicate
CountUpgradeMasteryStukovApocaliskCDRCompleteOnly	CRequirementCountUpgrade	游戏数据/官方SC2原始文本镜像/mods/starcoop/starcoop.sc2mod/base.sc2data/gamedata/requirementnodedata.xml	D:\MyWork\新建文件夹\mom.report.client\src\MyMod\crys_the_swarm_reborn.SC2Mod\原始mod\Mods\XM\XMFinal.SC2Mod\Base.SC2Data\GameData\RequirementNodeData.xml	added_or_newer_duplicate
CountUpgradeMasteryStukovInfestStructureCDRCompleteOnly	CRequirementCountUpgrade	游戏数据/官方SC2原始文本镜像/mods/starcoop/starcoop.sc2mod/base.sc2data/gamedata/requirementnodedata.xml	D:\MyWork\新建文件夹\mom.report.client\src\MyMod\crys_the_swarm_reborn.SC2Mod\原始mod\Mods\XM\XMFinal.SC2Mod\Base.SC2Data\GameData\RequirementNodeData.xml	added_or_newer_duplicate
CountUpgradeMasterySwannCombatDropCompleteOnly	CRequirementCountUpgrade	游戏数据/官方SC2原始文本镜像/mods/starcoop/starcoop.sc2mod/base.sc2data/gamedata/requirementnodedata.xml	D:\MyWork\新建文件夹\mom.report.client\src\MyMod\crys_the_swarm_reborn.SC2Mod\原始mod\Mods\XM\XMFinal.SC2Mod\Base.SC2Data\GameData\RequirementNodeData.xml	added_or_newer_duplicate
CountUpgradeMasterySwannConcentratedBeamCompleteOnly	CRequirementCountUpgrade	游戏数据/官方SC2原始文本镜像/mods/starcoop/starcoop.sc2mod/base.sc2data/gamedata/requirementnodedata.xml	D:\MyWork\新建文件夹\mom.report.client\src\MyMod\crys_the_swarm_reborn.SC2Mod\原始mod\Mods\XM\XMFinal.SC2Mod\Base.SC2Data\GameData\RequirementNodeData.xml	added_or_newer_duplicate
CountUpgradeMasterySwannLaserDrillBuildTimeCompleteOnly	CRequirementCountUpgrade	游戏数据/官方SC2原始文本镜像/mods/starcoop/starcoop.sc2mod/base.sc2data/gamedata/requirementnodedata.xml	D:\MyWork\新建文件夹\mom.report.client\src\MyMod\crys_the_swarm_reborn.SC2Mod\原始mod\Mods\XM\XMFinal.SC2Mod\Base.SC2Data\GameData\RequirementNodeData.xml	added_or_newer_duplicate
CountUpgradeMasteryTychusMedivacBuffCompleteOnly	CRequirementCountUpgrade	游戏数据/官方SC2原始文本镜像/mods/starcoop/starcoop.sc2mod/base.sc2data/gamedata/commanders/commandertychus.xml	D:\MyWork\新建文件夹\mom.report.client\src\MyMod\crys_the_swarm_reborn.SC2Mod\原始mod\Mods\XM\XMFinal.SC2Mod\Base.SC2Data\GameData\RequirementNodeData.xml	added_or_newer_duplicate
CountUpgradeMasteryTychusOdinCooldownCompleteOnly	CRequirementCountUpgrade	游戏数据/官方SC2原始文本镜像/mods/starcoop/starcoop.sc2mod/base.sc2data/gamedata/commanders/commandertychus.xml	D:\MyWork\新建文件夹\mom.report.client\src\MyMod\crys_the_swarm_reborn.SC2Mod\原始mod\Mods\XM\XMFinal.SC2Mod\Base.SC2Data\GameData\RequirementNodeData.xml	added_or_newer_duplicate
CountUpgradeMasteryVorazunBlackHoleDurationCompleteOnly	CRequirementCountUpgrade	游戏数据/官方SC2原始文本镜像/mods/starcoop/starcoop.sc2mod/base.sc2data/gamedata/requirementnodedata.xml	D:\MyWork\新建文件夹\mom.report.client\src\MyMod\crys_the_swarm_reborn.SC2Mod\原始mod\Mods\XM\XMFinal.SC2Mod\Base.SC2Data\GameData\RequirementNodeData.xml	added_or_newer_duplicate
CountUpgradeMasteryVorazunDarkPylonRadiusCompleteOnly	CRequirementCountUpgrade	游戏数据/官方SC2原始文本镜像/mods/starcoop/starcoop.sc2mod/base.sc2data/gamedata/requirementnodedata.xml	D:\MyWork\新建文件夹\mom.report.client\src\MyMod\crys_the_swarm_reborn.SC2Mod\原始mod\Mods\XM\XMFinal.SC2Mod\Base.SC2Data\GameData\RequirementNodeData.xml	added_or_newer_duplicate
CountUpgradeMasteryVorazunShadowGuardDurationCompleteOnly	CRequirementCountUpgrade	游戏数据/官方SC2原始文本镜像/mods/starcoop/starcoop.sc2mod/base.sc2data/gamedata/requirementnodedata.xml	D:\MyWork\新建文件夹\mom.report.client\src\MyMod\crys_the_swarm_reborn.SC2Mod\原始mod\Mods\XM\XMFinal.SC2Mod\Base.SC2Data\GameData\RequirementNodeData.xml	added_or_newer_duplicate
CountUpgradeMasteryVorazunTimeStopHasteCompleteOnly	CRequirementCountUpgrade	游戏数据/官方SC2原始文本镜像/mods/starcoop/starcoop.sc2mod/base.sc2data/gamedata/requirementnodedata.xml	D:\MyWork\新建文件夹\mom.report.client\src\MyMod\crys_the_swarm_reborn.SC2Mod\原始mod\Mods\XM\XMFinal.SC2Mod\Base.SC2Data\GameData\RequirementNodeData.xml	added_or_newer_duplicate
CountUpgradeMasteryZagaraBanelingsDamageCompleteOnly	CRequirementCountUpgrade	游戏数据/官方SC2原始文本镜像/mods/starcoop/starcoop.sc2mod/base.sc2data/gamedata/requirementnodedata.xml	D:\MyWork\新建文件夹\mom.report.client\src\MyMod\crys_the_swarm_reborn.SC2Mod\原始mod\Mods\XM\XMFinal.SC2Mod\Base.SC2Data\GameData\RequirementNodeData.xml	added_or_newer_duplicate
CountUpgradeMasteryZagaraMassFrenzySpeedBoostCompleteOnly	CRequirementCountUpgrade	游戏数据/官方SC2原始文本镜像/mods/starcoop/starcoop.sc2mod/base.sc2data/gamedata/requirementnodedata.xml	D:\MyWork\新建文件夹\mom.report.client\src\MyMod\crys_the_swarm_reborn.SC2Mod\原始mod\Mods\XM\XMFinal.SC2Mod\Base.SC2Data\GameData\RequirementNodeData.xml	added_or_newer_duplicate
CountUpgradeMasteryZeratulAvatarCooldownCompleteOnly	CRequirementCountUpgrade	游戏数据/官方SC2原始文本镜像/mods/starcoop/starcoop.sc2mod/base.sc2data/gamedata/requirementnodedata.xml	D:\MyWork\新建文件夹\mom.report.client\src\MyMod\crys_the_swarm_reborn.SC2Mod\原始mod\Mods\XM\XMFinal.SC2Mod\Base.SC2Data\GameData\RequirementNodeData.xml	added_or_newer_duplicate
CountUpgradeMasteryZeratulLegendaryLegionCostCompleteOnly	CRequirementCountUpgrade	游戏数据/官方SC2原始文本镜像/mods/starcoop/starcoop.sc2mod/base.sc2data/gamedata/requirementnodedata.xml	D:\MyWork\新建文件夹\mom.report.client\src\MyMod\crys_the_swarm_reborn.SC2Mod\原始mod\Mods\XM\XMFinal.SC2Mod\Base.SC2Data\GameData\RequirementNodeData.xml	added_or_newer_duplicate
CountUpgradeMasteryZeratulSupportCalldownCooldownReductionCompleteOnly	CRequirementCountUpgrade	游戏数据/官方SC2原始文本镜像/mods/starcoop/starcoop.sc2mod/base.sc2data/gamedata/requirementnodedata.xml	D:\MyWork\新建文件夹\mom.report.client\src\MyMod\crys_the_swarm_reborn.SC2Mod\原始mod\Mods\XM\XMFinal.SC2Mod\Base.SC2Data\GameData\RequirementNodeData.xml	added_or_newer_duplicate
CountUpgradeMengskCommanderCompleteOnly	CRequirementCountUpgrade	游戏数据/官方SC2原始文本镜像/mods/starcoop/commanders/arcturusmengsk.sc2mod/base.sc2data/gamedata/requirementnodedata.xml	D:\MyWork\新建文件夹\mom.report.client\src\MyMod\crys_the_swarm_reborn.SC2Mod\原始mod\Mods\XM\XMFinal.SC2Mod\Base.SC2Data\GameData\RequirementNodeData.xml	added_or_newer_duplicate
CountUpgradeNovaCommanderCompleteOnly	CRequirementCountUpgrade	游戏数据/官方SC2原始文本镜像/mods/starcoop/starcoop.sc2mod/base.sc2data/gamedata/requirementnodedata.xml	D:\MyWork\新建文件夹\mom.report.client\src\MyMod\crys_the_swarm_reborn.SC2Mod\原始mod\Mods\XM\XMFinal.SC2Mod\Base.SC2Data\GameData\RequirementNodeData.xml	added_or_newer_duplicate
CountUpgradePowerFieldEnergyRegenerationCompleteOnly	CRequirementCountUpgrade	游戏数据/官方SC2原始文本镜像/mods/starcoop/commanders/egonstetmann.sc2mod/base.sc2data/gamedata/requirementnodedata.xml	D:\MyWork\新建文件夹\mom.report.client\src\MyMod\crys_the_swarm_reborn.SC2Mod\原始mod\Mods\XM\XMFinal.SC2Mod\Base.SC2Data\GameData\RequirementNodeData.xml	added_or_newer_duplicate
CountUpgradePowerFieldHPRegenerationCompleteOnly	CRequirementCountUpgrade	游戏数据/官方SC2原始文本镜像/mods/starcoop/commanders/egonstetmann.sc2mod/base.sc2data/gamedata/requirementnodedata.xml	D:\MyWork\新建文件夹\mom.report.client\src\MyMod\crys_the_swarm_reborn.SC2Mod\原始mod\Mods\XM\XMFinal.SC2Mod\Base.SC2Data\GameData\RequirementNodeData.xml	added_or_newer_duplicate
CountUpgradePowerFieldMovementSpeedCompleteOnly	CRequirementCountUpgrade	游戏数据/官方SC2原始文本镜像/mods/starcoop/commanders/egonstetmann.sc2mod/base.sc2data/gamedata/requirementnodedata.xml	D:\MyWork\新建文件夹\mom.report.client\src\MyMod\crys_the_swarm_reborn.SC2Mod\原始mod\Mods\XM\XMFinal.SC2Mod\Base.SC2Data\GameData\RequirementNodeData.xml	added_or_newer_duplicate
CountUpgradeSOAMapWideChronoCompleteOnly	CRequirementCountUpgrade	游戏数据/官方SC2原始文本镜像/mods/starcoop/starcoop.sc2mod/base.sc2data/gamedata/requirementnodedata.xml	D:\MyWork\新建文件夹\mom.report.client\src\MyMod\crys_the_swarm_reborn.SC2Mod\原始mod\Mods\XM\XMFinal.SC2Mod\Base.SC2Data\GameData\RequirementNodeData.xml	added_or_newer_duplicate
CountUpgradeSOARecallonDeathCompleteOnly	CRequirementCountUpgrade	游戏数据/官方SC2原始文本镜像/mods/starcoop/starcoop.sc2mod/base.sc2data/gamedata/requirementnodedata.xml	D:\MyWork\新建文件夹\mom.report.client\src\MyMod\crys_the_swarm_reborn.SC2Mod\原始mod\Mods\XM\XMFinal.SC2Mod\Base.SC2Data\GameData\RequirementNodeData.xml	added_or_newer_duplicate
CountUpgradeSOASuperShieldCompleteOnly	CRequirementCountUpgrade	游戏数据/官方SC2原始文本镜像/mods/starcoop/starcoop.sc2mod/base.sc2data/gamedata/requirementnodedata.xml	D:\MyWork\新建文件夹\mom.report.client\src\MyMod\crys_the_swarm_reborn.SC2Mod\原始mod\Mods\XM\XMFinal.SC2Mod\Base.SC2Data\GameData\RequirementNodeData.xml	added_or_newer_duplicate
CountUpgradeStukovCommanderCompleteOnly	CRequirementCountUpgrade	游戏数据/官方SC2原始文本镜像/mods/starcoop/starcoop.sc2mod/base.sc2data/gamedata/requirementnodedata.xml	D:\MyWork\新建文件夹\mom.report.client\src\MyMod\crys_the_swarm_reborn.SC2Mod\原始mod\Mods\XM\XMFinal.SC2Mod\Base.SC2Data\GameData\RequirementNodeData.xml	added_or_newer_duplicate
CountUpgradeTychusCommanderCompleteOnly	CRequirementCountUpgrade	游戏数据/官方SC2原始文本镜像/mods/starcoop/starcoop.sc2mod/base.sc2data/gamedata/commanders/commandertychus.xml	D:\MyWork\新建文件夹\mom.report.client\src\MyMod\crys_the_swarm_reborn.SC2Mod\原始mod\Mods\XM\XMFinal.SC2Mod\Base.SC2Data\GameData\RequirementNodeData.xml	added_or_newer_duplicate
CountUpgradeTychusOdinRedButtonCompleteOnly	CRequirementCountUpgrade	游戏数据/官方SC2原始文本镜像/mods/starcoop/starcoop.sc2mod/base.sc2data/gamedata/commanders/commandertychus.xml	D:\MyWork\新建文件夹\mom.report.client\src\MyMod\crys_the_swarm_reborn.SC2Mod\原始mod\Mods\XM\XMFinal.SC2Mod\Base.SC2Data\GameData\RequirementNodeData.xml	added_or_newer_duplicate
CountUpgradeVorazunCloakDamageBoostCompleteOnly	CRequirementCountUpgrade	游戏数据/官方SC2原始文本镜像/mods/starcoop/starcoop.sc2mod/base.sc2data/gamedata/requirementnodedata.xml	D:\MyWork\新建文件夹\mom.report.client\src\MyMod\crys_the_swarm_reborn.SC2Mod\原始mod\Mods\XM\XMFinal.SC2Mod\Base.SC2Data\GameData\RequirementNodeData.xml	added_or_newer_duplicate
CountUpgradeZagaraCommanderCompleteOnly	CRequirementCountUpgrade	游戏数据/官方SC2原始文本镜像/mods/starcoop/starcoop.sc2mod/base.sc2data/gamedata/requirementnodedata.xml	D:\MyWork\新建文件夹\mom.report.client\src\MyMod\crys_the_swarm_reborn.SC2Mod\原始mod\Mods\XM\XMFinal.SC2Mod\Base.SC2Data\GameData\RequirementNodeData.xml	added_or_newer_duplicate
CountUpgradeZagaraVoidCoopAttackUpgradeCompleteOnly2363125063	CRequirementCountUpgrade	游戏数据/官方SC2原始文本镜像/mods/starcoop/starcoop.sc2mod/base.sc2data/gamedata/requirementnodedata.xml	D:\MyWork\新建文件夹\mom.report.client\src\MyMod\crys_the_swarm_reborn.SC2Mod\原始mod\Mods\XM\XMFinal.SC2Mod\Base.SC2Data\GameData\RequirementNodeData.xml	added_or_newer_duplicate
CountUpgradeZeratulArtifactUpgradeTier0ACompleteOnly	CRequirementCountUpgrade	游戏数据/官方SC2原始文本镜像/mods/starcoop/starcoop.sc2mod/base.sc2data/gamedata/commanders/futurecommanders.xml	D:\MyWork\新建文件夹\mom.report.client\src\MyMod\crys_the_swarm_reborn.SC2Mod\原始mod\Mods\XM\XMFinal.SC2Mod\Base.SC2Data\GameData\RequirementNodeData.xml	added_or_newer_duplicate
CountUpgradeZeratulArtifactUpgradeTier0BCompleteOnly	CRequirementCountUpgrade	游戏数据/官方SC2原始文本镜像/mods/starcoop/starcoop.sc2mod/base.sc2data/gamedata/commanders/futurecommanders.xml	D:\MyWork\新建文件夹\mom.report.client\src\MyMod\crys_the_swarm_reborn.SC2Mod\原始mod\Mods\XM\XMFinal.SC2Mod\Base.SC2Data\GameData\RequirementNodeData.xml	added_or_newer_duplicate
CountUpgradeZeratulArtifactUpgradeTier0CCompleteOnly	CRequirementCountUpgrade	游戏数据/官方SC2原始文本镜像/mods/starcoop/starcoop.sc2mod/base.sc2data/gamedata/commanders/futurecommanders.xml	D:\MyWork\新建文件夹\mom.report.client\src\MyMod\crys_the_swarm_reborn.SC2Mod\原始mod\Mods\XM\XMFinal.SC2Mod\Base.SC2Data\GameData\RequirementNodeData.xml	added_or_newer_duplicate
CountUpgradeZeratulArtifactUpgradeTier1ACompleteOnly	CRequirementCountUpgrade	游戏数据/官方SC2原始文本镜像/mods/starcoop/starcoop.sc2mod/base.sc2data/gamedata/commanders/futurecommanders.xml	D:\MyWork\新建文件夹\mom.report.client\src\MyMod\crys_the_swarm_reborn.SC2Mod\原始mod\Mods\XM\XMFinal.SC2Mod\Base.SC2Data\GameData\RequirementNodeData.xml	added_or_newer_duplicate
CountUpgradeZeratulArtifactUpgradeTier1BCompleteOnly	CRequirementCountUpgrade	游戏数据/官方SC2原始文本镜像/mods/starcoop/starcoop.sc2mod/base.sc2data/gamedata/commanders/futurecommanders.xml	D:\MyWork\新建文件夹\mom.report.client\src\MyMod\crys_the_swarm_reborn.SC2Mod\原始mod\Mods\XM\XMFinal.SC2Mod\Base.SC2Data\GameData\RequirementNodeData.xml	added_or_newer_duplicate
CountUpgradeZeratulArtifactUpgradeTier1CCompleteOnly	CRequirementCountUpgrade	游戏数据/官方SC2原始文本镜像/mods/starcoop/starcoop.sc2mod/base.sc2data/gamedata/commanders/futurecommanders.xml	D:\MyWork\新建文件夹\mom.report.client\src\MyMod\crys_the_swarm_reborn.SC2Mod\原始mod\Mods\XM\XMFinal.SC2Mod\Base.SC2Data\GameData\RequirementNodeData.xml	added_or_newer_duplicate
CountUpgradeZeratulArtifactUpgradeTier2ACompleteOnly	CRequirementCountUpgrade	游戏数据/官方SC2原始文本镜像/mods/starcoop/starcoop.sc2mod/base.sc2data/gamedata/commanders/futurecommanders.xml	D:\MyWork\新建文件夹\mom.report.client\src\MyMod\crys_the_swarm_reborn.SC2Mod\原始mod\Mods\XM\XMFinal.SC2Mod\Base.SC2Data\GameData\RequirementNodeData.xml	added_or_newer_duplicate
CountUpgradeZeratulArtifactUpgradeTier2BCompleteOnly	CRequirementCountUpgrade	游戏数据/官方SC2原始文本镜像/mods/starcoop/starcoop.sc2mod/base.sc2data/gamedata/commanders/futurecommanders.xml	D:\MyWork\新建文件夹\mom.report.client\src\MyMod\crys_the_swarm_reborn.SC2Mod\原始mod\Mods\XM\XMFinal.SC2Mod\Base.SC2Data\GameData\RequirementNodeData.xml	added_or_newer_duplicate
CountUpgradeZeratulArtifactUpgradeTier2CCompleteOnly	CRequirementCountUpgrade	游戏数据/官方SC2原始文本镜像/mods/starcoop/starcoop.sc2mod/base.sc2data/gamedata/commanders/futurecommanders.xml	D:\MyWork\新建文件夹\mom.report.client\src\MyMod\crys_the_swarm_reborn.SC2Mod\原始mod\Mods\XM\XMFinal.SC2Mod\Base.SC2Data\GameData\RequirementNodeData.xml	added_or_newer_duplicate
CountUpgradeZeratulArtifactUpgradeTier3ACompleteOnly	CRequirementCountUpgrade	游戏数据/官方SC2原始文本镜像/mods/starcoop/starcoop.sc2mod/base.sc2data/gamedata/commanders/futurecommanders.xml	D:\MyWork\新建文件夹\mom.report.client\src\MyMod\crys_the_swarm_reborn.SC2Mod\原始mod\Mods\XM\XMFinal.SC2Mod\Base.SC2Data\GameData\RequirementNodeData.xml	added_or_newer_duplicate
CountUpgradeZeratulArtifactUpgradeTier3BCompleteOnly	CRequirementCountUpgrade	游戏数据/官方SC2原始文本镜像/mods/starcoop/starcoop.sc2mod/base.sc2data/gamedata/commanders/futurecommanders.xml	D:\MyWork\新建文件夹\mom.report.client\src\MyMod\crys_the_swarm_reborn.SC2Mod\原始mod\Mods\XM\XMFinal.SC2Mod\Base.SC2Data\GameData\RequirementNodeData.xml	added_or_newer_duplicate
CountUpgradeZeratulCommanderCompleteOnly	CRequirementCountUpgrade	游戏数据/官方SC2原始文本镜像/mods/starcoop/starcoop.sc2mod/base.sc2data/gamedata/commanders/futurecommanders.xml	D:\MyWork\新建文件夹\mom.report.client\src\MyMod\crys_the_swarm_reborn.SC2Mod\原始mod\Mods\XM\XMFinal.SC2Mod\Base.SC2Data\GameData\RequirementNodeData.xml	added_or_newer_duplicate
EqCountUpgradePowerFieldEnergyRegenerationCompleteOnly0	CRequirementEq	游戏数据/官方SC2原始文本镜像/mods/starcoop/commanders/egonstetmann.sc2mod/base.sc2data/gamedata/requirementnodedata.xml	D:\MyWork\新建文件夹\mom.report.client\src\MyMod\crys_the_swarm_reborn.SC2Mod\原始mod\Mods\XM\XMFinal.SC2Mod\Base.SC2Data\GameData\RequirementNodeData.xml	added_or_newer_duplicate
EqCountUpgradePowerFieldHPRegenerationCompleteOnly0	CRequirementEq	游戏数据/官方SC2原始文本镜像/mods/starcoop/commanders/egonstetmann.sc2mod/base.sc2data/gamedata/requirementnodedata.xml	D:\MyWork\新建文件夹\mom.report.client\src\MyMod\crys_the_swarm_reborn.SC2Mod\原始mod\Mods\XM\XMFinal.SC2Mod\Base.SC2Data\GameData\RequirementNodeData.xml	added_or_newer_duplicate
EqCountUpgradePowerFieldMovementSpeedCompleteOnly0	CRequirementEq	游戏数据/官方SC2原始文本镜像/mods/starcoop/commanders/egonstetmann.sc2mod/base.sc2data/gamedata/requirementnodedata.xml	D:\MyWork\新建文件夹\mom.report.client\src\MyMod\crys_the_swarm_reborn.SC2Mod\原始mod\Mods\XM\XMFinal.SC2Mod\Base.SC2Data\GameData\RequirementNodeData.xml	added_or_newer_duplicate
GT10CountUpgradeCommanderLevelCompleteOnly	CRequirementGT	游戏数据/官方SC2原始文本镜像/mods/starcoop/starcoop.sc2mod/base.sc2data/gamedata/requirementnodedata.xml	D:\MyWork\新建文件夹\mom.report.client\src\MyMod\crys_the_swarm_reborn.SC2Mod\原始mod\Mods\XM\XMFinal.SC2Mod\Base.SC2Data\GameData\RequirementNodeData.xml	added_or_newer_duplicate
GT2CountUpgradeCommanderLevelCompleteOnly	CRequirementGT	游戏数据/官方SC2原始文本镜像/mods/starcoop/starcoop.sc2mod/base.sc2data/gamedata/requirementnodedata.xml	D:\MyWork\新建文件夹\mom.report.client\src\MyMod\crys_the_swarm_reborn.SC2Mod\原始mod\Mods\XM\XMFinal.SC2Mod\Base.SC2Data\GameData\RequirementNodeData.xml	added_or_newer_duplicate
GT3CountUpgradeCommanderLevelCompleteOnly	CRequirementGT	游戏数据/官方SC2原始文本镜像/mods/starcoop/starcoop.sc2mod/base.sc2data/gamedata/requirementnodedata.xml	D:\MyWork\新建文件夹\mom.report.client\src\MyMod\crys_the_swarm_reborn.SC2Mod\原始mod\Mods\XM\XMFinal.SC2Mod\Base.SC2Data\GameData\RequirementNodeData.xml	added_or_newer_duplicate
GT4CountUpgradeCommanderLevelCompleteOnly	CRequirementGT	游戏数据/官方SC2原始文本镜像/mods/starcoop/starcoop.sc2mod/base.sc2data/gamedata/requirementnodedata.xml	D:\MyWork\新建文件夹\mom.report.client\src\MyMod\crys_the_swarm_reborn.SC2Mod\原始mod\Mods\XM\XMFinal.SC2Mod\Base.SC2Data\GameData\RequirementNodeData.xml	added_or_newer_duplicate
GT5CountUpgradeCommanderLevelCompleteOnly	CRequirementGT	游戏数据/官方SC2原始文本镜像/mods/starcoop/starcoop.sc2mod/base.sc2data/gamedata/requirementnodedata.xml	D:\MyWork\新建文件夹\mom.report.client\src\MyMod\crys_the_swarm_reborn.SC2Mod\原始mod\Mods\XM\XMFinal.SC2Mod\Base.SC2Data\GameData\RequirementNodeData.xml	added_or_newer_duplicate
GTCountBehaviorHHBomberPlatformAreaBombTopBarDummyTimerCompleteOnlyAtUnit0	CRequirementGT	游戏数据/官方SC2原始文本镜像/mods/starcoop/starcoop.sc2mod/base.sc2data/gamedata/requirementnodedata.xml	D:\MyWork\新建文件夹\mom.report.client\src\MyMod\crys_the_swarm_reborn.SC2Mod\原始mod\Mods\XM\XMFinal.SC2Mod\Base.SC2Data\GameData\RequirementNodeData.xml	added_or_newer_duplicate
GTCountUnitAlias_ZeratulLegionQueuedOrBetter0	CRequirementGT	游戏数据/官方SC2原始文本镜像/mods/starcoop/starcoop.sc2mod/base.sc2data/gamedata/commanders/futurecommanders.xml	D:\MyWork\新建文件夹\mom.report.client\src\MyMod\crys_the_swarm_reborn.SC2Mod\原始mod\Mods\XM\XMFinal.SC2Mod\Base.SC2Data\GameData\RequirementNodeData.xml	added_or_newer_duplicate
GTCountUnitFenixArbiterCompleteOnly0	CRequirementGT	游戏数据/官方SC2原始文本镜像/mods/starcoop/starcoop.sc2mod/base.sc2data/gamedata/requirementnodedata.xml	D:\MyWork\新建文件夹\mom.report.client\src\MyMod\crys_the_swarm_reborn.SC2Mod\原始mod\Mods\XM\XMFinal.SC2Mod\Base.SC2Data\GameData\RequirementNodeData.xml	added_or_newer_duplicate
GTCountUnitFenixCoopCompleteOnly0	CRequirementGT	游戏数据/官方SC2原始文本镜像/mods/starcoop/starcoop.sc2mod/base.sc2data/gamedata/requirementnodedata.xml	D:\MyWork\新建文件夹\mom.report.client\src\MyMod\crys_the_swarm_reborn.SC2Mod\原始mod\Mods\XM\XMFinal.SC2Mod\Base.SC2Data\GameData\RequirementNodeData.xml	added_or_newer_duplicate
GTCountUnitFenixDragoonCompleteOnly0	CRequirementGT	游戏数据/官方SC2原始文本镜像/mods/starcoop/starcoop.sc2mod/base.sc2data/gamedata/requirementnodedata.xml	D:\MyWork\新建文件夹\mom.report.client\src\MyMod\crys_the_swarm_reborn.SC2Mod\原始mod\Mods\XM\XMFinal.SC2Mod\Base.SC2Data\GameData\RequirementNodeData.xml	added_or_newer_duplicate
GTE545035185CountUnitHHBomberPlatformCompleteOnly1	CRequirementGTE	游戏数据/官方SC2原始文本镜像/mods/starcoop/starcoop.sc2mod/base.sc2data/gamedata/requirementnodedata.xml	D:\MyWork\新建文件夹\mom.report.client\src\MyMod\crys_the_swarm_reborn.SC2Mod\原始mod\Mods\XM\XMFinal.SC2Mod\Base.SC2Data\GameData\RequirementNodeData.xml	added_or_newer_duplicate
GTECountUpgradeCommanderLevelCompleteOnly6	CRequirementGTE	游戏数据/官方SC2原始文本镜像/mods/starcoop/starcoop.sc2mod/base.sc2data/gamedata/requirementnodedata.xml	D:\MyWork\新建文件夹\mom.report.client\src\MyMod\crys_the_swarm_reborn.SC2Mod\原始mod\Mods\XM\XMFinal.SC2Mod\Base.SC2Data\GameData\RequirementNodeData.xml	added_or_newer_duplicate
GTECountUpgradeZergMengskCalldownLevelCompleteOnly2	CRequirementGTE	游戏数据/官方SC2原始文本镜像/mods/starcoop/commanders/arcturusmengsk.sc2mod/base.sc2data/gamedata/requirementnodedata.xml	D:\MyWork\新建文件夹\mom.report.client\src\MyMod\crys_the_swarm_reborn.SC2Mod\原始mod\Mods\XM\XMFinal.SC2Mod\Base.SC2Data\GameData\RequirementNodeData.xml	added_or_newer_duplicate
LTE9CountUpgradeCommanderLevelCompleteOnly	CRequirementLTE	游戏数据/官方SC2原始文本镜像/mods/starcoop/starcoop.sc2mod/base.sc2data/gamedata/requirementnodedata.xml	D:\MyWork\新建文件夹\mom.report.client\src\MyMod\crys_the_swarm_reborn.SC2Mod\原始mod\Mods\XM\XMFinal.SC2Mod\Base.SC2Data\GameData\RequirementNodeData.xml	added_or_newer_duplicate
Not3804783965CountUnitSOAMothershipv4QueuedOrBetter	CRequirementNot	游戏数据/官方SC2原始文本镜像/mods/starcoop/starcoop.sc2mod/base.sc2data/gamedata/requirementnodedata.xml	D:\MyWork\新建文件夹\mom.report.client\src\MyMod\crys_the_swarm_reborn.SC2Mod\原始mod\Mods\XM\XMFinal.SC2Mod\Base.SC2Data\GameData\RequirementNodeData.xml	skipped_existing
NotCountUnitTychusMedivacPlatformCompleteOnly	CRequirementNot	游戏数据/官方SC2原始文本镜像/mods/starcoop/starcoop.sc2mod/base.sc2data/gamedata/commanders/commandertychus.xml	D:\MyWork\新建文件夹\mom.report.client\src\MyMod\crys_the_swarm_reborn.SC2Mod\原始mod\Mods\XM\XMFinal.SC2Mod\Base.SC2Data\GameData\RequirementNodeData.xml	added_or_newer_duplicate
NotCountUpgradeCommanderPrestigeArtanisOrbitalStrikesCompleteOnly	CRequirementNot	游戏数据/官方SC2原始文本镜像/mods/starcoop/starcoop.sc2mod/base.sc2data/gamedata/requirementnodedata.xml	D:\MyWork\新建文件夹\mom.report.client\src\MyMod\crys_the_swarm_reborn.SC2Mod\原始mod\Mods\XM\XMFinal.SC2Mod\Base.SC2Data\GameData\RequirementNodeData.xml	added_or_newer_duplicate
NotCountUpgradeSIInfestStructureUpgradedCompleteOnly	CRequirementNot	游戏数据/官方SC2原始文本镜像/mods/starcoop/starcoop.sc2mod/base.sc2data/gamedata/requirementnodedata.xml	D:\MyWork\新建文件夹\mom.report.client\src\MyMod\crys_the_swarm_reborn.SC2Mod\原始mod\Mods\XM\XMFinal.SC2Mod\Base.SC2Data\GameData\RequirementNodeData.xml	added_or_newer_duplicate
NotCountUpgradeTychusOdinRedButtonCompleteOnly	CRequirementNot	游戏数据/官方SC2原始文本镜像/mods/starcoop/starcoop.sc2mod/base.sc2data/gamedata/commanders/commandertychus.xml	D:\MyWork\新建文件夹\mom.report.client\src\MyMod\crys_the_swarm_reborn.SC2Mod\原始mod\Mods\XM\XMFinal.SC2Mod\Base.SC2Data\GameData\RequirementNodeData.xml	added_or_newer_duplicate
AC_TychusOdin_LandMorph_01	CSound	游戏数据/官方SC2原始文本镜像/mods/starcoop/starcoop.sc2mod/base.sc2data/gamedata/sounddata.xml	D:\MyWork\新建文件夹\mom.report.client\src\MyMod\crys_the_swarm_reborn.SC2Mod\原始mod\Mods\XM\XMFinal.SC2Mod\Base.SC2Data\GameData\SoundData.xml	added_or_newer_duplicate
AC_TychusOdin_LandMorph_02	CSound	游戏数据/官方SC2原始文本镜像/mods/starcoop/starcoop.sc2mod/base.sc2data/gamedata/sounddata.xml	D:\MyWork\新建文件夹\mom.report.client\src\MyMod\crys_the_swarm_reborn.SC2Mod\原始mod\Mods\XM\XMFinal.SC2Mod\Base.SC2Data\GameData\SoundData.xml	added_or_newer_duplicate
Alert_ZergBuildError	CSound	游戏数据/官方SC2原始文本镜像/mods/starcoop/starcoop.sc2mod/base.sc2data/gamedata/sounddata.xml	D:\MyWork\新建文件夹\mom.report.client\src\MyMod\crys_the_swarm_reborn.SC2Mod\原始mod\Mods\XM\XMFinal.SC2Mod\Base.SC2Data\GameData\SoundData.xml	added_or_newer_duplicate
Alert_ZergCreepTumorUnderAttack	CSound	游戏数据/官方SC2原始文本镜像/mods/starcoop/starcoop.sc2mod/base.sc2data/gamedata/sounddata.xml	D:\MyWork\新建文件夹\mom.report.client\src\MyMod\crys_the_swarm_reborn.SC2Mod\原始mod\Mods\XM\XMFinal.SC2Mod\Base.SC2Data\GameData\SoundData.xml	added_or_newer_duplicate
Archon_Explode	CSound	游戏数据/官方SC2原始文本镜像/mods/starcoop/starcoop.sc2mod/base.sc2data/gamedata/sounddata.xml	D:\MyWork\新建文件夹\mom.report.client\src\MyMod\crys_the_swarm_reborn.SC2Mod\原始mod\Mods\XM\XMFinal.SC2Mod\Base.SC2Data\GameData\SoundData.xml	added_or_newer_duplicate
BarrageMorph	CSound	游戏数据/官方SC2原始文本镜像/mods/starcoop/starcoop.sc2mod/base.sc2data/gamedata/sounddata.xml	D:\MyWork\新建文件夹\mom.report.client\src\MyMod\crys_the_swarm_reborn.SC2Mod\原始mod\Mods\XM\XMFinal.SC2Mod\Base.SC2Data\GameData\SoundData.xml	added_or_newer_duplicate
BarrageSound	CSound	游戏数据/官方SC2原始文本镜像/mods/starcoop/starcoop.sc2mod/base.sc2data/gamedata/sounddata.xml	D:\MyWork\新建文件夹\mom.report.client\src\MyMod\crys_the_swarm_reborn.SC2Mod\原始mod\Mods\XM\XMFinal.SC2Mod\Base.SC2Data\GameData\SoundData.xml	added_or_newer_duplicate
BarrageUnMorph	CSound	游戏数据/官方SC2原始文本镜像/mods/starcoop/starcoop.sc2mod/base.sc2data/gamedata/sounddata.xml	D:\MyWork\新建文件夹\mom.report.client\src\MyMod\crys_the_swarm_reborn.SC2Mod\原始mod\Mods\XM\XMFinal.SC2Mod\Base.SC2Data\GameData\SoundData.xml	added_or_newer_duplicate
BunkerDepotMengsk_DropPod_Open	CSound	游戏数据/官方SC2原始文本镜像/mods/starcoop/commanders/arcturusmengsk.sc2mod/base.sc2data/gamedata/sounddata.xml	D:\MyWork\新建文件夹\mom.report.client\src\MyMod\crys_the_swarm_reborn.SC2Mod\原始mod\Mods\XM\XMFinal.SC2Mod\Base.SC2Data\GameData\SoundData.xml	added_or_newer_duplicate
BunkerDepotMengsk	CSound	游戏数据/官方SC2原始文本镜像/mods/starcoop/commanders/arcturusmengsk.sc2mod/base.sc2data/gamedata/sounddata.xml	D:\MyWork\新建文件夹\mom.report.client\src\MyMod\crys_the_swarm_reborn.SC2Mod\原始mod\Mods\XM\XMFinal.SC2Mod\Base.SC2Data\GameData\SoundData.xml	added_or_newer_duplicate
Defensive_MatrixDrone_What	CSound	游戏数据/官方SC2原始文本镜像/mods/starcoop/starcoop.sc2mod/base.sc2data/gamedata/sounddata.xml	D:\MyWork\新建文件夹\mom.report.client\src\MyMod\crys_the_swarm_reborn.SC2Mod\原始mod\Mods\XM\XMFinal.SC2Mod\Base.SC2Data\GameData\SoundData.xml	added_or_newer_duplicate
DefensiveMatrix_Death_Launch	CSound	游戏数据/官方SC2原始文本镜像/mods/starcoop/starcoop.sc2mod/base.sc2data/gamedata/sounddata.xml	D:\MyWork\新建文件夹\mom.report.client\src\MyMod\crys_the_swarm_reborn.SC2Mod\原始mod\Mods\XM\XMFinal.SC2Mod\Base.SC2Data\GameData\SoundData.xml	added_or_newer_duplicate
Dehaka_Glevig_Spawn_In_RockExplo	CSound	游戏数据/官方SC2原始文本镜像/mods/starcoop/starcoop.sc2mod/base.sc2data/gamedata/sounddata.xml	D:\MyWork\新建文件夹\mom.report.client\src\MyMod\crys_the_swarm_reborn.SC2Mod\原始mod\Mods\XM\XMFinal.SC2Mod\Base.SC2Data\GameData\SoundData.xml	added_or_newer_duplicate
DropPod_BlowHatchDoors2	CSound	游戏数据/官方SC2原始文本镜像/mods/starcoop/starcoop.sc2mod/base.sc2data/gamedata/sounddata.xml	D:\MyWork\新建文件夹\mom.report.client\src\MyMod\crys_the_swarm_reborn.SC2Mod\原始mod\Mods\XM\XMFinal.SC2Mod\Base.SC2Data\GameData\SoundData.xml	added_or_newer_duplicate
Fenix_ThunderousCharge_Fire	CSound	游戏数据/官方SC2原始文本镜像/mods/starcoop/starcoop.sc2mod/base.sc2data/gamedata/sounddata.xml	D:\MyWork\新建文件夹\mom.report.client\src\MyMod\crys_the_swarm_reborn.SC2Mod\原始mod\Mods\XM\XMFinal.SC2Mod\Base.SC2Data\GameData\SoundData.xml	added_or_newer_duplicate
GaryStetmann_Attack	CSound	游戏数据/官方SC2原始文本镜像/mods/starcoop/starcoop.sc2mod/base.sc2data/gamedata/sounddata.xml	D:\MyWork\新建文件夹\mom.report.client\src\MyMod\crys_the_swarm_reborn.SC2Mod\原始mod\Mods\XM\XMFinal.SC2Mod\Base.SC2Data\GameData\SoundData.xml	added_or_newer_duplicate
GaryStetmann_Help	CSound	游戏数据/官方SC2原始文本镜像/mods/starcoop/starcoop.sc2mod/base.sc2data/gamedata/sounddata.xml	D:\MyWork\新建文件夹\mom.report.client\src\MyMod\crys_the_swarm_reborn.SC2Mod\原始mod\Mods\XM\XMFinal.SC2Mod\Base.SC2Data\GameData\SoundData.xml	added_or_newer_duplicate
GaryStetmann_MoveStart	CSound	游戏数据/官方SC2原始文本镜像/mods/starcoop/starcoop.sc2mod/base.sc2data/gamedata/sounddata.xml	D:\MyWork\新建文件夹\mom.report.client\src\MyMod\crys_the_swarm_reborn.SC2Mod\原始mod\Mods\XM\XMFinal.SC2Mod\Base.SC2Data\GameData\SoundData.xml	added_or_newer_duplicate
GaryStetmann_Pissed	CSound	游戏数据/官方SC2原始文本镜像/mods/starcoop/starcoop.sc2mod/base.sc2data/gamedata/sounddata.xml	D:\MyWork\新建文件夹\mom.report.client\src\MyMod\crys_the_swarm_reborn.SC2Mod\原始mod\Mods\XM\XMFinal.SC2Mod\Base.SC2Data\GameData\SoundData.xml	added_or_newer_duplicate
GaryStetmann_Ready	CSound	游戏数据/官方SC2原始文本镜像/mods/starcoop/starcoop.sc2mod/base.sc2data/gamedata/sounddata.xml	D:\MyWork\新建文件夹\mom.report.client\src\MyMod\crys_the_swarm_reborn.SC2Mod\原始mod\Mods\XM\XMFinal.SC2Mod\Base.SC2Data\GameData\SoundData.xml	added_or_newer_duplicate
GaryStetmann_What	CSound	游戏数据/官方SC2原始文本镜像/mods/starcoop/starcoop.sc2mod/base.sc2data/gamedata/sounddata.xml	D:\MyWork\新建文件夹\mom.report.client\src\MyMod\crys_the_swarm_reborn.SC2Mod\原始mod\Mods\XM\XMFinal.SC2Mod\Base.SC2Data\GameData\SoundData.xml	added_or_newer_duplicate
GaryStetmann_Yes	CSound	游戏数据/官方SC2原始文本镜像/mods/starcoop/starcoop.sc2mod/base.sc2data/gamedata/sounddata.xml	D:\MyWork\新建文件夹\mom.report.client\src\MyMod\crys_the_swarm_reborn.SC2Mod\原始mod\Mods\XM\XMFinal.SC2Mod\Base.SC2Data\GameData\SoundData.xml	added_or_newer_duplicate
Glevig_Attack	CSound	游戏数据/官方SC2原始文本镜像/mods/starcoop/starcoop.sc2mod/base.sc2data/gamedata/sounddata.xml	D:\MyWork\新建文件夹\mom.report.client\src\MyMod\crys_the_swarm_reborn.SC2Mod\原始mod\Mods\XM\XMFinal.SC2Mod\Base.SC2Data\GameData\SoundData.xml	added_or_newer_duplicate
Glevig_Birth	CSound	游戏数据/官方SC2原始文本镜像/mods/starcoop/starcoop.sc2mod/base.sc2data/gamedata/sounddata.xml	D:\MyWork\新建文件夹\mom.report.client\src\MyMod\crys_the_swarm_reborn.SC2Mod\原始mod\Mods\XM\XMFinal.SC2Mod\Base.SC2Data\GameData\SoundData.xml	added_or_newer_duplicate
Glevig_Ready	CSound	游戏数据/官方SC2原始文本镜像/mods/starcoop/starcoop.sc2mod/base.sc2data/gamedata/sounddata.xml	D:\MyWork\新建文件夹\mom.report.client\src\MyMod\crys_the_swarm_reborn.SC2Mod\原始mod\Mods\XM\XMFinal.SC2Mod\Base.SC2Data\GameData\SoundData.xml	added_or_newer_duplicate
Glevig_What	CSound	游戏数据/官方SC2原始文本镜像/mods/starcoop/starcoop.sc2mod/base.sc2data/gamedata/sounddata.xml	D:\MyWork\新建文件夹\mom.report.client\src\MyMod\crys_the_swarm_reborn.SC2Mod\原始mod\Mods\XM\XMFinal.SC2Mod\Base.SC2Data\GameData\SoundData.xml	added_or_newer_duplicate
Glevig_Yes	CSound	游戏数据/官方SC2原始文本镜像/mods/starcoop/starcoop.sc2mod/base.sc2data/gamedata/sounddata.xml	D:\MyWork\新建文件夹\mom.report.client\src\MyMod\crys_the_swarm_reborn.SC2Mod\原始mod\Mods\XM\XMFinal.SC2Mod\Base.SC2Data\GameData\SoundData.xml	added_or_newer_duplicate
HornerHan_BomberPlatformFire	CSound	游戏数据/官方SC2原始文本镜像/mods/starcoop/starcoop.sc2mod/base.sc2data/gamedata/sounddata.xml	D:\MyWork\新建文件夹\mom.report.client\src\MyMod\crys_the_swarm_reborn.SC2Mod\原始mod\Mods\XM\XMFinal.SC2Mod\Base.SC2Data\GameData\SoundData.xml	added_or_newer_duplicate
KerriganCoop_Burrow	CSound	游戏数据/官方SC2原始文本镜像/mods/starcoop/starcoop.sc2mod/base.sc2data/gamedata/sounddata.xml	D:\MyWork\新建文件夹\mom.report.client\src\MyMod\crys_the_swarm_reborn.SC2Mod\原始mod\Mods\XM\XMFinal.SC2Mod\Base.SC2Data\GameData\SoundData.xml	added_or_newer_duplicate
KerriganCoop_Unburrow	CSound	游戏数据/官方SC2原始文本镜像/mods/starcoop/starcoop.sc2mod/base.sc2data/gamedata/sounddata.xml	D:\MyWork\新建文件夹\mom.report.client\src\MyMod\crys_the_swarm_reborn.SC2Mod\原始mod\Mods\XM\XMFinal.SC2Mod\Base.SC2Data\GameData\SoundData.xml	added_or_newer_duplicate
KerriganVoid_Pissed	CSound	游戏数据/官方SC2原始文本镜像/mods/starcoop/starcoop.sc2mod/base.sc2data/gamedata/sounddata.xml	D:\MyWork\新建文件夹\mom.report.client\src\MyMod\crys_the_swarm_reborn.SC2Mod\原始mod\Mods\XM\XMFinal.SC2Mod\Base.SC2Data\GameData\SoundData.xml	skipped_existing
KhaydarinMonolith_Ready	CSound	游戏数据/官方SC2原始文本镜像/mods/starcoop/starcoop.sc2mod/base.sc2data/gamedata/sounddata.xml	D:\MyWork\新建文件夹\mom.report.client\src\MyMod\crys_the_swarm_reborn.SC2Mod\原始mod\Mods\XM\XMFinal.SC2Mod\Base.SC2Data\GameData\SoundData.xml	added_or_newer_duplicate
KhaydarinMonolith_What	CSound	游戏数据/官方SC2原始文本镜像/mods/starcoop/starcoop.sc2mod/base.sc2data/gamedata/sounddata.xml	D:\MyWork\新建文件夹\mom.report.client\src\MyMod\crys_the_swarm_reborn.SC2Mod\原始mod\Mods\XM\XMFinal.SC2Mod\Base.SC2Data\GameData\SoundData.xml	added_or_newer_duplicate
Odin_Explode	CSound	游戏数据/官方SC2原始文本镜像/mods/starcoop/starcoop.sc2mod/base.sc2data/gamedata/sounddata.xml	D:\MyWork\新建文件夹\mom.report.client\src\MyMod\crys_the_swarm_reborn.SC2Mod\原始mod\Mods\XM\XMFinal.SC2Mod\Base.SC2Data\GameData\SoundData.xml	added_or_newer_duplicate
PowerTowerStetmann_Death_VxFx	CSound	游戏数据/官方SC2原始文本镜像/mods/starcoop/starcoop.sc2mod/base.sc2data/gamedata/sounddata.xml	D:\MyWork\新建文件夹\mom.report.client\src\MyMod\crys_the_swarm_reborn.SC2Mod\原始mod\Mods\XM\XMFinal.SC2Mod\Base.SC2Data\GameData\SoundData.xml	added_or_newer_duplicate
PowerTowerStetmann_Explode	CSound	游戏数据/官方SC2原始文本镜像/mods/starcoop/starcoop.sc2mod/base.sc2data/gamedata/sounddata.xml	D:\MyWork\新建文件夹\mom.report.client\src\MyMod\crys_the_swarm_reborn.SC2Mod\原始mod\Mods\XM\XMFinal.SC2Mod\Base.SC2Data\GameData\SoundData.xml	added_or_newer_duplicate
PowerTowerStetmann_Placement	CSound	游戏数据/官方SC2原始文本镜像/mods/starcoop/starcoop.sc2mod/base.sc2data/gamedata/sounddata.xml	D:\MyWork\新建文件夹\mom.report.client\src\MyMod\crys_the_swarm_reborn.SC2Mod\原始mod\Mods\XM\XMFinal.SC2Mod\Base.SC2Data\GameData\SoundData.xml	added_or_newer_duplicate
PowerTowerStetmann_Ready	CSound	游戏数据/官方SC2原始文本镜像/mods/starcoop/starcoop.sc2mod/base.sc2data/gamedata/sounddata.xml	D:\MyWork\新建文件夹\mom.report.client\src\MyMod\crys_the_swarm_reborn.SC2Mod\原始mod\Mods\XM\XMFinal.SC2Mod\Base.SC2Data\GameData\SoundData.xml	added_or_newer_duplicate
PowerTowerStetmann_What_Notes	CSound	游戏数据/官方SC2原始文本镜像/mods/starcoop/starcoop.sc2mod/base.sc2data/gamedata/sounddata.xml	D:\MyWork\新建文件夹\mom.report.client\src\MyMod\crys_the_swarm_reborn.SC2Mod\原始mod\Mods\XM\XMFinal.SC2Mod\Base.SC2Data\GameData\SoundData.xml	added_or_newer_duplicate
PowerTowerStetmann_What	CSound	游戏数据/官方SC2原始文本镜像/mods/starcoop/starcoop.sc2mod/base.sc2data/gamedata/sounddata.xml	D:\MyWork\新建文件夹\mom.report.client\src\MyMod\crys_the_swarm_reborn.SC2Mod\原始mod\Mods\XM\XMFinal.SC2Mod\Base.SC2Data\GameData\SoundData.xml	added_or_newer_duplicate
PrimalWurm_Attack	CSound	游戏数据/官方SC2原始文本镜像/mods/starcoop/starcoop.sc2mod/base.sc2data/gamedata/sounddata.xml	D:\MyWork\新建文件夹\mom.report.client\src\MyMod\crys_the_swarm_reborn.SC2Mod\原始mod\Mods\XM\XMFinal.SC2Mod\Base.SC2Data\GameData\SoundData.xml	added_or_newer_duplicate
PrimalWurm_Ready	CSound	游戏数据/官方SC2原始文本镜像/mods/starcoop/starcoop.sc2mod/base.sc2data/gamedata/sounddata.xml	D:\MyWork\新建文件夹\mom.report.client\src\MyMod\crys_the_swarm_reborn.SC2Mod\原始mod\Mods\XM\XMFinal.SC2Mod\Base.SC2Data\GameData\SoundData.xml	added_or_newer_duplicate
PrimalWurm_What	CSound	游戏数据/官方SC2原始文本镜像/mods/starcoop/starcoop.sc2mod/base.sc2data/gamedata/sounddata.xml	D:\MyWork\新建文件夹\mom.report.client\src\MyMod\crys_the_swarm_reborn.SC2Mod\原始mod\Mods\XM\XMFinal.SC2Mod\Base.SC2Data\GameData\SoundData.xml	added_or_newer_duplicate
Raven_TargetingDroneExplode	CSound	游戏数据/官方SC2原始文本镜像/mods/starcoop/starcoop.sc2mod/base.sc2data/gamedata/sounddata.xml	D:\MyWork\新建文件夹\mom.report.client\src\MyMod\crys_the_swarm_reborn.SC2Mod\原始mod\Mods\XM\XMFinal.SC2Mod\Base.SC2Data\GameData\SoundData.xml	added_or_newer_duplicate
Stukov_Apocalisk_Death_Explode	CSound	游戏数据/官方SC2原始文本镜像/mods/starcoop/starcoop.sc2mod/base.sc2data/gamedata/sounddata.xml	D:\MyWork\新建文件夹\mom.report.client\src\MyMod\crys_the_swarm_reborn.SC2Mod\原始mod\Mods\XM\XMFinal.SC2Mod\Base.SC2Data\GameData\SoundData.xml	added_or_newer_duplicate
Stukov_Apocalisk_Death_VxFx	CSound	游戏数据/官方SC2原始文本镜像/mods/starcoop/starcoop.sc2mod/base.sc2data/gamedata/sounddata.xml	D:\MyWork\新建文件夹\mom.report.client\src\MyMod\crys_the_swarm_reborn.SC2Mod\原始mod\Mods\XM\XMFinal.SC2Mod\Base.SC2Data\GameData\SoundData.xml	added_or_newer_duplicate
Stukov_Apocalisk_Fs	CSound	游戏数据/官方SC2原始文本镜像/mods/starcoop/starcoop.sc2mod/base.sc2data/gamedata/sounddata.xml	D:\MyWork\新建文件夹\mom.report.client\src\MyMod\crys_the_swarm_reborn.SC2Mod\原始mod\Mods\XM\XMFinal.SC2Mod\Base.SC2Data\GameData\SoundData.xml	added_or_newer_duplicate
StukovAleksanderCrash_EngineWhine	CSound	游戏数据/官方SC2原始文本镜像/mods/starcoop/starcoop.sc2mod/base.sc2data/gamedata/sounddata.xml	D:\MyWork\新建文件夹\mom.report.client\src\MyMod\crys_the_swarm_reborn.SC2Mod\原始mod\Mods\XM\XMFinal.SC2Mod\Base.SC2Data\GameData\SoundData.xml	added_or_newer_duplicate
ToxicNest_BuildingMorphWhat	CSound	游戏数据/官方SC2原始文本镜像/mods/starcoop/starcoop.sc2mod/base.sc2data/gamedata/sounddata.xml	D:\MyWork\新建文件夹\mom.report.client\src\MyMod\crys_the_swarm_reborn.SC2Mod\原始mod\Mods\XM\XMFinal.SC2Mod\Base.SC2Data\GameData\SoundData.xml	added_or_newer_duplicate
ToxicNest_Explode	CSound	游戏数据/官方SC2原始文本镜像/mods/starcoop/starcoop.sc2mod/base.sc2data/gamedata/sounddata.xml	D:\MyWork\新建文件夹\mom.report.client\src\MyMod\crys_the_swarm_reborn.SC2Mod\原始mod\Mods\XM\XMFinal.SC2Mod\Base.SC2Data\GameData\SoundData.xml	added_or_newer_duplicate
ToxicNest_PlaceFlarp	CSound	游戏数据/官方SC2原始文本镜像/mods/starcoop/starcoop.sc2mod/base.sc2data/gamedata/sounddata.xml	D:\MyWork\新建文件夹\mom.report.client\src\MyMod\crys_the_swarm_reborn.SC2Mod\原始mod\Mods\XM\XMFinal.SC2Mod\Base.SC2Data\GameData\SoundData.xml	added_or_newer_duplicate
TychusHero_ACVO_Pings	CSound	游戏数据/官方SC2原始文本镜像/mods/starcoop/starcoop.sc2mod/base.sc2data/gamedata/sounddata.xml	D:\MyWork\新建文件夹\mom.report.client\src\MyMod\crys_the_swarm_reborn.SC2Mod\原始mod\Mods\XM\XMFinal.SC2Mod\Base.SC2Data\GameData\SoundData.xml	added_or_newer_duplicate
TychusHeroVO_OdinAttack	CSound	游戏数据/官方SC2原始文本镜像/mods/starcoop/starcoop.sc2mod/base.sc2data/gamedata/sounddata.xml	D:\MyWork\新建文件夹\mom.report.client\src\MyMod\crys_the_swarm_reborn.SC2Mod\原始mod\Mods\XM\XMFinal.SC2Mod\Base.SC2Data\GameData\SoundData.xml	added_or_newer_duplicate
TychusHeroVO_OdinBirth	CSound	游戏数据/官方SC2原始文本镜像/mods/starcoop/starcoop.sc2mod/base.sc2data/gamedata/sounddata.xml	D:\MyWork\新建文件夹\mom.report.client\src\MyMod\crys_the_swarm_reborn.SC2Mod\原始mod\Mods\XM\XMFinal.SC2Mod\Base.SC2Data\GameData\SoundData.xml	added_or_newer_duplicate
TychusHeroVO_OdinHelp	CSound	游戏数据/官方SC2原始文本镜像/mods/starcoop/starcoop.sc2mod/base.sc2data/gamedata/sounddata.xml	D:\MyWork\新建文件夹\mom.report.client\src\MyMod\crys_the_swarm_reborn.SC2Mod\原始mod\Mods\XM\XMFinal.SC2Mod\Base.SC2Data\GameData\SoundData.xml	added_or_newer_duplicate
TychusHeroVO_OdinPissed	CSound	游戏数据/官方SC2原始文本镜像/mods/starcoop/starcoop.sc2mod/base.sc2data/gamedata/sounddata.xml	D:\MyWork\新建文件夹\mom.report.client\src\MyMod\crys_the_swarm_reborn.SC2Mod\原始mod\Mods\XM\XMFinal.SC2Mod\Base.SC2Data\GameData\SoundData.xml	added_or_newer_duplicate
TychusHeroVO_OdinReady	CSound	游戏数据/官方SC2原始文本镜像/mods/starcoop/starcoop.sc2mod/base.sc2data/gamedata/sounddata.xml	D:\MyWork\新建文件夹\mom.report.client\src\MyMod\crys_the_swarm_reborn.SC2Mod\原始mod\Mods\XM\XMFinal.SC2Mod\Base.SC2Data\GameData\SoundData.xml	added_or_newer_duplicate
TychusHeroVO_OdinWhat	CSound	游戏数据/官方SC2原始文本镜像/mods/starcoop/starcoop.sc2mod/base.sc2data/gamedata/sounddata.xml	D:\MyWork\新建文件夹\mom.report.client\src\MyMod\crys_the_swarm_reborn.SC2Mod\原始mod\Mods\XM\XMFinal.SC2Mod\Base.SC2Data\GameData\SoundData.xml	added_or_newer_duplicate
TychusHeroVO_OdinYes	CSound	游戏数据/官方SC2原始文本镜像/mods/starcoop/starcoop.sc2mod/base.sc2data/gamedata/sounddata.xml	D:\MyWork\新建文件夹\mom.report.client\src\MyMod\crys_the_swarm_reborn.SC2Mod\原始mod\Mods\XM\XMFinal.SC2Mod\Base.SC2Data\GameData\SoundData.xml	added_or_newer_duplicate
Ultralisk_Attack	CSound	游戏数据/官方SC2原始文本镜像/mods/starcoop/starcoop.sc2mod/base.sc2data/gamedata/sounddata.xml	D:\MyWork\新建文件夹\mom.report.client\src\MyMod\crys_the_swarm_reborn.SC2Mod\原始mod\Mods\XM\XMFinal.SC2Mod\Base.SC2Data\GameData\SoundData.xml	added_or_newer_duplicate
Ultralisk_Movement	CSound	游戏数据/官方SC2原始文本镜像/mods/starcoop/starcoop.sc2mod/base.sc2data/gamedata/sounddata.xml	D:\MyWork\新建文件夹\mom.report.client\src\MyMod\crys_the_swarm_reborn.SC2Mod\原始mod\Mods\XM\XMFinal.SC2Mod\Base.SC2Data\GameData\SoundData.xml	added_or_newer_duplicate
Ultralisk_Pissed	CSound	游戏数据/官方SC2原始文本镜像/mods/starcoop/starcoop.sc2mod/base.sc2data/gamedata/sounddata.xml	D:\MyWork\新建文件夹\mom.report.client\src\MyMod\crys_the_swarm_reborn.SC2Mod\原始mod\Mods\XM\XMFinal.SC2Mod\Base.SC2Data\GameData\SoundData.xml	added_or_newer_duplicate
Ultralisk_Ready	CSound	游戏数据/官方SC2原始文本镜像/mods/starcoop/starcoop.sc2mod/base.sc2data/gamedata/sounddata.xml	D:\MyWork\新建文件夹\mom.report.client\src\MyMod\crys_the_swarm_reborn.SC2Mod\原始mod\Mods\XM\XMFinal.SC2Mod\Base.SC2Data\GameData\SoundData.xml	added_or_newer_duplicate
Ultralisk_What	CSound	游戏数据/官方SC2原始文本镜像/mods/starcoop/starcoop.sc2mod/base.sc2data/gamedata/sounddata.xml	D:\MyWork\新建文件夹\mom.report.client\src\MyMod\crys_the_swarm_reborn.SC2Mod\原始mod\Mods\XM\XMFinal.SC2Mod\Base.SC2Data\GameData\SoundData.xml	added_or_newer_duplicate
Ultralisk_Yes	CSound	游戏数据/官方SC2原始文本镜像/mods/starcoop/starcoop.sc2mod/base.sc2data/gamedata/sounddata.xml	D:\MyWork\新建文件夹\mom.report.client\src\MyMod\crys_the_swarm_reborn.SC2Mod\原始mod\Mods\XM\XMFinal.SC2Mod\Base.SC2Data\GameData\SoundData.xml	added_or_newer_duplicate
XelnagaConstruct_Walk	CSound	游戏数据/官方SC2原始文本镜像/mods/starcoop/starcoop.sc2mod/base.sc2data/gamedata/sounddata.xml	D:\MyWork\新建文件夹\mom.report.client\src\MyMod\crys_the_swarm_reborn.SC2Mod\原始mod\Mods\XM\XMFinal.SC2Mod\Base.SC2Data\GameData\SoundData.xml	added_or_newer_duplicate
ZagaraAC_BanelingLaunch	CSound	游戏数据/官方SC2原始文本镜像/mods/starcoop/starcoop.sc2mod/base.sc2data/gamedata/sounddata.xml	D:\MyWork\新建文件夹\mom.report.client\src\MyMod\crys_the_swarm_reborn.SC2Mod\原始mod\Mods\XM\XMFinal.SC2Mod\Base.SC2Data\GameData\SoundData.xml	added_or_newer_duplicate
ZagaraAC_BanelingLaunch2	CSound	游戏数据/官方SC2原始文本镜像/mods/starcoop/starcoop.sc2mod/base.sc2data/gamedata/sounddata.xml	D:\MyWork\新建文件夹\mom.report.client\src\MyMod\crys_the_swarm_reborn.SC2Mod\原始mod\Mods\XM\XMFinal.SC2Mod\Base.SC2Data\GameData\SoundData.xml	added_or_newer_duplicate
ZagaraAC_BanelingLaunchMovement	CSound	游戏数据/官方SC2原始文本镜像/mods/starcoop/starcoop.sc2mod/base.sc2data/gamedata/sounddata.xml	D:\MyWork\新建文件夹\mom.report.client\src\MyMod\crys_the_swarm_reborn.SC2Mod\原始mod\Mods\XM\XMFinal.SC2Mod\Base.SC2Data\GameData\SoundData.xml	added_or_newer_duplicate
ZagaraAC_Burrow	CSound	游戏数据/官方SC2原始文本镜像/mods/starcoop/starcoop.sc2mod/base.sc2data/gamedata/sounddata.xml	D:\MyWork\新建文件夹\mom.report.client\src\MyMod\crys_the_swarm_reborn.SC2Mod\原始mod\Mods\XM\XMFinal.SC2Mod\Base.SC2Data\GameData\SoundData.xml	added_or_newer_duplicate
ZagaraAC_DeathSweetener	CSound	游戏数据/官方SC2原始文本镜像/mods/starcoop/starcoop.sc2mod/base.sc2data/gamedata/sounddata.xml	D:\MyWork\新建文件夹\mom.report.client\src\MyMod\crys_the_swarm_reborn.SC2Mod\原始mod\Mods\XM\XMFinal.SC2Mod\Base.SC2Data\GameData\SoundData.xml	added_or_newer_duplicate
ZagaraAC_Explode	CSound	游戏数据/官方SC2原始文本镜像/mods/starcoop/starcoop.sc2mod/base.sc2data/gamedata/sounddata.xml	D:\MyWork\新建文件夹\mom.report.client\src\MyMod\crys_the_swarm_reborn.SC2Mod\原始mod\Mods\XM\XMFinal.SC2Mod\Base.SC2Data\GameData\SoundData.xml	added_or_newer_duplicate
ZagaraAC_Unburrow	CSound	游戏数据/官方SC2原始文本镜像/mods/starcoop/starcoop.sc2mod/base.sc2data/gamedata/sounddata.xml	D:\MyWork\新建文件夹\mom.report.client\src\MyMod\crys_the_swarm_reborn.SC2Mod\原始mod\Mods\XM\XMFinal.SC2Mod\Base.SC2Data\GameData\SoundData.xml	added_or_newer_duplicate
ZagaraHero_Attack	CSound	游戏数据/官方SC2原始文本镜像/mods/starcoop/starcoop.sc2mod/base.sc2data/gamedata/sounddata.xml	D:\MyWork\新建文件夹\mom.report.client\src\MyMod\crys_the_swarm_reborn.SC2Mod\原始mod\Mods\XM\XMFinal.SC2Mod\Base.SC2Data\GameData\SoundData.xml	added_or_newer_duplicate
ZagaraHero_Help	CSound	游戏数据/官方SC2原始文本镜像/mods/starcoop/starcoop.sc2mod/base.sc2data/gamedata/sounddata.xml	D:\MyWork\新建文件夹\mom.report.client\src\MyMod\crys_the_swarm_reborn.SC2Mod\原始mod\Mods\XM\XMFinal.SC2Mod\Base.SC2Data\GameData\SoundData.xml	added_or_newer_duplicate
ZagaraHero_Ready	CSound	游戏数据/官方SC2原始文本镜像/mods/starcoop/starcoop.sc2mod/base.sc2data/gamedata/sounddata.xml	D:\MyWork\新建文件夹\mom.report.client\src\MyMod\crys_the_swarm_reborn.SC2Mod\原始mod\Mods\XM\XMFinal.SC2Mod\Base.SC2Data\GameData\SoundData.xml	added_or_newer_duplicate
ZagaraHero_What	CSound	游戏数据/官方SC2原始文本镜像/mods/starcoop/starcoop.sc2mod/base.sc2data/gamedata/sounddata.xml	D:\MyWork\新建文件夹\mom.report.client\src\MyMod\crys_the_swarm_reborn.SC2Mod\原始mod\Mods\XM\XMFinal.SC2Mod\Base.SC2Data\GameData\SoundData.xml	added_or_newer_duplicate
ZagaraHero_Yes	CSound	游戏数据/官方SC2原始文本镜像/mods/starcoop/starcoop.sc2mod/base.sc2data/gamedata/sounddata.xml	D:\MyWork\新建文件夹\mom.report.client\src\MyMod\crys_the_swarm_reborn.SC2Mod\原始mod\Mods\XM\XMFinal.SC2Mod\Base.SC2Data\GameData\SoundData.xml	added_or_newer_duplicate
Zeratul_AC_Construct_Attack_VxFx	CSound	游戏数据/官方SC2原始文本镜像/mods/starcoop/starcoop.sc2mod/base.sc2data/gamedata/sounddata.xml	D:\MyWork\新建文件夹\mom.report.client\src\MyMod\crys_the_swarm_reborn.SC2Mod\原始mod\Mods\XM\XMFinal.SC2Mod\Base.SC2Data\GameData\SoundData.xml	added_or_newer_duplicate
Zeratul_AC_Construct_Birth_VxFx	CSound	游戏数据/官方SC2原始文本镜像/mods/starcoop/starcoop.sc2mod/base.sc2data/gamedata/sounddata.xml	D:\MyWork\新建文件夹\mom.report.client\src\MyMod\crys_the_swarm_reborn.SC2Mod\原始mod\Mods\XM\XMFinal.SC2Mod\Base.SC2Data\GameData\SoundData.xml	added_or_newer_duplicate
Zeratul_AC_Construct_Death	CSound	游戏数据/官方SC2原始文本镜像/mods/starcoop/starcoop.sc2mod/base.sc2data/gamedata/sounddata.xml	D:\MyWork\新建文件夹\mom.report.client\src\MyMod\crys_the_swarm_reborn.SC2Mod\原始mod\Mods\XM\XMFinal.SC2Mod\Base.SC2Data\GameData\SoundData.xml	added_or_newer_duplicate
Zeratul_AC_Construct_DeathVox	CSound	游戏数据/官方SC2原始文本镜像/mods/starcoop/starcoop.sc2mod/base.sc2data/gamedata/sounddata.xml	D:\MyWork\新建文件夹\mom.report.client\src\MyMod\crys_the_swarm_reborn.SC2Mod\原始mod\Mods\XM\XMFinal.SC2Mod\Base.SC2Data\GameData\SoundData.xml	added_or_newer_duplicate
Zeratul_AC_Construct_Move_VxFx	CSound	游戏数据/官方SC2原始文本镜像/mods/starcoop/starcoop.sc2mod/base.sc2data/gamedata/sounddata.xml	D:\MyWork\新建文件夹\mom.report.client\src\MyMod\crys_the_swarm_reborn.SC2Mod\原始mod\Mods\XM\XMFinal.SC2Mod\Base.SC2Data\GameData\SoundData.xml	added_or_newer_duplicate
Zeratul_AC_Construct_PostFire_Transform	CSound	游戏数据/官方SC2原始文本镜像/mods/starcoop/starcoop.sc2mod/base.sc2data/gamedata/sounddata.xml	D:\MyWork\新建文件夹\mom.report.client\src\MyMod\crys_the_swarm_reborn.SC2Mod\原始mod\Mods\XM\XMFinal.SC2Mod\Base.SC2Data\GameData\SoundData.xml	added_or_newer_duplicate
Zeratul_AC_Construct_PreFire_Charge	CSound	游戏数据/官方SC2原始文本镜像/mods/starcoop/starcoop.sc2mod/base.sc2data/gamedata/sounddata.xml	D:\MyWork\新建文件夹\mom.report.client\src\MyMod\crys_the_swarm_reborn.SC2Mod\原始mod\Mods\XM\XMFinal.SC2Mod\Base.SC2Data\GameData\SoundData.xml	added_or_newer_duplicate
Zeratul_AC_Construct_Ready_VxFx	CSound	游戏数据/官方SC2原始文本镜像/mods/starcoop/starcoop.sc2mod/base.sc2data/gamedata/sounddata.xml	D:\MyWork\新建文件夹\mom.report.client\src\MyMod\crys_the_swarm_reborn.SC2Mod\原始mod\Mods\XM\XMFinal.SC2Mod\Base.SC2Data\GameData\SoundData.xml	added_or_newer_duplicate
Zeratul_AC_Hallucination_Death	CSound	游戏数据/官方SC2原始文本镜像/mods/starcoop/starcoop.sc2mod/base.sc2data/gamedata/sounddata.xml	D:\MyWork\新建文件夹\mom.report.client\src\MyMod\crys_the_swarm_reborn.SC2Mod\原始mod\Mods\XM\XMFinal.SC2Mod\Base.SC2Data\GameData\SoundData.xml	added_or_newer_duplicate
Zeratul_AC_SuppressionCrystal_Move	CSound	游戏数据/官方SC2原始文本镜像/mods/starcoop/starcoop.sc2mod/base.sc2data/gamedata/sounddata.xml	D:\MyWork\新建文件夹\mom.report.client\src\MyMod\crys_the_swarm_reborn.SC2Mod\原始mod\Mods\XM\XMFinal.SC2Mod\Base.SC2Data\GameData\SoundData.xml	added_or_newer_duplicate
Zeratul_AC_SuppressionCrystal_What	CSound	游戏数据/官方SC2原始文本镜像/mods/starcoop/starcoop.sc2mod/base.sc2data/gamedata/sounddata.xml	D:\MyWork\新建文件夹\mom.report.client\src\MyMod\crys_the_swarm_reborn.SC2Mod\原始mod\Mods\XM\XMFinal.SC2Mod\Base.SC2Data\GameData\SoundData.xml	added_or_newer_duplicate
Zeratul_AC_Unit_Summon_01	CSound	游戏数据/官方SC2原始文本镜像/mods/starcoop/starcoop.sc2mod/base.sc2data/gamedata/sounddata.xml	D:\MyWork\新建文件夹\mom.report.client\src\MyMod\crys_the_swarm_reborn.SC2Mod\原始mod\Mods\XM\XMFinal.SC2Mod\Base.SC2Data\GameData\SoundData.xml	added_or_newer_duplicate
Zerg_ExplosionLarge	CSound	游戏数据/官方SC2原始文本镜像/mods/starcoop/starcoop.sc2mod/base.sc2data/gamedata/sounddata.xml	D:\MyWork\新建文件夹\mom.report.client\src\MyMod\crys_the_swarm_reborn.SC2Mod\原始mod\Mods\XM\XMFinal.SC2Mod\Base.SC2Data\GameData\SoundData.xml	added_or_newer_duplicate
GaryStetmannRotate	CTurret	游戏数据/官方SC2原始文本镜像/mods/starcoop/commanders/egonstetmann.sc2mod/base.sc2data/gamedata/turretdata.xml	D:\MyWork\新建文件夹\mom.report.client\src\MyMod\crys_the_swarm_reborn.SC2Mod\原始mod\Mods\XM\XMFinal.SC2Mod\Base.SC2Data\GameData\TurretData.xml	added_or_newer_duplicate
Archon	CUnit	游戏数据/官方SC2原始文本镜像/mods/starcoop/starcoop.sc2mod/base.sc2data/gamedata/unitdata.xml	D:\MyWork\新建文件夹\mom.report.client\src\MyMod\crys_the_swarm_reborn.SC2Mod\原始mod\Mods\XM\XMFinal.SC2Mod\Base.SC2Data\GameData\UnitData.xml	skipped_existing
Banshee_BlackOps	CUnit	游戏数据/官方SC2原始文本镜像/mods/starcoop/starcoop.sc2mod/base.sc2data/gamedata/unitdata.xml	D:\MyWork\新建文件夹\mom.report.client\src\MyMod\crys_the_swarm_reborn.SC2Mod\原始mod\Mods\XM\XMFinal.SC2Mod\Base.SC2Data\GameData\UnitData.xml	skipped_existing
Banshee	CUnit	游戏数据/官方SC2原始文本镜像/mods/starcoop/starcoop.sc2mod/base.sc2data/gamedata/unitdata.xml	D:\MyWork\新建文件夹\mom.report.client\src\MyMod\crys_the_swarm_reborn.SC2Mod\原始mod\Mods\XM\XMFinal.SC2Mod\Base.SC2Data\GameData\UnitData.xml	skipped_existing
BansheeAirstrikePlaceholder	CUnit	游戏数据/官方SC2原始文本镜像/mods/starcoop/starcoop.sc2mod/base.sc2data/gamedata/unitdata.xml	D:\MyWork\新建文件夹\mom.report.client\src\MyMod\crys_the_swarm_reborn.SC2Mod\原始mod\Mods\XM\XMFinal.SC2Mod\Base.SC2Data\GameData\UnitData.xml	skipped_existing
Battlecruiser	CUnit	游戏数据/官方SC2原始文本镜像/mods/starcoop/starcoop.sc2mod/base.sc2data/gamedata/unitdata.xml	D:\MyWork\新建文件夹\mom.report.client\src\MyMod\crys_the_swarm_reborn.SC2Mod\原始mod\Mods\XM\XMFinal.SC2Mod\Base.SC2Data\GameData\UnitData.xml	skipped_existing
BroodMother	CUnit	游戏数据/官方SC2原始文本镜像/mods/starcoop/starcoop.sc2mod/base.sc2data/gamedata/unitdata.xml	D:\MyWork\新建文件夹\mom.report.client\src\MyMod\crys_the_swarm_reborn.SC2Mod\原始mod\Mods\XM\XMFinal.SC2Mod\Base.SC2Data\GameData\UnitData.xml	added_or_newer_duplicate
Bunker	CUnit	游戏数据/官方SC2原始文本镜像/mods/starcoop/starcoop.sc2mod/base.sc2data/gamedata/unitdata.xml	D:\MyWork\新建文件夹\mom.report.client\src\MyMod\crys_the_swarm_reborn.SC2Mod\原始mod\Mods\XM\XMFinal.SC2Mod\Base.SC2Data\GameData\UnitData.xml	skipped_existing
BunkerDepotMengsk	CUnit	游戏数据/官方SC2原始文本镜像/mods/starcoop/commanders/arcturusmengsk.sc2mod/base.sc2data/gamedata/unitdata.xml	D:\MyWork\新建文件夹\mom.report.client\src\MyMod\crys_the_swarm_reborn.SC2Mod\原始mod\Mods\XM\XMFinal.SC2Mod\Base.SC2Data\GameData\UnitData.xml	added_or_newer_duplicate
BunkerDepotMengskDrop	CUnit	游戏数据/官方SC2原始文本镜像/mods/starcoop/commanders/arcturusmengsk.sc2mod/base.sc2data/gamedata/unitdata.xml	D:\MyWork\新建文件夹\mom.report.client\src\MyMod\crys_the_swarm_reborn.SC2Mod\原始mod\Mods\XM\XMFinal.SC2Mod\Base.SC2Data\GameData\UnitData.xml	added_or_newer_duplicate
ChargedBuster	CUnit	游戏数据/官方SC2原始文本镜像/mods/starcoop/starcoop.sc2mod/base.sc2data/gamedata/unitdata.xml	D:\MyWork\新建文件夹\mom.report.client\src\MyMod\crys_the_swarm_reborn.SC2Mod\原始mod\Mods\XM\XMFinal.SC2Mod\Base.SC2Data\GameData\UnitData.xml	added_or_newer_duplicate
Colossus	CUnit	游戏数据/官方SC2原始文本镜像/mods/starcoop/starcoop.sc2mod/base.sc2data/gamedata/unitdata.xml	D:\MyWork\新建文件夹\mom.report.client\src\MyMod\crys_the_swarm_reborn.SC2Mod\原始mod\Mods\XM\XMFinal.SC2Mod\Base.SC2Data\GameData\UnitData.xml	skipped_existing
CommanderPrestigeArtanisOrbitalStrikesArchon	CUnit	游戏数据/官方SC2原始文本镜像/mods/starcoop/starcoop.sc2mod/base.sc2data/gamedata/unitdata.xml	D:\MyWork\新建文件夹\mom.report.client\src\MyMod\crys_the_swarm_reborn.SC2Mod\原始mod\Mods\XM\XMFinal.SC2Mod\Base.SC2Data\GameData\UnitData.xml	added_or_newer_duplicate
CommanderPrestigeArtanisOrbitalStrikesArchonPrecursor	CUnit	游戏数据/官方SC2原始文本镜像/mods/starcoop/starcoop.sc2mod/base.sc2data/gamedata/unitdata.xml	D:\MyWork\新建文件夹\mom.report.client\src\MyMod\crys_the_swarm_reborn.SC2Mod\原始mod\Mods\XM\XMFinal.SC2Mod\Base.SC2Data\GameData\UnitData.xml	added_or_newer_duplicate
CoopCasterAbathur	CUnit	游戏数据/官方SC2原始文本镜像/mods/starcoop/starcoop.sc2mod/base.sc2data/gamedata/unitdata.xml	D:\MyWork\新建文件夹\mom.report.client\src\MyMod\crys_the_swarm_reborn.SC2Mod\原始mod\Mods\XM\XMFinal.SC2Mod\Base.SC2Data\GameData\UnitData.xml	added_or_newer_duplicate
CoopCasterAlarak	CUnit	游戏数据/官方SC2原始文本镜像/mods/starcoop/starcoop.sc2mod/base.sc2data/gamedata/unitdata.xml	D:\MyWork\新建文件夹\mom.report.client\src\MyMod\crys_the_swarm_reborn.SC2Mod\原始mod\Mods\XM\XMFinal.SC2Mod\Base.SC2Data\GameData\UnitData.xml	skipped_existing
CoopCasterDehaka	CUnit	游戏数据/官方SC2原始文本镜像/mods/starcoop/starcoop.sc2mod/base.sc2data/gamedata/unitdata.xml	D:\MyWork\新建文件夹\mom.report.client\src\MyMod\crys_the_swarm_reborn.SC2Mod\原始mod\Mods\XM\XMFinal.SC2Mod\Base.SC2Data\GameData\UnitData.xml	added_or_newer_duplicate
CoopCasterHorner	CUnit	游戏数据/官方SC2原始文本镜像/mods/starcoop/starcoop.sc2mod/base.sc2data/gamedata/unitdata.xml	D:\MyWork\新建文件夹\mom.report.client\src\MyMod\crys_the_swarm_reborn.SC2Mod\原始mod\Mods\XM\XMFinal.SC2Mod\Base.SC2Data\GameData\UnitData.xml	added_or_newer_duplicate
CoopCasterMengsk	CUnit	游戏数据/官方SC2原始文本镜像/mods/starcoop/commanders/arcturusmengsk.sc2mod/base.sc2data/gamedata/unitdata.xml	D:\MyWork\新建文件夹\mom.report.client\src\MyMod\crys_the_swarm_reborn.SC2Mod\原始mod\Mods\XM\XMFinal.SC2Mod\Base.SC2Data\GameData\UnitData.xml	added_or_newer_duplicate
CoopCasterNova	CUnit	游戏数据/官方SC2原始文本镜像/mods/starcoop/starcoop.sc2mod/base.sc2data/gamedata/unitdata.xml	D:\MyWork\新建文件夹\mom.report.client\src\MyMod\crys_the_swarm_reborn.SC2Mod\原始mod\Mods\XM\XMFinal.SC2Mod\Base.SC2Data\GameData\UnitData.xml	added_or_newer_duplicate
CoopCasterRaynor	CUnit	游戏数据/官方SC2原始文本镜像/mods/starcoop/starcoop.sc2mod/base.sc2data/gamedata/unitdata.xml	D:\MyWork\新建文件夹\mom.report.client\src\MyMod\crys_the_swarm_reborn.SC2Mod\原始mod\Mods\XM\XMFinal.SC2Mod\Base.SC2Data\GameData\UnitData.xml	skipped_existing
CoopCasterStetmann	CUnit	游戏数据/官方SC2原始文本镜像/mods/starcoop/commanders/egonstetmann.sc2mod/base.sc2data/gamedata/unitdata.xml	D:\MyWork\新建文件夹\mom.report.client\src\MyMod\crys_the_swarm_reborn.SC2Mod\原始mod\Mods\XM\XMFinal.SC2Mod\Base.SC2Data\GameData\UnitData.xml	added_or_newer_duplicate
CoopCasterStukov	CUnit	游戏数据/官方SC2原始文本镜像/mods/starcoop/starcoop.sc2mod/base.sc2data/gamedata/unitdata.xml	D:\MyWork\新建文件夹\mom.report.client\src\MyMod\crys_the_swarm_reborn.SC2Mod\原始mod\Mods\XM\XMFinal.SC2Mod\Base.SC2Data\GameData\UnitData.xml	added_or_newer_duplicate
CoopCasterSwann	CUnit	游戏数据/官方SC2原始文本镜像/mods/starcoop/starcoop.sc2mod/base.sc2data/gamedata/unitdata.xml	D:\MyWork\新建文件夹\mom.report.client\src\MyMod\crys_the_swarm_reborn.SC2Mod\原始mod\Mods\XM\XMFinal.SC2Mod\Base.SC2Data\GameData\UnitData.xml	added_or_newer_duplicate
CoopCasterTychus	CUnit	游戏数据/官方SC2原始文本镜像/mods/starcoop/starcoop.sc2mod/base.sc2data/gamedata/commanders/commandertychus.xml	D:\MyWork\新建文件夹\mom.report.client\src\MyMod\crys_the_swarm_reborn.SC2Mod\原始mod\Mods\XM\XMFinal.SC2Mod\Base.SC2Data\GameData\UnitData.xml	added_or_newer_duplicate
CoopCasterZeratul	CUnit	游戏数据/官方SC2原始文本镜像/mods/starcoop/starcoop.sc2mod/base.sc2data/gamedata/commanders/futurecommanders.xml	D:\MyWork\新建文件夹\mom.report.client\src\MyMod\crys_the_swarm_reborn.SC2Mod\原始mod\Mods\XM\XMFinal.SC2Mod\Base.SC2Data\GameData\UnitData.xml	added_or_newer_duplicate
CreepTumor	CUnit	游戏数据/官方SC2原始文本镜像/mods/starcoop/starcoop.sc2mod/base.sc2data/gamedata/unitdata.xml	D:\MyWork\新建文件夹\mom.report.client\src\MyMod\crys_the_swarm_reborn.SC2Mod\原始mod\Mods\XM\XMFinal.SC2Mod\Base.SC2Data\GameData\UnitData.xml	added_or_newer_duplicate
DamagedEvolutionPit	CUnit	游戏数据/官方SC2原始文本镜像/mods/starcoop/starcoop.sc2mod/base.sc2data/gamedata/unitdata.xml	D:\MyWork\新建文件夹\mom.report.client\src\MyMod\crys_the_swarm_reborn.SC2Mod\原始mod\Mods\XM\XMFinal.SC2Mod\Base.SC2Data\GameData\UnitData.xml	added_or_newer_duplicate
DarkPylon	CUnit	游戏数据/官方SC2原始文本镜像/mods/starcoop/starcoop.sc2mod/base.sc2data/gamedata/unitdata.xml	D:\MyWork\新建文件夹\mom.report.client\src\MyMod\crys_the_swarm_reborn.SC2Mod\原始mod\Mods\XM\XMFinal.SC2Mod\Base.SC2Data\GameData\UnitData.xml	skipped_existing
DarkPylonOvercharged	CUnit	游戏数据/官方SC2原始文本镜像/mods/starcoop/starcoop.sc2mod/base.sc2data/gamedata/unitdata.xml	D:\MyWork\新建文件夹\mom.report.client\src\MyMod\crys_the_swarm_reborn.SC2Mod\原始mod\Mods\XM\XMFinal.SC2Mod\Base.SC2Data\GameData\UnitData.xml	added_or_newer_duplicate
DarkShrine	CUnit	游戏数据/官方SC2原始文本镜像/mods/starcoop/starcoop.sc2mod/base.sc2data/gamedata/unitdata.xml	D:\MyWork\新建文件夹\mom.report.client\src\MyMod\crys_the_swarm_reborn.SC2Mod\原始mod\Mods\XM\XMFinal.SC2Mod\Base.SC2Data\GameData\UnitData.xml	added_or_newer_duplicate
Dehaka	CUnit	游戏数据/官方SC2原始文本镜像/mods/starcoop/starcoop.sc2mod/base.sc2data/gamedata/unitdata.xml	D:\MyWork\新建文件夹\mom.report.client\src\MyMod\crys_the_swarm_reborn.SC2Mod\原始mod\Mods\XM\XMFinal.SC2Mod\Base.SC2Data\GameData\UnitData.xml	added_or_newer_duplicate
DehakaBarracksUprooted	CUnit	游戏数据/官方SC2原始文本镜像/mods/starcoop/starcoop.sc2mod/base.sc2data/gamedata/unitdata.xml	D:\MyWork\新建文件夹\mom.report.client\src\MyMod\crys_the_swarm_reborn.SC2Mod\原始mod\Mods\XM\XMFinal.SC2Mod\Base.SC2Data\GameData\UnitData.xml	added_or_newer_duplicate
DehakaDakrun	CUnit	游戏数据/官方SC2原始文本镜像/mods/starcoop/starcoop.sc2mod/base.sc2data/gamedata/unitdata.xml	D:\MyWork\新建文件夹\mom.report.client\src\MyMod\crys_the_swarm_reborn.SC2Mod\原始mod\Mods\XM\XMFinal.SC2Mod\Base.SC2Data\GameData\UnitData.xml	added_or_newer_duplicate
DehakaGlevig	CUnit	游戏数据/官方SC2原始文本镜像/mods/starcoop/starcoop.sc2mod/base.sc2data/gamedata/unitdata.xml	D:\MyWork\新建文件夹\mom.report.client\src\MyMod\crys_the_swarm_reborn.SC2Mod\原始mod\Mods\XM\XMFinal.SC2Mod\Base.SC2Data\GameData\UnitData.xml	added_or_newer_duplicate
DehakaGlevigStructure	CUnit	游戏数据/官方SC2原始文本镜像/mods/starcoop/starcoop.sc2mod/base.sc2data/gamedata/unitdata.xml	D:\MyWork\新建文件夹\mom.report.client\src\MyMod\crys_the_swarm_reborn.SC2Mod\原始mod\Mods\XM\XMFinal.SC2Mod\Base.SC2Data\GameData\UnitData.xml	added_or_newer_duplicate
DehakaHatcheryUprooted	CUnit	游戏数据/官方SC2原始文本镜像/mods/starcoop/starcoop.sc2mod/base.sc2data/gamedata/unitdata.xml	D:\MyWork\新建文件夹\mom.report.client\src\MyMod\crys_the_swarm_reborn.SC2Mod\原始mod\Mods\XM\XMFinal.SC2Mod\Base.SC2Data\GameData\UnitData.xml	added_or_newer_duplicate
DehakaMurvar	CUnit	游戏数据/官方SC2原始文本镜像/mods/starcoop/starcoop.sc2mod/base.sc2data/gamedata/unitdata.xml	D:\MyWork\新建文件夹\mom.report.client\src\MyMod\crys_the_swarm_reborn.SC2Mod\原始mod\Mods\XM\XMFinal.SC2Mod\Base.SC2Data\GameData\UnitData.xml	added_or_newer_duplicate
DehakaNydusDestroyer	CUnit	游戏数据/官方SC2原始文本镜像/mods/starcoop/starcoop.sc2mod/base.sc2data/gamedata/unitdata.xml	D:\MyWork\新建文件夹\mom.report.client\src\MyMod\crys_the_swarm_reborn.SC2Mod\原始mod\Mods\XM\XMFinal.SC2Mod\Base.SC2Data\GameData\UnitData.xml	added_or_newer_duplicate
DehakaNydusDestroyerTimedNoFood	CUnit	游戏数据/官方SC2原始文本镜像/mods/starcoop/starcoop.sc2mod/base.sc2data/gamedata/unitdata.xml	D:\MyWork\新建文件夹\mom.report.client\src\MyMod\crys_the_swarm_reborn.SC2Mod\原始mod\Mods\XM\XMFinal.SC2Mod\Base.SC2Data\GameData\UnitData.xml	added_or_newer_duplicate
DehakaNydusDestroyerTimedNoFoodWeapon	CUnit	游戏数据/官方SC2原始文本镜像/mods/starcoop/starcoop.sc2mod/base.sc2data/gamedata/unitdata.xml	D:\MyWork\新建文件夹\mom.report.client\src\MyMod\crys_the_swarm_reborn.SC2Mod\原始mod\Mods\XM\XMFinal.SC2Mod\Base.SC2Data\GameData\UnitData.xml	added_or_newer_duplicate
DrakkenLaserDrillCoop	CUnit	游戏数据/官方SC2原始文本镜像/mods/starcoop/starcoop.sc2mod/base.sc2data/gamedata/unitdata.xml	D:\MyWork\新建文件夹\mom.report.client\src\MyMod\crys_the_swarm_reborn.SC2Mod\原始mod\Mods\XM\XMFinal.SC2Mod\Base.SC2Data\GameData\UnitData.xml	added_or_newer_duplicate
Drone	CUnit	游戏数据/官方SC2原始文本镜像/mods/starcoop/starcoop.sc2mod/base.sc2data/gamedata/unitdata.xml	D:\MyWork\新建文件夹\mom.report.client\src\MyMod\crys_the_swarm_reborn.SC2Mod\原始mod\Mods\XM\XMFinal.SC2Mod\Base.SC2Data\GameData\UnitData.xml	added_or_newer_duplicate
EvolutionPit	CUnit	游戏数据/官方SC2原始文本镜像/mods/starcoop/starcoop.sc2mod/base.sc2data/gamedata/unitdata.xml	D:\MyWork\新建文件夹\mom.report.client\src\MyMod\crys_the_swarm_reborn.SC2Mod\原始mod\Mods\XM\XMFinal.SC2Mod\Base.SC2Data\GameData\UnitData.xml	added_or_newer_duplicate
FenixChampion	CUnit	游戏数据/官方SC2原始文本镜像/mods/starcoop/starcoop.sc2mod/base.sc2data/gamedata/unitdata.xml	D:\MyWork\新建文件夹\mom.report.client\src\MyMod\crys_the_swarm_reborn.SC2Mod\原始mod\Mods\XM\XMFinal.SC2Mod\Base.SC2Data\GameData\UnitData.xml	added_or_newer_duplicate
FenixManaDummy1	CUnit	游戏数据/官方SC2原始文本镜像/mods/starcoop/starcoop.sc2mod/base.sc2data/gamedata/unitdata.xml	D:\MyWork\新建文件夹\mom.report.client\src\MyMod\crys_the_swarm_reborn.SC2Mod\原始mod\Mods\XM\XMFinal.SC2Mod\Base.SC2Data\GameData\UnitData.xml	added_or_newer_duplicate
FenixManaDummy2	CUnit	游戏数据/官方SC2原始文本镜像/mods/starcoop/starcoop.sc2mod/base.sc2data/gamedata/unitdata.xml	D:\MyWork\新建文件夹\mom.report.client\src\MyMod\crys_the_swarm_reborn.SC2Mod\原始mod\Mods\XM\XMFinal.SC2Mod\Base.SC2Data\GameData\UnitData.xml	added_or_newer_duplicate
Firebat	CUnit	游戏数据/官方SC2原始文本镜像/mods/starcoop/starcoop.sc2mod/base.sc2data/gamedata/unitdata.xml	D:\MyWork\新建文件夹\mom.report.client\src\MyMod\crys_the_swarm_reborn.SC2Mod\原始mod\Mods\XM\XMFinal.SC2Mod\Base.SC2Data\GameData\UnitData.xml	skipped_existing
GaryStetmann	CUnit	游戏数据/官方SC2原始文本镜像/mods/starcoop/commanders/egonstetmann.sc2mod/base.sc2data/gamedata/unitdata.xml	D:\MyWork\新建文件夹\mom.report.client\src\MyMod\crys_the_swarm_reborn.SC2Mod\原始mod\Mods\XM\XMFinal.SC2Mod\Base.SC2Data\GameData\UnitData.xml	added_or_newer_duplicate
Ghost	CUnit	游戏数据/官方SC2原始文本镜像/mods/starcoop/starcoop.sc2mod/base.sc2data/gamedata/unitdata.xml	D:\MyWork\新建文件夹\mom.report.client\src\MyMod\crys_the_swarm_reborn.SC2Mod\原始mod\Mods\XM\XMFinal.SC2Mod\Base.SC2Data\GameData\UnitData.xml	added_or_newer_duplicate
GhostAcademyNova	CUnit	游戏数据/官方SC2原始文本镜像/mods/starcoop/starcoop.sc2mod/base.sc2data/gamedata/unitdata.xml	D:\MyWork\新建文件夹\mom.report.client\src\MyMod\crys_the_swarm_reborn.SC2Mod\原始mod\Mods\XM\XMFinal.SC2Mod\Base.SC2Data\GameData\UnitData.xml	added_or_newer_duplicate
GreaterNydusWorm	CUnit	游戏数据/官方SC2原始文本镜像/mods/starcoop/starcoop.sc2mod/base.sc2data/gamedata/unitdata.xml	D:\MyWork\新建文件夹\mom.report.client\src\MyMod\crys_the_swarm_reborn.SC2Mod\原始mod\Mods\XM\XMFinal.SC2Mod\Base.SC2Data\GameData\UnitData.xml	skipped_existing
Hatchery	CUnit	游戏数据/官方SC2原始文本镜像/mods/starcoop/starcoop.sc2mod/base.sc2data/gamedata/unitdata.xml	D:\MyWork\新建文件夹\mom.report.client\src\MyMod\crys_the_swarm_reborn.SC2Mod\原始mod\Mods\XM\XMFinal.SC2Mod\Base.SC2Data\GameData\UnitData.xml	added_or_newer_duplicate
HatcheryStetmann	CUnit	游戏数据/官方SC2原始文本镜像/mods/starcoop/commanders/egonstetmann.sc2mod/base.sc2data/gamedata/unitdata.xml	D:\MyWork\新建文件夹\mom.report.client\src\MyMod\crys_the_swarm_reborn.SC2Mod\原始mod\Mods\XM\XMFinal.SC2Mod\Base.SC2Data\GameData\UnitData.xml	added_or_newer_duplicate
HHMagneticMine_SpawnerUnit	CUnit	游戏数据/官方SC2原始文本镜像/mods/starcoop/starcoop.sc2mod/base.sc2data/gamedata/unitdata.xml	D:\MyWork\新建文件夹\mom.report.client\src\MyMod\crys_the_swarm_reborn.SC2Mod\原始mod\Mods\XM\XMFinal.SC2Mod\Base.SC2Data\GameData\UnitData.xml	added_or_newer_duplicate
HHMagneticMine	CUnit	游戏数据/官方SC2原始文本镜像/mods/starcoop/starcoop.sc2mod/base.sc2data/gamedata/unitdata.xml	D:\MyWork\新建文件夹\mom.report.client\src\MyMod\crys_the_swarm_reborn.SC2Mod\原始mod\Mods\XM\XMFinal.SC2Mod\Base.SC2Data\GameData\UnitData.xml	added_or_newer_duplicate
HHMercenarySpaceStation	CUnit	游戏数据/官方SC2原始文本镜像/mods/starcoop/starcoop.sc2mod/base.sc2data/gamedata/unitdata.xml	D:\MyWork\新建文件夹\mom.report.client\src\MyMod\crys_the_swarm_reborn.SC2Mod\原始mod\Mods\XM\XMFinal.SC2Mod\Base.SC2Data\GameData\UnitData.xml	added_or_newer_duplicate
HighTemplar	CUnit	游戏数据/官方SC2原始文本镜像/mods/starcoop/starcoop.sc2mod/base.sc2data/gamedata/unitdata.xml	D:\MyWork\新建文件夹\mom.report.client\src\MyMod\crys_the_swarm_reborn.SC2Mod\原始mod\Mods\XM\XMFinal.SC2Mod\Base.SC2Data\GameData\UnitData.xml	skipped_existing
Hive	CUnit	游戏数据/官方SC2原始文本镜像/mods/starcoop/starcoop.sc2mod/base.sc2data/gamedata/unitdata.xml	D:\MyWork\新建文件夹\mom.report.client\src\MyMod\crys_the_swarm_reborn.SC2Mod\原始mod\Mods\XM\XMFinal.SC2Mod\Base.SC2Data\GameData\UnitData.xml	added_or_newer_duplicate
HiveStetmann	CUnit	游戏数据/官方SC2原始文本镜像/mods/starcoop/commanders/egonstetmann.sc2mod/base.sc2data/gamedata/unitdata.xml	D:\MyWork\新建文件夹\mom.report.client\src\MyMod\crys_the_swarm_reborn.SC2Mod\原始mod\Mods\XM\XMFinal.SC2Mod\Base.SC2Data\GameData\UnitData.xml	added_or_newer_duplicate
Hydralisk	CUnit	游戏数据/官方SC2原始文本镜像/mods/starcoop/starcoop.sc2mod/base.sc2data/gamedata/unitdata.xml	D:\MyWork\新建文件夹\mom.report.client\src\MyMod\crys_the_swarm_reborn.SC2Mod\原始mod\Mods\XM\XMFinal.SC2Mod\Base.SC2Data\GameData\UnitData.xml	skipped_existing
HyperionVoidCoop	CUnit	游戏数据/官方SC2原始文本镜像/mods/starcoop/starcoop.sc2mod/base.sc2data/gamedata/unitdata.xml	D:\MyWork\新建文件夹\mom.report.client\src\MyMod\crys_the_swarm_reborn.SC2Mod\原始mod\Mods\XM\XMFinal.SC2Mod\Base.SC2Data\GameData\UnitData.xml	added_or_newer_duplicate
Immortal	CUnit	游戏数据/官方SC2原始文本镜像/mods/starcoop/starcoop.sc2mod/base.sc2data/gamedata/unitdata.xml	D:\MyWork\新建文件夹\mom.report.client\src\MyMod\crys_the_swarm_reborn.SC2Mod\原始mod\Mods\XM\XMFinal.SC2Mod\Base.SC2Data\GameData\UnitData.xml	skipped_existing
InfestedAbomination	CUnit	游戏数据/官方SC2原始文本镜像/mods/starcoop/starcoop.sc2mod/base.sc2data/gamedata/unitdata.xml	D:\MyWork\新建文件夹\mom.report.client\src\MyMod\crys_the_swarm_reborn.SC2Mod\原始mod\Mods\XM\XMFinal.SC2Mod\Base.SC2Data\GameData\UnitData.xml	skipped_existing
InfestedAbominationBurrowed	CUnit	游戏数据/官方SC2原始文本镜像/mods/starcoop/starcoop.sc2mod/base.sc2data/gamedata/unitdata.xml	D:\MyWork\新建文件夹\mom.report.client\src\MyMod\crys_the_swarm_reborn.SC2Mod\原始mod\Mods\XM\XMFinal.SC2Mod\Base.SC2Data\GameData\UnitData.xml	added_or_newer_duplicate
InfestedTerran	CUnit	游戏数据/官方SC2原始文本镜像/mods/starcoop/starcoop.sc2mod/base.sc2data/gamedata/unitdata.xml	D:\MyWork\新建文件夹\mom.report.client\src\MyMod\crys_the_swarm_reborn.SC2Mod\原始mod\Mods\XM\XMFinal.SC2Mod\Base.SC2Data\GameData\UnitData.xml	added_or_newer_duplicate
K5Kerrigan	CUnit	游戏数据/官方SC2原始文本镜像/mods/starcoop/starcoop.sc2mod/base.sc2data/gamedata/unitdata.xml	D:\MyWork\新建文件夹\mom.report.client\src\MyMod\crys_the_swarm_reborn.SC2Mod\原始mod\Mods\XM\XMFinal.SC2Mod\Base.SC2Data\GameData\UnitData.xml	skipped_existing
Karass	CUnit	游戏数据/官方SC2原始文本镜像/mods/starcoop/starcoop.sc2mod/base.sc2data/gamedata/unitdata.xml	D:\MyWork\新建文件夹\mom.report.client\src\MyMod\crys_the_swarm_reborn.SC2Mod\原始mod\Mods\XM\XMFinal.SC2Mod\Base.SC2Data\GameData\UnitData.xml	added_or_newer_duplicate
KelMorianAutoTurret	CUnit	游戏数据/官方SC2原始文本镜像/mods/starcoop/starcoop.sc2mod/base.sc2data/gamedata/unitdata.xml	D:\MyWork\新建文件夹\mom.report.client\src\MyMod\crys_the_swarm_reborn.SC2Mod\原始mod\Mods\XM\XMFinal.SC2Mod\Base.SC2Data\GameData\UnitData.xml	added_or_newer_duplicate
KhaydarinMonolith	CUnit	游戏数据/官方SC2原始文本镜像/mods/starcoop/starcoop.sc2mod/base.sc2data/gamedata/unitdata.xml	D:\MyWork\新建文件夹\mom.report.client\src\MyMod\crys_the_swarm_reborn.SC2Mod\原始mod\Mods\XM\XMFinal.SC2Mod\Base.SC2Data\GameData\UnitData.xml	skipped_existing
Lair	CUnit	游戏数据/官方SC2原始文本镜像/mods/starcoop/starcoop.sc2mod/base.sc2data/gamedata/unitdata.xml	D:\MyWork\新建文件夹\mom.report.client\src\MyMod\crys_the_swarm_reborn.SC2Mod\原始mod\Mods\XM\XMFinal.SC2Mod\Base.SC2Data\GameData\UnitData.xml	added_or_newer_duplicate
LairStetmann	CUnit	游戏数据/官方SC2原始文本镜像/mods/starcoop/commanders/egonstetmann.sc2mod/base.sc2data/gamedata/unitdata.xml	D:\MyWork\新建文件夹\mom.report.client\src\MyMod\crys_the_swarm_reborn.SC2Mod\原始mod\Mods\XM\XMFinal.SC2Mod\Base.SC2Data\GameData\UnitData.xml	added_or_newer_duplicate
Larva	CUnit	游戏数据/官方SC2原始文本镜像/mods/starcoop/starcoop.sc2mod/base.sc2data/gamedata/unitdata.xml	D:\MyWork\新建文件夹\mom.report.client\src\MyMod\crys_the_swarm_reborn.SC2Mod\原始mod\Mods\XM\XMFinal.SC2Mod\Base.SC2Data\GameData\UnitData.xml	added_or_newer_duplicate
LarvaStetmann	CUnit	游戏数据/官方SC2原始文本镜像/mods/starcoop/commanders/egonstetmann.sc2mod/base.sc2data/gamedata/unitdata.xml	D:\MyWork\新建文件夹\mom.report.client\src\MyMod\crys_the_swarm_reborn.SC2Mod\原始mod\Mods\XM\XMFinal.SC2Mod\Base.SC2Data\GameData\UnitData.xml	added_or_newer_duplicate
Locust	CUnit	游戏数据/官方SC2原始文本镜像/mods/starcoop/starcoop.sc2mod/base.sc2data/gamedata/unitdata.xml	D:\MyWork\新建文件夹\mom.report.client\src\MyMod\crys_the_swarm_reborn.SC2Mod\原始mod\Mods\XM\XMFinal.SC2Mod\Base.SC2Data\GameData\UnitData.xml	added_or_newer_duplicate
Marauder	CUnit	游戏数据/官方SC2原始文本镜像/mods/starcoop/starcoop.sc2mod/base.sc2data/gamedata/unitdata.xml	D:\MyWork\新建文件夹\mom.report.client\src\MyMod\crys_the_swarm_reborn.SC2Mod\原始mod\Mods\XM\XMFinal.SC2Mod\Base.SC2Data\GameData\UnitData.xml	skipped_existing
Marine	CUnit	游戏数据/官方SC2原始文本镜像/mods/starcoop/starcoop.sc2mod/base.sc2data/gamedata/unitdata.xml	D:\MyWork\新建文件夹\mom.report.client\src\MyMod\crys_the_swarm_reborn.SC2Mod\原始mod\Mods\XM\XMFinal.SC2Mod\Base.SC2Data\GameData\UnitData.xml	skipped_existing
Medic	CUnit	游戏数据/官方SC2原始文本镜像/mods/starcoop/starcoop.sc2mod/base.sc2data/gamedata/unitdata.xml	D:\MyWork\新建文件夹\mom.report.client\src\MyMod\crys_the_swarm_reborn.SC2Mod\原始mod\Mods\XM\XMFinal.SC2Mod\Base.SC2Data\GameData\UnitData.xml	skipped_existing
Mohandar	CUnit	游戏数据/官方SC2原始文本镜像/mods/starcoop/starcoop.sc2mod/base.sc2data/gamedata/commanders/futurecommanders.xml	D:\MyWork\新建文件夹\mom.report.client\src\MyMod\crys_the_swarm_reborn.SC2Mod\原始mod\Mods\XM\XMFinal.SC2Mod\Base.SC2Data\GameData\UnitData.xml	added_or_newer_duplicate
Mutalisk	CUnit	游戏数据/官方SC2原始文本镜像/mods/starcoop/starcoop.sc2mod/base.sc2data/gamedata/unitdata.xml	D:\MyWork\新建文件夹\mom.report.client\src\MyMod\crys_the_swarm_reborn.SC2Mod\原始mod\Mods\XM\XMFinal.SC2Mod\Base.SC2Data\GameData\UnitData.xml	added_or_newer_duplicate
Nova	CUnit	游戏数据/官方SC2原始文本镜像/mods/starcoop/starcoop.sc2mod/base.sc2data/gamedata/unitdata.xml	D:\MyWork\新建文件夹\mom.report.client\src\MyMod\crys_the_swarm_reborn.SC2Mod\原始mod\Mods\XM\XMFinal.SC2Mod\Base.SC2Data\GameData\UnitData.xml	added_or_newer_duplicate
NovaCoop	CUnit	游戏数据/官方SC2原始文本镜像/mods/starcoop/starcoop.sc2mod/base.sc2data/gamedata/unitdata.xml	D:\MyWork\新建文件夹\mom.report.client\src\MyMod\crys_the_swarm_reborn.SC2Mod\原始mod\Mods\XM\XMFinal.SC2Mod\Base.SC2Data\GameData\UnitData.xml	added_or_newer_duplicate
NovaCoopDecoy	CUnit	游戏数据/官方SC2原始文本镜像/mods/starcoop/starcoop.sc2mod/base.sc2data/gamedata/unitdata.xml	D:\MyWork\新建文件夹\mom.report.client\src\MyMod\crys_the_swarm_reborn.SC2Mod\原始mod\Mods\XM\XMFinal.SC2Mod\Base.SC2Data\GameData\UnitData.xml	added_or_newer_duplicate
NovaDefensiveMatrixDrone	CUnit	游戏数据/官方SC2原始文本镜像/mods/starcoop/starcoop.sc2mod/base.sc2data/gamedata/unitdata.xml	D:\MyWork\新建文件夹\mom.report.client\src\MyMod\crys_the_swarm_reborn.SC2Mod\原始mod\Mods\XM\XMFinal.SC2Mod\Base.SC2Data\GameData\UnitData.xml	added_or_newer_duplicate
NovaStunDrone	CUnit	游戏数据/官方SC2原始文本镜像/mods/starcoop/starcoop.sc2mod/base.sc2data/gamedata/unitdata.xml	D:\MyWork\新建文件夹\mom.report.client\src\MyMod\crys_the_swarm_reborn.SC2Mod\原始mod\Mods\XM\XMFinal.SC2Mod\Base.SC2Data\GameData\UnitData.xml	added_or_newer_duplicate
NydusCanalAttacker	CUnit	游戏数据/官方SC2原始文本镜像/mods/starcoop/starcoop.sc2mod/base.sc2data/gamedata/unitdata.xml	D:\MyWork\新建文件夹\mom.report.client\src\MyMod\crys_the_swarm_reborn.SC2Mod\原始mod\Mods\XM\XMFinal.SC2Mod\Base.SC2Data\GameData\UnitData.xml	added_or_newer_duplicate
Odin	CUnit	游戏数据/官方SC2原始文本镜像/mods/starcoop/starcoop.sc2mod/base.sc2data/gamedata/unitdata.xml	D:\MyWork\新建文件夹\mom.report.client\src\MyMod\crys_the_swarm_reborn.SC2Mod\原始mod\Mods\XM\XMFinal.SC2Mod\Base.SC2Data\GameData\UnitData.xml	added_or_newer_duplicate
OdinMKII	CUnit	游戏数据/官方SC2原始文本镜像/mods/starcoop/starcoop.sc2mod/base.sc2data/gamedata/unitdata.xml	D:\MyWork\新建文件夹\mom.report.client\src\MyMod\crys_the_swarm_reborn.SC2Mod\原始mod\Mods\XM\XMFinal.SC2Mod\Base.SC2Data\GameData\UnitData.xml	added_or_newer_duplicate
OdinMKIIWreckage	CUnit	游戏数据/官方SC2原始文本镜像/mods/starcoop/starcoop.sc2mod/base.sc2data/gamedata/unitdata.xml	D:\MyWork\新建文件夹\mom.report.client\src\MyMod\crys_the_swarm_reborn.SC2Mod\原始mod\Mods\XM\XMFinal.SC2Mod\Base.SC2Data\GameData\UnitData.xml	added_or_newer_duplicate
Overseer	CUnit	游戏数据/官方SC2原始文本镜像/mods/starcoop/starcoop.sc2mod/base.sc2data/gamedata/unitdata.xml	D:\MyWork\新建文件夹\mom.report.client\src\MyMod\crys_the_swarm_reborn.SC2Mod\原始mod\Mods\XM\XMFinal.SC2Mod\Base.SC2Data\GameData\UnitData.xml	skipped_existing
Phoenix	CUnit	游戏数据/官方SC2原始文本镜像/mods/starcoop/starcoop.sc2mod/base.sc2data/gamedata/unitdata.xml	D:\MyWork\新建文件夹\mom.report.client\src\MyMod\crys_the_swarm_reborn.SC2Mod\原始mod\Mods\XM\XMFinal.SC2Mod\Base.SC2Data\GameData\UnitData.xml	added_or_newer_duplicate
PointDefenseDrone	CUnit	游戏数据/官方SC2原始文本镜像/mods/starcoop/starcoop.sc2mod/base.sc2data/gamedata/unitdata.xml	D:\MyWork\新建文件夹\mom.report.client\src\MyMod\crys_the_swarm_reborn.SC2Mod\原始mod\Mods\XM\XMFinal.SC2Mod\Base.SC2Data\GameData\UnitData.xml	added_or_newer_duplicate
PowerTowerStetmann	CUnit	游戏数据/官方SC2原始文本镜像/mods/starcoop/commanders/egonstetmann.sc2mod/base.sc2data/gamedata/unitdata.xml	D:\MyWork\新建文件夹\mom.report.client\src\MyMod\crys_the_swarm_reborn.SC2Mod\原始mod\Mods\XM\XMFinal.SC2Mod\Base.SC2Data\GameData\UnitData.xml	added_or_newer_duplicate
PowerTowerStetmannDeactivated	CUnit	游戏数据/官方SC2原始文本镜像/mods/starcoop/commanders/egonstetmann.sc2mod/base.sc2data/gamedata/unitdata.xml	D:\MyWork\新建文件夹\mom.report.client\src\MyMod\crys_the_swarm_reborn.SC2Mod\原始mod\Mods\XM\XMFinal.SC2Mod\Base.SC2Data\GameData\UnitData.xml	added_or_newer_duplicate
Probe	CUnit	游戏数据/官方SC2原始文本镜像/mods/starcoop/starcoop.sc2mod/base.sc2data/gamedata/unitdata.xml	D:\MyWork\新建文件夹\mom.report.client\src\MyMod\crys_the_swarm_reborn.SC2Mod\原始mod\Mods\XM\XMFinal.SC2Mod\Base.SC2Data\GameData\UnitData.xml	added_or_newer_duplicate
Queen	CUnit	游戏数据/官方SC2原始文本镜像/mods/starcoop/starcoop.sc2mod/base.sc2data/gamedata/unitdata.xml	D:\MyWork\新建文件夹\mom.report.client\src\MyMod\crys_the_swarm_reborn.SC2Mod\原始mod\Mods\XM\XMFinal.SC2Mod\Base.SC2Data\GameData\UnitData.xml	added_or_newer_duplicate
Raynor	CUnit	游戏数据/官方SC2原始文本镜像/mods/starcoop/starcoop.sc2mod/base.sc2data/gamedata/unitdata.xml	D:\MyWork\新建文件夹\mom.report.client\src\MyMod\crys_the_swarm_reborn.SC2Mod\原始mod\Mods\XM\XMFinal.SC2Mod\Base.SC2Data\GameData\UnitData.xml	added_or_newer_duplicate
Scourge	CUnit	游戏数据/官方SC2原始文本镜像/mods/starcoop/starcoop.sc2mod/base.sc2data/gamedata/unitdata.xml	D:\MyWork\新建文件夹\mom.report.client\src\MyMod\crys_the_swarm_reborn.SC2Mod\原始mod\Mods\XM\XMFinal.SC2Mod\Base.SC2Data\GameData\UnitData.xml	skipped_existing
SCV	CUnit	游戏数据/官方SC2原始文本镜像/mods/starcoop/starcoop.sc2mod/base.sc2data/gamedata/unitdata.xml	D:\MyWork\新建文件夹\mom.report.client\src\MyMod\crys_the_swarm_reborn.SC2Mod\原始mod\Mods\XM\XMFinal.SC2Mod\Base.SC2Data\GameData\UnitData.xml	skipped_existing
SensorTower	CUnit	游戏数据/官方SC2原始文本镜像/mods/starcoop/starcoop.sc2mod/base.sc2data/gamedata/unitdata.xml	D:\MyWork\新建文件夹\mom.report.client\src\MyMod\crys_the_swarm_reborn.SC2Mod\原始mod\Mods\XM\XMFinal.SC2Mod\Base.SC2Data\GameData\UnitData.xml	added_or_newer_duplicate
SICommandCenter	CUnit	游戏数据/官方SC2原始文本镜像/mods/starcoop/starcoop.sc2mod/base.sc2data/gamedata/unitdata.xml	D:\MyWork\新建文件夹\mom.report.client\src\MyMod\crys_the_swarm_reborn.SC2Mod\原始mod\Mods\XM\XMFinal.SC2Mod\Base.SC2Data\GameData\UnitData.xml	added_or_newer_duplicate
SiegeTank	CUnit	游戏数据/官方SC2原始文本镜像/mods/starcoop/starcoop.sc2mod/base.sc2data/gamedata/unitdata.xml	D:\MyWork\新建文件夹\mom.report.client\src\MyMod\crys_the_swarm_reborn.SC2Mod\原始mod\Mods\XM\XMFinal.SC2Mod\Base.SC2Data\GameData\UnitData.xml	skipped_existing
SiegeTankSieged	CUnit	游戏数据/官方SC2原始文本镜像/mods/starcoop/starcoop.sc2mod/base.sc2data/gamedata/unitdata.xml	D:\MyWork\新建文件夹\mom.report.client\src\MyMod\crys_the_swarm_reborn.SC2Mod\原始mod\Mods\XM\XMFinal.SC2Mod\Base.SC2Data\GameData\UnitData.xml	skipped_existing
SISCV	CUnit	游戏数据/官方SC2原始文本镜像/mods/starcoop/starcoop.sc2mod/base.sc2data/gamedata/unitdata.xml	D:\MyWork\新建文件夹\mom.report.client\src\MyMod\crys_the_swarm_reborn.SC2Mod\原始mod\Mods\XM\XMFinal.SC2Mod\Base.SC2Data\GameData\UnitData.xml	added_or_newer_duplicate
SoACaster	CUnit	游戏数据/官方SC2原始文本镜像/mods/starcoop/starcoop.sc2mod/base.sc2data/gamedata/unitdata.xml	D:\MyWork\新建文件夹\mom.report.client\src\MyMod\crys_the_swarm_reborn.SC2Mod\原始mod\Mods\XM\XMFinal.SC2Mod\Base.SC2Data\GameData\UnitData.xml	skipped_existing
SoACasterArtanis	CUnit	游戏数据/官方SC2原始文本镜像/mods/starcoop/starcoop.sc2mod/base.sc2data/gamedata/unitdata.xml	D:\MyWork\新建文件夹\mom.report.client\src\MyMod\crys_the_swarm_reborn.SC2Mod\原始mod\Mods\XM\XMFinal.SC2Mod\Base.SC2Data\GameData\UnitData.xml	skipped_existing
SoACasterFenix	CUnit	游戏数据/官方SC2原始文本镜像/mods/starcoop/starcoop.sc2mod/base.sc2data/gamedata/unitdata.xml	D:\MyWork\新建文件夹\mom.report.client\src\MyMod\crys_the_swarm_reborn.SC2Mod\原始mod\Mods\XM\XMFinal.SC2Mod\Base.SC2Data\GameData\UnitData.xml	skipped_existing
SoACasterKarax	CUnit	游戏数据/官方SC2原始文本镜像/mods/starcoop/starcoop.sc2mod/base.sc2data/gamedata/unitdata.xml	D:\MyWork\新建文件夹\mom.report.client\src\MyMod\crys_the_swarm_reborn.SC2Mod\原始mod\Mods\XM\XMFinal.SC2Mod\Base.SC2Data\GameData\UnitData.xml	skipped_existing
SoACasterVorazun	CUnit	游戏数据/官方SC2原始文本镜像/mods/starcoop/starcoop.sc2mod/base.sc2data/gamedata/unitdata.xml	D:\MyWork\新建文件夹\mom.report.client\src\MyMod\crys_the_swarm_reborn.SC2Mod\原始mod\Mods\XM\XMFinal.SC2Mod\Base.SC2Data\GameData\UnitData.xml	skipped_existing
SOAMothershipv4	CUnit	游戏数据/官方SC2原始文本镜像/mods/starcoop/starcoop.sc2mod/base.sc2data/gamedata/unitdata.xml	D:\MyWork\新建文件夹\mom.report.client\src\MyMod\crys_the_swarm_reborn.SC2Mod\原始mod\Mods\XM\XMFinal.SC2Mod\Base.SC2Data\GameData\UnitData.xml	skipped_existing
Stalker	CUnit	游戏数据/官方SC2原始文本镜像/mods/starcoop/starcoop.sc2mod/base.sc2data/gamedata/unitdata.xml	D:\MyWork\新建文件夹\mom.report.client\src\MyMod\crys_the_swarm_reborn.SC2Mod\原始mod\Mods\XM\XMFinal.SC2Mod\Base.SC2Data\GameData\UnitData.xml	skipped_existing
Starport	CUnit	游戏数据/官方SC2原始文本镜像/mods/starcoop/starcoop.sc2mod/base.sc2data/gamedata/unitdata.xml	D:\MyWork\新建文件夹\mom.report.client\src\MyMod\crys_the_swarm_reborn.SC2Mod\原始mod\Mods\XM\XMFinal.SC2Mod\Base.SC2Data\GameData\UnitData.xml	added_or_newer_duplicate
StarportFlying	CUnit	游戏数据/官方SC2原始文本镜像/mods/starcoop/starcoop.sc2mod/base.sc2data/gamedata/unitdata.xml	D:\MyWork\新建文件夹\mom.report.client\src\MyMod\crys_the_swarm_reborn.SC2Mod\原始mod\Mods\XM\XMFinal.SC2Mod\Base.SC2Data\GameData\UnitData.xml	added_or_newer_duplicate
StukovAleksander	CUnit	游戏数据/官方SC2原始文本镜像/mods/starcoop/starcoop.sc2mod/base.sc2data/gamedata/unitdata.xml	D:\MyWork\新建文件夹\mom.report.client\src\MyMod\crys_the_swarm_reborn.SC2Mod\原始mod\Mods\XM\XMFinal.SC2Mod\Base.SC2Data\GameData\UnitData.xml	added_or_newer_duplicate
StukovAleksanderCrashed	CUnit	游戏数据/官方SC2原始文本镜像/mods/starcoop/starcoop.sc2mod/base.sc2data/gamedata/unitdata.xml	D:\MyWork\新建文件夹\mom.report.client\src\MyMod\crys_the_swarm_reborn.SC2Mod\原始mod\Mods\XM\XMFinal.SC2Mod\Base.SC2Data\GameData\UnitData.xml	added_or_newer_duplicate
StukovApocalisk	CUnit	游戏数据/官方SC2原始文本镜像/mods/starcoop/starcoop.sc2mod/base.sc2data/gamedata/unitdata.xml	D:\MyWork\新建文件夹\mom.report.client\src\MyMod\crys_the_swarm_reborn.SC2Mod\原始mod\Mods\XM\XMFinal.SC2Mod\Base.SC2Data\GameData\UnitData.xml	added_or_newer_duplicate
SuperGaryStetmann	CUnit	游戏数据/官方SC2原始文本镜像/mods/starcoop/commanders/egonstetmann.sc2mod/base.sc2data/gamedata/unitdata.xml	D:\MyWork\新建文件夹\mom.report.client\src\MyMod\crys_the_swarm_reborn.SC2Mod\原始mod\Mods\XM\XMFinal.SC2Mod\Base.SC2Data\GameData\UnitData.xml	added_or_newer_duplicate
SupplyDepot	CUnit	游戏数据/官方SC2原始文本镜像/mods/starcoop/starcoop.sc2mod/base.sc2data/gamedata/unitdata.xml	D:\MyWork\新建文件夹\mom.report.client\src\MyMod\crys_the_swarm_reborn.SC2Mod\原始mod\Mods\XM\XMFinal.SC2Mod\Base.SC2Data\GameData\UnitData.xml	skipped_existing
SupplyDepotDrop	CUnit	游戏数据/官方SC2原始文本镜像/mods/starcoop/starcoop.sc2mod/base.sc2data/gamedata/unitdata.xml	D:\MyWork\新建文件夹\mom.report.client\src\MyMod\crys_the_swarm_reborn.SC2Mod\原始mod\Mods\XM\XMFinal.SC2Mod\Base.SC2Data\GameData\UnitData.xml	added_or_newer_duplicate
Swann	CUnit	游戏数据/官方SC2原始文本镜像/mods/starcoop/starcoop.sc2mod/base.sc2data/gamedata/unitdata.xml	D:\MyWork\新建文件夹\mom.report.client\src\MyMod\crys_the_swarm_reborn.SC2Mod\原始mod\Mods\XM\XMFinal.SC2Mod\Base.SC2Data\GameData\UnitData.xml	added_or_newer_duplicate
Thor	CUnit	游戏数据/官方SC2原始文本镜像/mods/starcoop/starcoop.sc2mod/base.sc2data/gamedata/unitdata.xml	D:\MyWork\新建文件夹\mom.report.client\src\MyMod\crys_the_swarm_reborn.SC2Mod\原始mod\Mods\XM\XMFinal.SC2Mod\Base.SC2Data\GameData\UnitData.xml	added_or_newer_duplicate
ToxicNest	CUnit	游戏数据/官方SC2原始文本镜像/mods/starcoop/starcoop.sc2mod/base.sc2data/gamedata/unitdata.xml	D:\MyWork\新建文件夹\mom.report.client\src\MyMod\crys_the_swarm_reborn.SC2Mod\原始mod\Mods\XM\XMFinal.SC2Mod\Base.SC2Data\GameData\UnitData.xml	added_or_newer_duplicate
ToxicNestBurrowed	CUnit	游戏数据/官方SC2原始文本镜像/mods/starcoop/starcoop.sc2mod/base.sc2data/gamedata/unitdata.xml	D:\MyWork\新建文件夹\mom.report.client\src\MyMod\crys_the_swarm_reborn.SC2Mod\原始mod\Mods\XM\XMFinal.SC2Mod\Base.SC2Data\GameData\UnitData.xml	added_or_newer_duplicate
TychusFirebat	CUnit	游戏数据/官方SC2原始文本镜像/mods/starcoop/starcoop.sc2mod/base.sc2data/gamedata/commanders/commandertychus.xml	D:\MyWork\新建文件夹\mom.report.client\src\MyMod\crys_the_swarm_reborn.SC2Mod\原始mod\Mods\XM\XMFinal.SC2Mod\Base.SC2Data\GameData\UnitData.xml	added_or_newer_duplicate
TychusGhost	CUnit	游戏数据/官方SC2原始文本镜像/mods/starcoop/starcoop.sc2mod/base.sc2data/gamedata/commanders/commandertychus.xml	D:\MyWork\新建文件夹\mom.report.client\src\MyMod\crys_the_swarm_reborn.SC2Mod\原始mod\Mods\XM\XMFinal.SC2Mod\Base.SC2Data\GameData\UnitData.xml	added_or_newer_duplicate
TychusMarauder	CUnit	游戏数据/官方SC2原始文本镜像/mods/starcoop/starcoop.sc2mod/base.sc2data/gamedata/commanders/commandertychus.xml	D:\MyWork\新建文件夹\mom.report.client\src\MyMod\crys_the_swarm_reborn.SC2Mod\原始mod\Mods\XM\XMFinal.SC2Mod\Base.SC2Data\GameData\UnitData.xml	added_or_newer_duplicate
TychusMedic	CUnit	游戏数据/官方SC2原始文本镜像/mods/starcoop/starcoop.sc2mod/base.sc2data/gamedata/commanders/commandertychus.xml	D:\MyWork\新建文件夹\mom.report.client\src\MyMod\crys_the_swarm_reborn.SC2Mod\原始mod\Mods\XM\XMFinal.SC2Mod\Base.SC2Data\GameData\UnitData.xml	added_or_newer_duplicate
TychusMedivacPlatform	CUnit	游戏数据/官方SC2原始文本镜像/mods/starcoop/starcoop.sc2mod/base.sc2data/gamedata/commanders/commandertychus.xml	D:\MyWork\新建文件夹\mom.report.client\src\MyMod\crys_the_swarm_reborn.SC2Mod\原始mod\Mods\XM\XMFinal.SC2Mod\Base.SC2Data\GameData\UnitData.xml	added_or_newer_duplicate
TychusOdin	CUnit	游戏数据/官方SC2原始文本镜像/mods/starcoop/starcoop.sc2mod/base.sc2data/gamedata/commanders/commandertychus.xml	D:\MyWork\新建文件夹\mom.report.client\src\MyMod\crys_the_swarm_reborn.SC2Mod\原始mod\Mods\XM\XMFinal.SC2Mod\Base.SC2Data\GameData\UnitData.xml	added_or_newer_duplicate
TychusReaper	CUnit	游戏数据/官方SC2原始文本镜像/mods/starcoop/starcoop.sc2mod/base.sc2data/gamedata/commanders/commandertychus.xml	D:\MyWork\新建文件夹\mom.report.client\src\MyMod\crys_the_swarm_reborn.SC2Mod\原始mod\Mods\XM\XMFinal.SC2Mod\Base.SC2Data\GameData\UnitData.xml	added_or_newer_duplicate
TychusSpectre	CUnit	游戏数据/官方SC2原始文本镜像/mods/starcoop/starcoop.sc2mod/base.sc2data/gamedata/commanders/commandertychus.xml	D:\MyWork\新建文件夹\mom.report.client\src\MyMod\crys_the_swarm_reborn.SC2Mod\原始mod\Mods\XM\XMFinal.SC2Mod\Base.SC2Data\GameData\UnitData.xml	added_or_newer_duplicate
Ultralisk	CUnit	游戏数据/官方SC2原始文本镜像/mods/starcoop/starcoop.sc2mod/base.sc2data/gamedata/unitdata.xml	D:\MyWork\新建文件夹\mom.report.client\src\MyMod\crys_the_swarm_reborn.SC2Mod\原始mod\Mods\XM\XMFinal.SC2Mod\Base.SC2Data\GameData\UnitData.xml	skipped_existing
VikingAssault	CUnit	游戏数据/官方SC2原始文本镜像/mods/starcoop/starcoop.sc2mod/base.sc2data/gamedata/unitdata.xml	D:\MyWork\新建文件夹\mom.report.client\src\MyMod\crys_the_swarm_reborn.SC2Mod\原始mod\Mods\XM\XMFinal.SC2Mod\Base.SC2Data\GameData\UnitData.xml	added_or_newer_duplicate
VikingFighter	CUnit	游戏数据/官方SC2原始文本镜像/mods/starcoop/starcoop.sc2mod/base.sc2data/gamedata/unitdata.xml	D:\MyWork\新建文件夹\mom.report.client\src\MyMod\crys_the_swarm_reborn.SC2Mod\原始mod\Mods\XM\XMFinal.SC2Mod\Base.SC2Data\GameData\UnitData.xml	added_or_newer_duplicate
VoidPylon	CUnit	游戏数据/官方SC2原始文本镜像/mods/starcoop/starcoop.sc2mod/base.sc2data/gamedata/unitdata.xml	D:\MyWork\新建文件夹\mom.report.client\src\MyMod\crys_the_swarm_reborn.SC2Mod\原始mod\Mods\XM\XMFinal.SC2Mod\Base.SC2Data\GameData\UnitData.xml	added_or_newer_duplicate
VoidRayTaldarim	CUnit	游戏数据/官方SC2原始文本镜像/mods/starcoop/starcoop.sc2mod/base.sc2data/gamedata/unitdata.xml	D:\MyWork\新建文件夹\mom.report.client\src\MyMod\crys_the_swarm_reborn.SC2Mod\原始mod\Mods\XM\XMFinal.SC2Mod\Base.SC2Data\GameData\UnitData.xml	added_or_newer_duplicate
VorazunShadowGuard	CUnit	游戏数据/官方SC2原始文本镜像/mods/starcoop/starcoop.sc2mod/base.sc2data/gamedata/unitdata.xml	D:\MyWork\新建文件夹\mom.report.client\src\MyMod\crys_the_swarm_reborn.SC2Mod\原始mod\Mods\XM\XMFinal.SC2Mod\Base.SC2Data\GameData\UnitData.xml	added_or_newer_duplicate
Vulture	CUnit	游戏数据/官方SC2原始文本镜像/mods/starcoop/starcoop.sc2mod/base.sc2data/gamedata/unitdata.xml	D:\MyWork\新建文件夹\mom.report.client\src\MyMod\crys_the_swarm_reborn.SC2Mod\原始mod\Mods\XM\XMFinal.SC2Mod\Base.SC2Data\GameData\UnitData.xml	skipped_existing
Wraith	CUnit	游戏数据/官方SC2原始文本镜像/mods/starcoop/starcoop.sc2mod/base.sc2data/gamedata/unitdata.xml	D:\MyWork\新建文件夹\mom.report.client\src\MyMod\crys_the_swarm_reborn.SC2Mod\原始mod\Mods\XM\XMFinal.SC2Mod\Base.SC2Data\GameData\UnitData.xml	added_or_newer_duplicate
ZagaraCorruptor	CUnit	游戏数据/官方SC2原始文本镜像/mods/starcoop/starcoop.sc2mod/base.sc2data/gamedata/unitdata.xml	D:\MyWork\新建文件夹\mom.report.client\src\MyMod\crys_the_swarm_reborn.SC2Mod\原始mod\Mods\XM\XMFinal.SC2Mod\Base.SC2Data\GameData\UnitData.xml	added_or_newer_duplicate
ZagaraVoidCoop	CUnit	游戏数据/官方SC2原始文本镜像/mods/starcoop/starcoop.sc2mod/base.sc2data/gamedata/unitdata.xml	D:\MyWork\新建文件夹\mom.report.client\src\MyMod\crys_the_swarm_reborn.SC2Mod\原始mod\Mods\XM\XMFinal.SC2Mod\Base.SC2Data\GameData\UnitData.xml	skipped_existing
ZagaraVoidCoopBurrowed	CUnit	游戏数据/官方SC2原始文本镜像/mods/starcoop/starcoop.sc2mod/base.sc2data/gamedata/unitdata.xml	D:\MyWork\新建文件夹\mom.report.client\src\MyMod\crys_the_swarm_reborn.SC2Mod\原始mod\Mods\XM\XMFinal.SC2Mod\Base.SC2Data\GameData\UnitData.xml	added_or_newer_duplicate
ZagaraVoidCoopDevouringMaw	CUnit	游戏数据/官方SC2原始文本镜像/mods/starcoop/starcoop.sc2mod/base.sc2data/gamedata/unitdata.xml	D:\MyWork\新建文件夹\mom.report.client\src\MyMod\crys_the_swarm_reborn.SC2Mod\原始mod\Mods\XM\XMFinal.SC2Mod\Base.SC2Data\GameData\UnitData.xml	added_or_newer_duplicate
Zealot	CUnit	游戏数据/官方SC2原始文本镜像/mods/starcoop/starcoop.sc2mod/base.sc2data/gamedata/unitdata.xml	D:\MyWork\新建文件夹\mom.report.client\src\MyMod\crys_the_swarm_reborn.SC2Mod\原始mod\Mods\XM\XMFinal.SC2Mod\Base.SC2Data\GameData\UnitData.xml	skipped_existing
Zeratul	CUnit	游戏数据/官方SC2原始文本镜像/mods/starcoop/starcoop.sc2mod/base.sc2data/gamedata/unitdata.xml	D:\MyWork\新建文件夹\mom.report.client\src\MyMod\crys_the_swarm_reborn.SC2Mod\原始mod\Mods\XM\XMFinal.SC2Mod\Base.SC2Data\GameData\UnitData.xml	added_or_newer_duplicate
ZeratulDarkArchon	CUnit	游戏数据/官方SC2原始文本镜像/mods/starcoop/starcoop.sc2mod/base.sc2data/gamedata/commanders/futurecommanders.xml	D:\MyWork\新建文件夹\mom.report.client\src\MyMod\crys_the_swarm_reborn.SC2Mod\原始mod\Mods\XM\XMFinal.SC2Mod\Base.SC2Data\GameData\UnitData.xml	added_or_newer_duplicate
ZeratulHeroDarkArchon	CUnit	游戏数据/官方SC2原始文本镜像/mods/starcoop/starcoop.sc2mod/base.sc2data/gamedata/commanders/futurecommanders.xml	D:\MyWork\新建文件夹\mom.report.client\src\MyMod\crys_the_swarm_reborn.SC2Mod\原始mod\Mods\XM\XMFinal.SC2Mod\Base.SC2Data\GameData\UnitData.xml	added_or_newer_duplicate
ZeratulKhaydarinMonolith	CUnit	游戏数据/官方SC2原始文本镜像/mods/starcoop/starcoop.sc2mod/base.sc2data/gamedata/commanders/futurecommanders.xml	D:\MyWork\新建文件夹\mom.report.client\src\MyMod\crys_the_swarm_reborn.SC2Mod\原始mod\Mods\XM\XMFinal.SC2Mod\Base.SC2Data\GameData\UnitData.xml	added_or_newer_duplicate
ZeratulKhaydarinMonolithProjection	CUnit	游戏数据/官方SC2原始文本镜像/mods/starcoop/starcoop.sc2mod/base.sc2data/gamedata/commanders/futurecommanders.xml	D:\MyWork\新建文件夹\mom.report.client\src\MyMod\crys_the_swarm_reborn.SC2Mod\原始mod\Mods\XM\XMFinal.SC2Mod\Base.SC2Data\GameData\UnitData.xml	added_or_newer_duplicate
ZeratulSummonKarass	CUnit	游戏数据/官方SC2原始文本镜像/mods/starcoop/starcoop.sc2mod/base.sc2data/gamedata/commanders/futurecommanders.xml	D:\MyWork\新建文件夹\mom.report.client\src\MyMod\crys_the_swarm_reborn.SC2Mod\原始mod\Mods\XM\XMFinal.SC2Mod\Base.SC2Data\GameData\UnitData.xml	added_or_newer_duplicate
ZeratulSuppressionCrystal	CUnit	游戏数据/官方SC2原始文本镜像/mods/starcoop/starcoop.sc2mod/base.sc2data/gamedata/commanders/futurecommanders.xml	D:\MyWork\新建文件夹\mom.report.client\src\MyMod\crys_the_swarm_reborn.SC2Mod\原始mod\Mods\XM\XMFinal.SC2Mod\Base.SC2Data\GameData\UnitData.xml	added_or_newer_duplicate
ZeratulXelNagaConstruct	CUnit	游戏数据/官方SC2原始文本镜像/mods/starcoop/starcoop.sc2mod/base.sc2data/gamedata/commanders/futurecommanders.xml	D:\MyWork\新建文件夹\mom.report.client\src\MyMod\crys_the_swarm_reborn.SC2Mod\原始mod\Mods\XM\XMFinal.SC2Mod\Base.SC2Data\GameData\UnitData.xml	added_or_newer_duplicate
ZeratulXelNagaConstructCyan	CUnit	游戏数据/官方SC2原始文本镜像/mods/starcoop/starcoop.sc2mod/base.sc2data/gamedata/commanders/futurecommanders.xml	D:\MyWork\新建文件夹\mom.report.client\src\MyMod\crys_the_swarm_reborn.SC2Mod\原始mod\Mods\XM\XMFinal.SC2Mod\Base.SC2Data\GameData\UnitData.xml	added_or_newer_duplicate
Zergling	CUnit	游戏数据/官方SC2原始文本镜像/mods/starcoop/starcoop.sc2mod/base.sc2data/gamedata/unitdata.xml	D:\MyWork\新建文件夹\mom.report.client\src\MyMod\crys_the_swarm_reborn.SC2Mod\原始mod\Mods\XM\XMFinal.SC2Mod\Base.SC2Data\GameData\UnitData.xml	skipped_existing
AbathurDeepTunnel	CUpgrade	游戏数据/官方SC2原始文本镜像/mods/starcoop/starcoop.sc2mod/base.sc2data/gamedata/upgradedata.xml	D:\MyWork\新建文件夹\mom.report.client\src\MyMod\crys_the_swarm_reborn.SC2Mod\原始mod\Mods\XM\XMFinal.SC2Mod\Base.SC2Data\GameData\UpgradeData.xml	added_or_newer_duplicate
BansheeAirstrike	CUpgrade	游戏数据/官方SC2原始文本镜像/mods/starcoop/starcoop.sc2mod/base.sc2data/gamedata/upgradedata.xml	D:\MyWork\新建文件夹\mom.report.client\src\MyMod\crys_the_swarm_reborn.SC2Mod\原始mod\Mods\XM\XMFinal.SC2Mod\Base.SC2Data\GameData\UpgradeData.xml	skipped_existing
BunkerDepotMengskRange	CUpgrade	游戏数据/官方SC2原始文本镜像/mods/starcoop/commanders/arcturusmengsk.sc2mod/base.sc2data/gamedata/upgradedata.xml	D:\MyWork\新建文件夹\mom.report.client\src\MyMod\crys_the_swarm_reborn.SC2Mod\原始mod\Mods\XM\XMFinal.SC2Mod\Base.SC2Data\GameData\UpgradeData.xml	added_or_newer_duplicate
Burrow	CUpgrade	游戏数据/官方SC2原始文本镜像/mods/starcoop/starcoop.sc2mod/base.sc2data/gamedata/upgradedata.xml	D:\MyWork\新建文件夹\mom.report.client\src\MyMod\crys_the_swarm_reborn.SC2Mod\原始mod\Mods\XM\XMFinal.SC2Mod\Base.SC2Data\GameData\UpgradeData.xml	added_or_newer_duplicate
Charge	CUpgrade	游戏数据/官方SC2原始文本镜像/mods/starcoop/starcoop.sc2mod/base.sc2data/gamedata/upgradedata.xml	D:\MyWork\新建文件夹\mom.report.client\src\MyMod\crys_the_swarm_reborn.SC2Mod\原始mod\Mods\XM\XMFinal.SC2Mod\Base.SC2Data\GameData\UpgradeData.xml	skipped_existing
CommanderPrestige	CUpgrade	游戏数据/官方SC2原始文本镜像/mods/starcoop/starcoop.sc2mod/base.sc2data/gamedata/upgradedata.xml	D:\MyWork\新建文件夹\mom.report.client\src\MyMod\crys_the_swarm_reborn.SC2Mod\原始mod\Mods\XM\XMFinal.SC2Mod\Base.SC2Data\GameData\UpgradeData.xml	skipped_existing
CommanderPrestigeAlarakDeathFleet	CUpgrade	游戏数据/官方SC2原始文本镜像/mods/starcoop/starcoop.sc2mod/base.sc2data/gamedata/upgradedata.xml	D:\MyWork\新建文件夹\mom.report.client\src\MyMod\crys_the_swarm_reborn.SC2Mod\原始mod\Mods\XM\XMFinal.SC2Mod\Base.SC2Data\GameData\UpgradeData.xml	skipped_existing
CommanderPrestigeAlarakEmpowerMe	CUpgrade	游戏数据/官方SC2原始文本镜像/mods/starcoop/starcoop.sc2mod/base.sc2data/gamedata/upgradedata.xml	D:\MyWork\新建文件夹\mom.report.client\src\MyMod\crys_the_swarm_reborn.SC2Mod\原始mod\Mods\XM\XMFinal.SC2Mod\Base.SC2Data\GameData\UpgradeData.xml	skipped_existing
CommanderPrestigeArtanisCombatAbilities	CUpgrade	游戏数据/官方SC2原始文本镜像/mods/starcoop/starcoop.sc2mod/base.sc2data/gamedata/upgradedata.xml	D:\MyWork\新建文件夹\mom.report.client\src\MyMod\crys_the_swarm_reborn.SC2Mod\原始mod\Mods\XM\XMFinal.SC2Mod\Base.SC2Data\GameData\UpgradeData.xml	added_or_newer_duplicate
CommanderPrestigeArtanisOrbitalStrikes	CUpgrade	游戏数据/官方SC2原始文本镜像/mods/starcoop/starcoop.sc2mod/base.sc2data/gamedata/upgradedata.xml	D:\MyWork\新建文件夹\mom.report.client\src\MyMod\crys_the_swarm_reborn.SC2Mod\原始mod\Mods\XM\XMFinal.SC2Mod\Base.SC2Data\GameData\UpgradeData.xml	skipped_existing
CommanderPrestigeArtanisPowerField	CUpgrade	游戏数据/官方SC2原始文本镜像/mods/starcoop/starcoop.sc2mod/base.sc2data/gamedata/upgradedata.xml	D:\MyWork\新建文件夹\mom.report.client\src\MyMod\crys_the_swarm_reborn.SC2Mod\原始mod\Mods\XM\XMFinal.SC2Mod\Base.SC2Data\GameData\UpgradeData.xml	added_or_newer_duplicate
CommanderPrestigeDehakaPackLeaders	CUpgrade	游戏数据/官方SC2原始文本镜像/mods/starcoop/starcoop.sc2mod/base.sc2data/gamedata/upgradedata.xml	D:\MyWork\新建文件夹\mom.report.client\src\MyMod\crys_the_swarm_reborn.SC2Mod\原始mod\Mods\XM\XMFinal.SC2Mod\Base.SC2Data\GameData\UpgradeData.xml	added_or_newer_duplicate
CommanderPrestigeFenixSuitSwap	CUpgrade	游戏数据/官方SC2原始文本镜像/mods/starcoop/starcoop.sc2mod/base.sc2data/gamedata/upgradedata.xml	D:\MyWork\新建文件夹\mom.report.client\src\MyMod\crys_the_swarm_reborn.SC2Mod\原始mod\Mods\XM\XMFinal.SC2Mod\Base.SC2Data\GameData\UpgradeData.xml	skipped_existing
CommanderPrestigeKaraxStructures	CUpgrade	游戏数据/官方SC2原始文本镜像/mods/starcoop/starcoop.sc2mod/base.sc2data/gamedata/upgradedata.xml	D:\MyWork\新建文件夹\mom.report.client\src\MyMod\crys_the_swarm_reborn.SC2Mod\原始mod\Mods\XM\XMFinal.SC2Mod\Base.SC2Data\GameData\UpgradeData.xml	skipped_existing
CommanderPrestigeKaraxTopBar	CUpgrade	游戏数据/官方SC2原始文本镜像/mods/starcoop/starcoop.sc2mod/base.sc2data/gamedata/upgradedata.xml	D:\MyWork\新建文件夹\mom.report.client\src\MyMod\crys_the_swarm_reborn.SC2Mod\原始mod\Mods\XM\XMFinal.SC2Mod\Base.SC2Data\GameData\UpgradeData.xml	skipped_existing
CommanderPrestigeKerriganAbilities	CUpgrade	游戏数据/官方SC2原始文本镜像/mods/starcoop/starcoop.sc2mod/base.sc2data/gamedata/upgradedata.xml	D:\MyWork\新建文件夹\mom.report.client\src\MyMod\crys_the_swarm_reborn.SC2Mod\原始mod\Mods\XM\XMFinal.SC2Mod\Base.SC2Data\GameData\UpgradeData.xml	added_or_newer_duplicate
CommanderPrestigeKerriganAssimilationAura	CUpgrade	游戏数据/官方SC2原始文本镜像/mods/starcoop/starcoop.sc2mod/base.sc2data/gamedata/upgradedata.xml	D:\MyWork\新建文件夹\mom.report.client\src\MyMod\crys_the_swarm_reborn.SC2Mod\原始mod\Mods\XM\XMFinal.SC2Mod\Base.SC2Data\GameData\UpgradeData.xml	skipped_existing
CommanderPrestigeMengskArtillery	CUpgrade	游戏数据/官方SC2原始文本镜像/mods/starcoop/commanders/arcturusmengsk.sc2mod/base.sc2data/gamedata/upgradedata.xml	D:\MyWork\新建文件夹\mom.report.client\src\MyMod\crys_the_swarm_reborn.SC2Mod\原始mod\Mods\XM\XMFinal.SC2Mod\Base.SC2Data\GameData\UpgradeData.xml	added_or_newer_duplicate
CommanderPrestigeNovaSuperCloak	CUpgrade	游戏数据/官方SC2原始文本镜像/mods/starcoop/starcoop.sc2mod/base.sc2data/gamedata/upgradedata.xml	D:\MyWork\新建文件夹\mom.report.client\src\MyMod\crys_the_swarm_reborn.SC2Mod\原始mod\Mods\XM\XMFinal.SC2Mod\Base.SC2Data\GameData\UpgradeData.xml	added_or_newer_duplicate
CommanderPrestigeRaynorAir	CUpgrade	游戏数据/官方SC2原始文本镜像/mods/starcoop/starcoop.sc2mod/base.sc2data/gamedata/upgradedata.xml	D:\MyWork\新建文件夹\mom.report.client\src\MyMod\crys_the_swarm_reborn.SC2Mod\原始mod\Mods\XM\XMFinal.SC2Mod\Base.SC2Data\GameData\UpgradeData.xml	skipped_existing
CommanderPrestigeStetmannStetellites	CUpgrade	游戏数据/官方SC2原始文本镜像/mods/starcoop/commanders/egonstetmann.sc2mod/base.sc2data/gamedata/upgradedata.xml	D:\MyWork\新建文件夹\mom.report.client\src\MyMod\crys_the_swarm_reborn.SC2Mod\原始mod\Mods\XM\XMFinal.SC2Mod\Base.SC2Data\GameData\UpgradeData.xml	added_or_newer_duplicate
CommanderPrestigeSwannDrill	CUpgrade	游戏数据/官方SC2原始文本镜像/mods/starcoop/starcoop.sc2mod/base.sc2data/gamedata/upgradedata.xml	D:\MyWork\新建文件夹\mom.report.client\src\MyMod\crys_the_swarm_reborn.SC2Mod\原始mod\Mods\XM\XMFinal.SC2Mod\Base.SC2Data\GameData\UpgradeData.xml	added_or_newer_duplicate
CommanderPrestigeTychusOdin	CUpgrade	游戏数据/官方SC2原始文本镜像/mods/starcoop/starcoop.sc2mod/base.sc2data/gamedata/commanders/commandertychus.xml	D:\MyWork\新建文件夹\mom.report.client\src\MyMod\crys_the_swarm_reborn.SC2Mod\原始mod\Mods\XM\XMFinal.SC2Mod\Base.SC2Data\GameData\UpgradeData.xml	added_or_newer_duplicate
CommanderPrestigeVorazunEmergencyRecall	CUpgrade	游戏数据/官方SC2原始文本镜像/mods/starcoop/starcoop.sc2mod/base.sc2data/gamedata/upgradedata.xml	D:\MyWork\新建文件夹\mom.report.client\src\MyMod\crys_the_swarm_reborn.SC2Mod\原始mod\Mods\XM\XMFinal.SC2Mod\Base.SC2Data\GameData\UpgradeData.xml	added_or_newer_duplicate
CommanderPrestigeVorazunTimeStop	CUpgrade	游戏数据/官方SC2原始文本镜像/mods/starcoop/starcoop.sc2mod/base.sc2data/gamedata/upgradedata.xml	D:\MyWork\新建文件夹\mom.report.client\src\MyMod\crys_the_swarm_reborn.SC2Mod\原始mod\Mods\XM\XMFinal.SC2Mod\Base.SC2Data\GameData\UpgradeData.xml	skipped_existing
CommanderPrestigeZagaraMaxSupply	CUpgrade	游戏数据/官方SC2原始文本镜像/mods/starcoop/starcoop.sc2mod/base.sc2data/gamedata/upgradedata.xml	D:\MyWork\新建文件夹\mom.report.client\src\MyMod\crys_the_swarm_reborn.SC2Mod\原始mod\Mods\XM\XMFinal.SC2Mod\Base.SC2Data\GameData\UpgradeData.xml	added_or_newer_duplicate
CommanderPrestigeZagaraZagara	CUpgrade	游戏数据/官方SC2原始文本镜像/mods/starcoop/starcoop.sc2mod/base.sc2data/gamedata/upgradedata.xml	D:\MyWork\新建文件夹\mom.report.client\src\MyMod\crys_the_swarm_reborn.SC2Mod\原始mod\Mods\XM\XMFinal.SC2Mod\Base.SC2Data\GameData\UpgradeData.xml	added_or_newer_duplicate
DarkArchonMindControl	CUpgrade	游戏数据/官方SC2原始文本镜像/mods/starcoop/starcoop.sc2mod/base.sc2data/gamedata/upgradedata.xml	D:\MyWork\新建文件夹\mom.report.client\src\MyMod\crys_the_swarm_reborn.SC2Mod\原始mod\Mods\XM\XMFinal.SC2Mod\Base.SC2Data\GameData\UpgradeData.xml	added_or_newer_duplicate
DrakkenLaserDrillBFG	CUpgrade	游戏数据/官方SC2原始文本镜像/mods/starcoop/starcoop.sc2mod/base.sc2data/gamedata/upgradedata.xml	D:\MyWork\新建文件夹\mom.report.client\src\MyMod\crys_the_swarm_reborn.SC2Mod\原始mod\Mods\XM\XMFinal.SC2Mod\Base.SC2Data\GameData\UpgradeData.xml	added_or_newer_duplicate
DrakkenLaserDrillNuke	CUpgrade	游戏数据/官方SC2原始文本镜像/mods/starcoop/starcoop.sc2mod/base.sc2data/gamedata/upgradedata.xml	D:\MyWork\新建文件夹\mom.report.client\src\MyMod\crys_the_swarm_reborn.SC2Mod\原始mod\Mods\XM\XMFinal.SC2Mod\Base.SC2Data\GameData\UpgradeData.xml	added_or_newer_duplicate
ExtendedThermalLance	CUpgrade	游戏数据/官方SC2原始文本镜像/mods/starcoop/starcoop.sc2mod/base.sc2data/gamedata/upgradedata.xml	D:\MyWork\新建文件夹\mom.report.client\src\MyMod\crys_the_swarm_reborn.SC2Mod\原始mod\Mods\XM\XMFinal.SC2Mod\Base.SC2Data\GameData\UpgradeData.xml	added_or_newer_duplicate
HatcheryLarvaDeath	CUpgrade	游戏数据/官方SC2原始文本镜像/mods/starcoop/starcoop.sc2mod/base.sc2data/gamedata/upgradedata.xml	D:\MyWork\新建文件夹\mom.report.client\src\MyMod\crys_the_swarm_reborn.SC2Mod\原始mod\Mods\XM\XMFinal.SC2Mod\Base.SC2Data\GameData\UpgradeData.xml	added_or_newer_duplicate
HealingPsionicStorm	CUpgrade	游戏数据/官方SC2原始文本镜像/mods/starcoop/starcoop.sc2mod/base.sc2data/gamedata/upgradedata.xml	D:\MyWork\新建文件夹\mom.report.client\src\MyMod\crys_the_swarm_reborn.SC2Mod\原始mod\Mods\XM\XMFinal.SC2Mod\Base.SC2Data\GameData\UpgradeData.xml	added_or_newer_duplicate
K5Cooldowns	CUpgrade	游戏数据/官方SC2原始文本镜像/mods/starcoop/starcoop.sc2mod/base.sc2data/gamedata/upgradedata.xml	D:\MyWork\新建文件夹\mom.report.client\src\MyMod\crys_the_swarm_reborn.SC2Mod\原始mod\Mods\XM\XMFinal.SC2Mod\Base.SC2Data\GameData\UpgradeData.xml	skipped_existing
K5Fury	CUpgrade	游戏数据/官方SC2原始文本镜像/mods/starcoop/starcoop.sc2mod/base.sc2data/gamedata/upgradedata.xml	D:\MyWork\新建文件夹\mom.report.client\src\MyMod\crys_the_swarm_reborn.SC2Mod\原始mod\Mods\XM\XMFinal.SC2Mod\Base.SC2Data\GameData\UpgradeData.xml	skipped_existing
KaraxRepairBeamLimit	CUpgrade	游戏数据/官方SC2原始文本镜像/mods/starcoop/starcoop.sc2mod/base.sc2data/gamedata/upgradedata.xml	D:\MyWork\新建文件夹\mom.report.client\src\MyMod\crys_the_swarm_reborn.SC2Mod\原始mod\Mods\XM\XMFinal.SC2Mod\Base.SC2Data\GameData\UpgradeData.xml	added_or_newer_duplicate
KaraxTurretAttackSpeed	CUpgrade	游戏数据/官方SC2原始文本镜像/mods/starcoop/starcoop.sc2mod/base.sc2data/gamedata/upgradedata.xml	D:\MyWork\新建文件夹\mom.report.client\src\MyMod\crys_the_swarm_reborn.SC2Mod\原始mod\Mods\XM\XMFinal.SC2Mod\Base.SC2Data\GameData\UpgradeData.xml	skipped_existing
KaraxTurretRange	CUpgrade	游戏数据/官方SC2原始文本镜像/mods/starcoop/starcoop.sc2mod/base.sc2data/gamedata/upgradedata.xml	D:\MyWork\新建文件夹\mom.report.client\src\MyMod\crys_the_swarm_reborn.SC2Mod\原始mod\Mods\XM\XMFinal.SC2Mod\Base.SC2Data\GameData\UpgradeData.xml	skipped_existing
KerriganInfestedCosmetic	CUpgrade	游戏数据/官方SC2原始文本镜像/mods/starcoop/starcoop.sc2mod/base.sc2data/gamedata/upgradedata.xml	D:\MyWork\新建文件夹\mom.report.client\src\MyMod\crys_the_swarm_reborn.SC2Mod\原始mod\Mods\XM\XMFinal.SC2Mod\Base.SC2Data\GameData\UpgradeData.xml	skipped_existing
MasteryArtanisGuardianShellHeal	CUpgrade	游戏数据/官方SC2原始文本镜像/mods/starcoop/starcoop.sc2mod/base.sc2data/gamedata/upgradedata.xml	D:\MyWork\新建文件夹\mom.report.client\src\MyMod\crys_the_swarm_reborn.SC2Mod\原始mod\Mods\XM\XMFinal.SC2Mod\Base.SC2Data\GameData\UpgradeData.xml	added_or_newer_duplicate
MengskStructureArmor	CUpgrade	游戏数据/官方SC2原始文本镜像/mods/starcoop/commanders/arcturusmengsk.sc2mod/base.sc2data/gamedata/upgradedata.xml	D:\MyWork\新建文件夹\mom.report.client\src\MyMod\crys_the_swarm_reborn.SC2Mod\原始mod\Mods\XM\XMFinal.SC2Mod\Base.SC2Data\GameData\UpgradeData.xml	added_or_newer_duplicate
NovaGadgetPulseGrenades	CUpgrade	游戏数据/官方SC2原始文本镜像/mods/starcoop/starcoop.sc2mod/base.sc2data/gamedata/upgradedata.xml	D:\MyWork\新建文件夹\mom.report.client\src\MyMod\crys_the_swarm_reborn.SC2Mod\原始mod\Mods\XM\XMFinal.SC2Mod\Base.SC2Data\GameData\UpgradeData.xml	added_or_newer_duplicate
NovaWeaponPsiBlade	CUpgrade	游戏数据/官方SC2原始文本镜像/mods/starcoop/starcoop.sc2mod/base.sc2data/gamedata/upgradedata.xml	D:\MyWork\新建文件夹\mom.report.client\src\MyMod\crys_the_swarm_reborn.SC2Mod\原始mod\Mods\XM\XMFinal.SC2Mod\Base.SC2Data\GameData\UpgradeData.xml	added_or_newer_duplicate
PowerFieldEnergyRegeneration	CUpgrade	游戏数据/官方SC2原始文本镜像/mods/starcoop/commanders/egonstetmann.sc2mod/base.sc2data/gamedata/upgradedata.xml	D:\MyWork\新建文件夹\mom.report.client\src\MyMod\crys_the_swarm_reborn.SC2Mod\原始mod\Mods\XM\XMFinal.SC2Mod\Base.SC2Data\GameData\UpgradeData.xml	added_or_newer_duplicate
PowerFieldHPRegeneration	CUpgrade	游戏数据/官方SC2原始文本镜像/mods/starcoop/commanders/egonstetmann.sc2mod/base.sc2data/gamedata/upgradedata.xml	D:\MyWork\新建文件夹\mom.report.client\src\MyMod\crys_the_swarm_reborn.SC2Mod\原始mod\Mods\XM\XMFinal.SC2Mod\Base.SC2Data\GameData\UpgradeData.xml	added_or_newer_duplicate
PowerFieldMovementSpeed	CUpgrade	游戏数据/官方SC2原始文本镜像/mods/starcoop/commanders/egonstetmann.sc2mod/base.sc2data/gamedata/upgradedata.xml	D:\MyWork\新建文件夹\mom.report.client\src\MyMod\crys_the_swarm_reborn.SC2Mod\原始mod\Mods\XM\XMFinal.SC2Mod\Base.SC2Data\GameData\UpgradeData.xml	added_or_newer_duplicate
PowerFieldSuperGaryStetmann	CUpgrade	游戏数据/官方SC2原始文本镜像/mods/starcoop/commanders/egonstetmann.sc2mod/base.sc2data/gamedata/upgradedata.xml	D:\MyWork\新建文件夹\mom.report.client\src\MyMod\crys_the_swarm_reborn.SC2Mod\原始mod\Mods\XM\XMFinal.SC2Mod\Base.SC2Data\GameData\UpgradeData.xml	added_or_newer_duplicate
SOAHeroicShield	CUpgrade	游戏数据/官方SC2原始文本镜像/mods/starcoop/starcoop.sc2mod/base.sc2data/gamedata/upgradedata.xml	D:\MyWork\新建文件夹\mom.report.client\src\MyMod\crys_the_swarm_reborn.SC2Mod\原始mod\Mods\XM\XMFinal.SC2Mod\Base.SC2Data\GameData\UpgradeData.xml	skipped_existing
SOAMapWideChrono	CUpgrade	游戏数据/官方SC2原始文本镜像/mods/starcoop/starcoop.sc2mod/base.sc2data/gamedata/upgradedata.xml	D:\MyWork\新建文件夹\mom.report.client\src\MyMod\crys_the_swarm_reborn.SC2Mod\原始mod\Mods\XM\XMFinal.SC2Mod\Base.SC2Data\GameData\UpgradeData.xml	skipped_existing
SOAOrbitalStrike	CUpgrade	游戏数据/官方SC2原始文本镜像/mods/starcoop/starcoop.sc2mod/base.sc2data/gamedata/upgradedata.xml	D:\MyWork\新建文件夹\mom.report.client\src\MyMod\crys_the_swarm_reborn.SC2Mod\原始mod\Mods\XM\XMFinal.SC2Mod\Base.SC2Data\GameData\UpgradeData.xml	skipped_existing
SOAPurifierBeam	CUpgrade	游戏数据/官方SC2原始文本镜像/mods/starcoop/starcoop.sc2mod/base.sc2data/gamedata/upgradedata.xml	D:\MyWork\新建文件夹\mom.report.client\src\MyMod\crys_the_swarm_reborn.SC2Mod\原始mod\Mods\XM\XMFinal.SC2Mod\Base.SC2Data\GameData\UpgradeData.xml	skipped_existing
SOAPurifierBeamUpgrade	CUpgrade	游戏数据/官方SC2原始文本镜像/mods/starcoop/starcoop.sc2mod/base.sc2data/gamedata/upgradedata.xml	D:\MyWork\新建文件夹\mom.report.client\src\MyMod\crys_the_swarm_reborn.SC2Mod\原始mod\Mods\XM\XMFinal.SC2Mod\Base.SC2Data\GameData\UpgradeData.xml	added_or_newer_duplicate
SOAPylonPower	CUpgrade	游戏数据/官方SC2原始文本镜像/mods/starcoop/starcoop.sc2mod/base.sc2data/gamedata/upgradedata.xml	D:\MyWork\新建文件夹\mom.report.client\src\MyMod\crys_the_swarm_reborn.SC2Mod\原始mod\Mods\XM\XMFinal.SC2Mod\Base.SC2Data\GameData\UpgradeData.xml	skipped_existing
SOARepairBeam	CUpgrade	游戏数据/官方SC2原始文本镜像/mods/starcoop/starcoop.sc2mod/base.sc2data/gamedata/upgradedata.xml	D:\MyWork\新建文件夹\mom.report.client\src\MyMod\crys_the_swarm_reborn.SC2Mod\原始mod\Mods\XM\XMFinal.SC2Mod\Base.SC2Data\GameData\UpgradeData.xml	skipped_existing
SOAStrafeAttack	CUpgrade	游戏数据/官方SC2原始文本镜像/mods/starcoop/starcoop.sc2mod/base.sc2data/gamedata/upgradedata.xml	D:\MyWork\新建文件夹\mom.report.client\src\MyMod\crys_the_swarm_reborn.SC2Mod\原始mod\Mods\XM\XMFinal.SC2Mod\Base.SC2Data\GameData\UpgradeData.xml	skipped_existing
SOASuperShield	CUpgrade	游戏数据/官方SC2原始文本镜像/mods/starcoop/starcoop.sc2mod/base.sc2data/gamedata/upgradedata.xml	D:\MyWork\新建文件夹\mom.report.client\src\MyMod\crys_the_swarm_reborn.SC2Mod\原始mod\Mods\XM\XMFinal.SC2Mod\Base.SC2Data\GameData\UpgradeData.xml	skipped_existing
SOAThermalLance	CUpgrade	游戏数据/官方SC2原始文本镜像/mods/starcoop/starcoop.sc2mod/base.sc2data/gamedata/upgradedata.xml	D:\MyWork\新建文件夹\mom.report.client\src\MyMod\crys_the_swarm_reborn.SC2Mod\原始mod\Mods\XM\XMFinal.SC2Mod\Base.SC2Data\GameData\UpgradeData.xml	skipped_existing
SOATimeFreeze	CUpgrade	游戏数据/官方SC2原始文本镜像/mods/starcoop/starcoop.sc2mod/base.sc2data/gamedata/upgradedata.xml	D:\MyWork\新建文件夹\mom.report.client\src\MyMod\crys_the_swarm_reborn.SC2Mod\原始mod\Mods\XM\XMFinal.SC2Mod\Base.SC2Data\GameData\UpgradeData.xml	skipped_existing
SOAWarpTech	CUpgrade	游戏数据/官方SC2原始文本镜像/mods/starcoop/starcoop.sc2mod/base.sc2data/gamedata/upgradedata.xml	D:\MyWork\新建文件夹\mom.report.client\src\MyMod\crys_the_swarm_reborn.SC2Mod\原始mod\Mods\XM\XMFinal.SC2Mod\Base.SC2Data\GameData\UpgradeData.xml	skipped_existing
SupplyDepotDrop	CUpgrade	游戏数据/官方SC2原始文本镜像/mods/starcoop/starcoop.sc2mod/base.sc2data/gamedata/upgradedata.xml	D:\MyWork\新建文件夹\mom.report.client\src\MyMod\crys_the_swarm_reborn.SC2Mod\原始mod\Mods\XM\XMFinal.SC2Mod\Base.SC2Data\GameData\UpgradeData.xml	added_or_newer_duplicate
TychusOdinRedButton	CUpgrade	游戏数据/官方SC2原始文本镜像/mods/starcoop/starcoop.sc2mod/base.sc2data/gamedata/commanders/commandertychus.xml	D:\MyWork\新建文件夹\mom.report.client\src\MyMod\crys_the_swarm_reborn.SC2Mod\原始mod\Mods\XM\XMFinal.SC2Mod\Base.SC2Data\GameData\UpgradeData.xml	added_or_newer_duplicate
VehicleAfterburners	CUpgrade	游戏数据/官方SC2原始文本镜像/mods/starcoop/starcoop.sc2mod/base.sc2data/gamedata/upgradedata.xml	D:\MyWork\新建文件夹\mom.report.client\src\MyMod\crys_the_swarm_reborn.SC2Mod\原始mod\Mods\XM\XMFinal.SC2Mod\Base.SC2Data\GameData\UpgradeData.xml	added_or_newer_duplicate
ZagaraVoidCoopAttackUpgrade	CUpgrade	游戏数据/官方SC2原始文本镜像/mods/starcoop/starcoop.sc2mod/base.sc2data/gamedata/upgradedata.xml	D:\MyWork\新建文件夹\mom.report.client\src\MyMod\crys_the_swarm_reborn.SC2Mod\原始mod\Mods\XM\XMFinal.SC2Mod\Base.SC2Data\GameData\UpgradeData.xml	added_or_newer_duplicate
ZagaraVoidCoopBanelingSpawner	CUpgrade	游戏数据/官方SC2原始文本镜像/mods/starcoop/starcoop.sc2mod/base.sc2data/gamedata/upgradedata.xml	D:\MyWork\新建文件夹\mom.report.client\src\MyMod\crys_the_swarm_reborn.SC2Mod\原始mod\Mods\XM\XMFinal.SC2Mod\Base.SC2Data\GameData\UpgradeData.xml	added_or_newer_duplicate
ZeratulArtifactTier3	CUpgrade	游戏数据/官方SC2原始文本镜像/mods/starcoop/starcoop.sc2mod/base.sc2data/gamedata/commanders/futurecommanders.xml	D:\MyWork\新建文件夹\mom.report.client\src\MyMod\crys_the_swarm_reborn.SC2Mod\原始mod\Mods\XM\XMFinal.SC2Mod\Base.SC2Data\GameData\UpgradeData.xml	added_or_newer_duplicate
ZeratulArtifactUpgradeTier0A	CUpgrade	游戏数据/官方SC2原始文本镜像/mods/starcoop/starcoop.sc2mod/base.sc2data/gamedata/commanders/futurecommanders.xml	D:\MyWork\新建文件夹\mom.report.client\src\MyMod\crys_the_swarm_reborn.SC2Mod\原始mod\Mods\XM\XMFinal.SC2Mod\Base.SC2Data\GameData\UpgradeData.xml	added_or_newer_duplicate
ZeratulArtifactUpgradeTier0B	CUpgrade	游戏数据/官方SC2原始文本镜像/mods/starcoop/starcoop.sc2mod/base.sc2data/gamedata/commanders/futurecommanders.xml	D:\MyWork\新建文件夹\mom.report.client\src\MyMod\crys_the_swarm_reborn.SC2Mod\原始mod\Mods\XM\XMFinal.SC2Mod\Base.SC2Data\GameData\UpgradeData.xml	added_or_newer_duplicate
ZeratulArtifactUpgradeTier0C	CUpgrade	游戏数据/官方SC2原始文本镜像/mods/starcoop/starcoop.sc2mod/base.sc2data/gamedata/commanders/futurecommanders.xml	D:\MyWork\新建文件夹\mom.report.client\src\MyMod\crys_the_swarm_reborn.SC2Mod\原始mod\Mods\XM\XMFinal.SC2Mod\Base.SC2Data\GameData\UpgradeData.xml	added_or_newer_duplicate
ZeratulArtifactUpgradeTier1A	CUpgrade	游戏数据/官方SC2原始文本镜像/mods/starcoop/starcoop.sc2mod/base.sc2data/gamedata/commanders/futurecommanders.xml	D:\MyWork\新建文件夹\mom.report.client\src\MyMod\crys_the_swarm_reborn.SC2Mod\原始mod\Mods\XM\XMFinal.SC2Mod\Base.SC2Data\GameData\UpgradeData.xml	added_or_newer_duplicate
ZeratulArtifactUpgradeTier1B	CUpgrade	游戏数据/官方SC2原始文本镜像/mods/starcoop/starcoop.sc2mod/base.sc2data/gamedata/commanders/futurecommanders.xml	D:\MyWork\新建文件夹\mom.report.client\src\MyMod\crys_the_swarm_reborn.SC2Mod\原始mod\Mods\XM\XMFinal.SC2Mod\Base.SC2Data\GameData\UpgradeData.xml	added_or_newer_duplicate
ZeratulArtifactUpgradeTier1C	CUpgrade	游戏数据/官方SC2原始文本镜像/mods/starcoop/starcoop.sc2mod/base.sc2data/gamedata/commanders/futurecommanders.xml	D:\MyWork\新建文件夹\mom.report.client\src\MyMod\crys_the_swarm_reborn.SC2Mod\原始mod\Mods\XM\XMFinal.SC2Mod\Base.SC2Data\GameData\UpgradeData.xml	added_or_newer_duplicate
ZeratulArtifactUpgradeTier2A	CUpgrade	游戏数据/官方SC2原始文本镜像/mods/starcoop/starcoop.sc2mod/base.sc2data/gamedata/commanders/futurecommanders.xml	D:\MyWork\新建文件夹\mom.report.client\src\MyMod\crys_the_swarm_reborn.SC2Mod\原始mod\Mods\XM\XMFinal.SC2Mod\Base.SC2Data\GameData\UpgradeData.xml	added_or_newer_duplicate
ZeratulArtifactUpgradeTier2B	CUpgrade	游戏数据/官方SC2原始文本镜像/mods/starcoop/starcoop.sc2mod/base.sc2data/gamedata/commanders/futurecommanders.xml	D:\MyWork\新建文件夹\mom.report.client\src\MyMod\crys_the_swarm_reborn.SC2Mod\原始mod\Mods\XM\XMFinal.SC2Mod\Base.SC2Data\GameData\UpgradeData.xml	added_or_newer_duplicate
ZeratulArtifactUpgradeTier3A	CUpgrade	游戏数据/官方SC2原始文本镜像/mods/starcoop/starcoop.sc2mod/base.sc2data/gamedata/commanders/futurecommanders.xml	D:\MyWork\新建文件夹\mom.report.client\src\MyMod\crys_the_swarm_reborn.SC2Mod\原始mod\Mods\XM\XMFinal.SC2Mod\Base.SC2Data\GameData\UpgradeData.xml	added_or_newer_duplicate
ZeratulArtifactUpgradeTier3B	CUpgrade	游戏数据/官方SC2原始文本镜像/mods/starcoop/starcoop.sc2mod/base.sc2data/gamedata/commanders/futurecommanders.xml	D:\MyWork\新建文件夹\mom.report.client\src\MyMod\crys_the_swarm_reborn.SC2Mod\原始mod\Mods\XM\XMFinal.SC2Mod\Base.SC2Data\GameData\UpgradeData.xml	added_or_newer_duplicate
ZeratulKhaydarinMonolithWarp	CUpgrade	游戏数据/官方SC2原始文本镜像/mods/starcoop/starcoop.sc2mod/base.sc2data/gamedata/commanders/futurecommanders.xml	D:\MyWork\新建文件夹\mom.report.client\src\MyMod\crys_the_swarm_reborn.SC2Mod\原始mod\Mods\XM\XMFinal.SC2Mod\Base.SC2Data\GameData\UpgradeData.xml	added_or_newer_duplicate
ZeratulPhaseCannonWarp	CUpgrade	游戏数据/官方SC2原始文本镜像/mods/starcoop/starcoop.sc2mod/base.sc2data/gamedata/commanders/futurecommanders.xml	D:\MyWork\新建文件夹\mom.report.client\src\MyMod\crys_the_swarm_reborn.SC2Mod\原始mod\Mods\XM\XMFinal.SC2Mod\Base.SC2Data\GameData\UpgradeData.xml	added_or_newer_duplicate
AlarakStructureOverchargePriority1	CValidatorCombine	游戏数据/官方SC2原始文本镜像/mods/starcoop/starcoop.sc2mod/base.sc2data/gamedata/validatordata.xml	D:\MyWork\新建文件夹\mom.report.client\src\MyMod\crys_the_swarm_reborn.SC2Mod\原始mod\Mods\XM\XMFinal.SC2Mod\Base.SC2Data\GameData\ValidatorData.xml	added_or_newer_duplicate
AlarakStructureOverchargePriority2	CValidatorCombine	游戏数据/官方SC2原始文本镜像/mods/starcoop/starcoop.sc2mod/base.sc2data/gamedata/validatordata.xml	D:\MyWork\新建文件夹\mom.report.client\src\MyMod\crys_the_swarm_reborn.SC2Mod\原始mod\Mods\XM\XMFinal.SC2Mod\Base.SC2Data\GameData\ValidatorData.xml	added_or_newer_duplicate
AlarakStructureOverchargePriority3	CValidatorCombine	游戏数据/官方SC2原始文本镜像/mods/starcoop/starcoop.sc2mod/base.sc2data/gamedata/validatordata.xml	D:\MyWork\新建文件夹\mom.report.client\src\MyMod\crys_the_swarm_reborn.SC2Mod\原始mod\Mods\XM\XMFinal.SC2Mod\Base.SC2Data\GameData\ValidatorData.xml	added_or_newer_duplicate
AlarakStructureOverchargePriority4	CValidatorCombine	游戏数据/官方SC2原始文本镜像/mods/starcoop/starcoop.sc2mod/base.sc2data/gamedata/validatordata.xml	D:\MyWork\新建文件夹\mom.report.client\src\MyMod\crys_the_swarm_reborn.SC2Mod\原始mod\Mods\XM\XMFinal.SC2Mod\Base.SC2Data\GameData\ValidatorData.xml	added_or_newer_duplicate
AlarakStructureOverchargePriority5	CValidatorCombine	游戏数据/官方SC2原始文本镜像/mods/starcoop/starcoop.sc2mod/base.sc2data/gamedata/validatordata.xml	D:\MyWork\新建文件夹\mom.report.client\src\MyMod\crys_the_swarm_reborn.SC2Mod\原始mod\Mods\XM\XMFinal.SC2Mod\Base.SC2Data\GameData\ValidatorData.xml	added_or_newer_duplicate
AlarakStructureOverchargePriority6	CValidatorCombine	游戏数据/官方SC2原始文本镜像/mods/starcoop/starcoop.sc2mod/base.sc2data/gamedata/validatordata.xml	D:\MyWork\新建文件夹\mom.report.client\src\MyMod\crys_the_swarm_reborn.SC2Mod\原始mod\Mods\XM\XMFinal.SC2Mod\Base.SC2Data\GameData\ValidatorData.xml	added_or_newer_duplicate
BiomassBuff100CountLT1	CValidatorUnitCompareBehaviorCount	游戏数据/官方SC2原始文本镜像/mods/starcoop/starcoop.sc2mod/base.sc2data/gamedata/validatordata.xml	D:\MyWork\新建文件夹\mom.report.client\src\MyMod\crys_the_swarm_reborn.SC2Mod\原始mod\Mods\XM\XMFinal.SC2Mod\Base.SC2Data\GameData\ValidatorData.xml	added_or_newer_duplicate
BiomassTargetMarkValidators	CValidatorCombine	游戏数据/官方SC2原始文本镜像/mods/starcoop/starcoop.sc2mod/base.sc2data/gamedata/validatordata.xml	D:\MyWork\新建文件夹\mom.report.client\src\MyMod\crys_the_swarm_reborn.SC2Mod\原始mod\Mods\XM\XMFinal.SC2Mod\Base.SC2Data\GameData\ValidatorData.xml	added_or_newer_duplicate
BunkerIsEmptyAndHaveMengskStructureArmor	CValidatorCombine	游戏数据/官方SC2原始文本镜像/mods/starcoop/commanders/arcturusmengsk.sc2mod/base.sc2data/gamedata/validatordata.xml	D:\MyWork\新建文件夹\mom.report.client\src\MyMod\crys_the_swarm_reborn.SC2Mod\原始mod\Mods\XM\XMFinal.SC2Mod\Base.SC2Data\GameData\ValidatorData.xml	added_or_newer_duplicate
BunkerMengsk	CValidatorUnitType	游戏数据/官方SC2原始文本镜像/mods/starcoop/commanders/arcturusmengsk.sc2mod/base.sc2data/gamedata/validatordata.xml	D:\MyWork\新建文件夹\mom.report.client\src\MyMod\crys_the_swarm_reborn.SC2Mod\原始mod\Mods\XM\XMFinal.SC2Mod\Base.SC2Data\GameData\ValidatorData.xml	added_or_newer_duplicate
Burrowing	CValidatorUnitOrderQueue	游戏数据/官方SC2原始文本镜像/mods/starcoop/starcoop.sc2mod/base.sc2data/gamedata/validatordata.xml	D:\MyWork\新建文件夹\mom.report.client\src\MyMod\crys_the_swarm_reborn.SC2Mod\原始mod\Mods\XM\XMFinal.SC2Mod\Base.SC2Data\GameData\ValidatorData.xml	added_or_newer_duplicate
CannotUseZergMengskCalldownLevel2	CValidatorPlayerRequirement	游戏数据/官方SC2原始文本镜像/mods/starcoop/commanders/arcturusmengsk.sc2mod/base.sc2data/gamedata/validatordata.xml	D:\MyWork\新建文件夹\mom.report.client\src\MyMod\crys_the_swarm_reborn.SC2Mod\原始mod\Mods\XM\XMFinal.SC2Mod\Base.SC2Data\GameData\ValidatorData.xml	added_or_newer_duplicate
CannotUseZergMengskCalldownLevel3	CValidatorPlayerRequirement	游戏数据/官方SC2原始文本镜像/mods/starcoop/commanders/arcturusmengsk.sc2mod/base.sc2data/gamedata/validatordata.xml	D:\MyWork\新建文件夹\mom.report.client\src\MyMod\crys_the_swarm_reborn.SC2Mod\原始mod\Mods\XM\XMFinal.SC2Mod\Base.SC2Data\GameData\ValidatorData.xml	added_or_newer_duplicate
CannotUseZergMengskCalldownLevel4	CValidatorPlayerRequirement	游戏数据/官方SC2原始文本镜像/mods/starcoop/commanders/arcturusmengsk.sc2mod/base.sc2data/gamedata/validatordata.xml	D:\MyWork\新建文件夹\mom.report.client\src\MyMod\crys_the_swarm_reborn.SC2Mod\原始mod\Mods\XM\XMFinal.SC2Mod\Base.SC2Data\GameData\ValidatorData.xml	added_or_newer_duplicate
CanUseZergMengskCalldownLevel2	CValidatorPlayerRequirement	游戏数据/官方SC2原始文本镜像/mods/starcoop/commanders/arcturusmengsk.sc2mod/base.sc2data/gamedata/validatordata.xml	D:\MyWork\新建文件夹\mom.report.client\src\MyMod\crys_the_swarm_reborn.SC2Mod\原始mod\Mods\XM\XMFinal.SC2Mod\Base.SC2Data\GameData\ValidatorData.xml	added_or_newer_duplicate
CanUseZergMengskCalldownLevel3	CValidatorPlayerRequirement	游戏数据/官方SC2原始文本镜像/mods/starcoop/commanders/arcturusmengsk.sc2mod/base.sc2data/gamedata/validatordata.xml	D:\MyWork\新建文件夹\mom.report.client\src\MyMod\crys_the_swarm_reborn.SC2Mod\原始mod\Mods\XM\XMFinal.SC2Mod\Base.SC2Data\GameData\ValidatorData.xml	added_or_newer_duplicate
CanUseZergMengskCalldownLevel4	CValidatorPlayerRequirement	游戏数据/官方SC2原始文本镜像/mods/starcoop/commanders/arcturusmengsk.sc2mod/base.sc2data/gamedata/validatordata.xml	D:\MyWork\新建文件夹\mom.report.client\src\MyMod\crys_the_swarm_reborn.SC2Mod\原始mod\Mods\XM\XMFinal.SC2Mod\Base.SC2Data\GameData\ValidatorData.xml	added_or_newer_duplicate
CommanderPrestigeAlarakDeathFleet	CValidatorPlayerRequirement	游戏数据/官方SC2原始文本镜像/mods/starcoop/starcoop.sc2mod/base.sc2data/gamedata/validatordata.xml	D:\MyWork\新建文件夹\mom.report.client\src\MyMod\crys_the_swarm_reborn.SC2Mod\原始mod\Mods\XM\XMFinal.SC2Mod\Base.SC2Data\GameData\ValidatorData.xml	skipped_existing
CommanderPrestigeAlarakEmpowerMe	CValidatorPlayerRequirement	游戏数据/官方SC2原始文本镜像/mods/starcoop/starcoop.sc2mod/base.sc2data/gamedata/validatordata.xml	D:\MyWork\新建文件夹\mom.report.client\src\MyMod\crys_the_swarm_reborn.SC2Mod\原始mod\Mods\XM\XMFinal.SC2Mod\Base.SC2Data\GameData\ValidatorData.xml	skipped_existing
CommanderPrestigeArtanisCombatAbilities	CValidatorPlayerRequirement	游戏数据/官方SC2原始文本镜像/mods/starcoop/starcoop.sc2mod/base.sc2data/gamedata/validatordata.xml	D:\MyWork\新建文件夹\mom.report.client\src\MyMod\crys_the_swarm_reborn.SC2Mod\原始mod\Mods\XM\XMFinal.SC2Mod\Base.SC2Data\GameData\ValidatorData.xml	added_or_newer_duplicate
CommanderPrestigeArtanisOrbitalStrikes	CValidatorPlayerRequirement	游戏数据/官方SC2原始文本镜像/mods/starcoop/starcoop.sc2mod/base.sc2data/gamedata/validatordata.xml	D:\MyWork\新建文件夹\mom.report.client\src\MyMod\crys_the_swarm_reborn.SC2Mod\原始mod\Mods\XM\XMFinal.SC2Mod\Base.SC2Data\GameData\ValidatorData.xml	skipped_existing
CommanderPrestigeArtanisPowerField	CValidatorPlayerRequirement	游戏数据/官方SC2原始文本镜像/mods/starcoop/starcoop.sc2mod/base.sc2data/gamedata/validatordata.xml	D:\MyWork\新建文件夹\mom.report.client\src\MyMod\crys_the_swarm_reborn.SC2Mod\原始mod\Mods\XM\XMFinal.SC2Mod\Base.SC2Data\GameData\ValidatorData.xml	added_or_newer_duplicate
CommanderPrestigeDehakaPackLeaders	CValidatorPlayerRequirement	游戏数据/官方SC2原始文本镜像/mods/starcoop/starcoop.sc2mod/base.sc2data/gamedata/validatordata.xml	D:\MyWork\新建文件夹\mom.report.client\src\MyMod\crys_the_swarm_reborn.SC2Mod\原始mod\Mods\XM\XMFinal.SC2Mod\Base.SC2Data\GameData\ValidatorData.xml	added_or_newer_duplicate
CommanderPrestigeFenixSuitSwap	CValidatorPlayerRequirement	游戏数据/官方SC2原始文本镜像/mods/starcoop/starcoop.sc2mod/base.sc2data/gamedata/validatordata.xml	D:\MyWork\新建文件夹\mom.report.client\src\MyMod\crys_the_swarm_reborn.SC2Mod\原始mod\Mods\XM\XMFinal.SC2Mod\Base.SC2Data\GameData\ValidatorData.xml	skipped_existing
CommanderPrestigeKaraxStructures	CValidatorPlayerRequirement	游戏数据/官方SC2原始文本镜像/mods/starcoop/starcoop.sc2mod/base.sc2data/gamedata/validatordata.xml	D:\MyWork\新建文件夹\mom.report.client\src\MyMod\crys_the_swarm_reborn.SC2Mod\原始mod\Mods\XM\XMFinal.SC2Mod\Base.SC2Data\GameData\ValidatorData.xml	skipped_existing
CommanderPrestigeKerriganAbilities	CValidatorPlayerRequirement	游戏数据/官方SC2原始文本镜像/mods/starcoop/starcoop.sc2mod/base.sc2data/gamedata/validatordata.xml	D:\MyWork\新建文件夹\mom.report.client\src\MyMod\crys_the_swarm_reborn.SC2Mod\原始mod\Mods\XM\XMFinal.SC2Mod\Base.SC2Data\GameData\ValidatorData.xml	added_or_newer_duplicate
CommanderPrestigeKerriganAssimilationAura	CValidatorPlayerRequirement	游戏数据/官方SC2原始文本镜像/mods/starcoop/starcoop.sc2mod/base.sc2data/gamedata/validatordata.xml	D:\MyWork\新建文件夹\mom.report.client\src\MyMod\crys_the_swarm_reborn.SC2Mod\原始mod\Mods\XM\XMFinal.SC2Mod\Base.SC2Data\GameData\ValidatorData.xml	skipped_existing
CommanderPrestigeMengskArtillery	CValidatorPlayerRequirement	游戏数据/官方SC2原始文本镜像/mods/starcoop/commanders/arcturusmengsk.sc2mod/base.sc2data/gamedata/validatordata.xml	D:\MyWork\新建文件夹\mom.report.client\src\MyMod\crys_the_swarm_reborn.SC2Mod\原始mod\Mods\XM\XMFinal.SC2Mod\Base.SC2Data\GameData\ValidatorData.xml	added_or_newer_duplicate
CommanderPrestigeNovaSuperCloak	CValidatorPlayerRequirement	游戏数据/官方SC2原始文本镜像/mods/starcoop/starcoop.sc2mod/base.sc2data/gamedata/validatordata.xml	D:\MyWork\新建文件夹\mom.report.client\src\MyMod\crys_the_swarm_reborn.SC2Mod\原始mod\Mods\XM\XMFinal.SC2Mod\Base.SC2Data\GameData\ValidatorData.xml	added_or_newer_duplicate
CommanderPrestigeRaynorAir	CValidatorPlayerRequirement	游戏数据/官方SC2原始文本镜像/mods/starcoop/starcoop.sc2mod/base.sc2data/gamedata/validatordata.xml	D:\MyWork\新建文件夹\mom.report.client\src\MyMod\crys_the_swarm_reborn.SC2Mod\原始mod\Mods\XM\XMFinal.SC2Mod\Base.SC2Data\GameData\ValidatorData.xml	skipped_existing
CommanderPrestigeStetmannStetellites	CValidatorPlayerRequirement	游戏数据/官方SC2原始文本镜像/mods/starcoop/commanders/egonstetmann.sc2mod/base.sc2data/gamedata/validatordata.xml	D:\MyWork\新建文件夹\mom.report.client\src\MyMod\crys_the_swarm_reborn.SC2Mod\原始mod\Mods\XM\XMFinal.SC2Mod\Base.SC2Data\GameData\ValidatorData.xml	added_or_newer_duplicate
CommanderPrestigeSwannDrill	CValidatorPlayerRequirement	游戏数据/官方SC2原始文本镜像/mods/starcoop/starcoop.sc2mod/base.sc2data/gamedata/validatordata.xml	D:\MyWork\新建文件夹\mom.report.client\src\MyMod\crys_the_swarm_reborn.SC2Mod\原始mod\Mods\XM\XMFinal.SC2Mod\Base.SC2Data\GameData\ValidatorData.xml	added_or_newer_duplicate
CommanderPrestigeTychusOdin	CValidatorPlayerRequirement	游戏数据/官方SC2原始文本镜像/mods/starcoop/starcoop.sc2mod/base.sc2data/gamedata/validatordata.xml	D:\MyWork\新建文件夹\mom.report.client\src\MyMod\crys_the_swarm_reborn.SC2Mod\原始mod\Mods\XM\XMFinal.SC2Mod\Base.SC2Data\GameData\ValidatorData.xml	added_or_newer_duplicate
CommanderPrestigeVorazunEmergencyRecall	CValidatorPlayerRequirement	游戏数据/官方SC2原始文本镜像/mods/starcoop/starcoop.sc2mod/base.sc2data/gamedata/validatordata.xml	D:\MyWork\新建文件夹\mom.report.client\src\MyMod\crys_the_swarm_reborn.SC2Mod\原始mod\Mods\XM\XMFinal.SC2Mod\Base.SC2Data\GameData\ValidatorData.xml	added_or_newer_duplicate
CommanderPrestigeVorazunTimeStop	CValidatorPlayerRequirement	游戏数据/官方SC2原始文本镜像/mods/starcoop/starcoop.sc2mod/base.sc2data/gamedata/validatordata.xml	D:\MyWork\新建文件夹\mom.report.client\src\MyMod\crys_the_swarm_reborn.SC2Mod\原始mod\Mods\XM\XMFinal.SC2Mod\Base.SC2Data\GameData\ValidatorData.xml	skipped_existing
CommanderPrestigeVorazunTimeStopGuardCount	CValidatorUnitCompareBehaviorCount	游戏数据/官方SC2原始文本镜像/mods/starcoop/starcoop.sc2mod/base.sc2data/gamedata/validatordata.xml	D:\MyWork\新建文件夹\mom.report.client\src\MyMod\crys_the_swarm_reborn.SC2Mod\原始mod\Mods\XM\XMFinal.SC2Mod\Base.SC2Data\GameData\ValidatorData.xml	added_or_newer_duplicate
CommanderPrestigeZagaraMaxSupply	CValidatorPlayerRequirement	游戏数据/官方SC2原始文本镜像/mods/starcoop/starcoop.sc2mod/base.sc2data/gamedata/validatordata.xml	D:\MyWork\新建文件夹\mom.report.client\src\MyMod\crys_the_swarm_reborn.SC2Mod\原始mod\Mods\XM\XMFinal.SC2Mod\Base.SC2Data\GameData\ValidatorData.xml	added_or_newer_duplicate
CommanderPrestigeZagaraZagara	CValidatorPlayerRequirement	游戏数据/官方SC2原始文本镜像/mods/starcoop/starcoop.sc2mod/base.sc2data/gamedata/validatordata.xml	D:\MyWork\新建文件夹\mom.report.client\src\MyMod\crys_the_swarm_reborn.SC2Mod\原始mod\Mods\XM\XMFinal.SC2Mod\Base.SC2Data\GameData\ValidatorData.xml	added_or_newer_duplicate
FoodUsedUnder195	CValidatorPlayerCompareFoodUsed	游戏数据/官方SC2原始文本镜像/mods/starcoop/commanders/arcturusmengsk.sc2mod/base.sc2data/gamedata/validatordata.xml	D:\MyWork\新建文件夹\mom.report.client\src\MyMod\crys_the_swarm_reborn.SC2Mod\原始mod\Mods\XM\XMFinal.SC2Mod\Base.SC2Data\GameData\ValidatorData.xml	added_or_newer_duplicate
GlevigLairCheck	CValidatorPlayerRequirement	游戏数据/官方SC2原始文本镜像/mods/starcoop/starcoop.sc2mod/base.sc2data/gamedata/validatordata.xml	D:\MyWork\新建文件夹\mom.report.client\src\MyMod\crys_the_swarm_reborn.SC2Mod\原始mod\Mods\XM\XMFinal.SC2Mod\Base.SC2Data\GameData\ValidatorData.xml	added_or_newer_duplicate
HasPowerFieldEnergyRegenerationBuff	CValidatorPlayerRequirement	游戏数据/官方SC2原始文本镜像/mods/starcoop/commanders/egonstetmann.sc2mod/base.sc2data/gamedata/validatordata.xml	D:\MyWork\新建文件夹\mom.report.client\src\MyMod\crys_the_swarm_reborn.SC2Mod\原始mod\Mods\XM\XMFinal.SC2Mod\Base.SC2Data\GameData\ValidatorData.xml	added_or_newer_duplicate
HasPowerFieldHPRegenerationBuff	CValidatorPlayerRequirement	游戏数据/官方SC2原始文本镜像/mods/starcoop/commanders/egonstetmann.sc2mod/base.sc2data/gamedata/validatordata.xml	D:\MyWork\新建文件夹\mom.report.client\src\MyMod\crys_the_swarm_reborn.SC2Mod\原始mod\Mods\XM\XMFinal.SC2Mod\Base.SC2Data\GameData\ValidatorData.xml	added_or_newer_duplicate
HasPowerFieldMovementSpeedBuff	CValidatorPlayerRequirement	游戏数据/官方SC2原始文本镜像/mods/starcoop/commanders/egonstetmann.sc2mod/base.sc2data/gamedata/validatordata.xml	D:\MyWork\新建文件夹\mom.report.client\src\MyMod\crys_the_swarm_reborn.SC2Mod\原始mod\Mods\XM\XMFinal.SC2Mod\Base.SC2Data\GameData\ValidatorData.xml	added_or_newer_duplicate
HasZeratulPhotonCannonProjectionCaster	CValidatorUnitCompareBehaviorCount	游戏数据/官方SC2原始文本镜像/mods/starcoop/starcoop.sc2mod/base.sc2data/gamedata/commanders/futurecommanders.xml	D:\MyWork\新建文件夹\mom.report.client\src\MyMod\crys_the_swarm_reborn.SC2Mod\原始mod\Mods\XM\XMFinal.SC2Mod\Base.SC2Data\GameData\ValidatorData.xml	added_or_newer_duplicate
HaveAlarakImprovedOvercharge	CValidatorPlayerRequirement	游戏数据/官方SC2原始文本镜像/mods/starcoop/starcoop.sc2mod/base.sc2data/gamedata/validatordata.xml	D:\MyWork\新建文件夹\mom.report.client\src\MyMod\crys_the_swarm_reborn.SC2Mod\原始mod\Mods\XM\XMFinal.SC2Mod\Base.SC2Data\GameData\ValidatorData.xml	skipped_existing
HaveCoopPurifierBeamUpgrade	CValidatorPlayerRequirement	游戏数据/官方SC2原始文本镜像/mods/starcoop/starcoop.sc2mod/base.sc2data/gamedata/validatordata.xml	D:\MyWork\新建文件夹\mom.report.client\src\MyMod\crys_the_swarm_reborn.SC2Mod\原始mod\Mods\XM\XMFinal.SC2Mod\Base.SC2Data\GameData\ValidatorData.xml	skipped_existing
HaveHealingPsionicStorm	CValidatorPlayerRequirement	游戏数据/官方SC2原始文本镜像/mods/starcoop/starcoop.sc2mod/base.sc2data/gamedata/validatordata.xml	D:\MyWork\新建文件夹\mom.report.client\src\MyMod\crys_the_swarm_reborn.SC2Mod\原始mod\Mods\XM\XMFinal.SC2Mod\Base.SC2Data\GameData\ValidatorData.xml	added_or_newer_duplicate
HaveHeroicFortitude	CValidatorPlayerRequirement	游戏数据/官方SC2原始文本镜像/mods/starcoop/starcoop.sc2mod/base.sc2data/gamedata/validatordata.xml	D:\MyWork\新建文件夹\mom.report.client\src\MyMod\crys_the_swarm_reborn.SC2Mod\原始mod\Mods\XM\XMFinal.SC2Mod\Base.SC2Data\GameData\ValidatorData.xml	added_or_newer_duplicate
HaveKerriganVoidCoopEnergyRegen	CValidatorPlayerRequirement	游戏数据/官方SC2原始文本镜像/mods/starcoop/starcoop.sc2mod/base.sc2data/gamedata/validatordata.xml	D:\MyWork\新建文件夹\mom.report.client\src\MyMod\crys_the_swarm_reborn.SC2Mod\原始mod\Mods\XM\XMFinal.SC2Mod\Base.SC2Data\GameData\ValidatorData.xml	skipped_existing
HaveLaserDrillBFG	CValidatorPlayerRequirement	游戏数据/官方SC2原始文本镜像/mods/starcoop/starcoop.sc2mod/base.sc2data/gamedata/validatordata.xml	D:\MyWork\新建文件夹\mom.report.client\src\MyMod\crys_the_swarm_reborn.SC2Mod\原始mod\Mods\XM\XMFinal.SC2Mod\Base.SC2Data\GameData\ValidatorData.xml	added_or_newer_duplicate
HaveLaserDrillNuke	CValidatorPlayerRequirement	游戏数据/官方SC2原始文本镜像/mods/starcoop/starcoop.sc2mod/base.sc2data/gamedata/validatordata.xml	D:\MyWork\新建文件夹\mom.report.client\src\MyMod\crys_the_swarm_reborn.SC2Mod\原始mod\Mods\XM\XMFinal.SC2Mod\Base.SC2Data\GameData\ValidatorData.xml	added_or_newer_duplicate
HaveLegendaryLegionAbilities	CValidatorPlayerRequirement	游戏数据/官方SC2原始文本镜像/mods/starcoop/starcoop.sc2mod/base.sc2data/gamedata/commanders/futurecommanders.xml	D:\MyWork\新建文件夹\mom.report.client\src\MyMod\crys_the_swarm_reborn.SC2Mod\原始mod\Mods\XM\XMFinal.SC2Mod\Base.SC2Data\GameData\ValidatorData.xml	added_or_newer_duplicate
HaveMasteryAbathurMendHeal	CValidatorPlayerRequirement	游戏数据/官方SC2原始文本镜像/mods/starcoop/starcoop.sc2mod/base.sc2data/gamedata/validatordata.xml	D:\MyWork\新建文件夹\mom.report.client\src\MyMod\crys_the_swarm_reborn.SC2Mod\原始mod\Mods\XM\XMFinal.SC2Mod\Base.SC2Data\GameData\ValidatorData.xml	added_or_newer_duplicate
HaveMasteryAbathurToxicNestMaxCharge	CValidatorPlayerRequirement	游戏数据/官方SC2原始文本镜像/mods/starcoop/starcoop.sc2mod/base.sc2data/gamedata/validatordata.xml	D:\MyWork\新建文件夹\mom.report.client\src\MyMod\crys_the_swarm_reborn.SC2Mod\原始mod\Mods\XM\XMFinal.SC2Mod\Base.SC2Data\GameData\ValidatorData.xml	added_or_newer_duplicate
HaveMasteryAbathurToxicNestRespawn	CValidatorPlayerRequirement	游戏数据/官方SC2原始文本镜像/mods/starcoop/starcoop.sc2mod/base.sc2data/gamedata/validatordata.xml	D:\MyWork\新建文件夹\mom.report.client\src\MyMod\crys_the_swarm_reborn.SC2Mod\原始mod\Mods\XM\XMFinal.SC2Mod\Base.SC2Data\GameData\ValidatorData.xml	added_or_newer_duplicate
HaveMasteryAlarakDeathfleetCooldown	CValidatorPlayerRequirement	游戏数据/官方SC2原始文本镜像/mods/starcoop/starcoop.sc2mod/base.sc2data/gamedata/validatordata.xml	D:\MyWork\新建文件夹\mom.report.client\src\MyMod\crys_the_swarm_reborn.SC2Mod\原始mod\Mods\XM\XMFinal.SC2Mod\Base.SC2Data\GameData\ValidatorData.xml	skipped_existing
HaveMasteryAlarakOverchargeShieldsDamage	CValidatorPlayerRequirement	游戏数据/官方SC2原始文本镜像/mods/starcoop/starcoop.sc2mod/base.sc2data/gamedata/validatordata.xml	D:\MyWork\新建文件夹\mom.report.client\src\MyMod\crys_the_swarm_reborn.SC2Mod\原始mod\Mods\XM\XMFinal.SC2Mod\Base.SC2Data\GameData\ValidatorData.xml	skipped_existing
HaveMasteryArtanisGuardianShellHeal	CValidatorPlayerRequirement	游戏数据/官方SC2原始文本镜像/mods/starcoop/starcoop.sc2mod/base.sc2data/gamedata/validatordata.xml	D:\MyWork\新建文件夹\mom.report.client\src\MyMod\crys_the_swarm_reborn.SC2Mod\原始mod\Mods\XM\XMFinal.SC2Mod\Base.SC2Data\GameData\ValidatorData.xml	added_or_newer_duplicate
HaveMasteryArtanisShieldOverchargeCDR	CValidatorPlayerRequirement	游戏数据/官方SC2原始文本镜像/mods/starcoop/starcoop.sc2mod/base.sc2data/gamedata/validatordata.xml	D:\MyWork\新建文件夹\mom.report.client\src\MyMod\crys_the_swarm_reborn.SC2Mod\原始mod\Mods\XM\XMFinal.SC2Mod\Base.SC2Data\GameData\ValidatorData.xml	added_or_newer_duplicate
HaveMasteryArtanisShieldOverchargeDurationandStrength	CValidatorPlayerRequirement	游戏数据/官方SC2原始文本镜像/mods/starcoop/starcoop.sc2mod/base.sc2data/gamedata/validatordata.xml	D:\MyWork\新建文件夹\mom.report.client\src\MyMod\crys_the_swarm_reborn.SC2Mod\原始mod\Mods\XM\XMFinal.SC2Mod\Base.SC2Data\GameData\ValidatorData.xml	added_or_newer_duplicate
HaveMasteryArtanisWarpinHaste	CValidatorPlayerRequirement	游戏数据/官方SC2原始文本镜像/mods/starcoop/starcoop.sc2mod/base.sc2data/gamedata/validatordata.xml	D:\MyWork\新建文件夹\mom.report.client\src\MyMod\crys_the_swarm_reborn.SC2Mod\原始mod\Mods\XM\XMFinal.SC2Mod\Base.SC2Data\GameData\ValidatorData.xml	added_or_newer_duplicate
HaveMasteryDehakaBossTimedLife	CValidatorPlayerRequirement	游戏数据/官方SC2原始文本镜像/mods/starcoop/starcoop.sc2mod/base.sc2data/gamedata/validatordata.xml	D:\MyWork\新建文件夹\mom.report.client\src\MyMod\crys_the_swarm_reborn.SC2Mod\原始mod\Mods\XM\XMFinal.SC2Mod\Base.SC2Data\GameData\ValidatorData.xml	added_or_newer_duplicate
HaveMasteryDehakaPrimalWurmCDR	CValidatorPlayerRequirement	游戏数据/官方SC2原始文本镜像/mods/starcoop/starcoop.sc2mod/base.sc2data/gamedata/validatordata.xml	D:\MyWork\新建文件夹\mom.report.client\src\MyMod\crys_the_swarm_reborn.SC2Mod\原始mod\Mods\XM\XMFinal.SC2Mod\Base.SC2Data\GameData\ValidatorData.xml	added_or_newer_duplicate
HaveMasteryFenixSuitAttackSpeed	CValidatorPlayerRequirement	游戏数据/官方SC2原始文本镜像/mods/starcoop/starcoop.sc2mod/base.sc2data/gamedata/validatordata.xml	D:\MyWork\新建文件夹\mom.report.client\src\MyMod\crys_the_swarm_reborn.SC2Mod\原始mod\Mods\XM\XMFinal.SC2Mod\Base.SC2Data\GameData\ValidatorData.xml	skipped_existing
HaveMasteryFenixSuitEnergyRegen	CValidatorPlayerRequirement	游戏数据/官方SC2原始文本镜像/mods/starcoop/starcoop.sc2mod/base.sc2data/gamedata/validatordata.xml	D:\MyWork\新建文件夹\mom.report.client\src\MyMod\crys_the_swarm_reborn.SC2Mod\原始mod\Mods\XM\XMFinal.SC2Mod\Base.SC2Data\GameData\ValidatorData.xml	skipped_existing
HaveMasteryHornerAirStrikeDistance	CValidatorPlayerRequirement	游戏数据/官方SC2原始文本镜像/mods/starcoop/starcoop.sc2mod/base.sc2data/gamedata/validatordata.xml	D:\MyWork\新建文件夹\mom.report.client\src\MyMod\crys_the_swarm_reborn.SC2Mod\原始mod\Mods\XM\XMFinal.SC2Mod\Base.SC2Data\GameData\ValidatorData.xml	added_or_newer_duplicate
HaveMasteryHornerBomberRadius	CValidatorPlayerRequirement	游戏数据/官方SC2原始文本镜像/mods/starcoop/starcoop.sc2mod/base.sc2data/gamedata/validatordata.xml	D:\MyWork\新建文件夹\mom.report.client\src\MyMod\crys_the_swarm_reborn.SC2Mod\原始mod\Mods\XM\XMFinal.SC2Mod\Base.SC2Data\GameData\ValidatorData.xml	added_or_newer_duplicate
HaveMasteryHornerMagMineUpgrades	CValidatorPlayerRequirement	游戏数据/官方SC2原始文本镜像/mods/starcoop/starcoop.sc2mod/base.sc2data/gamedata/validatordata.xml	D:\MyWork\新建文件夹\mom.report.client\src\MyMod\crys_the_swarm_reborn.SC2Mod\原始mod\Mods\XM\XMFinal.SC2Mod\Base.SC2Data\GameData\ValidatorData.xml	added_or_newer_duplicate
HaveMasteryKaraxRepairBeamHeal	CValidatorPlayerRequirement	游戏数据/官方SC2原始文本镜像/mods/starcoop/starcoop.sc2mod/base.sc2data/gamedata/validatordata.xml	D:\MyWork\新建文件夹\mom.report.client\src\MyMod\crys_the_swarm_reborn.SC2Mod\原始mod\Mods\XM\XMFinal.SC2Mod\Base.SC2Data\GameData\ValidatorData.xml	added_or_newer_duplicate
HaveMasteryKaraxSOARegenDuringSuperChrono	CValidatorPlayerRequirement	游戏数据/官方SC2原始文本镜像/mods/starcoop/starcoop.sc2mod/base.sc2data/gamedata/validatordata.xml	D:\MyWork\新建文件夹\mom.report.client\src\MyMod\crys_the_swarm_reborn.SC2Mod\原始mod\Mods\XM\XMFinal.SC2Mod\Base.SC2Data\GameData\ValidatorData.xml	skipped_existing
HaveMasteryKaraxUnitCost	CValidatorPlayerRequirement	游戏数据/官方SC2原始文本镜像/mods/starcoop/starcoop.sc2mod/base.sc2data/gamedata/validatordata.xml	D:\MyWork\新建文件夹\mom.report.client\src\MyMod\crys_the_swarm_reborn.SC2Mod\原始mod\Mods\XM\XMFinal.SC2Mod\Base.SC2Data\GameData\ValidatorData.xml	added_or_newer_duplicate
HaveMasteryKerriganAssimilationAuraDuration	CValidatorPlayerRequirement	游戏数据/官方SC2原始文本镜像/mods/starcoop/starcoop.sc2mod/base.sc2data/gamedata/validatordata.xml	D:\MyWork\新建文件夹\mom.report.client\src\MyMod\crys_the_swarm_reborn.SC2Mod\原始mod\Mods\XM\XMFinal.SC2Mod\Base.SC2Data\GameData\ValidatorData.xml	skipped_existing
HaveMasteryKerriganAutoAttackDamage	CValidatorPlayerRequirement	游戏数据/官方SC2原始文本镜像/mods/starcoop/starcoop.sc2mod/base.sc2data/gamedata/validatordata.xml	D:\MyWork\新建文件夹\mom.report.client\src\MyMod\crys_the_swarm_reborn.SC2Mod\原始mod\Mods\XM\XMFinal.SC2Mod\Base.SC2Data\GameData\ValidatorData.xml	added_or_newer_duplicate
HaveMasteryKerriganCocoonTimer	CValidatorPlayerRequirement	游戏数据/官方SC2原始文本镜像/mods/starcoop/starcoop.sc2mod/base.sc2data/gamedata/validatordata.xml	D:\MyWork\新建文件夹\mom.report.client\src\MyMod\crys_the_swarm_reborn.SC2Mod\原始mod\Mods\XM\XMFinal.SC2Mod\Base.SC2Data\GameData\ValidatorData.xml	added_or_newer_duplicate
HaveMasteryKerriganEnergyRegen	CValidatorPlayerRequirement	游戏数据/官方SC2原始文本镜像/mods/starcoop/starcoop.sc2mod/base.sc2data/gamedata/validatordata.xml	D:\MyWork\新建文件夹\mom.report.client\src\MyMod\crys_the_swarm_reborn.SC2Mod\原始mod\Mods\XM\XMFinal.SC2Mod\Base.SC2Data\GameData\ValidatorData.xml	added_or_newer_duplicate
HaveMasteryKerriganImmobilizationWaveDamage	CValidatorPlayerRequirement	游戏数据/官方SC2原始文本镜像/mods/starcoop/starcoop.sc2mod/base.sc2data/gamedata/validatordata.xml	D:\MyWork\新建文件夹\mom.report.client\src\MyMod\crys_the_swarm_reborn.SC2Mod\原始mod\Mods\XM\XMFinal.SC2Mod\Base.SC2Data\GameData\ValidatorData.xml	skipped_existing
HaveMasteryKerriganMutatingCarapaceLifeDegradation	CValidatorPlayerRequirement	游戏数据/官方SC2原始文本镜像/mods/starcoop/starcoop.sc2mod/base.sc2data/gamedata/validatordata.xml	D:\MyWork\新建文件夹\mom.report.client\src\MyMod\crys_the_swarm_reborn.SC2Mod\原始mod\Mods\XM\XMFinal.SC2Mod\Base.SC2Data\GameData\ValidatorData.xml	added_or_newer_duplicate
HaveMasteryKerriganPrimarySpeedDamage	CValidatorPlayerRequirement	游戏数据/官方SC2原始文本镜像/mods/starcoop/starcoop.sc2mod/base.sc2data/gamedata/validatordata.xml	D:\MyWork\新建文件夹\mom.report.client\src\MyMod\crys_the_swarm_reborn.SC2Mod\原始mod\Mods\XM\XMFinal.SC2Mod\Base.SC2Data\GameData\ValidatorData.xml	added_or_newer_duplicate
HaveMasteryMengskTopPanelPower	CValidatorPlayerRequirement	游戏数据/官方SC2原始文本镜像/mods/starcoop/commanders/arcturusmengsk.sc2mod/base.sc2data/gamedata/validatordata.xml	D:\MyWork\新建文件夹\mom.report.client\src\MyMod\crys_the_swarm_reborn.SC2Mod\原始mod\Mods\XM\XMFinal.SC2Mod\Base.SC2Data\GameData\ValidatorData.xml	added_or_newer_duplicate
HaveMasteryNovaGriffinCost	CValidatorPlayerRequirement	游戏数据/官方SC2原始文本镜像/mods/starcoop/starcoop.sc2mod/base.sc2data/gamedata/validatordata.xml	D:\MyWork\新建文件夹\mom.report.client\src\MyMod\crys_the_swarm_reborn.SC2Mod\原始mod\Mods\XM\XMFinal.SC2Mod\Base.SC2Data\GameData\ValidatorData.xml	added_or_newer_duplicate
HaveMasteryNovaNukeAndHoloDecoyCooldown	CValidatorPlayerRequirement	游戏数据/官方SC2原始文本镜像/mods/starcoop/starcoop.sc2mod/base.sc2data/gamedata/validatordata.xml	D:\MyWork\新建文件夹\mom.report.client\src\MyMod\crys_the_swarm_reborn.SC2Mod\原始mod\Mods\XM\XMFinal.SC2Mod\Base.SC2Data\GameData\ValidatorData.xml	added_or_newer_duplicate
HaveMasteryRaynorBansheeCooldown	CValidatorPlayerRequirement	游戏数据/官方SC2原始文本镜像/mods/starcoop/starcoop.sc2mod/base.sc2data/gamedata/validatordata.xml	D:\MyWork\新建文件夹\mom.report.client\src\MyMod\crys_the_swarm_reborn.SC2Mod\原始mod\Mods\XM\XMFinal.SC2Mod\Base.SC2Data\GameData\ValidatorData.xml	skipped_existing
HaveMasteryRaynorHyperionCooldown	CValidatorPlayerRequirement	游戏数据/官方SC2原始文本镜像/mods/starcoop/starcoop.sc2mod/base.sc2data/gamedata/validatordata.xml	D:\MyWork\新建文件夹\mom.report.client\src\MyMod\crys_the_swarm_reborn.SC2Mod\原始mod\Mods\XM\XMFinal.SC2Mod\Base.SC2Data\GameData\ValidatorData.xml	skipped_existing
HaveMasteryStetmannDeployStetelliteCooldown	CValidatorPlayerRequirement	游戏数据/官方SC2原始文本镜像/mods/starcoop/commanders/egonstetmann.sc2mod/base.sc2data/gamedata/validatordata.xml	D:\MyWork\新建文件夹\mom.report.client\src\MyMod\crys_the_swarm_reborn.SC2Mod\原始mod\Mods\XM\XMFinal.SC2Mod\Base.SC2Data\GameData\ValidatorData.xml	added_or_newer_duplicate
HaveMasteryStetmannStetzoneBonuses	CValidatorPlayerRequirement	游戏数据/官方SC2原始文本镜像/mods/starcoop/commanders/egonstetmann.sc2mod/base.sc2data/gamedata/validatordata.xml	D:\MyWork\新建文件夹\mom.report.client\src\MyMod\crys_the_swarm_reborn.SC2Mod\原始mod\Mods\XM\XMFinal.SC2Mod\Base.SC2Data\GameData\ValidatorData.xml	added_or_newer_duplicate
HaveMasteryStukovAleksanderCDR	CValidatorPlayerRequirement	游戏数据/官方SC2原始文本镜像/mods/starcoop/starcoop.sc2mod/base.sc2data/gamedata/validatordata.xml	D:\MyWork\新建文件夹\mom.report.client\src\MyMod\crys_the_swarm_reborn.SC2Mod\原始mod\Mods\XM\XMFinal.SC2Mod\Base.SC2Data\GameData\ValidatorData.xml	added_or_newer_duplicate
HaveMasteryStukovApocaliskCDR	CValidatorPlayerRequirement	游戏数据/官方SC2原始文本镜像/mods/starcoop/starcoop.sc2mod/base.sc2data/gamedata/validatordata.xml	D:\MyWork\新建文件夹\mom.report.client\src\MyMod\crys_the_swarm_reborn.SC2Mod\原始mod\Mods\XM\XMFinal.SC2Mod\Base.SC2Data\GameData\ValidatorData.xml	added_or_newer_duplicate
HaveMasteryStukovInfestStructureCDR	CValidatorPlayerRequirement	游戏数据/官方SC2原始文本镜像/mods/starcoop/starcoop.sc2mod/base.sc2data/gamedata/validatordata.xml	D:\MyWork\新建文件夹\mom.report.client\src\MyMod\crys_the_swarm_reborn.SC2Mod\原始mod\Mods\XM\XMFinal.SC2Mod\Base.SC2Data\GameData\ValidatorData.xml	added_or_newer_duplicate
HaveMasterySwannCombatDrop	CValidatorPlayerRequirement	游戏数据/官方SC2原始文本镜像/mods/starcoop/starcoop.sc2mod/base.sc2data/gamedata/validatordata.xml	D:\MyWork\新建文件夹\mom.report.client\src\MyMod\crys_the_swarm_reborn.SC2Mod\原始mod\Mods\XM\XMFinal.SC2Mod\Base.SC2Data\GameData\ValidatorData.xml	added_or_newer_duplicate
HaveMasterySwannConcentratedBeam	CValidatorPlayerRequirement	游戏数据/官方SC2原始文本镜像/mods/starcoop/starcoop.sc2mod/base.sc2data/gamedata/validatordata.xml	D:\MyWork\新建文件夹\mom.report.client\src\MyMod\crys_the_swarm_reborn.SC2Mod\原始mod\Mods\XM\XMFinal.SC2Mod\Base.SC2Data\GameData\ValidatorData.xml	added_or_newer_duplicate
HaveMasterySwannLaserDrillBuildTime	CValidatorPlayerRequirement	游戏数据/官方SC2原始文本镜像/mods/starcoop/starcoop.sc2mod/base.sc2data/gamedata/validatordata.xml	D:\MyWork\新建文件夹\mom.report.client\src\MyMod\crys_the_swarm_reborn.SC2Mod\原始mod\Mods\XM\XMFinal.SC2Mod\Base.SC2Data\GameData\ValidatorData.xml	added_or_newer_duplicate
HaveMasteryTychusGrenadeCooldown	CValidatorPlayerRequirement	游戏数据/官方SC2原始文本镜像/mods/starcoop/starcoop.sc2mod/base.sc2data/gamedata/commanders/commandertychus.xml	D:\MyWork\新建文件夹\mom.report.client\src\MyMod\crys_the_swarm_reborn.SC2Mod\原始mod\Mods\XM\XMFinal.SC2Mod\Base.SC2Data\GameData\ValidatorData.xml	added_or_newer_duplicate
HaveMasteryTychusMedivacHealingIncrease	CValidatorPlayerRequirement	游戏数据/官方SC2原始文本镜像/mods/starcoop/starcoop.sc2mod/base.sc2data/gamedata/commanders/commandertychus.xml	D:\MyWork\新建文件夹\mom.report.client\src\MyMod\crys_the_swarm_reborn.SC2Mod\原始mod\Mods\XM\XMFinal.SC2Mod\Base.SC2Data\GameData\ValidatorData.xml	added_or_newer_duplicate
HaveMasteryTychusOdinCooldown	CValidatorPlayerRequirement	游戏数据/官方SC2原始文本镜像/mods/starcoop/starcoop.sc2mod/base.sc2data/gamedata/commanders/commandertychus.xml	D:\MyWork\新建文件夹\mom.report.client\src\MyMod\crys_the_swarm_reborn.SC2Mod\原始mod\Mods\XM\XMFinal.SC2Mod\Base.SC2Data\GameData\ValidatorData.xml	added_or_newer_duplicate
HaveMasteryVorazunBlackHoleDuration	CValidatorPlayerRequirement	游戏数据/官方SC2原始文本镜像/mods/starcoop/starcoop.sc2mod/base.sc2data/gamedata/validatordata.xml	D:\MyWork\新建文件夹\mom.report.client\src\MyMod\crys_the_swarm_reborn.SC2Mod\原始mod\Mods\XM\XMFinal.SC2Mod\Base.SC2Data\GameData\ValidatorData.xml	skipped_existing
HaveMasteryVorazunDarkPylonCloakRadius	CValidatorPlayerRequirement	游戏数据/官方SC2原始文本镜像/mods/starcoop/starcoop.sc2mod/base.sc2data/gamedata/validatordata.xml	D:\MyWork\新建文件夹\mom.report.client\src\MyMod\crys_the_swarm_reborn.SC2Mod\原始mod\Mods\XM\XMFinal.SC2Mod\Base.SC2Data\GameData\ValidatorData.xml	skipped_existing
HaveMasteryVorazunShadowGuardDuration	CValidatorPlayerRequirement	游戏数据/官方SC2原始文本镜像/mods/starcoop/starcoop.sc2mod/base.sc2data/gamedata/validatordata.xml	D:\MyWork\新建文件夹\mom.report.client\src\MyMod\crys_the_swarm_reborn.SC2Mod\原始mod\Mods\XM\XMFinal.SC2Mod\Base.SC2Data\GameData\ValidatorData.xml	skipped_existing
HaveMasteryVorazunTimeStopHaste	CValidatorPlayerRequirement	游戏数据/官方SC2原始文本镜像/mods/starcoop/starcoop.sc2mod/base.sc2data/gamedata/validatordata.xml	D:\MyWork\新建文件夹\mom.report.client\src\MyMod\crys_the_swarm_reborn.SC2Mod\原始mod\Mods\XM\XMFinal.SC2Mod\Base.SC2Data\GameData\ValidatorData.xml	skipped_existing
HaveMasteryZagaraAutoAttackDamage	CValidatorPlayerRequirement	游戏数据/官方SC2原始文本镜像/mods/starcoop/starcoop.sc2mod/base.sc2data/gamedata/validatordata.xml	D:\MyWork\新建文件夹\mom.report.client\src\MyMod\crys_the_swarm_reborn.SC2Mod\原始mod\Mods\XM\XMFinal.SC2Mod\Base.SC2Data\GameData\ValidatorData.xml	added_or_newer_duplicate
HaveMasteryZagaraBanelingDamage	CValidatorPlayerRequirement	游戏数据/官方SC2原始文本镜像/mods/starcoop/starcoop.sc2mod/base.sc2data/gamedata/validatordata.xml	D:\MyWork\新建文件夹\mom.report.client\src\MyMod\crys_the_swarm_reborn.SC2Mod\原始mod\Mods\XM\XMFinal.SC2Mod\Base.SC2Data\GameData\ValidatorData.xml	added_or_newer_duplicate
HaveMasteryZagaraCocoonTimer	CValidatorPlayerRequirement	游戏数据/官方SC2原始文本镜像/mods/starcoop/starcoop.sc2mod/base.sc2data/gamedata/validatordata.xml	D:\MyWork\新建文件夹\mom.report.client\src\MyMod\crys_the_swarm_reborn.SC2Mod\原始mod\Mods\XM\XMFinal.SC2Mod\Base.SC2Data\GameData\ValidatorData.xml	added_or_newer_duplicate
HaveMasteryZagaraHealthandEnergyRegen	CValidatorPlayerRequirement	游戏数据/官方SC2原始文本镜像/mods/starcoop/starcoop.sc2mod/base.sc2data/gamedata/validatordata.xml	D:\MyWork\新建文件夹\mom.report.client\src\MyMod\crys_the_swarm_reborn.SC2Mod\原始mod\Mods\XM\XMFinal.SC2Mod\Base.SC2Data\GameData\ValidatorData.xml	added_or_newer_duplicate
HaveMasteryZagaraMassFrenzy	CValidatorPlayerRequirement	游戏数据/官方SC2原始文本镜像/mods/starcoop/starcoop.sc2mod/base.sc2data/gamedata/validatordata.xml	D:\MyWork\新建文件夹\mom.report.client\src\MyMod\crys_the_swarm_reborn.SC2Mod\原始mod\Mods\XM\XMFinal.SC2Mod\Base.SC2Data\GameData\ValidatorData.xml	added_or_newer_duplicate
HaveMasteryZagaraRoachDropDamageandHealth	CValidatorPlayerRequirement	游戏数据/官方SC2原始文本镜像/mods/starcoop/starcoop.sc2mod/base.sc2data/gamedata/validatordata.xml	D:\MyWork\新建文件夹\mom.report.client\src\MyMod\crys_the_swarm_reborn.SC2Mod\原始mod\Mods\XM\XMFinal.SC2Mod\Base.SC2Data\GameData\ValidatorData.xml	added_or_newer_duplicate
HaveMasteryZeratulAvatarCooldown	CValidatorPlayerRequirement	游戏数据/官方SC2原始文本镜像/mods/starcoop/starcoop.sc2mod/base.sc2data/gamedata/commanders/futurecommanders.xml	D:\MyWork\新建文件夹\mom.report.client\src\MyMod\crys_the_swarm_reborn.SC2Mod\原始mod\Mods\XM\XMFinal.SC2Mod\Base.SC2Data\GameData\ValidatorData.xml	added_or_newer_duplicate
HaveMasteryZeratulLegendaryLegionCost	CValidatorPlayerRequirement	游戏数据/官方SC2原始文本镜像/mods/starcoop/starcoop.sc2mod/base.sc2data/gamedata/commanders/futurecommanders.xml	D:\MyWork\新建文件夹\mom.report.client\src\MyMod\crys_the_swarm_reborn.SC2Mod\原始mod\Mods\XM\XMFinal.SC2Mod\Base.SC2Data\GameData\ValidatorData.xml	added_or_newer_duplicate
HaveMasteryZeratulSupportCalldownCooldown	CValidatorPlayerRequirement	游戏数据/官方SC2原始文本镜像/mods/starcoop/starcoop.sc2mod/base.sc2data/gamedata/commanders/futurecommanders.xml	D:\MyWork\新建文件夹\mom.report.client\src\MyMod\crys_the_swarm_reborn.SC2Mod\原始mod\Mods\XM\XMFinal.SC2Mod\Base.SC2Data\GameData\ValidatorData.xml	added_or_newer_duplicate
HaveMengskStructureArmor	CValidatorPlayerRequirement	游戏数据/官方SC2原始文本镜像/mods/starcoop/commanders/arcturusmengsk.sc2mod/base.sc2data/gamedata/validatordata.xml	D:\MyWork\新建文件夹\mom.report.client\src\MyMod\crys_the_swarm_reborn.SC2Mod\原始mod\Mods\XM\XMFinal.SC2Mod\Base.SC2Data\GameData\ValidatorData.xml	added_or_newer_duplicate
HaveNoSnapshots	CValidatorPlayerRequirement	游戏数据/官方SC2原始文本镜像/mods/starcoop/starcoop.sc2mod/base.sc2data/gamedata/validatordata.xml	D:\MyWork\新建文件夹\mom.report.client\src\MyMod\crys_the_swarm_reborn.SC2Mod\原始mod\Mods\XM\XMFinal.SC2Mod\Base.SC2Data\GameData\ValidatorData.xml	added_or_newer_duplicate
HaveNovaCombatSuit	CValidatorPlayerRequirement	游戏数据/官方SC2原始文本镜像/mods/starcoop/starcoop.sc2mod/base.sc2data/gamedata/validatordata.xml	D:\MyWork\新建文件夹\mom.report.client\src\MyMod\crys_the_swarm_reborn.SC2Mod\原始mod\Mods\XM\XMFinal.SC2Mod\Base.SC2Data\GameData\ValidatorData.xml	added_or_newer_duplicate
HaveSOARecallonDeath	CValidatorPlayerRequirement	游戏数据/官方SC2原始文本镜像/mods/starcoop/starcoop.sc2mod/base.sc2data/gamedata/validatordata.xml	D:\MyWork\新建文件夹\mom.report.client\src\MyMod\crys_the_swarm_reborn.SC2Mod\原始mod\Mods\XM\XMFinal.SC2Mod\Base.SC2Data\GameData\ValidatorData.xml	skipped_existing
HaveStukovApocaliskUpgrades	CValidatorPlayerRequirement	游戏数据/官方SC2原始文本镜像/mods/starcoop/starcoop.sc2mod/base.sc2data/gamedata/validatordata.xml	D:\MyWork\新建文件夹\mom.report.client\src\MyMod\crys_the_swarm_reborn.SC2Mod\原始mod\Mods\XM\XMFinal.SC2Mod\Base.SC2Data\GameData\ValidatorData.xml	added_or_newer_duplicate
HaveVorazunCloakDamageBoost	CValidatorPlayerRequirement	游戏数据/官方SC2原始文本镜像/mods/starcoop/starcoop.sc2mod/base.sc2data/gamedata/validatordata.xml	D:\MyWork\新建文件夹\mom.report.client\src\MyMod\crys_the_swarm_reborn.SC2Mod\原始mod\Mods\XM\XMFinal.SC2Mod\Base.SC2Data\GameData\ValidatorData.xml	skipped_existing
HaveZeratulArtifactTier1AndCyberCore	CValidatorPlayerRequirement	游戏数据/官方SC2原始文本镜像/mods/starcoop/starcoop.sc2mod/base.sc2data/gamedata/commanders/futurecommanders.xml	D:\MyWork\新建文件夹\mom.report.client\src\MyMod\crys_the_swarm_reborn.SC2Mod\原始mod\Mods\XM\XMFinal.SC2Mod\Base.SC2Data\GameData\ValidatorData.xml	added_or_newer_duplicate
HaveZeratulArtifactTier1AndDarkShine	CValidatorPlayerRequirement	游戏数据/官方SC2原始文本镜像/mods/starcoop/starcoop.sc2mod/base.sc2data/gamedata/commanders/futurecommanders.xml	D:\MyWork\新建文件夹\mom.report.client\src\MyMod\crys_the_swarm_reborn.SC2Mod\原始mod\Mods\XM\XMFinal.SC2Mod\Base.SC2Data\GameData\ValidatorData.xml	added_or_newer_duplicate
HaveZeratulArtifactTier1AndRoboticsBay	CValidatorPlayerRequirement	游戏数据/官方SC2原始文本镜像/mods/starcoop/starcoop.sc2mod/base.sc2data/gamedata/commanders/futurecommanders.xml	D:\MyWork\新建文件夹\mom.report.client\src\MyMod\crys_the_swarm_reborn.SC2Mod\原始mod\Mods\XM\XMFinal.SC2Mod\Base.SC2Data\GameData\ValidatorData.xml	added_or_newer_duplicate
HaveZeratulArtifactTier2AndCyberCore	CValidatorPlayerRequirement	游戏数据/官方SC2原始文本镜像/mods/starcoop/starcoop.sc2mod/base.sc2data/gamedata/commanders/futurecommanders.xml	D:\MyWork\新建文件夹\mom.report.client\src\MyMod\crys_the_swarm_reborn.SC2Mod\原始mod\Mods\XM\XMFinal.SC2Mod\Base.SC2Data\GameData\ValidatorData.xml	added_or_newer_duplicate
HaveZeratulArtifactTier2AndDarkShine	CValidatorPlayerRequirement	游戏数据/官方SC2原始文本镜像/mods/starcoop/starcoop.sc2mod/base.sc2data/gamedata/commanders/futurecommanders.xml	D:\MyWork\新建文件夹\mom.report.client\src\MyMod\crys_the_swarm_reborn.SC2Mod\原始mod\Mods\XM\XMFinal.SC2Mod\Base.SC2Data\GameData\ValidatorData.xml	added_or_newer_duplicate
HaveZeratulArtifactTier2AndRoboticsBay	CValidatorPlayerRequirement	游戏数据/官方SC2原始文本镜像/mods/starcoop/starcoop.sc2mod/base.sc2data/gamedata/commanders/futurecommanders.xml	D:\MyWork\新建文件夹\mom.report.client\src\MyMod\crys_the_swarm_reborn.SC2Mod\原始mod\Mods\XM\XMFinal.SC2Mod\Base.SC2Data\GameData\ValidatorData.xml	added_or_newer_duplicate
HaveZeratulArtifactTier3AndCyberCore	CValidatorPlayerRequirement	游戏数据/官方SC2原始文本镜像/mods/starcoop/starcoop.sc2mod/base.sc2data/gamedata/commanders/futurecommanders.xml	D:\MyWork\新建文件夹\mom.report.client\src\MyMod\crys_the_swarm_reborn.SC2Mod\原始mod\Mods\XM\XMFinal.SC2Mod\Base.SC2Data\GameData\ValidatorData.xml	added_or_newer_duplicate
HaveZeratulArtifactTier3AndDarkShine	CValidatorPlayerRequirement	游戏数据/官方SC2原始文本镜像/mods/starcoop/starcoop.sc2mod/base.sc2data/gamedata/commanders/futurecommanders.xml	D:\MyWork\新建文件夹\mom.report.client\src\MyMod\crys_the_swarm_reborn.SC2Mod\原始mod\Mods\XM\XMFinal.SC2Mod\Base.SC2Data\GameData\ValidatorData.xml	added_or_newer_duplicate
HaveZeratulArtifactTier3AndRoboticsBay	CValidatorPlayerRequirement	游戏数据/官方SC2原始文本镜像/mods/starcoop/starcoop.sc2mod/base.sc2data/gamedata/commanders/futurecommanders.xml	D:\MyWork\新建文件夹\mom.report.client\src\MyMod\crys_the_swarm_reborn.SC2Mod\原始mod\Mods\XM\XMFinal.SC2Mod\Base.SC2Data\GameData\ValidatorData.xml	added_or_newer_duplicate
HaveZeratulArtifactUpgradeTier2A	CValidatorPlayerRequirement	游戏数据/官方SC2原始文本镜像/mods/starcoop/starcoop.sc2mod/base.sc2data/gamedata/commanders/futurecommanders.xml	D:\MyWork\新建文件夹\mom.report.client\src\MyMod\crys_the_swarm_reborn.SC2Mod\原始mod\Mods\XM\XMFinal.SC2Mod\Base.SC2Data\GameData\ValidatorData.xml	added_or_newer_duplicate
HaveZeratulArtifactUpgradeTier2B	CValidatorPlayerRequirement	游戏数据/官方SC2原始文本镜像/mods/starcoop/starcoop.sc2mod/base.sc2data/gamedata/commanders/futurecommanders.xml	D:\MyWork\新建文件夹\mom.report.client\src\MyMod\crys_the_swarm_reborn.SC2Mod\原始mod\Mods\XM\XMFinal.SC2Mod\Base.SC2Data\GameData\ValidatorData.xml	added_or_newer_duplicate
HaveZeratulArtifactUpgradeTier2C	CValidatorPlayerRequirement	游戏数据/官方SC2原始文本镜像/mods/starcoop/starcoop.sc2mod/base.sc2data/gamedata/commanders/futurecommanders.xml	D:\MyWork\新建文件夹\mom.report.client\src\MyMod\crys_the_swarm_reborn.SC2Mod\原始mod\Mods\XM\XMFinal.SC2Mod\Base.SC2Data\GameData\ValidatorData.xml	added_or_newer_duplicate
HHMagMineCoolUp	CValidatorUnitCompareChargeUsed	游戏数据/官方SC2原始文本镜像/mods/starcoop/starcoop.sc2mod/base.sc2data/gamedata/validatordata.xml	D:\MyWork\新建文件夹\mom.report.client\src\MyMod\crys_the_swarm_reborn.SC2Mod\原始mod\Mods\XM\XMFinal.SC2Mod\Base.SC2Data\GameData\ValidatorData.xml	added_or_newer_duplicate
IsAlarakCoopCommander	CValidatorPlayerRequirement	游戏数据/官方SC2原始文本镜像/mods/starcoop/starcoop.sc2mod/base.sc2data/gamedata/validatordata.xml	D:\MyWork\新建文件夹\mom.report.client\src\MyMod\crys_the_swarm_reborn.SC2Mod\原始mod\Mods\XM\XMFinal.SC2Mod\Base.SC2Data\GameData\ValidatorData.xml	added_or_newer_duplicate
IsArtanisCoopCommander	CValidatorPlayerRequirement	游戏数据/官方SC2原始文本镜像/mods/starcoop/starcoop.sc2mod/base.sc2data/gamedata/validatordata.xml	D:\MyWork\新建文件夹\mom.report.client\src\MyMod\crys_the_swarm_reborn.SC2Mod\原始mod\Mods\XM\XMFinal.SC2Mod\Base.SC2Data\GameData\ValidatorData.xml	added_or_newer_duplicate
IsCommandStructure	CValidatorCombine	游戏数据/官方SC2原始文本镜像/mods/starcoop/starcoop.sc2mod/base.sc2data/gamedata/validatordata.xml	D:\MyWork\新建文件夹\mom.report.client\src\MyMod\crys_the_swarm_reborn.SC2Mod\原始mod\Mods\XM\XMFinal.SC2Mod\Base.SC2Data\GameData\ValidatorData.xml	skipped_existing
IsDehakaHatchery	CValidatorUnitType	游戏数据/官方SC2原始文本镜像/mods/starcoop/starcoop.sc2mod/base.sc2data/gamedata/validatordata.xml	D:\MyWork\新建文件夹\mom.report.client\src\MyMod\crys_the_swarm_reborn.SC2Mod\原始mod\Mods\XM\XMFinal.SC2Mod\Base.SC2Data\GameData\ValidatorData.xml	added_or_newer_duplicate
IsHallucinationCoop	CValidatorUnitBehaviorState	游戏数据/官方SC2原始文本镜像/mods/starcoop/starcoop.sc2mod/base.sc2data/gamedata/validatordata.xml	D:\MyWork\新建文件夹\mom.report.client\src\MyMod\crys_the_swarm_reborn.SC2Mod\原始mod\Mods\XM\XMFinal.SC2Mod\Base.SC2Data\GameData\ValidatorData.xml	added_or_newer_duplicate
IsMengskCoopCommander	CValidatorPlayerRequirement	游戏数据/官方SC2原始文本镜像/mods/starcoop/commanders/arcturusmengsk.sc2mod/base.sc2data/gamedata/validatordata.xml	D:\MyWork\新建文件夹\mom.report.client\src\MyMod\crys_the_swarm_reborn.SC2Mod\原始mod\Mods\XM\XMFinal.SC2Mod\Base.SC2Data\GameData\ValidatorData.xml	added_or_newer_duplicate
IsNotDehakaBarracksUprooted	CValidatorUnitType	游戏数据/官方SC2原始文本镜像/mods/starcoop/starcoop.sc2mod/base.sc2data/gamedata/validatordata.xml	D:\MyWork\新建文件夹\mom.report.client\src\MyMod\crys_the_swarm_reborn.SC2Mod\原始mod\Mods\XM\XMFinal.SC2Mod\Base.SC2Data\GameData\ValidatorData.xml	skipped_existing
IsNotDehakaHatcheryUprooted	CValidatorUnitType	游戏数据/官方SC2原始文本镜像/mods/starcoop/starcoop.sc2mod/base.sc2data/gamedata/validatordata.xml	D:\MyWork\新建文件夹\mom.report.client\src\MyMod\crys_the_swarm_reborn.SC2Mod\原始mod\Mods\XM\XMFinal.SC2Mod\Base.SC2Data\GameData\ValidatorData.xml	skipped_existing
IsSICommandCenter	CValidatorUnitType	游戏数据/官方SC2原始文本镜像/mods/starcoop/starcoop.sc2mod/base.sc2data/gamedata/validatordata.xml	D:\MyWork\新建文件夹\mom.report.client\src\MyMod\crys_the_swarm_reborn.SC2Mod\原始mod\Mods\XM\XMFinal.SC2Mod\Base.SC2Data\GameData\ValidatorData.xml	added_or_newer_duplicate
IsStructureorWarpPrismPhasing	CValidatorCombine	游戏数据/官方SC2原始文本镜像/mods/starcoop/starcoop.sc2mod/base.sc2data/gamedata/validatordata.xml	D:\MyWork\新建文件夹\mom.report.client\src\MyMod\crys_the_swarm_reborn.SC2Mod\原始mod\Mods\XM\XMFinal.SC2Mod\Base.SC2Data\GameData\ValidatorData.xml	skipped_existing
IsWarpPrismTaldarimPhasing	CValidatorUnitType	游戏数据/官方SC2原始文本镜像/mods/starcoop/starcoop.sc2mod/base.sc2data/gamedata/validatordata.xml	D:\MyWork\新建文件夹\mom.report.client\src\MyMod\crys_the_swarm_reborn.SC2Mod\原始mod\Mods\XM\XMFinal.SC2Mod\Base.SC2Data\GameData\ValidatorData.xml	added_or_newer_duplicate
KaraxHaveStructureInstantWarp	CValidatorPlayerRequirement	游戏数据/官方SC2原始文本镜像/mods/starcoop/starcoop.sc2mod/base.sc2data/gamedata/validatordata.xml	D:\MyWork\新建文件夹\mom.report.client\src\MyMod\crys_the_swarm_reborn.SC2Mod\原始mod\Mods\XM\XMFinal.SC2Mod\Base.SC2Data\GameData\ValidatorData.xml	skipped_existing
LaserDrillCoopInRange	CValidatorLocationEnumArea	游戏数据/官方SC2原始文本镜像/mods/starcoop/starcoop.sc2mod/base.sc2data/gamedata/validatordata.xml	D:\MyWork\新建文件夹\mom.report.client\src\MyMod\crys_the_swarm_reborn.SC2Mod\原始mod\Mods\XM\XMFinal.SC2Mod\Base.SC2Data\GameData\ValidatorData.xml	added_or_newer_duplicate
NoStukovInfestStructure	CValidatorUnitCompareBehaviorCount	游戏数据/官方SC2原始文本镜像/mods/starcoop/starcoop.sc2mod/base.sc2data/gamedata/validatordata.xml	D:\MyWork\新建文件夹\mom.report.client\src\MyMod\crys_the_swarm_reborn.SC2Mod\原始mod\Mods\XM\XMFinal.SC2Mod\Base.SC2Data\GameData\ValidatorData.xml	added_or_newer_duplicate
NotCreepTumor	CValidatorUnitType	游戏数据/官方SC2原始文本镜像/mods/starcoop/starcoop.sc2mod/base.sc2data/gamedata/validatordata.xml	D:\MyWork\新建文件夹\mom.report.client\src\MyMod\crys_the_swarm_reborn.SC2Mod\原始mod\Mods\XM\XMFinal.SC2Mod\Base.SC2Data\GameData\ValidatorData.xml	added_or_newer_duplicate
NotCreepTumorBurrowed	CValidatorUnitType	游戏数据/官方SC2原始文本镜像/mods/starcoop/starcoop.sc2mod/base.sc2data/gamedata/validatordata.xml	D:\MyWork\新建文件夹\mom.report.client\src\MyMod\crys_the_swarm_reborn.SC2Mod\原始mod\Mods\XM\XMFinal.SC2Mod\Base.SC2Data\GameData\ValidatorData.xml	added_or_newer_duplicate
NotCreepTumorUsed	CValidatorUnitType	游戏数据/官方SC2原始文本镜像/mods/starcoop/starcoop.sc2mod/base.sc2data/gamedata/validatordata.xml	D:\MyWork\新建文件夹\mom.report.client\src\MyMod\crys_the_swarm_reborn.SC2Mod\原始mod\Mods\XM\XMFinal.SC2Mod\Base.SC2Data\GameData\ValidatorData.xml	added_or_newer_duplicate
NotDamagedDrakkenLaserDrill	CValidatorUnitType	游戏数据/官方SC2原始文本镜像/mods/starcoop/starcoop.sc2mod/base.sc2data/gamedata/validatordata.xml	D:\MyWork\新建文件夹\mom.report.client\src\MyMod\crys_the_swarm_reborn.SC2Mod\原始mod\Mods\XM\XMFinal.SC2Mod\Base.SC2Data\GameData\ValidatorData.xml	added_or_newer_duplicate
NotHaveHHAirFleetYamato	CValidatorPlayerRequirement	游戏数据/官方SC2原始文本镜像/mods/starcoop/starcoop.sc2mod/base.sc2data/gamedata/validatordata.xml	D:\MyWork\新建文件夹\mom.report.client\src\MyMod\crys_the_swarm_reborn.SC2Mod\原始mod\Mods\XM\XMFinal.SC2Mod\Base.SC2Data\GameData\ValidatorData.xml	added_or_newer_duplicate
NotHaveMengskLevel07	CValidatorPlayerRequirement	游戏数据/官方SC2原始文本镜像/mods/starcoop/commanders/arcturusmengsk.sc2mod/base.sc2data/gamedata/validatordata.xml	D:\MyWork\新建文件夹\mom.report.client\src\MyMod\crys_the_swarm_reborn.SC2Mod\原始mod\Mods\XM\XMFinal.SC2Mod\Base.SC2Data\GameData\ValidatorData.xml	added_or_newer_duplicate
NotHaveStukovApocaliskUpgrades	CValidatorPlayerRequirement	游戏数据/官方SC2原始文本镜像/mods/starcoop/starcoop.sc2mod/base.sc2data/gamedata/validatordata.xml	D:\MyWork\新建文件夹\mom.report.client\src\MyMod\crys_the_swarm_reborn.SC2Mod\原始mod\Mods\XM\XMFinal.SC2Mod\Base.SC2Data\GameData\ValidatorData.xml	added_or_newer_duplicate
NotHaveStukovInfestStructureAny	CValidatorCombine	游戏数据/官方SC2原始文本镜像/mods/starcoop/starcoop.sc2mod/base.sc2data/gamedata/validatordata.xml	D:\MyWork\新建文件夹\mom.report.client\src\MyMod\crys_the_swarm_reborn.SC2Mod\原始mod\Mods\XM\XMFinal.SC2Mod\Base.SC2Data\GameData\ValidatorData.xml	added_or_newer_duplicate
NotHaveZeratulArtifactUpgradeTier1C	CValidatorPlayerRequirement	游戏数据/官方SC2原始文本镜像/mods/starcoop/starcoop.sc2mod/base.sc2data/gamedata/commanders/futurecommanders.xml	D:\MyWork\新建文件夹\mom.report.client\src\MyMod\crys_the_swarm_reborn.SC2Mod\原始mod\Mods\XM\XMFinal.SC2Mod\Base.SC2Data\GameData\ValidatorData.xml	added_or_newer_duplicate
NotOverseer	CValidatorUnitType	游戏数据/官方SC2原始文本镜像/mods/starcoop/starcoop.sc2mod/base.sc2data/gamedata/validatordata.xml	D:\MyWork\新建文件夹\mom.report.client\src\MyMod\crys_the_swarm_reborn.SC2Mod\原始mod\Mods\XM\XMFinal.SC2Mod\Base.SC2Data\GameData\ValidatorData.xml	skipped_existing
NotToxicNest	CValidatorUnitType	游戏数据/官方SC2原始文本镜像/mods/starcoop/starcoop.sc2mod/base.sc2data/gamedata/validatordata.xml	D:\MyWork\新建文件夹\mom.report.client\src\MyMod\crys_the_swarm_reborn.SC2Mod\原始mod\Mods\XM\XMFinal.SC2Mod\Base.SC2Data\GameData\ValidatorData.xml	added_or_newer_duplicate
NotToxicNestBurrowed	CValidatorUnitType	游戏数据/官方SC2原始文本镜像/mods/starcoop/starcoop.sc2mod/base.sc2data/gamedata/validatordata.xml	D:\MyWork\新建文件夹\mom.report.client\src\MyMod\crys_the_swarm_reborn.SC2Mod\原始mod\Mods\XM\XMFinal.SC2Mod\Base.SC2Data\GameData\ValidatorData.xml	added_or_newer_duplicate
NotUnfinishedDrakkenLaserDrill	CValidatorUnitType	游戏数据/官方SC2原始文本镜像/mods/starcoop/starcoop.sc2mod/base.sc2data/gamedata/validatordata.xml	D:\MyWork\新建文件夹\mom.report.client\src\MyMod\crys_the_swarm_reborn.SC2Mod\原始mod\Mods\XM\XMFinal.SC2Mod\Base.SC2Data\GameData\ValidatorData.xml	added_or_newer_duplicate
NotUnrepairable	CValidatorUnitCompareBehaviorCount	游戏数据/官方SC2原始文本镜像/mods/starcoop/starcoop.sc2mod/base.sc2data/gamedata/validatordata.xml	D:\MyWork\新建文件夹\mom.report.client\src\MyMod\crys_the_swarm_reborn.SC2Mod\原始mod\Mods\XM\XMFinal.SC2Mod\Base.SC2Data\GameData\ValidatorData.xml	added_or_newer_duplicate
NovaBladeDanceCheck	CValidatorLocationEnumArea	游戏数据/官方SC2原始文本镜像/mods/starcoop/starcoop.sc2mod/base.sc2data/gamedata/validatordata.xml	D:\MyWork\新建文件夹\mom.report.client\src\MyMod\crys_the_swarm_reborn.SC2Mod\原始mod\Mods\XM\XMFinal.SC2Mod\Base.SC2Data\GameData\ValidatorData.xml	added_or_newer_duplicate
SIStukovInfestStructureFriendlyTarget	CValidatorUnitFilters	游戏数据/官方SC2原始文本镜像/mods/starcoop/starcoop.sc2mod/base.sc2data/gamedata/validatordata.xml	D:\MyWork\新建文件夹\mom.report.client\src\MyMod\crys_the_swarm_reborn.SC2Mod\原始mod\Mods\XM\XMFinal.SC2Mod\Base.SC2Data\GameData\ValidatorData.xml	added_or_newer_duplicate
StetmannStetelliteChargesUsed1	CValidatorUnitCompareChargeUsed	游戏数据/官方SC2原始文本镜像/mods/starcoop/commanders/egonstetmann.sc2mod/base.sc2data/gamedata/validatordata.xml	D:\MyWork\新建文件夹\mom.report.client\src\MyMod\crys_the_swarm_reborn.SC2Mod\原始mod\Mods\XM\XMFinal.SC2Mod\Base.SC2Data\GameData\ValidatorData.xml	added_or_newer_duplicate
StetmannStetelliteChargesUsed2	CValidatorUnitCompareChargeUsed	游戏数据/官方SC2原始文本镜像/mods/starcoop/commanders/egonstetmann.sc2mod/base.sc2data/gamedata/validatordata.xml	D:\MyWork\新建文件夹\mom.report.client\src\MyMod\crys_the_swarm_reborn.SC2Mod\原始mod\Mods\XM\XMFinal.SC2Mod\Base.SC2Data\GameData\ValidatorData.xml	added_or_newer_duplicate
StetmannStetelliteChargesUsed3	CValidatorUnitCompareChargeUsed	游戏数据/官方SC2原始文本镜像/mods/starcoop/commanders/egonstetmann.sc2mod/base.sc2data/gamedata/validatordata.xml	D:\MyWork\新建文件夹\mom.report.client\src\MyMod\crys_the_swarm_reborn.SC2Mod\原始mod\Mods\XM\XMFinal.SC2Mod\Base.SC2Data\GameData\ValidatorData.xml	added_or_newer_duplicate
StetmannStetelliteChargesUsed4	CValidatorUnitCompareChargeUsed	游戏数据/官方SC2原始文本镜像/mods/starcoop/commanders/egonstetmann.sc2mod/base.sc2data/gamedata/validatordata.xml	D:\MyWork\新建文件夹\mom.report.client\src\MyMod\crys_the_swarm_reborn.SC2Mod\原始mod\Mods\XM\XMFinal.SC2Mod\Base.SC2Data\GameData\ValidatorData.xml	added_or_newer_duplicate
StetmannStetelliteChargesUsed5	CValidatorUnitCompareChargeUsed	游戏数据/官方SC2原始文本镜像/mods/starcoop/commanders/egonstetmann.sc2mod/base.sc2data/gamedata/validatordata.xml	D:\MyWork\新建文件夹\mom.report.client\src\MyMod\crys_the_swarm_reborn.SC2Mod\原始mod\Mods\XM\XMFinal.SC2Mod\Base.SC2Data\GameData\ValidatorData.xml	added_or_newer_duplicate
StetmannStetelliteChargesUsed6	CValidatorUnitCompareChargeUsed	游戏数据/官方SC2原始文本镜像/mods/starcoop/commanders/egonstetmann.sc2mod/base.sc2data/gamedata/validatordata.xml	D:\MyWork\新建文件夹\mom.report.client\src\MyMod\crys_the_swarm_reborn.SC2Mod\原始mod\Mods\XM\XMFinal.SC2Mod\Base.SC2Data\GameData\ValidatorData.xml	added_or_newer_duplicate
StetmannStetelliteChargesUsed7	CValidatorUnitCompareChargeUsed	游戏数据/官方SC2原始文本镜像/mods/starcoop/commanders/egonstetmann.sc2mod/base.sc2data/gamedata/validatordata.xml	D:\MyWork\新建文件夹\mom.report.client\src\MyMod\crys_the_swarm_reborn.SC2Mod\原始mod\Mods\XM\XMFinal.SC2Mod\Base.SC2Data\GameData\ValidatorData.xml	added_or_newer_duplicate
TargetHas25Energy	CValidatorUnitCompareVital	游戏数据/官方SC2原始文本镜像/mods/starcoop/starcoop.sc2mod/base.sc2data/gamedata/validatordata.xml	D:\MyWork\新建文件夹\mom.report.client\src\MyMod\crys_the_swarm_reborn.SC2Mod\原始mod\Mods\XM\XMFinal.SC2Mod\Base.SC2Data\GameData\ValidatorData.xml	added_or_newer_duplicate
TargetIsNotNonCommanderAlly	CValidatorCombine	游戏数据/官方SC2原始文本镜像/mods/starcoop/starcoop.sc2mod/base.sc2data/gamedata/validatordata.xml	D:\MyWork\新建文件夹\mom.report.client\src\MyMod\crys_the_swarm_reborn.SC2Mod\原始mod\Mods\XM\XMFinal.SC2Mod\Base.SC2Data\GameData\ValidatorData.xml	added_or_newer_duplicate
TargetNotSummonedUnit	CValidatorUnitFilters	游戏数据/官方SC2原始文本镜像/mods/starcoop/starcoop.sc2mod/base.sc2data/gamedata/validatordata.xml	D:\MyWork\新建文件夹\mom.report.client\src\MyMod\crys_the_swarm_reborn.SC2Mod\原始mod\Mods\XM\XMFinal.SC2Mod\Base.SC2Data\GameData\ValidatorData.xml	added_or_newer_duplicate
TelbrusPsiStormMinimum3EnemyTargets	CValidatorLocationEnumArea	游戏数据/官方SC2原始文本镜像/mods/starcoop/starcoop.sc2mod/base.sc2data/gamedata/commanders/futurecommanders.xml	D:\MyWork\新建文件夹\mom.report.client\src\MyMod\crys_the_swarm_reborn.SC2Mod\原始mod\Mods\XM\XMFinal.SC2Mod\Base.SC2Data\GameData\ValidatorData.xml	added_or_newer_duplicate
TopBarMasteryRequirement	CValidatorPlayerRequirement	游戏数据/官方SC2原始文本镜像/mods/starcoop/starcoop.sc2mod/base.sc2data/gamedata/validatordata.xml	D:\MyWork\新建文件夹\mom.report.client\src\MyMod\crys_the_swarm_reborn.SC2Mod\原始mod\Mods\XM\XMFinal.SC2Mod\Base.SC2Data\GameData\ValidatorData.xml	added_or_newer_duplicate
TychusTransportPickupMinimum	CValidatorLocationEnumArea	游戏数据/官方SC2原始文本镜像/mods/starcoop/starcoop.sc2mod/base.sc2data/gamedata/commanders/commandertychus.xml	D:\MyWork\新建文件夹\mom.report.client\src\MyMod\crys_the_swarm_reborn.SC2Mod\原始mod\Mods\XM\XMFinal.SC2Mod\Base.SC2Data\GameData\ValidatorData.xml	added_or_newer_duplicate
ZeratulSuppressionCrystalSuppressionBuilding	CValidatorUnitCompareBehaviorCount	游戏数据/官方SC2原始文本镜像/mods/starcoop/starcoop.sc2mod/base.sc2data/gamedata/commanders/futurecommanders.xml	D:\MyWork\新建文件夹\mom.report.client\src\MyMod\crys_the_swarm_reborn.SC2Mod\原始mod\Mods\XM\XMFinal.SC2Mod\Base.SC2Data\GameData\ValidatorData.xml	added_or_newer_duplicate
AlarakStructureOvercharge	CWeaponLegacy	游戏数据/官方SC2原始文本镜像/mods/starcoop/starcoop.sc2mod/base.sc2data/gamedata/weapondata.xml	D:\MyWork\新建文件夹\mom.report.client\src\MyMod\crys_the_swarm_reborn.SC2Mod\原始mod\Mods\XM\XMFinal.SC2Mod\Base.SC2Data\GameData\WeaponData.xml	skipped_existing
ApocaliskBlades	CWeaponLegacy	游戏数据/官方SC2原始文本镜像/mods/starcoop/starcoop.sc2mod/base.sc2data/gamedata/weapondata.xml	D:\MyWork\新建文件夹\mom.report.client\src\MyMod\crys_the_swarm_reborn.SC2Mod\原始mod\Mods\XM\XMFinal.SC2Mod\Base.SC2Data\GameData\WeaponData.xml	added_or_newer_duplicate
ATALaserBatteryDummy	CWeaponLegacy	游戏数据/官方SC2原始文本镜像/mods/starcoop/starcoop.sc2mod/base.sc2data/gamedata/weapondata.xml	D:\MyWork\新建文件夹\mom.report.client\src\MyMod\crys_the_swarm_reborn.SC2Mod\原始mod\Mods\XM\XMFinal.SC2Mod\Base.SC2Data\GameData\WeaponData.xml	skipped_existing
ATSLaserBatteryDummy	CWeaponLegacy	游戏数据/官方SC2原始文本镜像/mods/starcoop/starcoop.sc2mod/base.sc2data/gamedata/weapondata.xml	D:\MyWork\新建文件夹\mom.report.client\src\MyMod\crys_the_swarm_reborn.SC2Mod\原始mod\Mods\XM\XMFinal.SC2Mod\Base.SC2Data\GameData\WeaponData.xml	skipped_existing
Banshee_BlackOps	CWeaponLegacy	游戏数据/官方SC2原始文本镜像/mods/starcoop/starcoop.sc2mod/base.sc2data/gamedata/weapondata.xml	D:\MyWork\新建文件夹\mom.report.client\src\MyMod\crys_the_swarm_reborn.SC2Mod\原始mod\Mods\XM\XMFinal.SC2Mod\Base.SC2Data\GameData\WeaponData.xml	skipped_existing
CommanderPrestigeArtanisOrbitalStrikesArchon	CWeaponLegacy	游戏数据/官方SC2原始文本镜像/mods/starcoop/starcoop.sc2mod/base.sc2data/gamedata/weapondata.xml	D:\MyWork\新建文件夹\mom.report.client\src\MyMod\crys_the_swarm_reborn.SC2Mod\原始mod\Mods\XM\XMFinal.SC2Mod\Base.SC2Data\GameData\WeaponData.xml	added_or_newer_duplicate
DarkArchonHeroWeapon	CWeaponLegacy	游戏数据/官方SC2原始文本镜像/mods/starcoop/starcoop.sc2mod/base.sc2data/gamedata/commanders/futurecommanders.xml	D:\MyWork\新建文件夹\mom.report.client\src\MyMod\crys_the_swarm_reborn.SC2Mod\原始mod\Mods\XM\XMFinal.SC2Mod\Base.SC2Data\GameData\WeaponData.xml	added_or_newer_duplicate
DehakaNydusDestroyerTimedNoFoodWeapon	CWeaponLegacy	游戏数据/官方SC2原始文本镜像/mods/starcoop/starcoop.sc2mod/base.sc2data/gamedata/weapondata.xml	D:\MyWork\新建文件夹\mom.report.client\src\MyMod\crys_the_swarm_reborn.SC2Mod\原始mod\Mods\XM\XMFinal.SC2Mod\Base.SC2Data\GameData\WeaponData.xml	added_or_newer_duplicate
KelMorianAutoTurret	CWeaponLegacy	游戏数据/官方SC2原始文本镜像/mods/starcoop/starcoop.sc2mod/base.sc2data/gamedata/weapondata.xml	D:\MyWork\新建文件夹\mom.report.client\src\MyMod\crys_the_swarm_reborn.SC2Mod\原始mod\Mods\XM\XMFinal.SC2Mod\Base.SC2Data\GameData\WeaponData.xml	added_or_newer_duplicate
Locust	CWeaponLegacy	游戏数据/官方SC2原始文本镜像/mods/starcoop/starcoop.sc2mod/base.sc2data/gamedata/weapondata.xml	D:\MyWork\新建文件夹\mom.report.client\src\MyMod\crys_the_swarm_reborn.SC2Mod\原始mod\Mods\XM\XMFinal.SC2Mod\Base.SC2Data\GameData\WeaponData.xml	added_or_newer_duplicate
Nova	CWeaponLegacy	游戏数据/官方SC2原始文本镜像/mods/starcoop/starcoop.sc2mod/base.sc2data/gamedata/weapondata.xml	D:\MyWork\新建文件夹\mom.report.client\src\MyMod\crys_the_swarm_reborn.SC2Mod\原始mod\Mods\XM\XMFinal.SC2Mod\Base.SC2Data\GameData\WeaponData.xml	added_or_newer_duplicate
NovaWeaponPsiBlade	CWeaponLegacy	游戏数据/官方SC2原始文本镜像/mods/starcoop/starcoop.sc2mod/base.sc2data/gamedata/weapondata.xml	D:\MyWork\新建文件夹\mom.report.client\src\MyMod\crys_the_swarm_reborn.SC2Mod\原始mod\Mods\XM\XMFinal.SC2Mod\Base.SC2Data\GameData\WeaponData.xml	added_or_newer_duplicate
Odin	CWeaponLegacy	游戏数据/官方SC2原始文本镜像/mods/starcoop/starcoop.sc2mod/base.sc2data/gamedata/weapondata.xml	D:\MyWork\新建文件夹\mom.report.client\src\MyMod\crys_the_swarm_reborn.SC2Mod\原始mod\Mods\XM\XMFinal.SC2Mod\Base.SC2Data\GameData\WeaponData.xml	added_or_newer_duplicate
OdinAntiAir	CWeaponLegacy	游戏数据/官方SC2原始文本镜像/mods/starcoop/starcoop.sc2mod/base.sc2data/gamedata/commanders/commandertychus.xml	D:\MyWork\新建文件夹\mom.report.client\src\MyMod\crys_the_swarm_reborn.SC2Mod\原始mod\Mods\XM\XMFinal.SC2Mod\Base.SC2Data\GameData\WeaponData.xml	added_or_newer_duplicate
OdinMKII	CWeaponLegacy	游戏数据/官方SC2原始文本镜像/mods/starcoop/starcoop.sc2mod/base.sc2data/gamedata/weapondata.xml	D:\MyWork\新建文件夹\mom.report.client\src\MyMod\crys_the_swarm_reborn.SC2Mod\原始mod\Mods\XM\XMFinal.SC2Mod\Base.SC2Data\GameData\WeaponData.xml	added_or_newer_duplicate
OdinMKIIAntiAir	CWeaponLegacy	游戏数据/官方SC2原始文本镜像/mods/starcoop/starcoop.sc2mod/base.sc2data/gamedata/weapondata.xml	D:\MyWork\新建文件夹\mom.report.client\src\MyMod\crys_the_swarm_reborn.SC2Mod\原始mod\Mods\XM\XMFinal.SC2Mod\Base.SC2Data\GameData\WeaponData.xml	added_or_newer_duplicate
PsiDischarge	CWeaponLegacy	游戏数据/官方SC2原始文本镜像/mods/starcoop/starcoop.sc2mod/base.sc2data/gamedata/weapondata.xml	D:\MyWork\新建文件夹\mom.report.client\src\MyMod\crys_the_swarm_reborn.SC2Mod\原始mod\Mods\XM\XMFinal.SC2Mod\Base.SC2Data\GameData\WeaponData.xml	added_or_newer_duplicate
SOAMothershipLineAttack	CWeaponLegacy	游戏数据/官方SC2原始文本镜像/mods/starcoop/starcoop.sc2mod/base.sc2data/gamedata/weapondata.xml	D:\MyWork\新建文件夹\mom.report.client\src\MyMod\crys_the_swarm_reborn.SC2Mod\原始mod\Mods\XM\XMFinal.SC2Mod\Base.SC2Data\GameData\WeaponData.xml	added_or_newer_duplicate
StukovAleksanderInfestedCannon	CWeaponLegacy	游戏数据/官方SC2原始文本镜像/mods/starcoop/starcoop.sc2mod/base.sc2data/gamedata/weapondata.xml	D:\MyWork\新建文件夹\mom.report.client\src\MyMod\crys_the_swarm_reborn.SC2Mod\原始mod\Mods\XM\XMFinal.SC2Mod\Base.SC2Data\GameData\WeaponData.xml	added_or_newer_duplicate
StukovAleksanderTentacleDisplayWeapon	CWeaponLegacy	游戏数据/官方SC2原始文本镜像/mods/starcoop/starcoop.sc2mod/base.sc2data/gamedata/weapondata.xml	D:\MyWork\新建文件夹\mom.report.client\src\MyMod\crys_the_swarm_reborn.SC2Mod\原始mod\Mods\XM\XMFinal.SC2Mod\Base.SC2Data\GameData\WeaponData.xml	added_or_newer_duplicate
SuperGaryStetmannGun	CWeaponLegacy	游戏数据/官方SC2原始文本镜像/mods/starcoop/commanders/egonstetmann.sc2mod/base.sc2data/gamedata/weapondata.xml	D:\MyWork\新建文件夹\mom.report.client\src\MyMod\crys_the_swarm_reborn.SC2Mod\原始mod\Mods\XM\XMFinal.SC2Mod\Base.SC2Data\GameData\WeaponData.xml	added_or_newer_duplicate
SwitchLaserBattery	CWeaponLegacy	游戏数据/官方SC2原始文本镜像/mods/starcoop/starcoop.sc2mod/base.sc2data/gamedata/weapondata.xml	D:\MyWork\新建文件夹\mom.report.client\src\MyMod\crys_the_swarm_reborn.SC2Mod\原始mod\Mods\XM\XMFinal.SC2Mod\Base.SC2Data\GameData\WeaponData.xml	skipped_existing
TychusGhost	CWeaponLegacy	游戏数据/官方SC2原始文本镜像/mods/starcoop/starcoop.sc2mod/base.sc2data/gamedata/commanders/commandertychus.xml	D:\MyWork\新建文件夹\mom.report.client\src\MyMod\crys_the_swarm_reborn.SC2Mod\原始mod\Mods\XM\XMFinal.SC2Mod\Base.SC2Data\GameData\WeaponData.xml	added_or_newer_duplicate
TychusSpectre	CWeaponLegacy	游戏数据/官方SC2原始文本镜像/mods/starcoop/starcoop.sc2mod/base.sc2data/gamedata/commanders/commandertychus.xml	D:\MyWork\新建文件夹\mom.report.client\src\MyMod\crys_the_swarm_reborn.SC2Mod\原始mod\Mods\XM\XMFinal.SC2Mod\Base.SC2Data\GameData\WeaponData.xml	added_or_newer_duplicate
Vulture	CWeaponLegacy	游戏数据/官方SC2原始文本镜像/mods/starcoop/starcoop.sc2mod/base.sc2data/gamedata/weapondata.xml	D:\MyWork\新建文件夹\mom.report.client\src\MyMod\crys_the_swarm_reborn.SC2Mod\原始mod\Mods\XM\XMFinal.SC2Mod\Base.SC2Data\GameData\WeaponData.xml	added_or_newer_duplicate
YagdraFireballWeapon	CWeaponLegacy	游戏数据/官方SC2原始文本镜像/mods/starcoop/starcoop.sc2mod/base.sc2data/gamedata/weapondata.xml	D:\MyWork\新建文件夹\mom.report.client\src\MyMod\crys_the_swarm_reborn.SC2Mod\原始mod\Mods\XM\XMFinal.SC2Mod\Base.SC2Data\GameData\WeaponData.xml	added_or_newer_duplicate
YagdraFirebreath	CWeaponLegacy	游戏数据/官方SC2原始文本镜像/mods/starcoop/starcoop.sc2mod/base.sc2data/gamedata/weapondata.xml	D:\MyWork\新建文件夹\mom.report.client\src\MyMod\crys_the_swarm_reborn.SC2Mod\原始mod\Mods\XM\XMFinal.SC2Mod\Base.SC2Data\GameData\WeaponData.xml	added_or_newer_duplicate
ZagaraVoidCoopRanged	CWeaponLegacy	游戏数据/官方SC2原始文本镜像/mods/starcoop/starcoop.sc2mod/base.sc2data/gamedata/weapondata.xml	D:\MyWork\新建文件夹\mom.report.client\src\MyMod\crys_the_swarm_reborn.SC2Mod\原始mod\Mods\XM\XMFinal.SC2Mod\Base.SC2Data\GameData\WeaponData.xml	added_or_newer_duplicate
ZeratulKhaydarinBeam	CWeaponLegacy	游戏数据/官方SC2原始文本镜像/mods/starcoop/starcoop.sc2mod/base.sc2data/gamedata/commanders/futurecommanders.xml	D:\MyWork\新建文件夹\mom.report.client\src\MyMod\crys_the_swarm_reborn.SC2Mod\原始mod\Mods\XM\XMFinal.SC2Mod\Base.SC2Data\GameData\WeaponData.xml	added_or_newer_duplicate
ZeratulSummonKarassPsiDischarge	CWeaponLegacy	游戏数据/官方SC2原始文本镜像/mods/starcoop/starcoop.sc2mod/base.sc2data/gamedata/commanders/futurecommanders.xml	D:\MyWork\新建文件夹\mom.report.client\src\MyMod\crys_the_swarm_reborn.SC2Mod\原始mod\Mods\XM\XMFinal.SC2Mod\Base.SC2Data\GameData\WeaponData.xml	added_or_newer_duplicate
ZeratulSuppressionCrystalDummyWeapon	CWeaponLegacy	游戏数据/官方SC2原始文本镜像/mods/starcoop/starcoop.sc2mod/base.sc2data/gamedata/commanders/futurecommanders.xml	D:\MyWork\新建文件夹\mom.report.client\src\MyMod\crys_the_swarm_reborn.SC2Mod\原始mod\Mods\XM\XMFinal.SC2Mod\Base.SC2Data\GameData\WeaponData.xml	added_or_newer_duplicate
ZeratulXelNagaConstructCyanWeapon	CWeaponLegacy	游戏数据/官方SC2原始文本镜像/mods/starcoop/starcoop.sc2mod/base.sc2data/gamedata/commanders/futurecommanders.xml	D:\MyWork\新建文件夹\mom.report.client\src\MyMod\crys_the_swarm_reborn.SC2Mod\原始mod\Mods\XM\XMFinal.SC2Mod\Base.SC2Data\GameData\WeaponData.xml	added_or_newer_duplicate
ZeratulXelNagaConstructWeapon	CWeaponLegacy	游戏数据/官方SC2原始文本镜像/mods/starcoop/starcoop.sc2mod/base.sc2data/gamedata/commanders/futurecommanders.xml	D:\MyWork\新建文件夹\mom.report.client\src\MyMod\crys_the_swarm_reborn.SC2Mod\原始mod\Mods\XM\XMFinal.SC2Mod\Base.SC2Data\GameData\WeaponData.xml	added_or_newer_duplicate
GaryStetmann	CCharacter	游戏数据/官方SC2原始文本镜像/mods/starcoop/starcoop.sc2mod/base.sc2data/gamedata/characterdata.xml	D:\MyWork\新建文件夹\mom.report.client\src\MyMod\crys_the_swarm_reborn.SC2Mod\原始mod\Mods\XM\XMFinal.SC2Mod\Base.SC2Data\GameData\characterdata.xml	added_or_newer_duplicate
Tychus	CCharacter	游戏数据/官方SC2原始文本镜像/mods/starcoop/starcoop.sc2mod/base.sc2data/gamedata/characterdata.xml	D:\MyWork\新建文件夹\mom.report.client\src\MyMod\crys_the_swarm_reborn.SC2Mod\原始mod\Mods\XM\XMFinal.SC2Mod\Base.SC2Data\GameData\characterdata.xml	added_or_newer_duplicate
FS_Walk_TychusOdin	CSound	游戏数据/官方SC2原始文本镜像/mods/starcoop/starcoop.sc2mod/base.sc2data/gamedata/commanders/commandertychus.xml	D:\MyWork\新建文件夹\mom.report.client\src\MyMod\crys_the_swarm_reborn.SC2Mod\原始mod\Mods\XM\XMFinal.SC2Mod\Base.SC2Data\GameData\commanders\commandertychus.xml	added_or_newer_duplicate
OdinMKIIDeath_Explosion	CSound	游戏数据/官方SC2原始文本镜像/mods/starcoop/starcoop.sc2mod/base.sc2data/gamedata/commanders/commandertychus.xml	D:\MyWork\新建文件夹\mom.report.client\src\MyMod\crys_the_swarm_reborn.SC2Mod\原始mod\Mods\XM\XMFinal.SC2Mod\Base.SC2Data\GameData\commanders\commandertychus.xml	added_or_newer_duplicate
OdinMKIIDeath_Metal_BoltBlow	CSound	游戏数据/官方SC2原始文本镜像/mods/starcoop/starcoop.sc2mod/base.sc2data/gamedata/commanders/commandertychus.xml	D:\MyWork\新建文件夹\mom.report.client\src\MyMod\crys_the_swarm_reborn.SC2Mod\原始mod\Mods\XM\XMFinal.SC2Mod\Base.SC2Data\GameData\commanders\commandertychus.xml	added_or_newer_duplicate
OdinMKIIDeath_MetalElec_Blast	CSound	游戏数据/官方SC2原始文本镜像/mods/starcoop/starcoop.sc2mod/base.sc2data/gamedata/commanders/commandertychus.xml	D:\MyWork\新建文件夹\mom.report.client\src\MyMod\crys_the_swarm_reborn.SC2Mod\原始mod\Mods\XM\XMFinal.SC2Mod\Base.SC2Data\GameData\commanders\commandertychus.xml	added_or_newer_duplicate
Tychus_Movement	CSound	游戏数据/官方SC2原始文本镜像/mods/starcoop/starcoop.sc2mod/base.sc2data/gamedata/commanders/commandertychus.xml	D:\MyWork\新建文件夹\mom.report.client\src\MyMod\crys_the_swarm_reborn.SC2Mod\原始mod\Mods\XM\XMFinal.SC2Mod\Base.SC2Data\GameData\commanders\commandertychus.xml	added_or_newer_duplicate
Construct_Essence_Zeratul_COOP_Portrait	CLight	游戏数据/官方SC2原始文本镜像/mods/starcoop/starcoop.sc2mod/base.sc2data/gamedata/commanders/futurecommanders.xml	D:\MyWork\新建文件夹\mom.report.client\src\MyMod\crys_the_swarm_reborn.SC2Mod\原始mod\Mods\XM\XMFinal.SC2Mod\Base.SC2Data\GameData\commanders\futurecommanders.xml	added_or_newer_duplicate
Construct_Form_Zeratul_COOP_Portrait	CLight	游戏数据/官方SC2原始文本镜像/mods/starcoop/starcoop.sc2mod/base.sc2data/gamedata/commanders/futurecommanders.xml	D:\MyWork\新建文件夹\mom.report.client\src\MyMod\crys_the_swarm_reborn.SC2Mod\原始mod\Mods\XM\XMFinal.SC2Mod\Base.SC2Data\GameData\commanders\futurecommanders.xml	added_or_newer_duplicate
DarkArchon_Zeratul_COOP_Portrait	CLight	游戏数据/官方SC2原始文本镜像/mods/starcoop/starcoop.sc2mod/base.sc2data/gamedata/commanders/futurecommanders.xml	D:\MyWork\新建文件夹\mom.report.client\src\MyMod\crys_the_swarm_reborn.SC2Mod\原始mod\Mods\XM\XMFinal.SC2Mod\Base.SC2Data\GameData\commanders\futurecommanders.xml	added_or_newer_duplicate
DarkShrine	CArmyCategory	游戏数据/官方SC2原始文本镜像/mods/starcoop/starcoop.sc2mod/base.sc2data/gamedata/commanders/futurecommanders.xml	D:\MyWork\新建文件夹\mom.report.client\src\MyMod\crys_the_swarm_reborn.SC2Mod\原始mod\Mods\XM\XMFinal.SC2Mod\Base.SC2Data\GameData\commanders\futurecommanders.xml	added_or_newer_duplicate
DarkVoice_Zeratul_COOP_Portrait	CLight	游戏数据/官方SC2原始文本镜像/mods/starcoop/starcoop.sc2mod/base.sc2data/gamedata/commanders/futurecommanders.xml	D:\MyWork\新建文件夹\mom.report.client\src\MyMod\crys_the_swarm_reborn.SC2Mod\原始mod\Mods\XM\XMFinal.SC2Mod\Base.SC2Data\GameData\commanders\futurecommanders.xml	added_or_newer_duplicate
HighTemplar_Zeratul_COOP_Portrait	CLight	游戏数据/官方SC2原始文本镜像/mods/starcoop/starcoop.sc2mod/base.sc2data/gamedata/commanders/futurecommanders.xml	D:\MyWork\新建文件夹\mom.report.client\src\MyMod\crys_the_swarm_reborn.SC2Mod\原始mod\Mods\XM\XMFinal.SC2Mod\Base.SC2Data\GameData\commanders\futurecommanders.xml	added_or_newer_duplicate
VoidRay_Zeratul_COOP_Portrait	CLight	游戏数据/官方SC2原始文本镜像/mods/starcoop/starcoop.sc2mod/base.sc2data/gamedata/commanders/futurecommanders.xml	D:\MyWork\新建文件夹\mom.report.client\src\MyMod\crys_the_swarm_reborn.SC2Mod\原始mod\Mods\XM\XMFinal.SC2Mod\Base.SC2Data\GameData\commanders\futurecommanders.xml	added_or_newer_duplicate
Footprint1x1FlyingStructure	CFootprint	游戏数据/官方SC2原始文本镜像/mods/starcoop/commanders/egonstetmann.sc2mod/base.sc2data/gamedata/footprintdata.xml	D:\MyWork\新建文件夹\mom.report.client\src\MyMod\crys_the_swarm_reborn.SC2Mod\原始mod\Mods\XM\XMFinal.SC2Mod\Base.SC2Data\GameData\footprintdata.xml	added_or_newer_duplicate
Footprint2x2CreepNormal	CFootprint	游戏数据/官方SC2原始文本镜像/mods/starcoop/starcoop.sc2mod/base.sc2data/gamedata/footprintdata.xml	D:\MyWork\新建文件夹\mom.report.client\src\MyMod\crys_the_swarm_reborn.SC2Mod\原始mod\Mods\XM\XMFinal.SC2Mod\Base.SC2Data\GameData\footprintdata.xml	skipped_existing
Footprint2x2CreepNormalContour	CFootprint	游戏数据/官方SC2原始文本镜像/mods/starcoop/starcoop.sc2mod/base.sc2data/gamedata/footprintdata.xml	D:\MyWork\新建文件夹\mom.report.client\src\MyMod\crys_the_swarm_reborn.SC2Mod\原始mod\Mods\XM\XMFinal.SC2Mod\Base.SC2Data\GameData\footprintdata.xml	skipped_existing
Footprint2x2DarkPylonCreepNormal	CFootprint	游戏数据/官方SC2原始文本镜像/mods/starcoop/starcoop.sc2mod/base.sc2data/gamedata/footprintdata.xml	D:\MyWork\新建文件夹\mom.report.client\src\MyMod\crys_the_swarm_reborn.SC2Mod\原始mod\Mods\XM\XMFinal.SC2Mod\Base.SC2Data\GameData\footprintdata.xml	skipped_existing
Footprint3x3CreepNormal	CFootprint	游戏数据/官方SC2原始文本镜像/mods/starcoop/starcoop.sc2mod/base.sc2data/gamedata/footprintdata.xml	D:\MyWork\新建文件夹\mom.report.client\src\MyMod\crys_the_swarm_reborn.SC2Mod\原始mod\Mods\XM\XMFinal.SC2Mod\Base.SC2Data\GameData\footprintdata.xml	added_or_newer_duplicate
Footprint3x3CreepNormalContour	CFootprint	游戏数据/官方SC2原始文本镜像/mods/starcoop/starcoop.sc2mod/base.sc2data/gamedata/footprintdata.xml	D:\MyWork\新建文件夹\mom.report.client\src\MyMod\crys_the_swarm_reborn.SC2Mod\原始mod\Mods\XM\XMFinal.SC2Mod\Base.SC2Data\GameData\footprintdata.xml	added_or_newer_duplicate
Placeholder	CLocation	游戏数据/官方SC2原始文本镜像/mods/starcoop/starcoop.sc2mod/base.sc2data/gamedata/locationdata.xml	D:\MyWork\新建文件夹\mom.report.client\src\MyMod\crys_the_swarm_reborn.SC2Mod\原始mod\Mods\XM\XMFinal.SC2Mod\Base.SC2Data\GameData\locationdata.xml	added_or_newer_duplicate
CommanderPrestigeTychusOdin	CSkin	游戏数据/官方SC2原始文本镜像/mods/starcoop/starcoop.sc2mod/base.sc2data/gamedata/skindata.xml	D:\MyWork\新建文件夹\mom.report.client\src\MyMod\crys_the_swarm_reborn.SC2Mod\原始mod\Mods\XM\XMFinal.SC2Mod\Base.SC2Data\GameData\skindata.xml	added_or_newer_duplicate
Dakrun	CSoundExclusivity	游戏数据/官方SC2原始文本镜像/mods/starcoop/starcoop.sc2mod/base.sc2data/gamedata/soundexclusivitydata.xml	D:\MyWork\新建文件夹\mom.report.client\src\MyMod\crys_the_swarm_reborn.SC2Mod\原始mod\Mods\XM\XMFinal.SC2Mod\Base.SC2Data\GameData\soundexclusivitydata.xml	added_or_newer_duplicate
